entry,at,order
"The player ""woolball @ oMsP5L3lJa"" quits the game with a stack of 0.",2026-09-01T02:12:10.310Z,178822873031000
"-- ending hand #252 --",2026-09-01T02:12:04.307Z,178822872430701
"""LingWae @ FQN9hzhzP_"" collected 5368 from pot with Two Pair, 4's & 2's (combination: 9♦, 2♠, 2♣, 4♣, 4♥)",2026-09-01T02:12:04.307Z,178822872430700
"River: 2♠, 9♦, 3♠, 2♣ [6♥]",2026-09-01T02:12:00.269Z,178822872026900
"Turn: 2♠, 9♦, 3♠ [2♣]",2026-09-01T02:11:56.195Z,178822871619500
"Flop:  [2♠, 9♦, 3♠]",2026-09-01T02:11:52.149Z,178822871214900
"""woolball @ oMsP5L3lJa"" shows a K♣, Q♣.",2026-09-01T02:11:48.050Z,178822870805002
"""LingWae @ FQN9hzhzP_"" shows a 4♣, 4♥.",2026-09-01T02:11:48.050Z,178822870805001
"Uncalled bet of 182 returned to ""LingWae @ FQN9hzhzP_""",2026-09-01T02:11:48.050Z,178822870805000
"Some players choose to not run it twice.",2026-09-01T02:11:47.227Z,178822870722701
"""woolball @ oMsP5L3lJa"" chooses to not run it twice.",2026-09-01T02:11:47.227Z,178822870722700
"Remaining players decide whether to run it twice.",2026-09-01T02:11:46.127Z,178822870612701
"""woolball @ oMsP5L3lJa"" calls 2684 and go all in",2026-09-01T02:11:46.127Z,178822870612700
"""LingWae @ FQN9hzhzP_"" raises to 2866 and go all in",2026-09-01T02:11:44.906Z,178822870490600
"""woolball @ oMsP5L3lJa"" posts a big blind of 10",2026-09-01T02:11:42.298Z,178822870229805
"""LingWae @ FQN9hzhzP_"" posts a small blind of 5",2026-09-01T02:11:42.298Z,178822870229804
"Player stacks: #2 ""LingWae @ FQN9hzhzP_"" (2866) | #10 ""woolball @ oMsP5L3lJa"" (2684)",2026-09-01T02:11:42.298Z,178822870229801
"-- starting hand #252 (id: a02odm2jqqdy)  No Limit Texas Hold'em (dealer: ""LingWae @ FQN9hzhzP_"") --",2026-09-01T02:11:42.298Z,178822870229800
"""LingWae @ FQN9hzhzP_"" shows a 5♣, Q♠.",2026-09-01T02:11:38.022Z,178822869802200
"-- ending hand #251 --",2026-09-01T02:11:35.787Z,178822869578702
"""woolball @ oMsP5L3lJa"" collected 1734 from pot with Pair, Q's (combination: 8♦, 9♠, 10♥, Q♥, Q♦)",2026-09-01T02:11:35.787Z,178822869578701
"""woolball @ oMsP5L3lJa"" shows a 10♥, Q♥.",2026-09-01T02:11:35.787Z,178822869578700
"""LingWae @ FQN9hzhzP_"" calls 450",2026-09-01T02:11:34.948Z,178822869494800
"""woolball @ oMsP5L3lJa"" bets 450",2026-09-01T02:11:33.984Z,178822869398400
"""LingWae @ FQN9hzhzP_"" checks",2026-09-01T02:11:31.373Z,178822869137300
"River: Q♦, 8♦, 7♠, 4♣ [9♠]",2026-09-01T02:11:28.977Z,178822868897700
"""woolball @ oMsP5L3lJa"" calls 250",2026-09-01T02:11:28.111Z,178822868811100
"""LingWae @ FQN9hzhzP_"" bets 250",2026-09-01T02:11:27.175Z,178822868717500
"Turn: Q♦, 8♦, 7♠ [4♣]",2026-09-01T02:11:24.897Z,178822868489700
"""woolball @ oMsP5L3lJa"" calls 100",2026-09-01T02:11:24.094Z,178822868409400
"""LingWae @ FQN9hzhzP_"" bets 100",2026-09-01T02:11:22.670Z,178822868267000
"Flop:  [Q♦, 8♦, 7♠]",2026-09-01T02:11:19.200Z,178822867920000
"""woolball @ oMsP5L3lJa"" calls 67",2026-09-01T02:11:18.367Z,178822867836700
"""LingWae @ FQN9hzhzP_"" raises to 67",2026-09-01T02:11:17.407Z,178822867740700
"""woolball @ oMsP5L3lJa"" calls 10",2026-09-01T02:11:15.157Z,178822867515700
"""LingWae @ FQN9hzhzP_"" posts a big blind of 10",2026-09-01T02:11:13.363Z,178822867336305
"""woolball @ oMsP5L3lJa"" posts a small blind of 5",2026-09-01T02:11:13.363Z,178822867336304
"Player stacks: #2 ""LingWae @ FQN9hzhzP_"" (3733) | #10 ""woolball @ oMsP5L3lJa"" (1817)",2026-09-01T02:11:13.363Z,178822867336301
"-- starting hand #251 (id: 7bcreyrzieel)  No Limit Texas Hold'em (dealer: ""woolball @ oMsP5L3lJa"") --",2026-09-01T02:11:13.363Z,178822867336300
"""woolball @ oMsP5L3lJa"" shows a 9♦.",2026-09-01T02:11:09.869Z,178822866986900
"-- ending hand #250 --",2026-09-01T02:11:06.759Z,178822866675902
"""LingWae @ FQN9hzhzP_"" collected 20 from pot",2026-09-01T02:11:06.759Z,178822866675901
"Uncalled bet of 20 returned to ""LingWae @ FQN9hzhzP_""",2026-09-01T02:11:06.759Z,178822866675900
"""woolball @ oMsP5L3lJa"" folds",2026-09-01T02:11:05.901Z,178822866590100
"""LingWae @ FQN9hzhzP_"" raises to 30",2026-09-01T02:11:04.267Z,178822866426700
"""woolball @ oMsP5L3lJa"" posts a big blind of 10",2026-09-01T02:11:00.800Z,178822866080005
"""LingWae @ FQN9hzhzP_"" posts a small blind of 5",2026-09-01T02:11:00.800Z,178822866080004
"Player stacks: #2 ""LingWae @ FQN9hzhzP_"" (3723) | #10 ""woolball @ oMsP5L3lJa"" (1827)",2026-09-01T02:11:00.800Z,178822866080001
"-- starting hand #250 (id: ofzxnw0inngg)  No Limit Texas Hold'em (dealer: ""LingWae @ FQN9hzhzP_"") --",2026-09-01T02:11:00.800Z,178822866080000
"-- ending hand #249 --",2026-09-01T02:10:54.873Z,178822865487302
"""woolball @ oMsP5L3lJa"" collected 160 from pot",2026-09-01T02:10:54.873Z,178822865487301
"Uncalled bet of 80 returned to ""woolball @ oMsP5L3lJa""",2026-09-01T02:10:54.873Z,178822865487300
"""LingWae @ FQN9hzhzP_"" folds",2026-09-01T02:10:54.014Z,178822865401400
"""woolball @ oMsP5L3lJa"" raises to 120",2026-09-01T02:10:52.295Z,178822865229500
"""LingWae @ FQN9hzhzP_"" bets 40",2026-09-01T02:10:50.218Z,178822865021800
"Turn: J♥, 9♦, 7♣ [A♦]",2026-09-01T02:10:43.395Z,178822864339500
"""woolball @ oMsP5L3lJa"" checks",2026-09-01T02:10:42.583Z,178822864258300
"""LingWae @ FQN9hzhzP_"" checks",2026-09-01T02:10:41.483Z,178822864148300
"Flop:  [J♥, 9♦, 7♣]",2026-09-01T02:10:36.857Z,178822863685700
"""LingWae @ FQN9hzhzP_"" calls 40",2026-09-01T02:10:36.032Z,178822863603200
"""woolball @ oMsP5L3lJa"" raises to 40",2026-09-01T02:10:34.397Z,178822863439700
"""LingWae @ FQN9hzhzP_"" posts a big blind of 10",2026-09-01T02:10:30.389Z,178822863038905
"""woolball @ oMsP5L3lJa"" posts a small blind of 5",2026-09-01T02:10:30.389Z,178822863038904
"Player stacks: #2 ""LingWae @ FQN9hzhzP_"" (3803) | #10 ""woolball @ oMsP5L3lJa"" (1747)",2026-09-01T02:10:30.389Z,178822863038901
"-- starting hand #249 (id: 4dbwo2caa9yp)  No Limit Texas Hold'em (dealer: ""woolball @ oMsP5L3lJa"") --",2026-09-01T02:10:30.389Z,178822863038900
"-- ending hand #248 --",2026-09-01T02:10:24.476Z,178822862447602
"""LingWae @ FQN9hzhzP_"" collected 50 from pot",2026-09-01T02:10:24.476Z,178822862447601
"Uncalled bet of 25 returned to ""LingWae @ FQN9hzhzP_""",2026-09-01T02:10:24.476Z,178822862447600
"""woolball @ oMsP5L3lJa"" folds",2026-09-01T02:10:23.672Z,178822862367200
"""LingWae @ FQN9hzhzP_"" bets 25",2026-09-01T02:10:21.469Z,178822862146900
"""woolball @ oMsP5L3lJa"" checks",2026-09-01T02:10:17.191Z,178822861719100
"Flop:  [7♥, A♠, 8♦]",2026-09-01T02:10:15.688Z,178822861568800
"""woolball @ oMsP5L3lJa"" calls 25",2026-09-01T02:10:14.876Z,178822861487600
"""LingWae @ FQN9hzhzP_"" raises to 25",2026-09-01T02:09:59.705Z,178822859970500
"""woolball @ oMsP5L3lJa"" posts a big blind of 10",2026-09-01T02:09:56.187Z,178822859618705
"""LingWae @ FQN9hzhzP_"" posts a small blind of 5",2026-09-01T02:09:56.187Z,178822859618704
"Player stacks: #2 ""LingWae @ FQN9hzhzP_"" (3778) | #10 ""woolball @ oMsP5L3lJa"" (1772)",2026-09-01T02:09:56.187Z,178822859618701
"-- starting hand #248 (id: g4schc7a3tq1)  No Limit Texas Hold'em (dealer: ""LingWae @ FQN9hzhzP_"") --",2026-09-01T02:09:56.187Z,178822859618700
"-- ending hand #247 --",2026-09-01T02:09:50.177Z,178822859017701
"""woolball @ oMsP5L3lJa"" collected 1772 from pot with Three of a Kind, 5's (combination: J♠, Q♥, 5♦, 5♥, 5♠)",2026-09-01T02:09:50.177Z,178822859017700
"River: J♠, 7♦, 5♠, Q♥ [3♦]",2026-09-01T02:09:46.173Z,178822858617300
"Turn: J♠, 7♦, 5♠ [Q♥]",2026-09-01T02:09:42.148Z,178822858214800
"""woolball @ oMsP5L3lJa"" shows a 5♦, 5♥.",2026-09-01T02:09:38.085Z,178822857808502
"""LingWae @ FQN9hzhzP_"" shows a K♦, 2♥.",2026-09-01T02:09:38.085Z,178822857808501
"Uncalled bet of 14 returned to ""LingWae @ FQN9hzhzP_""",2026-09-01T02:09:38.085Z,178822857808500
"Some players choose to not run it twice.",2026-09-01T02:09:37.223Z,178822857722301
"""woolball @ oMsP5L3lJa"" chooses to not run it twice.",2026-09-01T02:09:37.223Z,178822857722300
"""LingWae @ FQN9hzhzP_"" chooses to  run it twice.",2026-09-01T02:09:37.078Z,178822857707800
"Remaining players decide whether to run it twice.",2026-09-01T02:09:35.842Z,178822857584201
"""woolball @ oMsP5L3lJa"" calls 736 and go all in",2026-09-01T02:09:35.842Z,178822857584200
"""LingWae @ FQN9hzhzP_"" raises to 750",2026-09-01T02:09:34.507Z,178822857450700
"""woolball @ oMsP5L3lJa"" raises to 350",2026-09-01T02:09:22.672Z,178822856267200
"""LingWae @ FQN9hzhzP_"" bets 167",2026-09-01T02:09:19.662Z,178822855966200
"Flop:  [J♠, 7♦, 5♠]",2026-09-01T02:09:14.986Z,178822855498600
"""LingWae @ FQN9hzhzP_"" calls 150",2026-09-01T02:09:14.146Z,178822855414600
"""woolball @ oMsP5L3lJa"" raises to 150",2026-09-01T02:09:12.471Z,178822855247100
"""LingWae @ FQN9hzhzP_"" raises to 55",2026-09-01T02:09:10.150Z,178822855015000
"""woolball @ oMsP5L3lJa"" calls 10",2026-09-01T02:09:07.453Z,178822854745300
"""LingWae @ FQN9hzhzP_"" posts a big blind of 10",2026-09-01T02:09:04.269Z,178822854426905
"""woolball @ oMsP5L3lJa"" posts a small blind of 5",2026-09-01T02:09:04.269Z,178822854426904
"Player stacks: #2 ""LingWae @ FQN9hzhzP_"" (4664) | #10 ""woolball @ oMsP5L3lJa"" (886)",2026-09-01T02:09:04.269Z,178822854426901
"-- starting hand #247 (id: qx73aefly8f5)  No Limit Texas Hold'em (dealer: ""woolball @ oMsP5L3lJa"") --",2026-09-01T02:09:04.269Z,178822854426900
"""LingWae @ FQN9hzhzP_"" shows a K♣, 4♦.",2026-09-01T02:09:00.540Z,178822854054000
"-- ending hand #246 --",2026-09-01T02:08:57.635Z,178822853763502
"""woolball @ oMsP5L3lJa"" collected 310 from pot",2026-09-01T02:08:57.635Z,178822853763501
"Uncalled bet of 100 returned to ""woolball @ oMsP5L3lJa""",2026-09-01T02:08:57.635Z,178822853763500
"""LingWae @ FQN9hzhzP_"" folds",2026-09-01T02:08:56.826Z,178822853682600
"""woolball @ oMsP5L3lJa"" raises to 200",2026-09-01T02:08:51.924Z,178822853192400
"""LingWae @ FQN9hzhzP_"" raises to 100",2026-09-01T02:08:49.354Z,178822852935400
"""woolball @ oMsP5L3lJa"" bets 50",2026-09-01T02:08:45.952Z,178822852595200
"Flop:  [2♣, J♣, 10♥]",2026-09-01T02:08:40.885Z,178822852088500
"""woolball @ oMsP5L3lJa"" calls 55",2026-09-01T02:08:40.078Z,178822852007800
"""LingWae @ FQN9hzhzP_"" raises to 55",2026-09-01T02:08:38.936Z,178822851893600
"""woolball @ oMsP5L3lJa"" posts a big blind of 10",2026-09-01T02:08:35.684Z,178822851568405
"""LingWae @ FQN9hzhzP_"" posts a small blind of 5",2026-09-01T02:08:35.684Z,178822851568404
"Player stacks: #2 ""LingWae @ FQN9hzhzP_"" (4819) | #10 ""woolball @ oMsP5L3lJa"" (731)",2026-09-01T02:08:35.684Z,178822851568401
"-- starting hand #246 (id: mu2naqkzilby)  No Limit Texas Hold'em (dealer: ""LingWae @ FQN9hzhzP_"") --",2026-09-01T02:08:35.684Z,178822851568400
"""LingWae @ FQN9hzhzP_"" shows a 3♥, 7♣.",2026-09-01T02:08:30.345Z,178822851034500
"""woolball @ oMsP5L3lJa"" shows a 5♣, 2♦.",2026-09-01T02:08:28.960Z,178822850896000
"-- ending hand #245 --",2026-09-01T02:08:28.355Z,178822850835502
"""LingWae @ FQN9hzhzP_"" collected 20 from pot",2026-09-01T02:08:28.355Z,178822850835501
"Uncalled bet of 10 returned to ""LingWae @ FQN9hzhzP_""",2026-09-01T02:08:28.355Z,178822850835500
"""woolball @ oMsP5L3lJa"" folds",2026-09-01T02:08:27.546Z,178822850754600
"""LingWae @ FQN9hzhzP_"" bets 10",2026-09-01T02:08:24.738Z,178822850473800
"Flop:  [Q♥, 7♦, K♥]",2026-09-01T02:08:21.358Z,178822850135800
"""LingWae @ FQN9hzhzP_"" checks",2026-09-01T02:08:20.526Z,178822850052600
"""woolball @ oMsP5L3lJa"" calls 10",2026-09-01T02:08:16.066Z,178822849606600
"""LingWae @ FQN9hzhzP_"" posts a big blind of 10",2026-09-01T02:08:14.874Z,178822849487405
"""woolball @ oMsP5L3lJa"" posts a small blind of 5",2026-09-01T02:08:14.874Z,178822849487404
"Player stacks: #2 ""LingWae @ FQN9hzhzP_"" (4809) | #10 ""woolball @ oMsP5L3lJa"" (741)",2026-09-01T02:08:14.874Z,178822849487401
"-- starting hand #245 (id: wz1lfi7wfjfp)  No Limit Texas Hold'em (dealer: ""woolball @ oMsP5L3lJa"") --",2026-09-01T02:08:14.874Z,178822849487400
"-- ending hand #244 --",2026-09-01T02:08:08.868Z,178822848886804
"""woolball @ oMsP5L3lJa"" collected 30 from pot with Pair, 5's (combination: 9♦, K♣, A♠, 5♦, 5♥)",2026-09-01T02:08:08.868Z,178822848886803
"""LingWae @ FQN9hzhzP_"" collected 30 from pot with Pair, 5's (combination: 9♦, K♣, A♠, 5♠, 5♥)",2026-09-01T02:08:08.868Z,178822848886802
"""LingWae @ FQN9hzhzP_"" shows a 4♥, 5♠.",2026-09-01T02:08:08.868Z,178822848886801
"""woolball @ oMsP5L3lJa"" shows a 3♦, 5♦.",2026-09-01T02:08:08.868Z,178822848886800
"""LingWae @ FQN9hzhzP_"" checks",2026-09-01T02:08:08.014Z,178822848801400
"""woolball @ oMsP5L3lJa"" checks",2026-09-01T02:08:06.723Z,178822848672300
"River: 5♥, 9♦, K♣, A♠ [2♥]",2026-09-01T02:08:04.182Z,178822848418200
"""LingWae @ FQN9hzhzP_"" checks",2026-09-01T02:08:03.357Z,178822848335700
"""woolball @ oMsP5L3lJa"" checks",2026-09-01T02:08:02.309Z,178822848230900
"Turn: 5♥, 9♦, K♣ [A♠]",2026-09-01T02:08:00.864Z,178822848086400
"""woolball @ oMsP5L3lJa"" calls 20",2026-09-01T02:07:59.957Z,178822847995700
"""LingWae @ FQN9hzhzP_"" bets 20",2026-09-01T02:07:58.965Z,178822847896500
"""woolball @ oMsP5L3lJa"" checks",2026-09-01T02:07:55.920Z,178822847592000
"Flop:  [5♥, 9♦, K♣]",2026-09-01T02:07:53.324Z,178822847332400
"""woolball @ oMsP5L3lJa"" checks",2026-09-01T02:07:52.513Z,178822847251300
"""LingWae @ FQN9hzhzP_"" calls 10",2026-09-01T02:07:50.539Z,178822847053900
"The player ""gurtyo @ gpP9uUffpu"" passed the room ownership to ""LingWae @ FQN9hzhzP_"".",2026-09-01T02:07:49.280Z,178822846928006
"""woolball @ oMsP5L3lJa"" posts a big blind of 10",2026-09-01T02:07:49.280Z,178822846928005
"""LingWae @ FQN9hzhzP_"" posts a small blind of 5",2026-09-01T02:07:49.280Z,178822846928004
"Player stacks: #2 ""LingWae @ FQN9hzhzP_"" (4809) | #10 ""woolball @ oMsP5L3lJa"" (741)",2026-09-01T02:07:49.280Z,178822846928001
"-- starting hand #244 (id: fuvegmz5j4iz)  No Limit Texas Hold'em (dealer: ""LingWae @ FQN9hzhzP_"") --",2026-09-01T02:07:49.280Z,178822846928000
"-- ending hand #243 --",2026-09-01T02:07:43.275Z,178822846327503
"""woolball @ oMsP5L3lJa"" collected 324 from pot with Pair, 7's (combination: 10♣, Q♥, K♦, 7♠, 7♣)",2026-09-01T02:07:43.275Z,178822846327502
"""woolball @ oMsP5L3lJa"" shows a K♦, 7♠.",2026-09-01T02:07:43.275Z,178822846327501
"""LingWae @ FQN9hzhzP_"" shows a 3♠, 2♦.",2026-09-01T02:07:43.275Z,178822846327500
"""woolball @ oMsP5L3lJa"" calls 132",2026-09-01T02:07:42.395Z,178822846239500
"""LingWae @ FQN9hzhzP_"" raises to 132",2026-09-01T02:07:34.246Z,178822845424600
"""woolball @ oMsP5L3lJa"" bets 35",2026-09-01T02:07:30.374Z,178822845037400
"""LingWae @ FQN9hzhzP_"" checks",2026-09-01T02:07:26.629Z,178822844662900
"River: 7♣, 4♠, 10♣, 6♦ [Q♥]",2026-09-01T02:07:21.981Z,178822844198100
"""woolball @ oMsP5L3lJa"" checks",2026-09-01T02:07:21.152Z,178822844115200
"""LingWae @ FQN9hzhzP_"" checks",2026-09-01T02:07:19.953Z,178822843995300
"Turn: 7♣, 4♠, 10♣ [6♦]",2026-09-01T02:07:17.689Z,178822843768900
"""LingWae @ FQN9hzhzP_"" calls 20",2026-09-01T02:07:16.884Z,178822843688400
"""woolball @ oMsP5L3lJa"" bets 20",2026-09-01T02:07:15.964Z,178822843596400
"""LingWae @ FQN9hzhzP_"" checks",2026-09-01T02:07:14.224Z,178822843422400
"Flop:  [7♣, 4♠, 10♣]",2026-09-01T02:07:11.247Z,178822843124700
"""LingWae @ FQN9hzhzP_"" checks",2026-09-01T02:07:10.414Z,178822843041400
"""woolball @ oMsP5L3lJa"" calls 10",2026-09-01T02:07:09.071Z,178822842907100
"""LingWae @ FQN9hzhzP_"" posts a big blind of 10",2026-09-01T02:07:07.035Z,178822842703505
"""woolball @ oMsP5L3lJa"" posts a small blind of 5",2026-09-01T02:07:07.035Z,178822842703504
"Player stacks: #2 ""LingWae @ FQN9hzhzP_"" (4971) | #10 ""woolball @ oMsP5L3lJa"" (579)",2026-09-01T02:07:07.035Z,178822842703501
"-- starting hand #243 (id: y4tfogmetqv5)  No Limit Texas Hold'em (dealer: ""woolball @ oMsP5L3lJa"") --",2026-09-01T02:07:07.035Z,178822842703500
"""LingWae @ FQN9hzhzP_"" shows a K♥.",2026-09-01T02:07:06.489Z,178822842648900
"""LingWae @ FQN9hzhzP_"" shows a 2♣.",2026-09-01T02:07:02.859Z,178822842285900
"-- ending hand #242 --",2026-09-01T02:07:00.371Z,178822842037102
"""LingWae @ FQN9hzhzP_"" collected 20 from pot",2026-09-01T02:07:00.371Z,178822842037101
"Uncalled bet of 45 returned to ""LingWae @ FQN9hzhzP_""",2026-09-01T02:07:00.371Z,178822842037100
"""woolball @ oMsP5L3lJa"" folds",2026-09-01T02:06:59.510Z,178822841951000
"""LingWae @ FQN9hzhzP_"" raises to 55",2026-09-01T02:06:58.591Z,178822841859100
"""woolball @ oMsP5L3lJa"" posts a big blind of 10",2026-09-01T02:06:55.372Z,178822841537205
"""LingWae @ FQN9hzhzP_"" posts a small blind of 5",2026-09-01T02:06:55.372Z,178822841537204
"Player stacks: #2 ""LingWae @ FQN9hzhzP_"" (4961) | #10 ""woolball @ oMsP5L3lJa"" (589)",2026-09-01T02:06:55.372Z,178822841537201
"-- starting hand #242 (id: ebjpqb5omfd7)  No Limit Texas Hold'em (dealer: ""LingWae @ FQN9hzhzP_"") --",2026-09-01T02:06:55.372Z,178822841537200
"""LingWae @ FQN9hzhzP_"" shows a 3♦.",2026-09-01T02:06:53.804Z,178822841380400
"""LingWae @ FQN9hzhzP_"" shows a 5♣.",2026-09-01T02:06:53.151Z,178822841315100
"-- ending hand #241 --",2026-09-01T02:06:51.678Z,178822841167802
"""woolball @ oMsP5L3lJa"" collected 20 from pot",2026-09-01T02:06:51.678Z,178822841167801
"Uncalled bet of 20 returned to ""woolball @ oMsP5L3lJa""",2026-09-01T02:06:51.678Z,178822841167800
"""LingWae @ FQN9hzhzP_"" folds",2026-09-01T02:06:50.869Z,178822841086900
"""woolball @ oMsP5L3lJa"" bets 20",2026-09-01T02:06:48.098Z,178822840809800
"""LingWae @ FQN9hzhzP_"" checks",2026-09-01T02:06:46.325Z,178822840632500
"River: 10♠, 8♥, J♣, K♠ [7♦]",2026-09-01T02:06:45.279Z,178822840527900
"""woolball @ oMsP5L3lJa"" checks",2026-09-01T02:06:44.470Z,178822840447000
"""LingWae @ FQN9hzhzP_"" checks",2026-09-01T02:06:43.474Z,178822840347400
"Turn: 10♠, 8♥, J♣ [K♠]",2026-09-01T02:06:41.763Z,178822840176300
"""woolball @ oMsP5L3lJa"" checks",2026-09-01T02:06:40.948Z,178822840094800
"""LingWae @ FQN9hzhzP_"" checks",2026-09-01T02:06:39.775Z,178822839977500
"Flop:  [10♠, 8♥, J♣]",2026-09-01T02:06:36.549Z,178822839654900
"""LingWae @ FQN9hzhzP_"" checks",2026-09-01T02:06:35.706Z,178822839570600
"""woolball @ oMsP5L3lJa"" calls 10",2026-09-01T02:06:28.398Z,178822838839800
"""LingWae @ FQN9hzhzP_"" posts a big blind of 10",2026-09-01T02:06:26.830Z,178822838683005
"""woolball @ oMsP5L3lJa"" posts a small blind of 5",2026-09-01T02:06:26.830Z,178822838683004
"Player stacks: #2 ""LingWae @ FQN9hzhzP_"" (4971) | #10 ""woolball @ oMsP5L3lJa"" (579)",2026-09-01T02:06:26.830Z,178822838683001
"-- starting hand #241 (id: 0auytlzbekmb)  No Limit Texas Hold'em (dealer: ""woolball @ oMsP5L3lJa"") --",2026-09-01T02:06:26.830Z,178822838683000
"""LingWae @ FQN9hzhzP_"" shows a 3♠, 4♥.",2026-09-01T02:06:23.799Z,178822838379900
"-- ending hand #240 --",2026-09-01T02:06:23.192Z,178822838319202
"""woolball @ oMsP5L3lJa"" collected 20 from pot",2026-09-01T02:06:23.192Z,178822838319201
"Uncalled bet of 20 returned to ""woolball @ oMsP5L3lJa""",2026-09-01T02:06:23.192Z,178822838319200
"""LingWae @ FQN9hzhzP_"" folds",2026-09-01T02:06:22.298Z,178822838229800
"""woolball @ oMsP5L3lJa"" bets 20",2026-09-01T02:06:20.171Z,178822838017100
"River: 10♠, 5♦, Q♣, 6♣ [K♦]",2026-09-01T02:06:17.698Z,178822837769800
"""LingWae @ FQN9hzhzP_"" checks",2026-09-01T02:06:16.893Z,178822837689300
"""woolball @ oMsP5L3lJa"" checks",2026-09-01T02:06:15.894Z,178822837589400
"Turn: 10♠, 5♦, Q♣ [6♣]",2026-09-01T02:06:14.985Z,178822837498500
"""LingWae @ FQN9hzhzP_"" checks",2026-09-01T02:06:14.103Z,178822837410300
"""woolball @ oMsP5L3lJa"" checks",2026-09-01T02:06:11.148Z,178822837114800
"Flop:  [10♠, 5♦, Q♣]",2026-09-01T02:06:09.383Z,178822836938300
"""woolball @ oMsP5L3lJa"" checks",2026-09-01T02:06:08.573Z,178822836857300
"""LingWae @ FQN9hzhzP_"" calls 10",2026-09-01T02:06:07.157Z,178822836715700
"""woolball @ oMsP5L3lJa"" posts a big blind of 10",2026-09-01T02:06:04.778Z,178822836477805
"""LingWae @ FQN9hzhzP_"" posts a small blind of 5",2026-09-01T02:06:04.778Z,178822836477804
"Player stacks: #2 ""LingWae @ FQN9hzhzP_"" (4981) | #10 ""woolball @ oMsP5L3lJa"" (569)",2026-09-01T02:06:04.778Z,178822836477801
"-- starting hand #240 (id: gpg1eb3hb3o6)  No Limit Texas Hold'em (dealer: ""LingWae @ FQN9hzhzP_"") --",2026-09-01T02:06:04.778Z,178822836477800
"""LingWae @ FQN9hzhzP_"" shows a J♥, 2♠.",2026-09-01T02:05:59.764Z,178822835976400
"""woolball @ oMsP5L3lJa"" shows a 2♣.",2026-09-01T02:05:59.466Z,178822835946600
"-- ending hand #239 --",2026-09-01T02:05:57.453Z,178822835745302
"""woolball @ oMsP5L3lJa"" collected 20 from pot",2026-09-01T02:05:57.453Z,178822835745301
"Uncalled bet of 20 returned to ""woolball @ oMsP5L3lJa""",2026-09-01T02:05:57.453Z,178822835745300
"""LingWae @ FQN9hzhzP_"" folds",2026-09-01T02:05:56.557Z,178822835655700
"""woolball @ oMsP5L3lJa"" bets 20",2026-09-01T02:05:55.552Z,178822835555200
"""LingWae @ FQN9hzhzP_"" checks",2026-09-01T02:05:53.067Z,178822835306700
"Turn: 5♣, K♣, 4♠ [6♣]",2026-09-01T02:05:51.051Z,178822835105100
"""woolball @ oMsP5L3lJa"" checks",2026-09-01T02:05:50.238Z,178822835023800
"""LingWae @ FQN9hzhzP_"" checks",2026-09-01T02:05:47.771Z,178822834777100
"Flop:  [5♣, K♣, 4♠]",2026-09-01T02:05:45.644Z,178822834564400
"""LingWae @ FQN9hzhzP_"" checks",2026-09-01T02:05:44.786Z,178822834478600
"""woolball @ oMsP5L3lJa"" calls 10",2026-09-01T02:05:40.668Z,178822834066800
"""LingWae @ FQN9hzhzP_"" posts a big blind of 10",2026-09-01T02:05:38.862Z,178822833886205
"""woolball @ oMsP5L3lJa"" posts a small blind of 5",2026-09-01T02:05:38.862Z,178822833886204
"Player stacks: #2 ""LingWae @ FQN9hzhzP_"" (4991) | #10 ""woolball @ oMsP5L3lJa"" (559)",2026-09-01T02:05:38.862Z,178822833886201
"-- starting hand #239 (id: 4zv58rwcvpj1)  No Limit Texas Hold'em (dealer: ""woolball @ oMsP5L3lJa"") --",2026-09-01T02:05:38.862Z,178822833886200
"-- ending hand #238 --",2026-09-01T02:05:32.856Z,178822833285603
"""LingWae @ FQN9hzhzP_"" collected 60 from pot with Two Pair, 9's & 6's (combination: A♦, 6♥, 6♠, 9♦, 9♣)",2026-09-01T02:05:32.856Z,178822833285602
"""LingWae @ FQN9hzhzP_"" shows a 7♠, A♦.",2026-09-01T02:05:32.856Z,178822833285601
"""woolball @ oMsP5L3lJa"" shows a 5♣, 7♥.",2026-09-01T02:05:32.856Z,178822833285600
"""LingWae @ FQN9hzhzP_"" calls 20",2026-09-01T02:05:32.029Z,178822833202900
"""woolball @ oMsP5L3lJa"" bets 20",2026-09-01T02:05:30.714Z,178822833071400
"River: J♠, 9♦, 9♣, 6♥ [6♠]",2026-09-01T02:05:27.603Z,178822832760300
"""LingWae @ FQN9hzhzP_"" checks",2026-09-01T02:05:26.691Z,178822832669100
"""woolball @ oMsP5L3lJa"" checks",2026-09-01T02:05:25.632Z,178822832563200
"Turn: J♠, 9♦, 9♣ [6♥]",2026-09-01T02:05:24.399Z,178822832439900
"""LingWae @ FQN9hzhzP_"" checks",2026-09-01T02:05:23.501Z,178822832350100
"""woolball @ oMsP5L3lJa"" checks",2026-09-01T02:05:22.507Z,178822832250700
"Flop:  [J♠, 9♦, 9♣]",2026-09-01T02:05:20.995Z,178822832099500
"""woolball @ oMsP5L3lJa"" checks",2026-09-01T02:05:20.116Z,178822832011600
"""LingWae @ FQN9hzhzP_"" calls 10",2026-09-01T02:05:19.058Z,178822831905800
"""woolball @ oMsP5L3lJa"" posts a big blind of 10",2026-09-01T02:05:15.989Z,178822831598905
"""LingWae @ FQN9hzhzP_"" posts a small blind of 5",2026-09-01T02:05:15.989Z,178822831598904
"Player stacks: #2 ""LingWae @ FQN9hzhzP_"" (4961) | #10 ""woolball @ oMsP5L3lJa"" (589)",2026-09-01T02:05:15.989Z,178822831598901
"-- starting hand #238 (id: bmzwbz3itew2)  No Limit Texas Hold'em (dealer: ""LingWae @ FQN9hzhzP_"") --",2026-09-01T02:05:15.989Z,178822831598900
"""woolball @ oMsP5L3lJa"" shows a 5♠.",2026-09-01T02:05:13.956Z,178822831395600
"""LingWae @ FQN9hzhzP_"" shows a J♠, Q♦.",2026-09-01T02:05:12.585Z,178822831258500
"-- ending hand #237 --",2026-09-01T02:05:11.585Z,178822831158502
"""LingWae @ FQN9hzhzP_"" collected 140 from pot",2026-09-01T02:05:11.585Z,178822831158501
"Uncalled bet of 100 returned to ""LingWae @ FQN9hzhzP_""",2026-09-01T02:05:11.585Z,178822831158500
"""woolball @ oMsP5L3lJa"" folds",2026-09-01T02:05:10.694Z,178822831069400
"""LingWae @ FQN9hzhzP_"" bets 100",2026-09-01T02:05:09.754Z,178822830975400
"River: 4♣, 7♥, 2♥, 7♣ [K♠]",2026-09-01T02:05:03.982Z,178822830398200
"""woolball @ oMsP5L3lJa"" calls 35",2026-09-01T02:05:03.096Z,178822830309600
"""LingWae @ FQN9hzhzP_"" bets 35",2026-09-01T02:05:01.263Z,178822830126300
"Turn: 4♣, 7♥, 2♥ [7♣]",2026-09-01T02:04:57.720Z,178822829772000
"""woolball @ oMsP5L3lJa"" checks",2026-09-01T02:04:56.901Z,178822829690100
"""LingWae @ FQN9hzhzP_"" checks",2026-09-01T02:04:55.428Z,178822829542800
"Flop:  [4♣, 7♥, 2♥]",2026-09-01T02:04:53.686Z,178822829368600
"""woolball @ oMsP5L3lJa"" calls 35",2026-09-01T02:04:52.832Z,178822829283200
"""LingWae @ FQN9hzhzP_"" raises to 35",2026-09-01T02:04:51.518Z,178822829151800
"""woolball @ oMsP5L3lJa"" calls 10",2026-09-01T02:04:44.204Z,178822828420400
"""LingWae @ FQN9hzhzP_"" posts a big blind of 10",2026-09-01T02:04:42.317Z,178822828231705
"""woolball @ oMsP5L3lJa"" posts a small blind of 5",2026-09-01T02:04:42.317Z,178822828231704
"Player stacks: #2 ""LingWae @ FQN9hzhzP_"" (4891) | #10 ""woolball @ oMsP5L3lJa"" (659)",2026-09-01T02:04:42.317Z,178822828231701
"-- starting hand #237 (id: lx3raf1qq1nm)  No Limit Texas Hold'em (dealer: ""woolball @ oMsP5L3lJa"") --",2026-09-01T02:04:42.317Z,178822828231700
"""LingWae @ FQN9hzhzP_"" shows a 10♦, Q♣.",2026-09-01T02:04:37.805Z,178822827780500
"-- ending hand #236 --",2026-09-01T02:04:35.786Z,178822827578602
"""woolball @ oMsP5L3lJa"" collected 250 from pot with Pair, J's (combination: 5♣, 9♥, K♠, J♣, J♠)",2026-09-01T02:04:35.786Z,178822827578601
"""woolball @ oMsP5L3lJa"" shows a J♣, K♠.",2026-09-01T02:04:35.786Z,178822827578600
"""LingWae @ FQN9hzhzP_"" checks",2026-09-01T02:04:34.952Z,178822827495200
"""woolball @ oMsP5L3lJa"" checks",2026-09-01T02:04:32.323Z,178822827232300
"River: J♠, 4♥, 5♣, 3♣ [9♥]",2026-09-01T02:04:30.779Z,178822827077900
"""woolball @ oMsP5L3lJa"" calls 100",2026-09-01T02:04:29.913Z,178822826991300
"""LingWae @ FQN9hzhzP_"" raises to 100",2026-09-01T02:04:27.540Z,178822826754000
"""woolball @ oMsP5L3lJa"" bets 50",2026-09-01T02:04:24.753Z,178822826475300
"Turn: J♠, 4♥, 5♣ [3♣]",2026-09-01T02:04:22.697Z,178822826269700
"""LingWae @ FQN9hzhzP_"" checks",2026-09-01T02:04:21.871Z,178822826187100
"""woolball @ oMsP5L3lJa"" checks",2026-09-01T02:04:20.934Z,178822826093400
"Flop:  [J♠, 4♥, 5♣]",2026-09-01T02:04:18.369Z,178822825836900
"""LingWae @ FQN9hzhzP_"" calls 25",2026-09-01T02:04:17.512Z,178822825751200
"""woolball @ oMsP5L3lJa"" raises to 25",2026-09-01T02:04:16.604Z,178822825660400
"""LingWae @ FQN9hzhzP_"" calls 10",2026-09-01T02:04:14.286Z,178822825428600
"""woolball @ oMsP5L3lJa"" posts a big blind of 10",2026-09-01T02:04:12.896Z,178822825289605
"""LingWae @ FQN9hzhzP_"" posts a small blind of 5",2026-09-01T02:04:12.896Z,178822825289604
"Player stacks: #2 ""LingWae @ FQN9hzhzP_"" (5016) | #10 ""woolball @ oMsP5L3lJa"" (534)",2026-09-01T02:04:12.896Z,178822825289601
"-- starting hand #236 (id: ubj22qbec5te)  No Limit Texas Hold'em (dealer: ""LingWae @ FQN9hzhzP_"") --",2026-09-01T02:04:12.896Z,178822825289600
"""LingWae @ FQN9hzhzP_"" shows a 9♣.",2026-09-01T02:04:09.431Z,178822824943100
"-- ending hand #235 --",2026-09-01T02:04:06.291Z,178822824629102
"""LingWae @ FQN9hzhzP_"" collected 20 from pot",2026-09-01T02:04:06.291Z,178822824629101
"Uncalled bet of 67 returned to ""LingWae @ FQN9hzhzP_""",2026-09-01T02:04:06.291Z,178822824629100
"""woolball @ oMsP5L3lJa"" folds",2026-09-01T02:04:05.488Z,178822824548800
"""LingWae @ FQN9hzhzP_"" bets 67",2026-09-01T02:04:04.223Z,178822824422300
"Flop:  [2♠, 8♣, 9♥]",2026-09-01T02:03:59.676Z,178822823967600
"""LingWae @ FQN9hzhzP_"" checks",2026-09-01T02:03:58.842Z,178822823884200
"""woolball @ oMsP5L3lJa"" calls 10",2026-09-01T02:03:57.780Z,178822823778000
"""LingWae @ FQN9hzhzP_"" posts a big blind of 10",2026-09-01T02:03:51.085Z,178822823108505
"""woolball @ oMsP5L3lJa"" posts a small blind of 5",2026-09-01T02:03:51.085Z,178822823108504
"Player stacks: #2 ""LingWae @ FQN9hzhzP_"" (5006) | #10 ""woolball @ oMsP5L3lJa"" (544)",2026-09-01T02:03:51.085Z,178822823108501
"-- starting hand #235 (id: vt032rukxpis)  No Limit Texas Hold'em (dealer: ""woolball @ oMsP5L3lJa"") --",2026-09-01T02:03:51.085Z,178822823108500
"-- ending hand #234 --",2026-09-01T02:03:45.065Z,178822822506502
"""LingWae @ FQN9hzhzP_"" collected 132 from pot with Pair, 9's (combination: 5♣, 7♥, 10♥, 9♣, 9♦)",2026-09-01T02:03:45.065Z,178822822506501
"""LingWae @ FQN9hzhzP_"" shows a 10♥, 9♣.",2026-09-01T02:03:45.065Z,178822822506500
"""woolball @ oMsP5L3lJa"" calls 56",2026-09-01T02:03:44.149Z,178822822414900
"""LingWae @ FQN9hzhzP_"" bets 56",2026-09-01T02:03:43.182Z,178822822318200
"""woolball @ oMsP5L3lJa"" checks",2026-09-01T02:03:40.403Z,178822822040300
"River: 4♦, 7♥, 2♠, 9♦ [5♣]",2026-09-01T02:03:37.453Z,178822821745300
"""LingWae @ FQN9hzhzP_"" checks",2026-09-01T02:03:36.530Z,178822821653000
"""woolball @ oMsP5L3lJa"" checks",2026-09-01T02:03:34.299Z,178822821429900
"Turn: 4♦, 7♥, 2♠ [9♦]",2026-09-01T02:03:29.245Z,178822820924500
"""LingWae @ FQN9hzhzP_"" checks",2026-09-01T02:03:28.328Z,178822820832800
"""woolball @ oMsP5L3lJa"" checks",2026-09-01T02:03:26.655Z,178822820665500
"Flop:  [4♦, 7♥, 2♠]",2026-09-01T02:03:24.240Z,178822820424000
"""woolball @ oMsP5L3lJa"" checks",2026-09-01T02:03:23.373Z,178822820337300
"""LingWae @ FQN9hzhzP_"" calls 10",2026-09-01T02:03:21.148Z,178822820114800
"""woolball @ oMsP5L3lJa"" posts a big blind of 10",2026-09-01T02:03:19.823Z,178822819982306
"""LingWae @ FQN9hzhzP_"" posts a small blind of 5",2026-09-01T02:03:19.823Z,178822819982305
"Player stacks: #2 ""LingWae @ FQN9hzhzP_"" (4940) | #10 ""woolball @ oMsP5L3lJa"" (610)",2026-09-01T02:03:19.823Z,178822819982302
"-- starting hand #234 (id: wso7nqladpty)  No Limit Texas Hold'em (dealer: ""LingWae @ FQN9hzhzP_"") --",2026-09-01T02:03:19.823Z,178822819982301
"The player ""gurtyo @ gpP9uUffpu"" quits the game with a stack of 1111.",2026-09-01T02:03:19.823Z,178822819982300
"-- ending hand #233 --",2026-09-01T02:03:16.891Z,178822819689102
"""woolball @ oMsP5L3lJa"" collected 180 from pot",2026-09-01T02:03:16.891Z,178822819689101
"Uncalled bet of 180 returned to ""woolball @ oMsP5L3lJa""",2026-09-01T02:03:16.891Z,178822819689100
"""LingWae @ FQN9hzhzP_"" folds",2026-09-01T02:03:16.086Z,178822819608600
"""woolball @ oMsP5L3lJa"" bets 180",2026-09-01T02:03:10.567Z,178822819056700
"""LingWae @ FQN9hzhzP_"" checks",2026-09-01T02:03:06.756Z,178822818675600
"River: 10♠, K♥, K♠, 9♥ [6♣]",2026-09-01T02:02:58.101Z,178822817810100
"""woolball @ oMsP5L3lJa"" checks",2026-09-01T02:02:57.262Z,178822817726200
"""LingWae @ FQN9hzhzP_"" checks",2026-09-01T02:02:55.761Z,178822817576100
"Turn: 10♠, K♥, K♠ [9♥]",2026-09-01T02:02:53.487Z,178822817348700
"""LingWae @ FQN9hzhzP_"" calls 60",2026-09-01T02:02:52.673Z,178822817267300
"""gurtyo @ gpP9uUffpu"" folds",2026-09-01T02:02:42.670Z,178822816267000
"""woolball @ oMsP5L3lJa"" bets 60",2026-09-01T02:02:37.651Z,178822815765100
"""LingWae @ FQN9hzhzP_"" checks",2026-09-01T02:02:35.233Z,178822815523300
"""gurtyo @ gpP9uUffpu"" checks",2026-09-01T02:02:31.489Z,178822815148900
"Flop:  [10♠, K♥, K♠]",2026-09-01T02:02:30.384Z,178822815038400
"""gurtyo @ gpP9uUffpu"" calls 20",2026-09-01T02:02:29.577Z,178822814957700
"""woolball @ oMsP5L3lJa"" calls 20",2026-09-01T02:02:28.554Z,178822814855400
"""LingWae @ FQN9hzhzP_"" raises to 20",2026-09-01T02:02:26.901Z,178822814690100
"""gurtyo @ gpP9uUffpu"" calls 10",2026-09-01T02:02:24.115Z,178822814411500
"""woolball @ oMsP5L3lJa"" calls 10",2026-09-01T02:02:22.188Z,178822814218800
"""LingWae @ FQN9hzhzP_"" posts a big blind of 10",2026-09-01T02:02:20.738Z,178822814073806
"""gurtyo @ gpP9uUffpu"" posts a small blind of 5",2026-09-01T02:02:20.738Z,178822814073805
"Player stacks: #1 ""gurtyo @ gpP9uUffpu"" (1131) | #2 ""LingWae @ FQN9hzhzP_"" (5020) | #10 ""woolball @ oMsP5L3lJa"" (510)",2026-09-01T02:02:20.738Z,178822814073801
"-- starting hand #233 (id: nakbb94zb9hx)  No Limit Texas Hold'em (dealer: ""woolball @ oMsP5L3lJa"") --",2026-09-01T02:02:20.738Z,178822814073800
"""LingWae @ FQN9hzhzP_"" shows a 3♥.",2026-09-01T02:02:15.152Z,178822813515200
"""woolball @ oMsP5L3lJa"" shows a 8♥.",2026-09-01T02:02:14.251Z,178822813425100
"Undealt cards: J♣, 10♥, J♦, 3♦ [A♣]",2026-09-01T02:02:13.662Z,178822813366200
"-- ending hand #232 --",2026-09-01T02:02:13.370Z,178822813337002
"""LingWae @ FQN9hzhzP_"" collected 30 from pot",2026-09-01T02:02:13.370Z,178822813337001
"Uncalled bet of 30 returned to ""LingWae @ FQN9hzhzP_""",2026-09-01T02:02:13.370Z,178822813337000
"""gurtyo @ gpP9uUffpu"" folds",2026-09-01T02:02:12.544Z,178822813254400
"""woolball @ oMsP5L3lJa"" folds",2026-09-01T02:02:11.604Z,178822813160400
"""LingWae @ FQN9hzhzP_"" bets 30",2026-09-01T02:02:10.195Z,178822813019500
"""gurtyo @ gpP9uUffpu"" checks",2026-09-01T02:02:06.753Z,178822812675300
"""woolball @ oMsP5L3lJa"" checks",2026-09-01T02:02:05.243Z,178822812524300
"Turn: J♣, 10♥, J♦ [3♦]",2026-09-01T02:02:04.156Z,178822812415600
"""LingWae @ FQN9hzhzP_"" checks",2026-09-01T02:02:03.321Z,178822812332100
"""gurtyo @ gpP9uUffpu"" checks",2026-09-01T02:02:01.850Z,178822812185000
"""woolball @ oMsP5L3lJa"" checks",2026-09-01T02:02:00.871Z,178822812087100
"Flop:  [J♣, 10♥, J♦]",2026-09-01T02:01:58.287Z,178822811828700
"""gurtyo @ gpP9uUffpu"" checks",2026-09-01T02:01:57.422Z,178822811742200
"""woolball @ oMsP5L3lJa"" calls 10",2026-09-01T02:01:55.783Z,178822811578300
"""LingWae @ FQN9hzhzP_"" calls 10",2026-09-01T02:01:53.770Z,178822811377000
"""gurtyo @ gpP9uUffpu"" posts a big blind of 10",2026-09-01T02:01:48.323Z,178822810832307
"""woolball @ oMsP5L3lJa"" posts a small blind of 5",2026-09-01T02:01:48.323Z,178822810832306
"Player stacks: #1 ""gurtyo @ gpP9uUffpu"" (1141) | #2 ""LingWae @ FQN9hzhzP_"" (5000) | #10 ""woolball @ oMsP5L3lJa"" (520)",2026-09-01T02:01:48.323Z,178822810832302
"-- starting hand #232 (id: b5qt6nvznfqe)  No Limit Texas Hold'em (dealer: ""LingWae @ FQN9hzhzP_"") --",2026-09-01T02:01:48.323Z,178822810832301
"The admin updated the player ""LingWae @ FQN9hzhzP_"" stack from 6183 to 5000.",2026-09-01T02:01:48.323Z,178822810832300
"-- ending hand #231 --",2026-09-01T02:01:45.383Z,178822810538302
"""woolball @ oMsP5L3lJa"" collected 30 from pot",2026-09-01T02:01:45.383Z,178822810538301
"Uncalled bet of 80 returned to ""woolball @ oMsP5L3lJa""",2026-09-01T02:01:45.383Z,178822810538300
"""LingWae @ FQN9hzhzP_"" folds",2026-09-01T02:01:44.543Z,178822810454300
"""gurtyo @ gpP9uUffpu"" folds",2026-09-01T02:01:39.022Z,178822809902200
"""woolball @ oMsP5L3lJa"" bets 80",2026-09-01T02:01:38.105Z,178822809810500
"""LingWae @ FQN9hzhzP_"" checks",2026-09-01T02:01:34.711Z,178822809471100
"River: 8♣, 6♠, 8♠, K♥ [Q♣]",2026-09-01T02:01:32.660Z,178822809266000
"""gurtyo @ gpP9uUffpu"" checks",2026-09-01T02:01:31.813Z,178822809181300
"WARNING: the admin queued the stack change for the player ""LingWae @ FQN9hzhzP_"" removing 1183 chips in the next hand.",2026-09-01T02:01:29.924Z,178822808992400
"""woolball @ oMsP5L3lJa"" checks",2026-09-01T02:01:26.359Z,178822808635900
"""LingWae @ FQN9hzhzP_"" checks",2026-09-01T02:01:24.748Z,178822808474800
"Turn: 8♣, 6♠, 8♠ [K♥]",2026-09-01T02:01:19.291Z,178822807929100
"""gurtyo @ gpP9uUffpu"" checks",2026-09-01T02:01:18.459Z,178822807845900
"""woolball @ oMsP5L3lJa"" checks",2026-09-01T02:01:17.111Z,178822807711100
"""LingWae @ FQN9hzhzP_"" checks",2026-09-01T02:01:15.148Z,178822807514800
"Flop:  [8♣, 6♠, 8♠]",2026-09-01T02:01:13.108Z,178822807310800
"""woolball @ oMsP5L3lJa"" checks",2026-09-01T02:01:12.291Z,178822807229100
"""LingWae @ FQN9hzhzP_"" calls 10",2026-09-01T02:01:10.061Z,178822807006100
"""gurtyo @ gpP9uUffpu"" calls 10",2026-09-01T02:01:08.546Z,178822806854600
"""woolball @ oMsP5L3lJa"" posts a big blind of 10",2026-09-01T02:01:07.742Z,178822806774207
"""LingWae @ FQN9hzhzP_"" posts a small blind of 5",2026-09-01T02:01:07.742Z,178822806774206
"Player stacks: #1 ""gurtyo @ gpP9uUffpu"" (1151) | #2 ""LingWae @ FQN9hzhzP_"" (6193) | #10 ""woolball @ oMsP5L3lJa"" (500)",2026-09-01T02:01:07.742Z,178822806774202
"-- starting hand #231 (id: 5mo54eb0v9kb)  No Limit Texas Hold'em (dealer: ""gurtyo @ gpP9uUffpu"") --",2026-09-01T02:01:07.742Z,178822806774201
"The player ""woolball @ oMsP5L3lJa"" joined the game with a stack of 500.",2026-09-01T02:01:07.742Z,178822806774200
"Undealt cards:  [Q♦, 8♠, Q♠, 8♣, 7♥]",2026-09-01T02:01:02.431Z,178822806243100
"-- ending hand #230 --",2026-09-01T02:01:01.814Z,178822806181402
"""gurtyo @ gpP9uUffpu"" collected 10 from pot",2026-09-01T02:01:01.814Z,178822806181401
"Uncalled bet of 5 returned to ""gurtyo @ gpP9uUffpu""",2026-09-01T02:01:01.814Z,178822806181400
"""LingWae @ FQN9hzhzP_"" folds",2026-09-01T02:01:00.973Z,178822806097300
"The admin approved the player ""woolball @ oMsP5L3lJa"" participation with a stack of 500.",2026-09-01T02:00:58.273Z,178822805827300
"The player ""woolball @ oMsP5L3lJa"" requested a seat.",2026-09-01T02:00:55.466Z,178822805546600
"""gurtyo @ gpP9uUffpu"" posts a big blind of 10",2026-09-01T02:00:51.552Z,178822805155206
"""LingWae @ FQN9hzhzP_"" posts a small blind of 5",2026-09-01T02:00:51.552Z,178822805155205
"Player stacks: #1 ""gurtyo @ gpP9uUffpu"" (1146) | #2 ""LingWae @ FQN9hzhzP_"" (6198)",2026-09-01T02:00:51.552Z,178822805155202
"-- starting hand #230 (id: bbn4jtlpppib)  No Limit Texas Hold'em (dealer: ""LingWae @ FQN9hzhzP_"") --",2026-09-01T02:00:51.552Z,178822805155201
"The player ""woolball @ oMsP5L3lJa"" quits the game with a stack of 0.",2026-09-01T02:00:51.552Z,178822805155200
"-- ending hand #229 --",2026-09-01T02:00:45.548Z,178822804554801
"""LingWae @ FQN9hzhzP_"" collected 2934 from pot with Full House, J's over Q's (combination: Q♥, Q♦, J♥, J♣, J♦)",2026-09-01T02:00:45.548Z,178822804554800
"River: Q♦, 9♣, J♣, 8♥ [J♦]",2026-09-01T02:00:41.506Z,178822804150600
"""woolball @ oMsP5L3lJa"" shows a Q♠, A♥.",2026-09-01T02:00:37.459Z,178822803745902
"""LingWae @ FQN9hzhzP_"" shows a Q♥, J♥.",2026-09-01T02:00:37.459Z,178822803745901
"Uncalled bet of 294 returned to ""LingWae @ FQN9hzhzP_""",2026-09-01T02:00:37.459Z,178822803745900
"Some players choose to not run it twice.",2026-09-01T02:00:36.570Z,178822803657001
"""woolball @ oMsP5L3lJa"" chooses to not run it twice.",2026-09-01T02:00:36.570Z,178822803657000
"""LingWae @ FQN9hzhzP_"" chooses to  run it twice.",2026-09-01T02:00:35.900Z,178822803590000
"Remaining players decide whether to run it twice.",2026-09-01T02:00:34.573Z,178822803457301
"""woolball @ oMsP5L3lJa"" calls 880 and go all in",2026-09-01T02:00:34.573Z,178822803457300
"""LingWae @ FQN9hzhzP_"" bets 1174",2026-09-01T02:00:32.707Z,178822803270700
"Turn: Q♦, 9♣, J♣ [8♥]",2026-09-01T02:00:27.851Z,178822802785100
"""woolball @ oMsP5L3lJa"" calls 512",2026-09-01T02:00:27.024Z,178822802702400
"""LingWae @ FQN9hzhzP_"" raises to 512",2026-09-01T02:00:18.228Z,178822801822800
"""gurtyo @ gpP9uUffpu"" folds",2026-09-01T02:00:15.864Z,178822801586400
"""woolball @ oMsP5L3lJa"" raises to 160",2026-09-01T02:00:14.626Z,178822801462600
"""LingWae @ FQN9hzhzP_"" bets 76",2026-09-01T02:00:04.954Z,178822800495400
"Flop:  [Q♦, 9♣, J♣]",2026-09-01T01:59:59.068Z,178822799906800
"""gurtyo @ gpP9uUffpu"" calls 50",2026-09-01T01:59:58.220Z,178822799822000
"""woolball @ oMsP5L3lJa"" calls 50",2026-09-01T01:59:57.168Z,178822799716800
"""LingWae @ FQN9hzhzP_"" raises to 50",2026-09-01T01:59:54.740Z,178822799474000
"""gurtyo @ gpP9uUffpu"" calls 10",2026-09-01T01:59:49.317Z,178822798931700
"""woolball @ oMsP5L3lJa"" posts a big blind of 10",2026-09-01T01:59:42.557Z,178822798255706
"""LingWae @ FQN9hzhzP_"" posts a small blind of 5",2026-09-01T01:59:42.557Z,178822798255705
"Player stacks: #1 ""gurtyo @ gpP9uUffpu"" (1196) | #2 ""LingWae @ FQN9hzhzP_"" (4706) | #10 ""woolball @ oMsP5L3lJa"" (1442)",2026-09-01T01:59:42.557Z,178822798255701
"-- starting hand #229 (id: 8syez6uw8x8w)  No Limit Texas Hold'em (dealer: ""gurtyo @ gpP9uUffpu"") --",2026-09-01T01:59:42.557Z,178822798255700
"-- ending hand #228 --",2026-09-01T01:59:36.550Z,178822797655003
"""LingWae @ FQN9hzhzP_"" collected 960 from pot with Flush, A High (combination: 5♣, 7♣, 8♣, K♣, A♣)",2026-09-01T01:59:36.550Z,178822797655002
"""LingWae @ FQN9hzhzP_"" shows a 8♣, 3♣.",2026-09-01T01:59:36.550Z,178822797655001
"""gurtyo @ gpP9uUffpu"" shows a 6♦, 8♦.",2026-09-01T01:59:36.550Z,178822797655000
"""LingWae @ FQN9hzhzP_"" checks",2026-09-01T01:59:35.744Z,178822797574400
"""gurtyo @ gpP9uUffpu"" checks",2026-09-01T01:59:34.768Z,178822797476800
"River: 4♠, 5♣, 7♣, A♣ [K♣]",2026-09-01T01:59:32.881Z,178822797288100
"""gurtyo @ gpP9uUffpu"" calls 360",2026-09-01T01:59:32.071Z,178822797207100
"""LingWae @ FQN9hzhzP_"" raises to 360",2026-09-01T01:59:28.946Z,178822796894600
"""gurtyo @ gpP9uUffpu"" bets 60",2026-09-01T01:59:26.572Z,178822796657200
"Turn: 4♠, 5♣, 7♣ [A♣]",2026-09-01T01:59:23.405Z,178822796340500
"""woolball @ oMsP5L3lJa"" folds",2026-09-01T01:59:22.564Z,178822796256400
"""LingWae @ FQN9hzhzP_"" calls 60",2026-09-01T01:59:20.559Z,178822796055900
"""gurtyo @ gpP9uUffpu"" bets 60",2026-09-01T01:59:19.135Z,178822795913500
"Flop:  [4♠, 5♣, 7♣]",2026-09-01T01:59:15.531Z,178822795553100
"""woolball @ oMsP5L3lJa"" calls 40",2026-09-01T01:59:14.714Z,178822795471400
"""LingWae @ FQN9hzhzP_"" calls 40",2026-09-01T01:59:13.464Z,178822795346400
"""gurtyo @ gpP9uUffpu"" raises to 40",2026-09-01T01:59:12.436Z,178822795243600
"""woolball @ oMsP5L3lJa"" calls 10",2026-09-01T01:59:10.512Z,178822795051200
"""LingWae @ FQN9hzhzP_"" posts a big blind of 10",2026-09-01T01:59:08.507Z,178822794850706
"""gurtyo @ gpP9uUffpu"" posts a small blind of 5",2026-09-01T01:59:08.507Z,178822794850705
"Your hand is 6♦, 8♦",2026-09-01T01:59:08.507Z,178822794850702
"Player stacks: #1 ""gurtyo @ gpP9uUffpu"" (1656) | #2 ""LingWae @ FQN9hzhzP_"" (4206) | #10 ""woolball @ oMsP5L3lJa"" (1482)",2026-09-01T01:59:08.507Z,178822794850701
"-- starting hand #228 (id: zewrxutbtx3a)  No Limit Texas Hold'em (dealer: ""woolball @ oMsP5L3lJa"") --",2026-09-01T01:59:08.507Z,178822794850700
"""gurtyo @ gpP9uUffpu"" shows a J♣, 9♥.",2026-09-01T01:59:02.728Z,178822794272800
"-- ending hand #227 --",2026-09-01T01:59:01.980Z,178822794198002
"""woolball @ oMsP5L3lJa"" collected 1482 from pot with Straight, Q High (combination: 8♣, 9♣, 10♥, J♠, Q♥)",2026-09-01T01:59:01.980Z,178822794198001
"""LingWae @ FQN9hzhzP_"" collected 1482 from pot with Straight, Q High (combination: 8♠, 9♣, 10♥, J♠, Q♥)",2026-09-01T01:59:01.980Z,178822794198000
"River: 9♣, J♠, 10♥, Q♥ [6♠]",2026-09-01T01:58:57.954Z,178822793795400
"""woolball @ oMsP5L3lJa"" shows a 8♣, Q♠.",2026-09-01T01:58:53.883Z,178822793388302
"""LingWae @ FQN9hzhzP_"" shows a J♥, 8♠.",2026-09-01T01:58:53.883Z,178822793388301
"Uncalled bet of 18 returned to ""LingWae @ FQN9hzhzP_""",2026-09-01T01:58:53.883Z,178822793388300
"Some players choose to not run it twice.",2026-09-01T01:58:53.067Z,178822793306701
"""LingWae @ FQN9hzhzP_"" chooses to not run it twice.",2026-09-01T01:58:53.067Z,178822793306700
"Remaining players decide whether to run it twice.",2026-09-01T01:58:51.985Z,178822793198501
"""gurtyo @ gpP9uUffpu"" folds",2026-09-01T01:58:51.985Z,178822793198500
"""woolball @ oMsP5L3lJa"" calls 1182 and go all in",2026-09-01T01:58:51.077Z,178822793107700
"""LingWae @ FQN9hzhzP_"" raises to 1200",2026-09-01T01:58:44.022Z,178822792402200
"""gurtyo @ gpP9uUffpu"" calls 300",2026-09-01T01:58:41.486Z,178822792148600
"""woolball @ oMsP5L3lJa"" bets 300",2026-09-01T01:58:39.169Z,178822791916900
"Turn: 9♣, J♠, 10♥ [Q♥]",2026-09-01T01:58:36.103Z,178822791610300
"""woolball @ oMsP5L3lJa"" calls 90",2026-09-01T01:58:35.290Z,178822791529000
"""LingWae @ FQN9hzhzP_"" calls 90",2026-09-01T01:58:34.364Z,178822791436400
"""gurtyo @ gpP9uUffpu"" raises to 90",2026-09-01T01:58:31.988Z,178822791198800
"""woolball @ oMsP5L3lJa"" bets 30",2026-09-01T01:58:27.296Z,178822790729600
"Flop:  [9♣, J♠, 10♥]",2026-09-01T01:58:23.580Z,178822790358000
"""gurtyo @ gpP9uUffpu"" checks",2026-09-01T01:58:22.697Z,178822790269700
"""woolball @ oMsP5L3lJa"" calls 10",2026-09-01T01:58:21.489Z,178822790148900
"""LingWae @ FQN9hzhzP_"" calls 10",2026-09-01T01:58:19.051Z,178822789905100
"""gurtyo @ gpP9uUffpu"" posts a big blind of 10",2026-09-01T01:58:13.688Z,178822789368806
"""woolball @ oMsP5L3lJa"" posts a small blind of 5",2026-09-01T01:58:13.688Z,178822789368805
"Your hand is J♣, 9♥",2026-09-01T01:58:13.688Z,178822789368802
"Player stacks: #1 ""gurtyo @ gpP9uUffpu"" (2056) | #2 ""LingWae @ FQN9hzhzP_"" (4006) | #10 ""woolball @ oMsP5L3lJa"" (1282)",2026-09-01T01:58:13.688Z,178822789368801
"-- starting hand #227 (id: acmdnrgvrqff)  No Limit Texas Hold'em (dealer: ""LingWae @ FQN9hzhzP_"") --",2026-09-01T01:58:13.688Z,178822789368800
"""LingWae @ FQN9hzhzP_"" shows a 10♦, Q♠.",2026-09-01T01:58:10.136Z,178822789013600
"-- ending hand #226 --",2026-09-01T01:58:07.177Z,178822788717702
"""gurtyo @ gpP9uUffpu"" collected 898 from pot with Flush, K High (combination: 2♦, 9♦, J♦, Q♦, K♦)",2026-09-01T01:58:07.177Z,178822788717701
"""gurtyo @ gpP9uUffpu"" shows a K♠, Q♦.",2026-09-01T01:58:07.177Z,178822788717700
"""LingWae @ FQN9hzhzP_"" calls 60",2026-09-01T01:58:06.344Z,178822788634400
"""gurtyo @ gpP9uUffpu"" bets 60",2026-09-01T01:58:05.171Z,178822788517100
"""LingWae @ FQN9hzhzP_"" checks",2026-09-01T01:58:02.361Z,178822788236100
"River: J♦, K♦, 9♦, 2♦ [J♣]",2026-09-01T01:57:57.938Z,178822787793800
"""gurtyo @ gpP9uUffpu"" calls 167",2026-09-01T01:57:57.093Z,178822787709300
"""LingWae @ FQN9hzhzP_"" bets 167",2026-09-01T01:57:55.922Z,178822787592200
"Turn: J♦, K♦, 9♦ [2♦]",2026-09-01T01:57:52.504Z,178822787250400
"""gurtyo @ gpP9uUffpu"" calls 167",2026-09-01T01:57:51.644Z,178822787164400
"""LingWae @ FQN9hzhzP_"" bets 167",2026-09-01T01:57:49.989Z,178822786998900
"Flop:  [J♦, K♦, 9♦]",2026-09-01T01:57:39.000Z,178822785900000
"""woolball @ oMsP5L3lJa"" folds",2026-09-01T01:57:38.194Z,178822785819400
"""LingWae @ FQN9hzhzP_"" calls 50",2026-09-01T01:57:37.270Z,178822785727000
"""gurtyo @ gpP9uUffpu"" raises to 50",2026-09-01T01:57:35.523Z,178822785552300
"""woolball @ oMsP5L3lJa"" posts a big blind of 10",2026-09-01T01:57:32.336Z,178822785233606
"""LingWae @ FQN9hzhzP_"" posts a small blind of 5",2026-09-01T01:57:32.336Z,178822785233605
"Your hand is K♠, Q♦",2026-09-01T01:57:32.336Z,178822785233602
"Player stacks: #1 ""gurtyo @ gpP9uUffpu"" (1602) | #2 ""LingWae @ FQN9hzhzP_"" (4450) | #10 ""woolball @ oMsP5L3lJa"" (1292)",2026-09-01T01:57:32.336Z,178822785233601
"-- starting hand #226 (id: mtrsetsowshi)  No Limit Texas Hold'em (dealer: ""gurtyo @ gpP9uUffpu"") --",2026-09-01T01:57:32.336Z,178822785233600
"""LingWae @ FQN9hzhzP_"" shows a 8♠.",2026-09-01T01:57:31.245Z,178822785124500
"""gurtyo @ gpP9uUffpu"" shows a 2♠, 5♣.",2026-09-01T01:57:30.059Z,178822785005900
"""LingWae @ FQN9hzhzP_"" shows a 6♦.",2026-09-01T01:57:29.425Z,178822784942500
"""woolball @ oMsP5L3lJa"" shows a 4♥.",2026-09-01T01:57:27.465Z,178822784746500
"Undealt cards: K♦, 4♠, 9♠ [J♣, 9♦]",2026-09-01T01:57:24.635Z,178822784463500
"-- ending hand #225 --",2026-09-01T01:57:24.290Z,178822784429002
"""woolball @ oMsP5L3lJa"" collected 120 from pot",2026-09-01T01:57:24.290Z,178822784429001
"Uncalled bet of 120 returned to ""woolball @ oMsP5L3lJa""",2026-09-01T01:57:24.290Z,178822784429000
"""LingWae @ FQN9hzhzP_"" folds",2026-09-01T01:57:23.480Z,178822784348000
"""gurtyo @ gpP9uUffpu"" folds",2026-09-01T01:57:21.917Z,178822784191700
"""woolball @ oMsP5L3lJa"" bets 120",2026-09-01T01:57:20.928Z,178822784092800
"""LingWae @ FQN9hzhzP_"" checks",2026-09-01T01:57:19.019Z,178822783901900
"""gurtyo @ gpP9uUffpu"" checks",2026-09-01T01:57:15.654Z,178822783565400
"Flop:  [K♦, 4♠, 9♠]",2026-09-01T01:57:13.546Z,178822783354600
"""LingWae @ FQN9hzhzP_"" calls 40",2026-09-01T01:57:12.741Z,178822783274100
"""gurtyo @ gpP9uUffpu"" calls 40",2026-09-01T01:57:11.124Z,178822783112400
"""woolball @ oMsP5L3lJa"" raises to 40",2026-09-01T01:57:07.341Z,178822782734100
"""LingWae @ FQN9hzhzP_"" posts a big blind of 10",2026-09-01T01:57:03.098Z,178822782309806
"""gurtyo @ gpP9uUffpu"" posts a small blind of 5",2026-09-01T01:57:03.098Z,178822782309805
"Your hand is 2♠, 5♣",2026-09-01T01:57:03.098Z,178822782309802
"Player stacks: #1 ""gurtyo @ gpP9uUffpu"" (1642) | #2 ""LingWae @ FQN9hzhzP_"" (4490) | #10 ""woolball @ oMsP5L3lJa"" (1212)",2026-09-01T01:57:03.098Z,178822782309801
"-- starting hand #225 (id: qzzauwhnoc0x)  No Limit Texas Hold'em (dealer: ""woolball @ oMsP5L3lJa"") --",2026-09-01T01:57:03.098Z,178822782309800
"""LingWae @ FQN9hzhzP_"" shows a 8♠, 6♥.",2026-09-01T01:56:58.496Z,178822781849600
"Undealt cards: 3♦, 10♠, 3♠, A♥ [A♦]",2026-09-01T01:56:56.693Z,178822781669300
"-- ending hand #224 --",2026-09-01T01:56:56.476Z,178822781647602
"""LingWae @ FQN9hzhzP_"" collected 540 from pot",2026-09-01T01:56:56.476Z,178822781647601
"Uncalled bet of 270 returned to ""LingWae @ FQN9hzhzP_""",2026-09-01T01:56:56.476Z,178822781647600
"""gurtyo @ gpP9uUffpu"" folds",2026-09-01T01:56:55.641Z,178822781564100
"""LingWae @ FQN9hzhzP_"" raises to 360",2026-09-01T01:56:53.626Z,178822781362600
"""gurtyo @ gpP9uUffpu"" bets 90",2026-09-01T01:56:47.785Z,178822780778500
"Turn: 3♦, 10♠, 3♠ [A♥]",2026-09-01T01:56:44.677Z,178822780467700
"""woolball @ oMsP5L3lJa"" folds",2026-09-01T01:56:43.851Z,178822780385100
"""LingWae @ FQN9hzhzP_"" calls 90",2026-09-01T01:56:42.719Z,178822780271900
"""gurtyo @ gpP9uUffpu"" bets 90",2026-09-01T01:56:36.614Z,178822779661400
"""woolball @ oMsP5L3lJa"" checks",2026-09-01T01:56:33.602Z,178822779360200
"Flop:  [3♦, 10♠, 3♠]",2026-09-01T01:56:31.650Z,178822779165000
"""woolball @ oMsP5L3lJa"" calls 60",2026-09-01T01:56:30.816Z,178822779081600
"""LingWae @ FQN9hzhzP_"" calls 60",2026-09-01T01:56:29.000Z,178822778900000
"""gurtyo @ gpP9uUffpu"" raises to 60",2026-09-01T01:56:25.799Z,178822778579900
"""woolball @ oMsP5L3lJa"" calls 10",2026-09-01T01:56:23.343Z,178822778334300
"""LingWae @ FQN9hzhzP_"" calls 10",2026-09-01T01:56:20.765Z,178822778076500
"""gurtyo @ gpP9uUffpu"" posts a big blind of 10",2026-09-01T01:56:18.871Z,178822777887106
"""woolball @ oMsP5L3lJa"" posts a small blind of 5",2026-09-01T01:56:18.871Z,178822777887105
"Player stacks: #1 ""gurtyo @ gpP9uUffpu"" (1882) | #2 ""LingWae @ FQN9hzhzP_"" (4190) | #10 ""woolball @ oMsP5L3lJa"" (1272)",2026-09-01T01:56:18.871Z,178822777887101
"-- starting hand #224 (id: mbfhuspfl50n)  No Limit Texas Hold'em (dealer: ""LingWae @ FQN9hzhzP_"") --",2026-09-01T01:56:18.871Z,178822777887100
"""woolball @ oMsP5L3lJa"" shows a 7♥.",2026-09-01T01:56:17.353Z,178822777735300
"""LingWae @ FQN9hzhzP_"" shows a 10♣.",2026-09-01T01:56:15.045Z,178822777504500
"-- ending hand #223 --",2026-09-01T01:56:14.565Z,178822777456502
"""gurtyo @ gpP9uUffpu"" collected 110 from pot",2026-09-01T01:56:14.565Z,178822777456501
"Uncalled bet of 40 returned to ""gurtyo @ gpP9uUffpu""",2026-09-01T01:56:14.565Z,178822777456500
"""LingWae @ FQN9hzhzP_"" folds",2026-09-01T01:56:13.735Z,178822777373500
"""gurtyo @ gpP9uUffpu"" raises to 50",2026-09-01T01:56:11.792Z,178822777179200
"""LingWae @ FQN9hzhzP_"" bets 10",2026-09-01T01:56:09.818Z,178822776981800
"River: Q♣, K♠, 4♠, 7♦ [4♥]",2026-09-01T01:56:04.359Z,178822776435900
"""gurtyo @ gpP9uUffpu"" checks",2026-09-01T01:56:03.531Z,178822776353100
"""LingWae @ FQN9hzhzP_"" checks",2026-09-01T01:56:02.384Z,178822776238400
"Turn: Q♣, K♠, 4♠ [7♦]",2026-09-01T01:56:01.083Z,178822776108300
"""gurtyo @ gpP9uUffpu"" checks",2026-09-01T01:56:00.266Z,178822776026600
"""LingWae @ FQN9hzhzP_"" checks",2026-09-01T01:55:57.787Z,178822775778700
"Flop:  [Q♣, K♠, 4♠]",2026-09-01T01:55:55.174Z,178822775517400
"""woolball @ oMsP5L3lJa"" folds",2026-09-01T01:55:54.355Z,178822775435500
"""LingWae @ FQN9hzhzP_"" calls 40",2026-09-01T01:55:49.444Z,178822774944400
"""gurtyo @ gpP9uUffpu"" raises to 40",2026-09-01T01:55:47.193Z,178822774719300
"""woolball @ oMsP5L3lJa"" posts a big blind of 10",2026-09-01T01:55:43.581Z,178822774358106
"""LingWae @ FQN9hzhzP_"" posts a small blind of 5",2026-09-01T01:55:43.581Z,178822774358105
"Player stacks: #1 ""gurtyo @ gpP9uUffpu"" (1822) | #2 ""LingWae @ FQN9hzhzP_"" (4240) | #10 ""woolball @ oMsP5L3lJa"" (1282)",2026-09-01T01:55:43.581Z,178822774358101
"-- starting hand #223 (id: ijpsyph2wyht)  No Limit Texas Hold'em (dealer: ""gurtyo @ gpP9uUffpu"") --",2026-09-01T01:55:43.581Z,178822774358100
"""gurtyo @ gpP9uUffpu"" shows a 4♠, K♠.",2026-09-01T01:55:39.423Z,178822773942300
"-- ending hand #222 --",2026-09-01T01:55:37.076Z,178822773707603
"""woolball @ oMsP5L3lJa"" collected 484 from pot with Pair, K's (combination: 8♥, 9♣, 10♥, K♥, K♣)",2026-09-01T01:55:37.076Z,178822773707602
"""woolball @ oMsP5L3lJa"" shows a 8♥, K♥.",2026-09-01T01:55:37.076Z,178822773707601
"""LingWae @ FQN9hzhzP_"" shows a J♠, 5♣.",2026-09-01T01:55:37.076Z,178822773707600
"""gurtyo @ gpP9uUffpu"" folds",2026-09-01T01:55:36.198Z,178822773619800
"""woolball @ oMsP5L3lJa"" calls 167",2026-09-01T01:55:34.479Z,178822773447900
"""LingWae @ FQN9hzhzP_"" raises to 167",2026-09-01T01:55:23.387Z,178822772338700
"""gurtyo @ gpP9uUffpu"" bets 30",2026-09-01T01:55:19.990Z,178822771999000
"River: K♣, 10♥, 6♠, 2♦ [9♣]",2026-09-01T01:55:17.909Z,178822771790900
"""woolball @ oMsP5L3lJa"" checks",2026-09-01T01:55:17.068Z,178822771706800
"""LingWae @ FQN9hzhzP_"" checks",2026-09-01T01:55:16.039Z,178822771603900
"""gurtyo @ gpP9uUffpu"" checks",2026-09-01T01:55:14.943Z,178822771494300
"Turn: K♣, 10♥, 6♠ [2♦]",2026-09-01T01:55:13.175Z,178822771317500
"""LingWae @ FQN9hzhzP_"" calls 30",2026-09-01T01:55:12.359Z,178822771235900
"""gurtyo @ gpP9uUffpu"" calls 30",2026-09-01T01:55:11.143Z,178822771114300
"""woolball @ oMsP5L3lJa"" bets 30",2026-09-01T01:55:09.947Z,178822770994700
"""LingWae @ FQN9hzhzP_"" checks",2026-09-01T01:55:07.723Z,178822770772300
"""gurtyo @ gpP9uUffpu"" checks",2026-09-01T01:55:05.962Z,178822770596200
"Flop:  [K♣, 10♥, 6♠]",2026-09-01T01:55:04.569Z,178822770456900
"""LingWae @ FQN9hzhzP_"" checks",2026-09-01T01:55:03.754Z,178822770375400
"""gurtyo @ gpP9uUffpu"" calls 10",2026-09-01T01:55:01.636Z,178822770163600
"""woolball @ oMsP5L3lJa"" calls 10",2026-09-01T01:54:59.544Z,178822769954400
"""LingWae @ FQN9hzhzP_"" posts a big blind of 10",2026-09-01T01:54:57.739Z,178822769773906
"""gurtyo @ gpP9uUffpu"" posts a small blind of 5",2026-09-01T01:54:57.739Z,178822769773905
"Your hand is 4♠, K♠",2026-09-01T01:54:57.739Z,178822769773902
"Player stacks: #1 ""gurtyo @ gpP9uUffpu"" (1892) | #2 ""LingWae @ FQN9hzhzP_"" (4447) | #10 ""woolball @ oMsP5L3lJa"" (1005)",2026-09-01T01:54:57.739Z,178822769773901
"-- starting hand #222 (id: j15ivjju3pmf)  No Limit Texas Hold'em (dealer: ""woolball @ oMsP5L3lJa"") --",2026-09-01T01:54:57.739Z,178822769773900
"""LingWae @ FQN9hzhzP_"" shows a Q♣.",2026-09-01T01:54:54.710Z,178822769471000
"-- ending hand #221 --",2026-09-01T01:54:51.234Z,178822769123402
"""gurtyo @ gpP9uUffpu"" collected 398 from pot with Pair, K's (combination: 10♣, Q♥, A♥, K♦, K♣)",2026-09-01T01:54:51.234Z,178822769123401
"""gurtyo @ gpP9uUffpu"" shows a K♦, A♥.",2026-09-01T01:54:51.234Z,178822769123400
"""LingWae @ FQN9hzhzP_"" calls 134",2026-09-01T01:54:50.372Z,178822769037200
"""gurtyo @ gpP9uUffpu"" raises to 134",2026-09-01T01:54:49.154Z,178822768915400
"""LingWae @ FQN9hzhzP_"" raises to 67",2026-09-01T01:54:44.842Z,178822768484200
"""gurtyo @ gpP9uUffpu"" bets 20",2026-09-01T01:54:42.468Z,178822768246800
"River: 5♥, 8♦, 10♣, Q♥ [K♣]",2026-09-01T01:54:40.228Z,178822768022800
"""LingWae @ FQN9hzhzP_"" checks",2026-09-01T01:54:39.312Z,178822767931200
"""gurtyo @ gpP9uUffpu"" checks",2026-09-01T01:54:37.019Z,178822767701900
"Turn: 5♥, 8♦, 10♣ [Q♥]",2026-09-01T01:54:36.425Z,178822767642500
"""LingWae @ FQN9hzhzP_"" checks",2026-09-01T01:54:35.491Z,178822767549100
"""gurtyo @ gpP9uUffpu"" checks",2026-09-01T01:54:34.347Z,178822767434700
"Flop:  [5♥, 8♦, 10♣]",2026-09-01T01:54:32.422Z,178822767242200
"""woolball @ oMsP5L3lJa"" folds",2026-09-01T01:54:31.504Z,178822767150400
"""LingWae @ FQN9hzhzP_"" calls 60",2026-09-01T01:54:30.442Z,178822767044200
"""gurtyo @ gpP9uUffpu"" raises to 60",2026-09-01T01:54:28.611Z,178822766861100
"""woolball @ oMsP5L3lJa"" calls 10",2026-09-01T01:54:26.485Z,178822766648500
"""LingWae @ FQN9hzhzP_"" calls 10",2026-09-01T01:54:24.475Z,178822766447500
"""gurtyo @ gpP9uUffpu"" posts a big blind of 10",2026-09-01T01:54:17.444Z,178822765744406
"""woolball @ oMsP5L3lJa"" posts a small blind of 5",2026-09-01T01:54:17.444Z,178822765744405
"Your hand is K♦, A♥",2026-09-01T01:54:17.444Z,178822765744402
"Player stacks: #1 ""gurtyo @ gpP9uUffpu"" (1688) | #2 ""LingWae @ FQN9hzhzP_"" (4641) | #10 ""woolball @ oMsP5L3lJa"" (1015)",2026-09-01T01:54:17.444Z,178822765744401
"-- starting hand #221 (id: kvaskn5rzryx)  No Limit Texas Hold'em (dealer: ""LingWae @ FQN9hzhzP_"") --",2026-09-01T01:54:17.444Z,178822765744400
"-- ending hand #220 --",2026-09-01T01:54:11.401Z,178822765140103
"""woolball @ oMsP5L3lJa"" collected 90 from pot with Pair, Q's (combination: 4♠, 5♦, 10♣, Q♣, Q♥)",2026-09-01T01:54:11.401Z,178822765140102
"""woolball @ oMsP5L3lJa"" shows a 5♦, Q♣.",2026-09-01T01:54:11.401Z,178822765140101
"""LingWae @ FQN9hzhzP_"" shows a 9♠, 2♦.",2026-09-01T01:54:11.401Z,178822765140100
"""gurtyo @ gpP9uUffpu"" checks",2026-09-01T01:54:10.539Z,178822765053900
"""woolball @ oMsP5L3lJa"" checks",2026-09-01T01:54:09.632Z,178822764963200
"""LingWae @ FQN9hzhzP_"" checks",2026-09-01T01:54:06.988Z,178822764698800
"River: 2♥, 3♠, Q♥, 4♠ [10♣]",2026-09-01T01:54:03.801Z,178822764380100
"""gurtyo @ gpP9uUffpu"" calls 10",2026-09-01T01:54:02.948Z,178822764294800
"""woolball @ oMsP5L3lJa"" calls 10",2026-09-01T01:54:01.989Z,178822764198900
"""LingWae @ FQN9hzhzP_"" bets 10",2026-09-01T01:54:00.553Z,178822764055300
"Turn: 2♥, 3♠, Q♥ [4♠]",2026-09-01T01:53:58.963Z,178822763896300
"""gurtyo @ gpP9uUffpu"" calls 10",2026-09-01T01:53:58.116Z,178822763811600
"""woolball @ oMsP5L3lJa"" calls 10",2026-09-01T01:53:57.100Z,178822763710000
"""LingWae @ FQN9hzhzP_"" bets 10",2026-09-01T01:53:55.621Z,178822763562100
"Flop:  [2♥, 3♠, Q♥]",2026-09-01T01:53:51.560Z,178822763156000
"""woolball @ oMsP5L3lJa"" checks",2026-09-01T01:53:50.707Z,178822763070700
"""LingWae @ FQN9hzhzP_"" calls 10",2026-09-01T01:53:48.832Z,178822762883200
"""gurtyo @ gpP9uUffpu"" calls 10",2026-09-01T01:53:47.216Z,178822762721600
"""woolball @ oMsP5L3lJa"" posts a big blind of 10",2026-09-01T01:53:45.756Z,178822762575606
"""LingWae @ FQN9hzhzP_"" posts a small blind of 5",2026-09-01T01:53:45.756Z,178822762575605
"Player stacks: #1 ""gurtyo @ gpP9uUffpu"" (1718) | #2 ""LingWae @ FQN9hzhzP_"" (4671) | #10 ""woolball @ oMsP5L3lJa"" (955)",2026-09-01T01:53:45.756Z,178822762575601
"-- starting hand #220 (id: cv8ga7red4ns)  No Limit Texas Hold'em (dealer: ""gurtyo @ gpP9uUffpu"") --",2026-09-01T01:53:45.756Z,178822762575600
"""LingWae @ FQN9hzhzP_"" shows a 9♥, 5♠.",2026-09-01T01:53:43.820Z,178822762382000
"-- ending hand #219 --",2026-09-01T01:53:42.082Z,178822762208202
"""gurtyo @ gpP9uUffpu"" collected 50 from pot",2026-09-01T01:53:42.082Z,178822762208201
"Uncalled bet of 50 returned to ""gurtyo @ gpP9uUffpu""",2026-09-01T01:53:42.082Z,178822762208200
"""LingWae @ FQN9hzhzP_"" folds",2026-09-01T01:53:41.217Z,178822762121700
"""gurtyo @ gpP9uUffpu"" bets 50",2026-09-01T01:53:36.017Z,178822761601700
"River: 8♠, K♥, K♦, 3♥ [J♦]",2026-09-01T01:53:31.674Z,178822761167400
"""gurtyo @ gpP9uUffpu"" calls 10",2026-09-01T01:53:30.824Z,178822761082400
"""woolball @ oMsP5L3lJa"" folds",2026-09-01T01:53:29.884Z,178822760988400
"""LingWae @ FQN9hzhzP_"" bets 10",2026-09-01T01:53:26.758Z,178822760675800
"""gurtyo @ gpP9uUffpu"" checks",2026-09-01T01:53:22.834Z,178822760283400
"Turn: 8♠, K♥, K♦ [3♥]",2026-09-01T01:53:18.262Z,178822759826200
"""woolball @ oMsP5L3lJa"" checks",2026-09-01T01:53:17.376Z,178822759737600
"""LingWae @ FQN9hzhzP_"" checks",2026-09-01T01:53:15.578Z,178822759557800
"""gurtyo @ gpP9uUffpu"" checks",2026-09-01T01:53:13.877Z,178822759387700
"Flop:  [8♠, K♥, K♦]",2026-09-01T01:53:12.258Z,178822759225800
"""LingWae @ FQN9hzhzP_"" checks",2026-09-01T01:53:11.437Z,178822759143700
"""gurtyo @ gpP9uUffpu"" calls 10",2026-09-01T01:53:07.803Z,178822758780300
"""woolball @ oMsP5L3lJa"" calls 10",2026-09-01T01:53:06.417Z,178822758641700
"""LingWae @ FQN9hzhzP_"" posts a big blind of 10",2026-09-01T01:53:04.710Z,178822758471006
"""gurtyo @ gpP9uUffpu"" posts a small blind of 5",2026-09-01T01:53:04.710Z,178822758471005
"Player stacks: #1 ""gurtyo @ gpP9uUffpu"" (1688) | #2 ""LingWae @ FQN9hzhzP_"" (4691) | #10 ""woolball @ oMsP5L3lJa"" (965)",2026-09-01T01:53:04.710Z,178822758471001
"-- starting hand #219 (id: msd6e0diuqze)  No Limit Texas Hold'em (dealer: ""woolball @ oMsP5L3lJa"") --",2026-09-01T01:53:04.710Z,178822758471000
"""LingWae @ FQN9hzhzP_"" shows a A♥, K♠.",2026-09-01T01:53:00.245Z,178822758024500
"Undealt cards: 7♥, 2♥, 7♦ [J♣, Q♣]",2026-09-01T01:52:58.717Z,178822757871700
"-- ending hand #218 --",2026-09-01T01:52:58.079Z,178822757807902
"""gurtyo @ gpP9uUffpu"" collected 110 from pot",2026-09-01T01:52:58.079Z,178822757807901
"Uncalled bet of 110 returned to ""gurtyo @ gpP9uUffpu""",2026-09-01T01:52:58.079Z,178822757807900
"""LingWae @ FQN9hzhzP_"" folds",2026-09-01T01:52:57.220Z,178822757722000
"""gurtyo @ gpP9uUffpu"" bets 110",2026-09-01T01:52:53.208Z,178822757320800
"Flop:  [7♥, 2♥, 7♦]",2026-09-01T01:52:50.550Z,178822757055000
"""woolball @ oMsP5L3lJa"" folds",2026-09-01T01:52:49.669Z,178822756966900
"""LingWae @ FQN9hzhzP_"" calls 50",2026-09-01T01:52:48.489Z,178822756848900
"""gurtyo @ gpP9uUffpu"" raises to 50",2026-09-01T01:52:46.069Z,178822756606900
"""woolball @ oMsP5L3lJa"" calls 10",2026-09-01T01:52:43.550Z,178822756355000
"""LingWae @ FQN9hzhzP_"" calls 10",2026-09-01T01:52:42.473Z,178822756247300
"""gurtyo @ gpP9uUffpu"" posts a big blind of 10",2026-09-01T01:52:36.146Z,178822755614606
"""woolball @ oMsP5L3lJa"" posts a small blind of 5",2026-09-01T01:52:36.146Z,178822755614605
"Player stacks: #1 ""gurtyo @ gpP9uUffpu"" (1628) | #2 ""LingWae @ FQN9hzhzP_"" (4741) | #10 ""woolball @ oMsP5L3lJa"" (975)",2026-09-01T01:52:36.146Z,178822755614601
"-- starting hand #218 (id: gaq8dgmkyfpv)  No Limit Texas Hold'em (dealer: ""LingWae @ FQN9hzhzP_"") --",2026-09-01T01:52:36.146Z,178822755614600
"""LingWae @ FQN9hzhzP_"" shows a 7♠, 6♦.",2026-09-01T01:52:33.243Z,178822755324300
"""gurtyo @ gpP9uUffpu"" shows a 4♠.",2026-09-01T01:52:32.315Z,178822755231500
"-- ending hand #217 --",2026-09-01T01:52:31.770Z,178822755177002
"""LingWae @ FQN9hzhzP_"" collected 90 from pot",2026-09-01T01:52:31.770Z,178822755177001
"Uncalled bet of 167 returned to ""LingWae @ FQN9hzhzP_""",2026-09-01T01:52:31.770Z,178822755177000
"""gurtyo @ gpP9uUffpu"" folds",2026-09-01T01:52:30.960Z,178822755096000
"""woolball @ oMsP5L3lJa"" folds",2026-09-01T01:52:25.442Z,178822754544200
"""LingWae @ FQN9hzhzP_"" bets 167",2026-09-01T01:52:23.790Z,178822754379000
"River: 9♥, K♦, 5♣, 9♣ [8♠]",2026-09-01T01:52:20.538Z,178822754053800
"""gurtyo @ gpP9uUffpu"" checks",2026-09-01T01:52:19.650Z,178822753965000
"""woolball @ oMsP5L3lJa"" checks",2026-09-01T01:52:18.744Z,178822753874400
"""LingWae @ FQN9hzhzP_"" checks",2026-09-01T01:52:17.599Z,178822753759900
"Turn: 9♥, K♦, 5♣ [9♣]",2026-09-01T01:52:15.303Z,178822753530300
"""gurtyo @ gpP9uUffpu"" checks",2026-09-01T01:52:14.499Z,178822753449900
"""woolball @ oMsP5L3lJa"" checks",2026-09-01T01:52:13.553Z,178822753355300
"""LingWae @ FQN9hzhzP_"" checks",2026-09-01T01:52:11.837Z,178822753183700
"Flop:  [9♥, K♦, 5♣]",2026-09-01T01:52:09.101Z,178822752910100
"""woolball @ oMsP5L3lJa"" calls 30",2026-09-01T01:52:08.200Z,178822752820000
"""LingWae @ FQN9hzhzP_"" calls 30",2026-09-01T01:52:07.139Z,178822752713900
"""gurtyo @ gpP9uUffpu"" raises to 30",2026-09-01T01:52:01.946Z,178822752194600
"""woolball @ oMsP5L3lJa"" posts a big blind of 10",2026-09-01T01:51:59.893Z,178822751989306
"""LingWae @ FQN9hzhzP_"" posts a small blind of 5",2026-09-01T01:51:59.893Z,178822751989305
"Player stacks: #1 ""gurtyo @ gpP9uUffpu"" (1658) | #2 ""LingWae @ FQN9hzhzP_"" (4681) | #10 ""woolball @ oMsP5L3lJa"" (1005)",2026-09-01T01:51:59.893Z,178822751989301
"-- starting hand #217 (id: s4a7uujryluy)  No Limit Texas Hold'em (dealer: ""gurtyo @ gpP9uUffpu"") --",2026-09-01T01:51:59.893Z,178822751989300
"-- ending hand #216 --",2026-09-01T01:51:53.882Z,178822751388204
"""gurtyo @ gpP9uUffpu"" collected 1658 from pot with Full House, 7's over A's (combination: A♦, A♥, 7♦, 7♣, 7♥)",2026-09-01T01:51:53.882Z,178822751388203
"""gurtyo @ gpP9uUffpu"" shows a A♦, 7♦.",2026-09-01T01:51:53.882Z,178822751388202
"""woolball @ oMsP5L3lJa"" shows a 4♦, 5♣.",2026-09-01T01:51:53.882Z,178822751388201
"Uncalled bet of 1005 returned to ""woolball @ oMsP5L3lJa""",2026-09-01T01:51:53.882Z,178822751388200
"""gurtyo @ gpP9uUffpu"" calls 629 and go all in",2026-09-01T01:51:53.076Z,178822751307600
"""woolball @ oMsP5L3lJa"" raises to 1634 and go all in",2026-09-01T01:51:51.929Z,178822751192900
"""gurtyo @ gpP9uUffpu"" bets 80",2026-09-01T01:51:45.821Z,178822750582100
"River: 6♣, 7♣, A♥, 7♥ [K♠]",2026-09-01T01:51:39.757Z,178822749975700
"""woolball @ oMsP5L3lJa"" calls 80",2026-09-01T01:51:38.879Z,178822749887900
"""gurtyo @ gpP9uUffpu"" bets 80",2026-09-01T01:51:37.521Z,178822749752100
"Turn: 6♣, 7♣, A♥ [7♥]",2026-09-01T01:51:33.874Z,178822749387400
"""woolball @ oMsP5L3lJa"" calls 60",2026-09-01T01:51:33.021Z,178822749302100
"""LingWae @ FQN9hzhzP_"" folds",2026-09-01T01:51:30.739Z,178822749073900
"""gurtyo @ gpP9uUffpu"" bets 60",2026-09-01T01:51:28.390Z,178822748839000
"Flop:  [6♣, 7♣, A♥]",2026-09-01T01:51:25.202Z,178822748520200
"""woolball @ oMsP5L3lJa"" calls 40",2026-09-01T01:51:24.374Z,178822748437400
"""LingWae @ FQN9hzhzP_"" calls 40",2026-09-01T01:51:22.124Z,178822748212400
"""gurtyo @ gpP9uUffpu"" raises to 40",2026-09-01T01:51:19.601Z,178822747960100
"""woolball @ oMsP5L3lJa"" calls 10",2026-09-01T01:51:17.758Z,178822747775800
"""LingWae @ FQN9hzhzP_"" posts a big blind of 10",2026-09-01T01:51:15.948Z,178822747594806
"""gurtyo @ gpP9uUffpu"" posts a small blind of 5",2026-09-01T01:51:15.948Z,178822747594805
"Your hand is A♦, 7♦",2026-09-01T01:51:15.948Z,178822747594802
"Player stacks: #1 ""gurtyo @ gpP9uUffpu"" (809) | #2 ""LingWae @ FQN9hzhzP_"" (4721) | #10 ""woolball @ oMsP5L3lJa"" (1814)",2026-09-01T01:51:15.948Z,178822747594801
"-- starting hand #216 (id: 97rhrw1d3utr)  No Limit Texas Hold'em (dealer: ""woolball @ oMsP5L3lJa"") --",2026-09-01T01:51:15.948Z,178822747594800
"""gurtyo @ gpP9uUffpu"" shows a 8♠.",2026-09-01T01:51:12.560Z,178822747256000
"""LingWae @ FQN9hzhzP_"" shows a A♥, Q♥.",2026-09-01T01:51:10.388Z,178822747038800
"Undealt cards: 2♠, 8♥, 2♦, A♣ [5♥]",2026-09-01T01:51:08.818Z,178822746881800
"-- ending hand #215 --",2026-09-01T01:51:08.594Z,178822746859402
"""LingWae @ FQN9hzhzP_"" collected 170 from pot",2026-09-01T01:51:08.594Z,178822746859401
"Uncalled bet of 83 returned to ""LingWae @ FQN9hzhzP_""",2026-09-01T01:51:08.594Z,178822746859400
"""gurtyo @ gpP9uUffpu"" folds",2026-09-01T01:51:07.746Z,178822746774600
"""woolball @ oMsP5L3lJa"" folds",2026-09-01T01:51:06.605Z,178822746660500
"""LingWae @ FQN9hzhzP_"" raises to 123",2026-09-01T01:51:05.648Z,178822746564800
"""gurtyo @ gpP9uUffpu"" bets 40",2026-09-01T01:51:00.774Z,178822746077400
"""woolball @ oMsP5L3lJa"" checks",2026-09-01T01:50:57.752Z,178822745775200
"Turn: 2♠, 8♥, 2♦ [A♣]",2026-09-01T01:50:56.345Z,178822745634500
"""woolball @ oMsP5L3lJa"" calls 20",2026-09-01T01:50:55.483Z,178822745548300
"""LingWae @ FQN9hzhzP_"" calls 20",2026-09-01T01:50:53.825Z,178822745382500
"""gurtyo @ gpP9uUffpu"" bets 20",2026-09-01T01:50:52.838Z,178822745283800
"""woolball @ oMsP5L3lJa"" checks",2026-09-01T01:50:50.269Z,178822745026900
"Flop:  [2♠, 8♥, 2♦]",2026-09-01T01:50:46.028Z,178822744602800
"""gurtyo @ gpP9uUffpu"" checks",2026-09-01T01:50:45.137Z,178822744513700
"""woolball @ oMsP5L3lJa"" calls 10",2026-09-01T01:50:44.176Z,178822744417600
"""LingWae @ FQN9hzhzP_"" calls 10",2026-09-01T01:50:42.096Z,178822744209600
"""gurtyo @ gpP9uUffpu"" posts a big blind of 10",2026-09-01T01:50:35.592Z,178822743559206
"""woolball @ oMsP5L3lJa"" posts a small blind of 5",2026-09-01T01:50:35.592Z,178822743559205
"Player stacks: #1 ""gurtyo @ gpP9uUffpu"" (879) | #2 ""LingWae @ FQN9hzhzP_"" (4621) | #10 ""woolball @ oMsP5L3lJa"" (1844)",2026-09-01T01:50:35.592Z,178822743559201
"-- starting hand #215 (id: jhx2xu0lsihx)  No Limit Texas Hold'em (dealer: ""LingWae @ FQN9hzhzP_"") --",2026-09-01T01:50:35.592Z,178822743559200
"""LingWae @ FQN9hzhzP_"" shows a 8♠, 5♦.",2026-09-01T01:50:32.979Z,178822743297900
"-- ending hand #214 --",2026-09-01T01:50:31.885Z,178822743188502
"""LingWae @ FQN9hzhzP_"" collected 380 from pot",2026-09-01T01:50:31.885Z,178822743188501
"Uncalled bet of 187 returned to ""LingWae @ FQN9hzhzP_""",2026-09-01T01:50:31.885Z,178822743188500
"""woolball @ oMsP5L3lJa"" folds",2026-09-01T01:50:31.074Z,178822743107400
"""LingWae @ FQN9hzhzP_"" raises to 367",2026-09-01T01:50:24.583Z,178822742458300
"""woolball @ oMsP5L3lJa"" raises to 180",2026-09-01T01:50:20.100Z,178822742010000
"""LingWae @ FQN9hzhzP_"" bets 67",2026-09-01T01:50:17.775Z,178822741777500
"River: 3♠, 3♥, 8♣, K♥ [8♥]",2026-09-01T01:50:12.777Z,178822741277700
"""woolball @ oMsP5L3lJa"" checks",2026-09-01T01:50:11.916Z,178822741191600
"""LingWae @ FQN9hzhzP_"" checks",2026-09-01T01:50:10.874Z,178822741087400
"Turn: 3♠, 3♥, 8♣ [K♥]",2026-09-01T01:50:09.475Z,178822740947500
"""woolball @ oMsP5L3lJa"" checks",2026-09-01T01:50:08.662Z,178822740866200
"""LingWae @ FQN9hzhzP_"" checks",2026-09-01T01:50:07.712Z,178822740771200
"Flop:  [3♠, 3♥, 8♣]",2026-09-01T01:50:03.972Z,178822740397200
"""woolball @ oMsP5L3lJa"" checks",2026-09-01T01:50:03.093Z,178822740309300
"""LingWae @ FQN9hzhzP_"" calls 10",2026-09-01T01:50:01.723Z,178822740172300
"""gurtyo @ gpP9uUffpu"" folds",2026-09-01T01:49:57.986Z,178822739798600
"""woolball @ oMsP5L3lJa"" posts a big blind of 10",2026-09-01T01:49:56.491Z,178822739649106
"""LingWae @ FQN9hzhzP_"" posts a small blind of 5",2026-09-01T01:49:56.491Z,178822739649105
"Player stacks: #1 ""gurtyo @ gpP9uUffpu"" (879) | #2 ""LingWae @ FQN9hzhzP_"" (4431) | #10 ""woolball @ oMsP5L3lJa"" (2034)",2026-09-01T01:49:56.491Z,178822739649101
"-- starting hand #214 (id: 45cvwwwoytks)  No Limit Texas Hold'em (dealer: ""gurtyo @ gpP9uUffpu"") --",2026-09-01T01:49:56.491Z,178822739649100
"""LingWae @ FQN9hzhzP_"" shows a 9♦.",2026-09-01T01:49:53.582Z,178822739358200
"""gurtyo @ gpP9uUffpu"" shows a J♥.",2026-09-01T01:49:52.928Z,178822739292800
"-- ending hand #213 --",2026-09-01T01:49:52.124Z,178822739212402
"""gurtyo @ gpP9uUffpu"" collected 190 from pot",2026-09-01T01:49:52.124Z,178822739212401
"Uncalled bet of 95 returned to ""gurtyo @ gpP9uUffpu""",2026-09-01T01:49:52.124Z,178822739212400
"""LingWae @ FQN9hzhzP_"" folds",2026-09-01T01:49:51.294Z,178822739129400
"""gurtyo @ gpP9uUffpu"" bets 95",2026-09-01T01:49:47.432Z,178822738743200
"River: J♦, 2♦, 10♥, 8♥ [9♥]",2026-09-01T01:49:38.598Z,178822737859800
"""LingWae @ FQN9hzhzP_"" calls 60",2026-09-01T01:49:37.786Z,178822737778600
"""gurtyo @ gpP9uUffpu"" bets 60",2026-09-01T01:49:33.639Z,178822737363900
"Turn: J♦, 2♦, 10♥ [8♥]",2026-09-01T01:49:29.792Z,178822736979200
"""woolball @ oMsP5L3lJa"" folds",2026-09-01T01:49:28.929Z,178822736892900
"""LingWae @ FQN9hzhzP_"" calls 20",2026-09-01T01:49:24.881Z,178822736488100
"""gurtyo @ gpP9uUffpu"" bets 20",2026-09-01T01:49:21.713Z,178822736171300
"Flop:  [J♦, 2♦, 10♥]",2026-09-01T01:49:18.254Z,178822735825400
"""LingWae @ FQN9hzhzP_"" checks",2026-09-01T01:49:17.405Z,178822735740500
"""gurtyo @ gpP9uUffpu"" calls 10",2026-09-01T01:49:11.735Z,178822735173500
"""woolball @ oMsP5L3lJa"" calls 10",2026-09-01T01:49:09.967Z,178822734996700
"""LingWae @ FQN9hzhzP_"" posts a big blind of 10",2026-09-01T01:49:07.977Z,178822734797706
"""gurtyo @ gpP9uUffpu"" posts a small blind of 5",2026-09-01T01:49:07.977Z,178822734797705
"Player stacks: #1 ""gurtyo @ gpP9uUffpu"" (779) | #2 ""LingWae @ FQN9hzhzP_"" (4521) | #10 ""woolball @ oMsP5L3lJa"" (2044)",2026-09-01T01:49:07.977Z,178822734797701
"-- starting hand #213 (id: nz8jlkzqmiol)  No Limit Texas Hold'em (dealer: ""woolball @ oMsP5L3lJa"") --",2026-09-01T01:49:07.977Z,178822734797700
"""gurtyo @ gpP9uUffpu"" shows a 6♠.",2026-09-01T01:49:03.059Z,178822734305900
"-- ending hand #212 --",2026-09-01T01:49:01.439Z,178822734143902
"""woolball @ oMsP5L3lJa"" collected 1440 from pot with Full House, 6's over 5's (combination: 5♥, 5♦, 6♥, 6♦, 6♣)",2026-09-01T01:49:01.439Z,178822734143901
"""woolball @ oMsP5L3lJa"" shows a 6♥, 5♥.",2026-09-01T01:49:01.439Z,178822734143900
"""gurtyo @ gpP9uUffpu"" calls 540",2026-09-01T01:49:00.612Z,178822734061200
"""woolball @ oMsP5L3lJa"" raises to 540",2026-09-01T01:48:59.473Z,178822733947300
"""gurtyo @ gpP9uUffpu"" bets 120",2026-09-01T01:48:53.216Z,178822733321600
"""woolball @ oMsP5L3lJa"" checks",2026-09-01T01:48:49.828Z,178822732982800
"River: 6♦, 4♥, 5♦, 6♣ [J♠]",2026-09-01T01:48:47.729Z,178822732772900
"""LingWae @ FQN9hzhzP_"" folds",2026-09-01T01:48:46.877Z,178822732687700
"""gurtyo @ gpP9uUffpu"" calls 120",2026-09-01T01:48:45.965Z,178822732596500
"""woolball @ oMsP5L3lJa"" bets 120",2026-09-01T01:48:41.785Z,178822732178500
"Turn: 6♦, 4♥, 5♦ [6♣]",2026-09-01T01:48:38.052Z,178822731805200
"""LingWae @ FQN9hzhzP_"" calls 30",2026-09-01T01:48:37.223Z,178822731722300
"""gurtyo @ gpP9uUffpu"" calls 30",2026-09-01T01:48:36.252Z,178822731625200
"""woolball @ oMsP5L3lJa"" bets 30",2026-09-01T01:48:32.090Z,178822731209000
"Flop:  [6♦, 4♥, 5♦]",2026-09-01T01:48:28.717Z,178822730871700
"""gurtyo @ gpP9uUffpu"" checks",2026-09-01T01:48:27.867Z,178822730786700
"""woolball @ oMsP5L3lJa"" calls 10",2026-09-01T01:48:26.915Z,178822730691500
"""LingWae @ FQN9hzhzP_"" calls 10",2026-09-01T01:48:25.853Z,178822730585300
"""gurtyo @ gpP9uUffpu"" posts a big blind of 10",2026-09-01T01:48:23.715Z,178822730371506
"""woolball @ oMsP5L3lJa"" posts a small blind of 5",2026-09-01T01:48:23.715Z,178822730371505
"Player stacks: #1 ""gurtyo @ gpP9uUffpu"" (1479) | #2 ""LingWae @ FQN9hzhzP_"" (4561) | #10 ""woolball @ oMsP5L3lJa"" (1304)",2026-09-01T01:48:23.715Z,178822730371501
"-- starting hand #212 (id: 2zejpf8kv77z)  No Limit Texas Hold'em (dealer: ""LingWae @ FQN9hzhzP_"") --",2026-09-01T01:48:23.715Z,178822730371500
"""LingWae @ FQN9hzhzP_"" shows a 9♥.",2026-09-01T01:48:20.409Z,178822730040900
"Undealt cards: 5♦, 9♠, 4♣, 5♠ [3♠]",2026-09-01T01:48:17.369Z,178822729736900
"-- ending hand #211 --",2026-09-01T01:48:17.045Z,178822729704502
"""LingWae @ FQN9hzhzP_"" collected 164 from pot",2026-09-01T01:48:17.045Z,178822729704501
"Uncalled bet of 67 returned to ""LingWae @ FQN9hzhzP_""",2026-09-01T01:48:17.045Z,178822729704500
"""gurtyo @ gpP9uUffpu"" folds",2026-09-01T01:48:16.193Z,178822729619300
"""LingWae @ FQN9hzhzP_"" bets 67",2026-09-01T01:48:15.133Z,178822729513300
"Turn: 5♦, 9♠, 4♣ [5♠]",2026-09-01T01:48:11.038Z,178822729103800
"""gurtyo @ gpP9uUffpu"" calls 67",2026-09-01T01:48:10.232Z,178822729023200
"""woolball @ oMsP5L3lJa"" folds",2026-09-01T01:48:09.319Z,178822728931900
"""LingWae @ FQN9hzhzP_"" raises to 67",2026-09-01T01:48:07.120Z,178822728712000
"""gurtyo @ gpP9uUffpu"" bets 10",2026-09-01T01:48:04.097Z,178822728409700
"""woolball @ oMsP5L3lJa"" checks",2026-09-01T01:48:02.866Z,178822728286600
"""LingWae @ FQN9hzhzP_"" checks",2026-09-01T01:48:00.835Z,178822728083500
"Flop:  [5♦, 9♠, 4♣]",2026-09-01T01:47:57.261Z,178822727726100
"""woolball @ oMsP5L3lJa"" checks",2026-09-01T01:47:56.416Z,178822727641600
"""LingWae @ FQN9hzhzP_"" calls 10",2026-09-01T01:47:52.416Z,178822727241600
"""gurtyo @ gpP9uUffpu"" calls 10",2026-09-01T01:47:50.902Z,178822727090200
"""woolball @ oMsP5L3lJa"" posts a big blind of 10",2026-09-01T01:47:48.609Z,178822726860906
"""LingWae @ FQN9hzhzP_"" posts a small blind of 5",2026-09-01T01:47:48.609Z,178822726860905
"Player stacks: #1 ""gurtyo @ gpP9uUffpu"" (1556) | #2 ""LingWae @ FQN9hzhzP_"" (4474) | #10 ""woolball @ oMsP5L3lJa"" (1314)",2026-09-01T01:47:48.609Z,178822726860901
"-- starting hand #211 (id: bdwopmrkgkwz)  No Limit Texas Hold'em (dealer: ""gurtyo @ gpP9uUffpu"") --",2026-09-01T01:47:48.609Z,178822726860900
"""LingWae @ FQN9hzhzP_"" shows a 9♥.",2026-09-01T01:47:44.982Z,178822726498200
"Undealt cards: K♠, 5♠, 9♠, 10♦ [Q♠]",2026-09-01T01:47:42.784Z,178822726278400
"-- ending hand #210 --",2026-09-01T01:47:41.991Z,178822726199102
"""woolball @ oMsP5L3lJa"" collected 337 from pot",2026-09-01T01:47:41.991Z,178822726199101
"Uncalled bet of 199 returned to ""woolball @ oMsP5L3lJa""",2026-09-01T01:47:41.991Z,178822726199100
"""gurtyo @ gpP9uUffpu"" folds",2026-09-01T01:47:41.153Z,178822726115300
"""woolball @ oMsP5L3lJa"" raises to 300",2026-09-01T01:47:38.242Z,178822725824200
"""LingWae @ FQN9hzhzP_"" folds",2026-09-01T01:47:32.618Z,178822725261800
"""gurtyo @ gpP9uUffpu"" bets 101",2026-09-01T01:47:29.977Z,178822724997700
"Turn: K♠, 5♠, 9♠ [10♦]",2026-09-01T01:47:27.114Z,178822724711400
"""gurtyo @ gpP9uUffpu"" calls 10",2026-09-01T01:47:26.222Z,178822724622200
"""woolball @ oMsP5L3lJa"" calls 10",2026-09-01T01:47:24.864Z,178822724486400
"""LingWae @ FQN9hzhzP_"" bets 10",2026-09-01T01:47:23.565Z,178822724356500
"""gurtyo @ gpP9uUffpu"" checks",2026-09-01T01:47:20.453Z,178822724045300
"Flop:  [K♠, 5♠, 9♠]",2026-09-01T01:47:18.707Z,178822723870700
"""gurtyo @ gpP9uUffpu"" calls 35",2026-09-01T01:47:17.802Z,178822723780200
"""woolball @ oMsP5L3lJa"" calls 35",2026-09-01T01:47:16.808Z,178822723680800
"""LingWae @ FQN9hzhzP_"" raises to 35",2026-09-01T01:47:14.782Z,178822723478200
"""gurtyo @ gpP9uUffpu"" calls 10",2026-09-01T01:47:11.143Z,178822723114300
"""woolball @ oMsP5L3lJa"" calls 10",2026-09-01T01:47:09.269Z,178822722926900
"""LingWae @ FQN9hzhzP_"" posts a big blind of 10",2026-09-01T01:47:07.374Z,178822722737406
"""gurtyo @ gpP9uUffpu"" posts a small blind of 5",2026-09-01T01:47:07.374Z,178822722737405
"Player stacks: #1 ""gurtyo @ gpP9uUffpu"" (1702) | #2 ""LingWae @ FQN9hzhzP_"" (4519) | #10 ""woolball @ oMsP5L3lJa"" (1123)",2026-09-01T01:47:07.374Z,178822722737401
"-- starting hand #210 (id: nlyndilgbaa9)  No Limit Texas Hold'em (dealer: ""woolball @ oMsP5L3lJa"") --",2026-09-01T01:47:07.374Z,178822722737400
"-- ending hand #209 --",2026-09-01T01:47:01.316Z,178822722131603
"""gurtyo @ gpP9uUffpu"" collected 270 from pot with Pair, 10's (combination: 6♥, 7♣, A♥, 10♣, 10♦)",2026-09-01T01:47:01.316Z,178822722131602
"""gurtyo @ gpP9uUffpu"" shows a 6♥, 10♣.",2026-09-01T01:47:01.316Z,178822722131601
"""woolball @ oMsP5L3lJa"" shows a 9♠, 5♦.",2026-09-01T01:47:01.316Z,178822722131600
"""gurtyo @ gpP9uUffpu"" calls 120",2026-09-01T01:47:00.472Z,178822722047200
"""woolball @ oMsP5L3lJa"" raises to 120",2026-09-01T01:46:58.701Z,178822721870100
"""LingWae @ FQN9hzhzP_"" folds",2026-09-01T01:46:55.433Z,178822721543300
"""gurtyo @ gpP9uUffpu"" bets 30",2026-09-01T01:46:54.514Z,178822721451400
"""woolball @ oMsP5L3lJa"" checks",2026-09-01T01:46:52.396Z,178822721239600
"River: 10♦, A♥, 7♣, 2♥ [4♦]",2026-09-01T01:46:47.880Z,178822720788000
"""LingWae @ FQN9hzhzP_"" checks",2026-09-01T01:46:47.009Z,178822720700900
"""gurtyo @ gpP9uUffpu"" checks",2026-09-01T01:46:45.827Z,178822720582700
"""woolball @ oMsP5L3lJa"" checks",2026-09-01T01:46:44.900Z,178822720490000
"Turn: 10♦, A♥, 7♣ [2♥]",2026-09-01T01:46:43.676Z,178822720367600
"""LingWae @ FQN9hzhzP_"" checks",2026-09-01T01:46:42.796Z,178822720279600
"""gurtyo @ gpP9uUffpu"" checks",2026-09-01T01:46:41.520Z,178822720152000
"""woolball @ oMsP5L3lJa"" checks",2026-09-01T01:46:40.350Z,178822720035000
"Flop:  [10♦, A♥, 7♣]",2026-09-01T01:46:37.686Z,178822719768600
"""gurtyo @ gpP9uUffpu"" checks",2026-09-01T01:46:36.803Z,178822719680300
"""woolball @ oMsP5L3lJa"" calls 10",2026-09-01T01:46:34.284Z,178822719428400
"""LingWae @ FQN9hzhzP_"" calls 10",2026-09-01T01:46:32.364Z,178822719236400
"""gurtyo @ gpP9uUffpu"" posts a big blind of 10",2026-09-01T01:46:24.510Z,178822718451006
"""woolball @ oMsP5L3lJa"" posts a small blind of 5",2026-09-01T01:46:24.510Z,178822718451005
"Your hand is 6♥, 10♣",2026-09-01T01:46:24.510Z,178822718451002
"Player stacks: #1 ""gurtyo @ gpP9uUffpu"" (1562) | #2 ""LingWae @ FQN9hzhzP_"" (4529) | #10 ""woolball @ oMsP5L3lJa"" (1253)",2026-09-01T01:46:24.510Z,178822718451001
"-- starting hand #209 (id: abn6rybxyg3z)  No Limit Texas Hold'em (dealer: ""LingWae @ FQN9hzhzP_"") --",2026-09-01T01:46:24.510Z,178822718451000
"-- ending hand #208 --",2026-09-01T01:46:18.467Z,178822717846702
"""woolball @ oMsP5L3lJa"" collected 320 from pot with Pair, 10's (combination: 8♥, 9♦, Q♠, 10♦, 10♣)",2026-09-01T01:46:18.467Z,178822717846701
"""woolball @ oMsP5L3lJa"" shows a 10♦, 9♦.",2026-09-01T01:46:18.467Z,178822717846700
"""gurtyo @ gpP9uUffpu"" calls 80",2026-09-01T01:46:17.607Z,178822717760700
"""woolball @ oMsP5L3lJa"" bets 80",2026-09-01T01:46:15.192Z,178822717519200
"River: 8♥, 3♠, Q♠, 10♣ [7♣]",2026-09-01T01:46:10.059Z,178822717005900
"""LingWae @ FQN9hzhzP_"" folds",2026-09-01T01:46:09.192Z,178822716919200
"""gurtyo @ gpP9uUffpu"" calls 50",2026-09-01T01:46:08.290Z,178822716829000
"""woolball @ oMsP5L3lJa"" bets 50",2026-09-01T01:46:06.569Z,178822716656900
"""LingWae @ FQN9hzhzP_"" checks",2026-09-01T01:46:02.853Z,178822716285300
"Turn: 8♥, 3♠, Q♠ [10♣]",2026-09-01T01:46:00.378Z,178822716037800
"""gurtyo @ gpP9uUffpu"" checks",2026-09-01T01:45:59.479Z,178822715947900
"""woolball @ oMsP5L3lJa"" checks",2026-09-01T01:45:58.499Z,178822715849900
"""LingWae @ FQN9hzhzP_"" checks",2026-09-01T01:45:55.918Z,178822715591800
"Flop:  [8♥, 3♠, Q♠]",2026-09-01T01:45:54.069Z,178822715406900
"""LingWae @ FQN9hzhzP_"" calls 20",2026-09-01T01:45:53.190Z,178822715319000
"""gurtyo @ gpP9uUffpu"" calls 20",2026-09-01T01:45:51.692Z,178822715169200
"""woolball @ oMsP5L3lJa"" raises to 20",2026-09-01T01:45:50.101Z,178822715010100
"""LingWae @ FQN9hzhzP_"" calls 10",2026-09-01T01:45:46.208Z,178822714620800
"""gurtyo @ gpP9uUffpu"" calls 10",2026-09-01T01:45:42.726Z,178822714272600
"""woolball @ oMsP5L3lJa"" posts a big blind of 10",2026-09-01T01:45:41.158Z,178822714115806
"""LingWae @ FQN9hzhzP_"" posts a small blind of 5",2026-09-01T01:45:41.158Z,178822714115805
"Player stacks: #1 ""gurtyo @ gpP9uUffpu"" (1712) | #2 ""LingWae @ FQN9hzhzP_"" (4549) | #10 ""woolball @ oMsP5L3lJa"" (1083)",2026-09-01T01:45:41.158Z,178822714115801
"-- starting hand #208 (id: xfe1bihtxzkz)  No Limit Texas Hold'em (dealer: ""gurtyo @ gpP9uUffpu"") --",2026-09-01T01:45:41.158Z,178822714115800
"-- ending hand #207 --",2026-09-01T01:45:35.065Z,178822713506502
"""LingWae @ FQN9hzhzP_"" collected 634 from pot with Full House, 6's over K's (combination: K♦, K♣, 6♠, 6♥, 6♦)",2026-09-01T01:45:35.065Z,178822713506501
"""LingWae @ FQN9hzhzP_"" shows a 6♠, 6♥.",2026-09-01T01:45:35.065Z,178822713506500
"""gurtyo @ gpP9uUffpu"" folds",2026-09-01T01:45:34.235Z,178822713423500
"""woolball @ oMsP5L3lJa"" calls 167",2026-09-01T01:45:33.300Z,178822713330000
"""LingWae @ FQN9hzhzP_"" bets 167",2026-09-01T01:45:30.627Z,178822713062700
"""gurtyo @ gpP9uUffpu"" checks",2026-09-01T01:45:26.760Z,178822712676000
"River: 3♥, K♦, 4♠, 6♦ [K♣]",2026-09-01T01:45:20.910Z,178822712091000
"""woolball @ oMsP5L3lJa"" checks",2026-09-01T01:45:20.095Z,178822712009500
"""LingWae @ FQN9hzhzP_"" checks",2026-09-01T01:45:18.926Z,178822711892600
"""gurtyo @ gpP9uUffpu"" checks",2026-09-01T01:45:17.792Z,178822711779200
"Turn: 3♥, K♦, 4♠ [6♦]",2026-09-01T01:45:15.055Z,178822711505500
"""LingWae @ FQN9hzhzP_"" calls 60",2026-09-01T01:45:14.175Z,178822711417500
"""gurtyo @ gpP9uUffpu"" calls 60",2026-09-01T01:45:13.181Z,178822711318100
"""woolball @ oMsP5L3lJa"" bets 60",2026-09-01T01:45:11.325Z,178822711132500
"""LingWae @ FQN9hzhzP_"" checks",2026-09-01T01:45:09.410Z,178822710941000
"""gurtyo @ gpP9uUffpu"" checks",2026-09-01T01:45:05.978Z,178822710597800
"Flop:  [3♥, K♦, 4♠]",2026-09-01T01:44:57.973Z,178822709797300
"""LingWae @ FQN9hzhzP_"" calls 40",2026-09-01T01:44:57.125Z,178822709712500
"""gurtyo @ gpP9uUffpu"" calls 40",2026-09-01T01:44:49.276Z,178822708927600
"""woolball @ oMsP5L3lJa"" raises to 40",2026-09-01T01:44:47.455Z,178822708745500
"""LingWae @ FQN9hzhzP_"" posts a big blind of 10",2026-09-01T01:44:44.490Z,178822708449006
"""gurtyo @ gpP9uUffpu"" posts a small blind of 5",2026-09-01T01:44:44.490Z,178822708449005
"Player stacks: #1 ""gurtyo @ gpP9uUffpu"" (1812) | #2 ""LingWae @ FQN9hzhzP_"" (4182) | #10 ""woolball @ oMsP5L3lJa"" (1350)",2026-09-01T01:44:44.490Z,178822708449001
"-- starting hand #207 (id: lojcipfdunca)  No Limit Texas Hold'em (dealer: ""woolball @ oMsP5L3lJa"") --",2026-09-01T01:44:44.490Z,178822708449000
"""LingWae @ FQN9hzhzP_"" shows a A♣, 10♦.",2026-09-01T01:44:39.293Z,178822707929300
"-- ending hand #206 --",2026-09-01T01:44:37.964Z,178822707796402
"""gurtyo @ gpP9uUffpu"" collected 350 from pot with Pair, J's (combination: 4♥, 9♣, Q♥, J♦, J♣)",2026-09-01T01:44:37.964Z,178822707796401
"""gurtyo @ gpP9uUffpu"" shows a J♦, J♣.",2026-09-01T01:44:37.964Z,178822707796400
"""LingWae @ FQN9hzhzP_"" checks",2026-09-01T01:44:37.136Z,178822707713600
"""gurtyo @ gpP9uUffpu"" checks",2026-09-01T01:44:35.927Z,178822707592700
"River: 3♣, 9♣, Q♥, 2♣ [4♥]",2026-09-01T01:44:32.961Z,178822707296100
"""LingWae @ FQN9hzhzP_"" calls 70",2026-09-01T01:44:32.104Z,178822707210400
"""gurtyo @ gpP9uUffpu"" bets 70",2026-09-01T01:44:30.971Z,178822707097100
"Turn: 3♣, 9♣, Q♥ [2♣]",2026-09-01T01:44:28.160Z,178822706816000
"""LingWae @ FQN9hzhzP_"" calls 40",2026-09-01T01:44:27.292Z,178822706729200
"""gurtyo @ gpP9uUffpu"" bets 40",2026-09-01T01:44:24.297Z,178822706429700
"Flop:  [3♣, 9♣, Q♥]",2026-09-01T01:44:20.755Z,178822706075500
"""woolball @ oMsP5L3lJa"" folds",2026-09-01T01:44:19.879Z,178822705987900
"""LingWae @ FQN9hzhzP_"" calls 60",2026-09-01T01:44:17.473Z,178822705747300
"""gurtyo @ gpP9uUffpu"" raises to 60",2026-09-01T01:44:16.283Z,178822705628300
"""woolball @ oMsP5L3lJa"" calls 10",2026-09-01T01:44:13.707Z,178822705370700
"""LingWae @ FQN9hzhzP_"" calls 10",2026-09-01T01:44:11.530Z,178822705153000
"""gurtyo @ gpP9uUffpu"" posts a big blind of 10",2026-09-01T01:44:10.389Z,178822705038906
"""woolball @ oMsP5L3lJa"" posts a small blind of 5",2026-09-01T01:44:10.389Z,178822705038905
"Your hand is J♦, J♣",2026-09-01T01:44:10.389Z,178822705038902
"Player stacks: #1 ""gurtyo @ gpP9uUffpu"" (1632) | #2 ""LingWae @ FQN9hzhzP_"" (4352) | #10 ""woolball @ oMsP5L3lJa"" (1360)",2026-09-01T01:44:10.389Z,178822705038901
"-- starting hand #206 (id: ymkwsmrveuke)  No Limit Texas Hold'em (dealer: ""LingWae @ FQN9hzhzP_"") --",2026-09-01T01:44:10.389Z,178822705038900
"-- ending hand #205 --",2026-09-01T01:44:07.456Z,178822704745602
"""woolball @ oMsP5L3lJa"" collected 60 from pot",2026-09-01T01:44:07.456Z,178822704745601
"Uncalled bet of 60 returned to ""woolball @ oMsP5L3lJa""",2026-09-01T01:44:07.456Z,178822704745600
"""LingWae @ FQN9hzhzP_"" folds",2026-09-01T01:44:06.597Z,178822704659700
"""woolball @ oMsP5L3lJa"" bets 60",2026-09-01T01:44:04.771Z,178822704477100
"""LingWae @ FQN9hzhzP_"" checks",2026-09-01T01:44:02.854Z,178822704285400
"River: 9♠, 4♥, 4♣, J♦ [5♣]",2026-09-01T01:44:01.510Z,178822704151000
"""LingWae @ FQN9hzhzP_"" calls 20",2026-09-01T01:44:00.673Z,178822704067300
"""woolball @ oMsP5L3lJa"" bets 20",2026-09-01T01:43:59.384Z,178822703938400
"""LingWae @ FQN9hzhzP_"" checks",2026-09-01T01:43:57.593Z,178822703759300
"Turn: 9♠, 4♥, 4♣ [J♦]",2026-09-01T01:43:44.004Z,178822702400400
"""woolball @ oMsP5L3lJa"" checks",2026-09-01T01:43:43.198Z,178822702319800
"""LingWae @ FQN9hzhzP_"" checks",2026-09-01T01:43:41.780Z,178822702178000
"Flop:  [9♠, 4♥, 4♣]",2026-09-01T01:43:37.998Z,178822701799800
"""woolball @ oMsP5L3lJa"" checks",2026-09-01T01:43:37.167Z,178822701716700
"""LingWae @ FQN9hzhzP_"" calls 10",2026-09-01T01:43:30.140Z,178822701014000
"""gurtyo @ gpP9uUffpu"" folds",2026-09-01T01:43:28.742Z,178822700874200
"""woolball @ oMsP5L3lJa"" posts a big blind of 10",2026-09-01T01:43:27.678Z,178822700767806
"""LingWae @ FQN9hzhzP_"" posts a small blind of 5",2026-09-01T01:43:27.678Z,178822700767805
"Player stacks: #1 ""gurtyo @ gpP9uUffpu"" (1632) | #2 ""LingWae @ FQN9hzhzP_"" (4382) | #10 ""woolball @ oMsP5L3lJa"" (1330)",2026-09-01T01:43:27.678Z,178822700767801
"-- starting hand #205 (id: clfuy4hrqcxg)  No Limit Texas Hold'em (dealer: ""gurtyo @ gpP9uUffpu"") --",2026-09-01T01:43:27.678Z,178822700767800
"""LingWae @ FQN9hzhzP_"" shows a 8♥, A♥.",2026-09-01T01:43:23.243Z,178822700324300
"Undealt cards: 4♥, 10♦, K♦, Q♣ [9♣]",2026-09-01T01:43:21.388Z,178822700138800
"-- ending hand #204 --",2026-09-01T01:43:21.073Z,178822700107302
"""woolball @ oMsP5L3lJa"" collected 254 from pot",2026-09-01T01:43:21.073Z,178822700107301
"Uncalled bet of 100 returned to ""woolball @ oMsP5L3lJa""",2026-09-01T01:43:21.073Z,178822700107300
"""LingWae @ FQN9hzhzP_"" folds",2026-09-01T01:43:20.209Z,178822700020900
"""woolball @ oMsP5L3lJa"" bets 100",2026-09-01T01:43:15.678Z,178822699567800
"""LingWae @ FQN9hzhzP_"" checks",2026-09-01T01:43:12.781Z,178822699278100
"Turn: 4♥, 10♦, K♦ [Q♣]",2026-09-01T01:43:08.256Z,178822698825600
"""LingWae @ FQN9hzhzP_"" calls 67",2026-09-01T01:43:07.449Z,178822698744900
"""gurtyo @ gpP9uUffpu"" folds",2026-09-01T01:43:01.488Z,178822698148800
"""woolball @ oMsP5L3lJa"" bets 67",2026-09-01T01:42:58.601Z,178822697860100
"""LingWae @ FQN9hzhzP_"" checks",2026-09-01T01:42:55.153Z,178822697515300
"""gurtyo @ gpP9uUffpu"" checks",2026-09-01T01:42:51.180Z,178822697118000
"Flop:  [4♥, 10♦, K♦]",2026-09-01T01:42:49.774Z,178822696977400
"""LingWae @ FQN9hzhzP_"" calls 40",2026-09-01T01:42:35.636Z,178822695563600
"""gurtyo @ gpP9uUffpu"" calls 40",2026-09-01T01:42:33.924Z,178822695392400
"""woolball @ oMsP5L3lJa"" raises to 40",2026-09-01T01:42:23.891Z,178822694389100
"""LingWae @ FQN9hzhzP_"" posts a big blind of 10",2026-09-01T01:42:19.443Z,178822693944306
"""gurtyo @ gpP9uUffpu"" posts a small blind of 5",2026-09-01T01:42:19.443Z,178822693944305
"Player stacks: #1 ""gurtyo @ gpP9uUffpu"" (1672) | #2 ""LingWae @ FQN9hzhzP_"" (4489) | #10 ""woolball @ oMsP5L3lJa"" (1183)",2026-09-01T01:42:19.443Z,178822693944301
"-- starting hand #204 (id: 8vo958zw3sgc)  No Limit Texas Hold'em (dealer: ""woolball @ oMsP5L3lJa"") --",2026-09-01T01:42:19.443Z,178822693944300
"""gurtyo @ gpP9uUffpu"" shows a K♣.",2026-09-01T01:42:14.532Z,178822693453200
"-- ending hand #203 --",2026-09-01T01:42:12.913Z,178822693291302
"""LingWae @ FQN9hzhzP_"" collected 1251 from pot with Straight, 7 High (combination: 3♠, 4♣, 5♣, 6♣, 7♥)",2026-09-01T01:42:12.913Z,178822693291301
"""LingWae @ FQN9hzhzP_"" shows a 4♣, 7♥.",2026-09-01T01:42:12.913Z,178822693291300
"""gurtyo @ gpP9uUffpu"" calls 375",2026-09-01T01:42:12.083Z,178822693208300
"""woolball @ oMsP5L3lJa"" folds",2026-09-01T01:42:11.138Z,178822693113800
"""LingWae @ FQN9hzhzP_"" bets 375",2026-09-01T01:42:04.580Z,178822692458000
"""gurtyo @ gpP9uUffpu"" checks",2026-09-01T01:42:01.892Z,178822692189200
"""woolball @ oMsP5L3lJa"" checks",2026-09-01T01:41:59.039Z,178822691903900
"River: 3♠, 5♣, 6♣, K♠ [K♦]",2026-09-01T01:41:57.260Z,178822691726000
"""gurtyo @ gpP9uUffpu"" calls 157",2026-09-01T01:41:56.404Z,178822691640400
"""woolball @ oMsP5L3lJa"" calls 157",2026-09-01T01:41:54.927Z,178822691492700
"""LingWae @ FQN9hzhzP_"" raises to 157",2026-09-01T01:41:45.696Z,178822690569600
"""gurtyo @ gpP9uUffpu"" bets 30",2026-09-01T01:41:42.615Z,178822690261500
"""woolball @ oMsP5L3lJa"" checks",2026-09-01T01:41:39.984Z,178822689998400
"Turn: 3♠, 5♣, 6♣ [K♠]",2026-09-01T01:41:38.453Z,178822689845300
"""LingWae @ FQN9hzhzP_"" checks",2026-09-01T01:41:37.535Z,178822689753500
"""gurtyo @ gpP9uUffpu"" checks",2026-09-01T01:41:34.839Z,178822689483900
"""woolball @ oMsP5L3lJa"" checks",2026-09-01T01:41:33.908Z,178822689390800
"Flop:  [3♠, 5♣, 6♣]",2026-09-01T01:41:30.080Z,178822689008000
"""gurtyo @ gpP9uUffpu"" checks",2026-09-01T01:41:29.266Z,178822688926600
"""woolball @ oMsP5L3lJa"" calls 10",2026-09-01T01:41:28.041Z,178822688804100
"""LingWae @ FQN9hzhzP_"" calls 10",2026-09-01T01:41:26.356Z,178822688635600
"""gurtyo @ gpP9uUffpu"" posts a big blind of 10",2026-09-01T01:41:24.046Z,178822688404606
"""woolball @ oMsP5L3lJa"" posts a small blind of 5",2026-09-01T01:41:24.046Z,178822688404605
"Player stacks: #1 ""gurtyo @ gpP9uUffpu"" (2214) | #2 ""LingWae @ FQN9hzhzP_"" (3780) | #10 ""woolball @ oMsP5L3lJa"" (1350)",2026-09-01T01:41:24.046Z,178822688404601
"-- starting hand #203 (id: xlmktzv0stmw)  No Limit Texas Hold'em (dealer: ""LingWae @ FQN9hzhzP_"") --",2026-09-01T01:41:24.046Z,178822688404600
"""woolball @ oMsP5L3lJa"" shows a 9♦.",2026-09-01T01:41:21.927Z,178822688192700
"""LingWae @ FQN9hzhzP_"" shows a 8♣.",2026-09-01T01:41:20.264Z,178822688026400
"Undealt cards: Q♥, A♣, Q♦ [6♥, 8♥]",2026-09-01T01:41:17.048Z,178822687704800
"-- ending hand #202 --",2026-09-01T01:41:16.724Z,178822687672402
"""woolball @ oMsP5L3lJa"" collected 200 from pot",2026-09-01T01:41:16.724Z,178822687672401
"Uncalled bet of 110 returned to ""woolball @ oMsP5L3lJa""",2026-09-01T01:41:16.724Z,178822687672400
"""gurtyo @ gpP9uUffpu"" folds",2026-09-01T01:41:15.891Z,178822687589100
"""woolball @ oMsP5L3lJa"" raises to 150",2026-09-01T01:41:13.906Z,178822687390600
"""LingWae @ FQN9hzhzP_"" folds",2026-09-01T01:41:09.467Z,178822686946700
"""gurtyo @ gpP9uUffpu"" bets 40",2026-09-01T01:41:08.042Z,178822686804200
"""woolball @ oMsP5L3lJa"" checks",2026-09-01T01:41:04.912Z,178822686491200
"""LingWae @ FQN9hzhzP_"" checks",2026-09-01T01:41:02.878Z,178822686287800
"Flop:  [Q♥, A♣, Q♦]",2026-09-01T01:40:59.488Z,178822685948800
"""woolball @ oMsP5L3lJa"" calls 40",2026-09-01T01:40:58.609Z,178822685860900
"""LingWae @ FQN9hzhzP_"" calls 40",2026-09-01T01:40:56.905Z,178822685690500
"""gurtyo @ gpP9uUffpu"" raises to 40",2026-09-01T01:40:54.101Z,178822685410100
"""woolball @ oMsP5L3lJa"" posts a big blind of 10",2026-09-01T01:40:51.795Z,178822685179506
"""LingWae @ FQN9hzhzP_"" posts a small blind of 5",2026-09-01T01:40:51.795Z,178822685179505
"Player stacks: #1 ""gurtyo @ gpP9uUffpu"" (2294) | #2 ""LingWae @ FQN9hzhzP_"" (3820) | #10 ""woolball @ oMsP5L3lJa"" (1230)",2026-09-01T01:40:51.795Z,178822685179501
"-- starting hand #202 (id: hqluk72ijsnx)  No Limit Texas Hold'em (dealer: ""gurtyo @ gpP9uUffpu"") --",2026-09-01T01:40:51.795Z,178822685179500
"-- ending hand #201 --",2026-09-01T01:40:45.688Z,178822684568804
"""LingWae @ FQN9hzhzP_"" collected 139 from pot with Two Pair, A's & J's (combination: K♣, J♣, J♦, A♠, A♦)",2026-09-01T01:40:45.688Z,178822684568803
"""gurtyo @ gpP9uUffpu"" collected 139 from pot with Two Pair, A's & J's (combination: K♣, J♠, J♦, A♠, A♦)",2026-09-01T01:40:45.688Z,178822684568802
"""LingWae @ FQN9hzhzP_"" shows a 10♥, J♣.",2026-09-01T01:40:45.688Z,178822684568801
"""gurtyo @ gpP9uUffpu"" shows a 7♠, J♠.",2026-09-01T01:40:45.688Z,178822684568800
"""LingWae @ FQN9hzhzP_"" checks",2026-09-01T01:40:44.859Z,178822684485900
"""gurtyo @ gpP9uUffpu"" checks",2026-09-01T01:40:43.694Z,178822684369400
"River: K♣, A♠, J♦, A♦ [8♦]",2026-09-01T01:40:41.857Z,178822684185700
"""gurtyo @ gpP9uUffpu"" calls 67",2026-09-01T01:40:41.043Z,178822684104300
"""LingWae @ FQN9hzhzP_"" bets 67",2026-09-01T01:40:39.550Z,178822683955000
"""gurtyo @ gpP9uUffpu"" checks",2026-09-01T01:40:34.841Z,178822683484100
"Turn: K♣, A♠, J♦ [A♦]",2026-09-01T01:40:33.783Z,178822683378300
"""LingWae @ FQN9hzhzP_"" checks",2026-09-01T01:40:32.909Z,178822683290900
"""gurtyo @ gpP9uUffpu"" checks",2026-09-01T01:40:24.132Z,178822682413200
"Flop:  [K♣, A♠, J♦]",2026-09-01T01:40:22.370Z,178822682237000
"""gurtyo @ gpP9uUffpu"" calls 67",2026-09-01T01:40:21.528Z,178822682152800
"""woolball @ oMsP5L3lJa"" folds",2026-09-01T01:40:20.603Z,178822682060300
"""LingWae @ FQN9hzhzP_"" raises to 67",2026-09-01T01:40:18.469Z,178822681846900
"""gurtyo @ gpP9uUffpu"" calls 10",2026-09-01T01:40:08.658Z,178822680865800
"""woolball @ oMsP5L3lJa"" calls 10",2026-09-01T01:40:07.566Z,178822680756600
"""LingWae @ FQN9hzhzP_"" posts a big blind of 10",2026-09-01T01:40:05.158Z,178822680515806
"""gurtyo @ gpP9uUffpu"" posts a small blind of 5",2026-09-01T01:40:05.158Z,178822680515805
"Your hand is 7♠, J♠",2026-09-01T01:40:05.158Z,178822680515802
"Player stacks: #1 ""gurtyo @ gpP9uUffpu"" (2289) | #2 ""LingWae @ FQN9hzhzP_"" (3815) | #10 ""woolball @ oMsP5L3lJa"" (1240)",2026-09-01T01:40:05.158Z,178822680515801
"-- starting hand #201 (id: 9z6e1lrciqou)  No Limit Texas Hold'em (dealer: ""woolball @ oMsP5L3lJa"") --",2026-09-01T01:40:05.158Z,178822680515800
"-- ending hand #200 --",2026-09-01T01:39:59.083Z,178822679908303
"""LingWae @ FQN9hzhzP_"" collected 284 from pot with Pair, 9's (combination: 7♥, 8♣, 10♣, 9♠, 9♦)",2026-09-01T01:39:59.083Z,178822679908302
"""LingWae @ FQN9hzhzP_"" shows a 9♠, 7♥.",2026-09-01T01:39:59.083Z,178822679908301
"""gurtyo @ gpP9uUffpu"" shows a K♠, J♥.",2026-09-01T01:39:59.083Z,178822679908300
"""LingWae @ FQN9hzhzP_"" checks",2026-09-01T01:39:58.210Z,178822679821000
"""gurtyo @ gpP9uUffpu"" checks",2026-09-01T01:39:57.300Z,178822679730000
"River: 8♣, 3♥, 10♣, 5♦ [9♦]",2026-09-01T01:39:54.065Z,178822679406500
"""LingWae @ FQN9hzhzP_"" checks",2026-09-01T01:39:53.206Z,178822679320600
"""gurtyo @ gpP9uUffpu"" checks",2026-09-01T01:39:50.684Z,178822679068400
"Turn: 8♣, 3♥, 10♣ [5♦]",2026-09-01T01:39:50.056Z,178822679005600
"""gurtyo @ gpP9uUffpu"" calls 67",2026-09-01T01:39:49.222Z,178822678922200
"""woolball @ oMsP5L3lJa"" folds",2026-09-01T01:39:47.288Z,178822678728800
"""LingWae @ FQN9hzhzP_"" bets 67",2026-09-01T01:39:43.446Z,178822678344600
"""gurtyo @ gpP9uUffpu"" checks",2026-09-01T01:39:39.891Z,178822677989100
"""woolball @ oMsP5L3lJa"" checks",2026-09-01T01:39:37.361Z,178822677736100
"Flop:  [8♣, 3♥, 10♣]",2026-09-01T01:39:33.042Z,178822677304200
"""woolball @ oMsP5L3lJa"" calls 50",2026-09-01T01:39:32.197Z,178822677219700
"""LingWae @ FQN9hzhzP_"" calls 50",2026-09-01T01:39:28.409Z,178822676840900
"""gurtyo @ gpP9uUffpu"" raises to 50",2026-09-01T01:39:20.740Z,178822676074000
"""woolball @ oMsP5L3lJa"" calls 10",2026-09-01T01:39:11.603Z,178822675160300
"""LingWae @ FQN9hzhzP_"" calls 10",2026-09-01T01:39:08.055Z,178822674805500
"""gurtyo @ gpP9uUffpu"" posts a big blind of 10",2026-09-01T01:38:57.974Z,178822673797406
"""woolball @ oMsP5L3lJa"" posts a small blind of 5",2026-09-01T01:38:57.974Z,178822673797405
"Your hand is K♠, J♥",2026-09-01T01:38:57.974Z,178822673797402
"Player stacks: #1 ""gurtyo @ gpP9uUffpu"" (2406) | #2 ""LingWae @ FQN9hzhzP_"" (3648) | #10 ""woolball @ oMsP5L3lJa"" (1290)",2026-09-01T01:38:57.974Z,178822673797401
"-- starting hand #200 (id: wy35w5k0fbwa)  No Limit Texas Hold'em (dealer: ""LingWae @ FQN9hzhzP_"") --",2026-09-01T01:38:57.974Z,178822673797400
"""LingWae @ FQN9hzhzP_"" shows a 2♠, 8♣.",2026-09-01T01:38:56.185Z,178822673618500
"-- ending hand #199 --",2026-09-01T01:38:54.352Z,178822673435202
"""LingWae @ FQN9hzhzP_"" collected 978 from pot",2026-09-01T01:38:54.352Z,178822673435201
"Uncalled bet of 733 returned to ""LingWae @ FQN9hzhzP_""",2026-09-01T01:38:54.352Z,178822673435200
"""gurtyo @ gpP9uUffpu"" folds",2026-09-01T01:38:53.515Z,178822673351500
"""LingWae @ FQN9hzhzP_"" bets 733",2026-09-01T01:38:28.331Z,178822670833100
"River: 8♠, Q♣, 4♣, 2♦ [2♣]",2026-09-01T01:38:24.562Z,178822670456200
"""gurtyo @ gpP9uUffpu"" calls 367",2026-09-01T01:38:23.729Z,178822670372900
"""LingWae @ FQN9hzhzP_"" raises to 367",2026-09-01T01:38:20.964Z,178822670096400
"""gurtyo @ gpP9uUffpu"" bets 167",2026-09-01T01:38:18.497Z,178822669849700
"""LingWae @ FQN9hzhzP_"" checks",2026-09-01T01:38:15.689Z,178822669568900
"Turn: 8♠, Q♣, 4♣ [2♦]",2026-09-01T01:38:10.743Z,178822669074300
"""gurtyo @ gpP9uUffpu"" calls 67",2026-09-01T01:38:09.907Z,178822668990700
"""LingWae @ FQN9hzhzP_"" bets 67",2026-09-01T01:38:07.144Z,178822668714400
"Flop:  [8♠, Q♣, 4♣]",2026-09-01T01:38:02.525Z,178822668252500
"""woolball @ oMsP5L3lJa"" folds",2026-09-01T01:38:01.637Z,178822668163700
"""LingWae @ FQN9hzhzP_"" calls 50",2026-09-01T01:37:59.658Z,178822667965800
"""gurtyo @ gpP9uUffpu"" raises to 50",2026-09-01T01:37:51.862Z,178822667186200
"""woolball @ oMsP5L3lJa"" posts a big blind of 10",2026-09-01T01:37:49.894Z,178822666989406
"""LingWae @ FQN9hzhzP_"" posts a small blind of 5",2026-09-01T01:37:49.894Z,178822666989405
"Player stacks: #1 ""gurtyo @ gpP9uUffpu"" (2890) | #2 ""LingWae @ FQN9hzhzP_"" (3154) | #10 ""woolball @ oMsP5L3lJa"" (1300)",2026-09-01T01:37:49.894Z,178822666989401
"-- starting hand #199 (id: tdvr6hlgbl5v)  No Limit Texas Hold'em (dealer: ""gurtyo @ gpP9uUffpu"") --",2026-09-01T01:37:49.894Z,178822666989400
"""LingWae @ FQN9hzhzP_"" shows a Q♦, 8♦.",2026-09-01T01:37:46.508Z,178822666650800
"Undealt cards:  [2♣, 7♣, 10♣, 9♣, 2♦]",2026-09-01T01:37:43.790Z,178822666379000
"-- ending hand #198 --",2026-09-01T01:37:43.267Z,178822666326702
"""LingWae @ FQN9hzhzP_"" collected 30 from pot",2026-09-01T01:37:43.267Z,178822666326701
"Uncalled bet of 345 returned to ""LingWae @ FQN9hzhzP_""",2026-09-01T01:37:43.267Z,178822666326700
"""gurtyo @ gpP9uUffpu"" folds",2026-09-01T01:37:42.428Z,178822666242800
"""woolball @ oMsP5L3lJa"" folds",2026-09-01T01:37:41.142Z,178822666114200
"""LingWae @ FQN9hzhzP_"" raises to 355",2026-09-01T01:37:37.752Z,178822665775200
"""gurtyo @ gpP9uUffpu"" calls 10",2026-09-01T01:37:35.261Z,178822665526100
"""woolball @ oMsP5L3lJa"" calls 10",2026-09-01T01:37:33.160Z,178822665316000
"""LingWae @ FQN9hzhzP_"" posts a big blind of 10",2026-09-01T01:37:31.681Z,178822665168106
"""gurtyo @ gpP9uUffpu"" posts a small blind of 5",2026-09-01T01:37:31.681Z,178822665168105
"Player stacks: #1 ""gurtyo @ gpP9uUffpu"" (2900) | #2 ""LingWae @ FQN9hzhzP_"" (3134) | #10 ""woolball @ oMsP5L3lJa"" (1310)",2026-09-01T01:37:31.681Z,178822665168101
"-- starting hand #198 (id: nxdkhrijbyc4)  No Limit Texas Hold'em (dealer: ""woolball @ oMsP5L3lJa"") --",2026-09-01T01:37:31.681Z,178822665168100
"-- ending hand #197 --",2026-09-01T01:37:25.653Z,178822664565303
"""LingWae @ FQN9hzhzP_"" collected 170 from pot with Pair, 2's (combination: 9♥, 10♠, Q♥, 2♠, 2♣)",2026-09-01T01:37:25.653Z,178822664565302
"""LingWae @ FQN9hzhzP_"" shows a Q♥, 2♠.",2026-09-01T01:37:25.653Z,178822664565301
"""gurtyo @ gpP9uUffpu"" shows a J♦, A♠.",2026-09-01T01:37:25.653Z,178822664565300
"""LingWae @ FQN9hzhzP_"" calls 20",2026-09-01T01:37:24.751Z,178822664475100
"""gurtyo @ gpP9uUffpu"" bets 20",2026-09-01T01:37:23.718Z,178822664371800
"River: 2♣, 10♠, 7♣, 9♥ [4♥]",2026-09-01T01:37:20.648Z,178822664064800
"""LingWae @ FQN9hzhzP_"" checks",2026-09-01T01:37:19.799Z,178822663979900
"""gurtyo @ gpP9uUffpu"" checks",2026-09-01T01:37:18.638Z,178822663863800
"Turn: 2♣, 10♠, 7♣ [9♥]",2026-09-01T01:37:17.448Z,178822663744800
"""LingWae @ FQN9hzhzP_"" checks",2026-09-01T01:37:16.585Z,178822663658500
"""gurtyo @ gpP9uUffpu"" checks",2026-09-01T01:37:14.479Z,178822663447900
"Flop:  [2♣, 10♠, 7♣]",2026-09-01T01:37:12.845Z,178822663284500
"""woolball @ oMsP5L3lJa"" folds",2026-09-01T01:37:11.939Z,178822663193900
"""LingWae @ FQN9hzhzP_"" calls 60",2026-09-01T01:37:10.958Z,178822663095800
"""gurtyo @ gpP9uUffpu"" raises to 60",2026-09-01T01:37:08.131Z,178822662813100
"""woolball @ oMsP5L3lJa"" calls 10",2026-09-01T01:37:06.111Z,178822662611100
"""LingWae @ FQN9hzhzP_"" calls 10",2026-09-01T01:37:04.799Z,178822662479900
"""gurtyo @ gpP9uUffpu"" posts a big blind of 10",2026-09-01T01:37:02.191Z,178822662219106
"""woolball @ oMsP5L3lJa"" posts a small blind of 5",2026-09-01T01:37:02.191Z,178822662219105
"Your hand is J♦, A♠",2026-09-01T01:37:02.191Z,178822662219102
"Player stacks: #1 ""gurtyo @ gpP9uUffpu"" (2980) | #2 ""LingWae @ FQN9hzhzP_"" (3044) | #10 ""woolball @ oMsP5L3lJa"" (1320)",2026-09-01T01:37:02.191Z,178822662219101
"-- starting hand #197 (id: aizqc2mbi7yo)  No Limit Texas Hold'em (dealer: ""LingWae @ FQN9hzhzP_"") --",2026-09-01T01:37:02.191Z,178822662219100
"""woolball @ oMsP5L3lJa"" shows a 6♦.",2026-09-01T01:37:00.830Z,178822662083000
"""LingWae @ FQN9hzhzP_"" shows a 6♠, Q♠.",2026-09-01T01:36:58.394Z,178822661839400
"""gurtyo @ gpP9uUffpu"" shows a K♥, 2♦.",2026-09-01T01:36:57.119Z,178822661711900
"Undealt cards: Q♦, J♠, 4♥, 8♣ [7♣]",2026-09-01T01:36:54.855Z,178822661485500
"-- ending hand #196 --",2026-09-01T01:36:54.097Z,178822661409702
"""LingWae @ FQN9hzhzP_"" collected 120 from pot",2026-09-01T01:36:54.097Z,178822661409701
"Uncalled bet of 167 returned to ""LingWae @ FQN9hzhzP_""",2026-09-01T01:36:54.097Z,178822661409700
"""gurtyo @ gpP9uUffpu"" folds",2026-09-01T01:36:53.277Z,178822661327700
"""woolball @ oMsP5L3lJa"" folds",2026-09-01T01:36:50.739Z,178822661073900
"""LingWae @ FQN9hzhzP_"" bets 167",2026-09-01T01:36:48.330Z,178822660833000
"Turn: Q♦, J♠, 4♥ [8♣]",2026-09-01T01:36:42.757Z,178822660275700
"""gurtyo @ gpP9uUffpu"" checks",2026-09-01T01:36:41.906Z,178822660190600
"""woolball @ oMsP5L3lJa"" checks",2026-09-01T01:36:39.927Z,178822659992700
"""LingWae @ FQN9hzhzP_"" checks",2026-09-01T01:36:37.823Z,178822659782300
"Flop:  [Q♦, J♠, 4♥]",2026-09-01T01:36:30.485Z,178822659048500
"""woolball @ oMsP5L3lJa"" calls 40",2026-09-01T01:36:29.662Z,178822658966200
"""LingWae @ FQN9hzhzP_"" calls 40",2026-09-01T01:36:28.257Z,178822658825700
"""gurtyo @ gpP9uUffpu"" raises to 40",2026-09-01T01:36:26.090Z,178822658609000
"""woolball @ oMsP5L3lJa"" posts a big blind of 10",2026-09-01T01:36:23.575Z,178822658357506
"""LingWae @ FQN9hzhzP_"" posts a small blind of 5",2026-09-01T01:36:23.575Z,178822658357505
"Your hand is K♥, 2♦",2026-09-01T01:36:23.575Z,178822658357502
"Player stacks: #1 ""gurtyo @ gpP9uUffpu"" (3020) | #2 ""LingWae @ FQN9hzhzP_"" (2964) | #10 ""woolball @ oMsP5L3lJa"" (1360)",2026-09-01T01:36:23.575Z,178822658357501
"-- starting hand #196 (id: syihd14sfh3e)  No Limit Texas Hold'em (dealer: ""gurtyo @ gpP9uUffpu"") --",2026-09-01T01:36:23.575Z,178822658357500
"""woolball @ oMsP5L3lJa"" shows a 2♥.",2026-09-01T01:36:21.325Z,178822658132500
"-- ending hand #195 --",2026-09-01T01:36:19.952Z,178822657995202
"""woolball @ oMsP5L3lJa"" collected 150 from pot",2026-09-01T01:36:19.952Z,178822657995201
"Uncalled bet of 150 returned to ""woolball @ oMsP5L3lJa""",2026-09-01T01:36:19.952Z,178822657995200
"""LingWae @ FQN9hzhzP_"" folds",2026-09-01T01:36:19.128Z,178822657912800
"""woolball @ oMsP5L3lJa"" bets 150",2026-09-01T01:36:17.680Z,178822657768000
"""LingWae @ FQN9hzhzP_"" checks",2026-09-01T01:36:15.675Z,178822657567500
"River: 8♣, 10♣, 6♦, 5♦ [8♥]",2026-09-01T01:36:11.074Z,178822657107400
"""woolball @ oMsP5L3lJa"" checks",2026-09-01T01:36:10.179Z,178822657017900
"""LingWae @ FQN9hzhzP_"" checks",2026-09-01T01:36:09.145Z,178822656914500
"Turn: 8♣, 10♣, 6♦ [5♦]",2026-09-01T01:36:02.881Z,178822656288100
"""LingWae @ FQN9hzhzP_"" calls 60",2026-09-01T01:36:01.968Z,178822656196800
"""gurtyo @ gpP9uUffpu"" folds",2026-09-01T01:36:00.581Z,178822656058100
"""woolball @ oMsP5L3lJa"" bets 60",2026-09-01T01:35:59.489Z,178822655948900
"""LingWae @ FQN9hzhzP_"" checks",2026-09-01T01:35:56.142Z,178822655614200
"""gurtyo @ gpP9uUffpu"" checks",2026-09-01T01:35:53.570Z,178822655357000
"Flop:  [8♣, 10♣, 6♦]",2026-09-01T01:35:51.071Z,178822655107100
"""LingWae @ FQN9hzhzP_"" checks",2026-09-01T01:35:50.241Z,178822655024100
"""gurtyo @ gpP9uUffpu"" calls 10",2026-09-01T01:35:43.287Z,178822654328700
"""woolball @ oMsP5L3lJa"" calls 10",2026-09-01T01:35:42.296Z,178822654229600
"""LingWae @ FQN9hzhzP_"" posts a big blind of 10",2026-09-01T01:35:32.574Z,178822653257406
"""gurtyo @ gpP9uUffpu"" posts a small blind of 5",2026-09-01T01:35:32.574Z,178822653257405
"Player stacks: #1 ""gurtyo @ gpP9uUffpu"" (3030) | #2 ""LingWae @ FQN9hzhzP_"" (3034) | #10 ""woolball @ oMsP5L3lJa"" (1280)",2026-09-01T01:35:32.574Z,178822653257401
"-- starting hand #195 (id: ofzpezhpbxi0)  No Limit Texas Hold'em (dealer: ""woolball @ oMsP5L3lJa"") --",2026-09-01T01:35:32.574Z,178822653257400
"-- ending hand #194 --",2026-09-01T01:35:26.568Z,178822652656803
"""LingWae @ FQN9hzhzP_"" collected 482 from pot with Two Pair, Q's & 7's (combination: K♣, 7♣, 7♥, Q♣, Q♦)",2026-09-01T01:35:26.568Z,178822652656802
"""LingWae @ FQN9hzhzP_"" shows a Q♣, 7♣.",2026-09-01T01:35:26.568Z,178822652656801
"""gurtyo @ gpP9uUffpu"" shows a J♥, 4♣.",2026-09-01T01:35:26.568Z,178822652656800
"""LingWae @ FQN9hzhzP_"" calls 70",2026-09-01T01:35:25.652Z,178822652565200
"""gurtyo @ gpP9uUffpu"" bets 70",2026-09-01T01:35:24.500Z,178822652450000
"River: K♣, J♠, 10♠, 7♥ [Q♦]",2026-09-01T01:35:20.965Z,178822652096500
"""gurtyo @ gpP9uUffpu"" calls 156",2026-09-01T01:35:20.070Z,178822652007000
"""woolball @ oMsP5L3lJa"" folds",2026-09-01T01:35:19.121Z,178822651912100
"""LingWae @ FQN9hzhzP_"" raises to 156",2026-09-01T01:35:15.881Z,178822651588100
"""gurtyo @ gpP9uUffpu"" bets 30",2026-09-01T01:35:13.370Z,178822651337000
"""woolball @ oMsP5L3lJa"" checks",2026-09-01T01:35:10.826Z,178822651082600
"Turn: K♣, J♠, 10♠ [7♥]",2026-09-01T01:35:09.558Z,178822650955800
"""LingWae @ FQN9hzhzP_"" checks",2026-09-01T01:35:08.649Z,178822650864900
"""gurtyo @ gpP9uUffpu"" checks",2026-09-01T01:35:06.280Z,178822650628000
"""woolball @ oMsP5L3lJa"" checks",2026-09-01T01:35:05.313Z,178822650531300
"Flop:  [K♣, J♠, 10♠]",2026-09-01T01:35:02.173Z,178822650217300
"""gurtyo @ gpP9uUffpu"" checks",2026-09-01T01:35:01.288Z,178822650128800
"""woolball @ oMsP5L3lJa"" calls 10",2026-09-01T01:34:59.609Z,178822649960900
"""LingWae @ FQN9hzhzP_"" calls 10",2026-09-01T01:34:58.428Z,178822649842800
"""gurtyo @ gpP9uUffpu"" posts a big blind of 10",2026-09-01T01:34:55.582Z,178822649558206
"""woolball @ oMsP5L3lJa"" posts a small blind of 5",2026-09-01T01:34:55.582Z,178822649558205
"Your hand is J♥, 4♣",2026-09-01T01:34:55.582Z,178822649558202
"Player stacks: #1 ""gurtyo @ gpP9uUffpu"" (3266) | #2 ""LingWae @ FQN9hzhzP_"" (2788) | #10 ""woolball @ oMsP5L3lJa"" (1290)",2026-09-01T01:34:55.582Z,178822649558201
"-- starting hand #194 (id: a93ayemjojlh)  No Limit Texas Hold'em (dealer: ""LingWae @ FQN9hzhzP_"") --",2026-09-01T01:34:55.582Z,178822649558200
"""LingWae @ FQN9hzhzP_"" shows a 3♦.",2026-09-01T01:34:53.924Z,178822649392400
"-- ending hand #193 --",2026-09-01T01:34:51.956Z,178822649195602
"""LingWae @ FQN9hzhzP_"" collected 232 from pot",2026-09-01T01:34:51.956Z,178822649195601
"Uncalled bet of 45 returned to ""LingWae @ FQN9hzhzP_""",2026-09-01T01:34:51.956Z,178822649195600
"""gurtyo @ gpP9uUffpu"" folds",2026-09-01T01:34:51.119Z,178822649111900
"""LingWae @ FQN9hzhzP_"" bets 45",2026-09-01T01:34:50.170Z,178822649017000
"River: 3♥, 5♣, Q♥, J♣ [5♥]",2026-09-01T01:34:47.152Z,178822648715200
"""gurtyo @ gpP9uUffpu"" checks",2026-09-01T01:34:46.256Z,178822648625600
"""LingWae @ FQN9hzhzP_"" checks",2026-09-01T01:34:45.304Z,178822648530400
"Turn: 3♥, 5♣, Q♥ [J♣]",2026-09-01T01:34:43.551Z,178822648355100
"""gurtyo @ gpP9uUffpu"" calls 56",2026-09-01T01:34:42.650Z,178822648265000
"""woolball @ oMsP5L3lJa"" folds",2026-09-01T01:34:41.656Z,178822648165600
"""LingWae @ FQN9hzhzP_"" bets 56",2026-09-01T01:34:39.813Z,178822647981300
"Flop:  [3♥, 5♣, Q♥]",2026-09-01T01:34:33.555Z,178822647355500
"""woolball @ oMsP5L3lJa"" calls 40",2026-09-01T01:34:32.714Z,178822647271400
"""LingWae @ FQN9hzhzP_"" calls 40",2026-09-01T01:34:29.465Z,178822646946500
"""gurtyo @ gpP9uUffpu"" raises to 40",2026-09-01T01:34:28.484Z,178822646848400
"""woolball @ oMsP5L3lJa"" posts a big blind of 10",2026-09-01T01:34:23.146Z,178822646314606
"""LingWae @ FQN9hzhzP_"" posts a small blind of 5",2026-09-01T01:34:23.146Z,178822646314605
"Player stacks: #1 ""gurtyo @ gpP9uUffpu"" (3362) | #2 ""LingWae @ FQN9hzhzP_"" (2652) | #10 ""woolball @ oMsP5L3lJa"" (1330)",2026-09-01T01:34:23.146Z,178822646314601
"-- starting hand #193 (id: 8ehso5t8n8vg)  No Limit Texas Hold'em (dealer: ""gurtyo @ gpP9uUffpu"") --",2026-09-01T01:34:23.146Z,178822646314600
"-- ending hand #192 --",2026-09-01T01:34:17.090Z,178822645709001
"""woolball @ oMsP5L3lJa"" collected 1330 from pot with Two Pair, A's & Q's (combination: 10♠, Q♦, Q♥, A♣, A♠)",2026-09-01T01:34:17.090Z,178822645709000
"River: A♠, 8♦, Q♥, 9♥ [10♠]",2026-09-01T01:34:13.083Z,178822645308300
"""woolball @ oMsP5L3lJa"" shows a Q♦, A♣.",2026-09-01T01:34:08.981Z,178822644898101
"""LingWae @ FQN9hzhzP_"" shows a Q♣, 2♦.",2026-09-01T01:34:08.981Z,178822644898100
"Some players choose to not run it twice.",2026-09-01T01:34:08.120Z,178822644812001
"""woolball @ oMsP5L3lJa"" chooses to not run it twice.",2026-09-01T01:34:08.120Z,178822644812000
"""LingWae @ FQN9hzhzP_"" chooses to  run it twice.",2026-09-01T01:34:07.775Z,178822644777500
"Remaining players decide whether to run it twice.",2026-09-01T01:34:06.691Z,178822644669101
"""LingWae @ FQN9hzhzP_"" calls 50",2026-09-01T01:34:06.691Z,178822644669100
"""woolball @ oMsP5L3lJa"" bets 50 and go all in",2026-09-01T01:34:05.622Z,178822644562200
"""LingWae @ FQN9hzhzP_"" checks",2026-09-01T01:34:03.220Z,178822644322000
"Turn: A♠, 8♦, Q♥ [9♥]",2026-09-01T01:34:01.289Z,178822644128900
"""woolball @ oMsP5L3lJa"" calls 530",2026-09-01T01:34:00.432Z,178822644043200
"""LingWae @ FQN9hzhzP_"" raises to 530",2026-09-01T01:33:59.155Z,178822643915500
"""gurtyo @ gpP9uUffpu"" folds",2026-09-01T01:33:54.530Z,178822643453000
"""woolball @ oMsP5L3lJa"" raises to 120",2026-09-01T01:33:53.593Z,178822643359300
"""LingWae @ FQN9hzhzP_"" calls 50",2026-09-01T01:33:41.067Z,178822642106700
"""gurtyo @ gpP9uUffpu"" bets 50",2026-09-01T01:33:35.069Z,178822641506900
"Flop:  [A♠, 8♦, Q♥]",2026-09-01T01:33:31.583Z,178822641158300
"""LingWae @ FQN9hzhzP_"" calls 40",2026-09-01T01:33:30.746Z,178822641074600
"""gurtyo @ gpP9uUffpu"" calls 40",2026-09-01T01:33:29.044Z,178822640904400
"""woolball @ oMsP5L3lJa"" raises to 40",2026-09-01T01:33:28.061Z,178822640806100
"""LingWae @ FQN9hzhzP_"" posts a big blind of 10",2026-09-01T01:33:23.779Z,178822640377906
"""gurtyo @ gpP9uUffpu"" posts a small blind of 5",2026-09-01T01:33:23.779Z,178822640377905
"Player stacks: #1 ""gurtyo @ gpP9uUffpu"" (3452) | #2 ""LingWae @ FQN9hzhzP_"" (3272) | #10 ""woolball @ oMsP5L3lJa"" (620)",2026-09-01T01:33:23.779Z,178822640377901
"-- starting hand #192 (id: nsagcfvtyoyf)  No Limit Texas Hold'em (dealer: ""woolball @ oMsP5L3lJa"") --",2026-09-01T01:33:23.779Z,178822640377900
"-- ending hand #191 --",2026-09-01T01:33:17.740Z,178822639774003
"""woolball @ oMsP5L3lJa"" collected 300 from pot with Two Pair, 8's & 2's (combination: K♦, 2♣, 2♠, 8♥, 8♠)",2026-09-01T01:33:17.740Z,178822639774002
"""woolball @ oMsP5L3lJa"" shows a 8♥, 4♣.",2026-09-01T01:33:17.740Z,178822639774001
"""gurtyo @ gpP9uUffpu"" shows a 10♥, 7♠.",2026-09-01T01:33:17.740Z,178822639774000
"""woolball @ oMsP5L3lJa"" calls 120",2026-09-01T01:33:16.931Z,178822639693100
"""gurtyo @ gpP9uUffpu"" raises to 120",2026-09-01T01:33:15.842Z,178822639584200
"""woolball @ oMsP5L3lJa"" bets 60",2026-09-01T01:33:13.545Z,178822639354500
"River: 2♣, 5♠, 2♠, 8♠ [K♦]",2026-09-01T01:33:11.343Z,178822639134300
"""gurtyo @ gpP9uUffpu"" calls 20",2026-09-01T01:33:10.535Z,178822639053500
"""woolball @ oMsP5L3lJa"" bets 20",2026-09-01T01:33:09.600Z,178822638960000
"Turn: 2♣, 5♠, 2♠ [8♠]",2026-09-01T01:33:06.936Z,178822638693600
"""gurtyo @ gpP9uUffpu"" checks",2026-09-01T01:33:06.035Z,178822638603500
"""woolball @ oMsP5L3lJa"" checks",2026-09-01T01:33:05.063Z,178822638506300
"Flop:  [2♣, 5♠, 2♠]",2026-09-01T01:33:02.767Z,178822638276700
"""gurtyo @ gpP9uUffpu"" checks",2026-09-01T01:33:01.953Z,178822638195300
"""woolball @ oMsP5L3lJa"" calls 10",2026-09-01T01:33:00.986Z,178822638098600
"""LingWae @ FQN9hzhzP_"" folds",2026-09-01T01:32:59.350Z,178822637935000
"""gurtyo @ gpP9uUffpu"" posts a big blind of 10",2026-09-01T01:32:57.556Z,178822637755606
"""woolball @ oMsP5L3lJa"" posts a small blind of 5",2026-09-01T01:32:57.556Z,178822637755605
"Your hand is 10♥, 7♠",2026-09-01T01:32:57.556Z,178822637755602
"Player stacks: #1 ""gurtyo @ gpP9uUffpu"" (3602) | #2 ""LingWae @ FQN9hzhzP_"" (3272) | #10 ""woolball @ oMsP5L3lJa"" (470)",2026-09-01T01:32:57.556Z,178822637755601
"-- starting hand #191 (id: cyvyknglhzpv)  No Limit Texas Hold'em (dealer: ""LingWae @ FQN9hzhzP_"") --",2026-09-01T01:32:57.556Z,178822637755600
"""gurtyo @ gpP9uUffpu"" shows a Q♦.",2026-09-01T01:32:55.270Z,178822637527000
"""LingWae @ FQN9hzhzP_"" shows a 9♠, K♠.",2026-09-01T01:32:54.158Z,178822637415800
"Undealt cards:  [Q♥, 7♦, 8♦, 4♦, 10♦]",2026-09-01T01:32:52.649Z,178822637264900
"-- ending hand #190 --",2026-09-01T01:32:50.198Z,178822637019802
"""LingWae @ FQN9hzhzP_"" collected 20 from pot",2026-09-01T01:32:50.198Z,178822637019801
"Uncalled bet of 45 returned to ""LingWae @ FQN9hzhzP_""",2026-09-01T01:32:50.198Z,178822637019800
"""woolball @ oMsP5L3lJa"" folds",2026-09-01T01:32:49.338Z,178822636933800
"""LingWae @ FQN9hzhzP_"" raises to 55",2026-09-01T01:32:37.277Z,178822635727700
"""gurtyo @ gpP9uUffpu"" folds",2026-09-01T01:32:34.373Z,178822635437300
"""woolball @ oMsP5L3lJa"" posts a big blind of 10",2026-09-01T01:32:32.585Z,178822635258506
"""LingWae @ FQN9hzhzP_"" posts a small blind of 5",2026-09-01T01:32:32.585Z,178822635258505
"Player stacks: #1 ""gurtyo @ gpP9uUffpu"" (3602) | #2 ""LingWae @ FQN9hzhzP_"" (3262) | #10 ""woolball @ oMsP5L3lJa"" (480)",2026-09-01T01:32:32.585Z,178822635258501
"-- starting hand #190 (id: wpieshvqp6ez)  No Limit Texas Hold'em (dealer: ""gurtyo @ gpP9uUffpu"") --",2026-09-01T01:32:32.585Z,178822635258500
"""gurtyo @ gpP9uUffpu"" shows a 7♠.",2026-09-01T01:32:30.640Z,178822635064000
"""LingWae @ FQN9hzhzP_"" shows a 2♦.",2026-09-01T01:32:28.804Z,178822634880400
"Undealt cards: J♠, 3♠, 7♣ [2♥, 2♣]",2026-09-01T01:32:26.205Z,178822634620500
"-- ending hand #189 --",2026-09-01T01:32:25.240Z,178822634524002
"""gurtyo @ gpP9uUffpu"" collected 30 from pot",2026-09-01T01:32:25.240Z,178822634524001
"Uncalled bet of 30 returned to ""gurtyo @ gpP9uUffpu""",2026-09-01T01:32:25.240Z,178822634524000
"""woolball @ oMsP5L3lJa"" folds",2026-09-01T01:32:24.384Z,178822634438400
"""LingWae @ FQN9hzhzP_"" folds",2026-09-01T01:32:21.692Z,178822634169200
"""gurtyo @ gpP9uUffpu"" bets 30",2026-09-01T01:32:17.460Z,178822633746000
"Flop:  [J♠, 3♠, 7♣]",2026-09-01T01:32:13.574Z,178822633357400
"""LingWae @ FQN9hzhzP_"" checks",2026-09-01T01:32:12.744Z,178822633274400
"""gurtyo @ gpP9uUffpu"" calls 10",2026-09-01T01:32:08.584Z,178822632858400
"""woolball @ oMsP5L3lJa"" calls 10",2026-09-01T01:32:07.011Z,178822632701100
"""LingWae @ FQN9hzhzP_"" posts a big blind of 10",2026-09-01T01:31:55.554Z,178822631555406
"""gurtyo @ gpP9uUffpu"" posts a small blind of 5",2026-09-01T01:31:55.554Z,178822631555405
"Player stacks: #1 ""gurtyo @ gpP9uUffpu"" (3582) | #2 ""LingWae @ FQN9hzhzP_"" (3272) | #10 ""woolball @ oMsP5L3lJa"" (490)",2026-09-01T01:31:55.554Z,178822631555401
"-- starting hand #189 (id: xrvadulgfmvd)  No Limit Texas Hold'em (dealer: ""woolball @ oMsP5L3lJa"") --",2026-09-01T01:31:55.554Z,178822631555400
"""LingWae @ FQN9hzhzP_"" shows a 8♦, 10♦.",2026-09-01T01:31:50.234Z,178822631023400
"-- ending hand #188 --",2026-09-01T01:31:48.940Z,178822630894002
"""gurtyo @ gpP9uUffpu"" collected 110 from pot with Two Pair, Q's & 2's (combination: 6♣, 2♣, 2♦, Q♦, Q♥)",2026-09-01T01:31:48.940Z,178822630894001
"""gurtyo @ gpP9uUffpu"" shows a 2♣, 6♣.",2026-09-01T01:31:48.940Z,178822630894000
"""LingWae @ FQN9hzhzP_"" calls 10",2026-09-01T01:31:48.129Z,178822630812900
"""gurtyo @ gpP9uUffpu"" bets 10",2026-09-01T01:31:45.715Z,178822630571500
"River: 2♦, 3♥, Q♦, Q♥ [4♠]",2026-09-01T01:31:43.759Z,178822630375900
"""LingWae @ FQN9hzhzP_"" checks",2026-09-01T01:31:42.816Z,178822630281600
"""gurtyo @ gpP9uUffpu"" checks",2026-09-01T01:31:41.677Z,178822630167700
"Turn: 2♦, 3♥, Q♦ [Q♥]",2026-09-01T01:31:38.994Z,178822629899400
"""gurtyo @ gpP9uUffpu"" calls 30",2026-09-01T01:31:38.188Z,178822629818800
"""woolball @ oMsP5L3lJa"" folds",2026-09-01T01:31:37.259Z,178822629725900
"""LingWae @ FQN9hzhzP_"" bets 30",2026-09-01T01:31:35.058Z,178822629505800
"""gurtyo @ gpP9uUffpu"" checks",2026-09-01T01:31:32.253Z,178822629225300
"""woolball @ oMsP5L3lJa"" checks",2026-09-01T01:31:31.339Z,178822629133900
"Flop:  [2♦, 3♥, Q♦]",2026-09-01T01:31:22.343Z,178822628234300
"""gurtyo @ gpP9uUffpu"" checks",2026-09-01T01:31:21.520Z,178822628152000
"""woolball @ oMsP5L3lJa"" calls 10",2026-09-01T01:31:20.010Z,178822628001000
"""LingWae @ FQN9hzhzP_"" calls 10",2026-09-01T01:31:18.705Z,178822627870500
"""gurtyo @ gpP9uUffpu"" posts a big blind of 10",2026-09-01T01:31:17.539Z,178822627753907
"""woolball @ oMsP5L3lJa"" posts a small blind of 5",2026-09-01T01:31:17.539Z,178822627753906
"Your hand is 2♣, 6♣",2026-09-01T01:31:17.539Z,178822627753903
"Player stacks: #1 ""gurtyo @ gpP9uUffpu"" (3522) | #2 ""LingWae @ FQN9hzhzP_"" (3322) | #10 ""woolball @ oMsP5L3lJa"" (500)",2026-09-01T01:31:17.539Z,178822627753902
"-- starting hand #188 (id: 2xfsjieepnnd)  No Limit Texas Hold'em (dealer: ""LingWae @ FQN9hzhzP_"") --",2026-09-01T01:31:17.539Z,178822627753901
"The player ""woolball @ oMsP5L3lJa"" joined the game with a stack of 500.",2026-09-01T01:31:17.539Z,178822627753900
"-- ending hand #187 --",2026-09-01T01:31:14.562Z,178822627456201
"""gurtyo @ gpP9uUffpu"" collected 210 from pot",2026-09-01T01:31:14.562Z,178822627456200
"""LingWae @ FQN9hzhzP_"" folds",2026-09-01T01:31:13.747Z,178822627374700
"River: 7♦, 9♠, 3♠, 3♣ [6♠]",2026-09-01T01:30:55.061Z,178822625506100
"""LingWae @ FQN9hzhzP_"" calls 50",2026-09-01T01:30:54.217Z,178822625421700
"""gurtyo @ gpP9uUffpu"" bets 50",2026-09-01T01:30:52.811Z,178822625281100
"""LingWae @ FQN9hzhzP_"" checks",2026-09-01T01:30:50.568Z,178822625056800
"Turn: 7♦, 9♠, 3♠ [3♣]",2026-09-01T01:30:48.393Z,178822624839300
"""gurtyo @ gpP9uUffpu"" checks",2026-09-01T01:30:47.538Z,178822624753800
"""LingWae @ FQN9hzhzP_"" checks",2026-09-01T01:30:46.074Z,178822624607400
"The admin approved the player ""woolball @ oMsP5L3lJa"" participation with a stack of 500.",2026-09-01T01:30:45.856Z,178822624585600
"Flop:  [7♦, 9♠, 3♠]",2026-09-01T01:30:42.979Z,178822624297900
"""gurtyo @ gpP9uUffpu"" calls 55",2026-09-01T01:30:42.128Z,178822624212800
"The player ""woolball @ oMsP5L3lJa"" requested a seat.",2026-09-01T01:30:41.078Z,178822624107800
"""LingWae @ FQN9hzhzP_"" raises to 55",2026-09-01T01:30:39.834Z,178822623983400
"""gurtyo @ gpP9uUffpu"" calls 10",2026-09-01T01:30:35.676Z,178822623567600
"""LingWae @ FQN9hzhzP_"" posts a big blind of 10",2026-09-01T01:30:32.586Z,178822623258606
"""gurtyo @ gpP9uUffpu"" posts a small blind of 5",2026-09-01T01:30:32.586Z,178822623258605
"Player stacks: #1 ""gurtyo @ gpP9uUffpu"" (3417) | #2 ""LingWae @ FQN9hzhzP_"" (3427)",2026-09-01T01:30:32.586Z,178822623258602
"-- starting hand #187 (id: pusxhqokqwjc)  No Limit Texas Hold'em (dealer: ""gurtyo @ gpP9uUffpu"") --",2026-09-01T01:30:32.586Z,178822623258601
"The player ""woolball @ oMsP5L3lJa"" quits the game with a stack of 0.",2026-09-01T01:30:32.586Z,178822623258600
"-- ending hand #186 --",2026-09-01T01:30:26.583Z,178822622658301
"""gurtyo @ gpP9uUffpu"" collected 626 from pot with Full House, 8's over Q's (combination: Q♥, Q♦, 8♣, 8♥, 8♠)",2026-09-01T01:30:26.583Z,178822622658300
"River: 4♣, 6♥, 8♥, 8♠ [Q♦]",2026-09-01T01:30:22.563Z,178822622256300
"Turn: 4♣, 6♥, 8♥ [8♠]",2026-09-01T01:30:18.461Z,178822621846100
"""woolball @ oMsP5L3lJa"" shows a K♦, K♠.",2026-09-01T01:30:14.456Z,178822621445601
"Uncalled bet of 227 returned to ""gurtyo @ gpP9uUffpu""",2026-09-01T01:30:14.456Z,178822621445600
"""gurtyo @ gpP9uUffpu"" shows a 8♣, Q♥.",2026-09-01T01:30:14.157Z,178822621415700
"Some players choose to not run it twice.",2026-09-01T01:30:13.614Z,178822621361401
"""woolball @ oMsP5L3lJa"" chooses to not run it twice.",2026-09-01T01:30:13.614Z,178822621361400
"""gurtyo @ gpP9uUffpu"" chooses to  run it twice.",2026-09-01T01:30:11.702Z,178822621170200
"Remaining players decide whether to run it twice.",2026-09-01T01:30:10.059Z,178822621005901
"""woolball @ oMsP5L3lJa"" calls 253 and go all in",2026-09-01T01:30:10.059Z,178822621005900
"""gurtyo @ gpP9uUffpu"" raises to 480",2026-09-01T01:30:08.499Z,178822620849900
"""woolball @ oMsP5L3lJa"" raises to 120",2026-09-01T01:30:05.477Z,178822620547700
"""LingWae @ FQN9hzhzP_"" folds",2026-09-01T01:29:59.841Z,178822619984100
"""gurtyo @ gpP9uUffpu"" bets 40",2026-09-01T01:29:58.665Z,178822619866500
"Flop:  [4♣, 6♥, 8♥]",2026-09-01T01:29:55.870Z,178822619587000
"""LingWae @ FQN9hzhzP_"" calls 40",2026-09-01T01:29:55.052Z,178822619505200
"""gurtyo @ gpP9uUffpu"" calls 40",2026-09-01T01:29:48.013Z,178822618801300
"""woolball @ oMsP5L3lJa"" raises to 40",2026-09-01T01:29:46.576Z,178822618657600
"""LingWae @ FQN9hzhzP_"" posts a big blind of 10",2026-09-01T01:29:42.375Z,178822618237506
"""gurtyo @ gpP9uUffpu"" posts a small blind of 5",2026-09-01T01:29:42.375Z,178822618237505
"Your hand is 8♣, Q♥",2026-09-01T01:29:42.375Z,178822618237502
"Player stacks: #1 ""gurtyo @ gpP9uUffpu"" (3084) | #2 ""LingWae @ FQN9hzhzP_"" (3467) | #10 ""woolball @ oMsP5L3lJa"" (293)",2026-09-01T01:29:42.375Z,178822618237501
"-- starting hand #186 (id: qy788p9k8tcq)  No Limit Texas Hold'em (dealer: ""woolball @ oMsP5L3lJa"") --",2026-09-01T01:29:42.375Z,178822618237500
"""gurtyo @ gpP9uUffpu"" shows a J♦.",2026-09-01T01:29:40.824Z,178822618082400
"-- ending hand #185 --",2026-09-01T01:29:35.828Z,178822617582802
"""LingWae @ FQN9hzhzP_"" collected 424 from pot with Flush, A High (combination: 9♦, 10♦, Q♦, K♦, A♦)",2026-09-01T01:29:35.828Z,178822617582801
"""LingWae @ FQN9hzhzP_"" shows a 9♦, K♦.",2026-09-01T01:29:35.828Z,178822617582800
"""woolball @ oMsP5L3lJa"" calls 167",2026-09-01T01:29:35.003Z,178822617500300
"""LingWae @ FQN9hzhzP_"" bets 167",2026-09-01T01:29:33.556Z,178822617355600
"""woolball @ oMsP5L3lJa"" checks",2026-09-01T01:29:30.419Z,178822617041900
"River: A♦, 10♥, 4♦, Q♦ [10♦]",2026-09-01T01:29:28.737Z,178822616873700
"""LingWae @ FQN9hzhzP_"" checks",2026-09-01T01:29:27.924Z,178822616792400
"""woolball @ oMsP5L3lJa"" checks",2026-09-01T01:29:21.510Z,178822616151000
"Turn: A♦, 10♥, 4♦ [Q♦]",2026-09-01T01:29:19.839Z,178822615983900
"""gurtyo @ gpP9uUffpu"" folds",2026-09-01T01:29:19.017Z,178822615901700
"""woolball @ oMsP5L3lJa"" calls 30",2026-09-01T01:29:18.062Z,178822615806200
"""LingWae @ FQN9hzhzP_"" bets 30",2026-09-01T01:29:14.625Z,178822615462500
"""gurtyo @ gpP9uUffpu"" checks",2026-09-01T01:29:12.125Z,178822615212500
"""woolball @ oMsP5L3lJa"" checks",2026-09-01T01:29:09.351Z,178822614935100
"Flop:  [A♦, 10♥, 4♦]",2026-09-01T01:29:05.203Z,178822614520300
"""gurtyo @ gpP9uUffpu"" checks",2026-09-01T01:29:04.324Z,178822614432400
"""woolball @ oMsP5L3lJa"" calls 10",2026-09-01T01:29:03.376Z,178822614337600
"""LingWae @ FQN9hzhzP_"" calls 10",2026-09-01T01:28:58.705Z,178822613870500
"""gurtyo @ gpP9uUffpu"" posts a big blind of 10",2026-09-01T01:28:47.334Z,178822612733407
"""woolball @ oMsP5L3lJa"" posts a small blind of 5",2026-09-01T01:28:47.334Z,178822612733406
"Player stacks: #1 ""gurtyo @ gpP9uUffpu"" (3094) | #2 ""LingWae @ FQN9hzhzP_"" (3250) | #10 ""woolball @ oMsP5L3lJa"" (500)",2026-09-01T01:28:47.334Z,178822612733402
"-- starting hand #185 (id: tfgmsfxodrsv)  No Limit Texas Hold'em (dealer: ""LingWae @ FQN9hzhzP_"") --",2026-09-01T01:28:47.334Z,178822612733401
"The player ""woolball @ oMsP5L3lJa"" joined the game with a stack of 500.",2026-09-01T01:28:47.334Z,178822612733400
"""gurtyo @ gpP9uUffpu"" shows a Q♠, 5♣.",2026-09-01T01:28:42.275Z,178822612227500
"-- ending hand #184 --",2026-09-01T01:28:40.768Z,178822612076802
"""LingWae @ FQN9hzhzP_"" collected 974 from pot with Straight, 6 High (combination: 2♥, 3♣, 4♥, 5♦, 6♥)",2026-09-01T01:28:40.768Z,178822612076801
"""LingWae @ FQN9hzhzP_"" shows a 4♥, 6♥.",2026-09-01T01:28:40.768Z,178822612076800
"""gurtyo @ gpP9uUffpu"" calls 367",2026-09-01T01:28:39.959Z,178822611995900
"""LingWae @ FQN9hzhzP_"" bets 367",2026-09-01T01:28:38.975Z,178822611897500
"River: 5♦, 9♦, Q♥, 3♣ [2♥]",2026-09-01T01:28:31.660Z,178822611166000
"""LingWae @ FQN9hzhzP_"" calls 80",2026-09-01T01:28:30.759Z,178822611075900
"""gurtyo @ gpP9uUffpu"" bets 80",2026-09-01T01:28:29.853Z,178822610985300
"""LingWae @ FQN9hzhzP_"" checks",2026-09-01T01:28:26.688Z,178822610668800
"Turn: 5♦, 9♦, Q♥ [3♣]",2026-09-01T01:28:20.452Z,178822610045200
"""LingWae @ FQN9hzhzP_"" calls 30",2026-09-01T01:28:19.575Z,178822609957500
"""gurtyo @ gpP9uUffpu"" bets 30",2026-09-01T01:28:17.612Z,178822609761200
"""LingWae @ FQN9hzhzP_"" checks",2026-09-01T01:28:15.878Z,178822609587800
"The admin approved the player ""woolball @ oMsP5L3lJa"" participation with a stack of 500.",2026-09-01T01:28:12.140Z,178822609214000
"Flop:  [5♦, 9♦, Q♥]",2026-09-01T01:28:09.110Z,178822608911000
"""LingWae @ FQN9hzhzP_"" checks",2026-09-01T01:28:08.273Z,178822608827300
"The player ""woolball @ oMsP5L3lJa"" requested a seat.",2026-09-01T01:28:07.734Z,178822608773400
"""gurtyo @ gpP9uUffpu"" calls 10",2026-09-01T01:28:03.437Z,178822608343700
"""LingWae @ FQN9hzhzP_"" posts a big blind of 10",2026-09-01T01:28:00.363Z,178822608036306
"""gurtyo @ gpP9uUffpu"" posts a small blind of 5",2026-09-01T01:28:00.363Z,178822608036305
"Your hand is Q♠, 5♣",2026-09-01T01:28:00.363Z,178822608036303
"Player stacks: #1 ""gurtyo @ gpP9uUffpu"" (3581) | #2 ""LingWae @ FQN9hzhzP_"" (2763)",2026-09-01T01:28:00.363Z,178822608036302
"-- starting hand #184 (id: wpnz2esrpgf5)  No Limit Texas Hold'em (dealer: ""gurtyo @ gpP9uUffpu"") --",2026-09-01T01:28:00.363Z,178822608036301
"The player ""woolball @ oMsP5L3lJa"" quits the game with a stack of 0.",2026-09-01T01:28:00.363Z,178822608036300
"-- ending hand #183 --",2026-09-01T01:27:54.350Z,178822607435001
"""LingWae @ FQN9hzhzP_"" collected 1715 from pot with Full House, A's over 9's (combination: 9♣, 9♥, A♠, A♦, A♥)",2026-09-01T01:27:54.350Z,178822607435000
"River: 7♣, A♦, 9♥, A♥ [3♣]",2026-09-01T01:27:50.345Z,178822607034500
"Turn: 7♣, A♦, 9♥ [A♥]",2026-09-01T01:27:46.314Z,178822606631400
"""woolball @ oMsP5L3lJa"" shows a K♣, 9♦.",2026-09-01T01:27:42.273Z,178822606227301
"""LingWae @ FQN9hzhzP_"" shows a 9♣, A♠.",2026-09-01T01:27:42.273Z,178822606227300
"Some players choose to not run it twice.",2026-09-01T01:27:41.459Z,178822606145901
"""woolball @ oMsP5L3lJa"" chooses to not run it twice.",2026-09-01T01:27:41.459Z,178822606145900
"Remaining players decide whether to run it twice.",2026-09-01T01:27:40.118Z,178822606011801
"""LingWae @ FQN9hzhzP_"" calls 755",2026-09-01T01:27:40.118Z,178822606011800
"""gurtyo @ gpP9uUffpu"" folds",2026-09-01T01:27:38.564Z,178822605856400
"""woolball @ oMsP5L3lJa"" raises to 755 and go all in",2026-09-01T01:27:37.556Z,178822605755600
"""LingWae @ FQN9hzhzP_"" raises to 367",2026-09-01T01:27:31.222Z,178822605122200
"""gurtyo @ gpP9uUffpu"" calls 100",2026-09-01T01:27:28.639Z,178822604863900
"""woolball @ oMsP5L3lJa"" bets 100",2026-09-01T01:27:25.242Z,178822604524200
"""LingWae @ FQN9hzhzP_"" checks",2026-09-01T01:27:22.399Z,178822604239900
"""gurtyo @ gpP9uUffpu"" checks",2026-09-01T01:27:20.888Z,178822604088800
"Flop:  [7♣, A♦, 9♥]",2026-09-01T01:27:19.018Z,178822603901800
"""gurtyo @ gpP9uUffpu"" calls 35",2026-09-01T01:27:18.209Z,178822603820900
"""woolball @ oMsP5L3lJa"" calls 35",2026-09-01T01:27:17.233Z,178822603723300
"""LingWae @ FQN9hzhzP_"" raises to 35",2026-09-01T01:27:14.948Z,178822603494800
"""gurtyo @ gpP9uUffpu"" calls 10",2026-09-01T01:27:09.988Z,178822602998800
"""woolball @ oMsP5L3lJa"" calls 10",2026-09-01T01:27:08.613Z,178822602861300
"""LingWae @ FQN9hzhzP_"" posts a big blind of 10",2026-09-01T01:27:04.009Z,178822602400906
"""gurtyo @ gpP9uUffpu"" posts a small blind of 5",2026-09-01T01:27:04.009Z,178822602400905
"Player stacks: #1 ""gurtyo @ gpP9uUffpu"" (3716) | #2 ""LingWae @ FQN9hzhzP_"" (1838) | #10 ""woolball @ oMsP5L3lJa"" (790)",2026-09-01T01:27:04.009Z,178822602400901
"-- starting hand #183 (id: xtgf9dmgxqch)  No Limit Texas Hold'em (dealer: ""woolball @ oMsP5L3lJa"") --",2026-09-01T01:27:04.009Z,178822602400900
"""LingWae @ FQN9hzhzP_"" shows a J♥.",2026-09-01T01:27:02.187Z,178822602218700
"-- ending hand #182 --",2026-09-01T01:27:00.380Z,178822602038002
"""LingWae @ FQN9hzhzP_"" collected 159 from pot",2026-09-01T01:27:00.380Z,178822602038001
"Uncalled bet of 157 returned to ""LingWae @ FQN9hzhzP_""",2026-09-01T01:27:00.380Z,178822602038000
"""gurtyo @ gpP9uUffpu"" folds",2026-09-01T01:26:59.427Z,178822601942700
"""LingWae @ FQN9hzhzP_"" raises to 167",2026-09-01T01:26:52.344Z,178822601234400
"""gurtyo @ gpP9uUffpu"" bets 10",2026-09-01T01:26:50.053Z,178822601005300
"River: 9♦, 5♣, 6♣, 4♠ [J♦]",2026-09-01T01:26:47.411Z,178822600741100
"""LingWae @ FQN9hzhzP_"" checks",2026-09-01T01:26:46.576Z,178822600657600
"""gurtyo @ gpP9uUffpu"" checks",2026-09-01T01:26:45.348Z,178822600534800
"Turn: 9♦, 5♣, 6♣ [4♠]",2026-09-01T01:26:44.145Z,178822600414500
"""LingWae @ FQN9hzhzP_"" checks",2026-09-01T01:26:43.255Z,178822600325500
"""gurtyo @ gpP9uUffpu"" checks",2026-09-01T01:26:42.255Z,178822600225500
"Flop:  [9♦, 5♣, 6♣]",2026-09-01T01:26:40.739Z,178822600073900
"""gurtyo @ gpP9uUffpu"" calls 67",2026-09-01T01:26:39.808Z,178822599980800
"""woolball @ oMsP5L3lJa"" folds",2026-09-01T01:26:36.404Z,178822599640400
"""LingWae @ FQN9hzhzP_"" raises to 67",2026-09-01T01:26:30.991Z,178822599099100
"""gurtyo @ gpP9uUffpu"" posts a big blind of 10",2026-09-01T01:26:26.135Z,178822598613506
"""woolball @ oMsP5L3lJa"" posts a small blind of 5",2026-09-01T01:26:26.135Z,178822598613505
"Player stacks: #1 ""gurtyo @ gpP9uUffpu"" (3793) | #2 ""LingWae @ FQN9hzhzP_"" (1756) | #10 ""woolball @ oMsP5L3lJa"" (795)",2026-09-01T01:26:26.135Z,178822598613501
"-- starting hand #182 (id: vpceovuh5kcf)  No Limit Texas Hold'em (dealer: ""LingWae @ FQN9hzhzP_"") --",2026-09-01T01:26:26.135Z,178822598613500
"""LingWae @ FQN9hzhzP_"" shows a A♥.",2026-09-01T01:26:24.576Z,178822598457600
"-- ending hand #181 --",2026-09-01T01:26:22.511Z,178822598251102
"""gurtyo @ gpP9uUffpu"" collected 50 from pot",2026-09-01T01:26:22.511Z,178822598251101
"Uncalled bet of 10 returned to ""gurtyo @ gpP9uUffpu""",2026-09-01T01:26:22.511Z,178822598251100
"""LingWae @ FQN9hzhzP_"" folds",2026-09-01T01:26:21.704Z,178822598170400
"""gurtyo @ gpP9uUffpu"" raises to 20",2026-09-01T01:26:18.967Z,178822597896700
"""woolball @ oMsP5L3lJa"" folds",2026-09-01T01:26:17.430Z,178822597743000
"""LingWae @ FQN9hzhzP_"" bets 10",2026-09-01T01:26:15.977Z,178822597597700
"River: 7♥, 9♠, 3♣, 5♣ [Q♥]",2026-09-01T01:26:12.905Z,178822597290500
"""gurtyo @ gpP9uUffpu"" checks",2026-09-01T01:26:11.990Z,178822597199000
"""woolball @ oMsP5L3lJa"" checks",2026-09-01T01:26:10.616Z,178822597061600
"""LingWae @ FQN9hzhzP_"" checks",2026-09-01T01:26:09.092Z,178822596909200
"Turn: 7♥, 9♠, 3♣ [5♣]",2026-09-01T01:26:01.077Z,178822596107700
"""gurtyo @ gpP9uUffpu"" checks",2026-09-01T01:26:00.222Z,178822596022200
"""woolball @ oMsP5L3lJa"" checks",2026-09-01T01:25:57.984Z,178822595798400
"""LingWae @ FQN9hzhzP_"" checks",2026-09-01T01:25:56.255Z,178822595625500
"Flop:  [7♥, 9♠, 3♣]",2026-09-01T01:25:54.238Z,178822595423800
"""woolball @ oMsP5L3lJa"" checks",2026-09-01T01:25:53.363Z,178822595336300
"""LingWae @ FQN9hzhzP_"" calls 10",2026-09-01T01:25:51.468Z,178822595146800
"""gurtyo @ gpP9uUffpu"" calls 10",2026-09-01T01:25:48.503Z,178822594850300
"""woolball @ oMsP5L3lJa"" posts a big blind of 10",2026-09-01T01:25:46.636Z,178822594663606
"""LingWae @ FQN9hzhzP_"" posts a small blind of 5",2026-09-01T01:25:46.636Z,178822594663605
"Player stacks: #1 ""gurtyo @ gpP9uUffpu"" (3763) | #2 ""LingWae @ FQN9hzhzP_"" (1776) | #10 ""woolball @ oMsP5L3lJa"" (805)",2026-09-01T01:25:46.636Z,178822594663601
"-- starting hand #181 (id: kk0ma90tbyfy)  No Limit Texas Hold'em (dealer: ""gurtyo @ gpP9uUffpu"") --",2026-09-01T01:25:46.636Z,178822594663600
"Undealt cards: 8♣, 7♦, 9♠ [Q♥, K♥]",2026-09-01T01:25:40.994Z,178822594099400
"-- ending hand #180 --",2026-09-01T01:25:40.655Z,178822594065502
"""LingWae @ FQN9hzhzP_"" collected 110 from pot",2026-09-01T01:25:40.655Z,178822594065501
"Uncalled bet of 167 returned to ""LingWae @ FQN9hzhzP_""",2026-09-01T01:25:40.655Z,178822594065500
"""gurtyo @ gpP9uUffpu"" folds",2026-09-01T01:25:39.833Z,178822593983300
"""LingWae @ FQN9hzhzP_"" bets 167",2026-09-01T01:25:38.781Z,178822593878100
"""gurtyo @ gpP9uUffpu"" checks",2026-09-01T01:25:30.850Z,178822593085000
"Flop:  [8♣, 7♦, 9♠]",2026-09-01T01:25:28.802Z,178822592880200
"""woolball @ oMsP5L3lJa"" folds",2026-09-01T01:25:27.908Z,178822592790800
"""LingWae @ FQN9hzhzP_"" calls 50",2026-09-01T01:25:26.993Z,178822592699300
"""gurtyo @ gpP9uUffpu"" raises to 50",2026-09-01T01:25:24.588Z,178822592458800
"""woolball @ oMsP5L3lJa"" calls 10",2026-09-01T01:25:21.565Z,178822592156500
"""LingWae @ FQN9hzhzP_"" posts a big blind of 10",2026-09-01T01:25:18.438Z,178822591843806
"""gurtyo @ gpP9uUffpu"" posts a small blind of 5",2026-09-01T01:25:18.438Z,178822591843805
"Player stacks: #1 ""gurtyo @ gpP9uUffpu"" (3813) | #2 ""LingWae @ FQN9hzhzP_"" (1716) | #10 ""woolball @ oMsP5L3lJa"" (815)",2026-09-01T01:25:18.438Z,178822591843801
"-- starting hand #180 (id: l8hoju8ieefz)  No Limit Texas Hold'em (dealer: ""woolball @ oMsP5L3lJa"") --",2026-09-01T01:25:18.438Z,178822591843800
"-- ending hand #179 --",2026-09-01T01:25:12.395Z,178822591239503
"""LingWae @ FQN9hzhzP_"" collected 90 from pot with Two Pair, 7's & 6's (combination: A♦, 6♣, 6♠, 7♥, 7♠)",2026-09-01T01:25:12.395Z,178822591239502
"""LingWae @ FQN9hzhzP_"" shows a 6♣, A♦.",2026-09-01T01:25:12.395Z,178822591239501
"""woolball @ oMsP5L3lJa"" shows a 9♦, A♠.",2026-09-01T01:25:12.395Z,178822591239500
"""LingWae @ FQN9hzhzP_"" calls 30",2026-09-01T01:25:11.554Z,178822591155400
"""woolball @ oMsP5L3lJa"" bets 30",2026-09-01T01:25:10.357Z,178822591035700
"River: 7♥, 8♣, K♦, 7♠ [6♠]",2026-09-01T01:25:07.489Z,178822590748900
"""LingWae @ FQN9hzhzP_"" checks",2026-09-01T01:25:06.661Z,178822590666100
"""woolball @ oMsP5L3lJa"" checks",2026-09-01T01:25:05.560Z,178822590556000
"Turn: 7♥, 8♣, K♦ [7♠]",2026-09-01T01:25:02.890Z,178822590289000
"""LingWae @ FQN9hzhzP_"" checks",2026-09-01T01:25:02.040Z,178822590204000
"""gurtyo @ gpP9uUffpu"" folds",2026-09-01T01:25:00.787Z,178822590078700
"""woolball @ oMsP5L3lJa"" checks",2026-09-01T01:24:59.825Z,178822589982500
"Flop:  [7♥, 8♣, K♦]",2026-09-01T01:24:56.061Z,178822589606100
"""gurtyo @ gpP9uUffpu"" checks",2026-09-01T01:24:55.253Z,178822589525300
"""woolball @ oMsP5L3lJa"" calls 10",2026-09-01T01:24:54.327Z,178822589432700
"""LingWae @ FQN9hzhzP_"" calls 10",2026-09-01T01:24:52.629Z,178822589262900
"""gurtyo @ gpP9uUffpu"" posts a big blind of 10",2026-09-01T01:24:44.650Z,178822588465006
"""woolball @ oMsP5L3lJa"" posts a small blind of 5",2026-09-01T01:24:44.650Z,178822588465005
"Player stacks: #1 ""gurtyo @ gpP9uUffpu"" (3823) | #2 ""LingWae @ FQN9hzhzP_"" (1666) | #10 ""woolball @ oMsP5L3lJa"" (855)",2026-09-01T01:24:44.650Z,178822588465001
"-- starting hand #179 (id: xgpvabcbw2yp)  No Limit Texas Hold'em (dealer: ""LingWae @ FQN9hzhzP_"") --",2026-09-01T01:24:44.650Z,178822588465000
"""gurtyo @ gpP9uUffpu"" shows a 4♣.",2026-09-01T01:24:39.400Z,178822587940000
"""LingWae @ FQN9hzhzP_"" shows a 8♣, 2♣.",2026-09-01T01:24:38.607Z,178822587860700
"Undealt cards: 7♣, J♣, Q♣, 10♥ [9♣]",2026-09-01T01:24:37.531Z,178822587753100
"-- ending hand #178 --",2026-09-01T01:24:37.347Z,178822587734702
"""LingWae @ FQN9hzhzP_"" collected 90 from pot",2026-09-01T01:24:37.347Z,178822587734701
"Uncalled bet of 167 returned to ""LingWae @ FQN9hzhzP_""",2026-09-01T01:24:37.347Z,178822587734700
"""gurtyo @ gpP9uUffpu"" folds",2026-09-01T01:24:36.449Z,178822587644900
"""woolball @ oMsP5L3lJa"" folds",2026-09-01T01:24:35.454Z,178822587545400
"""LingWae @ FQN9hzhzP_"" bets 167",2026-09-01T01:24:33.505Z,178822587350500
"Turn: 7♣, J♣, Q♣ [10♥]",2026-09-01T01:24:30.773Z,178822587077300
"""gurtyo @ gpP9uUffpu"" checks",2026-09-01T01:24:29.938Z,178822586993800
"""woolball @ oMsP5L3lJa"" checks",2026-09-01T01:24:29.014Z,178822586901400
"""LingWae @ FQN9hzhzP_"" checks",2026-09-01T01:24:26.651Z,178822586665100
"Flop:  [7♣, J♣, Q♣]",2026-09-01T01:24:20.320Z,178822586032000
"""woolball @ oMsP5L3lJa"" calls 30",2026-09-01T01:24:19.435Z,178822585943500
"""LingWae @ FQN9hzhzP_"" calls 30",2026-09-01T01:24:17.758Z,178822585775800
"""gurtyo @ gpP9uUffpu"" raises to 30",2026-09-01T01:24:15.899Z,178822585589900
"""woolball @ oMsP5L3lJa"" posts a big blind of 10",2026-09-01T01:24:14.184Z,178822585418406
"""LingWae @ FQN9hzhzP_"" posts a small blind of 5",2026-09-01T01:24:14.184Z,178822585418405
"Player stacks: #1 ""gurtyo @ gpP9uUffpu"" (3853) | #2 ""LingWae @ FQN9hzhzP_"" (1606) | #10 ""woolball @ oMsP5L3lJa"" (885)",2026-09-01T01:24:14.184Z,178822585418401
"-- starting hand #178 (id: 0lzkxfucrdic)  No Limit Texas Hold'em (dealer: ""gurtyo @ gpP9uUffpu"") --",2026-09-01T01:24:14.184Z,178822585418400
"Undealt cards: 9♠, 10♥, J♠, K♦ [7♠]",2026-09-01T01:24:10.133Z,178822585013300
"""LingWae @ FQN9hzhzP_"" shows a 8♠, Q♠.",2026-09-01T01:24:08.955Z,178822584895500
"-- ending hand #177 --",2026-09-01T01:24:07.558Z,178822584755802
"""LingWae @ FQN9hzhzP_"" collected 205 from pot",2026-09-01T01:24:07.558Z,178822584755801
"Uncalled bet of 156 returned to ""LingWae @ FQN9hzhzP_""",2026-09-01T01:24:07.558Z,178822584755800
"""woolball @ oMsP5L3lJa"" folds",2026-09-01T01:24:06.722Z,178822584672200
"""LingWae @ FQN9hzhzP_"" bets 156",2026-09-01T01:24:02.290Z,178822584229000
"Turn: 9♠, 10♥, J♠ [K♦]",2026-09-01T01:23:53.990Z,178822583399000
"""woolball @ oMsP5L3lJa"" calls 80",2026-09-01T01:23:53.155Z,178822583315500
"""LingWae @ FQN9hzhzP_"" raises to 80",2026-09-01T01:23:47.864Z,178822582786400
"""woolball @ oMsP5L3lJa"" bets 40",2026-09-01T01:23:45.744Z,178822582574400
"""LingWae @ FQN9hzhzP_"" checks",2026-09-01T01:23:43.245Z,178822582324500
"Flop:  [9♠, 10♥, J♠]",2026-09-01T01:23:37.939Z,178822581793900
"""LingWae @ FQN9hzhzP_"" calls 20",2026-09-01T01:23:37.077Z,178822581707700
"""gurtyo @ gpP9uUffpu"" folds",2026-09-01T01:23:36.034Z,178822581603400
"""woolball @ oMsP5L3lJa"" raises to 20",2026-09-01T01:23:35.021Z,178822581502100
"""LingWae @ FQN9hzhzP_"" posts a big blind of 10",2026-09-01T01:23:30.523Z,178822581052306
"""gurtyo @ gpP9uUffpu"" posts a small blind of 5",2026-09-01T01:23:30.523Z,178822581052305
"Player stacks: #1 ""gurtyo @ gpP9uUffpu"" (3858) | #2 ""LingWae @ FQN9hzhzP_"" (1501) | #10 ""woolball @ oMsP5L3lJa"" (985)",2026-09-01T01:23:30.523Z,178822581052301
"-- starting hand #177 (id: mn9ddnskdq4b)  No Limit Texas Hold'em (dealer: ""woolball @ oMsP5L3lJa"") --",2026-09-01T01:23:30.523Z,178822581052300
"""woolball @ oMsP5L3lJa"" shows a 3♦.",2026-09-01T01:23:27.177Z,178822580717700
"""LingWae @ FQN9hzhzP_"" shows a 2♦.",2026-09-01T01:23:26.462Z,178822580646200
"""gurtyo @ gpP9uUffpu"" shows a 2♥.",2026-09-01T01:23:25.028Z,178822580502800
"Undealt cards: A♦, 7♦, 8♥ [K♥, 5♣]",2026-09-01T01:23:22.728Z,178822580272800
"-- ending hand #176 --",2026-09-01T01:23:22.517Z,178822580251702
"""LingWae @ FQN9hzhzP_"" collected 30 from pot",2026-09-01T01:23:22.517Z,178822580251701
"Uncalled bet of 67 returned to ""LingWae @ FQN9hzhzP_""",2026-09-01T01:23:22.517Z,178822580251700
"""gurtyo @ gpP9uUffpu"" folds",2026-09-01T01:23:21.587Z,178822580158700
"""woolball @ oMsP5L3lJa"" folds",2026-09-01T01:23:19.463Z,178822579946300
"""LingWae @ FQN9hzhzP_"" bets 67",2026-09-01T01:23:17.049Z,178822579704900
"""gurtyo @ gpP9uUffpu"" checks",2026-09-01T01:23:11.617Z,178822579161700
"""woolball @ oMsP5L3lJa"" checks",2026-09-01T01:23:10.588Z,178822579058800
"Flop:  [A♦, 7♦, 8♥]",2026-09-01T01:23:04.909Z,178822578490900
"""gurtyo @ gpP9uUffpu"" checks",2026-09-01T01:23:04.087Z,178822578408700
"""woolball @ oMsP5L3lJa"" calls 10",2026-09-01T01:23:02.579Z,178822578257900
"""LingWae @ FQN9hzhzP_"" calls 10",2026-09-01T01:23:01.315Z,178822578131500
"""gurtyo @ gpP9uUffpu"" posts a big blind of 10",2026-09-01T01:22:59.513Z,178822577951306
"""woolball @ oMsP5L3lJa"" posts a small blind of 5",2026-09-01T01:22:59.513Z,178822577951305
"Player stacks: #1 ""gurtyo @ gpP9uUffpu"" (3868) | #2 ""LingWae @ FQN9hzhzP_"" (1481) | #10 ""woolball @ oMsP5L3lJa"" (995)",2026-09-01T01:22:59.513Z,178822577951301
"-- starting hand #176 (id: dkxwxm2fo3h5)  No Limit Texas Hold'em (dealer: ""LingWae @ FQN9hzhzP_"") --",2026-09-01T01:22:59.513Z,178822577951300
"""LingWae @ FQN9hzhzP_"" shows a 6♣, K♣.",2026-09-01T01:22:56.418Z,178822577641800
"Undealt cards: K♠, 9♣, 7♥, 4♣ [10♣]",2026-09-01T01:22:53.421Z,178822577342100
"-- ending hand #175 --",2026-09-01T01:22:52.881Z,178822577288102
"""LingWae @ FQN9hzhzP_"" collected 105 from pot",2026-09-01T01:22:52.881Z,178822577288101
"Uncalled bet of 56 returned to ""LingWae @ FQN9hzhzP_""",2026-09-01T01:22:52.881Z,178822577288100
"""gurtyo @ gpP9uUffpu"" folds",2026-09-01T01:22:52.014Z,178822577201400
"""woolball @ oMsP5L3lJa"" folds",2026-09-01T01:22:51.098Z,178822577109800
"""LingWae @ FQN9hzhzP_"" bets 56",2026-09-01T01:22:47.930Z,178822576793000
"Turn: K♠, 9♣, 7♥ [4♣]",2026-09-01T01:22:34.463Z,178822575446300
"""gurtyo @ gpP9uUffpu"" checks",2026-09-01T01:22:33.560Z,178822575356000
"""woolball @ oMsP5L3lJa"" checks",2026-09-01T01:22:32.595Z,178822575259500
"""LingWae @ FQN9hzhzP_"" checks",2026-09-01T01:22:30.888Z,178822575088800
"Flop:  [K♠, 9♣, 7♥]",2026-09-01T01:22:25.647Z,178822574564700
"""gurtyo @ gpP9uUffpu"" calls 35",2026-09-01T01:22:24.748Z,178822574474800
"""woolball @ oMsP5L3lJa"" calls 35",2026-09-01T01:22:23.769Z,178822574376900
"""LingWae @ FQN9hzhzP_"" raises to 35",2026-09-01T01:22:18.717Z,178822573871700
"""gurtyo @ gpP9uUffpu"" calls 10",2026-09-01T01:22:01.868Z,178822572186800
"""woolball @ oMsP5L3lJa"" posts a big blind of 10",2026-09-01T01:22:00.543Z,178822572054306
"""LingWae @ FQN9hzhzP_"" posts a small blind of 5",2026-09-01T01:22:00.543Z,178822572054305
"Player stacks: #1 ""gurtyo @ gpP9uUffpu"" (3903) | #2 ""LingWae @ FQN9hzhzP_"" (1411) | #10 ""woolball @ oMsP5L3lJa"" (1030)",2026-09-01T01:22:00.543Z,178822572054301
"-- starting hand #175 (id: vgcrf0ybazi0)  No Limit Texas Hold'em (dealer: ""gurtyo @ gpP9uUffpu"") --",2026-09-01T01:22:00.543Z,178822572054300
"-- ending hand #174 --",2026-09-01T01:21:54.538Z,178822571453801
"""woolball @ oMsP5L3lJa"" collected 1030 from pot with Three of a Kind, 2's (combination: K♣, A♥, 2♣, 2♦, 2♠)",2026-09-01T01:21:54.538Z,178822571453800
"River: A♥, 2♦, Q♦, 10♣ [2♠]",2026-09-01T01:21:50.514Z,178822571051400
"Turn: A♥, 2♦, Q♦ [10♣]",2026-09-01T01:21:46.510Z,178822570651000
"""woolball @ oMsP5L3lJa"" shows a 2♣, K♣.",2026-09-01T01:21:42.508Z,178822570250800
"""gurtyo @ gpP9uUffpu"" shows a A♠, K♠.",2026-09-01T01:21:42.170Z,178822570217000
"Some players choose to not run it twice.",2026-09-01T01:21:41.698Z,178822570169801
"""woolball @ oMsP5L3lJa"" chooses to not run it twice.",2026-09-01T01:21:41.698Z,178822570169800
"""gurtyo @ gpP9uUffpu"" chooses to  run it twice.",2026-09-01T01:21:40.531Z,178822570053100
"Remaining players decide whether to run it twice.",2026-09-01T01:21:39.911Z,178822569991101
"""gurtyo @ gpP9uUffpu"" calls 440",2026-09-01T01:21:39.911Z,178822569991100
"""woolball @ oMsP5L3lJa"" raises to 440 and go all in",2026-09-01T01:21:38.478Z,178822569847800
"""LingWae @ FQN9hzhzP_"" folds",2026-09-01T01:21:28.602Z,178822568860200
"""gurtyo @ gpP9uUffpu"" bets 75",2026-09-01T01:21:27.110Z,178822568711000
"Flop:  [A♥, 2♦, Q♦]",2026-09-01T01:21:22.367Z,178822568236700
"""woolball @ oMsP5L3lJa"" calls 50",2026-09-01T01:21:21.562Z,178822568156200
"""LingWae @ FQN9hzhzP_"" calls 50",2026-09-01T01:21:19.995Z,178822567999500
"""gurtyo @ gpP9uUffpu"" raises to 50",2026-09-01T01:21:18.205Z,178822567820500
"""woolball @ oMsP5L3lJa"" calls 10",2026-09-01T01:21:14.201Z,178822567420100
"""LingWae @ FQN9hzhzP_"" posts a big blind of 10",2026-09-01T01:21:05.341Z,178822566534106
"""gurtyo @ gpP9uUffpu"" posts a small blind of 5",2026-09-01T01:21:05.341Z,178822566534105
"Your hand is A♠, K♠",2026-09-01T01:21:05.341Z,178822566534102
"Player stacks: #1 ""gurtyo @ gpP9uUffpu"" (4393) | #2 ""LingWae @ FQN9hzhzP_"" (1461) | #10 ""woolball @ oMsP5L3lJa"" (490)",2026-09-01T01:21:05.341Z,178822566534101
"-- starting hand #174 (id: jgwqofdbex4y)  No Limit Texas Hold'em (dealer: ""woolball @ oMsP5L3lJa"") --",2026-09-01T01:21:05.341Z,178822566534100
"-- ending hand #173 --",2026-09-01T01:20:59.303Z,178822565930302
"""gurtyo @ gpP9uUffpu"" collected 130 from pot with Three of a Kind, 7's (combination: J♣, Q♠, 7♠, 7♦, 7♣)",2026-09-01T01:20:59.303Z,178822565930301
"""gurtyo @ gpP9uUffpu"" shows a 10♣, 7♠.",2026-09-01T01:20:59.303Z,178822565930300
"""LingWae @ FQN9hzhzP_"" checks",2026-09-01T01:20:58.457Z,178822565845700
"""gurtyo @ gpP9uUffpu"" checks",2026-09-01T01:20:55.954Z,178822565595400
"River: 7♦, 7♣, 9♠, Q♠ [J♣]",2026-09-01T01:20:54.969Z,178822565496900
"""gurtyo @ gpP9uUffpu"" calls 50",2026-09-01T01:20:54.146Z,178822565414600
"""woolball @ oMsP5L3lJa"" folds",2026-09-01T01:20:52.168Z,178822565216800
"""LingWae @ FQN9hzhzP_"" bets 50",2026-09-01T01:20:49.934Z,178822564993400
"""gurtyo @ gpP9uUffpu"" checks",2026-09-01T01:20:45.770Z,178822564577000
"""woolball @ oMsP5L3lJa"" checks",2026-09-01T01:20:44.176Z,178822564417600
"Turn: 7♦, 7♣, 9♠ [Q♠]",2026-09-01T01:20:41.960Z,178822564196000
"""LingWae @ FQN9hzhzP_"" checks",2026-09-01T01:20:41.139Z,178822564113900
"""gurtyo @ gpP9uUffpu"" checks",2026-09-01T01:20:39.391Z,178822563939100
"""woolball @ oMsP5L3lJa"" checks",2026-09-01T01:20:38.465Z,178822563846500
"Flop:  [7♦, 7♣, 9♠]",2026-09-01T01:20:35.888Z,178822563588800
"""gurtyo @ gpP9uUffpu"" checks",2026-09-01T01:20:35.006Z,178822563500600
"""woolball @ oMsP5L3lJa"" calls 10",2026-09-01T01:20:33.653Z,178822563365300
"""LingWae @ FQN9hzhzP_"" calls 10",2026-09-01T01:20:32.241Z,178822563224100
"""gurtyo @ gpP9uUffpu"" posts a big blind of 10",2026-09-01T01:20:30.193Z,178822563019307
"""woolball @ oMsP5L3lJa"" posts a small blind of 5",2026-09-01T01:20:30.193Z,178822563019306
"Your hand is 10♣, 7♠",2026-09-01T01:20:30.193Z,178822563019303
"Player stacks: #1 ""gurtyo @ gpP9uUffpu"" (4323) | #2 ""LingWae @ FQN9hzhzP_"" (1521) | #10 ""woolball @ oMsP5L3lJa"" (500)",2026-09-01T01:20:30.193Z,178822563019302
"-- starting hand #173 (id: idduod0lrnfj)  No Limit Texas Hold'em (dealer: ""LingWae @ FQN9hzhzP_"") --",2026-09-01T01:20:30.193Z,178822563019301
"The player ""woolball @ oMsP5L3lJa"" joined the game with a stack of 500.",2026-09-01T01:20:30.193Z,178822563019300
"""LingWae @ FQN9hzhzP_"" shows a 2♥, 9♦.",2026-09-01T01:20:27.186Z,178822562718600
"""gurtyo @ gpP9uUffpu"" shows a 6♣, 5♥.",2026-09-01T01:20:25.744Z,178822562574400
"Undealt cards: 10♣, 6♦, 5♣ [6♠, K♥]",2026-09-01T01:20:23.809Z,178822562380900
"-- ending hand #172 --",2026-09-01T01:20:22.878Z,178822562287802
"""gurtyo @ gpP9uUffpu"" collected 60 from pot",2026-09-01T01:20:22.878Z,178822562287801
"Uncalled bet of 30 returned to ""gurtyo @ gpP9uUffpu""",2026-09-01T01:20:22.878Z,178822562287800
"""LingWae @ FQN9hzhzP_"" folds",2026-09-01T01:20:21.992Z,178822562199200
"""gurtyo @ gpP9uUffpu"" bets 30",2026-09-01T01:20:18.896Z,178822561889600
"The admin approved the player ""woolball @ oMsP5L3lJa"" participation with a stack of 500.",2026-09-01T01:20:15.468Z,178822561546800
"""LingWae @ FQN9hzhzP_"" checks",2026-09-01T01:20:15.145Z,178822561514500
"The player ""woolball @ oMsP5L3lJa"" requested a seat.",2026-09-01T01:20:12.699Z,178822561269900
"Flop:  [10♣, 6♦, 5♣]",2026-09-01T01:20:11.758Z,178822561175800
"""LingWae @ FQN9hzhzP_"" calls 30",2026-09-01T01:20:10.934Z,178822561093400
"""gurtyo @ gpP9uUffpu"" raises to 30",2026-09-01T01:20:08.291Z,178822560829100
"""LingWae @ FQN9hzhzP_"" posts a big blind of 10",2026-09-01T01:20:05.353Z,178822560535306
"""gurtyo @ gpP9uUffpu"" posts a small blind of 5",2026-09-01T01:20:05.353Z,178822560535305
"Your hand is 6♣, 5♥",2026-09-01T01:20:05.353Z,178822560535303
"Player stacks: #1 ""gurtyo @ gpP9uUffpu"" (4293) | #2 ""LingWae @ FQN9hzhzP_"" (1551)",2026-09-01T01:20:05.353Z,178822560535302
"-- starting hand #172 (id: mm3azhdybwgx)  No Limit Texas Hold'em (dealer: ""gurtyo @ gpP9uUffpu"") --",2026-09-01T01:20:05.353Z,178822560535301
"The player ""woolball @ oMsP5L3lJa"" quits the game with a stack of 0.",2026-09-01T01:20:05.353Z,178822560535300
"""LingWae @ FQN9hzhzP_"" shows a 2♦, 3♦.",2026-09-01T01:19:59.624Z,178822559962400
"-- ending hand #171 --",2026-09-01T01:19:58.791Z,178822559879101
"""gurtyo @ gpP9uUffpu"" collected 646 from pot with Pair, 5's (combination: 10♦, Q♣, A♣, 5♠, 5♥)",2026-09-01T01:19:58.791Z,178822559879100
"River: 3♣, 5♠, 5♥, 10♦ [2♠]",2026-09-01T01:19:54.760Z,178822559476000
"Turn: 3♣, 5♠, 5♥ [10♦]",2026-09-01T01:19:50.608Z,178822559060800
"Flop:  [3♣, 5♠, 5♥]",2026-09-01T01:19:46.586Z,178822558658600
"""woolball @ oMsP5L3lJa"" shows a A♥, J♥.",2026-09-01T01:19:42.553Z,178822558255300
"""gurtyo @ gpP9uUffpu"" shows a A♣, Q♣.",2026-09-01T01:19:42.071Z,178822558207100
"Some players choose to not run it twice.",2026-09-01T01:19:41.599Z,178822558159901
"""woolball @ oMsP5L3lJa"" chooses to not run it twice.",2026-09-01T01:19:41.599Z,178822558159900
"""gurtyo @ gpP9uUffpu"" chooses to  run it twice.",2026-09-01T01:19:39.604Z,178822557960400
"Remaining players decide whether to run it twice.",2026-09-01T01:19:38.868Z,178822557886801
"""gurtyo @ gpP9uUffpu"" calls 318",2026-09-01T01:19:38.868Z,178822557886800
"""woolball @ oMsP5L3lJa"" raises to 318 and go all in",2026-09-01T01:19:37.410Z,178822557741000
"""LingWae @ FQN9hzhzP_"" folds",2026-09-01T01:19:33.399Z,178822557339900
"""gurtyo @ gpP9uUffpu"" raises to 160",2026-09-01T01:19:29.069Z,178822556906900
"""woolball @ oMsP5L3lJa"" raises to 40",2026-09-01T01:19:26.115Z,178822556611500
"""LingWae @ FQN9hzhzP_"" calls 10",2026-09-01T01:19:21.318Z,178822556131800
"""gurtyo @ gpP9uUffpu"" posts a big blind of 10",2026-09-01T01:19:08.696Z,178822554869606
"""woolball @ oMsP5L3lJa"" posts a small blind of 5",2026-09-01T01:19:08.696Z,178822554869605
"Your hand is A♣, Q♣",2026-09-01T01:19:08.696Z,178822554869602
"Player stacks: #1 ""gurtyo @ gpP9uUffpu"" (3965) | #2 ""LingWae @ FQN9hzhzP_"" (1561) | #10 ""woolball @ oMsP5L3lJa"" (318)",2026-09-01T01:19:08.696Z,178822554869601
"-- starting hand #171 (id: zvtsykai9axr)  No Limit Texas Hold'em (dealer: ""LingWae @ FQN9hzhzP_"") --",2026-09-01T01:19:08.696Z,178822554869600
"Undealt cards: K♥, 6♣, J♠, 9♥ [7♣]",2026-09-01T01:19:03.552Z,178822554355200
"-- ending hand #170 --",2026-09-01T01:19:02.711Z,178822554271102
"""woolball @ oMsP5L3lJa"" collected 25 from pot",2026-09-01T01:19:02.711Z,178822554271101
"Uncalled bet of 30 returned to ""woolball @ oMsP5L3lJa""",2026-09-01T01:19:02.711Z,178822554271100
"""gurtyo @ gpP9uUffpu"" folds",2026-09-01T01:19:01.743Z,178822554174300
"""woolball @ oMsP5L3lJa"" bets 30",2026-09-01T01:19:00.474Z,178822554047400
"Turn: K♥, 6♣, J♠ [9♥]",2026-09-01T01:18:56.998Z,178822553699800
"""gurtyo @ gpP9uUffpu"" checks",2026-09-01T01:18:56.134Z,178822553613400
"""woolball @ oMsP5L3lJa"" checks",2026-09-01T01:18:54.526Z,178822553452600
"Flop:  [K♥, 6♣, J♠]",2026-09-01T01:18:52.285Z,178822553228500
"""woolball @ oMsP5L3lJa"" checks",2026-09-01T01:18:51.463Z,178822553146300
"""LingWae @ FQN9hzhzP_"" folds",2026-09-01T01:18:43.146Z,178822552314600
"""gurtyo @ gpP9uUffpu"" calls 10",2026-09-01T01:18:41.269Z,178822552126900
"""woolball @ oMsP5L3lJa"" posts a big blind of 10",2026-09-01T01:18:39.640Z,178822551964006
"""LingWae @ FQN9hzhzP_"" posts a small blind of 5",2026-09-01T01:18:39.640Z,178822551964005
"Player stacks: #1 ""gurtyo @ gpP9uUffpu"" (3975) | #2 ""LingWae @ FQN9hzhzP_"" (1566) | #10 ""woolball @ oMsP5L3lJa"" (303)",2026-09-01T01:18:39.640Z,178822551964001
"-- starting hand #170 (id: ydgu7fag6ka5)  No Limit Texas Hold'em (dealer: ""gurtyo @ gpP9uUffpu"") --",2026-09-01T01:18:39.640Z,178822551964000
"-- ending hand #169 --",2026-09-01T01:18:33.626Z,178822551362604
"""gurtyo @ gpP9uUffpu"" collected 327 from pot with Two Pair, Q's & 7's (combination: 9♣, 7♠, 7♥, Q♦, Q♣)",2026-09-01T01:18:33.626Z,178822551362603
"""gurtyo @ gpP9uUffpu"" shows a Q♦, 5♥.",2026-09-01T01:18:33.626Z,178822551362602
"""woolball @ oMsP5L3lJa"" shows a 9♥, 3♥.",2026-09-01T01:18:33.626Z,178822551362601
"""LingWae @ FQN9hzhzP_"" shows a 4♣, K♦.",2026-09-01T01:18:33.626Z,178822551362600
"""gurtyo @ gpP9uUffpu"" calls 67",2026-09-01T01:18:32.792Z,178822551279200
"""woolball @ oMsP5L3lJa"" calls 67",2026-09-01T01:18:31.615Z,178822551161500
"""LingWae @ FQN9hzhzP_"" bets 67",2026-09-01T01:18:28.201Z,178822550820100
"""gurtyo @ gpP9uUffpu"" checks",2026-09-01T01:18:23.621Z,178822550362100
"River: 7♠, Q♣, 7♥, 2♥ [9♣]",2026-09-01T01:18:23.060Z,178822550306000
"""woolball @ oMsP5L3lJa"" checks",2026-09-01T01:18:22.248Z,178822550224800
"""LingWae @ FQN9hzhzP_"" checks",2026-09-01T01:18:20.674Z,178822550067400
"""gurtyo @ gpP9uUffpu"" checks",2026-09-01T01:18:13.794Z,178822549379400
"Turn: 7♠, Q♣, 7♥ [2♥]",2026-09-01T01:18:13.011Z,178822549301100
"""woolball @ oMsP5L3lJa"" checks",2026-09-01T01:18:12.163Z,178822549216300
"""LingWae @ FQN9hzhzP_"" checks",2026-09-01T01:18:09.800Z,178822548980000
"""gurtyo @ gpP9uUffpu"" checks",2026-09-01T01:18:07.207Z,178822548720700
"Flop:  [7♠, Q♣, 7♥]",2026-09-01T01:18:04.199Z,178822548419900
"""gurtyo @ gpP9uUffpu"" calls 42",2026-09-01T01:18:03.329Z,178822548332900
"""woolball @ oMsP5L3lJa"" calls 42",2026-09-01T01:18:02.329Z,178822548232900
"""LingWae @ FQN9hzhzP_"" raises to 42",2026-09-01T01:17:58.611Z,178822547861100
"""gurtyo @ gpP9uUffpu"" calls 10",2026-09-01T01:17:50.287Z,178822547028700
"""woolball @ oMsP5L3lJa"" calls 10",2026-09-01T01:17:49.335Z,178822546933500
"""LingWae @ FQN9hzhzP_"" posts a big blind of 10",2026-09-01T01:17:42.862Z,178822546286206
"""gurtyo @ gpP9uUffpu"" posts a small blind of 5",2026-09-01T01:17:42.862Z,178822546286205
"Your hand is Q♦, 5♥",2026-09-01T01:17:42.862Z,178822546286202
"Player stacks: #1 ""gurtyo @ gpP9uUffpu"" (3757) | #2 ""LingWae @ FQN9hzhzP_"" (1675) | #10 ""woolball @ oMsP5L3lJa"" (412)",2026-09-01T01:17:42.862Z,178822546286201
"-- starting hand #169 (id: u3vyjjydskrd)  No Limit Texas Hold'em (dealer: ""woolball @ oMsP5L3lJa"") --",2026-09-01T01:17:42.862Z,178822546286200
"""LingWae @ FQN9hzhzP_"" shows a A♦, Q♠.",2026-09-01T01:17:39.132Z,178822545913200
"Undealt cards: 10♠, Q♥, 8♠ [A♠, K♣]",2026-09-01T01:17:38.306Z,178822545830600
"-- ending hand #168 --",2026-09-01T01:17:36.259Z,178822545625902
"""LingWae @ FQN9hzhzP_"" collected 30 from pot",2026-09-01T01:17:36.259Z,178822545625901
"Uncalled bet of 50 returned to ""LingWae @ FQN9hzhzP_""",2026-09-01T01:17:36.259Z,178822545625900
"""gurtyo @ gpP9uUffpu"" folds",2026-09-01T01:17:35.430Z,178822545543000
"""woolball @ oMsP5L3lJa"" folds",2026-09-01T01:17:34.475Z,178822545447500
"""LingWae @ FQN9hzhzP_"" bets 50",2026-09-01T01:17:31.888Z,178822545188800
"""gurtyo @ gpP9uUffpu"" checks",2026-09-01T01:17:27.162Z,178822544716200
"""woolball @ oMsP5L3lJa"" checks",2026-09-01T01:17:26.096Z,178822544609600
"Flop:  [10♠, Q♥, 8♠]",2026-09-01T01:17:21.163Z,178822544116300
"""gurtyo @ gpP9uUffpu"" checks",2026-09-01T01:17:20.316Z,178822544031600
"""woolball @ oMsP5L3lJa"" calls 10",2026-09-01T01:17:18.781Z,178822543878100
"""LingWae @ FQN9hzhzP_"" calls 10",2026-09-01T01:17:16.662Z,178822543666200
"""gurtyo @ gpP9uUffpu"" posts a big blind of 10",2026-09-01T01:17:14.303Z,178822543430306
"""woolball @ oMsP5L3lJa"" posts a small blind of 5",2026-09-01T01:17:14.303Z,178822543430305
"Player stacks: #1 ""gurtyo @ gpP9uUffpu"" (3767) | #2 ""LingWae @ FQN9hzhzP_"" (1655) | #10 ""woolball @ oMsP5L3lJa"" (422)",2026-09-01T01:17:14.303Z,178822543430301
"-- starting hand #168 (id: hfxwx6e1bm5m)  No Limit Texas Hold'em (dealer: ""LingWae @ FQN9hzhzP_"") --",2026-09-01T01:17:14.303Z,178822543430300
"-- ending hand #167 --",2026-09-01T01:17:08.289Z,178822542828902
"""gurtyo @ gpP9uUffpu"" collected 245 from pot with Two Pair, K's & 8's (combination: 9♦, 8♠, 8♥, K♠, K♥)",2026-09-01T01:17:08.289Z,178822542828901
"""gurtyo @ gpP9uUffpu"" shows a 8♠, 8♥.",2026-09-01T01:17:08.289Z,178822542828900
"""woolball @ oMsP5L3lJa"" calls 40",2026-09-01T01:17:07.477Z,178822542747700
"""gurtyo @ gpP9uUffpu"" bets 40",2026-09-01T01:17:00.605Z,178822542060500
"""woolball @ oMsP5L3lJa"" checks",2026-09-01T01:16:58.466Z,178822541846600
"River: 9♦, K♠, K♥, 2♠ [6♠]",2026-09-01T01:16:56.669Z,178822541666900
"""gurtyo @ gpP9uUffpu"" calls 40",2026-09-01T01:16:55.863Z,178822541586300
"""woolball @ oMsP5L3lJa"" bets 40",2026-09-01T01:16:54.021Z,178822541402100
"Turn: 9♦, K♠, K♥ [2♠]",2026-09-01T01:16:51.157Z,178822541115700
"""gurtyo @ gpP9uUffpu"" checks",2026-09-01T01:16:50.297Z,178822541029700
"""woolball @ oMsP5L3lJa"" checks",2026-09-01T01:16:49.380Z,178822540938000
"Flop:  [9♦, K♠, K♥]",2026-09-01T01:16:45.202Z,178822540520200
"""woolball @ oMsP5L3lJa"" calls 40",2026-09-01T01:16:44.384Z,178822540438400
"""LingWae @ FQN9hzhzP_"" folds",2026-09-01T01:16:41.464Z,178822540146400
"""gurtyo @ gpP9uUffpu"" raises to 40",2026-09-01T01:16:40.356Z,178822540035600
"""woolball @ oMsP5L3lJa"" posts a big blind of 10",2026-09-01T01:16:37.392Z,178822539739206
"""LingWae @ FQN9hzhzP_"" posts a small blind of 5",2026-09-01T01:16:37.392Z,178822539739205
"Your hand is 8♠, 8♥",2026-09-01T01:16:37.392Z,178822539739202
"Player stacks: #1 ""gurtyo @ gpP9uUffpu"" (3642) | #2 ""LingWae @ FQN9hzhzP_"" (1660) | #10 ""woolball @ oMsP5L3lJa"" (542)",2026-09-01T01:16:37.392Z,178822539739201
"-- starting hand #167 (id: zhb6sjfhfbbs)  No Limit Texas Hold'em (dealer: ""gurtyo @ gpP9uUffpu"") --",2026-09-01T01:16:37.392Z,178822539739200
"""LingWae @ FQN9hzhzP_"" shows a 7♦, 8♠.",2026-09-01T01:16:34.827Z,178822539482700
"-- ending hand #166 --",2026-09-01T01:16:30.854Z,178822539085402
"""woolball @ oMsP5L3lJa"" collected 308 from pot with Pair, Q's (combination: 10♦, J♣, A♦, Q♦, Q♥)",2026-09-01T01:16:30.854Z,178822539085401
"""woolball @ oMsP5L3lJa"" shows a 4♠, Q♦.",2026-09-01T01:16:30.854Z,178822539085400
"""LingWae @ FQN9hzhzP_"" folds",2026-09-01T01:16:30.043Z,178822539004300
"""gurtyo @ gpP9uUffpu"" calls 100",2026-09-01T01:16:29.057Z,178822538905700
"""woolball @ oMsP5L3lJa"" bets 100",2026-09-01T01:16:27.997Z,178822538799700
"""LingWae @ FQN9hzhzP_"" checks",2026-09-01T01:16:25.525Z,178822538552500
"""gurtyo @ gpP9uUffpu"" checks",2026-09-01T01:16:23.732Z,178822538373200
"River: 6♥, A♦, 10♦, J♣ [Q♥]",2026-09-01T01:16:21.249Z,178822538124900
"""woolball @ oMsP5L3lJa"" checks",2026-09-01T01:16:20.440Z,178822538044000
"""LingWae @ FQN9hzhzP_"" checks",2026-09-01T01:16:19.100Z,178822537910000
"""gurtyo @ gpP9uUffpu"" checks",2026-09-01T01:16:17.409Z,178822537740900
"Turn: 6♥, A♦, 10♦ [J♣]",2026-09-01T01:16:15.737Z,178822537573700
"""woolball @ oMsP5L3lJa"" checks",2026-09-01T01:16:14.881Z,178822537488100
"""LingWae @ FQN9hzhzP_"" checks",2026-09-01T01:16:13.567Z,178822537356700
"""gurtyo @ gpP9uUffpu"" checks",2026-09-01T01:16:09.611Z,178822536961100
"Flop:  [6♥, A♦, 10♦]",2026-09-01T01:16:08.506Z,178822536850600
"""gurtyo @ gpP9uUffpu"" calls 36",2026-09-01T01:16:07.682Z,178822536768200
"""woolball @ oMsP5L3lJa"" calls 36",2026-09-01T01:16:06.744Z,178822536674400
"""LingWae @ FQN9hzhzP_"" raises to 36",2026-09-01T01:16:02.358Z,178822536235800
"""gurtyo @ gpP9uUffpu"" calls 10",2026-09-01T01:15:54.903Z,178822535490300
"""woolball @ oMsP5L3lJa"" calls 10",2026-09-01T01:15:53.008Z,178822535300800
"""LingWae @ FQN9hzhzP_"" posts a big blind of 10",2026-09-01T01:15:49.667Z,178822534966706
"""gurtyo @ gpP9uUffpu"" posts a small blind of 5",2026-09-01T01:15:49.667Z,178822534966705
"Player stacks: #1 ""gurtyo @ gpP9uUffpu"" (3778) | #2 ""LingWae @ FQN9hzhzP_"" (1696) | #10 ""woolball @ oMsP5L3lJa"" (370)",2026-09-01T01:15:49.667Z,178822534966701
"-- starting hand #166 (id: l32bge0vr0np)  No Limit Texas Hold'em (dealer: ""woolball @ oMsP5L3lJa"") --",2026-09-01T01:15:49.667Z,178822534966700
"""gurtyo @ gpP9uUffpu"" shows a 4♦.",2026-09-01T01:15:46.604Z,178822534660400
"-- ending hand #165 --",2026-09-01T01:15:43.062Z,178822534306202
"""LingWae @ FQN9hzhzP_"" collected 102 from pot with Pair, 6's (combination: 10♠, Q♠, A♠, 6♥, 6♦)",2026-09-01T01:15:43.062Z,178822534306201
"""LingWae @ FQN9hzhzP_"" shows a 6♥, Q♠.",2026-09-01T01:15:43.062Z,178822534306200
"""gurtyo @ gpP9uUffpu"" calls 36",2026-09-01T01:15:42.246Z,178822534224600
"""woolball @ oMsP5L3lJa"" folds",2026-09-01T01:15:40.981Z,178822534098100
"""LingWae @ FQN9hzhzP_"" raises to 36",2026-09-01T01:15:39.705Z,178822533970500
"""gurtyo @ gpP9uUffpu"" bets 10",2026-09-01T01:15:37.075Z,178822533707500
"""woolball @ oMsP5L3lJa"" checks",2026-09-01T01:15:35.031Z,178822533503100
"River: A♠, 10♠, 6♦, 4♣ [3♣]",2026-09-01T01:15:31.056Z,178822533105600
"""LingWae @ FQN9hzhzP_"" checks",2026-09-01T01:15:30.236Z,178822533023600
"""gurtyo @ gpP9uUffpu"" checks",2026-09-01T01:15:29.296Z,178822532929600
"""woolball @ oMsP5L3lJa"" checks",2026-09-01T01:15:26.187Z,178822532618700
"Turn: A♠, 10♠, 6♦ [4♣]",2026-09-01T01:15:24.050Z,178822532405000
"""LingWae @ FQN9hzhzP_"" checks",2026-09-01T01:15:23.235Z,178822532323500
"""gurtyo @ gpP9uUffpu"" checks",2026-09-01T01:15:22.285Z,178822532228500
"""woolball @ oMsP5L3lJa"" checks",2026-09-01T01:15:20.802Z,178822532080200
"Flop:  [A♠, 10♠, 6♦]",2026-09-01T01:15:17.846Z,178822531784600
"""gurtyo @ gpP9uUffpu"" checks",2026-09-01T01:15:16.950Z,178822531695000
"""woolball @ oMsP5L3lJa"" calls 10",2026-09-01T01:15:16.041Z,178822531604100
"""LingWae @ FQN9hzhzP_"" calls 10",2026-09-01T01:15:13.612Z,178822531361200
"""gurtyo @ gpP9uUffpu"" posts a big blind of 10",2026-09-01T01:15:07.030Z,178822530703006
"""woolball @ oMsP5L3lJa"" posts a small blind of 5",2026-09-01T01:15:07.030Z,178822530703005
"Player stacks: #1 ""gurtyo @ gpP9uUffpu"" (3824) | #2 ""LingWae @ FQN9hzhzP_"" (1640) | #10 ""woolball @ oMsP5L3lJa"" (380)",2026-09-01T01:15:07.030Z,178822530703001
"-- starting hand #165 (id: bodap7lxiemb)  No Limit Texas Hold'em (dealer: ""LingWae @ FQN9hzhzP_"") --",2026-09-01T01:15:07.030Z,178822530703000
"""LingWae @ FQN9hzhzP_"" shows a Q♣, 7♣.",2026-09-01T01:15:03.292Z,178822530329200
"Undealt cards: 9♣, 2♦, A♦ [2♥, 7♠]",2026-09-01T01:15:02.075Z,178822530207500
"-- ending hand #164 --",2026-09-01T01:15:00.408Z,178822530040802
"""LingWae @ FQN9hzhzP_"" collected 270 from pot",2026-09-01T01:15:00.408Z,178822530040801
"Uncalled bet of 167 returned to ""LingWae @ FQN9hzhzP_""",2026-09-01T01:15:00.408Z,178822530040800
"""woolball @ oMsP5L3lJa"" folds",2026-09-01T01:14:59.573Z,178822529957300
"""LingWae @ FQN9hzhzP_"" bets 167",2026-09-01T01:14:56.648Z,178822529664800
"Flop:  [9♣, 2♦, A♦]",2026-09-01T01:14:44.858Z,178822528485800
"""LingWae @ FQN9hzhzP_"" calls 120",2026-09-01T01:14:44.047Z,178822528404700
"""gurtyo @ gpP9uUffpu"" folds",2026-09-01T01:14:32.033Z,178822527203300
"""woolball @ oMsP5L3lJa"" raises to 120",2026-09-01T01:14:29.918Z,178822526991800
"""LingWae @ FQN9hzhzP_"" calls 30",2026-09-01T01:14:22.668Z,178822526266800
"""gurtyo @ gpP9uUffpu"" raises to 30",2026-09-01T01:14:18.114Z,178822525811400
"""woolball @ oMsP5L3lJa"" posts a big blind of 10",2026-09-01T01:14:14.716Z,178822525471607
"""LingWae @ FQN9hzhzP_"" posts a small blind of 5",2026-09-01T01:14:14.716Z,178822525471606
"Player stacks: #1 ""gurtyo @ gpP9uUffpu"" (3854) | #2 ""LingWae @ FQN9hzhzP_"" (1490) | #10 ""woolball @ oMsP5L3lJa"" (500)",2026-09-01T01:14:14.716Z,178822525471602
"-- starting hand #164 (id: rte36w8jmxzk)  No Limit Texas Hold'em (dealer: ""gurtyo @ gpP9uUffpu"") --",2026-09-01T01:14:14.716Z,178822525471601
"The player ""woolball @ oMsP5L3lJa"" joined the game with a stack of 500.",2026-09-01T01:14:14.716Z,178822525471600
"-- ending hand #163 --",2026-09-01T01:14:11.719Z,178822525171902
"""gurtyo @ gpP9uUffpu"" collected 20 from pot",2026-09-01T01:14:11.719Z,178822525171901
"Uncalled bet of 10 returned to ""gurtyo @ gpP9uUffpu""",2026-09-01T01:14:11.719Z,178822525171900
"""LingWae @ FQN9hzhzP_"" folds",2026-09-01T01:14:10.893Z,178822525089300
"""gurtyo @ gpP9uUffpu"" bets 10",2026-09-01T01:14:08.791Z,178822524879100
"River: J♣, K♥, Q♠, A♠ [4♥]",2026-09-01T01:14:07.495Z,178822524749500
"""LingWae @ FQN9hzhzP_"" checks",2026-09-01T01:14:06.629Z,178822524662900
"The admin approved the player ""woolball @ oMsP5L3lJa"" participation with a stack of 500.",2026-09-01T01:14:02.428Z,178822524242800
"The player ""woolball @ oMsP5L3lJa"" requested a seat.",2026-09-01T01:13:58.900Z,178822523890000
"""gurtyo @ gpP9uUffpu"" checks",2026-09-01T01:13:54.609Z,178822523460900
"Turn: J♣, K♥, Q♠ [A♠]",2026-09-01T01:13:53.778Z,178822523377800
"""LingWae @ FQN9hzhzP_"" checks",2026-09-01T01:13:52.924Z,178822523292400
"""gurtyo @ gpP9uUffpu"" checks",2026-09-01T01:13:50.840Z,178822523084000
"Flop:  [J♣, K♥, Q♠]",2026-09-01T01:13:49.775Z,178822522977500
"""gurtyo @ gpP9uUffpu"" checks",2026-09-01T01:13:48.899Z,178822522889900
"""LingWae @ FQN9hzhzP_"" calls 10",2026-09-01T01:13:47.567Z,178822522756700
"""gurtyo @ gpP9uUffpu"" posts a big blind of 10",2026-09-01T01:13:39.566Z,178822521956607
"""LingWae @ FQN9hzhzP_"" posts a small blind of 5",2026-09-01T01:13:39.566Z,178822521956606
"Player stacks: #1 ""gurtyo @ gpP9uUffpu"" (3844) | #2 ""LingWae @ FQN9hzhzP_"" (1500)",2026-09-01T01:13:39.566Z,178822521956603
"-- starting hand #163 (id: x6da7n25udyu)  No Limit Texas Hold'em (dealer: ""LingWae @ FQN9hzhzP_"") --",2026-09-01T01:13:39.566Z,178822521956602
"The player ""LingWae @ FQN9hzhzP_"" joined the game with a stack of 1500.",2026-09-01T01:13:39.566Z,178822521956601
"The player ""woolball @ oMsP5L3lJa"" quits the game with a stack of 0.",2026-09-01T01:13:39.566Z,178822521956600
"-- ending hand #162 --",2026-09-01T01:13:33.562Z,178822521356203
"""gurtyo @ gpP9uUffpu"" collected 3766 from pot with Straight, 7 High (combination: 3♥, 4♠, 5♦, 6♦, 7♠)",2026-09-01T01:13:33.562Z,178822521356202
"""gurtyo @ gpP9uUffpu"" shows a 6♦, 4♠.",2026-09-01T01:13:33.562Z,178822521356201
"""woolball @ oMsP5L3lJa"" shows a A♦, J♣.",2026-09-01T01:13:33.562Z,178822521356200
"""gurtyo @ gpP9uUffpu"" calls 1283",2026-09-01T01:13:32.669Z,178822521266900
"""woolball @ oMsP5L3lJa"" bets 1283 and go all in",2026-09-01T01:13:31.742Z,178822521174200
"River: 3♥, Q♥, 5♦, 7♠ [Q♦]",2026-09-01T01:13:28.961Z,178822520896100
"""woolball @ oMsP5L3lJa"" calls 480",2026-09-01T01:13:28.062Z,178822520806200
"""gurtyo @ gpP9uUffpu"" raises to 480",2026-09-01T01:13:26.796Z,178822520679600
"""woolball @ oMsP5L3lJa"" bets 240",2026-09-01T01:13:24.166Z,178822520416600
"Turn: 3♥, Q♥, 5♦ [7♠]",2026-09-01T01:13:21.382Z,178822520138200
"""gurtyo @ gpP9uUffpu"" calls 80",2026-09-01T01:13:20.549Z,178822520054900
"""woolball @ oMsP5L3lJa"" bets 80",2026-09-01T01:13:18.682Z,178822519868200
"Flop:  [3♥, Q♥, 5♦]",2026-09-01T01:13:08.444Z,178822518844400
"""gurtyo @ gpP9uUffpu"" calls 40",2026-09-01T01:13:07.631Z,178822518763100
"""woolball @ oMsP5L3lJa"" raises to 40",2026-09-01T01:13:06.374Z,178822518637400
"The admin approved the player ""LingWae @ FQN9hzhzP_"" participation with a stack of 1500.",2026-09-01T01:13:05.063Z,178822518506300
"The player ""LingWae @ FQN9hzhzP_"" requested a seat.",2026-09-01T01:13:02.158Z,178822518215800
"""gurtyo @ gpP9uUffpu"" calls 10",2026-09-01T01:12:59.056Z,178822517905600
"""woolball @ oMsP5L3lJa"" posts a big blind of 10",2026-09-01T01:12:55.957Z,178822517595709
"""gurtyo @ gpP9uUffpu"" posts a small blind of 5",2026-09-01T01:12:55.957Z,178822517595708
"Your hand is 6♦, 4♠",2026-09-01T01:12:55.957Z,178822517595706
"Player stacks: #1 ""gurtyo @ gpP9uUffpu"" (1961) | #10 ""woolball @ oMsP5L3lJa"" (1883)",2026-09-01T01:12:55.957Z,178822517595705
"-- starting hand #162 (id: 4geh2nkdabmn)  No Limit Texas Hold'em (dealer: ""gurtyo @ gpP9uUffpu"") --",2026-09-01T01:12:55.957Z,178822517595704
"The player ""LingWae @ FQN9hzhzP_"" quits the game with a stack of 0.",2026-09-01T01:12:55.957Z,178822517595703
"The admin updated the player ""gurtyo @ gpP9uUffpu"" stack from 2461 to 1961.",2026-09-01T01:12:55.957Z,178822517595702
"The admin updated the player ""LingWae @ FQN9hzhzP_"" stack from 156 to 0.",2026-09-01T01:12:55.957Z,178822517595701
"The admin updated the player ""woolball @ oMsP5L3lJa"" stack from 3383 to 1883.",2026-09-01T01:12:55.957Z,178822517595700
"-- ending hand #161 --",2026-09-01T01:12:47.952Z,178822516795202
"""LingWae @ FQN9hzhzP_"" collected 156 from pot with Straight, Q High on the second run  (combination: 8♦, 9♦, 10♣, J♣, Q♠)",2026-09-01T01:12:47.952Z,178822516795201
"""gurtyo @ gpP9uUffpu"" collected 157 from pot with Full House, A's over Q's (combination: Q♥, Q♣, A♦, A♣, A♥)",2026-09-01T01:12:47.952Z,178822516795200
"River (second run): 7♣, 9♦, 5♦, J♣ [Q♠]",2026-09-01T01:12:43.860Z,178822516386000
"Turn (second run): 7♣, 9♦, 5♦ [J♣]",2026-09-01T01:12:39.791Z,178822515979100
"Flop (second run):  [7♣, 9♦, 5♦]",2026-09-01T01:12:35.749Z,178822515574900
"River: A♣, 6♠, A♥, Q♣ [J♦]",2026-09-01T01:12:31.745Z,178822515174500
"Turn: A♣, 6♠, A♥ [Q♣]",2026-09-01T01:12:27.588Z,178822514758800
"Flop:  [A♣, 6♠, A♥]",2026-09-01T01:12:23.571Z,178822514357100
"""LingWae @ FQN9hzhzP_"" shows a 8♦, 10♣.",2026-09-01T01:12:19.542Z,178822513954201
"Uncalled bet of 1 returned to ""gurtyo @ gpP9uUffpu""",2026-09-01T01:12:19.542Z,178822513954200
"""gurtyo @ gpP9uUffpu"" shows a Q♥, A♦.",2026-09-01T01:12:19.236Z,178822513923600
"All players in hand choose to run it twice.",2026-09-01T01:12:18.604Z,178822513860401
"""gurtyo @ gpP9uUffpu"" chooses to  run it twice.",2026-09-01T01:12:18.604Z,178822513860400
"""LingWae @ FQN9hzhzP_"" chooses to  run it twice.",2026-09-01T01:12:17.716Z,178822513771600
"Remaining players decide whether to run it twice.",2026-09-01T01:12:15.992Z,178822513599201
"""woolball @ oMsP5L3lJa"" folds",2026-09-01T01:12:15.992Z,178822513599200
"""LingWae @ FQN9hzhzP_"" calls 139 and go all in",2026-09-01T01:12:13.462Z,178822513346200
"""gurtyo @ gpP9uUffpu"" raises to 140",2026-09-01T01:12:11.575Z,178822513157500
"""woolball @ oMsP5L3lJa"" raises to 35",2026-09-01T01:12:08.541Z,178822512854100
"WARNING: the admin queued the stack change for the player ""gurtyo @ gpP9uUffpu"" removing 500 chips in the next hand.",2026-09-01T01:12:07.128Z,178822512712800
"WARNING: the admin queued the stack change for the player ""LingWae @ FQN9hzhzP_"" removing 1500 chips in the next hand.",2026-09-01T01:12:02.262Z,178822512226200
"WARNING: the admin queued the stack change for the player ""woolball @ oMsP5L3lJa"" removing 1500 chips in the next hand.",2026-09-01T01:11:56.933Z,178822511693300
"""LingWae @ FQN9hzhzP_"" posts a big blind of 10",2026-09-01T01:11:50.885Z,178822511088506
"""gurtyo @ gpP9uUffpu"" posts a small blind of 5",2026-09-01T01:11:50.885Z,178822511088505
"Your hand is Q♥, A♦",2026-09-01T01:11:50.885Z,178822511088502
"Player stacks: #1 ""gurtyo @ gpP9uUffpu"" (2443) | #2 ""LingWae @ FQN9hzhzP_"" (139) | #10 ""woolball @ oMsP5L3lJa"" (3418)",2026-09-01T01:11:50.885Z,178822511088501
"-- starting hand #161 (id: jeivjmf6zpp7)  No Limit Texas Hold'em (dealer: ""woolball @ oMsP5L3lJa"") --",2026-09-01T01:11:50.885Z,178822511088500
"-- ending hand #160 --",2026-09-01T01:11:44.881Z,178822510488103
"""LingWae @ FQN9hzhzP_"" shows a J♣, Q♦.",2026-09-01T01:11:44.881Z,178822510488102
"""gurtyo @ gpP9uUffpu"" collected 2443 from pot with Full House, A's over J's (combination: J♥, J♠, A♣, A♥, A♠)",2026-09-01T01:11:44.881Z,178822510488101
"""gurtyo @ gpP9uUffpu"" shows a A♣, J♥.",2026-09-01T01:11:44.881Z,178822510488100
"""LingWae @ FQN9hzhzP_"" calls 390",2026-09-01T01:11:44.037Z,178822510403700
"""gurtyo @ gpP9uUffpu"" bets 390 and go all in",2026-09-01T01:11:41.084Z,178822510108400
"River: A♥, A♠, J♠, K♦ [5♣]",2026-09-01T01:11:39.748Z,178822509974800
"""gurtyo @ gpP9uUffpu"" calls 554",2026-09-01T01:11:38.882Z,178822509888200
"""LingWae @ FQN9hzhzP_"" raises to 554",2026-09-01T01:11:37.969Z,178822509796900
"""gurtyo @ gpP9uUffpu"" bets 277",2026-09-01T01:11:34.828Z,178822509482800
"Turn: A♥, A♠, J♠ [K♦]",2026-09-01T01:11:30.663Z,178822509066300
"""LingWae @ FQN9hzhzP_"" calls 120",2026-09-01T01:11:29.843Z,178822508984300
"""gurtyo @ gpP9uUffpu"" bets 120",2026-09-01T01:11:28.451Z,178822508845100
"Flop:  [A♥, A♠, J♠]",2026-09-01T01:11:24.127Z,178822508412700
"""LingWae @ FQN9hzhzP_"" calls 150",2026-09-01T01:11:23.257Z,178822508325700
"""gurtyo @ gpP9uUffpu"" raises to 150",2026-09-01T01:11:15.966Z,178822507596600
"""woolball @ oMsP5L3lJa"" folds",2026-09-01T01:11:13.999Z,178822507399900
"""LingWae @ FQN9hzhzP_"" raises to 50",2026-09-01T01:11:05.802Z,178822506580200
"""woolball @ oMsP5L3lJa"" posts a missed big blind of 10",2026-09-01T01:11:02.686Z,178822506268609
"""woolball @ oMsP5L3lJa"" posts a missing small blind of 5",2026-09-01T01:11:02.686Z,178822506268608
"""gurtyo @ gpP9uUffpu"" posts a big blind of 10",2026-09-01T01:11:02.686Z,178822506268607
"""woolball @ oMsP5L3lJa"" posts a small blind of 5",2026-09-01T01:11:02.686Z,178822506268606
"Your hand is A♣, J♥",2026-09-01T01:11:02.686Z,178822506268603
"Player stacks: #1 ""gurtyo @ gpP9uUffpu"" (1214) | #2 ""LingWae @ FQN9hzhzP_"" (1353) | #10 ""woolball @ oMsP5L3lJa"" (3433)",2026-09-01T01:11:02.686Z,178822506268602
"-- starting hand #160 (id: rgtgfetrsrpm)  No Limit Texas Hold'em (dealer: ""LingWae @ FQN9hzhzP_"") --",2026-09-01T01:11:02.686Z,178822506268601
"The player ""woolball @ oMsP5L3lJa"" joined the game with a stack of 3433.",2026-09-01T01:11:02.686Z,178822506268600
"""LingWae @ FQN9hzhzP_"" shows a 2♥, K♣.",2026-09-01T01:10:58.715Z,178822505871500
"Undealt cards: 9♣, 9♦, K♦ [K♠, 3♦]",2026-09-01T01:10:56.533Z,178822505653300
"-- ending hand #159 --",2026-09-01T01:10:55.964Z,178822505596402
"""LingWae @ FQN9hzhzP_"" collected 60 from pot",2026-09-01T01:10:55.964Z,178822505596401
"Uncalled bet of 156 returned to ""LingWae @ FQN9hzhzP_""",2026-09-01T01:10:55.964Z,178822505596400
"""gurtyo @ gpP9uUffpu"" folds",2026-09-01T01:10:55.147Z,178822505514700
"""LingWae @ FQN9hzhzP_"" bets 156",2026-09-01T01:10:54.093Z,178822505409300
"Flop:  [9♣, 9♦, K♦]",2026-09-01T01:10:50.616Z,178822505061600
"""LingWae @ FQN9hzhzP_"" calls 30",2026-09-01T01:10:49.775Z,178822504977500
"""gurtyo @ gpP9uUffpu"" raises to 30",2026-09-01T01:10:40.625Z,178822504062500
"The player ""woolball @ oMsP5L3lJa"" sit back with the stack of 3433.",2026-09-01T01:10:39.241Z,178822503924100
"""LingWae @ FQN9hzhzP_"" posts a big blind of 10",2026-09-01T01:10:37.674Z,178822503767405
"""gurtyo @ gpP9uUffpu"" posts a small blind of 5",2026-09-01T01:10:37.674Z,178822503767404
"Player stacks: #1 ""gurtyo @ gpP9uUffpu"" (1244) | #2 ""LingWae @ FQN9hzhzP_"" (1323)",2026-09-01T01:10:37.674Z,178822503767401
"-- starting hand #159 (id: aqpj8yzqsyj0)  No Limit Texas Hold'em (dealer: ""gurtyo @ gpP9uUffpu"") --",2026-09-01T01:10:37.674Z,178822503767400
"""LingWae @ FQN9hzhzP_"" shows a 8♥, 10♣.",2026-09-01T01:10:35.739Z,178822503573900
"-- ending hand #158 --",2026-09-01T01:10:34.010Z,178822503401002
"""gurtyo @ gpP9uUffpu"" collected 488 from pot",2026-09-01T01:10:34.010Z,178822503401001
"Uncalled bet of 756 returned to ""gurtyo @ gpP9uUffpu""",2026-09-01T01:10:34.010Z,178822503401000
"""LingWae @ FQN9hzhzP_"" folds",2026-09-01T01:10:33.137Z,178822503313700
"""gurtyo @ gpP9uUffpu"" bets 756 and go all in",2026-09-01T01:10:27.663Z,178822502766300
"River: 9♣, 7♠, 10♦, 2♥ [9♠]",2026-09-01T01:10:19.092Z,178822501909200
"""gurtyo @ gpP9uUffpu"" calls 167",2026-09-01T01:10:18.282Z,178822501828200
"""LingWae @ FQN9hzhzP_"" raises to 167",2026-09-01T01:10:15.221Z,178822501522100
"""gurtyo @ gpP9uUffpu"" bets 60",2026-09-01T01:10:11.148Z,178822501114800
"Turn: 9♣, 7♠, 10♦ [2♥]",2026-09-01T01:10:06.385Z,178822500638500
"""gurtyo @ gpP9uUffpu"" calls 67",2026-09-01T01:10:05.533Z,178822500553300
"""LingWae @ FQN9hzhzP_"" raises to 67",2026-09-01T01:10:00.095Z,178822500009500
"""gurtyo @ gpP9uUffpu"" bets 30",2026-09-01T01:09:58.001Z,178822499800100
"Flop:  [9♣, 7♠, 10♦]",2026-09-01T01:09:52.676Z,178822499267600
"""gurtyo @ gpP9uUffpu"" checks",2026-09-01T01:09:51.860Z,178822499186000
"""LingWae @ FQN9hzhzP_"" calls 10",2026-09-01T01:09:49.825Z,178822498982500
"""gurtyo @ gpP9uUffpu"" posts a big blind of 10",2026-09-01T01:09:45.724Z,178822498572408
"""LingWae @ FQN9hzhzP_"" posts a small blind of 5",2026-09-01T01:09:45.724Z,178822498572407
"Player stacks: #1 ""gurtyo @ gpP9uUffpu"" (1000) | #2 ""LingWae @ FQN9hzhzP_"" (1567)",2026-09-01T01:09:45.724Z,178822498572404
"The player ""woolball @ oMsP5L3lJa"" joined the game with a stack of 3433.",2026-09-01T01:09:45.724Z,178822498572403
"The player ""LingWae @ FQN9hzhzP_"" joined the game with a stack of 1567.",2026-09-01T01:09:45.724Z,178822498572402
"The player ""gurtyo @ gpP9uUffpu"" joined the game with a stack of 1000.",2026-09-01T01:09:45.724Z,178822498572401
"-- starting hand #158 (id: 1maksu0tn8dr)  No Limit Texas Hold'em (dealer: ""LingWae @ FQN9hzhzP_"") --",2026-09-01T01:09:45.724Z,178822498572400
"The admin approved the player ""gurtyo @ gpP9uUffpu"" participation with a stack of 1000.",2026-09-01T01:09:14.822Z,178822495482201
"The player ""gurtyo @ gpP9uUffpu"" requested a seat.",2026-09-01T01:09:14.822Z,178822495482200
"The player ""LingWae @ FQN9hzhzP_"" sit back with the stack of 1567.",2026-09-01T01:00:46.453Z,178822444645300
"The player ""LingWae @ FQN9hzhzP_"" stand up with the stack of 1567.",2026-09-01T01:00:44.468Z,178822444446800
"The player ""woolball @ oMsP5L3lJa"" stand up with the stack of 3433.",2026-09-01T01:00:41.337Z,178822444133700
"The player ""woolball @ oMsP5L3lJa"" sit back with the stack of 3433.",2026-09-01T01:00:39.757Z,178822443975700
"The player ""woolball @ oMsP5L3lJa"" stand up with the stack of 3433.",2026-09-01T01:00:38.012Z,178822443801200
"The player ""LingWae @ FQN9hzhzP_"" sit back with the stack of 1567.",2026-09-01T01:00:24.862Z,178822442486200
"The player ""LingWae @ FQN9hzhzP_"" stand up with the stack of 1567.",2026-09-01T01:00:23.597Z,178822442359700
"The player ""woolball @ oMsP5L3lJa"" sit back with the stack of 3433.",2026-09-01T01:00:11.131Z,178822441113100
"The player ""woolball @ oMsP5L3lJa"" stand up with the stack of 3433.",2026-09-01T00:59:41.767Z,178822438176700
"-- ending hand #157 --",2026-09-01T00:59:35.856Z,178822437585602
"""LingWae @ FQN9hzhzP_"" collected 10 from pot",2026-09-01T00:59:35.856Z,178822437585601
"Uncalled bet of 5 returned to ""LingWae @ FQN9hzhzP_""",2026-09-01T00:59:35.856Z,178822437585600
"""woolball @ oMsP5L3lJa"" folds",2026-09-01T00:59:35.019Z,178822437501900
"""LingWae @ FQN9hzhzP_"" posts a big blind of 10",2026-09-01T00:59:33.761Z,178822437376105
"""woolball @ oMsP5L3lJa"" posts a small blind of 5",2026-09-01T00:59:33.761Z,178822437376104
"Player stacks: #2 ""LingWae @ FQN9hzhzP_"" (1562) | #10 ""woolball @ oMsP5L3lJa"" (3438)",2026-09-01T00:59:33.761Z,178822437376101
"-- starting hand #157 (id: owgcx4awwhps)  No Limit Texas Hold'em (dealer: ""woolball @ oMsP5L3lJa"") --",2026-09-01T00:59:33.761Z,178822437376100
"-- ending hand #156 --",2026-09-01T00:59:27.851Z,178822436785102
"""woolball @ oMsP5L3lJa"" collected 60 from pot",2026-09-01T00:59:27.851Z,178822436785101
"Uncalled bet of 50 returned to ""woolball @ oMsP5L3lJa""",2026-09-01T00:59:27.851Z,178822436785100
"""LingWae @ FQN9hzhzP_"" folds",2026-09-01T00:59:26.952Z,178822436695200
"""woolball @ oMsP5L3lJa"" bets 50",2026-09-01T00:59:26.035Z,178822436603500
"Turn: K♣, J♠, 5♠ [9♦]",2026-09-01T00:59:23.347Z,178822436334700
"""LingWae @ FQN9hzhzP_"" calls 20",2026-09-01T00:59:22.533Z,178822436253300
"""woolball @ oMsP5L3lJa"" bets 20",2026-09-01T00:59:21.407Z,178822436140700
"Flop:  [K♣, J♠, 5♠]",2026-09-01T00:59:18.647Z,178822435864700
"""woolball @ oMsP5L3lJa"" checks",2026-09-01T00:59:17.761Z,178822435776100
"""LingWae @ FQN9hzhzP_"" calls 10",2026-09-01T00:59:14.461Z,178822435446100
"""woolball @ oMsP5L3lJa"" posts a big blind of 10",2026-09-01T00:59:13.198Z,178822435319806
"""LingWae @ FQN9hzhzP_"" posts a small blind of 5",2026-09-01T00:59:13.198Z,178822435319805
"Player stacks: #2 ""LingWae @ FQN9hzhzP_"" (1592) | #10 ""woolball @ oMsP5L3lJa"" (3408)",2026-09-01T00:59:13.198Z,178822435319802
"-- starting hand #156 (id: kncu0ncgw4c2)  No Limit Texas Hold'em (dealer: ""LingWae @ FQN9hzhzP_"") --",2026-09-01T00:59:13.198Z,178822435319801
"The player ""gurtyo @ gpP9uUffpu"" quits the game with a stack of 2500.",2026-09-01T00:59:13.198Z,178822435319800
"""LingWae @ FQN9hzhzP_"" shows a 4♣, J♦.",2026-09-01T00:59:07.696Z,178822434769600
"-- ending hand #155 --",2026-09-01T00:59:04.795Z,178822434479502
"""woolball @ oMsP5L3lJa"" collected 25 from pot",2026-09-01T00:59:04.795Z,178822434479501
"Uncalled bet of 25 returned to ""woolball @ oMsP5L3lJa""",2026-09-01T00:59:04.795Z,178822434479500
"""LingWae @ FQN9hzhzP_"" folds",2026-09-01T00:59:03.961Z,178822434396100
"""gurtyo @ gpP9uUffpu"" folds",2026-09-01T00:59:02.987Z,178822434298700
"""woolball @ oMsP5L3lJa"" raises to 35",2026-09-01T00:59:00.660Z,178822434066000
"""LingWae @ FQN9hzhzP_"" posts a big blind of 10",2026-09-01T00:58:58.378Z,178822433837806
"""gurtyo @ gpP9uUffpu"" posts a small blind of 5",2026-09-01T00:58:58.378Z,178822433837805
"Player stacks: #1 ""gurtyo @ gpP9uUffpu"" (2505) | #2 ""LingWae @ FQN9hzhzP_"" (1602) | #10 ""woolball @ oMsP5L3lJa"" (3393)",2026-09-01T00:58:58.378Z,178822433837801
"-- starting hand #155 (id: 0u291iq5wwod)  No Limit Texas Hold'em (dealer: ""woolball @ oMsP5L3lJa"") --",2026-09-01T00:58:58.378Z,178822433837800
"""gurtyo @ gpP9uUffpu"" shows a 6♦.",2026-09-01T00:58:54.910Z,178822433491000
"""LingWae @ FQN9hzhzP_"" shows a 8♣, 9♥.",2026-09-01T00:58:53.636Z,178822433363600
"""woolball @ oMsP5L3lJa"" shows a 6♣.",2026-09-01T00:58:51.326Z,178822433132600
"Undealt cards: K♥, 2♣, A♦ [3♣, Q♣]",2026-09-01T00:58:50.885Z,178822433088500
"-- ending hand #154 --",2026-09-01T00:58:50.372Z,178822433037202
"""woolball @ oMsP5L3lJa"" collected 30 from pot",2026-09-01T00:58:50.372Z,178822433037201
"Uncalled bet of 30 returned to ""woolball @ oMsP5L3lJa""",2026-09-01T00:58:50.372Z,178822433037200
"""LingWae @ FQN9hzhzP_"" folds",2026-09-01T00:58:49.534Z,178822432953400
"""gurtyo @ gpP9uUffpu"" folds",2026-09-01T00:58:48.583Z,178822432858300
"""woolball @ oMsP5L3lJa"" bets 30",2026-09-01T00:58:46.845Z,178822432684500
"Flop:  [K♥, 2♣, A♦]",2026-09-01T00:58:41.791Z,178822432179100
"""gurtyo @ gpP9uUffpu"" checks",2026-09-01T00:58:40.983Z,178822432098300
"""woolball @ oMsP5L3lJa"" calls 10",2026-09-01T00:58:39.491Z,178822431949100
"""LingWae @ FQN9hzhzP_"" calls 10",2026-09-01T00:58:37.033Z,178822431703300
"""gurtyo @ gpP9uUffpu"" posts a big blind of 10",2026-09-01T00:58:35.189Z,178822431518906
"""woolball @ oMsP5L3lJa"" posts a small blind of 5",2026-09-01T00:58:35.189Z,178822431518905
"Player stacks: #1 ""gurtyo @ gpP9uUffpu"" (2515) | #2 ""LingWae @ FQN9hzhzP_"" (1612) | #10 ""woolball @ oMsP5L3lJa"" (3373)",2026-09-01T00:58:35.189Z,178822431518901
"-- starting hand #154 (id: nz3tzmajwjni)  No Limit Texas Hold'em (dealer: ""LingWae @ FQN9hzhzP_"") --",2026-09-01T00:58:35.189Z,178822431518900
"""LingWae @ FQN9hzhzP_"" shows a K♠.",2026-09-01T00:58:30.941Z,178822431094100
"Undealt cards: 9♣, 7♦, 6♠ [2♥, 8♥]",2026-09-01T00:58:28.772Z,178822430877200
"-- ending hand #153 --",2026-09-01T00:58:28.566Z,178822430856602
"""LingWae @ FQN9hzhzP_"" collected 360 from pot",2026-09-01T00:58:28.566Z,178822430856601
"Uncalled bet of 360 returned to ""LingWae @ FQN9hzhzP_""",2026-09-01T00:58:28.566Z,178822430856600
"""gurtyo @ gpP9uUffpu"" folds",2026-09-01T00:58:27.758Z,178822430775800
"""woolball @ oMsP5L3lJa"" folds",2026-09-01T00:58:26.808Z,178822430680800
"""LingWae @ FQN9hzhzP_"" bets 360",2026-09-01T00:58:15.504Z,178822429550400
"Flop:  [9♣, 7♦, 6♠]",2026-09-01T00:58:11.556Z,178822429155600
"""LingWae @ FQN9hzhzP_"" calls 120",2026-09-01T00:58:10.737Z,178822429073700
"""gurtyo @ gpP9uUffpu"" calls 120",2026-09-01T00:58:09.104Z,178822428910400
"""woolball @ oMsP5L3lJa"" raises to 120",2026-09-01T00:58:07.891Z,178822428789100
"""LingWae @ FQN9hzhzP_"" calls 40",2026-09-01T00:58:04.155Z,178822428415500
"""gurtyo @ gpP9uUffpu"" raises to 40",2026-09-01T00:58:03.208Z,178822428320800
"""woolball @ oMsP5L3lJa"" posts a big blind of 10",2026-09-01T00:58:00.315Z,178822428031506
"""LingWae @ FQN9hzhzP_"" posts a small blind of 5",2026-09-01T00:58:00.315Z,178822428031505
"Player stacks: #1 ""gurtyo @ gpP9uUffpu"" (2635) | #2 ""LingWae @ FQN9hzhzP_"" (1372) | #10 ""woolball @ oMsP5L3lJa"" (3493)",2026-09-01T00:58:00.315Z,178822428031501
"-- starting hand #153 (id: ks2xc1z5ddrr)  No Limit Texas Hold'em (dealer: ""gurtyo @ gpP9uUffpu"") --",2026-09-01T00:58:00.315Z,178822428031500
"""LingWae @ FQN9hzhzP_"" shows a K♦, 10♠.",2026-09-01T00:57:55.357Z,178822427535700
"-- ending hand #152 --",2026-09-01T00:57:53.739Z,178822427373903
"""gurtyo @ gpP9uUffpu"" collected 555 from pot with Pair, A's (combination: J♣, Q♣, K♣, A♥, A♦)",2026-09-01T00:57:53.739Z,178822427373902
"""gurtyo @ gpP9uUffpu"" shows a Q♣, K♣.",2026-09-01T00:57:53.739Z,178822427373901
"""woolball @ oMsP5L3lJa"" shows a 8♥, 9♦.",2026-09-01T00:57:53.739Z,178822427373900
"""LingWae @ FQN9hzhzP_"" folds",2026-09-01T00:57:52.919Z,178822427291900
"""gurtyo @ gpP9uUffpu"" calls 120",2026-09-01T00:57:49.243Z,178822426924300
"""woolball @ oMsP5L3lJa"" bets 120",2026-09-01T00:57:48.315Z,178822426831500
"""LingWae @ FQN9hzhzP_"" checks",2026-09-01T00:57:43.721Z,178822426372100
"""gurtyo @ gpP9uUffpu"" checks",2026-09-01T00:57:42.509Z,178822426250900
"River: 6♣, 7♠, J♣, A♥ [A♦]",2026-09-01T00:57:40.500Z,178822426050000
"""woolball @ oMsP5L3lJa"" checks",2026-09-01T00:57:39.687Z,178822425968700
"""LingWae @ FQN9hzhzP_"" checks",2026-09-01T00:57:38.555Z,178822425855500
"""gurtyo @ gpP9uUffpu"" checks",2026-09-01T00:57:36.244Z,178822425624400
"Turn: 6♣, 7♠, J♣ [A♥]",2026-09-01T00:57:35.391Z,178822425539100
"""woolball @ oMsP5L3lJa"" checks",2026-09-01T00:57:34.575Z,178822425457500
"""LingWae @ FQN9hzhzP_"" checks",2026-09-01T00:57:29.803Z,178822424980300
"""gurtyo @ gpP9uUffpu"" checks",2026-09-01T00:57:27.684Z,178822424768400
"Flop:  [6♣, 7♠, J♣]",2026-09-01T00:57:25.687Z,178822424568700
"""woolball @ oMsP5L3lJa"" calls 105",2026-09-01T00:57:24.817Z,178822424481700
"""LingWae @ FQN9hzhzP_"" calls 105",2026-09-01T00:57:23.837Z,178822424383700
"""gurtyo @ gpP9uUffpu"" raises to 105",2026-09-01T00:57:19.659Z,178822423965900
"""woolball @ oMsP5L3lJa"" raises to 35",2026-09-01T00:57:17.107Z,178822423710700
"""LingWae @ FQN9hzhzP_"" posts a big blind of 10",2026-09-01T00:57:14.876Z,178822423487606
"""gurtyo @ gpP9uUffpu"" posts a small blind of 5",2026-09-01T00:57:14.876Z,178822423487605
"Your hand is Q♣, K♣",2026-09-01T00:57:14.876Z,178822423487602
"Player stacks: #1 ""gurtyo @ gpP9uUffpu"" (2305) | #2 ""LingWae @ FQN9hzhzP_"" (1477) | #10 ""woolball @ oMsP5L3lJa"" (3718)",2026-09-01T00:57:14.876Z,178822423487601
"-- starting hand #152 (id: c709gdag0vr8)  No Limit Texas Hold'em (dealer: ""woolball @ oMsP5L3lJa"") --",2026-09-01T00:57:14.876Z,178822423487600
"""LingWae @ FQN9hzhzP_"" shows a Q♦, 3♣.",2026-09-01T00:57:09.470Z,178822422947000
"-- ending hand #151 --",2026-09-01T00:57:08.356Z,178822422835602
"""gurtyo @ gpP9uUffpu"" collected 394 from pot with Pair, Q's (combination: 6♦, 10♥, K♠, Q♥, Q♣)",2026-09-01T00:57:08.356Z,178822422835601
"""gurtyo @ gpP9uUffpu"" shows a 6♦, Q♥.",2026-09-01T00:57:08.356Z,178822422835600
"""LingWae @ FQN9hzhzP_"" checks",2026-09-01T00:57:07.509Z,178822422750900
"""gurtyo @ gpP9uUffpu"" checks",2026-09-01T00:57:06.126Z,178822422612600
"River: 2♠, 5♦, Q♣, 10♥ [K♠]",2026-09-01T00:57:05.508Z,178822422550800
"""gurtyo @ gpP9uUffpu"" calls 167",2026-09-01T00:57:04.679Z,178822422467900
"""woolball @ oMsP5L3lJa"" folds",2026-09-01T00:57:03.500Z,178822422350000
"""LingWae @ FQN9hzhzP_"" raises to 167",2026-09-01T00:56:49.782Z,178822420978200
"""gurtyo @ gpP9uUffpu"" raises to 90",2026-09-01T00:56:46.419Z,178822420641900
"""woolball @ oMsP5L3lJa"" bets 30",2026-09-01T00:56:42.803Z,178822420280300
"Turn: 2♠, 5♦, Q♣ [10♥]",2026-09-01T00:56:39.669Z,178822419966900
"""LingWae @ FQN9hzhzP_"" checks",2026-09-01T00:56:38.845Z,178822419884500
"""gurtyo @ gpP9uUffpu"" checks",2026-09-01T00:56:37.579Z,178822419757900
"""woolball @ oMsP5L3lJa"" checks",2026-09-01T00:56:36.274Z,178822419627400
"Flop:  [2♠, 5♦, Q♣]",2026-09-01T00:56:33.628Z,178822419362800
"""gurtyo @ gpP9uUffpu"" checks",2026-09-01T00:56:32.779Z,178822419277900
"""woolball @ oMsP5L3lJa"" calls 10",2026-09-01T00:56:31.405Z,178822419140500
"""LingWae @ FQN9hzhzP_"" calls 10",2026-09-01T00:56:29.953Z,178822418995300
"""gurtyo @ gpP9uUffpu"" posts a big blind of 10",2026-09-01T00:56:28.617Z,178822418861706
"""woolball @ oMsP5L3lJa"" posts a small blind of 5",2026-09-01T00:56:28.617Z,178822418861705
"Your hand is 6♦, Q♥",2026-09-01T00:56:28.617Z,178822418861702
"Player stacks: #1 ""gurtyo @ gpP9uUffpu"" (2088) | #2 ""LingWae @ FQN9hzhzP_"" (1654) | #10 ""woolball @ oMsP5L3lJa"" (3758)",2026-09-01T00:56:28.617Z,178822418861701
"-- starting hand #151 (id: qkcurtpe47qq)  No Limit Texas Hold'em (dealer: ""LingWae @ FQN9hzhzP_"") --",2026-09-01T00:56:28.617Z,178822418861700
"""LingWae @ FQN9hzhzP_"" shows a 10♣, Q♠.",2026-09-01T00:56:26.124Z,178822418612400
"Undealt cards: 5♦, K♦, Q♥ [3♠, 9♣]",2026-09-01T00:56:22.299Z,178822418229900
"-- ending hand #150 --",2026-09-01T00:56:22.011Z,178822418201102
"""LingWae @ FQN9hzhzP_"" collected 180 from pot",2026-09-01T00:56:22.011Z,178822418201101
"Uncalled bet of 130 returned to ""LingWae @ FQN9hzhzP_""",2026-09-01T00:56:22.011Z,178822418201100
"""gurtyo @ gpP9uUffpu"" folds",2026-09-01T00:56:21.183Z,178822418118300
"""LingWae @ FQN9hzhzP_"" bets 130",2026-09-01T00:56:19.151Z,178822417915100
"Flop:  [5♦, K♦, Q♥]",2026-09-01T00:56:13.604Z,178822417360400
"""gurtyo @ gpP9uUffpu"" calls 85",2026-09-01T00:56:12.698Z,178822417269800
"""woolball @ oMsP5L3lJa"" folds",2026-09-01T00:56:10.686Z,178822417068600
"""LingWae @ FQN9hzhzP_"" raises to 85",2026-09-01T00:56:07.487Z,178822416748700
"""gurtyo @ gpP9uUffpu"" raises to 40",2026-09-01T00:56:00.385Z,178822416038500
"""woolball @ oMsP5L3lJa"" posts a big blind of 10",2026-09-01T00:55:58.273Z,178822415827306
"""LingWae @ FQN9hzhzP_"" posts a small blind of 5",2026-09-01T00:55:58.273Z,178822415827305
"Player stacks: #1 ""gurtyo @ gpP9uUffpu"" (2173) | #2 ""LingWae @ FQN9hzhzP_"" (1559) | #10 ""woolball @ oMsP5L3lJa"" (3768)",2026-09-01T00:55:58.273Z,178822415827301
"-- starting hand #150 (id: irvrnmxgy42v)  No Limit Texas Hold'em (dealer: ""gurtyo @ gpP9uUffpu"") --",2026-09-01T00:55:58.273Z,178822415827300
"Undealt cards: 3♣, J♦, 5♠, A♦ [J♠]",2026-09-01T00:55:53.924Z,178822415392400
"""LingWae @ FQN9hzhzP_"" shows a 4♦, J♥.",2026-09-01T00:55:53.212Z,178822415321200
"-- ending hand #149 --",2026-09-01T00:55:51.603Z,178822415160302
"""woolball @ oMsP5L3lJa"" collected 2041 from pot",2026-09-01T00:55:51.603Z,178822415160301
"Uncalled bet of 1727 returned to ""woolball @ oMsP5L3lJa""",2026-09-01T00:55:51.603Z,178822415160300
"""LingWae @ FQN9hzhzP_"" folds",2026-09-01T00:55:50.723Z,178822415072300
"""woolball @ oMsP5L3lJa"" raises to 2539 and go all in",2026-09-01T00:55:44.912Z,178822414491200
"""LingWae @ FQN9hzhzP_"" raises to 812",2026-09-01T00:55:41.176Z,178822414117600
"""woolball @ oMsP5L3lJa"" bets 200",2026-09-01T00:55:37.835Z,178822413783500
"""LingWae @ FQN9hzhzP_"" checks",2026-09-01T00:55:34.200Z,178822413420000
"Turn: 3♣, J♦, 5♠ [A♦]",2026-09-01T00:55:31.957Z,178822413195700
"""gurtyo @ gpP9uUffpu"" folds",2026-09-01T00:55:31.147Z,178822413114700
"""woolball @ oMsP5L3lJa"" calls 156",2026-09-01T00:55:30.221Z,178822413022100
"""LingWae @ FQN9hzhzP_"" bets 156",2026-09-01T00:55:21.012Z,178822412101200
"""gurtyo @ gpP9uUffpu"" checks",2026-09-01T00:55:17.685Z,178822411768500
"Flop:  [3♣, J♦, 5♠]",2026-09-01T00:55:15.520Z,178822411552000
"""LingWae @ FQN9hzhzP_"" calls 35",2026-09-01T00:55:14.658Z,178822411465800
"""gurtyo @ gpP9uUffpu"" calls 35",2026-09-01T00:55:12.951Z,178822411295100
"""woolball @ oMsP5L3lJa"" raises to 35",2026-09-01T00:55:11.681Z,178822411168100
"""LingWae @ FQN9hzhzP_"" posts a big blind of 10",2026-09-01T00:55:08.318Z,178822410831806
"""gurtyo @ gpP9uUffpu"" posts a small blind of 5",2026-09-01T00:55:08.318Z,178822410831805
"Player stacks: #1 ""gurtyo @ gpP9uUffpu"" (2208) | #2 ""LingWae @ FQN9hzhzP_"" (2562) | #10 ""woolball @ oMsP5L3lJa"" (2730)",2026-09-01T00:55:08.318Z,178822410831801
"-- starting hand #149 (id: vq4qpmuaynec)  No Limit Texas Hold'em (dealer: ""woolball @ oMsP5L3lJa"") --",2026-09-01T00:55:08.318Z,178822410831800
"""LingWae @ FQN9hzhzP_"" shows a K♣.",2026-09-01T00:55:06.644Z,178822410664400
"""LingWae @ FQN9hzhzP_"" shows a 6♦.",2026-09-01T00:55:03.885Z,178822410388500
"Undealt cards: A♦, J♥, 6♥ [Q♥, 10♣]",2026-09-01T00:55:02.805Z,178822410280500
"""woolball @ oMsP5L3lJa"" shows a 8♣.",2026-09-01T00:55:02.258Z,178822410225800
"-- ending hand #148 --",2026-09-01T00:55:01.010Z,178822410101002
"""woolball @ oMsP5L3lJa"" collected 80 from pot",2026-09-01T00:55:01.010Z,178822410101001
"Uncalled bet of 80 returned to ""woolball @ oMsP5L3lJa""",2026-09-01T00:55:01.010Z,178822410101000
"""LingWae @ FQN9hzhzP_"" folds",2026-09-01T00:55:00.179Z,178822410017900
"""woolball @ oMsP5L3lJa"" bets 80",2026-09-01T00:54:58.498Z,178822409849800
"Flop:  [A♦, J♥, 6♥]",2026-09-01T00:54:55.282Z,178822409528200
"""LingWae @ FQN9hzhzP_"" calls 35",2026-09-01T00:54:54.462Z,178822409446200
"""gurtyo @ gpP9uUffpu"" folds",2026-09-01T00:54:52.987Z,178822409298700
"""woolball @ oMsP5L3lJa"" raises to 35",2026-09-01T00:54:52.079Z,178822409207900
"""LingWae @ FQN9hzhzP_"" calls 10",2026-09-01T00:54:47.161Z,178822408716100
"""gurtyo @ gpP9uUffpu"" posts a big blind of 10",2026-09-01T00:54:37.989Z,178822407798906
"""woolball @ oMsP5L3lJa"" posts a small blind of 5",2026-09-01T00:54:37.989Z,178822407798905
"Player stacks: #1 ""gurtyo @ gpP9uUffpu"" (2218) | #2 ""LingWae @ FQN9hzhzP_"" (2597) | #10 ""woolball @ oMsP5L3lJa"" (2685)",2026-09-01T00:54:37.989Z,178822407798901
"-- starting hand #148 (id: vrjunblkpalm)  No Limit Texas Hold'em (dealer: ""LingWae @ FQN9hzhzP_"") --",2026-09-01T00:54:37.989Z,178822407798900
"""LingWae @ FQN9hzhzP_"" shows a Q♠, A♦.",2026-09-01T00:54:32.384Z,178822407238400
"-- ending hand #147 --",2026-09-01T00:54:31.446Z,178822407144603
"""gurtyo @ gpP9uUffpu"" collected 360 from pot with Two Pair, J's & 7's (combination: A♣, 7♣, 7♠, J♦, J♥)",2026-09-01T00:54:31.446Z,178822407144602
"""gurtyo @ gpP9uUffpu"" shows a A♣, J♦.",2026-09-01T00:54:31.446Z,178822407144601
"""woolball @ oMsP5L3lJa"" shows a 4♥, 10♥.",2026-09-01T00:54:31.446Z,178822407144600
"""LingWae @ FQN9hzhzP_"" folds",2026-09-01T00:54:30.610Z,178822407061000
"""gurtyo @ gpP9uUffpu"" calls 120",2026-09-01T00:54:28.991Z,178822406899100
"""woolball @ oMsP5L3lJa"" bets 120",2026-09-01T00:54:27.957Z,178822406795700
"""LingWae @ FQN9hzhzP_"" checks",2026-09-01T00:54:25.891Z,178822406589100
"River: J♥, 7♣, 7♠, K♣ [4♠]",2026-09-01T00:54:24.039Z,178822406403900
"""gurtyo @ gpP9uUffpu"" checks",2026-09-01T00:54:23.184Z,178822406318400
"""woolball @ oMsP5L3lJa"" checks",2026-09-01T00:54:21.867Z,178822406186700
"""LingWae @ FQN9hzhzP_"" checks",2026-09-01T00:54:19.907Z,178822405990700
"Turn: J♥, 7♣, 7♠ [K♣]",2026-09-01T00:54:17.762Z,178822405776200
"""gurtyo @ gpP9uUffpu"" checks",2026-09-01T00:54:16.893Z,178822405689300
"""woolball @ oMsP5L3lJa"" checks",2026-09-01T00:54:14.837Z,178822405483700
"""LingWae @ FQN9hzhzP_"" checks",2026-09-01T00:54:12.016Z,178822405201600
"Flop:  [J♥, 7♣, 7♠]",2026-09-01T00:54:09.445Z,178822404944500
"""woolball @ oMsP5L3lJa"" calls 40",2026-09-01T00:54:08.626Z,178822404862600
"""LingWae @ FQN9hzhzP_"" calls 40",2026-09-01T00:54:07.414Z,178822404741400
"""gurtyo @ gpP9uUffpu"" raises to 40",2026-09-01T00:54:03.633Z,178822404363300
"""woolball @ oMsP5L3lJa"" posts a big blind of 10",2026-09-01T00:54:01.733Z,178822404173306
"""LingWae @ FQN9hzhzP_"" posts a small blind of 5",2026-09-01T00:54:01.733Z,178822404173305
"Your hand is A♣, J♦",2026-09-01T00:54:01.733Z,178822404173302
"Player stacks: #1 ""gurtyo @ gpP9uUffpu"" (2018) | #2 ""LingWae @ FQN9hzhzP_"" (2637) | #10 ""woolball @ oMsP5L3lJa"" (2845)",2026-09-01T00:54:01.733Z,178822404173301
"-- starting hand #147 (id: 7biqnswh2zvr)  No Limit Texas Hold'em (dealer: ""gurtyo @ gpP9uUffpu"") --",2026-09-01T00:54:01.733Z,178822404173300
"""LingWae @ FQN9hzhzP_"" shows a 9♦, K♠.",2026-09-01T00:53:58.039Z,178822403803900
"Undealt cards: 9♣, 10♦, A♣, 9♠ [6♥]",2026-09-01T00:53:56.733Z,178822403673300
"-- ending hand #146 --",2026-09-01T00:53:55.073Z,178822403507302
"""LingWae @ FQN9hzhzP_"" collected 475 from pot",2026-09-01T00:53:55.073Z,178822403507301
"Uncalled bet of 167 returned to ""LingWae @ FQN9hzhzP_""",2026-09-01T00:53:55.073Z,178822403507300
"""woolball @ oMsP5L3lJa"" folds",2026-09-01T00:53:54.231Z,178822403423100
"""LingWae @ FQN9hzhzP_"" bets 167",2026-09-01T00:53:52.526Z,178822403252600
"Turn: 9♣, 10♦, A♣ [9♠]",2026-09-01T00:53:48.763Z,178822402876300
"""LingWae @ FQN9hzhzP_"" calls 200",2026-09-01T00:53:47.868Z,178822402786800
"""woolball @ oMsP5L3lJa"" raises to 200",2026-09-01T00:53:44.693Z,178822402469300
"""LingWae @ FQN9hzhzP_"" bets 55",2026-09-01T00:53:39.941Z,178822401994100
"Flop:  [9♣, 10♦, A♣]",2026-09-01T00:53:31.852Z,178822401185200
"""LingWae @ FQN9hzhzP_"" calls 35",2026-09-01T00:53:30.976Z,178822401097600
"""gurtyo @ gpP9uUffpu"" folds",2026-09-01T00:53:28.962Z,178822400896200
"""woolball @ oMsP5L3lJa"" raises to 35",2026-09-01T00:53:27.107Z,178822400710700
"""LingWae @ FQN9hzhzP_"" posts a big blind of 10",2026-09-01T00:53:22.047Z,178822400204706
"""gurtyo @ gpP9uUffpu"" posts a small blind of 5",2026-09-01T00:53:22.047Z,178822400204705
"Player stacks: #1 ""gurtyo @ gpP9uUffpu"" (2023) | #2 ""LingWae @ FQN9hzhzP_"" (2397) | #10 ""woolball @ oMsP5L3lJa"" (3080)",2026-09-01T00:53:22.047Z,178822400204701
"-- starting hand #146 (id: yddloholkpx3)  No Limit Texas Hold'em (dealer: ""woolball @ oMsP5L3lJa"") --",2026-09-01T00:53:22.047Z,178822400204700
"Undealt cards: Q♦, 3♠, 7♥, Q♠ [J♦]",2026-09-01T00:53:19.571Z,178822399957100
"""LingWae @ FQN9hzhzP_"" shows a J♠, J♥.",2026-09-01T00:53:17.186Z,178822399718600
"-- ending hand #145 --",2026-09-01T00:53:15.436Z,178822399543602
"""LingWae @ FQN9hzhzP_"" collected 638 from pot",2026-09-01T00:53:15.436Z,178822399543601
"Uncalled bet of 187 returned to ""LingWae @ FQN9hzhzP_""",2026-09-01T00:53:15.436Z,178822399543600
"""woolball @ oMsP5L3lJa"" folds",2026-09-01T00:53:14.633Z,178822399463300
"""LingWae @ FQN9hzhzP_"" raises to 367",2026-09-01T00:53:02.303Z,178822398230300
"""woolball @ oMsP5L3lJa"" raises to 180",2026-09-01T00:52:58.873Z,178822397887300
"""LingWae @ FQN9hzhzP_"" bets 67",2026-09-01T00:52:56.929Z,178822397692900
"""woolball @ oMsP5L3lJa"" checks",2026-09-01T00:52:54.148Z,178822397414800
"Turn: Q♦, 3♠, 7♥ [Q♠]",2026-09-01T00:52:52.792Z,178822397279200
"""woolball @ oMsP5L3lJa"" calls 67",2026-09-01T00:52:51.985Z,178822397198500
"""LingWae @ FQN9hzhzP_"" bets 67",2026-09-01T00:52:50.879Z,178822397087900
"""woolball @ oMsP5L3lJa"" checks",2026-09-01T00:52:48.206Z,178822396820600
"Flop:  [Q♦, 3♠, 7♥]",2026-09-01T00:52:44.787Z,178822396478700
"""gurtyo @ gpP9uUffpu"" folds",2026-09-01T00:52:43.910Z,178822396391000
"""woolball @ oMsP5L3lJa"" calls 67",2026-09-01T00:52:42.492Z,178822396249200
"""LingWae @ FQN9hzhzP_"" raises to 67",2026-09-01T00:52:40.087Z,178822396008700
"""gurtyo @ gpP9uUffpu"" posts a big blind of 10",2026-09-01T00:52:37.900Z,178822395790006
"""woolball @ oMsP5L3lJa"" posts a small blind of 5",2026-09-01T00:52:37.900Z,178822395790005
"Player stacks: #1 ""gurtyo @ gpP9uUffpu"" (2033) | #2 ""LingWae @ FQN9hzhzP_"" (2073) | #10 ""woolball @ oMsP5L3lJa"" (3394)",2026-09-01T00:52:37.900Z,178822395790001
"-- starting hand #145 (id: dzb3nhvrtgse)  No Limit Texas Hold'em (dealer: ""LingWae @ FQN9hzhzP_"") --",2026-09-01T00:52:37.900Z,178822395790000
"-- ending hand #144 --",2026-09-01T00:52:34.982Z,178822395498202
"""LingWae @ FQN9hzhzP_"" collected 194 from pot",2026-09-01T00:52:34.982Z,178822395498201
"Uncalled bet of 156 returned to ""LingWae @ FQN9hzhzP_""",2026-09-01T00:52:34.982Z,178822395498200
"""woolball @ oMsP5L3lJa"" folds",2026-09-01T00:52:34.109Z,178822395410900
"""LingWae @ FQN9hzhzP_"" bets 156",2026-09-01T00:52:27.055Z,178822394705500
"River: 10♦, J♠, 8♠, A♠ [2♥]",2026-09-01T00:52:23.373Z,178822394337300
"""woolball @ oMsP5L3lJa"" calls 67",2026-09-01T00:52:22.543Z,178822394254300
"""LingWae @ FQN9hzhzP_"" bets 67",2026-09-01T00:52:17.977Z,178822393797700
"Turn: 10♦, J♠, 8♠ [A♠]",2026-09-01T00:52:14.368Z,178822393436800
"""LingWae @ FQN9hzhzP_"" calls 20",2026-09-01T00:52:13.522Z,178822393352200
"""woolball @ oMsP5L3lJa"" bets 20",2026-09-01T00:52:12.573Z,178822393257300
"""LingWae @ FQN9hzhzP_"" checks",2026-09-01T00:52:09.512Z,178822392951200
"Flop:  [10♦, J♠, 8♠]",2026-09-01T00:52:04.871Z,178822392487100
"""woolball @ oMsP5L3lJa"" checks",2026-09-01T00:52:04.018Z,178822392401800
"""LingWae @ FQN9hzhzP_"" calls 10",2026-09-01T00:52:02.810Z,178822392281000
"""gurtyo @ gpP9uUffpu"" folds",2026-09-01T00:52:00.118Z,178822392011800
"""woolball @ oMsP5L3lJa"" posts a big blind of 10",2026-09-01T00:51:58.484Z,178822391848406
"""LingWae @ FQN9hzhzP_"" posts a small blind of 5",2026-09-01T00:51:58.484Z,178822391848405
"Player stacks: #1 ""gurtyo @ gpP9uUffpu"" (2033) | #2 ""LingWae @ FQN9hzhzP_"" (1976) | #10 ""woolball @ oMsP5L3lJa"" (3491)",2026-09-01T00:51:58.484Z,178822391848401
"-- starting hand #144 (id: nfsu6b4plcds)  No Limit Texas Hold'em (dealer: ""gurtyo @ gpP9uUffpu"") --",2026-09-01T00:51:58.484Z,178822391848400
"-- ending hand #143 --",2026-09-01T00:51:55.557Z,178822391555702
"""LingWae @ FQN9hzhzP_"" collected 215 from pot",2026-09-01T00:51:55.557Z,178822391555701
"Uncalled bet of 167 returned to ""LingWae @ FQN9hzhzP_""",2026-09-01T00:51:55.557Z,178822391555700
"""gurtyo @ gpP9uUffpu"" folds",2026-09-01T00:51:54.701Z,178822391470100
"""LingWae @ FQN9hzhzP_"" bets 167",2026-09-01T00:51:52.578Z,178822391257800
"""gurtyo @ gpP9uUffpu"" checks",2026-09-01T00:51:49.925Z,178822390992500
"River: 4♦, 8♣, K♠, 4♥ [10♣]",2026-09-01T00:51:48.994Z,178822390899400
"""gurtyo @ gpP9uUffpu"" calls 55",2026-09-01T00:51:48.170Z,178822390817000
"""woolball @ oMsP5L3lJa"" folds",2026-09-01T00:51:47.232Z,178822390723200
"""LingWae @ FQN9hzhzP_"" bets 55",2026-09-01T00:51:41.775Z,178822390177500
"""gurtyo @ gpP9uUffpu"" checks",2026-09-01T00:51:38.194Z,178822389819400
"Turn: 4♦, 8♣, K♠ [4♥]",2026-09-01T00:51:36.076Z,178822389607600
"""woolball @ oMsP5L3lJa"" checks",2026-09-01T00:51:35.210Z,178822389521000
"""LingWae @ FQN9hzhzP_"" checks",2026-09-01T00:51:33.984Z,178822389398400
"""gurtyo @ gpP9uUffpu"" checks",2026-09-01T00:51:32.001Z,178822389200100
"Flop:  [4♦, 8♣, K♠]",2026-09-01T00:51:30.327Z,178822389032700
"""LingWae @ FQN9hzhzP_"" calls 35",2026-09-01T00:51:29.471Z,178822388947100
"""gurtyo @ gpP9uUffpu"" calls 35",2026-09-01T00:51:27.339Z,178822388733900
"""woolball @ oMsP5L3lJa"" raises to 35",2026-09-01T00:51:25.060Z,178822388506000
"""LingWae @ FQN9hzhzP_"" posts a big blind of 10",2026-09-01T00:51:20.722Z,178822388072206
"""gurtyo @ gpP9uUffpu"" posts a small blind of 5",2026-09-01T00:51:20.722Z,178822388072205
"Player stacks: #1 ""gurtyo @ gpP9uUffpu"" (2123) | #2 ""LingWae @ FQN9hzhzP_"" (1851) | #10 ""woolball @ oMsP5L3lJa"" (3526)",2026-09-01T00:51:20.722Z,178822388072201
"-- starting hand #143 (id: cjibil7fxhoe)  No Limit Texas Hold'em (dealer: ""woolball @ oMsP5L3lJa"") --",2026-09-01T00:51:20.722Z,178822388072200
"""woolball @ oMsP5L3lJa"" shows a 10♦.",2026-09-01T00:51:19.055Z,178822387905500
"-- ending hand #142 --",2026-09-01T00:51:17.059Z,178822387705902
"""woolball @ oMsP5L3lJa"" collected 355 from pot",2026-09-01T00:51:17.059Z,178822387705901
"Uncalled bet of 355 returned to ""woolball @ oMsP5L3lJa""",2026-09-01T00:51:17.059Z,178822387705900
"""gurtyo @ gpP9uUffpu"" folds",2026-09-01T00:51:16.221Z,178822387622100
"""woolball @ oMsP5L3lJa"" bets 355",2026-09-01T00:50:55.723Z,178822385572300
"River: A♦, 9♦, K♠, 2♣ [8♠]",2026-09-01T00:50:53.439Z,178822385343900
"""gurtyo @ gpP9uUffpu"" calls 75",2026-09-01T00:50:52.626Z,178822385262600
"""woolball @ oMsP5L3lJa"" bets 75",2026-09-01T00:50:50.896Z,178822385089600
"Turn: A♦, 9♦, K♠ [2♣]",2026-09-01T00:50:46.827Z,178822384682700
"""LingWae @ FQN9hzhzP_"" folds",2026-09-01T00:50:45.928Z,178822384592800
"""gurtyo @ gpP9uUffpu"" calls 50",2026-09-01T00:50:44.973Z,178822384497300
"""woolball @ oMsP5L3lJa"" bets 50",2026-09-01T00:50:43.401Z,178822384340100
"Flop:  [A♦, 9♦, K♠]",2026-09-01T00:50:38.026Z,178822383802600
"""LingWae @ FQN9hzhzP_"" calls 35",2026-09-01T00:50:37.145Z,178822383714500
"""gurtyo @ gpP9uUffpu"" calls 35",2026-09-01T00:50:35.514Z,178822383551400
"""woolball @ oMsP5L3lJa"" raises to 35",2026-09-01T00:50:34.604Z,178822383460400
"""LingWae @ FQN9hzhzP_"" calls 10",2026-09-01T00:50:18.992Z,178822381899200
"""gurtyo @ gpP9uUffpu"" posts a big blind of 10",2026-09-01T00:50:16.006Z,178822381600606
"""woolball @ oMsP5L3lJa"" posts a small blind of 5",2026-09-01T00:50:16.006Z,178822381600605
"Player stacks: #1 ""gurtyo @ gpP9uUffpu"" (2283) | #2 ""LingWae @ FQN9hzhzP_"" (1886) | #10 ""woolball @ oMsP5L3lJa"" (3331)",2026-09-01T00:50:16.006Z,178822381600601
"-- starting hand #142 (id: axpcaicj9le4)  No Limit Texas Hold'em (dealer: ""LingWae @ FQN9hzhzP_"") --",2026-09-01T00:50:16.006Z,178822381600600
"""gurtyo @ gpP9uUffpu"" shows a 5♣.",2026-09-01T00:50:13.139Z,178822381313900
"""LingWae @ FQN9hzhzP_"" shows a 2♠.",2026-09-01T00:50:11.769Z,178822381176900
"Undealt cards: J♥, 9♥, 5♠, 9♠ [4♥]",2026-09-01T00:50:10.406Z,178822381040600
"""LingWae @ FQN9hzhzP_"" shows a 3♥.",2026-09-01T00:50:10.246Z,178822381024600
"-- ending hand #141 --",2026-09-01T00:50:08.599Z,178822380859902
"""woolball @ oMsP5L3lJa"" collected 20 from pot",2026-09-01T00:50:08.599Z,178822380859901
"Uncalled bet of 25 returned to ""woolball @ oMsP5L3lJa""",2026-09-01T00:50:08.599Z,178822380859900
"""LingWae @ FQN9hzhzP_"" folds",2026-09-01T00:50:07.684Z,178822380768400
"""woolball @ oMsP5L3lJa"" bets 25",2026-09-01T00:50:05.499Z,178822380549900
"""LingWae @ FQN9hzhzP_"" checks",2026-09-01T00:50:02.988Z,178822380298800
"Turn: J♥, 9♥, 5♠ [9♠]",2026-09-01T00:50:01.455Z,178822380145500
"""woolball @ oMsP5L3lJa"" checks",2026-09-01T00:50:00.530Z,178822380053000
"""LingWae @ FQN9hzhzP_"" checks",2026-09-01T00:49:59.048Z,178822379904800
"Flop:  [J♥, 9♥, 5♠]",2026-09-01T00:49:55.986Z,178822379598600
"""woolball @ oMsP5L3lJa"" checks",2026-09-01T00:49:55.106Z,178822379510600
"""LingWae @ FQN9hzhzP_"" calls 10",2026-09-01T00:49:52.283Z,178822379228300
"""gurtyo @ gpP9uUffpu"" folds",2026-09-01T00:49:45.025Z,178822378502500
"""woolball @ oMsP5L3lJa"" posts a big blind of 10",2026-09-01T00:49:43.989Z,178822378398906
"""LingWae @ FQN9hzhzP_"" posts a small blind of 5",2026-09-01T00:49:43.989Z,178822378398905
"Player stacks: #1 ""gurtyo @ gpP9uUffpu"" (2283) | #2 ""LingWae @ FQN9hzhzP_"" (1896) | #10 ""woolball @ oMsP5L3lJa"" (3321)",2026-09-01T00:49:43.989Z,178822378398901
"-- starting hand #141 (id: it1dmh9cibaw)  No Limit Texas Hold'em (dealer: ""gurtyo @ gpP9uUffpu"") --",2026-09-01T00:49:43.989Z,178822378398900
"""LingWae @ FQN9hzhzP_"" shows a A♣, A♥.",2026-09-01T00:49:39.230Z,178822377923000
"Undealt cards: J♣, 6♣, Q♣ [A♦, 5♦]",2026-09-01T00:49:38.121Z,178822377812100
"""gurtyo @ gpP9uUffpu"" shows a 2♣, 7♦.",2026-09-01T00:49:36.972Z,178822377697200
"-- ending hand #140 --",2026-09-01T00:49:36.676Z,178822377667602
"""LingWae @ FQN9hzhzP_"" collected 95 from pot",2026-09-01T00:49:36.676Z,178822377667601
"Uncalled bet of 1801 returned to ""LingWae @ FQN9hzhzP_""",2026-09-01T00:49:36.676Z,178822377667600
"""gurtyo @ gpP9uUffpu"" folds",2026-09-01T00:49:35.856Z,178822377585600
"""woolball @ oMsP5L3lJa"" folds",2026-09-01T00:49:34.924Z,178822377492400
"""LingWae @ FQN9hzhzP_"" raises to 1811 and go all in",2026-09-01T00:49:30.262Z,178822377026200
"""gurtyo @ gpP9uUffpu"" bets 10",2026-09-01T00:49:28.488Z,178822376848800
"Flop:  [J♣, 6♣, Q♣]",2026-09-01T00:49:26.270Z,178822376627000
"""LingWae @ FQN9hzhzP_"" calls 25",2026-09-01T00:49:25.453Z,178822376545300
"""gurtyo @ gpP9uUffpu"" calls 25",2026-09-01T00:49:23.597Z,178822376359700
"""woolball @ oMsP5L3lJa"" raises to 25",2026-09-01T00:49:22.095Z,178822376209500
"""LingWae @ FQN9hzhzP_"" posts a big blind of 10",2026-09-01T00:49:17.266Z,178822375726606
"""gurtyo @ gpP9uUffpu"" posts a small blind of 5",2026-09-01T00:49:17.266Z,178822375726605
"Your hand is 2♣, 7♦",2026-09-01T00:49:17.266Z,178822375726602
"Player stacks: #1 ""gurtyo @ gpP9uUffpu"" (2318) | #2 ""LingWae @ FQN9hzhzP_"" (1836) | #10 ""woolball @ oMsP5L3lJa"" (3346)",2026-09-01T00:49:17.266Z,178822375726601
"-- starting hand #140 (id: 0hmbuklw9taj)  No Limit Texas Hold'em (dealer: ""woolball @ oMsP5L3lJa"") --",2026-09-01T00:49:17.266Z,178822375726600
"""LingWae @ FQN9hzhzP_"" shows a K♦.",2026-09-01T00:49:12.338Z,178822375233800
"""woolball @ oMsP5L3lJa"" shows a 2♦.",2026-09-01T00:49:11.822Z,178822375182200
"Undealt cards: 5♦, 6♠, Q♣, K♠ [2♣]",2026-09-01T00:49:10.043Z,178822375004300
"-- ending hand #139 --",2026-09-01T00:49:09.869Z,178822374986902
"""woolball @ oMsP5L3lJa"" collected 90 from pot",2026-09-01T00:49:09.869Z,178822374986901
"Uncalled bet of 90 returned to ""woolball @ oMsP5L3lJa""",2026-09-01T00:49:09.869Z,178822374986900
"""gurtyo @ gpP9uUffpu"" folds",2026-09-01T00:49:09.044Z,178822374904400
"""woolball @ oMsP5L3lJa"" bets 90",2026-09-01T00:49:06.283Z,178822374628300
"Turn: 5♦, 6♠, Q♣ [K♠]",2026-09-01T00:49:03.856Z,178822374385600
"""LingWae @ FQN9hzhzP_"" folds",2026-09-01T00:49:02.969Z,178822374296900
"""gurtyo @ gpP9uUffpu"" calls 30",2026-09-01T00:49:00.205Z,178822374020500
"""woolball @ oMsP5L3lJa"" bets 30",2026-09-01T00:48:58.401Z,178822373840100
"Flop:  [5♦, 6♠, Q♣]",2026-09-01T00:48:54.839Z,178822373483900
"""gurtyo @ gpP9uUffpu"" checks",2026-09-01T00:48:53.999Z,178822373399900
"""woolball @ oMsP5L3lJa"" calls 10",2026-09-01T00:48:53.097Z,178822373309700
"""LingWae @ FQN9hzhzP_"" calls 10",2026-09-01T00:48:51.095Z,178822373109500
"""gurtyo @ gpP9uUffpu"" posts a big blind of 10",2026-09-01T00:48:47.250Z,178822372725006
"""woolball @ oMsP5L3lJa"" posts a small blind of 5",2026-09-01T00:48:47.250Z,178822372725005
"Player stacks: #1 ""gurtyo @ gpP9uUffpu"" (2358) | #2 ""LingWae @ FQN9hzhzP_"" (1846) | #10 ""woolball @ oMsP5L3lJa"" (3296)",2026-09-01T00:48:47.250Z,178822372725001
"-- starting hand #139 (id: wi5xkbsopfqv)  No Limit Texas Hold'em (dealer: ""LingWae @ FQN9hzhzP_"") --",2026-09-01T00:48:47.250Z,178822372725000
"""LingWae @ FQN9hzhzP_"" shows a 6♣, J♥.",2026-09-01T00:48:44.713Z,178822372471300
"Undealt cards: 2♣, 5♣, A♦ [J♣, 6♠]",2026-09-01T00:48:40.960Z,178822372096000
"-- ending hand #138 --",2026-09-01T00:48:40.618Z,178822372061802
"""woolball @ oMsP5L3lJa"" collected 30 from pot",2026-09-01T00:48:40.618Z,178822372061801
"Uncalled bet of 30 returned to ""woolball @ oMsP5L3lJa""",2026-09-01T00:48:40.618Z,178822372061800
"""LingWae @ FQN9hzhzP_"" folds",2026-09-01T00:48:39.785Z,178822371978500
"""gurtyo @ gpP9uUffpu"" folds",2026-09-01T00:48:38.741Z,178822371874100
"""woolball @ oMsP5L3lJa"" bets 30",2026-09-01T00:48:37.828Z,178822371782800
"""LingWae @ FQN9hzhzP_"" checks",2026-09-01T00:48:35.450Z,178822371545000
"Flop:  [2♣, 5♣, A♦]",2026-09-01T00:48:33.197Z,178822371319700
"""woolball @ oMsP5L3lJa"" checks",2026-09-01T00:48:32.315Z,178822371231500
"""LingWae @ FQN9hzhzP_"" calls 10",2026-09-01T00:48:31.331Z,178822371133100
"""gurtyo @ gpP9uUffpu"" calls 10",2026-09-01T00:48:29.571Z,178822370957100
"""woolball @ oMsP5L3lJa"" posts a big blind of 10",2026-09-01T00:48:28.197Z,178822370819706
"""LingWae @ FQN9hzhzP_"" posts a small blind of 5",2026-09-01T00:48:28.197Z,178822370819705
"Player stacks: #1 ""gurtyo @ gpP9uUffpu"" (2368) | #2 ""LingWae @ FQN9hzhzP_"" (1856) | #10 ""woolball @ oMsP5L3lJa"" (3276)",2026-09-01T00:48:28.197Z,178822370819701
"-- starting hand #138 (id: eodhz9zcg5rx)  No Limit Texas Hold'em (dealer: ""gurtyo @ gpP9uUffpu"") --",2026-09-01T00:48:28.197Z,178822370819700
"""LingWae @ FQN9hzhzP_"" shows a 6♣, 6♥.",2026-09-01T00:48:23.455Z,178822370345500
"Undealt cards: 10♠, 5♦, 2♥ [K♣, A♠]",2026-09-01T00:48:22.920Z,178822370292000
"-- ending hand #137 --",2026-09-01T00:48:21.590Z,178822370159002
"""LingWae @ FQN9hzhzP_"" collected 369 from pot",2026-09-01T00:48:21.590Z,178822370159001
"Uncalled bet of 167 returned to ""LingWae @ FQN9hzhzP_""",2026-09-01T00:48:21.590Z,178822370159000
"""woolball @ oMsP5L3lJa"" folds",2026-09-01T00:48:20.691Z,178822370069100
"""LingWae @ FQN9hzhzP_"" bets 167",2026-09-01T00:48:19.698Z,178822369969800
"Flop:  [10♠, 5♦, 2♥]",2026-09-01T00:48:15.285Z,178822369528500
"""gurtyo @ gpP9uUffpu"" folds",2026-09-01T00:48:14.477Z,178822369447700
"""woolball @ oMsP5L3lJa"" calls 167",2026-09-01T00:48:13.488Z,178822369348800
"""LingWae @ FQN9hzhzP_"" raises to 167",2026-09-01T00:48:08.985Z,178822368898500
"""gurtyo @ gpP9uUffpu"" calls 35",2026-09-01T00:48:06.865Z,178822368686500
"""woolball @ oMsP5L3lJa"" raises to 35",2026-09-01T00:48:05.235Z,178822368523500
"""LingWae @ FQN9hzhzP_"" posts a big blind of 10",2026-09-01T00:48:00.877Z,178822368087706
"""gurtyo @ gpP9uUffpu"" posts a small blind of 5",2026-09-01T00:48:00.877Z,178822368087705
"Player stacks: #1 ""gurtyo @ gpP9uUffpu"" (2403) | #2 ""LingWae @ FQN9hzhzP_"" (1654) | #10 ""woolball @ oMsP5L3lJa"" (3443)",2026-09-01T00:48:00.877Z,178822368087701
"-- starting hand #137 (id: uu8lmmt8rhi4)  No Limit Texas Hold'em (dealer: ""woolball @ oMsP5L3lJa"") --",2026-09-01T00:48:00.877Z,178822368087700
"""LingWae @ FQN9hzhzP_"" shows a 3♥.",2026-09-01T00:47:58.719Z,178822367871900
"""LingWae @ FQN9hzhzP_"" shows a 10♣.",2026-09-01T00:47:58.081Z,178822367808100
"-- ending hand #136 --",2026-09-01T00:47:54.373Z,178822367437303
"""gurtyo @ gpP9uUffpu"" collected 150 from pot with Pair, 7's (combination: 8♥, 10♠, A♦, 7♦, 7♣)",2026-09-01T00:47:54.373Z,178822367437302
"""gurtyo @ gpP9uUffpu"" shows a 5♦, 7♦.",2026-09-01T00:47:54.373Z,178822367437301
"""woolball @ oMsP5L3lJa"" shows a 2♦, 3♣.",2026-09-01T00:47:54.373Z,178822367437300
"""gurtyo @ gpP9uUffpu"" calls 50",2026-09-01T00:47:53.472Z,178822367347200
"""woolball @ oMsP5L3lJa"" bets 50",2026-09-01T00:47:52.529Z,178822367252900
"River: 7♣, 10♠, 8♥, A♦ [6♥]",2026-09-01T00:47:49.366Z,178822366936600
"""gurtyo @ gpP9uUffpu"" checks",2026-09-01T00:47:48.466Z,178822366846600
"""woolball @ oMsP5L3lJa"" checks",2026-09-01T00:47:47.473Z,178822366747300
"Turn: 7♣, 10♠, 8♥ [A♦]",2026-09-01T00:47:46.263Z,178822366626300
"""gurtyo @ gpP9uUffpu"" checks",2026-09-01T00:47:45.390Z,178822366539000
"""woolball @ oMsP5L3lJa"" checks",2026-09-01T00:47:44.392Z,178822366439200
"Flop:  [7♣, 10♠, 8♥]",2026-09-01T00:47:42.259Z,178822366225900
"""gurtyo @ gpP9uUffpu"" calls 25",2026-09-01T00:47:41.433Z,178822366143300
"""woolball @ oMsP5L3lJa"" raises to 25",2026-09-01T00:47:40.451Z,178822366045100
"""LingWae @ FQN9hzhzP_"" folds",2026-09-01T00:47:37.858Z,178822365785800
"""gurtyo @ gpP9uUffpu"" posts a big blind of 10",2026-09-01T00:47:34.586Z,178822365458606
"""woolball @ oMsP5L3lJa"" posts a small blind of 5",2026-09-01T00:47:34.586Z,178822365458605
"Your hand is 5♦, 7♦",2026-09-01T00:47:34.586Z,178822365458602
"Player stacks: #1 ""gurtyo @ gpP9uUffpu"" (2328) | #2 ""LingWae @ FQN9hzhzP_"" (1654) | #10 ""woolball @ oMsP5L3lJa"" (3518)",2026-09-01T00:47:34.586Z,178822365458601
"-- starting hand #136 (id: xslatbs3dscn)  No Limit Texas Hold'em (dealer: ""LingWae @ FQN9hzhzP_"") --",2026-09-01T00:47:34.586Z,178822365458600
"""LingWae @ FQN9hzhzP_"" shows a 5♣, 4♦.",2026-09-01T00:47:30.693Z,178822365069300
"Undealt cards: 4♠, 5♦, 7♣, 9♥ [Q♥]",2026-09-01T00:47:28.237Z,178822364823700
"-- ending hand #135 --",2026-09-01T00:47:27.957Z,178822364795702
"""LingWae @ FQN9hzhzP_"" collected 231 from pot",2026-09-01T00:47:27.957Z,178822364795701
"Uncalled bet of 167 returned to ""LingWae @ FQN9hzhzP_""",2026-09-01T00:47:27.957Z,178822364795700
"""gurtyo @ gpP9uUffpu"" folds",2026-09-01T00:47:27.061Z,178822364706100
"""woolball @ oMsP5L3lJa"" folds",2026-09-01T00:47:26.061Z,178822364606100
"""LingWae @ FQN9hzhzP_"" bets 167",2026-09-01T00:47:08.455Z,178822362845500
"Turn: 4♠, 5♦, 7♣ [9♥]",2026-09-01T00:47:05.105Z,178822362510500
"""gurtyo @ gpP9uUffpu"" calls 67",2026-09-01T00:47:04.226Z,178822362422600
"""woolball @ oMsP5L3lJa"" calls 67",2026-09-01T00:47:03.258Z,178822362325800
"""LingWae @ FQN9hzhzP_"" bets 67",2026-09-01T00:47:01.665Z,178822362166500
"Flop:  [4♠, 5♦, 7♣]",2026-09-01T00:46:56.580Z,178822361658000
"""woolball @ oMsP5L3lJa"" checks",2026-09-01T00:46:55.756Z,178822361575600
"""LingWae @ FQN9hzhzP_"" calls 10",2026-09-01T00:46:51.964Z,178822361196400
"""gurtyo @ gpP9uUffpu"" calls 10",2026-09-01T00:46:44.049Z,178822360404900
"""woolball @ oMsP5L3lJa"" posts a big blind of 10",2026-09-01T00:46:43.217Z,178822360321707
"""LingWae @ FQN9hzhzP_"" posts a small blind of 5",2026-09-01T00:46:43.217Z,178822360321706
"Player stacks: #1 ""gurtyo @ gpP9uUffpu"" (2405) | #2 ""LingWae @ FQN9hzhzP_"" (1500) | #10 ""woolball @ oMsP5L3lJa"" (3595)",2026-09-01T00:46:43.217Z,178822360321702
"-- starting hand #135 (id: fgqbbq9f8q37)  No Limit Texas Hold'em (dealer: ""gurtyo @ gpP9uUffpu"") --",2026-09-01T00:46:43.217Z,178822360321701
"The player ""LingWae @ FQN9hzhzP_"" joined the game with a stack of 1500.",2026-09-01T00:46:43.217Z,178822360321700
"""gurtyo @ gpP9uUffpu"" shows a A♥.",2026-09-01T00:46:42.065Z,178822360206500
"-- ending hand #134 --",2026-09-01T00:46:36.700Z,178822359670002
"""woolball @ oMsP5L3lJa"" collected 2160 from pot with Full House, 4's over A's (combination: A♣, A♠, 4♥, 4♣, 4♠)",2026-09-01T00:46:36.700Z,178822359670001
"""woolball @ oMsP5L3lJa"" shows a 4♥, 4♣.",2026-09-01T00:46:36.700Z,178822359670000
"""gurtyo @ gpP9uUffpu"" calls 720",2026-09-01T00:46:35.865Z,178822359586500
"""woolball @ oMsP5L3lJa"" bets 720",2026-09-01T00:46:34.944Z,178822359494400
"""gurtyo @ gpP9uUffpu"" checks",2026-09-01T00:46:32.107Z,178822359210700
"River: Q♣, A♣, 4♠, A♠ [6♣]",2026-09-01T00:46:31.408Z,178822359140800
"""gurtyo @ gpP9uUffpu"" calls 240",2026-09-01T00:46:30.570Z,178822359057000
"""woolball @ oMsP5L3lJa"" bets 240",2026-09-01T00:46:29.441Z,178822358944100
"""gurtyo @ gpP9uUffpu"" checks",2026-09-01T00:46:27.107Z,178822358710700
"Turn: Q♣, A♣, 4♠ [A♠]",2026-09-01T00:46:26.293Z,178822358629300
"""gurtyo @ gpP9uUffpu"" calls 80",2026-09-01T00:46:25.438Z,178822358543800
"""woolball @ oMsP5L3lJa"" bets 80",2026-09-01T00:46:24.457Z,178822358445700
"""gurtyo @ gpP9uUffpu"" checks",2026-09-01T00:46:21.699Z,178822358169900
"The admin approved the player ""LingWae @ FQN9hzhzP_"" participation with a stack of 1500.",2026-09-01T00:46:19.487Z,178822357948700
"Flop:  [Q♣, A♣, 4♠]",2026-09-01T00:46:17.491Z,178822357749100
"""gurtyo @ gpP9uUffpu"" calls 40",2026-09-01T00:46:16.607Z,178822357660700
"The player ""LingWae @ FQN9hzhzP_"" requested a seat.",2026-09-01T00:46:15.125Z,178822357512500
"""woolball @ oMsP5L3lJa"" raises to 40",2026-09-01T00:46:14.592Z,178822357459200
"""gurtyo @ gpP9uUffpu"" posts a big blind of 10",2026-09-01T00:46:11.341Z,178822357134106
"""woolball @ oMsP5L3lJa"" posts a small blind of 5",2026-09-01T00:46:11.341Z,178822357134105
"Player stacks: #1 ""gurtyo @ gpP9uUffpu"" (3485) | #10 ""woolball @ oMsP5L3lJa"" (2515)",2026-09-01T00:46:11.341Z,178822357134102
"-- starting hand #134 (id: tjutckv1q0uz)  No Limit Texas Hold'em (dealer: ""woolball @ oMsP5L3lJa"") --",2026-09-01T00:46:11.341Z,178822357134101
"The player ""LingWae @ FQN9hzhzP_"" quits the game with a stack of 0.",2026-09-01T00:46:11.341Z,178822357134100
"-- ending hand #133 --",2026-09-01T00:46:05.292Z,178822356529201
"""woolball @ oMsP5L3lJa"" collected 598 from pot with Straight, 9 High (combination: 5♥, 6♠, 7♦, 8♣, 9♦)",2026-09-01T00:46:05.292Z,178822356529200
"River: 6♠, 7♦, 8♠, 8♣ [9♦]",2026-09-01T00:46:01.195Z,178822356119500
"Turn: 6♠, 7♦, 8♠ [8♣]",2026-09-01T00:45:57.173Z,178822355717300
"""woolball @ oMsP5L3lJa"" shows a 4♣, 5♥.",2026-09-01T00:45:53.165Z,178822355316501
"""LingWae @ FQN9hzhzP_"" shows a 4♥, 3♠.",2026-09-01T00:45:53.165Z,178822355316500
"Some players choose to not run it twice.",2026-09-01T00:45:52.258Z,178822355225801
"""woolball @ oMsP5L3lJa"" chooses to not run it twice.",2026-09-01T00:45:52.258Z,178822355225800
"Remaining players decide whether to run it twice.",2026-09-01T00:45:50.462Z,178822355046201
"""gurtyo @ gpP9uUffpu"" folds",2026-09-01T00:45:50.462Z,178822355046200
"""woolball @ oMsP5L3lJa"" calls 239",2026-09-01T00:45:49.519Z,178822354951900
"""LingWae @ FQN9hzhzP_"" bets 239 and go all in",2026-09-01T00:45:39.605Z,178822353960500
"Flop:  [6♠, 7♦, 8♠]",2026-09-01T00:45:35.561Z,178822353556100
"""gurtyo @ gpP9uUffpu"" calls 40",2026-09-01T00:45:34.698Z,178822353469800
"""woolball @ oMsP5L3lJa"" calls 40",2026-09-01T00:45:33.776Z,178822353377600
"""LingWae @ FQN9hzhzP_"" raises to 40",2026-09-01T00:45:31.242Z,178822353124200
"""gurtyo @ gpP9uUffpu"" calls 10",2026-09-01T00:45:28.607Z,178822352860700
"""woolball @ oMsP5L3lJa"" posts a big blind of 10",2026-09-01T00:45:26.763Z,178822352676306
"""LingWae @ FQN9hzhzP_"" posts a small blind of 5",2026-09-01T00:45:26.763Z,178822352676305
"Player stacks: #1 ""gurtyo @ gpP9uUffpu"" (3525) | #2 ""LingWae @ FQN9hzhzP_"" (279) | #10 ""woolball @ oMsP5L3lJa"" (2196)",2026-09-01T00:45:26.763Z,178822352676301
"-- starting hand #133 (id: qi5mnhszbcj0)  No Limit Texas Hold'em (dealer: ""gurtyo @ gpP9uUffpu"") --",2026-09-01T00:45:26.763Z,178822352676300
"-- ending hand #132 --",2026-09-01T00:45:20.756Z,178822352075601
"""woolball @ oMsP5L3lJa"" collected 2196 from pot with Three of a Kind, 9's (combination: 5♦, Q♠, 9♣, 9♦, 9♠)",2026-09-01T00:45:20.756Z,178822352075600
"River: 9♦, 4♣, 9♠, Q♠ [3♣]",2026-09-01T00:45:16.642Z,178822351664200
"""woolball @ oMsP5L3lJa"" shows a 5♦, 9♣.",2026-09-01T00:45:12.637Z,178822351263702
"""LingWae @ FQN9hzhzP_"" shows a J♥, 3♥.",2026-09-01T00:45:12.637Z,178822351263701
"Uncalled bet of 279 returned to ""LingWae @ FQN9hzhzP_""",2026-09-01T00:45:12.637Z,178822351263700
"Some players choose to not run it twice.",2026-09-01T00:45:11.761Z,178822351176101
"""woolball @ oMsP5L3lJa"" chooses to not run it twice.",2026-09-01T00:45:11.761Z,178822351176100
"Remaining players decide whether to run it twice.",2026-09-01T00:45:10.546Z,178822351054601
"""woolball @ oMsP5L3lJa"" calls 849 and go all in",2026-09-01T00:45:10.546Z,178822351054600
"""LingWae @ FQN9hzhzP_"" raises to 1128 and go all in",2026-09-01T00:45:08.144Z,178822350814400
"""woolball @ oMsP5L3lJa"" bets 200",2026-09-01T00:44:59.731Z,178822349973100
"""LingWae @ FQN9hzhzP_"" checks",2026-09-01T00:44:57.421Z,178822349742100
"Turn: 9♦, 4♣, 9♠ [Q♠]",2026-09-01T00:44:52.785Z,178822349278500
"""woolball @ oMsP5L3lJa"" calls 167",2026-09-01T00:44:51.927Z,178822349192700
"""LingWae @ FQN9hzhzP_"" raises to 167",2026-09-01T00:44:50.526Z,178822349052600
"""woolball @ oMsP5L3lJa"" raises to 40",2026-09-01T00:44:48.145Z,178822348814500
"""LingWae @ FQN9hzhzP_"" bets 10",2026-09-01T00:44:46.031Z,178822348603100
"Flop:  [9♦, 4♣, 9♠]",2026-09-01T00:44:43.383Z,178822348338300
"""gurtyo @ gpP9uUffpu"" folds",2026-09-01T00:44:42.568Z,178822348256800
"""woolball @ oMsP5L3lJa"" calls 67",2026-09-01T00:44:41.656Z,178822348165600
"""LingWae @ FQN9hzhzP_"" raises to 67",2026-09-01T00:44:38.824Z,178822347882400
"""gurtyo @ gpP9uUffpu"" calls 30",2026-09-01T00:44:36.671Z,178822347667100
"""woolball @ oMsP5L3lJa"" raises to 30",2026-09-01T00:44:35.167Z,178822347516700
"""LingWae @ FQN9hzhzP_"" posts a big blind of 10",2026-09-01T00:44:32.174Z,178822347217406
"""gurtyo @ gpP9uUffpu"" posts a small blind of 5",2026-09-01T00:44:32.174Z,178822347217405
"Player stacks: #1 ""gurtyo @ gpP9uUffpu"" (3555) | #2 ""LingWae @ FQN9hzhzP_"" (1362) | #10 ""woolball @ oMsP5L3lJa"" (1083)",2026-09-01T00:44:32.174Z,178822347217401
"-- starting hand #132 (id: ic8ift1aknbe)  No Limit Texas Hold'em (dealer: ""woolball @ oMsP5L3lJa"") --",2026-09-01T00:44:32.174Z,178822347217400
"""LingWae @ FQN9hzhzP_"" shows a 3♥.",2026-09-01T00:44:30.266Z,178822347026600
"""LingWae @ FQN9hzhzP_"" shows a 9♦.",2026-09-01T00:44:29.565Z,178822346956500
"-- ending hand #131 --",2026-09-01T00:44:25.571Z,178822346557103
"""gurtyo @ gpP9uUffpu"" collected 20 from pot with Pair, J's (combination: 8♣, 9♠, Q♠, J♥, J♦)",2026-09-01T00:44:25.571Z,178822346557102
"""gurtyo @ gpP9uUffpu"" shows a 8♣, 6♠.",2026-09-01T00:44:25.571Z,178822346557101
"""woolball @ oMsP5L3lJa"" shows a 7♣, 3♠.",2026-09-01T00:44:25.571Z,178822346557100
"""gurtyo @ gpP9uUffpu"" checks",2026-09-01T00:44:24.669Z,178822346466900
"""woolball @ oMsP5L3lJa"" checks",2026-09-01T00:44:23.684Z,178822346368400
"River: 4♣, Q♠, 9♠, J♥ [J♦]",2026-09-01T00:44:22.166Z,178822346216600
"""gurtyo @ gpP9uUffpu"" checks",2026-09-01T00:44:21.308Z,178822346130800
"""woolball @ oMsP5L3lJa"" checks",2026-09-01T00:44:20.226Z,178822346022600
"Turn: 4♣, Q♠, 9♠ [J♥]",2026-09-01T00:44:18.967Z,178822345896700
"""gurtyo @ gpP9uUffpu"" checks",2026-09-01T00:44:18.068Z,178822345806800
"""woolball @ oMsP5L3lJa"" checks",2026-09-01T00:44:17.070Z,178822345707000
"Flop:  [4♣, Q♠, 9♠]",2026-09-01T00:44:08.560Z,178822344856000
"""gurtyo @ gpP9uUffpu"" checks",2026-09-01T00:44:07.726Z,178822344772600
"""woolball @ oMsP5L3lJa"" calls 10",2026-09-01T00:44:06.798Z,178822344679800
"""LingWae @ FQN9hzhzP_"" folds",2026-09-01T00:44:04.993Z,178822344499300
"""gurtyo @ gpP9uUffpu"" posts a big blind of 10",2026-09-01T00:43:46.471Z,178822342647106
"""woolball @ oMsP5L3lJa"" posts a small blind of 5",2026-09-01T00:43:46.471Z,178822342647105
"Your hand is 8♣, 6♠",2026-09-01T00:43:46.471Z,178822342647102
"Player stacks: #1 ""gurtyo @ gpP9uUffpu"" (3545) | #2 ""LingWae @ FQN9hzhzP_"" (1362) | #10 ""woolball @ oMsP5L3lJa"" (1093)",2026-09-01T00:43:46.471Z,178822342647101
"-- starting hand #131 (id: 0npevqbcox7r)  No Limit Texas Hold'em (dealer: ""LingWae @ FQN9hzhzP_"") --",2026-09-01T00:43:46.471Z,178822342647100
"-- ending hand #130 --",2026-09-01T00:43:43.518Z,178822342351802
"""woolball @ oMsP5L3lJa"" collected 270 from pot",2026-09-01T00:43:43.518Z,178822342351801
"Uncalled bet of 270 returned to ""woolball @ oMsP5L3lJa""",2026-09-01T00:43:43.518Z,178822342351800
"""gurtyo @ gpP9uUffpu"" folds",2026-09-01T00:43:42.686Z,178822342268600
"""woolball @ oMsP5L3lJa"" bets 270",2026-09-01T00:43:41.771Z,178822342177100
"River: 8♦, 10♥, 8♥, Q♠ [8♠]",2026-09-01T00:43:38.782Z,178822341878200
"""gurtyo @ gpP9uUffpu"" calls 90",2026-09-01T00:43:37.953Z,178822341795300
"""woolball @ oMsP5L3lJa"" bets 90",2026-09-01T00:43:36.436Z,178822341643600
"Turn: 8♦, 10♥, 8♥ [Q♠]",2026-09-01T00:43:33.782Z,178822341378200
"""LingWae @ FQN9hzhzP_"" folds",2026-09-01T00:43:32.960Z,178822341296000
"""gurtyo @ gpP9uUffpu"" calls 30",2026-09-01T00:43:31.133Z,178822341113300
"""woolball @ oMsP5L3lJa"" bets 30",2026-09-01T00:43:30.205Z,178822341020500
"""LingWae @ FQN9hzhzP_"" checks",2026-09-01T00:43:27.266Z,178822340726600
"Flop:  [8♦, 10♥, 8♥]",2026-09-01T00:43:21.773Z,178822340177300
"""woolball @ oMsP5L3lJa"" checks",2026-09-01T00:43:20.904Z,178822340090400
"""LingWae @ FQN9hzhzP_"" calls 10",2026-09-01T00:43:17.648Z,178822339764800
"""gurtyo @ gpP9uUffpu"" calls 10",2026-09-01T00:43:15.549Z,178822339554900
"""woolball @ oMsP5L3lJa"" posts a big blind of 10",2026-09-01T00:43:13.901Z,178822339390106
"""LingWae @ FQN9hzhzP_"" posts a small blind of 5",2026-09-01T00:43:13.901Z,178822339390105
"Player stacks: #1 ""gurtyo @ gpP9uUffpu"" (3675) | #2 ""LingWae @ FQN9hzhzP_"" (1372) | #10 ""woolball @ oMsP5L3lJa"" (953)",2026-09-01T00:43:13.901Z,178822339390101
"-- starting hand #130 (id: iv2nqaysp5bi)  No Limit Texas Hold'em (dealer: ""gurtyo @ gpP9uUffpu"") --",2026-09-01T00:43:13.901Z,178822339390100
"-- ending hand #129 --",2026-09-01T00:43:10.970Z,178822339097002
"""woolball @ oMsP5L3lJa"" collected 150 from pot",2026-09-01T00:43:10.970Z,178822339097001
"Uncalled bet of 75 returned to ""woolball @ oMsP5L3lJa""",2026-09-01T00:43:10.970Z,178822339097000
"""LingWae @ FQN9hzhzP_"" folds",2026-09-01T00:43:10.141Z,178822339014100
"""woolball @ oMsP5L3lJa"" bets 75",2026-09-01T00:43:08.575Z,178822338857500
"""LingWae @ FQN9hzhzP_"" checks",2026-09-01T00:43:05.547Z,178822338554700
"River: J♥, Q♠, K♠, 5♣ [Q♥]",2026-09-01T00:43:03.407Z,178822338340700
"""woolball @ oMsP5L3lJa"" checks",2026-09-01T00:43:02.594Z,178822338259400
"""LingWae @ FQN9hzhzP_"" checks",2026-09-01T00:43:00.907Z,178822338090700
"Turn: J♥, Q♠, K♠ [5♣]",2026-09-01T00:42:49.467Z,178822336946700
"""woolball @ oMsP5L3lJa"" checks",2026-09-01T00:42:48.659Z,178822336865900
"""LingWae @ FQN9hzhzP_"" checks",2026-09-01T00:42:47.054Z,178822336705400
"""gurtyo @ gpP9uUffpu"" folds",2026-09-01T00:42:46.137Z,178822336613700
"Flop:  [J♥, Q♠, K♠]",2026-09-01T00:42:42.771Z,178822336277100
"""gurtyo @ gpP9uUffpu"" calls 50",2026-09-01T00:42:41.955Z,178822336195500
"""woolball @ oMsP5L3lJa"" calls 50",2026-09-01T00:42:41.051Z,178822336105100
"""LingWae @ FQN9hzhzP_"" raises to 50",2026-09-01T00:42:38.993Z,178822335899300
"""gurtyo @ gpP9uUffpu"" calls 30",2026-09-01T00:42:33.662Z,178822335366200
"""woolball @ oMsP5L3lJa"" raises to 30",2026-09-01T00:42:32.706Z,178822335270600
"""LingWae @ FQN9hzhzP_"" posts a big blind of 10",2026-09-01T00:42:29.706Z,178822334970606
"""gurtyo @ gpP9uUffpu"" posts a small blind of 5",2026-09-01T00:42:29.706Z,178822334970605
"Player stacks: #1 ""gurtyo @ gpP9uUffpu"" (3725) | #2 ""LingWae @ FQN9hzhzP_"" (1422) | #10 ""woolball @ oMsP5L3lJa"" (853)",2026-09-01T00:42:29.706Z,178822334970601
"-- starting hand #129 (id: klspow4ydej4)  No Limit Texas Hold'em (dealer: ""woolball @ oMsP5L3lJa"") --",2026-09-01T00:42:29.706Z,178822334970600
"-- ending hand #128 --",2026-09-01T00:42:23.646Z,178822334364603
"""woolball @ oMsP5L3lJa"" collected 140 from pot with Pair, 4's (combination: 9♣, Q♠, A♥, 4♣, 4♦)",2026-09-01T00:42:23.646Z,178822334364602
"""woolball @ oMsP5L3lJa"" shows a 4♣, 4♦.",2026-09-01T00:42:23.646Z,178822334364601
"""LingWae @ FQN9hzhzP_"" shows a 7♣, K♦.",2026-09-01T00:42:23.646Z,178822334364600
"""woolball @ oMsP5L3lJa"" calls 25",2026-09-01T00:42:22.810Z,178822334281000
"""LingWae @ FQN9hzhzP_"" bets 25",2026-09-01T00:42:16.708Z,178822333670800
"""woolball @ oMsP5L3lJa"" checks",2026-09-01T00:42:06.648Z,178822332664800
"River: Q♠, 9♣, A♥, 3♦ [6♠]",2026-09-01T00:42:05.239Z,178822332523900
"""LingWae @ FQN9hzhzP_"" checks",2026-09-01T00:42:04.349Z,178822332434900
"""woolball @ oMsP5L3lJa"" checks",2026-09-01T00:42:01.609Z,178822332160900
"Turn: Q♠, 9♣, A♥ [3♦]",2026-09-01T00:42:00.254Z,178822332025400
"""LingWae @ FQN9hzhzP_"" checks",2026-09-01T00:41:59.312Z,178822331931200
"""woolball @ oMsP5L3lJa"" checks",2026-09-01T00:41:52.105Z,178822331210500
"Flop:  [Q♠, 9♣, A♥]",2026-09-01T00:41:50.587Z,178822331058700
"""LingWae @ FQN9hzhzP_"" calls 40",2026-09-01T00:41:49.753Z,178822330975300
"""gurtyo @ gpP9uUffpu"" folds",2026-09-01T00:41:41.235Z,178822330123500
"""woolball @ oMsP5L3lJa"" raises to 40",2026-09-01T00:41:40.205Z,178822330020500
"""LingWae @ FQN9hzhzP_"" calls 10",2026-09-01T00:41:38.379Z,178822329837900
"""gurtyo @ gpP9uUffpu"" posts a big blind of 10",2026-09-01T00:41:31.075Z,178822329107506
"""woolball @ oMsP5L3lJa"" posts a small blind of 5",2026-09-01T00:41:31.075Z,178822329107505
"Player stacks: #1 ""gurtyo @ gpP9uUffpu"" (3735) | #2 ""LingWae @ FQN9hzhzP_"" (1487) | #10 ""woolball @ oMsP5L3lJa"" (778)",2026-09-01T00:41:31.075Z,178822329107501
"-- starting hand #128 (id: anqvgggineo9)  No Limit Texas Hold'em (dealer: ""LingWae @ FQN9hzhzP_"") --",2026-09-01T00:41:31.075Z,178822329107500
"-- ending hand #127 --",2026-09-01T00:41:28.123Z,178822328812302
"""LingWae @ FQN9hzhzP_"" collected 20 from pot",2026-09-01T00:41:28.123Z,178822328812301
"Uncalled bet of 67 returned to ""LingWae @ FQN9hzhzP_""",2026-09-01T00:41:28.123Z,178822328812300
"""woolball @ oMsP5L3lJa"" folds",2026-09-01T00:41:27.293Z,178822328729300
"""LingWae @ FQN9hzhzP_"" bets 67",2026-09-01T00:41:24.942Z,178822328494200
"River: 4♦, 2♣, 5♦, K♣ [Q♠]",2026-09-01T00:41:19.755Z,178822327975500
"""woolball @ oMsP5L3lJa"" checks",2026-09-01T00:41:18.947Z,178822327894700
"""LingWae @ FQN9hzhzP_"" checks",2026-09-01T00:41:17.400Z,178822327740000
"Turn: 4♦, 2♣, 5♦ [K♣]",2026-09-01T00:41:04.003Z,178822326400300
"""woolball @ oMsP5L3lJa"" checks",2026-09-01T00:41:03.178Z,178822326317800
"""LingWae @ FQN9hzhzP_"" checks",2026-09-01T00:40:58.864Z,178822325886400
"Flop:  [4♦, 2♣, 5♦]",2026-09-01T00:40:42.051Z,178822324205100
"""woolball @ oMsP5L3lJa"" checks",2026-09-01T00:40:41.229Z,178822324122900
"""LingWae @ FQN9hzhzP_"" calls 10",2026-09-01T00:40:38.383Z,178822323838300
"""gurtyo @ gpP9uUffpu"" folds",2026-09-01T00:40:31.698Z,178822323169800
"""woolball @ oMsP5L3lJa"" posts a big blind of 10",2026-09-01T00:40:29.788Z,178822322978806
"""LingWae @ FQN9hzhzP_"" posts a small blind of 5",2026-09-01T00:40:29.788Z,178822322978805
"Player stacks: #1 ""gurtyo @ gpP9uUffpu"" (3735) | #2 ""LingWae @ FQN9hzhzP_"" (1477) | #10 ""woolball @ oMsP5L3lJa"" (788)",2026-09-01T00:40:29.788Z,178822322978801
"-- starting hand #127 (id: uxy2zqe4cezu)  No Limit Texas Hold'em (dealer: ""gurtyo @ gpP9uUffpu"") --",2026-09-01T00:40:29.788Z,178822322978800
"-- ending hand #126 --",2026-09-01T00:40:23.780Z,178822322378003
"""gurtyo @ gpP9uUffpu"" collected 2560 from pot with Two Pair, A's & 5's (combination: 7♦, 5♦, 5♠, A♦, A♠)",2026-09-01T00:40:23.780Z,178822322378002
"""gurtyo @ gpP9uUffpu"" shows a A♦, 7♦.",2026-09-01T00:40:23.780Z,178822322378001
"""woolball @ oMsP5L3lJa"" shows a 9♦, 8♦.",2026-09-01T00:40:23.780Z,178822322378000
"""gurtyo @ gpP9uUffpu"" calls 800",2026-09-01T00:40:22.898Z,178822322289800
"""woolball @ oMsP5L3lJa"" raises to 800",2026-09-01T00:40:12.471Z,178822321247100
"""gurtyo @ gpP9uUffpu"" bets 225",2026-09-01T00:40:07.044Z,178822320704400
"River: 5♦, 2♦, 5♠, A♠ [4♣]",2026-09-01T00:40:01.938Z,178822320193800
"""woolball @ oMsP5L3lJa"" calls 240",2026-09-01T00:40:00.991Z,178822320099100
"""gurtyo @ gpP9uUffpu"" bets 240",2026-09-01T00:39:59.706Z,178822319970600
"Turn: 5♦, 2♦, 5♠ [A♠]",2026-09-01T00:39:57.088Z,178822319708800
"""woolball @ oMsP5L3lJa"" calls 180",2026-09-01T00:39:56.187Z,178822319618700
"""LingWae @ FQN9hzhzP_"" folds",2026-09-01T00:39:54.793Z,178822319479300
"""gurtyo @ gpP9uUffpu"" raises to 180",2026-09-01T00:39:51.211Z,178822319121100
"""woolball @ oMsP5L3lJa"" bets 60",2026-09-01T00:39:48.631Z,178822318863100
"""LingWae @ FQN9hzhzP_"" checks",2026-09-01T00:39:46.321Z,178822318632100
"""gurtyo @ gpP9uUffpu"" checks",2026-09-01T00:39:43.254Z,178822318325400
"Flop:  [5♦, 2♦, 5♠]",2026-09-01T00:39:37.471Z,178822317747100
"""LingWae @ FQN9hzhzP_"" calls 40",2026-09-01T00:39:36.626Z,178822317662600
"""gurtyo @ gpP9uUffpu"" calls 40",2026-09-01T00:39:17.932Z,178822315793200
"""woolball @ oMsP5L3lJa"" raises to 40",2026-09-01T00:39:14.746Z,178822315474600
"""LingWae @ FQN9hzhzP_"" posts a big blind of 10",2026-09-01T00:39:11.809Z,178822315180906
"""gurtyo @ gpP9uUffpu"" posts a small blind of 5",2026-09-01T00:39:11.809Z,178822315180905
"Your hand is A♦, 7♦",2026-09-01T00:39:11.809Z,178822315180902
"Player stacks: #1 ""gurtyo @ gpP9uUffpu"" (2435) | #2 ""LingWae @ FQN9hzhzP_"" (1517) | #10 ""woolball @ oMsP5L3lJa"" (2048)",2026-09-01T00:39:11.809Z,178822315180901
"-- starting hand #126 (id: rqpd9kwqqvlg)  No Limit Texas Hold'em (dealer: ""woolball @ oMsP5L3lJa"") --",2026-09-01T00:39:11.809Z,178822315180900
"-- ending hand #125 --",2026-09-01T00:39:05.712Z,178822314571203
"""woolball @ oMsP5L3lJa"" collected 420 from pot with Two Pair, K's & 3's (combination: Q♠, 3♦, 3♠, K♦, K♥)",2026-09-01T00:39:05.712Z,178822314571202
"""woolball @ oMsP5L3lJa"" shows a 3♦, 7♥.",2026-09-01T00:39:05.712Z,178822314571201
"""gurtyo @ gpP9uUffpu"" shows a 4♣, 9♣.",2026-09-01T00:39:05.712Z,178822314571200
"""woolball @ oMsP5L3lJa"" calls 180",2026-09-01T00:39:04.904Z,178822314490400
"""gurtyo @ gpP9uUffpu"" raises to 180",2026-09-01T00:39:03.867Z,178822314386700
"""woolball @ oMsP5L3lJa"" bets 60",2026-09-01T00:39:01.092Z,178822314109200
"River: K♦, Q♠, K♥, 5♦ [3♠]",2026-09-01T00:38:58.414Z,178822313841400
"""gurtyo @ gpP9uUffpu"" calls 20",2026-09-01T00:38:57.594Z,178822313759400
"""woolball @ oMsP5L3lJa"" bets 20",2026-09-01T00:38:56.465Z,178822313646500
"Turn: K♦, Q♠, K♥ [5♦]",2026-09-01T00:38:54.558Z,178822313455800
"""gurtyo @ gpP9uUffpu"" checks",2026-09-01T00:38:53.691Z,178822313369100
"""woolball @ oMsP5L3lJa"" checks",2026-09-01T00:38:51.478Z,178822313147800
"Flop:  [K♦, Q♠, K♥]",2026-09-01T00:38:49.208Z,178822312920800
"""gurtyo @ gpP9uUffpu"" checks",2026-09-01T00:38:48.357Z,178822312835700
"""woolball @ oMsP5L3lJa"" calls 10",2026-09-01T00:38:47.368Z,178822312736800
"""LingWae @ FQN9hzhzP_"" folds",2026-09-01T00:38:46.116Z,178822312611600
"""gurtyo @ gpP9uUffpu"" posts a big blind of 10",2026-09-01T00:38:39.551Z,178822311955106
"""woolball @ oMsP5L3lJa"" posts a small blind of 5",2026-09-01T00:38:39.551Z,178822311955105
"Your hand is 4♣, 9♣",2026-09-01T00:38:39.551Z,178822311955102
"Player stacks: #1 ""gurtyo @ gpP9uUffpu"" (2645) | #2 ""LingWae @ FQN9hzhzP_"" (1517) | #10 ""woolball @ oMsP5L3lJa"" (1838)",2026-09-01T00:38:39.551Z,178822311955101
"-- starting hand #125 (id: gykjqzxeznqt)  No Limit Texas Hold'em (dealer: ""LingWae @ FQN9hzhzP_"") --",2026-09-01T00:38:39.551Z,178822311955100
"""gurtyo @ gpP9uUffpu"" shows a 2♠, 2♣.",2026-09-01T00:38:34.116Z,178822311411600
"""LingWae @ FQN9hzhzP_"" shows a 7♦, 8♣.",2026-09-01T00:38:34.032Z,178822311403200
"Undealt cards: 6♦, 10♦, 3♥ [2♥, Q♦]",2026-09-01T00:38:32.461Z,178822311246100
"-- ending hand #124 --",2026-09-01T00:38:32.127Z,178822311212702
"""LingWae @ FQN9hzhzP_"" collected 90 from pot",2026-09-01T00:38:32.127Z,178822311212701
"Uncalled bet of 55 returned to ""LingWae @ FQN9hzhzP_""",2026-09-01T00:38:32.127Z,178822311212700
"""gurtyo @ gpP9uUffpu"" folds",2026-09-01T00:38:31.261Z,178822311126100
"""woolball @ oMsP5L3lJa"" folds",2026-09-01T00:38:28.641Z,178822310864100
"""LingWae @ FQN9hzhzP_"" bets 55",2026-09-01T00:38:19.616Z,178822309961600
"Flop:  [6♦, 10♦, 3♥]",2026-09-01T00:38:12.895Z,178822309289500
"""woolball @ oMsP5L3lJa"" calls 30",2026-09-01T00:38:12.035Z,178822309203500
"""LingWae @ FQN9hzhzP_"" calls 30",2026-09-01T00:38:08.278Z,178822308827800
"""gurtyo @ gpP9uUffpu"" raises to 30",2026-09-01T00:38:01.647Z,178822308164700
"""woolball @ oMsP5L3lJa"" posts a big blind of 10",2026-09-01T00:37:58.289Z,178822307828906
"""LingWae @ FQN9hzhzP_"" posts a small blind of 5",2026-09-01T00:37:58.289Z,178822307828905
"Your hand is 2♠, 2♣",2026-09-01T00:37:58.289Z,178822307828902
"Player stacks: #1 ""gurtyo @ gpP9uUffpu"" (2675) | #2 ""LingWae @ FQN9hzhzP_"" (1457) | #10 ""woolball @ oMsP5L3lJa"" (1868)",2026-09-01T00:37:58.289Z,178822307828901
"-- starting hand #124 (id: 8pbxlyekkdt0)  No Limit Texas Hold'em (dealer: ""gurtyo @ gpP9uUffpu"") --",2026-09-01T00:37:58.289Z,178822307828900
"-- ending hand #123 --",2026-09-01T00:37:52.272Z,178822307227201
"""gurtyo @ gpP9uUffpu"" collected 2675 from pot with Flush, K High (combination: 2♥, 5♥, 9♥, J♥, K♥)",2026-09-01T00:37:52.272Z,178822307227200
"River: 6♦, 4♦, J♥, 2♥ [K♥]",2026-09-01T00:37:48.247Z,178822306824700
"""woolball @ oMsP5L3lJa"" shows a J♦, Q♠.",2026-09-01T00:37:44.157Z,178822306415700
"""gurtyo @ gpP9uUffpu"" shows a 5♥.",2026-09-01T00:37:43.907Z,178822306390700
"""gurtyo @ gpP9uUffpu"" shows a 9♥.",2026-09-01T00:37:43.608Z,178822306360800
"Some players choose to not run it twice.",2026-09-01T00:37:43.304Z,178822306330401
"""woolball @ oMsP5L3lJa"" chooses to not run it twice.",2026-09-01T00:37:43.304Z,178822306330400
"Remaining players decide whether to run it twice.",2026-09-01T00:37:41.891Z,178822306189101
"""woolball @ oMsP5L3lJa"" calls 1165",2026-09-01T00:37:41.891Z,178822306189100
"""LingWae @ FQN9hzhzP_"" folds",2026-09-01T00:37:40.473Z,178822306047300
"""gurtyo @ gpP9uUffpu"" raises to 1165 and go all in",2026-09-01T00:37:39.539Z,178822305953900
"""woolball @ oMsP5L3lJa"" bets 340",2026-09-01T00:37:37.914Z,178822305791400
"""LingWae @ FQN9hzhzP_"" checks",2026-09-01T00:37:34.898Z,178822305489800
"""gurtyo @ gpP9uUffpu"" checks",2026-09-01T00:37:29.595Z,178822304959500
"Turn: 6♦, 4♦, J♥ [2♥]",2026-09-01T00:37:26.542Z,178822304654200
"""LingWae @ FQN9hzhzP_"" calls 80",2026-09-01T00:37:25.715Z,178822304571500
"""gurtyo @ gpP9uUffpu"" calls 80",2026-09-01T00:37:24.771Z,178822304477100
"""woolball @ oMsP5L3lJa"" bets 80",2026-09-01T00:37:22.586Z,178822304258600
"""LingWae @ FQN9hzhzP_"" checks",2026-09-01T00:37:20.418Z,178822304041800
"""gurtyo @ gpP9uUffpu"" checks",2026-09-01T00:37:19.013Z,178822303901300
"Flop:  [6♦, 4♦, J♥]",2026-09-01T00:37:16.059Z,178822303605900
"""LingWae @ FQN9hzhzP_"" calls 35",2026-09-01T00:37:15.226Z,178822303522600
"""gurtyo @ gpP9uUffpu"" calls 35",2026-09-01T00:37:14.274Z,178822303427400
"""woolball @ oMsP5L3lJa"" raises to 35",2026-09-01T00:37:12.568Z,178822303256800
"""LingWae @ FQN9hzhzP_"" posts a big blind of 10",2026-09-01T00:37:09.614Z,178822302961406
"""gurtyo @ gpP9uUffpu"" posts a small blind of 5",2026-09-01T00:37:09.614Z,178822302961405
"Player stacks: #1 ""gurtyo @ gpP9uUffpu"" (1280) | #2 ""LingWae @ FQN9hzhzP_"" (1572) | #10 ""woolball @ oMsP5L3lJa"" (3148)",2026-09-01T00:37:09.614Z,178822302961401
"-- starting hand #123 (id: qpuovseaz7u8)  No Limit Texas Hold'em (dealer: ""woolball @ oMsP5L3lJa"") --",2026-09-01T00:37:09.614Z,178822302961400
"""gurtyo @ gpP9uUffpu"" shows a A♣.",2026-09-01T00:37:06.215Z,178822302621500
"""LingWae @ FQN9hzhzP_"" shows a K♥, 8♥.",2026-09-01T00:37:04.426Z,178822302442600
"Undealt cards: K♣, 2♠, 8♣ [2♣, J♠]",2026-09-01T00:37:02.588Z,178822302258800
"-- ending hand #122 --",2026-09-01T00:37:02.232Z,178822302223202
"""LingWae @ FQN9hzhzP_"" collected 170 from pot",2026-09-01T00:37:02.232Z,178822302223201
"Uncalled bet of 137 returned to ""LingWae @ FQN9hzhzP_""",2026-09-01T00:37:02.232Z,178822302223200
"""gurtyo @ gpP9uUffpu"" folds",2026-09-01T00:37:01.414Z,178822302141400
"""LingWae @ FQN9hzhzP_"" raises to 167",2026-09-01T00:36:54.037Z,178822301403700
"""gurtyo @ gpP9uUffpu"" bets 30",2026-09-01T00:36:51.312Z,178822301131200
"Flop:  [K♣, 2♠, 8♣]",2026-09-01T00:36:47.968Z,178822300796800
"""woolball @ oMsP5L3lJa"" folds",2026-09-01T00:36:47.062Z,178822300706200
"""LingWae @ FQN9hzhzP_"" calls 50",2026-09-01T00:36:46.147Z,178822300614700
"""gurtyo @ gpP9uUffpu"" raises to 50",2026-09-01T00:36:43.752Z,178822300375200
"""woolball @ oMsP5L3lJa"" calls 10",2026-09-01T00:36:41.721Z,178822300172100
"""LingWae @ FQN9hzhzP_"" calls 10",2026-09-01T00:36:39.153Z,178822299915300
"""gurtyo @ gpP9uUffpu"" posts a big blind of 10",2026-09-01T00:36:36.565Z,178822299656506
"""woolball @ oMsP5L3lJa"" posts a small blind of 5",2026-09-01T00:36:36.565Z,178822299656505
"Player stacks: #1 ""gurtyo @ gpP9uUffpu"" (1360) | #2 ""LingWae @ FQN9hzhzP_"" (1482) | #10 ""woolball @ oMsP5L3lJa"" (3158)",2026-09-01T00:36:36.565Z,178822299656501
"-- starting hand #122 (id: 1m8mbfglvs3p)  No Limit Texas Hold'em (dealer: ""LingWae @ FQN9hzhzP_"") --",2026-09-01T00:36:36.565Z,178822299656500
"""woolball @ oMsP5L3lJa"" shows a 2♦.",2026-09-01T00:36:33.457Z,178822299345700
"Undealt cards: J♥, 2♠, 6♣, 9♠ [10♥]",2026-09-01T00:36:31.432Z,178822299143200
"""LingWae @ FQN9hzhzP_"" shows a 4♣, 4♥.",2026-09-01T00:36:30.290Z,178822299029000
"-- ending hand #121 --",2026-09-01T00:36:29.157Z,178822298915702
"""woolball @ oMsP5L3lJa"" collected 60 from pot",2026-09-01T00:36:29.157Z,178822298915701
"Uncalled bet of 60 returned to ""woolball @ oMsP5L3lJa""",2026-09-01T00:36:29.157Z,178822298915700
"""LingWae @ FQN9hzhzP_"" folds",2026-09-01T00:36:28.314Z,178822298831400
"""woolball @ oMsP5L3lJa"" bets 60",2026-09-01T00:36:25.330Z,178822298533000
"""LingWae @ FQN9hzhzP_"" checks",2026-09-01T00:36:23.683Z,178822298368300
"Turn: J♥, 2♠, 6♣ [9♠]",2026-09-01T00:36:21.947Z,178822298194700
"""LingWae @ FQN9hzhzP_"" calls 20",2026-09-01T00:36:21.141Z,178822298114100
"""woolball @ oMsP5L3lJa"" bets 20",2026-09-01T00:36:20.045Z,178822298004500
"""LingWae @ FQN9hzhzP_"" checks",2026-09-01T00:36:18.142Z,178822297814200
"Flop:  [J♥, 2♠, 6♣]",2026-09-01T00:36:15.977Z,178822297597700
"""woolball @ oMsP5L3lJa"" checks",2026-09-01T00:36:15.152Z,178822297515200
"""LingWae @ FQN9hzhzP_"" calls 10",2026-09-01T00:36:13.263Z,178822297326300
"""gurtyo @ gpP9uUffpu"" folds",2026-09-01T00:36:10.564Z,178822297056400
"""woolball @ oMsP5L3lJa"" posts a big blind of 10",2026-09-01T00:36:08.689Z,178822296868906
"""LingWae @ FQN9hzhzP_"" posts a small blind of 5",2026-09-01T00:36:08.689Z,178822296868905
"Player stacks: #1 ""gurtyo @ gpP9uUffpu"" (1360) | #2 ""LingWae @ FQN9hzhzP_"" (1512) | #10 ""woolball @ oMsP5L3lJa"" (3128)",2026-09-01T00:36:08.689Z,178822296868901
"-- starting hand #121 (id: ajbgjzlqjrkw)  No Limit Texas Hold'em (dealer: ""gurtyo @ gpP9uUffpu"") --",2026-09-01T00:36:08.689Z,178822296868900
"""LingWae @ FQN9hzhzP_"" shows a J♦.",2026-09-01T00:36:04.526Z,178822296452600
"""LingWae @ FQN9hzhzP_"" shows a K♣.",2026-09-01T00:36:03.924Z,178822296392400
"-- ending hand #120 --",2026-09-01T00:36:02.108Z,178822296210802
"""gurtyo @ gpP9uUffpu"" collected 130 from pot with Two Pair, Q's & 5's (combination: 10♥, 5♥, 5♠, Q♦, Q♠)",2026-09-01T00:36:02.108Z,178822296210801
"""gurtyo @ gpP9uUffpu"" shows a 6♥, 5♥.",2026-09-01T00:36:02.108Z,178822296210800
"""LingWae @ FQN9hzhzP_"" calls 10",2026-09-01T00:36:01.233Z,178822296123300
"""gurtyo @ gpP9uUffpu"" bets 10",2026-09-01T00:35:57.678Z,178822295767800
"River: 5♠, 3♣, 10♥, Q♦ [Q♠]",2026-09-01T00:35:56.387Z,178822295638700
"""gurtyo @ gpP9uUffpu"" calls 10",2026-09-01T00:35:55.519Z,178822295551900
"""woolball @ oMsP5L3lJa"" folds",2026-09-01T00:35:54.245Z,178822295424500
"""LingWae @ FQN9hzhzP_"" bets 10",2026-09-01T00:35:52.375Z,178822295237500
"""gurtyo @ gpP9uUffpu"" checks",2026-09-01T00:35:50.159Z,178822295015900
"Turn: 5♠, 3♣, 10♥ [Q♦]",2026-09-01T00:35:48.288Z,178822294828800
"""woolball @ oMsP5L3lJa"" checks",2026-09-01T00:35:47.476Z,178822294747600
"""LingWae @ FQN9hzhzP_"" checks",2026-09-01T00:35:44.922Z,178822294492200
"""gurtyo @ gpP9uUffpu"" checks",2026-09-01T00:35:43.810Z,178822294381000
"Flop:  [5♠, 3♣, 10♥]",2026-09-01T00:35:41.580Z,178822294158000
"""LingWae @ FQN9hzhzP_"" calls 30",2026-09-01T00:35:40.769Z,178822294076900
"""gurtyo @ gpP9uUffpu"" calls 30",2026-09-01T00:35:39.781Z,178822293978100
"""woolball @ oMsP5L3lJa"" raises to 30",2026-09-01T00:35:38.357Z,178822293835700
"""LingWae @ FQN9hzhzP_"" posts a big blind of 10",2026-09-01T00:35:35.465Z,178822293546506
"""gurtyo @ gpP9uUffpu"" posts a small blind of 5",2026-09-01T00:35:35.465Z,178822293546505
"Your hand is 6♥, 5♥",2026-09-01T00:35:35.465Z,178822293546502
"Player stacks: #1 ""gurtyo @ gpP9uUffpu"" (1280) | #2 ""LingWae @ FQN9hzhzP_"" (1562) | #10 ""woolball @ oMsP5L3lJa"" (3158)",2026-09-01T00:35:35.465Z,178822293546501
"-- starting hand #120 (id: 8x714uemqxqx)  No Limit Texas Hold'em (dealer: ""woolball @ oMsP5L3lJa"") --",2026-09-01T00:35:35.465Z,178822293546500
"-- ending hand #119 --",2026-09-01T00:35:29.376Z,178822292937603
"""LingWae @ FQN9hzhzP_"" collected 274 from pot with Straight, 10 High (combination: 6♦, 7♦, 8♠, 9♦, 10♣)",2026-09-01T00:35:29.376Z,178822292937602
"""LingWae @ FQN9hzhzP_"" shows a 2♠, 8♠.",2026-09-01T00:35:29.376Z,178822292937601
"""woolball @ oMsP5L3lJa"" shows a J♠, 4♠.",2026-09-01T00:35:29.376Z,178822292937600
"""LingWae @ FQN9hzhzP_"" calls 50",2026-09-01T00:35:28.557Z,178822292855700
"""woolball @ oMsP5L3lJa"" bets 50",2026-09-01T00:35:27.397Z,178822292739700
"River: 10♣, 9♦, 7♦, A♦ [6♦]",2026-09-01T00:35:23.371Z,178822292337100
"""LingWae @ FQN9hzhzP_"" checks",2026-09-01T00:35:22.554Z,178822292255400
"""woolball @ oMsP5L3lJa"" checks",2026-09-01T00:35:21.634Z,178822292163400
"Turn: 10♣, 9♦, 7♦ [A♦]",2026-09-01T00:35:19.970Z,178822291997000
"""gurtyo @ gpP9uUffpu"" folds",2026-09-01T00:35:19.117Z,178822291911700
"""woolball @ oMsP5L3lJa"" calls 67",2026-09-01T00:35:16.652Z,178822291665200
"""LingWae @ FQN9hzhzP_"" raises to 67",2026-09-01T00:35:15.102Z,178822291510200
"""gurtyo @ gpP9uUffpu"" bets 10",2026-09-01T00:35:13.022Z,178822291302200
"""woolball @ oMsP5L3lJa"" checks",2026-09-01T00:35:10.287Z,178822291028700
"Flop:  [10♣, 9♦, 7♦]",2026-09-01T00:35:04.360Z,178822290436000
"""gurtyo @ gpP9uUffpu"" checks",2026-09-01T00:35:03.460Z,178822290346000
"""woolball @ oMsP5L3lJa"" calls 10",2026-09-01T00:35:02.501Z,178822290250100
"""LingWae @ FQN9hzhzP_"" calls 10",2026-09-01T00:34:59.750Z,178822289975000
"""gurtyo @ gpP9uUffpu"" posts a big blind of 10",2026-09-01T00:34:58.517Z,178822289851706
"""woolball @ oMsP5L3lJa"" posts a small blind of 5",2026-09-01T00:34:58.517Z,178822289851705
"Player stacks: #1 ""gurtyo @ gpP9uUffpu"" (1300) | #2 ""LingWae @ FQN9hzhzP_"" (1415) | #10 ""woolball @ oMsP5L3lJa"" (3285)",2026-09-01T00:34:58.517Z,178822289851701
"-- starting hand #119 (id: wtn1dbk8eati)  No Limit Texas Hold'em (dealer: ""LingWae @ FQN9hzhzP_"") --",2026-09-01T00:34:58.517Z,178822289851700
"-- ending hand #118 --",2026-09-01T00:34:55.592Z,178822289559202
"""woolball @ oMsP5L3lJa"" collected 20 from pot",2026-09-01T00:34:55.592Z,178822289559201
"Uncalled bet of 150 returned to ""woolball @ oMsP5L3lJa""",2026-09-01T00:34:55.592Z,178822289559200
"""LingWae @ FQN9hzhzP_"" folds",2026-09-01T00:34:54.754Z,178822289475400
"""woolball @ oMsP5L3lJa"" bets 150",2026-09-01T00:34:50.663Z,178822289066300
"""LingWae @ FQN9hzhzP_"" checks",2026-09-01T00:34:47.945Z,178822288794500
"River: 6♣, A♦, 9♦, 10♥ [10♠]",2026-09-01T00:34:45.590Z,178822288559000
"""woolball @ oMsP5L3lJa"" checks",2026-09-01T00:34:44.772Z,178822288477200
"""LingWae @ FQN9hzhzP_"" checks",2026-09-01T00:34:43.523Z,178822288352300
"Turn: 6♣, A♦, 9♦ [10♥]",2026-09-01T00:34:41.612Z,178822288161200
"""woolball @ oMsP5L3lJa"" checks",2026-09-01T00:34:40.785Z,178822288078500
"""LingWae @ FQN9hzhzP_"" checks",2026-09-01T00:34:39.874Z,178822287987400
"Flop:  [6♣, A♦, 9♦]",2026-09-01T00:34:36.086Z,178822287608600
"""woolball @ oMsP5L3lJa"" checks",2026-09-01T00:34:35.229Z,178822287522900
"""LingWae @ FQN9hzhzP_"" calls 10",2026-09-01T00:34:33.872Z,178822287387200
"""gurtyo @ gpP9uUffpu"" folds",2026-09-01T00:34:29.543Z,178822286954300
"""woolball @ oMsP5L3lJa"" posts a big blind of 10",2026-09-01T00:34:27.604Z,178822286760406
"""LingWae @ FQN9hzhzP_"" posts a small blind of 5",2026-09-01T00:34:27.604Z,178822286760405
"Player stacks: #1 ""gurtyo @ gpP9uUffpu"" (1300) | #2 ""LingWae @ FQN9hzhzP_"" (1425) | #10 ""woolball @ oMsP5L3lJa"" (3275)",2026-09-01T00:34:27.604Z,178822286760401
"-- starting hand #118 (id: uinh8kwgvdk2)  No Limit Texas Hold'em (dealer: ""gurtyo @ gpP9uUffpu"") --",2026-09-01T00:34:27.604Z,178822286760400
"Undealt cards:  [8♥, 10♦, J♠, 2♠, J♦]",2026-09-01T00:34:21.954Z,178822286195400
"""LingWae @ FQN9hzhzP_"" shows a 7♣, 2♦.",2026-09-01T00:34:21.606Z,178822286160600
"-- ending hand #117 --",2026-09-01T00:34:20.957Z,178822286095702
"""LingWae @ FQN9hzhzP_"" collected 75 from pot",2026-09-01T00:34:20.957Z,178822286095701
"Uncalled bet of 1350 returned to ""LingWae @ FQN9hzhzP_""",2026-09-01T00:34:20.957Z,178822286095700
"""woolball @ oMsP5L3lJa"" folds",2026-09-01T00:34:20.142Z,178822286014200
"""LingWae @ FQN9hzhzP_"" raises to 1385 and go all in",2026-09-01T00:34:13.787Z,178822285378700
"""gurtyo @ gpP9uUffpu"" folds",2026-09-01T00:34:08.662Z,178822284866200
"""woolball @ oMsP5L3lJa"" raises to 35",2026-09-01T00:34:07.674Z,178822284767400
"""LingWae @ FQN9hzhzP_"" posts a big blind of 10",2026-09-01T00:34:04.663Z,178822284466306
"""gurtyo @ gpP9uUffpu"" posts a small blind of 5",2026-09-01T00:34:04.663Z,178822284466305
"Player stacks: #1 ""gurtyo @ gpP9uUffpu"" (1305) | #2 ""LingWae @ FQN9hzhzP_"" (1385) | #10 ""woolball @ oMsP5L3lJa"" (3310)",2026-09-01T00:34:04.663Z,178822284466301
"-- starting hand #117 (id: xvgz0lypgufj)  No Limit Texas Hold'em (dealer: ""woolball @ oMsP5L3lJa"") --",2026-09-01T00:34:04.663Z,178822284466300
"""LingWae @ FQN9hzhzP_"" shows a K♠, J♠.",2026-09-01T00:33:59.887Z,178822283988700
"-- ending hand #116 --",2026-09-01T00:33:58.129Z,178822283812903
"""gurtyo @ gpP9uUffpu"" collected 90 from pot with Two Pair, Q's & 9's (combination: A♣, 9♥, 9♦, Q♣, Q♥)",2026-09-01T00:33:58.129Z,178822283812902
"""gurtyo @ gpP9uUffpu"" shows a 9♥, 5♣.",2026-09-01T00:33:58.129Z,178822283812901
"""woolball @ oMsP5L3lJa"" shows a 2♣, 6♥.",2026-09-01T00:33:58.129Z,178822283812900
"""LingWae @ FQN9hzhzP_"" folds",2026-09-01T00:33:57.299Z,178822283729900
"""gurtyo @ gpP9uUffpu"" calls 30",2026-09-01T00:33:55.679Z,178822283567900
"""woolball @ oMsP5L3lJa"" bets 30",2026-09-01T00:33:53.458Z,178822283345800
"River: 9♦, A♣, Q♣, 8♣ [Q♥]",2026-09-01T00:33:49.436Z,178822282943600
"""LingWae @ FQN9hzhzP_"" checks",2026-09-01T00:33:48.604Z,178822282860400
"""gurtyo @ gpP9uUffpu"" checks",2026-09-01T00:33:46.544Z,178822282654400
"""woolball @ oMsP5L3lJa"" checks",2026-09-01T00:33:43.942Z,178822282394200
"Turn: 9♦, A♣, Q♣ [8♣]",2026-09-01T00:33:41.401Z,178822282140100
"""LingWae @ FQN9hzhzP_"" checks",2026-09-01T00:33:40.577Z,178822282057700
"""gurtyo @ gpP9uUffpu"" checks",2026-09-01T00:33:38.178Z,178822281817800
"""woolball @ oMsP5L3lJa"" checks",2026-09-01T00:33:35.692Z,178822281569200
"Flop:  [9♦, A♣, Q♣]",2026-09-01T00:33:32.698Z,178822281269800
"""gurtyo @ gpP9uUffpu"" checks",2026-09-01T00:33:31.870Z,178822281187000
"""woolball @ oMsP5L3lJa"" calls 10",2026-09-01T00:33:29.788Z,178822280978800
"""LingWae @ FQN9hzhzP_"" calls 10",2026-09-01T00:33:27.226Z,178822280722600
"""gurtyo @ gpP9uUffpu"" posts a big blind of 10",2026-09-01T00:33:23.147Z,178822280314706
"""woolball @ oMsP5L3lJa"" posts a small blind of 5",2026-09-01T00:33:23.147Z,178822280314705
"Your hand is 9♥, 5♣",2026-09-01T00:33:23.147Z,178822280314702
"Player stacks: #1 ""gurtyo @ gpP9uUffpu"" (1255) | #2 ""LingWae @ FQN9hzhzP_"" (1395) | #10 ""woolball @ oMsP5L3lJa"" (3350)",2026-09-01T00:33:23.147Z,178822280314701
"-- starting hand #116 (id: aowwdgiezkjc)  No Limit Texas Hold'em (dealer: ""LingWae @ FQN9hzhzP_"") --",2026-09-01T00:33:23.147Z,178822280314700
"-- ending hand #115 --",2026-09-01T00:33:17.141Z,178822279714102
"""woolball @ oMsP5L3lJa"" collected 1255 from pot with Straight, 7 High (combination: 3♥, 4♦, 5♥, 6♠, 7♠)",2026-09-01T00:33:17.141Z,178822279714101
"""gurtyo @ gpP9uUffpu"" collected 1255 from pot with Straight, 7 High (combination: 3♥, 4♦, 5♥, 6♠, 7♥)",2026-09-01T00:33:17.141Z,178822279714100
"River: 5♥, J♣, 3♥, 4♦ [6♠]",2026-09-01T00:33:13.078Z,178822279307800
"Turn: 5♥, J♣, 3♥ [4♦]",2026-09-01T00:33:08.975Z,178822278897500
"""woolball @ oMsP5L3lJa"" shows a J♦, 7♠.",2026-09-01T00:33:04.968Z,178822278496801
"Uncalled bet of 2095 returned to ""woolball @ oMsP5L3lJa""",2026-09-01T00:33:04.968Z,178822278496800
"""gurtyo @ gpP9uUffpu"" shows a 6♥, 7♥.",2026-09-01T00:33:04.702Z,178822278470200
"Some players choose to not run it twice.",2026-09-01T00:33:04.129Z,178822278412901
"""woolball @ oMsP5L3lJa"" chooses to not run it twice.",2026-09-01T00:33:04.129Z,178822278412900
"""gurtyo @ gpP9uUffpu"" chooses to  run it twice.",2026-09-01T00:33:03.417Z,178822278341700
"Remaining players decide whether to run it twice.",2026-09-01T00:33:02.842Z,178822278284201
"""gurtyo @ gpP9uUffpu"" calls 1195 and go all in",2026-09-01T00:33:02.842Z,178822278284200
"""woolball @ oMsP5L3lJa"" raises to 3290 and go all in",2026-09-01T00:33:01.309Z,178822278130900
"""LingWae @ FQN9hzhzP_"" folds",2026-09-01T00:32:58.378Z,178822277837800
"""gurtyo @ gpP9uUffpu"" raises to 360",2026-09-01T00:32:56.808Z,178822277680800
"""woolball @ oMsP5L3lJa"" bets 120",2026-09-01T00:32:53.051Z,178822277305100
"""LingWae @ FQN9hzhzP_"" checks",2026-09-01T00:32:50.321Z,178822277032100
"Flop:  [5♥, J♣, 3♥]",2026-09-01T00:32:45.436Z,178822276543600
"""woolball @ oMsP5L3lJa"" calls 40",2026-09-01T00:32:44.540Z,178822276454000
"""LingWae @ FQN9hzhzP_"" calls 40",2026-09-01T00:32:42.923Z,178822276292300
"""gurtyo @ gpP9uUffpu"" raises to 40",2026-09-01T00:32:40.800Z,178822276080000
"""woolball @ oMsP5L3lJa"" posts a big blind of 10",2026-09-01T00:32:32.617Z,178822275261706
"""LingWae @ FQN9hzhzP_"" posts a small blind of 5",2026-09-01T00:32:32.617Z,178822275261705
"Your hand is 6♥, 7♥",2026-09-01T00:32:32.617Z,178822275261702
"Player stacks: #1 ""gurtyo @ gpP9uUffpu"" (1235) | #2 ""LingWae @ FQN9hzhzP_"" (1435) | #10 ""woolball @ oMsP5L3lJa"" (3330)",2026-09-01T00:32:32.617Z,178822275261701
"-- starting hand #115 (id: dpt20wcjykdz)  No Limit Texas Hold'em (dealer: ""gurtyo @ gpP9uUffpu"") --",2026-09-01T00:32:32.617Z,178822275261700
"""LingWae @ FQN9hzhzP_"" shows a 10♠.",2026-09-01T00:32:29.317Z,178822274931700
"Undealt cards: 4♥, 6♥, 4♠, 10♦ [5♦]",2026-09-01T00:32:26.742Z,178822274674200
"-- ending hand #114 --",2026-09-01T00:32:26.011Z,178822274601102
"""LingWae @ FQN9hzhzP_"" collected 50 from pot",2026-09-01T00:32:26.011Z,178822274601101
"Uncalled bet of 23 returned to ""LingWae @ FQN9hzhzP_""",2026-09-01T00:32:26.011Z,178822274601100
"""gurtyo @ gpP9uUffpu"" folds",2026-09-01T00:32:25.118Z,178822274511800
"""woolball @ oMsP5L3lJa"" folds",2026-09-01T00:32:19.525Z,178822273952500
"""LingWae @ FQN9hzhzP_"" raises to 33",2026-09-01T00:32:16.404Z,178822273640400
"""gurtyo @ gpP9uUffpu"" bets 10",2026-09-01T00:32:13.380Z,178822273338000
"Turn: 4♥, 6♥, 4♠ [10♦]",2026-09-01T00:32:09.799Z,178822272979900
"""woolball @ oMsP5L3lJa"" checks",2026-09-01T00:32:08.912Z,178822272891200
"""LingWae @ FQN9hzhzP_"" checks",2026-09-01T00:32:07.523Z,178822272752300
"""gurtyo @ gpP9uUffpu"" checks",2026-09-01T00:32:06.398Z,178822272639800
"Flop:  [4♥, 6♥, 4♠]",2026-09-01T00:32:01.596Z,178822272159600
"""LingWae @ FQN9hzhzP_"" checks",2026-09-01T00:32:00.752Z,178822272075200
"""gurtyo @ gpP9uUffpu"" calls 10",2026-09-01T00:31:58.210Z,178822271821000
"""woolball @ oMsP5L3lJa"" calls 10",2026-09-01T00:31:55.876Z,178822271587600
"""LingWae @ FQN9hzhzP_"" posts a big blind of 10",2026-09-01T00:31:45.495Z,178822270549506
"""gurtyo @ gpP9uUffpu"" posts a small blind of 5",2026-09-01T00:31:45.495Z,178822270549505
"Player stacks: #1 ""gurtyo @ gpP9uUffpu"" (1255) | #2 ""LingWae @ FQN9hzhzP_"" (1405) | #10 ""woolball @ oMsP5L3lJa"" (3340)",2026-09-01T00:31:45.495Z,178822270549501
"-- starting hand #114 (id: wk21o8vjayib)  No Limit Texas Hold'em (dealer: ""woolball @ oMsP5L3lJa"") --",2026-09-01T00:31:45.495Z,178822270549500
"""LingWae @ FQN9hzhzP_"" shows a K♠.",2026-09-01T00:31:42.543Z,178822270254300
"-- ending hand #113 --",2026-09-01T00:31:41.875Z,178822270187502
"""LingWae @ FQN9hzhzP_"" collected 1084 from pot",2026-09-01T00:31:41.875Z,178822270187501
"Uncalled bet of 321 returned to ""LingWae @ FQN9hzhzP_""",2026-09-01T00:31:41.875Z,178822270187500
"""woolball @ oMsP5L3lJa"" folds",2026-09-01T00:31:41.057Z,178822270105700
"""LingWae @ FQN9hzhzP_"" raises to 681 and go all in",2026-09-01T00:31:35.405Z,178822269540500
"""woolball @ oMsP5L3lJa"" bets 360",2026-09-01T00:31:31.006Z,178822269100600
"River: 3♣, K♦, 4♥, 6♥ [4♣]",2026-09-01T00:31:26.250Z,178822268625000
"""woolball @ oMsP5L3lJa"" calls 167",2026-09-01T00:31:25.366Z,178822268536600
"""LingWae @ FQN9hzhzP_"" raises to 167",2026-09-01T00:31:17.367Z,178822267736700
"""gurtyo @ gpP9uUffpu"" folds",2026-09-01T00:31:14.933Z,178822267493300
"""woolball @ oMsP5L3lJa"" bets 30",2026-09-01T00:31:12.362Z,178822267236200
"Turn: 3♣, K♦, 4♥ [6♥]",2026-09-01T00:31:08.241Z,178822266824100
"""LingWae @ FQN9hzhzP_"" checks",2026-09-01T00:31:07.405Z,178822266740500
"""gurtyo @ gpP9uUffpu"" checks",2026-09-01T00:31:06.458Z,178822266645800
"""woolball @ oMsP5L3lJa"" checks",2026-09-01T00:31:05.301Z,178822266530100
"Flop:  [3♣, K♦, 4♥]",2026-09-01T00:31:01.904Z,178822266190400
"""gurtyo @ gpP9uUffpu"" checks",2026-09-01T00:31:00.900Z,178822266090000
"""woolball @ oMsP5L3lJa"" calls 10",2026-09-01T00:30:59.739Z,178822265973900
"""LingWae @ FQN9hzhzP_"" calls 10",2026-09-01T00:30:57.812Z,178822265781200
"""gurtyo @ gpP9uUffpu"" posts a big blind of 10",2026-09-01T00:30:53.887Z,178822265388706
"""woolball @ oMsP5L3lJa"" posts a small blind of 5",2026-09-01T00:30:53.887Z,178822265388705
"Player stacks: #1 ""gurtyo @ gpP9uUffpu"" (1265) | #2 ""LingWae @ FQN9hzhzP_"" (858) | #10 ""woolball @ oMsP5L3lJa"" (3877)",2026-09-01T00:30:53.887Z,178822265388701
"-- starting hand #113 (id: j0xbe1k0bhyn)  No Limit Texas Hold'em (dealer: ""LingWae @ FQN9hzhzP_"") --",2026-09-01T00:30:53.887Z,178822265388700
"""gurtyo @ gpP9uUffpu"" shows a 6♣.",2026-09-01T00:30:50.140Z,178822265014000
"""woolball @ oMsP5L3lJa"" shows a Q♦.",2026-09-01T00:30:48.600Z,178822264860000
"Undealt cards: 8♣, 10♠, 4♣ [4♦, 9♦]",2026-09-01T00:30:47.099Z,178822264709900
"-- ending hand #112 --",2026-09-01T00:30:46.575Z,178822264657502
"""woolball @ oMsP5L3lJa"" collected 55 from pot",2026-09-01T00:30:46.575Z,178822264657501
"Uncalled bet of 40 returned to ""woolball @ oMsP5L3lJa""",2026-09-01T00:30:46.575Z,178822264657500
"""gurtyo @ gpP9uUffpu"" folds",2026-09-01T00:30:45.767Z,178822264576700
"""woolball @ oMsP5L3lJa"" bets 40",2026-09-01T00:30:44.820Z,178822264482000
"Flop:  [8♣, 10♠, 4♣]",2026-09-01T00:30:41.274Z,178822264127400
"""gurtyo @ gpP9uUffpu"" calls 25",2026-09-01T00:30:40.456Z,178822264045600
"""woolball @ oMsP5L3lJa"" raises to 25",2026-09-01T00:30:39.557Z,178822263955700
"""LingWae @ FQN9hzhzP_"" folds",2026-09-01T00:30:35.936Z,178822263593600
"""gurtyo @ gpP9uUffpu"" calls 10",2026-09-01T00:30:33.167Z,178822263316700
"""woolball @ oMsP5L3lJa"" posts a big blind of 10",2026-09-01T00:30:32.163Z,178822263216306
"""LingWae @ FQN9hzhzP_"" posts a small blind of 5",2026-09-01T00:30:32.163Z,178822263216305
"Player stacks: #1 ""gurtyo @ gpP9uUffpu"" (1290) | #2 ""LingWae @ FQN9hzhzP_"" (863) | #10 ""woolball @ oMsP5L3lJa"" (3847)",2026-09-01T00:30:32.163Z,178822263216301
"-- starting hand #112 (id: q9cnlmhuh6w6)  No Limit Texas Hold'em (dealer: ""gurtyo @ gpP9uUffpu"") --",2026-09-01T00:30:32.163Z,178822263216300
"""LingWae @ FQN9hzhzP_"" shows a K♠, 10♦.",2026-09-01T00:30:26.457Z,178822262645700
"-- ending hand #111 --",2026-09-01T00:30:25.595Z,178822262559502
"""gurtyo @ gpP9uUffpu"" collected 140 from pot with Two Pair, 7's & 5's (combination: 10♠, 5♥, 5♠, 7♠, 7♥)",2026-09-01T00:30:25.595Z,178822262559501
"""gurtyo @ gpP9uUffpu"" shows a 7♠, 10♠.",2026-09-01T00:30:25.595Z,178822262559500
"""LingWae @ FQN9hzhzP_"" checks",2026-09-01T00:30:24.787Z,178822262478700
"""gurtyo @ gpP9uUffpu"" checks",2026-09-01T00:30:23.356Z,178822262335600
"River: 5♥, 5♠, 8♥, 7♥ [9♥]",2026-09-01T00:30:19.253Z,178822261925300
"""woolball @ oMsP5L3lJa"" folds",2026-09-01T00:30:18.426Z,178822261842600
"""LingWae @ FQN9hzhzP_"" calls 10",2026-09-01T00:30:13.913Z,178822261391300
"""gurtyo @ gpP9uUffpu"" bets 10",2026-09-01T00:30:10.335Z,178822261033500
"Turn: 5♥, 5♠, 8♥ [7♥]",2026-09-01T00:30:08.348Z,178822260834800
"""woolball @ oMsP5L3lJa"" checks",2026-09-01T00:30:07.509Z,178822260750900
"""LingWae @ FQN9hzhzP_"" checks",2026-09-01T00:30:04.473Z,178822260447300
"""gurtyo @ gpP9uUffpu"" checks",2026-09-01T00:30:02.355Z,178822260235500
"Flop:  [5♥, 5♠, 8♥]",2026-09-01T00:29:58.622Z,178822259862200
"""LingWae @ FQN9hzhzP_"" calls 40",2026-09-01T00:29:57.792Z,178822259779200
"""gurtyo @ gpP9uUffpu"" calls 40",2026-09-01T00:29:56.838Z,178822259683800
"""woolball @ oMsP5L3lJa"" raises to 40",2026-09-01T00:29:55.103Z,178822259510300
"""LingWae @ FQN9hzhzP_"" posts a big blind of 10",2026-09-01T00:29:52.372Z,178822259237206
"""gurtyo @ gpP9uUffpu"" posts a small blind of 5",2026-09-01T00:29:52.372Z,178822259237205
"Your hand is 7♠, 10♠",2026-09-01T00:29:52.372Z,178822259237202
"Player stacks: #1 ""gurtyo @ gpP9uUffpu"" (1200) | #2 ""LingWae @ FQN9hzhzP_"" (913) | #10 ""woolball @ oMsP5L3lJa"" (3887)",2026-09-01T00:29:52.372Z,178822259237201
"-- starting hand #111 (id: yoa20faijjob)  No Limit Texas Hold'em (dealer: ""woolball @ oMsP5L3lJa"") --",2026-09-01T00:29:52.372Z,178822259237200
"Undealt cards: 9♣, 4♦, K♣ [8♣, Q♣]",2026-09-01T00:29:46.748Z,178822258674800
"-- ending hand #110 --",2026-09-01T00:29:46.415Z,178822258641502
"""woolball @ oMsP5L3lJa"" collected 205 from pot",2026-09-01T00:29:46.415Z,178822258641501
"Uncalled bet of 140 returned to ""woolball @ oMsP5L3lJa""",2026-09-01T00:29:46.415Z,178822258641500
"""LingWae @ FQN9hzhzP_"" folds",2026-09-01T00:29:45.592Z,178822258559200
"""gurtyo @ gpP9uUffpu"" folds",2026-09-01T00:29:44.244Z,178822258424400
"""woolball @ oMsP5L3lJa"" raises to 210",2026-09-01T00:29:42.963Z,178822258296300
"""LingWae @ FQN9hzhzP_"" raises to 70",2026-09-01T00:29:30.939Z,178822257093900
"""gurtyo @ gpP9uUffpu"" calls 35",2026-09-01T00:29:24.441Z,178822256444100
"""woolball @ oMsP5L3lJa"" bets 35",2026-09-01T00:29:23.501Z,178822256350100
"Flop:  [9♣, 4♦, K♣]",2026-09-01T00:29:19.332Z,178822255933200
"""gurtyo @ gpP9uUffpu"" checks",2026-09-01T00:29:18.471Z,178822255847100
"""woolball @ oMsP5L3lJa"" calls 10",2026-09-01T00:29:16.954Z,178822255695400
"""LingWae @ FQN9hzhzP_"" calls 10",2026-09-01T00:29:15.915Z,178822255591500
"""gurtyo @ gpP9uUffpu"" posts a big blind of 10",2026-09-01T00:29:10.125Z,178822255012506
"""woolball @ oMsP5L3lJa"" posts a small blind of 5",2026-09-01T00:29:10.125Z,178822255012505
"Player stacks: #1 ""gurtyo @ gpP9uUffpu"" (1245) | #2 ""LingWae @ FQN9hzhzP_"" (993) | #10 ""woolball @ oMsP5L3lJa"" (3762)",2026-09-01T00:29:10.125Z,178822255012501
"-- starting hand #110 (id: ufnect9pzwzm)  No Limit Texas Hold'em (dealer: ""LingWae @ FQN9hzhzP_"") --",2026-09-01T00:29:10.125Z,178822255012500
"""LingWae @ FQN9hzhzP_"" shows a A♠, K♠.",2026-09-01T00:29:06.082Z,178822254608200
"Undealt cards:  [4♠, 6♠, 5♥, 5♠, J♥]",2026-09-01T00:29:03.847Z,178822254384700
"-- ending hand #109 --",2026-09-01T00:29:03.520Z,178822254352002
"""LingWae @ FQN9hzhzP_"" collected 30 from pot",2026-09-01T00:29:03.520Z,178822254352001
"Uncalled bet of 57 returned to ""LingWae @ FQN9hzhzP_""",2026-09-01T00:29:03.520Z,178822254352000
"""gurtyo @ gpP9uUffpu"" folds",2026-09-01T00:29:02.695Z,178822254269500
"""woolball @ oMsP5L3lJa"" folds",2026-09-01T00:29:01.753Z,178822254175300
"""LingWae @ FQN9hzhzP_"" raises to 67",2026-09-01T00:28:59.295Z,178822253929500
"""gurtyo @ gpP9uUffpu"" calls 10",2026-09-01T00:28:55.964Z,178822253596400
"""woolball @ oMsP5L3lJa"" posts a big blind of 10",2026-09-01T00:28:54.778Z,178822253477806
"""LingWae @ FQN9hzhzP_"" posts a small blind of 5",2026-09-01T00:28:54.778Z,178822253477805
"Player stacks: #1 ""gurtyo @ gpP9uUffpu"" (1255) | #2 ""LingWae @ FQN9hzhzP_"" (973) | #10 ""woolball @ oMsP5L3lJa"" (3772)",2026-09-01T00:28:54.778Z,178822253477801
"-- starting hand #109 (id: wzhwizwzvbvw)  No Limit Texas Hold'em (dealer: ""gurtyo @ gpP9uUffpu"") --",2026-09-01T00:28:54.778Z,178822253477800
"""LingWae @ FQN9hzhzP_"" shows a 6♠, 4♠.",2026-09-01T00:28:50.457Z,178822253045700
"Undealt cards: A♣, 8♥, 4♦, 2♦ [K♣]",2026-09-01T00:28:49.360Z,178822252936000
"-- ending hand #108 --",2026-09-01T00:28:48.082Z,178822252808202
"""LingWae @ FQN9hzhzP_"" collected 245 from pot",2026-09-01T00:28:48.082Z,178822252808201
"Uncalled bet of 167 returned to ""LingWae @ FQN9hzhzP_""",2026-09-01T00:28:48.082Z,178822252808200
"""woolball @ oMsP5L3lJa"" folds",2026-09-01T00:28:47.270Z,178822252727000
"""LingWae @ FQN9hzhzP_"" bets 167",2026-09-01T00:28:42.782Z,178822252278200
"Turn: A♣, 8♥, 4♦ [2♦]",2026-09-01T00:28:39.356Z,178822251935600
"""LingWae @ FQN9hzhzP_"" calls 80",2026-09-01T00:28:38.544Z,178822251854400
"""woolball @ oMsP5L3lJa"" bets 80",2026-09-01T00:28:37.306Z,178822251730600
"""LingWae @ FQN9hzhzP_"" checks",2026-09-01T00:28:31.198Z,178822251119800
"Flop:  [A♣, 8♥, 4♦]",2026-09-01T00:28:28.863Z,178822250886300
"""LingWae @ FQN9hzhzP_"" calls 40",2026-09-01T00:28:27.994Z,178822250799400
"""gurtyo @ gpP9uUffpu"" folds",2026-09-01T00:28:26.958Z,178822250695800
"""woolball @ oMsP5L3lJa"" raises to 40",2026-09-01T00:28:25.237Z,178822250523700
"""LingWae @ FQN9hzhzP_"" posts a big blind of 10",2026-09-01T00:28:22.551Z,178822250255106
"""gurtyo @ gpP9uUffpu"" posts a small blind of 5",2026-09-01T00:28:22.551Z,178822250255105
"Player stacks: #1 ""gurtyo @ gpP9uUffpu"" (1260) | #2 ""LingWae @ FQN9hzhzP_"" (848) | #10 ""woolball @ oMsP5L3lJa"" (3892)",2026-09-01T00:28:22.551Z,178822250255101
"-- starting hand #108 (id: vcoabre6qgln)  No Limit Texas Hold'em (dealer: ""woolball @ oMsP5L3lJa"") --",2026-09-01T00:28:22.551Z,178822250255100
"-- ending hand #107 --",2026-09-01T00:28:16.457Z,178822249645702
"""woolball @ oMsP5L3lJa"" collected 150 from pot with Pair, 6's (combination: 8♥, K♣, A♠, 6♦, 6♠)",2026-09-01T00:28:16.457Z,178822249645701
"""woolball @ oMsP5L3lJa"" shows a 5♣, 6♦.",2026-09-01T00:28:16.457Z,178822249645700
"""gurtyo @ gpP9uUffpu"" checks",2026-09-01T00:28:15.623Z,178822249562300
"""woolball @ oMsP5L3lJa"" checks",2026-09-01T00:28:11.800Z,178822249180000
"River: 6♠, K♣, 8♥, 2♥ [A♠]",2026-09-01T00:28:10.452Z,178822249045200
"""woolball @ oMsP5L3lJa"" calls 30",2026-09-01T00:28:09.559Z,178822248955900
"""gurtyo @ gpP9uUffpu"" bets 30",2026-09-01T00:28:08.178Z,178822248817800
"""woolball @ oMsP5L3lJa"" checks",2026-09-01T00:28:04.792Z,178822248479200
"Turn: 6♠, K♣, 8♥ [2♥]",2026-09-01T00:28:03.448Z,178822248344800
"""LingWae @ FQN9hzhzP_"" folds",2026-09-01T00:28:02.576Z,178822248257600
"""gurtyo @ gpP9uUffpu"" calls 30",2026-09-01T00:28:01.325Z,178822248132500
"""woolball @ oMsP5L3lJa"" bets 30",2026-09-01T00:28:00.175Z,178822248017500
"Flop:  [6♠, K♣, 8♥]",2026-09-01T00:27:54.343Z,178822247434300
"""gurtyo @ gpP9uUffpu"" checks",2026-09-01T00:27:53.499Z,178822247349900
"""woolball @ oMsP5L3lJa"" calls 10",2026-09-01T00:27:52.594Z,178822247259400
"""LingWae @ FQN9hzhzP_"" calls 10",2026-09-01T00:27:49.379Z,178822246937900
"""gurtyo @ gpP9uUffpu"" posts a big blind of 10",2026-09-01T00:27:40.879Z,178822246087906
"""woolball @ oMsP5L3lJa"" posts a small blind of 5",2026-09-01T00:27:40.879Z,178822246087905
"Player stacks: #1 ""gurtyo @ gpP9uUffpu"" (1330) | #2 ""LingWae @ FQN9hzhzP_"" (858) | #10 ""woolball @ oMsP5L3lJa"" (3812)",2026-09-01T00:27:40.879Z,178822246087901
"-- starting hand #107 (id: mn8sr4avlslo)  No Limit Texas Hold'em (dealer: ""LingWae @ FQN9hzhzP_"") --",2026-09-01T00:27:40.879Z,178822246087900
"Undealt cards: A♣, 8♠, 8♥ [6♠, Q♠]",2026-09-01T00:27:36.202Z,178822245620200
"-- ending hand #106 --",2026-09-01T00:27:34.929Z,178822245492902
"""LingWae @ FQN9hzhzP_"" collected 142 from pot",2026-09-01T00:27:34.929Z,178822245492901
"Uncalled bet of 106 returned to ""LingWae @ FQN9hzhzP_""",2026-09-01T00:27:34.929Z,178822245492900
"""woolball @ oMsP5L3lJa"" folds",2026-09-01T00:27:34.111Z,178822245411100
"""LingWae @ FQN9hzhzP_"" bets 106",2026-09-01T00:27:32.774Z,178822245277400
"Flop:  [A♣, 8♠, 8♥]",2026-09-01T00:27:28.983Z,178822244898300
"""gurtyo @ gpP9uUffpu"" folds",2026-09-01T00:27:28.160Z,178822244816000
"""woolball @ oMsP5L3lJa"" calls 66",2026-09-01T00:27:27.204Z,178822244720400
"""LingWae @ FQN9hzhzP_"" raises to 66",2026-09-01T00:27:25.626Z,178822244562600
"""gurtyo @ gpP9uUffpu"" calls 10",2026-09-01T00:27:23.372Z,178822244337200
"""woolball @ oMsP5L3lJa"" posts a big blind of 10",2026-09-01T00:27:21.724Z,178822244172406
"""LingWae @ FQN9hzhzP_"" posts a small blind of 5",2026-09-01T00:27:21.724Z,178822244172405
"Player stacks: #1 ""gurtyo @ gpP9uUffpu"" (1340) | #2 ""LingWae @ FQN9hzhzP_"" (782) | #10 ""woolball @ oMsP5L3lJa"" (3878)",2026-09-01T00:27:21.724Z,178822244172401
"-- starting hand #106 (id: ypkqniqlljuk)  No Limit Texas Hold'em (dealer: ""gurtyo @ gpP9uUffpu"") --",2026-09-01T00:27:21.724Z,178822244172400
"Undealt cards: 7♥, 6♥, Q♣ [10♣, J♣]",2026-09-01T00:27:16.719Z,178822243671900
"-- ending hand #105 --",2026-09-01T00:27:15.780Z,178822243578002
"""gurtyo @ gpP9uUffpu"" collected 330 from pot",2026-09-01T00:27:15.780Z,178822243578001
"Uncalled bet of 120 returned to ""gurtyo @ gpP9uUffpu""",2026-09-01T00:27:15.780Z,178822243578000
"""woolball @ oMsP5L3lJa"" folds",2026-09-01T00:27:14.953Z,178822243495300
"""gurtyo @ gpP9uUffpu"" bets 120",2026-09-01T00:27:11.700Z,178822243170000
"Flop:  [7♥, 6♥, Q♣]",2026-09-01T00:27:06.975Z,178822242697500
"""woolball @ oMsP5L3lJa"" calls 160",2026-09-01T00:27:06.116Z,178822242611600
"""LingWae @ FQN9hzhzP_"" folds",2026-09-01T00:27:05.034Z,178822242503400
"""gurtyo @ gpP9uUffpu"" raises to 160",2026-09-01T00:26:59.878Z,178822241987800
"""woolball @ oMsP5L3lJa"" raises to 40",2026-09-01T00:26:56.166Z,178822241616600
"""LingWae @ FQN9hzhzP_"" posts a big blind of 10",2026-09-01T00:26:52.026Z,178822241202606
"""gurtyo @ gpP9uUffpu"" posts a small blind of 5",2026-09-01T00:26:52.026Z,178822241202605
"Player stacks: #1 ""gurtyo @ gpP9uUffpu"" (1170) | #2 ""LingWae @ FQN9hzhzP_"" (792) | #10 ""woolball @ oMsP5L3lJa"" (4038)",2026-09-01T00:26:52.026Z,178822241202601
"-- starting hand #105 (id: war0rxwl5pud)  No Limit Texas Hold'em (dealer: ""woolball @ oMsP5L3lJa"") --",2026-09-01T00:26:52.026Z,178822241202600
"""LingWae @ FQN9hzhzP_"" shows a 9♦.",2026-09-01T00:26:48.603Z,178822240860300
"""LingWae @ FQN9hzhzP_"" shows a 6♦.",2026-09-01T00:26:48.171Z,178822240817100
"Undealt cards: J♦, 3♥, J♠ [7♦, 6♣]",2026-09-01T00:26:45.724Z,178822240572400
"-- ending hand #104 --",2026-09-01T00:26:45.423Z,178822240542302
"""LingWae @ FQN9hzhzP_"" collected 195 from pot",2026-09-01T00:26:45.423Z,178822240542301
"Uncalled bet of 597 returned to ""LingWae @ FQN9hzhzP_""",2026-09-01T00:26:45.423Z,178822240542300
"""gurtyo @ gpP9uUffpu"" folds",2026-09-01T00:26:44.583Z,178822240458300
"""LingWae @ FQN9hzhzP_"" raises to 657 and go all in",2026-09-01T00:26:41.957Z,178822240195700
"""gurtyo @ gpP9uUffpu"" bets 60",2026-09-01T00:26:35.681Z,178822239568100
"Flop:  [J♦, 3♥, J♠]",2026-09-01T00:26:33.004Z,178822239300400
"""gurtyo @ gpP9uUffpu"" calls 35",2026-09-01T00:26:32.173Z,178822239217300
"""woolball @ oMsP5L3lJa"" folds",2026-09-01T00:26:31.202Z,178822239120200
"""LingWae @ FQN9hzhzP_"" raises to 35",2026-09-01T00:26:29.974Z,178822238997400
"""gurtyo @ gpP9uUffpu"" posts a big blind of 10",2026-09-01T00:26:26.873Z,178822238687306
"""woolball @ oMsP5L3lJa"" posts a small blind of 5",2026-09-01T00:26:26.873Z,178822238687305
"Player stacks: #1 ""gurtyo @ gpP9uUffpu"" (1265) | #2 ""LingWae @ FQN9hzhzP_"" (692) | #10 ""woolball @ oMsP5L3lJa"" (4043)",2026-09-01T00:26:26.873Z,178822238687301
"-- starting hand #104 (id: wba9amtmq0gx)  No Limit Texas Hold'em (dealer: ""LingWae @ FQN9hzhzP_"") --",2026-09-01T00:26:26.873Z,178822238687300
"Undealt cards: 6♣, 5♣, 10♠, J♥ [A♥]",2026-09-01T00:26:23.555Z,178822238355500
"""LingWae @ FQN9hzhzP_"" shows a 9♥, 7♣.",2026-09-01T00:26:22.754Z,178822238275400
"-- ending hand #103 --",2026-09-01T00:26:20.265Z,178822238026502
"""woolball @ oMsP5L3lJa"" collected 290 from pot",2026-09-01T00:26:20.265Z,178822238026501
"Uncalled bet of 260 returned to ""woolball @ oMsP5L3lJa""",2026-09-01T00:26:20.265Z,178822238026500
"""LingWae @ FQN9hzhzP_"" folds",2026-09-01T00:26:19.404Z,178822237940400
"""woolball @ oMsP5L3lJa"" raises to 270",2026-09-01T00:26:17.359Z,178822237735900
"""LingWae @ FQN9hzhzP_"" bets 10",2026-09-01T00:26:14.784Z,178822237478400
"Turn: 6♣, 5♣, 10♠ [J♥]",2026-09-01T00:26:10.124Z,178822237012400
"""LingWae @ FQN9hzhzP_"" calls 90",2026-09-01T00:26:09.285Z,178822236928500
"""woolball @ oMsP5L3lJa"" bets 90",2026-09-01T00:26:08.336Z,178822236833600
"""LingWae @ FQN9hzhzP_"" checks",2026-09-01T00:26:06.459Z,178822236645900
"Flop:  [6♣, 5♣, 10♠]",2026-09-01T00:25:54.071Z,178822235407100
"""LingWae @ FQN9hzhzP_"" calls 40",2026-09-01T00:25:53.187Z,178822235318700
"""gurtyo @ gpP9uUffpu"" folds",2026-09-01T00:25:51.058Z,178822235105800
"""woolball @ oMsP5L3lJa"" raises to 40",2026-09-01T00:25:49.359Z,178822234935900
"""LingWae @ FQN9hzhzP_"" calls 10",2026-09-01T00:25:45.912Z,178822234591200
"""gurtyo @ gpP9uUffpu"" calls 10",2026-09-01T00:25:40.273Z,178822234027300
"""woolball @ oMsP5L3lJa"" posts a big blind of 10",2026-09-01T00:25:38.951Z,178822233895106
"""LingWae @ FQN9hzhzP_"" posts a small blind of 5",2026-09-01T00:25:38.951Z,178822233895105
"Player stacks: #1 ""gurtyo @ gpP9uUffpu"" (1275) | #2 ""LingWae @ FQN9hzhzP_"" (832) | #10 ""woolball @ oMsP5L3lJa"" (3893)",2026-09-01T00:25:38.951Z,178822233895101
"-- starting hand #103 (id: 6i81o0wf3fvz)  No Limit Texas Hold'em (dealer: ""gurtyo @ gpP9uUffpu"") --",2026-09-01T00:25:38.951Z,178822233895100
"""LingWae @ FQN9hzhzP_"" shows a 5♣, 10♦.",2026-09-01T00:25:33.969Z,178822233396900
"-- ending hand #102 --",2026-09-01T00:25:32.356Z,178822233235602
"""gurtyo @ gpP9uUffpu"" collected 420 from pot with Pair, A's (combination: 9♥, 10♥, Q♥, A♠, A♦)",2026-09-01T00:25:32.356Z,178822233235601
"""gurtyo @ gpP9uUffpu"" shows a 3♥, A♠.",2026-09-01T00:25:32.356Z,178822233235600
"""LingWae @ FQN9hzhzP_"" calls 70",2026-09-01T00:25:31.491Z,178822233149100
"""gurtyo @ gpP9uUffpu"" bets 70",2026-09-01T00:25:30.266Z,178822233026600
"River: Q♥, 10♥, A♦, 9♥ [8♠]",2026-09-01T00:25:25.885Z,178822232588500
"""LingWae @ FQN9hzhzP_"" checks",2026-09-01T00:25:25.048Z,178822232504800
"""gurtyo @ gpP9uUffpu"" checks",2026-09-01T00:25:17.400Z,178822231740000
"Turn: Q♥, 10♥, A♦ [9♥]",2026-09-01T00:25:15.846Z,178822231584600
"""gurtyo @ gpP9uUffpu"" calls 80",2026-09-01T00:25:14.996Z,178822231499600
"""woolball @ oMsP5L3lJa"" folds",2026-09-01T00:25:13.269Z,178822231326900
"""LingWae @ FQN9hzhzP_"" raises to 80",2026-09-01T00:25:11.739Z,178822231173900
"""gurtyo @ gpP9uUffpu"" bets 40",2026-09-01T00:25:07.561Z,178822230756100
"Flop:  [Q♥, 10♥, A♦]",2026-09-01T00:25:03.527Z,178822230352700
"""LingWae @ FQN9hzhzP_"" calls 40",2026-09-01T00:25:02.720Z,178822230272000
"""gurtyo @ gpP9uUffpu"" calls 40",2026-09-01T00:25:01.361Z,178822230136100
"""woolball @ oMsP5L3lJa"" raises to 40",2026-09-01T00:24:59.708Z,178822229970800
"""LingWae @ FQN9hzhzP_"" posts a big blind of 10",2026-09-01T00:24:54.994Z,178822229499406
"""gurtyo @ gpP9uUffpu"" posts a small blind of 5",2026-09-01T00:24:54.994Z,178822229499405
"Your hand is 3♥, A♠",2026-09-01T00:24:54.994Z,178822229499402
"Player stacks: #1 ""gurtyo @ gpP9uUffpu"" (1045) | #2 ""LingWae @ FQN9hzhzP_"" (1022) | #10 ""woolball @ oMsP5L3lJa"" (3933)",2026-09-01T00:24:54.994Z,178822229499401
"-- starting hand #102 (id: 1j9rxz8mz9qa)  No Limit Texas Hold'em (dealer: ""woolball @ oMsP5L3lJa"") --",2026-09-01T00:24:54.994Z,178822229499400
"-- ending hand #101 --",2026-09-01T00:24:52.083Z,178822229208302
"""LingWae @ FQN9hzhzP_"" collected 230 from pot",2026-09-01T00:24:52.083Z,178822229208301
"Uncalled bet of 167 returned to ""LingWae @ FQN9hzhzP_""",2026-09-01T00:24:52.083Z,178822229208300
"""gurtyo @ gpP9uUffpu"" folds",2026-09-01T00:24:51.268Z,178822229126800
"""LingWae @ FQN9hzhzP_"" bets 167",2026-09-01T00:24:49.551Z,178822228955100
"""gurtyo @ gpP9uUffpu"" checks",2026-09-01T00:24:46.037Z,178822228603700
"River: 4♠, 2♣, 3♥, Q♦ [5♦]",2026-09-01T00:24:44.076Z,178822228407600
"""LingWae @ FQN9hzhzP_"" calls 60",2026-09-01T00:24:43.188Z,178822228318800
"""gurtyo @ gpP9uUffpu"" bets 60",2026-09-01T00:24:42.237Z,178822228223700
"Turn: 4♠, 2♣, 3♥ [Q♦]",2026-09-01T00:24:37.480Z,178822227748000
"""LingWae @ FQN9hzhzP_"" checks",2026-09-01T00:24:36.656Z,178822227665600
"""gurtyo @ gpP9uUffpu"" checks",2026-09-01T00:24:35.733Z,178822227573300
"Flop:  [4♠, 2♣, 3♥]",2026-09-01T00:24:32.372Z,178822227237200
"""woolball @ oMsP5L3lJa"" folds",2026-09-01T00:24:31.563Z,178822227156300
"""LingWae @ FQN9hzhzP_"" calls 50",2026-09-01T00:24:28.457Z,178822226845700
"""gurtyo @ gpP9uUffpu"" raises to 50",2026-09-01T00:24:27.157Z,178822226715700
"""woolball @ oMsP5L3lJa"" calls 10",2026-09-01T00:24:24.784Z,178822226478400
"""LingWae @ FQN9hzhzP_"" calls 10",2026-09-01T00:24:22.878Z,178822226287800
"""gurtyo @ gpP9uUffpu"" posts a big blind of 10",2026-09-01T00:24:16.665Z,178822225666506
"""woolball @ oMsP5L3lJa"" posts a small blind of 5",2026-09-01T00:24:16.665Z,178822225666505
"Player stacks: #1 ""gurtyo @ gpP9uUffpu"" (1155) | #2 ""LingWae @ FQN9hzhzP_"" (902) | #10 ""woolball @ oMsP5L3lJa"" (3943)",2026-09-01T00:24:16.665Z,178822225666501
"-- starting hand #101 (id: cxhvjyvsvofj)  No Limit Texas Hold'em (dealer: ""LingWae @ FQN9hzhzP_"") --",2026-09-01T00:24:16.665Z,178822225666500
"""gurtyo @ gpP9uUffpu"" shows a 8♦, 8♥.",2026-09-01T00:24:13.095Z,178822225309500
"-- ending hand #100 --",2026-09-01T00:24:10.063Z,178822225006303
"""woolball @ oMsP5L3lJa"" collected 750 from pot with Three of a Kind, 7's (combination: 8♠, A♥, 7♦, 7♠, 7♥)",2026-09-01T00:24:10.063Z,178822225006302
"""woolball @ oMsP5L3lJa"" shows a 8♠, 7♦.",2026-09-01T00:24:10.063Z,178822225006301
"""LingWae @ FQN9hzhzP_"" shows a 3♥, 10♥.",2026-09-01T00:24:10.063Z,178822225006300
"""gurtyo @ gpP9uUffpu"" checks",2026-09-01T00:24:09.195Z,178822224919500
"""woolball @ oMsP5L3lJa"" checks",2026-09-01T00:24:06.653Z,178822224665300
"""LingWae @ FQN9hzhzP_"" checks",2026-09-01T00:24:05.676Z,178822224567600
"River: 7♠, 5♦, A♥, 7♥ [6♠]",2026-09-01T00:24:00.595Z,178822224059500
"""LingWae @ FQN9hzhzP_"" calls 150",2026-09-01T00:23:59.689Z,178822223968900
"""gurtyo @ gpP9uUffpu"" calls 150",2026-09-01T00:23:58.698Z,178822223869800
"""woolball @ oMsP5L3lJa"" bets 150",2026-09-01T00:23:57.690Z,178822223769000
"""LingWae @ FQN9hzhzP_"" checks",2026-09-01T00:23:55.619Z,178822223561900
"Turn: 7♠, 5♦, A♥ [7♥]",2026-09-01T00:23:53.387Z,178822223338700
"""LingWae @ FQN9hzhzP_"" calls 60",2026-09-01T00:23:52.485Z,178822223248500
"""gurtyo @ gpP9uUffpu"" calls 60",2026-09-01T00:23:51.547Z,178822223154700
"""woolball @ oMsP5L3lJa"" bets 60",2026-09-01T00:23:50.595Z,178822223059500
"""LingWae @ FQN9hzhzP_"" checks",2026-09-01T00:23:47.828Z,178822222782800
"Flop:  [7♠, 5♦, A♥]",2026-09-01T00:23:44.447Z,178822222444700
"""woolball @ oMsP5L3lJa"" calls 40",2026-09-01T00:23:43.581Z,178822222358100
"""LingWae @ FQN9hzhzP_"" calls 40",2026-09-01T00:23:41.352Z,178822222135200
"""gurtyo @ gpP9uUffpu"" raises to 40",2026-09-01T00:23:40.441Z,178822222044100
"""woolball @ oMsP5L3lJa"" posts a big blind of 10",2026-09-01T00:23:38.578Z,178822221857806
"""LingWae @ FQN9hzhzP_"" posts a small blind of 5",2026-09-01T00:23:38.578Z,178822221857805
"Your hand is 8♦, 8♥",2026-09-01T00:23:38.578Z,178822221857802
"Player stacks: #1 ""gurtyo @ gpP9uUffpu"" (1405) | #2 ""LingWae @ FQN9hzhzP_"" (1152) | #10 ""woolball @ oMsP5L3lJa"" (3443)",2026-09-01T00:23:38.578Z,178822221857801
"-- starting hand #100 (id: qghm2bteslfy)  No Limit Texas Hold'em (dealer: ""gurtyo @ gpP9uUffpu"") --",2026-09-01T00:23:38.578Z,178822221857800
"Undealt cards: K♣, K♥, 3♠ [4♣, Q♦]",2026-09-01T00:23:37.803Z,178822221780300
"""LingWae @ FQN9hzhzP_"" shows a 10♦, A♣.",2026-09-01T00:23:34.550Z,178822221455000
"-- ending hand #99 --",2026-09-01T00:23:31.971Z,178822221197102
"""woolball @ oMsP5L3lJa"" collected 1237 from pot",2026-09-01T00:23:31.971Z,178822221197101
"Uncalled bet of 2206 returned to ""woolball @ oMsP5L3lJa""",2026-09-01T00:23:31.971Z,178822221197100
"""LingWae @ FQN9hzhzP_"" folds",2026-09-01T00:23:31.121Z,178822221112100
"""woolball @ oMsP5L3lJa"" raises to 2665 and go all in",2026-09-01T00:23:29.147Z,178822220914700
"""LingWae @ FQN9hzhzP_"" raises to 459",2026-09-01T00:23:26.843Z,178822220684300
"""woolball @ oMsP5L3lJa"" bets 150",2026-09-01T00:23:21.534Z,178822220153400
"""LingWae @ FQN9hzhzP_"" checks",2026-09-01T00:23:19.680Z,178822219968000
"Flop:  [K♣, K♥, 3♠]",2026-09-01T00:23:16.155Z,178822219615500
"""woolball @ oMsP5L3lJa"" calls 157",2026-09-01T00:23:15.343Z,178822219534300
"""LingWae @ FQN9hzhzP_"" raises to 157",2026-09-01T00:23:13.845Z,178822219384500
"""gurtyo @ gpP9uUffpu"" folds",2026-09-01T00:23:10.700Z,178822219070000
"""woolball @ oMsP5L3lJa"" raises to 40",2026-09-01T00:23:08.678Z,178822218867800
"""LingWae @ FQN9hzhzP_"" posts a big blind of 10",2026-09-01T00:23:06.417Z,178822218641706
"""gurtyo @ gpP9uUffpu"" posts a small blind of 5",2026-09-01T00:23:06.417Z,178822218641705
"Player stacks: #1 ""gurtyo @ gpP9uUffpu"" (1410) | #2 ""LingWae @ FQN9hzhzP_"" (1768) | #10 ""woolball @ oMsP5L3lJa"" (2822)",2026-09-01T00:23:06.417Z,178822218641701
"-- starting hand #99 (id: dmvhsvdqtrxm)  No Limit Texas Hold'em (dealer: ""woolball @ oMsP5L3lJa"") --",2026-09-01T00:23:06.417Z,178822218641700
"""LingWae @ FQN9hzhzP_"" shows a 10♣.",2026-09-01T00:23:03.508Z,178822218350800
"-- ending hand #98 --",2026-09-01T00:23:02.782Z,178822218278202
"""woolball @ oMsP5L3lJa"" collected 90 from pot",2026-09-01T00:23:02.782Z,178822218278201
"Uncalled bet of 90 returned to ""woolball @ oMsP5L3lJa""",2026-09-01T00:23:02.782Z,178822218278200
"""gurtyo @ gpP9uUffpu"" folds",2026-09-01T00:23:01.909Z,178822218190900
"""woolball @ oMsP5L3lJa"" bets 90",2026-09-01T00:22:47.993Z,178822216799300
"River: 4♠, A♣, A♥, 10♠ [7♠]",2026-09-01T00:22:44.550Z,178822216455000
"""gurtyo @ gpP9uUffpu"" checks",2026-09-01T00:22:43.691Z,178822216369100
"""woolball @ oMsP5L3lJa"" checks",2026-09-01T00:22:41.802Z,178822216180200
"Turn: 4♠, A♣, A♥ [10♠]",2026-09-01T00:22:39.857Z,178822215985700
"""LingWae @ FQN9hzhzP_"" folds",2026-09-01T00:22:39.023Z,178822215902300
"""gurtyo @ gpP9uUffpu"" calls 30",2026-09-01T00:22:24.752Z,178822214475200
"""woolball @ oMsP5L3lJa"" bets 30",2026-09-01T00:22:23.268Z,178822214326800
"Flop:  [4♠, A♣, A♥]",2026-09-01T00:22:17.325Z,178822213732500
"""gurtyo @ gpP9uUffpu"" checks",2026-09-01T00:22:16.419Z,178822213641900
"""woolball @ oMsP5L3lJa"" calls 10",2026-09-01T00:22:15.450Z,178822213545000
"""LingWae @ FQN9hzhzP_"" calls 10",2026-09-01T00:22:14.213Z,178822213421300
"""gurtyo @ gpP9uUffpu"" posts a big blind of 10",2026-09-01T00:22:09.720Z,178822212972006
"""woolball @ oMsP5L3lJa"" posts a small blind of 5",2026-09-01T00:22:09.720Z,178822212972005
"Player stacks: #1 ""gurtyo @ gpP9uUffpu"" (1450) | #2 ""LingWae @ FQN9hzhzP_"" (1778) | #10 ""woolball @ oMsP5L3lJa"" (2772)",2026-09-01T00:22:09.720Z,178822212972001
"-- starting hand #98 (id: titnkwevirma)  No Limit Texas Hold'em (dealer: ""LingWae @ FQN9hzhzP_"") --",2026-09-01T00:22:09.720Z,178822212972000
"""gurtyo @ gpP9uUffpu"" shows a J♣.",2026-09-01T00:22:06.709Z,178822212670900
"""LingWae @ FQN9hzhzP_"" shows a Q♠, J♥.",2026-09-01T00:22:04.414Z,178822212441400
"Undealt cards: 9♣, J♦, K♥ [A♥, 8♥]",2026-09-01T00:22:03.072Z,178822212307200
"-- ending hand #97 --",2026-09-01T00:22:02.335Z,178822212233502
"""LingWae @ FQN9hzhzP_"" collected 105 from pot",2026-09-01T00:22:02.335Z,178822212233501
"Uncalled bet of 120 returned to ""LingWae @ FQN9hzhzP_""",2026-09-01T00:22:02.335Z,178822212233500
"""gurtyo @ gpP9uUffpu"" folds",2026-09-01T00:22:01.385Z,178822212138500
"""woolball @ oMsP5L3lJa"" folds",2026-09-01T00:21:59.535Z,178822211953500
"""LingWae @ FQN9hzhzP_"" bets 120",2026-09-01T00:21:57.514Z,178822211751400
"Flop:  [9♣, J♦, K♥]",2026-09-01T00:21:42.160Z,178822210216000
"""LingWae @ FQN9hzhzP_"" calls 35",2026-09-01T00:21:41.319Z,178822210131900
"""gurtyo @ gpP9uUffpu"" calls 35",2026-09-01T00:21:39.845Z,178822209984500
"""woolball @ oMsP5L3lJa"" raises to 35",2026-09-01T00:21:37.959Z,178822209795900
"""LingWae @ FQN9hzhzP_"" calls 10",2026-09-01T00:21:31.968Z,178822209196800
"""gurtyo @ gpP9uUffpu"" calls 10",2026-09-01T00:21:24.244Z,178822208424400
"""woolball @ oMsP5L3lJa"" posts a big blind of 10",2026-09-01T00:21:22.206Z,178822208220606
"""LingWae @ FQN9hzhzP_"" posts a small blind of 5",2026-09-01T00:21:22.206Z,178822208220605
"Player stacks: #1 ""gurtyo @ gpP9uUffpu"" (1485) | #2 ""LingWae @ FQN9hzhzP_"" (1708) | #10 ""woolball @ oMsP5L3lJa"" (2807)",2026-09-01T00:21:22.206Z,178822208220601
"-- starting hand #97 (id: r0f2rahxxpxl)  No Limit Texas Hold'em (dealer: ""gurtyo @ gpP9uUffpu"") --",2026-09-01T00:21:22.206Z,178822208220600
"-- ending hand #96 --",2026-09-01T00:21:16.204Z,178822207620403
"""woolball @ oMsP5L3lJa"" shows a J♣, A♣.",2026-09-01T00:21:16.204Z,178822207620402
"""LingWae @ FQN9hzhzP_"" collected 1708 from pot with Three of a Kind, 5's (combination: 6♠, A♦, 5♥, 5♣, 5♦)",2026-09-01T00:21:16.204Z,178822207620401
"""LingWae @ FQN9hzhzP_"" shows a 3♦, 5♥.",2026-09-01T00:21:16.204Z,178822207620400
"""woolball @ oMsP5L3lJa"" calls 522",2026-09-01T00:21:15.377Z,178822207537700
"""LingWae @ FQN9hzhzP_"" bets 522 and go all in",2026-09-01T00:21:12.600Z,178822207260000
"River: 5♣, 6♠, A♦, 4♦ [5♦]",2026-09-01T00:21:09.557Z,178822206955700
"""gurtyo @ gpP9uUffpu"" folds",2026-09-01T00:21:08.691Z,178822206869100
"""woolball @ oMsP5L3lJa"" calls 167",2026-09-01T00:21:07.772Z,178822206777200
"""LingWae @ FQN9hzhzP_"" bets 167",2026-09-01T00:21:00.454Z,178822206045400
"""gurtyo @ gpP9uUffpu"" checks",2026-09-01T00:20:56.475Z,178822205647500
"Turn: 5♣, 6♠, A♦ [4♦]",2026-09-01T00:20:54.672Z,178822205467200
"""LingWae @ FQN9hzhzP_"" calls 70",2026-09-01T00:20:53.854Z,178822205385400
"""gurtyo @ gpP9uUffpu"" calls 70",2026-09-01T00:20:52.180Z,178822205218000
"""woolball @ oMsP5L3lJa"" raises to 70",2026-09-01T00:20:50.342Z,178822205034200
"""LingWae @ FQN9hzhzP_"" bets 10",2026-09-01T00:20:47.048Z,178822204704800
"""gurtyo @ gpP9uUffpu"" checks",2026-09-01T00:20:44.787Z,178822204478700
"Flop:  [5♣, 6♠, A♦]",2026-09-01T00:20:42.551Z,178822204255100
"""LingWae @ FQN9hzhzP_"" calls 40",2026-09-01T00:20:41.706Z,178822204170600
"""gurtyo @ gpP9uUffpu"" calls 40",2026-09-01T00:20:36.545Z,178822203654500
"""woolball @ oMsP5L3lJa"" raises to 40",2026-09-01T00:20:35.330Z,178822203533000
"""LingWae @ FQN9hzhzP_"" posts a big blind of 10",2026-09-01T00:20:32.455Z,178822203245506
"""gurtyo @ gpP9uUffpu"" posts a small blind of 5",2026-09-01T00:20:32.455Z,178822203245505
"Player stacks: #1 ""gurtyo @ gpP9uUffpu"" (1595) | #2 ""LingWae @ FQN9hzhzP_"" (799) | #10 ""woolball @ oMsP5L3lJa"" (3606)",2026-09-01T00:20:32.455Z,178822203245501
"-- starting hand #96 (id: 0q9v7bu98qh2)  No Limit Texas Hold'em (dealer: ""woolball @ oMsP5L3lJa"") --",2026-09-01T00:20:32.455Z,178822203245500
"""LingWae @ FQN9hzhzP_"" shows a 5♦, 7♦.",2026-09-01T00:20:30.460Z,178822203046000
"""gurtyo @ gpP9uUffpu"" shows a 8♦.",2026-09-01T00:20:30.267Z,178822203026700
"-- ending hand #95 --",2026-09-01T00:20:28.142Z,178822202814202
"""LingWae @ FQN9hzhzP_"" collected 84 from pot",2026-09-01T00:20:28.142Z,178822202814201
"Uncalled bet of 167 returned to ""LingWae @ FQN9hzhzP_""",2026-09-01T00:20:28.142Z,178822202814200
"""gurtyo @ gpP9uUffpu"" folds",2026-09-01T00:20:27.336Z,178822202733600
"""woolball @ oMsP5L3lJa"" folds",2026-09-01T00:20:26.383Z,178822202638300
"""LingWae @ FQN9hzhzP_"" bets 167",2026-09-01T00:20:22.492Z,178822202249200
"""gurtyo @ gpP9uUffpu"" checks",2026-09-01T00:20:19.622Z,178822201962200
"""woolball @ oMsP5L3lJa"" checks",2026-09-01T00:20:12.400Z,178822201240000
"River: 9♣, 4♦, 6♥, J♦ [3♦]",2026-09-01T00:20:10.029Z,178822201002900
"""LingWae @ FQN9hzhzP_"" checks",2026-09-01T00:20:09.173Z,178822200917300
"""gurtyo @ gpP9uUffpu"" checks",2026-09-01T00:20:05.167Z,178822200516700
"""woolball @ oMsP5L3lJa"" checks",2026-09-01T00:20:02.693Z,178822200269300
"Turn: 9♣, 4♦, 6♥ [J♦]",2026-09-01T00:20:01.282Z,178822200128200
"""LingWae @ FQN9hzhzP_"" checks",2026-09-01T00:20:00.438Z,178822200043800
"""gurtyo @ gpP9uUffpu"" checks",2026-09-01T00:19:49.894Z,178822198989400
"""woolball @ oMsP5L3lJa"" checks",2026-09-01T00:19:48.989Z,178822198898900
"Flop:  [9♣, 4♦, 6♥]",2026-09-01T00:19:44.397Z,178822198439700
"""gurtyo @ gpP9uUffpu"" calls 28",2026-09-01T00:19:43.537Z,178822198353700
"""woolball @ oMsP5L3lJa"" calls 28",2026-09-01T00:19:42.636Z,178822198263600
"""LingWae @ FQN9hzhzP_"" raises to 28",2026-09-01T00:19:40.869Z,178822198086900
"""gurtyo @ gpP9uUffpu"" posts a big blind of 10",2026-09-01T00:19:37.590Z,178822197759006
"""woolball @ oMsP5L3lJa"" posts a small blind of 5",2026-09-01T00:19:37.590Z,178822197759005
"Player stacks: #1 ""gurtyo @ gpP9uUffpu"" (1623) | #2 ""LingWae @ FQN9hzhzP_"" (743) | #10 ""woolball @ oMsP5L3lJa"" (3634)",2026-09-01T00:19:37.590Z,178822197759001
"-- starting hand #95 (id: rnyln6mao2ju)  No Limit Texas Hold'em (dealer: ""LingWae @ FQN9hzhzP_"") --",2026-09-01T00:19:37.590Z,178822197759000
"""gurtyo @ gpP9uUffpu"" shows a 10♠.",2026-09-01T00:19:35.706Z,178822197570600
"""woolball @ oMsP5L3lJa"" shows a 4♠.",2026-09-01T00:19:32.999Z,178822197299900
"Undealt cards: K♠, A♦, 6♥ [4♥, 2♣]",2026-09-01T00:19:31.958Z,178822197195800
"-- ending hand #94 --",2026-09-01T00:19:30.197Z,178822197019702
"""gurtyo @ gpP9uUffpu"" collected 85 from pot",2026-09-01T00:19:30.197Z,178822197019701
"Uncalled bet of 25 returned to ""gurtyo @ gpP9uUffpu""",2026-09-01T00:19:30.197Z,178822197019700
"""woolball @ oMsP5L3lJa"" folds",2026-09-01T00:19:29.329Z,178822196932900
"""gurtyo @ gpP9uUffpu"" bets 25",2026-09-01T00:19:28.276Z,178822196827600
"""woolball @ oMsP5L3lJa"" checks",2026-09-01T00:19:26.075Z,178822196607500
"Flop:  [K♠, A♦, 6♥]",2026-09-01T00:19:24.379Z,178822196437900
"""woolball @ oMsP5L3lJa"" calls 40",2026-09-01T00:19:23.482Z,178822196348200
"""LingWae @ FQN9hzhzP_"" folds",2026-09-01T00:19:20.909Z,178822196090900
"""gurtyo @ gpP9uUffpu"" raises to 40",2026-09-01T00:19:19.516Z,178822195951600
"""woolball @ oMsP5L3lJa"" posts a big blind of 10",2026-09-01T00:19:17.479Z,178822195747906
"""LingWae @ FQN9hzhzP_"" posts a small blind of 5",2026-09-01T00:19:17.479Z,178822195747905
"Player stacks: #1 ""gurtyo @ gpP9uUffpu"" (1578) | #2 ""LingWae @ FQN9hzhzP_"" (748) | #10 ""woolball @ oMsP5L3lJa"" (3674)",2026-09-01T00:19:17.479Z,178822195747901
"-- starting hand #94 (id: zdk7ld30lnlu)  No Limit Texas Hold'em (dealer: ""gurtyo @ gpP9uUffpu"") --",2026-09-01T00:19:17.479Z,178822195747900
"Undealt cards: 5♥, 4♣, 9♠ [A♦, J♦]",2026-09-01T00:19:13.367Z,178822195336700
"""LingWae @ FQN9hzhzP_"" shows a A♠.",2026-09-01T00:19:12.794Z,178822195279400
"-- ending hand #93 --",2026-09-01T00:19:10.865Z,178822195086502
"""woolball @ oMsP5L3lJa"" collected 85 from pot",2026-09-01T00:19:10.865Z,178822195086501
"Uncalled bet of 80 returned to ""woolball @ oMsP5L3lJa""",2026-09-01T00:19:10.865Z,178822195086500
"""LingWae @ FQN9hzhzP_"" folds",2026-09-01T00:19:10.035Z,178822195003500
"""woolball @ oMsP5L3lJa"" bets 80",2026-09-01T00:19:07.349Z,178822194734900
"""LingWae @ FQN9hzhzP_"" checks",2026-09-01T00:19:05.277Z,178822194527700
"Flop:  [5♥, 4♣, 9♠]",2026-09-01T00:19:00.954Z,178822194095400
"""LingWae @ FQN9hzhzP_"" calls 40",2026-09-01T00:19:00.146Z,178822194014600
"""gurtyo @ gpP9uUffpu"" folds",2026-09-01T00:18:59.146Z,178822193914600
"""woolball @ oMsP5L3lJa"" raises to 40",2026-09-01T00:18:55.043Z,178822193504300
"""LingWae @ FQN9hzhzP_"" posts a big blind of 10",2026-09-01T00:18:50.983Z,178822193098306
"""gurtyo @ gpP9uUffpu"" posts a small blind of 5",2026-09-01T00:18:50.983Z,178822193098305
"Player stacks: #1 ""gurtyo @ gpP9uUffpu"" (1583) | #2 ""LingWae @ FQN9hzhzP_"" (788) | #10 ""woolball @ oMsP5L3lJa"" (3629)",2026-09-01T00:18:50.983Z,178822193098301
"-- starting hand #93 (id: wihocmmjfazv)  No Limit Texas Hold'em (dealer: ""woolball @ oMsP5L3lJa"") --",2026-09-01T00:18:50.983Z,178822193098300
"-- ending hand #92 --",2026-09-01T00:18:42.973Z,178822192297302
"""LingWae @ FQN9hzhzP_"" collected 788 from pot with Two Pair, A's & 3's on the second run  (combination: Q♥, 3♦, 3♣, A♥, A♠)",2026-09-01T00:18:42.973Z,178822192297301
"""gurtyo @ gpP9uUffpu"" collected 789 from pot with Two Pair, 10's & 3's (combination: Q♥, 3♥, 3♣, 10♣, 10♠)",2026-09-01T00:18:42.973Z,178822192297300
"River (second run): 10♠, 3♣, Q♥, 4♠ [A♠]",2026-09-01T00:18:38.948Z,178822191894800
"River: 10♠, 3♣, Q♥, 4♠ [8♣]",2026-09-01T00:18:34.942Z,178822191494200
"""LingWae @ FQN9hzhzP_"" shows a A♥, 3♦.",2026-09-01T00:18:30.927Z,178822191092700
"""gurtyo @ gpP9uUffpu"" shows a 10♣, 3♥.",2026-09-01T00:18:30.737Z,178822191073700
"All players in hand choose to run it twice.",2026-09-01T00:18:30.097Z,178822191009701
"""LingWae @ FQN9hzhzP_"" chooses to  run it twice.",2026-09-01T00:18:30.097Z,178822191009700
"""gurtyo @ gpP9uUffpu"" chooses to  run it twice.",2026-09-01T00:18:29.275Z,178822190927500
"Remaining players decide whether to run it twice.",2026-09-01T00:18:28.557Z,178822190855701
"""gurtyo @ gpP9uUffpu"" calls 616",2026-09-01T00:18:28.557Z,178822190855700
"""LingWae @ FQN9hzhzP_"" raises to 616 and go all in",2026-09-01T00:18:22.111Z,178822190211100
"""gurtyo @ gpP9uUffpu"" bets 120",2026-09-01T00:18:17.218Z,178822189721800
"Turn: 10♠, 3♣, Q♥ [4♠]",2026-09-01T00:18:13.753Z,178822189375300
"""woolball @ oMsP5L3lJa"" folds",2026-09-01T00:18:12.934Z,178822189293400
"""LingWae @ FQN9hzhzP_"" calls 135",2026-09-01T00:18:03.616Z,178822188361600
"""gurtyo @ gpP9uUffpu"" raises to 135",2026-09-01T00:17:57.235Z,178822187723500
"""woolball @ oMsP5L3lJa"" calls 45",2026-09-01T00:17:52.014Z,178822187201400
"""LingWae @ FQN9hzhzP_"" raises to 45",2026-09-01T00:17:49.856Z,178822186985600
"""gurtyo @ gpP9uUffpu"" bets 10",2026-09-01T00:17:46.838Z,178822186683800
"""woolball @ oMsP5L3lJa"" checks",2026-09-01T00:17:45.167Z,178822186516700
"Flop:  [10♠, 3♣, Q♥]",2026-09-01T00:17:42.022Z,178822186202200
"""gurtyo @ gpP9uUffpu"" checks",2026-09-01T00:17:41.209Z,178822186120900
"""woolball @ oMsP5L3lJa"" calls 10",2026-09-01T00:17:40.297Z,178822186029700
"""LingWae @ FQN9hzhzP_"" calls 10",2026-09-01T00:17:38.637Z,178822185863700
"""gurtyo @ gpP9uUffpu"" posts a big blind of 10",2026-09-01T00:17:33.111Z,178822185311106
"""woolball @ oMsP5L3lJa"" posts a small blind of 5",2026-09-01T00:17:33.111Z,178822185311105
"Your hand is 10♣, 3♥",2026-09-01T00:17:33.111Z,178822185311102
"Player stacks: #1 ""gurtyo @ gpP9uUffpu"" (1555) | #2 ""LingWae @ FQN9hzhzP_"" (761) | #10 ""woolball @ oMsP5L3lJa"" (3684)",2026-09-01T00:17:33.111Z,178822185311101
"-- starting hand #92 (id: fvnyrlkgcxqc)  No Limit Texas Hold'em (dealer: ""LingWae @ FQN9hzhzP_"") --",2026-09-01T00:17:33.111Z,178822185311100
"Undealt cards: 8♥, J♠, 7♣ [9♠, 2♦]",2026-09-01T00:17:28.836Z,178822184883600
"""woolball @ oMsP5L3lJa"" shows a K♥, A♦.",2026-09-01T00:17:28.331Z,178822184833100
"""LingWae @ FQN9hzhzP_"" shows a 7♦, J♣.",2026-09-01T00:17:27.908Z,178822184790800
"-- ending hand #91 --",2026-09-01T00:17:25.799Z,178822184579902
"""LingWae @ FQN9hzhzP_"" collected 60 from pot",2026-09-01T00:17:25.799Z,178822184579901
"Uncalled bet of 47 returned to ""LingWae @ FQN9hzhzP_""",2026-09-01T00:17:25.799Z,178822184579900
"""woolball @ oMsP5L3lJa"" folds",2026-09-01T00:17:24.980Z,178822184498000
"""LingWae @ FQN9hzhzP_"" raises to 67",2026-09-01T00:17:19.058Z,178822183905800
"""woolball @ oMsP5L3lJa"" bets 20",2026-09-01T00:17:16.291Z,178822183629100
"""LingWae @ FQN9hzhzP_"" checks",2026-09-01T00:17:13.637Z,178822183363700
"Flop:  [8♥, J♠, 7♣]",2026-09-01T00:17:10.356Z,178822183035600
"""woolball @ oMsP5L3lJa"" checks",2026-09-01T00:17:09.499Z,178822182949900
"""LingWae @ FQN9hzhzP_"" calls 10",2026-09-01T00:17:03.789Z,178822182378900
"""gurtyo @ gpP9uUffpu"" folds",2026-09-01T00:17:01.187Z,178822182118700
"""woolball @ oMsP5L3lJa"" posts a big blind of 10",2026-09-01T00:16:58.721Z,178822181872106
"""LingWae @ FQN9hzhzP_"" posts a small blind of 5",2026-09-01T00:16:58.721Z,178822181872105
"Player stacks: #1 ""gurtyo @ gpP9uUffpu"" (1555) | #2 ""LingWae @ FQN9hzhzP_"" (731) | #10 ""woolball @ oMsP5L3lJa"" (3714)",2026-09-01T00:16:58.721Z,178822181872101
"-- starting hand #91 (id: dtafqmkpmy29)  No Limit Texas Hold'em (dealer: ""gurtyo @ gpP9uUffpu"") --",2026-09-01T00:16:58.721Z,178822181872100
"""LingWae @ FQN9hzhzP_"" shows a 7♦, J♥.",2026-09-01T00:16:57.034Z,178822181703400
"-- ending hand #90 --",2026-09-01T00:16:55.067Z,178822181506701
"""LingWae @ FQN9hzhzP_"" collected 464 from pot",2026-09-01T00:16:55.067Z,178822181506700
"""woolball @ oMsP5L3lJa"" folds",2026-09-01T00:16:54.201Z,178822181420100
"""LingWae @ FQN9hzhzP_"" checks",2026-09-01T00:16:46.529Z,178822180652900
"River: K♥, A♠, 10♠, 5♦ [4♥]",2026-09-01T00:16:42.857Z,178822180285700
"""woolball @ oMsP5L3lJa"" checks",2026-09-01T00:16:41.985Z,178822180198500
"""LingWae @ FQN9hzhzP_"" checks",2026-09-01T00:16:40.720Z,178822180072000
"Turn: K♥, A♠, 10♠ [5♦]",2026-09-01T00:16:35.554Z,178822179555400
"""gurtyo @ gpP9uUffpu"" folds",2026-09-01T00:16:34.700Z,178822179470000
"""woolball @ oMsP5L3lJa"" calls 167",2026-09-01T00:16:32.585Z,178822179258500
"""LingWae @ FQN9hzhzP_"" raises to 167",2026-09-01T00:16:30.753Z,178822179075300
"""gurtyo @ gpP9uUffpu"" calls 40",2026-09-01T00:16:28.406Z,178822178840600
"""woolball @ oMsP5L3lJa"" bets 40",2026-09-01T00:16:26.985Z,178822178698500
"""LingWae @ FQN9hzhzP_"" checks",2026-09-01T00:16:24.424Z,178822178442400
"""gurtyo @ gpP9uUffpu"" checks",2026-09-01T00:16:22.185Z,178822178218500
"Flop:  [K♥, A♠, 10♠]",2026-09-01T00:16:20.871Z,178822178087100
"""LingWae @ FQN9hzhzP_"" calls 30",2026-09-01T00:16:20.054Z,178822178005400
"""gurtyo @ gpP9uUffpu"" calls 30",2026-09-01T00:16:18.381Z,178822177838100
"""woolball @ oMsP5L3lJa"" raises to 30",2026-09-01T00:16:17.120Z,178822177712000
"""LingWae @ FQN9hzhzP_"" posts a big blind of 10",2026-09-01T00:16:14.626Z,178822177462606
"""gurtyo @ gpP9uUffpu"" posts a small blind of 5",2026-09-01T00:16:14.626Z,178822177462605
"Player stacks: #1 ""gurtyo @ gpP9uUffpu"" (1625) | #2 ""LingWae @ FQN9hzhzP_"" (464) | #10 ""woolball @ oMsP5L3lJa"" (3911)",2026-09-01T00:16:14.626Z,178822177462601
"-- starting hand #90 (id: vd7krefrcfwu)  No Limit Texas Hold'em (dealer: ""woolball @ oMsP5L3lJa"") --",2026-09-01T00:16:14.626Z,178822177462600
"-- ending hand #89 --",2026-09-01T00:16:11.625Z,178822177162502
"""gurtyo @ gpP9uUffpu"" collected 372 from pot",2026-09-01T00:16:11.625Z,178822177162501
"Uncalled bet of 10 returned to ""gurtyo @ gpP9uUffpu""",2026-09-01T00:16:11.625Z,178822177162500
"""LingWae @ FQN9hzhzP_"" folds",2026-09-01T00:16:10.719Z,178822177071900
"""gurtyo @ gpP9uUffpu"" bets 10",2026-09-01T00:16:08.754Z,178822176875400
"River: 8♠, 7♦, 5♦, 7♣ [3♣]",2026-09-01T00:16:07.262Z,178822176726200
"""LingWae @ FQN9hzhzP_"" checks",2026-09-01T00:16:06.445Z,178822176644500
"""gurtyo @ gpP9uUffpu"" checks",2026-09-01T00:16:04.713Z,178822176471300
"Turn: 8♠, 7♦, 5♦ [7♣]",2026-09-01T00:16:02.822Z,178822176282200
"""LingWae @ FQN9hzhzP_"" calls 60",2026-09-01T00:16:01.927Z,178822176192700
"""gurtyo @ gpP9uUffpu"" bets 60",2026-09-01T00:16:00.708Z,178822176070800
"Flop:  [8♠, 7♦, 5♦]",2026-09-01T00:15:56.975Z,178822175697500
"""woolball @ oMsP5L3lJa"" folds",2026-09-01T00:15:56.168Z,178822175616800
"""LingWae @ FQN9hzhzP_"" calls 112",2026-09-01T00:15:55.272Z,178822175527200
"""gurtyo @ gpP9uUffpu"" raises to 112",2026-09-01T00:15:53.637Z,178822175363700
"""woolball @ oMsP5L3lJa"" calls 28",2026-09-01T00:15:51.413Z,178822175141300
"""LingWae @ FQN9hzhzP_"" raises to 28",2026-09-01T00:15:46.699Z,178822174669900
"""gurtyo @ gpP9uUffpu"" posts a big blind of 10",2026-09-01T00:15:41.400Z,178822174140006
"""woolball @ oMsP5L3lJa"" posts a small blind of 5",2026-09-01T00:15:41.400Z,178822174140005
"Player stacks: #1 ""gurtyo @ gpP9uUffpu"" (1425) | #2 ""LingWae @ FQN9hzhzP_"" (636) | #10 ""woolball @ oMsP5L3lJa"" (3939)",2026-09-01T00:15:41.400Z,178822174140001
"-- starting hand #89 (id: dtscblg2xcvk)  No Limit Texas Hold'em (dealer: ""LingWae @ FQN9hzhzP_"") --",2026-09-01T00:15:41.400Z,178822174140000
"""gurtyo @ gpP9uUffpu"" shows a A♠.",2026-09-01T00:15:39.251Z,178822173925100
"""LingWae @ FQN9hzhzP_"" shows a 5♦, 7♠.",2026-09-01T00:15:38.706Z,178822173870600
"-- ending hand #88 --",2026-09-01T00:15:37.064Z,178822173706401
"""gurtyo @ gpP9uUffpu"" collected 800 from pot",2026-09-01T00:15:37.064Z,178822173706400
"""LingWae @ FQN9hzhzP_"" folds",2026-09-01T00:15:36.238Z,178822173623800
"River: 8♥, A♦, 4♦, 2♥ [Q♠]",2026-09-01T00:15:27.466Z,178822172746600
"""gurtyo @ gpP9uUffpu"" calls 345",2026-09-01T00:15:26.643Z,178822172664300
"""woolball @ oMsP5L3lJa"" folds",2026-09-01T00:15:25.657Z,178822172565700
"""LingWae @ FQN9hzhzP_"" raises to 345",2026-09-01T00:15:19.855Z,178822171985500
"""gurtyo @ gpP9uUffpu"" raises to 105",2026-09-01T00:15:16.003Z,178822171600300
"""woolball @ oMsP5L3lJa"" calls 35",2026-09-01T00:15:13.771Z,178822171377100
"""LingWae @ FQN9hzhzP_"" bets 35",2026-09-01T00:15:10.996Z,178822171099600
"Turn: 8♥, A♦, 4♦ [2♥]",2026-09-01T00:15:04.529Z,178822170452900
"""gurtyo @ gpP9uUffpu"" calls 15",2026-09-01T00:15:03.685Z,178822170368500
"""woolball @ oMsP5L3lJa"" calls 15",2026-09-01T00:15:02.555Z,178822170255500
"""LingWae @ FQN9hzhzP_"" bets 15",2026-09-01T00:14:59.412Z,178822169941200
"Flop:  [8♥, A♦, 4♦]",2026-09-01T00:14:51.552Z,178822169155200
"""woolball @ oMsP5L3lJa"" checks",2026-09-01T00:14:50.688Z,178822169068800
"""LingWae @ FQN9hzhzP_"" calls 10",2026-09-01T00:14:49.404Z,178822168940400
"""gurtyo @ gpP9uUffpu"" calls 10",2026-09-01T00:14:47.019Z,178822168701900
"""woolball @ oMsP5L3lJa"" posts a big blind of 10",2026-09-01T00:14:45.874Z,178822168587406
"""LingWae @ FQN9hzhzP_"" posts a small blind of 5",2026-09-01T00:14:45.874Z,178822168587405
"Player stacks: #1 ""gurtyo @ gpP9uUffpu"" (995) | #2 ""LingWae @ FQN9hzhzP_"" (1006) | #10 ""woolball @ oMsP5L3lJa"" (3999)",2026-09-01T00:14:45.874Z,178822168587401
"-- starting hand #88 (id: q1pu9hkfjsie)  No Limit Texas Hold'em (dealer: ""gurtyo @ gpP9uUffpu"") --",2026-09-01T00:14:45.874Z,178822168587400
"""LingWae @ FQN9hzhzP_"" shows a 9♣, 2♦.",2026-09-01T00:14:42.975Z,178822168297500
"Undealt cards:  [K♥, Q♥, 5♠, 5♦, J♦]",2026-09-01T00:14:40.139Z,178822168013900
"-- ending hand #87 --",2026-09-01T00:14:39.268Z,178822167926802
"""woolball @ oMsP5L3lJa"" collected 25 from pot",2026-09-01T00:14:39.268Z,178822167926801
"Uncalled bet of 20 returned to ""woolball @ oMsP5L3lJa""",2026-09-01T00:14:39.268Z,178822167926800
"""LingWae @ FQN9hzhzP_"" folds",2026-09-01T00:14:38.462Z,178822167846200
"""gurtyo @ gpP9uUffpu"" folds",2026-09-01T00:14:36.237Z,178822167623700
"""woolball @ oMsP5L3lJa"" raises to 30",2026-09-01T00:14:35.339Z,178822167533900
"""LingWae @ FQN9hzhzP_"" posts a big blind of 10",2026-09-01T00:14:30.465Z,178822167046507
"""gurtyo @ gpP9uUffpu"" posts a small blind of 5",2026-09-01T00:14:30.465Z,178822167046506
"Player stacks: #1 ""gurtyo @ gpP9uUffpu"" (1000) | #2 ""LingWae @ FQN9hzhzP_"" (1016) | #10 ""woolball @ oMsP5L3lJa"" (3984)",2026-09-01T00:14:30.465Z,178822167046502
"-- starting hand #87 (id: d13sttlsgclz)  No Limit Texas Hold'em (dealer: ""woolball @ oMsP5L3lJa"") --",2026-09-01T00:14:30.465Z,178822167046501
"The player ""gurtyo @ gpP9uUffpu"" joined the game with a stack of 1000.",2026-09-01T00:14:30.465Z,178822167046500
"""LingWae @ FQN9hzhzP_"" shows a 4♥.",2026-09-01T00:14:29.886Z,178822166988600
"""LingWae @ FQN9hzhzP_"" shows a 2♠.",2026-09-01T00:14:28.085Z,178822166808500
"-- ending hand #86 --",2026-09-01T00:14:26.862Z,178822166686202
"""LingWae @ FQN9hzhzP_"" collected 568 from pot",2026-09-01T00:14:26.862Z,178822166686201
"Uncalled bet of 448 returned to ""LingWae @ FQN9hzhzP_""",2026-09-01T00:14:26.862Z,178822166686200
"""woolball @ oMsP5L3lJa"" folds",2026-09-01T00:14:26.035Z,178822166603500
"""LingWae @ FQN9hzhzP_"" raises to 588 and go all in",2026-09-01T00:14:24.700Z,178822166470000
"""woolball @ oMsP5L3lJa"" bets 140",2026-09-01T00:14:22.783Z,178822166278300
"River: 5♦, 5♥, 2♥, Q♣ [10♣]",2026-09-01T00:14:18.935Z,178822165893500
"""woolball @ oMsP5L3lJa"" calls 67",2026-09-01T00:14:18.103Z,178822165810300
"""LingWae @ FQN9hzhzP_"" bets 67",2026-09-01T00:14:17.054Z,178822165705400
"""woolball @ oMsP5L3lJa"" checks",2026-09-01T00:14:14.633Z,178822165463300
"Turn: 5♦, 5♥, 2♥ [Q♣]",2026-09-01T00:14:13.403Z,178822165340300
"""woolball @ oMsP5L3lJa"" calls 67",2026-09-01T00:14:12.581Z,178822165258100
"""LingWae @ FQN9hzhzP_"" raises to 67",2026-09-01T00:14:11.085Z,178822165108500
"""woolball @ oMsP5L3lJa"" bets 20",2026-09-01T00:14:08.534Z,178822164853400
"Flop:  [5♦, 5♥, 2♥]",2026-09-01T00:13:56.515Z,178822163651500
"""woolball @ oMsP5L3lJa"" checks",2026-09-01T00:13:55.699Z,178822163569900
"The admin approved the player ""gurtyo @ gpP9uUffpu"" participation with a stack of 1000.",2026-09-01T00:13:50.873Z,178822163087301
"The player ""gurtyo @ gpP9uUffpu"" requested a seat.",2026-09-01T00:13:50.873Z,178822163087300
"""LingWae @ FQN9hzhzP_"" calls 10",2026-09-01T00:13:48.858Z,178822162885800
"""woolball @ oMsP5L3lJa"" posts a big blind of 10",2026-09-01T00:13:46.104Z,178822162610406
"""LingWae @ FQN9hzhzP_"" posts a small blind of 5",2026-09-01T00:13:46.104Z,178822162610405
"Player stacks: #2 ""LingWae @ FQN9hzhzP_"" (732) | #10 ""woolball @ oMsP5L3lJa"" (4268)",2026-09-01T00:13:46.104Z,178822162610402
"-- starting hand #86 (id: 97ixi4lr2dve)  No Limit Texas Hold'em (dealer: ""LingWae @ FQN9hzhzP_"") --",2026-09-01T00:13:46.104Z,178822162610401
"The player ""gurtyo @ gpP9uUffpu"" quits the game with a stack of 0.",2026-09-01T00:13:46.104Z,178822162610400
"-- ending hand #85 --",2026-09-01T00:13:40.099Z,178822162009901
"""woolball @ oMsP5L3lJa"" collected 1664 from pot with Three of a Kind, 7's (combination: 10♠, A♦, 7♦, 7♠, 7♥)",2026-09-01T00:13:40.099Z,178822162009900
"River: 7♥, 2♥, A♦, 10♠ [6♣]",2026-09-01T00:13:36.094Z,178822161609400
"Turn: 7♥, 2♥, A♦ [10♠]",2026-09-01T00:13:32.089Z,178822161208900
"""woolball @ oMsP5L3lJa"" shows a 7♦, 7♠.",2026-09-01T00:13:28.071Z,178822160807101
"Uncalled bet of 2604 returned to ""woolball @ oMsP5L3lJa""",2026-09-01T00:13:28.071Z,178822160807100
"""gurtyo @ gpP9uUffpu"" shows a 2♠, 2♦.",2026-09-01T00:13:27.647Z,178822160764700
"Some players choose to not run it twice.",2026-09-01T00:13:27.204Z,178822160720401
"""woolball @ oMsP5L3lJa"" chooses to not run it twice.",2026-09-01T00:13:27.204Z,178822160720400
"""gurtyo @ gpP9uUffpu"" chooses to  run it twice.",2026-09-01T00:13:26.042Z,178822160604200
"Remaining players decide whether to run it twice.",2026-09-01T00:13:25.466Z,178822160546601
"""gurtyo @ gpP9uUffpu"" calls 772 and go all in",2026-09-01T00:13:25.466Z,178822160546600
"""woolball @ oMsP5L3lJa"" raises to 3376 and go all in",2026-09-01T00:13:24.453Z,178822160445300
"""LingWae @ FQN9hzhzP_"" folds",2026-09-01T00:13:15.782Z,178822159578200
"""gurtyo @ gpP9uUffpu"" raises to 160",2026-09-01T00:13:14.342Z,178822159434200
"""woolball @ oMsP5L3lJa"" bets 80",2026-09-01T00:13:12.055Z,178822159205500
"""LingWae @ FQN9hzhzP_"" checks",2026-09-01T00:13:08.319Z,178822158831900
"""gurtyo @ gpP9uUffpu"" checks",2026-09-01T00:13:06.793Z,178822158679300
"Flop:  [7♥, 2♥, A♦]",2026-09-01T00:13:03.139Z,178822158313900
"""LingWae @ FQN9hzhzP_"" calls 40",2026-09-01T00:13:02.278Z,178822158227800
"""gurtyo @ gpP9uUffpu"" calls 40",2026-09-01T00:13:00.059Z,178822158005900
"""woolball @ oMsP5L3lJa"" raises to 40",2026-09-01T00:12:56.130Z,178822157613000
"""LingWae @ FQN9hzhzP_"" posts a big blind of 10",2026-09-01T00:12:54.060Z,178822157406006
"""gurtyo @ gpP9uUffpu"" posts a small blind of 5",2026-09-01T00:12:54.060Z,178822157406005
"Your hand is 2♠, 2♦",2026-09-01T00:12:54.060Z,178822157406002
"Player stacks: #1 ""gurtyo @ gpP9uUffpu"" (812) | #2 ""LingWae @ FQN9hzhzP_"" (772) | #10 ""woolball @ oMsP5L3lJa"" (3416)",2026-09-01T00:12:54.060Z,178822157406001
"-- starting hand #85 (id: frxs6gtvn8x6)  No Limit Texas Hold'em (dealer: ""woolball @ oMsP5L3lJa"") --",2026-09-01T00:12:54.060Z,178822157406000
"-- ending hand #84 --",2026-09-01T00:12:48.014Z,178822156801402
"""woolball @ oMsP5L3lJa"" collected 1016 from pot with Full House, 2's over 4's (combination: 4♦, 4♥, 2♣, 2♥, 2♠)",2026-09-01T00:12:48.014Z,178822156801401
"""woolball @ oMsP5L3lJa"" shows a 4♦, 2♣.",2026-09-01T00:12:48.014Z,178822156801400
"""LingWae @ FQN9hzhzP_"" folds",2026-09-01T00:12:47.205Z,178822156720500
"""gurtyo @ gpP9uUffpu"" calls 250",2026-09-01T00:12:45.319Z,178822156531900
"""woolball @ oMsP5L3lJa"" bets 250",2026-09-01T00:12:35.098Z,178822155509800
"River: 2♥, 8♦, 6♦, 4♥ [2♠]",2026-09-01T00:12:31.251Z,178822155125100
"""LingWae @ FQN9hzhzP_"" calls 70",2026-09-01T00:12:30.417Z,178822155041700
"""gurtyo @ gpP9uUffpu"" calls 70",2026-09-01T00:12:29.233Z,178822154923300
"""woolball @ oMsP5L3lJa"" bets 70",2026-09-01T00:12:27.619Z,178822154761900
"Turn: 2♥, 8♦, 6♦ [4♥]",2026-09-01T00:12:17.943Z,178822153794300
"""gurtyo @ gpP9uUffpu"" calls 67",2026-09-01T00:12:17.140Z,178822153714000
"""woolball @ oMsP5L3lJa"" calls 67",2026-09-01T00:12:15.729Z,178822153572900
"""LingWae @ FQN9hzhzP_"" bets 67",2026-09-01T00:12:11.837Z,178822153183700
"""gurtyo @ gpP9uUffpu"" checks",2026-09-01T00:12:09.574Z,178822152957400
"""woolball @ oMsP5L3lJa"" checks",2026-09-01T00:12:07.949Z,178822152794900
"Flop:  [2♥, 8♦, 6♦]",2026-09-01T00:12:03.233Z,178822152323300
"""gurtyo @ gpP9uUffpu"" calls 35",2026-09-01T00:12:02.337Z,178822152233700
"""woolball @ oMsP5L3lJa"" calls 35",2026-09-01T00:12:01.327Z,178822152132700
"""LingWae @ FQN9hzhzP_"" raises to 35",2026-09-01T00:11:59.151Z,178822151915100
"""gurtyo @ gpP9uUffpu"" posts a big blind of 10",2026-09-01T00:11:53.591Z,178822151359106
"""woolball @ oMsP5L3lJa"" posts a small blind of 5",2026-09-01T00:11:53.591Z,178822151359105
"Player stacks: #1 ""gurtyo @ gpP9uUffpu"" (1234) | #2 ""LingWae @ FQN9hzhzP_"" (944) | #10 ""woolball @ oMsP5L3lJa"" (2822)",2026-09-01T00:11:53.591Z,178822151359101
"-- starting hand #84 (id: gdk1v31fm0sx)  No Limit Texas Hold'em (dealer: ""LingWae @ FQN9hzhzP_"") --",2026-09-01T00:11:53.591Z,178822151359100
"""gurtyo @ gpP9uUffpu"" shows a 3♠.",2026-09-01T00:11:49.386Z,178822150938600
"-- ending hand #83 --",2026-09-01T00:11:47.038Z,178822150703802
"""LingWae @ FQN9hzhzP_"" collected 100 from pot with Two Pair, K's & 10's (combination: 8♣, 10♥, 10♣, K♠, K♦)",2026-09-01T00:11:47.038Z,178822150703801
"""LingWae @ FQN9hzhzP_"" shows a 10♥, 8♣.",2026-09-01T00:11:47.038Z,178822150703800
"""gurtyo @ gpP9uUffpu"" checks",2026-09-01T00:11:46.172Z,178822150617200
"""LingWae @ FQN9hzhzP_"" checks",2026-09-01T00:11:45.241Z,178822150524100
"River: 10♣, K♠, 4♦, K♦ [3♥]",2026-09-01T00:11:41.772Z,178822150177200
"""gurtyo @ gpP9uUffpu"" calls 20",2026-09-01T00:11:40.909Z,178822150090900
"""LingWae @ FQN9hzhzP_"" bets 20",2026-09-01T00:11:39.551Z,178822149955100
"Turn: 10♣, K♠, 4♦ [K♦]",2026-09-01T00:11:35.021Z,178822149502100
"""gurtyo @ gpP9uUffpu"" calls 15",2026-09-01T00:11:34.203Z,178822149420300
"""woolball @ oMsP5L3lJa"" folds",2026-09-01T00:11:33.121Z,178822149312100
"""LingWae @ FQN9hzhzP_"" bets 15",2026-09-01T00:11:22.403Z,178822148240300
"Flop:  [10♣, K♠, 4♦]",2026-09-01T00:11:16.792Z,178822147679200
"""woolball @ oMsP5L3lJa"" checks",2026-09-01T00:11:15.963Z,178822147596300
"""LingWae @ FQN9hzhzP_"" calls 10",2026-09-01T00:11:13.431Z,178822147343100
"""gurtyo @ gpP9uUffpu"" calls 10",2026-09-01T00:11:06.966Z,178822146696600
"""woolball @ oMsP5L3lJa"" posts a big blind of 10",2026-09-01T00:11:05.834Z,178822146583406
"""LingWae @ FQN9hzhzP_"" posts a small blind of 5",2026-09-01T00:11:05.834Z,178822146583405
"Player stacks: #1 ""gurtyo @ gpP9uUffpu"" (1279) | #2 ""LingWae @ FQN9hzhzP_"" (889) | #10 ""woolball @ oMsP5L3lJa"" (2832)",2026-09-01T00:11:05.834Z,178822146583401
"-- starting hand #83 (id: cmjez62dgwlv)  No Limit Texas Hold'em (dealer: ""gurtyo @ gpP9uUffpu"") --",2026-09-01T00:11:05.834Z,178822146583400
"""LingWae @ FQN9hzhzP_"" shows a K♥, Q♦.",2026-09-01T00:11:02.716Z,178822146271600
"-- ending hand #82 --",2026-09-01T00:11:02.187Z,178822146218702
"""LingWae @ FQN9hzhzP_"" collected 379 from pot",2026-09-01T00:11:02.187Z,178822146218701
"Uncalled bet of 189 returned to ""LingWae @ FQN9hzhzP_""",2026-09-01T00:11:02.187Z,178822146218700
"""woolball @ oMsP5L3lJa"" folds",2026-09-01T00:11:01.287Z,178822146128700
"""LingWae @ FQN9hzhzP_"" bets 189",2026-09-01T00:11:00.266Z,178822146026600
"River: 4♥, 10♦, 8♥, 4♣ [10♥]",2026-09-01T00:10:51.364Z,178822145136400
"""woolball @ oMsP5L3lJa"" calls 67",2026-09-01T00:10:50.467Z,178822145046700
"""LingWae @ FQN9hzhzP_"" bets 67",2026-09-01T00:10:46.324Z,178822144632400
"Turn: 4♥, 10♦, 8♥ [4♣]",2026-09-01T00:10:35.349Z,178822143534900
"""LingWae @ FQN9hzhzP_"" calls 80",2026-09-01T00:10:34.542Z,178822143454200
"""woolball @ oMsP5L3lJa"" bets 80",2026-09-01T00:10:33.077Z,178822143307700
"""LingWae @ FQN9hzhzP_"" checks",2026-09-01T00:10:31.215Z,178822143121500
"Flop:  [4♥, 10♦, 8♥]",2026-09-01T00:10:27.544Z,178822142754400
"""LingWae @ FQN9hzhzP_"" calls 40",2026-09-01T00:10:26.691Z,178822142669100
"""gurtyo @ gpP9uUffpu"" folds",2026-09-01T00:10:23.902Z,178822142390200
"""woolball @ oMsP5L3lJa"" raises to 40",2026-09-01T00:10:22.902Z,178822142290200
"""LingWae @ FQN9hzhzP_"" posts a big blind of 10",2026-09-01T00:10:20.738Z,178822142073806
"""gurtyo @ gpP9uUffpu"" posts a small blind of 5",2026-09-01T00:10:20.738Z,178822142073805
"Player stacks: #1 ""gurtyo @ gpP9uUffpu"" (1284) | #2 ""LingWae @ FQN9hzhzP_"" (697) | #10 ""woolball @ oMsP5L3lJa"" (3019)",2026-09-01T00:10:20.738Z,178822142073801
"-- starting hand #82 (id: melw4mbpfvmc)  No Limit Texas Hold'em (dealer: ""woolball @ oMsP5L3lJa"") --",2026-09-01T00:10:20.738Z,178822142073800
"""LingWae @ FQN9hzhzP_"" shows a 2♦.",2026-09-01T00:10:19.014Z,178822141901400
"""LingWae @ FQN9hzhzP_"" shows a K♦.",2026-09-01T00:10:17.058Z,178822141705800
"""woolball @ oMsP5L3lJa"" shows a 2♣.",2026-09-01T00:10:17.022Z,178822141702200
"Undealt cards: Q♠, 7♣, 3♦, K♣ [K♠]",2026-09-01T00:10:13.652Z,178822141365200
"-- ending hand #81 --",2026-09-01T00:10:13.262Z,178822141326202
"""LingWae @ FQN9hzhzP_"" collected 85 from pot",2026-09-01T00:10:13.262Z,178822141326201
"Uncalled bet of 63 returned to ""LingWae @ FQN9hzhzP_""",2026-09-01T00:10:13.262Z,178822141326200
"""gurtyo @ gpP9uUffpu"" folds",2026-09-01T00:10:12.354Z,178822141235400
"""LingWae @ FQN9hzhzP_"" raises to 73",2026-09-01T00:10:11.338Z,178822141133800
"""gurtyo @ gpP9uUffpu"" bets 10",2026-09-01T00:10:07.895Z,178822140789500
"Turn: Q♠, 7♣, 3♦ [K♣]",2026-09-01T00:10:06.661Z,178822140666100
"""LingWae @ FQN9hzhzP_"" checks",2026-09-01T00:10:05.786Z,178822140578600
"""gurtyo @ gpP9uUffpu"" checks",2026-09-01T00:10:04.020Z,178822140402000
"Flop:  [Q♠, 7♣, 3♦]",2026-09-01T00:10:02.901Z,178822140290100
"""gurtyo @ gpP9uUffpu"" calls 30",2026-09-01T00:10:01.974Z,178822140197400
"""woolball @ oMsP5L3lJa"" folds",2026-09-01T00:10:00.899Z,178822140089900
"""LingWae @ FQN9hzhzP_"" raises to 30",2026-09-01T00:09:56.924Z,178822139692400
"""gurtyo @ gpP9uUffpu"" posts a big blind of 10",2026-09-01T00:09:48.961Z,178822138896106
"""woolball @ oMsP5L3lJa"" posts a small blind of 5",2026-09-01T00:09:48.961Z,178822138896105
"Player stacks: #1 ""gurtyo @ gpP9uUffpu"" (1324) | #2 ""LingWae @ FQN9hzhzP_"" (652) | #10 ""woolball @ oMsP5L3lJa"" (3024)",2026-09-01T00:09:48.961Z,178822138896101
"-- starting hand #81 (id: a62xiqn3zw40)  No Limit Texas Hold'em (dealer: ""LingWae @ FQN9hzhzP_"") --",2026-09-01T00:09:48.961Z,178822138896100
"""gurtyo @ gpP9uUffpu"" shows a A♣, 9♠.",2026-09-01T00:09:46.431Z,178822138643100
"-- ending hand #80 --",2026-09-01T00:09:42.371Z,178822138237103
"""woolball @ oMsP5L3lJa"" collected 150 from pot with Two Pair, 10's & 2's (combination: A♥, 2♠, 2♣, 10♣, 10♠)",2026-09-01T00:09:42.371Z,178822138237102
"""woolball @ oMsP5L3lJa"" shows a A♥, 2♠.",2026-09-01T00:09:42.371Z,178822138237101
"""LingWae @ FQN9hzhzP_"" shows a A♦, 5♣.",2026-09-01T00:09:42.371Z,178822138237100
"""gurtyo @ gpP9uUffpu"" checks",2026-09-01T00:09:41.532Z,178822138153200
"""woolball @ oMsP5L3lJa"" checks",2026-09-01T00:09:40.636Z,178822138063600
"""LingWae @ FQN9hzhzP_"" checks",2026-09-01T00:09:39.528Z,178822137952800
"River: 8♦, 10♣, 10♠, 3♣ [2♣]",2026-09-01T00:09:29.148Z,178822136914800
"""gurtyo @ gpP9uUffpu"" calls 10",2026-09-01T00:09:28.257Z,178822136825700
"""woolball @ oMsP5L3lJa"" calls 10",2026-09-01T00:09:27.322Z,178822136732200
"""LingWae @ FQN9hzhzP_"" bets 10",2026-09-01T00:09:23.451Z,178822136345100
"Turn: 8♦, 10♣, 10♠ [3♣]",2026-09-01T00:09:21.949Z,178822136194900
"""gurtyo @ gpP9uUffpu"" checks",2026-09-01T00:09:21.092Z,178822136109200
"""woolball @ oMsP5L3lJa"" checks",2026-09-01T00:09:20.182Z,178822136018200
"""LingWae @ FQN9hzhzP_"" checks",2026-09-01T00:09:19.137Z,178822135913700
"Flop:  [8♦, 10♣, 10♠]",2026-09-01T00:09:16.395Z,178822135639500
"""woolball @ oMsP5L3lJa"" calls 40",2026-09-01T00:09:15.579Z,178822135557900
"""LingWae @ FQN9hzhzP_"" calls 40",2026-09-01T00:09:14.403Z,178822135440300
"""gurtyo @ gpP9uUffpu"" raises to 40",2026-09-01T00:09:12.086Z,178822135208600
"""woolball @ oMsP5L3lJa"" posts a big blind of 10",2026-09-01T00:09:08.191Z,178822134819106
"""LingWae @ FQN9hzhzP_"" posts a small blind of 5",2026-09-01T00:09:08.191Z,178822134819105
"Your hand is A♣, 9♠",2026-09-01T00:09:08.191Z,178822134819102
"Player stacks: #1 ""gurtyo @ gpP9uUffpu"" (1374) | #2 ""LingWae @ FQN9hzhzP_"" (702) | #10 ""woolball @ oMsP5L3lJa"" (2924)",2026-09-01T00:09:08.191Z,178822134819101
"-- starting hand #80 (id: umogyyihyl9a)  No Limit Texas Hold'em (dealer: ""gurtyo @ gpP9uUffpu"") --",2026-09-01T00:09:08.191Z,178822134819100
"-- ending hand #79 --",2026-09-01T00:09:02.185Z,178822134218503
"""woolball @ oMsP5L3lJa"" collected 185 from pot with Pair, 4's (combination: 9♠, Q♦, A♦, 4♣, 4♥)",2026-09-01T00:09:02.185Z,178822134218502
"""woolball @ oMsP5L3lJa"" shows a 4♣, A♦.",2026-09-01T00:09:02.185Z,178822134218501
"""LingWae @ FQN9hzhzP_"" shows a K♣, 10♦.",2026-09-01T00:09:02.185Z,178822134218500
"""woolball @ oMsP5L3lJa"" checks",2026-09-01T00:09:01.369Z,178822134136900
"""LingWae @ FQN9hzhzP_"" checks",2026-09-01T00:08:59.994Z,178822133999400
"River: Q♦, 9♠, 4♥, 6♥ [2♠]",2026-09-01T00:08:58.284Z,178822133828400
"""woolball @ oMsP5L3lJa"" checks",2026-09-01T00:08:57.403Z,178822133740300
"""LingWae @ FQN9hzhzP_"" checks",2026-09-01T00:08:56.024Z,178822133602400
"Turn: Q♦, 9♠, 4♥ [6♥]",2026-09-01T00:08:54.367Z,178822133436700
"""LingWae @ FQN9hzhzP_"" calls 60",2026-09-01T00:08:53.534Z,178822133353400
"""woolball @ oMsP5L3lJa"" bets 60",2026-09-01T00:08:52.426Z,178822133242600
"""LingWae @ FQN9hzhzP_"" checks",2026-09-01T00:08:49.688Z,178822132968800
"Flop:  [Q♦, 9♠, 4♥]",2026-09-01T00:08:47.074Z,178822132707400
"""LingWae @ FQN9hzhzP_"" calls 30",2026-09-01T00:08:46.174Z,178822132617400
"""gurtyo @ gpP9uUffpu"" folds",2026-09-01T00:08:45.159Z,178822132515900
"""woolball @ oMsP5L3lJa"" raises to 30",2026-09-01T00:08:43.439Z,178822132343900
"""LingWae @ FQN9hzhzP_"" posts a big blind of 10",2026-09-01T00:08:39.669Z,178822131966906
"""gurtyo @ gpP9uUffpu"" posts a small blind of 5",2026-09-01T00:08:39.669Z,178822131966905
"Player stacks: #1 ""gurtyo @ gpP9uUffpu"" (1379) | #2 ""LingWae @ FQN9hzhzP_"" (792) | #10 ""woolball @ oMsP5L3lJa"" (2829)",2026-09-01T00:08:39.669Z,178822131966901
"-- starting hand #79 (id: tlb4mqmjiy3h)  No Limit Texas Hold'em (dealer: ""woolball @ oMsP5L3lJa"") --",2026-09-01T00:08:39.669Z,178822131966900
"-- ending hand #78 --",2026-09-01T00:08:36.668Z,178822131666801
"""LingWae @ FQN9hzhzP_"" collected 224 from pot",2026-09-01T00:08:36.668Z,178822131666800
"""woolball @ oMsP5L3lJa"" folds",2026-09-01T00:08:35.796Z,178822131579600
"River: 8♠, Q♣, 2♥, 6♦ [8♦]",2026-09-01T00:08:31.264Z,178822131126400
"""woolball @ oMsP5L3lJa"" calls 67",2026-09-01T00:08:30.370Z,178822131037000
"""LingWae @ FQN9hzhzP_"" bets 67",2026-09-01T00:08:29.215Z,178822130921500
"""woolball @ oMsP5L3lJa"" checks",2026-09-01T00:08:27.194Z,178822130719400
"Turn: 8♠, Q♣, 2♥ [6♦]",2026-09-01T00:08:24.063Z,178822130406300
"""gurtyo @ gpP9uUffpu"" folds",2026-09-01T00:08:23.234Z,178822130323400
"""woolball @ oMsP5L3lJa"" calls 30",2026-09-01T00:08:22.279Z,178822130227900
"""LingWae @ FQN9hzhzP_"" bets 30",2026-09-01T00:08:15.224Z,178822129522400
"""gurtyo @ gpP9uUffpu"" checks",2026-09-01T00:08:12.554Z,178822129255400
"""woolball @ oMsP5L3lJa"" checks",2026-09-01T00:08:11.511Z,178822129151100
"Flop:  [8♠, Q♣, 2♥]",2026-09-01T00:08:09.250Z,178822128925000
"""gurtyo @ gpP9uUffpu"" checks",2026-09-01T00:08:08.350Z,178822128835000
"""woolball @ oMsP5L3lJa"" calls 10",2026-09-01T00:08:07.424Z,178822128742400
"""LingWae @ FQN9hzhzP_"" calls 10",2026-09-01T00:08:05.478Z,178822128547800
"""gurtyo @ gpP9uUffpu"" posts a big blind of 10",2026-09-01T00:08:01.394Z,178822128139406
"""woolball @ oMsP5L3lJa"" posts a small blind of 5",2026-09-01T00:08:01.394Z,178822128139405
"Player stacks: #1 ""gurtyo @ gpP9uUffpu"" (1389) | #2 ""LingWae @ FQN9hzhzP_"" (675) | #10 ""woolball @ oMsP5L3lJa"" (2936)",2026-09-01T00:08:01.394Z,178822128139401
"-- starting hand #78 (id: zjs1bqd2upv4)  No Limit Texas Hold'em (dealer: ""LingWae @ FQN9hzhzP_"") --",2026-09-01T00:08:01.394Z,178822128139400
"-- ending hand #77 --",2026-09-01T00:07:55.290Z,178822127529003
"""gurtyo @ gpP9uUffpu"" collected 780 from pot with Two Pair, Q's & J's (combination: 10♦, J♣, J♦, Q♦, Q♣)",2026-09-01T00:07:55.290Z,178822127529002
"""gurtyo @ gpP9uUffpu"" shows a 8♦, J♣.",2026-09-01T00:07:55.290Z,178822127529001
"""LingWae @ FQN9hzhzP_"" shows a 9♣, 10♣.",2026-09-01T00:07:55.290Z,178822127529000
"""gurtyo @ gpP9uUffpu"" checks",2026-09-01T00:07:54.471Z,178822127447100
"""LingWae @ FQN9hzhzP_"" checks",2026-09-01T00:07:53.548Z,178822127354800
"River: 10♦, J♦, Q♦, Q♣ [4♠]",2026-09-01T00:07:51.424Z,178822127142400
"""gurtyo @ gpP9uUffpu"" calls 195",2026-09-01T00:07:50.618Z,178822127061800
"""woolball @ oMsP5L3lJa"" folds",2026-09-01T00:07:49.667Z,178822126966700
"""LingWae @ FQN9hzhzP_"" bets 195",2026-09-01T00:07:48.350Z,178822126835000
"Turn: 10♦, J♦, Q♦ [Q♣]",2026-09-01T00:07:40.268Z,178822126026800
"""gurtyo @ gpP9uUffpu"" calls 90",2026-09-01T00:07:39.462Z,178822125946200
"""woolball @ oMsP5L3lJa"" calls 90",2026-09-01T00:07:37.746Z,178822125774600
"""LingWae @ FQN9hzhzP_"" bets 90",2026-09-01T00:07:30.018Z,178822125001800
"Flop:  [10♦, J♦, Q♦]",2026-09-01T00:07:26.561Z,178822124656100
"""gurtyo @ gpP9uUffpu"" calls 40",2026-09-01T00:07:25.713Z,178822124571300
"""woolball @ oMsP5L3lJa"" calls 40",2026-09-01T00:07:24.250Z,178822124425000
"""LingWae @ FQN9hzhzP_"" raises to 40",2026-09-01T00:07:10.864Z,178822123086400
"""gurtyo @ gpP9uUffpu"" calls 10",2026-09-01T00:07:07.659Z,178822122765900
"""woolball @ oMsP5L3lJa"" posts a big blind of 10",2026-09-01T00:07:02.115Z,178822122211507
"""LingWae @ FQN9hzhzP_"" posts a small blind of 5",2026-09-01T00:07:02.115Z,178822122211506
"Your hand is 8♦, J♣",2026-09-01T00:07:02.115Z,178822122211503
"Player stacks: #1 ""gurtyo @ gpP9uUffpu"" (934) | #2 ""LingWae @ FQN9hzhzP_"" (1000) | #10 ""woolball @ oMsP5L3lJa"" (3066)",2026-09-01T00:07:02.115Z,178822122211502
"-- starting hand #77 (id: kuqrxhbrls4k)  No Limit Texas Hold'em (dealer: ""gurtyo @ gpP9uUffpu"") --",2026-09-01T00:07:02.115Z,178822122211501
"The player ""LingWae @ FQN9hzhzP_"" joined the game with a stack of 1000.",2026-09-01T00:07:02.115Z,178822122211500
"-- ending hand #76 --",2026-09-01T00:06:56.091Z,178822121609102
"""woolball @ oMsP5L3lJa"" collected 500 from pot with Pair, Q's (combination: 9♠, J♥, A♦, Q♠, Q♣)",2026-09-01T00:06:56.091Z,178822121609101
"""woolball @ oMsP5L3lJa"" shows a Q♠, A♦.",2026-09-01T00:06:56.091Z,178822121609100
"""gurtyo @ gpP9uUffpu"" calls 180",2026-09-01T00:06:55.273Z,178822121527300
"""woolball @ oMsP5L3lJa"" raises to 180",2026-09-01T00:06:53.650Z,178822121365000
"""gurtyo @ gpP9uUffpu"" bets 40",2026-09-01T00:06:50.400Z,178822121040000
"River: 5♣, J♥, 9♠, 7♠ [Q♣]",2026-09-01T00:06:47.792Z,178822120779200
"""woolball @ oMsP5L3lJa"" checks",2026-09-01T00:06:46.960Z,178822120696000
"""gurtyo @ gpP9uUffpu"" checks",2026-09-01T00:06:45.323Z,178822120532300
"Turn: 5♣, J♥, 9♠ [7♠]",2026-09-01T00:06:44.348Z,178822120434800
"""gurtyo @ gpP9uUffpu"" calls 30",2026-09-01T00:06:43.514Z,178822120351400
"""woolball @ oMsP5L3lJa"" bets 30",2026-09-01T00:06:39.310Z,178822119931000
"The admin approved the player ""LingWae @ FQN9hzhzP_"" participation with a stack of 1000.",2026-09-01T00:06:36.962Z,178822119696200
"""gurtyo @ gpP9uUffpu"" checks",2026-09-01T00:06:34.871Z,178822119487100
"Flop:  [5♣, J♥, 9♠]",2026-09-01T00:06:33.308Z,178822119330800
"""gurtyo @ gpP9uUffpu"" calls 40",2026-09-01T00:06:32.504Z,178822119250400
"The player ""LingWae @ FQN9hzhzP_"" requested a seat.",2026-09-01T00:06:30.755Z,178822119075500
"""woolball @ oMsP5L3lJa"" raises to 40",2026-09-01T00:06:30.331Z,178822119033100
"""gurtyo @ gpP9uUffpu"" posts a big blind of 10",2026-09-01T00:06:26.485Z,178822118648506
"""woolball @ oMsP5L3lJa"" posts a small blind of 5",2026-09-01T00:06:26.485Z,178822118648505
"Player stacks: #1 ""gurtyo @ gpP9uUffpu"" (1184) | #10 ""woolball @ oMsP5L3lJa"" (2816)",2026-09-01T00:06:26.485Z,178822118648502
"-- starting hand #76 (id: 4ae0nq8wqh4n)  No Limit Texas Hold'em (dealer: ""woolball @ oMsP5L3lJa"") --",2026-09-01T00:06:26.485Z,178822118648501
"The player ""LingWae @ FQN9hzhzP_"" quits the game with a stack of 0.",2026-09-01T00:06:26.485Z,178822118648500
"-- ending hand #75 --",2026-09-01T00:06:20.463Z,178822118046301
"""woolball @ oMsP5L3lJa"" collected 2556 from pot with Two Pair, A's & 5's (combination: Q♦, 5♣, 5♥, A♦, A♥)",2026-09-01T00:06:20.463Z,178822118046300
"River: 5♣, Q♦, 5♥, 9♠ [8♦]",2026-09-01T00:06:16.455Z,178822117645500
"""woolball @ oMsP5L3lJa"" shows a A♦, A♥.",2026-09-01T00:06:12.337Z,178822117233701
"""LingWae @ FQN9hzhzP_"" shows a 9♦, 8♠.",2026-09-01T00:06:12.337Z,178822117233700
"Some players choose to not run it twice.",2026-09-01T00:06:11.478Z,178822117147801
"""woolball @ oMsP5L3lJa"" chooses to not run it twice.",2026-09-01T00:06:11.478Z,178822117147800
"""LingWae @ FQN9hzhzP_"" chooses to  run it twice.",2026-09-01T00:06:07.792Z,178822116779200
"Remaining players decide whether to run it twice.",2026-09-01T00:06:06.522Z,178822116652201
"""woolball @ oMsP5L3lJa"" calls 633",2026-09-01T00:06:06.522Z,178822116652200
"""LingWae @ FQN9hzhzP_"" raises to 633 and go all in",2026-09-01T00:06:04.929Z,178822116492900
"""gurtyo @ gpP9uUffpu"" folds",2026-09-01T00:06:03.049Z,178822116304900
"""woolball @ oMsP5L3lJa"" bets 400",2026-09-01T00:05:59.384Z,178822115938400
"Turn: 5♣, Q♦, 5♥ [9♠]",2026-09-01T00:05:54.819Z,178822115481900
"""LingWae @ FQN9hzhzP_"" checks",2026-09-01T00:05:53.995Z,178822115399500
"""gurtyo @ gpP9uUffpu"" checks",2026-09-01T00:05:50.945Z,178822115094500
"""woolball @ oMsP5L3lJa"" checks",2026-09-01T00:05:47.353Z,178822114735300
"Flop:  [5♣, Q♦, 5♥]",2026-09-01T00:05:36.161Z,178822113616100
"""gurtyo @ gpP9uUffpu"" calls 430",2026-09-01T00:05:35.314Z,178822113531400
"""woolball @ oMsP5L3lJa"" calls 430",2026-09-01T00:05:31.275Z,178822113127500
"""LingWae @ FQN9hzhzP_"" raises to 430",2026-09-01T00:05:22.615Z,178822112261500
"""gurtyo @ gpP9uUffpu"" raises to 160",2026-09-01T00:05:18.955Z,178822111895500
"""woolball @ oMsP5L3lJa"" raises to 40",2026-09-01T00:05:16.801Z,178822111680100
"""LingWae @ FQN9hzhzP_"" calls 10",2026-09-01T00:05:14.477Z,178822111447700
"""gurtyo @ gpP9uUffpu"" posts a big blind of 10",2026-09-01T00:05:10.040Z,178822111004006
"""woolball @ oMsP5L3lJa"" posts a small blind of 5",2026-09-01T00:05:10.040Z,178822111004005
"Player stacks: #1 ""gurtyo @ gpP9uUffpu"" (1614) | #2 ""LingWae @ FQN9hzhzP_"" (1063) | #10 ""woolball @ oMsP5L3lJa"" (1323)",2026-09-01T00:05:10.040Z,178822111004001
"-- starting hand #75 (id: 3ccdxnttcqvj)  No Limit Texas Hold'em (dealer: ""LingWae @ FQN9hzhzP_"") --",2026-09-01T00:05:10.040Z,178822111004000
"""woolball @ oMsP5L3lJa"" shows a 2♦.",2026-09-01T00:05:07.072Z,178822110707200
"""LingWae @ FQN9hzhzP_"" shows a 9♦.",2026-09-01T00:05:05.527Z,178822110552700
"Undealt cards: K♦, 3♥, 2♠ [9♠, Q♠]",2026-09-01T00:05:03.667Z,178822110366700
"-- ending hand #74 --",2026-09-01T00:05:02.720Z,178822110272002
"""LingWae @ FQN9hzhzP_"" collected 20 from pot",2026-09-01T00:05:02.720Z,178822110272001
"Uncalled bet of 55 returned to ""LingWae @ FQN9hzhzP_""",2026-09-01T00:05:02.720Z,178822110272000
"""woolball @ oMsP5L3lJa"" folds",2026-09-01T00:05:01.908Z,178822110190800
"""LingWae @ FQN9hzhzP_"" bets 55",2026-09-01T00:04:56.783Z,178822109678300
"Flop:  [K♦, 3♥, 2♠]",2026-09-01T00:04:52.850Z,178822109285000
"""woolball @ oMsP5L3lJa"" checks",2026-09-01T00:04:52.038Z,178822109203800
"""LingWae @ FQN9hzhzP_"" calls 10",2026-09-01T00:04:50.367Z,178822109036700
"""gurtyo @ gpP9uUffpu"" folds",2026-09-01T00:04:47.960Z,178822108796000
"""woolball @ oMsP5L3lJa"" posts a big blind of 10",2026-09-01T00:04:46.242Z,178822108624206
"""LingWae @ FQN9hzhzP_"" posts a small blind of 5",2026-09-01T00:04:46.242Z,178822108624205
"Player stacks: #1 ""gurtyo @ gpP9uUffpu"" (1614) | #2 ""LingWae @ FQN9hzhzP_"" (1053) | #10 ""woolball @ oMsP5L3lJa"" (1333)",2026-09-01T00:04:46.242Z,178822108624201
"-- starting hand #74 (id: zbamsqoktahb)  No Limit Texas Hold'em (dealer: ""gurtyo @ gpP9uUffpu"") --",2026-09-01T00:04:46.242Z,178822108624200
"""LingWae @ FQN9hzhzP_"" shows a 9♣, 3♣.",2026-09-01T00:04:42.091Z,178822108209100
"Undealt cards: 2♦, 5♦, Q♦ [J♥, 4♦]",2026-09-01T00:04:39.731Z,178822107973100
"-- ending hand #73 --",2026-09-01T00:04:39.576Z,178822107957602
"""woolball @ oMsP5L3lJa"" collected 360 from pot",2026-09-01T00:04:39.576Z,178822107957601
"Uncalled bet of 360 returned to ""woolball @ oMsP5L3lJa""",2026-09-01T00:04:39.576Z,178822107957600
"""LingWae @ FQN9hzhzP_"" folds",2026-09-01T00:04:38.738Z,178822107873800
"""gurtyo @ gpP9uUffpu"" folds",2026-09-01T00:04:36.793Z,178822107679300
"""woolball @ oMsP5L3lJa"" bets 360",2026-09-01T00:04:28.407Z,178822106840700
"""LingWae @ FQN9hzhzP_"" checks",2026-09-01T00:04:26.346Z,178822106634600
"""gurtyo @ gpP9uUffpu"" checks",2026-09-01T00:04:22.899Z,178822106289900
"Flop:  [2♦, 5♦, Q♦]",2026-09-01T00:04:19.351Z,178822105935100
"""woolball @ oMsP5L3lJa"" calls 120",2026-09-01T00:04:18.460Z,178822105846000
"""LingWae @ FQN9hzhzP_"" calls 120",2026-09-01T00:04:07.625Z,178822104762500
"""gurtyo @ gpP9uUffpu"" raises to 120",2026-09-01T00:04:03.362Z,178822104336200
"""woolball @ oMsP5L3lJa"" raises to 30",2026-09-01T00:04:00.937Z,178822104093700
"""LingWae @ FQN9hzhzP_"" posts a big blind of 10",2026-09-01T00:03:54.969Z,178822103496906
"""gurtyo @ gpP9uUffpu"" posts a small blind of 5",2026-09-01T00:03:54.969Z,178822103496905
"Player stacks: #1 ""gurtyo @ gpP9uUffpu"" (1734) | #2 ""LingWae @ FQN9hzhzP_"" (1173) | #10 ""woolball @ oMsP5L3lJa"" (1093)",2026-09-01T00:03:54.969Z,178822103496901
"-- starting hand #73 (id: 3ioibhvjjqka)  No Limit Texas Hold'em (dealer: ""woolball @ oMsP5L3lJa"") --",2026-09-01T00:03:54.969Z,178822103496900
"""LingWae @ FQN9hzhzP_"" shows a Q♦, 5♣.",2026-09-01T00:03:50.152Z,178822103015200
"-- ending hand #72 --",2026-09-01T00:03:48.408Z,178822102840802
"""woolball @ oMsP5L3lJa"" collected 30 from pot with A High (combination: 6♦, 7♥, 10♦, Q♣, A♦)",2026-09-01T00:03:48.408Z,178822102840801
"""woolball @ oMsP5L3lJa"" shows a Q♣, 6♦.",2026-09-01T00:03:48.408Z,178822102840800
"""LingWae @ FQN9hzhzP_"" checks",2026-09-01T00:03:47.573Z,178822102757300
"""woolball @ oMsP5L3lJa"" checks",2026-09-01T00:03:46.526Z,178822102652600
"River: A♦, 4♠, 10♦, 2♠ [7♥]",2026-09-01T00:03:45.682Z,178822102568200
"""LingWae @ FQN9hzhzP_"" checks",2026-09-01T00:03:44.824Z,178822102482400
"""woolball @ oMsP5L3lJa"" checks",2026-09-01T00:03:43.456Z,178822102345600
"Turn: A♦, 4♠, 10♦ [2♠]",2026-09-01T00:03:42.481Z,178822102248100
"""LingWae @ FQN9hzhzP_"" checks",2026-09-01T00:03:41.631Z,178822102163100
"""gurtyo @ gpP9uUffpu"" folds",2026-09-01T00:03:39.524Z,178822101952400
"""woolball @ oMsP5L3lJa"" checks",2026-09-01T00:03:38.416Z,178822101841600
"Flop:  [A♦, 4♠, 10♦]",2026-09-01T00:03:36.476Z,178822101647600
"""gurtyo @ gpP9uUffpu"" checks",2026-09-01T00:03:35.643Z,178822101564300
"""woolball @ oMsP5L3lJa"" calls 10",2026-09-01T00:03:34.711Z,178822101471100
"""LingWae @ FQN9hzhzP_"" calls 10",2026-09-01T00:03:32.561Z,178822101256100
"""gurtyo @ gpP9uUffpu"" posts a big blind of 10",2026-09-01T00:03:28.875Z,178822100887506
"""woolball @ oMsP5L3lJa"" posts a small blind of 5",2026-09-01T00:03:28.875Z,178822100887505
"Player stacks: #1 ""gurtyo @ gpP9uUffpu"" (1744) | #2 ""LingWae @ FQN9hzhzP_"" (1183) | #10 ""woolball @ oMsP5L3lJa"" (1073)",2026-09-01T00:03:28.875Z,178822100887501
"-- starting hand #72 (id: zo1rkiebagd2)  No Limit Texas Hold'em (dealer: ""LingWae @ FQN9hzhzP_"") --",2026-09-01T00:03:28.875Z,178822100887500
"""woolball @ oMsP5L3lJa"" shows a 9♣.",2026-09-01T00:03:26.479Z,178822100647900
"""LingWae @ FQN9hzhzP_"" shows a 7♣.",2026-09-01T00:03:25.722Z,178822100572200
"-- ending hand #71 --",2026-09-01T00:03:24.475Z,178822100447502
"""gurtyo @ gpP9uUffpu"" collected 200 from pot",2026-09-01T00:03:24.475Z,178822100447501
"Uncalled bet of 100 returned to ""gurtyo @ gpP9uUffpu""",2026-09-01T00:03:24.475Z,178822100447500
"""LingWae @ FQN9hzhzP_"" folds",2026-09-01T00:03:23.640Z,178822100364000
"""gurtyo @ gpP9uUffpu"" bets 100",2026-09-01T00:03:19.644Z,178822099964400
"""LingWae @ FQN9hzhzP_"" checks",2026-09-01T00:03:17.131Z,178822099713100
"River: 8♣, 6♦, J♣, A♠ [6♠]",2026-09-01T00:03:15.268Z,178822099526800
"""gurtyo @ gpP9uUffpu"" checks",2026-09-01T00:03:14.458Z,178822099445800
"""LingWae @ FQN9hzhzP_"" checks",2026-09-01T00:03:13.517Z,178822099351700
"Turn: 8♣, 6♦, J♣ [A♠]",2026-09-01T00:03:11.359Z,178822099135900
"""gurtyo @ gpP9uUffpu"" calls 55",2026-09-01T00:03:10.537Z,178822099053700
"""woolball @ oMsP5L3lJa"" folds",2026-09-01T00:03:09.346Z,178822098934600
"""LingWae @ FQN9hzhzP_"" bets 55",2026-09-01T00:03:00.134Z,178822098013400
"Flop:  [8♣, 6♦, J♣]",2026-09-01T00:02:53.048Z,178822097304800
"""LingWae @ FQN9hzhzP_"" calls 30",2026-09-01T00:02:52.191Z,178822097219100
"""gurtyo @ gpP9uUffpu"" calls 30",2026-09-01T00:02:50.932Z,178822097093200
"""woolball @ oMsP5L3lJa"" raises to 30",2026-09-01T00:02:48.955Z,178822096895500
"""LingWae @ FQN9hzhzP_"" calls 10",2026-09-01T00:02:43.669Z,178822096366900
"""gurtyo @ gpP9uUffpu"" calls 10",2026-09-01T00:02:41.957Z,178822096195700
"""woolball @ oMsP5L3lJa"" posts a big blind of 10",2026-09-01T00:02:38.562Z,178822095856206
"""LingWae @ FQN9hzhzP_"" posts a small blind of 5",2026-09-01T00:02:38.562Z,178822095856205
"Player stacks: #1 ""gurtyo @ gpP9uUffpu"" (1629) | #2 ""LingWae @ FQN9hzhzP_"" (1268) | #10 ""woolball @ oMsP5L3lJa"" (1103)",2026-09-01T00:02:38.562Z,178822095856201
"-- starting hand #71 (id: zkmhaip9bc2v)  No Limit Texas Hold'em (dealer: ""gurtyo @ gpP9uUffpu"") --",2026-09-01T00:02:38.562Z,178822095856200
"-- ending hand #70 --",2026-09-01T00:02:32.556Z,178822095255603
"""LingWae @ FQN9hzhzP_"" collected 630 from pot with Two Pair, J's & 2's (combination: 5♦, 2♣, 2♠, J♥, J♠)",2026-09-01T00:02:32.556Z,178822095255602
"""LingWae @ FQN9hzhzP_"" shows a J♥, 3♦.",2026-09-01T00:02:32.556Z,178822095255601
"""gurtyo @ gpP9uUffpu"" shows a 7♥, 9♦.",2026-09-01T00:02:32.556Z,178822095255600
"""woolball @ oMsP5L3lJa"" calls 120",2026-09-01T00:02:31.738Z,178822095173800
"""LingWae @ FQN9hzhzP_"" calls 120",2026-09-01T00:02:15.594Z,178822093559400
"""gurtyo @ gpP9uUffpu"" bets 120",2026-09-01T00:02:13.936Z,178822093393600
"River: 2♣, 5♦, 4♠, 2♠ [J♠]",2026-09-01T00:02:09.658Z,178822092965800
"""woolball @ oMsP5L3lJa"" checks",2026-09-01T00:02:08.812Z,178822092881200
"""LingWae @ FQN9hzhzP_"" checks",2026-09-01T00:02:07.518Z,178822092751800
"""gurtyo @ gpP9uUffpu"" checks",2026-09-01T00:02:05.772Z,178822092577200
"Turn: 2♣, 5♦, 4♠ [2♠]",2026-09-01T00:02:03.404Z,178822092340400
"""LingWae @ FQN9hzhzP_"" calls 50",2026-09-01T00:02:02.588Z,178822092258800
"""gurtyo @ gpP9uUffpu"" calls 50",2026-09-01T00:02:01.582Z,178822092158200
"""woolball @ oMsP5L3lJa"" bets 50",2026-09-01T00:02:00.599Z,178822092059900
"""LingWae @ FQN9hzhzP_"" checks",2026-09-01T00:01:57.059Z,178822091705900
"""gurtyo @ gpP9uUffpu"" checks",2026-09-01T00:01:52.783Z,178822091278300
"Flop:  [2♣, 5♦, 4♠]",2026-09-01T00:01:49.776Z,178822090977600
"""LingWae @ FQN9hzhzP_"" calls 40",2026-09-01T00:01:48.968Z,178822090896800
"""gurtyo @ gpP9uUffpu"" calls 40",2026-09-01T00:01:37.252Z,178822089725200
"""woolball @ oMsP5L3lJa"" raises to 40",2026-09-01T00:01:35.750Z,178822089575000
"""LingWae @ FQN9hzhzP_"" posts a big blind of 10",2026-09-01T00:01:30.191Z,178822089019106
"""gurtyo @ gpP9uUffpu"" posts a small blind of 5",2026-09-01T00:01:30.191Z,178822089019105
"Your hand is 7♥, 9♦",2026-09-01T00:01:30.191Z,178822089019102
"Player stacks: #1 ""gurtyo @ gpP9uUffpu"" (1839) | #2 ""LingWae @ FQN9hzhzP_"" (848) | #10 ""woolball @ oMsP5L3lJa"" (1313)",2026-09-01T00:01:30.191Z,178822089019101
"-- starting hand #70 (id: lqhl26firgfb)  No Limit Texas Hold'em (dealer: ""woolball @ oMsP5L3lJa"") --",2026-09-01T00:01:30.191Z,178822089019100
"""LingWae @ FQN9hzhzP_"" shows a 10♦, 6♣.",2026-09-01T00:01:27.648Z,178822088764800
"-- ending hand #69 --",2026-09-01T00:01:26.563Z,178822088656302
"""gurtyo @ gpP9uUffpu"" collected 260 from pot",2026-09-01T00:01:26.563Z,178822088656301
"Uncalled bet of 195 returned to ""gurtyo @ gpP9uUffpu""",2026-09-01T00:01:26.563Z,178822088656300
"""LingWae @ FQN9hzhzP_"" folds",2026-09-01T00:01:25.718Z,178822088571800
"""gurtyo @ gpP9uUffpu"" bets 195",2026-09-01T00:01:12.639Z,178822087263900
"River: 7♦, 3♠, 10♣, Q♦ [3♥]",2026-09-01T00:01:08.564Z,178822086856400
"""LingWae @ FQN9hzhzP_"" checks",2026-09-01T00:01:07.654Z,178822086765400
"""gurtyo @ gpP9uUffpu"" checks",2026-09-01T00:01:06.640Z,178822086664000
"Turn: 7♦, 3♠, 10♣ [Q♦]",2026-09-01T00:01:05.546Z,178822086554600
"""gurtyo @ gpP9uUffpu"" calls 55",2026-09-01T00:01:04.707Z,178822086470700
"""woolball @ oMsP5L3lJa"" folds",2026-09-01T00:01:03.635Z,178822086363500
"""LingWae @ FQN9hzhzP_"" bets 55",2026-09-01T00:01:01.671Z,178822086167100
"""gurtyo @ gpP9uUffpu"" checks",2026-09-01T00:00:57.964Z,178822085796400
"""woolball @ oMsP5L3lJa"" checks",2026-09-01T00:00:56.383Z,178822085638300
"Flop:  [7♦, 3♠, 10♣]",2026-09-01T00:00:53.677Z,178822085367700
"""woolball @ oMsP5L3lJa"" calls 50",2026-09-01T00:00:52.837Z,178822085283700
"""LingWae @ FQN9hzhzP_"" calls 50",2026-09-01T00:00:51.043Z,178822085104300
"""gurtyo @ gpP9uUffpu"" raises to 50",2026-09-01T00:00:49.098Z,178822084909800
"""woolball @ oMsP5L3lJa"" calls 10",2026-09-01T00:00:45.952Z,178822084595200
"""LingWae @ FQN9hzhzP_"" calls 10",2026-09-01T00:00:44.425Z,178822084442500
"""gurtyo @ gpP9uUffpu"" posts a big blind of 10",2026-09-01T00:00:37.090Z,178822083709006
"""woolball @ oMsP5L3lJa"" posts a small blind of 5",2026-09-01T00:00:37.090Z,178822083709005
"Player stacks: #1 ""gurtyo @ gpP9uUffpu"" (1684) | #2 ""LingWae @ FQN9hzhzP_"" (953) | #10 ""woolball @ oMsP5L3lJa"" (1363)",2026-09-01T00:00:37.090Z,178822083709001
"-- starting hand #69 (id: 2ugn4ygdp6ph)  No Limit Texas Hold'em (dealer: ""LingWae @ FQN9hzhzP_"") --",2026-09-01T00:00:37.090Z,178822083709000
"""LingWae @ FQN9hzhzP_"" shows a A♥, Q♠.",2026-09-01T00:00:34.601Z,178822083460100
"-- ending hand #68 --",2026-09-01T00:00:33.464Z,178822083346402
"""woolball @ oMsP5L3lJa"" collected 164 from pot",2026-09-01T00:00:33.464Z,178822083346401
"Uncalled bet of 180 returned to ""woolball @ oMsP5L3lJa""",2026-09-01T00:00:33.464Z,178822083346400
"""LingWae @ FQN9hzhzP_"" folds",2026-09-01T00:00:32.625Z,178822083262500
"""woolball @ oMsP5L3lJa"" bets 180",2026-09-01T00:00:25.871Z,178822082587100
"""LingWae @ FQN9hzhzP_"" checks",2026-09-01T00:00:23.615Z,178822082361500
"River: 4♦, 2♦, J♠, 6♥ [8♥]",2026-09-01T00:00:21.377Z,178822082137700
"""woolball @ oMsP5L3lJa"" checks",2026-09-01T00:00:20.560Z,178822082056000
"""LingWae @ FQN9hzhzP_"" checks",2026-09-01T00:00:19.363Z,178822081936300
"Turn: 4♦, 2♦, J♠ [6♥]",2026-09-01T00:00:17.179Z,178822081717900
"""woolball @ oMsP5L3lJa"" calls 10",2026-09-01T00:00:16.351Z,178822081635100
"""LingWae @ FQN9hzhzP_"" bets 10",2026-09-01T00:00:14.090Z,178822081409000
"Flop:  [4♦, 2♦, J♠]",2026-09-01T00:00:07.739Z,178822080773900
"""gurtyo @ gpP9uUffpu"" folds",2026-09-01T00:00:06.849Z,178822080684900
"""woolball @ oMsP5L3lJa"" calls 67",2026-09-01T00:00:05.850Z,178822080585000
"""LingWae @ FQN9hzhzP_"" raises to 67",2026-09-01T00:00:03.018Z,178822080301800
"""gurtyo @ gpP9uUffpu"" calls 10",2026-08-31T23:59:57.609Z,178822079760900
"""woolball @ oMsP5L3lJa"" posts a big blind of 10",2026-08-31T23:59:56.480Z,178822079648006
"""LingWae @ FQN9hzhzP_"" posts a small blind of 5",2026-08-31T23:59:56.480Z,178822079648005
"Player stacks: #1 ""gurtyo @ gpP9uUffpu"" (1694) | #2 ""LingWae @ FQN9hzhzP_"" (1030) | #10 ""woolball @ oMsP5L3lJa"" (1276)",2026-08-31T23:59:56.480Z,178822079648001
"-- starting hand #68 (id: opqlocwnkh0e)  No Limit Texas Hold'em (dealer: ""gurtyo @ gpP9uUffpu"") --",2026-08-31T23:59:56.480Z,178822079648000
"Undealt cards: 8♠, 10♠, 9♣ [3♦, Q♦]",2026-08-31T23:59:50.643Z,178822079064300
"-- ending hand #67 --",2026-08-31T23:59:50.479Z,178822079047902
"""LingWae @ FQN9hzhzP_"" collected 480 from pot",2026-08-31T23:59:50.479Z,178822079047901
"Uncalled bet of 550 returned to ""LingWae @ FQN9hzhzP_""",2026-08-31T23:59:50.479Z,178822079047900
"""gurtyo @ gpP9uUffpu"" folds",2026-08-31T23:59:49.566Z,178822078956600
"""woolball @ oMsP5L3lJa"" folds",2026-08-31T23:59:48.563Z,178822078856300
"""LingWae @ FQN9hzhzP_"" bets 550 and go all in",2026-08-31T23:59:22.765Z,178822076276500
"""gurtyo @ gpP9uUffpu"" checks",2026-08-31T23:59:19.910Z,178822075991000
"Flop:  [8♠, 10♠, 9♣]",2026-08-31T23:59:17.496Z,178822075749600
"""woolball @ oMsP5L3lJa"" calls 160",2026-08-31T23:59:16.631Z,178822075663100
"""LingWae @ FQN9hzhzP_"" calls 160",2026-08-31T23:59:14.654Z,178822075465400
"""gurtyo @ gpP9uUffpu"" raises to 160",2026-08-31T23:59:09.681Z,178822074968100
"""woolball @ oMsP5L3lJa"" raises to 40",2026-08-31T23:59:06.380Z,178822074638000
"""LingWae @ FQN9hzhzP_"" posts a big blind of 10",2026-08-31T23:59:01.995Z,178822074199506
"""gurtyo @ gpP9uUffpu"" posts a small blind of 5",2026-08-31T23:59:01.995Z,178822074199505
"Player stacks: #1 ""gurtyo @ gpP9uUffpu"" (1854) | #2 ""LingWae @ FQN9hzhzP_"" (710) | #10 ""woolball @ oMsP5L3lJa"" (1436)",2026-08-31T23:59:01.995Z,178822074199501
"-- starting hand #67 (id: vecozvw3x7ir)  No Limit Texas Hold'em (dealer: ""woolball @ oMsP5L3lJa"") --",2026-08-31T23:59:01.995Z,178822074199500
"-- ending hand #66 --",2026-08-31T23:58:55.947Z,178822073594702
"""woolball @ oMsP5L3lJa"" collected 960 from pot with Flush, A High (combination: 5♥, 6♥, Q♥, K♥, A♥)",2026-08-31T23:58:55.947Z,178822073594701
"""woolball @ oMsP5L3lJa"" shows a Q♥, K♥.",2026-08-31T23:58:55.947Z,178822073594700
"""gurtyo @ gpP9uUffpu"" calls 240",2026-08-31T23:58:55.135Z,178822073513500
"""woolball @ oMsP5L3lJa"" bets 240",2026-08-31T23:58:54.205Z,178822073420500
"River: 8♠, A♥, 5♥, 6♥ [Q♦]",2026-08-31T23:58:49.042Z,178822072904200
"""gurtyo @ gpP9uUffpu"" checks",2026-08-31T23:58:48.219Z,178822072821900
"""woolball @ oMsP5L3lJa"" checks",2026-08-31T23:58:47.239Z,178822072723900
"Turn: 8♠, A♥, 5♥ [6♥]",2026-08-31T23:58:44.865Z,178822072486500
"""woolball @ oMsP5L3lJa"" calls 180",2026-08-31T23:58:44.029Z,178822072402900
"""LingWae @ FQN9hzhzP_"" folds",2026-08-31T23:58:41.331Z,178822072133100
"""gurtyo @ gpP9uUffpu"" raises to 180",2026-08-31T23:58:40.269Z,178822072026900
"""woolball @ oMsP5L3lJa"" bets 60",2026-08-31T23:58:38.033Z,178822071803300
"Flop:  [8♠, A♥, 5♥]",2026-08-31T23:58:33.257Z,178822071325700
"""LingWae @ FQN9hzhzP_"" calls 40",2026-08-31T23:58:32.425Z,178822071242500
"""gurtyo @ gpP9uUffpu"" calls 40",2026-08-31T23:58:31.042Z,178822071104200
"""woolball @ oMsP5L3lJa"" raises to 40",2026-08-31T23:58:30.018Z,178822071001800
"""LingWae @ FQN9hzhzP_"" calls 10",2026-08-31T23:58:24.552Z,178822070455200
"""gurtyo @ gpP9uUffpu"" posts a big blind of 10",2026-08-31T23:58:22.900Z,178822070290006
"""woolball @ oMsP5L3lJa"" posts a small blind of 5",2026-08-31T23:58:22.900Z,178822070290005
"Player stacks: #1 ""gurtyo @ gpP9uUffpu"" (2314) | #2 ""LingWae @ FQN9hzhzP_"" (750) | #10 ""woolball @ oMsP5L3lJa"" (936)",2026-08-31T23:58:22.900Z,178822070290001
"-- starting hand #66 (id: 4rgfjdzyo4tw)  No Limit Texas Hold'em (dealer: ""LingWae @ FQN9hzhzP_"") --",2026-08-31T23:58:22.900Z,178822070290000
"""LingWae @ FQN9hzhzP_"" shows a 4♦, 10♦.",2026-08-31T23:58:18.472Z,178822069847200
"-- ending hand #65 --",2026-08-31T23:58:16.365Z,178822069636501
"""gurtyo @ gpP9uUffpu"" collected 2314 from pot with Pair, 10's (combination: 4♥, 9♥, K♥, 10♣, 10♠)",2026-08-31T23:58:16.365Z,178822069636500
"River: 2♦, 4♥, 3♠, 9♥ [K♥]",2026-08-31T23:58:12.292Z,178822069229200
"""woolball @ oMsP5L3lJa"" shows a 9♣, 6♥.",2026-08-31T23:58:08.290Z,178822068829001
"Uncalled bet of 936 returned to ""woolball @ oMsP5L3lJa""",2026-08-31T23:58:08.290Z,178822068829000
"""gurtyo @ gpP9uUffpu"" shows a 10♣, 10♠.",2026-08-31T23:58:07.992Z,178822068799200
"Some players choose to not run it twice.",2026-08-31T23:58:07.461Z,178822068746101
"""woolball @ oMsP5L3lJa"" chooses to not run it twice.",2026-08-31T23:58:07.461Z,178822068746100
"""gurtyo @ gpP9uUffpu"" chooses to  run it twice.",2026-08-31T23:58:05.554Z,178822068555400
"Remaining players decide whether to run it twice.",2026-08-31T23:58:04.055Z,178822068405501
"""gurtyo @ gpP9uUffpu"" calls 782 and go all in",2026-08-31T23:58:04.055Z,178822068405500
"""woolball @ oMsP5L3lJa"" raises to 1718 and go all in",2026-08-31T23:58:03.143Z,178822068314300
"""LingWae @ FQN9hzhzP_"" folds",2026-08-31T23:57:52.216Z,178822067221600
"""gurtyo @ gpP9uUffpu"" raises to 360",2026-08-31T23:57:50.594Z,178822067059400
"""woolball @ oMsP5L3lJa"" bets 120",2026-08-31T23:57:46.936Z,178822066693600
"""LingWae @ FQN9hzhzP_"" checks",2026-08-31T23:57:41.063Z,178822066106300
"Turn: 2♦, 4♥, 3♠ [9♥]",2026-08-31T23:57:37.569Z,178822065756900
"""woolball @ oMsP5L3lJa"" calls 210",2026-08-31T23:57:36.717Z,178822065671700
"""LingWae @ FQN9hzhzP_"" calls 210",2026-08-31T23:57:27.742Z,178822064774200
"""gurtyo @ gpP9uUffpu"" raises to 210",2026-08-31T23:57:21.725Z,178822064172500
"""woolball @ oMsP5L3lJa"" calls 55",2026-08-31T23:57:19.402Z,178822063940200
"""LingWae @ FQN9hzhzP_"" bets 55",2026-08-31T23:57:15.956Z,178822063595600
"Flop:  [2♦, 4♥, 3♠]",2026-08-31T23:57:10.456Z,178822063045600
"""woolball @ oMsP5L3lJa"" calls 40",2026-08-31T23:57:09.598Z,178822062959800
"""LingWae @ FQN9hzhzP_"" calls 40",2026-08-31T23:57:02.942Z,178822062294200
"""gurtyo @ gpP9uUffpu"" raises to 40",2026-08-31T23:57:01.324Z,178822062132400
"""woolball @ oMsP5L3lJa"" posts a big blind of 10",2026-08-31T23:56:59.636Z,178822061963607
"""LingWae @ FQN9hzhzP_"" posts a small blind of 5",2026-08-31T23:56:59.636Z,178822061963606
"Your hand is 10♣, 10♠",2026-08-31T23:56:59.636Z,178822061963603
"Player stacks: #1 ""gurtyo @ gpP9uUffpu"" (1032) | #2 ""LingWae @ FQN9hzhzP_"" (1000) | #10 ""woolball @ oMsP5L3lJa"" (1968)",2026-08-31T23:56:59.636Z,178822061963602
"-- starting hand #65 (id: vhvvrzfqjse7)  No Limit Texas Hold'em (dealer: ""gurtyo @ gpP9uUffpu"") --",2026-08-31T23:56:59.636Z,178822061963601
"The player ""LingWae @ FQN9hzhzP_"" joined the game with a stack of 1000.",2026-08-31T23:56:59.636Z,178822061963600
"""woolball @ oMsP5L3lJa"" shows a 2♥, 7♦.",2026-08-31T23:56:56.806Z,178822061680600
"-- ending hand #64 --",2026-08-31T23:56:56.028Z,178822061602802
"""woolball @ oMsP5L3lJa"" collected 260 from pot",2026-08-31T23:56:56.028Z,178822061602801
"Uncalled bet of 150 returned to ""woolball @ oMsP5L3lJa""",2026-08-31T23:56:56.028Z,178822061602800
"""gurtyo @ gpP9uUffpu"" folds",2026-08-31T23:56:55.185Z,178822061518500
"""woolball @ oMsP5L3lJa"" raises to 210",2026-08-31T23:56:48.238Z,178822060823800
"""gurtyo @ gpP9uUffpu"" bets 60",2026-08-31T23:56:38.988Z,178822059898800
"River: 6♠, 9♥, 10♣, 3♥ [3♠]",2026-08-31T23:56:34.810Z,178822059481000
"""woolball @ oMsP5L3lJa"" checks",2026-08-31T23:56:33.998Z,178822059399800
"""gurtyo @ gpP9uUffpu"" checks",2026-08-31T23:56:32.951Z,178822059295100
"Turn: 6♠, 9♥, 10♣ [3♥]",2026-08-31T23:56:32.151Z,178822059215100
"""gurtyo @ gpP9uUffpu"" calls 40",2026-08-31T23:56:31.300Z,178822059130000
"""woolball @ oMsP5L3lJa"" bets 40",2026-08-31T23:56:30.364Z,178822059036400
"""gurtyo @ gpP9uUffpu"" checks",2026-08-31T23:56:24.654Z,178822058465400
"Flop:  [6♠, 9♥, 10♣]",2026-08-31T23:56:23.565Z,178822058356500
"""gurtyo @ gpP9uUffpu"" calls 30",2026-08-31T23:56:22.669Z,178822058266900
"""woolball @ oMsP5L3lJa"" raises to 30",2026-08-31T23:56:21.566Z,178822058156600
"The admin approved the player ""LingWae @ FQN9hzhzP_"" participation with a stack of 1000.",2026-08-31T23:56:20.407Z,178822058040700
"The player ""LingWae @ FQN9hzhzP_"" requested a seat.",2026-08-31T23:56:17.794Z,178822057779400
"""gurtyo @ gpP9uUffpu"" posts a big blind of 10",2026-08-31T23:56:14.459Z,178822057445906
"""woolball @ oMsP5L3lJa"" posts a small blind of 5",2026-08-31T23:56:14.459Z,178822057445905
"Player stacks: #1 ""gurtyo @ gpP9uUffpu"" (1162) | #10 ""woolball @ oMsP5L3lJa"" (1838)",2026-08-31T23:56:14.459Z,178822057445902
"-- starting hand #64 (id: tulsthzhopdb)  No Limit Texas Hold'em (dealer: ""woolball @ oMsP5L3lJa"") --",2026-08-31T23:56:14.459Z,178822057445901
"The player ""LingWae @ FQN9hzhzP_"" quits the game with a stack of 0.",2026-08-31T23:56:14.459Z,178822057445900
"-- ending hand #63 --",2026-08-31T23:56:06.398Z,178822056639802
"""gurtyo @ gpP9uUffpu"" collected 357 from pot with Two Pair, 8's & 7's on the second run  (combination: J♥, 7♠, 7♥, 8♥, 8♦)",2026-08-31T23:56:06.398Z,178822056639801
"""gurtyo @ gpP9uUffpu"" collected 358 from pot with Two Pair, 8's & 7's (combination: J♥, 7♠, 7♥, 8♥, 8♦)",2026-08-31T23:56:06.398Z,178822056639800
"River (second run): 8♦, 7♥, 4♣, J♥ [10♥]",2026-08-31T23:56:02.359Z,178822056235900
"River: 8♦, 7♥, 4♣, J♥ [10♦]",2026-08-31T23:55:58.308Z,178822055830800
"""LingWae @ FQN9hzhzP_"" shows a J♠, 5♠.",2026-08-31T23:55:54.204Z,178822055420400
"""gurtyo @ gpP9uUffpu"" shows a 8♥, 7♠.",2026-08-31T23:55:54.140Z,178822055414000
"All players in hand choose to run it twice.",2026-08-31T23:55:53.387Z,178822055338701
"""LingWae @ FQN9hzhzP_"" chooses to  run it twice.",2026-08-31T23:55:53.387Z,178822055338700
"""gurtyo @ gpP9uUffpu"" chooses to  run it twice.",2026-08-31T23:55:53.089Z,178822055308900
"Remaining players decide whether to run it twice.",2026-08-31T23:55:52.178Z,178822055217801
"""gurtyo @ gpP9uUffpu"" calls 290",2026-08-31T23:55:52.178Z,178822055217800
"""LingWae @ FQN9hzhzP_"" raises to 290 and go all in",2026-08-31T23:55:51.210Z,178822055121000
"""gurtyo @ gpP9uUffpu"" bets 60",2026-08-31T23:55:47.637Z,178822054763700
"Turn: 8♦, 7♥, 4♣ [J♥]",2026-08-31T23:55:45.198Z,178822054519800
"""LingWae @ FQN9hzhzP_"" calls 30",2026-08-31T23:55:44.387Z,178822054438700
"""gurtyo @ gpP9uUffpu"" bets 30",2026-08-31T23:55:42.916Z,178822054291600
"Flop:  [8♦, 7♥, 4♣]",2026-08-31T23:55:39.992Z,178822053999200
"""gurtyo @ gpP9uUffpu"" calls 35",2026-08-31T23:55:39.092Z,178822053909200
"""woolball @ oMsP5L3lJa"" folds",2026-08-31T23:55:38.150Z,178822053815000
"""LingWae @ FQN9hzhzP_"" raises to 35",2026-08-31T23:55:36.015Z,178822053601500
"""gurtyo @ gpP9uUffpu"" posts a big blind of 10",2026-08-31T23:55:32.291Z,178822053229106
"""woolball @ oMsP5L3lJa"" posts a small blind of 5",2026-08-31T23:55:32.291Z,178822053229105
"Your hand is 8♥, 7♠",2026-08-31T23:55:32.291Z,178822053229102
"Player stacks: #1 ""gurtyo @ gpP9uUffpu"" (802) | #2 ""LingWae @ FQN9hzhzP_"" (355) | #10 ""woolball @ oMsP5L3lJa"" (1843)",2026-08-31T23:55:32.291Z,178822053229101
"-- starting hand #63 (id: z2ihonrpiri4)  No Limit Texas Hold'em (dealer: ""LingWae @ FQN9hzhzP_"") --",2026-08-31T23:55:32.291Z,178822053229100
"-- ending hand #62 --",2026-08-31T23:55:29.388Z,178822052938802
"""woolball @ oMsP5L3lJa"" collected 60 from pot",2026-08-31T23:55:29.388Z,178822052938801
"Uncalled bet of 60 returned to ""woolball @ oMsP5L3lJa""",2026-08-31T23:55:29.388Z,178822052938800
"""LingWae @ FQN9hzhzP_"" folds",2026-08-31T23:55:28.543Z,178822052854300
"""woolball @ oMsP5L3lJa"" bets 60",2026-08-31T23:55:27.035Z,178822052703500
"""LingWae @ FQN9hzhzP_"" checks",2026-08-31T23:55:25.138Z,178822052513800
"River: 10♠, 4♠, 4♥, 9♦ [9♥]",2026-08-31T23:55:22.778Z,178822052277800
"""woolball @ oMsP5L3lJa"" checks",2026-08-31T23:55:21.900Z,178822052190000
"""LingWae @ FQN9hzhzP_"" checks",2026-08-31T23:55:20.806Z,178822052080600
"Turn: 10♠, 4♠, 4♥ [9♦]",2026-08-31T23:55:18.177Z,178822051817700
"""LingWae @ FQN9hzhzP_"" calls 20",2026-08-31T23:55:17.323Z,178822051732300
"""woolball @ oMsP5L3lJa"" bets 20",2026-08-31T23:55:15.331Z,178822051533100
"""LingWae @ FQN9hzhzP_"" checks",2026-08-31T23:55:13.610Z,178822051361000
"Flop:  [10♠, 4♠, 4♥]",2026-08-31T23:55:08.579Z,178822050857900
"""woolball @ oMsP5L3lJa"" checks",2026-08-31T23:55:07.767Z,178822050776700
"""LingWae @ FQN9hzhzP_"" calls 10",2026-08-31T23:55:06.511Z,178822050651100
"""gurtyo @ gpP9uUffpu"" folds",2026-08-31T23:55:05.044Z,178822050504400
"""woolball @ oMsP5L3lJa"" posts a big blind of 10",2026-08-31T23:55:03.370Z,178822050337006
"""LingWae @ FQN9hzhzP_"" posts a small blind of 5",2026-08-31T23:55:03.370Z,178822050337005
"Player stacks: #1 ""gurtyo @ gpP9uUffpu"" (802) | #2 ""LingWae @ FQN9hzhzP_"" (385) | #10 ""woolball @ oMsP5L3lJa"" (1813)",2026-08-31T23:55:03.370Z,178822050337001
"-- starting hand #62 (id: vrj8lk464emy)  No Limit Texas Hold'em (dealer: ""gurtyo @ gpP9uUffpu"") --",2026-08-31T23:55:03.370Z,178822050337000
"Undealt cards:  [8♣, 8♥, 2♠, K♦, 4♦]",2026-08-31T23:54:59.557Z,178822049955700
"-- ending hand #61 --",2026-08-31T23:54:57.434Z,178822049743402
"""woolball @ oMsP5L3lJa"" collected 25 from pot",2026-08-31T23:54:57.434Z,178822049743401
"Uncalled bet of 20 returned to ""woolball @ oMsP5L3lJa""",2026-08-31T23:54:57.434Z,178822049743400
"""LingWae @ FQN9hzhzP_"" folds",2026-08-31T23:54:56.618Z,178822049661800
"""gurtyo @ gpP9uUffpu"" folds",2026-08-31T23:54:53.991Z,178822049399100
"""woolball @ oMsP5L3lJa"" raises to 30",2026-08-31T23:54:50.051Z,178822049005100
"""LingWae @ FQN9hzhzP_"" posts a big blind of 10",2026-08-31T23:54:47.554Z,178822048755406
"""gurtyo @ gpP9uUffpu"" posts a small blind of 5",2026-08-31T23:54:47.554Z,178822048755405
"Player stacks: #1 ""gurtyo @ gpP9uUffpu"" (807) | #2 ""LingWae @ FQN9hzhzP_"" (395) | #10 ""woolball @ oMsP5L3lJa"" (1798)",2026-08-31T23:54:47.554Z,178822048755401
"-- starting hand #61 (id: ldwy5lskpnaz)  No Limit Texas Hold'em (dealer: ""woolball @ oMsP5L3lJa"") --",2026-08-31T23:54:47.554Z,178822048755400
"""LingWae @ FQN9hzhzP_"" shows a K♦, K♣.",2026-08-31T23:54:43.771Z,178822048377100
"Undealt cards: 4♦, 6♥, 10♠ [Q♦, 3♣]",2026-08-31T23:54:41.246Z,178822048124600
"-- ending hand #60 --",2026-08-31T23:54:40.948Z,178822048094802
"""LingWae @ FQN9hzhzP_"" collected 75 from pot",2026-08-31T23:54:40.948Z,178822048094801
"Uncalled bet of 320 returned to ""LingWae @ FQN9hzhzP_""",2026-08-31T23:54:40.948Z,178822048094800
"""gurtyo @ gpP9uUffpu"" folds",2026-08-31T23:54:40.034Z,178822048003400
"""woolball @ oMsP5L3lJa"" folds",2026-08-31T23:54:39.081Z,178822047908100
"""LingWae @ FQN9hzhzP_"" raises to 335 and go all in",2026-08-31T23:54:36.240Z,178822047624000
"""gurtyo @ gpP9uUffpu"" calls 15",2026-08-31T23:54:34.388Z,178822047438800
"""woolball @ oMsP5L3lJa"" bets 15",2026-08-31T23:54:33.272Z,178822047327200
"Flop:  [4♦, 6♥, 10♠]",2026-08-31T23:54:28.536Z,178822046853600
"""gurtyo @ gpP9uUffpu"" checks",2026-08-31T23:54:27.632Z,178822046763200
"""woolball @ oMsP5L3lJa"" calls 10",2026-08-31T23:54:26.613Z,178822046661300
"""LingWae @ FQN9hzhzP_"" calls 10",2026-08-31T23:54:23.805Z,178822046380500
"""gurtyo @ gpP9uUffpu"" posts a big blind of 10",2026-08-31T23:54:21.130Z,178822046113006
"""woolball @ oMsP5L3lJa"" posts a small blind of 5",2026-08-31T23:54:21.130Z,178822046113005
"Player stacks: #1 ""gurtyo @ gpP9uUffpu"" (832) | #2 ""LingWae @ FQN9hzhzP_"" (345) | #10 ""woolball @ oMsP5L3lJa"" (1823)",2026-08-31T23:54:21.130Z,178822046113001
"-- starting hand #60 (id: 7z5kryixjftp)  No Limit Texas Hold'em (dealer: ""LingWae @ FQN9hzhzP_"") --",2026-08-31T23:54:21.130Z,178822046113000
"""LingWae @ FQN9hzhzP_"" shows a 8♦, J♦.",2026-08-31T23:54:19.746Z,178822045974600
"""gurtyo @ gpP9uUffpu"" shows a A♣.",2026-08-31T23:54:18.264Z,178822045826400
"-- ending hand #59 --",2026-08-31T23:54:16.730Z,178822045673002
"""gurtyo @ gpP9uUffpu"" collected 230 from pot",2026-08-31T23:54:16.730Z,178822045673001
"Uncalled bet of 115 returned to ""gurtyo @ gpP9uUffpu""",2026-08-31T23:54:16.730Z,178822045673000
"""woolball @ oMsP5L3lJa"" folds",2026-08-31T23:54:15.793Z,178822045579300
"""LingWae @ FQN9hzhzP_"" folds",2026-08-31T23:54:11.350Z,178822045135000
"""gurtyo @ gpP9uUffpu"" raises to 170",2026-08-31T23:54:10.234Z,178822045023400
"""woolball @ oMsP5L3lJa"" bets 55",2026-08-31T23:54:03.925Z,178822044392500
"""LingWae @ FQN9hzhzP_"" checks",2026-08-31T23:53:58.567Z,178822043856700
"River: 10♣, Q♠, 5♠, 2♥ [4♠]",2026-08-31T23:53:53.076Z,178822043307600
"""gurtyo @ gpP9uUffpu"" checks",2026-08-31T23:53:52.177Z,178822043217700
"""woolball @ oMsP5L3lJa"" checks",2026-08-31T23:53:51.167Z,178822043116700
"""LingWae @ FQN9hzhzP_"" checks",2026-08-31T23:53:49.774Z,178822042977400
"Turn: 10♣, Q♠, 5♠ [2♥]",2026-08-31T23:53:47.276Z,178822042727600
"""gurtyo @ gpP9uUffpu"" checks",2026-08-31T23:53:46.459Z,178822042645900
"""woolball @ oMsP5L3lJa"" checks",2026-08-31T23:53:44.883Z,178822042488300
"""LingWae @ FQN9hzhzP_"" checks",2026-08-31T23:53:43.445Z,178822042344500
"Flop:  [10♣, Q♠, 5♠]",2026-08-31T23:53:33.669Z,178822041366900
"""gurtyo @ gpP9uUffpu"" calls 40",2026-08-31T23:53:32.863Z,178822041286300
"""woolball @ oMsP5L3lJa"" calls 40",2026-08-31T23:53:31.027Z,178822041102700
"""LingWae @ FQN9hzhzP_"" raises to 40",2026-08-31T23:53:28.814Z,178822040881400
"""gurtyo @ gpP9uUffpu"" calls 10",2026-08-31T23:53:25.059Z,178822040505900
"""woolball @ oMsP5L3lJa"" posts a big blind of 10",2026-08-31T23:53:23.863Z,178822040386306
"""LingWae @ FQN9hzhzP_"" posts a small blind of 5",2026-08-31T23:53:23.863Z,178822040386305
"Player stacks: #1 ""gurtyo @ gpP9uUffpu"" (697) | #2 ""LingWae @ FQN9hzhzP_"" (385) | #10 ""woolball @ oMsP5L3lJa"" (1918)",2026-08-31T23:53:23.863Z,178822040386301
"-- starting hand #59 (id: jxlnp1mler1b)  No Limit Texas Hold'em (dealer: ""gurtyo @ gpP9uUffpu"") --",2026-08-31T23:53:23.863Z,178822040386300
"""woolball @ oMsP5L3lJa"" shows a 2♥.",2026-08-31T23:53:20.046Z,178822040004600
"""LingWae @ FQN9hzhzP_"" shows a 6♥.",2026-08-31T23:53:18.758Z,178822039875800
"Undealt cards: 5♦, 4♥, Q♥ [6♦, 9♣]",2026-08-31T23:53:16.866Z,178822039686600
"-- ending hand #58 --",2026-08-31T23:53:16.519Z,178822039651902
"""woolball @ oMsP5L3lJa"" collected 90 from pot",2026-08-31T23:53:16.519Z,178822039651901
"Uncalled bet of 45 returned to ""woolball @ oMsP5L3lJa""",2026-08-31T23:53:16.519Z,178822039651900
"""LingWae @ FQN9hzhzP_"" folds",2026-08-31T23:53:15.690Z,178822039569000
"""gurtyo @ gpP9uUffpu"" folds",2026-08-31T23:53:14.056Z,178822039405600
"""woolball @ oMsP5L3lJa"" bets 45",2026-08-31T23:53:10.322Z,178822039032200
"""LingWae @ FQN9hzhzP_"" checks",2026-08-31T23:53:07.919Z,178822038791900
"""gurtyo @ gpP9uUffpu"" checks",2026-08-31T23:53:05.977Z,178822038597700
"Flop:  [5♦, 4♥, Q♥]",2026-08-31T23:53:02.910Z,178822038291000
"""LingWae @ FQN9hzhzP_"" calls 30",2026-08-31T23:53:02.083Z,178822038208300
"""gurtyo @ gpP9uUffpu"" calls 30",2026-08-31T23:53:00.202Z,178822038020200
"""woolball @ oMsP5L3lJa"" raises to 30",2026-08-31T23:52:56.338Z,178822037633800
"""LingWae @ FQN9hzhzP_"" posts a big blind of 10",2026-08-31T23:52:53.551Z,178822037355106
"""gurtyo @ gpP9uUffpu"" posts a small blind of 5",2026-08-31T23:52:53.551Z,178822037355105
"Player stacks: #1 ""gurtyo @ gpP9uUffpu"" (727) | #2 ""LingWae @ FQN9hzhzP_"" (415) | #10 ""woolball @ oMsP5L3lJa"" (1858)",2026-08-31T23:52:53.551Z,178822037355101
"-- starting hand #58 (id: ecw1d5ijxvdc)  No Limit Texas Hold'em (dealer: ""woolball @ oMsP5L3lJa"") --",2026-08-31T23:52:53.551Z,178822037355100
"""LingWae @ FQN9hzhzP_"" shows a Q♦.",2026-08-31T23:52:50.007Z,178822037000700
"Undealt cards: 10♦, Q♠, 9♠ [3♣, K♠]",2026-08-31T23:52:47.560Z,178822036756000
"-- ending hand #57 --",2026-08-31T23:52:46.914Z,178822036691402
"""woolball @ oMsP5L3lJa"" collected 510 from pot",2026-08-31T23:52:46.914Z,178822036691401
"Uncalled bet of 1348 returned to ""woolball @ oMsP5L3lJa""",2026-08-31T23:52:46.914Z,178822036691400
"""LingWae @ FQN9hzhzP_"" folds",2026-08-31T23:52:46.091Z,178822036609100
"""woolball @ oMsP5L3lJa"" raises to 1568 and go all in",2026-08-31T23:52:29.028Z,178822034902800
"""LingWae @ FQN9hzhzP_"" raises to 220",2026-08-31T23:52:26.333Z,178822034633300
"""woolball @ oMsP5L3lJa"" bets 50",2026-08-31T23:52:22.937Z,178822034293700
"Flop:  [10♦, Q♠, 9♠]",2026-08-31T23:52:19.773Z,178822033977300
"""LingWae @ FQN9hzhzP_"" calls 30",2026-08-31T23:52:18.951Z,178822033895100
"""gurtyo @ gpP9uUffpu"" folds",2026-08-31T23:52:17.798Z,178822033779800
"""woolball @ oMsP5L3lJa"" raises to 30",2026-08-31T23:52:16.889Z,178822033688900
"""LingWae @ FQN9hzhzP_"" calls 10",2026-08-31T23:52:14.391Z,178822033439100
"""gurtyo @ gpP9uUffpu"" posts a big blind of 10",2026-08-31T23:52:13.303Z,178822033330306
"""woolball @ oMsP5L3lJa"" posts a small blind of 5",2026-08-31T23:52:13.303Z,178822033330305
"Player stacks: #1 ""gurtyo @ gpP9uUffpu"" (737) | #2 ""LingWae @ FQN9hzhzP_"" (665) | #10 ""woolball @ oMsP5L3lJa"" (1598)",2026-08-31T23:52:13.303Z,178822033330301
"-- starting hand #57 (id: xxt7jvq0vjf8)  No Limit Texas Hold'em (dealer: ""LingWae @ FQN9hzhzP_"") --",2026-08-31T23:52:13.303Z,178822033330300
"""LingWae @ FQN9hzhzP_"" shows a 2♣.",2026-08-31T23:52:10.234Z,178822033023400
"""gurtyo @ gpP9uUffpu"" shows a J♦.",2026-08-31T23:52:10.195Z,178822033019500
"""woolball @ oMsP5L3lJa"" shows a 4♣.",2026-08-31T23:52:07.643Z,178822032764300
"Undealt cards: 8♥, 6♥, K♦ [4♥, 8♦]",2026-08-31T23:52:05.577Z,178822032557700
"-- ending hand #56 --",2026-08-31T23:52:05.299Z,178822032529902
"""woolball @ oMsP5L3lJa"" collected 90 from pot",2026-08-31T23:52:05.299Z,178822032529901
"Uncalled bet of 90 returned to ""woolball @ oMsP5L3lJa""",2026-08-31T23:52:05.299Z,178822032529900
"""LingWae @ FQN9hzhzP_"" folds",2026-08-31T23:52:04.404Z,178822032440400
"""gurtyo @ gpP9uUffpu"" folds",2026-08-31T23:52:03.476Z,178822032347600
"""woolball @ oMsP5L3lJa"" bets 90",2026-08-31T23:52:02.549Z,178822032254900
"""LingWae @ FQN9hzhzP_"" checks",2026-08-31T23:51:59.272Z,178822031927200
"Flop:  [8♥, 6♥, K♦]",2026-08-31T23:51:55.270Z,178822031527000
"""woolball @ oMsP5L3lJa"" calls 30",2026-08-31T23:51:54.422Z,178822031442200
"""LingWae @ FQN9hzhzP_"" calls 30",2026-08-31T23:51:52.936Z,178822031293600
"""gurtyo @ gpP9uUffpu"" raises to 30",2026-08-31T23:51:50.552Z,178822031055200
"""woolball @ oMsP5L3lJa"" posts a big blind of 10",2026-08-31T23:51:49.060Z,178822030906006
"""LingWae @ FQN9hzhzP_"" posts a small blind of 5",2026-08-31T23:51:49.060Z,178822030906005
"Player stacks: #1 ""gurtyo @ gpP9uUffpu"" (767) | #2 ""LingWae @ FQN9hzhzP_"" (695) | #10 ""woolball @ oMsP5L3lJa"" (1538)",2026-08-31T23:51:49.060Z,178822030906001
"-- starting hand #56 (id: ntggvrb9bl9b)  No Limit Texas Hold'em (dealer: ""gurtyo @ gpP9uUffpu"") --",2026-08-31T23:51:49.060Z,178822030906000
"""LingWae @ FQN9hzhzP_"" shows a 2♥, 2♦.",2026-08-31T23:51:44.118Z,178822030411800
"""gurtyo @ gpP9uUffpu"" shows a 4♣.",2026-08-31T23:51:44.007Z,178822030400700
"""woolball @ oMsP5L3lJa"" shows a 4♦.",2026-08-31T23:51:42.085Z,178822030208500
"Undealt cards:  [J♠, 10♦, 7♥, 4♠, 5♠]",2026-08-31T23:51:41.294Z,178822030129400
"-- ending hand #55 --",2026-08-31T23:51:41.056Z,178822030105602
"""LingWae @ FQN9hzhzP_"" collected 65 from pot",2026-08-31T23:51:41.056Z,178822030105601
"Uncalled bet of 630 returned to ""LingWae @ FQN9hzhzP_""",2026-08-31T23:51:41.056Z,178822030105600
"""woolball @ oMsP5L3lJa"" folds",2026-08-31T23:51:40.244Z,178822030024400
"""LingWae @ FQN9hzhzP_"" raises to 660 and go all in",2026-08-31T23:51:37.998Z,178822029799800
"""gurtyo @ gpP9uUffpu"" folds",2026-08-31T23:51:34.539Z,178822029453900
"""woolball @ oMsP5L3lJa"" raises to 30",2026-08-31T23:51:33.553Z,178822029355300
"""LingWae @ FQN9hzhzP_"" posts a big blind of 10",2026-08-31T23:51:30.844Z,178822029084406
"""gurtyo @ gpP9uUffpu"" posts a small blind of 5",2026-08-31T23:51:30.844Z,178822029084405
"Player stacks: #1 ""gurtyo @ gpP9uUffpu"" (772) | #2 ""LingWae @ FQN9hzhzP_"" (660) | #10 ""woolball @ oMsP5L3lJa"" (1568)",2026-08-31T23:51:30.844Z,178822029084401
"-- starting hand #55 (id: ywfpt4edlv0r)  No Limit Texas Hold'em (dealer: ""woolball @ oMsP5L3lJa"") --",2026-08-31T23:51:30.844Z,178822029084400
"""LingWae @ FQN9hzhzP_"" shows a 8♦, K♥.",2026-08-31T23:51:28.782Z,178822028878200
"-- ending hand #54 --",2026-08-31T23:51:24.187Z,178822028418702
"""gurtyo @ gpP9uUffpu"" collected 297 from pot with Two Pair, 10's & 5's (combination: 7♥, 5♣, 5♠, 10♥, 10♣)",2026-08-31T23:51:24.187Z,178822028418701
"""gurtyo @ gpP9uUffpu"" shows a 10♥, 7♥.",2026-08-31T23:51:24.187Z,178822028418700
"""LingWae @ FQN9hzhzP_"" checks",2026-08-31T23:51:23.292Z,178822028329200
"""gurtyo @ gpP9uUffpu"" checks",2026-08-31T23:51:21.002Z,178822028100200
"River: 4♠, 10♣, 2♥, 5♣ [5♠]",2026-08-31T23:51:19.990Z,178822027999000
"""gurtyo @ gpP9uUffpu"" calls 66",2026-08-31T23:51:19.154Z,178822027915400
"""woolball @ oMsP5L3lJa"" folds",2026-08-31T23:51:18.228Z,178822027822800
"""LingWae @ FQN9hzhzP_"" bets 66",2026-08-31T23:51:17.046Z,178822027704600
"""gurtyo @ gpP9uUffpu"" checks",2026-08-31T23:51:14.111Z,178822027411100
"""woolball @ oMsP5L3lJa"" checks",2026-08-31T23:51:11.577Z,178822027157700
"Turn: 4♠, 10♣, 2♥ [5♣]",2026-08-31T23:51:09.978Z,178822026997800
"""woolball @ oMsP5L3lJa"" calls 45",2026-08-31T23:51:09.064Z,178822026906400
"""LingWae @ FQN9hzhzP_"" calls 45",2026-08-31T23:51:07.917Z,178822026791700
"""gurtyo @ gpP9uUffpu"" raises to 45",2026-08-31T23:51:06.280Z,178822026628000
"""woolball @ oMsP5L3lJa"" bets 15",2026-08-31T23:51:02.610Z,178822026261000
"Flop:  [4♠, 10♣, 2♥]",2026-08-31T23:50:58.340Z,178822025834000
"""gurtyo @ gpP9uUffpu"" checks",2026-08-31T23:50:57.503Z,178822025750300
"""woolball @ oMsP5L3lJa"" calls 10",2026-08-31T23:50:56.585Z,178822025658500
"""LingWae @ FQN9hzhzP_"" calls 10",2026-08-31T23:50:53.334Z,178822025333400
"""gurtyo @ gpP9uUffpu"" posts a big blind of 10",2026-08-31T23:50:51.735Z,178822025173506
"""woolball @ oMsP5L3lJa"" posts a small blind of 5",2026-08-31T23:50:51.735Z,178822025173505
"Your hand is 10♥, 7♥",2026-08-31T23:50:51.735Z,178822025173502
"Player stacks: #1 ""gurtyo @ gpP9uUffpu"" (596) | #2 ""LingWae @ FQN9hzhzP_"" (781) | #10 ""woolball @ oMsP5L3lJa"" (1623)",2026-08-31T23:50:51.735Z,178822025173501
"-- starting hand #54 (id: xwxmyuqngwng)  No Limit Texas Hold'em (dealer: ""LingWae @ FQN9hzhzP_"") --",2026-08-31T23:50:51.735Z,178822025173500
"""LingWae @ FQN9hzhzP_"" shows a Q♠.",2026-08-31T23:50:50.505Z,178822025050500
"""LingWae @ FQN9hzhzP_"" shows a 4♣.",2026-08-31T23:50:48.010Z,178822024801000
"-- ending hand #53 --",2026-08-31T23:50:45.105Z,178822024510502
"""woolball @ oMsP5L3lJa"" collected 1001 from pot with Straight, 9 High (combination: 5♣, 6♦, 7♦, 8♥, 9♣)",2026-08-31T23:50:45.105Z,178822024510501
"""woolball @ oMsP5L3lJa"" shows a 7♦, 8♥.",2026-08-31T23:50:45.105Z,178822024510500
"""LingWae @ FQN9hzhzP_"" calls 350",2026-08-31T23:50:44.213Z,178822024421300
"""woolball @ oMsP5L3lJa"" raises to 350",2026-08-31T23:50:42.487Z,178822024248700
"""LingWae @ FQN9hzhzP_"" bets 156",2026-08-31T23:50:39.865Z,178822023986500
"River: 4♠, 6♦, 9♣, 5♣ [4♥]",2026-08-31T23:50:36.689Z,178822023668900
"""gurtyo @ gpP9uUffpu"" folds",2026-08-31T23:50:35.788Z,178822023578800
"""woolball @ oMsP5L3lJa"" calls 56",2026-08-31T23:50:34.794Z,178822023479400
"""LingWae @ FQN9hzhzP_"" bets 56",2026-08-31T23:50:32.699Z,178822023269900
"Turn: 4♠, 6♦, 9♣ [5♣]",2026-08-31T23:50:28.681Z,178822022868100
"""gurtyo @ gpP9uUffpu"" calls 33",2026-08-31T23:50:27.806Z,178822022780600
"""woolball @ oMsP5L3lJa"" calls 33",2026-08-31T23:50:26.904Z,178822022690400
"""LingWae @ FQN9hzhzP_"" bets 33",2026-08-31T23:50:24.659Z,178822022465900
"Flop:  [4♠, 6♦, 9♣]",2026-08-31T23:50:20.662Z,178822022066200
"""woolball @ oMsP5L3lJa"" calls 30",2026-08-31T23:50:19.859Z,178822021985900
"""LingWae @ FQN9hzhzP_"" calls 30",2026-08-31T23:50:18.066Z,178822021806600
"""gurtyo @ gpP9uUffpu"" raises to 30",2026-08-31T23:50:15.608Z,178822021560800
"""woolball @ oMsP5L3lJa"" posts a big blind of 10",2026-08-31T23:50:13.974Z,178822021397406
"""LingWae @ FQN9hzhzP_"" posts a small blind of 5",2026-08-31T23:50:13.974Z,178822021397405
"Player stacks: #1 ""gurtyo @ gpP9uUffpu"" (659) | #2 ""LingWae @ FQN9hzhzP_"" (1250) | #10 ""woolball @ oMsP5L3lJa"" (1091)",2026-08-31T23:50:13.974Z,178822021397401
"-- starting hand #53 (id: ldgi6f8ji3qv)  No Limit Texas Hold'em (dealer: ""gurtyo @ gpP9uUffpu"") --",2026-08-31T23:50:13.974Z,178822021397400
"Undealt cards: A♥, 2♠, 6♣ [K♠, 2♦]",2026-08-31T23:50:10.102Z,178822021010200
"-- ending hand #52 --",2026-08-31T23:50:07.976Z,178822020797602
"""gurtyo @ gpP9uUffpu"" collected 205 from pot",2026-08-31T23:50:07.976Z,178822020797601
"Uncalled bet of 100 returned to ""gurtyo @ gpP9uUffpu""",2026-08-31T23:50:07.976Z,178822020797600
"""woolball @ oMsP5L3lJa"" folds",2026-08-31T23:50:07.116Z,178822020711600
"""LingWae @ FQN9hzhzP_"" folds",2026-08-31T23:49:59.160Z,178822019916000
"""gurtyo @ gpP9uUffpu"" raises to 150",2026-08-31T23:49:57.076Z,178822019707600
"""woolball @ oMsP5L3lJa"" bets 50",2026-08-31T23:49:54.199Z,178822019419900
"""LingWae @ FQN9hzhzP_"" checks",2026-08-31T23:49:51.700Z,178822019170000
"""gurtyo @ gpP9uUffpu"" checks",2026-08-31T23:49:49.683Z,178822018968300
"Flop:  [A♥, 2♠, 6♣]",2026-08-31T23:49:48.362Z,178822018836200
"""LingWae @ FQN9hzhzP_"" calls 35",2026-08-31T23:49:47.548Z,178822018754800
"""gurtyo @ gpP9uUffpu"" calls 35",2026-08-31T23:49:45.897Z,178822018589700
"""woolball @ oMsP5L3lJa"" raises to 35",2026-08-31T23:49:44.292Z,178822018429200
"""LingWae @ FQN9hzhzP_"" posts a big blind of 10",2026-08-31T23:49:39.262Z,178822017926206
"""gurtyo @ gpP9uUffpu"" posts a small blind of 5",2026-08-31T23:49:39.262Z,178822017926205
"Player stacks: #1 ""gurtyo @ gpP9uUffpu"" (539) | #2 ""LingWae @ FQN9hzhzP_"" (1285) | #10 ""woolball @ oMsP5L3lJa"" (1176)",2026-08-31T23:49:39.262Z,178822017926201
"-- starting hand #52 (id: o3g7fimjnzv2)  No Limit Texas Hold'em (dealer: ""woolball @ oMsP5L3lJa"") --",2026-08-31T23:49:39.262Z,178822017926200
"""LingWae @ FQN9hzhzP_"" shows a K♥, 7♠.",2026-08-31T23:49:35.858Z,178822017585800
"""woolball @ oMsP5L3lJa"" shows a 9♦.",2026-08-31T23:49:33.036Z,178822017303600
"Undealt cards: 8♣, 4♣, 9♠ [3♠, J♥]",2026-08-31T23:49:32.636Z,178822017263600
"-- ending hand #51 --",2026-08-31T23:49:31.859Z,178822017185902
"""woolball @ oMsP5L3lJa"" collected 30 from pot",2026-08-31T23:49:31.859Z,178822017185901
"Uncalled bet of 30 returned to ""woolball @ oMsP5L3lJa""",2026-08-31T23:49:31.859Z,178822017185900
"""LingWae @ FQN9hzhzP_"" folds",2026-08-31T23:49:30.962Z,178822017096200
"""gurtyo @ gpP9uUffpu"" folds",2026-08-31T23:49:29.949Z,178822016994900
"""woolball @ oMsP5L3lJa"" bets 30",2026-08-31T23:49:28.958Z,178822016895800
"Flop:  [8♣, 4♣, 9♠]",2026-08-31T23:49:21.851Z,178822016185100
"""gurtyo @ gpP9uUffpu"" checks",2026-08-31T23:49:20.992Z,178822016099200
"""woolball @ oMsP5L3lJa"" calls 10",2026-08-31T23:49:20.049Z,178822016004900
"""LingWae @ FQN9hzhzP_"" calls 10",2026-08-31T23:49:18.163Z,178822015816300
"""gurtyo @ gpP9uUffpu"" posts a big blind of 10",2026-08-31T23:49:11.841Z,178822015184106
"""woolball @ oMsP5L3lJa"" posts a small blind of 5",2026-08-31T23:49:11.841Z,178822015184105
"Player stacks: #1 ""gurtyo @ gpP9uUffpu"" (549) | #2 ""LingWae @ FQN9hzhzP_"" (1295) | #10 ""woolball @ oMsP5L3lJa"" (1156)",2026-08-31T23:49:11.841Z,178822015184101
"-- starting hand #51 (id: sk36kcfzaduc)  No Limit Texas Hold'em (dealer: ""LingWae @ FQN9hzhzP_"") --",2026-08-31T23:49:11.841Z,178822015184100
"""LingWae @ FQN9hzhzP_"" shows a 6♣, 6♠.",2026-08-31T23:49:08.869Z,178822014886900
"-- ending hand #50 --",2026-08-31T23:49:05.235Z,178822014523502
"""woolball @ oMsP5L3lJa"" collected 246 from pot with Two Pair, K's & 8's (combination: A♠, 8♣, 8♦, K♥, K♠)",2026-08-31T23:49:05.235Z,178822014523501
"""woolball @ oMsP5L3lJa"" shows a 8♣, K♥.",2026-08-31T23:49:05.235Z,178822014523500
"""LingWae @ FQN9hzhzP_"" calls 60",2026-08-31T23:49:04.390Z,178822014439000
"""woolball @ oMsP5L3lJa"" bets 60",2026-08-31T23:49:03.438Z,178822014343800
"""LingWae @ FQN9hzhzP_"" checks",2026-08-31T23:49:00.346Z,178822014034600
"River: K♠, 8♦, A♠, 9♠ [3♣]",2026-08-31T23:48:57.875Z,178822013787500
"""woolball @ oMsP5L3lJa"" calls 33",2026-08-31T23:48:57.030Z,178822013703000
"""LingWae @ FQN9hzhzP_"" bets 33",2026-08-31T23:48:55.470Z,178822013547000
"Turn: K♠, 8♦, A♠ [9♠]",2026-08-31T23:48:50.266Z,178822013026600
"""LingWae @ FQN9hzhzP_"" calls 20",2026-08-31T23:48:49.462Z,178822012946200
"""woolball @ oMsP5L3lJa"" bets 20",2026-08-31T23:48:47.965Z,178822012796500
"""LingWae @ FQN9hzhzP_"" checks",2026-08-31T23:48:46.178Z,178822012617800
"Flop:  [K♠, 8♦, A♠]",2026-08-31T23:48:43.602Z,178822012360200
"""woolball @ oMsP5L3lJa"" checks",2026-08-31T23:48:42.796Z,178822012279600
"""LingWae @ FQN9hzhzP_"" calls 10",2026-08-31T23:48:41.558Z,178822012155800
"""gurtyo @ gpP9uUffpu"" folds",2026-08-31T23:48:38.563Z,178822011856300
"""woolball @ oMsP5L3lJa"" posts a big blind of 10",2026-08-31T23:48:37.395Z,178822011739506
"""LingWae @ FQN9hzhzP_"" posts a small blind of 5",2026-08-31T23:48:37.395Z,178822011739505
"Player stacks: #1 ""gurtyo @ gpP9uUffpu"" (549) | #2 ""LingWae @ FQN9hzhzP_"" (1418) | #10 ""woolball @ oMsP5L3lJa"" (1033)",2026-08-31T23:48:37.395Z,178822011739501
"-- starting hand #50 (id: kesvpsfebqgr)  No Limit Texas Hold'em (dealer: ""gurtyo @ gpP9uUffpu"") --",2026-08-31T23:48:37.395Z,178822011739500
"""LingWae @ FQN9hzhzP_"" shows a Q♠.",2026-08-31T23:48:34.531Z,178822011453100
"""woolball @ oMsP5L3lJa"" shows a 9♣.",2026-08-31T23:48:33.196Z,178822011319600
"""LingWae @ FQN9hzhzP_"" shows a A♥.",2026-08-31T23:48:30.788Z,178822011078800
"Undealt cards: A♠, 6♥, A♣, 4♣ [5♣]",2026-08-31T23:48:30.234Z,178822011023400
"-- ending hand #49 --",2026-08-31T23:48:30.017Z,178822011001702
"""LingWae @ FQN9hzhzP_"" collected 335 from pot",2026-08-31T23:48:30.017Z,178822011001701
"Uncalled bet of 156 returned to ""LingWae @ FQN9hzhzP_""",2026-08-31T23:48:30.017Z,178822011001700
"""gurtyo @ gpP9uUffpu"" folds",2026-08-31T23:48:29.192Z,178822010919200
"""LingWae @ FQN9hzhzP_"" bets 156",2026-08-31T23:48:16.359Z,178822009635900
"""gurtyo @ gpP9uUffpu"" checks",2026-08-31T23:48:12.513Z,178822009251300
"Turn: A♠, 6♥, A♣ [4♣]",2026-08-31T23:48:11.878Z,178822009187800
"""gurtyo @ gpP9uUffpu"" calls 67",2026-08-31T23:48:11.075Z,178822009107500
"""woolball @ oMsP5L3lJa"" folds",2026-08-31T23:48:10.166Z,178822009016600
"""LingWae @ FQN9hzhzP_"" bets 67",2026-08-31T23:48:08.970Z,178822008897000
"""gurtyo @ gpP9uUffpu"" checks",2026-08-31T23:48:05.211Z,178822008521100
"Flop:  [A♠, 6♥, A♣]",2026-08-31T23:48:03.465Z,178822008346500
"""gurtyo @ gpP9uUffpu"" calls 67",2026-08-31T23:48:02.628Z,178822008262800
"""woolball @ oMsP5L3lJa"" calls 67",2026-08-31T23:48:01.506Z,178822008150600
"""LingWae @ FQN9hzhzP_"" raises to 67",2026-08-31T23:47:59.028Z,178822007902800
"""gurtyo @ gpP9uUffpu"" calls 30",2026-08-31T23:47:56.153Z,178822007615300
"""woolball @ oMsP5L3lJa"" raises to 30",2026-08-31T23:47:54.544Z,178822007454400
"""LingWae @ FQN9hzhzP_"" posts a big blind of 10",2026-08-31T23:47:43.701Z,178822006370106
"""gurtyo @ gpP9uUffpu"" posts a small blind of 5",2026-08-31T23:47:43.701Z,178822006370105
"Player stacks: #1 ""gurtyo @ gpP9uUffpu"" (683) | #2 ""LingWae @ FQN9hzhzP_"" (1217) | #10 ""woolball @ oMsP5L3lJa"" (1100)",2026-08-31T23:47:43.701Z,178822006370101
"-- starting hand #49 (id: gl7mxwnxphrj)  No Limit Texas Hold'em (dealer: ""woolball @ oMsP5L3lJa"") --",2026-08-31T23:47:43.701Z,178822006370100
"""LingWae @ FQN9hzhzP_"" shows a 3♣, 4♥.",2026-08-31T23:47:37.857Z,178822005785700
"-- ending hand #48 --",2026-08-31T23:47:37.184Z,178822005718401
"""woolball @ oMsP5L3lJa"" collected 1100 from pot with Flush, A High (combination: 4♠, 9♠, 10♠, J♠, A♠)",2026-08-31T23:47:37.184Z,178822005718400
"River: 3♠, A♠, 4♠, 10♠ [9♣]",2026-08-31T23:47:33.142Z,178822005314200
"Turn: 3♠, A♠, 4♠ [10♠]",2026-08-31T23:47:29.138Z,178822004913800
"""woolball @ oMsP5L3lJa"" shows a 9♠, J♠.",2026-08-31T23:47:25.089Z,178822004508901
"Uncalled bet of 683 returned to ""gurtyo @ gpP9uUffpu""",2026-08-31T23:47:25.089Z,178822004508900
"""gurtyo @ gpP9uUffpu"" shows a A♥, J♦.",2026-08-31T23:47:25.001Z,178822004500100
"Some players choose to not run it twice.",2026-08-31T23:47:24.185Z,178822004418501
"""woolball @ oMsP5L3lJa"" chooses to not run it twice.",2026-08-31T23:47:24.185Z,178822004418500
"""gurtyo @ gpP9uUffpu"" chooses to  run it twice.",2026-08-31T23:47:22.136Z,178822004213600
"Remaining players decide whether to run it twice.",2026-08-31T23:47:21.201Z,178822004120101
"""woolball @ oMsP5L3lJa"" calls 400 and go all in",2026-08-31T23:47:21.201Z,178822004120100
"""LingWae @ FQN9hzhzP_"" folds",2026-08-31T23:47:18.506Z,178822003850600
"""gurtyo @ gpP9uUffpu"" raises to 1083 and go all in",2026-08-31T23:47:03.487Z,178822002348700
"""woolball @ oMsP5L3lJa"" bets 120",2026-08-31T23:47:01.820Z,178822002182000
"Flop:  [3♠, A♠, 4♠]",2026-08-31T23:46:56.838Z,178822001683800
"""woolball @ oMsP5L3lJa"" calls 100",2026-08-31T23:46:56.026Z,178822001602600
"""LingWae @ FQN9hzhzP_"" calls 100",2026-08-31T23:46:54.397Z,178822001439700
"""gurtyo @ gpP9uUffpu"" raises to 100",2026-08-31T23:46:52.599Z,178822001259900
"""woolball @ oMsP5L3lJa"" raises to 25",2026-08-31T23:46:49.708Z,178822000970800
"""LingWae @ FQN9hzhzP_"" calls 10",2026-08-31T23:46:46.935Z,178822000693500
"""gurtyo @ gpP9uUffpu"" posts a big blind of 10",2026-08-31T23:46:44.659Z,178822000465907
"""woolball @ oMsP5L3lJa"" posts a small blind of 5",2026-08-31T23:46:44.659Z,178822000465906
"Your hand is A♥, J♦",2026-08-31T23:46:44.659Z,178822000465903
"Player stacks: #1 ""gurtyo @ gpP9uUffpu"" (1183) | #2 ""LingWae @ FQN9hzhzP_"" (1317) | #10 ""woolball @ oMsP5L3lJa"" (500)",2026-08-31T23:46:44.659Z,178822000465902
"-- starting hand #48 (id: kj2klfmwftjx)  No Limit Texas Hold'em (dealer: ""LingWae @ FQN9hzhzP_"") --",2026-08-31T23:46:44.659Z,178822000465901
"The player ""woolball @ oMsP5L3lJa"" joined the game with a stack of 500.",2026-08-31T23:46:44.659Z,178822000465900
"""gurtyo @ gpP9uUffpu"" shows a J♦.",2026-08-31T23:46:42.968Z,178822000296800
"""LingWae @ FQN9hzhzP_"" shows a 2♥.",2026-08-31T23:46:41.031Z,178822000103100
"-- ending hand #47 --",2026-08-31T23:46:40.353Z,178822000035302
"""gurtyo @ gpP9uUffpu"" collected 258 from pot",2026-08-31T23:46:40.353Z,178822000035301
"Uncalled bet of 110 returned to ""gurtyo @ gpP9uUffpu""",2026-08-31T23:46:40.353Z,178822000035300
"""LingWae @ FQN9hzhzP_"" folds",2026-08-31T23:46:39.459Z,178821999945900
"""gurtyo @ gpP9uUffpu"" bets 110",2026-08-31T23:46:38.293Z,178821999829300
"""LingWae @ FQN9hzhzP_"" checks",2026-08-31T23:46:34.263Z,178821999426300
"River: 3♦, 10♠, 2♠, 5♦ [J♠]",2026-08-31T23:46:31.984Z,178821999198400
"""gurtyo @ gpP9uUffpu"" calls 45",2026-08-31T23:46:31.168Z,178821999116800
"""LingWae @ FQN9hzhzP_"" bets 45",2026-08-31T23:46:30.194Z,178821999019400
"Turn: 3♦, 10♠, 2♠ [5♦]",2026-08-31T23:46:27.343Z,178821998734300
"""gurtyo @ gpP9uUffpu"" calls 44",2026-08-31T23:46:26.471Z,178821998647100
"""LingWae @ FQN9hzhzP_"" bets 44",2026-08-31T23:46:25.198Z,178821998519800
"Flop:  [3♦, 10♠, 2♠]",2026-08-31T23:46:20.338Z,178821998033800
"The admin approved the player ""woolball @ oMsP5L3lJa"" participation with a stack of 500.",2026-08-31T23:46:20.305Z,178821998030500
"""LingWae @ FQN9hzhzP_"" calls 40",2026-08-31T23:46:19.497Z,178821997949700
"The player ""woolball @ oMsP5L3lJa"" requested a seat.",2026-08-31T23:46:17.790Z,178821997779000
"""gurtyo @ gpP9uUffpu"" raises to 40",2026-08-31T23:46:16.729Z,178821997672900
"""LingWae @ FQN9hzhzP_"" posts a big blind of 10",2026-08-31T23:46:14.163Z,178821997416306
"""gurtyo @ gpP9uUffpu"" posts a small blind of 5",2026-08-31T23:46:14.163Z,178821997416305
"Player stacks: #1 ""gurtyo @ gpP9uUffpu"" (1054) | #2 ""LingWae @ FQN9hzhzP_"" (1446)",2026-08-31T23:46:14.163Z,178821997416302
"-- starting hand #47 (id: gbwyniggvuf9)  No Limit Texas Hold'em (dealer: ""gurtyo @ gpP9uUffpu"") --",2026-08-31T23:46:14.163Z,178821997416301
"The player ""woolball @ oMsP5L3lJa"" quits the game with a stack of 0.",2026-08-31T23:46:14.163Z,178821997416300
"-- ending hand #46 --",2026-08-31T23:46:08.137Z,178821996813703
"""gurtyo @ gpP9uUffpu"" collected 944 from pot with Two Pair, 10's & 9's (combination: 8♣, 9♥, 9♠, 10♦, 10♥)",2026-08-31T23:46:08.137Z,178821996813702
"""gurtyo @ gpP9uUffpu"" shows a 10♦, 8♣.",2026-08-31T23:46:08.137Z,178821996813701
"""woolball @ oMsP5L3lJa"" shows a 6♦, 7♠.",2026-08-31T23:46:08.137Z,178821996813700
"""gurtyo @ gpP9uUffpu"" calls 347",2026-08-31T23:46:07.320Z,178821996732000
"""woolball @ oMsP5L3lJa"" bets 347 and go all in",2026-08-31T23:45:46.695Z,178821994669500
"River: 9♥, 10♥, 7♥, 5♠ [9♠]",2026-08-31T23:45:42.767Z,178821994276700
"""woolball @ oMsP5L3lJa"" calls 75",2026-08-31T23:45:41.947Z,178821994194700
"""gurtyo @ gpP9uUffpu"" bets 75",2026-08-31T23:45:38.557Z,178821993855700
"""woolball @ oMsP5L3lJa"" checks",2026-08-31T23:45:36.374Z,178821993637400
"Turn: 9♥, 10♥, 7♥ [5♠]",2026-08-31T23:45:32.459Z,178821993245900
"""woolball @ oMsP5L3lJa"" calls 40",2026-08-31T23:45:31.572Z,178821993157200
"""gurtyo @ gpP9uUffpu"" raises to 40",2026-08-31T23:45:29.388Z,178821992938800
"""woolball @ oMsP5L3lJa"" bets 10",2026-08-31T23:45:27.488Z,178821992748800
"Flop:  [9♥, 10♥, 7♥]",2026-08-31T23:45:23.161Z,178821992316100
"""gurtyo @ gpP9uUffpu"" checks",2026-08-31T23:45:22.353Z,178821992235300
"""woolball @ oMsP5L3lJa"" calls 10",2026-08-31T23:45:21.410Z,178821992141000
"""LingWae @ FQN9hzhzP_"" folds",2026-08-31T23:45:20.039Z,178821992003900
"""gurtyo @ gpP9uUffpu"" posts a big blind of 10",2026-08-31T23:45:18.216Z,178821991821606
"""woolball @ oMsP5L3lJa"" posts a small blind of 5",2026-08-31T23:45:18.216Z,178821991821605
"Your hand is 10♦, 8♣",2026-08-31T23:45:18.216Z,178821991821602
"Player stacks: #1 ""gurtyo @ gpP9uUffpu"" (582) | #2 ""LingWae @ FQN9hzhzP_"" (1446) | #10 ""woolball @ oMsP5L3lJa"" (472)",2026-08-31T23:45:18.216Z,178821991821601
"-- starting hand #46 (id: pfh3yaetzigc)  No Limit Texas Hold'em (dealer: ""LingWae @ FQN9hzhzP_"") --",2026-08-31T23:45:18.216Z,178821991821600
"""LingWae @ FQN9hzhzP_"" shows a 10♣, 2♥.",2026-08-31T23:45:12.667Z,178821991266700
"-- ending hand #45 --",2026-08-31T23:45:11.613Z,178821991161302
"""gurtyo @ gpP9uUffpu"" collected 50 from pot with Two Pair, A's & J's (combination: Q♠, J♥, J♣, A♣, A♦)",2026-08-31T23:45:11.613Z,178821991161301
"""gurtyo @ gpP9uUffpu"" shows a J♥, 6♥.",2026-08-31T23:45:11.613Z,178821991161300
"""woolball @ oMsP5L3lJa"" calls 10",2026-08-31T23:45:10.751Z,178821991075100
"""LingWae @ FQN9hzhzP_"" folds",2026-08-31T23:45:09.683Z,178821990968300
"""gurtyo @ gpP9uUffpu"" bets 10",2026-08-31T23:45:08.226Z,178821990822600
"""woolball @ oMsP5L3lJa"" checks",2026-08-31T23:45:06.596Z,178821990659600
"""LingWae @ FQN9hzhzP_"" checks",2026-08-31T23:45:05.086Z,178821990508600
"River: 5♦, A♣, Q♠, A♦ [J♣]",2026-08-31T23:44:57.848Z,178821989784800
"""gurtyo @ gpP9uUffpu"" checks",2026-08-31T23:44:56.994Z,178821989699400
"""woolball @ oMsP5L3lJa"" checks",2026-08-31T23:44:56.081Z,178821989608100
"""LingWae @ FQN9hzhzP_"" checks",2026-08-31T23:44:54.402Z,178821989440200
"Turn: 5♦, A♣, Q♠ [A♦]",2026-08-31T23:44:52.644Z,178821989264400
"""gurtyo @ gpP9uUffpu"" checks",2026-08-31T23:44:51.829Z,178821989182900
"""woolball @ oMsP5L3lJa"" checks",2026-08-31T23:44:50.813Z,178821989081300
"""LingWae @ FQN9hzhzP_"" checks",2026-08-31T23:44:48.710Z,178821988871000
"Flop:  [5♦, A♣, Q♠]",2026-08-31T23:44:42.246Z,178821988224600
"""woolball @ oMsP5L3lJa"" checks",2026-08-31T23:44:41.411Z,178821988141100
"""LingWae @ FQN9hzhzP_"" calls 10",2026-08-31T23:44:40.115Z,178821988011500
"""gurtyo @ gpP9uUffpu"" calls 10",2026-08-31T23:44:38.777Z,178821987877700
"""woolball @ oMsP5L3lJa"" posts a big blind of 10",2026-08-31T23:44:37.748Z,178821987774806
"""LingWae @ FQN9hzhzP_"" posts a small blind of 5",2026-08-31T23:44:37.748Z,178821987774805
"Your hand is J♥, 6♥",2026-08-31T23:44:37.748Z,178821987774802
"Player stacks: #1 ""gurtyo @ gpP9uUffpu"" (552) | #2 ""LingWae @ FQN9hzhzP_"" (1456) | #10 ""woolball @ oMsP5L3lJa"" (492)",2026-08-31T23:44:37.748Z,178821987774801
"-- starting hand #45 (id: u7vwo3efm15z)  No Limit Texas Hold'em (dealer: ""gurtyo @ gpP9uUffpu"") --",2026-08-31T23:44:37.748Z,178821987774800
"""LingWae @ FQN9hzhzP_"" shows a Q♥.",2026-08-31T23:44:35.380Z,178821987538000
"""woolball @ oMsP5L3lJa"" shows a 6♥.",2026-08-31T23:44:34.267Z,178821987426700
"""gurtyo @ gpP9uUffpu"" shows a K♠.",2026-08-31T23:44:32.131Z,178821987213100
"""LingWae @ FQN9hzhzP_"" shows a 10♦.",2026-08-31T23:44:30.621Z,178821987062100
"Undealt cards: A♠, 8♦, 10♣ [7♦, 4♦]",2026-08-31T23:44:29.941Z,178821986994100
"-- ending hand #44 --",2026-08-31T23:44:29.742Z,178821986974202
"""LingWae @ FQN9hzhzP_"" collected 90 from pot",2026-08-31T23:44:29.742Z,178821986974201
"Uncalled bet of 55 returned to ""LingWae @ FQN9hzhzP_""",2026-08-31T23:44:29.742Z,178821986974200
"""gurtyo @ gpP9uUffpu"" folds",2026-08-31T23:44:28.878Z,178821986887800
"""woolball @ oMsP5L3lJa"" folds",2026-08-31T23:44:27.962Z,178821986796200
"""LingWae @ FQN9hzhzP_"" bets 55",2026-08-31T23:44:09.953Z,178821984995300
"""gurtyo @ gpP9uUffpu"" checks",2026-08-31T23:44:07.825Z,178821984782500
"Flop:  [A♠, 8♦, 10♣]",2026-08-31T23:44:04.259Z,178821984425900
"""LingWae @ FQN9hzhzP_"" calls 30",2026-08-31T23:44:03.363Z,178821984336300
"""gurtyo @ gpP9uUffpu"" calls 30",2026-08-31T23:43:58.495Z,178821983849500
"""woolball @ oMsP5L3lJa"" raises to 30",2026-08-31T23:43:57.133Z,178821983713300
"""LingWae @ FQN9hzhzP_"" posts a big blind of 10",2026-08-31T23:43:53.986Z,178821983398606
"""gurtyo @ gpP9uUffpu"" posts a small blind of 5",2026-08-31T23:43:53.986Z,178821983398605
"Player stacks: #1 ""gurtyo @ gpP9uUffpu"" (582) | #2 ""LingWae @ FQN9hzhzP_"" (1396) | #10 ""woolball @ oMsP5L3lJa"" (522)",2026-08-31T23:43:53.986Z,178821983398601
"-- starting hand #44 (id: tmc2ubrsnhxw)  No Limit Texas Hold'em (dealer: ""woolball @ oMsP5L3lJa"") --",2026-08-31T23:43:53.986Z,178821983398600
"""LingWae @ FQN9hzhzP_"" shows a 2♦, A♠.",2026-08-31T23:43:50.207Z,178821983020700
"-- ending hand #43 --",2026-08-31T23:43:47.419Z,178821982741902
"""woolball @ oMsP5L3lJa"" collected 60 from pot with Pair, 4's (combination: 9♦, J♥, K♣, 4♣, 4♥)",2026-08-31T23:43:47.419Z,178821982741901
"""woolball @ oMsP5L3lJa"" shows a 4♣, J♥.",2026-08-31T23:43:47.419Z,178821982741900
"""LingWae @ FQN9hzhzP_"" checks",2026-08-31T23:43:46.590Z,178821982659000
"""woolball @ oMsP5L3lJa"" checks",2026-08-31T23:43:45.434Z,178821982543400
"River: 5♣, 4♥, 9♦, 2♠ [K♣]",2026-08-31T23:43:44.016Z,178821982401600
"""LingWae @ FQN9hzhzP_"" checks",2026-08-31T23:43:43.181Z,178821982318100
"""woolball @ oMsP5L3lJa"" checks",2026-08-31T23:43:41.352Z,178821982135200
"Turn: 5♣, 4♥, 9♦ [2♠]",2026-08-31T23:43:31.371Z,178821981137100
"""LingWae @ FQN9hzhzP_"" calls 15",2026-08-31T23:43:30.498Z,178821981049800
"""gurtyo @ gpP9uUffpu"" folds",2026-08-31T23:43:29.458Z,178821980945800
"""woolball @ oMsP5L3lJa"" bets 15",2026-08-31T23:43:27.834Z,178821980783400
"Flop:  [5♣, 4♥, 9♦]",2026-08-31T23:43:23.967Z,178821980396700
"""gurtyo @ gpP9uUffpu"" checks",2026-08-31T23:43:23.062Z,178821980306200
"""woolball @ oMsP5L3lJa"" calls 10",2026-08-31T23:43:22.116Z,178821980211600
"""LingWae @ FQN9hzhzP_"" calls 10",2026-08-31T23:43:20.279Z,178821980027900
"""gurtyo @ gpP9uUffpu"" posts a big blind of 10",2026-08-31T23:43:18.967Z,178821979896706
"""woolball @ oMsP5L3lJa"" posts a small blind of 5",2026-08-31T23:43:18.967Z,178821979896705
"Player stacks: #1 ""gurtyo @ gpP9uUffpu"" (592) | #2 ""LingWae @ FQN9hzhzP_"" (1421) | #10 ""woolball @ oMsP5L3lJa"" (487)",2026-08-31T23:43:18.967Z,178821979896701
"-- starting hand #43 (id: xhskgcqa4i3t)  No Limit Texas Hold'em (dealer: ""LingWae @ FQN9hzhzP_"") --",2026-08-31T23:43:18.967Z,178821979896700
"""woolball @ oMsP5L3lJa"" shows a 10♠.",2026-08-31T23:43:15.883Z,178821979588300
"""LingWae @ FQN9hzhzP_"" shows a 5♣, 2♠.",2026-08-31T23:43:13.934Z,178821979393400
"Undealt cards:  [3♦, 5♠, K♠, K♦, 6♣]",2026-08-31T23:43:12.501Z,178821979250100
"-- ending hand #42 --",2026-08-31T23:43:11.561Z,178821979156102
"""woolball @ oMsP5L3lJa"" collected 30 from pot",2026-08-31T23:43:11.561Z,178821979156101
"Uncalled bet of 30 returned to ""woolball @ oMsP5L3lJa""",2026-08-31T23:43:11.561Z,178821979156100
"""LingWae @ FQN9hzhzP_"" folds",2026-08-31T23:43:10.671Z,178821979067100
"""gurtyo @ gpP9uUffpu"" folds",2026-08-31T23:43:08.398Z,178821978839800
"""woolball @ oMsP5L3lJa"" raises to 40",2026-08-31T23:43:06.325Z,178821978632500
"""LingWae @ FQN9hzhzP_"" calls 10",2026-08-31T23:43:01.491Z,178821978149100
"""gurtyo @ gpP9uUffpu"" calls 10",2026-08-31T23:42:58.256Z,178821977825600
"""woolball @ oMsP5L3lJa"" posts a big blind of 10",2026-08-31T23:42:57.305Z,178821977730506
"""LingWae @ FQN9hzhzP_"" posts a small blind of 5",2026-08-31T23:42:57.305Z,178821977730505
"Player stacks: #1 ""gurtyo @ gpP9uUffpu"" (602) | #2 ""LingWae @ FQN9hzhzP_"" (1431) | #10 ""woolball @ oMsP5L3lJa"" (467)",2026-08-31T23:42:57.305Z,178821977730501
"-- starting hand #42 (id: yexm4x1hawmi)  No Limit Texas Hold'em (dealer: ""gurtyo @ gpP9uUffpu"") --",2026-08-31T23:42:57.305Z,178821977730500
"""LingWae @ FQN9hzhzP_"" shows a J♥, 8♠.",2026-08-31T23:42:52.952Z,178821977295200
"Undealt cards: 6♦, 8♣, A♣, J♦ [2♥]",2026-08-31T23:42:51.448Z,178821977144800
"-- ending hand #41 --",2026-08-31T23:42:50.697Z,178821977069702
"""LingWae @ FQN9hzhzP_"" collected 66 from pot",2026-08-31T23:42:50.697Z,178821977069701
"Uncalled bet of 45 returned to ""LingWae @ FQN9hzhzP_""",2026-08-31T23:42:50.697Z,178821977069700
"""woolball @ oMsP5L3lJa"" folds",2026-08-31T23:42:49.882Z,178821976988200
"""LingWae @ FQN9hzhzP_"" bets 45",2026-08-31T23:42:43.238Z,178821976323800
"Turn: 6♦, 8♣, A♣ [J♦]",2026-08-31T23:42:36.855Z,178821975685500
"""gurtyo @ gpP9uUffpu"" folds",2026-08-31T23:42:35.947Z,178821975594700
"""woolball @ oMsP5L3lJa"" calls 18",2026-08-31T23:42:31.864Z,178821975186400
"""LingWae @ FQN9hzhzP_"" bets 18",2026-08-31T23:42:30.072Z,178821975007200
"""gurtyo @ gpP9uUffpu"" checks",2026-08-31T23:42:26.143Z,178821974614300
"Flop:  [6♦, 8♣, A♣]",2026-08-31T23:42:21.851Z,178821974185100
"""LingWae @ FQN9hzhzP_"" checks",2026-08-31T23:42:20.959Z,178821974095900
"""gurtyo @ gpP9uUffpu"" calls 10",2026-08-31T23:42:19.992Z,178821973999200
"""woolball @ oMsP5L3lJa"" calls 10",2026-08-31T23:42:19.053Z,178821973905300
"""LingWae @ FQN9hzhzP_"" posts a big blind of 10",2026-08-31T23:42:15.648Z,178821973564806
"""gurtyo @ gpP9uUffpu"" posts a small blind of 5",2026-08-31T23:42:15.648Z,178821973564805
"Player stacks: #1 ""gurtyo @ gpP9uUffpu"" (612) | #2 ""LingWae @ FQN9hzhzP_"" (1393) | #10 ""woolball @ oMsP5L3lJa"" (495)",2026-08-31T23:42:15.648Z,178821973564801
"-- starting hand #41 (id: wgklr25dncbx)  No Limit Texas Hold'em (dealer: ""woolball @ oMsP5L3lJa"") --",2026-08-31T23:42:15.648Z,178821973564800
"""LingWae @ FQN9hzhzP_"" shows a A♥.",2026-08-31T23:42:11.800Z,178821973180000
"Undealt cards:  [7♦, 3♠, 9♠, 9♣, J♥]",2026-08-31T23:42:09.255Z,178821972925500
"-- ending hand #40 --",2026-08-31T23:42:09.016Z,178821972901602
"""LingWae @ FQN9hzhzP_"" collected 25 from pot",2026-08-31T23:42:09.016Z,178821972901601
"Uncalled bet of 34 returned to ""LingWae @ FQN9hzhzP_""",2026-08-31T23:42:09.016Z,178821972901600
"""gurtyo @ gpP9uUffpu"" folds",2026-08-31T23:42:08.115Z,178821972811500
"""woolball @ oMsP5L3lJa"" folds",2026-08-31T23:42:07.096Z,178821972709600
"""LingWae @ FQN9hzhzP_"" raises to 44",2026-08-31T23:42:05.217Z,178821972521700
"""gurtyo @ gpP9uUffpu"" posts a big blind of 10",2026-08-31T23:42:02.251Z,178821972225106
"""woolball @ oMsP5L3lJa"" posts a small blind of 5",2026-08-31T23:42:02.251Z,178821972225105
"Player stacks: #1 ""gurtyo @ gpP9uUffpu"" (622) | #2 ""LingWae @ FQN9hzhzP_"" (1378) | #10 ""woolball @ oMsP5L3lJa"" (500)",2026-08-31T23:42:02.251Z,178821972225101
"-- starting hand #40 (id: 1p4naqaihizq)  No Limit Texas Hold'em (dealer: ""LingWae @ FQN9hzhzP_"") --",2026-08-31T23:42:02.251Z,178821972225100
"""LingWae @ FQN9hzhzP_"" shows a 8♠.",2026-08-31T23:41:57.720Z,178821971772000
"Undealt cards: 5♠, 9♥, 10♦ [8♦, A♥]",2026-08-31T23:41:57.310Z,178821971731000
"-- ending hand #39 --",2026-08-31T23:41:55.571Z,178821971557102
"""gurtyo @ gpP9uUffpu"" collected 90 from pot",2026-08-31T23:41:55.571Z,178821971557101
"Uncalled bet of 30 returned to ""gurtyo @ gpP9uUffpu""",2026-08-31T23:41:55.571Z,178821971557100
"""LingWae @ FQN9hzhzP_"" folds",2026-08-31T23:41:54.725Z,178821971472500
"""gurtyo @ gpP9uUffpu"" bets 30",2026-08-31T23:41:47.908Z,178821970790800
"""LingWae @ FQN9hzhzP_"" checks",2026-08-31T23:41:44.999Z,178821970499900
"Flop:  [5♠, 9♥, 10♦]",2026-08-31T23:41:40.764Z,178821970076400
"""woolball @ oMsP5L3lJa"" folds",2026-08-31T23:41:39.811Z,178821969981100
"""LingWae @ FQN9hzhzP_"" calls 40",2026-08-31T23:41:38.761Z,178821969876100
"""gurtyo @ gpP9uUffpu"" raises to 40",2026-08-31T23:41:33.241Z,178821969324100
"""woolball @ oMsP5L3lJa"" posts a big blind of 10",2026-08-31T23:41:30.988Z,178821969098806
"""LingWae @ FQN9hzhzP_"" posts a small blind of 5",2026-08-31T23:41:30.988Z,178821969098805
"Player stacks: #1 ""gurtyo @ gpP9uUffpu"" (572) | #2 ""LingWae @ FQN9hzhzP_"" (1418) | #10 ""woolball @ oMsP5L3lJa"" (510)",2026-08-31T23:41:30.988Z,178821969098801
"-- starting hand #39 (id: sxkpj8zuoovg)  No Limit Texas Hold'em (dealer: ""gurtyo @ gpP9uUffpu"") --",2026-08-31T23:41:30.988Z,178821969098800
"-- ending hand #38 --",2026-08-31T23:41:24.986Z,178821968498602
"""LingWae @ FQN9hzhzP_"" collected 476 from pot with Two Pair, J's & 10's (combination: 8♥, 10♣, 10♠, J♠, J♦)",2026-08-31T23:41:24.986Z,178821968498601
"""LingWae @ FQN9hzhzP_"" shows a 6♣, J♠.",2026-08-31T23:41:24.986Z,178821968498600
"""gurtyo @ gpP9uUffpu"" calls 67",2026-08-31T23:41:24.179Z,178821968417900
"""LingWae @ FQN9hzhzP_"" bets 67",2026-08-31T23:41:11.974Z,178821967197400
"""gurtyo @ gpP9uUffpu"" checks",2026-08-31T23:41:07.731Z,178821966773100
"River: 10♣, J♦, 10♠, 2♠ [8♥]",2026-08-31T23:41:06.345Z,178821966634500
"""gurtyo @ gpP9uUffpu"" calls 55",2026-08-31T23:41:05.509Z,178821966550900
"""LingWae @ FQN9hzhzP_"" bets 55",2026-08-31T23:41:02.588Z,178821966258800
"""gurtyo @ gpP9uUffpu"" checks",2026-08-31T23:40:59.319Z,178821965931900
"Turn: 10♣, J♦, 10♠ [2♠]",2026-08-31T23:40:58.170Z,178821965817000
"""gurtyo @ gpP9uUffpu"" calls 56",2026-08-31T23:40:57.353Z,178821965735300
"""woolball @ oMsP5L3lJa"" folds",2026-08-31T23:40:54.966Z,178821965496600
"""LingWae @ FQN9hzhzP_"" bets 56",2026-08-31T23:40:53.537Z,178821965353700
"""gurtyo @ gpP9uUffpu"" checks",2026-08-31T23:40:49.614Z,178821964961400
"Flop:  [10♣, J♦, 10♠]",2026-08-31T23:40:47.763Z,178821964776300
"""woolball @ oMsP5L3lJa"" calls 40",2026-08-31T23:40:46.953Z,178821964695300
"""LingWae @ FQN9hzhzP_"" calls 40",2026-08-31T23:40:45.662Z,178821964566200
"""gurtyo @ gpP9uUffpu"" raises to 40",2026-08-31T23:40:43.951Z,178821964395100
"""woolball @ oMsP5L3lJa"" calls 10",2026-08-31T23:40:41.216Z,178821964121600
"""LingWae @ FQN9hzhzP_"" posts a big blind of 10",2026-08-31T23:40:38.471Z,178821963847106
"""gurtyo @ gpP9uUffpu"" posts a small blind of 5",2026-08-31T23:40:38.471Z,178821963847105
"Player stacks: #1 ""gurtyo @ gpP9uUffpu"" (790) | #2 ""LingWae @ FQN9hzhzP_"" (1160) | #10 ""woolball @ oMsP5L3lJa"" (550)",2026-08-31T23:40:38.471Z,178821963847101
"-- starting hand #38 (id: dcwwbldlv8tu)  No Limit Texas Hold'em (dealer: ""woolball @ oMsP5L3lJa"") --",2026-08-31T23:40:38.471Z,178821963847100
"Undealt cards: J♥, Q♥, 9♠, 6♠ [8♥]",2026-08-31T23:40:32.754Z,178821963275400
"-- ending hand #37 --",2026-08-31T23:40:32.462Z,178821963246202
"""woolball @ oMsP5L3lJa"" collected 120 from pot",2026-08-31T23:40:32.462Z,178821963246201
"Uncalled bet of 60 returned to ""woolball @ oMsP5L3lJa""",2026-08-31T23:40:32.462Z,178821963246200
"""LingWae @ FQN9hzhzP_"" folds",2026-08-31T23:40:31.574Z,178821963157400
"""gurtyo @ gpP9uUffpu"" folds",2026-08-31T23:40:29.088Z,178821962908800
"""woolball @ oMsP5L3lJa"" bets 60",2026-08-31T23:40:26.426Z,178821962642600
"Turn: J♥, Q♥, 9♠ [6♠]",2026-08-31T23:40:21.691Z,178821962169100
"""LingWae @ FQN9hzhzP_"" checks",2026-08-31T23:40:20.871Z,178821962087100
"""gurtyo @ gpP9uUffpu"" checks",2026-08-31T23:40:19.864Z,178821961986400
"""woolball @ oMsP5L3lJa"" checks",2026-08-31T23:40:18.500Z,178821961850000
"Flop:  [J♥, Q♥, 9♠]",2026-08-31T23:40:13.258Z,178821961325800
"""woolball @ oMsP5L3lJa"" calls 40",2026-08-31T23:40:12.351Z,178821961235100
"""LingWae @ FQN9hzhzP_"" calls 40",2026-08-31T23:40:10.799Z,178821961079900
"""gurtyo @ gpP9uUffpu"" raises to 40",2026-08-31T23:40:05.450Z,178821960545000
"""woolball @ oMsP5L3lJa"" calls 10",2026-08-31T23:40:03.642Z,178821960364200
"""LingWae @ FQN9hzhzP_"" calls 10",2026-08-31T23:40:00.997Z,178821960099700
"""gurtyo @ gpP9uUffpu"" posts a big blind of 10",2026-08-31T23:39:58.971Z,178821959897106
"""woolball @ oMsP5L3lJa"" posts a small blind of 5",2026-08-31T23:39:58.971Z,178821959897105
"Player stacks: #1 ""gurtyo @ gpP9uUffpu"" (830) | #2 ""LingWae @ FQN9hzhzP_"" (1200) | #10 ""woolball @ oMsP5L3lJa"" (470)",2026-08-31T23:39:58.971Z,178821959897101
"-- starting hand #37 (id: mh5uw8kdoesd)  No Limit Texas Hold'em (dealer: ""LingWae @ FQN9hzhzP_"") --",2026-08-31T23:39:58.971Z,178821959897100
"""woolball @ oMsP5L3lJa"" shows a 8♥.",2026-08-31T23:39:56.879Z,178821959687900
"""LingWae @ FQN9hzhzP_"" shows a 3♥.",2026-08-31T23:39:55.036Z,178821959503600
"""LingWae @ FQN9hzhzP_"" shows a 5♣.",2026-08-31T23:39:54.102Z,178821959410200
"Undealt cards: 2♥, 6♣, 5♦ [10♠, Q♦]",2026-08-31T23:39:53.090Z,178821959309000
"-- ending hand #36 --",2026-08-31T23:39:51.568Z,178821959156802
"""LingWae @ FQN9hzhzP_"" collected 60 from pot",2026-08-31T23:39:51.568Z,178821959156801
"Uncalled bet of 55 returned to ""LingWae @ FQN9hzhzP_""",2026-08-31T23:39:51.568Z,178821959156800
"""woolball @ oMsP5L3lJa"" folds",2026-08-31T23:39:50.716Z,178821959071600
"""LingWae @ FQN9hzhzP_"" bets 55",2026-08-31T23:39:34.077Z,178821957407700
"Flop:  [2♥, 6♣, 5♦]",2026-08-31T23:39:29.635Z,178821956963500
"""LingWae @ FQN9hzhzP_"" calls 30",2026-08-31T23:39:28.797Z,178821956879700
"""woolball @ oMsP5L3lJa"" raises to 30",2026-08-31T23:39:27.108Z,178821956710800
"""LingWae @ FQN9hzhzP_"" calls 10",2026-08-31T23:39:23.067Z,178821956306700
"""gurtyo @ gpP9uUffpu"" folds",2026-08-31T23:39:20.468Z,178821956046800
"""woolball @ oMsP5L3lJa"" posts a big blind of 10",2026-08-31T23:39:19.433Z,178821955943307
"""LingWae @ FQN9hzhzP_"" posts a small blind of 5",2026-08-31T23:39:19.433Z,178821955943306
"Player stacks: #1 ""gurtyo @ gpP9uUffpu"" (830) | #2 ""LingWae @ FQN9hzhzP_"" (1170) | #10 ""woolball @ oMsP5L3lJa"" (500)",2026-08-31T23:39:19.433Z,178821955943302
"-- starting hand #36 (id: ozsyxllfkcig)  No Limit Texas Hold'em (dealer: ""gurtyo @ gpP9uUffpu"") --",2026-08-31T23:39:19.433Z,178821955943301
"The player ""woolball @ oMsP5L3lJa"" joined the game with a stack of 500.",2026-08-31T23:39:19.433Z,178821955943300
"The admin approved the player ""woolball @ oMsP5L3lJa"" participation with a stack of 500.",2026-08-31T23:39:16.995Z,178821955699500
"""LingWae @ FQN9hzhzP_"" shows a 3♦.",2026-08-31T23:39:14.035Z,178821955403500
"Undealt cards: 10♦, 3♥, K♣ [Q♣, 8♥]",2026-08-31T23:39:13.143Z,178821955314300
"The player ""woolball @ oMsP5L3lJa"" requested a seat.",2026-08-31T23:39:12.932Z,178821955293200
"-- ending hand #35 --",2026-08-31T23:39:12.827Z,178821955282702
"""LingWae @ FQN9hzhzP_"" collected 20 from pot",2026-08-31T23:39:12.827Z,178821955282701
"Uncalled bet of 10 returned to ""LingWae @ FQN9hzhzP_""",2026-08-31T23:39:12.827Z,178821955282700
"""gurtyo @ gpP9uUffpu"" folds",2026-08-31T23:39:12.002Z,178821955200200
"""LingWae @ FQN9hzhzP_"" bets 10",2026-08-31T23:39:11.086Z,178821955108600
"""gurtyo @ gpP9uUffpu"" checks",2026-08-31T23:39:08.124Z,178821954812400
"Flop:  [10♦, 3♥, K♣]",2026-08-31T23:39:07.227Z,178821954722700
"""gurtyo @ gpP9uUffpu"" checks",2026-08-31T23:39:06.409Z,178821954640900
"""LingWae @ FQN9hzhzP_"" calls 10",2026-08-31T23:39:05.496Z,178821954549600
"""gurtyo @ gpP9uUffpu"" posts a big blind of 10",2026-08-31T23:39:04.180Z,178821954418005
"""LingWae @ FQN9hzhzP_"" posts a small blind of 5",2026-08-31T23:39:04.180Z,178821954418004
"Player stacks: #1 ""gurtyo @ gpP9uUffpu"" (840) | #2 ""LingWae @ FQN9hzhzP_"" (1160)",2026-08-31T23:39:04.180Z,178821954418001
"-- starting hand #35 (id: tqmyauyjii76)  No Limit Texas Hold'em (dealer: ""LingWae @ FQN9hzhzP_"") --",2026-08-31T23:39:04.180Z,178821954418000
"Undealt cards:  [2♥, J♥, 10♠, 5♠, J♦]",2026-08-31T23:38:58.642Z,178821953864200
"-- ending hand #34 --",2026-08-31T23:38:58.272Z,178821953827202
"""LingWae @ FQN9hzhzP_"" collected 10 from pot",2026-08-31T23:38:58.272Z,178821953827201
"Uncalled bet of 5 returned to ""LingWae @ FQN9hzhzP_""",2026-08-31T23:38:58.272Z,178821953827200
"""gurtyo @ gpP9uUffpu"" folds",2026-08-31T23:38:57.388Z,178821953738800
"""LingWae @ FQN9hzhzP_"" posts a big blind of 10",2026-08-31T23:38:55.867Z,178821953586705
"""gurtyo @ gpP9uUffpu"" posts a small blind of 5",2026-08-31T23:38:55.867Z,178821953586704
"Player stacks: #1 ""gurtyo @ gpP9uUffpu"" (845) | #2 ""LingWae @ FQN9hzhzP_"" (1155)",2026-08-31T23:38:55.867Z,178821953586701
"-- starting hand #34 (id: cyfzivdjiawr)  No Limit Texas Hold'em (dealer: ""gurtyo @ gpP9uUffpu"") --",2026-08-31T23:38:55.867Z,178821953586700
"-- ending hand #33 --",2026-08-31T23:38:52.872Z,178821953287202
"""gurtyo @ gpP9uUffpu"" collected 20 from pot",2026-08-31T23:38:52.872Z,178821953287201
"Uncalled bet of 20 returned to ""gurtyo @ gpP9uUffpu""",2026-08-31T23:38:52.872Z,178821953287200
"""LingWae @ FQN9hzhzP_"" folds",2026-08-31T23:38:52.053Z,178821953205300
"""gurtyo @ gpP9uUffpu"" bets 20",2026-08-31T23:38:51.034Z,178821953103400
"River: 10♣, J♥, A♥, 10♥ [5♠]",2026-08-31T23:38:47.346Z,178821952734600
"""LingWae @ FQN9hzhzP_"" checks",2026-08-31T23:38:46.469Z,178821952646900
"""gurtyo @ gpP9uUffpu"" checks",2026-08-31T23:38:45.305Z,178821952530500
"Turn: 10♣, J♥, A♥ [10♥]",2026-08-31T23:38:44.545Z,178821952454500
"""LingWae @ FQN9hzhzP_"" checks",2026-08-31T23:38:43.692Z,178821952369200
"""gurtyo @ gpP9uUffpu"" checks",2026-08-31T23:38:39.230Z,178821951923000
"Flop:  [10♣, J♥, A♥]",2026-08-31T23:38:38.053Z,178821951805300
"""gurtyo @ gpP9uUffpu"" checks",2026-08-31T23:38:37.250Z,178821951725000
"""LingWae @ FQN9hzhzP_"" calls 10",2026-08-31T23:38:36.321Z,178821951632100
"""gurtyo @ gpP9uUffpu"" posts a big blind of 10",2026-08-31T23:38:30.358Z,178821951035805
"""LingWae @ FQN9hzhzP_"" posts a small blind of 5",2026-08-31T23:38:30.358Z,178821951035804
"Player stacks: #1 ""gurtyo @ gpP9uUffpu"" (835) | #2 ""LingWae @ FQN9hzhzP_"" (1165)",2026-08-31T23:38:30.358Z,178821951035801
"-- starting hand #33 (id: 6ge3sarycniq)  No Limit Texas Hold'em (dealer: ""LingWae @ FQN9hzhzP_"") --",2026-08-31T23:38:30.358Z,178821951035800
"""LingWae @ FQN9hzhzP_"" shows a J♠.",2026-08-31T23:38:25.653Z,178821950565300
"Undealt cards: 6♥, 4♠, 4♥ [8♦, J♥]",2026-08-31T23:38:24.763Z,178821950476300
"-- ending hand #32 --",2026-08-31T23:38:23.726Z,178821950372602
"""gurtyo @ gpP9uUffpu"" collected 20 from pot",2026-08-31T23:38:23.726Z,178821950372601
"Uncalled bet of 10 returned to ""gurtyo @ gpP9uUffpu""",2026-08-31T23:38:23.726Z,178821950372600
"""LingWae @ FQN9hzhzP_"" folds",2026-08-31T23:38:22.917Z,178821950291700
"""gurtyo @ gpP9uUffpu"" bets 10",2026-08-31T23:38:21.065Z,178821950106500
"""LingWae @ FQN9hzhzP_"" checks",2026-08-31T23:38:18.385Z,178821949838500
"Flop:  [6♥, 4♠, 4♥]",2026-08-31T23:38:16.444Z,178821949644400
"""LingWae @ FQN9hzhzP_"" checks",2026-08-31T23:38:15.547Z,178821949554700
"""gurtyo @ gpP9uUffpu"" calls 10",2026-08-31T23:38:14.529Z,178821949452900
"""LingWae @ FQN9hzhzP_"" posts a big blind of 10",2026-08-31T23:38:13.446Z,178821949344605
"""gurtyo @ gpP9uUffpu"" posts a small blind of 5",2026-08-31T23:38:13.446Z,178821949344604
"Player stacks: #1 ""gurtyo @ gpP9uUffpu"" (825) | #2 ""LingWae @ FQN9hzhzP_"" (1175)",2026-08-31T23:38:13.446Z,178821949344601
"-- starting hand #32 (id: xqeewuvfyv1q)  No Limit Texas Hold'em (dealer: ""gurtyo @ gpP9uUffpu"") --",2026-08-31T23:38:13.446Z,178821949344600
"""gurtyo @ gpP9uUffpu"" shows a 10♦.",2026-08-31T23:38:09.713Z,178821948971300
"""LingWae @ FQN9hzhzP_"" shows a 3♦.",2026-08-31T23:38:07.976Z,178821948797600
"Undealt cards:  [J♦, 9♠, 3♥, Q♣, 8♠]",2026-08-31T23:38:06.331Z,178821948633100
"-- ending hand #31 --",2026-08-31T23:38:06.056Z,178821948605602
"""gurtyo @ gpP9uUffpu"" collected 10 from pot",2026-08-31T23:38:06.056Z,178821948605601
"Uncalled bet of 5 returned to ""gurtyo @ gpP9uUffpu""",2026-08-31T23:38:06.056Z,178821948605600
"""LingWae @ FQN9hzhzP_"" folds",2026-08-31T23:38:05.211Z,178821948521100
"""gurtyo @ gpP9uUffpu"" posts a big blind of 10",2026-08-31T23:38:03.874Z,178821948387405
"""LingWae @ FQN9hzhzP_"" posts a small blind of 5",2026-08-31T23:38:03.874Z,178821948387404
"Player stacks: #1 ""gurtyo @ gpP9uUffpu"" (820) | #2 ""LingWae @ FQN9hzhzP_"" (1180)",2026-08-31T23:38:03.874Z,178821948387401
"-- starting hand #31 (id: ltnkbh18afsv)  No Limit Texas Hold'em (dealer: ""LingWae @ FQN9hzhzP_"") --",2026-08-31T23:38:03.874Z,178821948387400
"""LingWae @ FQN9hzhzP_"" shows a J♥.",2026-08-31T23:38:00.156Z,178821948015600
"Undealt cards:  [A♣, 9♦, 8♦, J♠, 2♠]",2026-08-31T23:37:57.677Z,178821947767700
"-- ending hand #30 --",2026-08-31T23:37:57.259Z,178821947725902
"""LingWae @ FQN9hzhzP_"" collected 10 from pot",2026-08-31T23:37:57.259Z,178821947725901
"Uncalled bet of 5 returned to ""LingWae @ FQN9hzhzP_""",2026-08-31T23:37:57.259Z,178821947725900
"""gurtyo @ gpP9uUffpu"" folds",2026-08-31T23:37:56.378Z,178821947637800
"""LingWae @ FQN9hzhzP_"" posts a big blind of 10",2026-08-31T23:37:55.369Z,178821947536905
"""gurtyo @ gpP9uUffpu"" posts a small blind of 5",2026-08-31T23:37:55.369Z,178821947536904
"Player stacks: #1 ""gurtyo @ gpP9uUffpu"" (825) | #2 ""LingWae @ FQN9hzhzP_"" (1175)",2026-08-31T23:37:55.369Z,178821947536901
"-- starting hand #30 (id: l0fmy1rhllkr)  No Limit Texas Hold'em (dealer: ""gurtyo @ gpP9uUffpu"") --",2026-08-31T23:37:55.369Z,178821947536900
"""gurtyo @ gpP9uUffpu"" shows a 7♣.",2026-08-31T23:37:52.531Z,178821947253100
"""LingWae @ FQN9hzhzP_"" shows a 8♣, K♥.",2026-08-31T23:37:50.843Z,178821947084300
"Undealt cards: A♠, 7♠, 8♦, J♥ [J♠]",2026-08-31T23:37:48.372Z,178821946837200
"-- ending hand #29 --",2026-08-31T23:37:48.064Z,178821946806402
"""LingWae @ FQN9hzhzP_"" collected 20 from pot",2026-08-31T23:37:48.064Z,178821946806401
"Uncalled bet of 20 returned to ""LingWae @ FQN9hzhzP_""",2026-08-31T23:37:48.064Z,178821946806400
"""gurtyo @ gpP9uUffpu"" folds",2026-08-31T23:37:47.257Z,178821946725700
"""LingWae @ FQN9hzhzP_"" bets 20",2026-08-31T23:37:46.325Z,178821946632500
"""gurtyo @ gpP9uUffpu"" checks",2026-08-31T23:37:43.131Z,178821946313100
"Turn: A♠, 7♠, 8♦ [J♥]",2026-08-31T23:37:42.458Z,178821946245800
"""LingWae @ FQN9hzhzP_"" checks",2026-08-31T23:37:41.602Z,178821946160200
"""gurtyo @ gpP9uUffpu"" checks",2026-08-31T23:37:38.577Z,178821945857700
"Flop:  [A♠, 7♠, 8♦]",2026-08-31T23:37:37.458Z,178821945745800
"""gurtyo @ gpP9uUffpu"" checks",2026-08-31T23:37:36.623Z,178821945662300
"""LingWae @ FQN9hzhzP_"" calls 10",2026-08-31T23:37:35.544Z,178821945554400
"""gurtyo @ gpP9uUffpu"" posts a big blind of 10",2026-08-31T23:37:26.938Z,178821944693805
"""LingWae @ FQN9hzhzP_"" posts a small blind of 5",2026-08-31T23:37:26.938Z,178821944693804
"Player stacks: #1 ""gurtyo @ gpP9uUffpu"" (835) | #2 ""LingWae @ FQN9hzhzP_"" (1165)",2026-08-31T23:37:26.938Z,178821944693801
"-- starting hand #29 (id: cg9srjr1ef91)  No Limit Texas Hold'em (dealer: ""LingWae @ FQN9hzhzP_"") --",2026-08-31T23:37:26.938Z,178821944693800
"""gurtyo @ gpP9uUffpu"" shows a J♣.",2026-08-31T23:37:24.425Z,178821944442500
"""LingWae @ FQN9hzhzP_"" shows a A♠, J♠.",2026-08-31T23:37:21.087Z,178821944108700
"Undealt cards:  [3♥, K♠, 10♦, J♦, 5♠]",2026-08-31T23:37:19.845Z,178821943984500
"-- ending hand #28 --",2026-08-31T23:37:19.601Z,178821943960102
"""LingWae @ FQN9hzhzP_"" collected 10 from pot",2026-08-31T23:37:19.601Z,178821943960101
"Uncalled bet of 5 returned to ""LingWae @ FQN9hzhzP_""",2026-08-31T23:37:19.601Z,178821943960100
"""gurtyo @ gpP9uUffpu"" folds",2026-08-31T23:37:18.787Z,178821943878700
"""LingWae @ FQN9hzhzP_"" posts a big blind of 10",2026-08-31T23:37:17.801Z,178821943780105
"""gurtyo @ gpP9uUffpu"" posts a small blind of 5",2026-08-31T23:37:17.801Z,178821943780104
"Player stacks: #1 ""gurtyo @ gpP9uUffpu"" (840) | #2 ""LingWae @ FQN9hzhzP_"" (1160)",2026-08-31T23:37:17.801Z,178821943780101
"-- starting hand #28 (id: fybu7xqapunb)  No Limit Texas Hold'em (dealer: ""gurtyo @ gpP9uUffpu"") --",2026-08-31T23:37:17.801Z,178821943780100
"""LingWae @ FQN9hzhzP_"" shows a K♠.",2026-08-31T23:37:15.346Z,178821943534600
"-- ending hand #27 --",2026-08-31T23:37:14.107Z,178821943410702
"""LingWae @ FQN9hzhzP_"" collected 120 from pot",2026-08-31T23:37:14.107Z,178821943410701
"Uncalled bet of 127 returned to ""LingWae @ FQN9hzhzP_""",2026-08-31T23:37:14.107Z,178821943410700
"""gurtyo @ gpP9uUffpu"" folds",2026-08-31T23:37:13.288Z,178821943328800
"""LingWae @ FQN9hzhzP_"" raises to 167",2026-08-31T23:37:03.472Z,178821942347200
"""gurtyo @ gpP9uUffpu"" bets 40",2026-08-31T23:36:59.395Z,178821941939500
"River: J♥, 9♣, 8♦, 2♠ [K♣]",2026-08-31T23:36:56.675Z,178821941667500
"""LingWae @ FQN9hzhzP_"" calls 10",2026-08-31T23:36:55.855Z,178821941585500
"""gurtyo @ gpP9uUffpu"" bets 10",2026-08-31T23:36:54.057Z,178821941405700
"Turn: J♥, 9♣, 8♦ [2♠]",2026-08-31T23:36:53.577Z,178821941357700
"""LingWae @ FQN9hzhzP_"" checks",2026-08-31T23:36:52.714Z,178821941271400
"""gurtyo @ gpP9uUffpu"" checks",2026-08-31T23:36:49.312Z,178821940931200
"Flop:  [J♥, 9♣, 8♦]",2026-08-31T23:36:47.838Z,178821940783800
"""gurtyo @ gpP9uUffpu"" checks",2026-08-31T23:36:47.018Z,178821940701800
"""LingWae @ FQN9hzhzP_"" calls 10",2026-08-31T23:36:44.873Z,178821940487300
"""gurtyo @ gpP9uUffpu"" posts a big blind of 10",2026-08-31T23:36:42.796Z,178821940279605
"""LingWae @ FQN9hzhzP_"" posts a small blind of 5",2026-08-31T23:36:42.796Z,178821940279604
"Player stacks: #1 ""gurtyo @ gpP9uUffpu"" (900) | #2 ""LingWae @ FQN9hzhzP_"" (1100)",2026-08-31T23:36:42.796Z,178821940279601
"-- starting hand #27 (id: 1sz3nackhk5i)  No Limit Texas Hold'em (dealer: ""LingWae @ FQN9hzhzP_"") --",2026-08-31T23:36:42.796Z,178821940279600
"-- ending hand #26 --",2026-08-31T23:36:36.772Z,178821939677203
"""gurtyo @ gpP9uUffpu"" collected 80 from pot with Pair, 9's (combination: 10♥, K♠, A♥, 9♦, 9♠)",2026-08-31T23:36:36.772Z,178821939677202
"""gurtyo @ gpP9uUffpu"" shows a A♥, K♠.",2026-08-31T23:36:36.772Z,178821939677201
"""LingWae @ FQN9hzhzP_"" shows a K♦, 2♠.",2026-08-31T23:36:36.772Z,178821939677200
"""gurtyo @ gpP9uUffpu"" checks",2026-08-31T23:36:35.957Z,178821939595700
"""LingWae @ FQN9hzhzP_"" checks",2026-08-31T23:36:35.058Z,178821939505800
"River: 6♥, 9♦, 5♣, 9♠ [10♥]",2026-08-31T23:36:31.956Z,178821939195600
"""gurtyo @ gpP9uUffpu"" checks",2026-08-31T23:36:31.072Z,178821939107200
"""LingWae @ FQN9hzhzP_"" checks",2026-08-31T23:36:30.158Z,178821939015800
"Turn: 6♥, 9♦, 5♣ [9♠]",2026-08-31T23:36:28.557Z,178821938855700
"""gurtyo @ gpP9uUffpu"" checks",2026-08-31T23:36:27.720Z,178821938772000
"""LingWae @ FQN9hzhzP_"" checks",2026-08-31T23:36:26.564Z,178821938656400
"Flop:  [6♥, 9♦, 5♣]",2026-08-31T23:36:24.259Z,178821938425900
"""LingWae @ FQN9hzhzP_"" calls 40",2026-08-31T23:36:23.430Z,178821938343000
"""gurtyo @ gpP9uUffpu"" raises to 40",2026-08-31T23:36:21.637Z,178821938163700
"""LingWae @ FQN9hzhzP_"" posts a big blind of 10",2026-08-31T23:36:20.152Z,178821938015205
"""gurtyo @ gpP9uUffpu"" posts a small blind of 5",2026-08-31T23:36:20.152Z,178821938015204
"Your hand is A♥, K♠",2026-08-31T23:36:20.152Z,178821938015202
"Player stacks: #1 ""gurtyo @ gpP9uUffpu"" (860) | #2 ""LingWae @ FQN9hzhzP_"" (1140)",2026-08-31T23:36:20.152Z,178821938015201
"-- starting hand #26 (id: q8c5yfcqw763)  No Limit Texas Hold'em (dealer: ""gurtyo @ gpP9uUffpu"") --",2026-08-31T23:36:20.152Z,178821938015200
"""gurtyo @ gpP9uUffpu"" shows a 10♠, 6♦.",2026-08-31T23:36:18.317Z,178821937831700
"""LingWae @ FQN9hzhzP_"" shows a 5♣.",2026-08-31T23:36:15.793Z,178821937579300
"Undealt cards:  [4♦, 2♦, 5♠, J♦, K♣]",2026-08-31T23:36:13.455Z,178821937345500
"-- ending hand #25 --",2026-08-31T23:36:12.807Z,178821937280702
"""gurtyo @ gpP9uUffpu"" collected 10 from pot",2026-08-31T23:36:12.807Z,178821937280701
"Uncalled bet of 5 returned to ""gurtyo @ gpP9uUffpu""",2026-08-31T23:36:12.807Z,178821937280700
"""LingWae @ FQN9hzhzP_"" folds",2026-08-31T23:36:11.965Z,178821937196500
"""gurtyo @ gpP9uUffpu"" posts a big blind of 10",2026-08-31T23:36:07.896Z,178821936789605
"""LingWae @ FQN9hzhzP_"" posts a small blind of 5",2026-08-31T23:36:07.896Z,178821936789604
"Your hand is 10♠, 6♦",2026-08-31T23:36:07.896Z,178821936789602
"Player stacks: #1 ""gurtyo @ gpP9uUffpu"" (855) | #2 ""LingWae @ FQN9hzhzP_"" (1145)",2026-08-31T23:36:07.896Z,178821936789601
"-- starting hand #25 (id: jwkfumdqjkhq)  No Limit Texas Hold'em (dealer: ""LingWae @ FQN9hzhzP_"") --",2026-08-31T23:36:07.896Z,178821936789600
"""gurtyo @ gpP9uUffpu"" shows a Q♥, 6♥.",2026-08-31T23:36:03.852Z,178821936385200
"-- ending hand #24 --",2026-08-31T23:36:01.373Z,178821936137302
"""LingWae @ FQN9hzhzP_"" collected 360 from pot with Two Pair, Q's & 5's (combination: 9♣, 5♦, 5♥, Q♣, Q♦)",2026-08-31T23:36:01.373Z,178821936137301
"""LingWae @ FQN9hzhzP_"" shows a 5♦, Q♣.",2026-08-31T23:36:01.373Z,178821936137300
"""gurtyo @ gpP9uUffpu"" calls 120",2026-08-31T23:36:00.549Z,178821936054900
"""LingWae @ FQN9hzhzP_"" bets 120",2026-08-31T23:35:55.272Z,178821935527200
"River: 5♥, Q♦, 7♣, 9♣ [3♣]",2026-08-31T23:35:52.068Z,178821935206800
"""gurtyo @ gpP9uUffpu"" calls 40",2026-08-31T23:35:51.244Z,178821935124400
"""LingWae @ FQN9hzhzP_"" bets 40",2026-08-31T23:35:48.350Z,178821934835000
"Turn: 5♥, Q♦, 7♣ [9♣]",2026-08-31T23:35:44.781Z,178821934478100
"""gurtyo @ gpP9uUffpu"" checks",2026-08-31T23:35:43.946Z,178821934394600
"""LingWae @ FQN9hzhzP_"" checks",2026-08-31T23:35:43.021Z,178821934302100
"Flop:  [5♥, Q♦, 7♣]",2026-08-31T23:35:39.650Z,178821933965000
"""gurtyo @ gpP9uUffpu"" calls 20",2026-08-31T23:35:38.839Z,178821933883900
"""LingWae @ FQN9hzhzP_"" raises to 20",2026-08-31T23:35:37.706Z,178821933770600
"""gurtyo @ gpP9uUffpu"" calls 10",2026-08-31T23:35:31.868Z,178821933186800
"""LingWae @ FQN9hzhzP_"" posts a big blind of 10",2026-08-31T23:35:27.570Z,178821932757005
"""gurtyo @ gpP9uUffpu"" posts a small blind of 5",2026-08-31T23:35:27.570Z,178821932757004
"Your hand is Q♥, 6♥",2026-08-31T23:35:27.570Z,178821932757002
"Player stacks: #1 ""gurtyo @ gpP9uUffpu"" (1035) | #2 ""LingWae @ FQN9hzhzP_"" (965)",2026-08-31T23:35:27.570Z,178821932757001
"-- starting hand #24 (id: ehsmh5zq0sau)  No Limit Texas Hold'em (dealer: ""gurtyo @ gpP9uUffpu"") --",2026-08-31T23:35:27.570Z,178821932757000
"""LingWae @ FQN9hzhzP_"" shows a J♠, J♦.",2026-08-31T23:35:24.598Z,178821932459800
"-- ending hand #23 --",2026-08-31T23:35:23.925Z,178821932392502
"""LingWae @ FQN9hzhzP_"" collected 120 from pot",2026-08-31T23:35:23.925Z,178821932392501
"Uncalled bet of 167 returned to ""LingWae @ FQN9hzhzP_""",2026-08-31T23:35:23.925Z,178821932392500
"""gurtyo @ gpP9uUffpu"" folds",2026-08-31T23:35:23.113Z,178821932311300
"""LingWae @ FQN9hzhzP_"" bets 167",2026-08-31T23:35:18.679Z,178821931867900
"""gurtyo @ gpP9uUffpu"" checks",2026-08-31T23:35:15.334Z,178821931533400
"River: 3♣, Q♠, J♣, 10♠ [7♠]",2026-08-31T23:35:14.095Z,178821931409500
"""gurtyo @ gpP9uUffpu"" calls 40",2026-08-31T23:35:13.217Z,178821931321700
"""LingWae @ FQN9hzhzP_"" bets 40",2026-08-31T23:35:07.218Z,178821930721800
"""gurtyo @ gpP9uUffpu"" checks",2026-08-31T23:35:03.216Z,178821930321600
"Turn: 3♣, Q♠, J♣ [10♠]",2026-08-31T23:35:01.884Z,178821930188400
"""gurtyo @ gpP9uUffpu"" calls 10",2026-08-31T23:35:01.016Z,178821930101600
"""LingWae @ FQN9hzhzP_"" bets 10",2026-08-31T23:34:58.398Z,178821929839800
"""gurtyo @ gpP9uUffpu"" checks",2026-08-31T23:34:53.062Z,178821929306200
"Flop:  [3♣, Q♠, J♣]",2026-08-31T23:34:51.825Z,178821929182500
"""gurtyo @ gpP9uUffpu"" checks",2026-08-31T23:34:51.016Z,178821929101600
"""LingWae @ FQN9hzhzP_"" calls 10",2026-08-31T23:34:49.807Z,178821928980700
"""gurtyo @ gpP9uUffpu"" posts a big blind of 10",2026-08-31T23:34:39.350Z,178821927935005
"""LingWae @ FQN9hzhzP_"" posts a small blind of 5",2026-08-31T23:34:39.350Z,178821927935004
"Player stacks: #1 ""gurtyo @ gpP9uUffpu"" (1095) | #2 ""LingWae @ FQN9hzhzP_"" (905)",2026-08-31T23:34:39.350Z,178821927935001
"-- starting hand #23 (id: z8cdhujjxhpc)  No Limit Texas Hold'em (dealer: ""LingWae @ FQN9hzhzP_"") --",2026-08-31T23:34:39.350Z,178821927935000
"""gurtyo @ gpP9uUffpu"" shows a K♦.",2026-08-31T23:34:37.339Z,178821927733900
"""LingWae @ FQN9hzhzP_"" shows a J♣.",2026-08-31T23:34:34.718Z,178821927471800
"Undealt cards: 8♠, J♠, A♦, Q♦ [7♦]",2026-08-31T23:34:33.306Z,178821927330600
"-- ending hand #22 --",2026-08-31T23:34:32.016Z,178821927201602
"""gurtyo @ gpP9uUffpu"" collected 80 from pot",2026-08-31T23:34:32.016Z,178821927201601
"Uncalled bet of 30 returned to ""gurtyo @ gpP9uUffpu""",2026-08-31T23:34:32.016Z,178821927201600
"""LingWae @ FQN9hzhzP_"" folds",2026-08-31T23:34:31.184Z,178821927118400
"""gurtyo @ gpP9uUffpu"" bets 30",2026-08-31T23:34:28.503Z,178821926850300
"""LingWae @ FQN9hzhzP_"" checks",2026-08-31T23:34:26.037Z,178821926603700
"Turn: 8♠, J♠, A♦ [Q♦]",2026-08-31T23:34:22.823Z,178821926282300
"""gurtyo @ gpP9uUffpu"" checks",2026-08-31T23:34:22.006Z,178821926200600
"""LingWae @ FQN9hzhzP_"" checks",2026-08-31T23:34:20.661Z,178821926066100
"Flop:  [8♠, J♠, A♦]",2026-08-31T23:34:11.406Z,178821925140600
"""LingWae @ FQN9hzhzP_"" calls 40",2026-08-31T23:34:10.564Z,178821925056400
"""gurtyo @ gpP9uUffpu"" raises to 40",2026-08-31T23:32:55.743Z,178821917574300
"""LingWae @ FQN9hzhzP_"" posts a big blind of 10",2026-08-31T23:32:53.813Z,178821917381305
"""gurtyo @ gpP9uUffpu"" posts a small blind of 5",2026-08-31T23:32:53.813Z,178821917381304
"Player stacks: #1 ""gurtyo @ gpP9uUffpu"" (1055) | #2 ""LingWae @ FQN9hzhzP_"" (945)",2026-08-31T23:32:53.813Z,178821917381301
"-- starting hand #22 (id: yxbh5eu19ryb)  No Limit Texas Hold'em (dealer: ""gurtyo @ gpP9uUffpu"") --",2026-08-31T23:32:53.813Z,178821917381300
"""LingWae @ FQN9hzhzP_"" shows a J♠.",2026-08-31T23:32:50.332Z,178821917033200
"Undealt cards: Q♠, 7♠, 7♦ [4♦, K♠]",2026-08-31T23:32:47.346Z,178821916734600
"-- ending hand #21 --",2026-08-31T23:32:47.168Z,178821916716802
"""LingWae @ FQN9hzhzP_"" collected 20 from pot",2026-08-31T23:32:47.168Z,178821916716801
"Uncalled bet of 20 returned to ""LingWae @ FQN9hzhzP_""",2026-08-31T23:32:47.168Z,178821916716800
"""gurtyo @ gpP9uUffpu"" folds",2026-08-31T23:32:46.346Z,178821916634600
"""LingWae @ FQN9hzhzP_"" bets 20",2026-08-31T23:32:45.322Z,178821916532200
"""gurtyo @ gpP9uUffpu"" checks",2026-08-31T23:32:42.455Z,178821916245500
"Flop:  [Q♠, 7♠, 7♦]",2026-08-31T23:32:41.065Z,178821916106500
"""gurtyo @ gpP9uUffpu"" checks",2026-08-31T23:32:40.256Z,178821916025600
"""LingWae @ FQN9hzhzP_"" calls 10",2026-08-31T23:32:39.359Z,178821915935900
"""gurtyo @ gpP9uUffpu"" posts a big blind of 10",2026-08-31T23:32:32.560Z,178821915256005
"""LingWae @ FQN9hzhzP_"" posts a small blind of 5",2026-08-31T23:32:32.560Z,178821915256004
"Player stacks: #1 ""gurtyo @ gpP9uUffpu"" (1065) | #2 ""LingWae @ FQN9hzhzP_"" (935)",2026-08-31T23:32:32.560Z,178821915256001
"-- starting hand #21 (id: zcv9rs34pe4l)  No Limit Texas Hold'em (dealer: ""LingWae @ FQN9hzhzP_"") --",2026-08-31T23:32:32.560Z,178821915256000
"""LingWae @ FQN9hzhzP_"" shows a 4♣, Q♠.",2026-08-31T23:32:27.499Z,178821914749900
"""gurtyo @ gpP9uUffpu"" shows a K♠.",2026-08-31T23:32:26.710Z,178821914671000
"Undealt cards: Q♦, 9♣, K♣ [4♠, 2♦]",2026-08-31T23:32:25.560Z,178821914556000
"-- ending hand #20 --",2026-08-31T23:32:25.189Z,178821914518902
"""gurtyo @ gpP9uUffpu"" collected 240 from pot",2026-08-31T23:32:25.189Z,178821914518901
"Uncalled bet of 160 returned to ""gurtyo @ gpP9uUffpu""",2026-08-31T23:32:25.189Z,178821914518900
"""LingWae @ FQN9hzhzP_"" folds",2026-08-31T23:32:24.379Z,178821914437900
"""gurtyo @ gpP9uUffpu"" raises to 240",2026-08-31T23:32:07.867Z,178821912786700
"""LingWae @ FQN9hzhzP_"" bets 80",2026-08-31T23:32:04.195Z,178821912419500
"Flop:  [Q♦, 9♣, K♣]",2026-08-31T23:32:00.601Z,178821912060100
"""LingWae @ FQN9hzhzP_"" calls 40",2026-08-31T23:31:59.699Z,178821911969900
"""gurtyo @ gpP9uUffpu"" raises to 40",2026-08-31T23:31:55.254Z,178821911525400
"""LingWae @ FQN9hzhzP_"" posts a big blind of 10",2026-08-31T23:31:52.855Z,178821911285505
"""gurtyo @ gpP9uUffpu"" posts a small blind of 5",2026-08-31T23:31:52.855Z,178821911285504
"Player stacks: #1 ""gurtyo @ gpP9uUffpu"" (945) | #2 ""LingWae @ FQN9hzhzP_"" (1055)",2026-08-31T23:31:52.855Z,178821911285501
"-- starting hand #20 (id: pqaicj43tojj)  No Limit Texas Hold'em (dealer: ""gurtyo @ gpP9uUffpu"") --",2026-08-31T23:31:52.855Z,178821911285500
"-- ending hand #19 --",2026-08-31T23:31:46.795Z,178821910679503
"""LingWae @ FQN9hzhzP_"" collected 60 from pot with Pair, K's (combination: 6♦, J♥, A♣, K♦, K♣)",2026-08-31T23:31:46.795Z,178821910679502
"""LingWae @ FQN9hzhzP_"" shows a 4♥, K♦.",2026-08-31T23:31:46.795Z,178821910679501
"""gurtyo @ gpP9uUffpu"" shows a 6♥, 7♦.",2026-08-31T23:31:46.795Z,178821910679500
"""LingWae @ FQN9hzhzP_"" checks",2026-08-31T23:31:45.894Z,178821910589400
"""gurtyo @ gpP9uUffpu"" checks",2026-08-31T23:31:44.785Z,178821910478500
"River: 3♦, J♥, 6♦, K♣ [A♣]",2026-08-31T23:31:43.850Z,178821910385000
"""gurtyo @ gpP9uUffpu"" calls 20",2026-08-31T23:31:42.992Z,178821910299200
"""LingWae @ FQN9hzhzP_"" bets 20",2026-08-31T23:31:41.723Z,178821910172300
"""gurtyo @ gpP9uUffpu"" checks",2026-08-31T23:31:39.037Z,178821909903700
"Turn: 3♦, J♥, 6♦ [K♣]",2026-08-31T23:31:38.397Z,178821909839700
"""LingWae @ FQN9hzhzP_"" checks",2026-08-31T23:31:37.547Z,178821909754700
"""gurtyo @ gpP9uUffpu"" checks",2026-08-31T23:31:35.164Z,178821909516400
"Flop:  [3♦, J♥, 6♦]",2026-08-31T23:31:33.788Z,178821909378800
"""gurtyo @ gpP9uUffpu"" checks",2026-08-31T23:31:32.941Z,178821909294100
"""LingWae @ FQN9hzhzP_"" calls 10",2026-08-31T23:31:31.992Z,178821909199200
"""gurtyo @ gpP9uUffpu"" posts a big blind of 10",2026-08-31T23:31:30.189Z,178821909018905
"""LingWae @ FQN9hzhzP_"" posts a small blind of 5",2026-08-31T23:31:30.189Z,178821909018904
"Your hand is 6♥, 7♦",2026-08-31T23:31:30.189Z,178821909018902
"Player stacks: #1 ""gurtyo @ gpP9uUffpu"" (975) | #2 ""LingWae @ FQN9hzhzP_"" (1025)",2026-08-31T23:31:30.189Z,178821909018901
"-- starting hand #19 (id: arqisgriaoke)  No Limit Texas Hold'em (dealer: ""LingWae @ FQN9hzhzP_"") --",2026-08-31T23:31:30.189Z,178821909018900
"Undealt cards:  [10♣, 5♣, A♦, K♣, A♠]",2026-08-31T23:31:24.418Z,178821908441800
"-- ending hand #18 --",2026-08-31T23:31:24.186Z,178821908418602
"""LingWae @ FQN9hzhzP_"" collected 10 from pot",2026-08-31T23:31:24.186Z,178821908418601
"Uncalled bet of 5 returned to ""LingWae @ FQN9hzhzP_""",2026-08-31T23:31:24.186Z,178821908418600
"""gurtyo @ gpP9uUffpu"" folds",2026-08-31T23:31:23.346Z,178821908334600
"""LingWae @ FQN9hzhzP_"" posts a big blind of 10",2026-08-31T23:31:22.383Z,178821908238305
"""gurtyo @ gpP9uUffpu"" posts a small blind of 5",2026-08-31T23:31:22.383Z,178821908238304
"Player stacks: #1 ""gurtyo @ gpP9uUffpu"" (980) | #2 ""LingWae @ FQN9hzhzP_"" (1020)",2026-08-31T23:31:22.383Z,178821908238301
"-- starting hand #18 (id: vaomnf3gndsl)  No Limit Texas Hold'em (dealer: ""gurtyo @ gpP9uUffpu"") --",2026-08-31T23:31:22.383Z,178821908238300
"""gurtyo @ gpP9uUffpu"" shows a K♥.",2026-08-31T23:31:20.674Z,178821908067400
"""LingWae @ FQN9hzhzP_"" shows a 7♣, 2♠.",2026-08-31T23:31:15.917Z,178821907591700
"Undealt cards:  [7♠, Q♥, Q♦, 5♠, 2♦]",2026-08-31T23:31:15.400Z,178821907540000
"-- ending hand #17 --",2026-08-31T23:31:14.977Z,178821907497702
"""LingWae @ FQN9hzhzP_"" collected 20 from pot",2026-08-31T23:31:14.977Z,178821907497701
"Uncalled bet of 90 returned to ""LingWae @ FQN9hzhzP_""",2026-08-31T23:31:14.977Z,178821907497700
"""gurtyo @ gpP9uUffpu"" folds",2026-08-31T23:31:14.050Z,178821907405000
"""LingWae @ FQN9hzhzP_"" raises to 100",2026-08-31T23:31:12.410Z,178821907241000
"""gurtyo @ gpP9uUffpu"" posts a big blind of 10",2026-08-31T23:31:03.174Z,178821906317405
"""LingWae @ FQN9hzhzP_"" posts a small blind of 5",2026-08-31T23:31:03.174Z,178821906317404
"Player stacks: #1 ""gurtyo @ gpP9uUffpu"" (990) | #2 ""LingWae @ FQN9hzhzP_"" (1010)",2026-08-31T23:31:03.174Z,178821906317401
"-- starting hand #17 (id: kn58bqnrj2un)  No Limit Texas Hold'em (dealer: ""LingWae @ FQN9hzhzP_"") --",2026-08-31T23:31:03.174Z,178821906317400
"Undealt cards:  [J♣, Q♦, J♦, 9♠, 8♥]",2026-08-31T23:30:57.567Z,178821905756700
"-- ending hand #16 --",2026-08-31T23:30:57.150Z,178821905715002
"""LingWae @ FQN9hzhzP_"" collected 10 from pot",2026-08-31T23:30:57.150Z,178821905715001
"Uncalled bet of 5 returned to ""LingWae @ FQN9hzhzP_""",2026-08-31T23:30:57.150Z,178821905715000
"""gurtyo @ gpP9uUffpu"" folds",2026-08-31T23:30:56.264Z,178821905626400
"""LingWae @ FQN9hzhzP_"" posts a big blind of 10",2026-08-31T23:30:55.103Z,178821905510305
"""gurtyo @ gpP9uUffpu"" posts a small blind of 5",2026-08-31T23:30:55.103Z,178821905510304
"Player stacks: #1 ""gurtyo @ gpP9uUffpu"" (995) | #2 ""LingWae @ FQN9hzhzP_"" (1005)",2026-08-31T23:30:55.103Z,178821905510301
"-- starting hand #16 (id: tfmrt6xnltbb)  No Limit Texas Hold'em (dealer: ""gurtyo @ gpP9uUffpu"") --",2026-08-31T23:30:55.103Z,178821905510300
"""gurtyo @ gpP9uUffpu"" shows a A♣.",2026-08-31T23:30:53.348Z,178821905334800
"-- ending hand #15 --",2026-08-31T23:30:51.500Z,178821905150002
"""gurtyo @ gpP9uUffpu"" collected 20 from pot",2026-08-31T23:30:51.500Z,178821905150001
"Uncalled bet of 20 returned to ""gurtyo @ gpP9uUffpu""",2026-08-31T23:30:51.500Z,178821905150000
"""LingWae @ FQN9hzhzP_"" folds",2026-08-31T23:30:50.639Z,178821905063900
"""gurtyo @ gpP9uUffpu"" bets 20",2026-08-31T23:30:47.428Z,178821904742800
"River: J♦, 2♠, 2♥, 8♦ [4♠]",2026-08-31T23:30:45.300Z,178821904530000
"""LingWae @ FQN9hzhzP_"" checks",2026-08-31T23:30:44.439Z,178821904443900
"""gurtyo @ gpP9uUffpu"" checks",2026-08-31T23:30:41.607Z,178821904160700
"Turn: J♦, 2♠, 2♥ [8♦]",2026-08-31T23:30:40.094Z,178821904009400
"""LingWae @ FQN9hzhzP_"" checks",2026-08-31T23:30:39.255Z,178821903925500
"""gurtyo @ gpP9uUffpu"" checks",2026-08-31T23:30:32.146Z,178821903214600
"Flop:  [J♦, 2♠, 2♥]",2026-08-31T23:30:30.670Z,178821903067000
"""gurtyo @ gpP9uUffpu"" checks",2026-08-31T23:30:29.788Z,178821902978800
"""LingWae @ FQN9hzhzP_"" calls 10",2026-08-31T23:30:27.728Z,178821902772800
"""gurtyo @ gpP9uUffpu"" posts a big blind of 10",2026-08-31T23:30:19.664Z,178821901966405
"""LingWae @ FQN9hzhzP_"" posts a small blind of 5",2026-08-31T23:30:19.664Z,178821901966404
"Player stacks: #1 ""gurtyo @ gpP9uUffpu"" (985) | #2 ""LingWae @ FQN9hzhzP_"" (1015)",2026-08-31T23:30:19.664Z,178821901966401
"-- starting hand #15 (id: kzcrsy6lmjhe)  No Limit Texas Hold'em (dealer: ""LingWae @ FQN9hzhzP_"") --",2026-08-31T23:30:19.664Z,178821901966400
"Undealt cards:  [4♣, 10♥, 7♠, 5♠, K♥]",2026-08-31T23:30:14.013Z,178821901401300
"-- ending hand #14 --",2026-08-31T23:30:13.739Z,178821901373902
"""LingWae @ FQN9hzhzP_"" collected 10 from pot",2026-08-31T23:30:13.739Z,178821901373901
"Uncalled bet of 5 returned to ""LingWae @ FQN9hzhzP_""",2026-08-31T23:30:13.739Z,178821901373900
"""gurtyo @ gpP9uUffpu"" folds",2026-08-31T23:30:12.925Z,178821901292500
"""LingWae @ FQN9hzhzP_"" posts a big blind of 10",2026-08-31T23:30:11.656Z,178821901165605
"""gurtyo @ gpP9uUffpu"" posts a small blind of 5",2026-08-31T23:30:11.656Z,178821901165604
"Player stacks: #1 ""gurtyo @ gpP9uUffpu"" (990) | #2 ""LingWae @ FQN9hzhzP_"" (1010)",2026-08-31T23:30:11.656Z,178821901165601
"-- starting hand #14 (id: p3xde1itzetk)  No Limit Texas Hold'em (dealer: ""gurtyo @ gpP9uUffpu"") --",2026-08-31T23:30:11.656Z,178821901165600
"""LingWae @ FQN9hzhzP_"" shows a 6♠.",2026-08-31T23:30:09.943Z,178821900994300
"""gurtyo @ gpP9uUffpu"" shows a 6♦.",2026-08-31T23:30:07.570Z,178821900757000
"Undealt cards: 5♥, 9♣, A♠ [K♦, 4♥]",2026-08-31T23:30:04.566Z,178821900456600
"-- ending hand #13 --",2026-08-31T23:30:04.312Z,178821900431202
"""LingWae @ FQN9hzhzP_"" collected 20 from pot",2026-08-31T23:30:04.312Z,178821900431201
"Uncalled bet of 10 returned to ""LingWae @ FQN9hzhzP_""",2026-08-31T23:30:04.312Z,178821900431200
"""gurtyo @ gpP9uUffpu"" folds",2026-08-31T23:30:03.410Z,178821900341000
"""LingWae @ FQN9hzhzP_"" bets 10",2026-08-31T23:30:02.435Z,178821900243500
"""gurtyo @ gpP9uUffpu"" checks",2026-08-31T23:29:59.389Z,178821899938900
"Flop:  [5♥, 9♣, A♠]",2026-08-31T23:29:58.282Z,178821899828200
"""gurtyo @ gpP9uUffpu"" checks",2026-08-31T23:29:57.380Z,178821899738000
"""LingWae @ FQN9hzhzP_"" calls 10",2026-08-31T23:29:56.416Z,178821899641600
"""gurtyo @ gpP9uUffpu"" posts a big blind of 10",2026-08-31T23:29:51.976Z,178821899197605
"""LingWae @ FQN9hzhzP_"" posts a small blind of 5",2026-08-31T23:29:51.976Z,178821899197604
"Player stacks: #1 ""gurtyo @ gpP9uUffpu"" (1000) | #2 ""LingWae @ FQN9hzhzP_"" (1000)",2026-08-31T23:29:51.976Z,178821899197601
"-- starting hand #13 (id: gyacfzp4jvwx)  No Limit Texas Hold'em (dealer: ""LingWae @ FQN9hzhzP_"") --",2026-08-31T23:29:51.976Z,178821899197600
"""LingWae @ FQN9hzhzP_"" shows a 9♣.",2026-08-31T23:29:49.871Z,178821898987100
"-- ending hand #12 --",2026-08-31T23:29:48.316Z,178821898831602
"""gurtyo @ gpP9uUffpu"" collected 200 from pot",2026-08-31T23:29:48.316Z,178821898831601
"Uncalled bet of 50 returned to ""gurtyo @ gpP9uUffpu""",2026-08-31T23:29:48.316Z,178821898831600
"""LingWae @ FQN9hzhzP_"" folds",2026-08-31T23:29:47.504Z,178821898750400
"""gurtyo @ gpP9uUffpu"" bets 50",2026-08-31T23:29:45.815Z,178821898581500
"""LingWae @ FQN9hzhzP_"" checks",2026-08-31T23:29:43.107Z,178821898310700
"River: 7♠, 4♦, J♣, Q♥ [6♣]",2026-08-31T23:29:36.158Z,178821897615800
"""LingWae @ FQN9hzhzP_"" calls 40",2026-08-31T23:29:35.343Z,178821897534300
"""gurtyo @ gpP9uUffpu"" bets 40",2026-08-31T23:29:33.172Z,178821897317200
"""LingWae @ FQN9hzhzP_"" checks",2026-08-31T23:29:31.362Z,178821897136200
"Turn: 7♠, 4♦, J♣ [Q♥]",2026-08-31T23:29:20.205Z,178821896020500
"""LingWae @ FQN9hzhzP_"" calls 20",2026-08-31T23:29:19.374Z,178821895937400
"""gurtyo @ gpP9uUffpu"" bets 20",2026-08-31T23:29:17.934Z,178821895793400
"""LingWae @ FQN9hzhzP_"" checks",2026-08-31T23:29:16.173Z,178821895617300
"Flop:  [7♠, 4♦, J♣]",2026-08-31T23:29:10.294Z,178821895029400
"""LingWae @ FQN9hzhzP_"" calls 40",2026-08-31T23:29:09.467Z,178821894946700
"""gurtyo @ gpP9uUffpu"" raises to 40",2026-08-31T23:29:08.213Z,178821894821300
"""LingWae @ FQN9hzhzP_"" posts a big blind of 10",2026-08-31T23:29:06.290Z,178821894629005
"""gurtyo @ gpP9uUffpu"" posts a small blind of 5",2026-08-31T23:29:06.290Z,178821894629004
"Player stacks: #1 ""gurtyo @ gpP9uUffpu"" (900) | #2 ""LingWae @ FQN9hzhzP_"" (1100)",2026-08-31T23:29:06.290Z,178821894629001
"-- starting hand #12 (id: bknzspvzwynl)  No Limit Texas Hold'em (dealer: ""gurtyo @ gpP9uUffpu"") --",2026-08-31T23:29:06.290Z,178821894629000
"Undealt cards: 9♦, J♦, K♠ [6♦, 8♣]",2026-08-31T23:29:01.045Z,178821894104500
"-- ending hand #11 --",2026-08-31T23:29:00.284Z,178821894028402
"""LingWae @ FQN9hzhzP_"" collected 20 from pot",2026-08-31T23:29:00.284Z,178821894028401
"Uncalled bet of 20 returned to ""LingWae @ FQN9hzhzP_""",2026-08-31T23:29:00.284Z,178821894028400
"""gurtyo @ gpP9uUffpu"" folds",2026-08-31T23:28:59.430Z,178821893943000
"""LingWae @ FQN9hzhzP_"" bets 20",2026-08-31T23:28:58.526Z,178821893852600
"""gurtyo @ gpP9uUffpu"" checks",2026-08-31T23:28:39.174Z,178821891917400
"Flop:  [9♦, J♦, K♠]",2026-08-31T23:28:38.269Z,178821891826900
"""gurtyo @ gpP9uUffpu"" checks",2026-08-31T23:28:37.421Z,178821891742100
"""LingWae @ FQN9hzhzP_"" calls 10",2026-08-31T23:28:35.867Z,178821891586700
"""gurtyo @ gpP9uUffpu"" posts a big blind of 10",2026-08-31T23:28:32.868Z,178821891286805
"""LingWae @ FQN9hzhzP_"" posts a small blind of 5",2026-08-31T23:28:32.868Z,178821891286804
"Player stacks: #1 ""gurtyo @ gpP9uUffpu"" (910) | #2 ""LingWae @ FQN9hzhzP_"" (1090)",2026-08-31T23:28:32.868Z,178821891286801
"-- starting hand #11 (id: kho6lzkjwedn)  No Limit Texas Hold'em (dealer: ""LingWae @ FQN9hzhzP_"") --",2026-08-31T23:28:32.868Z,178821891286800
"Undealt cards: 10♥, 3♥, 4♦, 5♣ [J♣]",2026-08-31T23:28:27.551Z,178821890755100
"-- ending hand #10 --",2026-08-31T23:28:26.891Z,178821890689102
"""gurtyo @ gpP9uUffpu"" collected 120 from pot",2026-08-31T23:28:26.891Z,178821890689101
"Uncalled bet of 80 returned to ""gurtyo @ gpP9uUffpu""",2026-08-31T23:28:26.891Z,178821890689100
"""LingWae @ FQN9hzhzP_"" folds",2026-08-31T23:28:26.069Z,178821890606900
"""gurtyo @ gpP9uUffpu"" bets 80",2026-08-31T23:28:13.863Z,178821889386300
"""LingWae @ FQN9hzhzP_"" checks",2026-08-31T23:28:10.153Z,178821889015300
"Turn: 10♥, 3♥, 4♦ [5♣]",2026-08-31T23:28:04.268Z,178821888426800
"""LingWae @ FQN9hzhzP_"" calls 20",2026-08-31T23:28:03.453Z,178821888345300
"""gurtyo @ gpP9uUffpu"" bets 20",2026-08-31T23:28:00.315Z,178821888031500
"""LingWae @ FQN9hzhzP_"" checks",2026-08-31T23:27:58.451Z,178821887845100
"Flop:  [10♥, 3♥, 4♦]",2026-08-31T23:27:53.358Z,178821887335800
"""LingWae @ FQN9hzhzP_"" calls 40",2026-08-31T23:27:52.434Z,178821887243400
"""gurtyo @ gpP9uUffpu"" raises to 40",2026-08-31T23:27:50.564Z,178821887056400
"""LingWae @ FQN9hzhzP_"" posts a big blind of 10",2026-08-31T23:27:48.558Z,178821886855805
"""gurtyo @ gpP9uUffpu"" posts a small blind of 5",2026-08-31T23:27:48.558Z,178821886855804
"Player stacks: #1 ""gurtyo @ gpP9uUffpu"" (850) | #2 ""LingWae @ FQN9hzhzP_"" (1150)",2026-08-31T23:27:48.558Z,178821886855801
"-- starting hand #10 (id: tetqfd6qfof6)  No Limit Texas Hold'em (dealer: ""gurtyo @ gpP9uUffpu"") --",2026-08-31T23:27:48.558Z,178821886855800
"""gurtyo @ gpP9uUffpu"" shows a 3♠.",2026-08-31T23:27:47.022Z,178821886702200
"""LingWae @ FQN9hzhzP_"" shows a 3♦.",2026-08-31T23:27:44.661Z,178821886466100
"-- ending hand #9 --",2026-08-31T23:27:44.154Z,178821886415402
"""gurtyo @ gpP9uUffpu"" collected 20 from pot",2026-08-31T23:27:44.154Z,178821886415401
"Uncalled bet of 20 returned to ""gurtyo @ gpP9uUffpu""",2026-08-31T23:27:44.154Z,178821886415400
"""LingWae @ FQN9hzhzP_"" folds",2026-08-31T23:27:43.282Z,178821886328200
"""gurtyo @ gpP9uUffpu"" bets 20",2026-08-31T23:27:42.247Z,178821886224700
"River: 9♣, 8♠, 2♦, 5♥ [J♠]",2026-08-31T23:27:39.957Z,178821885995700
"""LingWae @ FQN9hzhzP_"" checks",2026-08-31T23:27:39.057Z,178821885905700
"""gurtyo @ gpP9uUffpu"" checks",2026-08-31T23:27:37.992Z,178821885799200
"Turn: 9♣, 8♠, 2♦ [5♥]",2026-08-31T23:27:36.570Z,178821885657000
"""LingWae @ FQN9hzhzP_"" checks",2026-08-31T23:27:35.764Z,178821885576400
"""gurtyo @ gpP9uUffpu"" checks",2026-08-31T23:27:32.891Z,178821885289100
"Flop:  [9♣, 8♠, 2♦]",2026-08-31T23:27:31.548Z,178821885154800
"""gurtyo @ gpP9uUffpu"" checks",2026-08-31T23:27:30.599Z,178821885059900
"""LingWae @ FQN9hzhzP_"" calls 10",2026-08-31T23:27:29.052Z,178821884905200
"""gurtyo @ gpP9uUffpu"" posts a big blind of 10",2026-08-31T23:27:24.344Z,178821884434405
"""LingWae @ FQN9hzhzP_"" posts a small blind of 5",2026-08-31T23:27:24.344Z,178821884434404
"Player stacks: #1 ""gurtyo @ gpP9uUffpu"" (840) | #2 ""LingWae @ FQN9hzhzP_"" (1160)",2026-08-31T23:27:24.344Z,178821884434401
"-- starting hand #9 (id: xvhkt9shbgyj)  No Limit Texas Hold'em (dealer: ""LingWae @ FQN9hzhzP_"") --",2026-08-31T23:27:24.344Z,178821884434400
"Undealt cards:  [7♣, 8♠, A♠, J♣, 5♦]",2026-08-31T23:27:18.627Z,178821883862700
"-- ending hand #8 --",2026-08-31T23:27:18.369Z,178821883836902
"""LingWae @ FQN9hzhzP_"" collected 20 from pot",2026-08-31T23:27:18.369Z,178821883836901
"Uncalled bet of 89 returned to ""LingWae @ FQN9hzhzP_""",2026-08-31T23:27:18.369Z,178821883836900
"""gurtyo @ gpP9uUffpu"" folds",2026-08-31T23:27:17.564Z,178821883756400
"""LingWae @ FQN9hzhzP_"" raises to 99",2026-08-31T23:27:15.410Z,178821883541000
"""gurtyo @ gpP9uUffpu"" calls 10",2026-08-31T23:27:07.754Z,178821882775400
"""LingWae @ FQN9hzhzP_"" posts a big blind of 10",2026-08-31T23:27:06.554Z,178821882655405
"""gurtyo @ gpP9uUffpu"" posts a small blind of 5",2026-08-31T23:27:06.554Z,178821882655404
"Player stacks: #1 ""gurtyo @ gpP9uUffpu"" (850) | #2 ""LingWae @ FQN9hzhzP_"" (1150)",2026-08-31T23:27:06.554Z,178821882655401
"-- starting hand #8 (id: vdwuwuwiycta)  No Limit Texas Hold'em (dealer: ""gurtyo @ gpP9uUffpu"") --",2026-08-31T23:27:06.554Z,178821882655400
"""gurtyo @ gpP9uUffpu"" shows a 4♥.",2026-08-31T23:27:01.033Z,178821882103300
"""LingWae @ FQN9hzhzP_"" shows a 9♥.",2026-08-31T23:27:00.862Z,178821882086200
"Undealt cards: 10♣, 10♥, 9♠ [3♦, 4♣]",2026-08-31T23:26:59.712Z,178821881971200
"-- ending hand #7 --",2026-08-31T23:26:59.213Z,178821881921302
"""LingWae @ FQN9hzhzP_"" collected 20 from pot",2026-08-31T23:26:59.213Z,178821881921301
"Uncalled bet of 15 returned to ""LingWae @ FQN9hzhzP_""",2026-08-31T23:26:59.213Z,178821881921300
"""gurtyo @ gpP9uUffpu"" folds",2026-08-31T23:26:58.389Z,178821881838900
"""LingWae @ FQN9hzhzP_"" bets 15",2026-08-31T23:26:57.328Z,178821881732800
"""gurtyo @ gpP9uUffpu"" checks",2026-08-31T23:26:53.538Z,178821881353800
"Flop:  [10♣, 10♥, 9♠]",2026-08-31T23:26:52.009Z,178821881200900
"""gurtyo @ gpP9uUffpu"" checks",2026-08-31T23:26:51.189Z,178821881118900
"""LingWae @ FQN9hzhzP_"" calls 10",2026-08-31T23:26:50.201Z,178821881020100
"""gurtyo @ gpP9uUffpu"" posts a big blind of 10",2026-08-31T23:26:41.279Z,178821880127905
"""LingWae @ FQN9hzhzP_"" posts a small blind of 5",2026-08-31T23:26:41.279Z,178821880127904
"Player stacks: #1 ""gurtyo @ gpP9uUffpu"" (860) | #2 ""LingWae @ FQN9hzhzP_"" (1140)",2026-08-31T23:26:41.279Z,178821880127901
"-- starting hand #7 (id: b4qjzihljyuf)  No Limit Texas Hold'em (dealer: ""LingWae @ FQN9hzhzP_"") --",2026-08-31T23:26:41.279Z,178821880127900
"""gurtyo @ gpP9uUffpu"" shows a 5♣.",2026-08-31T23:26:38.203Z,178821879820300
"Undealt cards:  [8♣, 3♥, 10♣, Q♣, 10♦]",2026-08-31T23:26:34.945Z,178821879494500
"-- ending hand #6 --",2026-08-31T23:26:34.673Z,178821879467302
"""LingWae @ FQN9hzhzP_"" collected 10 from pot",2026-08-31T23:26:34.673Z,178821879467301
"Uncalled bet of 5 returned to ""LingWae @ FQN9hzhzP_""",2026-08-31T23:26:34.673Z,178821879467300
"""gurtyo @ gpP9uUffpu"" folds",2026-08-31T23:26:33.869Z,178821879386900
"""LingWae @ FQN9hzhzP_"" posts a big blind of 10",2026-08-31T23:26:32.794Z,178821879279405
"""gurtyo @ gpP9uUffpu"" posts a small blind of 5",2026-08-31T23:26:32.794Z,178821879279404
"Player stacks: #1 ""gurtyo @ gpP9uUffpu"" (865) | #2 ""LingWae @ FQN9hzhzP_"" (1135)",2026-08-31T23:26:32.794Z,178821879279401
"-- starting hand #6 (id: tul88cbtfot5)  No Limit Texas Hold'em (dealer: ""gurtyo @ gpP9uUffpu"") --",2026-08-31T23:26:32.794Z,178821879279400
"""gurtyo @ gpP9uUffpu"" shows a 8♠.",2026-08-31T23:26:29.896Z,178821878989600
"""LingWae @ FQN9hzhzP_"" shows a K♠.",2026-08-31T23:26:27.631Z,178821878763100
"Undealt cards: 7♠, 3♥, K♦ [Q♠, 7♣]",2026-08-31T23:26:25.840Z,178821878584000
"-- ending hand #5 --",2026-08-31T23:26:25.444Z,178821878544402
"""LingWae @ FQN9hzhzP_"" collected 120 from pot",2026-08-31T23:26:25.444Z,178821878544401
"Uncalled bet of 47 returned to ""LingWae @ FQN9hzhzP_""",2026-08-31T23:26:25.444Z,178821878544400
"""gurtyo @ gpP9uUffpu"" folds",2026-08-31T23:26:24.639Z,178821878463900
"""LingWae @ FQN9hzhzP_"" raises to 67",2026-08-31T23:26:22.947Z,178821878294700
"""gurtyo @ gpP9uUffpu"" bets 20",2026-08-31T23:26:20.297Z,178821878029700
"Flop:  [7♠, 3♥, K♦]",2026-08-31T23:26:17.437Z,178821877743700
"""LingWae @ FQN9hzhzP_"" calls 40",2026-08-31T23:26:16.590Z,178821877659000
"""gurtyo @ gpP9uUffpu"" raises to 40",2026-08-31T23:26:14.250Z,178821877425000
"""LingWae @ FQN9hzhzP_"" calls 10",2026-08-31T23:26:11.982Z,178821877198200
"""gurtyo @ gpP9uUffpu"" posts a big blind of 10",2026-08-31T23:26:07.581Z,178821876758105
"""LingWae @ FQN9hzhzP_"" posts a small blind of 5",2026-08-31T23:26:07.581Z,178821876758104
"Player stacks: #1 ""gurtyo @ gpP9uUffpu"" (925) | #2 ""LingWae @ FQN9hzhzP_"" (1075)",2026-08-31T23:26:07.581Z,178821876758101
"-- starting hand #5 (id: epxau6smp4ds)  No Limit Texas Hold'em (dealer: ""LingWae @ FQN9hzhzP_"") --",2026-08-31T23:26:07.581Z,178821876758100
"Undealt cards:  [9♠, J♥, 2♠, 6♠, 8♣]",2026-08-31T23:26:02.006Z,178821876200600
"-- ending hand #4 --",2026-08-31T23:26:01.658Z,178821876165802
"""LingWae @ FQN9hzhzP_"" collected 10 from pot",2026-08-31T23:26:01.658Z,178821876165801
"Uncalled bet of 5 returned to ""LingWae @ FQN9hzhzP_""",2026-08-31T23:26:01.658Z,178821876165800
"""gurtyo @ gpP9uUffpu"" folds",2026-08-31T23:26:00.791Z,178821876079100
"""LingWae @ FQN9hzhzP_"" posts a big blind of 10",2026-08-31T23:25:59.870Z,178821875987005
"""gurtyo @ gpP9uUffpu"" posts a small blind of 5",2026-08-31T23:25:59.870Z,178821875987004
"Player stacks: #1 ""gurtyo @ gpP9uUffpu"" (930) | #2 ""LingWae @ FQN9hzhzP_"" (1070)",2026-08-31T23:25:59.870Z,178821875987001
"-- starting hand #4 (id: qakoyn9cmmfm)  No Limit Texas Hold'em (dealer: ""gurtyo @ gpP9uUffpu"") --",2026-08-31T23:25:59.870Z,178821875987000
"""LingWae @ FQN9hzhzP_"" shows a A♦.",2026-08-31T23:25:54.910Z,178821875491000
"Undealt cards: 10♠, 4♣, 2♣ [7♣, K♣]",2026-08-31T23:25:53.651Z,178821875365100
"-- ending hand #3 --",2026-08-31T23:25:53.268Z,178821875326802
"""LingWae @ FQN9hzhzP_"" collected 110 from pot",2026-08-31T23:25:53.268Z,178821875326801
"Uncalled bet of 55 returned to ""LingWae @ FQN9hzhzP_""",2026-08-31T23:25:53.268Z,178821875326800
"""gurtyo @ gpP9uUffpu"" folds",2026-08-31T23:25:52.458Z,178821875245800
"""LingWae @ FQN9hzhzP_"" bets 55",2026-08-31T23:25:51.267Z,178821875126700
"""gurtyo @ gpP9uUffpu"" checks",2026-08-31T23:25:45.304Z,178821874530400
"Flop:  [10♠, 4♣, 2♣]",2026-08-31T23:25:44.157Z,178821874415700
"""gurtyo @ gpP9uUffpu"" calls 55",2026-08-31T23:25:43.269Z,178821874326900
"""LingWae @ FQN9hzhzP_"" raises to 55",2026-08-31T23:25:40.340Z,178821874034000
"""gurtyo @ gpP9uUffpu"" posts a big blind of 10",2026-08-31T23:25:35.969Z,178821873596905
"""LingWae @ FQN9hzhzP_"" posts a small blind of 5",2026-08-31T23:25:35.969Z,178821873596904
"Player stacks: #1 ""gurtyo @ gpP9uUffpu"" (985) | #2 ""LingWae @ FQN9hzhzP_"" (1015)",2026-08-31T23:25:35.969Z,178821873596901
"-- starting hand #3 (id: sjhnb8z0johq)  No Limit Texas Hold'em (dealer: ""LingWae @ FQN9hzhzP_"") --",2026-08-31T23:25:35.969Z,178821873596900
"""gurtyo @ gpP9uUffpu"" shows a 5♣.",2026-08-31T23:25:33.172Z,178821873317200
"Undealt cards:  [10♥, 5♦, A♠, 7♥, 7♦]",2026-08-31T23:25:30.110Z,178821873011000
"-- ending hand #2 --",2026-08-31T23:25:29.354Z,178821872935402
"""LingWae @ FQN9hzhzP_"" collected 10 from pot",2026-08-31T23:25:29.354Z,178821872935401
"Uncalled bet of 5 returned to ""LingWae @ FQN9hzhzP_""",2026-08-31T23:25:29.354Z,178821872935400
"""gurtyo @ gpP9uUffpu"" folds",2026-08-31T23:25:28.548Z,178821872854800
"""LingWae @ FQN9hzhzP_"" posts a big blind of 10",2026-08-31T23:25:26.749Z,178821872674905
"""gurtyo @ gpP9uUffpu"" posts a small blind of 5",2026-08-31T23:25:26.749Z,178821872674904
"Player stacks: #1 ""gurtyo @ gpP9uUffpu"" (990) | #2 ""LingWae @ FQN9hzhzP_"" (1010)",2026-08-31T23:25:26.749Z,178821872674901
"-- starting hand #2 (id: o7q8g3almzph)  No Limit Texas Hold'em (dealer: ""gurtyo @ gpP9uUffpu"") --",2026-08-31T23:25:26.749Z,178821872674900
"""LingWae @ FQN9hzhzP_"" shows a Q♣, Q♠.",2026-08-31T23:25:21.333Z,178821872133300
"""gurtyo @ gpP9uUffpu"" shows a 6♦, 7♥.",2026-08-31T23:25:21.028Z,178821872102800
"Undealt cards:  [J♠, K♠, 4♠, 3♠, 9♣]",2026-08-31T23:25:19.554Z,178821871955400
"-- ending hand #1 --",2026-08-31T23:25:19.340Z,178821871934002
"""LingWae @ FQN9hzhzP_"" collected 20 from pot",2026-08-31T23:25:19.340Z,178821871934001
"Uncalled bet of 45 returned to ""LingWae @ FQN9hzhzP_""",2026-08-31T23:25:19.340Z,178821871934000
"""gurtyo @ gpP9uUffpu"" folds",2026-08-31T23:25:18.495Z,178821871849500
"""LingWae @ FQN9hzhzP_"" raises to 55",2026-08-31T23:25:17.434Z,178821871743400
"""gurtyo @ gpP9uUffpu"" posts a big blind of 10",2026-08-31T23:25:11.259Z,178821871125907
"""LingWae @ FQN9hzhzP_"" posts a small blind of 5",2026-08-31T23:25:11.259Z,178821871125906
"Your hand is 6♦, 7♥",2026-08-31T23:25:11.259Z,178821871125904
"Player stacks: #1 ""gurtyo @ gpP9uUffpu"" (1000) | #2 ""LingWae @ FQN9hzhzP_"" (1000)",2026-08-31T23:25:11.259Z,178821871125903
"The player ""LingWae @ FQN9hzhzP_"" joined the game with a stack of 1000.",2026-08-31T23:25:11.259Z,178821871125902
"The player ""gurtyo @ gpP9uUffpu"" joined the game with a stack of 1000.",2026-08-31T23:25:11.259Z,178821871125901
"-- starting hand #1 (id: vk9nxs05k87x)  No Limit Texas Hold'em (dealer: ""LingWae @ FQN9hzhzP_"") --",2026-08-31T23:25:11.259Z,178821871125900
"The admin approved the player ""LingWae @ FQN9hzhzP_"" participation with a stack of 1000.",2026-08-31T23:25:09.204Z,178821870920400
"The player ""LingWae @ FQN9hzhzP_"" requested a seat.",2026-08-31T23:25:02.698Z,178821870269800
"Game Config Changes
* Rabbit Hunt: off » on
* Allow Run it Twice: no » ask players",2026-08-31T23:02:37.584Z,178821735758400
"The game's big blind was changed from 20 to 10.",2026-08-31T23:02:33.972Z,178821735397201
"Game Config Changes
* Blind Schedule: L1: 5/20 » L1: 5/10
* Restart Blind Schedule at Level: none » 1",2026-08-31T23:02:33.972Z,178821735397200
"The game's ante was changed from 0 to 0.",2026-08-31T23:02:30.463Z,178821735046302
"The game's small blind was changed from 10 to 5.",2026-08-31T23:02:30.463Z,178821735046301
"Game Config Changes
* Nit Minimum Players: off » 3
* Allow Rebuy: off » off
* Blind Schedule: L1: 10/20 » L1: 5/20
* Restart Blind Schedule at Level: none » 1",2026-08-31T23:02:30.463Z,178821735046300
"The admin approved the player ""gurtyo @ gpP9uUffpu"" participation with a stack of 1000.",2026-08-31T23:02:27.327Z,178821734732701
"The player ""gurtyo @ gpP9uUffpu"" requested a seat.",2026-08-31T23:02:27.327Z,178821734732700
