entry,at,order
"-- ending hand #310 --",2026-09-12T03:00:32.651Z,178918203265103
"""9/2 @ d-4X_F_SSU"" collected 128 from pot with Pair, 9's (combination: 5♣, 8♦, K♥, 9♠, 9♦)",2026-09-12T03:00:32.651Z,178918203265102
"""9/2 @ d-4X_F_SSU"" shows a 9♠, 5♣.",2026-09-12T03:00:32.651Z,178918203265101
"""gurt @ gpP9uUffpu"" shows a 5♥, Q♣.",2026-09-12T03:00:32.651Z,178918203265100
"""9/2 @ d-4X_F_SSU"" calls 44",2026-09-12T03:00:31.791Z,178918203179100
"""gurt @ gpP9uUffpu"" raises to 44",2026-09-12T03:00:30.927Z,178918203092700
"""9/2 @ d-4X_F_SSU"" bets 10",2026-09-12T03:00:29.213Z,178918202921300
"River: 3♠, K♥, 9♦, 2♠ [8♦]",2026-09-12T03:00:28.947Z,178918202894700
"""gurt @ gpP9uUffpu"" calls 10",2026-09-12T03:00:28.140Z,178918202814000
"""9/2 @ d-4X_F_SSU"" bets 10",2026-09-12T03:00:27.189Z,178918202718900
"Turn: 3♠, K♥, 9♦ [2♠]",2026-09-12T03:00:26.945Z,178918202694500
"""gurt @ gpP9uUffpu"" checks",2026-09-12T03:00:26.098Z,178918202609800
"The admin ""gurt @ gpP9uUffpu"" enqueued the game stop on next hand.",2026-09-12T03:00:25.742Z,178918202574200
"""9/2 @ d-4X_F_SSU"" checks",2026-09-12T03:00:24.431Z,178918202443100
"Flop:  [3♠, K♥, 9♦]",2026-09-12T03:00:23.582Z,178918202358200
"""9/2 @ d-4X_F_SSU"" checks",2026-09-12T03:00:22.747Z,178918202274700
"""gurt @ gpP9uUffpu"" calls 10",2026-09-12T03:00:08.056Z,178918200805600
"""9/2 @ d-4X_F_SSU"" posts a big blind of 10",2026-09-12T03:00:06.507Z,178918200650705
"""gurt @ gpP9uUffpu"" posts a small blind of 5",2026-09-12T03:00:06.507Z,178918200650704
"Your hand is 5♥, Q♣",2026-09-12T03:00:06.507Z,178918200650702
"Player stacks: #8 ""gurt @ gpP9uUffpu"" (5336) | #10 ""9/2 @ d-4X_F_SSU"" (2304)",2026-09-12T03:00:06.507Z,178918200650701
"-- starting hand #310 (id: u39pnrvj1ciz)  No Limit Texas Hold'em (dealer: ""gurt @ gpP9uUffpu"") --",2026-09-12T03:00:06.507Z,178918200650700
"Undealt cards:  [6♣, 10♦, K♣, 3♠, Q♣]",2026-09-12T03:00:02.234Z,178918200223400
"-- ending hand #309 --",2026-09-12T03:00:00.515Z,178918200051502
"""gurt @ gpP9uUffpu"" collected 10 from pot",2026-09-12T03:00:00.515Z,178918200051501
"Uncalled bet of 5 returned to ""gurt @ gpP9uUffpu""",2026-09-12T03:00:00.515Z,178918200051500
"""9/2 @ d-4X_F_SSU"" folds",2026-09-12T02:59:59.671Z,178918199967100
"""gurt @ gpP9uUffpu"" posts a big blind of 10",2026-09-12T02:59:58.770Z,178918199877006
"""9/2 @ d-4X_F_SSU"" posts a small blind of 5",2026-09-12T02:59:58.770Z,178918199877005
"Player stacks: #8 ""gurt @ gpP9uUffpu"" (5331) | #10 ""9/2 @ d-4X_F_SSU"" (2309)",2026-09-12T02:59:58.770Z,178918199877002
"-- starting hand #309 (id: g9zpcknvwgjp)  No Limit Texas Hold'em (dealer: ""9/2 @ d-4X_F_SSU"") --",2026-09-12T02:59:58.770Z,178918199877001
"The player ""LingWae @ FQN9hzhzP_"" quits the game with a stack of 0.",2026-09-12T02:59:58.770Z,178918199877000
"-- ending hand #308 --",2026-09-12T02:59:52.767Z,178918199276705
"""gurt @ gpP9uUffpu"" collected 220 from pot with Three of a Kind, J's (combination: 10♦, K♣, J♦, J♠, J♣)",2026-09-12T02:59:52.767Z,178918199276704
"""gurt @ gpP9uUffpu"" collected 285 from pot with Three of a Kind, J's (combination: 10♦, K♣, J♦, J♠, J♣)",2026-09-12T02:59:52.767Z,178918199276703
"""gurt @ gpP9uUffpu"" shows a J♦, J♠.",2026-09-12T02:59:52.767Z,178918199276702
"""LingWae @ FQN9hzhzP_"" shows a K♥, A♥.",2026-09-12T02:59:52.767Z,178918199276701
"""9/2 @ d-4X_F_SSU"" shows a 2♠, A♦.",2026-09-12T02:59:52.767Z,178918199276700
"""gurt @ gpP9uUffpu"" checks",2026-09-12T02:59:51.921Z,178918199192100
"""9/2 @ d-4X_F_SSU"" checks",2026-09-12T02:59:50.992Z,178918199099200
"River: 10♦, 4♣, 3♣, K♣ [J♣]",2026-09-12T02:59:49.900Z,178918198990000
"""9/2 @ d-4X_F_SSU"" calls 55",2026-09-12T02:59:49.087Z,178918198908700
"""gurt @ gpP9uUffpu"" bets 55",2026-09-12T02:59:46.148Z,178918198614800
"""9/2 @ d-4X_F_SSU"" checks",2026-09-12T02:59:44.748Z,178918198474800
"Turn: 10♦, 4♣, 3♣ [K♣]",2026-09-12T02:59:43.958Z,178918198395800
"""9/2 @ d-4X_F_SSU"" calls 55",2026-09-12T02:59:43.144Z,178918198314400
"""gurt @ gpP9uUffpu"" bets 55",2026-09-12T02:59:42.050Z,178918198205000
"""9/2 @ d-4X_F_SSU"" checks",2026-09-12T02:59:40.324Z,178918198032400
"Flop:  [10♦, 4♣, 3♣]",2026-09-12T02:59:39.808Z,178918197980800
"""9/2 @ d-4X_F_SSU"" calls 95",2026-09-12T02:59:38.994Z,178918197899400
"""gurt @ gpP9uUffpu"" calls 95",2026-09-12T02:59:37.015Z,178918197701500
"""LingWae @ FQN9hzhzP_"" raises to 95 and go all in",2026-09-12T02:59:35.368Z,178918197536800
"""9/2 @ d-4X_F_SSU"" calls 55",2026-09-12T02:59:33.655Z,178918197365500
"""gurt @ gpP9uUffpu"" raises to 55",2026-09-12T02:59:32.103Z,178918197210300
"""LingWae @ FQN9hzhzP_"" posts a big blind of 10",2026-09-12T02:59:30.204Z,178918197020406
"""9/2 @ d-4X_F_SSU"" posts a small blind of 5",2026-09-12T02:59:30.204Z,178918197020405
"Your hand is J♦, J♠",2026-09-12T02:59:30.204Z,178918197020403
"Player stacks: #1 ""LingWae @ FQN9hzhzP_"" (95) | #8 ""gurt @ gpP9uUffpu"" (5031) | #10 ""9/2 @ d-4X_F_SSU"" (2514)",2026-09-12T02:59:30.204Z,178918197020401
"-- starting hand #308 (id: 3u1sjcaykpia)  No Limit Texas Hold'em (dealer: ""gurt @ gpP9uUffpu"") --",2026-09-12T02:59:30.204Z,178918197020400
"Undealt cards:  [5♥, 6♦, 3♠, 2♣, 9♠]",2026-09-12T02:59:25.742Z,178918196574200
"-- ending hand #307 --",2026-09-12T02:59:24.268Z,178918196426802
"""gurt @ gpP9uUffpu"" collected 20 from pot",2026-09-12T02:59:24.268Z,178918196426801
"Uncalled bet of 45 returned to ""gurt @ gpP9uUffpu""",2026-09-12T02:59:24.268Z,178918196426800
"""9/2 @ d-4X_F_SSU"" folds",2026-09-12T02:59:23.444Z,178918196344400
"""gurt @ gpP9uUffpu"" raises to 55",2026-09-12T02:59:15.016Z,178918195501600
"""LingWae @ FQN9hzhzP_"" folds",2026-09-12T02:59:13.068Z,178918195306800
"""9/2 @ d-4X_F_SSU"" posts a big blind of 10",2026-09-12T02:59:11.918Z,178918195191806
"""gurt @ gpP9uUffpu"" posts a small blind of 5",2026-09-12T02:59:11.918Z,178918195191805
"Player stacks: #1 ""LingWae @ FQN9hzhzP_"" (95) | #8 ""gurt @ gpP9uUffpu"" (5021) | #10 ""9/2 @ d-4X_F_SSU"" (2524)",2026-09-12T02:59:11.918Z,178918195191801
"-- starting hand #307 (id: srvrtk1udiup)  No Limit Texas Hold'em (dealer: ""LingWae @ FQN9hzhzP_"") --",2026-09-12T02:59:11.918Z,178918195191800
"Undealt cards:  [10♠, 2♥, Q♦, 8♥, 3♥]",2026-09-12T02:59:07.171Z,178918194717100
"-- ending hand #306 --",2026-09-12T02:59:05.964Z,178918194596402
"""gurt @ gpP9uUffpu"" collected 10 from pot",2026-09-12T02:59:05.964Z,178918194596401
"Uncalled bet of 5 returned to ""gurt @ gpP9uUffpu""",2026-09-12T02:59:05.964Z,178918194596400
"""LingWae @ FQN9hzhzP_"" folds",2026-09-12T02:59:05.142Z,178918194514200
"""9/2 @ d-4X_F_SSU"" folds",2026-09-12T02:59:02.575Z,178918194257500
"""gurt @ gpP9uUffpu"" posts a big blind of 10",2026-09-12T02:59:01.303Z,178918194130307
"""LingWae @ FQN9hzhzP_"" posts a small blind of 5",2026-09-12T02:59:01.303Z,178918194130306
"Player stacks: #1 ""LingWae @ FQN9hzhzP_"" (100) | #8 ""gurt @ gpP9uUffpu"" (5016) | #10 ""9/2 @ d-4X_F_SSU"" (2524)",2026-09-12T02:59:01.303Z,178918194130302
"-- starting hand #306 (id: phrihkdtfex1)  No Limit Texas Hold'em (dealer: ""9/2 @ d-4X_F_SSU"") --",2026-09-12T02:59:01.303Z,178918194130301
"The player ""LingWae @ FQN9hzhzP_"" joined the game with a stack of 100.",2026-09-12T02:59:01.303Z,178918194130300
"""9/2 @ d-4X_F_SSU"" shows a 2♥.",2026-09-12T02:58:56.707Z,178918193670700
"Undealt cards: J♣, 6♣, 2♦ [2♠, 8♦]",2026-09-12T02:58:55.000Z,178918193500000
"-- ending hand #305 --",2026-09-12T02:58:54.683Z,178918193468302
"""gurt @ gpP9uUffpu"" collected 110 from pot",2026-09-12T02:58:54.683Z,178918193468301
"Uncalled bet of 55 returned to ""gurt @ gpP9uUffpu""",2026-09-12T02:58:54.683Z,178918193468300
"""9/2 @ d-4X_F_SSU"" folds",2026-09-12T02:58:53.816Z,178918193381600
"""gurt @ gpP9uUffpu"" bets 55",2026-09-12T02:58:41.372Z,178918192137200
"The admin approved the player ""LingWae @ FQN9hzhzP_"" participation with a stack of 100.",2026-09-12T02:58:38.669Z,178918191866900
"""9/2 @ d-4X_F_SSU"" checks",2026-09-12T02:58:37.754Z,178918191775400
"Flop:  [J♣, 6♣, 2♦]",2026-09-12T02:58:36.360Z,178918191636000
"""9/2 @ d-4X_F_SSU"" calls 55",2026-09-12T02:58:35.542Z,178918191554200
"The player ""LingWae @ FQN9hzhzP_"" requested a seat.",2026-09-12T02:58:35.161Z,178918191516100
"""gurt @ gpP9uUffpu"" raises to 55",2026-09-12T02:58:34.673Z,178918191467300
"""9/2 @ d-4X_F_SSU"" posts a big blind of 10",2026-09-12T02:58:32.561Z,178918191256106
"""gurt @ gpP9uUffpu"" posts a small blind of 5",2026-09-12T02:58:32.561Z,178918191256105
"Player stacks: #8 ""gurt @ gpP9uUffpu"" (4961) | #10 ""9/2 @ d-4X_F_SSU"" (2579)",2026-09-12T02:58:32.561Z,178918191256102
"-- starting hand #305 (id: xqmj4bkouak9)  No Limit Texas Hold'em (dealer: ""gurt @ gpP9uUffpu"") --",2026-09-12T02:58:32.561Z,178918191256101
"The player ""LingWae @ FQN9hzhzP_"" quits the game with a stack of 0.",2026-09-12T02:58:32.561Z,178918191256100
"-- ending hand #304 --",2026-09-12T02:58:24.551Z,178918190455102
"""gurt @ gpP9uUffpu"" collected 90 from pot with Two Pair, K's & 9's on the second run  (combination: 7♥, 9♦, 9♠, K♣, K♥)",2026-09-12T02:58:24.551Z,178918190455101
"""gurt @ gpP9uUffpu"" collected 90 from pot with Pair, K's (combination: 9♦, 10♦, A♠, K♣, K♠)",2026-09-12T02:58:24.551Z,178918190455100
"River (second run): K♥, 9♠, 5♥, 7♥ [2♦]",2026-09-12T02:58:20.514Z,178918190051400
"Turn (second run): K♥, 9♠, 5♥ [7♥]",2026-09-12T02:58:16.511Z,178918189651100
"Flop (second run):  [K♥, 9♠, 5♥]",2026-09-12T02:58:12.493Z,178918189249300
"River: K♠, 6♣, 7♣, A♠ [10♦]",2026-09-12T02:58:08.460Z,178918188846000
"Turn: K♠, 6♣, 7♣ [A♠]",2026-09-12T02:58:04.450Z,178918188445000
"Flop:  [K♠, 6♣, 7♣]",2026-09-12T02:58:00.367Z,178918188036700
"""LingWae @ FQN9hzhzP_"" shows a 8♦, 7♦.",2026-09-12T02:57:56.360Z,178918187636000
"""gurt @ gpP9uUffpu"" shows a 9♦, K♣.",2026-09-12T02:57:55.988Z,178918187598800
"All players in hand choose to run it twice.",2026-09-12T02:57:55.487Z,178918187548701
"""LingWae @ FQN9hzhzP_"" chooses to  run it twice.",2026-09-12T02:57:55.487Z,178918187548700
"""gurt @ gpP9uUffpu"" chooses to  run it twice.",2026-09-12T02:57:55.319Z,178918187531900
"Remaining players decide whether to run it twice.",2026-09-12T02:57:54.597Z,178918187459701
"""gurt @ gpP9uUffpu"" calls 90",2026-09-12T02:57:54.597Z,178918187459700
"""LingWae @ FQN9hzhzP_"" raises to 90 and go all in",2026-09-12T02:57:53.351Z,178918187335100
"""9/2 @ d-4X_F_SSU"" folds",2026-09-12T02:57:49.276Z,178918186927600
"""gurt @ gpP9uUffpu"" posts a big blind of 10",2026-09-12T02:57:47.953Z,178918186795306
"""LingWae @ FQN9hzhzP_"" posts a small blind of 5",2026-09-12T02:57:47.953Z,178918186795305
"Your hand is 9♦, K♣",2026-09-12T02:57:47.953Z,178918186795303
"Player stacks: #1 ""LingWae @ FQN9hzhzP_"" (90) | #8 ""gurt @ gpP9uUffpu"" (4871) | #10 ""9/2 @ d-4X_F_SSU"" (2579)",2026-09-12T02:57:47.953Z,178918186795301
"-- starting hand #304 (id: 6qps4gcnzqru)  No Limit Texas Hold'em (dealer: ""9/2 @ d-4X_F_SSU"") --",2026-09-12T02:57:47.953Z,178918186795300
"""9/2 @ d-4X_F_SSU"" shows a 10♦, 7♦.",2026-09-12T02:57:41.687Z,178918186168700
"-- ending hand #303 --",2026-09-12T02:57:39.445Z,178918185944502
"""gurt @ gpP9uUffpu"" collected 90 from pot with Pair, 2's on the second run  (combination: 9♦, 10♥, J♠, 2♠, 2♥)",2026-09-12T02:57:39.445Z,178918185944501
"""LingWae @ FQN9hzhzP_"" collected 90 from pot with Pair, 5's (combination: 8♥, Q♠, A♥, 5♠, 5♦)",2026-09-12T02:57:39.445Z,178918185944500
"River (second run): 9♦, 2♥, J♠, 10♥ [7♣]",2026-09-12T02:57:35.441Z,178918185544100
"Turn (second run): 9♦, 2♥, J♠ [10♥]",2026-09-12T02:57:31.371Z,178918185137100
"Flop (second run):  [9♦, 2♥, J♠]",2026-09-12T02:57:27.321Z,178918184732100
"River: 5♠, 7♠, 4♠, 8♥ [5♦]",2026-09-12T02:57:23.265Z,178918184326500
"Turn: 5♠, 7♠, 4♠ [8♥]",2026-09-12T02:57:19.207Z,178918183920700
"Flop:  [5♠, 7♠, 4♠]",2026-09-12T02:57:15.162Z,178918183516200
"""LingWae @ FQN9hzhzP_"" shows a A♥, Q♠.",2026-09-12T02:57:11.111Z,178918183111100
"""gurt @ gpP9uUffpu"" shows a 3♥, 2♠.",2026-09-12T02:57:10.728Z,178918183072800
"All players in hand choose to run it twice.",2026-09-12T02:57:10.273Z,178918183027301
"""gurt @ gpP9uUffpu"" chooses to  run it twice.",2026-09-12T02:57:10.273Z,178918183027300
"""LingWae @ FQN9hzhzP_"" chooses to  run it twice.",2026-09-12T02:57:10.213Z,178918183021300
"Remaining players decide whether to run it twice.",2026-09-12T02:57:09.318Z,178918182931801
"""9/2 @ d-4X_F_SSU"" folds",2026-09-12T02:57:09.318Z,178918182931800
"""gurt @ gpP9uUffpu"" calls 85",2026-09-12T02:57:00.601Z,178918182060100
"""LingWae @ FQN9hzhzP_"" raises to 85 and go all in",2026-09-12T02:56:59.233Z,178918181923300
"""9/2 @ d-4X_F_SSU"" calls 10",2026-09-12T02:56:57.539Z,178918181753900
"""gurt @ gpP9uUffpu"" calls 10",2026-09-12T02:56:55.876Z,178918181587600
"""LingWae @ FQN9hzhzP_"" posts a big blind of 10",2026-09-12T02:56:54.380Z,178918181438006
"""9/2 @ d-4X_F_SSU"" posts a small blind of 5",2026-09-12T02:56:54.380Z,178918181438005
"Your hand is 3♥, 2♠",2026-09-12T02:56:54.380Z,178918181438003
"Player stacks: #1 ""LingWae @ FQN9hzhzP_"" (85) | #8 ""gurt @ gpP9uUffpu"" (4866) | #10 ""9/2 @ d-4X_F_SSU"" (2589)",2026-09-12T02:56:54.380Z,178918181438001
"-- starting hand #303 (id: k7urt9zzhveh)  No Limit Texas Hold'em (dealer: ""gurt @ gpP9uUffpu"") --",2026-09-12T02:56:54.380Z,178918181438000
"Undealt cards:  [7♣, J♥, A♥, Q♥, 5♣]",2026-09-12T02:56:48.840Z,178918180884000
"-- ending hand #302 --",2026-09-12T02:56:48.431Z,178918180843102
"""LingWae @ FQN9hzhzP_"" collected 25 from pot",2026-09-12T02:56:48.431Z,178918180843101
"Uncalled bet of 60 returned to ""LingWae @ FQN9hzhzP_""",2026-09-12T02:56:48.431Z,178918180843100
"""9/2 @ d-4X_F_SSU"" folds",2026-09-12T02:56:47.618Z,178918180761800
"""gurt @ gpP9uUffpu"" folds",2026-09-12T02:56:46.734Z,178918180673400
"""LingWae @ FQN9hzhzP_"" raises to 70 and go all in",2026-09-12T02:56:44.589Z,178918180458900
"""9/2 @ d-4X_F_SSU"" posts a big blind of 10",2026-09-12T02:56:40.972Z,178918180097206
"""gurt @ gpP9uUffpu"" posts a small blind of 5",2026-09-12T02:56:40.972Z,178918180097205
"Player stacks: #1 ""LingWae @ FQN9hzhzP_"" (70) | #8 ""gurt @ gpP9uUffpu"" (4871) | #10 ""9/2 @ d-4X_F_SSU"" (2599)",2026-09-12T02:56:40.972Z,178918180097201
"-- starting hand #302 (id: d5n4mft8sbl3)  No Limit Texas Hold'em (dealer: ""LingWae @ FQN9hzhzP_"") --",2026-09-12T02:56:40.972Z,178918180097200
"""gurt @ gpP9uUffpu"" shows a 6♣, 6♠.",2026-09-12T02:56:37.144Z,178918179714400
"Undealt cards: 6♥, 5♥, 10♠ [A♦, 6♦]",2026-09-12T02:56:34.980Z,178918179498000
"-- ending hand #301 --",2026-09-12T02:56:34.364Z,178918179436402
"""gurt @ gpP9uUffpu"" collected 115 from pot",2026-09-12T02:56:34.364Z,178918179436401
"Uncalled bet of 90 returned to ""gurt @ gpP9uUffpu""",2026-09-12T02:56:34.364Z,178918179436400
"""9/2 @ d-4X_F_SSU"" folds",2026-09-12T02:56:33.439Z,178918179343900
"""gurt @ gpP9uUffpu"" bets 90",2026-09-12T02:56:32.541Z,178918179254100
"Flop:  [6♥, 5♥, 10♠]",2026-09-12T02:56:28.238Z,178918178823800
"""9/2 @ d-4X_F_SSU"" calls 55",2026-09-12T02:56:27.414Z,178918178741400
"""gurt @ gpP9uUffpu"" raises to 55",2026-09-12T02:56:26.503Z,178918178650300
"""LingWae @ FQN9hzhzP_"" folds",2026-09-12T02:56:24.627Z,178918178462700
"""9/2 @ d-4X_F_SSU"" calls 10",2026-09-12T02:56:23.570Z,178918178357000
"""gurt @ gpP9uUffpu"" posts a big blind of 10",2026-09-12T02:56:17.353Z,178918177735307
"""LingWae @ FQN9hzhzP_"" posts a small blind of 5",2026-09-12T02:56:17.353Z,178918177735306
"Your hand is 6♣, 6♠",2026-09-12T02:56:17.353Z,178918177735304
"Player stacks: #1 ""LingWae @ FQN9hzhzP_"" (75) | #8 ""gurt @ gpP9uUffpu"" (4811) | #10 ""9/2 @ d-4X_F_SSU"" (2654)",2026-09-12T02:56:17.353Z,178918177735302
"-- starting hand #301 (id: bwxo2uv3qe3j)  No Limit Texas Hold'em (dealer: ""9/2 @ d-4X_F_SSU"") --",2026-09-12T02:56:17.353Z,178918177735301
"The player ""LingWae @ FQN9hzhzP_"" joined the game with a stack of 75.",2026-09-12T02:56:17.353Z,178918177735300
"The admin approved the player ""LingWae @ FQN9hzhzP_"" participation with a stack of 75.",2026-09-12T02:56:14.215Z,178918177421500
"The player ""LingWae @ FQN9hzhzP_"" requested a seat.",2026-09-12T02:56:12.058Z,178918177205800
"-- ending hand #300 --",2026-09-12T02:56:11.432Z,178918177143202
"""9/2 @ d-4X_F_SSU"" collected 10 from pot",2026-09-12T02:56:11.432Z,178918177143201
"Uncalled bet of 5 returned to ""9/2 @ d-4X_F_SSU""",2026-09-12T02:56:11.432Z,178918177143200
"""gurt @ gpP9uUffpu"" folds",2026-09-12T02:56:10.593Z,178918177059300
"""9/2 @ d-4X_F_SSU"" posts a big blind of 10",2026-09-12T02:56:08.929Z,178918176892906
"""gurt @ gpP9uUffpu"" posts a small blind of 5",2026-09-12T02:56:08.929Z,178918176892905
"Player stacks: #8 ""gurt @ gpP9uUffpu"" (4816) | #10 ""9/2 @ d-4X_F_SSU"" (2649)",2026-09-12T02:56:08.929Z,178918176892902
"-- starting hand #300 (id: vckyed3nknyn)  No Limit Texas Hold'em (dealer: ""gurt @ gpP9uUffpu"") --",2026-09-12T02:56:08.929Z,178918176892901
"The player ""LingWae @ FQN9hzhzP_"" quits the game with a stack of 0.",2026-09-12T02:56:08.929Z,178918176892900
"-- ending hand #299 --",2026-09-12T02:56:00.824Z,178918176082402
"""gurt @ gpP9uUffpu"" collected 260 from pot with Two Pair, K's & 6's on the second run  (combination: Q♠, 6♦, 6♥, K♥, K♣)",2026-09-12T02:56:00.824Z,178918176082401
"""gurt @ gpP9uUffpu"" collected 260 from pot with Two Pair, K's & 6's (combination: A♥, 6♦, 6♥, K♥, K♣)",2026-09-12T02:56:00.824Z,178918176082400
"River (second run): Q♠, 6♥, K♣, 9♣ [7♦]",2026-09-12T02:55:56.811Z,178918175681100
"Turn (second run): Q♠, 6♥, K♣ [9♣]",2026-09-12T02:55:52.808Z,178918175280800
"River: Q♠, 6♥, K♣, 2♣ [A♥]",2026-09-12T02:55:48.806Z,178918174880600
"Turn: Q♠, 6♥, K♣ [2♣]",2026-09-12T02:55:44.795Z,178918174479500
"""LingWae @ FQN9hzhzP_"" shows a Q♣, J♣.",2026-09-12T02:55:40.737Z,178918174073700
"""gurt @ gpP9uUffpu"" shows a K♥, 6♦.",2026-09-12T02:55:40.338Z,178918174033800
"All players in hand choose to run it twice.",2026-09-12T02:55:39.839Z,178918173983901
"""LingWae @ FQN9hzhzP_"" chooses to  run it twice.",2026-09-12T02:55:39.839Z,178918173983900
"""gurt @ gpP9uUffpu"" chooses to  run it twice.",2026-09-12T02:55:39.631Z,178918173963100
"Remaining players decide whether to run it twice.",2026-09-12T02:55:39.012Z,178918173901201
"""gurt @ gpP9uUffpu"" calls 245",2026-09-12T02:55:39.012Z,178918173901200
"""LingWae @ FQN9hzhzP_"" raises to 245 and go all in",2026-09-12T02:55:37.414Z,178918173741400
"""9/2 @ d-4X_F_SSU"" folds",2026-09-12T02:55:35.480Z,178918173548000
"""gurt @ gpP9uUffpu"" bets 33",2026-09-12T02:55:27.806Z,178918172780600
"Flop:  [Q♠, 6♥, K♣]",2026-09-12T02:55:24.907Z,178918172490700
"""9/2 @ d-4X_F_SSU"" checks",2026-09-12T02:55:24.035Z,178918172403500
"""gurt @ gpP9uUffpu"" calls 10",2026-09-12T02:55:22.142Z,178918172214200
"""LingWae @ FQN9hzhzP_"" calls 10",2026-09-12T02:55:20.307Z,178918172030700
"""9/2 @ d-4X_F_SSU"" posts a big blind of 10",2026-09-12T02:55:16.761Z,178918171676106
"""gurt @ gpP9uUffpu"" posts a small blind of 5",2026-09-12T02:55:16.761Z,178918171676105
"Your hand is K♥, 6♦",2026-09-12T02:55:16.761Z,178918171676103
"Player stacks: #1 ""LingWae @ FQN9hzhzP_"" (255) | #8 ""gurt @ gpP9uUffpu"" (4551) | #10 ""9/2 @ d-4X_F_SSU"" (2659)",2026-09-12T02:55:16.761Z,178918171676101
"-- starting hand #299 (id: normok1ilbdq)  No Limit Texas Hold'em (dealer: ""LingWae @ FQN9hzhzP_"") --",2026-09-12T02:55:16.761Z,178918171676100
"-- ending hand #298 --",2026-09-12T02:55:10.697Z,178918171069702
"""9/2 @ d-4X_F_SSU"" collected 445 from pot with Pair, Q's (combination: 10♥, K♥, A♦, Q♣, Q♠)",2026-09-12T02:55:10.697Z,178918171069701
"""9/2 @ d-4X_F_SSU"" shows a Q♣, K♥.",2026-09-12T02:55:10.697Z,178918171069700
"""gurt @ gpP9uUffpu"" calls 110",2026-09-12T02:55:09.808Z,178918170980800
"""9/2 @ d-4X_F_SSU"" raises to 110",2026-09-12T02:55:07.902Z,178918170790200
"""gurt @ gpP9uUffpu"" bets 55",2026-09-12T02:55:06.512Z,178918170651200
"River: 10♥, 5♠, A♦, Q♠ [4♥]",2026-09-12T02:55:04.294Z,178918170429400
"""9/2 @ d-4X_F_SSU"" checks",2026-09-12T02:55:03.437Z,178918170343700
"""gurt @ gpP9uUffpu"" checks",2026-09-12T02:55:02.137Z,178918170213700
"Turn: 10♥, 5♠, A♦ [Q♠]",2026-09-12T02:55:00.067Z,178918170006700
"""9/2 @ d-4X_F_SSU"" calls 55",2026-09-12T02:54:59.203Z,178918169920300
"""gurt @ gpP9uUffpu"" bets 55",2026-09-12T02:54:51.377Z,178918169137700
"Flop:  [10♥, 5♠, A♦]",2026-09-12T02:54:49.454Z,178918168945400
"""9/2 @ d-4X_F_SSU"" calls 55",2026-09-12T02:54:48.639Z,178918168863900
"""gurt @ gpP9uUffpu"" raises to 55",2026-09-12T02:54:47.330Z,178918168733000
"""LingWae @ FQN9hzhzP_"" folds",2026-09-12T02:54:45.957Z,178918168595700
"""9/2 @ d-4X_F_SSU"" calls 10",2026-09-12T02:54:44.931Z,178918168493100
"""gurt @ gpP9uUffpu"" posts a big blind of 10",2026-09-12T02:54:42.902Z,178918168290206
"""LingWae @ FQN9hzhzP_"" posts a small blind of 5",2026-09-12T02:54:42.902Z,178918168290205
"Player stacks: #1 ""LingWae @ FQN9hzhzP_"" (260) | #8 ""gurt @ gpP9uUffpu"" (4771) | #10 ""9/2 @ d-4X_F_SSU"" (2434)",2026-09-12T02:54:42.902Z,178918168290201
"-- starting hand #298 (id: bhdlnpphgvkn)  No Limit Texas Hold'em (dealer: ""9/2 @ d-4X_F_SSU"") --",2026-09-12T02:54:42.902Z,178918168290200
"Undealt cards:  [4♠, A♥, 2♣, 7♥, K♦]",2026-09-12T02:54:38.115Z,178918167811500
"-- ending hand #297 --",2026-09-12T02:54:36.967Z,178918167696702
"""gurt @ gpP9uUffpu"" collected 25 from pot",2026-09-12T02:54:36.967Z,178918167696701
"Uncalled bet of 45 returned to ""gurt @ gpP9uUffpu""",2026-09-12T02:54:36.967Z,178918167696700
"""LingWae @ FQN9hzhzP_"" folds",2026-09-12T02:54:36.134Z,178918167613400
"""9/2 @ d-4X_F_SSU"" folds",2026-09-12T02:54:34.399Z,178918167439900
"""gurt @ gpP9uUffpu"" raises to 55",2026-09-12T02:54:29.975Z,178918166997500
"""LingWae @ FQN9hzhzP_"" posts a big blind of 10",2026-09-12T02:54:28.034Z,178918166803406
"""9/2 @ d-4X_F_SSU"" posts a small blind of 5",2026-09-12T02:54:28.034Z,178918166803405
"Player stacks: #1 ""LingWae @ FQN9hzhzP_"" (270) | #8 ""gurt @ gpP9uUffpu"" (4756) | #10 ""9/2 @ d-4X_F_SSU"" (2439)",2026-09-12T02:54:28.034Z,178918166803401
"-- starting hand #297 (id: ejbyaijmasnv)  No Limit Texas Hold'em (dealer: ""gurt @ gpP9uUffpu"") --",2026-09-12T02:54:28.034Z,178918166803400
"Undealt cards:  [A♣, K♠, 8♦, 10♠, 8♣]",2026-09-12T02:54:23.761Z,178918166376100
"-- ending hand #296 --",2026-09-12T02:54:22.094Z,178918166209402
"""gurt @ gpP9uUffpu"" collected 20 from pot",2026-09-12T02:54:22.094Z,178918166209401
"Uncalled bet of 45 returned to ""gurt @ gpP9uUffpu""",2026-09-12T02:54:22.094Z,178918166209400
"""9/2 @ d-4X_F_SSU"" folds",2026-09-12T02:54:21.228Z,178918166122800
"""gurt @ gpP9uUffpu"" raises to 55",2026-09-12T02:54:19.695Z,178918165969500
"""LingWae @ FQN9hzhzP_"" folds",2026-09-12T02:54:18.162Z,178918165816200
"""9/2 @ d-4X_F_SSU"" posts a big blind of 10",2026-09-12T02:54:16.604Z,178918165660406
"""gurt @ gpP9uUffpu"" posts a small blind of 5",2026-09-12T02:54:16.604Z,178918165660405
"Player stacks: #1 ""LingWae @ FQN9hzhzP_"" (270) | #8 ""gurt @ gpP9uUffpu"" (4746) | #10 ""9/2 @ d-4X_F_SSU"" (2449)",2026-09-12T02:54:16.604Z,178918165660401
"-- starting hand #296 (id: jnfnhaismc4y)  No Limit Texas Hold'em (dealer: ""LingWae @ FQN9hzhzP_"") --",2026-09-12T02:54:16.604Z,178918165660400
"Undealt cards:  [5♦, 7♣, 2♥, 9♥, 4♥]",2026-09-12T02:54:11.222Z,178918165122200
"-- ending hand #295 --",2026-09-12T02:54:10.688Z,178918165068802
"""LingWae @ FQN9hzhzP_"" collected 20 from pot",2026-09-12T02:54:10.688Z,178918165068801
"Uncalled bet of 250 returned to ""LingWae @ FQN9hzhzP_""",2026-09-12T02:54:10.688Z,178918165068800
"""gurt @ gpP9uUffpu"" folds",2026-09-12T02:54:09.825Z,178918164982500
"""LingWae @ FQN9hzhzP_"" raises to 260 and go all in",2026-09-12T02:54:08.907Z,178918164890700
"""9/2 @ d-4X_F_SSU"" folds",2026-09-12T02:54:06.883Z,178918164688300
"""gurt @ gpP9uUffpu"" posts a big blind of 10",2026-09-12T02:54:02.898Z,178918164289806
"""LingWae @ FQN9hzhzP_"" posts a small blind of 5",2026-09-12T02:54:02.898Z,178918164289805
"Player stacks: #1 ""LingWae @ FQN9hzhzP_"" (260) | #8 ""gurt @ gpP9uUffpu"" (4756) | #10 ""9/2 @ d-4X_F_SSU"" (2449)",2026-09-12T02:54:02.898Z,178918164289801
"-- starting hand #295 (id: ndykb4lh4c80)  No Limit Texas Hold'em (dealer: ""9/2 @ d-4X_F_SSU"") --",2026-09-12T02:54:02.898Z,178918164289800
"Undealt cards:  [J♠, 5♦, 7♦, 5♥, 3♦]",2026-09-12T02:53:58.199Z,178918163819900
"-- ending hand #294 --",2026-09-12T02:53:56.970Z,178918163697002
"""gurt @ gpP9uUffpu"" collected 25 from pot",2026-09-12T02:53:56.970Z,178918163697001
"Uncalled bet of 45 returned to ""gurt @ gpP9uUffpu""",2026-09-12T02:53:56.970Z,178918163697000
"""LingWae @ FQN9hzhzP_"" folds",2026-09-12T02:53:56.107Z,178918163610700
"""9/2 @ d-4X_F_SSU"" folds",2026-09-12T02:53:54.766Z,178918163476600
"""gurt @ gpP9uUffpu"" raises to 55",2026-09-12T02:53:53.430Z,178918163343000
"""LingWae @ FQN9hzhzP_"" posts a big blind of 10",2026-09-12T02:53:51.062Z,178918163106206
"""9/2 @ d-4X_F_SSU"" posts a small blind of 5",2026-09-12T02:53:51.062Z,178918163106205
"Player stacks: #1 ""LingWae @ FQN9hzhzP_"" (270) | #8 ""gurt @ gpP9uUffpu"" (4741) | #10 ""9/2 @ d-4X_F_SSU"" (2454)",2026-09-12T02:53:51.062Z,178918163106201
"-- starting hand #294 (id: cnfgl8gc8aum)  No Limit Texas Hold'em (dealer: ""gurt @ gpP9uUffpu"") --",2026-09-12T02:53:51.062Z,178918163106200
"-- ending hand #293 --",2026-09-12T02:53:45.055Z,178918162505501
"""LingWae @ FQN9hzhzP_"" collected 270 from pot with Pair, A's (combination: 8♦, Q♥, K♣, A♦, A♣)",2026-09-12T02:53:45.055Z,178918162505500
"River: 4♠, 8♦, Q♥, K♣ [A♣]",2026-09-12T02:53:41.015Z,178918162101500
"Turn: 4♠, 8♦, Q♥ [K♣]",2026-09-12T02:53:36.986Z,178918161698600
"Flop:  [4♠, 8♦, Q♥]",2026-09-12T02:53:32.979Z,178918161297900
"""LingWae @ FQN9hzhzP_"" shows a 5♦, A♦.",2026-09-12T02:53:28.946Z,178918160894600
"""gurt @ gpP9uUffpu"" shows a 10♦, 7♦.",2026-09-12T02:53:28.668Z,178918160866800
"Some players choose to not run it twice.",2026-09-12T02:53:28.124Z,178918160812401
"""gurt @ gpP9uUffpu"" chooses to not run it twice.",2026-09-12T02:53:28.124Z,178918160812400
"""LingWae @ FQN9hzhzP_"" chooses to  run it twice.",2026-09-12T02:53:27.319Z,178918160731900
"Remaining players decide whether to run it twice.",2026-09-12T02:53:26.451Z,178918160645101
"""9/2 @ d-4X_F_SSU"" folds",2026-09-12T02:53:26.451Z,178918160645100
"""gurt @ gpP9uUffpu"" calls 130",2026-09-12T02:53:22.308Z,178918160230800
"""LingWae @ FQN9hzhzP_"" raises to 130 and go all in",2026-09-12T02:53:20.769Z,178918160076900
"""9/2 @ d-4X_F_SSU"" posts a big blind of 10",2026-09-12T02:53:18.854Z,178918159885406
"""gurt @ gpP9uUffpu"" posts a small blind of 5",2026-09-12T02:53:18.854Z,178918159885405
"Your hand is 10♦, 7♦",2026-09-12T02:53:18.854Z,178918159885403
"Player stacks: #1 ""LingWae @ FQN9hzhzP_"" (130) | #8 ""gurt @ gpP9uUffpu"" (4871) | #10 ""9/2 @ d-4X_F_SSU"" (2464)",2026-09-12T02:53:18.854Z,178918159885401
"-- starting hand #293 (id: kadpsfie5zdk)  No Limit Texas Hold'em (dealer: ""LingWae @ FQN9hzhzP_"") --",2026-09-12T02:53:18.854Z,178918159885400
"-- ending hand #292 --",2026-09-12T02:53:10.844Z,178918159084402
"""gurt @ gpP9uUffpu"" collected 130 from pot with Three of a Kind, 2's on the second run  (combination: 9♥, 10♦, 2♦, 2♣, 2♥)",2026-09-12T02:53:10.844Z,178918159084401
"""LingWae @ FQN9hzhzP_"" collected 130 from pot with Pair, A's (combination: 10♠, J♥, K♥, A♣, A♠)",2026-09-12T02:53:10.844Z,178918159084400
"River (second run): 9♥, 2♣, 5♣, 2♥ [10♦]",2026-09-12T02:53:06.800Z,178918158680000
"Turn (second run): 9♥, 2♣, 5♣ [2♥]",2026-09-12T02:53:02.788Z,178918158278800
"Flop (second run):  [9♥, 2♣, 5♣]",2026-09-12T02:52:58.722Z,178918157872200
"River: A♠, 10♠, J♥, 3♦ [K♥]",2026-09-12T02:52:54.672Z,178918157467200
"Turn: A♠, 10♠, J♥ [3♦]",2026-09-12T02:52:50.579Z,178918157057900
"Flop:  [A♠, 10♠, J♥]",2026-09-12T02:52:46.552Z,178918156655200
"""LingWae @ FQN9hzhzP_"" shows a A♣, 6♣.",2026-09-12T02:52:42.547Z,178918156254700
"""gurt @ gpP9uUffpu"" shows a 7♥, 2♦.",2026-09-12T02:52:42.345Z,178918156234500
"All players in hand choose to run it twice.",2026-09-12T02:52:41.717Z,178918156171701
"""LingWae @ FQN9hzhzP_"" chooses to  run it twice.",2026-09-12T02:52:41.717Z,178918156171700
"""gurt @ gpP9uUffpu"" chooses to  run it twice.",2026-09-12T02:52:41.652Z,178918156165200
"Remaining players decide whether to run it twice.",2026-09-12T02:52:41.017Z,178918156101701
"""gurt @ gpP9uUffpu"" calls 130",2026-09-12T02:52:41.017Z,178918156101700
"""LingWae @ FQN9hzhzP_"" raises to 130 and go all in",2026-09-12T02:52:39.734Z,178918155973400
"""9/2 @ d-4X_F_SSU"" folds",2026-09-12T02:52:37.876Z,178918155787600
"""gurt @ gpP9uUffpu"" posts a big blind of 10",2026-09-12T02:52:36.667Z,178918155666706
"""LingWae @ FQN9hzhzP_"" posts a small blind of 5",2026-09-12T02:52:36.667Z,178918155666705
"Your hand is 7♥, 2♦",2026-09-12T02:52:36.667Z,178918155666703
"Player stacks: #1 ""LingWae @ FQN9hzhzP_"" (130) | #8 ""gurt @ gpP9uUffpu"" (4871) | #10 ""9/2 @ d-4X_F_SSU"" (2464)",2026-09-12T02:52:36.667Z,178918155666701
"-- starting hand #292 (id: 3ztkqrw8klyg)  No Limit Texas Hold'em (dealer: ""9/2 @ d-4X_F_SSU"") --",2026-09-12T02:52:36.667Z,178918155666700
"""gurt @ gpP9uUffpu"" shows a J♣.",2026-09-12T02:52:34.501Z,178918155450100
"""9/2 @ d-4X_F_SSU"" shows a 6♣.",2026-09-12T02:52:32.295Z,178918155229500
"Undealt cards:  [10♣, 8♣, 2♠, 9♦, 7♠]",2026-09-12T02:52:30.764Z,178918155076400
"-- ending hand #291 --",2026-09-12T02:52:29.335Z,178918154933502
"""LingWae @ FQN9hzhzP_"" collected 10 from pot",2026-09-12T02:52:29.335Z,178918154933501
"Uncalled bet of 5 returned to ""LingWae @ FQN9hzhzP_""",2026-09-12T02:52:29.335Z,178918154933500
"""9/2 @ d-4X_F_SSU"" folds",2026-09-12T02:52:28.532Z,178918154853200
"""gurt @ gpP9uUffpu"" folds",2026-09-12T02:52:26.725Z,178918154672500
"""LingWae @ FQN9hzhzP_"" posts a big blind of 10",2026-09-12T02:52:25.261Z,178918154526107
"""9/2 @ d-4X_F_SSU"" posts a small blind of 5",2026-09-12T02:52:25.261Z,178918154526106
"Player stacks: #1 ""LingWae @ FQN9hzhzP_"" (125) | #8 ""gurt @ gpP9uUffpu"" (4871) | #10 ""9/2 @ d-4X_F_SSU"" (2469)",2026-09-12T02:52:25.261Z,178918154526102
"-- starting hand #291 (id: xxbkvw5dmfto)  No Limit Texas Hold'em (dealer: ""gurt @ gpP9uUffpu"") --",2026-09-12T02:52:25.261Z,178918154526101
"The player ""LingWae @ FQN9hzhzP_"" joined the game with a stack of 125.",2026-09-12T02:52:25.261Z,178918154526100
"The admin approved the player ""LingWae @ FQN9hzhzP_"" participation with a stack of 125.",2026-09-12T02:52:24.428Z,178918154442800
"The player ""LingWae @ FQN9hzhzP_"" requested a seat.",2026-09-12T02:52:20.144Z,178918154014400
"Undealt cards:  [K♥, K♦, 8♥, 6♠, A♦]",2026-09-12T02:52:20.119Z,178918154011900
"-- ending hand #290 --",2026-09-12T02:52:19.333Z,178918153933302
"""gurt @ gpP9uUffpu"" collected 10 from pot",2026-09-12T02:52:19.333Z,178918153933301
"Uncalled bet of 5 returned to ""gurt @ gpP9uUffpu""",2026-09-12T02:52:19.333Z,178918153933300
"""9/2 @ d-4X_F_SSU"" folds",2026-09-12T02:52:18.511Z,178918153851100
"""gurt @ gpP9uUffpu"" posts a big blind of 10",2026-09-12T02:52:17.100Z,178918153710006
"""9/2 @ d-4X_F_SSU"" posts a small blind of 5",2026-09-12T02:52:17.100Z,178918153710005
"Player stacks: #8 ""gurt @ gpP9uUffpu"" (4866) | #10 ""9/2 @ d-4X_F_SSU"" (2474)",2026-09-12T02:52:17.100Z,178918153710002
"-- starting hand #290 (id: t58qogwveimj)  No Limit Texas Hold'em (dealer: ""9/2 @ d-4X_F_SSU"") --",2026-09-12T02:52:17.100Z,178918153710001
"The player ""LingWae @ FQN9hzhzP_"" quits the game with a stack of 0.",2026-09-12T02:52:17.100Z,178918153710000
"-- ending hand #289 --",2026-09-12T02:52:09.087Z,178918152908702
"""9/2 @ d-4X_F_SSU"" collected 115 from pot with Pair, 8's on the second run  (combination: 9♣, 10♦, J♥, 8♥, 8♠)",2026-09-12T02:52:09.087Z,178918152908701
"""9/2 @ d-4X_F_SSU"" collected 115 from pot with Three of a Kind, J's (combination: 8♥, 9♦, J♥, J♣, J♦)",2026-09-12T02:52:09.087Z,178918152908700
"River (second run): 4♥, 9♣, 5♥, 8♠ [10♦]",2026-09-12T02:52:05.051Z,178918152505100
"Turn (second run): 4♥, 9♣, 5♥ [8♠]",2026-09-12T02:52:00.962Z,178918152096200
"Flop (second run):  [4♥, 9♣, 5♥]",2026-09-12T02:51:56.956Z,178918151695600
"River: 9♦, J♣, 2♠, 3♠ [J♦]",2026-09-12T02:51:52.952Z,178918151295200
"Turn: 9♦, J♣, 2♠ [3♠]",2026-09-12T02:51:48.949Z,178918150894900
"Flop:  [9♦, J♣, 2♠]",2026-09-12T02:51:44.874Z,178918150487400
"""9/2 @ d-4X_F_SSU"" shows a 8♥, J♥.",2026-09-12T02:51:40.868Z,178918150086801
"""LingWae @ FQN9hzhzP_"" shows a A♥, 7♥.",2026-09-12T02:51:40.868Z,178918150086800
"All players in hand choose to run it twice.",2026-09-12T02:51:40.056Z,178918150005601
"""9/2 @ d-4X_F_SSU"" chooses to  run it twice.",2026-09-12T02:51:40.056Z,178918150005600
"""LingWae @ FQN9hzhzP_"" chooses to  run it twice.",2026-09-12T02:51:40.044Z,178918150004400
"Remaining players decide whether to run it twice.",2026-09-12T02:51:39.183Z,178918149918301
"""9/2 @ d-4X_F_SSU"" calls 110",2026-09-12T02:51:39.183Z,178918149918300
"""gurt @ gpP9uUffpu"" folds",2026-09-12T02:51:37.417Z,178918149741700
"""LingWae @ FQN9hzhzP_"" raises to 110 and go all in",2026-09-12T02:51:35.501Z,178918149550100
"""9/2 @ d-4X_F_SSU"" calls 10",2026-09-12T02:51:33.381Z,178918149338100
"""gurt @ gpP9uUffpu"" calls 10",2026-09-12T02:51:32.100Z,178918149210000
"""LingWae @ FQN9hzhzP_"" posts a big blind of 10",2026-09-12T02:51:29.730Z,178918148973006
"""9/2 @ d-4X_F_SSU"" posts a small blind of 5",2026-09-12T02:51:29.730Z,178918148973005
"Player stacks: #1 ""LingWae @ FQN9hzhzP_"" (110) | #8 ""gurt @ gpP9uUffpu"" (4876) | #10 ""9/2 @ d-4X_F_SSU"" (2354)",2026-09-12T02:51:29.730Z,178918148973001
"-- starting hand #289 (id: sahjsi5wite7)  No Limit Texas Hold'em (dealer: ""gurt @ gpP9uUffpu"") --",2026-09-12T02:51:29.730Z,178918148973000
"""LingWae @ FQN9hzhzP_"" shows a Q♦.",2026-09-12T02:51:26.963Z,178918148696300
"Undealt cards:  [10♠, K♦, 6♠, 7♥, Q♠]",2026-09-12T02:51:25.644Z,178918148564400
"""9/2 @ d-4X_F_SSU"" shows a 10♣.",2026-09-12T02:51:24.927Z,178918148492700
"-- ending hand #288 --",2026-09-12T02:51:22.398Z,178918148239802
"""LingWae @ FQN9hzhzP_"" collected 25 from pot",2026-09-12T02:51:22.398Z,178918148239801
"Uncalled bet of 85 returned to ""LingWae @ FQN9hzhzP_""",2026-09-12T02:51:22.398Z,178918148239800
"""9/2 @ d-4X_F_SSU"" folds",2026-09-12T02:51:21.564Z,178918148156400
"""gurt @ gpP9uUffpu"" folds",2026-09-12T02:51:20.336Z,178918148033600
"""LingWae @ FQN9hzhzP_"" raises to 95 and go all in",2026-09-12T02:51:19.101Z,178918147910100
"""9/2 @ d-4X_F_SSU"" posts a big blind of 10",2026-09-12T02:51:16.885Z,178918147688506
"""gurt @ gpP9uUffpu"" posts a small blind of 5",2026-09-12T02:51:16.885Z,178918147688505
"Player stacks: #1 ""LingWae @ FQN9hzhzP_"" (95) | #8 ""gurt @ gpP9uUffpu"" (4881) | #10 ""9/2 @ d-4X_F_SSU"" (2364)",2026-09-12T02:51:16.885Z,178918147688501
"-- starting hand #288 (id: nfrkzosy5q8n)  No Limit Texas Hold'em (dealer: ""LingWae @ FQN9hzhzP_"") --",2026-09-12T02:51:16.885Z,178918147688500
"""LingWae @ FQN9hzhzP_"" shows a 9♥.",2026-09-12T02:51:15.719Z,178918147571900
"Undealt cards:  [Q♥, A♦, J♥, 9♠, A♥]",2026-09-12T02:51:10.728Z,178918147072800
"-- ending hand #287 --",2026-09-12T02:51:10.280Z,178918147028002
"""gurt @ gpP9uUffpu"" collected 10 from pot",2026-09-12T02:51:10.280Z,178918147028001
"Uncalled bet of 5 returned to ""gurt @ gpP9uUffpu""",2026-09-12T02:51:10.280Z,178918147028000
"""LingWae @ FQN9hzhzP_"" folds",2026-09-12T02:51:09.471Z,178918146947100
"""9/2 @ d-4X_F_SSU"" folds",2026-09-12T02:51:07.764Z,178918146776400
"""gurt @ gpP9uUffpu"" posts a big blind of 10",2026-09-12T02:51:06.273Z,178918146627307
"""LingWae @ FQN9hzhzP_"" posts a small blind of 5",2026-09-12T02:51:06.273Z,178918146627306
"Player stacks: #1 ""LingWae @ FQN9hzhzP_"" (100) | #8 ""gurt @ gpP9uUffpu"" (4876) | #10 ""9/2 @ d-4X_F_SSU"" (2364)",2026-09-12T02:51:06.273Z,178918146627302
"-- starting hand #287 (id: ma4lxfyxu2kb)  No Limit Texas Hold'em (dealer: ""9/2 @ d-4X_F_SSU"") --",2026-09-12T02:51:06.273Z,178918146627301
"The player ""LingWae @ FQN9hzhzP_"" joined the game with a stack of 100.",2026-09-12T02:51:06.273Z,178918146627300
"Undealt cards: 3♠, 3♣, 8♦ [J♦, 2♣]",2026-09-12T02:51:00.625Z,178918146062500
"-- ending hand #286 --",2026-09-12T02:51:00.349Z,178918146034902
"""9/2 @ d-4X_F_SSU"" collected 66 from pot",2026-09-12T02:51:00.349Z,178918146034901
"Uncalled bet of 33 returned to ""9/2 @ d-4X_F_SSU""",2026-09-12T02:51:00.349Z,178918146034900
"""gurt @ gpP9uUffpu"" folds",2026-09-12T02:50:59.535Z,178918145953500
"""9/2 @ d-4X_F_SSU"" bets 33",2026-09-12T02:50:58.399Z,178918145839900
"Flop:  [3♠, 3♣, 8♦]",2026-09-12T02:50:55.279Z,178918145527900
"The admin approved the player ""LingWae @ FQN9hzhzP_"" participation with a stack of 100.",2026-09-12T02:50:54.779Z,178918145477900
"""9/2 @ d-4X_F_SSU"" calls 33",2026-09-12T02:50:54.455Z,178918145445500
"""gurt @ gpP9uUffpu"" raises to 33",2026-09-12T02:50:51.814Z,178918145181400
"The player ""LingWae @ FQN9hzhzP_"" requested a seat.",2026-09-12T02:50:50.784Z,178918145078400
"""9/2 @ d-4X_F_SSU"" posts a big blind of 10",2026-09-12T02:50:48.114Z,178918144811406
"""gurt @ gpP9uUffpu"" posts a small blind of 5",2026-09-12T02:50:48.114Z,178918144811405
"Player stacks: #8 ""gurt @ gpP9uUffpu"" (4909) | #10 ""9/2 @ d-4X_F_SSU"" (2331)",2026-09-12T02:50:48.114Z,178918144811402
"-- starting hand #286 (id: 4trcp2baqvcc)  No Limit Texas Hold'em (dealer: ""gurt @ gpP9uUffpu"") --",2026-09-12T02:50:48.114Z,178918144811401
"The player ""LingWae @ FQN9hzhzP_"" quits the game with a stack of 0.",2026-09-12T02:50:48.114Z,178918144811400
"-- ending hand #285 --",2026-09-12T02:50:40.107Z,178918144010702
"""9/2 @ d-4X_F_SSU"" collected 488 from pot with Flush, A High on the second run  (combination: 4♠, 7♠, J♠, Q♠, A♠)",2026-09-12T02:50:40.107Z,178918144010701
"""9/2 @ d-4X_F_SSU"" collected 489 from pot with Pair, 6's (combination: J♣, Q♠, A♠, 6♣, 6♦)",2026-09-12T02:50:40.107Z,178918144010700
"River (second run): 7♠, Q♣, 4♠, 10♥ [J♠]",2026-09-12T02:50:36.103Z,178918143610300
"Turn (second run): 7♠, Q♣, 4♠ [10♥]",2026-09-12T02:50:32.097Z,178918143209700
"Flop (second run):  [7♠, Q♣, 4♠]",2026-09-12T02:50:28.042Z,178918142804200
"River: 6♣, 7♦, 10♣, J♣ [6♦]",2026-09-12T02:50:24.032Z,178918142403200
"Turn: 6♣, 7♦, 10♣ [J♣]",2026-09-12T02:50:20.021Z,178918142002100
"Flop:  [6♣, 7♦, 10♣]",2026-09-12T02:50:16.019Z,178918141601900
"""9/2 @ d-4X_F_SSU"" shows a A♠, Q♠.",2026-09-12T02:50:11.986Z,178918141198601
"""LingWae @ FQN9hzhzP_"" shows a 9♦, A♥.",2026-09-12T02:50:11.986Z,178918141198600
"All players in hand choose to run it twice.",2026-09-12T02:50:11.100Z,178918141110001
"""LingWae @ FQN9hzhzP_"" chooses to  run it twice.",2026-09-12T02:50:11.100Z,178918141110000
"""9/2 @ d-4X_F_SSU"" chooses to  run it twice.",2026-09-12T02:50:10.633Z,178918141063300
"Remaining players decide whether to run it twice.",2026-09-12T02:50:09.729Z,178918140972901
"""9/2 @ d-4X_F_SSU"" calls 486",2026-09-12T02:50:09.729Z,178918140972900
"""LingWae @ FQN9hzhzP_"" raises to 486 and go all in",2026-09-12T02:50:08.255Z,178918140825500
"""9/2 @ d-4X_F_SSU"" raises to 55",2026-09-12T02:50:03.739Z,178918140373900
"""gurt @ gpP9uUffpu"" folds",2026-09-12T02:50:00.393Z,178918140039300
"""LingWae @ FQN9hzhzP_"" calls 10",2026-09-12T02:49:59.478Z,178918139947800
"""9/2 @ d-4X_F_SSU"" posts a big blind of 10",2026-09-12T02:49:56.152Z,178918139615206
"""gurt @ gpP9uUffpu"" posts a small blind of 5",2026-09-12T02:49:56.152Z,178918139615205
"Player stacks: #1 ""LingWae @ FQN9hzhzP_"" (486) | #8 ""gurt @ gpP9uUffpu"" (4914) | #10 ""9/2 @ d-4X_F_SSU"" (1840)",2026-09-12T02:49:56.152Z,178918139615201
"-- starting hand #285 (id: gi3xo9wdzsu2)  No Limit Texas Hold'em (dealer: ""LingWae @ FQN9hzhzP_"") --",2026-09-12T02:49:56.152Z,178918139615200
"""LingWae @ FQN9hzhzP_"" shows a J♣.",2026-09-12T02:49:53.329Z,178918139332900
"Undealt cards:  [A♠, J♠, 10♥, 10♣, 6♦]",2026-09-12T02:49:49.714Z,178918138971400
"-- ending hand #284 --",2026-09-12T02:49:49.481Z,178918138948102
"""gurt @ gpP9uUffpu"" collected 10 from pot",2026-09-12T02:49:49.481Z,178918138948101
"Uncalled bet of 5 returned to ""gurt @ gpP9uUffpu""",2026-09-12T02:49:49.481Z,178918138948100
"""LingWae @ FQN9hzhzP_"" folds",2026-09-12T02:49:48.673Z,178918138867300
"""9/2 @ d-4X_F_SSU"" folds",2026-09-12T02:49:47.755Z,178918138775500
"""gurt @ gpP9uUffpu"" posts a big blind of 10",2026-09-12T02:49:43.947Z,178918138394706
"""LingWae @ FQN9hzhzP_"" posts a small blind of 5",2026-09-12T02:49:43.947Z,178918138394705
"Player stacks: #1 ""LingWae @ FQN9hzhzP_"" (491) | #8 ""gurt @ gpP9uUffpu"" (4909) | #10 ""9/2 @ d-4X_F_SSU"" (1840)",2026-09-12T02:49:43.947Z,178918138394701
"-- starting hand #284 (id: lztu7uu7t3ri)  No Limit Texas Hold'em (dealer: ""9/2 @ d-4X_F_SSU"") --",2026-09-12T02:49:43.947Z,178918138394700
"""gurt @ gpP9uUffpu"" shows a 7♠.",2026-09-12T02:49:40.778Z,178918138077800
"""LingWae @ FQN9hzhzP_"" shows a 5♠, 6♥.",2026-09-12T02:49:39.140Z,178918137914000
"Undealt cards:  [6♠, 8♦, 4♠, 5♥, J♣]",2026-09-12T02:49:37.594Z,178918137759400
"-- ending hand #283 --",2026-09-12T02:49:36.603Z,178918137660302
"""gurt @ gpP9uUffpu"" collected 25 from pot",2026-09-12T02:49:36.603Z,178918137660301
"Uncalled bet of 45 returned to ""gurt @ gpP9uUffpu""",2026-09-12T02:49:36.603Z,178918137660300
"""LingWae @ FQN9hzhzP_"" folds",2026-09-12T02:49:35.778Z,178918137577800
"""9/2 @ d-4X_F_SSU"" folds",2026-09-12T02:49:34.692Z,178918137469200
"""gurt @ gpP9uUffpu"" raises to 55",2026-09-12T02:49:30.816Z,178918137081600
"""LingWae @ FQN9hzhzP_"" posts a big blind of 10",2026-09-12T02:49:29.665Z,178918136966506
"""9/2 @ d-4X_F_SSU"" posts a small blind of 5",2026-09-12T02:49:29.665Z,178918136966505
"Player stacks: #1 ""LingWae @ FQN9hzhzP_"" (501) | #8 ""gurt @ gpP9uUffpu"" (4894) | #10 ""9/2 @ d-4X_F_SSU"" (1845)",2026-09-12T02:49:29.665Z,178918136966501
"-- starting hand #283 (id: aelgjn9ia7oi)  No Limit Texas Hold'em (dealer: ""gurt @ gpP9uUffpu"") --",2026-09-12T02:49:29.665Z,178918136966500
"Undealt cards:  [2♥, 6♦, 6♥, 8♦, 8♣]",2026-09-12T02:49:24.791Z,178918136479100
"-- ending hand #282 --",2026-09-12T02:49:23.732Z,178918136373202
"""gurt @ gpP9uUffpu"" collected 20 from pot",2026-09-12T02:49:23.732Z,178918136373201
"Uncalled bet of 45 returned to ""gurt @ gpP9uUffpu""",2026-09-12T02:49:23.732Z,178918136373200
"""9/2 @ d-4X_F_SSU"" folds",2026-09-12T02:49:22.919Z,178918136291900
"""gurt @ gpP9uUffpu"" raises to 55",2026-09-12T02:49:19.444Z,178918135944400
"""LingWae @ FQN9hzhzP_"" folds",2026-09-12T02:49:16.911Z,178918135691100
"""9/2 @ d-4X_F_SSU"" posts a big blind of 10",2026-09-12T02:49:15.419Z,178918135541906
"""gurt @ gpP9uUffpu"" posts a small blind of 5",2026-09-12T02:49:15.419Z,178918135541905
"Player stacks: #1 ""LingWae @ FQN9hzhzP_"" (501) | #8 ""gurt @ gpP9uUffpu"" (4884) | #10 ""9/2 @ d-4X_F_SSU"" (1855)",2026-09-12T02:49:15.419Z,178918135541901
"-- starting hand #282 (id: m2hkhymgy9oi)  No Limit Texas Hold'em (dealer: ""LingWae @ FQN9hzhzP_"") --",2026-09-12T02:49:15.419Z,178918135541900
"Undealt cards:  [5♦, 6♦, 10♠, 5♠, Q♥]",2026-09-12T02:49:10.232Z,178918135023200
"-- ending hand #281 --",2026-09-12T02:49:09.504Z,178918134950402
"""gurt @ gpP9uUffpu"" collected 10 from pot",2026-09-12T02:49:09.504Z,178918134950401
"Uncalled bet of 5 returned to ""gurt @ gpP9uUffpu""",2026-09-12T02:49:09.504Z,178918134950400
"""LingWae @ FQN9hzhzP_"" folds",2026-09-12T02:49:08.677Z,178918134867700
"""9/2 @ d-4X_F_SSU"" folds",2026-09-12T02:49:04.968Z,178918134496800
"""gurt @ gpP9uUffpu"" posts a big blind of 10",2026-09-12T02:49:04.181Z,178918134418106
"""LingWae @ FQN9hzhzP_"" posts a small blind of 5",2026-09-12T02:49:04.181Z,178918134418105
"Player stacks: #1 ""LingWae @ FQN9hzhzP_"" (506) | #8 ""gurt @ gpP9uUffpu"" (4879) | #10 ""9/2 @ d-4X_F_SSU"" (1855)",2026-09-12T02:49:04.181Z,178918134418101
"-- starting hand #281 (id: 85b1izrtlul4)  No Limit Texas Hold'em (dealer: ""9/2 @ d-4X_F_SSU"") --",2026-09-12T02:49:04.181Z,178918134418100
"-- ending hand #280 --",2026-09-12T02:48:58.156Z,178918133815603
"""LingWae @ FQN9hzhzP_"" collected 80 from pot with Two Pair, Q's & 6's (combination: J♠, 6♣, 6♠, Q♦, Q♥)",2026-09-12T02:48:58.156Z,178918133815602
"""LingWae @ FQN9hzhzP_"" shows a 6♣, 3♦.",2026-09-12T02:48:58.156Z,178918133815601
"""9/2 @ d-4X_F_SSU"" shows a K♥, 3♥.",2026-09-12T02:48:58.156Z,178918133815600
"""LingWae @ FQN9hzhzP_"" checks",2026-09-12T02:48:57.346Z,178918133734600
"""9/2 @ d-4X_F_SSU"" checks",2026-09-12T02:48:53.044Z,178918133304400
"River: 10♣, Q♦, J♠, 6♠ [Q♥]",2026-09-12T02:48:52.054Z,178918133205400
"""9/2 @ d-4X_F_SSU"" calls 30",2026-09-12T02:48:51.216Z,178918133121600
"""LingWae @ FQN9hzhzP_"" raises to 30",2026-09-12T02:48:50.220Z,178918133022000
"""9/2 @ d-4X_F_SSU"" bets 10",2026-09-12T02:48:44.868Z,178918132486800
"Turn: 10♣, Q♦, J♠ [6♠]",2026-09-12T02:48:44.356Z,178918132435600
"""LingWae @ FQN9hzhzP_"" checks",2026-09-12T02:48:43.540Z,178918132354000
"""9/2 @ d-4X_F_SSU"" checks",2026-09-12T02:48:42.515Z,178918132251500
"Flop:  [10♣, Q♦, J♠]",2026-09-12T02:48:41.554Z,178918132155400
"""LingWae @ FQN9hzhzP_"" checks",2026-09-12T02:48:40.733Z,178918132073300
"""9/2 @ d-4X_F_SSU"" calls 10",2026-09-12T02:48:39.757Z,178918131975700
"""gurt @ gpP9uUffpu"" folds",2026-09-12T02:48:38.198Z,178918131819800
"""LingWae @ FQN9hzhzP_"" posts a big blind of 10",2026-09-12T02:48:35.702Z,178918131570206
"""9/2 @ d-4X_F_SSU"" posts a small blind of 5",2026-09-12T02:48:35.702Z,178918131570205
"Player stacks: #1 ""LingWae @ FQN9hzhzP_"" (466) | #8 ""gurt @ gpP9uUffpu"" (4879) | #10 ""9/2 @ d-4X_F_SSU"" (1895)",2026-09-12T02:48:35.702Z,178918131570201
"-- starting hand #280 (id: as6glwp6bcn3)  No Limit Texas Hold'em (dealer: ""gurt @ gpP9uUffpu"") --",2026-09-12T02:48:35.702Z,178918131570200
"""LingWae @ FQN9hzhzP_"" shows a 3♥, Q♠.",2026-09-12T02:48:32.061Z,178918131206100
"Undealt cards:  [7♣, 3♣, 4♦, Q♥, 6♦]",2026-09-12T02:48:30.396Z,178918131039600
"-- ending hand #279 --",2026-09-12T02:48:29.097Z,178918130909702
"""gurt @ gpP9uUffpu"" collected 20 from pot",2026-09-12T02:48:29.097Z,178918130909701
"Uncalled bet of 45 returned to ""gurt @ gpP9uUffpu""",2026-09-12T02:48:29.097Z,178918130909700
"""9/2 @ d-4X_F_SSU"" folds",2026-09-12T02:48:28.275Z,178918130827500
"""gurt @ gpP9uUffpu"" raises to 55",2026-09-12T02:48:08.902Z,178918128890200
"""LingWae @ FQN9hzhzP_"" folds",2026-09-12T02:48:06.517Z,178918128651700
"""9/2 @ d-4X_F_SSU"" posts a big blind of 10",2026-09-12T02:48:04.886Z,178918128488606
"""gurt @ gpP9uUffpu"" posts a small blind of 5",2026-09-12T02:48:04.886Z,178918128488605
"Player stacks: #1 ""LingWae @ FQN9hzhzP_"" (466) | #8 ""gurt @ gpP9uUffpu"" (4869) | #10 ""9/2 @ d-4X_F_SSU"" (1905)",2026-09-12T02:48:04.886Z,178918128488601
"-- starting hand #279 (id: njwkmszkakdm)  No Limit Texas Hold'em (dealer: ""LingWae @ FQN9hzhzP_"") --",2026-09-12T02:48:04.886Z,178918128488600
"Undealt cards:  [K♣, 4♦, 10♣, 7♣, 8♠]",2026-09-12T02:47:59.357Z,178918127935700
"-- ending hand #278 --",2026-09-12T02:47:58.936Z,178918127893602
"""gurt @ gpP9uUffpu"" collected 10 from pot",2026-09-12T02:47:58.936Z,178918127893601
"Uncalled bet of 5 returned to ""gurt @ gpP9uUffpu""",2026-09-12T02:47:58.936Z,178918127893600
"""LingWae @ FQN9hzhzP_"" folds",2026-09-12T02:47:58.100Z,178918127810000
"""9/2 @ d-4X_F_SSU"" folds",2026-09-12T02:47:54.571Z,178918127457100
"""gurt @ gpP9uUffpu"" posts a big blind of 10",2026-09-12T02:47:53.619Z,178918127361906
"""LingWae @ FQN9hzhzP_"" posts a small blind of 5",2026-09-12T02:47:53.619Z,178918127361905
"Player stacks: #1 ""LingWae @ FQN9hzhzP_"" (471) | #8 ""gurt @ gpP9uUffpu"" (4864) | #10 ""9/2 @ d-4X_F_SSU"" (1905)",2026-09-12T02:47:53.619Z,178918127361901
"-- starting hand #278 (id: dcgpasjmojji)  No Limit Texas Hold'em (dealer: ""9/2 @ d-4X_F_SSU"") --",2026-09-12T02:47:53.619Z,178918127361900
"""LingWae @ FQN9hzhzP_"" shows a 10♦.",2026-09-12T02:47:51.556Z,178918127155600
"""9/2 @ d-4X_F_SSU"" shows a 2♣.",2026-09-12T02:47:49.312Z,178918126931200
"Undealt cards:  [10♠, A♠, J♦, 5♣, 2♠]",2026-09-12T02:47:47.622Z,178918126762200
"-- ending hand #277 --",2026-09-12T02:47:46.293Z,178918126629302
"""LingWae @ FQN9hzhzP_"" collected 10 from pot",2026-09-12T02:47:46.293Z,178918126629301
"Uncalled bet of 5 returned to ""LingWae @ FQN9hzhzP_""",2026-09-12T02:47:46.293Z,178918126629300
"""9/2 @ d-4X_F_SSU"" folds",2026-09-12T02:47:45.453Z,178918126545300
"""gurt @ gpP9uUffpu"" folds",2026-09-12T02:47:37.529Z,178918125752900
"""LingWae @ FQN9hzhzP_"" posts a big blind of 10",2026-09-12T02:47:35.804Z,178918125580406
"""9/2 @ d-4X_F_SSU"" posts a small blind of 5",2026-09-12T02:47:35.804Z,178918125580405
"Player stacks: #1 ""LingWae @ FQN9hzhzP_"" (466) | #8 ""gurt @ gpP9uUffpu"" (4864) | #10 ""9/2 @ d-4X_F_SSU"" (1910)",2026-09-12T02:47:35.804Z,178918125580401
"-- starting hand #277 (id: 5yjnyujwmpf0)  No Limit Texas Hold'em (dealer: ""gurt @ gpP9uUffpu"") --",2026-09-12T02:47:35.804Z,178918125580400
"Undealt cards:  [5♠, 5♦, 4♦, 4♣, 5♥]",2026-09-12T02:47:30.614Z,178918125061400
"-- ending hand #276 --",2026-09-12T02:47:29.882Z,178918124988202
"""gurt @ gpP9uUffpu"" collected 20 from pot",2026-09-12T02:47:29.882Z,178918124988201
"Uncalled bet of 45 returned to ""gurt @ gpP9uUffpu""",2026-09-12T02:47:29.882Z,178918124988200
"""9/2 @ d-4X_F_SSU"" folds",2026-09-12T02:47:29.047Z,178918124904700
"""gurt @ gpP9uUffpu"" raises to 55",2026-09-12T02:47:26.702Z,178918124670200
"""LingWae @ FQN9hzhzP_"" folds",2026-09-12T02:47:24.544Z,178918124454400
"""9/2 @ d-4X_F_SSU"" posts a big blind of 10",2026-09-12T02:47:05.153Z,178918122515306
"""gurt @ gpP9uUffpu"" posts a small blind of 5",2026-09-12T02:47:05.153Z,178918122515305
"Player stacks: #1 ""LingWae @ FQN9hzhzP_"" (466) | #8 ""gurt @ gpP9uUffpu"" (4854) | #10 ""9/2 @ d-4X_F_SSU"" (1920)",2026-09-12T02:47:05.153Z,178918122515301
"-- starting hand #276 (id: m9bxjg9icagq)  No Limit Texas Hold'em (dealer: ""LingWae @ FQN9hzhzP_"") --",2026-09-12T02:47:05.153Z,178918122515300
"""gurt @ gpP9uUffpu"" shows a 10♦.",2026-09-12T02:47:03.487Z,178918122348700
"""LingWae @ FQN9hzhzP_"" shows a 3♥.",2026-09-12T02:46:59.868Z,178918121986800
"Undealt cards:  [4♠, 10♣, 3♦, J♣, 8♣]",2026-09-12T02:46:58.494Z,178918121849400
"-- ending hand #275 --",2026-09-12T02:46:57.824Z,178918121782402
"""gurt @ gpP9uUffpu"" collected 10 from pot",2026-09-12T02:46:57.824Z,178918121782401
"Uncalled bet of 5 returned to ""gurt @ gpP9uUffpu""",2026-09-12T02:46:57.824Z,178918121782400
"""LingWae @ FQN9hzhzP_"" folds",2026-09-12T02:46:57.007Z,178918121700700
"""9/2 @ d-4X_F_SSU"" folds",2026-09-12T02:46:55.760Z,178918121576000
"""gurt @ gpP9uUffpu"" posts a big blind of 10",2026-09-12T02:46:51.224Z,178918121122406
"""LingWae @ FQN9hzhzP_"" posts a small blind of 5",2026-09-12T02:46:51.224Z,178918121122405
"Player stacks: #1 ""LingWae @ FQN9hzhzP_"" (471) | #8 ""gurt @ gpP9uUffpu"" (4849) | #10 ""9/2 @ d-4X_F_SSU"" (1920)",2026-09-12T02:46:51.224Z,178918121122401
"-- starting hand #275 (id: o5mkvvx9naup)  No Limit Texas Hold'em (dealer: ""9/2 @ d-4X_F_SSU"") --",2026-09-12T02:46:51.224Z,178918121122400
"-- ending hand #274 --",2026-09-12T02:46:43.217Z,178918120321702
"""LingWae @ FQN9hzhzP_"" collected 235 from pot with Pair, 2's on the second run  (combination: 8♠, J♦, A♥, 2♣, 2♠)",2026-09-12T02:46:43.217Z,178918120321701
"""LingWae @ FQN9hzhzP_"" collected 236 from pot with Pair, J's (combination: 9♣, Q♣, A♥, J♦, J♥)",2026-09-12T02:46:43.217Z,178918120321700
"River (second run): 7♦, 2♣, 2♠, 8♠ [4♣]",2026-09-12T02:46:39.214Z,178918119921400
"Turn (second run): 7♦, 2♣, 2♠ [8♠]",2026-09-12T02:46:35.211Z,178918119521100
"Flop (second run):  [7♦, 2♣, 2♠]",2026-09-12T02:46:31.209Z,178918119120900
"River: 3♦, J♥, 7♥, 9♣ [Q♣]",2026-09-12T02:46:27.171Z,178918118717100
"Turn: 3♦, J♥, 7♥ [9♣]",2026-09-12T02:46:23.149Z,178918118314900
"Flop:  [3♦, J♥, 7♥]",2026-09-12T02:46:19.138Z,178918117913800
"""LingWae @ FQN9hzhzP_"" shows a J♦, A♥.",2026-09-12T02:46:15.115Z,178918117511500
"""gurt @ gpP9uUffpu"" shows a 9♠, K♥.",2026-09-12T02:46:14.735Z,178918117473500
"All players in hand choose to run it twice.",2026-09-12T02:46:14.285Z,178918117428501
"""LingWae @ FQN9hzhzP_"" chooses to  run it twice.",2026-09-12T02:46:14.285Z,178918117428500
"""gurt @ gpP9uUffpu"" chooses to  run it twice.",2026-09-12T02:46:14.273Z,178918117427300
"Remaining players decide whether to run it twice.",2026-09-12T02:46:13.319Z,178918117331901
"""gurt @ gpP9uUffpu"" calls 233",2026-09-12T02:46:13.319Z,178918117331900
"""LingWae @ FQN9hzhzP_"" raises to 233 and go all in",2026-09-12T02:46:11.678Z,178918117167800
"""9/2 @ d-4X_F_SSU"" folds",2026-09-12T02:46:09.892Z,178918116989200
"""gurt @ gpP9uUffpu"" raises to 55",2026-09-12T02:46:08.794Z,178918116879400
"""LingWae @ FQN9hzhzP_"" posts a big blind of 10",2026-09-12T02:46:07.644Z,178918116764406
"""9/2 @ d-4X_F_SSU"" posts a small blind of 5",2026-09-12T02:46:07.644Z,178918116764405
"Your hand is 9♠, K♥",2026-09-12T02:46:07.644Z,178918116764403
"Player stacks: #1 ""LingWae @ FQN9hzhzP_"" (233) | #8 ""gurt @ gpP9uUffpu"" (5082) | #10 ""9/2 @ d-4X_F_SSU"" (1925)",2026-09-12T02:46:07.644Z,178918116764401
"-- starting hand #274 (id: x6ozliyifhth)  No Limit Texas Hold'em (dealer: ""gurt @ gpP9uUffpu"") --",2026-09-12T02:46:07.644Z,178918116764400
"Undealt cards:  [9♥, 9♦, A♥, K♠, 5♠]",2026-09-12T02:46:03.367Z,178918116336700
"-- ending hand #273 --",2026-09-12T02:46:01.698Z,178918116169802
"""gurt @ gpP9uUffpu"" collected 20 from pot",2026-09-12T02:46:01.698Z,178918116169801
"Uncalled bet of 45 returned to ""gurt @ gpP9uUffpu""",2026-09-12T02:46:01.698Z,178918116169800
"""9/2 @ d-4X_F_SSU"" folds",2026-09-12T02:46:00.877Z,178918116087700
"""gurt @ gpP9uUffpu"" raises to 55",2026-09-12T02:45:59.854Z,178918115985400
"""LingWae @ FQN9hzhzP_"" folds",2026-09-12T02:45:57.501Z,178918115750100
"""9/2 @ d-4X_F_SSU"" posts a big blind of 10",2026-09-12T02:45:55.751Z,178918115575106
"""gurt @ gpP9uUffpu"" posts a small blind of 5",2026-09-12T02:45:55.751Z,178918115575105
"Player stacks: #1 ""LingWae @ FQN9hzhzP_"" (233) | #8 ""gurt @ gpP9uUffpu"" (5072) | #10 ""9/2 @ d-4X_F_SSU"" (1935)",2026-09-12T02:45:55.751Z,178918115575101
"-- starting hand #273 (id: rmiq01yjxk2h)  No Limit Texas Hold'em (dealer: ""LingWae @ FQN9hzhzP_"") --",2026-09-12T02:45:55.751Z,178918115575100
"Undealt cards: 9♦, 3♥, 9♠ [Q♦, 8♦]",2026-09-12T02:45:50.104Z,178918115010400
"-- ending hand #272 --",2026-09-12T02:45:49.798Z,178918114979802
"""gurt @ gpP9uUffpu"" collected 175 from pot",2026-09-12T02:45:49.798Z,178918114979801
"Uncalled bet of 90 returned to ""gurt @ gpP9uUffpu""",2026-09-12T02:45:49.798Z,178918114979800
"""9/2 @ d-4X_F_SSU"" folds",2026-09-12T02:45:48.980Z,178918114898000
"""gurt @ gpP9uUffpu"" raises to 135",2026-09-12T02:45:37.032Z,178918113703200
"""9/2 @ d-4X_F_SSU"" bets 45",2026-09-12T02:45:29.299Z,178918112929900
"""gurt @ gpP9uUffpu"" checks",2026-09-12T02:45:27.372Z,178918112737200
"Flop:  [9♦, 3♥, 9♠]",2026-09-12T02:45:26.055Z,178918112605500
"""gurt @ gpP9uUffpu"" calls 40",2026-09-12T02:45:25.226Z,178918112522600
"""LingWae @ FQN9hzhzP_"" folds",2026-09-12T02:45:24.313Z,178918112431300
"""9/2 @ d-4X_F_SSU"" raises to 40",2026-09-12T02:45:22.404Z,178918112240400
"""gurt @ gpP9uUffpu"" posts a big blind of 10",2026-09-12T02:45:10.329Z,178918111032906
"""LingWae @ FQN9hzhzP_"" posts a small blind of 5",2026-09-12T02:45:10.329Z,178918111032905
"Player stacks: #1 ""LingWae @ FQN9hzhzP_"" (238) | #8 ""gurt @ gpP9uUffpu"" (4982) | #10 ""9/2 @ d-4X_F_SSU"" (2020)",2026-09-12T02:45:10.329Z,178918111032901
"-- starting hand #272 (id: ze1yhfno40zd)  No Limit Texas Hold'em (dealer: ""9/2 @ d-4X_F_SSU"") --",2026-09-12T02:45:10.329Z,178918111032900
"Undealt cards:  [8♥, K♦, 4♣, 5♣, 8♠]",2026-09-12T02:45:05.405Z,178918110540500
"-- ending hand #271 --",2026-09-12T02:45:04.395Z,178918110439502
"""gurt @ gpP9uUffpu"" collected 25 from pot",2026-09-12T02:45:04.395Z,178918110439501
"Uncalled bet of 56 returned to ""gurt @ gpP9uUffpu""",2026-09-12T02:45:04.395Z,178918110439500
"""LingWae @ FQN9hzhzP_"" folds",2026-09-12T02:45:03.534Z,178918110353400
"""9/2 @ d-4X_F_SSU"" folds",2026-09-12T02:45:02.297Z,178918110229700
"""gurt @ gpP9uUffpu"" raises to 66",2026-09-12T02:44:56.924Z,178918109692400
"""LingWae @ FQN9hzhzP_"" posts a big blind of 10",2026-09-12T02:44:54.162Z,178918109416206
"""9/2 @ d-4X_F_SSU"" posts a small blind of 5",2026-09-12T02:44:54.162Z,178918109416205
"Player stacks: #1 ""LingWae @ FQN9hzhzP_"" (248) | #8 ""gurt @ gpP9uUffpu"" (4967) | #10 ""9/2 @ d-4X_F_SSU"" (2025)",2026-09-12T02:44:54.162Z,178918109416201
"-- starting hand #271 (id: bbgboxt2z6do)  No Limit Texas Hold'em (dealer: ""gurt @ gpP9uUffpu"") --",2026-09-12T02:44:54.162Z,178918109416200
"""gurt @ gpP9uUffpu"" shows a 9♣.",2026-09-12T02:44:52.145Z,178918109214500
"Undealt cards:  [8♣, J♠, 3♣, Q♥, 10♣]",2026-09-12T02:44:47.799Z,178918108779900
"-- ending hand #270 --",2026-09-12T02:44:47.553Z,178918108755302
"""9/2 @ d-4X_F_SSU"" collected 10 from pot",2026-09-12T02:44:47.553Z,178918108755301
"Uncalled bet of 5 returned to ""9/2 @ d-4X_F_SSU""",2026-09-12T02:44:47.553Z,178918108755300
"""gurt @ gpP9uUffpu"" folds",2026-09-12T02:44:46.669Z,178918108666900
"""LingWae @ FQN9hzhzP_"" folds",2026-09-12T02:44:45.231Z,178918108523100
"""9/2 @ d-4X_F_SSU"" posts a big blind of 10",2026-09-12T02:44:43.607Z,178918108360706
"""gurt @ gpP9uUffpu"" posts a small blind of 5",2026-09-12T02:44:43.607Z,178918108360705
"Player stacks: #1 ""LingWae @ FQN9hzhzP_"" (248) | #8 ""gurt @ gpP9uUffpu"" (4972) | #10 ""9/2 @ d-4X_F_SSU"" (2020)",2026-09-12T02:44:43.607Z,178918108360701
"-- starting hand #270 (id: m9wkyo5i4nof)  No Limit Texas Hold'em (dealer: ""LingWae @ FQN9hzhzP_"") --",2026-09-12T02:44:43.607Z,178918108360700
"Undealt cards:  [7♦, Q♣, 8♣, A♣, 3♥]",2026-09-12T02:44:38.516Z,178918107851600
"-- ending hand #269 --",2026-09-12T02:44:37.662Z,178918107766202
"""gurt @ gpP9uUffpu"" collected 10 from pot",2026-09-12T02:44:37.662Z,178918107766201
"Uncalled bet of 5 returned to ""gurt @ gpP9uUffpu""",2026-09-12T02:44:37.662Z,178918107766200
"""LingWae @ FQN9hzhzP_"" folds",2026-09-12T02:44:36.845Z,178918107684500
"""9/2 @ d-4X_F_SSU"" folds",2026-09-12T02:44:35.277Z,178918107527700
"""gurt @ gpP9uUffpu"" posts a big blind of 10",2026-09-12T02:44:34.462Z,178918107446206
"""LingWae @ FQN9hzhzP_"" posts a small blind of 5",2026-09-12T02:44:34.462Z,178918107446205
"Player stacks: #1 ""LingWae @ FQN9hzhzP_"" (253) | #8 ""gurt @ gpP9uUffpu"" (4967) | #10 ""9/2 @ d-4X_F_SSU"" (2020)",2026-09-12T02:44:34.462Z,178918107446201
"-- starting hand #269 (id: tsopdexu2uw3)  No Limit Texas Hold'em (dealer: ""9/2 @ d-4X_F_SSU"") --",2026-09-12T02:44:34.462Z,178918107446200
"""LingWae @ FQN9hzhzP_"" shows a 2♥.",2026-09-12T02:44:31.840Z,178918107184000
"-- ending hand #268 --",2026-09-12T02:44:27.942Z,178918106794203
"""gurt @ gpP9uUffpu"" collected 120 from pot with A High (combination: 5♦, 7♥, J♥, K♥, A♣)",2026-09-12T02:44:27.942Z,178918106794202
"""gurt @ gpP9uUffpu"" shows a A♣, J♥.",2026-09-12T02:44:27.942Z,178918106794201
"""9/2 @ d-4X_F_SSU"" shows a 9♠, A♥.",2026-09-12T02:44:27.942Z,178918106794200
"""gurt @ gpP9uUffpu"" checks",2026-09-12T02:44:27.075Z,178918106707500
"""9/2 @ d-4X_F_SSU"" checks",2026-09-12T02:44:25.840Z,178918106584000
"River: 5♦, 2♠, K♥, 7♥ [3♠]",2026-09-12T02:44:25.035Z,178918106503500
"""gurt @ gpP9uUffpu"" checks",2026-09-12T02:44:24.227Z,178918106422700
"""9/2 @ d-4X_F_SSU"" checks",2026-09-12T02:44:22.899Z,178918106289900
"Turn: 5♦, 2♠, K♥ [7♥]",2026-09-12T02:44:21.929Z,178918106192900
"""gurt @ gpP9uUffpu"" checks",2026-09-12T02:44:21.096Z,178918106109600
"""9/2 @ d-4X_F_SSU"" checks",2026-09-12T02:44:19.834Z,178918105983400
"Flop:  [5♦, 2♠, K♥]",2026-09-12T02:44:17.798Z,178918105779800
"""LingWae @ FQN9hzhzP_"" folds",2026-09-12T02:44:16.948Z,178918105694800
"""9/2 @ d-4X_F_SSU"" calls 55",2026-09-12T02:44:16.016Z,178918105601600
"""gurt @ gpP9uUffpu"" raises to 55",2026-09-12T02:44:14.058Z,178918105405800
"""LingWae @ FQN9hzhzP_"" posts a big blind of 10",2026-09-12T02:44:11.896Z,178918105189606
"""9/2 @ d-4X_F_SSU"" posts a small blind of 5",2026-09-12T02:44:11.896Z,178918105189605
"Your hand is A♣, J♥",2026-09-12T02:44:11.896Z,178918105189603
"Player stacks: #1 ""LingWae @ FQN9hzhzP_"" (263) | #8 ""gurt @ gpP9uUffpu"" (4902) | #10 ""9/2 @ d-4X_F_SSU"" (2075)",2026-09-12T02:44:11.896Z,178918105189601
"-- starting hand #268 (id: nfvfgk3kudcw)  No Limit Texas Hold'em (dealer: ""gurt @ gpP9uUffpu"") --",2026-09-12T02:44:11.896Z,178918105189600
"""LingWae @ FQN9hzhzP_"" shows a 4♥.",2026-09-12T02:44:08.710Z,178918104871000
"Undealt cards:  [8♦, 2♦, 4♦, 4♠, 5♠]",2026-09-12T02:44:05.585Z,178918104558500
"-- ending hand #267 --",2026-09-12T02:44:05.259Z,178918104525902
"""9/2 @ d-4X_F_SSU"" collected 10 from pot",2026-09-12T02:44:05.259Z,178918104525901
"Uncalled bet of 5 returned to ""9/2 @ d-4X_F_SSU""",2026-09-12T02:44:05.259Z,178918104525900
"""gurt @ gpP9uUffpu"" folds",2026-09-12T02:44:04.402Z,178918104440200
"""LingWae @ FQN9hzhzP_"" folds",2026-09-12T02:44:03.181Z,178918104318100
"""9/2 @ d-4X_F_SSU"" posts a big blind of 10",2026-09-12T02:44:00.582Z,178918104058206
"""gurt @ gpP9uUffpu"" posts a small blind of 5",2026-09-12T02:44:00.582Z,178918104058205
"Player stacks: #1 ""LingWae @ FQN9hzhzP_"" (263) | #8 ""gurt @ gpP9uUffpu"" (4907) | #10 ""9/2 @ d-4X_F_SSU"" (2070)",2026-09-12T02:44:00.582Z,178918104058201
"-- starting hand #267 (id: tfcfnsyws7dc)  No Limit Texas Hold'em (dealer: ""LingWae @ FQN9hzhzP_"") --",2026-09-12T02:44:00.582Z,178918104058200
"""9/2 @ d-4X_F_SSU"" shows a 6♠.",2026-09-12T02:43:55.844Z,178918103584400
"Undealt cards:  [7♣, K♦, 5♦, 9♦, 8♦]",2026-09-12T02:43:54.219Z,178918103421900
"-- ending hand #266 --",2026-09-12T02:43:53.975Z,178918103397502
"""9/2 @ d-4X_F_SSU"" collected 25 from pot",2026-09-12T02:43:53.975Z,178918103397501
"Uncalled bet of 30 returned to ""9/2 @ d-4X_F_SSU""",2026-09-12T02:43:53.975Z,178918103397500
"""gurt @ gpP9uUffpu"" folds",2026-09-12T02:43:53.135Z,178918103313500
"""LingWae @ FQN9hzhzP_"" folds",2026-09-12T02:43:51.311Z,178918103131100
"""9/2 @ d-4X_F_SSU"" raises to 40",2026-09-12T02:43:34.002Z,178918101400200
"""gurt @ gpP9uUffpu"" posts a big blind of 10",2026-09-12T02:43:27.361Z,178918100736106
"""LingWae @ FQN9hzhzP_"" posts a small blind of 5",2026-09-12T02:43:27.361Z,178918100736105
"Player stacks: #1 ""LingWae @ FQN9hzhzP_"" (268) | #8 ""gurt @ gpP9uUffpu"" (4917) | #10 ""9/2 @ d-4X_F_SSU"" (2055)",2026-09-12T02:43:27.361Z,178918100736101
"-- starting hand #266 (id: kxxnwwhioehr)  No Limit Texas Hold'em (dealer: ""9/2 @ d-4X_F_SSU"") --",2026-09-12T02:43:27.361Z,178918100736100
"""gurt @ gpP9uUffpu"" shows a A♠.",2026-09-12T02:43:25.684Z,178918100568400
"""LingWae @ FQN9hzhzP_"" shows a 5♦.",2026-09-12T02:43:23.504Z,178918100350400
"Undealt cards:  [5♥, 8♥, 5♠, K♣, 4♠]",2026-09-12T02:43:21.545Z,178918100154500
"-- ending hand #265 --",2026-09-12T02:43:20.036Z,178918100003602
"""gurt @ gpP9uUffpu"" collected 25 from pot",2026-09-12T02:43:20.036Z,178918100003601
"Uncalled bet of 45 returned to ""gurt @ gpP9uUffpu""",2026-09-12T02:43:20.036Z,178918100003600
"""LingWae @ FQN9hzhzP_"" folds",2026-09-12T02:43:19.168Z,178918099916800
"""9/2 @ d-4X_F_SSU"" folds",2026-09-12T02:43:17.104Z,178918099710400
"""gurt @ gpP9uUffpu"" raises to 55",2026-09-12T02:43:13.213Z,178918099321300
"""LingWae @ FQN9hzhzP_"" posts a big blind of 10",2026-09-12T02:43:11.301Z,178918099130106
"""9/2 @ d-4X_F_SSU"" posts a small blind of 5",2026-09-12T02:43:11.301Z,178918099130105
"Player stacks: #1 ""LingWae @ FQN9hzhzP_"" (278) | #8 ""gurt @ gpP9uUffpu"" (4902) | #10 ""9/2 @ d-4X_F_SSU"" (2060)",2026-09-12T02:43:11.301Z,178918099130101
"-- starting hand #265 (id: pja8lwc87el6)  No Limit Texas Hold'em (dealer: ""gurt @ gpP9uUffpu"") --",2026-09-12T02:43:11.301Z,178918099130100
"Undealt cards:  [7♠, 6♣, 7♦, 9♠, 7♣]",2026-09-12T02:43:06.528Z,178918098652800
"-- ending hand #264 --",2026-09-12T02:43:05.381Z,178918098538102
"""gurt @ gpP9uUffpu"" collected 20 from pot",2026-09-12T02:43:05.381Z,178918098538101
"Uncalled bet of 45 returned to ""gurt @ gpP9uUffpu""",2026-09-12T02:43:05.381Z,178918098538100
"""9/2 @ d-4X_F_SSU"" folds",2026-09-12T02:43:04.564Z,178918098456400
"""gurt @ gpP9uUffpu"" raises to 55",2026-09-12T02:43:02.997Z,178918098299700
"""LingWae @ FQN9hzhzP_"" folds",2026-09-12T02:43:00.851Z,178918098085100
"""9/2 @ d-4X_F_SSU"" posts a big blind of 10",2026-09-12T02:42:58.997Z,178918097899706
"""gurt @ gpP9uUffpu"" posts a small blind of 5",2026-09-12T02:42:58.997Z,178918097899705
"Player stacks: #1 ""LingWae @ FQN9hzhzP_"" (278) | #8 ""gurt @ gpP9uUffpu"" (4892) | #10 ""9/2 @ d-4X_F_SSU"" (2070)",2026-09-12T02:42:58.997Z,178918097899701
"-- starting hand #264 (id: mn3zpdqltzyt)  No Limit Texas Hold'em (dealer: ""LingWae @ FQN9hzhzP_"") --",2026-09-12T02:42:58.997Z,178918097899700
"Undealt cards: 5♥, 2♦, 7♣ [3♠, 10♣]",2026-09-12T02:42:55.792Z,178918097579200
"-- ending hand #263 --",2026-09-12T02:42:53.086Z,178918097308602
"""LingWae @ FQN9hzhzP_"" collected 90 from pot",2026-09-12T02:42:53.086Z,178918097308601
"Uncalled bet of 188 returned to ""LingWae @ FQN9hzhzP_""",2026-09-12T02:42:53.086Z,178918097308600
"""9/2 @ d-4X_F_SSU"" folds",2026-09-12T02:42:52.212Z,178918097221200
"""LingWae @ FQN9hzhzP_"" bets 188 and go all in",2026-09-12T02:42:34.750Z,178918095475000
"Flop:  [5♥, 2♦, 7♣]",2026-09-12T02:42:32.467Z,178918095246700
"""gurt @ gpP9uUffpu"" folds",2026-09-12T02:42:31.596Z,178918095159600
"""LingWae @ FQN9hzhzP_"" calls 40",2026-09-12T02:42:30.474Z,178918095047400
"""9/2 @ d-4X_F_SSU"" raises to 40",2026-09-12T02:42:12.429Z,178918093242900
"""gurt @ gpP9uUffpu"" posts a big blind of 10",2026-09-12T02:42:04.827Z,178918092482706
"""LingWae @ FQN9hzhzP_"" posts a small blind of 5",2026-09-12T02:42:04.827Z,178918092482705
"Player stacks: #1 ""LingWae @ FQN9hzhzP_"" (228) | #8 ""gurt @ gpP9uUffpu"" (4902) | #10 ""9/2 @ d-4X_F_SSU"" (2110)",2026-09-12T02:42:04.827Z,178918092482701
"-- starting hand #263 (id: dqnrcflmgibs)  No Limit Texas Hold'em (dealer: ""9/2 @ d-4X_F_SSU"") --",2026-09-12T02:42:04.827Z,178918092482700
"Undealt cards:  [7♣, 2♥, K♥, A♣, J♠]",2026-09-12T02:41:59.972Z,178918091997200
"-- ending hand #262 --",2026-09-12T02:41:58.919Z,178918091891902
"""gurt @ gpP9uUffpu"" collected 25 from pot",2026-09-12T02:41:58.919Z,178918091891901
"Uncalled bet of 45 returned to ""gurt @ gpP9uUffpu""",2026-09-12T02:41:58.919Z,178918091891900
"""LingWae @ FQN9hzhzP_"" folds",2026-09-12T02:41:58.092Z,178918091809200
"""9/2 @ d-4X_F_SSU"" folds",2026-09-12T02:41:57.136Z,178918091713600
"""gurt @ gpP9uUffpu"" raises to 55",2026-09-12T02:41:55.541Z,178918091554100
"""LingWae @ FQN9hzhzP_"" posts a big blind of 10",2026-09-12T02:41:53.515Z,178918091351506
"""9/2 @ d-4X_F_SSU"" posts a small blind of 5",2026-09-12T02:41:53.515Z,178918091351505
"Player stacks: #1 ""LingWae @ FQN9hzhzP_"" (238) | #8 ""gurt @ gpP9uUffpu"" (4887) | #10 ""9/2 @ d-4X_F_SSU"" (2115)",2026-09-12T02:41:53.515Z,178918091351501
"-- starting hand #262 (id: ow76ne1piwxf)  No Limit Texas Hold'em (dealer: ""gurt @ gpP9uUffpu"") --",2026-09-12T02:41:53.515Z,178918091351500
"Undealt cards: 5♥, K♠, 7♦ [2♣, 9♦]",2026-09-12T02:41:49.206Z,178918090920600
"-- ending hand #261 --",2026-09-12T02:41:47.598Z,178918090759802
"""gurt @ gpP9uUffpu"" collected 120 from pot",2026-09-12T02:41:47.598Z,178918090759801
"Uncalled bet of 238 returned to ""gurt @ gpP9uUffpu""",2026-09-12T02:41:47.598Z,178918090759800
"""LingWae @ FQN9hzhzP_"" folds",2026-09-12T02:41:46.740Z,178918090674000
"""gurt @ gpP9uUffpu"" bets 238",2026-09-12T02:41:44.915Z,178918090491500
"Flop:  [5♥, K♠, 7♦]",2026-09-12T02:41:41.591Z,178918090159100
"""LingWae @ FQN9hzhzP_"" calls 55",2026-09-12T02:41:40.730Z,178918090073000
"""9/2 @ d-4X_F_SSU"" folds",2026-09-12T02:41:37.012Z,178918089701200
"""gurt @ gpP9uUffpu"" raises to 55",2026-09-12T02:41:24.905Z,178918088490500
"""LingWae @ FQN9hzhzP_"" calls 10",2026-09-12T02:41:23.012Z,178918088301200
"""9/2 @ d-4X_F_SSU"" posts a big blind of 10",2026-09-12T02:41:19.977Z,178918087997706
"""gurt @ gpP9uUffpu"" posts a small blind of 5",2026-09-12T02:41:19.977Z,178918087997705
"Player stacks: #1 ""LingWae @ FQN9hzhzP_"" (293) | #8 ""gurt @ gpP9uUffpu"" (4822) | #10 ""9/2 @ d-4X_F_SSU"" (2125)",2026-09-12T02:41:19.977Z,178918087997701
"-- starting hand #261 (id: lynhzmhphzyy)  No Limit Texas Hold'em (dealer: ""LingWae @ FQN9hzhzP_"") --",2026-09-12T02:41:19.977Z,178918087997700
"-- ending hand #260 --",2026-09-12T02:41:13.973Z,178918087397303
"""9/2 @ d-4X_F_SSU"" collected 71 from pot with Pair, 9's (combination: 6♥, 8♠, Q♦, 9♥, 9♣)",2026-09-12T02:41:13.973Z,178918087397302
"""9/2 @ d-4X_F_SSU"" shows a 9♥, 4♥.",2026-09-12T02:41:13.973Z,178918087397301
"""gurt @ gpP9uUffpu"" shows a J♥, 2♥.",2026-09-12T02:41:13.973Z,178918087397300
"""9/2 @ d-4X_F_SSU"" checks",2026-09-12T02:41:13.144Z,178918087314400
"""gurt @ gpP9uUffpu"" checks",2026-09-12T02:41:12.255Z,178918087225500
"River: Q♦, 2♣, 6♥, 8♠ [9♣]",2026-09-12T02:41:10.775Z,178918087077500
"""9/2 @ d-4X_F_SSU"" checks",2026-09-12T02:41:09.888Z,178918086988800
"""gurt @ gpP9uUffpu"" checks",2026-09-12T02:41:09.015Z,178918086901500
"Turn: Q♦, 2♣, 6♥ [8♠]",2026-09-12T02:41:07.463Z,178918086746300
"""9/2 @ d-4X_F_SSU"" checks",2026-09-12T02:41:06.651Z,178918086665100
"""gurt @ gpP9uUffpu"" checks",2026-09-12T02:41:05.621Z,178918086562100
"Flop:  [Q♦, 2♣, 6♥]",2026-09-12T02:41:03.971Z,178918086397100
"""9/2 @ d-4X_F_SSU"" calls 33",2026-09-12T02:41:03.139Z,178918086313900
"""gurt @ gpP9uUffpu"" raises to 33",2026-09-12T02:40:45.309Z,178918084530900
"""LingWae @ FQN9hzhzP_"" folds",2026-09-12T02:40:43.424Z,178918084342400
"""9/2 @ d-4X_F_SSU"" calls 10",2026-09-12T02:40:42.399Z,178918084239900
"""gurt @ gpP9uUffpu"" posts a big blind of 10",2026-09-12T02:40:41.247Z,178918084124706
"""LingWae @ FQN9hzhzP_"" posts a small blind of 5",2026-09-12T02:40:41.247Z,178918084124705
"Your hand is J♥, 2♥",2026-09-12T02:40:41.247Z,178918084124703
"Player stacks: #1 ""LingWae @ FQN9hzhzP_"" (298) | #8 ""gurt @ gpP9uUffpu"" (4855) | #10 ""9/2 @ d-4X_F_SSU"" (2087)",2026-09-12T02:40:41.247Z,178918084124701
"-- starting hand #260 (id: ewzm1ek5kyiv)  No Limit Texas Hold'em (dealer: ""9/2 @ d-4X_F_SSU"") --",2026-09-12T02:40:41.247Z,178918084124700
"Undealt cards:  [J♦, Q♠, J♣, 10♠, 8♠]",2026-09-12T02:40:36.264Z,178918083626400
"-- ending hand #259 --",2026-09-12T02:40:35.282Z,178918083528202
"""LingWae @ FQN9hzhzP_"" collected 30 from pot",2026-09-12T02:40:35.282Z,178918083528201
"Uncalled bet of 268 returned to ""LingWae @ FQN9hzhzP_""",2026-09-12T02:40:35.282Z,178918083528200
"""9/2 @ d-4X_F_SSU"" folds",2026-09-12T02:40:34.452Z,178918083445200
"""gurt @ gpP9uUffpu"" folds",2026-09-12T02:40:32.028Z,178918083202800
"""LingWae @ FQN9hzhzP_"" raises to 278 and go all in",2026-09-12T02:40:29.755Z,178918082975500
"""9/2 @ d-4X_F_SSU"" calls 10",2026-09-12T02:40:27.868Z,178918082786800
"""gurt @ gpP9uUffpu"" calls 10",2026-09-12T02:40:25.900Z,178918082590000
"""LingWae @ FQN9hzhzP_"" posts a big blind of 10",2026-09-12T02:40:23.585Z,178918082358506
"""9/2 @ d-4X_F_SSU"" posts a small blind of 5",2026-09-12T02:40:23.585Z,178918082358505
"Player stacks: #1 ""LingWae @ FQN9hzhzP_"" (278) | #8 ""gurt @ gpP9uUffpu"" (4865) | #10 ""9/2 @ d-4X_F_SSU"" (2097)",2026-09-12T02:40:23.585Z,178918082358501
"-- starting hand #259 (id: o97x47maencx)  No Limit Texas Hold'em (dealer: ""gurt @ gpP9uUffpu"") --",2026-09-12T02:40:23.585Z,178918082358500
"""gurt @ gpP9uUffpu"" shows a K♠.",2026-09-12T02:40:21.356Z,178918082135600
"""9/2 @ d-4X_F_SSU"" shows a 9♣.",2026-09-12T02:40:19.252Z,178918081925200
"""LingWae @ FQN9hzhzP_"" shows a 5♣.",2026-09-12T02:40:18.442Z,178918081844200
"Undealt cards:  [4♠, 5♦, 2♥, 2♦, 9♥]",2026-09-12T02:40:16.364Z,178918081636400
"-- ending hand #258 --",2026-09-12T02:40:15.577Z,178918081557702
"""gurt @ gpP9uUffpu"" collected 20 from pot",2026-09-12T02:40:15.577Z,178918081557701
"Uncalled bet of 45 returned to ""gurt @ gpP9uUffpu""",2026-09-12T02:40:15.577Z,178918081557700
"""9/2 @ d-4X_F_SSU"" folds",2026-09-12T02:40:14.772Z,178918081477200
"""gurt @ gpP9uUffpu"" raises to 55",2026-09-12T02:40:10.956Z,178918081095600
"""LingWae @ FQN9hzhzP_"" folds",2026-09-12T02:40:09.004Z,178918080900400
"""9/2 @ d-4X_F_SSU"" posts a big blind of 10",2026-09-12T02:40:04.955Z,178918080495506
"""gurt @ gpP9uUffpu"" posts a small blind of 5",2026-09-12T02:40:04.955Z,178918080495505
"Player stacks: #1 ""LingWae @ FQN9hzhzP_"" (278) | #8 ""gurt @ gpP9uUffpu"" (4855) | #10 ""9/2 @ d-4X_F_SSU"" (2107)",2026-09-12T02:40:04.955Z,178918080495501
"-- starting hand #258 (id: kmcwwbljawbc)  No Limit Texas Hold'em (dealer: ""LingWae @ FQN9hzhzP_"") --",2026-09-12T02:40:04.955Z,178918080495500
"""gurt @ gpP9uUffpu"" shows a 2♣.",2026-09-12T02:40:01.649Z,178918080164900
"Undealt cards: 7♠, A♠, K♠ [9♦, J♥]",2026-09-12T02:39:59.399Z,178918079939900
"-- ending hand #257 --",2026-09-12T02:39:58.317Z,178918079831702
"""gurt @ gpP9uUffpu"" collected 115 from pot",2026-09-12T02:39:58.317Z,178918079831701
"Uncalled bet of 66 returned to ""gurt @ gpP9uUffpu""",2026-09-12T02:39:58.317Z,178918079831700
"""9/2 @ d-4X_F_SSU"" folds",2026-09-12T02:39:57.468Z,178918079746800
"""gurt @ gpP9uUffpu"" bets 66",2026-09-12T02:39:36.196Z,178918077619600
"Flop:  [7♠, A♠, K♠]",2026-09-12T02:39:32.547Z,178918077254700
"""9/2 @ d-4X_F_SSU"" calls 55",2026-09-12T02:39:31.687Z,178918077168700
"""gurt @ gpP9uUffpu"" raises to 55",2026-09-12T02:39:30.658Z,178918077065800
"""LingWae @ FQN9hzhzP_"" folds",2026-09-12T02:39:27.855Z,178918076785500
"""9/2 @ d-4X_F_SSU"" calls 10",2026-09-12T02:39:26.943Z,178918076694300
"""gurt @ gpP9uUffpu"" posts a big blind of 10",2026-09-12T02:39:26.038Z,178918076603806
"""LingWae @ FQN9hzhzP_"" posts a small blind of 5",2026-09-12T02:39:26.038Z,178918076603805
"Player stacks: #1 ""LingWae @ FQN9hzhzP_"" (283) | #8 ""gurt @ gpP9uUffpu"" (4795) | #10 ""9/2 @ d-4X_F_SSU"" (2162)",2026-09-12T02:39:26.038Z,178918076603801
"-- starting hand #257 (id: jbvx7q8sv0of)  No Limit Texas Hold'em (dealer: ""9/2 @ d-4X_F_SSU"") --",2026-09-12T02:39:26.038Z,178918076603800
"-- ending hand #256 --",2026-09-12T02:39:20.034Z,178918076003402
"""9/2 @ d-4X_F_SSU"" collected 100 from pot with Three of a Kind, 8's (combination: 6♦, A♥, 8♥, 8♠, 8♦)",2026-09-12T02:39:20.034Z,178918076003401
"""9/2 @ d-4X_F_SSU"" shows a 8♥, 6♦.",2026-09-12T02:39:20.034Z,178918076003400
"""LingWae @ FQN9hzhzP_"" calls 20",2026-09-12T02:39:19.166Z,178918075916600
"""9/2 @ d-4X_F_SSU"" bets 20",2026-09-12T02:39:12.963Z,178918075296300
"River: 8♠, A♥, 5♣, 8♦ [3♥]",2026-09-12T02:39:10.464Z,178918075046400
"""LingWae @ FQN9hzhzP_"" calls 10",2026-09-12T02:39:09.609Z,178918074960900
"""9/2 @ d-4X_F_SSU"" bets 10",2026-09-12T02:39:07.931Z,178918074793100
"Turn: 8♠, A♥, 5♣ [8♦]",2026-09-12T02:39:06.911Z,178918074691100
"""LingWae @ FQN9hzhzP_"" calls 10",2026-09-12T02:39:06.106Z,178918074610600
"""9/2 @ d-4X_F_SSU"" bets 10",2026-09-12T02:39:04.076Z,178918074407600
"Flop:  [8♠, A♥, 5♣]",2026-09-12T02:39:02.615Z,178918074261500
"""LingWae @ FQN9hzhzP_"" checks",2026-09-12T02:39:01.762Z,178918074176200
"""9/2 @ d-4X_F_SSU"" calls 10",2026-09-12T02:39:00.767Z,178918074076700
"""gurt @ gpP9uUffpu"" folds",2026-09-12T02:38:59.460Z,178918073946000
"""LingWae @ FQN9hzhzP_"" posts a big blind of 10",2026-09-12T02:38:56.631Z,178918073663106
"""9/2 @ d-4X_F_SSU"" posts a small blind of 5",2026-09-12T02:38:56.631Z,178918073663105
"Player stacks: #1 ""LingWae @ FQN9hzhzP_"" (333) | #8 ""gurt @ gpP9uUffpu"" (4795) | #10 ""9/2 @ d-4X_F_SSU"" (2112)",2026-09-12T02:38:56.631Z,178918073663101
"-- starting hand #256 (id: kqzw9ulfigw0)  No Limit Texas Hold'em (dealer: ""gurt @ gpP9uUffpu"") --",2026-09-12T02:38:56.631Z,178918073663100
"Undealt cards: 7♦, Q♦, Q♠, 8♦ [3♣]",2026-09-12T02:38:51.042Z,178918073104200
"-- ending hand #255 --",2026-09-12T02:38:50.677Z,178918073067702
"""9/2 @ d-4X_F_SSU"" collected 40 from pot",2026-09-12T02:38:50.677Z,178918073067701
"Uncalled bet of 10 returned to ""9/2 @ d-4X_F_SSU""",2026-09-12T02:38:50.677Z,178918073067700
"""gurt @ gpP9uUffpu"" folds",2026-09-12T02:38:49.868Z,178918072986800
"""9/2 @ d-4X_F_SSU"" bets 10",2026-09-12T02:38:48.923Z,178918072892300
"""gurt @ gpP9uUffpu"" checks",2026-09-12T02:38:47.799Z,178918072779900
"Turn: 7♦, Q♦, Q♠ [8♦]",2026-09-12T02:38:47.251Z,178918072725100
"""gurt @ gpP9uUffpu"" calls 10",2026-09-12T02:38:46.429Z,178918072642900
"""9/2 @ d-4X_F_SSU"" bets 10",2026-09-12T02:38:45.174Z,178918072517400
"""gurt @ gpP9uUffpu"" checks",2026-09-12T02:38:44.254Z,178918072425400
"Flop:  [7♦, Q♦, Q♠]",2026-09-12T02:38:42.558Z,178918072255800
"""9/2 @ d-4X_F_SSU"" checks",2026-09-12T02:38:41.741Z,178918072174100
"""gurt @ gpP9uUffpu"" calls 10",2026-09-12T02:38:36.656Z,178918071665600
"""LingWae @ FQN9hzhzP_"" folds",2026-09-12T02:38:33.817Z,178918071381700
"""9/2 @ d-4X_F_SSU"" posts a big blind of 10",2026-09-12T02:38:31.749Z,178918071174906
"""gurt @ gpP9uUffpu"" posts a small blind of 5",2026-09-12T02:38:31.749Z,178918071174905
"Player stacks: #1 ""LingWae @ FQN9hzhzP_"" (333) | #8 ""gurt @ gpP9uUffpu"" (4815) | #10 ""9/2 @ d-4X_F_SSU"" (2092)",2026-09-12T02:38:31.749Z,178918071174901
"-- starting hand #255 (id: lryuoxuuhsbd)  No Limit Texas Hold'em (dealer: ""LingWae @ FQN9hzhzP_"") --",2026-09-12T02:38:31.749Z,178918071174900
"-- ending hand #254 --",2026-09-12T02:38:28.795Z,178918070879502
"""gurt @ gpP9uUffpu"" collected 25 from pot",2026-09-12T02:38:28.795Z,178918070879501
"Uncalled bet of 88 returned to ""gurt @ gpP9uUffpu""",2026-09-12T02:38:28.795Z,178918070879500
"""9/2 @ d-4X_F_SSU"" folds",2026-09-12T02:38:27.986Z,178918070798600
"""gurt @ gpP9uUffpu"" bets 88",2026-09-12T02:38:27.085Z,178918070708500
"River: 3♠, 9♦, 8♠, 8♥ [7♥]",2026-09-12T02:38:24.192Z,178918070419200
"""9/2 @ d-4X_F_SSU"" checks",2026-09-12T02:38:23.340Z,178918070334000
"""gurt @ gpP9uUffpu"" checks",2026-09-12T02:38:20.332Z,178918070033200
"Turn: 3♠, 9♦, 8♠ [8♥]",2026-09-12T02:38:19.592Z,178918069959200
"""9/2 @ d-4X_F_SSU"" checks",2026-09-12T02:38:18.703Z,178918069870300
"""gurt @ gpP9uUffpu"" checks",2026-09-12T02:38:15.268Z,178918069526800
"Flop:  [3♠, 9♦, 8♠]",2026-09-12T02:38:13.988Z,178918069398800
"""gurt @ gpP9uUffpu"" checks",2026-09-12T02:38:13.106Z,178918069310600
"""LingWae @ FQN9hzhzP_"" folds",2026-09-12T02:38:11.925Z,178918069192500
"""9/2 @ d-4X_F_SSU"" calls 10",2026-09-12T02:38:09.771Z,178918068977100
"""gurt @ gpP9uUffpu"" posts a big blind of 10",2026-09-12T02:38:08.655Z,178918068865506
"""LingWae @ FQN9hzhzP_"" posts a small blind of 5",2026-09-12T02:38:08.655Z,178918068865505
"Player stacks: #1 ""LingWae @ FQN9hzhzP_"" (338) | #8 ""gurt @ gpP9uUffpu"" (4800) | #10 ""9/2 @ d-4X_F_SSU"" (2102)",2026-09-12T02:38:08.655Z,178918068865501
"-- starting hand #254 (id: gwmhzskvcmef)  No Limit Texas Hold'em (dealer: ""9/2 @ d-4X_F_SSU"") --",2026-09-12T02:38:08.655Z,178918068865500
"""LingWae @ FQN9hzhzP_"" shows a 4♠, 5♥.",2026-09-12T02:38:05.385Z,178918068538500
"-- ending hand #253 --",2026-09-12T02:38:02.138Z,178918068213802
"""9/2 @ d-4X_F_SSU"" collected 20 from pot with Pair, 2's (combination: 9♣, J♥, Q♦, 2♦, 2♣)",2026-09-12T02:38:02.138Z,178918068213801
"""9/2 @ d-4X_F_SSU"" shows a 2♦, 4♦.",2026-09-12T02:38:02.138Z,178918068213800
"""LingWae @ FQN9hzhzP_"" checks",2026-09-12T02:38:01.238Z,178918068123800
"""9/2 @ d-4X_F_SSU"" checks",2026-09-12T02:38:00.288Z,178918068028800
"River: 7♦, 9♣, 2♣, Q♦ [J♥]",2026-09-12T02:37:59.329Z,178918067932900
"""LingWae @ FQN9hzhzP_"" checks",2026-09-12T02:37:58.466Z,178918067846600
"""9/2 @ d-4X_F_SSU"" checks",2026-09-12T02:37:57.559Z,178918067755900
"Turn: 7♦, 9♣, 2♣ [Q♦]",2026-09-12T02:37:56.929Z,178918067692900
"""LingWae @ FQN9hzhzP_"" checks",2026-09-12T02:37:56.068Z,178918067606800
"""9/2 @ d-4X_F_SSU"" checks",2026-09-12T02:37:55.003Z,178918067500300
"Flop:  [7♦, 9♣, 2♣]",2026-09-12T02:37:53.373Z,178918067337300
"""LingWae @ FQN9hzhzP_"" checks",2026-09-12T02:37:52.528Z,178918067252800
"""9/2 @ d-4X_F_SSU"" calls 10",2026-09-12T02:37:51.363Z,178918067136300
"""gurt @ gpP9uUffpu"" folds",2026-09-12T02:37:49.664Z,178918066966400
"""LingWae @ FQN9hzhzP_"" posts a big blind of 10",2026-09-12T02:37:47.684Z,178918066768406
"""9/2 @ d-4X_F_SSU"" posts a small blind of 5",2026-09-12T02:37:47.684Z,178918066768405
"Player stacks: #1 ""LingWae @ FQN9hzhzP_"" (348) | #8 ""gurt @ gpP9uUffpu"" (4800) | #10 ""9/2 @ d-4X_F_SSU"" (2092)",2026-09-12T02:37:47.684Z,178918066768401
"-- starting hand #253 (id: vonh1eoxjgtd)  No Limit Texas Hold'em (dealer: ""gurt @ gpP9uUffpu"") --",2026-09-12T02:37:47.684Z,178918066768400
"-- ending hand #252 --",2026-09-12T02:37:41.679Z,178918066167902
"""9/2 @ d-4X_F_SSU"" collected 268 from pot with Two Pair, A's & 4's (combination: 10♠, 4♣, 4♠, A♥, A♦)",2026-09-12T02:37:41.679Z,178918066167901
"""9/2 @ d-4X_F_SSU"" shows a 4♣, A♥.",2026-09-12T02:37:41.679Z,178918066167900
"""gurt @ gpP9uUffpu"" calls 40",2026-09-12T02:37:40.859Z,178918066085900
"""9/2 @ d-4X_F_SSU"" bets 40",2026-09-12T02:37:36.823Z,178918065682300
"""gurt @ gpP9uUffpu"" checks",2026-09-12T02:37:35.307Z,178918065530700
"River: A♦, 7♥, 10♠, 4♠ [2♠]",2026-09-12T02:37:34.395Z,178918065439500
"""gurt @ gpP9uUffpu"" calls 30",2026-09-12T02:37:33.569Z,178918065356900
"""9/2 @ d-4X_F_SSU"" bets 30",2026-09-12T02:37:32.091Z,178918065209100
"""gurt @ gpP9uUffpu"" checks",2026-09-12T02:37:30.358Z,178918065035800
"Turn: A♦, 7♥, 10♠ [4♠]",2026-09-12T02:37:29.748Z,178918064974800
"""gurt @ gpP9uUffpu"" calls 20",2026-09-12T02:37:28.892Z,178918064889200
"""9/2 @ d-4X_F_SSU"" bets 20",2026-09-12T02:37:27.843Z,178918064784300
"""gurt @ gpP9uUffpu"" checks",2026-09-12T02:37:22.909Z,178918064290900
"Flop:  [A♦, 7♥, 10♠]",2026-09-12T02:37:20.316Z,178918064031600
"""9/2 @ d-4X_F_SSU"" calls 44",2026-09-12T02:37:19.482Z,178918063948200
"""gurt @ gpP9uUffpu"" raises to 44",2026-09-12T02:37:18.128Z,178918063812800
"""LingWae @ FQN9hzhzP_"" folds",2026-09-12T02:37:13.902Z,178918063390200
"""9/2 @ d-4X_F_SSU"" posts a big blind of 10",2026-09-12T02:37:12.416Z,178918063241606
"""gurt @ gpP9uUffpu"" posts a small blind of 5",2026-09-12T02:37:12.416Z,178918063241605
"Player stacks: #1 ""LingWae @ FQN9hzhzP_"" (348) | #8 ""gurt @ gpP9uUffpu"" (4934) | #10 ""9/2 @ d-4X_F_SSU"" (1958)",2026-09-12T02:37:12.416Z,178918063241601
"-- starting hand #252 (id: 9qbfbuawenoe)  No Limit Texas Hold'em (dealer: ""LingWae @ FQN9hzhzP_"") --",2026-09-12T02:37:12.416Z,178918063241600
"""LingWae @ FQN9hzhzP_"" shows a 10♣.",2026-09-12T02:37:06.696Z,178918062669600
"-- ending hand #251 --",2026-09-12T02:37:05.909Z,178918062590902
"""gurt @ gpP9uUffpu"" collected 25 from pot with Pair, 10's (combination: 7♣, 9♣, Q♥, 10♥, 10♠)",2026-09-12T02:37:05.909Z,178918062590901
"""gurt @ gpP9uUffpu"" shows a Q♥, 9♣.",2026-09-12T02:37:05.909Z,178918062590900
"""9/2 @ d-4X_F_SSU"" checks",2026-09-12T02:37:05.088Z,178918062508800
"""gurt @ gpP9uUffpu"" checks",2026-09-12T02:37:04.112Z,178918062411200
"River: 10♥, 5♠, 10♠, 7♣ [4♥]",2026-09-12T02:37:03.781Z,178918062378100
"""9/2 @ d-4X_F_SSU"" checks",2026-09-12T02:37:02.965Z,178918062296500
"""gurt @ gpP9uUffpu"" checks",2026-09-12T02:37:01.984Z,178918062198400
"Turn: 10♥, 5♠, 10♠ [7♣]",2026-09-12T02:37:01.294Z,178918062129400
"""9/2 @ d-4X_F_SSU"" checks",2026-09-12T02:37:00.418Z,178918062041800
"""gurt @ gpP9uUffpu"" checks",2026-09-12T02:36:59.458Z,178918061945800
"Flop:  [10♥, 5♠, 10♠]",2026-09-12T02:36:56.806Z,178918061680600
"""gurt @ gpP9uUffpu"" checks",2026-09-12T02:36:55.976Z,178918061597600
"""LingWae @ FQN9hzhzP_"" folds",2026-09-12T02:36:53.332Z,178918061333200
"""9/2 @ d-4X_F_SSU"" calls 10",2026-09-12T02:36:47.990Z,178918060799000
"""gurt @ gpP9uUffpu"" posts a big blind of 10",2026-09-12T02:36:46.539Z,178918060653906
"""LingWae @ FQN9hzhzP_"" posts a small blind of 5",2026-09-12T02:36:46.539Z,178918060653905
"Your hand is Q♥, 9♣",2026-09-12T02:36:46.539Z,178918060653903
"Player stacks: #1 ""LingWae @ FQN9hzhzP_"" (353) | #8 ""gurt @ gpP9uUffpu"" (4919) | #10 ""9/2 @ d-4X_F_SSU"" (1968)",2026-09-12T02:36:46.539Z,178918060653901
"-- starting hand #251 (id: hcrhihucmvoo)  No Limit Texas Hold'em (dealer: ""9/2 @ d-4X_F_SSU"") --",2026-09-12T02:36:46.539Z,178918060653900
"Undealt cards: 10♣, 9♥, 2♥ [5♥, 3♠]",2026-09-12T02:36:41.379Z,178918060137900
"-- ending hand #250 --",2026-09-12T02:36:40.596Z,178918060059602
"""gurt @ gpP9uUffpu"" collected 120 from pot",2026-09-12T02:36:40.596Z,178918060059601
"Uncalled bet of 55 returned to ""gurt @ gpP9uUffpu""",2026-09-12T02:36:40.596Z,178918060059600
"""9/2 @ d-4X_F_SSU"" folds",2026-09-12T02:36:39.779Z,178918059977900
"""gurt @ gpP9uUffpu"" bets 55",2026-09-12T02:36:38.882Z,178918059888200
"""9/2 @ d-4X_F_SSU"" checks",2026-09-12T02:36:35.715Z,178918059571500
"Flop:  [10♣, 9♥, 2♥]",2026-09-12T02:36:33.951Z,178918059395100
"""LingWae @ FQN9hzhzP_"" folds",2026-09-12T02:36:33.109Z,178918059310900
"""9/2 @ d-4X_F_SSU"" calls 55",2026-09-12T02:36:32.146Z,178918059214600
"""gurt @ gpP9uUffpu"" raises to 55",2026-09-12T02:36:25.341Z,178918058534100
"""LingWae @ FQN9hzhzP_"" posts a big blind of 10",2026-09-12T02:36:23.706Z,178918058370606
"""9/2 @ d-4X_F_SSU"" posts a small blind of 5",2026-09-12T02:36:23.706Z,178918058370605
"Player stacks: #1 ""LingWae @ FQN9hzhzP_"" (363) | #8 ""gurt @ gpP9uUffpu"" (4854) | #10 ""9/2 @ d-4X_F_SSU"" (2023)",2026-09-12T02:36:23.706Z,178918058370601
"-- starting hand #250 (id: jwgwhvlblqzy)  No Limit Texas Hold'em (dealer: ""gurt @ gpP9uUffpu"") --",2026-09-12T02:36:23.706Z,178918058370600
"Undealt cards:  [A♣, 8♥, K♥, K♠, 4♥]",2026-09-12T02:36:18.028Z,178918057802800
"-- ending hand #249 --",2026-09-12T02:36:17.787Z,178918057778702
"""9/2 @ d-4X_F_SSU"" collected 10 from pot",2026-09-12T02:36:17.787Z,178918057778701
"Uncalled bet of 5 returned to ""9/2 @ d-4X_F_SSU""",2026-09-12T02:36:17.787Z,178918057778700
"""gurt @ gpP9uUffpu"" folds",2026-09-12T02:36:16.958Z,178918057695800
"""LingWae @ FQN9hzhzP_"" folds",2026-09-12T02:36:15.112Z,178918057511200
"""9/2 @ d-4X_F_SSU"" posts a big blind of 10",2026-09-12T02:36:13.635Z,178918057363506
"""gurt @ gpP9uUffpu"" posts a small blind of 5",2026-09-12T02:36:13.635Z,178918057363505
"Player stacks: #1 ""LingWae @ FQN9hzhzP_"" (363) | #8 ""gurt @ gpP9uUffpu"" (4859) | #10 ""9/2 @ d-4X_F_SSU"" (2018)",2026-09-12T02:36:13.635Z,178918057363501
"-- starting hand #249 (id: efh86btc7xfs)  No Limit Texas Hold'em (dealer: ""LingWae @ FQN9hzhzP_"") --",2026-09-12T02:36:13.635Z,178918057363500
"""LingWae @ FQN9hzhzP_"" shows a 6♦, 7♦.",2026-09-12T02:36:08.758Z,178918056875800
"Undealt cards: A♣, 9♦, K♥ [3♠, 2♠]",2026-09-12T02:36:07.543Z,178918056754300
"""gurt @ gpP9uUffpu"" shows a A♦.",2026-09-12T02:36:06.638Z,178918056663800
"-- ending hand #248 --",2026-09-12T02:36:06.296Z,178918056629601
"""gurt @ gpP9uUffpu"" collected 120 from pot",2026-09-12T02:36:06.296Z,178918056629600
"""LingWae @ FQN9hzhzP_"" folds",2026-09-12T02:36:05.435Z,178918056543500
"Flop:  [A♣, 9♦, K♥]",2026-09-12T02:36:01.853Z,178918056185300
"""LingWae @ FQN9hzhzP_"" calls 55",2026-09-12T02:36:00.910Z,178918056091000
"""9/2 @ d-4X_F_SSU"" folds",2026-09-12T02:35:56.412Z,178918055641200
"""gurt @ gpP9uUffpu"" raises to 55",2026-09-12T02:35:50.680Z,178918055068000
"""LingWae @ FQN9hzhzP_"" calls 10",2026-09-12T02:35:49.172Z,178918054917200
"""9/2 @ d-4X_F_SSU"" calls 10",2026-09-12T02:35:46.818Z,178918054681800
"""gurt @ gpP9uUffpu"" posts a big blind of 10",2026-09-12T02:35:35.379Z,178918053537906
"""LingWae @ FQN9hzhzP_"" posts a small blind of 5",2026-09-12T02:35:35.379Z,178918053537905
"Player stacks: #1 ""LingWae @ FQN9hzhzP_"" (418) | #8 ""gurt @ gpP9uUffpu"" (4794) | #10 ""9/2 @ d-4X_F_SSU"" (2028)",2026-09-12T02:35:35.379Z,178918053537901
"-- starting hand #248 (id: szxv9vimrtso)  No Limit Texas Hold'em (dealer: ""9/2 @ d-4X_F_SSU"") --",2026-09-12T02:35:35.379Z,178918053537900
"Undealt cards: 4♠, 4♥, Q♠ [A♦, 2♣]",2026-09-12T02:35:29.671Z,178918052967100
"-- ending hand #247 --",2026-09-12T02:35:29.455Z,178918052945502
"""LingWae @ FQN9hzhzP_"" collected 93 from pot",2026-09-12T02:35:29.455Z,178918052945501
"Uncalled bet of 325 returned to ""LingWae @ FQN9hzhzP_""",2026-09-12T02:35:29.455Z,178918052945500
"""gurt @ gpP9uUffpu"" folds",2026-09-12T02:35:28.588Z,178918052858800
"""LingWae @ FQN9hzhzP_"" bets 325 and go all in",2026-09-12T02:35:26.524Z,178918052652400
"Flop:  [4♠, 4♥, Q♠]",2026-09-12T02:35:23.538Z,178918052353800
"""LingWae @ FQN9hzhzP_"" calls 44",2026-09-12T02:35:22.671Z,178918052267100
"""9/2 @ d-4X_F_SSU"" folds",2026-09-12T02:35:07.176Z,178918050717600
"""gurt @ gpP9uUffpu"" raises to 44",2026-09-12T02:35:00.563Z,178918050056300
"""LingWae @ FQN9hzhzP_"" posts a big blind of 10",2026-09-12T02:34:58.173Z,178918049817306
"""9/2 @ d-4X_F_SSU"" posts a small blind of 5",2026-09-12T02:34:58.173Z,178918049817305
"Player stacks: #1 ""LingWae @ FQN9hzhzP_"" (369) | #8 ""gurt @ gpP9uUffpu"" (4838) | #10 ""9/2 @ d-4X_F_SSU"" (2033)",2026-09-12T02:34:58.173Z,178918049817301
"-- starting hand #247 (id: vdxnsegkxjls)  No Limit Texas Hold'em (dealer: ""gurt @ gpP9uUffpu"") --",2026-09-12T02:34:58.173Z,178918049817300
"""gurt @ gpP9uUffpu"" shows a K♥.",2026-09-12T02:34:54.726Z,178918049472600
"""LingWae @ FQN9hzhzP_"" shows a A♥.",2026-09-12T02:34:52.566Z,178918049256600
"Undealt cards: 8♥, K♣, 4♥, 9♦ [9♠]",2026-09-12T02:34:52.233Z,178918049223300
"""LingWae @ FQN9hzhzP_"" shows a 6♦.",2026-09-12T02:34:51.962Z,178918049196200
"-- ending hand #246 --",2026-09-12T02:34:50.846Z,178918049084602
"""gurt @ gpP9uUffpu"" collected 98 from pot",2026-09-12T02:34:50.846Z,178918049084601
"Uncalled bet of 44 returned to ""gurt @ gpP9uUffpu""",2026-09-12T02:34:50.846Z,178918049084600
"""LingWae @ FQN9hzhzP_"" folds",2026-09-12T02:34:50.025Z,178918049002500
"""gurt @ gpP9uUffpu"" bets 44",2026-09-12T02:34:48.962Z,178918048896200
"Turn: 8♥, K♣, 4♥ [9♦]",2026-09-12T02:34:46.848Z,178918048684800
"""LingWae @ FQN9hzhzP_"" checks",2026-09-12T02:34:46.010Z,178918048601000
"""gurt @ gpP9uUffpu"" checks",2026-09-12T02:34:44.974Z,178918048497400
"Flop:  [8♥, K♣, 4♥]",2026-09-12T02:34:42.178Z,178918048217800
"""LingWae @ FQN9hzhzP_"" calls 44",2026-09-12T02:34:41.328Z,178918048132800
"""9/2 @ d-4X_F_SSU"" folds",2026-09-12T02:34:39.381Z,178918047938100
"""gurt @ gpP9uUffpu"" raises to 44",2026-09-12T02:34:23.035Z,178918046303500
"""LingWae @ FQN9hzhzP_"" calls 10",2026-09-12T02:34:21.530Z,178918046153000
"""9/2 @ d-4X_F_SSU"" posts a big blind of 10",2026-09-12T02:34:14.499Z,178918045449906
"""gurt @ gpP9uUffpu"" posts a small blind of 5",2026-09-12T02:34:14.499Z,178918045449905
"Player stacks: #1 ""LingWae @ FQN9hzhzP_"" (413) | #8 ""gurt @ gpP9uUffpu"" (4784) | #10 ""9/2 @ d-4X_F_SSU"" (2043)",2026-09-12T02:34:14.499Z,178918045449901
"-- starting hand #246 (id: zk0ei6ujupdf)  No Limit Texas Hold'em (dealer: ""LingWae @ FQN9hzhzP_"") --",2026-09-12T02:34:14.499Z,178918045449900
"""9/2 @ d-4X_F_SSU"" shows a 10♥.",2026-09-12T02:34:10.151Z,178918045015100
"""9/2 @ d-4X_F_SSU"" shows a 5♥.",2026-09-12T02:34:09.582Z,178918044958200
"Undealt cards: 2♣, 8♣, 10♠ [5♣, J♠]",2026-09-12T02:34:09.405Z,178918044940500
"""LingWae @ FQN9hzhzP_"" shows a 10♣, 8♦.",2026-09-12T02:34:08.111Z,178918044811100
"-- ending hand #245 --",2026-09-12T02:34:07.153Z,178918044715302
"""LingWae @ FQN9hzhzP_"" collected 132 from pot",2026-09-12T02:34:07.153Z,178918044715301
"Uncalled bet of 281 returned to ""LingWae @ FQN9hzhzP_""",2026-09-12T02:34:07.153Z,178918044715300
"""9/2 @ d-4X_F_SSU"" folds",2026-09-12T02:34:06.331Z,178918044633100
"""gurt @ gpP9uUffpu"" folds",2026-09-12T02:33:53.138Z,178918043313800
"""LingWae @ FQN9hzhzP_"" bets 281 and go all in",2026-09-12T02:33:49.055Z,178918042905500
"Flop:  [2♣, 8♣, 10♠]",2026-09-12T02:33:45.923Z,178918042592300
"""LingWae @ FQN9hzhzP_"" calls 44",2026-09-12T02:33:45.106Z,178918042510600
"""9/2 @ d-4X_F_SSU"" calls 44",2026-09-12T02:33:42.719Z,178918042271900
"""gurt @ gpP9uUffpu"" raises to 44",2026-09-12T02:33:41.257Z,178918042125700
"""LingWae @ FQN9hzhzP_"" calls 10",2026-09-12T02:33:38.463Z,178918041846300
"""9/2 @ d-4X_F_SSU"" calls 10",2026-09-12T02:33:28.235Z,178918040823500
"""gurt @ gpP9uUffpu"" posts a big blind of 10",2026-09-12T02:33:27.268Z,178918040726806
"""LingWae @ FQN9hzhzP_"" posts a small blind of 5",2026-09-12T02:33:27.268Z,178918040726805
"Player stacks: #1 ""LingWae @ FQN9hzhzP_"" (325) | #8 ""gurt @ gpP9uUffpu"" (4828) | #10 ""9/2 @ d-4X_F_SSU"" (2087)",2026-09-12T02:33:27.268Z,178918040726801
"-- starting hand #245 (id: ikevmgmk9h53)  No Limit Texas Hold'em (dealer: ""9/2 @ d-4X_F_SSU"") --",2026-09-12T02:33:27.268Z,178918040726800
"Undealt cards: J♠, K♣, Q♠ [J♥, 7♣]",2026-09-12T02:33:21.474Z,178918040147400
"-- ending hand #244 --",2026-09-12T02:33:21.337Z,178918040133702
"""LingWae @ FQN9hzhzP_"" collected 30 from pot",2026-09-12T02:33:21.337Z,178918040133701
"Uncalled bet of 295 returned to ""LingWae @ FQN9hzhzP_""",2026-09-12T02:33:21.337Z,178918040133700
"""9/2 @ d-4X_F_SSU"" folds",2026-09-12T02:33:20.515Z,178918040051500
"""gurt @ gpP9uUffpu"" folds",2026-09-12T02:33:19.498Z,178918039949800
"""LingWae @ FQN9hzhzP_"" bets 295 and go all in",2026-09-12T02:33:18.337Z,178918039833700
"""9/2 @ d-4X_F_SSU"" checks",2026-09-12T02:33:16.470Z,178918039647000
"Flop:  [J♠, K♣, Q♠]",2026-09-12T02:33:10.160Z,178918039016000
"""LingWae @ FQN9hzhzP_"" checks",2026-09-12T02:33:09.343Z,178918038934300
"""9/2 @ d-4X_F_SSU"" calls 10",2026-09-12T02:33:08.167Z,178918038816700
"""gurt @ gpP9uUffpu"" calls 10",2026-09-12T02:32:57.928Z,178918037792800
"""LingWae @ FQN9hzhzP_"" posts a big blind of 10",2026-09-12T02:32:56.300Z,178918037630006
"""9/2 @ d-4X_F_SSU"" posts a small blind of 5",2026-09-12T02:32:56.300Z,178918037630005
"Player stacks: #1 ""LingWae @ FQN9hzhzP_"" (305) | #8 ""gurt @ gpP9uUffpu"" (4838) | #10 ""9/2 @ d-4X_F_SSU"" (2097)",2026-09-12T02:32:56.300Z,178918037630001
"-- starting hand #244 (id: l4ejtwsb6qb3)  No Limit Texas Hold'em (dealer: ""gurt @ gpP9uUffpu"") --",2026-09-12T02:32:56.300Z,178918037630000
"Undealt cards:  [J♥, 2♦, 6♠, 3♦, 6♥]",2026-09-12T02:32:50.949Z,178918037094900
"-- ending hand #243 --",2026-09-12T02:32:50.391Z,178918037039102
"""9/2 @ d-4X_F_SSU"" collected 20 from pot",2026-09-12T02:32:50.391Z,178918037039101
"Uncalled bet of 30 returned to ""9/2 @ d-4X_F_SSU""",2026-09-12T02:32:50.391Z,178918037039100
"""gurt @ gpP9uUffpu"" folds",2026-09-12T02:32:49.584Z,178918036958400
"""9/2 @ d-4X_F_SSU"" raises to 40",2026-09-12T02:32:47.437Z,178918036743700
"""gurt @ gpP9uUffpu"" calls 10",2026-09-12T02:32:37.097Z,178918035709700
"""LingWae @ FQN9hzhzP_"" folds",2026-09-12T02:32:35.744Z,178918035574400
"""9/2 @ d-4X_F_SSU"" posts a big blind of 10",2026-09-12T02:32:33.581Z,178918035358106
"""gurt @ gpP9uUffpu"" posts a small blind of 5",2026-09-12T02:32:33.581Z,178918035358105
"Player stacks: #1 ""LingWae @ FQN9hzhzP_"" (305) | #8 ""gurt @ gpP9uUffpu"" (4848) | #10 ""9/2 @ d-4X_F_SSU"" (2087)",2026-09-12T02:32:33.581Z,178918035358101
"-- starting hand #243 (id: gorxyrf7mmvl)  No Limit Texas Hold'em (dealer: ""LingWae @ FQN9hzhzP_"") --",2026-09-12T02:32:33.581Z,178918035358100
"Undealt cards:  [3♦, A♥, K♣, 7♠, 5♠]",2026-09-12T02:32:28.686Z,178918034868600
"-- ending hand #242 --",2026-09-12T02:32:27.579Z,178918034757901
"""9/2 @ d-4X_F_SSU"" collected 25 from pot",2026-09-12T02:32:27.579Z,178918034757900
"""gurt @ gpP9uUffpu"" folds",2026-09-12T02:32:26.685Z,178918034668500
"""LingWae @ FQN9hzhzP_"" folds",2026-09-12T02:32:24.764Z,178918034476400
"""9/2 @ d-4X_F_SSU"" calls 10",2026-09-12T02:32:23.579Z,178918034357900
"""gurt @ gpP9uUffpu"" posts a big blind of 10",2026-09-12T02:32:22.265Z,178918034226506
"""LingWae @ FQN9hzhzP_"" posts a small blind of 5",2026-09-12T02:32:22.265Z,178918034226505
"Player stacks: #1 ""LingWae @ FQN9hzhzP_"" (310) | #8 ""gurt @ gpP9uUffpu"" (4858) | #10 ""9/2 @ d-4X_F_SSU"" (2072)",2026-09-12T02:32:22.265Z,178918034226501
"-- starting hand #242 (id: 9kyktshalvfn)  No Limit Texas Hold'em (dealer: ""9/2 @ d-4X_F_SSU"") --",2026-09-12T02:32:22.265Z,178918034226500
"""9/2 @ d-4X_F_SSU"" shows a 4♥.",2026-09-12T02:32:20.614Z,178918034061400
"""9/2 @ d-4X_F_SSU"" shows a 10♠.",2026-09-12T02:32:17.315Z,178918033731500
"""LingWae @ FQN9hzhzP_"" shows a 4♠, 4♣.",2026-09-12T02:32:17.271Z,178918033727100
"Undealt cards:  [5♥, 10♣, 10♦, Q♦, 2♠]",2026-09-12T02:32:15.115Z,178918033511500
"-- ending hand #241 --",2026-09-12T02:32:14.957Z,178918033495702
"""LingWae @ FQN9hzhzP_"" collected 30 from pot",2026-09-12T02:32:14.957Z,178918033495701
"Uncalled bet of 280 returned to ""LingWae @ FQN9hzhzP_""",2026-09-12T02:32:14.957Z,178918033495700
"""9/2 @ d-4X_F_SSU"" folds",2026-09-12T02:32:14.082Z,178918033408200
"""gurt @ gpP9uUffpu"" folds",2026-09-12T02:32:13.119Z,178918033311900
"""LingWae @ FQN9hzhzP_"" raises to 290 and go all in",2026-09-12T02:32:11.663Z,178918033166300
"""9/2 @ d-4X_F_SSU"" calls 10",2026-09-12T02:32:09.082Z,178918032908200
"""gurt @ gpP9uUffpu"" calls 10",2026-09-12T02:32:07.288Z,178918032728800
"""LingWae @ FQN9hzhzP_"" posts a big blind of 10",2026-09-12T02:32:05.150Z,178918032515006
"""9/2 @ d-4X_F_SSU"" posts a small blind of 5",2026-09-12T02:32:05.150Z,178918032515005
"Player stacks: #1 ""LingWae @ FQN9hzhzP_"" (290) | #8 ""gurt @ gpP9uUffpu"" (4868) | #10 ""9/2 @ d-4X_F_SSU"" (2082)",2026-09-12T02:32:05.150Z,178918032515001
"-- starting hand #241 (id: mgxokbcpdki8)  No Limit Texas Hold'em (dealer: ""gurt @ gpP9uUffpu"") --",2026-09-12T02:32:05.150Z,178918032515000
"-- ending hand #240 --",2026-09-12T02:31:57.059Z,178918031705902
"""LingWae @ FQN9hzhzP_"" collected 145 from pot with Three of a Kind, 9's on the second run  (combination: 5♣, 7♦, 9♦, 9♣, 9♥)",2026-09-12T02:31:57.059Z,178918031705901
"""LingWae @ FQN9hzhzP_"" collected 145 from pot with Three of a Kind, 9's (combination: 10♦, J♣, 9♦, 9♣, 9♥)",2026-09-12T02:31:57.059Z,178918031705900
"River (second run): 9♣, 3♠, 9♥, 5♣ [4♦]",2026-09-12T02:31:53.057Z,178918031305700
"Turn (second run): 9♣, 3♠, 9♥ [5♣]",2026-09-12T02:31:49.002Z,178918030900200
"River: 9♣, 3♠, 9♥, J♣ [10♦]",2026-09-12T02:31:44.941Z,178918030494100
"Turn: 9♣, 3♠, 9♥ [J♣]",2026-09-12T02:31:40.937Z,178918030093700
"""9/2 @ d-4X_F_SSU"" shows a 5♠, Q♠.",2026-09-12T02:31:36.934Z,178918029693401
"""LingWae @ FQN9hzhzP_"" shows a 9♦, 7♦.",2026-09-12T02:31:36.934Z,178918029693400
"All players in hand choose to run it twice.",2026-09-12T02:31:36.059Z,178918029605901
"""9/2 @ d-4X_F_SSU"" chooses to  run it twice.",2026-09-12T02:31:36.059Z,178918029605900
"""LingWae @ FQN9hzhzP_"" chooses to  run it twice.",2026-09-12T02:31:30.520Z,178918029052000
"Remaining players decide whether to run it twice.",2026-09-12T02:31:28.963Z,178918028896301
"""9/2 @ d-4X_F_SSU"" calls 100",2026-09-12T02:31:28.963Z,178918028896300
"""gurt @ gpP9uUffpu"" folds",2026-09-12T02:31:24.651Z,178918028465100
"""LingWae @ FQN9hzhzP_"" bets 100 and go all in",2026-09-12T02:31:20.280Z,178918028028000
"""9/2 @ d-4X_F_SSU"" checks",2026-09-12T02:31:18.409Z,178918027840900
"""gurt @ gpP9uUffpu"" checks",2026-09-12T02:31:16.163Z,178918027616300
"Flop:  [9♣, 3♠, 9♥]",2026-09-12T02:31:14.420Z,178918027442000
"""gurt @ gpP9uUffpu"" calls 30",2026-09-12T02:31:13.599Z,178918027359900
"""LingWae @ FQN9hzhzP_"" calls 30",2026-09-12T02:31:11.347Z,178918027134700
"""9/2 @ d-4X_F_SSU"" raises to 30",2026-09-12T02:30:56.718Z,178918025671800
"""gurt @ gpP9uUffpu"" calls 10",2026-09-12T02:30:52.503Z,178918025250300
"""LingWae @ FQN9hzhzP_"" calls 10",2026-09-12T02:30:50.769Z,178918025076900
"""9/2 @ d-4X_F_SSU"" posts a big blind of 10",2026-09-12T02:30:47.772Z,178918024777206
"""gurt @ gpP9uUffpu"" posts a small blind of 5",2026-09-12T02:30:47.772Z,178918024777205
"Player stacks: #1 ""LingWae @ FQN9hzhzP_"" (130) | #8 ""gurt @ gpP9uUffpu"" (4898) | #10 ""9/2 @ d-4X_F_SSU"" (2212)",2026-09-12T02:30:47.772Z,178918024777201
"-- starting hand #240 (id: qzujt8vcv968)  No Limit Texas Hold'em (dealer: ""LingWae @ FQN9hzhzP_"") --",2026-09-12T02:30:47.772Z,178918024777200
"-- ending hand #239 --",2026-09-12T02:30:44.846Z,178918024484602
"""gurt @ gpP9uUffpu"" collected 137 from pot",2026-09-12T02:30:44.846Z,178918024484601
"Uncalled bet of 33 returned to ""gurt @ gpP9uUffpu""",2026-09-12T02:30:44.846Z,178918024484600
"""9/2 @ d-4X_F_SSU"" folds",2026-09-12T02:30:44.027Z,178918024402700
"""gurt @ gpP9uUffpu"" bets 33",2026-09-12T02:30:40.521Z,178918024052100
"River: 6♦, 3♠, K♥, 10♥ [3♦]",2026-09-12T02:30:39.846Z,178918023984600
"""9/2 @ d-4X_F_SSU"" calls 33",2026-09-12T02:30:39.020Z,178918023902000
"""gurt @ gpP9uUffpu"" bets 33",2026-09-12T02:30:37.691Z,178918023769100
"Turn: 6♦, 3♠, K♥ [10♥]",2026-09-12T02:30:36.659Z,178918023665900
"""9/2 @ d-4X_F_SSU"" checks",2026-09-12T02:30:35.846Z,178918023584600
"""gurt @ gpP9uUffpu"" checks",2026-09-12T02:30:34.938Z,178918023493800
"Flop:  [6♦, 3♠, K♥]",2026-09-12T02:30:32.716Z,178918023271600
"""9/2 @ d-4X_F_SSU"" calls 33",2026-09-12T02:30:31.887Z,178918023188700
"""gurt @ gpP9uUffpu"" raises to 33",2026-09-12T02:30:30.965Z,178918023096500
"""LingWae @ FQN9hzhzP_"" folds",2026-09-12T02:30:28.972Z,178918022897200
"""9/2 @ d-4X_F_SSU"" calls 10",2026-09-12T02:30:27.903Z,178918022790300
"""gurt @ gpP9uUffpu"" posts a big blind of 10",2026-09-12T02:30:26.759Z,178918022675906
"""LingWae @ FQN9hzhzP_"" posts a small blind of 5",2026-09-12T02:30:26.759Z,178918022675905
"Player stacks: #1 ""LingWae @ FQN9hzhzP_"" (135) | #8 ""gurt @ gpP9uUffpu"" (4827) | #10 ""9/2 @ d-4X_F_SSU"" (2278)",2026-09-12T02:30:26.759Z,178918022675901
"-- starting hand #239 (id: 2flj5kocvjmj)  No Limit Texas Hold'em (dealer: ""9/2 @ d-4X_F_SSU"") --",2026-09-12T02:30:26.759Z,178918022675900
"Undealt cards:  [5♦, 4♣, 3♦, 3♥, Q♠]",2026-09-12T02:30:21.437Z,178918022143700
"-- ending hand #238 --",2026-09-12T02:30:20.840Z,178918022084002
"""9/2 @ d-4X_F_SSU"" collected 30 from pot",2026-09-12T02:30:20.840Z,178918022084001
"Uncalled bet of 135 returned to ""9/2 @ d-4X_F_SSU""",2026-09-12T02:30:20.840Z,178918022084000
"""gurt @ gpP9uUffpu"" folds",2026-09-12T02:30:19.983Z,178918021998300
"""LingWae @ FQN9hzhzP_"" folds",2026-09-12T02:30:18.415Z,178918021841500
"""9/2 @ d-4X_F_SSU"" raises to 145",2026-09-12T02:30:17.082Z,178918021708200
"""gurt @ gpP9uUffpu"" calls 10",2026-09-12T02:30:14.382Z,178918021438200
"""LingWae @ FQN9hzhzP_"" posts a big blind of 10",2026-09-12T02:30:13.231Z,178918021323106
"""9/2 @ d-4X_F_SSU"" posts a small blind of 5",2026-09-12T02:30:13.231Z,178918021323105
"Player stacks: #1 ""LingWae @ FQN9hzhzP_"" (145) | #8 ""gurt @ gpP9uUffpu"" (4837) | #10 ""9/2 @ d-4X_F_SSU"" (2258)",2026-09-12T02:30:13.231Z,178918021323101
"-- starting hand #238 (id: dubdezgwe6hk)  No Limit Texas Hold'em (dealer: ""gurt @ gpP9uUffpu"") --",2026-09-12T02:30:13.231Z,178918021323100
"-- ending hand #237 --",2026-09-12T02:30:05.198Z,178918020519802
"""LingWae @ FQN9hzhzP_"" collected 72 from pot with Flush, K High on the second run  (combination: 2♣, 8♣, 10♣, J♣, K♣)",2026-09-12T02:30:05.198Z,178918020519801
"""LingWae @ FQN9hzhzP_"" collected 73 from pot with Two Pair, K's & 3's (combination: J♣, 3♥, 3♦, K♣, K♠)",2026-09-12T02:30:05.198Z,178918020519800
"River (second run): 3♠, 7♥, 10♣, 2♣ [8♣]",2026-09-12T02:30:01.143Z,178918020114300
"Turn (second run): 3♠, 7♥, 10♣ [2♣]",2026-09-12T02:29:57.099Z,178918019709900
"Flop (second run):  [3♠, 7♥, 10♣]",2026-09-12T02:29:53.076Z,178918019307600
"River: 3♥, 6♣, 9♠, 3♦ [K♠]",2026-09-12T02:29:49.061Z,178918018906100
"Turn: 3♥, 6♣, 9♠ [3♦]",2026-09-12T02:29:44.965Z,178918018496500
"Flop:  [3♥, 6♣, 9♠]",2026-09-12T02:29:40.887Z,178918018088700
"""9/2 @ d-4X_F_SSU"" shows a 9♣, J♥.",2026-09-12T02:29:36.858Z,178918017685801
"""LingWae @ FQN9hzhzP_"" shows a J♣, K♣.",2026-09-12T02:29:36.858Z,178918017685800
"All players in hand choose to run it twice.",2026-09-12T02:29:36.053Z,178918017605301
"""LingWae @ FQN9hzhzP_"" chooses to  run it twice.",2026-09-12T02:29:36.053Z,178918017605300
"""9/2 @ d-4X_F_SSU"" chooses to  run it twice.",2026-09-12T02:29:35.850Z,178918017585000
"Remaining players decide whether to run it twice.",2026-09-12T02:29:35.123Z,178918017512301
"""9/2 @ d-4X_F_SSU"" calls 70",2026-09-12T02:29:35.123Z,178918017512300
"""gurt @ gpP9uUffpu"" folds",2026-09-12T02:29:34.278Z,178918017427800
"""LingWae @ FQN9hzhzP_"" raises to 70 and go all in",2026-09-12T02:29:32.671Z,178918017267100
"""9/2 @ d-4X_F_SSU"" posts a big blind of 10",2026-09-12T02:29:31.022Z,178918017102206
"""gurt @ gpP9uUffpu"" posts a small blind of 5",2026-09-12T02:29:31.022Z,178918017102205
"Player stacks: #1 ""LingWae @ FQN9hzhzP_"" (70) | #8 ""gurt @ gpP9uUffpu"" (4842) | #10 ""9/2 @ d-4X_F_SSU"" (2328)",2026-09-12T02:29:31.022Z,178918017102201
"-- starting hand #237 (id: zxwawzl5fdpk)  No Limit Texas Hold'em (dealer: ""LingWae @ FQN9hzhzP_"") --",2026-09-12T02:29:31.022Z,178918017102200
"-- ending hand #236 --",2026-09-12T02:29:23.013Z,178918016301302
"""LingWae @ FQN9hzhzP_"" collected 70 from pot with Two Pair, 6's & 2's on the second run  (combination: A♣, 2♣, 2♥, 6♦, 6♥)",2026-09-12T02:29:23.013Z,178918016301301
"""gurt @ gpP9uUffpu"" collected 70 from pot with Pair, K's (combination: 9♠, Q♦, A♥, K♠, K♦)",2026-09-12T02:29:23.013Z,178918016301300
"River (second run): Q♥, 2♣, 10♥, 2♥ [A♣]",2026-09-12T02:29:18.931Z,178918015893100
"Turn (second run): Q♥, 2♣, 10♥ [2♥]",2026-09-12T02:29:14.871Z,178918015487100
"Flop (second run):  [Q♥, 2♣, 10♥]",2026-09-12T02:29:10.845Z,178918015084500
"River: K♦, A♥, 3♥, Q♦ [7♥]",2026-09-12T02:29:06.808Z,178918014680800
"Turn: K♦, A♥, 3♥ [Q♦]",2026-09-12T02:29:02.706Z,178918014270600
"Flop:  [K♦, A♥, 3♥]",2026-09-12T02:28:58.677Z,178918013867700
"""LingWae @ FQN9hzhzP_"" shows a 6♦, 6♥.",2026-09-12T02:28:54.633Z,178918013463300
"""gurt @ gpP9uUffpu"" shows a 9♠, K♠.",2026-09-12T02:28:54.194Z,178918013419400
"All players in hand choose to run it twice.",2026-09-12T02:28:53.784Z,178918013378401
"""LingWae @ FQN9hzhzP_"" chooses to  run it twice.",2026-09-12T02:28:53.784Z,178918013378400
"""gurt @ gpP9uUffpu"" chooses to  run it twice.",2026-09-12T02:28:53.011Z,178918013301100
"Remaining players decide whether to run it twice.",2026-09-12T02:28:52.553Z,178918013255301
"""gurt @ gpP9uUffpu"" calls 70",2026-09-12T02:28:52.553Z,178918013255300
"""LingWae @ FQN9hzhzP_"" raises to 70 and go all in",2026-09-12T02:28:51.665Z,178918013166500
"""9/2 @ d-4X_F_SSU"" folds",2026-09-12T02:28:49.972Z,178918012997200
"""gurt @ gpP9uUffpu"" posts a big blind of 10",2026-09-12T02:28:48.934Z,178918012893406
"""LingWae @ FQN9hzhzP_"" posts a small blind of 5",2026-09-12T02:28:48.934Z,178918012893405
"Your hand is 9♠, K♠",2026-09-12T02:28:48.934Z,178918012893403
"Player stacks: #1 ""LingWae @ FQN9hzhzP_"" (70) | #8 ""gurt @ gpP9uUffpu"" (4842) | #10 ""9/2 @ d-4X_F_SSU"" (2328)",2026-09-12T02:28:48.934Z,178918012893401
"-- starting hand #236 (id: zexi8rrzfj8m)  No Limit Texas Hold'em (dealer: ""9/2 @ d-4X_F_SSU"") --",2026-09-12T02:28:48.934Z,178918012893400
"""gurt @ gpP9uUffpu"" shows a 6♣, 2♥.",2026-09-12T02:28:47.001Z,178918012700100
"Undealt cards: K♥, 9♦, A♠ [J♥, 5♠]",2026-09-12T02:28:45.492Z,178918012549200
"-- ending hand #235 --",2026-09-12T02:28:42.272Z,178918012227202
"""gurt @ gpP9uUffpu"" collected 30 from pot",2026-09-12T02:28:42.272Z,178918012227201
"Uncalled bet of 70 returned to ""gurt @ gpP9uUffpu""",2026-09-12T02:28:42.272Z,178918012227200
"""LingWae @ FQN9hzhzP_"" folds",2026-09-12T02:28:41.464Z,178918012146400
"""9/2 @ d-4X_F_SSU"" folds",2026-09-12T02:28:40.574Z,178918012057400
"""gurt @ gpP9uUffpu"" bets 70",2026-09-12T02:28:39.688Z,178918011968800
"""LingWae @ FQN9hzhzP_"" checks",2026-09-12T02:28:37.893Z,178918011789300
"""9/2 @ d-4X_F_SSU"" checks",2026-09-12T02:28:36.610Z,178918011661000
"Flop:  [K♥, 9♦, A♠]",2026-09-12T02:28:35.663Z,178918011566300
"""LingWae @ FQN9hzhzP_"" checks",2026-09-12T02:28:34.841Z,178918011484100
"""9/2 @ d-4X_F_SSU"" calls 10",2026-09-12T02:28:33.918Z,178918011391800
"""gurt @ gpP9uUffpu"" calls 10",2026-09-12T02:28:30.061Z,178918011006100
"""LingWae @ FQN9hzhzP_"" posts a big blind of 10",2026-09-12T02:28:27.775Z,178918010777506
"""9/2 @ d-4X_F_SSU"" posts a small blind of 5",2026-09-12T02:28:27.775Z,178918010777505
"Your hand is 6♣, 2♥",2026-09-12T02:28:27.775Z,178918010777503
"Player stacks: #1 ""LingWae @ FQN9hzhzP_"" (80) | #8 ""gurt @ gpP9uUffpu"" (4822) | #10 ""9/2 @ d-4X_F_SSU"" (2338)",2026-09-12T02:28:27.775Z,178918010777501
"-- starting hand #235 (id: bicz6fhldfi3)  No Limit Texas Hold'em (dealer: ""gurt @ gpP9uUffpu"") --",2026-09-12T02:28:27.775Z,178918010777500
"-- ending hand #234 --",2026-09-12T02:28:24.857Z,178918010485702
"""gurt @ gpP9uUffpu"" collected 30 from pot",2026-09-12T02:28:24.857Z,178918010485701
"Uncalled bet of 80 returned to ""gurt @ gpP9uUffpu""",2026-09-12T02:28:24.857Z,178918010485700
"""LingWae @ FQN9hzhzP_"" folds",2026-09-12T02:28:24.046Z,178918010404600
"""9/2 @ d-4X_F_SSU"" folds",2026-09-12T02:28:23.102Z,178918010310200
"""gurt @ gpP9uUffpu"" bets 80",2026-09-12T02:28:22.198Z,178918010219800
"River: 3♠, K♥, K♠, 2♥ [A♦]",2026-09-12T02:28:19.454Z,178918009945400
"""LingWae @ FQN9hzhzP_"" checks",2026-09-12T02:28:18.646Z,178918009864600
"""9/2 @ d-4X_F_SSU"" checks",2026-09-12T02:28:17.271Z,178918009727100
"""gurt @ gpP9uUffpu"" checks",2026-09-12T02:28:16.396Z,178918009639600
"Turn: 3♠, K♥, K♠ [2♥]",2026-09-12T02:28:15.743Z,178918009574300
"""LingWae @ FQN9hzhzP_"" checks",2026-09-12T02:28:14.890Z,178918009489000
"""9/2 @ d-4X_F_SSU"" checks",2026-09-12T02:28:13.390Z,178918009339000
"""gurt @ gpP9uUffpu"" checks",2026-09-12T02:28:12.463Z,178918009246300
"Flop:  [3♠, K♥, K♠]",2026-09-12T02:28:10.539Z,178918009053900
"""9/2 @ d-4X_F_SSU"" checks",2026-09-12T02:28:09.670Z,178918008967000
"""gurt @ gpP9uUffpu"" calls 10",2026-09-12T02:28:04.747Z,178918008474700
"""LingWae @ FQN9hzhzP_"" calls 10",2026-09-12T02:28:02.199Z,178918008219900
"""9/2 @ d-4X_F_SSU"" posts a big blind of 10",2026-09-12T02:27:59.666Z,178918007966606
"""gurt @ gpP9uUffpu"" posts a small blind of 5",2026-09-12T02:27:59.666Z,178918007966605
"Player stacks: #1 ""LingWae @ FQN9hzhzP_"" (90) | #8 ""gurt @ gpP9uUffpu"" (4802) | #10 ""9/2 @ d-4X_F_SSU"" (2348)",2026-09-12T02:27:59.666Z,178918007966601
"-- starting hand #234 (id: nhftozibi2mx)  No Limit Texas Hold'em (dealer: ""LingWae @ FQN9hzhzP_"") --",2026-09-12T02:27:59.666Z,178918007966600
"Undealt cards: 3♠, J♠, 3♦, 9♥ [5♦]",2026-09-12T02:27:54.802Z,178918007480200
"-- ending hand #233 --",2026-09-12T02:27:53.754Z,178918007375402
"""gurt @ gpP9uUffpu"" collected 65 from pot",2026-09-12T02:27:53.754Z,178918007375401
"Uncalled bet of 111 returned to ""gurt @ gpP9uUffpu""",2026-09-12T02:27:53.754Z,178918007375400
"""9/2 @ d-4X_F_SSU"" folds",2026-09-12T02:27:52.930Z,178918007293000
"""gurt @ gpP9uUffpu"" bets 111",2026-09-12T02:27:51.635Z,178918007163500
"Turn: 3♠, J♠, 3♦ [9♥]",2026-09-12T02:27:47.567Z,178918006756700
"""9/2 @ d-4X_F_SSU"" checks",2026-09-12T02:27:46.764Z,178918006676400
"""gurt @ gpP9uUffpu"" checks",2026-09-12T02:27:45.812Z,178918006581200
"Flop:  [3♠, J♠, 3♦]",2026-09-12T02:27:44.254Z,178918006425400
"""gurt @ gpP9uUffpu"" calls 30",2026-09-12T02:27:43.380Z,178918006338000
"""LingWae @ FQN9hzhzP_"" folds",2026-09-12T02:27:41.332Z,178918006133200
"""9/2 @ d-4X_F_SSU"" raises to 30",2026-09-12T02:27:40.347Z,178918006034700
"""gurt @ gpP9uUffpu"" posts a big blind of 10",2026-09-12T02:27:37.454Z,178918005745406
"""LingWae @ FQN9hzhzP_"" posts a small blind of 5",2026-09-12T02:27:37.454Z,178918005745405
"Player stacks: #1 ""LingWae @ FQN9hzhzP_"" (95) | #8 ""gurt @ gpP9uUffpu"" (4767) | #10 ""9/2 @ d-4X_F_SSU"" (2378)",2026-09-12T02:27:37.454Z,178918005745401
"-- starting hand #233 (id: ew702yn9vr8c)  No Limit Texas Hold'em (dealer: ""9/2 @ d-4X_F_SSU"") --",2026-09-12T02:27:37.454Z,178918005745400
"-- ending hand #232 --",2026-09-12T02:27:29.438Z,178918004943802
"""9/2 @ d-4X_F_SSU"" collected 95 from pot with Two Pair, J's & 4's on the second run  (combination: Q♠, 4♦, 4♥, J♠, J♦)",2026-09-12T02:27:29.438Z,178918004943801
"""LingWae @ FQN9hzhzP_"" collected 95 from pot with Two Pair, A's & 8's (combination: K♠, 8♥, 8♣, A♥, A♣)",2026-09-12T02:27:29.438Z,178918004943800
"River (second run): 5♦, J♦, 7♦, 4♥ [Q♠]",2026-09-12T02:27:25.434Z,178918004543400
"Turn (second run): 5♦, J♦, 7♦ [4♥]",2026-09-12T02:27:21.380Z,178918004138000
"Flop (second run):  [5♦, J♦, 7♦]",2026-09-12T02:27:17.372Z,178918003737200
"River: A♣, K♠, 7♣, 8♣ [J♣]",2026-09-12T02:27:13.350Z,178918003335000
"Turn: A♣, K♠, 7♣ [8♣]",2026-09-12T02:27:09.346Z,178918002934600
"Flop:  [A♣, K♠, 7♣]",2026-09-12T02:27:05.310Z,178918002531000
"""9/2 @ d-4X_F_SSU"" shows a 4♦, J♠.",2026-09-12T02:27:01.281Z,178918002128101
"""LingWae @ FQN9hzhzP_"" shows a A♥, 8♥.",2026-09-12T02:27:01.281Z,178918002128100
"All players in hand choose to run it twice.",2026-09-12T02:27:00.434Z,178918002043401
"""9/2 @ d-4X_F_SSU"" chooses to  run it twice.",2026-09-12T02:27:00.434Z,178918002043400
"""LingWae @ FQN9hzhzP_"" chooses to  run it twice.",2026-09-12T02:27:00.347Z,178918002034700
"Remaining players decide whether to run it twice.",2026-09-12T02:26:58.958Z,178918001895801
"""9/2 @ d-4X_F_SSU"" calls 95",2026-09-12T02:26:58.958Z,178918001895800
"""LingWae @ FQN9hzhzP_"" raises to 95 and go all in",2026-09-12T02:26:55.665Z,178918001566500
"""9/2 @ d-4X_F_SSU"" calls 10",2026-09-12T02:26:53.870Z,178918001387000
"""gurt @ gpP9uUffpu"" folds",2026-09-12T02:26:52.658Z,178918001265800
"""LingWae @ FQN9hzhzP_"" posts a big blind of 10",2026-09-12T02:26:50.934Z,178918001093406
"""9/2 @ d-4X_F_SSU"" posts a small blind of 5",2026-09-12T02:26:50.934Z,178918001093405
"Player stacks: #1 ""LingWae @ FQN9hzhzP_"" (95) | #8 ""gurt @ gpP9uUffpu"" (4767) | #10 ""9/2 @ d-4X_F_SSU"" (2378)",2026-09-12T02:26:50.934Z,178918001093401
"-- starting hand #232 (id: vxpvhj17uciq)  No Limit Texas Hold'em (dealer: ""gurt @ gpP9uUffpu"") --",2026-09-12T02:26:50.934Z,178918001093400
"""gurt @ gpP9uUffpu"" shows a 2♥, K♦.",2026-09-12T02:26:49.402Z,178918000940200
"""9/2 @ d-4X_F_SSU"" shows a 2♣.",2026-09-12T02:26:46.770Z,178918000677000
"Undealt cards: 9♣, 4♣, 3♦ [A♣, 7♣]",2026-09-12T02:26:44.008Z,178918000400800
"-- ending hand #231 --",2026-09-12T02:26:43.599Z,178918000359902
"""9/2 @ d-4X_F_SSU"" collected 20 from pot",2026-09-12T02:26:43.599Z,178918000359901
"Uncalled bet of 10 returned to ""9/2 @ d-4X_F_SSU""",2026-09-12T02:26:43.599Z,178918000359900
"""gurt @ gpP9uUffpu"" folds",2026-09-12T02:26:42.794Z,178918000279400
"""9/2 @ d-4X_F_SSU"" bets 10",2026-09-12T02:26:40.922Z,178918000092200
"""gurt @ gpP9uUffpu"" checks",2026-09-12T02:26:39.831Z,178917999983100
"Flop:  [9♣, 4♣, 3♦]",2026-09-12T02:26:38.997Z,178917999899700
"""9/2 @ d-4X_F_SSU"" checks",2026-09-12T02:26:38.191Z,178917999819100
"""gurt @ gpP9uUffpu"" calls 10",2026-09-12T02:26:36.434Z,178917999643400
"""LingWae @ FQN9hzhzP_"" folds",2026-09-12T02:26:34.492Z,178917999449200
"""9/2 @ d-4X_F_SSU"" posts a big blind of 10",2026-09-12T02:26:33.132Z,178917999313206
"""gurt @ gpP9uUffpu"" posts a small blind of 5",2026-09-12T02:26:33.132Z,178917999313205
"Your hand is 2♥, K♦",2026-09-12T02:26:33.132Z,178917999313203
"Player stacks: #1 ""LingWae @ FQN9hzhzP_"" (95) | #8 ""gurt @ gpP9uUffpu"" (4777) | #10 ""9/2 @ d-4X_F_SSU"" (2368)",2026-09-12T02:26:33.132Z,178917999313201
"-- starting hand #231 (id: mp5rhzc4iktl)  No Limit Texas Hold'em (dealer: ""LingWae @ FQN9hzhzP_"") --",2026-09-12T02:26:33.132Z,178917999313200
"""LingWae @ FQN9hzhzP_"" shows a Q♦.",2026-09-12T02:26:28.927Z,178917998892700
"""gurt @ gpP9uUffpu"" shows a K♠.",2026-09-12T02:26:28.428Z,178917998842800
"Undealt cards:  [6♥, 10♠, 9♦, J♦, Q♥]",2026-09-12T02:26:26.196Z,178917998619600
"-- ending hand #230 --",2026-09-12T02:26:25.789Z,178917998578902
"""gurt @ gpP9uUffpu"" collected 10 from pot",2026-09-12T02:26:25.789Z,178917998578901
"Uncalled bet of 5 returned to ""gurt @ gpP9uUffpu""",2026-09-12T02:26:25.789Z,178917998578900
"""LingWae @ FQN9hzhzP_"" folds",2026-09-12T02:26:24.982Z,178917998498200
"""9/2 @ d-4X_F_SSU"" folds",2026-09-12T02:26:24.050Z,178917998405000
"""gurt @ gpP9uUffpu"" posts a big blind of 10",2026-09-12T02:26:23.031Z,178917998303107
"""LingWae @ FQN9hzhzP_"" posts a small blind of 5",2026-09-12T02:26:23.031Z,178917998303106
"Player stacks: #1 ""LingWae @ FQN9hzhzP_"" (100) | #8 ""gurt @ gpP9uUffpu"" (4772) | #10 ""9/2 @ d-4X_F_SSU"" (2368)",2026-09-12T02:26:23.031Z,178917998303102
"-- starting hand #230 (id: cyuoib7geepc)  No Limit Texas Hold'em (dealer: ""9/2 @ d-4X_F_SSU"") --",2026-09-12T02:26:23.031Z,178917998303101
"The player ""LingWae @ FQN9hzhzP_"" joined the game with a stack of 100.",2026-09-12T02:26:23.031Z,178917998303100
"The admin approved the player ""LingWae @ FQN9hzhzP_"" participation with a stack of 100.",2026-09-12T02:26:20.301Z,178917998030100
"The player ""LingWae @ FQN9hzhzP_"" requested a seat.",2026-09-12T02:26:17.950Z,178917997795000
"Undealt cards:  [4♥, 9♥, J♠, 5♣, 3♥]",2026-09-12T02:26:17.835Z,178917997783500
"-- ending hand #229 --",2026-09-12T02:26:17.119Z,178917997711902
"""9/2 @ d-4X_F_SSU"" collected 10 from pot",2026-09-12T02:26:17.119Z,178917997711901
"Uncalled bet of 5 returned to ""9/2 @ d-4X_F_SSU""",2026-09-12T02:26:17.119Z,178917997711900
"""gurt @ gpP9uUffpu"" folds",2026-09-12T02:26:16.314Z,178917997631400
"""9/2 @ d-4X_F_SSU"" posts a big blind of 10",2026-09-12T02:26:13.578Z,178917997357805
"""gurt @ gpP9uUffpu"" posts a small blind of 5",2026-09-12T02:26:13.578Z,178917997357804
"Player stacks: #8 ""gurt @ gpP9uUffpu"" (4777) | #10 ""9/2 @ d-4X_F_SSU"" (2363)",2026-09-12T02:26:13.578Z,178917997357801
"-- starting hand #229 (id: akcr7t5nwcpf)  No Limit Texas Hold'em (dealer: ""gurt @ gpP9uUffpu"") --",2026-09-12T02:26:13.578Z,178917997357800
"-- ending hand #228 --",2026-09-12T02:26:07.512Z,178917996751202
"""gurt @ gpP9uUffpu"" collected 20 from pot with Pair, 10's (combination: 8♦, Q♣, K♠, 10♥, 10♠)",2026-09-12T02:26:07.512Z,178917996751201
"""gurt @ gpP9uUffpu"" shows a K♠, 6♣.",2026-09-12T02:26:07.512Z,178917996751200
"""9/2 @ d-4X_F_SSU"" checks",2026-09-12T02:26:06.670Z,178917996667000
"""gurt @ gpP9uUffpu"" checks",2026-09-12T02:26:05.607Z,178917996560700
"River: 8♦, 10♥, Q♣, 7♥ [10♠]",2026-09-12T02:26:04.797Z,178917996479700
"""9/2 @ d-4X_F_SSU"" checks",2026-09-12T02:26:03.970Z,178917996397000
"""gurt @ gpP9uUffpu"" checks",2026-09-12T02:26:02.235Z,178917996223500
"Turn: 8♦, 10♥, Q♣ [7♥]",2026-09-12T02:26:01.285Z,178917996128500
"""9/2 @ d-4X_F_SSU"" checks",2026-09-12T02:26:00.434Z,178917996043400
"""gurt @ gpP9uUffpu"" checks",2026-09-12T02:25:59.384Z,178917995938400
"Flop:  [8♦, 10♥, Q♣]",2026-09-12T02:25:57.971Z,178917995797100
"""gurt @ gpP9uUffpu"" checks",2026-09-12T02:25:57.109Z,178917995710900
"""9/2 @ d-4X_F_SSU"" calls 10",2026-09-12T02:25:54.694Z,178917995469400
"""gurt @ gpP9uUffpu"" posts a big blind of 10",2026-09-12T02:25:53.594Z,178917995359405
"""9/2 @ d-4X_F_SSU"" posts a small blind of 5",2026-09-12T02:25:53.594Z,178917995359404
"Your hand is K♠, 6♣",2026-09-12T02:25:53.594Z,178917995359402
"Player stacks: #8 ""gurt @ gpP9uUffpu"" (4767) | #10 ""9/2 @ d-4X_F_SSU"" (2373)",2026-09-12T02:25:53.594Z,178917995359401
"-- starting hand #228 (id: q9hzngrsq5g1)  No Limit Texas Hold'em (dealer: ""9/2 @ d-4X_F_SSU"") --",2026-09-12T02:25:53.594Z,178917995359400
"-- ending hand #227 --",2026-09-12T02:25:47.573Z,178917994757303
"""9/2 @ d-4X_F_SSU"" collected 640 from pot with Pair, K's (combination: 5♥, 6♠, J♦, K♦, K♥)",2026-09-12T02:25:47.573Z,178917994757302
"""9/2 @ d-4X_F_SSU"" shows a K♦, 3♥.",2026-09-12T02:25:47.573Z,178917994757301
"""gurt @ gpP9uUffpu"" shows a 9♣, 10♥.",2026-09-12T02:25:47.573Z,178917994757300
"""9/2 @ d-4X_F_SSU"" calls 210",2026-09-12T02:25:46.722Z,178917994672200
"""gurt @ gpP9uUffpu"" bets 210",2026-09-12T02:25:45.832Z,178917994583200
"""9/2 @ d-4X_F_SSU"" checks",2026-09-12T02:25:42.802Z,178917994280200
"River: J♦, 2♥, K♥, 5♥ [6♠]",2026-09-12T02:25:41.972Z,178917994197200
"""9/2 @ d-4X_F_SSU"" calls 80",2026-09-12T02:25:41.143Z,178917994114300
"""gurt @ gpP9uUffpu"" raises to 80",2026-09-12T02:25:40.090Z,178917994009000
"""9/2 @ d-4X_F_SSU"" bets 20",2026-09-12T02:25:37.794Z,178917993779400
"Turn: J♦, 2♥, K♥ [5♥]",2026-09-12T02:25:35.768Z,178917993576800
"""gurt @ gpP9uUffpu"" checks",2026-09-12T02:25:34.933Z,178917993493300
"""9/2 @ d-4X_F_SSU"" checks",2026-09-12T02:25:34.014Z,178917993401400
"Flop:  [J♦, 2♥, K♥]",2026-09-12T02:25:32.982Z,178917993298200
"""9/2 @ d-4X_F_SSU"" calls 30",2026-09-12T02:25:32.170Z,178917993217000
"""gurt @ gpP9uUffpu"" raises to 30",2026-09-12T02:25:31.242Z,178917993124200
"""9/2 @ d-4X_F_SSU"" posts a big blind of 10",2026-09-12T02:25:29.961Z,178917992996105
"""gurt @ gpP9uUffpu"" posts a small blind of 5",2026-09-12T02:25:29.961Z,178917992996104
"Your hand is 9♣, 10♥",2026-09-12T02:25:29.961Z,178917992996102
"Player stacks: #8 ""gurt @ gpP9uUffpu"" (5087) | #10 ""9/2 @ d-4X_F_SSU"" (2053)",2026-09-12T02:25:29.961Z,178917992996101
"-- starting hand #227 (id: gfj5gowaad6p)  No Limit Texas Hold'em (dealer: ""gurt @ gpP9uUffpu"") --",2026-09-12T02:25:29.961Z,178917992996100
"""9/2 @ d-4X_F_SSU"" shows a A♠, A♥.",2026-09-12T02:25:24.346Z,178917992434600
"Undealt cards:  [4♣, 10♣, K♠, A♣, 7♣]",2026-09-12T02:25:23.541Z,178917992354100
"-- ending hand #226 --",2026-09-12T02:25:23.357Z,178917992335702
"""9/2 @ d-4X_F_SSU"" collected 20 from pot",2026-09-12T02:25:23.357Z,178917992335701
"Uncalled bet of 2033 returned to ""9/2 @ d-4X_F_SSU""",2026-09-12T02:25:23.357Z,178917992335700
"""gurt @ gpP9uUffpu"" folds",2026-09-12T02:25:22.502Z,178917992250200
"""9/2 @ d-4X_F_SSU"" raises to 2043 and go all in",2026-09-12T02:25:21.531Z,178917992153100
"""gurt @ gpP9uUffpu"" posts a big blind of 10",2026-09-12T02:25:17.755Z,178917991775506
"""9/2 @ d-4X_F_SSU"" posts a small blind of 5",2026-09-12T02:25:17.755Z,178917991775505
"Player stacks: #8 ""gurt @ gpP9uUffpu"" (5097) | #10 ""9/2 @ d-4X_F_SSU"" (2043)",2026-09-12T02:25:17.755Z,178917991775502
"-- starting hand #226 (id: osvlqami6k5f)  No Limit Texas Hold'em (dealer: ""9/2 @ d-4X_F_SSU"") --",2026-09-12T02:25:17.755Z,178917991775501
"The player ""LingWae @ FQN9hzhzP_"" quits the game with a stack of 0.",2026-09-12T02:25:17.755Z,178917991775500
"-- ending hand #225 --",2026-09-12T02:25:09.732Z,178917990973202
"""gurt @ gpP9uUffpu"" collected 852 from pot with Two Pair, K's & 5's on the second run  (combination: 8♦, 5♠, 5♥, K♥, K♣)",2026-09-12T02:25:09.732Z,178917990973201
"""gurt @ gpP9uUffpu"" collected 852 from pot with Two Pair, K's & 5's (combination: 8♦, 5♠, 5♣, K♥, K♣)",2026-09-12T02:25:09.732Z,178917990973200
"River (second run): 2♥, 5♠, 3♠, 8♦ [5♥]",2026-09-12T02:25:05.654Z,178917990565400
"River: 2♥, 5♠, 3♠, 8♦ [5♣]",2026-09-12T02:25:01.627Z,178917990162700
"""LingWae @ FQN9hzhzP_"" shows a 8♠, J♠.",2026-09-12T02:24:57.492Z,178917989749201
"Uncalled bet of 3393 returned to ""gurt @ gpP9uUffpu""",2026-09-12T02:24:57.492Z,178917989749200
"""gurt @ gpP9uUffpu"" shows a K♥, K♣.",2026-09-12T02:24:57.366Z,178917989736600
"All players in hand choose to run it twice.",2026-09-12T02:24:56.686Z,178917989668601
"""gurt @ gpP9uUffpu"" chooses to  run it twice.",2026-09-12T02:24:56.686Z,178917989668600
"""LingWae @ FQN9hzhzP_"" chooses to  run it twice.",2026-09-12T02:24:56.506Z,178917989650600
"Remaining players decide whether to run it twice.",2026-09-12T02:24:55.693Z,178917989569301
"""LingWae @ FQN9hzhzP_"" calls 741 and go all in",2026-09-12T02:24:55.693Z,178917989569300
"""gurt @ gpP9uUffpu"" raises to 4134 and go all in",2026-09-12T02:24:29.900Z,178917986990000
"""LingWae @ FQN9hzhzP_"" bets 67",2026-09-12T02:24:15.456Z,178917985545600
"Turn: 2♥, 5♠, 3♠ [8♦]",2026-09-12T02:24:11.944Z,178917985194400
"""LingWae @ FQN9hzhzP_"" calls 66",2026-09-12T02:24:11.046Z,178917985104600
"""9/2 @ d-4X_F_SSU"" folds",2026-09-12T02:24:10.122Z,178917985012200
"""gurt @ gpP9uUffpu"" bets 66",2026-09-12T02:24:05.109Z,178917984510900
"""LingWae @ FQN9hzhzP_"" checks",2026-09-12T02:24:02.390Z,178917984239000
"""9/2 @ d-4X_F_SSU"" checks",2026-09-12T02:23:53.419Z,178917983341900
"Flop:  [2♥, 5♠, 3♠]",2026-09-12T02:23:40.959Z,178917982095900
"""LingWae @ FQN9hzhzP_"" calls 30",2026-09-12T02:23:40.103Z,178917982010300
"""9/2 @ d-4X_F_SSU"" calls 30",2026-09-12T02:23:38.003Z,178917981800300
"""gurt @ gpP9uUffpu"" raises to 30",2026-09-12T02:23:36.250Z,178917981625000
"""LingWae @ FQN9hzhzP_"" posts a big blind of 10",2026-09-12T02:23:34.868Z,178917981486806
"""9/2 @ d-4X_F_SSU"" posts a small blind of 5",2026-09-12T02:23:34.868Z,178917981486805
"Your hand is K♥, K♣",2026-09-12T02:23:34.868Z,178917981486803
"Player stacks: #1 ""LingWae @ FQN9hzhzP_"" (837) | #8 ""gurt @ gpP9uUffpu"" (4230) | #10 ""9/2 @ d-4X_F_SSU"" (2073)",2026-09-12T02:23:34.868Z,178917981486801
"-- starting hand #225 (id: kdsrsvbx6erv)  No Limit Texas Hold'em (dealer: ""gurt @ gpP9uUffpu"") --",2026-09-12T02:23:34.868Z,178917981486800
"Undealt cards:  [4♥, 6♣, 3♠, 6♦, J♥]",2026-09-12T02:23:29.058Z,178917980905800
"-- ending hand #224 --",2026-09-12T02:23:28.850Z,178917980885002
"""9/2 @ d-4X_F_SSU"" collected 10 from pot",2026-09-12T02:23:28.850Z,178917980885001
"Uncalled bet of 5 returned to ""9/2 @ d-4X_F_SSU""",2026-09-12T02:23:28.850Z,178917980885000
"""gurt @ gpP9uUffpu"" folds",2026-09-12T02:23:28.026Z,178917980802600
"""LingWae @ FQN9hzhzP_"" folds",2026-09-12T02:23:23.537Z,178917980353700
"""9/2 @ d-4X_F_SSU"" posts a big blind of 10",2026-09-12T02:23:22.272Z,178917980227206
"""gurt @ gpP9uUffpu"" posts a small blind of 5",2026-09-12T02:23:22.272Z,178917980227205
"Player stacks: #1 ""LingWae @ FQN9hzhzP_"" (837) | #8 ""gurt @ gpP9uUffpu"" (4235) | #10 ""9/2 @ d-4X_F_SSU"" (2068)",2026-09-12T02:23:22.272Z,178917980227201
"-- starting hand #224 (id: ohtrxnr5lagp)  No Limit Texas Hold'em (dealer: ""LingWae @ FQN9hzhzP_"") --",2026-09-12T02:23:22.272Z,178917980227200
"""LingWae @ FQN9hzhzP_"" shows a K♦.",2026-09-12T02:23:21.651Z,178917980165100
"""LingWae @ FQN9hzhzP_"" shows a 9♦.",2026-09-12T02:23:20.603Z,178917980060300
"-- ending hand #223 --",2026-09-12T02:23:18.639Z,178917979863902
"""gurt @ gpP9uUffpu"" collected 30 from pot",2026-09-12T02:23:18.639Z,178917979863901
"Uncalled bet of 66 returned to ""gurt @ gpP9uUffpu""",2026-09-12T02:23:18.639Z,178917979863900
"""LingWae @ FQN9hzhzP_"" folds",2026-09-12T02:23:17.756Z,178917979775600
"""9/2 @ d-4X_F_SSU"" folds",2026-09-12T02:23:16.839Z,178917979683900
"""gurt @ gpP9uUffpu"" bets 66",2026-09-12T02:23:13.849Z,178917979384900
"""LingWae @ FQN9hzhzP_"" checks",2026-09-12T02:23:10.660Z,178917979066000
"River: J♣, 7♠, 5♥, A♣ [10♦]",2026-09-12T02:23:08.910Z,178917978891000
"""9/2 @ d-4X_F_SSU"" checks",2026-09-12T02:23:08.079Z,178917978807900
"""gurt @ gpP9uUffpu"" checks",2026-09-12T02:23:05.351Z,178917978535100
"""LingWae @ FQN9hzhzP_"" checks",2026-09-12T02:23:03.892Z,178917978389200
"Turn: J♣, 7♠, 5♥ [A♣]",2026-09-12T02:23:01.896Z,178917978189600
"""9/2 @ d-4X_F_SSU"" checks",2026-09-12T02:23:01.060Z,178917978106000
"""gurt @ gpP9uUffpu"" checks",2026-09-12T02:22:59.679Z,178917977967900
"""LingWae @ FQN9hzhzP_"" checks",2026-09-12T02:22:58.775Z,178917977877500
"Flop:  [J♣, 7♠, 5♥]",2026-09-12T02:22:55.758Z,178917977575800
"""gurt @ gpP9uUffpu"" checks",2026-09-12T02:22:54.849Z,178917977484900
"""LingWae @ FQN9hzhzP_"" calls 10",2026-09-12T02:22:53.545Z,178917977354500
"""9/2 @ d-4X_F_SSU"" calls 10",2026-09-12T02:22:52.187Z,178917977218700
"""gurt @ gpP9uUffpu"" posts a big blind of 10",2026-09-12T02:22:50.753Z,178917977075306
"""LingWae @ FQN9hzhzP_"" posts a small blind of 5",2026-09-12T02:22:50.753Z,178917977075305
"Player stacks: #1 ""LingWae @ FQN9hzhzP_"" (847) | #8 ""gurt @ gpP9uUffpu"" (4215) | #10 ""9/2 @ d-4X_F_SSU"" (2078)",2026-09-12T02:22:50.753Z,178917977075301
"-- starting hand #223 (id: i1nohbybxayk)  No Limit Texas Hold'em (dealer: ""9/2 @ d-4X_F_SSU"") --",2026-09-12T02:22:50.753Z,178917977075300
"-- ending hand #222 --",2026-09-12T02:22:44.679Z,178917976467902
"""LingWae @ FQN9hzhzP_"" collected 254 from pot with Two Pair, 9's & 2's (combination: Q♦, 2♥, 2♦, 9♥, 9♠)",2026-09-12T02:22:44.679Z,178917976467901
"""LingWae @ FQN9hzhzP_"" shows a 2♥, 9♥.",2026-09-12T02:22:44.679Z,178917976467900
"""9/2 @ d-4X_F_SSU"" calls 67",2026-09-12T02:22:43.790Z,178917976379000
"""gurt @ gpP9uUffpu"" folds",2026-09-12T02:22:40.063Z,178917976006300
"""LingWae @ FQN9hzhzP_"" raises to 67",2026-09-12T02:22:38.784Z,178917975878400
"""9/2 @ d-4X_F_SSU"" bets 10",2026-09-12T02:22:35.859Z,178917975585900
"River: 9♠, 4♣, 7♣, Q♦ [2♦]",2026-09-12T02:22:35.035Z,178917975503500
"""gurt @ gpP9uUffpu"" checks",2026-09-12T02:22:34.204Z,178917975420400
"""LingWae @ FQN9hzhzP_"" checks",2026-09-12T02:22:33.191Z,178917975319100
"""9/2 @ d-4X_F_SSU"" checks",2026-09-12T02:22:31.479Z,178917975147900
"Turn: 9♠, 4♣, 7♣ [Q♦]",2026-09-12T02:22:30.430Z,178917975043000
"""9/2 @ d-4X_F_SSU"" calls 30",2026-09-12T02:22:29.579Z,178917974957900
"""gurt @ gpP9uUffpu"" calls 30",2026-09-12T02:22:27.396Z,178917974739600
"""LingWae @ FQN9hzhzP_"" bets 30",2026-09-12T02:22:23.965Z,178917974396500
"""9/2 @ d-4X_F_SSU"" checks",2026-09-12T02:22:19.987Z,178917973998700
"Flop:  [9♠, 4♣, 7♣]",2026-09-12T02:22:18.624Z,178917973862400
"""LingWae @ FQN9hzhzP_"" checks",2026-09-12T02:22:17.758Z,178917973775800
"""9/2 @ d-4X_F_SSU"" calls 10",2026-09-12T02:22:16.521Z,178917973652100
"""gurt @ gpP9uUffpu"" calls 10",2026-09-12T02:22:14.366Z,178917973436600
"""LingWae @ FQN9hzhzP_"" posts a big blind of 10",2026-09-12T02:22:12.352Z,178917973235206
"""9/2 @ d-4X_F_SSU"" posts a small blind of 5",2026-09-12T02:22:12.352Z,178917973235205
"Player stacks: #1 ""LingWae @ FQN9hzhzP_"" (700) | #8 ""gurt @ gpP9uUffpu"" (4255) | #10 ""9/2 @ d-4X_F_SSU"" (2185)",2026-09-12T02:22:12.352Z,178917973235201
"-- starting hand #222 (id: 9bphitkxg5xu)  No Limit Texas Hold'em (dealer: ""gurt @ gpP9uUffpu"") --",2026-09-12T02:22:12.352Z,178917973235200
"-- ending hand #221 --",2026-09-12T02:22:06.335Z,178917972633503
"""9/2 @ d-4X_F_SSU"" collected 220 from pot with Straight, 10 High (combination: 6♦, 7♠, 8♠, 9♦, 10♣)",2026-09-12T02:22:06.335Z,178917972633502
"""9/2 @ d-4X_F_SSU"" shows a Q♣, 9♦.",2026-09-12T02:22:06.335Z,178917972633501
"""gurt @ gpP9uUffpu"" shows a 7♥, 8♦.",2026-09-12T02:22:06.335Z,178917972633500
"""9/2 @ d-4X_F_SSU"" calls 80",2026-09-12T02:22:05.531Z,178917972553100
"""gurt @ gpP9uUffpu"" raises to 80",2026-09-12T02:22:04.511Z,178917972451100
"""9/2 @ d-4X_F_SSU"" bets 20",2026-09-12T02:22:01.958Z,178917972195800
"""gurt @ gpP9uUffpu"" checks",2026-09-12T02:22:00.139Z,178917972013900
"River: 6♦, 7♠, K♣, 8♠ [10♣]",2026-09-12T02:21:58.582Z,178917971858200
"""9/2 @ d-4X_F_SSU"" checks",2026-09-12T02:21:57.722Z,178917971772200
"""gurt @ gpP9uUffpu"" checks",2026-09-12T02:21:56.613Z,178917971661300
"Turn: 6♦, 7♠, K♣ [8♠]",2026-09-12T02:21:55.683Z,178917971568300
"""9/2 @ d-4X_F_SSU"" checks",2026-09-12T02:21:54.826Z,178917971482600
"""gurt @ gpP9uUffpu"" checks",2026-09-12T02:21:53.927Z,178917971392700
"Flop:  [6♦, 7♠, K♣]",2026-09-12T02:21:52.576Z,178917971257600
"""9/2 @ d-4X_F_SSU"" calls 30",2026-09-12T02:21:51.706Z,178917971170600
"""gurt @ gpP9uUffpu"" raises to 30",2026-09-12T02:21:50.596Z,178917971059600
"""LingWae @ FQN9hzhzP_"" folds",2026-09-12T02:21:48.859Z,178917970885900
"""9/2 @ d-4X_F_SSU"" posts a big blind of 10",2026-09-12T02:21:46.172Z,178917970617206
"""gurt @ gpP9uUffpu"" posts a small blind of 5",2026-09-12T02:21:46.172Z,178917970617205
"Your hand is 7♥, 8♦",2026-09-12T02:21:46.172Z,178917970617203
"Player stacks: #1 ""LingWae @ FQN9hzhzP_"" (700) | #8 ""gurt @ gpP9uUffpu"" (4365) | #10 ""9/2 @ d-4X_F_SSU"" (2075)",2026-09-12T02:21:46.172Z,178917970617201
"-- starting hand #221 (id: qkl7wh3nqsqf)  No Limit Texas Hold'em (dealer: ""LingWae @ FQN9hzhzP_"") --",2026-09-12T02:21:46.172Z,178917970617200
"""9/2 @ d-4X_F_SSU"" shows a 8♦.",2026-09-12T02:21:41.789Z,178917970178900
"-- ending hand #220 --",2026-09-12T02:21:39.609Z,178917969960902
"""LingWae @ FQN9hzhzP_"" collected 150 from pot with Pair, 9's (combination: 6♠, 8♥, 10♠, 9♦, 9♣)",2026-09-12T02:21:39.609Z,178917969960901
"""LingWae @ FQN9hzhzP_"" shows a 6♠, 9♦.",2026-09-12T02:21:39.609Z,178917969960900
"""9/2 @ d-4X_F_SSU"" checks",2026-09-12T02:21:38.771Z,178917969877100
"""gurt @ gpP9uUffpu"" folds",2026-09-12T02:21:37.011Z,178917969701100
"""LingWae @ FQN9hzhzP_"" checks",2026-09-12T02:21:26.829Z,178917968682900
"River: 5♠, 9♣, 10♠, 2♥ [8♥]",2026-09-12T02:21:24.473Z,178917968447300
"""9/2 @ d-4X_F_SSU"" calls 25",2026-09-12T02:21:23.642Z,178917968364200
"""gurt @ gpP9uUffpu"" calls 25",2026-09-12T02:21:22.762Z,178917968276200
"""LingWae @ FQN9hzhzP_"" bets 25",2026-09-12T02:21:21.637Z,178917968163700
"Turn: 5♠, 9♣, 10♠ [2♥]",2026-09-12T02:21:18.159Z,178917967815900
"""9/2 @ d-4X_F_SSU"" calls 15",2026-09-12T02:21:17.347Z,178917967734700
"""gurt @ gpP9uUffpu"" calls 15",2026-09-12T02:21:15.234Z,178917967523400
"""LingWae @ FQN9hzhzP_"" bets 15",2026-09-12T02:21:13.432Z,178917967343200
"Flop:  [5♠, 9♣, 10♠]",2026-09-12T02:21:04.663Z,178917966466300
"""gurt @ gpP9uUffpu"" checks",2026-09-12T02:21:03.783Z,178917966378300
"""LingWae @ FQN9hzhzP_"" calls 10",2026-09-12T02:21:02.715Z,178917966271500
"""9/2 @ d-4X_F_SSU"" calls 10",2026-09-12T02:21:01.171Z,178917966117100
"""gurt @ gpP9uUffpu"" posts a big blind of 10",2026-09-12T02:20:59.579Z,178917965957906
"""LingWae @ FQN9hzhzP_"" posts a small blind of 5",2026-09-12T02:20:59.579Z,178917965957905
"Player stacks: #1 ""LingWae @ FQN9hzhzP_"" (600) | #8 ""gurt @ gpP9uUffpu"" (4415) | #10 ""9/2 @ d-4X_F_SSU"" (2125)",2026-09-12T02:20:59.579Z,178917965957901
"-- starting hand #220 (id: zxjrthgj1cgc)  No Limit Texas Hold'em (dealer: ""9/2 @ d-4X_F_SSU"") --",2026-09-12T02:20:59.579Z,178917965957900
"Undealt cards: K♥, Q♣, 9♥ [7♣, 2♣]",2026-09-12T02:20:55.064Z,178917965506400
"-- ending hand #219 --",2026-09-12T02:20:53.651Z,178917965365102
"""gurt @ gpP9uUffpu"" collected 406 from pot",2026-09-12T02:20:53.651Z,178917965365101
"Uncalled bet of 111 returned to ""gurt @ gpP9uUffpu""",2026-09-12T02:20:53.651Z,178917965365100
"""9/2 @ d-4X_F_SSU"" folds",2026-09-12T02:20:52.841Z,178917965284100
"""gurt @ gpP9uUffpu"" raises to 210",2026-09-12T02:20:51.868Z,178917965186800
"""9/2 @ d-4X_F_SSU"" bets 99",2026-09-12T02:20:48.631Z,178917964863100
"Flop:  [K♥, Q♣, 9♥]",2026-09-12T02:20:45.371Z,178917964537100
"""gurt @ gpP9uUffpu"" calls 99",2026-09-12T02:20:44.534Z,178917964453400
"""LingWae @ FQN9hzhzP_"" folds",2026-09-12T02:20:43.587Z,178917964358700
"""9/2 @ d-4X_F_SSU"" raises to 99",2026-09-12T02:20:42.276Z,178917964227600
"""gurt @ gpP9uUffpu"" raises to 30",2026-09-12T02:20:39.843Z,178917963984300
"""LingWae @ FQN9hzhzP_"" posts a big blind of 10",2026-09-12T02:20:36.920Z,178917963692006
"""9/2 @ d-4X_F_SSU"" posts a small blind of 5",2026-09-12T02:20:36.920Z,178917963692005
"Player stacks: #1 ""LingWae @ FQN9hzhzP_"" (610) | #8 ""gurt @ gpP9uUffpu"" (4207) | #10 ""9/2 @ d-4X_F_SSU"" (2323)",2026-09-12T02:20:36.920Z,178917963692001
"-- starting hand #219 (id: z7w1juxzjyuk)  No Limit Texas Hold'em (dealer: ""gurt @ gpP9uUffpu"") --",2026-09-12T02:20:36.920Z,178917963692000
"""LingWae @ FQN9hzhzP_"" shows a 8♥, 6♦.",2026-09-12T02:20:32.950Z,178917963295000
"-- ending hand #218 --",2026-09-12T02:20:30.362Z,178917963036202
"""9/2 @ d-4X_F_SSU"" collected 80 from pot with Three of a Kind, 3's (combination: 8♦, 9♣, 3♦, 3♣, 3♠)",2026-09-12T02:20:30.362Z,178917963036201
"""9/2 @ d-4X_F_SSU"" shows a 8♦, 3♦.",2026-09-12T02:20:30.362Z,178917963036200
"""gurt @ gpP9uUffpu"" calls 10",2026-09-12T02:20:29.533Z,178917962953300
"""LingWae @ FQN9hzhzP_"" folds",2026-09-12T02:20:28.619Z,178917962861900
"""9/2 @ d-4X_F_SSU"" bets 10",2026-09-12T02:20:24.335Z,178917962433500
"""gurt @ gpP9uUffpu"" checks",2026-09-12T02:20:23.346Z,178917962334600
"River: 7♣, 3♣, 4♠, 3♠ [9♣]",2026-09-12T02:20:22.351Z,178917962235100
"""gurt @ gpP9uUffpu"" calls 10",2026-09-12T02:20:21.514Z,178917962151400
"""LingWae @ FQN9hzhzP_"" calls 10",2026-09-12T02:20:20.593Z,178917962059300
"""9/2 @ d-4X_F_SSU"" bets 10",2026-09-12T02:20:19.218Z,178917961921800
"""gurt @ gpP9uUffpu"" checks",2026-09-12T02:20:18.087Z,178917961808700
"Turn: 7♣, 3♣, 4♠ [3♠]",2026-09-12T02:20:17.423Z,178917961742300
"""LingWae @ FQN9hzhzP_"" checks",2026-09-12T02:20:16.559Z,178917961655900
"""9/2 @ d-4X_F_SSU"" checks",2026-09-12T02:20:15.644Z,178917961564400
"""gurt @ gpP9uUffpu"" checks",2026-09-12T02:20:14.637Z,178917961463700
"Flop:  [7♣, 3♣, 4♠]",2026-09-12T02:20:12.677Z,178917961267700
"""9/2 @ d-4X_F_SSU"" checks",2026-09-12T02:20:11.875Z,178917961187500
"""gurt @ gpP9uUffpu"" calls 10",2026-09-12T02:20:08.480Z,178917960848000
"""LingWae @ FQN9hzhzP_"" calls 10",2026-09-12T02:20:07.343Z,178917960734300
"""9/2 @ d-4X_F_SSU"" posts a big blind of 10",2026-09-12T02:20:05.407Z,178917960540706
"""gurt @ gpP9uUffpu"" posts a small blind of 5",2026-09-12T02:20:05.407Z,178917960540705
"Player stacks: #1 ""LingWae @ FQN9hzhzP_"" (630) | #8 ""gurt @ gpP9uUffpu"" (4237) | #10 ""9/2 @ d-4X_F_SSU"" (2273)",2026-09-12T02:20:05.407Z,178917960540701
"-- starting hand #218 (id: rd9pqmeajedz)  No Limit Texas Hold'em (dealer: ""LingWae @ FQN9hzhzP_"") --",2026-09-12T02:20:05.407Z,178917960540700
"Undealt cards:  [4♣, A♥, 4♠, K♣, K♠]",2026-09-12T02:19:59.671Z,178917959967100
"-- ending hand #217 --",2026-09-12T02:19:59.387Z,178917959938702
"""9/2 @ d-4X_F_SSU"" collected 25 from pot",2026-09-12T02:19:59.387Z,178917959938701
"Uncalled bet of 20 returned to ""9/2 @ d-4X_F_SSU""",2026-09-12T02:19:59.387Z,178917959938700
"""gurt @ gpP9uUffpu"" folds",2026-09-12T02:19:58.535Z,178917959853500
"""LingWae @ FQN9hzhzP_"" folds",2026-09-12T02:19:57.609Z,178917959760900
"""9/2 @ d-4X_F_SSU"" raises to 30",2026-09-12T02:19:55.747Z,178917959574700
"""gurt @ gpP9uUffpu"" posts a big blind of 10",2026-09-12T02:19:53.378Z,178917959337806
"""LingWae @ FQN9hzhzP_"" posts a small blind of 5",2026-09-12T02:19:53.378Z,178917959337805
"Player stacks: #1 ""LingWae @ FQN9hzhzP_"" (635) | #8 ""gurt @ gpP9uUffpu"" (4247) | #10 ""9/2 @ d-4X_F_SSU"" (2258)",2026-09-12T02:19:53.378Z,178917959337801
"-- starting hand #217 (id: vx0kkcvsahbj)  No Limit Texas Hold'em (dealer: ""9/2 @ d-4X_F_SSU"") --",2026-09-12T02:19:53.378Z,178917959337800
"Undealt cards: 9♥, 8♠, 4♦ [10♥, 8♥]",2026-09-12T02:19:48.505Z,178917958850500
"-- ending hand #216 --",2026-09-12T02:19:47.450Z,178917958745002
"""9/2 @ d-4X_F_SSU"" collected 80 from pot",2026-09-12T02:19:47.450Z,178917958745001
"Uncalled bet of 30 returned to ""9/2 @ d-4X_F_SSU""",2026-09-12T02:19:47.450Z,178917958745000
"""LingWae @ FQN9hzhzP_"" folds",2026-09-12T02:19:46.595Z,178917958659500
"""9/2 @ d-4X_F_SSU"" bets 30",2026-09-12T02:19:36.334Z,178917957633400
"Flop:  [9♥, 8♠, 4♦]",2026-09-12T02:19:32.434Z,178917957243400
"""LingWae @ FQN9hzhzP_"" calls 40",2026-09-12T02:19:31.583Z,178917957158300
"""9/2 @ d-4X_F_SSU"" raises to 40",2026-09-12T02:19:29.317Z,178917956931700
"""gurt @ gpP9uUffpu"" folds",2026-09-12T02:19:27.545Z,178917956754500
"""LingWae @ FQN9hzhzP_"" posts a big blind of 10",2026-09-12T02:19:26.466Z,178917956646606
"""9/2 @ d-4X_F_SSU"" posts a small blind of 5",2026-09-12T02:19:26.466Z,178917956646605
"Player stacks: #1 ""LingWae @ FQN9hzhzP_"" (675) | #8 ""gurt @ gpP9uUffpu"" (4247) | #10 ""9/2 @ d-4X_F_SSU"" (2218)",2026-09-12T02:19:26.466Z,178917956646601
"-- starting hand #216 (id: xckowx2rsnma)  No Limit Texas Hold'em (dealer: ""gurt @ gpP9uUffpu"") --",2026-09-12T02:19:26.466Z,178917956646600
"""LingWae @ FQN9hzhzP_"" shows a 7♦, 6♦.",2026-09-12T02:19:23.123Z,178917956312300
"-- ending hand #215 --",2026-09-12T02:19:22.829Z,178917956282902
"""gurt @ gpP9uUffpu"" collected 90 from pot",2026-09-12T02:19:22.829Z,178917956282901
"Uncalled bet of 10 returned to ""gurt @ gpP9uUffpu""",2026-09-12T02:19:22.829Z,178917956282900
"""LingWae @ FQN9hzhzP_"" folds",2026-09-12T02:19:21.963Z,178917956196300
"""gurt @ gpP9uUffpu"" bets 10",2026-09-12T02:19:20.518Z,178917956051800
"River: 2♦, 10♣, 5♠, 8♥ [Q♦]",2026-09-12T02:19:20.123Z,178917956012300
"""LingWae @ FQN9hzhzP_"" calls 10",2026-09-12T02:19:19.272Z,178917955927200
"""gurt @ gpP9uUffpu"" bets 10",2026-09-12T02:19:15.443Z,178917955544300
"Turn: 2♦, 10♣, 5♠ [8♥]",2026-09-12T02:19:14.721Z,178917955472100
"""LingWae @ FQN9hzhzP_"" checks",2026-09-12T02:19:13.856Z,178917955385600
"""gurt @ gpP9uUffpu"" checks",2026-09-12T02:19:12.870Z,178917955287000
"Flop:  [2♦, 10♣, 5♠]",2026-09-12T02:19:11.519Z,178917955151900
"""LingWae @ FQN9hzhzP_"" calls 30",2026-09-12T02:19:10.684Z,178917955068400
"""9/2 @ d-4X_F_SSU"" folds",2026-09-12T02:19:08.926Z,178917954892600
"""gurt @ gpP9uUffpu"" raises to 30",2026-09-12T02:19:07.636Z,178917954763600
"""LingWae @ FQN9hzhzP_"" calls 10",2026-09-12T02:19:04.675Z,178917954467500
"""9/2 @ d-4X_F_SSU"" posts a big blind of 10",2026-09-12T02:19:02.734Z,178917954273406
"""gurt @ gpP9uUffpu"" posts a small blind of 5",2026-09-12T02:19:02.734Z,178917954273405
"Player stacks: #1 ""LingWae @ FQN9hzhzP_"" (715) | #8 ""gurt @ gpP9uUffpu"" (4197) | #10 ""9/2 @ d-4X_F_SSU"" (2228)",2026-09-12T02:19:02.734Z,178917954273401
"-- starting hand #215 (id: 6glzy8ocbu7u)  No Limit Texas Hold'em (dealer: ""LingWae @ FQN9hzhzP_"") --",2026-09-12T02:19:02.734Z,178917954273400
"Undealt cards: J♦, 7♥, J♥ [Q♠, A♦]",2026-09-12T02:18:57.273Z,178917953727300
"-- ending hand #214 --",2026-09-12T02:18:56.766Z,178917953676602
"""9/2 @ d-4X_F_SSU"" collected 245 from pot",2026-09-12T02:18:56.766Z,178917953676601
"Uncalled bet of 245 returned to ""9/2 @ d-4X_F_SSU""",2026-09-12T02:18:56.766Z,178917953676600
"""gurt @ gpP9uUffpu"" folds",2026-09-12T02:18:55.914Z,178917953591400
"""9/2 @ d-4X_F_SSU"" bets 245",2026-09-12T02:18:54.306Z,178917953430600
"""gurt @ gpP9uUffpu"" checks",2026-09-12T02:18:51.589Z,178917953158900
"Flop:  [J♦, 7♥, J♥]",2026-09-12T02:18:49.419Z,178917952941900
"""9/2 @ d-4X_F_SSU"" calls 120",2026-09-12T02:18:48.606Z,178917952860600
"""gurt @ gpP9uUffpu"" raises to 120",2026-09-12T02:18:47.733Z,178917952773300
"""LingWae @ FQN9hzhzP_"" folds",2026-09-12T02:18:45.903Z,178917952590300
"""9/2 @ d-4X_F_SSU"" raises to 40",2026-09-12T02:18:44.998Z,178917952499800
"""gurt @ gpP9uUffpu"" posts a big blind of 10",2026-09-12T02:18:41.956Z,178917952195606
"""LingWae @ FQN9hzhzP_"" posts a small blind of 5",2026-09-12T02:18:41.956Z,178917952195605
"Player stacks: #1 ""LingWae @ FQN9hzhzP_"" (720) | #8 ""gurt @ gpP9uUffpu"" (4317) | #10 ""9/2 @ d-4X_F_SSU"" (2103)",2026-09-12T02:18:41.956Z,178917952195601
"-- starting hand #214 (id: ymck3rvivvj2)  No Limit Texas Hold'em (dealer: ""9/2 @ d-4X_F_SSU"") --",2026-09-12T02:18:41.956Z,178917952195600
"""gurt @ gpP9uUffpu"" shows a A♣, K♠.",2026-09-12T02:18:34.121Z,178917951412100
"-- ending hand #213 --",2026-09-12T02:18:33.353Z,178917951335302
"""LingWae @ FQN9hzhzP_"" collected 360 from pot with Three of a Kind, 10's on the second run  (combination: J♦, K♣, 10♣, 10♠, 10♥)",2026-09-12T02:18:33.353Z,178917951335301
"""LingWae @ FQN9hzhzP_"" collected 360 from pot with Three of a Kind, 10's (combination: J♠, K♣, 10♣, 10♠, 10♥)",2026-09-12T02:18:33.353Z,178917951335300
"River (second run): 10♠, 9♥, 10♥, 7♥ [J♦]",2026-09-12T02:18:29.199Z,178917950919900
"Turn (second run): 10♠, 9♥, 10♥ [7♥]",2026-09-12T02:18:25.161Z,178917950516100
"River: 10♠, 9♥, 10♥, J♠ [8♦]",2026-09-12T02:18:21.159Z,178917950115900
"Turn: 10♠, 9♥, 10♥ [J♠]",2026-09-12T02:18:17.145Z,178917949714500
"""9/2 @ d-4X_F_SSU"" shows a 2♣, 9♣.",2026-09-12T02:18:13.116Z,178917949311601
"""LingWae @ FQN9hzhzP_"" shows a 10♣, K♣.",2026-09-12T02:18:13.116Z,178917949311600
"All players in hand choose to run it twice.",2026-09-12T02:18:12.289Z,178917949228901
"""9/2 @ d-4X_F_SSU"" chooses to  run it twice.",2026-09-12T02:18:12.289Z,178917949228900
"""LingWae @ FQN9hzhzP_"" chooses to  run it twice.",2026-09-12T02:18:12.282Z,178917949228200
"Remaining players decide whether to run it twice.",2026-09-12T02:18:10.959Z,178917949095901
"""9/2 @ d-4X_F_SSU"" calls 294",2026-09-12T02:18:10.959Z,178917949095900
"""gurt @ gpP9uUffpu"" folds",2026-09-12T02:18:09.993Z,178917948999300
"""LingWae @ FQN9hzhzP_"" raises to 294 and go all in",2026-09-12T02:18:09.065Z,178917948906500
"""9/2 @ d-4X_F_SSU"" bets 44",2026-09-12T02:18:06.958Z,178917948695800
"Flop:  [10♠, 9♥, 10♥]",2026-09-12T02:18:03.329Z,178917948332900
"""LingWae @ FQN9hzhzP_"" calls 44",2026-09-12T02:18:02.493Z,178917948249300
"""9/2 @ d-4X_F_SSU"" calls 44",2026-09-12T02:17:58.638Z,178917947863800
"""gurt @ gpP9uUffpu"" raises to 44",2026-09-12T02:17:56.580Z,178917947658000
"""LingWae @ FQN9hzhzP_"" posts a big blind of 10",2026-09-12T02:17:54.953Z,178917947495306
"""9/2 @ d-4X_F_SSU"" posts a small blind of 5",2026-09-12T02:17:54.953Z,178917947495305
"Your hand is A♣, K♠",2026-09-12T02:17:54.953Z,178917947495303
"Player stacks: #1 ""LingWae @ FQN9hzhzP_"" (338) | #8 ""gurt @ gpP9uUffpu"" (4361) | #10 ""9/2 @ d-4X_F_SSU"" (2441)",2026-09-12T02:17:54.953Z,178917947495301
"-- starting hand #213 (id: jrbrurqk8iny)  No Limit Texas Hold'em (dealer: ""gurt @ gpP9uUffpu"") --",2026-09-12T02:17:54.953Z,178917947495300
"""LingWae @ FQN9hzhzP_"" shows a 2♣.",2026-09-12T02:17:53.474Z,178917947347400
"Undealt cards:  [K♥, 4♥, 4♦, 2♦, 8♦]",2026-09-12T02:17:48.689Z,178917946868900
"-- ending hand #212 --",2026-09-12T02:17:48.347Z,178917946834702
"""9/2 @ d-4X_F_SSU"" collected 10 from pot",2026-09-12T02:17:48.347Z,178917946834701
"Uncalled bet of 5 returned to ""9/2 @ d-4X_F_SSU""",2026-09-12T02:17:48.347Z,178917946834700
"""gurt @ gpP9uUffpu"" folds",2026-09-12T02:17:47.492Z,178917946749200
"""LingWae @ FQN9hzhzP_"" folds",2026-09-12T02:17:45.800Z,178917946580000
"""9/2 @ d-4X_F_SSU"" posts a big blind of 10",2026-09-12T02:17:43.900Z,178917946390006
"""gurt @ gpP9uUffpu"" posts a small blind of 5",2026-09-12T02:17:43.900Z,178917946390005
"Player stacks: #1 ""LingWae @ FQN9hzhzP_"" (338) | #8 ""gurt @ gpP9uUffpu"" (4366) | #10 ""9/2 @ d-4X_F_SSU"" (2436)",2026-09-12T02:17:43.900Z,178917946390001
"-- starting hand #212 (id: imhdccigslgr)  No Limit Texas Hold'em (dealer: ""LingWae @ FQN9hzhzP_"") --",2026-09-12T02:17:43.900Z,178917946390000
"""gurt @ gpP9uUffpu"" shows a 8♣, 4♣.",2026-09-12T02:17:36.460Z,178917945646000
"-- ending hand #211 --",2026-09-12T02:17:35.390Z,178917945539002
"""LingWae @ FQN9hzhzP_"" collected 169 from pot with Two Pair, 10's & 5's on the second run  (combination: A♠, 5♠, 5♦, 10♥, 10♠)",2026-09-12T02:17:35.390Z,178917945539001
"""LingWae @ FQN9hzhzP_"" collected 169 from pot with Pair, 10's (combination: 8♦, J♥, A♦, 10♥, 10♠)",2026-09-12T02:17:35.390Z,178917945539000
"River (second run): 5♠, Q♥, 5♦, 6♠ [A♠]",2026-09-12T02:17:31.386Z,178917945138600
"Turn (second run): 5♠, Q♥, 5♦ [6♠]",2026-09-12T02:17:27.369Z,178917944736900
"Flop (second run):  [5♠, Q♥, 5♦]",2026-09-12T02:17:23.359Z,178917944335900
"River: 4♠, J♥, 3♣, A♦ [8♦]",2026-09-12T02:17:19.303Z,178917943930300
"Turn: 4♠, J♥, 3♣ [A♦]",2026-09-12T02:17:15.298Z,178917943529800
"Flop:  [4♠, J♥, 3♣]",2026-09-12T02:17:11.284Z,178917943128400
"""9/2 @ d-4X_F_SSU"" shows a 9♣, K♣.",2026-09-12T02:17:07.280Z,178917942728001
"""LingWae @ FQN9hzhzP_"" shows a 10♥, 10♠.",2026-09-12T02:17:07.280Z,178917942728000
"All players in hand choose to run it twice.",2026-09-12T02:17:06.440Z,178917942644001
"""LingWae @ FQN9hzhzP_"" chooses to  run it twice.",2026-09-12T02:17:06.440Z,178917942644000
"""9/2 @ d-4X_F_SSU"" chooses to  run it twice.",2026-09-12T02:17:06.315Z,178917942631500
"Remaining players decide whether to run it twice.",2026-09-12T02:17:05.530Z,178917942553001
"""9/2 @ d-4X_F_SSU"" calls 164",2026-09-12T02:17:05.530Z,178917942553000
"""gurt @ gpP9uUffpu"" folds",2026-09-12T02:17:04.647Z,178917942464700
"""LingWae @ FQN9hzhzP_"" raises to 164 and go all in",2026-09-12T02:17:03.102Z,178917942310200
"""9/2 @ d-4X_F_SSU"" raises to 40",2026-09-12T02:17:01.377Z,178917942137700
"""gurt @ gpP9uUffpu"" posts a big blind of 10",2026-09-12T02:16:57.984Z,178917941798406
"""LingWae @ FQN9hzhzP_"" posts a small blind of 5",2026-09-12T02:16:57.984Z,178917941798405
"Your hand is 8♣, 4♣",2026-09-12T02:16:57.984Z,178917941798403
"Player stacks: #1 ""LingWae @ FQN9hzhzP_"" (164) | #8 ""gurt @ gpP9uUffpu"" (4376) | #10 ""9/2 @ d-4X_F_SSU"" (2600)",2026-09-12T02:16:57.984Z,178917941798401
"-- starting hand #211 (id: ps3shyn1lkpc)  No Limit Texas Hold'em (dealer: ""9/2 @ d-4X_F_SSU"") --",2026-09-12T02:16:57.984Z,178917941798400
"Undealt cards:  [5♦, 10♥, 7♥, 3♥, 3♠]",2026-09-12T02:16:53.913Z,178917941391300
"-- ending hand #210 --",2026-09-12T02:16:52.068Z,178917941206802
"""LingWae @ FQN9hzhzP_"" collected 10 from pot",2026-09-12T02:16:52.068Z,178917941206801
"Uncalled bet of 5 returned to ""LingWae @ FQN9hzhzP_""",2026-09-12T02:16:52.068Z,178917941206800
"""9/2 @ d-4X_F_SSU"" folds",2026-09-12T02:16:51.266Z,178917941126600
"""gurt @ gpP9uUffpu"" folds",2026-09-12T02:16:50.378Z,178917941037800
"""LingWae @ FQN9hzhzP_"" posts a big blind of 10",2026-09-12T02:16:48.590Z,178917940859006
"""9/2 @ d-4X_F_SSU"" posts a small blind of 5",2026-09-12T02:16:48.590Z,178917940859005
"Player stacks: #1 ""LingWae @ FQN9hzhzP_"" (159) | #8 ""gurt @ gpP9uUffpu"" (4376) | #10 ""9/2 @ d-4X_F_SSU"" (2605)",2026-09-12T02:16:48.590Z,178917940859001
"-- starting hand #210 (id: xkburd8ux5z8)  No Limit Texas Hold'em (dealer: ""gurt @ gpP9uUffpu"") --",2026-09-12T02:16:48.590Z,178917940859000
"""gurt @ gpP9uUffpu"" shows a 5♠, 6♣.",2026-09-12T02:16:45.160Z,178917940516000
"""LingWae @ FQN9hzhzP_"" shows a 2♣, 5♥.",2026-09-12T02:16:42.524Z,178917940252400
"-- ending hand #209 --",2026-09-12T02:16:41.571Z,178917940157102
"""9/2 @ d-4X_F_SSU"" collected 180 from pot with Flush, K High (combination: 3♥, 4♥, 7♥, 8♥, K♥)",2026-09-12T02:16:41.571Z,178917940157101
"""9/2 @ d-4X_F_SSU"" shows a K♥, 9♦.",2026-09-12T02:16:41.571Z,178917940157100
"""gurt @ gpP9uUffpu"" calls 30",2026-09-12T02:16:40.759Z,178917940075900
"""9/2 @ d-4X_F_SSU"" bets 30",2026-09-12T02:16:36.151Z,178917939615100
"""gurt @ gpP9uUffpu"" checks",2026-09-12T02:16:34.661Z,178917939466100
"River: 7♥, 3♥, 8♥, A♠ [4♥]",2026-09-12T02:16:33.413Z,178917939341300
"""9/2 @ d-4X_F_SSU"" checks",2026-09-12T02:16:32.595Z,178917939259500
"""gurt @ gpP9uUffpu"" checks",2026-09-12T02:16:31.589Z,178917939158900
"Turn: 7♥, 3♥, 8♥ [A♠]",2026-09-12T02:16:30.556Z,178917939055600
"""gurt @ gpP9uUffpu"" calls 30",2026-09-12T02:16:29.692Z,178917938969200
"""9/2 @ d-4X_F_SSU"" bets 30",2026-09-12T02:16:28.790Z,178917938879000
"""gurt @ gpP9uUffpu"" checks",2026-09-12T02:16:27.037Z,178917938703700
"Flop:  [7♥, 3♥, 8♥]",2026-09-12T02:16:25.458Z,178917938545800
"""9/2 @ d-4X_F_SSU"" calls 30",2026-09-12T02:16:24.634Z,178917938463400
"""gurt @ gpP9uUffpu"" raises to 30",2026-09-12T02:16:23.689Z,178917938368900
"""LingWae @ FQN9hzhzP_"" folds",2026-09-12T02:16:21.885Z,178917938188500
"""9/2 @ d-4X_F_SSU"" posts a big blind of 10",2026-09-12T02:16:20.361Z,178917938036106
"""gurt @ gpP9uUffpu"" posts a small blind of 5",2026-09-12T02:16:20.361Z,178917938036105
"Your hand is 5♠, 6♣",2026-09-12T02:16:20.361Z,178917938036103
"Player stacks: #1 ""LingWae @ FQN9hzhzP_"" (159) | #8 ""gurt @ gpP9uUffpu"" (4466) | #10 ""9/2 @ d-4X_F_SSU"" (2515)",2026-09-12T02:16:20.361Z,178917938036101
"-- starting hand #209 (id: wo2n1j1mh55a)  No Limit Texas Hold'em (dealer: ""LingWae @ FQN9hzhzP_"") --",2026-09-12T02:16:20.361Z,178917938036100
"""LingWae @ FQN9hzhzP_"" shows a 2♠.",2026-09-12T02:16:15.949Z,178917937594900
"Undealt cards:  [2♦, Q♥, A♠, 8♥, 9♣]",2026-09-12T02:16:14.751Z,178917937475100
"-- ending hand #208 --",2026-09-12T02:16:13.752Z,178917937375202
"""gurt @ gpP9uUffpu"" collected 10 from pot",2026-09-12T02:16:13.752Z,178917937375201
"Uncalled bet of 5 returned to ""gurt @ gpP9uUffpu""",2026-09-12T02:16:13.752Z,178917937375200
"""LingWae @ FQN9hzhzP_"" folds",2026-09-12T02:16:12.846Z,178917937284600
"""9/2 @ d-4X_F_SSU"" folds",2026-09-12T02:16:10.619Z,178917937061900
"""gurt @ gpP9uUffpu"" posts a big blind of 10",2026-09-12T02:16:09.188Z,178917936918806
"""LingWae @ FQN9hzhzP_"" posts a small blind of 5",2026-09-12T02:16:09.188Z,178917936918805
"Player stacks: #1 ""LingWae @ FQN9hzhzP_"" (164) | #8 ""gurt @ gpP9uUffpu"" (4461) | #10 ""9/2 @ d-4X_F_SSU"" (2515)",2026-09-12T02:16:09.188Z,178917936918801
"-- starting hand #208 (id: gr5ew5qzx7mm)  No Limit Texas Hold'em (dealer: ""9/2 @ d-4X_F_SSU"") --",2026-09-12T02:16:09.188Z,178917936918800
"-- ending hand #207 --",2026-09-12T02:16:03.153Z,178917936315302
"""9/2 @ d-4X_F_SSU"" collected 270 from pot with Three of a Kind, 10's (combination: K♥, A♣, 10♥, 10♦, 10♠)",2026-09-12T02:16:03.153Z,178917936315301
"""9/2 @ d-4X_F_SSU"" shows a 10♥, A♣.",2026-09-12T02:16:03.153Z,178917936315300
"""gurt @ gpP9uUffpu"" calls 30",2026-09-12T02:16:02.330Z,178917936233000
"""9/2 @ d-4X_F_SSU"" bets 30",2026-09-12T02:16:00.317Z,178917936031700
"River: 10♦, K♥, J♣, 10♠ [5♦]",2026-09-12T02:15:58.518Z,178917935851800
"""gurt @ gpP9uUffpu"" calls 10",2026-09-12T02:15:57.644Z,178917935764400
"""9/2 @ d-4X_F_SSU"" bets 10",2026-09-12T02:15:56.126Z,178917935612600
"Turn: 10♦, K♥, J♣ [10♠]",2026-09-12T02:15:54.949Z,178917935494900
"""gurt @ gpP9uUffpu"" checks",2026-09-12T02:15:54.133Z,178917935413300
"""9/2 @ d-4X_F_SSU"" checks",2026-09-12T02:15:48.127Z,178917934812700
"Flop:  [10♦, K♥, J♣]",2026-09-12T02:15:46.483Z,178917934648300
"""gurt @ gpP9uUffpu"" calls 90",2026-09-12T02:15:45.636Z,178917934563600
"""LingWae @ FQN9hzhzP_"" folds",2026-09-12T02:15:44.390Z,178917934439000
"""9/2 @ d-4X_F_SSU"" raises to 90",2026-09-12T02:15:42.299Z,178917934229900
"""gurt @ gpP9uUffpu"" raises to 30",2026-09-12T02:15:36.485Z,178917933648500
"""LingWae @ FQN9hzhzP_"" posts a big blind of 10",2026-09-12T02:15:33.870Z,178917933387006
"""9/2 @ d-4X_F_SSU"" posts a small blind of 5",2026-09-12T02:15:33.870Z,178917933387005
"Player stacks: #1 ""LingWae @ FQN9hzhzP_"" (174) | #8 ""gurt @ gpP9uUffpu"" (4591) | #10 ""9/2 @ d-4X_F_SSU"" (2375)",2026-09-12T02:15:33.870Z,178917933387001
"-- starting hand #207 (id: 4rmnplsxkwft)  No Limit Texas Hold'em (dealer: ""gurt @ gpP9uUffpu"") --",2026-09-12T02:15:33.870Z,178917933387000
"""9/2 @ d-4X_F_SSU"" shows a 8♠.",2026-09-12T02:15:29.994Z,178917932999400
"-- ending hand #206 --",2026-09-12T02:15:27.270Z,178917932727002
"""gurt @ gpP9uUffpu"" collected 264 from pot with Flush, A High (combination: 4♥, 8♥, 9♥, 10♥, A♥)",2026-09-12T02:15:27.270Z,178917932727001
"""gurt @ gpP9uUffpu"" shows a 8♥, A♥.",2026-09-12T02:15:27.270Z,178917932727000
"""9/2 @ d-4X_F_SSU"" calls 88",2026-09-12T02:15:26.391Z,178917932639100
"""gurt @ gpP9uUffpu"" bets 88",2026-09-12T02:15:23.423Z,178917932342300
"River: 4♥, 9♥, 10♥, 7♣ [6♠]",2026-09-12T02:15:14.857Z,178917931485700
"""9/2 @ d-4X_F_SSU"" checks",2026-09-12T02:15:14.039Z,178917931403900
"""gurt @ gpP9uUffpu"" checks",2026-09-12T02:15:13.048Z,178917931304800
"Turn: 4♥, 9♥, 10♥ [7♣]",2026-09-12T02:15:11.558Z,178917931155800
"""9/2 @ d-4X_F_SSU"" checks",2026-09-12T02:15:10.693Z,178917931069300
"""gurt @ gpP9uUffpu"" checks",2026-09-12T02:15:09.006Z,178917930900600
"Flop:  [4♥, 9♥, 10♥]",2026-09-12T02:15:06.954Z,178917930695400
"""9/2 @ d-4X_F_SSU"" calls 44",2026-09-12T02:15:06.101Z,178917930610100
"""gurt @ gpP9uUffpu"" raises to 44",2026-09-12T02:15:04.211Z,178917930421100
"""LingWae @ FQN9hzhzP_"" folds",2026-09-12T02:15:02.115Z,178917930211500
"""9/2 @ d-4X_F_SSU"" posts a big blind of 10",2026-09-12T02:14:58.745Z,178917929874506
"""gurt @ gpP9uUffpu"" posts a small blind of 5",2026-09-12T02:14:58.745Z,178917929874505
"Your hand is 8♥, A♥",2026-09-12T02:14:58.745Z,178917929874503
"Player stacks: #1 ""LingWae @ FQN9hzhzP_"" (174) | #8 ""gurt @ gpP9uUffpu"" (4459) | #10 ""9/2 @ d-4X_F_SSU"" (2507)",2026-09-12T02:14:58.745Z,178917929874501
"-- starting hand #206 (id: gbaibuxte0wg)  No Limit Texas Hold'em (dealer: ""LingWae @ FQN9hzhzP_"") --",2026-09-12T02:14:58.745Z,178917929874500
"""gurt @ gpP9uUffpu"" shows a Q♠.",2026-09-12T02:14:56.762Z,178917929676200
"Undealt cards:  [6♥, 5♦, Q♣, A♥, 7♦]",2026-09-12T02:14:53.498Z,178917929349800
"-- ending hand #205 --",2026-09-12T02:14:52.140Z,178917929214002
"""gurt @ gpP9uUffpu"" collected 65 from pot",2026-09-12T02:14:52.140Z,178917929214001
"Uncalled bet of 90 returned to ""gurt @ gpP9uUffpu""",2026-09-12T02:14:52.140Z,178917929214000
"""9/2 @ d-4X_F_SSU"" folds",2026-09-12T02:14:51.286Z,178917929128600
"""gurt @ gpP9uUffpu"" raises to 120",2026-09-12T02:14:49.447Z,178917928944700
"""LingWae @ FQN9hzhzP_"" folds",2026-09-12T02:14:47.079Z,178917928707900
"""9/2 @ d-4X_F_SSU"" raises to 30",2026-09-12T02:14:41.379Z,178917928137900
"""gurt @ gpP9uUffpu"" posts a big blind of 10",2026-09-12T02:14:39.208Z,178917927920806
"""LingWae @ FQN9hzhzP_"" posts a small blind of 5",2026-09-12T02:14:39.208Z,178917927920805
"Player stacks: #1 ""LingWae @ FQN9hzhzP_"" (179) | #8 ""gurt @ gpP9uUffpu"" (4424) | #10 ""9/2 @ d-4X_F_SSU"" (2537)",2026-09-12T02:14:39.208Z,178917927920801
"-- starting hand #205 (id: yhgafkbmvphj)  No Limit Texas Hold'em (dealer: ""9/2 @ d-4X_F_SSU"") --",2026-09-12T02:14:39.208Z,178917927920800
"""gurt @ gpP9uUffpu"" shows a 7♣, 10♣.",2026-09-12T02:14:37.519Z,178917927751900
"Undealt cards: 3♦, Q♦, 4♣ [2♣, Q♣]",2026-09-12T02:14:33.244Z,178917927324400
"-- ending hand #204 --",2026-09-12T02:14:32.581Z,178917927258102
"""LingWae @ FQN9hzhzP_"" collected 71 from pot",2026-09-12T02:14:32.581Z,178917927258101
"Uncalled bet of 108 returned to ""LingWae @ FQN9hzhzP_""",2026-09-12T02:14:32.581Z,178917927258100
"""gurt @ gpP9uUffpu"" folds",2026-09-12T02:14:31.736Z,178917927173600
"""LingWae @ FQN9hzhzP_"" bets 108 and go all in",2026-09-12T02:14:29.857Z,178917926985700
"Flop:  [3♦, Q♦, 4♣]",2026-09-12T02:14:26.474Z,178917926647400
"""LingWae @ FQN9hzhzP_"" calls 33",2026-09-12T02:14:25.628Z,178917926562800
"""9/2 @ d-4X_F_SSU"" folds",2026-09-12T02:14:22.738Z,178917926273800
"""gurt @ gpP9uUffpu"" raises to 33",2026-09-12T02:14:20.880Z,178917926088000
"""LingWae @ FQN9hzhzP_"" posts a big blind of 10",2026-09-12T02:14:19.571Z,178917925957106
"""9/2 @ d-4X_F_SSU"" posts a small blind of 5",2026-09-12T02:14:19.571Z,178917925957105
"Your hand is 7♣, 10♣",2026-09-12T02:14:19.571Z,178917925957103
"Player stacks: #1 ""LingWae @ FQN9hzhzP_"" (141) | #8 ""gurt @ gpP9uUffpu"" (4457) | #10 ""9/2 @ d-4X_F_SSU"" (2542)",2026-09-12T02:14:19.571Z,178917925957101
"-- starting hand #204 (id: sjuxjoxyr3my)  No Limit Texas Hold'em (dealer: ""gurt @ gpP9uUffpu"") --",2026-09-12T02:14:19.571Z,178917925957100
"""9/2 @ d-4X_F_SSU"" shows a A♠, A♥.",2026-09-12T02:14:14.730Z,178917925473000
"Undealt cards:  [5♥, 3♣, J♠, 6♠, 3♠]",2026-09-12T02:14:13.271Z,178917925327100
"-- ending hand #203 --",2026-09-12T02:14:12.963Z,178917925296302
"""9/2 @ d-4X_F_SSU"" collected 20 from pot",2026-09-12T02:14:12.963Z,178917925296301
"Uncalled bet of 40 returned to ""9/2 @ d-4X_F_SSU""",2026-09-12T02:14:12.963Z,178917925296300
"""gurt @ gpP9uUffpu"" folds",2026-09-12T02:14:12.067Z,178917925206700
"""9/2 @ d-4X_F_SSU"" raises to 50",2026-09-12T02:14:10.102Z,178917925010200
"""gurt @ gpP9uUffpu"" calls 10",2026-09-12T02:14:02.414Z,178917924241400
"""LingWae @ FQN9hzhzP_"" folds",2026-09-12T02:13:58.991Z,178917923899100
"""9/2 @ d-4X_F_SSU"" posts a big blind of 10",2026-09-12T02:13:56.310Z,178917923631007
"""gurt @ gpP9uUffpu"" posts a small blind of 5",2026-09-12T02:13:56.310Z,178917923631006
"Player stacks: #1 ""LingWae @ FQN9hzhzP_"" (141) | #8 ""gurt @ gpP9uUffpu"" (4467) | #10 ""9/2 @ d-4X_F_SSU"" (2532)",2026-09-12T02:13:56.310Z,178917923631002
"-- starting hand #203 (id: fnjxraljuol1)  No Limit Texas Hold'em (dealer: ""LingWae @ FQN9hzhzP_"") --",2026-09-12T02:13:56.310Z,178917923631001
"The admin updated the player ""LingWae @ FQN9hzhzP_"" stack from 1391 to 141.",2026-09-12T02:13:56.310Z,178917923631000
"-- ending hand #202 --",2026-09-12T02:13:50.306Z,178917923030602
"""gurt @ gpP9uUffpu"" collected 579 from pot with Two Pair, 9's & 7's (combination: J♣, 7♣, 7♦, 9♥, 9♠)",2026-09-12T02:13:50.306Z,178917923030601
"""gurt @ gpP9uUffpu"" shows a 9♥, 7♣.",2026-09-12T02:13:50.306Z,178917923030600
"""9/2 @ d-4X_F_SSU"" calls 101",2026-09-12T02:13:49.466Z,178917922946600
"""gurt @ gpP9uUffpu"" bets 101",2026-09-12T02:13:48.394Z,178917922839400
"River: 5♥, 8♦, J♣, 7♦ [9♠]",2026-09-12T02:13:42.260Z,178917922226000
"""9/2 @ d-4X_F_SSU"" calls 66",2026-09-12T02:13:41.433Z,178917922143300
"""gurt @ gpP9uUffpu"" bets 66",2026-09-12T02:13:36.282Z,178917921628200
"WARNING: the admin queued the stack change for the player ""LingWae @ FQN9hzhzP_"" removing 1250 chips in the next hand.",2026-09-12T02:13:33.746Z,178917921374600
"Turn: 5♥, 8♦, J♣ [7♦]",2026-09-12T02:13:25.201Z,178917920520100
"""9/2 @ d-4X_F_SSU"" calls 80",2026-09-12T02:13:24.355Z,178917920435500
"""gurt @ gpP9uUffpu"" raises to 80",2026-09-12T02:13:23.295Z,178917920329500
"""9/2 @ d-4X_F_SSU"" bets 20",2026-09-12T02:13:19.895Z,178917919989500
"""gurt @ gpP9uUffpu"" checks",2026-09-12T02:13:17.868Z,178917919786800
"Flop:  [5♥, 8♦, J♣]",2026-09-12T02:13:16.575Z,178917919657500
"""gurt @ gpP9uUffpu"" calls 40",2026-09-12T02:13:15.656Z,178917919565600
"""LingWae @ FQN9hzhzP_"" folds",2026-09-12T02:13:14.720Z,178917919472000
"""9/2 @ d-4X_F_SSU"" raises to 40",2026-09-12T02:13:13.547Z,178917919354700
"""gurt @ gpP9uUffpu"" posts a big blind of 10",2026-09-12T02:13:10.205Z,178917919020506
"""LingWae @ FQN9hzhzP_"" posts a small blind of 5",2026-09-12T02:13:10.205Z,178917919020505
"Your hand is 9♥, 7♣",2026-09-12T02:13:10.205Z,178917919020503
"Player stacks: #1 ""LingWae @ FQN9hzhzP_"" (1396) | #8 ""gurt @ gpP9uUffpu"" (4175) | #10 ""9/2 @ d-4X_F_SSU"" (2819)",2026-09-12T02:13:10.205Z,178917919020501
"-- starting hand #202 (id: bapmensyayde)  No Limit Texas Hold'em (dealer: ""9/2 @ d-4X_F_SSU"") --",2026-09-12T02:13:10.205Z,178917919020500
"""gurt @ gpP9uUffpu"" shows a 3♥.",2026-09-12T02:13:08.242Z,178917918824200
"-- ending hand #201 --",2026-09-12T02:13:06.567Z,178917918656702
"""gurt @ gpP9uUffpu"" collected 130 from pot",2026-09-12T02:13:06.567Z,178917918656701
"Uncalled bet of 90 returned to ""gurt @ gpP9uUffpu""",2026-09-12T02:13:06.567Z,178917918656700
"""9/2 @ d-4X_F_SSU"" folds",2026-09-12T02:13:05.678Z,178917918567800
"""gurt @ gpP9uUffpu"" bets 90",2026-09-12T02:13:02.477Z,178917918247700
"""9/2 @ d-4X_F_SSU"" checks",2026-09-12T02:12:59.906Z,178917917990600
"River: K♥, J♥, 6♣, 9♦ [5♥]",2026-09-12T02:12:58.873Z,178917917887300
"""9/2 @ d-4X_F_SSU"" calls 40",2026-09-12T02:12:57.971Z,178917917797100
"""gurt @ gpP9uUffpu"" raises to 40",2026-09-12T02:12:54.038Z,178917917403800
"""9/2 @ d-4X_F_SSU"" bets 10",2026-09-12T02:12:52.139Z,178917917213900
"Turn: K♥, J♥, 6♣ [9♦]",2026-09-12T02:12:51.668Z,178917917166800
"""LingWae @ FQN9hzhzP_"" folds",2026-09-12T02:12:50.790Z,178917917079000
"""9/2 @ d-4X_F_SSU"" calls 10",2026-09-12T02:12:48.407Z,178917916840700
"""gurt @ gpP9uUffpu"" bets 10",2026-09-12T02:12:47.481Z,178917916748100
"""LingWae @ FQN9hzhzP_"" checks",2026-09-12T02:12:45.919Z,178917916591900
"""9/2 @ d-4X_F_SSU"" checks",2026-09-12T02:12:44.319Z,178917916431900
"Flop:  [K♥, J♥, 6♣]",2026-09-12T02:12:42.717Z,178917916271700
"""LingWae @ FQN9hzhzP_"" checks",2026-09-12T02:12:41.907Z,178917916190700
"""9/2 @ d-4X_F_SSU"" calls 10",2026-09-12T02:12:39.056Z,178917915905600
"""gurt @ gpP9uUffpu"" calls 10",2026-09-12T02:12:37.411Z,178917915741100
"""LingWae @ FQN9hzhzP_"" posts a big blind of 10",2026-09-12T02:12:35.460Z,178917915546006
"""9/2 @ d-4X_F_SSU"" posts a small blind of 5",2026-09-12T02:12:35.460Z,178917915546005
"Player stacks: #1 ""LingWae @ FQN9hzhzP_"" (1406) | #8 ""gurt @ gpP9uUffpu"" (4105) | #10 ""9/2 @ d-4X_F_SSU"" (2879)",2026-09-12T02:12:35.460Z,178917915546001
"-- starting hand #201 (id: sfalabx9ldr3)  No Limit Texas Hold'em (dealer: ""gurt @ gpP9uUffpu"") --",2026-09-12T02:12:35.460Z,178917915546000
"Undealt cards:  [6♥, 9♣, J♥, 2♣, A♣]",2026-09-12T02:12:32.463Z,178917915246300
"-- ending hand #200 --",2026-09-12T02:12:29.449Z,178917914944902
"""9/2 @ d-4X_F_SSU"" collected 10 from pot",2026-09-12T02:12:29.449Z,178917914944901
"Uncalled bet of 5 returned to ""9/2 @ d-4X_F_SSU""",2026-09-12T02:12:29.449Z,178917914944900
"""gurt @ gpP9uUffpu"" folds",2026-09-12T02:12:28.494Z,178917914849400
"""LingWae @ FQN9hzhzP_"" folds",2026-09-12T02:12:26.264Z,178917914626400
"""9/2 @ d-4X_F_SSU"" posts a big blind of 10",2026-09-12T02:12:23.849Z,178917914384906
"""gurt @ gpP9uUffpu"" posts a small blind of 5",2026-09-12T02:12:23.849Z,178917914384905
"Player stacks: #1 ""LingWae @ FQN9hzhzP_"" (1406) | #8 ""gurt @ gpP9uUffpu"" (4110) | #10 ""9/2 @ d-4X_F_SSU"" (2874)",2026-09-12T02:12:23.849Z,178917914384901
"-- starting hand #200 (id: mlabhaq4do1l)  No Limit Texas Hold'em (dealer: ""LingWae @ FQN9hzhzP_"") --",2026-09-12T02:12:23.849Z,178917914384900
"-- ending hand #199 --",2026-09-12T02:12:17.804Z,178917913780402
"""LingWae @ FQN9hzhzP_"" collected 300 from pot with Pair, A's (combination: 6♣, 7♥, J♠, A♣, A♦)",2026-09-12T02:12:17.804Z,178917913780401
"""LingWae @ FQN9hzhzP_"" shows a A♣, 2♦.",2026-09-12T02:12:17.804Z,178917913780400
"""9/2 @ d-4X_F_SSU"" calls 67",2026-09-12T02:12:16.994Z,178917913699400
"""gurt @ gpP9uUffpu"" calls 67",2026-09-12T02:12:15.687Z,178917913568700
"""LingWae @ FQN9hzhzP_"" bets 67",2026-09-12T02:12:14.637Z,178917913463700
"River: J♠, 5♠, 6♣, A♦ [7♥]",2026-09-12T02:12:10.560Z,178917913056000
"""9/2 @ d-4X_F_SSU"" checks",2026-09-12T02:12:09.750Z,178917912975000
"""gurt @ gpP9uUffpu"" checks",2026-09-12T02:12:08.859Z,178917912885900
"""LingWae @ FQN9hzhzP_"" checks",2026-09-12T02:12:07.433Z,178917912743300
"Turn: J♠, 5♠, 6♣ [A♦]",2026-09-12T02:12:05.361Z,178917912536100
"""9/2 @ d-4X_F_SSU"" checks",2026-09-12T02:12:04.484Z,178917912448400
"""gurt @ gpP9uUffpu"" checks",2026-09-12T02:12:03.118Z,178917912311800
"""LingWae @ FQN9hzhzP_"" checks",2026-09-12T02:12:01.207Z,178917912120700
"Flop:  [J♠, 5♠, 6♣]",2026-09-12T02:11:57.286Z,178917911728600
"""LingWae @ FQN9hzhzP_"" calls 33",2026-09-12T02:11:56.438Z,178917911643800
"""9/2 @ d-4X_F_SSU"" calls 33",2026-09-12T02:11:54.591Z,178917911459100
"""gurt @ gpP9uUffpu"" raises to 33",2026-09-12T02:11:52.036Z,178917911203600
"""LingWae @ FQN9hzhzP_"" calls 10",2026-09-12T02:11:50.114Z,178917911011400
"""9/2 @ d-4X_F_SSU"" calls 10",2026-09-12T02:11:48.775Z,178917910877500
"""gurt @ gpP9uUffpu"" posts a big blind of 10",2026-09-12T02:11:47.365Z,178917910736506
"""LingWae @ FQN9hzhzP_"" posts a small blind of 5",2026-09-12T02:11:47.365Z,178917910736505
"Player stacks: #1 ""LingWae @ FQN9hzhzP_"" (1206) | #8 ""gurt @ gpP9uUffpu"" (4210) | #10 ""9/2 @ d-4X_F_SSU"" (2974)",2026-09-12T02:11:47.365Z,178917910736501
"-- starting hand #199 (id: f9s9trcgrvfn)  No Limit Texas Hold'em (dealer: ""9/2 @ d-4X_F_SSU"") --",2026-09-12T02:11:47.365Z,178917910736500
"-- ending hand #198 --",2026-09-12T02:11:41.278Z,178917910127803
"""LingWae @ FQN9hzhzP_"" collected 330 from pot with Pair, A's (combination: 9♥, 10♦, K♥, A♠, A♦)",2026-09-12T02:11:41.278Z,178917910127802
"""LingWae @ FQN9hzhzP_"" shows a A♠, K♥.",2026-09-12T02:11:41.278Z,178917910127801
"""9/2 @ d-4X_F_SSU"" shows a A♥, 5♥.",2026-09-12T02:11:41.278Z,178917910127800
"""LingWae @ FQN9hzhzP_"" checks",2026-09-12T02:11:40.455Z,178917910045500
"""9/2 @ d-4X_F_SSU"" checks",2026-09-12T02:11:39.519Z,178917909951900
"River: 9♥, 7♦, 10♦, 8♣ [A♦]",2026-09-12T02:11:39.283Z,178917909928300
"""LingWae @ FQN9hzhzP_"" checks",2026-09-12T02:11:38.447Z,178917909844700
"""9/2 @ d-4X_F_SSU"" checks",2026-09-12T02:11:37.555Z,178917909755500
"Turn: 9♥, 7♦, 10♦ [8♣]",2026-09-12T02:11:36.967Z,178917909696700
"""LingWae @ FQN9hzhzP_"" checks",2026-09-12T02:11:36.136Z,178917909613600
"""9/2 @ d-4X_F_SSU"" checks",2026-09-12T02:11:33.523Z,178917909352300
"Flop:  [9♥, 7♦, 10♦]",2026-09-12T02:11:32.355Z,178917909235500
"""9/2 @ d-4X_F_SSU"" calls 160",2026-09-12T02:11:31.495Z,178917909149500
"""gurt @ gpP9uUffpu"" folds",2026-09-12T02:11:29.047Z,178917908904700
"""LingWae @ FQN9hzhzP_"" raises to 160",2026-09-12T02:11:27.080Z,178917908708000
"""9/2 @ d-4X_F_SSU"" raises to 40",2026-09-12T02:11:22.231Z,178917908223100
"""gurt @ gpP9uUffpu"" calls 10",2026-09-12T02:11:19.739Z,178917907973900
"""LingWae @ FQN9hzhzP_"" posts a big blind of 10",2026-09-12T02:11:18.056Z,178917907805606
"""9/2 @ d-4X_F_SSU"" posts a small blind of 5",2026-09-12T02:11:18.056Z,178917907805605
"Player stacks: #1 ""LingWae @ FQN9hzhzP_"" (1036) | #8 ""gurt @ gpP9uUffpu"" (4220) | #10 ""9/2 @ d-4X_F_SSU"" (3134)",2026-09-12T02:11:18.056Z,178917907805601
"-- starting hand #198 (id: ctjpyuvkfn8g)  No Limit Texas Hold'em (dealer: ""gurt @ gpP9uUffpu"") --",2026-09-12T02:11:18.056Z,178917907805600
"-- ending hand #197 --",2026-09-12T02:11:15.144Z,178917907514402
"""9/2 @ d-4X_F_SSU"" collected 338 from pot",2026-09-12T02:11:15.144Z,178917907514401
"Uncalled bet of 90 returned to ""9/2 @ d-4X_F_SSU""",2026-09-12T02:11:15.144Z,178917907514400
"""gurt @ gpP9uUffpu"" folds",2026-09-12T02:11:14.273Z,178917907427300
"""9/2 @ d-4X_F_SSU"" bets 90",2026-09-12T02:11:01.264Z,178917906126400
"""gurt @ gpP9uUffpu"" checks",2026-09-12T02:10:58.578Z,178917905857800
"River: 10♣, K♦, 2♦, 7♠ [Q♠]",2026-09-12T02:10:54.490Z,178917905449000
"""gurt @ gpP9uUffpu"" calls 32",2026-09-12T02:10:53.671Z,178917905367100
"""9/2 @ d-4X_F_SSU"" bets 32",2026-09-12T02:10:52.051Z,178917905205100
"""gurt @ gpP9uUffpu"" checks",2026-09-12T02:10:49.887Z,178917904988700
"Turn: 10♣, K♦, 2♦ [7♠]",2026-09-12T02:10:44.376Z,178917904437600
"""9/2 @ d-4X_F_SSU"" checks",2026-09-12T02:10:43.534Z,178917904353400
"""gurt @ gpP9uUffpu"" checks",2026-09-12T02:10:38.326Z,178917903832600
"Flop:  [10♣, K♦, 2♦]",2026-09-12T02:10:36.652Z,178917903665200
"""gurt @ gpP9uUffpu"" calls 132",2026-09-12T02:10:35.808Z,178917903580800
"""LingWae @ FQN9hzhzP_"" folds",2026-09-12T02:10:33.474Z,178917903347400
"""9/2 @ d-4X_F_SSU"" raises to 132",2026-09-12T02:10:31.874Z,178917903187400
"""gurt @ gpP9uUffpu"" raises to 33",2026-09-12T02:10:28.368Z,178917902836800
"""LingWae @ FQN9hzhzP_"" calls 10",2026-09-12T02:10:26.403Z,178917902640300
"""9/2 @ d-4X_F_SSU"" posts a big blind of 10",2026-09-12T02:10:20.752Z,178917902075206
"""gurt @ gpP9uUffpu"" posts a small blind of 5",2026-09-12T02:10:20.752Z,178917902075205
"Player stacks: #1 ""LingWae @ FQN9hzhzP_"" (1046) | #8 ""gurt @ gpP9uUffpu"" (4384) | #10 ""9/2 @ d-4X_F_SSU"" (2960)",2026-09-12T02:10:20.752Z,178917902075201
"-- starting hand #197 (id: acxbix1korwi)  No Limit Texas Hold'em (dealer: ""LingWae @ FQN9hzhzP_"") --",2026-09-12T02:10:20.752Z,178917902075200
"""LingWae @ FQN9hzhzP_"" shows a 9♠.",2026-09-12T02:10:17.587Z,178917901758700
"""9/2 @ d-4X_F_SSU"" shows a A♣, 9♥.",2026-09-12T02:10:15.867Z,178917901586700
"-- ending hand #196 --",2026-09-12T02:10:13.744Z,178917901374402
"""gurt @ gpP9uUffpu"" collected 103 from pot with Pair, 10's (combination: 5♣, 9♣, J♠, 10♠, 10♥)",2026-09-12T02:10:13.744Z,178917901374401
"""gurt @ gpP9uUffpu"" shows a 10♠, 9♣.",2026-09-12T02:10:13.744Z,178917901374400
"""9/2 @ d-4X_F_SSU"" checks",2026-09-12T02:10:12.891Z,178917901289100
"""gurt @ gpP9uUffpu"" checks",2026-09-12T02:10:11.863Z,178917901186300
"River: 10♥, 4♦, 5♣, 2♠ [J♠]",2026-09-12T02:10:10.542Z,178917901054200
"""9/2 @ d-4X_F_SSU"" checks",2026-09-12T02:10:09.678Z,178917900967800
"""gurt @ gpP9uUffpu"" checks",2026-09-12T02:10:08.675Z,178917900867500
"Turn: 10♥, 4♦, 5♣ [2♠]",2026-09-12T02:10:07.740Z,178917900774000
"""9/2 @ d-4X_F_SSU"" checks",2026-09-12T02:10:06.834Z,178917900683400
"""gurt @ gpP9uUffpu"" checks",2026-09-12T02:10:05.967Z,178917900596700
"Flop:  [10♥, 4♦, 5♣]",2026-09-12T02:10:04.830Z,178917900483000
"""gurt @ gpP9uUffpu"" calls 49",2026-09-12T02:10:04.015Z,178917900401500
"""LingWae @ FQN9hzhzP_"" folds",2026-09-12T02:10:03.044Z,178917900304400
"""9/2 @ d-4X_F_SSU"" raises to 49",2026-09-12T02:10:00.906Z,178917900090600
"""gurt @ gpP9uUffpu"" posts a big blind of 10",2026-09-12T02:09:49.686Z,178917898968606
"""LingWae @ FQN9hzhzP_"" posts a small blind of 5",2026-09-12T02:09:49.686Z,178917898968605
"Your hand is 10♠, 9♣",2026-09-12T02:09:49.686Z,178917898968603
"Player stacks: #1 ""LingWae @ FQN9hzhzP_"" (1051) | #8 ""gurt @ gpP9uUffpu"" (4330) | #10 ""9/2 @ d-4X_F_SSU"" (3009)",2026-09-12T02:09:49.686Z,178917898968601
"-- starting hand #196 (id: sificdxq13qd)  No Limit Texas Hold'em (dealer: ""9/2 @ d-4X_F_SSU"") --",2026-09-12T02:09:49.686Z,178917898968600
"""LingWae @ FQN9hzhzP_"" shows a 9♦, K♦.",2026-09-12T02:09:45.242Z,178917898524200
"-- ending hand #195 --",2026-09-12T02:09:43.084Z,178917898308402
"""9/2 @ d-4X_F_SSU"" collected 267 from pot with Pair, 4's (combination: 6♠, Q♣, A♦, 4♥, 4♦)",2026-09-12T02:09:43.084Z,178917898308401
"""9/2 @ d-4X_F_SSU"" shows a 4♥, 4♦.",2026-09-12T02:09:43.084Z,178917898308400
"""gurt @ gpP9uUffpu"" checks",2026-09-12T02:09:42.220Z,178917898222000
"""LingWae @ FQN9hzhzP_"" checks",2026-09-12T02:09:40.438Z,178917898043800
"""9/2 @ d-4X_F_SSU"" checks",2026-09-12T02:09:38.942Z,178917897894200
"River: A♦, 3♠, 6♠, 5♥ [Q♣]",2026-09-12T02:09:37.914Z,178917897791400
"""gurt @ gpP9uUffpu"" checks",2026-09-12T02:09:37.086Z,178917897708600
"""LingWae @ FQN9hzhzP_"" checks",2026-09-12T02:09:35.402Z,178917897540200
"""9/2 @ d-4X_F_SSU"" checks",2026-09-12T02:09:33.870Z,178917897387000
"Turn: A♦, 3♠, 6♠ [5♥]",2026-09-12T02:09:32.699Z,178917897269900
"""9/2 @ d-4X_F_SSU"" calls 45",2026-09-12T02:09:31.886Z,178917897188600
"""gurt @ gpP9uUffpu"" calls 45",2026-09-12T02:09:29.280Z,178917896928000
"""LingWae @ FQN9hzhzP_"" bets 45",2026-09-12T02:09:27.687Z,178917896768700
"""9/2 @ d-4X_F_SSU"" checks",2026-09-12T02:09:23.607Z,178917896360700
"Flop:  [A♦, 3♠, 6♠]",2026-09-12T02:09:19.069Z,178917895906900
"""gurt @ gpP9uUffpu"" calls 44",2026-09-12T02:09:18.151Z,178917895815100
"""LingWae @ FQN9hzhzP_"" calls 44",2026-09-12T02:09:17.156Z,178917895715600
"""9/2 @ d-4X_F_SSU"" raises to 44",2026-09-12T02:09:15.060Z,178917895506000
"""gurt @ gpP9uUffpu"" calls 10",2026-09-12T02:08:49.787Z,178917892978700
"""LingWae @ FQN9hzhzP_"" posts a big blind of 10",2026-09-12T02:08:48.179Z,178917892817906
"""9/2 @ d-4X_F_SSU"" posts a small blind of 5",2026-09-12T02:08:48.179Z,178917892817905
"Player stacks: #1 ""LingWae @ FQN9hzhzP_"" (1140) | #8 ""gurt @ gpP9uUffpu"" (4419) | #10 ""9/2 @ d-4X_F_SSU"" (2831)",2026-09-12T02:08:48.179Z,178917892817901
"-- starting hand #195 (id: mr5kf91nlz0r)  No Limit Texas Hold'em (dealer: ""gurt @ gpP9uUffpu"") --",2026-09-12T02:08:48.179Z,178917892817900
"""LingWae @ FQN9hzhzP_"" shows a 5♣, 2♦.",2026-09-12T02:08:45.310Z,178917892531000
"-- ending hand #194 --",2026-09-12T02:08:44.484Z,178917892448402
"""gurt @ gpP9uUffpu"" collected 40 from pot",2026-09-12T02:08:44.484Z,178917892448401
"Uncalled bet of 40 returned to ""gurt @ gpP9uUffpu""",2026-09-12T02:08:44.484Z,178917892448400
"""9/2 @ d-4X_F_SSU"" folds",2026-09-12T02:08:43.630Z,178917892363000
"""gurt @ gpP9uUffpu"" bets 40",2026-09-12T02:08:42.180Z,178917892218000
"River: 5♥, 2♠, A♦, Q♦ [K♠]",2026-09-12T02:08:39.576Z,178917891957600
"""gurt @ gpP9uUffpu"" calls 10",2026-09-12T02:08:38.714Z,178917891871400
"""9/2 @ d-4X_F_SSU"" bets 10",2026-09-12T02:08:35.631Z,178917891563100
"""gurt @ gpP9uUffpu"" checks",2026-09-12T02:08:34.444Z,178917891444400
"Turn: 5♥, 2♠, A♦ [Q♦]",2026-09-12T02:08:33.374Z,178917891337400
"""9/2 @ d-4X_F_SSU"" checks",2026-09-12T02:08:32.494Z,178917891249400
"""gurt @ gpP9uUffpu"" checks",2026-09-12T02:08:31.491Z,178917891149100
"Flop:  [5♥, 2♠, A♦]",2026-09-12T02:08:29.780Z,178917890978000
"""9/2 @ d-4X_F_SSU"" checks",2026-09-12T02:08:28.886Z,178917890888600
"""gurt @ gpP9uUffpu"" calls 10",2026-09-12T02:08:25.168Z,178917890516800
"""LingWae @ FQN9hzhzP_"" folds",2026-09-12T02:08:24.118Z,178917890411800
"""9/2 @ d-4X_F_SSU"" posts a big blind of 10",2026-09-12T02:08:20.267Z,178917890026706
"""gurt @ gpP9uUffpu"" posts a small blind of 5",2026-09-12T02:08:20.267Z,178917890026705
"Player stacks: #1 ""LingWae @ FQN9hzhzP_"" (1140) | #8 ""gurt @ gpP9uUffpu"" (4399) | #10 ""9/2 @ d-4X_F_SSU"" (2851)",2026-09-12T02:08:20.267Z,178917890026701
"-- starting hand #194 (id: a4bxq6cbadqh)  No Limit Texas Hold'em (dealer: ""LingWae @ FQN9hzhzP_"") --",2026-09-12T02:08:20.267Z,178917890026700
"""LingWae @ FQN9hzhzP_"" shows a 2♠, 4♣.",2026-09-12T02:08:15.551Z,178917889555100
"-- ending hand #193 --",2026-09-12T02:08:13.662Z,178917889366203
"""9/2 @ d-4X_F_SSU"" collected 125 from pot with Pair, Q's (combination: 4♥, 6♣, A♥, Q♣, Q♦)",2026-09-12T02:08:13.662Z,178917889366202
"""9/2 @ d-4X_F_SSU"" shows a 6♣, Q♣.",2026-09-12T02:08:13.662Z,178917889366201
"""gurt @ gpP9uUffpu"" shows a 4♠, K♥.",2026-09-12T02:08:13.662Z,178917889366200
"""9/2 @ d-4X_F_SSU"" calls 40",2026-09-12T02:08:12.816Z,178917889281600
"""gurt @ gpP9uUffpu"" raises to 40",2026-09-12T02:08:11.776Z,178917889177600
"""9/2 @ d-4X_F_SSU"" bets 10",2026-09-12T02:08:09.795Z,178917888979500
"""gurt @ gpP9uUffpu"" checks",2026-09-12T02:08:08.780Z,178917888878000
"River: 4♥, Q♦, 2♣, A♥ [3♣]",2026-09-12T02:08:08.260Z,178917888826000
"""gurt @ gpP9uUffpu"" calls 10",2026-09-12T02:08:07.418Z,178917888741800
"""9/2 @ d-4X_F_SSU"" bets 10",2026-09-12T02:08:06.170Z,178917888617000
"""gurt @ gpP9uUffpu"" checks",2026-09-12T02:08:05.080Z,178917888508000
"Turn: 4♥, Q♦, 2♣ [A♥]",2026-09-12T02:08:04.258Z,178917888425800
"""9/2 @ d-4X_F_SSU"" checks",2026-09-12T02:08:03.379Z,178917888337900
"""gurt @ gpP9uUffpu"" checks",2026-09-12T02:07:59.704Z,178917887970400
"Flop:  [4♥, Q♦, 2♣]",2026-09-12T02:07:58.691Z,178917887869100
"""gurt @ gpP9uUffpu"" checks",2026-09-12T02:07:57.881Z,178917887788100
"""LingWae @ FQN9hzhzP_"" folds",2026-09-12T02:07:56.941Z,178917887694100
"""9/2 @ d-4X_F_SSU"" calls 10",2026-09-12T02:07:55.994Z,178917887599400
"""gurt @ gpP9uUffpu"" posts a big blind of 10",2026-09-12T02:07:54.190Z,178917887419007
"""LingWae @ FQN9hzhzP_"" posts a small blind of 5",2026-09-12T02:07:54.190Z,178917887419006
"Your hand is 4♠, K♥",2026-09-12T02:07:54.190Z,178917887419004
"Player stacks: #1 ""LingWae @ FQN9hzhzP_"" (1145) | #8 ""gurt @ gpP9uUffpu"" (4459) | #10 ""9/2 @ d-4X_F_SSU"" (2786)",2026-09-12T02:07:54.190Z,178917887419002
"-- starting hand #193 (id: xz7yevv8oeyd)  No Limit Texas Hold'em (dealer: ""9/2 @ d-4X_F_SSU"") --",2026-09-12T02:07:54.190Z,178917887419001
"The player ""DK @ -47FT3Kv-N"" quits the game with a stack of 0.",2026-09-12T02:07:54.190Z,178917887419000
"""LingWae @ FQN9hzhzP_"" shows a 10♣, Q♣.",2026-09-12T02:07:46.500Z,178917886650000
"-- ending hand #192 --",2026-09-12T02:07:45.651Z,178917886565102
"""gurt @ gpP9uUffpu"" collected 1758 from pot with Three of a Kind, K's on the second run  (combination: Q♠, A♥, K♠, K♣, K♥)",2026-09-12T02:07:45.651Z,178917886565101
"""gurt @ gpP9uUffpu"" collected 1758 from pot with Pair, A's (combination: 5♥, J♣, K♠, A♥, A♣)",2026-09-12T02:07:45.651Z,178917886565100
"River (second run): K♣, 6♠, 4♦, Q♠ [K♥]",2026-09-12T02:07:41.648Z,178917886164800
"Turn (second run): K♣, 6♠, 4♦ [Q♠]",2026-09-12T02:07:37.573Z,178917885757300
"Flop (second run):  [K♣, 6♠, 4♦]",2026-09-12T02:07:33.560Z,178917885356000
"River: A♣, 3♣, 4♠, J♣ [5♥]",2026-09-12T02:07:29.461Z,178917884946100
"Turn: A♣, 3♣, 4♠ [J♣]",2026-09-12T02:07:25.455Z,178917884545500
"Flop:  [A♣, 3♣, 4♠]",2026-09-12T02:07:21.402Z,178917884140200
"""DK @ -47FT3Kv-N"" shows a 10♥, 10♠.",2026-09-12T02:07:17.342Z,178917883734200
"""gurt @ gpP9uUffpu"" shows a K♠, A♥.",2026-09-12T02:07:17.225Z,178917883722500
"All players in hand choose to run it twice.",2026-09-12T02:07:16.466Z,178917883646601
"""DK @ -47FT3Kv-N"" chooses to  run it twice.",2026-09-12T02:07:16.466Z,178917883646600
"""gurt @ gpP9uUffpu"" chooses to  run it twice.",2026-09-12T02:07:15.296Z,178917883529600
"Remaining players decide whether to run it twice.",2026-09-12T02:07:14.543Z,178917883454301
"""gurt @ gpP9uUffpu"" calls 1672",2026-09-12T02:07:14.543Z,178917883454300
"""LingWae @ FQN9hzhzP_"" folds",2026-09-12T02:07:13.553Z,178917883355300
"""DK @ -47FT3Kv-N"" raises to 1672 and go all in",2026-09-12T02:07:10.221Z,178917883022100
"""gurt @ gpP9uUffpu"" raises to 367",2026-09-12T02:07:05.959Z,178917882595900
"""LingWae @ FQN9hzhzP_"" calls 167",2026-09-12T02:07:02.847Z,178917882284700
"""9/2 @ d-4X_F_SSU"" folds",2026-09-12T02:06:44.838Z,178917880483800
"""DK @ -47FT3Kv-N"" raises to 167",2026-09-12T02:06:43.978Z,178917880397800
"""gurt @ gpP9uUffpu"" raises to 44",2026-09-12T02:06:38.172Z,178917879817200
"""LingWae @ FQN9hzhzP_"" posts a big blind of 10",2026-09-12T02:06:35.995Z,178917879599507
"""9/2 @ d-4X_F_SSU"" posts a small blind of 5",2026-09-12T02:06:35.995Z,178917879599506
"Your hand is K♠, A♥",2026-09-12T02:06:35.995Z,178917879599503
"Player stacks: #1 ""LingWae @ FQN9hzhzP_"" (1312) | #8 ""gurt @ gpP9uUffpu"" (2615) | #9 ""DK @ -47FT3Kv-N"" (1672) | #10 ""9/2 @ d-4X_F_SSU"" (2791)",2026-09-12T02:06:35.995Z,178917879599501
"-- starting hand #192 (id: fuiygpwerb1p)  No Limit Texas Hold'em (dealer: ""DK @ -47FT3Kv-N"") --",2026-09-12T02:06:35.995Z,178917879599500
"""LingWae @ FQN9hzhzP_"" shows a 9♣, 6♣.",2026-09-12T02:06:30.859Z,178917879085900
"-- ending hand #191 --",2026-09-12T02:06:29.467Z,178917878946702
"""9/2 @ d-4X_F_SSU"" collected 100 from pot with Pair, 7's (combination: 8♥, Q♥, K♦, 7♣, 7♠)",2026-09-12T02:06:29.467Z,178917878946701
"""9/2 @ d-4X_F_SSU"" shows a 7♣, 5♦.",2026-09-12T02:06:29.467Z,178917878946700
"""gurt @ gpP9uUffpu"" checks",2026-09-12T02:06:28.643Z,178917878864300
"""LingWae @ FQN9hzhzP_"" checks",2026-09-12T02:06:27.599Z,178917878759900
"""9/2 @ d-4X_F_SSU"" checks",2026-09-12T02:06:25.722Z,178917878572200
"River: 8♥, Q♥, 2♣, 7♠ [K♦]",2026-09-12T02:06:25.172Z,178917878517200
"""9/2 @ d-4X_F_SSU"" calls 20",2026-09-12T02:06:24.310Z,178917878431000
"""DK @ -47FT3Kv-N"" folds",2026-09-12T02:06:23.438Z,178917878343800
"""gurt @ gpP9uUffpu"" calls 20",2026-09-12T02:06:22.377Z,178917878237700
"""LingWae @ FQN9hzhzP_"" bets 20",2026-09-12T02:06:20.952Z,178917878095200
"""9/2 @ d-4X_F_SSU"" checks",2026-09-12T02:06:18.061Z,178917877806100
"""DK @ -47FT3Kv-N"" checks",2026-09-12T02:06:17.101Z,178917877710100
"Turn: 8♥, Q♥, 2♣ [7♠]",2026-09-12T02:06:12.364Z,178917877236400
"""gurt @ gpP9uUffpu"" checks",2026-09-12T02:06:11.546Z,178917877154600
"""LingWae @ FQN9hzhzP_"" checks",2026-09-12T02:06:09.303Z,178917876930300
"""9/2 @ d-4X_F_SSU"" checks",2026-09-12T02:06:08.368Z,178917876836800
"""DK @ -47FT3Kv-N"" checks",2026-09-12T02:06:07.396Z,178917876739600
"Flop:  [8♥, Q♥, 2♣]",2026-09-12T02:06:05.940Z,178917876594000
"""9/2 @ d-4X_F_SSU"" checks",2026-09-12T02:06:05.094Z,178917876509400
"""DK @ -47FT3Kv-N"" calls 10",2026-09-12T02:05:59.590Z,178917875959000
"""gurt @ gpP9uUffpu"" calls 10",2026-09-12T02:05:58.488Z,178917875848800
"""LingWae @ FQN9hzhzP_"" calls 10",2026-09-12T02:05:55.259Z,178917875525900
"""9/2 @ d-4X_F_SSU"" posts a big blind of 10",2026-09-12T02:05:52.759Z,178917875275907
"""DK @ -47FT3Kv-N"" posts a small blind of 5",2026-09-12T02:05:52.759Z,178917875275906
"Player stacks: #1 ""LingWae @ FQN9hzhzP_"" (1342) | #8 ""gurt @ gpP9uUffpu"" (2645) | #9 ""DK @ -47FT3Kv-N"" (1682) | #10 ""9/2 @ d-4X_F_SSU"" (2721)",2026-09-12T02:05:52.759Z,178917875275901
"-- starting hand #191 (id: c3xjacsmlkm9)  No Limit Texas Hold'em (dealer: ""gurt @ gpP9uUffpu"") --",2026-09-12T02:05:52.759Z,178917875275900
"""DK @ -47FT3Kv-N"" shows a 6♥, 5♥.",2026-09-12T02:05:50.404Z,178917875040400
"""gurt @ gpP9uUffpu"" shows a 7♠, 2♥.",2026-09-12T02:05:48.689Z,178917874868900
"""LingWae @ FQN9hzhzP_"" shows a J♠, 8♠.",2026-09-12T02:05:48.513Z,178917874851300
"-- ending hand #190 --",2026-09-12T02:05:47.691Z,178917874769102
"""gurt @ gpP9uUffpu"" collected 50 from pot",2026-09-12T02:05:47.691Z,178917874769101
"Uncalled bet of 10 returned to ""gurt @ gpP9uUffpu""",2026-09-12T02:05:47.691Z,178917874769100
"""DK @ -47FT3Kv-N"" folds",2026-09-12T02:05:46.870Z,178917874687000
"""gurt @ gpP9uUffpu"" bets 10",2026-09-12T02:05:45.882Z,178917874588200
"River: 4♥, A♣, K♥, 4♠ [10♠]",2026-09-12T02:05:41.844Z,178917874184400
"""LingWae @ FQN9hzhzP_"" folds",2026-09-12T02:05:41.019Z,178917874101900
"""DK @ -47FT3Kv-N"" calls 10",2026-09-12T02:05:39.515Z,178917873951500
"""gurt @ gpP9uUffpu"" bets 10",2026-09-12T02:05:37.977Z,178917873797700
"Turn: 4♥, A♣, K♥ [4♠]",2026-09-12T02:05:35.641Z,178917873564100
"""LingWae @ FQN9hzhzP_"" checks",2026-09-12T02:05:34.799Z,178917873479900
"""DK @ -47FT3Kv-N"" checks",2026-09-12T02:05:32.845Z,178917873284500
"""gurt @ gpP9uUffpu"" checks",2026-09-12T02:05:31.684Z,178917873168400
"Flop:  [4♥, A♣, K♥]",2026-09-12T02:05:29.437Z,178917872943700
"""DK @ -47FT3Kv-N"" checks",2026-09-12T02:05:28.629Z,178917872862900
"""gurt @ gpP9uUffpu"" calls 10",2026-09-12T02:05:27.524Z,178917872752400
"""LingWae @ FQN9hzhzP_"" calls 10",2026-09-12T02:05:26.229Z,178917872622900
"""9/2 @ d-4X_F_SSU"" folds",2026-09-12T02:05:25.307Z,178917872530700
"""DK @ -47FT3Kv-N"" posts a big blind of 10",2026-09-12T02:05:19.888Z,178917871988807
"""gurt @ gpP9uUffpu"" posts a small blind of 5",2026-09-12T02:05:19.888Z,178917871988806
"Your hand is 7♠, 2♥",2026-09-12T02:05:19.888Z,178917871988803
"Player stacks: #1 ""LingWae @ FQN9hzhzP_"" (1352) | #8 ""gurt @ gpP9uUffpu"" (2615) | #9 ""DK @ -47FT3Kv-N"" (1702) | #10 ""9/2 @ d-4X_F_SSU"" (2721)",2026-09-12T02:05:19.888Z,178917871988801
"-- starting hand #190 (id: gmmpvjkbapqu)  No Limit Texas Hold'em (dealer: ""LingWae @ FQN9hzhzP_"") --",2026-09-12T02:05:19.888Z,178917871988800
"""LingWae @ FQN9hzhzP_"" shows a Q♠, 6♦.",2026-09-12T02:05:16.836Z,178917871683600
"""DK @ -47FT3Kv-N"" shows a 5♥, 5♦.",2026-09-12T02:05:14.669Z,178917871466900
"-- ending hand #189 --",2026-09-12T02:05:12.873Z,178917871287302
"""gurt @ gpP9uUffpu"" collected 352 from pot with Two Pair, 10's & 6's (combination: A♥, 6♠, 6♥, 10♣, 10♥)",2026-09-12T02:05:12.873Z,178917871287301
"""gurt @ gpP9uUffpu"" shows a 6♠, 8♠.",2026-09-12T02:05:12.873Z,178917871287300
"""DK @ -47FT3Kv-N"" calls 11",2026-09-12T02:05:12.036Z,178917871203600
"""gurt @ gpP9uUffpu"" bets 11",2026-09-12T02:05:10.721Z,178917871072100
"River: 10♣, 4♦, A♥, 6♥ [10♥]",2026-09-12T02:05:09.073Z,178917870907300
"""DK @ -47FT3Kv-N"" calls 11",2026-09-12T02:05:08.220Z,178917870822000
"""gurt @ gpP9uUffpu"" bets 11",2026-09-12T02:05:06.641Z,178917870664100
"Turn: 10♣, 4♦, A♥ [6♥]",2026-09-12T02:05:04.255Z,178917870425500
"""LingWae @ FQN9hzhzP_"" folds",2026-09-12T02:05:03.427Z,178917870342700
"""9/2 @ d-4X_F_SSU"" folds",2026-09-12T02:05:02.417Z,178917870241700
"""DK @ -47FT3Kv-N"" calls 66",2026-09-12T02:05:00.954Z,178917870095400
"""gurt @ gpP9uUffpu"" bets 66",2026-09-12T02:04:58.708Z,178917869870800
"""LingWae @ FQN9hzhzP_"" checks",2026-09-12T02:04:56.428Z,178917869642800
"Flop:  [10♣, 4♦, A♥]",2026-09-12T02:04:54.094Z,178917869409400
"""LingWae @ FQN9hzhzP_"" calls 44",2026-09-12T02:04:53.256Z,178917869325600
"""9/2 @ d-4X_F_SSU"" calls 44",2026-09-12T02:04:51.579Z,178917869157900
"""DK @ -47FT3Kv-N"" calls 44",2026-09-12T02:04:50.367Z,178917869036700
"""gurt @ gpP9uUffpu"" raises to 44",2026-09-12T02:04:49.215Z,178917868921500
"""LingWae @ FQN9hzhzP_"" calls 10",2026-09-12T02:04:47.499Z,178917868749900
"""9/2 @ d-4X_F_SSU"" calls 10",2026-09-12T02:04:46.611Z,178917868661100
"""DK @ -47FT3Kv-N"" calls 10",2026-09-12T02:04:44.918Z,178917868491800
"""gurt @ gpP9uUffpu"" posts a big blind of 10",2026-09-12T02:04:40.569Z,178917868056907
"""LingWae @ FQN9hzhzP_"" posts a small blind of 5",2026-09-12T02:04:40.569Z,178917868056906
"Your hand is 6♠, 8♠",2026-09-12T02:04:40.569Z,178917868056903
"Player stacks: #1 ""LingWae @ FQN9hzhzP_"" (1396) | #8 ""gurt @ gpP9uUffpu"" (2395) | #9 ""DK @ -47FT3Kv-N"" (1834) | #10 ""9/2 @ d-4X_F_SSU"" (2765)",2026-09-12T02:04:40.569Z,178917868056901
"-- starting hand #189 (id: oz5sr21bgjne)  No Limit Texas Hold'em (dealer: ""9/2 @ d-4X_F_SSU"") --",2026-09-12T02:04:40.569Z,178917868056900
"-- ending hand #188 --",2026-09-12T02:04:34.564Z,178917867456404
"""DK @ -47FT3Kv-N"" collected 35 from pot with Two Pair, 8's & 4's (combination: K♦, 4♣, 4♦, 8♦, 8♣)",2026-09-12T02:04:34.564Z,178917867456403
"""DK @ -47FT3Kv-N"" shows a 8♦, 8♣.",2026-09-12T02:04:34.564Z,178917867456402
"""LingWae @ FQN9hzhzP_"" shows a 9♦, 3♠.",2026-09-12T02:04:34.564Z,178917867456401
"""9/2 @ d-4X_F_SSU"" shows a 5♥, 8♠.",2026-09-12T02:04:34.564Z,178917867456400
"""DK @ -47FT3Kv-N"" checks",2026-09-12T02:04:33.685Z,178917867368500
"""LingWae @ FQN9hzhzP_"" checks",2026-09-12T02:04:32.596Z,178917867259600
"""9/2 @ d-4X_F_SSU"" checks",2026-09-12T02:04:30.795Z,178917867079500
"River: 4♣, K♦, Q♠, 4♦ [2♠]",2026-09-12T02:04:30.675Z,178917867067500
"""DK @ -47FT3Kv-N"" checks",2026-09-12T02:04:29.813Z,178917866981300
"""LingWae @ FQN9hzhzP_"" checks",2026-09-12T02:04:28.251Z,178917866825100
"""9/2 @ d-4X_F_SSU"" checks",2026-09-12T02:04:27.282Z,178917866728200
"Turn: 4♣, K♦, Q♠ [4♦]",2026-09-12T02:04:18.537Z,178917865853700
"""DK @ -47FT3Kv-N"" checks",2026-09-12T02:04:17.724Z,178917865772400
"""LingWae @ FQN9hzhzP_"" checks",2026-09-12T02:04:16.219Z,178917865621900
"""9/2 @ d-4X_F_SSU"" checks",2026-09-12T02:04:14.483Z,178917865448300
"Flop:  [4♣, K♦, Q♠]",2026-09-12T02:04:12.637Z,178917865263700
"""LingWae @ FQN9hzhzP_"" checks",2026-09-12T02:04:11.781Z,178917865178100
"""9/2 @ d-4X_F_SSU"" calls 10",2026-09-12T02:04:10.691Z,178917865069100
"""DK @ -47FT3Kv-N"" calls 10",2026-09-12T02:04:06.353Z,178917864635300
"""gurt @ gpP9uUffpu"" folds",2026-09-12T02:04:04.536Z,178917864453600
"""LingWae @ FQN9hzhzP_"" posts a missing small blind of 5",2026-09-12T02:04:03.108Z,178917864310809
"""LingWae @ FQN9hzhzP_"" posts a big blind of 10",2026-09-12T02:04:03.108Z,178917864310808
"""9/2 @ d-4X_F_SSU"" posts a small blind of 5",2026-09-12T02:04:03.108Z,178917864310807
"Player stacks: #1 ""LingWae @ FQN9hzhzP_"" (1411) | #8 ""gurt @ gpP9uUffpu"" (2395) | #9 ""DK @ -47FT3Kv-N"" (1809) | #10 ""9/2 @ d-4X_F_SSU"" (2775)",2026-09-12T02:04:03.108Z,178917864310802
"-- starting hand #188 (id: yehjwx9kbpa0)  No Limit Texas Hold'em (dealer: ""DK @ -47FT3Kv-N"") --",2026-09-12T02:04:03.108Z,178917864310801
"The player ""LingWae @ FQN9hzhzP_"" joined the game with a stack of 1411.",2026-09-12T02:04:03.108Z,178917864310800
"""DK @ -47FT3Kv-N"" shows a 7♠, 8♦.",2026-09-12T02:04:01.650Z,178917864165000
"""gurt @ gpP9uUffpu"" shows a 4♣, 2♥.",2026-09-12T02:03:59.872Z,178917863987200
"-- ending hand #187 --",2026-09-12T02:03:58.780Z,178917863878001
"""gurt @ gpP9uUffpu"" collected 50 from pot",2026-09-12T02:03:58.780Z,178917863878000
"""DK @ -47FT3Kv-N"" folds",2026-09-12T02:03:57.970Z,178917863797000
"River: 9♥, J♣, 9♣, J♠ [K♠]",2026-09-12T02:03:53.430Z,178917863343000
"""9/2 @ d-4X_F_SSU"" folds",2026-09-12T02:03:52.622Z,178917863262200
"""DK @ -47FT3Kv-N"" calls 10",2026-09-12T02:03:51.695Z,178917863169500
"""gurt @ gpP9uUffpu"" bets 10",2026-09-12T02:03:50.163Z,178917863016300
"""9/2 @ d-4X_F_SSU"" checks",2026-09-12T02:03:48.743Z,178917862874300
"""DK @ -47FT3Kv-N"" checks",2026-09-12T02:03:47.852Z,178917862785200
"Turn: 9♥, J♣, 9♣ [J♠]",2026-09-12T02:03:45.787Z,178917862578700
"""gurt @ gpP9uUffpu"" checks",2026-09-12T02:03:44.969Z,178917862496900
"""9/2 @ d-4X_F_SSU"" checks",2026-09-12T02:03:42.382Z,178917862238200
"""DK @ -47FT3Kv-N"" checks",2026-09-12T02:03:22.830Z,178917860283000
"Flop:  [9♥, J♣, 9♣]",2026-09-12T02:03:20.169Z,178917860016900
"""9/2 @ d-4X_F_SSU"" checks",2026-09-12T02:03:19.347Z,178917859934700
"The player ""LingWae @ FQN9hzhzP_"" sit back with the stack of 1411.",2026-09-12T02:03:19.321Z,178917859932100
"""DK @ -47FT3Kv-N"" calls 10",2026-09-12T02:03:17.464Z,178917859746400
"""gurt @ gpP9uUffpu"" calls 10",2026-09-12T02:03:16.424Z,178917859642400
"""9/2 @ d-4X_F_SSU"" posts a big blind of 10",2026-09-12T02:03:14.754Z,178917859475406
"""DK @ -47FT3Kv-N"" posts a small blind of 5",2026-09-12T02:03:14.754Z,178917859475405
"Your hand is 4♣, 2♥",2026-09-12T02:03:14.754Z,178917859475402
"Player stacks: #8 ""gurt @ gpP9uUffpu"" (2365) | #9 ""DK @ -47FT3Kv-N"" (1829) | #10 ""9/2 @ d-4X_F_SSU"" (2785)",2026-09-12T02:03:14.754Z,178917859475401
"-- starting hand #187 (id: ndfadnhtvlyq)  No Limit Texas Hold'em (dealer: ""gurt @ gpP9uUffpu"") --",2026-09-12T02:03:14.754Z,178917859475400
"Undealt cards: 10♦, 2♣, K♠, Q♦ [5♣]",2026-09-12T02:03:08.992Z,178917858899200
"-- ending hand #186 --",2026-09-12T02:03:08.759Z,178917858875902
"""DK @ -47FT3Kv-N"" collected 66 from pot",2026-09-12T02:03:08.759Z,178917858875901
"Uncalled bet of 67 returned to ""DK @ -47FT3Kv-N""",2026-09-12T02:03:08.759Z,178917858875900
"""gurt @ gpP9uUffpu"" folds",2026-09-12T02:03:07.944Z,178917858794400
"""DK @ -47FT3Kv-N"" bets 67",2026-09-12T02:03:05.841Z,178917858584100
"""gurt @ gpP9uUffpu"" checks",2026-09-12T02:03:02.490Z,178917858249000
"Turn: 10♦, 2♣, K♠ [Q♦]",2026-09-12T02:03:00.398Z,178917858039800
"""DK @ -47FT3Kv-N"" checks",2026-09-12T02:02:59.544Z,178917857954400
"""gurt @ gpP9uUffpu"" checks",2026-09-12T02:02:58.552Z,178917857855200
"Flop:  [10♦, 2♣, K♠]",2026-09-12T02:02:57.183Z,178917857718300
"""DK @ -47FT3Kv-N"" calls 33",2026-09-12T02:02:56.352Z,178917857635200
"""gurt @ gpP9uUffpu"" raises to 33",2026-09-12T02:02:55.403Z,178917857540300
"""9/2 @ d-4X_F_SSU"" folds",2026-09-12T02:02:53.355Z,178917857335500
"""DK @ -47FT3Kv-N"" posts a big blind of 10",2026-09-12T02:02:52.258Z,178917857225806
"""gurt @ gpP9uUffpu"" posts a small blind of 5",2026-09-12T02:02:52.258Z,178917857225805
"Player stacks: #8 ""gurt @ gpP9uUffpu"" (2398) | #9 ""DK @ -47FT3Kv-N"" (1796) | #10 ""9/2 @ d-4X_F_SSU"" (2785)",2026-09-12T02:02:52.258Z,178917857225801
"-- starting hand #186 (id: 1nxlwbua2cey)  No Limit Texas Hold'em (dealer: ""9/2 @ d-4X_F_SSU"") --",2026-09-12T02:02:52.258Z,178917857225800
"-- ending hand #185 --",2026-09-12T02:02:46.183Z,178917856618304
"""9/2 @ d-4X_F_SSU"" collected 597 from pot with Two Pair, 9's & 8's (combination: A♣, 8♠, 8♣, 9♣, 9♠)",2026-09-12T02:02:46.183Z,178917856618303
"""gurt @ gpP9uUffpu"" collected 597 from pot with Two Pair, 9's & 8's (combination: A♣, 8♥, 8♣, 9♥, 9♠)",2026-09-12T02:02:46.183Z,178917856618302
"""9/2 @ d-4X_F_SSU"" shows a 9♣, 8♠.",2026-09-12T02:02:46.183Z,178917856618301
"""gurt @ gpP9uUffpu"" shows a 8♥, 9♥.",2026-09-12T02:02:46.183Z,178917856618300
"""9/2 @ d-4X_F_SSU"" calls 222",2026-09-12T02:02:45.346Z,178917856534600
"""gurt @ gpP9uUffpu"" bets 222",2026-09-12T02:02:44.415Z,178917856441500
"""9/2 @ d-4X_F_SSU"" checks",2026-09-12T02:02:41.419Z,178917856141900
"River: A♣, 9♠, 8♣, 3♥ [5♥]",2026-09-12T02:02:40.854Z,178917856085400
"""9/2 @ d-4X_F_SSU"" calls 222",2026-09-12T02:02:39.976Z,178917855997600
"""DK @ -47FT3Kv-N"" folds",2026-09-12T02:02:39.009Z,178917855900900
"""gurt @ gpP9uUffpu"" bets 222",2026-09-12T02:02:37.222Z,178917855722200
"""9/2 @ d-4X_F_SSU"" checks",2026-09-12T02:02:34.946Z,178917855494600
"Turn: A♣, 9♠, 8♣ [3♥]",2026-09-12T02:02:34.276Z,178917855427600
"""9/2 @ d-4X_F_SSU"" calls 69",2026-09-12T02:02:33.464Z,178917855346400
"""DK @ -47FT3Kv-N"" calls 69",2026-09-12T02:02:32.271Z,178917855227100
"""gurt @ gpP9uUffpu"" bets 69",2026-09-12T02:02:30.581Z,178917855058100
"""9/2 @ d-4X_F_SSU"" checks",2026-09-12T02:02:27.755Z,178917854775500
"Flop:  [A♣, 9♠, 8♣]",2026-09-12T02:02:24.352Z,178917854435200
"""9/2 @ d-4X_F_SSU"" calls 33",2026-09-12T02:02:23.475Z,178917854347500
"""DK @ -47FT3Kv-N"" calls 33",2026-09-12T02:02:20.564Z,178917854056400
"""gurt @ gpP9uUffpu"" raises to 33",2026-09-12T02:02:19.421Z,178917853942100
"""9/2 @ d-4X_F_SSU"" calls 10",2026-09-12T02:02:17.393Z,178917853739300
"""DK @ -47FT3Kv-N"" calls 10",2026-09-12T02:02:15.501Z,178917853550100
"""gurt @ gpP9uUffpu"" posts a big blind of 10",2026-09-12T02:02:14.130Z,178917853413006
"""9/2 @ d-4X_F_SSU"" posts a small blind of 5",2026-09-12T02:02:14.130Z,178917853413005
"Your hand is 8♥, 9♥",2026-09-12T02:02:14.130Z,178917853413002
"Player stacks: #8 ""gurt @ gpP9uUffpu"" (2347) | #9 ""DK @ -47FT3Kv-N"" (1898) | #10 ""9/2 @ d-4X_F_SSU"" (2734)",2026-09-12T02:02:14.130Z,178917853413001
"-- starting hand #185 (id: 0knjpuhmoisy)  No Limit Texas Hold'em (dealer: ""DK @ -47FT3Kv-N"") --",2026-09-12T02:02:14.130Z,178917853413000
"Undealt cards: Q♠, J♠, K♥ [6♦, 7♥]",2026-09-12T02:02:10.221Z,178917853022100
"""9/2 @ d-4X_F_SSU"" shows a 10♠, 9♥.",2026-09-12T02:02:10.166Z,178917853016600
"-- ending hand #184 --",2026-09-12T02:02:07.463Z,178917852746302
"""9/2 @ d-4X_F_SSU"" collected 20 from pot",2026-09-12T02:02:07.463Z,178917852746301
"Uncalled bet of 10 returned to ""9/2 @ d-4X_F_SSU""",2026-09-12T02:02:07.463Z,178917852746300
"""DK @ -47FT3Kv-N"" folds",2026-09-12T02:02:06.620Z,178917852662000
"""9/2 @ d-4X_F_SSU"" bets 10",2026-09-12T02:02:05.519Z,178917852551900
"""DK @ -47FT3Kv-N"" checks",2026-09-12T02:02:04.407Z,178917852440700
"Flop:  [Q♠, J♠, K♥]",2026-09-12T02:02:01.988Z,178917852198800
"""9/2 @ d-4X_F_SSU"" checks",2026-09-12T02:02:01.113Z,178917852111300
"""DK @ -47FT3Kv-N"" calls 10",2026-09-12T02:01:58.515Z,178917851851500
"""gurt @ gpP9uUffpu"" folds",2026-09-12T02:01:57.007Z,178917851700700
"""9/2 @ d-4X_F_SSU"" posts a big blind of 10",2026-09-12T02:01:47.006Z,178917850700606
"""DK @ -47FT3Kv-N"" posts a small blind of 5",2026-09-12T02:01:47.006Z,178917850700605
"Player stacks: #8 ""gurt @ gpP9uUffpu"" (2347) | #9 ""DK @ -47FT3Kv-N"" (1908) | #10 ""9/2 @ d-4X_F_SSU"" (2724)",2026-09-12T02:01:47.006Z,178917850700601
"-- starting hand #184 (id: vab2s0aoa6cs)  No Limit Texas Hold'em (dealer: ""gurt @ gpP9uUffpu"") --",2026-09-12T02:01:47.006Z,178917850700600
"-- ending hand #183 --",2026-09-12T02:01:40.999Z,178917850099903
"""9/2 @ d-4X_F_SSU"" collected 537 from pot with Two Pair, 8's & 3's (combination: Q♣, 3♣, 3♠, 8♠, 8♣)",2026-09-12T02:01:40.999Z,178917850099902
"""9/2 @ d-4X_F_SSU"" shows a 8♠, 8♣.",2026-09-12T02:01:40.999Z,178917850099901
"""DK @ -47FT3Kv-N"" shows a 2♦, K♣.",2026-09-12T02:01:40.999Z,178917850099900
"""9/2 @ d-4X_F_SSU"" checks",2026-09-12T02:01:40.178Z,178917850017800
"""DK @ -47FT3Kv-N"" checks",2026-09-12T02:01:39.320Z,178917849932000
"River: Q♣, 3♣, 9♣, 3♠ [10♠]",2026-09-12T02:01:36.079Z,178917849607900
"""DK @ -47FT3Kv-N"" calls 60",2026-09-12T02:01:35.266Z,178917849526600
"""gurt @ gpP9uUffpu"" folds",2026-09-12T02:01:34.240Z,178917849424000
"""9/2 @ d-4X_F_SSU"" bets 60",2026-09-12T02:01:33.181Z,178917849318100
"""DK @ -47FT3Kv-N"" checks",2026-09-12T02:01:31.578Z,178917849157800
"""gurt @ gpP9uUffpu"" checks",2026-09-12T02:01:30.538Z,178917849053800
"Turn: Q♣, 3♣, 9♣ [3♠]",2026-09-12T02:01:29.698Z,178917848969800
"""DK @ -47FT3Kv-N"" calls 40",2026-09-12T02:01:28.890Z,178917848889000
"""gurt @ gpP9uUffpu"" calls 40",2026-09-12T02:01:27.899Z,178917848789900
"""9/2 @ d-4X_F_SSU"" bets 40",2026-09-12T02:01:25.677Z,178917848567700
"""DK @ -47FT3Kv-N"" checks",2026-09-12T02:01:23.600Z,178917848360000
"""gurt @ gpP9uUffpu"" checks",2026-09-12T02:01:19.966Z,178917847996600
"Flop:  [Q♣, 3♣, 9♣]",2026-09-12T02:01:18.664Z,178917847866400
"""DK @ -47FT3Kv-N"" calls 99",2026-09-12T02:01:17.784Z,178917847778400
"""gurt @ gpP9uUffpu"" calls 99",2026-09-12T02:01:16.186Z,178917847618600
"""9/2 @ d-4X_F_SSU"" raises to 99",2026-09-12T02:01:14.840Z,178917847484000
"""DK @ -47FT3Kv-N"" calls 32",2026-09-12T02:01:12.296Z,178917847229600
"""gurt @ gpP9uUffpu"" raises to 32",2026-09-12T02:01:10.963Z,178917847096300
"""9/2 @ d-4X_F_SSU"" calls 10",2026-09-12T02:01:06.439Z,178917846643900
"""DK @ -47FT3Kv-N"" posts a big blind of 10",2026-09-12T02:01:04.179Z,178917846417906
"""gurt @ gpP9uUffpu"" posts a small blind of 5",2026-09-12T02:01:04.179Z,178917846417905
"Player stacks: #8 ""gurt @ gpP9uUffpu"" (2486) | #9 ""DK @ -47FT3Kv-N"" (2107) | #10 ""9/2 @ d-4X_F_SSU"" (2386)",2026-09-12T02:01:04.179Z,178917846417901
"-- starting hand #183 (id: vedfvnhpmwp1)  No Limit Texas Hold'em (dealer: ""9/2 @ d-4X_F_SSU"") --",2026-09-12T02:01:04.179Z,178917846417900
"-- ending hand #182 --",2026-09-12T02:00:58.080Z,178917845808002
"""9/2 @ d-4X_F_SSU"" collected 200 from pot with Pair, 7's (combination: J♥, K♦, A♠, 7♥, 7♠)",2026-09-12T02:00:58.080Z,178917845808001
"""9/2 @ d-4X_F_SSU"" shows a K♦, 7♥.",2026-09-12T02:00:58.080Z,178917845808000
"""gurt @ gpP9uUffpu"" checks",2026-09-12T02:00:57.238Z,178917845723800
"""9/2 @ d-4X_F_SSU"" checks",2026-09-12T02:00:55.524Z,178917845552400
"River: A♠, J♥, 7♠, 3♠ [4♠]",2026-09-12T02:00:54.876Z,178917845487600
"""gurt @ gpP9uUffpu"" checks",2026-09-12T02:00:54.008Z,178917845400800
"""9/2 @ d-4X_F_SSU"" checks",2026-09-12T02:00:52.966Z,178917845296600
"Turn: A♠, J♥, 7♠ [3♠]",2026-09-12T02:00:51.933Z,178917845193300
"""9/2 @ d-4X_F_SSU"" calls 40",2026-09-12T02:00:51.119Z,178917845111900
"""DK @ -47FT3Kv-N"" folds",2026-09-12T02:00:50.210Z,178917845021000
"""gurt @ gpP9uUffpu"" bets 40",2026-09-12T02:00:48.651Z,178917844865100
"""9/2 @ d-4X_F_SSU"" checks",2026-09-12T02:00:46.607Z,178917844660700
"Flop:  [A♠, J♥, 7♠]",2026-09-12T02:00:44.270Z,178917844427000
"""9/2 @ d-4X_F_SSU"" calls 40",2026-09-12T02:00:43.375Z,178917844337500
"""DK @ -47FT3Kv-N"" calls 40",2026-09-12T02:00:41.970Z,178917844197000
"""gurt @ gpP9uUffpu"" raises to 40",2026-09-12T02:00:40.626Z,178917844062600
"""9/2 @ d-4X_F_SSU"" calls 10",2026-09-12T02:00:37.167Z,178917843716700
"""DK @ -47FT3Kv-N"" calls 10",2026-09-12T02:00:34.903Z,178917843490300
"""gurt @ gpP9uUffpu"" posts a big blind of 10",2026-09-12T02:00:33.715Z,178917843371506
"""9/2 @ d-4X_F_SSU"" posts a small blind of 5",2026-09-12T02:00:33.715Z,178917843371505
"Player stacks: #8 ""gurt @ gpP9uUffpu"" (2566) | #9 ""DK @ -47FT3Kv-N"" (2147) | #10 ""9/2 @ d-4X_F_SSU"" (2266)",2026-09-12T02:00:33.715Z,178917843371501
"-- starting hand #182 (id: cimwkdvgdvlj)  No Limit Texas Hold'em (dealer: ""DK @ -47FT3Kv-N"") --",2026-09-12T02:00:33.715Z,178917843371500
"-- ending hand #181 --",2026-09-12T02:00:27.668Z,178917842766803
"""9/2 @ d-4X_F_SSU"" collected 50 from pot with A High (combination: 7♥, 8♥, 9♦, J♠, A♣)",2026-09-12T02:00:27.668Z,178917842766802
"""9/2 @ d-4X_F_SSU"" shows a 6♣, J♠.",2026-09-12T02:00:27.668Z,178917842766801
"""gurt @ gpP9uUffpu"" shows a 3♦, 5♣.",2026-09-12T02:00:27.668Z,178917842766800
"""9/2 @ d-4X_F_SSU"" calls 10",2026-09-12T02:00:26.855Z,178917842685500
"""gurt @ gpP9uUffpu"" bets 10",2026-09-12T02:00:23.960Z,178917842396000
"""9/2 @ d-4X_F_SSU"" checks",2026-09-12T02:00:22.386Z,178917842238600
"""DK @ -47FT3Kv-N"" folds",2026-09-12T02:00:20.653Z,178917842065300
"River: 2♠, 7♥, A♣, 9♦ [8♥]",2026-09-12T02:00:17.061Z,178917841706100
"""gurt @ gpP9uUffpu"" checks",2026-09-12T02:00:16.200Z,178917841620000
"""9/2 @ d-4X_F_SSU"" checks",2026-09-12T02:00:14.910Z,178917841491000
"""DK @ -47FT3Kv-N"" checks",2026-09-12T02:00:13.302Z,178917841330200
"Turn: 2♠, 7♥, A♣ [9♦]",2026-09-12T02:00:11.859Z,178917841185900
"""gurt @ gpP9uUffpu"" checks",2026-09-12T02:00:10.949Z,178917841094900
"""9/2 @ d-4X_F_SSU"" checks",2026-09-12T02:00:09.970Z,178917840997000
"""DK @ -47FT3Kv-N"" checks",2026-09-12T02:00:06.532Z,178917840653200
"Flop:  [2♠, 7♥, A♣]",2026-09-12T02:00:04.657Z,178917840465700
"""9/2 @ d-4X_F_SSU"" checks",2026-09-12T02:00:03.826Z,178917840382600
"""DK @ -47FT3Kv-N"" calls 10",2026-09-12T02:00:02.472Z,178917840247200
"""gurt @ gpP9uUffpu"" calls 10",2026-09-12T02:00:00.208Z,178917840020800
"""9/2 @ d-4X_F_SSU"" posts a big blind of 10",2026-09-12T01:59:59.259Z,178917839925907
"""DK @ -47FT3Kv-N"" posts a small blind of 5",2026-09-12T01:59:59.259Z,178917839925906
"Your hand is 3♦, 5♣",2026-09-12T01:59:59.259Z,178917839925903
"Player stacks: #8 ""gurt @ gpP9uUffpu"" (2586) | #9 ""DK @ -47FT3Kv-N"" (2157) | #10 ""9/2 @ d-4X_F_SSU"" (2236)",2026-09-12T01:59:59.259Z,178917839925902
"-- starting hand #181 (id: 4vwqwsdwxwxj)  No Limit Texas Hold'em (dealer: ""gurt @ gpP9uUffpu"") --",2026-09-12T01:59:59.259Z,178917839925901
"The player ""LingWae @ FQN9hzhzP_"" stand up with the stack of 1411.",2026-09-12T01:59:59.259Z,178917839925900
"""DK @ -47FT3Kv-N"" shows a J♣.",2026-09-12T01:59:56.872Z,178917839687200
"-- ending hand #180 --",2026-09-12T01:59:55.555Z,178917839555502
"""DK @ -47FT3Kv-N"" collected 252 from pot",2026-09-12T01:59:55.555Z,178917839555501
"Uncalled bet of 101 returned to ""DK @ -47FT3Kv-N""",2026-09-12T01:59:55.555Z,178917839555500
"""gurt @ gpP9uUffpu"" folds",2026-09-12T01:59:54.680Z,178917839468000
"""9/2 @ d-4X_F_SSU"" folds",2026-09-12T01:59:43.551Z,178917838355100
"""DK @ -47FT3Kv-N"" raises to 167",2026-09-12T01:59:40.890Z,178917838089000
"""gurt @ gpP9uUffpu"" bets 66",2026-09-12T01:59:35.568Z,178917837556800
"River: Q♥, 4♦, Q♦, 3♠ [2♦]",2026-09-12T01:59:32.130Z,178917837213000
"""9/2 @ d-4X_F_SSU"" checks",2026-09-12T01:59:31.315Z,178917837131500
"""DK @ -47FT3Kv-N"" checks",2026-09-12T01:59:30.439Z,178917837043900
"""gurt @ gpP9uUffpu"" checks",2026-09-12T01:59:29.362Z,178917836936200
"Turn: Q♥, 4♦, Q♦ [3♠]",2026-09-12T01:59:26.042Z,178917836604200
"""9/2 @ d-4X_F_SSU"" checks",2026-09-12T01:59:25.204Z,178917836520400
"""DK @ -47FT3Kv-N"" checks",2026-09-12T01:59:21.938Z,178917836193800
"""gurt @ gpP9uUffpu"" checks",2026-09-12T01:59:20.968Z,178917836096800
"Flop:  [Q♥, 4♦, Q♦]",2026-09-12T01:59:19.391Z,178917835939100
"""DK @ -47FT3Kv-N"" calls 40",2026-09-12T01:59:18.570Z,178917835857000
"""gurt @ gpP9uUffpu"" calls 40",2026-09-12T01:59:17.477Z,178917835747700
"""LingWae @ FQN9hzhzP_"" folds",2026-09-12T01:59:15.757Z,178917835575700
"""9/2 @ d-4X_F_SSU"" raises to 40",2026-09-12T01:59:10.499Z,178917835049900
"""DK @ -47FT3Kv-N"" posts a big blind of 10",2026-09-12T01:59:06.985Z,178917834698507
"""gurt @ gpP9uUffpu"" posts a small blind of 5",2026-09-12T01:59:06.985Z,178917834698506
"Player stacks: #1 ""LingWae @ FQN9hzhzP_"" (1411) | #8 ""gurt @ gpP9uUffpu"" (2692) | #9 ""DK @ -47FT3Kv-N"" (2011) | #10 ""9/2 @ d-4X_F_SSU"" (2276)",2026-09-12T01:59:06.985Z,178917834698501
"-- starting hand #180 (id: xhxrwpj8mlb7)  No Limit Texas Hold'em (dealer: ""LingWae @ FQN9hzhzP_"") --",2026-09-12T01:59:06.985Z,178917834698500
"""gurt @ gpP9uUffpu"" shows a 8♠.",2026-09-12T01:59:02.512Z,178917834251200
"""LingWae @ FQN9hzhzP_"" shows a J♠, J♥.",2026-09-12T01:59:01.567Z,178917834156700
"""9/2 @ d-4X_F_SSU"" shows a K♥, 9♦.",2026-09-12T01:59:00.586Z,178917834058600
"""DK @ -47FT3Kv-N"" shows a K♠, 8♦.",2026-09-12T01:58:58.739Z,178917833873900
"Undealt cards: 8♣, 3♣, 4♠ [A♣, 5♣]",2026-09-12T01:58:58.696Z,178917833869600
"-- ending hand #179 --",2026-09-12T01:58:58.272Z,178917833827202
"""LingWae @ FQN9hzhzP_"" collected 310 from pot",2026-09-12T01:58:58.272Z,178917833827201
"Uncalled bet of 310 returned to ""LingWae @ FQN9hzhzP_""",2026-09-12T01:58:58.272Z,178917833827200
"""9/2 @ d-4X_F_SSU"" folds",2026-09-12T01:58:57.419Z,178917833741900
"""gurt @ gpP9uUffpu"" folds",2026-09-12T01:58:56.538Z,178917833653800
"""LingWae @ FQN9hzhzP_"" bets 310",2026-09-12T01:58:39.142Z,178917831914200
"Flop:  [8♣, 3♣, 4♠]",2026-09-12T01:58:31.736Z,178917831173600
"""9/2 @ d-4X_F_SSU"" calls 100",2026-09-12T01:58:30.894Z,178917831089400
"""DK @ -47FT3Kv-N"" folds",2026-09-12T01:58:10.906Z,178917829090600
"""gurt @ gpP9uUffpu"" calls 100",2026-09-12T01:58:09.152Z,178917828915200
"""LingWae @ FQN9hzhzP_"" raises to 100",2026-09-12T01:58:07.395Z,178917828739500
"""9/2 @ d-4X_F_SSU"" calls 10",2026-09-12T01:58:04.282Z,178917828428200
"""DK @ -47FT3Kv-N"" calls 10",2026-09-12T01:57:50.038Z,178917827003800
"""gurt @ gpP9uUffpu"" posts a big blind of 10",2026-09-12T01:57:34.935Z,178917825493507
"""LingWae @ FQN9hzhzP_"" posts a small blind of 5",2026-09-12T01:57:34.935Z,178917825493506
"Player stacks: #1 ""LingWae @ FQN9hzhzP_"" (1201) | #8 ""gurt @ gpP9uUffpu"" (2792) | #9 ""DK @ -47FT3Kv-N"" (2021) | #10 ""9/2 @ d-4X_F_SSU"" (2376)",2026-09-12T01:57:34.935Z,178917825493501
"-- starting hand #179 (id: wtkn6ocp1aeh)  No Limit Texas Hold'em (dealer: ""9/2 @ d-4X_F_SSU"") --",2026-09-12T01:57:34.935Z,178917825493500
"""gurt @ gpP9uUffpu"" shows a 4♣.",2026-09-12T01:57:29.245Z,178917824924500
"-- ending hand #178 --",2026-09-12T01:57:28.336Z,178917824833602
"""DK @ -47FT3Kv-N"" collected 960 from pot with Full House, 4's over 7's (combination: 7♦, 7♥, 4♥, 4♠, 4♦)",2026-09-12T01:57:28.336Z,178917824833601
"""DK @ -47FT3Kv-N"" shows a 4♥, 7♦.",2026-09-12T01:57:28.336Z,178917824833600
"""gurt @ gpP9uUffpu"" calls 400",2026-09-12T01:57:27.497Z,178917824749700
"""DK @ -47FT3Kv-N"" bets 400",2026-09-12T01:57:17.504Z,178917823750400
"""gurt @ gpP9uUffpu"" checks",2026-09-12T01:57:05.674Z,178917822567400
"River: 7♥, 4♠, Q♦, 4♦ [10♥]",2026-09-12T01:57:03.192Z,178917822319200
"""gurt @ gpP9uUffpu"" calls 40",2026-09-12T01:57:02.373Z,178917822237300
"""DK @ -47FT3Kv-N"" bets 40",2026-09-12T01:57:00.198Z,178917822019800
"""gurt @ gpP9uUffpu"" checks",2026-09-12T01:56:56.337Z,178917821633700
"Turn: 7♥, 4♠, Q♦ [4♦]",2026-09-12T01:56:55.352Z,178917821535200
"""gurt @ gpP9uUffpu"" calls 20",2026-09-12T01:56:54.462Z,178917821446200
"""LingWae @ FQN9hzhzP_"" folds",2026-09-12T01:56:52.547Z,178917821254700
"""9/2 @ d-4X_F_SSU"" folds",2026-09-12T01:56:51.646Z,178917821164600
"""DK @ -47FT3Kv-N"" bets 20",2026-09-12T01:56:35.466Z,178917819546600
"""gurt @ gpP9uUffpu"" checks",2026-09-12T01:56:31.192Z,178917819119200
"""LingWae @ FQN9hzhzP_"" checks",2026-09-12T01:56:30.298Z,178917819029800
"""9/2 @ d-4X_F_SSU"" checks",2026-09-12T01:56:29.011Z,178917818901100
"Flop:  [7♥, 4♠, Q♦]",2026-09-12T01:56:26.645Z,178917818664500
"""LingWae @ FQN9hzhzP_"" checks",2026-09-12T01:56:25.792Z,178917818579200
"""9/2 @ d-4X_F_SSU"" calls 10",2026-09-12T01:56:24.882Z,178917818488200
"""DK @ -47FT3Kv-N"" calls 10",2026-09-12T01:55:54.743Z,178917815474300
"""gurt @ gpP9uUffpu"" calls 10",2026-09-12T01:55:53.734Z,178917815373400
"""LingWae @ FQN9hzhzP_"" posts a big blind of 10",2026-09-12T01:55:51.674Z,178917815167407
"""9/2 @ d-4X_F_SSU"" posts a small blind of 5",2026-09-12T01:55:51.674Z,178917815167406
"Player stacks: #1 ""LingWae @ FQN9hzhzP_"" (1211) | #8 ""gurt @ gpP9uUffpu"" (3262) | #9 ""DK @ -47FT3Kv-N"" (1531) | #10 ""9/2 @ d-4X_F_SSU"" (2386)",2026-09-12T01:55:51.674Z,178917815167401
"-- starting hand #178 (id: ncdnnbln4q3f)  No Limit Texas Hold'em (dealer: ""DK @ -47FT3Kv-N"") --",2026-09-12T01:55:51.674Z,178917815167400
"Undealt cards: A♠, 2♥, Q♣, 3♦ [8♠]",2026-09-12T01:55:47.461Z,178917814746100
"""LingWae @ FQN9hzhzP_"" shows a 10♦, J♦.",2026-09-12T01:55:46.735Z,178917814673500
"""DK @ -47FT3Kv-N"" shows a 2♦.",2026-09-12T01:55:46.308Z,178917814630800
"""DK @ -47FT3Kv-N"" shows a 8♣.",2026-09-12T01:55:46.127Z,178917814612700
"-- ending hand #177 --",2026-09-12T01:55:44.295Z,178917814429502
"""9/2 @ d-4X_F_SSU"" collected 75 from pot",2026-09-12T01:55:44.295Z,178917814429501
"Uncalled bet of 75 returned to ""9/2 @ d-4X_F_SSU""",2026-09-12T01:55:44.295Z,178917814429500
"""LingWae @ FQN9hzhzP_"" folds",2026-09-12T01:55:43.470Z,178917814347000
"""9/2 @ d-4X_F_SSU"" bets 75",2026-09-12T01:55:41.035Z,178917814103500
"Turn: A♠, 2♥, Q♣ [3♦]",2026-09-12T01:55:38.865Z,178917813886500
"""LingWae @ FQN9hzhzP_"" checks",2026-09-12T01:55:37.997Z,178917813799700
"""9/2 @ d-4X_F_SSU"" checks",2026-09-12T01:55:36.834Z,178917813683400
"Flop:  [A♠, 2♥, Q♣]",2026-09-12T01:55:34.664Z,178917813466400
"""9/2 @ d-4X_F_SSU"" calls 35",2026-09-12T01:55:33.850Z,178917813385000
"""DK @ -47FT3Kv-N"" folds",2026-09-12T01:55:27.804Z,178917812780400
"""gurt @ gpP9uUffpu"" folds",2026-09-12T01:55:26.372Z,178917812637200
"""LingWae @ FQN9hzhzP_"" raises to 35",2026-09-12T01:55:22.866Z,178917812286600
"""9/2 @ d-4X_F_SSU"" posts a big blind of 10",2026-09-12T01:55:14.652Z,178917811465207
"""DK @ -47FT3Kv-N"" posts a small blind of 5",2026-09-12T01:55:14.652Z,178917811465206
"Player stacks: #1 ""LingWae @ FQN9hzhzP_"" (1246) | #8 ""gurt @ gpP9uUffpu"" (3262) | #9 ""DK @ -47FT3Kv-N"" (1536) | #10 ""9/2 @ d-4X_F_SSU"" (2346)",2026-09-12T01:55:14.652Z,178917811465201
"-- starting hand #177 (id: fowwyncefoe9)  No Limit Texas Hold'em (dealer: ""gurt @ gpP9uUffpu"") --",2026-09-12T01:55:14.652Z,178917811465200
"""gurt @ gpP9uUffpu"" shows a Q♦.",2026-09-12T01:55:12.025Z,178917811202500
"""DK @ -47FT3Kv-N"" shows a 3♣.",2026-09-12T01:55:09.839Z,178917810983900
"Undealt cards: 3♦, 2♦, 5♦, 5♣ [3♥]",2026-09-12T01:55:09.678Z,178917810967800
"-- ending hand #176 --",2026-09-12T01:55:07.252Z,178917810725202
"""gurt @ gpP9uUffpu"" collected 60 from pot",2026-09-12T01:55:07.252Z,178917810725201
"Uncalled bet of 60 returned to ""gurt @ gpP9uUffpu""",2026-09-12T01:55:07.252Z,178917810725200
"""DK @ -47FT3Kv-N"" folds",2026-09-12T01:55:06.448Z,178917810644800
"""gurt @ gpP9uUffpu"" bets 60",2026-09-12T01:55:05.487Z,178917810548700
"Turn: 3♦, 2♦, 5♦ [5♣]",2026-09-12T01:55:02.384Z,178917810238400
"""DK @ -47FT3Kv-N"" calls 20",2026-09-12T01:55:01.533Z,178917810153300
"""gurt @ gpP9uUffpu"" bets 20",2026-09-12T01:55:00.187Z,178917810018700
"Flop:  [3♦, 2♦, 5♦]",2026-09-12T01:54:56.244Z,178917809624400
"""DK @ -47FT3Kv-N"" checks",2026-09-12T01:54:55.431Z,178917809543100
"""gurt @ gpP9uUffpu"" calls 10",2026-09-12T01:54:54.267Z,178917809426700
"""LingWae @ FQN9hzhzP_"" folds",2026-09-12T01:54:52.846Z,178917809284600
"""9/2 @ d-4X_F_SSU"" folds",2026-09-12T01:54:50.218Z,178917809021800
"""DK @ -47FT3Kv-N"" posts a big blind of 10",2026-09-12T01:54:48.635Z,178917808863507
"""gurt @ gpP9uUffpu"" posts a small blind of 5",2026-09-12T01:54:48.635Z,178917808863506
"Player stacks: #1 ""LingWae @ FQN9hzhzP_"" (1246) | #8 ""gurt @ gpP9uUffpu"" (3232) | #9 ""DK @ -47FT3Kv-N"" (1566) | #10 ""9/2 @ d-4X_F_SSU"" (2346)",2026-09-12T01:54:48.635Z,178917808863501
"-- starting hand #176 (id: pirb2phkmkad)  No Limit Texas Hold'em (dealer: ""LingWae @ FQN9hzhzP_"") --",2026-09-12T01:54:48.635Z,178917808863500
"-- ending hand #175 --",2026-09-12T01:54:40.596Z,178917808059602
"""DK @ -47FT3Kv-N"" collected 783 from pot with Full House, 2's over 10's on the second run  (combination: 10♦, 10♥, 2♣, 2♠, 2♦)",2026-09-12T01:54:40.596Z,178917808059601
"""DK @ -47FT3Kv-N"" collected 783 from pot with Two Pair, 10's & 2's (combination: K♦, 2♣, 2♠, 10♦, 10♥)",2026-09-12T01:54:40.596Z,178917808059600
"River (second run): K♦, 2♠, 10♥, 2♦ [4♣]",2026-09-12T01:54:36.583Z,178917807658300
"Turn (second run): K♦, 2♠, 10♥ [2♦]",2026-09-12T01:54:32.472Z,178917807247200
"River: K♦, 2♠, 10♥, 7♠ [5♣]",2026-09-12T01:54:28.468Z,178917806846800
"Turn: K♦, 2♠, 10♥ [7♠]",2026-09-12T01:54:24.457Z,178917806445700
"""9/2 @ d-4X_F_SSU"" shows a J♠, K♠.",2026-09-12T01:54:20.447Z,178917806044701
"""DK @ -47FT3Kv-N"" shows a 2♣, 10♦.",2026-09-12T01:54:20.447Z,178917806044700
"All players in hand choose to run it twice.",2026-09-12T01:54:19.578Z,178917805957801
"""DK @ -47FT3Kv-N"" chooses to  run it twice.",2026-09-12T01:54:19.578Z,178917805957800
"""9/2 @ d-4X_F_SSU"" chooses to  run it twice.",2026-09-12T01:54:19.441Z,178917805944100
"Remaining players decide whether to run it twice.",2026-09-12T01:54:18.455Z,178917805845501
"""9/2 @ d-4X_F_SSU"" calls 718",2026-09-12T01:54:18.455Z,178917805845500
"""DK @ -47FT3Kv-N"" raises to 718 and go all in",2026-09-12T01:54:16.810Z,178917805681000
"""LingWae @ FQN9hzhzP_"" folds",2026-09-12T01:54:13.360Z,178917805336000
"""9/2 @ d-4X_F_SSU"" raises to 268",2026-09-12T01:54:12.066Z,178917805206600
"""DK @ -47FT3Kv-N"" bets 67",2026-09-12T01:53:53.261Z,178917803326100
"""LingWae @ FQN9hzhzP_"" checks",2026-09-12T01:53:49.440Z,178917802944000
"Flop:  [K♦, 2♠, 10♥]",2026-09-12T01:53:43.778Z,178917802377800
"""DK @ -47FT3Kv-N"" calls 40",2026-09-12T01:53:42.894Z,178917802289400
"""gurt @ gpP9uUffpu"" folds",2026-09-12T01:53:39.565Z,178917801956500
"""LingWae @ FQN9hzhzP_"" calls 40",2026-09-12T01:53:38.241Z,178917801824100
"""9/2 @ d-4X_F_SSU"" raises to 40",2026-09-12T01:53:24.170Z,178917800417000
"""DK @ -47FT3Kv-N"" calls 10",2026-09-12T01:53:22.206Z,178917800220600
"""gurt @ gpP9uUffpu"" posts a big blind of 10",2026-09-12T01:53:20.241Z,178917800024107
"""LingWae @ FQN9hzhzP_"" posts a small blind of 5",2026-09-12T01:53:20.241Z,178917800024106
"Player stacks: #1 ""LingWae @ FQN9hzhzP_"" (1286) | #8 ""gurt @ gpP9uUffpu"" (3242) | #9 ""DK @ -47FT3Kv-N"" (758) | #10 ""9/2 @ d-4X_F_SSU"" (3104)",2026-09-12T01:53:20.241Z,178917800024101
"-- starting hand #175 (id: kher0wmphf42)  No Limit Texas Hold'em (dealer: ""9/2 @ d-4X_F_SSU"") --",2026-09-12T01:53:20.241Z,178917800024100
"Undealt cards: 7♣, J♣, 9♥, A♦ [4♠]",2026-09-12T01:53:14.529Z,178917799452900
"-- ending hand #174 --",2026-09-12T01:53:14.230Z,178917799423002
"""LingWae @ FQN9hzhzP_"" collected 252 from pot",2026-09-12T01:53:14.230Z,178917799423001
"Uncalled bet of 189 returned to ""LingWae @ FQN9hzhzP_""",2026-09-12T01:53:14.230Z,178917799423000
"""gurt @ gpP9uUffpu"" folds",2026-09-12T01:53:13.329Z,178917799332900
"""LingWae @ FQN9hzhzP_"" raises to 255",2026-09-12T01:53:02.054Z,178917798205400
"""gurt @ gpP9uUffpu"" bets 66",2026-09-12T01:52:56.738Z,178917797673800
"""LingWae @ FQN9hzhzP_"" checks",2026-09-12T01:52:54.383Z,178917797438300
"Turn: 7♣, J♣, 9♥ [A♦]",2026-09-12T01:52:52.603Z,178917797260300
"""9/2 @ d-4X_F_SSU"" folds",2026-09-12T01:52:51.772Z,178917797177200
"""DK @ -47FT3Kv-N"" folds",2026-09-12T01:52:39.381Z,178917795938100
"""gurt @ gpP9uUffpu"" calls 40",2026-09-12T01:52:37.783Z,178917795778300
"""LingWae @ FQN9hzhzP_"" bets 40",2026-09-12T01:52:36.487Z,178917795648700
"""9/2 @ d-4X_F_SSU"" checks",2026-09-12T01:52:32.847Z,178917795284700
"Flop:  [7♣, J♣, 9♥]",2026-09-12T01:52:26.733Z,178917794673300
"""LingWae @ FQN9hzhzP_"" checks",2026-09-12T01:52:25.825Z,178917794582500
"""9/2 @ d-4X_F_SSU"" calls 10",2026-09-12T01:52:23.987Z,178917794398700
"""DK @ -47FT3Kv-N"" calls 10",2026-09-12T01:51:59.464Z,178917791946400
"""gurt @ gpP9uUffpu"" calls 10",2026-09-12T01:51:58.437Z,178917791843700
"""LingWae @ FQN9hzhzP_"" posts a big blind of 10",2026-09-12T01:51:55.885Z,178917791588507
"""9/2 @ d-4X_F_SSU"" posts a small blind of 5",2026-09-12T01:51:55.885Z,178917791588506
"Player stacks: #1 ""LingWae @ FQN9hzhzP_"" (1150) | #8 ""gurt @ gpP9uUffpu"" (3358) | #9 ""DK @ -47FT3Kv-N"" (768) | #10 ""9/2 @ d-4X_F_SSU"" (3114)",2026-09-12T01:51:55.885Z,178917791588501
"-- starting hand #174 (id: yj62dwfulade)  No Limit Texas Hold'em (dealer: ""DK @ -47FT3Kv-N"") --",2026-09-12T01:51:55.885Z,178917791588500
"""9/2 @ d-4X_F_SSU"" shows a 6♠, 5♣.",2026-09-12T01:51:54.287Z,178917791428700
"""gurt @ gpP9uUffpu"" shows a 7♥.",2026-09-12T01:51:53.211Z,178917791321100
"-- ending hand #173 --",2026-09-12T01:51:48.868Z,178917790886802
"""LingWae @ FQN9hzhzP_"" collected 225 from pot with Two Pair, 6's & 5's (combination: 7♦, 5♠, 5♦, 6♦, 6♣)",2026-09-12T01:51:48.868Z,178917790886801
"""LingWae @ FQN9hzhzP_"" shows a 6♦, 5♠.",2026-09-12T01:51:48.868Z,178917790886800
"""gurt @ gpP9uUffpu"" checks",2026-09-12T01:51:48.060Z,178917790806000
"""LingWae @ FQN9hzhzP_"" checks",2026-09-12T01:51:46.323Z,178917790632300
"River: 7♦, 6♣, 4♥, 2♦ [5♦]",2026-09-12T01:51:42.797Z,178917790279700
"""gurt @ gpP9uUffpu"" calls 40",2026-09-12T01:51:41.994Z,178917790199400
"""LingWae @ FQN9hzhzP_"" bets 40",2026-09-12T01:51:40.816Z,178917790081600
"Turn: 7♦, 6♣, 4♥ [2♦]",2026-09-12T01:51:36.054Z,178917789605400
"""gurt @ gpP9uUffpu"" calls 35",2026-09-12T01:51:35.220Z,178917789522000
"""LingWae @ FQN9hzhzP_"" bets 35",2026-09-12T01:51:33.066Z,178917789306600
"Flop:  [7♦, 6♣, 4♥]",2026-09-12T01:51:19.584Z,178917787958400
"""9/2 @ d-4X_F_SSU"" folds",2026-09-12T01:51:18.695Z,178917787869500
"""DK @ -47FT3Kv-N"" folds",2026-09-12T01:51:14.407Z,178917787440700
"""gurt @ gpP9uUffpu"" calls 30",2026-09-12T01:51:13.451Z,178917787345100
"""LingWae @ FQN9hzhzP_"" raises to 30",2026-09-12T01:51:11.844Z,178917787184400
"""9/2 @ d-4X_F_SSU"" posts a big blind of 10",2026-09-12T01:51:07.576Z,178917786757607
"""DK @ -47FT3Kv-N"" posts a small blind of 5",2026-09-12T01:51:07.576Z,178917786757606
"Player stacks: #1 ""LingWae @ FQN9hzhzP_"" (1030) | #8 ""gurt @ gpP9uUffpu"" (3463) | #9 ""DK @ -47FT3Kv-N"" (773) | #10 ""9/2 @ d-4X_F_SSU"" (3124)",2026-09-12T01:51:07.576Z,178917786757601
"-- starting hand #173 (id: nwkfbqe7g6i4)  No Limit Texas Hold'em (dealer: ""gurt @ gpP9uUffpu"") --",2026-09-12T01:51:07.576Z,178917786757600
"""LingWae @ FQN9hzhzP_"" shows a 10♠.",2026-09-12T01:51:03.252Z,178917786325200
"""LingWae @ FQN9hzhzP_"" shows a 5♥.",2026-09-12T01:51:02.553Z,178917786255300
"-- ending hand #172 --",2026-09-12T01:51:01.054Z,178917786105402
"""9/2 @ d-4X_F_SSU"" collected 110 from pot with Two Pair, 10's & 8's (combination: J♣, 8♦, 8♠, 10♥, 10♣)",2026-09-12T01:51:01.054Z,178917786105401
"""9/2 @ d-4X_F_SSU"" shows a 10♥, 7♥.",2026-09-12T01:51:01.054Z,178917786105400
"""gurt @ gpP9uUffpu"" calls 10",2026-09-12T01:51:00.198Z,178917786019800
"""9/2 @ d-4X_F_SSU"" bets 10",2026-09-12T01:50:58.138Z,178917785813800
"""DK @ -47FT3Kv-N"" folds",2026-09-12T01:50:56.282Z,178917785628200
"""gurt @ gpP9uUffpu"" checks",2026-09-12T01:50:55.332Z,178917785533200
"River: 8♦, J♣, 10♣, 3♠ [8♠]",2026-09-12T01:50:52.537Z,178917785253700
"""DK @ -47FT3Kv-N"" calls 10",2026-09-12T01:50:51.731Z,178917785173100
"""gurt @ gpP9uUffpu"" calls 10",2026-09-12T01:50:50.810Z,178917785081000
"""9/2 @ d-4X_F_SSU"" bets 10",2026-09-12T01:50:47.971Z,178917784797100
"""DK @ -47FT3Kv-N"" checks",2026-09-12T01:50:33.250Z,178917783325000
"""gurt @ gpP9uUffpu"" checks",2026-09-12T01:50:32.179Z,178917783217900
"Turn: 8♦, J♣, 10♣ [3♠]",2026-09-12T01:50:31.178Z,178917783117800
"""DK @ -47FT3Kv-N"" calls 10",2026-09-12T01:50:30.371Z,178917783037100
"""gurt @ gpP9uUffpu"" calls 10",2026-09-12T01:50:29.291Z,178917782929100
"""9/2 @ d-4X_F_SSU"" bets 10",2026-09-12T01:50:26.135Z,178917782613500
"""DK @ -47FT3Kv-N"" checks",2026-09-12T01:50:24.751Z,178917782475100
"""gurt @ gpP9uUffpu"" checks",2026-09-12T01:50:23.792Z,178917782379200
"Flop:  [8♦, J♣, 10♣]",2026-09-12T01:50:21.261Z,178917782126100
"""DK @ -47FT3Kv-N"" checks",2026-09-12T01:50:20.447Z,178917782044700
"""gurt @ gpP9uUffpu"" calls 10",2026-09-12T01:50:19.446Z,178917781944600
"""LingWae @ FQN9hzhzP_"" folds",2026-09-12T01:50:17.832Z,178917781783200
"""9/2 @ d-4X_F_SSU"" calls 10",2026-09-12T01:50:16.519Z,178917781651900
"""DK @ -47FT3Kv-N"" posts a big blind of 10",2026-09-12T01:50:07.620Z,178917780762007
"""gurt @ gpP9uUffpu"" posts a small blind of 5",2026-09-12T01:50:07.620Z,178917780762006
"Player stacks: #1 ""LingWae @ FQN9hzhzP_"" (1030) | #8 ""gurt @ gpP9uUffpu"" (3503) | #9 ""DK @ -47FT3Kv-N"" (803) | #10 ""9/2 @ d-4X_F_SSU"" (3054)",2026-09-12T01:50:07.620Z,178917780762001
"-- starting hand #172 (id: shupi6lqjo53)  No Limit Texas Hold'em (dealer: ""LingWae @ FQN9hzhzP_"") --",2026-09-12T01:50:07.620Z,178917780762000
"""DK @ -47FT3Kv-N"" shows a A♦.",2026-09-12T01:50:02.466Z,178917780246600
"-- ending hand #171 --",2026-09-12T01:50:01.098Z,178917780109804
"""gurt @ gpP9uUffpu"" collected 137 from pot with Two Pair, K's & J's (combination: A♥, J♦, J♠, K♥, K♦)",2026-09-12T01:50:01.098Z,178917780109803
"""LingWae @ FQN9hzhzP_"" collected 137 from pot with Two Pair, K's & J's (combination: A♥, J♥, J♠, K♥, K♦)",2026-09-12T01:50:01.098Z,178917780109802
"""LingWae @ FQN9hzhzP_"" shows a J♥, 4♥.",2026-09-12T01:50:01.098Z,178917780109801
"""gurt @ gpP9uUffpu"" shows a 3♦, J♦.",2026-09-12T01:50:01.098Z,178917780109800
"""LingWae @ FQN9hzhzP_"" calls 10",2026-09-12T01:50:00.199Z,178917780019900
"""gurt @ gpP9uUffpu"" bets 10",2026-09-12T01:49:58.433Z,178917779843300
"""LingWae @ FQN9hzhzP_"" checks",2026-09-12T01:49:57.114Z,178917779711400
"River: K♥, K♦, J♠, 10♣ [A♥]",2026-09-12T01:49:54.976Z,178917779497600
"""gurt @ gpP9uUffpu"" checks",2026-09-12T01:49:54.108Z,178917779410800
"""LingWae @ FQN9hzhzP_"" checks",2026-09-12T01:49:52.904Z,178917779290400
"Turn: K♥, K♦, J♠ [10♣]",2026-09-12T01:49:50.571Z,178917779057100
"""9/2 @ d-4X_F_SSU"" folds",2026-09-12T01:49:49.679Z,178917778967900
"""DK @ -47FT3Kv-N"" folds",2026-09-12T01:49:46.144Z,178917778614400
"""gurt @ gpP9uUffpu"" calls 67",2026-09-12T01:49:45.107Z,178917778510700
"""LingWae @ FQN9hzhzP_"" bets 67",2026-09-12T01:49:43.335Z,178917778333500
"Flop:  [K♥, K♦, J♠]",2026-09-12T01:49:37.041Z,178917777704100
"""9/2 @ d-4X_F_SSU"" calls 30",2026-09-12T01:49:36.211Z,178917777621100
"""DK @ -47FT3Kv-N"" calls 30",2026-09-12T01:49:35.294Z,178917777529400
"""gurt @ gpP9uUffpu"" calls 30",2026-09-12T01:49:34.146Z,178917777414600
"""LingWae @ FQN9hzhzP_"" raises to 30",2026-09-12T01:49:32.992Z,178917777299200
"""9/2 @ d-4X_F_SSU"" calls 10",2026-09-12T01:49:28.468Z,178917776846800
"""DK @ -47FT3Kv-N"" calls 10",2026-09-12T01:49:27.419Z,178917776741900
"""gurt @ gpP9uUffpu"" posts a big blind of 10",2026-09-12T01:49:24.358Z,178917776435807
"""LingWae @ FQN9hzhzP_"" posts a small blind of 5",2026-09-12T01:49:24.358Z,178917776435806
"Your hand is 3♦, J♦",2026-09-12T01:49:24.358Z,178917776435803
"Player stacks: #1 ""LingWae @ FQN9hzhzP_"" (1000) | #8 ""gurt @ gpP9uUffpu"" (3473) | #9 ""DK @ -47FT3Kv-N"" (833) | #10 ""9/2 @ d-4X_F_SSU"" (3084)",2026-09-12T01:49:24.358Z,178917776435801
"-- starting hand #171 (id: qdxp5bv3cksl)  No Limit Texas Hold'em (dealer: ""9/2 @ d-4X_F_SSU"") --",2026-09-12T01:49:24.358Z,178917776435800
"""DK @ -47FT3Kv-N"" shows a J♠, A♠.",2026-09-12T01:49:20.091Z,178917776009100
"-- ending hand #170 --",2026-09-12T01:49:17.774Z,178917775777402
"""gurt @ gpP9uUffpu"" collected 349 from pot with Pair, 4's (combination: 10♥, Q♥, A♣, 4♥, 4♠)",2026-09-12T01:49:17.774Z,178917775777401
"""gurt @ gpP9uUffpu"" shows a A♣, Q♥.",2026-09-12T01:49:17.774Z,178917775777400
"""DK @ -47FT3Kv-N"" checks",2026-09-12T01:49:16.956Z,178917775695600
"""gurt @ gpP9uUffpu"" checks",2026-09-12T01:49:15.941Z,178917775594100
"River: 6♦, 3♠, 10♥, 4♥ [4♠]",2026-09-12T01:49:08.541Z,178917774854100
"""DK @ -47FT3Kv-N"" checks",2026-09-12T01:49:07.632Z,178917774763200
"""gurt @ gpP9uUffpu"" checks",2026-09-12T01:49:06.714Z,178917774671400
"Turn: 6♦, 3♠, 10♥ [4♥]",2026-09-12T01:49:04.531Z,178917774453100
"""DK @ -47FT3Kv-N"" checks",2026-09-12T01:49:03.664Z,178917774366400
"""gurt @ gpP9uUffpu"" checks",2026-09-12T01:49:02.056Z,178917774205600
"Flop:  [6♦, 3♠, 10♥]",2026-09-12T01:49:00.357Z,178917774035700
"""gurt @ gpP9uUffpu"" calls 167",2026-09-12T01:48:59.514Z,178917773951400
"""LingWae @ FQN9hzhzP_"" folds",2026-09-12T01:48:47.088Z,178917772708800
"""9/2 @ d-4X_F_SSU"" folds",2026-09-12T01:48:45.121Z,178917772512100
"""DK @ -47FT3Kv-N"" raises to 167",2026-09-12T01:48:44.085Z,178917772408500
"""gurt @ gpP9uUffpu"" raises to 33",2026-09-12T01:48:40.927Z,178917772092700
"""LingWae @ FQN9hzhzP_"" posts a big blind of 10",2026-09-12T01:48:39.074Z,178917771907408
"""9/2 @ d-4X_F_SSU"" posts a small blind of 5",2026-09-12T01:48:39.074Z,178917771907407
"Your hand is A♣, Q♥",2026-09-12T01:48:39.074Z,178917771907404
"Player stacks: #1 ""LingWae @ FQN9hzhzP_"" (1010) | #8 ""gurt @ gpP9uUffpu"" (3291) | #9 ""DK @ -47FT3Kv-N"" (1000) | #10 ""9/2 @ d-4X_F_SSU"" (3089)",2026-09-12T01:48:39.074Z,178917771907402
"-- starting hand #170 (id: zrlthjx3efpi)  No Limit Texas Hold'em (dead button) --",2026-09-12T01:48:39.074Z,178917771907401
"The player ""DK @ -47FT3Kv-N"" joined the game with a stack of 1000.",2026-09-12T01:48:39.074Z,178917771907400
"""LingWae @ FQN9hzhzP_"" shows a 2♠, K♦.",2026-09-12T01:48:34.268Z,178917771426800
"-- ending hand #169 --",2026-09-12T01:48:32.532Z,178917771253203
"""9/2 @ d-4X_F_SSU"" collected 1251 from pot with Straight, 9 High (combination: 5♥, 6♥, 7♥, 8♠, 9♦)",2026-09-12T01:48:32.532Z,178917771253202
"""9/2 @ d-4X_F_SSU"" shows a 7♥, 5♥.",2026-09-12T01:48:32.532Z,178917771253201
"""gurt @ gpP9uUffpu"" shows a A♠, K♥.",2026-09-12T01:48:32.532Z,178917771253200
"""9/2 @ d-4X_F_SSU"" calls 222",2026-09-12T01:48:31.675Z,178917771167500
"""gurt @ gpP9uUffpu"" bets 222",2026-09-12T01:48:30.370Z,178917771037000
"""9/2 @ d-4X_F_SSU"" checks",2026-09-12T01:48:27.358Z,178917770735800
"River: K♣, 6♥, 8♠, 9♦ [A♣]",2026-09-12T01:48:26.669Z,178917770666900
"""LingWae @ FQN9hzhzP_"" folds",2026-09-12T01:48:25.804Z,178917770580400
"""9/2 @ d-4X_F_SSU"" calls 111",2026-09-12T01:48:22.558Z,178917770255800
"""gurt @ gpP9uUffpu"" bets 111",2026-09-12T01:48:20.352Z,178917770035200
"""LingWae @ FQN9hzhzP_"" checks",2026-09-12T01:48:17.261Z,178917769726100
"""9/2 @ d-4X_F_SSU"" checks",2026-09-12T01:48:15.870Z,178917769587000
"Turn: K♣, 6♥, 8♠ [9♦]",2026-09-12T01:48:14.901Z,178917769490100
"""9/2 @ d-4X_F_SSU"" calls 135",2026-09-12T01:48:14.074Z,178917769407400
"""gurt @ gpP9uUffpu"" calls 135",2026-09-12T01:48:12.899Z,178917769289900
"""LingWae @ FQN9hzhzP_"" bets 135",2026-09-12T01:48:10.994Z,178917769099400
"""9/2 @ d-4X_F_SSU"" checks",2026-09-12T01:48:03.144Z,178917768314400
"Flop:  [K♣, 6♥, 8♠]",2026-09-12T01:47:57.999Z,178917767799900
"""LingWae @ FQN9hzhzP_"" calls 60",2026-09-12T01:47:57.191Z,178917767719100
"""9/2 @ d-4X_F_SSU"" calls 60",2026-09-12T01:47:44.914Z,178917766491400
"""gurt @ gpP9uUffpu"" raises to 60",2026-09-12T01:47:43.719Z,178917766371900
"""LingWae @ FQN9hzhzP_"" calls 30",2026-09-12T01:47:40.755Z,178917766075500
"""9/2 @ d-4X_F_SSU"" raises to 30",2026-09-12T01:47:39.115Z,178917765911500
"""gurt @ gpP9uUffpu"" calls 10",2026-09-12T01:47:27.467Z,178917764746700
"""LingWae @ FQN9hzhzP_"" calls 10",2026-09-12T01:47:25.330Z,178917764533000
"The admin approved the player ""DK @ -47FT3Kv-N"" participation with a stack of 1000.",2026-09-12T01:47:10.556Z,178917763055600
"The player ""DK @ -47FT3Kv-N"" requested a seat.",2026-09-12T01:47:07.305Z,178917762730500
"""9/2 @ d-4X_F_SSU"" posts a big blind of 10",2026-09-12T01:47:04.041Z,178917762404107
"Dead Small Blind",2026-09-12T01:47:04.041Z,178917762404106
"Your hand is A♠, K♥",2026-09-12T01:47:04.041Z,178917762404104
"Player stacks: #1 ""LingWae @ FQN9hzhzP_"" (1205) | #8 ""gurt @ gpP9uUffpu"" (3819) | #10 ""9/2 @ d-4X_F_SSU"" (2366)",2026-09-12T01:47:04.041Z,178917762404102
"-- starting hand #169 (id: qptgjmnlnp3i)  No Limit Texas Hold'em (dealer: ""gurt @ gpP9uUffpu"") --",2026-09-12T01:47:04.041Z,178917762404101
"The player ""DK @ -47FT3Kv-N"" quits the game with a stack of 0.",2026-09-12T01:47:04.041Z,178917762404100
"-- ending hand #168 --",2026-09-12T01:46:55.970Z,178917761597002
"""gurt @ gpP9uUffpu"" collected 194 from pot with K High on the second run  (combination: 5♦, 8♠, 10♠, Q♠, K♣)",2026-09-12T01:46:55.970Z,178917761597001
"""gurt @ gpP9uUffpu"" collected 194 from pot with Pair, Q's (combination: J♣, K♣, A♣, Q♠, Q♦)",2026-09-12T01:46:55.970Z,178917761597000
"River (second run): 10♠, 3♣, 5♦, 2♥ [8♠]",2026-09-12T01:46:51.968Z,178917761196800
"Turn (second run): 10♠, 3♣, 5♦ [2♥]",2026-09-12T01:46:47.920Z,178917760792000
"Flop (second run):  [10♠, 3♣, 5♦]",2026-09-12T01:46:43.913Z,178917760391300
"River: 8♦, Q♦, J♣, A♣ [7♣]",2026-09-12T01:46:39.854Z,178917759985400
"Turn: 8♦, Q♦, J♣ [A♣]",2026-09-12T01:46:35.760Z,178917759576000
"Flop:  [8♦, Q♦, J♣]",2026-09-12T01:46:31.711Z,178917759171100
"""DK @ -47FT3Kv-N"" shows a 4♥, K♥.",2026-09-12T01:46:27.707Z,178917758770700
"""gurt @ gpP9uUffpu"" shows a K♣, Q♠.",2026-09-12T01:46:27.275Z,178917758727500
"All players in hand choose to run it twice.",2026-09-12T01:46:26.858Z,178917758685801
"""DK @ -47FT3Kv-N"" chooses to  run it twice.",2026-09-12T01:46:26.858Z,178917758685800
"""gurt @ gpP9uUffpu"" chooses to  run it twice.",2026-09-12T01:46:26.508Z,178917758650800
"Remaining players decide whether to run it twice.",2026-09-12T01:46:26.033Z,178917758603301
"""gurt @ gpP9uUffpu"" calls 189",2026-09-12T01:46:26.033Z,178917758603300
"""LingWae @ FQN9hzhzP_"" folds",2026-09-12T01:46:25.150Z,178917758515000
"""DK @ -47FT3Kv-N"" raises to 189 and go all in",2026-09-12T01:46:22.611Z,178917758261100
"""gurt @ gpP9uUffpu"" raises to 40",2026-09-12T01:46:19.865Z,178917757986500
"""LingWae @ FQN9hzhzP_"" calls 10",2026-09-12T01:46:17.884Z,178917757788400
"""9/2 @ d-4X_F_SSU"" folds",2026-09-12T01:46:15.905Z,178917757590500
"""DK @ -47FT3Kv-N"" posts a big blind of 10",2026-09-12T01:46:14.098Z,178917757409807
"""gurt @ gpP9uUffpu"" posts a small blind of 5",2026-09-12T01:46:14.098Z,178917757409806
"Your hand is K♣, Q♠",2026-09-12T01:46:14.098Z,178917757409803
"Player stacks: #1 ""LingWae @ FQN9hzhzP_"" (1215) | #8 ""gurt @ gpP9uUffpu"" (3620) | #9 ""DK @ -47FT3Kv-N"" (189) | #10 ""9/2 @ d-4X_F_SSU"" (2366)",2026-09-12T01:46:14.098Z,178917757409801
"-- starting hand #168 (id: m21bscbqtofo)  No Limit Texas Hold'em (dealer: ""LingWae @ FQN9hzhzP_"") --",2026-09-12T01:46:14.098Z,178917757409800
"""LingWae @ FQN9hzhzP_"" shows a 5♥.",2026-09-12T01:46:08.636Z,178917756863600
"-- ending hand #167 --",2026-09-12T01:46:07.548Z,178917756754802
"""gurt @ gpP9uUffpu"" collected 65 from pot with Pair, 5's (combination: 10♣, Q♠, A♦, 5♣, 5♠)",2026-09-12T01:46:07.548Z,178917756754801
"""gurt @ gpP9uUffpu"" shows a 10♣, Q♠.",2026-09-12T01:46:07.548Z,178917756754800
"""9/2 @ d-4X_F_SSU"" checks",2026-09-12T01:46:06.742Z,178917756674200
"""gurt @ gpP9uUffpu"" checks",2026-09-12T01:46:05.836Z,178917756583600
"River: 4♣, A♦, 5♣, 3♠ [5♠]",2026-09-12T01:46:05.096Z,178917756509600
"""9/2 @ d-4X_F_SSU"" checks",2026-09-12T01:46:04.266Z,178917756426600
"""gurt @ gpP9uUffpu"" checks",2026-09-12T01:46:03.407Z,178917756340700
"Turn: 4♣, A♦, 5♣ [3♠]",2026-09-12T01:46:01.489Z,178917756148900
"""9/2 @ d-4X_F_SSU"" checks",2026-09-12T01:46:00.626Z,178917756062600
"""gurt @ gpP9uUffpu"" checks",2026-09-12T01:45:59.529Z,178917755952900
"Flop:  [4♣, A♦, 5♣]",2026-09-12T01:45:57.478Z,178917755747800
"""9/2 @ d-4X_F_SSU"" calls 30",2026-09-12T01:45:56.658Z,178917755665800
"""gurt @ gpP9uUffpu"" raises to 30",2026-09-12T01:45:54.983Z,178917755498300
"""LingWae @ FQN9hzhzP_"" folds",2026-09-12T01:45:52.439Z,178917755243900
"""9/2 @ d-4X_F_SSU"" calls 10",2026-09-12T01:45:51.547Z,178917755154700
"""DK @ -47FT3Kv-N"" folds",2026-09-12T01:45:48.119Z,178917754811900
"""gurt @ gpP9uUffpu"" posts a big blind of 10",2026-09-12T01:45:45.079Z,178917754507907
"""LingWae @ FQN9hzhzP_"" posts a small blind of 5",2026-09-12T01:45:45.079Z,178917754507906
"Your hand is 10♣, Q♠",2026-09-12T01:45:45.079Z,178917754507903
"Player stacks: #1 ""LingWae @ FQN9hzhzP_"" (1220) | #8 ""gurt @ gpP9uUffpu"" (3585) | #9 ""DK @ -47FT3Kv-N"" (189) | #10 ""9/2 @ d-4X_F_SSU"" (2396)",2026-09-12T01:45:45.079Z,178917754507901
"-- starting hand #167 (id: 9dgxzg5cjo7q)  No Limit Texas Hold'em (dealer: ""9/2 @ d-4X_F_SSU"") --",2026-09-12T01:45:45.079Z,178917754507900
"""9/2 @ d-4X_F_SSU"" shows a 9♦.",2026-09-12T01:45:41.107Z,178917754110700
"-- ending hand #166 --",2026-09-12T01:45:38.496Z,178917753849602
"""gurt @ gpP9uUffpu"" collected 349 from pot with Full House, Q's over 9's (combination: 9♠, 9♥, Q♦, Q♣, Q♠)",2026-09-12T01:45:38.496Z,178917753849601
"""gurt @ gpP9uUffpu"" shows a 10♥, 9♠.",2026-09-12T01:45:38.496Z,178917753849600
"""DK @ -47FT3Kv-N"" checks",2026-09-12T01:45:37.665Z,178917753766500
"""gurt @ gpP9uUffpu"" checks",2026-09-12T01:45:34.152Z,178917753415200
"River: Q♦, Q♣, 6♥, 9♥ [Q♠]",2026-09-12T01:45:32.943Z,178917753294300
"""DK @ -47FT3Kv-N"" checks",2026-09-12T01:45:32.095Z,178917753209500
"""gurt @ gpP9uUffpu"" checks",2026-09-12T01:45:30.479Z,178917753047900
"Turn: Q♦, Q♣, 6♥ [9♥]",2026-09-12T01:45:29.090Z,178917752909000
"""DK @ -47FT3Kv-N"" checks",2026-09-12T01:45:28.275Z,178917752827500
"""gurt @ gpP9uUffpu"" checks",2026-09-12T01:45:26.176Z,178917752617600
"Flop:  [Q♦, Q♣, 6♥]",2026-09-12T01:45:25.056Z,178917752505600
"""gurt @ gpP9uUffpu"" calls 167",2026-09-12T01:45:24.151Z,178917752415100
"""LingWae @ FQN9hzhzP_"" folds",2026-09-12T01:45:23.207Z,178917752320700
"""9/2 @ d-4X_F_SSU"" folds",2026-09-12T01:45:21.379Z,178917752137900
"""DK @ -47FT3Kv-N"" raises to 167",2026-09-12T01:45:20.530Z,178917752053000
"""gurt @ gpP9uUffpu"" raises to 30",2026-09-12T01:45:17.162Z,178917751716200
"""LingWae @ FQN9hzhzP_"" posts a big blind of 10",2026-09-12T01:45:14.283Z,178917751428307
"""9/2 @ d-4X_F_SSU"" posts a small blind of 5",2026-09-12T01:45:14.283Z,178917751428306
"Your hand is 10♥, 9♠",2026-09-12T01:45:14.283Z,178917751428303
"Player stacks: #1 ""LingWae @ FQN9hzhzP_"" (1230) | #8 ""gurt @ gpP9uUffpu"" (3403) | #9 ""DK @ -47FT3Kv-N"" (356) | #10 ""9/2 @ d-4X_F_SSU"" (2401)",2026-09-12T01:45:14.283Z,178917751428301
"-- starting hand #166 (id: vtfue5xlgwe7)  No Limit Texas Hold'em (dealer: ""DK @ -47FT3Kv-N"") --",2026-09-12T01:45:14.283Z,178917751428300
"""LingWae @ FQN9hzhzP_"" shows a Q♠, 6♠.",2026-09-12T01:45:11.999Z,178917751199900
"Undealt cards: Q♣, 3♥, 6♥, 10♦ [J♣]",2026-09-12T01:45:08.997Z,178917750899700
"-- ending hand #165 --",2026-09-12T01:45:07.653Z,178917750765302
"""LingWae @ FQN9hzhzP_"" collected 630 from pot",2026-09-12T01:45:07.653Z,178917750765301
"Uncalled bet of 600 returned to ""LingWae @ FQN9hzhzP_""",2026-09-12T01:45:07.653Z,178917750765300
"""9/2 @ d-4X_F_SSU"" folds",2026-09-12T01:45:06.799Z,178917750679900
"""LingWae @ FQN9hzhzP_"" raises to 610 and go all in",2026-09-12T01:44:39.118Z,178917747911800
"""9/2 @ d-4X_F_SSU"" bets 10",2026-09-12T01:44:37.039Z,178917747703900
"Turn: Q♣, 3♥, 6♥ [10♦]",2026-09-12T01:44:36.777Z,178917747677700
"""9/2 @ d-4X_F_SSU"" calls 240",2026-09-12T01:44:35.969Z,178917747596900
"""gurt @ gpP9uUffpu"" folds",2026-09-12T01:44:34.226Z,178917747422600
"""LingWae @ FQN9hzhzP_"" raises to 240",2026-09-12T01:44:32.737Z,178917747273700
"""9/2 @ d-4X_F_SSU"" bets 40",2026-09-12T01:44:28.998Z,178917746899800
"Flop:  [Q♣, 3♥, 6♥]",2026-09-12T01:44:25.834Z,178917746583400
"""DK @ -47FT3Kv-N"" folds",2026-09-12T01:44:25.004Z,178917746500400
"""gurt @ gpP9uUffpu"" calls 40",2026-09-12T01:44:23.951Z,178917746395100
"""LingWae @ FQN9hzhzP_"" calls 40",2026-09-12T01:44:22.624Z,178917746262400
"""9/2 @ d-4X_F_SSU"" raises to 40",2026-09-12T01:44:20.818Z,178917746081800
"""DK @ -47FT3Kv-N"" calls 10",2026-09-12T01:44:17.382Z,178917745738200
"""gurt @ gpP9uUffpu"" calls 10",2026-09-12T01:44:16.308Z,178917745630800
"""LingWae @ FQN9hzhzP_"" calls 10",2026-09-12T01:44:12.501Z,178917745250100
"""9/2 @ d-4X_F_SSU"" posts a big blind of 10",2026-09-12T01:44:07.087Z,178917744708707
"""DK @ -47FT3Kv-N"" posts a small blind of 5",2026-09-12T01:44:07.087Z,178917744708706
"Player stacks: #1 ""LingWae @ FQN9hzhzP_"" (890) | #8 ""gurt @ gpP9uUffpu"" (3443) | #9 ""DK @ -47FT3Kv-N"" (366) | #10 ""9/2 @ d-4X_F_SSU"" (2691)",2026-09-12T01:44:07.087Z,178917744708701
"-- starting hand #165 (id: dmawitreel0l)  No Limit Texas Hold'em (dealer: ""gurt @ gpP9uUffpu"") --",2026-09-12T01:44:07.087Z,178917744708700
"-- ending hand #164 --",2026-09-12T01:44:01.067Z,178917744106703
"""LingWae @ FQN9hzhzP_"" collected 85 from pot with Pair, 3's (combination: 9♦, Q♣, A♥, 3♥, 3♣)",2026-09-12T01:44:01.067Z,178917744106702
"""LingWae @ FQN9hzhzP_"" shows a 3♥, A♥.",2026-09-12T01:44:01.067Z,178917744106701
"""DK @ -47FT3Kv-N"" shows a K♣, 3♠.",2026-09-12T01:44:01.067Z,178917744106700
"""LingWae @ FQN9hzhzP_"" checks",2026-09-12T01:44:00.229Z,178917744022900
"""9/2 @ d-4X_F_SSU"" checks",2026-09-12T01:43:59.262Z,178917743926200
"""DK @ -47FT3Kv-N"" checks",2026-09-12T01:43:58.294Z,178917743829400
"River: 9♦, 6♦, 3♣, 4♣ [Q♣]",2026-09-12T01:43:56.756Z,178917743675600
"""LingWae @ FQN9hzhzP_"" checks",2026-09-12T01:43:55.938Z,178917743593800
"""9/2 @ d-4X_F_SSU"" checks",2026-09-12T01:43:54.518Z,178917743451800
"""DK @ -47FT3Kv-N"" checks",2026-09-12T01:43:53.647Z,178917743364700
"Turn: 9♦, 6♦, 3♣ [4♣]",2026-09-12T01:43:52.458Z,178917743245800
"""9/2 @ d-4X_F_SSU"" calls 15",2026-09-12T01:43:51.561Z,178917743156100
"""DK @ -47FT3Kv-N"" calls 15",2026-09-12T01:43:49.364Z,178917742936400
"""gurt @ gpP9uUffpu"" folds",2026-09-12T01:43:48.417Z,178917742841700
"""LingWae @ FQN9hzhzP_"" bets 15",2026-09-12T01:43:46.710Z,178917742671000
"""9/2 @ d-4X_F_SSU"" checks",2026-09-12T01:43:42.786Z,178917742278600
"""DK @ -47FT3Kv-N"" checks",2026-09-12T01:43:41.912Z,178917742191200
"""gurt @ gpP9uUffpu"" checks",2026-09-12T01:43:40.279Z,178917742027900
"Flop:  [9♦, 6♦, 3♣]",2026-09-12T01:43:38.736Z,178917741873600
"""DK @ -47FT3Kv-N"" checks",2026-09-12T01:43:37.890Z,178917741789000
"""gurt @ gpP9uUffpu"" calls 10",2026-09-12T01:43:36.678Z,178917741667800
"""LingWae @ FQN9hzhzP_"" calls 10",2026-09-12T01:43:35.416Z,178917741541600
"""9/2 @ d-4X_F_SSU"" calls 10",2026-09-12T01:43:34.194Z,178917741419400
"""DK @ -47FT3Kv-N"" posts a big blind of 10",2026-09-12T01:43:31.846Z,178917741184607
"""gurt @ gpP9uUffpu"" posts a small blind of 5",2026-09-12T01:43:31.846Z,178917741184606
"Player stacks: #1 ""LingWae @ FQN9hzhzP_"" (830) | #8 ""gurt @ gpP9uUffpu"" (3453) | #9 ""DK @ -47FT3Kv-N"" (391) | #10 ""9/2 @ d-4X_F_SSU"" (2716)",2026-09-12T01:43:31.846Z,178917741184601
"-- starting hand #164 (id: licoppgfnqrm)  No Limit Texas Hold'em (dealer: ""LingWae @ FQN9hzhzP_"") --",2026-09-12T01:43:31.846Z,178917741184600
"""gurt @ gpP9uUffpu"" shows a 4♠.",2026-09-12T01:43:28.018Z,178917740801800
"""DK @ -47FT3Kv-N"" shows a A♣.",2026-09-12T01:43:26.515Z,178917740651500
"Undealt cards: 2♥, Q♣, 10♥ [2♠, 9♠]",2026-09-12T01:43:25.614Z,178917740561400
"-- ending hand #163 --",2026-09-12T01:43:24.535Z,178917740453502
"""DK @ -47FT3Kv-N"" collected 35 from pot",2026-09-12T01:43:24.535Z,178917740453501
"Uncalled bet of 67 returned to ""DK @ -47FT3Kv-N""",2026-09-12T01:43:24.535Z,178917740453500
"""gurt @ gpP9uUffpu"" folds",2026-09-12T01:43:23.691Z,178917740369100
"""9/2 @ d-4X_F_SSU"" folds",2026-09-12T01:43:18.412Z,178917739841200
"""DK @ -47FT3Kv-N"" bets 67",2026-09-12T01:43:17.324Z,178917739732400
"""gurt @ gpP9uUffpu"" checks",2026-09-12T01:43:14.209Z,178917739420900
"Flop:  [2♥, Q♣, 10♥]",2026-09-12T01:43:12.123Z,178917739212300
"""gurt @ gpP9uUffpu"" checks",2026-09-12T01:43:11.284Z,178917739128400
"""LingWae @ FQN9hzhzP_"" folds",2026-09-12T01:43:10.207Z,178917739020700
"""9/2 @ d-4X_F_SSU"" calls 10",2026-09-12T01:43:09.318Z,178917738931800
"""DK @ -47FT3Kv-N"" calls 10",2026-09-12T01:43:08.315Z,178917738831500
"""gurt @ gpP9uUffpu"" posts a big blind of 10",2026-09-12T01:43:06.725Z,178917738672507
"""LingWae @ FQN9hzhzP_"" posts a small blind of 5",2026-09-12T01:43:06.725Z,178917738672506
"Player stacks: #1 ""LingWae @ FQN9hzhzP_"" (835) | #8 ""gurt @ gpP9uUffpu"" (3463) | #9 ""DK @ -47FT3Kv-N"" (366) | #10 ""9/2 @ d-4X_F_SSU"" (2726)",2026-09-12T01:43:06.725Z,178917738672501
"-- starting hand #163 (id: v7aqczwwhpgh)  No Limit Texas Hold'em (dealer: ""9/2 @ d-4X_F_SSU"") --",2026-09-12T01:43:06.725Z,178917738672500
"Undealt cards: K♥, 6♥, K♠ [4♠, 9♣]",2026-09-12T01:43:03.815Z,178917738381500
"""LingWae @ FQN9hzhzP_"" shows a 2♥.",2026-09-12T01:43:03.440Z,178917738344000
"""LingWae @ FQN9hzhzP_"" shows a 9♦.",2026-09-12T01:43:02.630Z,178917738263000
"""DK @ -47FT3Kv-N"" shows a 4♥.",2026-09-12T01:43:01.466Z,178917738146600
"-- ending hand #162 --",2026-09-12T01:42:59.371Z,178917737937102
"""9/2 @ d-4X_F_SSU"" collected 90 from pot",2026-09-12T01:42:59.371Z,178917737937101
"Uncalled bet of 30 returned to ""9/2 @ d-4X_F_SSU""",2026-09-12T01:42:59.371Z,178917737937100
"""DK @ -47FT3Kv-N"" folds",2026-09-12T01:42:58.517Z,178917737851700
"""9/2 @ d-4X_F_SSU"" bets 30",2026-09-12T01:42:56.984Z,178917737698400
"Flop:  [K♥, 6♥, K♠]",2026-09-12T01:42:52.479Z,178917737247900
"""DK @ -47FT3Kv-N"" calls 40",2026-09-12T01:42:51.631Z,178917737163100
"""LingWae @ FQN9hzhzP_"" folds",2026-09-12T01:42:50.136Z,178917737013600
"""9/2 @ d-4X_F_SSU"" raises to 40",2026-09-12T01:42:46.775Z,178917736677500
"""DK @ -47FT3Kv-N"" calls 10",2026-09-12T01:42:43.285Z,178917736328500
"""gurt @ gpP9uUffpu"" folds",2026-09-12T01:42:42.161Z,178917736216100
"""LingWae @ FQN9hzhzP_"" posts a big blind of 10",2026-09-12T01:42:39.267Z,178917735926707
"""9/2 @ d-4X_F_SSU"" posts a small blind of 5",2026-09-12T01:42:39.267Z,178917735926706
"Player stacks: #1 ""LingWae @ FQN9hzhzP_"" (845) | #8 ""gurt @ gpP9uUffpu"" (3463) | #9 ""DK @ -47FT3Kv-N"" (406) | #10 ""9/2 @ d-4X_F_SSU"" (2676)",2026-09-12T01:42:39.267Z,178917735926701
"-- starting hand #162 (id: af6ndzikr9ab)  No Limit Texas Hold'em (dealer: ""DK @ -47FT3Kv-N"") --",2026-09-12T01:42:39.267Z,178917735926700
"""DK @ -47FT3Kv-N"" shows a 5♥.",2026-09-12T01:42:36.219Z,178917735621900
"""gurt @ gpP9uUffpu"" shows a 5♦.",2026-09-12T01:42:34.798Z,178917735479800
"""LingWae @ FQN9hzhzP_"" shows a 9♦.",2026-09-12T01:42:34.186Z,178917735418600
"Undealt cards: K♥, 2♥, 6♣, A♣ [9♣]",2026-09-12T01:42:32.445Z,178917735244500
"-- ending hand #161 --",2026-09-12T01:42:31.259Z,178917735125902
"""gurt @ gpP9uUffpu"" collected 40 from pot",2026-09-12T01:42:31.259Z,178917735125901
"Uncalled bet of 44 returned to ""gurt @ gpP9uUffpu""",2026-09-12T01:42:31.259Z,178917735125900
"""LingWae @ FQN9hzhzP_"" folds",2026-09-12T01:42:30.417Z,178917735041700
"""9/2 @ d-4X_F_SSU"" folds",2026-09-12T01:42:29.418Z,178917734941800
"""DK @ -47FT3Kv-N"" folds",2026-09-12T01:42:28.348Z,178917734834800
"""gurt @ gpP9uUffpu"" bets 44",2026-09-12T01:42:26.344Z,178917734634400
"""LingWae @ FQN9hzhzP_"" checks",2026-09-12T01:42:20.062Z,178917734006200
"""9/2 @ d-4X_F_SSU"" checks",2026-09-12T01:42:18.395Z,178917733839500
"""DK @ -47FT3Kv-N"" checks",2026-09-12T01:42:17.501Z,178917733750100
"Turn: K♥, 2♥, 6♣ [A♣]",2026-09-12T01:42:14.254Z,178917733425400
"""gurt @ gpP9uUffpu"" checks",2026-09-12T01:42:13.427Z,178917733342700
"""LingWae @ FQN9hzhzP_"" checks",2026-09-12T01:42:12.422Z,178917733242200
"""9/2 @ d-4X_F_SSU"" checks",2026-09-12T01:42:11.506Z,178917733150600
"""DK @ -47FT3Kv-N"" checks",2026-09-12T01:42:09.693Z,178917732969300
"Flop:  [K♥, 2♥, 6♣]",2026-09-12T01:42:07.245Z,178917732724500
"""9/2 @ d-4X_F_SSU"" checks",2026-09-12T01:42:06.363Z,178917732636300
"""DK @ -47FT3Kv-N"" calls 10",2026-09-12T01:42:03.187Z,178917732318700
"""gurt @ gpP9uUffpu"" calls 10",2026-09-12T01:42:01.959Z,178917732195900
"""LingWae @ FQN9hzhzP_"" calls 10",2026-09-12T01:42:00.639Z,178917732063900
"""9/2 @ d-4X_F_SSU"" posts a big blind of 10",2026-09-12T01:41:59.078Z,178917731907807
"""DK @ -47FT3Kv-N"" posts a small blind of 5",2026-09-12T01:41:59.078Z,178917731907806
"Player stacks: #1 ""LingWae @ FQN9hzhzP_"" (855) | #8 ""gurt @ gpP9uUffpu"" (3433) | #9 ""DK @ -47FT3Kv-N"" (416) | #10 ""9/2 @ d-4X_F_SSU"" (2686)",2026-09-12T01:41:59.078Z,178917731907801
"-- starting hand #161 (id: 4oy3dsn2q0un)  No Limit Texas Hold'em (dealer: ""gurt @ gpP9uUffpu"") --",2026-09-12T01:41:59.078Z,178917731907800
"""DK @ -47FT3Kv-N"" shows a 4♦.",2026-09-12T01:41:55.781Z,178917731578100
"""LingWae @ FQN9hzhzP_"" shows a A♦, 7♣.",2026-09-12T01:41:54.913Z,178917731491300
"""gurt @ gpP9uUffpu"" shows a 4♣.",2026-09-12T01:41:54.879Z,178917731487900
"-- ending hand #160 --",2026-09-12T01:41:54.072Z,178917731407202
"""DK @ -47FT3Kv-N"" collected 40 from pot",2026-09-12T01:41:54.072Z,178917731407201
"Uncalled bet of 67 returned to ""DK @ -47FT3Kv-N""",2026-09-12T01:41:54.072Z,178917731407200
"""gurt @ gpP9uUffpu"" folds",2026-09-12T01:41:53.210Z,178917731321000
"""LingWae @ FQN9hzhzP_"" folds",2026-09-12T01:41:52.055Z,178917731205500
"""9/2 @ d-4X_F_SSU"" folds",2026-09-12T01:41:49.246Z,178917730924600
"""DK @ -47FT3Kv-N"" bets 67",2026-09-12T01:41:43.392Z,178917730339200
"""gurt @ gpP9uUffpu"" checks",2026-09-12T01:41:39.380Z,178917729938000
"River: 7♥, 10♣, 6♦, J♥ [8♣]",2026-09-12T01:41:37.776Z,178917729777600
"""LingWae @ FQN9hzhzP_"" checks",2026-09-12T01:41:36.972Z,178917729697200
"""9/2 @ d-4X_F_SSU"" checks",2026-09-12T01:41:35.107Z,178917729510700
"""DK @ -47FT3Kv-N"" checks",2026-09-12T01:41:34.239Z,178917729423900
"""gurt @ gpP9uUffpu"" checks",2026-09-12T01:41:30.704Z,178917729070400
"Turn: 7♥, 10♣, 6♦ [J♥]",2026-09-12T01:41:29.096Z,178917728909600
"""LingWae @ FQN9hzhzP_"" checks",2026-09-12T01:41:28.255Z,178917728825500
"""9/2 @ d-4X_F_SSU"" checks",2026-09-12T01:41:27.344Z,178917728734400
"""DK @ -47FT3Kv-N"" checks",2026-09-12T01:41:26.276Z,178917728627600
"""gurt @ gpP9uUffpu"" checks",2026-09-12T01:41:24.524Z,178917728452400
"Flop:  [7♥, 10♣, 6♦]",2026-09-12T01:41:22.652Z,178917728265200
"""DK @ -47FT3Kv-N"" checks",2026-09-12T01:41:21.804Z,178917728180400
"""gurt @ gpP9uUffpu"" calls 10",2026-09-12T01:41:20.771Z,178917728077100
"""LingWae @ FQN9hzhzP_"" calls 10",2026-09-12T01:41:19.595Z,178917727959500
"""9/2 @ d-4X_F_SSU"" calls 10",2026-09-12T01:41:14.663Z,178917727466300
"""DK @ -47FT3Kv-N"" posts a big blind of 10",2026-09-12T01:41:11.920Z,178917727192007
"""gurt @ gpP9uUffpu"" posts a small blind of 5",2026-09-12T01:41:11.920Z,178917727192006
"Player stacks: #1 ""LingWae @ FQN9hzhzP_"" (865) | #8 ""gurt @ gpP9uUffpu"" (3443) | #9 ""DK @ -47FT3Kv-N"" (386) | #10 ""9/2 @ d-4X_F_SSU"" (2696)",2026-09-12T01:41:11.920Z,178917727192001
"-- starting hand #160 (id: hzyws8rddtma)  No Limit Texas Hold'em (dealer: ""LingWae @ FQN9hzhzP_"") --",2026-09-12T01:41:11.920Z,178917727192000
"-- ending hand #159 --",2026-09-12T01:41:05.889Z,178917726588903
"""LingWae @ FQN9hzhzP_"" collected 130 from pot with Pair, A's (combination: 5♦, 8♠, Q♦, A♥, A♦)",2026-09-12T01:41:05.889Z,178917726588902
"""LingWae @ FQN9hzhzP_"" shows a 2♣, A♥.",2026-09-12T01:41:05.889Z,178917726588901
"""9/2 @ d-4X_F_SSU"" shows a Q♠, 9♦.",2026-09-12T01:41:05.889Z,178917726588900
"""DK @ -47FT3Kv-N"" calls 10",2026-09-12T01:41:05.081Z,178917726508100
"""LingWae @ FQN9hzhzP_"" calls 10",2026-09-12T01:41:03.899Z,178917726389900
"""9/2 @ d-4X_F_SSU"" bets 10",2026-09-12T01:41:02.241Z,178917726224100
"""DK @ -47FT3Kv-N"" checks",2026-09-12T01:41:01.122Z,178917726112200
"""LingWae @ FQN9hzhzP_"" checks",2026-09-12T01:41:00.115Z,178917726011500
"River: A♦, Q♦, 5♦, 8♠ [3♠]",2026-09-12T01:40:57.577Z,178917725757700
"""DK @ -47FT3Kv-N"" calls 10",2026-09-12T01:40:56.718Z,178917725671800
"""LingWae @ FQN9hzhzP_"" calls 10",2026-09-12T01:40:55.700Z,178917725570000
"""9/2 @ d-4X_F_SSU"" bets 10",2026-09-12T01:40:51.835Z,178917725183500
"""DK @ -47FT3Kv-N"" checks",2026-09-12T01:40:50.610Z,178917725061000
"""LingWae @ FQN9hzhzP_"" checks",2026-09-12T01:40:49.014Z,178917724901400
"Turn: A♦, Q♦, 5♦ [8♠]",2026-09-12T01:40:47.681Z,178917724768100
"""DK @ -47FT3Kv-N"" calls 10",2026-09-12T01:40:46.850Z,178917724685000
"""gurt @ gpP9uUffpu"" folds",2026-09-12T01:40:45.574Z,178917724557400
"""LingWae @ FQN9hzhzP_"" calls 10",2026-09-12T01:40:44.111Z,178917724411100
"""9/2 @ d-4X_F_SSU"" bets 10",2026-09-12T01:40:42.626Z,178917724262600
"""DK @ -47FT3Kv-N"" checks",2026-09-12T01:40:41.445Z,178917724144500
"""gurt @ gpP9uUffpu"" checks",2026-09-12T01:40:40.148Z,178917724014800
"""LingWae @ FQN9hzhzP_"" checks",2026-09-12T01:40:39.063Z,178917723906300
"Flop:  [A♦, Q♦, 5♦]",2026-09-12T01:40:34.871Z,178917723487100
"""gurt @ gpP9uUffpu"" checks",2026-09-12T01:40:34.041Z,178917723404100
"""LingWae @ FQN9hzhzP_"" calls 10",2026-09-12T01:40:33.025Z,178917723302500
"""9/2 @ d-4X_F_SSU"" calls 10",2026-09-12T01:40:31.827Z,178917723182700
"""DK @ -47FT3Kv-N"" calls 10",2026-09-12T01:40:27.771Z,178917722777100
"""gurt @ gpP9uUffpu"" posts a big blind of 10",2026-09-12T01:40:26.395Z,178917722639507
"""LingWae @ FQN9hzhzP_"" posts a small blind of 5",2026-09-12T01:40:26.395Z,178917722639506
"Player stacks: #1 ""LingWae @ FQN9hzhzP_"" (775) | #8 ""gurt @ gpP9uUffpu"" (3453) | #9 ""DK @ -47FT3Kv-N"" (426) | #10 ""9/2 @ d-4X_F_SSU"" (2736)",2026-09-12T01:40:26.395Z,178917722639501
"-- starting hand #159 (id: gpvlaoqpijpm)  No Limit Texas Hold'em (dealer: ""9/2 @ d-4X_F_SSU"") --",2026-09-12T01:40:26.395Z,178917722639500
"""DK @ -47FT3Kv-N"" shows a 7♦.",2026-09-12T01:40:24.473Z,178917722447300
"""9/2 @ d-4X_F_SSU"" shows a 2♣.",2026-09-12T01:40:23.214Z,178917722321400
"""LingWae @ FQN9hzhzP_"" shows a 10♦, J♠.",2026-09-12T01:40:23.076Z,178917722307600
"-- ending hand #158 --",2026-09-12T01:40:21.390Z,178917722139001
"""LingWae @ FQN9hzhzP_"" collected 75 from pot",2026-09-12T01:40:21.390Z,178917722139000
"""DK @ -47FT3Kv-N"" folds",2026-09-12T01:40:20.570Z,178917722057000
"""LingWae @ FQN9hzhzP_"" checks",2026-09-12T01:40:19.642Z,178917721964200
"River: 9♥, 6♠, 3♥, 2♥ [9♠]",2026-09-12T01:40:18.156Z,178917721815600
"""DK @ -47FT3Kv-N"" checks",2026-09-12T01:40:17.292Z,178917721729200
"""LingWae @ FQN9hzhzP_"" checks",2026-09-12T01:40:16.380Z,178917721638000
"Turn: 9♥, 6♠, 3♥ [2♥]",2026-09-12T01:40:14.969Z,178917721496900
"""DK @ -47FT3Kv-N"" checks",2026-09-12T01:40:14.120Z,178917721412000
"""LingWae @ FQN9hzhzP_"" checks",2026-09-12T01:40:13.112Z,178917721311200
"Flop:  [9♥, 6♠, 3♥]",2026-09-12T01:40:11.029Z,178917721102900
"""DK @ -47FT3Kv-N"" calls 35",2026-09-12T01:40:10.219Z,178917721021900
"""LingWae @ FQN9hzhzP_"" raises to 35",2026-09-12T01:40:08.676Z,178917720867600
"""9/2 @ d-4X_F_SSU"" folds",2026-09-12T01:40:00.615Z,178917720061500
"""DK @ -47FT3Kv-N"" calls 10",2026-09-12T01:39:59.723Z,178917719972300
"""gurt @ gpP9uUffpu"" folds",2026-09-12T01:39:58.476Z,178917719847600
"""LingWae @ FQN9hzhzP_"" posts a big blind of 10",2026-09-12T01:39:55.782Z,178917719578207
"""9/2 @ d-4X_F_SSU"" posts a small blind of 5",2026-09-12T01:39:55.782Z,178917719578206
"Player stacks: #1 ""LingWae @ FQN9hzhzP_"" (735) | #8 ""gurt @ gpP9uUffpu"" (3453) | #9 ""DK @ -47FT3Kv-N"" (461) | #10 ""9/2 @ d-4X_F_SSU"" (2741)",2026-09-12T01:39:55.782Z,178917719578201
"-- starting hand #158 (id: p1ganf9tq4dd)  No Limit Texas Hold'em (dealer: ""DK @ -47FT3Kv-N"") --",2026-09-12T01:39:55.782Z,178917719578200
"Undealt cards: 10♣, J♥, 6♣, 3♠ [4♦]",2026-09-12T01:39:50.996Z,178917719099600
"-- ending hand #157 --",2026-09-12T01:39:49.865Z,178917718986502
"""gurt @ gpP9uUffpu"" collected 598 from pot",2026-09-12T01:39:49.865Z,178917718986501
"Uncalled bet of 222 returned to ""gurt @ gpP9uUffpu""",2026-09-12T01:39:49.865Z,178917718986500
"""9/2 @ d-4X_F_SSU"" folds",2026-09-12T01:39:49.019Z,178917718901900
"""gurt @ gpP9uUffpu"" bets 222",2026-09-12T01:39:48.161Z,178917718816100
"""9/2 @ d-4X_F_SSU"" checks",2026-09-12T01:39:45.677Z,178917718567700
"Turn: 10♣, J♥, 6♣ [3♠]",2026-09-12T01:39:44.337Z,178917718433700
"""9/2 @ d-4X_F_SSU"" calls 111",2026-09-12T01:39:43.494Z,178917718349400
"""DK @ -47FT3Kv-N"" folds",2026-09-12T01:39:42.568Z,178917718256800
"""gurt @ gpP9uUffpu"" bets 111",2026-09-12T01:39:41.126Z,178917718112600
"""9/2 @ d-4X_F_SSU"" checks",2026-09-12T01:39:38.887Z,178917717888700
"""DK @ -47FT3Kv-N"" checks",2026-09-12T01:39:35.912Z,178917717591200
"Flop:  [10♣, J♥, 6♣]",2026-09-12T01:39:32.999Z,178917717299900
"""DK @ -47FT3Kv-N"" calls 122",2026-09-12T01:39:32.168Z,178917717216800
"""gurt @ gpP9uUffpu"" calls 122",2026-09-12T01:39:30.614Z,178917717061400
"""LingWae @ FQN9hzhzP_"" folds",2026-09-12T01:39:27.401Z,178917716740100
"""9/2 @ d-4X_F_SSU"" raises to 122",2026-09-12T01:39:20.076Z,178917716007600
"""DK @ -47FT3Kv-N"" calls 33",2026-09-12T01:39:05.070Z,178917714507000
"""gurt @ gpP9uUffpu"" raises to 33",2026-09-12T01:39:03.932Z,178917714393200
"""LingWae @ FQN9hzhzP_"" calls 10",2026-09-12T01:39:01.991Z,178917714199100
"""9/2 @ d-4X_F_SSU"" posts a big blind of 10",2026-09-12T01:38:57.153Z,178917713715307
"""DK @ -47FT3Kv-N"" posts a small blind of 5",2026-09-12T01:38:57.153Z,178917713715306
"Player stacks: #1 ""LingWae @ FQN9hzhzP_"" (745) | #8 ""gurt @ gpP9uUffpu"" (3088) | #9 ""DK @ -47FT3Kv-N"" (583) | #10 ""9/2 @ d-4X_F_SSU"" (2974)",2026-09-12T01:38:57.153Z,178917713715301
"-- starting hand #157 (id: pdi3gvll5zxa)  No Limit Texas Hold'em (dealer: ""gurt @ gpP9uUffpu"") --",2026-09-12T01:38:57.153Z,178917713715300
"""DK @ -47FT3Kv-N"" shows a 10♠.",2026-09-12T01:38:56.109Z,178917713610900
"-- ending hand #156 --",2026-09-12T01:38:53.547Z,178917713354702
"""gurt @ gpP9uUffpu"" collected 30 from pot",2026-09-12T01:38:53.547Z,178917713354701
"Uncalled bet of 10 returned to ""gurt @ gpP9uUffpu""",2026-09-12T01:38:53.547Z,178917713354700
"""9/2 @ d-4X_F_SSU"" folds",2026-09-12T01:38:52.691Z,178917713269100
"""DK @ -47FT3Kv-N"" folds",2026-09-12T01:38:51.785Z,178917713178500
"""gurt @ gpP9uUffpu"" bets 10",2026-09-12T01:38:50.853Z,178917713085300
"River: 4♠, 3♦, 5♥, 3♠ [J♥]",2026-09-12T01:38:48.078Z,178917712807800
"""9/2 @ d-4X_F_SSU"" checks",2026-09-12T01:38:47.259Z,178917712725900
"""DK @ -47FT3Kv-N"" checks",2026-09-12T01:38:46.260Z,178917712626000
"""gurt @ gpP9uUffpu"" checks",2026-09-12T01:38:45.285Z,178917712528500
"Turn: 4♠, 3♦, 5♥ [3♠]",2026-09-12T01:38:43.930Z,178917712393000
"""9/2 @ d-4X_F_SSU"" checks",2026-09-12T01:38:43.107Z,178917712310700
"""DK @ -47FT3Kv-N"" checks",2026-09-12T01:38:42.160Z,178917712216000
"""gurt @ gpP9uUffpu"" checks",2026-09-12T01:38:41.164Z,178917712116400
"Flop:  [4♠, 3♦, 5♥]",2026-09-12T01:38:39.032Z,178917711903200
"""DK @ -47FT3Kv-N"" checks",2026-09-12T01:38:38.132Z,178917711813200
"""gurt @ gpP9uUffpu"" calls 10",2026-09-12T01:38:36.958Z,178917711695800
"""LingWae @ FQN9hzhzP_"" folds",2026-09-12T01:38:34.222Z,178917711422200
"""9/2 @ d-4X_F_SSU"" calls 10",2026-09-12T01:38:32.475Z,178917711247500
"""DK @ -47FT3Kv-N"" posts a big blind of 10",2026-09-12T01:38:29.128Z,178917710912807
"""gurt @ gpP9uUffpu"" posts a small blind of 5",2026-09-12T01:38:29.128Z,178917710912806
"Player stacks: #1 ""LingWae @ FQN9hzhzP_"" (745) | #8 ""gurt @ gpP9uUffpu"" (3068) | #9 ""DK @ -47FT3Kv-N"" (593) | #10 ""9/2 @ d-4X_F_SSU"" (2984)",2026-09-12T01:38:29.128Z,178917710912801
"-- starting hand #156 (id: ndcqzfbj7kzh)  No Limit Texas Hold'em (dealer: ""LingWae @ FQN9hzhzP_"") --",2026-09-12T01:38:29.128Z,178917710912800
"""LingWae @ FQN9hzhzP_"" shows a Q♣.",2026-09-12T01:38:26.108Z,178917710610800
"""DK @ -47FT3Kv-N"" shows a 5♣.",2026-09-12T01:38:25.412Z,178917710541200
"-- ending hand #155 --",2026-09-12T01:38:24.807Z,178917710480702
"""9/2 @ d-4X_F_SSU"" collected 90 from pot",2026-09-12T01:38:24.807Z,178917710480701
"Uncalled bet of 10 returned to ""9/2 @ d-4X_F_SSU""",2026-09-12T01:38:24.807Z,178917710480700
"""LingWae @ FQN9hzhzP_"" folds",2026-09-12T01:38:23.955Z,178917710395500
"""9/2 @ d-4X_F_SSU"" bets 10",2026-09-12T01:38:12.122Z,178917709212200
"""LingWae @ FQN9hzhzP_"" checks",2026-09-12T01:38:10.655Z,178917709065500
"River: 3♦, 5♠, 7♠, K♦ [7♣]",2026-09-12T01:38:05.120Z,178917708512000
"""9/2 @ d-4X_F_SSU"" checks",2026-09-12T01:38:04.290Z,178917708429000
"""LingWae @ FQN9hzhzP_"" checks",2026-09-12T01:38:02.518Z,178917708251800
"Turn: 3♦, 5♠, 7♠ [K♦]",2026-09-12T01:38:01.216Z,178917708121600
"""gurt @ gpP9uUffpu"" folds",2026-09-12T01:38:00.397Z,178917708039700
"""LingWae @ FQN9hzhzP_"" calls 30",2026-09-12T01:37:59.427Z,178917707942700
"""9/2 @ d-4X_F_SSU"" bets 30",2026-09-12T01:37:57.894Z,178917707789400
"""gurt @ gpP9uUffpu"" checks",2026-09-12T01:37:56.060Z,178917707606000
"""LingWae @ FQN9hzhzP_"" checks",2026-09-12T01:37:54.903Z,178917707490300
"Flop:  [3♦, 5♠, 7♠]",2026-09-12T01:37:52.791Z,178917707279100
"""gurt @ gpP9uUffpu"" checks",2026-09-12T01:37:51.977Z,178917707197700
"""LingWae @ FQN9hzhzP_"" calls 10",2026-09-12T01:37:51.006Z,178917707100600
"""9/2 @ d-4X_F_SSU"" calls 10",2026-09-12T01:37:49.978Z,178917706997800
"""DK @ -47FT3Kv-N"" folds",2026-09-12T01:37:47.902Z,178917706790200
"""gurt @ gpP9uUffpu"" posts a big blind of 10",2026-09-12T01:37:46.354Z,178917706635407
"""LingWae @ FQN9hzhzP_"" posts a small blind of 5",2026-09-12T01:37:46.354Z,178917706635406
"Player stacks: #1 ""LingWae @ FQN9hzhzP_"" (785) | #8 ""gurt @ gpP9uUffpu"" (3078) | #9 ""DK @ -47FT3Kv-N"" (593) | #10 ""9/2 @ d-4X_F_SSU"" (2934)",2026-09-12T01:37:46.354Z,178917706635401
"-- starting hand #155 (id: l3vsqppx09n5)  No Limit Texas Hold'em (dealer: ""9/2 @ d-4X_F_SSU"") --",2026-09-12T01:37:46.354Z,178917706635400
"""DK @ -47FT3Kv-N"" shows a 2♣.",2026-09-12T01:37:42.029Z,178917706202900
"Undealt cards:  [2♥, 7♠, 8♦, K♠, 4♠]",2026-09-12T01:37:40.648Z,178917706064800
"-- ending hand #154 --",2026-09-12T01:37:39.687Z,178917705968702
"""9/2 @ d-4X_F_SSU"" collected 90 from pot",2026-09-12T01:37:39.687Z,178917705968701
"Uncalled bet of 2844 returned to ""9/2 @ d-4X_F_SSU""",2026-09-12T01:37:39.687Z,178917705968700
"""gurt @ gpP9uUffpu"" folds",2026-09-12T01:37:38.794Z,178917705879400
"""LingWae @ FQN9hzhzP_"" folds",2026-09-12T01:37:37.663Z,178917705766300
"""9/2 @ d-4X_F_SSU"" raises to 2884 and go all in",2026-09-12T01:37:36.747Z,178917705674700
"""DK @ -47FT3Kv-N"" folds",2026-09-12T01:37:29.298Z,178917704929800
"""gurt @ gpP9uUffpu"" raises to 40",2026-09-12T01:37:26.896Z,178917704689600
"""LingWae @ FQN9hzhzP_"" posts a big blind of 10",2026-09-12T01:37:23.680Z,178917704368007
"""9/2 @ d-4X_F_SSU"" posts a small blind of 5",2026-09-12T01:37:23.680Z,178917704368006
"Player stacks: #1 ""LingWae @ FQN9hzhzP_"" (795) | #8 ""gurt @ gpP9uUffpu"" (3118) | #9 ""DK @ -47FT3Kv-N"" (593) | #10 ""9/2 @ d-4X_F_SSU"" (2884)",2026-09-12T01:37:23.680Z,178917704368001
"-- starting hand #154 (id: 6dzxlpecj2eg)  No Limit Texas Hold'em (dealer: ""DK @ -47FT3Kv-N"") --",2026-09-12T01:37:23.680Z,178917704368000
"Undealt cards: 10♦, 9♦, 2♣ [7♥, 4♥]",2026-09-12T01:37:18.796Z,178917703879600
"-- ending hand #153 --",2026-09-12T01:37:17.675Z,178917703767502
"""9/2 @ d-4X_F_SSU"" collected 200 from pot",2026-09-12T01:37:17.675Z,178917703767501
"Uncalled bet of 200 returned to ""9/2 @ d-4X_F_SSU""",2026-09-12T01:37:17.675Z,178917703767500
"""DK @ -47FT3Kv-N"" folds",2026-09-12T01:37:16.805Z,178917703680500
"""gurt @ gpP9uUffpu"" folds",2026-09-12T01:37:06.616Z,178917702661600
"""LingWae @ FQN9hzhzP_"" folds",2026-09-12T01:37:04.876Z,178917702487600
"""9/2 @ d-4X_F_SSU"" bets 200",2026-09-12T01:37:03.087Z,178917702308700
"""DK @ -47FT3Kv-N"" checks",2026-09-12T01:36:56.934Z,178917701693400
"Flop:  [10♦, 9♦, 2♣]",2026-09-12T01:36:54.698Z,178917701469800
"""gurt @ gpP9uUffpu"" calls 50",2026-09-12T01:36:53.876Z,178917701387600
"""LingWae @ FQN9hzhzP_"" calls 50",2026-09-12T01:36:49.691Z,178917700969100
"""9/2 @ d-4X_F_SSU"" calls 50",2026-09-12T01:36:47.771Z,178917700777100
"""DK @ -47FT3Kv-N"" raises to 50",2026-09-12T01:36:45.396Z,178917700539600
"""gurt @ gpP9uUffpu"" calls 10",2026-09-12T01:36:42.446Z,178917700244600
"""LingWae @ FQN9hzhzP_"" calls 10",2026-09-12T01:36:40.983Z,178917700098300
"""9/2 @ d-4X_F_SSU"" posts a big blind of 10",2026-09-12T01:36:38.385Z,178917699838507
"""DK @ -47FT3Kv-N"" posts a small blind of 5",2026-09-12T01:36:38.385Z,178917699838506
"Player stacks: #1 ""LingWae @ FQN9hzhzP_"" (845) | #8 ""gurt @ gpP9uUffpu"" (3168) | #9 ""DK @ -47FT3Kv-N"" (643) | #10 ""9/2 @ d-4X_F_SSU"" (2734)",2026-09-12T01:36:38.385Z,178917699838501
"-- starting hand #153 (id: 74ywswzktza3)  No Limit Texas Hold'em (dealer: ""gurt @ gpP9uUffpu"") --",2026-09-12T01:36:38.385Z,178917699838500
"""DK @ -47FT3Kv-N"" shows a 3♥.",2026-09-12T01:36:35.490Z,178917699549000
"""LingWae @ FQN9hzhzP_"" shows a 2♣.",2026-09-12T01:36:35.403Z,178917699540300
"-- ending hand #152 --",2026-09-12T01:36:34.056Z,178917699405602
"""DK @ -47FT3Kv-N"" collected 120 from pot",2026-09-12T01:36:34.056Z,178917699405601
"Uncalled bet of 90 returned to ""DK @ -47FT3Kv-N""",2026-09-12T01:36:34.056Z,178917699405600
"""gurt @ gpP9uUffpu"" folds",2026-09-12T01:36:33.226Z,178917699322600
"""DK @ -47FT3Kv-N"" bets 90",2026-09-12T01:36:24.014Z,178917698401400
"""gurt @ gpP9uUffpu"" checks",2026-09-12T01:36:20.184Z,178917698018400
"River: 6♠, 2♠, K♦, Q♦ [J♣]",2026-09-12T01:36:18.975Z,178917697897500
"""gurt @ gpP9uUffpu"" calls 40",2026-09-12T01:36:18.160Z,178917697816000
"""LingWae @ FQN9hzhzP_"" folds",2026-09-12T01:36:16.528Z,178917697652800
"""9/2 @ d-4X_F_SSU"" folds",2026-09-12T01:36:14.559Z,178917697455900
"""DK @ -47FT3Kv-N"" bets 40",2026-09-12T01:36:11.984Z,178917697198400
"""gurt @ gpP9uUffpu"" checks",2026-09-12T01:36:03.008Z,178917696300800
"Turn: 6♠, 2♠, K♦ [Q♦]",2026-09-12T01:36:00.844Z,178917696084400
"""LingWae @ FQN9hzhzP_"" checks",2026-09-12T01:35:59.952Z,178917695995200
"""9/2 @ d-4X_F_SSU"" checks",2026-09-12T01:35:48.294Z,178917694829400
"""DK @ -47FT3Kv-N"" checks",2026-09-12T01:35:47.259Z,178917694725900
"""gurt @ gpP9uUffpu"" checks",2026-09-12T01:35:46.271Z,178917694627100
"Flop:  [6♠, 2♠, K♦]",2026-09-12T01:35:43.033Z,178917694303300
"""DK @ -47FT3Kv-N"" checks",2026-09-12T01:35:42.176Z,178917694217600
"""gurt @ gpP9uUffpu"" calls 10",2026-09-12T01:35:37.952Z,178917693795200
"""LingWae @ FQN9hzhzP_"" calls 10",2026-09-12T01:35:35.939Z,178917693593900
"""9/2 @ d-4X_F_SSU"" calls 10",2026-09-12T01:35:24.778Z,178917692477800
"""DK @ -47FT3Kv-N"" posts a big blind of 10",2026-09-12T01:35:23.022Z,178917692302207
"""gurt @ gpP9uUffpu"" posts a small blind of 5",2026-09-12T01:35:23.022Z,178917692302206
"Player stacks: #1 ""LingWae @ FQN9hzhzP_"" (855) | #8 ""gurt @ gpP9uUffpu"" (3218) | #9 ""DK @ -47FT3Kv-N"" (573) | #10 ""9/2 @ d-4X_F_SSU"" (2744)",2026-09-12T01:35:23.022Z,178917692302201
"-- starting hand #152 (id: ipbyoaji8lvs)  No Limit Texas Hold'em (dealer: ""LingWae @ FQN9hzhzP_"") --",2026-09-12T01:35:23.022Z,178917692302200
"""DK @ -47FT3Kv-N"" shows a 10♣, 8♠.",2026-09-12T01:35:17.388Z,178917691738800
"-- ending hand #151 --",2026-09-12T01:35:16.422Z,178917691642202
"""LingWae @ FQN9hzhzP_"" collected 300 from pot with Two Pair, Q's & 2's (combination: 10♠, 2♥, 2♣, Q♥, Q♣)",2026-09-12T01:35:16.422Z,178917691642201
"""LingWae @ FQN9hzhzP_"" shows a 2♥, Q♥.",2026-09-12T01:35:16.422Z,178917691642200
"""DK @ -47FT3Kv-N"" calls 75",2026-09-12T01:35:15.584Z,178917691558400
"""LingWae @ FQN9hzhzP_"" bets 75",2026-09-12T01:34:58.184Z,178917689818400
"River: 5♥, 8♣, 10♠, Q♣ [2♣]",2026-09-12T01:34:52.106Z,178917689210600
"""LingWae @ FQN9hzhzP_"" calls 45",2026-09-12T01:34:51.287Z,178917689128700
"""DK @ -47FT3Kv-N"" bets 45",2026-09-12T01:34:49.463Z,178917688946300
"""LingWae @ FQN9hzhzP_"" checks",2026-09-12T01:34:44.277Z,178917688427700
"Turn: 5♥, 8♣, 10♠ [Q♣]",2026-09-12T01:34:42.053Z,178917688205300
"""gurt @ gpP9uUffpu"" folds",2026-09-12T01:34:41.237Z,178917688123700
"""LingWae @ FQN9hzhzP_"" calls 15",2026-09-12T01:34:40.325Z,178917688032500
"""DK @ -47FT3Kv-N"" bets 15",2026-09-12T01:34:27.564Z,178917686756400
"""gurt @ gpP9uUffpu"" checks",2026-09-12T01:34:22.285Z,178917686228500
"""LingWae @ FQN9hzhzP_"" checks",2026-09-12T01:34:21.042Z,178917686104200
"Flop:  [5♥, 8♣, 10♠]",2026-09-12T01:34:19.038Z,178917685903800
"""gurt @ gpP9uUffpu"" checks",2026-09-12T01:34:18.126Z,178917685812600
"""LingWae @ FQN9hzhzP_"" calls 10",2026-09-12T01:34:17.198Z,178917685719800
"""9/2 @ d-4X_F_SSU"" folds",2026-09-12T01:34:15.338Z,178917685533800
"""DK @ -47FT3Kv-N"" calls 10",2026-09-12T01:34:13.589Z,178917685358900
"""gurt @ gpP9uUffpu"" posts a big blind of 10",2026-09-12T01:34:10.632Z,178917685063207
"""LingWae @ FQN9hzhzP_"" posts a small blind of 5",2026-09-12T01:34:10.632Z,178917685063206
"Player stacks: #1 ""LingWae @ FQN9hzhzP_"" (700) | #8 ""gurt @ gpP9uUffpu"" (3228) | #9 ""DK @ -47FT3Kv-N"" (718) | #10 ""9/2 @ d-4X_F_SSU"" (2744)",2026-09-12T01:34:10.632Z,178917685063201
"-- starting hand #151 (id: woc7fvclqmlv)  No Limit Texas Hold'em (dealer: ""9/2 @ d-4X_F_SSU"") --",2026-09-12T01:34:10.632Z,178917685063200
"""LingWae @ FQN9hzhzP_"" shows a 7♠, 4♥.",2026-09-12T01:34:05.837Z,178917684583700
"""DK @ -47FT3Kv-N"" shows a Q♦.",2026-09-12T01:34:04.995Z,178917684499500
"Undealt cards: 6♣, J♠, 9♠ [Q♠, 2♥]",2026-09-12T01:34:04.203Z,178917684420300
"-- ending hand #150 --",2026-09-12T01:34:03.237Z,178917684323702
"""gurt @ gpP9uUffpu"" collected 40 from pot",2026-09-12T01:34:03.237Z,178917684323701
"Uncalled bet of 22 returned to ""gurt @ gpP9uUffpu""",2026-09-12T01:34:03.237Z,178917684323700
"""LingWae @ FQN9hzhzP_"" folds",2026-09-12T01:34:02.290Z,178917684229000
"""9/2 @ d-4X_F_SSU"" folds",2026-09-12T01:34:00.714Z,178917684071400
"""DK @ -47FT3Kv-N"" folds",2026-09-12T01:33:59.812Z,178917683981200
"""gurt @ gpP9uUffpu"" bets 22",2026-09-12T01:33:58.420Z,178917683842000
"""LingWae @ FQN9hzhzP_"" checks",2026-09-12T01:33:56.063Z,178917683606300
"""9/2 @ d-4X_F_SSU"" checks",2026-09-12T01:33:54.541Z,178917683454100
"Flop:  [6♣, J♠, 9♠]",2026-09-12T01:33:53.062Z,178917683306200
"""LingWae @ FQN9hzhzP_"" checks",2026-09-12T01:33:52.213Z,178917683221300
"""9/2 @ d-4X_F_SSU"" calls 10",2026-09-12T01:33:50.274Z,178917683027400
"""DK @ -47FT3Kv-N"" calls 10",2026-09-12T01:33:46.944Z,178917682694400
"""gurt @ gpP9uUffpu"" calls 10",2026-09-12T01:33:45.916Z,178917682591600
"""LingWae @ FQN9hzhzP_"" posts a big blind of 10",2026-09-12T01:33:44.171Z,178917682417107
"""9/2 @ d-4X_F_SSU"" posts a small blind of 5",2026-09-12T01:33:44.171Z,178917682417106
"Player stacks: #1 ""LingWae @ FQN9hzhzP_"" (710) | #8 ""gurt @ gpP9uUffpu"" (3198) | #9 ""DK @ -47FT3Kv-N"" (728) | #10 ""9/2 @ d-4X_F_SSU"" (2754)",2026-09-12T01:33:44.171Z,178917682417101
"-- starting hand #150 (id: w2tidaiolkdj)  No Limit Texas Hold'em (dealer: ""DK @ -47FT3Kv-N"") --",2026-09-12T01:33:44.171Z,178917682417100
"""LingWae @ FQN9hzhzP_"" shows a 9♥, K♥.",2026-09-12T01:33:39.702Z,178917681970200
"-- ending hand #149 --",2026-09-12T01:33:37.653Z,178917681765302
"""9/2 @ d-4X_F_SSU"" collected 214 from pot with Two Pair, Q's & J's (combination: A♥, J♠, J♦, Q♠, Q♦)",2026-09-12T01:33:37.653Z,178917681765301
"""9/2 @ d-4X_F_SSU"" shows a Q♠, 9♣.",2026-09-12T01:33:37.653Z,178917681765300
"""LingWae @ FQN9hzhzP_"" checks",2026-09-12T01:33:36.826Z,178917681682600
"""9/2 @ d-4X_F_SSU"" checks",2026-09-12T01:33:35.922Z,178917681592200
"River: 9♠, J♠, J♦, A♥ [Q♦]",2026-09-12T01:33:35.164Z,178917681516400
"""LingWae @ FQN9hzhzP_"" checks",2026-09-12T01:33:34.338Z,178917681433800
"""9/2 @ d-4X_F_SSU"" checks",2026-09-12T01:33:33.124Z,178917681312400
"Turn: 9♠, J♠, J♦ [A♥]",2026-09-12T01:33:31.536Z,178917681153600
"""9/2 @ d-4X_F_SSU"" calls 67",2026-09-12T01:33:30.658Z,178917681065800
"""DK @ -47FT3Kv-N"" folds",2026-09-12T01:33:29.530Z,178917680953000
"""gurt @ gpP9uUffpu"" folds",2026-09-12T01:33:28.482Z,178917680848200
"""LingWae @ FQN9hzhzP_"" raises to 67",2026-09-12T01:33:27.538Z,178917680753800
"""9/2 @ d-4X_F_SSU"" bets 20",2026-09-12T01:33:24.587Z,178917680458700
"""DK @ -47FT3Kv-N"" checks",2026-09-12T01:33:20.813Z,178917680081300
"Flop:  [9♠, J♠, J♦]",2026-09-12T01:33:19.303Z,178917679930300
"""9/2 @ d-4X_F_SSU"" calls 20",2026-09-12T01:33:18.418Z,178917679841800
"""DK @ -47FT3Kv-N"" calls 20",2026-09-12T01:33:17.075Z,178917679707500
"""gurt @ gpP9uUffpu"" calls 20",2026-09-12T01:33:15.541Z,178917679554100
"""LingWae @ FQN9hzhzP_"" raises to 20",2026-09-12T01:33:10.542Z,178917679054200
"""9/2 @ d-4X_F_SSU"" posts a big blind of 10",2026-09-12T01:33:07.556Z,178917678755607
"""DK @ -47FT3Kv-N"" posts a small blind of 5",2026-09-12T01:33:07.556Z,178917678755606
"Player stacks: #1 ""LingWae @ FQN9hzhzP_"" (797) | #8 ""gurt @ gpP9uUffpu"" (3218) | #9 ""DK @ -47FT3Kv-N"" (748) | #10 ""9/2 @ d-4X_F_SSU"" (2627)",2026-09-12T01:33:07.556Z,178917678755601
"-- starting hand #149 (id: rqyp2jzdnyt0)  No Limit Texas Hold'em (dealer: ""gurt @ gpP9uUffpu"") --",2026-09-12T01:33:07.556Z,178917678755600
"""gurt @ gpP9uUffpu"" shows a 5♣, A♥.",2026-09-12T01:33:03.707Z,178917678370700
"""LingWae @ FQN9hzhzP_"" shows a 9♣, 6♦.",2026-09-12T01:33:01.749Z,178917678174900
"""9/2 @ d-4X_F_SSU"" shows a 2♠.",2026-09-12T01:33:01.619Z,178917678161900
"""DK @ -47FT3Kv-N"" shows a A♠, K♠.",2026-09-12T01:33:01.399Z,178917678139900
"Undealt cards:  [2♥, 6♠, Q♥, 2♦, 7♣]",2026-09-12T01:32:59.139Z,178917677913900
"-- ending hand #148 --",2026-09-12T01:32:58.789Z,178917677878902
"""DK @ -47FT3Kv-N"" collected 76 from pot",2026-09-12T01:32:58.789Z,178917677878901
"Uncalled bet of 76 returned to ""DK @ -47FT3Kv-N""",2026-09-12T01:32:58.789Z,178917677878900
"""gurt @ gpP9uUffpu"" folds",2026-09-12T01:32:57.890Z,178917677789000
"""9/2 @ d-4X_F_SSU"" folds",2026-09-12T01:32:56.443Z,178917677644300
"""DK @ -47FT3Kv-N"" raises to 109",2026-09-12T01:32:51.785Z,178917677178500
"""gurt @ gpP9uUffpu"" raises to 33",2026-09-12T01:32:48.584Z,178917676858400
"""LingWae @ FQN9hzhzP_"" folds",2026-09-12T01:32:44.869Z,178917676486900
"""9/2 @ d-4X_F_SSU"" calls 10",2026-09-12T01:32:43.902Z,178917676390200
"""DK @ -47FT3Kv-N"" posts a big blind of 10",2026-09-12T01:32:41.380Z,178917676138007
"""gurt @ gpP9uUffpu"" posts a small blind of 5",2026-09-12T01:32:41.380Z,178917676138006
"Your hand is 5♣, A♥",2026-09-12T01:32:41.380Z,178917676138003
"Player stacks: #1 ""LingWae @ FQN9hzhzP_"" (797) | #8 ""gurt @ gpP9uUffpu"" (3251) | #9 ""DK @ -47FT3Kv-N"" (705) | #10 ""9/2 @ d-4X_F_SSU"" (2637)",2026-09-12T01:32:41.380Z,178917676138001
"-- starting hand #148 (id: zliyo0sbl9rk)  No Limit Texas Hold'em (dealer: ""LingWae @ FQN9hzhzP_"") --",2026-09-12T01:32:41.380Z,178917676138000
"-- ending hand #147 --",2026-09-12T01:32:35.376Z,178917675537602
"""DK @ -47FT3Kv-N"" collected 229 from pot with Two Pair, A's & 5's (combination: J♣, 5♣, 5♥, A♣, A♠)",2026-09-12T01:32:35.376Z,178917675537601
"""DK @ -47FT3Kv-N"" shows a 7♠, A♣.",2026-09-12T01:32:35.376Z,178917675537600
"""9/2 @ d-4X_F_SSU"" calls 67",2026-09-12T01:32:34.488Z,178917675448800
"""DK @ -47FT3Kv-N"" bets 67",2026-09-12T01:32:31.653Z,178917675165300
"River: 9♦, 5♣, 5♥, A♠ [J♣]",2026-09-12T01:32:27.970Z,178917674797000
"""9/2 @ d-4X_F_SSU"" checks",2026-09-12T01:32:27.106Z,178917674710600
"""DK @ -47FT3Kv-N"" checks",2026-09-12T01:32:26.238Z,178917674623800
"Turn: 9♦, 5♣, 5♥ [A♠]",2026-09-12T01:32:24.802Z,178917674480200
"""9/2 @ d-4X_F_SSU"" checks",2026-09-12T01:32:23.991Z,178917674399100
"""DK @ -47FT3Kv-N"" checks",2026-09-12T01:32:20.875Z,178917674087500
"Flop:  [9♦, 5♣, 5♥]",2026-09-12T01:32:19.094Z,178917673909400
"""DK @ -47FT3Kv-N"" calls 40",2026-09-12T01:32:18.289Z,178917673828900
"""gurt @ gpP9uUffpu"" folds",2026-09-12T01:32:16.137Z,178917673613700
"""LingWae @ FQN9hzhzP_"" folds",2026-09-12T01:32:14.637Z,178917673463700
"""9/2 @ d-4X_F_SSU"" raises to 40",2026-09-12T01:32:11.931Z,178917673193100
"""DK @ -47FT3Kv-N"" calls 10",2026-09-12T01:32:05.581Z,178917672558100
"""gurt @ gpP9uUffpu"" posts a big blind of 10",2026-09-12T01:32:03.896Z,178917672389607
"""LingWae @ FQN9hzhzP_"" posts a small blind of 5",2026-09-12T01:32:03.896Z,178917672389606
"Player stacks: #1 ""LingWae @ FQN9hzhzP_"" (802) | #8 ""gurt @ gpP9uUffpu"" (3261) | #9 ""DK @ -47FT3Kv-N"" (583) | #10 ""9/2 @ d-4X_F_SSU"" (2744)",2026-09-12T01:32:03.896Z,178917672389601
"-- starting hand #147 (id: vjads9fdxhnj)  No Limit Texas Hold'em (dealer: ""9/2 @ d-4X_F_SSU"") --",2026-09-12T01:32:03.896Z,178917672389600
"""LingWae @ FQN9hzhzP_"" shows a A♣.",2026-09-12T01:32:03.096Z,178917672309600
"""gurt @ gpP9uUffpu"" shows a Q♦.",2026-09-12T01:32:00.929Z,178917672092900
"""LingWae @ FQN9hzhzP_"" shows a 2♦.",2026-09-12T01:31:59.945Z,178917671994500
"-- ending hand #146 --",2026-09-12T01:31:59.585Z,178917671958502
"""gurt @ gpP9uUffpu"" collected 125 from pot",2026-09-12T01:31:59.585Z,178917671958501
"Uncalled bet of 67 returned to ""gurt @ gpP9uUffpu""",2026-09-12T01:31:59.585Z,178917671958500
"""LingWae @ FQN9hzhzP_"" folds",2026-09-12T01:31:58.763Z,178917671876300
"""gurt @ gpP9uUffpu"" bets 67",2026-09-12T01:31:54.237Z,178917671423700
"""LingWae @ FQN9hzhzP_"" checks",2026-09-12T01:31:43.507Z,178917670350700
"River: 10♣, 7♦, 8♠, 2♣ [Q♠]",2026-09-12T01:31:40.067Z,178917670006700
"""LingWae @ FQN9hzhzP_"" calls 30",2026-09-12T01:31:39.257Z,178917669925700
"""gurt @ gpP9uUffpu"" bets 30",2026-09-12T01:31:31.008Z,178917669100800
"""LingWae @ FQN9hzhzP_"" checks",2026-09-12T01:31:28.554Z,178917668855400
"Turn: 10♣, 7♦, 8♠ [2♣]",2026-09-12T01:31:25.461Z,178917668546100
"""gurt @ gpP9uUffpu"" checks",2026-09-12T01:31:24.650Z,178917668465000
"""LingWae @ FQN9hzhzP_"" checks",2026-09-12T01:31:23.707Z,178917668370700
"Flop:  [10♣, 7♦, 8♠]",2026-09-12T01:31:19.463Z,178917667946300
"""LingWae @ FQN9hzhzP_"" calls 30",2026-09-12T01:31:18.645Z,178917667864500
"""9/2 @ d-4X_F_SSU"" folds",2026-09-12T01:31:13.507Z,178917667350700
"""DK @ -47FT3Kv-N"" folds",2026-09-12T01:31:11.792Z,178917667179200
"""gurt @ gpP9uUffpu"" raises to 30",2026-09-12T01:31:10.530Z,178917667053000
"""LingWae @ FQN9hzhzP_"" posts a big blind of 10",2026-09-12T01:31:08.679Z,178917666867907
"""9/2 @ d-4X_F_SSU"" posts a small blind of 5",2026-09-12T01:31:08.679Z,178917666867906
"Player stacks: #1 ""LingWae @ FQN9hzhzP_"" (862) | #8 ""gurt @ gpP9uUffpu"" (3196) | #9 ""DK @ -47FT3Kv-N"" (583) | #10 ""9/2 @ d-4X_F_SSU"" (2749)",2026-09-12T01:31:08.679Z,178917666867901
"-- starting hand #146 (id: xnh58qea6asn)  No Limit Texas Hold'em (dealer: ""DK @ -47FT3Kv-N"") --",2026-09-12T01:31:08.679Z,178917666867900
"""gurt @ gpP9uUffpu"" shows a A♠.",2026-09-12T01:31:06.447Z,178917666644700
"-- ending hand #145 --",2026-09-12T01:31:05.015Z,178917666501501
"""gurt @ gpP9uUffpu"" collected 324 from pot",2026-09-12T01:31:05.015Z,178917666501500
"""DK @ -47FT3Kv-N"" folds",2026-09-12T01:31:04.170Z,178917666417000
"River: K♣, Q♣, 9♦, Q♠ [9♠]",2026-09-12T01:30:59.047Z,178917665904700
"""DK @ -47FT3Kv-N"" calls 55",2026-09-12T01:30:58.177Z,178917665817700
"""gurt @ gpP9uUffpu"" bets 55",2026-09-12T01:30:56.952Z,178917665695200
"""DK @ -47FT3Kv-N"" checks",2026-09-12T01:30:54.708Z,178917665470800
"Turn: K♣, Q♣, 9♦ [Q♠]",2026-09-12T01:30:52.843Z,178917665284300
"""DK @ -47FT3Kv-N"" calls 69",2026-09-12T01:30:51.978Z,178917665197800
"""gurt @ gpP9uUffpu"" bets 69",2026-09-12T01:30:50.853Z,178917665085300
"""DK @ -47FT3Kv-N"" checks",2026-09-12T01:30:48.733Z,178917664873300
"Flop:  [K♣, Q♣, 9♦]",2026-09-12T01:30:43.369Z,178917664336900
"""9/2 @ d-4X_F_SSU"" folds",2026-09-12T01:30:42.494Z,178917664249400
"""DK @ -47FT3Kv-N"" calls 33",2026-09-12T01:30:41.553Z,178917664155300
"""gurt @ gpP9uUffpu"" raises to 33",2026-09-12T01:30:40.306Z,178917664030600
"""LingWae @ FQN9hzhzP_"" folds",2026-09-12T01:30:37.400Z,178917663740000
"""9/2 @ d-4X_F_SSU"" posts a big blind of 10",2026-09-12T01:30:29.161Z,178917662916108
"""DK @ -47FT3Kv-N"" posts a small blind of 5",2026-09-12T01:30:29.161Z,178917662916107
"Player stacks: #1 ""LingWae @ FQN9hzhzP_"" (862) | #8 ""gurt @ gpP9uUffpu"" (3029) | #9 ""DK @ -47FT3Kv-N"" (740) | #10 ""9/2 @ d-4X_F_SSU"" (2759)",2026-09-12T01:30:29.161Z,178917662916102
"-- starting hand #145 (id: bqdj8y7aujxk)  No Limit Texas Hold'em (dealer: ""gurt @ gpP9uUffpu"") --",2026-09-12T01:30:29.161Z,178917662916101
"The player ""chris @ 5NARaPRkSp"" quits the game with a stack of 1860.",2026-09-12T01:30:29.161Z,178917662916100
"""gurt @ gpP9uUffpu"" shows a 9♦.",2026-09-12T01:30:25.693Z,178917662569300
"""LingWae @ FQN9hzhzP_"" shows a J♣, 9♠.",2026-09-12T01:30:23.362Z,178917662336200
"Undealt cards: J♠, 7♣, 9♥, A♠ [2♥]",2026-09-12T01:30:23.119Z,178917662311900
"-- ending hand #144 --",2026-09-12T01:30:21.758Z,178917662175802
"""LingWae @ FQN9hzhzP_"" collected 200 from pot",2026-09-12T01:30:21.758Z,178917662175801
"Uncalled bet of 662 returned to ""LingWae @ FQN9hzhzP_""",2026-09-12T01:30:21.758Z,178917662175800
"""DK @ -47FT3Kv-N"" folds",2026-09-12T01:30:20.871Z,178917662087100
"""gurt @ gpP9uUffpu"" folds",2026-09-12T01:30:15.912Z,178917661591200
"""LingWae @ FQN9hzhzP_"" bets 662 and go all in",2026-09-12T01:30:12.985Z,178917661298500
"""DK @ -47FT3Kv-N"" checks",2026-09-12T01:30:09.744Z,178917660974400
"""gurt @ gpP9uUffpu"" checks",2026-09-12T01:30:08.681Z,178917660868100
"Turn: J♠, 7♣, 9♥ [A♠]",2026-09-12T01:30:06.555Z,178917660655500
"""9/2 @ d-4X_F_SSU"" folds",2026-09-12T01:30:05.691Z,178917660569100
"""DK @ -47FT3Kv-N"" calls 50",2026-09-12T01:30:04.727Z,178917660472700
"""gurt @ gpP9uUffpu"" calls 50",2026-09-12T01:30:03.345Z,178917660334500
"""chris @ 5NARaPRkSp"" folds",2026-09-12T01:29:59.958Z,178917659995800
"""LingWae @ FQN9hzhzP_"" bets 50",2026-09-12T01:29:58.692Z,178917659869200
"""9/2 @ d-4X_F_SSU"" checks",2026-09-12T01:29:56.051Z,178917659605100
"""DK @ -47FT3Kv-N"" checks",2026-09-12T01:29:51.418Z,178917659141800
"""gurt @ gpP9uUffpu"" checks",2026-09-12T01:29:50.479Z,178917659047900
"Flop:  [J♠, 7♣, 9♥]",2026-09-12T01:29:47.839Z,178917658783900
"""DK @ -47FT3Kv-N"" checks",2026-09-12T01:29:47.012Z,178917658701200
"""gurt @ gpP9uUffpu"" calls 10",2026-09-12T01:29:45.947Z,178917658594700
"""chris @ 5NARaPRkSp"" calls 10",2026-09-12T01:29:43.575Z,178917658357500
"""LingWae @ FQN9hzhzP_"" calls 10",2026-09-12T01:29:32.895Z,178917657289500
"""9/2 @ d-4X_F_SSU"" calls 10",2026-09-12T01:29:29.506Z,178917656950600
"""DK @ -47FT3Kv-N"" posts a big blind of 10",2026-09-12T01:29:24.230Z,178917656423008
"""gurt @ gpP9uUffpu"" posts a small blind of 5",2026-09-12T01:29:24.230Z,178917656423007
"Player stacks: #1 ""LingWae @ FQN9hzhzP_"" (722) | #2 ""chris @ 5NARaPRkSp"" (1870) | #8 ""gurt @ gpP9uUffpu"" (3089) | #9 ""DK @ -47FT3Kv-N"" (800) | #10 ""9/2 @ d-4X_F_SSU"" (2769)",2026-09-12T01:29:24.230Z,178917656423001
"-- starting hand #144 (id: ferly11ykcsr)  No Limit Texas Hold'em (dealer: ""chris @ 5NARaPRkSp"") --",2026-09-12T01:29:24.230Z,178917656423000
"""DK @ -47FT3Kv-N"" shows a Q♠.",2026-09-12T01:29:20.315Z,178917656031500
"""DK @ -47FT3Kv-N"" shows a 3♠.",2026-09-12T01:29:20.087Z,178917656008700
"-- ending hand #143 --",2026-09-12T01:29:17.712Z,178917655771203
"""LingWae @ FQN9hzhzP_"" collected 225 from pot with Two Pair, K's & 3's (combination: J♥, 3♥, 3♣, K♣, K♦)",2026-09-12T01:29:17.712Z,178917655771202
"""LingWae @ FQN9hzhzP_"" shows a 6♥, 3♥.",2026-09-12T01:29:17.712Z,178917655771201
"""9/2 @ d-4X_F_SSU"" shows a 4♣, 6♣.",2026-09-12T01:29:17.712Z,178917655771200
"""LingWae @ FQN9hzhzP_"" checks",2026-09-12T01:29:16.888Z,178917655688800
"""9/2 @ d-4X_F_SSU"" checks",2026-09-12T01:29:14.898Z,178917655489800
"River: 3♣, K♣, 10♦, J♥ [K♦]",2026-09-12T01:29:14.024Z,178917655402400
"""LingWae @ FQN9hzhzP_"" checks",2026-09-12T01:29:13.155Z,178917655315500
"""9/2 @ d-4X_F_SSU"" checks",2026-09-12T01:29:09.391Z,178917654939100
"Turn: 3♣, K♣, 10♦ [J♥]",2026-09-12T01:29:07.423Z,178917654742300
"""DK @ -47FT3Kv-N"" folds",2026-09-12T01:29:06.564Z,178917654656400
"""gurt @ gpP9uUffpu"" folds",2026-09-12T01:29:05.509Z,178917654550900
"""LingWae @ FQN9hzhzP_"" calls 90",2026-09-12T01:29:04.559Z,178917654455900
"""9/2 @ d-4X_F_SSU"" bets 90",2026-09-12T01:28:57.827Z,178917653782700
"""DK @ -47FT3Kv-N"" checks",2026-09-12T01:28:49.195Z,178917652919500
"""gurt @ gpP9uUffpu"" checks",2026-09-12T01:28:46.695Z,178917652669500
"Flop:  [3♣, K♣, 10♦]",2026-09-12T01:28:45.182Z,178917652518200
"""gurt @ gpP9uUffpu"" checks",2026-09-12T01:28:44.348Z,178917652434800
"""chris @ 5NARaPRkSp"" folds",2026-09-12T01:28:42.765Z,178917652276500
"""LingWae @ FQN9hzhzP_"" calls 10",2026-09-12T01:28:41.718Z,178917652171800
"""9/2 @ d-4X_F_SSU"" calls 10",2026-09-12T01:28:36.282Z,178917651628200
"""DK @ -47FT3Kv-N"" calls 10",2026-09-12T01:28:31.044Z,178917651104400
"""gurt @ gpP9uUffpu"" posts a big blind of 10",2026-09-12T01:28:29.602Z,178917650960208
"""chris @ 5NARaPRkSp"" posts a small blind of 5",2026-09-12T01:28:29.602Z,178917650960207
"Player stacks: #1 ""LingWae @ FQN9hzhzP_"" (597) | #2 ""chris @ 5NARaPRkSp"" (1875) | #8 ""gurt @ gpP9uUffpu"" (3099) | #9 ""DK @ -47FT3Kv-N"" (810) | #10 ""9/2 @ d-4X_F_SSU"" (2869)",2026-09-12T01:28:29.602Z,178917650960201
"-- starting hand #143 (id: om0bxvyvnfuu)  No Limit Texas Hold'em (dealer: ""LingWae @ FQN9hzhzP_"") --",2026-09-12T01:28:29.602Z,178917650960200
"""DK @ -47FT3Kv-N"" shows a 5♣.",2026-09-12T01:28:26.312Z,178917650631200
"Undealt cards: Q♥, 6♠, 4♦, K♠ [7♦]",2026-09-12T01:28:23.226Z,178917650322600
"-- ending hand #142 --",2026-09-12T01:28:22.969Z,178917650296902
"""9/2 @ d-4X_F_SSU"" collected 505 from pot",2026-09-12T01:28:22.969Z,178917650296901
"Uncalled bet of 99 returned to ""9/2 @ d-4X_F_SSU""",2026-09-12T01:28:22.969Z,178917650296900
"""gurt @ gpP9uUffpu"" folds",2026-09-12T01:28:22.126Z,178917650212600
"""9/2 @ d-4X_F_SSU"" bets 99",2026-09-12T01:28:17.163Z,178917649716300
"""gurt @ gpP9uUffpu"" checks",2026-09-12T01:28:15.376Z,178917649537600
"Turn: Q♥, 6♠, 4♦ [K♠]",2026-09-12T01:28:14.562Z,178917649456200
"""gurt @ gpP9uUffpu"" calls 99",2026-09-12T01:28:13.675Z,178917649367500
"""LingWae @ FQN9hzhzP_"" folds",2026-09-12T01:28:12.788Z,178917649278800
"""9/2 @ d-4X_F_SSU"" bets 99",2026-09-12T01:28:10.035Z,178917649003500
"""gurt @ gpP9uUffpu"" checks",2026-09-12T01:28:06.866Z,178917648686600
"""LingWae @ FQN9hzhzP_"" checks",2026-09-12T01:28:05.833Z,178917648583300
"Flop:  [Q♥, 6♠, 4♦]",2026-09-12T01:28:02.965Z,178917648296500
"""gurt @ gpP9uUffpu"" calls 99",2026-09-12T01:28:02.101Z,178917648210100
"""chris @ 5NARaPRkSp"" folds",2026-09-12T01:28:01.088Z,178917648108800
"""LingWae @ FQN9hzhzP_"" calls 99",2026-09-12T01:27:59.998Z,178917647999800
"""9/2 @ d-4X_F_SSU"" raises to 99",2026-09-12T01:27:58.893Z,178917647889300
"""DK @ -47FT3Kv-N"" folds",2026-09-12T01:27:56.246Z,178917647624600
"""gurt @ gpP9uUffpu"" raises to 30",2026-09-12T01:27:52.742Z,178917647274200
"""chris @ 5NARaPRkSp"" posts a big blind of 10",2026-09-12T01:27:49.687Z,178917646968708
"""LingWae @ FQN9hzhzP_"" posts a small blind of 5",2026-09-12T01:27:49.687Z,178917646968707
"Player stacks: #1 ""LingWae @ FQN9hzhzP_"" (696) | #2 ""chris @ 5NARaPRkSp"" (1885) | #8 ""gurt @ gpP9uUffpu"" (3297) | #9 ""DK @ -47FT3Kv-N"" (810) | #10 ""9/2 @ d-4X_F_SSU"" (2562)",2026-09-12T01:27:49.687Z,178917646968701
"-- starting hand #142 (id: qu5aqzls6ydt)  No Limit Texas Hold'em (dealer: ""9/2 @ d-4X_F_SSU"") --",2026-09-12T01:27:49.687Z,178917646968700
"""LingWae @ FQN9hzhzP_"" shows a 2♣, 9♦.",2026-09-12T01:27:44.145Z,178917646414500
"Undealt cards: 9♣, A♣, 6♥ [7♣, 2♦]",2026-09-12T01:27:43.340Z,178917646334000
"-- ending hand #141 --",2026-09-12T01:27:42.956Z,178917646295602
"""9/2 @ d-4X_F_SSU"" collected 241 from pot",2026-09-12T01:27:42.956Z,178917646295601
"Uncalled bet of 99 returned to ""9/2 @ d-4X_F_SSU""",2026-09-12T01:27:42.956Z,178917646295600
"""gurt @ gpP9uUffpu"" folds",2026-09-12T01:27:42.101Z,178917646210100
"""9/2 @ d-4X_F_SSU"" bets 99",2026-09-12T01:27:39.183Z,178917645918300
"Flop:  [9♣, A♣, 6♥]",2026-09-12T01:27:37.078Z,178917645707800
"""DK @ -47FT3Kv-N"" folds",2026-09-12T01:27:36.159Z,178917645615900
"""gurt @ gpP9uUffpu"" calls 99",2026-09-12T01:27:34.742Z,178917645474200
"""LingWae @ FQN9hzhzP_"" folds",2026-09-12T01:27:32.925Z,178917645292500
"""9/2 @ d-4X_F_SSU"" raises to 99",2026-09-12T01:27:29.290Z,178917644929000
"""DK @ -47FT3Kv-N"" calls 33",2026-09-12T01:27:27.546Z,178917644754600
"""gurt @ gpP9uUffpu"" raises to 33",2026-09-12T01:27:26.349Z,178917644634900
"""chris @ 5NARaPRkSp"" folds",2026-09-12T01:27:23.682Z,178917644368200
"""LingWae @ FQN9hzhzP_"" posts a big blind of 10",2026-09-12T01:27:22.073Z,178917644207308
"""9/2 @ d-4X_F_SSU"" posts a small blind of 5",2026-09-12T01:27:22.073Z,178917644207307
"Player stacks: #1 ""LingWae @ FQN9hzhzP_"" (706) | #2 ""chris @ 5NARaPRkSp"" (1885) | #8 ""gurt @ gpP9uUffpu"" (3396) | #9 ""DK @ -47FT3Kv-N"" (843) | #10 ""9/2 @ d-4X_F_SSU"" (2420)",2026-09-12T01:27:22.073Z,178917644207301
"-- starting hand #141 (id: 72nnochc9mh5)  No Limit Texas Hold'em (dealer: ""DK @ -47FT3Kv-N"") --",2026-09-12T01:27:22.073Z,178917644207300
"""DK @ -47FT3Kv-N"" shows a J♠.",2026-09-12T01:27:18.288Z,178917643828800
"Undealt cards: 7♠, A♠, 4♦ [J♣, 2♥]",2026-09-12T01:27:16.350Z,178917643635000
"-- ending hand #140 --",2026-09-12T01:27:15.454Z,178917643545402
"""DK @ -47FT3Kv-N"" collected 90 from pot",2026-09-12T01:27:15.454Z,178917643545401
"Uncalled bet of 90 returned to ""DK @ -47FT3Kv-N""",2026-09-12T01:27:15.454Z,178917643545400
"""chris @ 5NARaPRkSp"" folds",2026-09-12T01:27:14.498Z,178917643449800
"""DK @ -47FT3Kv-N"" bets 90",2026-09-12T01:27:13.358Z,178917643335800
"Flop:  [7♠, A♠, 4♦]",2026-09-12T01:27:08.853Z,178917642885300
"""chris @ 5NARaPRkSp"" calls 40",2026-09-12T01:27:08.017Z,178917642801700
"""9/2 @ d-4X_F_SSU"" folds",2026-09-12T01:27:01.654Z,178917642165400
"""DK @ -47FT3Kv-N"" raises to 40",2026-09-12T01:26:59.982Z,178917641998200
"""gurt @ gpP9uUffpu"" folds",2026-09-12T01:26:56.012Z,178917641601200
"""chris @ 5NARaPRkSp"" calls 10",2026-09-12T01:26:48.495Z,178917640849500
"""LingWae @ FQN9hzhzP_"" folds",2026-09-12T01:26:47.315Z,178917640731500
"""9/2 @ d-4X_F_SSU"" posts a big blind of 10",2026-09-12T01:26:42.977Z,178917640297708
"""DK @ -47FT3Kv-N"" posts a small blind of 5",2026-09-12T01:26:42.977Z,178917640297707
"Player stacks: #1 ""LingWae @ FQN9hzhzP_"" (706) | #2 ""chris @ 5NARaPRkSp"" (1925) | #8 ""gurt @ gpP9uUffpu"" (3396) | #9 ""DK @ -47FT3Kv-N"" (793) | #10 ""9/2 @ d-4X_F_SSU"" (2430)",2026-09-12T01:26:42.977Z,178917640297701
"-- starting hand #140 (id: lgrhg3qdk2i7)  No Limit Texas Hold'em (dealer: ""gurt @ gpP9uUffpu"") --",2026-09-12T01:26:42.977Z,178917640297700
"""DK @ -47FT3Kv-N"" shows a 10♣, Q♥.",2026-09-12T01:26:41.219Z,178917640121900
"-- ending hand #139 --",2026-09-12T01:26:36.389Z,178917639638902
"""9/2 @ d-4X_F_SSU"" collected 210 from pot with Three of a Kind, J's (combination: 9♦, 10♥, J♠, J♥, J♦)",2026-09-12T01:26:36.389Z,178917639638901
"""9/2 @ d-4X_F_SSU"" shows a J♠, 7♠.",2026-09-12T01:26:36.389Z,178917639638900
"""DK @ -47FT3Kv-N"" calls 30",2026-09-12T01:26:35.571Z,178917639557100
"""9/2 @ d-4X_F_SSU"" bets 30",2026-09-12T01:26:32.934Z,178917639293400
"""DK @ -47FT3Kv-N"" checks",2026-09-12T01:26:29.304Z,178917638930400
"River: J♥, J♦, 3♠, 9♦ [10♥]",2026-09-12T01:26:24.961Z,178917638496100
"""DK @ -47FT3Kv-N"" calls 30",2026-09-12T01:26:24.119Z,178917638411900
"""gurt @ gpP9uUffpu"" folds",2026-09-12T01:26:19.466Z,178917637946600
"""9/2 @ d-4X_F_SSU"" bets 30",2026-09-12T01:26:16.635Z,178917637663500
"""DK @ -47FT3Kv-N"" checks",2026-09-12T01:26:13.679Z,178917637367900
"""gurt @ gpP9uUffpu"" checks",2026-09-12T01:26:08.969Z,178917636896900
"Turn: J♥, J♦, 3♠ [9♦]",2026-09-12T01:26:05.883Z,178917636588300
"""9/2 @ d-4X_F_SSU"" checks",2026-09-12T01:26:05.071Z,178917636507100
"""DK @ -47FT3Kv-N"" checks",2026-09-12T01:26:03.383Z,178917636338300
"""gurt @ gpP9uUffpu"" checks",2026-09-12T01:26:01.828Z,178917636182800
"Flop:  [J♥, J♦, 3♠]",2026-09-12T01:26:00.276Z,178917636027600
"""DK @ -47FT3Kv-N"" calls 30",2026-09-12T01:25:59.427Z,178917635942700
"""gurt @ gpP9uUffpu"" calls 30",2026-09-12T01:25:58.313Z,178917635831300
"""chris @ 5NARaPRkSp"" folds",2026-09-12T01:25:44.996Z,178917634499600
"""LingWae @ FQN9hzhzP_"" folds",2026-09-12T01:25:43.932Z,178917634393200
"""9/2 @ d-4X_F_SSU"" raises to 30",2026-09-12T01:25:42.974Z,178917634297400
"""DK @ -47FT3Kv-N"" posts a big blind of 10",2026-09-12T01:25:39.048Z,178917633904808
"""gurt @ gpP9uUffpu"" posts a small blind of 5",2026-09-12T01:25:39.048Z,178917633904807
"Player stacks: #1 ""LingWae @ FQN9hzhzP_"" (706) | #2 ""chris @ 5NARaPRkSp"" (1925) | #8 ""gurt @ gpP9uUffpu"" (3426) | #9 ""DK @ -47FT3Kv-N"" (883) | #10 ""9/2 @ d-4X_F_SSU"" (2310)",2026-09-12T01:25:39.048Z,178917633904801
"-- starting hand #139 (id: q23huryjmenf)  No Limit Texas Hold'em (dealer: ""chris @ 5NARaPRkSp"") --",2026-09-12T01:25:39.048Z,178917633904800
"""LingWae @ FQN9hzhzP_"" shows a 3♠, 5♠.",2026-09-12T01:25:36.759Z,178917633675900
"""gurt @ gpP9uUffpu"" shows a K♦.",2026-09-12T01:25:35.035Z,178917633503500
"-- ending hand #138 --",2026-09-12T01:25:34.640Z,178917633464002
"""DK @ -47FT3Kv-N"" collected 600 from pot",2026-09-12T01:25:34.640Z,178917633464001
"Uncalled bet of 283 returned to ""DK @ -47FT3Kv-N""",2026-09-12T01:25:34.640Z,178917633464000
"""gurt @ gpP9uUffpu"" folds",2026-09-12T01:25:33.699Z,178917633369900
"""DK @ -47FT3Kv-N"" bets 283 and go all in",2026-09-12T01:25:10.172Z,178917631017200
"""gurt @ gpP9uUffpu"" checks",2026-09-12T01:25:06.913Z,178917630691300
"River: K♠, 3♥, 9♥, 8♥ [K♥]",2026-09-12T01:25:03.379Z,178917630337900
"""DK @ -47FT3Kv-N"" calls 110",2026-09-12T01:25:02.552Z,178917630255200
"""gurt @ gpP9uUffpu"" bets 110",2026-09-12T01:24:57.335Z,178917629733500
"Turn: K♠, 3♥, 9♥ [8♥]",2026-09-12T01:24:54.289Z,178917629428900
"""DK @ -47FT3Kv-N"" calls 60",2026-09-12T01:24:53.395Z,178917629339500
"""gurt @ gpP9uUffpu"" bets 60",2026-09-12T01:24:49.850Z,178917628985000
"Flop:  [K♠, 3♥, 9♥]",2026-09-12T01:24:46.588Z,178917628658800
"""LingWae @ FQN9hzhzP_"" folds",2026-09-12T01:24:45.715Z,178917628571500
"""DK @ -47FT3Kv-N"" calls 110",2026-09-12T01:24:43.237Z,178917628323700
"""gurt @ gpP9uUffpu"" raises to 110",2026-09-12T01:24:41.752Z,178917628175200
"""chris @ 5NARaPRkSp"" folds",2026-09-12T01:24:39.665Z,178917627966500
"""LingWae @ FQN9hzhzP_"" calls 35",2026-09-12T01:24:38.650Z,178917627865000
"""9/2 @ d-4X_F_SSU"" folds",2026-09-12T01:24:30.918Z,178917627091800
"""DK @ -47FT3Kv-N"" raises to 35",2026-09-12T01:24:29.688Z,178917626968800
"""gurt @ gpP9uUffpu"" posts a big blind of 10",2026-09-12T01:24:24.179Z,178917626417908
"""chris @ 5NARaPRkSp"" posts a small blind of 5",2026-09-12T01:24:24.179Z,178917626417907
"Player stacks: #1 ""LingWae @ FQN9hzhzP_"" (741) | #2 ""chris @ 5NARaPRkSp"" (1930) | #8 ""gurt @ gpP9uUffpu"" (3706) | #9 ""DK @ -47FT3Kv-N"" (563) | #10 ""9/2 @ d-4X_F_SSU"" (2310)",2026-09-12T01:24:24.179Z,178917626417901
"-- starting hand #138 (id: 3jp9whvroy1u)  No Limit Texas Hold'em (dealer: ""LingWae @ FQN9hzhzP_"") --",2026-09-12T01:24:24.179Z,178917626417900
"""LingWae @ FQN9hzhzP_"" shows a 3♥, 5♥.",2026-09-12T01:24:21.568Z,178917626156800
"-- ending hand #137 --",2026-09-12T01:24:20.558Z,178917626055802
"""LingWae @ FQN9hzhzP_"" collected 299 from pot",2026-09-12T01:24:20.558Z,178917626055801
"Uncalled bet of 149 returned to ""LingWae @ FQN9hzhzP_""",2026-09-12T01:24:20.558Z,178917626055800
"""gurt @ gpP9uUffpu"" folds",2026-09-12T01:24:19.729Z,178917625972900
"""LingWae @ FQN9hzhzP_"" bets 149",2026-09-12T01:24:02.248Z,178917624224800
"River: 4♥, 8♦, Q♦, 2♣ [6♥]",2026-09-12T01:23:58.751Z,178917623875100
"""gurt @ gpP9uUffpu"" calls 67",2026-09-12T01:23:57.926Z,178917623792600
"""LingWae @ FQN9hzhzP_"" bets 67",2026-09-12T01:23:53.259Z,178917623325900
"Turn: 4♥, 8♦, Q♦ [2♣]",2026-09-12T01:23:45.447Z,178917622544700
"""chris @ 5NARaPRkSp"" folds",2026-09-12T01:23:44.617Z,178917622461700
"""LingWae @ FQN9hzhzP_"" calls 33",2026-09-12T01:23:41.274Z,178917622127400
"""gurt @ gpP9uUffpu"" bets 33",2026-09-12T01:23:39.579Z,178917621957900
"""chris @ 5NARaPRkSp"" checks",2026-09-12T01:23:38.044Z,178917621804400
"""LingWae @ FQN9hzhzP_"" checks",2026-09-12T01:23:36.641Z,178917621664100
"Flop:  [4♥, 8♦, Q♦]",2026-09-12T01:23:32.232Z,178917621223200
"""chris @ 5NARaPRkSp"" calls 33",2026-09-12T01:23:31.414Z,178917621141400
"""LingWae @ FQN9hzhzP_"" calls 33",2026-09-12T01:23:30.410Z,178917621041000
"""9/2 @ d-4X_F_SSU"" folds",2026-09-12T01:23:27.679Z,178917620767900
"""DK @ -47FT3Kv-N"" folds",2026-09-12T01:23:23.711Z,178917620371100
"""gurt @ gpP9uUffpu"" raises to 33",2026-09-12T01:23:20.687Z,178917620068700
"""chris @ 5NARaPRkSp"" posts a big blind of 10",2026-09-12T01:23:18.215Z,178917619821508
"""LingWae @ FQN9hzhzP_"" posts a small blind of 5",2026-09-12T01:23:18.215Z,178917619821507
"Player stacks: #1 ""LingWae @ FQN9hzhzP_"" (575) | #2 ""chris @ 5NARaPRkSp"" (1963) | #8 ""gurt @ gpP9uUffpu"" (3839) | #9 ""DK @ -47FT3Kv-N"" (563) | #10 ""9/2 @ d-4X_F_SSU"" (2310)",2026-09-12T01:23:18.215Z,178917619821501
"-- starting hand #137 (id: ne72ebncyl61)  No Limit Texas Hold'em (dealer: ""9/2 @ d-4X_F_SSU"") --",2026-09-12T01:23:18.215Z,178917619821500
"""DK @ -47FT3Kv-N"" shows a 9♥, 6♥.",2026-09-12T01:23:13.734Z,178917619373400
"-- ending hand #136 --",2026-09-12T01:23:11.598Z,178917619159803
"""LingWae @ FQN9hzhzP_"" collected 50 from pot with Flush, A High (combination: 2♠, 7♠, 8♠, 9♠, A♠)",2026-09-12T01:23:11.598Z,178917619159802
"""LingWae @ FQN9hzhzP_"" shows a 2♣, 9♠.",2026-09-12T01:23:11.598Z,178917619159801
"""9/2 @ d-4X_F_SSU"" shows a Q♣, 5♥.",2026-09-12T01:23:11.598Z,178917619159800
"""DK @ -47FT3Kv-N"" checks",2026-09-12T01:23:10.757Z,178917619075700
"""gurt @ gpP9uUffpu"" checks",2026-09-12T01:23:07.987Z,178917618798700
"""chris @ 5NARaPRkSp"" checks",2026-09-12T01:23:06.252Z,178917618625200
"""LingWae @ FQN9hzhzP_"" checks",2026-09-12T01:23:04.561Z,178917618456100
"""9/2 @ d-4X_F_SSU"" checks",2026-09-12T01:22:55.387Z,178917617538700
"River: 10♦, 7♠, 2♠, 8♠ [A♠]",2026-09-12T01:22:54.254Z,178917617425400
"""DK @ -47FT3Kv-N"" checks",2026-09-12T01:22:53.446Z,178917617344600
"""gurt @ gpP9uUffpu"" checks",2026-09-12T01:22:45.342Z,178917616534200
"""chris @ 5NARaPRkSp"" checks",2026-09-12T01:22:44.435Z,178917616443500
"""LingWae @ FQN9hzhzP_"" checks",2026-09-12T01:22:42.184Z,178917616218400
"""9/2 @ d-4X_F_SSU"" checks",2026-09-12T01:22:40.858Z,178917616085800
"Turn: 10♦, 7♠, 2♠ [8♠]",2026-09-12T01:22:29.035Z,178917614903500
"""DK @ -47FT3Kv-N"" checks",2026-09-12T01:22:28.222Z,178917614822200
"""gurt @ gpP9uUffpu"" checks",2026-09-12T01:22:27.202Z,178917614720200
"""chris @ 5NARaPRkSp"" checks",2026-09-12T01:22:25.724Z,178917614572400
"""LingWae @ FQN9hzhzP_"" checks",2026-09-12T01:22:24.740Z,178917614474000
"""9/2 @ d-4X_F_SSU"" checks",2026-09-12T01:22:21.898Z,178917614189800
"Flop:  [10♦, 7♠, 2♠]",2026-09-12T01:22:07.102Z,178917612710200
"""LingWae @ FQN9hzhzP_"" checks",2026-09-12T01:22:06.263Z,178917612626300
"""9/2 @ d-4X_F_SSU"" calls 10",2026-09-12T01:22:05.344Z,178917612534400
"""DK @ -47FT3Kv-N"" calls 10",2026-09-12T01:22:03.451Z,178917612345100
"""gurt @ gpP9uUffpu"" calls 10",2026-09-12T01:22:02.183Z,178917612218300
"""chris @ 5NARaPRkSp"" calls 10",2026-09-12T01:21:59.420Z,178917611942000
"""LingWae @ FQN9hzhzP_"" posts a big blind of 10",2026-09-12T01:21:50.441Z,178917611044108
"""9/2 @ d-4X_F_SSU"" posts a small blind of 5",2026-09-12T01:21:50.441Z,178917611044107
"Player stacks: #1 ""LingWae @ FQN9hzhzP_"" (535) | #2 ""chris @ 5NARaPRkSp"" (1973) | #8 ""gurt @ gpP9uUffpu"" (3849) | #9 ""DK @ -47FT3Kv-N"" (573) | #10 ""9/2 @ d-4X_F_SSU"" (2320)",2026-09-12T01:21:50.441Z,178917611044101
"-- starting hand #136 (id: cvtgmgmrzpnm)  No Limit Texas Hold'em (dealer: ""DK @ -47FT3Kv-N"") --",2026-09-12T01:21:50.441Z,178917611044100
"""gurt @ gpP9uUffpu"" shows a 7♣, 2♣.",2026-09-12T01:21:46.386Z,178917610638600
"Undealt cards: 4♦, A♦, 5♣, Q♥ [A♠]",2026-09-12T01:21:44.175Z,178917610417500
"""DK @ -47FT3Kv-N"" shows a 2♦, 3♣.",2026-09-12T01:21:43.837Z,178917610383700
"-- ending hand #135 --",2026-09-12T01:21:43.089Z,178917610308902
"""gurt @ gpP9uUffpu"" collected 274 from pot",2026-09-12T01:21:43.089Z,178917610308901
"Uncalled bet of 111 returned to ""gurt @ gpP9uUffpu""",2026-09-12T01:21:43.089Z,178917610308900
"""9/2 @ d-4X_F_SSU"" folds",2026-09-12T01:21:42.241Z,178917610224100
"""gurt @ gpP9uUffpu"" bets 111",2026-09-12T01:21:39.519Z,178917609951900
"""9/2 @ d-4X_F_SSU"" checks",2026-09-12T01:21:35.998Z,178917609599800
"Turn: 4♦, A♦, 5♣ [Q♥]",2026-09-12T01:21:16.669Z,178917607666900
"""LingWae @ FQN9hzhzP_"" folds",2026-09-12T01:21:15.840Z,178917607584000
"""9/2 @ d-4X_F_SSU"" calls 33",2026-09-12T01:21:12.191Z,178917607219100
"""gurt @ gpP9uUffpu"" bets 33",2026-09-12T01:21:10.756Z,178917607075600
"""LingWae @ FQN9hzhzP_"" checks",2026-09-12T01:21:07.438Z,178917606743800
"""9/2 @ d-4X_F_SSU"" checks",2026-09-12T01:21:05.262Z,178917606526200
"Flop:  [4♦, A♦, 5♣]",2026-09-12T01:21:02.206Z,178917606220600
"""DK @ -47FT3Kv-N"" folds",2026-09-12T01:21:01.274Z,178917606127400
"""gurt @ gpP9uUffpu"" calls 66",2026-09-12T01:21:00.050Z,178917606005000
"""LingWae @ FQN9hzhzP_"" calls 66",2026-09-12T01:20:57.235Z,178917605723500
"""9/2 @ d-4X_F_SSU"" raises to 66",2026-09-12T01:20:48.182Z,178917604818200
"""DK @ -47FT3Kv-N"" calls 10",2026-09-12T01:20:42.791Z,178917604279100
"""gurt @ gpP9uUffpu"" calls 10",2026-09-12T01:20:39.544Z,178917603954400
"""chris @ 5NARaPRkSp"" folds",2026-09-12T01:20:38.359Z,178917603835900
"""LingWae @ FQN9hzhzP_"" calls 10",2026-09-12T01:20:32.686Z,178917603268600
"""9/2 @ d-4X_F_SSU"" posts a big blind of 10",2026-09-12T01:20:28.325Z,178917602832508
"""DK @ -47FT3Kv-N"" posts a small blind of 5",2026-09-12T01:20:28.325Z,178917602832507
"Your hand is 7♣, 2♣",2026-09-12T01:20:28.325Z,178917602832504
"Player stacks: #1 ""LingWae @ FQN9hzhzP_"" (601) | #2 ""chris @ 5NARaPRkSp"" (1973) | #8 ""gurt @ gpP9uUffpu"" (3674) | #9 ""DK @ -47FT3Kv-N"" (583) | #10 ""9/2 @ d-4X_F_SSU"" (2419)",2026-09-12T01:20:28.325Z,178917602832501
"-- starting hand #135 (id: 8x2itf3joygv)  No Limit Texas Hold'em (dealer: ""gurt @ gpP9uUffpu"") --",2026-09-12T01:20:28.325Z,178917602832500
"""DK @ -47FT3Kv-N"" shows a 6♠.",2026-09-12T01:20:25.321Z,178917602532100
"""LingWae @ FQN9hzhzP_"" shows a 8♥.",2026-09-12T01:20:24.684Z,178917602468400
"-- ending hand #134 --",2026-09-12T01:20:23.992Z,178917602399202
"""9/2 @ d-4X_F_SSU"" collected 280 from pot",2026-09-12T01:20:23.992Z,178917602399201
"Uncalled bet of 280 returned to ""9/2 @ d-4X_F_SSU""",2026-09-12T01:20:23.992Z,178917602399200
"""gurt @ gpP9uUffpu"" folds",2026-09-12T01:20:23.168Z,178917602316800
"""LingWae @ FQN9hzhzP_"" folds",2026-09-12T01:20:18.146Z,178917601814600
"""9/2 @ d-4X_F_SSU"" bets 280",2026-09-12T01:20:14.466Z,178917601446600
"""gurt @ gpP9uUffpu"" checks",2026-09-12T01:20:12.329Z,178917601232900
"River: 3♠, 3♦, 8♣, 4♠ [10♠]",2026-09-12T01:20:09.312Z,178917600931200
"""LingWae @ FQN9hzhzP_"" checks",2026-09-12T01:20:08.401Z,178917600840100
"""9/2 @ d-4X_F_SSU"" checks",2026-09-12T01:20:07.415Z,178917600741500
"""gurt @ gpP9uUffpu"" checks",2026-09-12T01:20:05.679Z,178917600567900
"Turn: 3♠, 3♦, 8♣ [4♠]",2026-09-12T01:20:04.317Z,178917600431700
"""9/2 @ d-4X_F_SSU"" calls 40",2026-09-12T01:20:03.472Z,178917600347200
"""DK @ -47FT3Kv-N"" folds",2026-09-12T01:20:01.665Z,178917600166500
"""gurt @ gpP9uUffpu"" calls 40",2026-09-12T01:20:00.528Z,178917600052800
"""LingWae @ FQN9hzhzP_"" bets 40",2026-09-12T01:19:58.061Z,178917599806100
"""9/2 @ d-4X_F_SSU"" checks",2026-09-12T01:19:50.299Z,178917599029900
"""DK @ -47FT3Kv-N"" checks",2026-09-12T01:19:49.406Z,178917598940600
"""gurt @ gpP9uUffpu"" checks",2026-09-12T01:19:48.381Z,178917598838100
"Flop:  [3♠, 3♦, 8♣]",2026-09-12T01:19:46.517Z,178917598651700
"""DK @ -47FT3Kv-N"" calls 40",2026-09-12T01:19:45.698Z,178917598569800
"""gurt @ gpP9uUffpu"" calls 40",2026-09-12T01:19:44.173Z,178917598417300
"""chris @ 5NARaPRkSp"" folds",2026-09-12T01:19:42.189Z,178917598218900
"""LingWae @ FQN9hzhzP_"" calls 40",2026-09-12T01:19:41.261Z,178917598126100
"""9/2 @ d-4X_F_SSU"" raises to 40",2026-09-12T01:19:29.978Z,178917596997800
"""DK @ -47FT3Kv-N"" posts a big blind of 10",2026-09-12T01:19:27.069Z,178917596706908
"""gurt @ gpP9uUffpu"" posts a small blind of 5",2026-09-12T01:19:27.069Z,178917596706907
"Player stacks: #1 ""LingWae @ FQN9hzhzP_"" (681) | #2 ""chris @ 5NARaPRkSp"" (1973) | #8 ""gurt @ gpP9uUffpu"" (3754) | #9 ""DK @ -47FT3Kv-N"" (623) | #10 ""9/2 @ d-4X_F_SSU"" (2219)",2026-09-12T01:19:27.069Z,178917596706901
"-- starting hand #134 (id: ctyyfeq7hcf3)  No Limit Texas Hold'em (dealer: ""chris @ 5NARaPRkSp"") --",2026-09-12T01:19:27.069Z,178917596706900
"-- ending hand #133 --",2026-09-12T01:19:18.990Z,178917595899002
"""DK @ -47FT3Kv-N"" collected 311 from pot with Full House, 9's over 6's on the second run  (combination: 6♠, 6♣, 9♥, 9♦, 9♣)",2026-09-12T01:19:18.990Z,178917595899001
"""DK @ -47FT3Kv-N"" collected 312 from pot with Pair, 6's (combination: 7♠, 8♠, J♠, 6♠, 6♣)",2026-09-12T01:19:18.990Z,178917595899000
"River (second run): 9♥, 2♠, 9♦, 9♣ [3♠]",2026-09-12T01:19:14.894Z,178917595489400
"Turn (second run): 9♥, 2♠, 9♦ [9♣]",2026-09-12T01:19:10.862Z,178917595086200
"Flop (second run):  [9♥, 2♠, 9♦]",2026-09-12T01:19:06.855Z,178917594685500
"River: 7♠, J♠, 8♠, 5♥ [3♥]",2026-09-12T01:19:02.792Z,178917594279200
"Turn: 7♠, J♠, 8♠ [5♥]",2026-09-12T01:18:58.751Z,178917593875100
"Flop:  [7♠, J♠, 8♠]",2026-09-12T01:18:54.745Z,178917593474500
"""DK @ -47FT3Kv-N"" shows a 6♠, 6♣.",2026-09-12T01:18:50.657Z,178917593065700
"""gurt @ gpP9uUffpu"" shows a K♦, 2♦.",2026-09-12T01:18:50.316Z,178917593031600
"All players in hand choose to run it twice.",2026-09-12T01:18:49.829Z,178917592982901
"""DK @ -47FT3Kv-N"" chooses to  run it twice.",2026-09-12T01:18:49.829Z,178917592982900
"""gurt @ gpP9uUffpu"" chooses to  run it twice.",2026-09-12T01:18:49.183Z,178917592918300
"Remaining players decide whether to run it twice.",2026-09-12T01:18:48.542Z,178917592854201
"""gurt @ gpP9uUffpu"" calls 309",2026-09-12T01:18:48.542Z,178917592854200
"""chris @ 5NARaPRkSp"" folds",2026-09-12T01:18:47.597Z,178917592759700
"""LingWae @ FQN9hzhzP_"" folds",2026-09-12T01:18:46.683Z,178917592668300
"""9/2 @ d-4X_F_SSU"" folds",2026-09-12T01:18:45.756Z,178917592575600
"""DK @ -47FT3Kv-N"" raises to 309 and go all in",2026-09-12T01:18:23.341Z,178917590334100
"""gurt @ gpP9uUffpu"" posts a big blind of 10",2026-09-12T01:18:14.247Z,178917589424708
"""chris @ 5NARaPRkSp"" posts a small blind of 5",2026-09-12T01:18:14.247Z,178917589424707
"Your hand is K♦, 2♦",2026-09-12T01:18:14.247Z,178917589424704
"Player stacks: #1 ""LingWae @ FQN9hzhzP_"" (681) | #2 ""chris @ 5NARaPRkSp"" (1978) | #8 ""gurt @ gpP9uUffpu"" (4063) | #9 ""DK @ -47FT3Kv-N"" (309) | #10 ""9/2 @ d-4X_F_SSU"" (2219)",2026-09-12T01:18:14.247Z,178917589424701
"-- starting hand #133 (id: q5yeq7yargl1)  No Limit Texas Hold'em (dealer: ""LingWae @ FQN9hzhzP_"") --",2026-09-12T01:18:14.247Z,178917589424700
"""LingWae @ FQN9hzhzP_"" shows a 7♥, 9♠.",2026-09-12T01:18:10.544Z,178917589054400
"-- ending hand #132 --",2026-09-12T01:18:07.600Z,178917588760002
"""9/2 @ d-4X_F_SSU"" collected 45 from pot",2026-09-12T01:18:07.600Z,178917588760001
"Uncalled bet of 50 returned to ""9/2 @ d-4X_F_SSU""",2026-09-12T01:18:07.600Z,178917588760000
"""DK @ -47FT3Kv-N"" folds",2026-09-12T01:18:06.717Z,178917588671700
"""gurt @ gpP9uUffpu"" folds",2026-09-12T01:18:05.317Z,178917588531700
"""chris @ 5NARaPRkSp"" folds",2026-09-12T01:18:01.934Z,178917588193400
"""LingWae @ FQN9hzhzP_"" folds",2026-09-12T01:18:00.790Z,178917588079000
"""9/2 @ d-4X_F_SSU"" raises to 60",2026-09-12T01:17:55.118Z,178917587511800
"""DK @ -47FT3Kv-N"" calls 10",2026-09-12T01:17:30.240Z,178917585024000
"""gurt @ gpP9uUffpu"" calls 10",2026-09-12T01:17:28.800Z,178917584880000
"""chris @ 5NARaPRkSp"" posts a big blind of 10",2026-09-12T01:17:26.461Z,178917584646108
"""LingWae @ FQN9hzhzP_"" posts a small blind of 5",2026-09-12T01:17:26.461Z,178917584646107
"Player stacks: #1 ""LingWae @ FQN9hzhzP_"" (686) | #2 ""chris @ 5NARaPRkSp"" (1988) | #8 ""gurt @ gpP9uUffpu"" (4073) | #9 ""DK @ -47FT3Kv-N"" (319) | #10 ""9/2 @ d-4X_F_SSU"" (2184)",2026-09-12T01:17:26.461Z,178917584646101
"-- starting hand #132 (id: 01abplchq6o9)  No Limit Texas Hold'em (dealer: ""9/2 @ d-4X_F_SSU"") --",2026-09-12T01:17:26.461Z,178917584646100
"""DK @ -47FT3Kv-N"" shows a K♦.",2026-09-12T01:17:23.037Z,178917584303700
"Undealt cards:  [A♥, 3♥, 10♥, K♥, Q♣]",2026-09-12T01:17:21.247Z,178917584124700
"-- ending hand #131 --",2026-09-12T01:17:19.740Z,178917583974002
"""chris @ 5NARaPRkSp"" collected 310 from pot",2026-09-12T01:17:19.740Z,178917583974001
"Uncalled bet of 1678 returned to ""chris @ 5NARaPRkSp""",2026-09-12T01:17:19.740Z,178917583974000
"""9/2 @ d-4X_F_SSU"" folds",2026-09-12T01:17:18.924Z,178917583892400
"""DK @ -47FT3Kv-N"" folds",2026-09-12T01:16:59.822Z,178917581982200
"""gurt @ gpP9uUffpu"" folds",2026-09-12T01:16:58.805Z,178917581880500
"""chris @ 5NARaPRkSp"" raises to 1798 and go all in",2026-09-12T01:16:56.827Z,178917581682700
"""LingWae @ FQN9hzhzP_"" folds",2026-09-12T01:16:54.835Z,178917581483500
"""9/2 @ d-4X_F_SSU"" raises to 120",2026-09-12T01:16:53.735Z,178917581373500
"""DK @ -47FT3Kv-N"" calls 30",2026-09-12T01:16:51.230Z,178917581123000
"""gurt @ gpP9uUffpu"" calls 30",2026-09-12T01:16:50.034Z,178917581003400
"""chris @ 5NARaPRkSp"" raises to 30",2026-09-12T01:16:47.395Z,178917580739500
"""LingWae @ FQN9hzhzP_"" posts a big blind of 10",2026-09-12T01:16:44.576Z,178917580457608
"""9/2 @ d-4X_F_SSU"" posts a small blind of 5",2026-09-12T01:16:44.576Z,178917580457607
"Player stacks: #1 ""LingWae @ FQN9hzhzP_"" (696) | #2 ""chris @ 5NARaPRkSp"" (1798) | #8 ""gurt @ gpP9uUffpu"" (4103) | #9 ""DK @ -47FT3Kv-N"" (349) | #10 ""9/2 @ d-4X_F_SSU"" (2304)",2026-09-12T01:16:44.576Z,178917580457601
"-- starting hand #131 (id: ig5c5hxrsqnd)  No Limit Texas Hold'em (dealer: ""DK @ -47FT3Kv-N"") --",2026-09-12T01:16:44.576Z,178917580457600
"-- ending hand #130 --",2026-09-12T01:16:38.570Z,178917579857003
"""gurt @ gpP9uUffpu"" collected 137 from pot with Pair, 6's (combination: 10♠, J♣, A♠, 6♦, 6♥)",2026-09-12T01:16:38.570Z,178917579857002
"""gurt @ gpP9uUffpu"" shows a 8♥, 6♦.",2026-09-12T01:16:38.570Z,178917579857001
"""9/2 @ d-4X_F_SSU"" shows a 8♣, 7♦.",2026-09-12T01:16:38.570Z,178917579857000
"""gurt @ gpP9uUffpu"" checks",2026-09-12T01:16:37.637Z,178917579763700
"""9/2 @ d-4X_F_SSU"" checks",2026-09-12T01:16:32.014Z,178917579201400
"River: A♠, 10♠, J♣, 6♥ [4♥]",2026-09-12T01:16:31.552Z,178917579155200
"""gurt @ gpP9uUffpu"" checks",2026-09-12T01:16:30.668Z,178917579066800
"""9/2 @ d-4X_F_SSU"" checks",2026-09-12T01:16:29.759Z,178917578975900
"Turn: A♠, 10♠, J♣ [6♥]",2026-09-12T01:16:28.750Z,178917578875000
"""9/2 @ d-4X_F_SSU"" calls 22",2026-09-12T01:16:27.879Z,178917578787900
"""gurt @ gpP9uUffpu"" bets 22",2026-09-12T01:16:26.015Z,178917578601500
"""9/2 @ d-4X_F_SSU"" checks",2026-09-12T01:16:24.186Z,178917578418600
"Flop:  [A♠, 10♠, J♣]",2026-09-12T01:16:21.815Z,178917578181500
"""9/2 @ d-4X_F_SSU"" calls 44",2026-09-12T01:16:20.969Z,178917578096900
"""DK @ -47FT3Kv-N"" folds",2026-09-12T01:16:18.435Z,178917577843500
"""gurt @ gpP9uUffpu"" raises to 44",2026-09-12T01:16:16.485Z,178917577648500
"""chris @ 5NARaPRkSp"" folds",2026-09-12T01:16:14.218Z,178917577421800
"""LingWae @ FQN9hzhzP_"" folds",2026-09-12T01:16:13.285Z,178917577328500
"""9/2 @ d-4X_F_SSU"" posts a big blind of 10",2026-09-12T01:16:05.113Z,178917576511308
"""DK @ -47FT3Kv-N"" posts a small blind of 5",2026-09-12T01:16:05.113Z,178917576511307
"Your hand is 8♥, 6♦",2026-09-12T01:16:05.113Z,178917576511304
"Player stacks: #1 ""LingWae @ FQN9hzhzP_"" (696) | #2 ""chris @ 5NARaPRkSp"" (1798) | #8 ""gurt @ gpP9uUffpu"" (4032) | #9 ""DK @ -47FT3Kv-N"" (354) | #10 ""9/2 @ d-4X_F_SSU"" (2370)",2026-09-12T01:16:05.113Z,178917576511301
"-- starting hand #130 (id: qqxnyz2sj1e0)  No Limit Texas Hold'em (dealer: ""gurt @ gpP9uUffpu"") --",2026-09-12T01:16:05.113Z,178917576511300
"-- ending hand #129 --",2026-09-12T01:15:59.066Z,178917575906602
"""chris @ 5NARaPRkSp"" collected 65 from pot with Pair, Q's (combination: 7♠, 9♣, 10♥, Q♣, Q♠)",2026-09-12T01:15:59.066Z,178917575906601
"""chris @ 5NARaPRkSp"" shows a 10♥, Q♣.",2026-09-12T01:15:59.066Z,178917575906600
"""DK @ -47FT3Kv-N"" calls 10",2026-09-12T01:15:58.248Z,178917575824800
"""chris @ 5NARaPRkSp"" bets 10",2026-09-12T01:15:56.655Z,178917575665500
"""DK @ -47FT3Kv-N"" checks",2026-09-12T01:15:55.235Z,178917575523500
"River: 7♠, 4♦, 9♣, Q♠ [6♥]",2026-09-12T01:15:53.655Z,178917575365500
"""DK @ -47FT3Kv-N"" calls 10",2026-09-12T01:15:52.720Z,178917575272000
"""chris @ 5NARaPRkSp"" bets 10",2026-09-12T01:15:51.673Z,178917575167300
"""DK @ -47FT3Kv-N"" checks",2026-09-12T01:15:50.261Z,178917575026100
"Turn: 7♠, 4♦, 9♣ [Q♠]",2026-09-12T01:15:47.851Z,178917574785100
"""chris @ 5NARaPRkSp"" checks",2026-09-12T01:15:46.988Z,178917574698800
"""DK @ -47FT3Kv-N"" checks",2026-09-12T01:15:46.018Z,178917574601800
"Flop:  [7♠, 4♦, 9♣]",2026-09-12T01:15:43.649Z,178917574364900
"""DK @ -47FT3Kv-N"" checks",2026-09-12T01:15:42.796Z,178917574279600
"""gurt @ gpP9uUffpu"" folds",2026-09-12T01:15:41.323Z,178917574132300
"""chris @ 5NARaPRkSp"" calls 10",2026-09-12T01:15:39.288Z,178917573928800
"""LingWae @ FQN9hzhzP_"" folds",2026-09-12T01:15:37.451Z,178917573745100
"""9/2 @ d-4X_F_SSU"" folds",2026-09-12T01:15:35.587Z,178917573558700
"""DK @ -47FT3Kv-N"" posts a big blind of 10",2026-09-12T01:15:34.643Z,178917573464308
"""gurt @ gpP9uUffpu"" posts a small blind of 5",2026-09-12T01:15:34.643Z,178917573464307
"Player stacks: #1 ""LingWae @ FQN9hzhzP_"" (696) | #2 ""chris @ 5NARaPRkSp"" (1763) | #8 ""gurt @ gpP9uUffpu"" (4037) | #9 ""DK @ -47FT3Kv-N"" (384) | #10 ""9/2 @ d-4X_F_SSU"" (2370)",2026-09-12T01:15:34.643Z,178917573464301
"-- starting hand #129 (id: wroyr4xfqpb7)  No Limit Texas Hold'em (dealer: ""chris @ 5NARaPRkSp"") --",2026-09-12T01:15:34.643Z,178917573464300
"""DK @ -47FT3Kv-N"" shows a 3♥, 5♠.",2026-09-12T01:15:31.049Z,178917573104900
"""LingWae @ FQN9hzhzP_"" shows a 10♣, J♦.",2026-09-12T01:15:28.491Z,178917572849100
"Undealt cards:  [6♠, 9♦, J♣, 10♠, 4♥]",2026-09-12T01:15:27.898Z,178917572789800
"""gurt @ gpP9uUffpu"" shows a 2♣, 7♥.",2026-09-12T01:15:26.889Z,178917572688900
"-- ending hand #128 --",2026-09-12T01:15:26.637Z,178917572663702
"""9/2 @ d-4X_F_SSU"" collected 400 from pot",2026-09-12T01:15:26.637Z,178917572663701
"Uncalled bet of 1970 returned to ""9/2 @ d-4X_F_SSU""",2026-09-12T01:15:26.637Z,178917572663700
"""gurt @ gpP9uUffpu"" folds",2026-09-12T01:15:25.686Z,178917572568600
"""chris @ 5NARaPRkSp"" folds",2026-09-12T01:15:24.529Z,178917572452900
"""LingWae @ FQN9hzhzP_"" folds",2026-09-12T01:15:23.524Z,178917572352400
"""9/2 @ d-4X_F_SSU"" raises to 2130 and go all in",2026-09-12T01:15:19.677Z,178917571967700
"""gurt @ gpP9uUffpu"" raises to 160",2026-09-12T01:15:16.102Z,178917571610200
"""chris @ 5NARaPRkSp"" calls 40",2026-09-12T01:15:13.884Z,178917571388400
"""LingWae @ FQN9hzhzP_"" calls 40",2026-09-12T01:15:12.775Z,178917571277500
"""9/2 @ d-4X_F_SSU"" raises to 40",2026-09-12T01:15:01.787Z,178917570178700
"""DK @ -47FT3Kv-N"" folds",2026-09-12T01:14:59.941Z,178917569994100
"""gurt @ gpP9uUffpu"" posts a big blind of 10",2026-09-12T01:14:54.488Z,178917569448808
"""chris @ 5NARaPRkSp"" posts a small blind of 5",2026-09-12T01:14:54.488Z,178917569448807
"Your hand is 2♣, 7♥",2026-09-12T01:14:54.488Z,178917569448804
"Player stacks: #1 ""LingWae @ FQN9hzhzP_"" (736) | #2 ""chris @ 5NARaPRkSp"" (1803) | #8 ""gurt @ gpP9uUffpu"" (4197) | #9 ""DK @ -47FT3Kv-N"" (384) | #10 ""9/2 @ d-4X_F_SSU"" (2130)",2026-09-12T01:14:54.488Z,178917569448801
"-- starting hand #128 (id: ilvytjviwrun)  No Limit Texas Hold'em (dealer: ""LingWae @ FQN9hzhzP_"") --",2026-09-12T01:14:54.488Z,178917569448800
"-- ending hand #127 --",2026-09-12T01:14:48.448Z,178917568844802
"""gurt @ gpP9uUffpu"" collected 282 from pot with Two Pair, A's & 5's (combination: 9♥, 5♣, 5♦, A♥, A♦)",2026-09-12T01:14:48.448Z,178917568844801
"""gurt @ gpP9uUffpu"" shows a 5♣, A♥.",2026-09-12T01:14:48.448Z,178917568844800
"""chris @ 5NARaPRkSp"" folds",2026-09-12T01:14:47.537Z,178917568753700
"""LingWae @ FQN9hzhzP_"" folds",2026-09-12T01:14:46.529Z,178917568652900
"""9/2 @ d-4X_F_SSU"" folds",2026-09-12T01:14:45.506Z,178917568550600
"""DK @ -47FT3Kv-N"" calls 66",2026-09-12T01:14:44.614Z,178917568461400
"""gurt @ gpP9uUffpu"" bets 66",2026-09-12T01:14:43.201Z,178917568320100
"""chris @ 5NARaPRkSp"" checks",2026-09-12T01:14:41.421Z,178917568142100
"""LingWae @ FQN9hzhzP_"" checks",2026-09-12T01:14:38.489Z,178917567848900
"River: 9♥, 5♦, 8♠, 4♥ [A♦]",2026-09-12T01:14:34.236Z,178917567423600
"""9/2 @ d-4X_F_SSU"" checks",2026-09-12T01:14:33.292Z,178917567329200
"""DK @ -47FT3Kv-N"" checks",2026-09-12T01:14:32.366Z,178917567236600
"""gurt @ gpP9uUffpu"" checks",2026-09-12T01:14:31.318Z,178917567131800
"""chris @ 5NARaPRkSp"" checks",2026-09-12T01:14:30.290Z,178917567029000
"""LingWae @ FQN9hzhzP_"" checks",2026-09-12T01:14:28.120Z,178917566812000
"Turn: 9♥, 5♦, 8♠ [4♥]",2026-09-12T01:14:25.247Z,178917566524700
"""9/2 @ d-4X_F_SSU"" checks",2026-09-12T01:14:24.400Z,178917566440000
"""DK @ -47FT3Kv-N"" checks",2026-09-12T01:14:23.281Z,178917566328100
"""gurt @ gpP9uUffpu"" checks",2026-09-12T01:14:21.627Z,178917566162700
"""chris @ 5NARaPRkSp"" checks",2026-09-12T01:14:18.439Z,178917565843900
"""LingWae @ FQN9hzhzP_"" checks",2026-09-12T01:14:16.620Z,178917565662000
"Flop:  [9♥, 5♦, 8♠]",2026-09-12T01:14:10.219Z,178917565021900
"""LingWae @ FQN9hzhzP_"" calls 30",2026-09-12T01:14:09.409Z,178917564940900
"""9/2 @ d-4X_F_SSU"" calls 30",2026-09-12T01:14:07.934Z,178917564793400
"""DK @ -47FT3Kv-N"" calls 30",2026-09-12T01:14:03.895Z,178917564389500
"""gurt @ gpP9uUffpu"" calls 30",2026-09-12T01:14:02.589Z,178917564258900
"""chris @ 5NARaPRkSp"" raises to 30",2026-09-12T01:13:57.319Z,178917563731900
"""LingWae @ FQN9hzhzP_"" calls 10",2026-09-12T01:13:55.157Z,178917563515700
"""9/2 @ d-4X_F_SSU"" calls 10",2026-09-12T01:13:54.246Z,178917563424600
"""DK @ -47FT3Kv-N"" calls 10",2026-09-12T01:13:52.708Z,178917563270800
"""gurt @ gpP9uUffpu"" calls 10",2026-09-12T01:13:50.957Z,178917563095700
"""chris @ 5NARaPRkSp"" posts a big blind of 10",2026-09-12T01:13:44.548Z,178917562454808
"""LingWae @ FQN9hzhzP_"" posts a small blind of 5",2026-09-12T01:13:44.548Z,178917562454807
"Your hand is 5♣, A♥",2026-09-12T01:13:44.548Z,178917562454804
"Player stacks: #1 ""LingWae @ FQN9hzhzP_"" (766) | #2 ""chris @ 5NARaPRkSp"" (1833) | #8 ""gurt @ gpP9uUffpu"" (4011) | #9 ""DK @ -47FT3Kv-N"" (480) | #10 ""9/2 @ d-4X_F_SSU"" (2160)",2026-09-12T01:13:44.548Z,178917562454801
"-- starting hand #127 (id: zbbfv2q7ldcd)  No Limit Texas Hold'em (dealer: ""9/2 @ d-4X_F_SSU"") --",2026-09-12T01:13:44.548Z,178917562454800
"""DK @ -47FT3Kv-N"" shows a 9♦.",2026-09-12T01:13:40.034Z,178917562003400
"Undealt cards: 2♥, 9♥, 2♠ [5♣, 2♣]",2026-09-12T01:13:38.255Z,178917561825500
"-- ending hand #126 --",2026-09-12T01:13:37.937Z,178917561793702
"""9/2 @ d-4X_F_SSU"" collected 386 from pot",2026-09-12T01:13:37.937Z,178917561793701
"Uncalled bet of 1774 returned to ""9/2 @ d-4X_F_SSU""",2026-09-12T01:13:37.937Z,178917561793700
"""gurt @ gpP9uUffpu"" folds",2026-09-12T01:13:37.058Z,178917561705800
"""9/2 @ d-4X_F_SSU"" bets 1774 and go all in",2026-09-12T01:13:27.047Z,178917560704700
"Flop:  [2♥, 9♥, 2♠]",2026-09-12T01:13:20.515Z,178917560051500
"""DK @ -47FT3Kv-N"" folds",2026-09-12T01:13:19.659Z,178917559965900
"""gurt @ gpP9uUffpu"" calls 166",2026-09-12T01:13:18.111Z,178917559811100
"""LingWae @ FQN9hzhzP_"" folds",2026-09-12T01:13:15.992Z,178917559599200
"""9/2 @ d-4X_F_SSU"" raises to 166",2026-09-12T01:13:14.662Z,178917559466200
"""DK @ -47FT3Kv-N"" calls 44",2026-09-12T01:13:01.972Z,178917558197200
"""gurt @ gpP9uUffpu"" raises to 44",2026-09-12T01:12:59.557Z,178917557955700
"""chris @ 5NARaPRkSp"" folds",2026-09-12T01:12:56.805Z,178917557680500
"""LingWae @ FQN9hzhzP_"" posts a big blind of 10",2026-09-12T01:12:54.962Z,178917557496208
"""9/2 @ d-4X_F_SSU"" posts a small blind of 5",2026-09-12T01:12:54.962Z,178917557496207
"Player stacks: #1 ""LingWae @ FQN9hzhzP_"" (776) | #2 ""chris @ 5NARaPRkSp"" (1833) | #8 ""gurt @ gpP9uUffpu"" (4177) | #9 ""DK @ -47FT3Kv-N"" (524) | #10 ""9/2 @ d-4X_F_SSU"" (1940)",2026-09-12T01:12:54.962Z,178917557496201
"-- starting hand #126 (id: 2b2rpmj2zwnh)  No Limit Texas Hold'em (dealer: ""DK @ -47FT3Kv-N"") --",2026-09-12T01:12:54.962Z,178917557496200
"""DK @ -47FT3Kv-N"" shows a 8♦.",2026-09-12T01:12:52.663Z,178917557266300
"-- ending hand #125 --",2026-09-12T01:12:51.343Z,178917557134302
"""chris @ 5NARaPRkSp"" collected 90 from pot",2026-09-12T01:12:51.343Z,178917557134301
"Uncalled bet of 45 returned to ""chris @ 5NARaPRkSp""",2026-09-12T01:12:51.343Z,178917557134300
"""9/2 @ d-4X_F_SSU"" folds",2026-09-12T01:12:50.534Z,178917557053400
"""DK @ -47FT3Kv-N"" folds",2026-09-12T01:12:46.717Z,178917556671700
"""chris @ 5NARaPRkSp"" bets 45",2026-09-12T01:12:39.773Z,178917555977300
"""9/2 @ d-4X_F_SSU"" checks",2026-09-12T01:12:37.214Z,178917555721400
"""DK @ -47FT3Kv-N"" checks",2026-09-12T01:12:34.708Z,178917555470800
"River: 2♣, 8♥, A♥, 2♦ [J♣]",2026-09-12T01:12:33.056Z,178917555305600
"""chris @ 5NARaPRkSp"" checks",2026-09-12T01:12:32.224Z,178917555222400
"""9/2 @ d-4X_F_SSU"" checks",2026-09-12T01:12:30.514Z,178917555051400
"""DK @ -47FT3Kv-N"" checks",2026-09-12T01:12:18.720Z,178917553872000
"Turn: 2♣, 8♥, A♥ [2♦]",2026-09-12T01:12:16.931Z,178917553693100
"""chris @ 5NARaPRkSp"" checks",2026-09-12T01:12:16.128Z,178917553612800
"""9/2 @ d-4X_F_SSU"" checks",2026-09-12T01:12:14.662Z,178917553466200
"""DK @ -47FT3Kv-N"" checks",2026-09-12T01:12:00.494Z,178917552049400
"Flop:  [2♣, 8♥, A♥]",2026-09-12T01:11:58.579Z,178917551857900
"""9/2 @ d-4X_F_SSU"" calls 30",2026-09-12T01:11:57.742Z,178917551774200
"""DK @ -47FT3Kv-N"" calls 30",2026-09-12T01:11:52.819Z,178917551281900
"""gurt @ gpP9uUffpu"" folds",2026-09-12T01:11:51.740Z,178917551174000
"""chris @ 5NARaPRkSp"" raises to 30",2026-09-12T01:11:49.941Z,178917550994100
"""LingWae @ FQN9hzhzP_"" folds",2026-09-12T01:11:47.760Z,178917550776000
"""9/2 @ d-4X_F_SSU"" posts a big blind of 10",2026-09-12T01:11:44.773Z,178917550477308
"""DK @ -47FT3Kv-N"" posts a small blind of 5",2026-09-12T01:11:44.773Z,178917550477307
"Player stacks: #1 ""LingWae @ FQN9hzhzP_"" (776) | #2 ""chris @ 5NARaPRkSp"" (1773) | #8 ""gurt @ gpP9uUffpu"" (4177) | #9 ""DK @ -47FT3Kv-N"" (554) | #10 ""9/2 @ d-4X_F_SSU"" (1970)",2026-09-12T01:11:44.773Z,178917550477301
"-- starting hand #125 (id: 1nchfjcikbnd)  No Limit Texas Hold'em (dealer: ""gurt @ gpP9uUffpu"") --",2026-09-12T01:11:44.773Z,178917550477300
"-- ending hand #124 --",2026-09-12T01:11:38.766Z,178917549876603
"""DK @ -47FT3Kv-N"" collected 254 from pot with Pair, 4's (combination: J♠, Q♠, K♣, 4♠, 4♣)",2026-09-12T01:11:38.766Z,178917549876602
"""DK @ -47FT3Kv-N"" shows a Q♠, 4♠.",2026-09-12T01:11:38.766Z,178917549876601
"""gurt @ gpP9uUffpu"" shows a 3♥, 3♦.",2026-09-12T01:11:38.766Z,178917549876600
"""DK @ -47FT3Kv-N"" checks",2026-09-12T01:11:37.908Z,178917549790800
"""gurt @ gpP9uUffpu"" checks",2026-09-12T01:11:31.781Z,178917549178100
"River: K♣, J♠, 10♠, 5♥ [4♣]",2026-09-12T01:11:30.088Z,178917549008800
"""DK @ -47FT3Kv-N"" checks",2026-09-12T01:11:29.190Z,178917548919000
"""gurt @ gpP9uUffpu"" checks",2026-09-12T01:11:27.572Z,178917548757200
"Turn: K♣, J♠, 10♠ [5♥]",2026-09-12T01:11:27.087Z,178917548708700
"""gurt @ gpP9uUffpu"" calls 67",2026-09-12T01:11:26.197Z,178917548619700
"""chris @ 5NARaPRkSp"" folds",2026-09-12T01:11:24.640Z,178917548464000
"""9/2 @ d-4X_F_SSU"" folds",2026-09-12T01:11:23.730Z,178917548373000
"""DK @ -47FT3Kv-N"" bets 67",2026-09-12T01:11:22.790Z,178917548279000
"""gurt @ gpP9uUffpu"" checks",2026-09-12T01:11:17.171Z,178917547717100
"Flop:  [K♣, J♠, 10♠]",2026-09-12T01:11:15.255Z,178917547525500
"""9/2 @ d-4X_F_SSU"" calls 30",2026-09-12T01:11:14.394Z,178917547439400
"""DK @ -47FT3Kv-N"" calls 30",2026-09-12T01:11:02.429Z,178917546242900
"""gurt @ gpP9uUffpu"" calls 30",2026-09-12T01:11:00.785Z,178917546078500
"""chris @ 5NARaPRkSp"" raises to 30",2026-09-12T01:10:58.396Z,178917545839600
"""LingWae @ FQN9hzhzP_"" folds",2026-09-12T01:10:56.629Z,178917545662900
"""9/2 @ d-4X_F_SSU"" raises to 20",2026-09-12T01:10:54.275Z,178917545427500
"""DK @ -47FT3Kv-N"" posts a big blind of 10",2026-09-12T01:10:51.467Z,178917545146710
"""gurt @ gpP9uUffpu"" posts a small blind of 5",2026-09-12T01:10:51.467Z,178917545146709
"Your hand is 3♥, 3♦",2026-09-12T01:10:51.467Z,178917545146706
"Player stacks: #1 ""LingWae @ FQN9hzhzP_"" (776) | #2 ""chris @ 5NARaPRkSp"" (1803) | #8 ""gurt @ gpP9uUffpu"" (4274) | #9 ""DK @ -47FT3Kv-N"" (397) | #10 ""9/2 @ d-4X_F_SSU"" (2000)",2026-09-12T01:10:51.467Z,178917545146703
"-- starting hand #124 (id: raqv6klkb0kl)  No Limit Texas Hold'em (dead button) --",2026-09-12T01:10:51.467Z,178917545146702
"The player ""9/2 @ d-4X_F_SSU"" joined the game with a stack of 2000.",2026-09-12T01:10:51.467Z,178917545146701
"The admin updated the player ""9/2 @ d-4X_F_SSU"" stack from 1000 to 2000.",2026-09-12T01:10:51.467Z,178917545146700
"""gurt @ gpP9uUffpu"" shows a 7♣, 4♠.",2026-09-12T01:10:48.508Z,178917544850800
"-- ending hand #123 --",2026-09-12T01:10:44.916Z,178917544491602
"""LingWae @ FQN9hzhzP_"" collected 110 from pot with Two Pair, J's & 6's (combination: A♥, 6♥, 6♠, J♣, J♦)",2026-09-12T01:10:44.916Z,178917544491601
"""LingWae @ FQN9hzhzP_"" shows a J♣, J♦.",2026-09-12T01:10:44.916Z,178917544491600
"""LingWae @ FQN9hzhzP_"" checks",2026-09-12T01:10:44.084Z,178917544408400
"""DK @ -47FT3Kv-N"" checks",2026-09-12T01:10:42.962Z,178917544296200
"River: 5♥, A♥, 6♥, 7♥ [6♠]",2026-09-12T01:10:41.861Z,178917544186100
"""LingWae @ FQN9hzhzP_"" checks",2026-09-12T01:10:41.045Z,178917544104500
"""DK @ -47FT3Kv-N"" checks",2026-09-12T01:10:40.125Z,178917544012500
"Turn: 5♥, A♥, 6♥ [7♥]",2026-09-12T01:10:39.512Z,178917543951200
"""LingWae @ FQN9hzhzP_"" checks",2026-09-12T01:10:38.701Z,178917543870100
"WARNING: the admin queued the stack change for the player ""9/2 @ d-4X_F_SSU"" adding 1000 chips in the next hand.",2026-09-12T01:10:35.361Z,178917543536100
"""DK @ -47FT3Kv-N"" checks",2026-09-12T01:10:32.723Z,178917543272300
"Flop:  [5♥, A♥, 6♥]",2026-09-12T01:10:30.451Z,178917543045100
"""DK @ -47FT3Kv-N"" calls 50",2026-09-12T01:10:29.590Z,178917542959000
"""gurt @ gpP9uUffpu"" folds",2026-09-12T01:10:28.270Z,178917542827000
"The admin approved the player ""9/2 @ d-4X_F_SSU"" participation with a stack of 1000.",2026-09-12T01:10:25.896Z,178917542589600
"""chris @ 5NARaPRkSp"" folds",2026-09-12T01:10:22.054Z,178917542205400
"""LingWae @ FQN9hzhzP_"" raises to 50",2026-09-12T01:10:20.418Z,178917542041800
"The player ""9/2 @ d-4X_F_SSU"" requested a seat.",2026-09-12T01:10:19.558Z,178917541955800
"""DK @ -47FT3Kv-N"" calls 10",2026-09-12T01:10:11.272Z,178917541127200
"""gurt @ gpP9uUffpu"" posts a big blind of 10",2026-09-12T01:10:09.419Z,178917540941908
"Dead Small Blind",2026-09-12T01:10:09.419Z,178917540941907
"Your hand is 7♣, 4♠",2026-09-12T01:10:09.419Z,178917540941905
"Player stacks: #1 ""LingWae @ FQN9hzhzP_"" (716) | #2 ""chris @ 5NARaPRkSp"" (1803) | #8 ""gurt @ gpP9uUffpu"" (4284) | #9 ""DK @ -47FT3Kv-N"" (447)",2026-09-12T01:10:09.419Z,178917540941902
"-- starting hand #123 (id: rtcwwzbp6n19)  No Limit Texas Hold'em (dealer: ""chris @ 5NARaPRkSp"") --",2026-09-12T01:10:09.419Z,178917540941901
"The player ""9/2 @ d-4X_F_SSU"" quits the game with a stack of 0.",2026-09-12T01:10:09.419Z,178917540941900
"-- ending hand #122 --",2026-09-12T01:10:03.367Z,178917540336703
"""gurt @ gpP9uUffpu"" collected 3822 from pot with Straight, J High (combination: 7♥, 8♠, 9♥, 10♦, J♦)",2026-09-12T01:10:03.367Z,178917540336702
"""gurt @ gpP9uUffpu"" shows a 6♣, 8♠.",2026-09-12T01:10:03.367Z,178917540336701
"""9/2 @ d-4X_F_SSU"" shows a Q♥, 10♠.",2026-09-12T01:10:03.367Z,178917540336700
"""gurt @ gpP9uUffpu"" calls 1431",2026-09-12T01:10:02.510Z,178917540251000
"""9/2 @ d-4X_F_SSU"" bets 1431 and go all in",2026-09-12T01:10:00.544Z,178917540054400
"River: 9♥, A♣, 10♦, 7♥ [J♦]",2026-09-12T01:09:55.232Z,178917539523200
"""9/2 @ d-4X_F_SSU"" calls 420",2026-09-12T01:09:54.359Z,178917539435900
"""gurt @ gpP9uUffpu"" raises to 420",2026-09-12T01:09:53.016Z,178917539301600
"""9/2 @ d-4X_F_SSU"" raises to 210",2026-09-12T01:09:49.655Z,178917538965500
"""chris @ 5NARaPRkSp"" folds",2026-09-12T01:09:46.490Z,178917538649000
"""LingWae @ FQN9hzhzP_"" folds",2026-09-12T01:09:45.398Z,178917538539800
"""gurt @ gpP9uUffpu"" raises to 69",2026-09-12T01:09:43.038Z,178917538303800
"""9/2 @ d-4X_F_SSU"" bets 10",2026-09-12T01:09:37.792Z,178917537779200
"""chris @ 5NARaPRkSp"" checks",2026-09-12T01:09:36.525Z,178917537652500
"Turn: 9♥, A♣, 10♦ [7♥]",2026-09-12T01:09:35.262Z,178917537526200
"""LingWae @ FQN9hzhzP_"" checks",2026-09-12T01:09:34.426Z,178917537442600
"""gurt @ gpP9uUffpu"" checks",2026-09-12T01:09:33.487Z,178917537348700
"""9/2 @ d-4X_F_SSU"" checks",2026-09-12T01:09:32.535Z,178917537253500
"""chris @ 5NARaPRkSp"" checks",2026-09-12T01:09:30.265Z,178917537026500
"Flop:  [9♥, A♣, 10♦]",2026-09-12T01:09:19.657Z,178917535965700
"""9/2 @ d-4X_F_SSU"" calls 30",2026-09-12T01:09:18.854Z,178917535885400
"""chris @ 5NARaPRkSp"" calls 30",2026-09-12T01:09:16.271Z,178917535627100
"""LingWae @ FQN9hzhzP_"" calls 30",2026-09-12T01:09:15.220Z,178917535522000
"""DK @ -47FT3Kv-N"" folds",2026-09-12T01:09:13.998Z,178917535399800
"""gurt @ gpP9uUffpu"" raises to 30",2026-09-12T01:09:13.051Z,178917535305100
"""9/2 @ d-4X_F_SSU"" posts a big blind of 10",2026-09-12T01:09:10.014Z,178917535001408
"""chris @ 5NARaPRkSp"" posts a small blind of 5",2026-09-12T01:09:10.014Z,178917535001407
"Your hand is 6♣, 8♠",2026-09-12T01:09:10.014Z,178917535001405
"Player stacks: #1 ""LingWae @ FQN9hzhzP_"" (746) | #2 ""chris @ 5NARaPRkSp"" (1833) | #3 ""9/2 @ d-4X_F_SSU"" (1881) | #8 ""gurt @ gpP9uUffpu"" (2343) | #9 ""DK @ -47FT3Kv-N"" (447)",2026-09-12T01:09:10.014Z,178917535001401
"-- starting hand #122 (id: k51lbon5piie)  No Limit Texas Hold'em (dealer: ""LingWae @ FQN9hzhzP_"") --",2026-09-12T01:09:10.014Z,178917535001400
"""LingWae @ FQN9hzhzP_"" shows a 5♦, K♣.",2026-09-12T01:09:07.030Z,178917534703000
"-- ending hand #121 --",2026-09-12T01:09:03.501Z,178917534350103
"""chris @ 5NARaPRkSp"" collected 145 from pot with Two Pair, K's & Q's (combination: 4♦, Q♠, Q♦, K♥, K♦)",2026-09-12T01:09:03.501Z,178917534350102
"""chris @ 5NARaPRkSp"" shows a 2♥, K♥.",2026-09-12T01:09:03.501Z,178917534350101
"""gurt @ gpP9uUffpu"" shows a 8♦, 8♣.",2026-09-12T01:09:03.501Z,178917534350100
"""chris @ 5NARaPRkSp"" calls 30",2026-09-12T01:09:02.611Z,178917534261100
"""gurt @ gpP9uUffpu"" bets 30",2026-09-12T01:09:00.887Z,178917534088700
"""chris @ 5NARaPRkSp"" checks",2026-09-12T01:08:58.555Z,178917533855500
"River: Q♠, K♦, 3♠, Q♦ [4♦]",2026-09-12T01:08:56.678Z,178917533667800
"""gurt @ gpP9uUffpu"" checks",2026-09-12T01:08:55.806Z,178917533580600
"""chris @ 5NARaPRkSp"" checks",2026-09-12T01:08:54.474Z,178917533447400
"Turn: Q♠, K♦, 3♠ [Q♦]",2026-09-12T01:08:53.082Z,178917533308200
"""gurt @ gpP9uUffpu"" checks",2026-09-12T01:08:52.241Z,178917533224100
"""chris @ 5NARaPRkSp"" checks",2026-09-12T01:08:50.642Z,178917533064200
"Flop:  [Q♠, K♦, 3♠]",2026-09-12T01:08:47.269Z,178917532726900
"""chris @ 5NARaPRkSp"" calls 40",2026-09-12T01:08:46.404Z,178917532640400
"""LingWae @ FQN9hzhzP_"" folds",2026-09-12T01:08:36.400Z,178917531640000
"""DK @ -47FT3Kv-N"" folds",2026-09-12T01:08:34.687Z,178917531468700
"""gurt @ gpP9uUffpu"" raises to 40",2026-09-12T01:08:33.383Z,178917531338300
"""9/2 @ d-4X_F_SSU"" folds",2026-09-12T01:08:29.138Z,178917530913800
"""chris @ 5NARaPRkSp"" posts a big blind of 10",2026-09-12T01:08:24.124Z,178917530412408
"""LingWae @ FQN9hzhzP_"" posts a small blind of 5",2026-09-12T01:08:24.124Z,178917530412407
"Your hand is 8♦, 8♣",2026-09-12T01:08:24.124Z,178917530412405
"Player stacks: #1 ""LingWae @ FQN9hzhzP_"" (751) | #2 ""chris @ 5NARaPRkSp"" (1758) | #3 ""9/2 @ d-4X_F_SSU"" (1881) | #8 ""gurt @ gpP9uUffpu"" (2413) | #9 ""DK @ -47FT3Kv-N"" (447)",2026-09-12T01:08:24.124Z,178917530412401
"-- starting hand #121 (id: wu4jhs1xd543)  No Limit Texas Hold'em (dealer: ""DK @ -47FT3Kv-N"") --",2026-09-12T01:08:24.124Z,178917530412400
"-- ending hand #120 --",2026-09-12T01:08:18.115Z,178917529811502
"""LingWae @ FQN9hzhzP_"" collected 208 from pot with Two Pair, 10's & 2's (combination: 8♠, 2♠, 2♦, 10♠, 10♣)",2026-09-12T01:08:18.115Z,178917529811501
"""LingWae @ FQN9hzhzP_"" shows a 10♠, 2♠.",2026-09-12T01:08:18.115Z,178917529811500
"""DK @ -47FT3Kv-N"" calls 42",2026-09-12T01:08:17.310Z,178917529731000
"""LingWae @ FQN9hzhzP_"" bets 42",2026-09-12T01:08:04.630Z,178917528463000
"""DK @ -47FT3Kv-N"" checks",2026-09-12T01:08:01.544Z,178917528154400
"River: 4♠, 10♣, 7♦, 2♦ [8♠]",2026-09-12T01:08:00.435Z,178917528043500
"""DK @ -47FT3Kv-N"" calls 42",2026-09-12T01:07:59.507Z,178917527950700
"""LingWae @ FQN9hzhzP_"" bets 42",2026-09-12T01:07:57.700Z,178917527770000
"""DK @ -47FT3Kv-N"" checks",2026-09-12T01:07:54.357Z,178917527435700
"Turn: 4♠, 10♣, 7♦ [2♦]",2026-09-12T01:07:52.361Z,178917527236100
"""DK @ -47FT3Kv-N"" calls 10",2026-09-12T01:07:51.509Z,178917527150900
"""LingWae @ FQN9hzhzP_"" bets 10",2026-09-12T01:07:50.173Z,178917527017300
"""DK @ -47FT3Kv-N"" checks",2026-09-12T01:07:48.515Z,178917526851500
"Flop:  [4♠, 10♣, 7♦]",2026-09-12T01:07:45.357Z,178917526535700
"""LingWae @ FQN9hzhzP_"" checks",2026-09-12T01:07:44.510Z,178917526451000
"""DK @ -47FT3Kv-N"" calls 10",2026-09-12T01:07:41.218Z,178917526121800
"""gurt @ gpP9uUffpu"" folds",2026-09-12T01:07:39.913Z,178917525991300
"""9/2 @ d-4X_F_SSU"" folds",2026-09-12T01:07:38.730Z,178917525873000
"""chris @ 5NARaPRkSp"" folds",2026-09-12T01:07:36.225Z,178917525622500
"""LingWae @ FQN9hzhzP_"" posts a big blind of 10",2026-09-12T01:07:33.599Z,178917525359908
"""DK @ -47FT3Kv-N"" posts a small blind of 5",2026-09-12T01:07:33.599Z,178917525359907
"Player stacks: #1 ""LingWae @ FQN9hzhzP_"" (647) | #2 ""chris @ 5NARaPRkSp"" (1758) | #3 ""9/2 @ d-4X_F_SSU"" (1881) | #8 ""gurt @ gpP9uUffpu"" (2413) | #9 ""DK @ -47FT3Kv-N"" (551)",2026-09-12T01:07:33.599Z,178917525359901
"-- starting hand #120 (id: ntg3iszjfl5v)  No Limit Texas Hold'em (dealer: ""gurt @ gpP9uUffpu"") --",2026-09-12T01:07:33.599Z,178917525359900
"""LingWae @ FQN9hzhzP_"" shows a 6♠, 7♠.",2026-09-12T01:07:29.360Z,178917524936000
"""DK @ -47FT3Kv-N"" shows a A♥.",2026-09-12T01:07:28.647Z,178917524864700
"Undealt cards: 10♣, Q♦, K♦ [4♥, 4♣]",2026-09-12T01:07:26.960Z,178917524696000
"-- ending hand #119 --",2026-09-12T01:07:26.200Z,178917524620002
"""9/2 @ d-4X_F_SSU"" collected 160 from pot",2026-09-12T01:07:26.200Z,178917524620001
"Uncalled bet of 160 returned to ""9/2 @ d-4X_F_SSU""",2026-09-12T01:07:26.200Z,178917524620000
"""LingWae @ FQN9hzhzP_"" folds",2026-09-12T01:07:25.367Z,178917524536700
"""DK @ -47FT3Kv-N"" folds",2026-09-12T01:07:23.710Z,178917524371000
"""gurt @ gpP9uUffpu"" folds",2026-09-12T01:07:15.963Z,178917523596300
"""9/2 @ d-4X_F_SSU"" bets 160",2026-09-12T01:07:13.366Z,178917523336600
"""LingWae @ FQN9hzhzP_"" checks",2026-09-12T01:07:09.713Z,178917522971300
"""DK @ -47FT3Kv-N"" checks",2026-09-12T01:07:08.788Z,178917522878800
"""gurt @ gpP9uUffpu"" checks",2026-09-12T01:07:05.889Z,178917522588900
"Flop:  [10♣, Q♦, K♦]",2026-09-12T01:07:03.871Z,178917522387100
"""DK @ -47FT3Kv-N"" calls 40",2026-09-12T01:07:03.039Z,178917522303900
"""gurt @ gpP9uUffpu"" calls 40",2026-09-12T01:07:01.702Z,178917522170200
"""9/2 @ d-4X_F_SSU"" calls 40",2026-09-12T01:06:56.262Z,178917521626200
"""chris @ 5NARaPRkSp"" folds",2026-09-12T01:06:54.441Z,178917521444100
"""LingWae @ FQN9hzhzP_"" raises to 40",2026-09-12T01:06:50.748Z,178917521074800
"""DK @ -47FT3Kv-N"" posts a big blind of 10",2026-09-12T01:06:46.372Z,178917520637208
"""gurt @ gpP9uUffpu"" posts a small blind of 5",2026-09-12T01:06:46.372Z,178917520637207
"Player stacks: #1 ""LingWae @ FQN9hzhzP_"" (687) | #2 ""chris @ 5NARaPRkSp"" (1758) | #3 ""9/2 @ d-4X_F_SSU"" (1761) | #8 ""gurt @ gpP9uUffpu"" (2453) | #9 ""DK @ -47FT3Kv-N"" (591)",2026-09-12T01:06:46.372Z,178917520637201
"-- starting hand #119 (id: 3jtkukiboavo)  No Limit Texas Hold'em (dealer: ""9/2 @ d-4X_F_SSU"") --",2026-09-12T01:06:46.372Z,178917520637200
"-- ending hand #118 --",2026-09-12T01:06:40.366Z,178917520036603
"""DK @ -47FT3Kv-N"" collected 174 from pot with Pair, 7's (combination: 10♦, J♦, A♠, 7♠, 7♦)",2026-09-12T01:06:40.366Z,178917520036602
"""DK @ -47FT3Kv-N"" shows a J♦, A♠.",2026-09-12T01:06:40.366Z,178917520036601
"""gurt @ gpP9uUffpu"" shows a 6♣, 3♦.",2026-09-12T01:06:40.366Z,178917520036600
"""9/2 @ d-4X_F_SSU"" folds",2026-09-12T01:06:39.558Z,178917519955800
"""DK @ -47FT3Kv-N"" calls 72",2026-09-12T01:06:38.591Z,178917519859100
"""gurt @ gpP9uUffpu"" bets 72",2026-09-12T01:06:35.398Z,178917519539800
"""9/2 @ d-4X_F_SSU"" checks",2026-09-12T01:06:32.888Z,178917519288800
"River: 7♠, 5♥, 7♦, 2♠ [10♦]",2026-09-12T01:06:32.293Z,178917519229300
"""DK @ -47FT3Kv-N"" checks",2026-09-12T01:06:31.415Z,178917519141500
"""gurt @ gpP9uUffpu"" checks",2026-09-12T01:06:29.337Z,178917518933700
"""9/2 @ d-4X_F_SSU"" checks",2026-09-12T01:06:28.344Z,178917518834400
"Turn: 7♠, 5♥, 7♦ [2♠]",2026-09-12T01:06:26.010Z,178917518601000
"""DK @ -47FT3Kv-N"" checks",2026-09-12T01:06:25.186Z,178917518518600
"""gurt @ gpP9uUffpu"" checks",2026-09-12T01:06:24.042Z,178917518404200
"""9/2 @ d-4X_F_SSU"" checks",2026-09-12T01:06:23.106Z,178917518310600
"Flop:  [7♠, 5♥, 7♦]",2026-09-12T01:06:21.690Z,178917518169000
"""gurt @ gpP9uUffpu"" checks",2026-09-12T01:06:20.828Z,178917518082800
"""9/2 @ d-4X_F_SSU"" calls 10",2026-09-12T01:06:19.794Z,178917517979400
"""chris @ 5NARaPRkSp"" folds",2026-09-12T01:06:18.858Z,178917517885800
"""LingWae @ FQN9hzhzP_"" folds",2026-09-12T01:06:16.072Z,178917517607200
"""DK @ -47FT3Kv-N"" calls 10",2026-09-12T01:06:11.879Z,178917517187900
"""gurt @ gpP9uUffpu"" posts a big blind of 10",2026-09-12T01:06:09.676Z,178917516967608
"""9/2 @ d-4X_F_SSU"" posts a small blind of 5",2026-09-12T01:06:09.676Z,178917516967607
"Your hand is 6♣, 3♦",2026-09-12T01:06:09.676Z,178917516967605
"Player stacks: #1 ""LingWae @ FQN9hzhzP_"" (687) | #2 ""chris @ 5NARaPRkSp"" (1758) | #3 ""9/2 @ d-4X_F_SSU"" (1771) | #8 ""gurt @ gpP9uUffpu"" (2535) | #9 ""DK @ -47FT3Kv-N"" (499)",2026-09-12T01:06:09.676Z,178917516967601
"-- starting hand #118 (id: kzvidbosldwt)  No Limit Texas Hold'em (dealer: ""chris @ 5NARaPRkSp"") --",2026-09-12T01:06:09.676Z,178917516967600
"""LingWae @ FQN9hzhzP_"" shows a 8♦, Q♦.",2026-09-12T01:06:04.804Z,178917516480400
"Undealt cards: 4♣, 9♠, J♥ [7♠, 4♦]",2026-09-12T01:06:03.442Z,178917516344200
"-- ending hand #117 --",2026-09-12T01:06:03.006Z,178917516300602
"""9/2 @ d-4X_F_SSU"" collected 305 from pot",2026-09-12T01:06:03.006Z,178917516300601
"Uncalled bet of 305 returned to ""9/2 @ d-4X_F_SSU""",2026-09-12T01:06:03.006Z,178917516300600
"""gurt @ gpP9uUffpu"" folds",2026-09-12T01:06:02.129Z,178917516212900
"""9/2 @ d-4X_F_SSU"" bets 305",2026-09-12T01:05:53.442Z,178917515344200
"Flop:  [4♣, 9♠, J♥]",2026-09-12T01:05:49.031Z,178917514903100
"""LingWae @ FQN9hzhzP_"" folds",2026-09-12T01:05:48.168Z,178917514816800
"""DK @ -47FT3Kv-N"" folds",2026-09-12T01:05:44.319Z,178917514431900
"""gurt @ gpP9uUffpu"" calls 120",2026-09-12T01:05:42.394Z,178917514239400
"""9/2 @ d-4X_F_SSU"" raises to 120",2026-09-12T01:05:39.595Z,178917513959500
"""chris @ 5NARaPRkSp"" folds",2026-09-12T01:05:37.291Z,178917513729100
"""LingWae @ FQN9hzhzP_"" calls 30",2026-09-12T01:05:36.216Z,178917513621600
"""DK @ -47FT3Kv-N"" calls 30",2026-09-12T01:05:35.211Z,178917513521100
"""gurt @ gpP9uUffpu"" raises to 30",2026-09-12T01:05:33.588Z,178917513358800
"""9/2 @ d-4X_F_SSU"" posts a big blind of 10",2026-09-12T01:05:31.334Z,178917513133408
"""chris @ 5NARaPRkSp"" posts a small blind of 5",2026-09-12T01:05:31.334Z,178917513133407
"Player stacks: #1 ""LingWae @ FQN9hzhzP_"" (717) | #2 ""chris @ 5NARaPRkSp"" (1763) | #3 ""9/2 @ d-4X_F_SSU"" (1586) | #8 ""gurt @ gpP9uUffpu"" (2655) | #9 ""DK @ -47FT3Kv-N"" (529)",2026-09-12T01:05:31.334Z,178917513133401
"-- starting hand #117 (id: 8duni4vpmfpc)  No Limit Texas Hold'em (dealer: ""LingWae @ FQN9hzhzP_"") --",2026-09-12T01:05:31.334Z,178917513133400
"""LingWae @ FQN9hzhzP_"" shows a A♠.",2026-09-12T01:05:30.008Z,178917513000800
"""gurt @ gpP9uUffpu"" shows a K♦.",2026-09-12T01:05:28.778Z,178917512877800
"""LingWae @ FQN9hzhzP_"" shows a 2♥.",2026-09-12T01:05:27.314Z,178917512731400
"Undealt cards: 4♦, 4♠, Q♦ [7♥, 8♥]",2026-09-12T01:05:24.758Z,178917512475800
"-- ending hand #116 --",2026-09-12T01:05:24.011Z,178917512401102
"""gurt @ gpP9uUffpu"" collected 120 from pot",2026-09-12T01:05:24.011Z,178917512401101
"Uncalled bet of 90 returned to ""gurt @ gpP9uUffpu""",2026-09-12T01:05:24.011Z,178917512401100
"""chris @ 5NARaPRkSp"" folds",2026-09-12T01:05:23.176Z,178917512317600
"""LingWae @ FQN9hzhzP_"" folds",2026-09-12T01:05:21.833Z,178917512183300
"""gurt @ gpP9uUffpu"" bets 90",2026-09-12T01:05:15.840Z,178917511584000
"""chris @ 5NARaPRkSp"" checks",2026-09-12T01:05:12.705Z,178917511270500
"""LingWae @ FQN9hzhzP_"" checks",2026-09-12T01:05:11.673Z,178917511167300
"Flop:  [4♦, 4♠, Q♦]",2026-09-12T01:05:08.997Z,178917510899700
"""chris @ 5NARaPRkSp"" calls 40",2026-09-12T01:05:08.191Z,178917510819100
"""LingWae @ FQN9hzhzP_"" calls 40",2026-09-12T01:05:06.415Z,178917510641500
"""DK @ -47FT3Kv-N"" folds",2026-09-12T01:04:57.998Z,178917509799800
"""gurt @ gpP9uUffpu"" raises to 40",2026-09-12T01:04:56.851Z,178917509685100
"""9/2 @ d-4X_F_SSU"" folds",2026-09-12T01:04:53.558Z,178917509355800
"""chris @ 5NARaPRkSp"" posts a big blind of 10",2026-09-12T01:04:51.577Z,178917509157708
"""LingWae @ FQN9hzhzP_"" posts a small blind of 5",2026-09-12T01:04:51.577Z,178917509157707
"Player stacks: #1 ""LingWae @ FQN9hzhzP_"" (757) | #2 ""chris @ 5NARaPRkSp"" (1803) | #3 ""9/2 @ d-4X_F_SSU"" (1586) | #8 ""gurt @ gpP9uUffpu"" (2575) | #9 ""DK @ -47FT3Kv-N"" (529)",2026-09-12T01:04:51.577Z,178917509157701
"-- starting hand #116 (id: jtroykfhzwb1)  No Limit Texas Hold'em (dealer: ""DK @ -47FT3Kv-N"") --",2026-09-12T01:04:51.577Z,178917509157700
"""DK @ -47FT3Kv-N"" shows a 2♦.",2026-09-12T01:04:48.520Z,178917508852000
"Undealt cards: 4♠, J♦, Q♠ [5♦, 6♠]",2026-09-12T01:04:46.739Z,178917508673900
"""LingWae @ FQN9hzhzP_"" shows a 8♠, 9♠.",2026-09-12T01:04:46.051Z,178917508605100
"""DK @ -47FT3Kv-N"" shows a 4♦.",2026-09-12T01:04:44.837Z,178917508483700
"-- ending hand #115 --",2026-09-12T01:04:44.210Z,178917508421002
"""LingWae @ FQN9hzhzP_"" collected 120 from pot",2026-09-12T01:04:44.210Z,178917508421001
"Uncalled bet of 637 returned to ""LingWae @ FQN9hzhzP_""",2026-09-12T01:04:44.210Z,178917508421000
"""DK @ -47FT3Kv-N"" folds",2026-09-12T01:04:43.395Z,178917508339500
"""gurt @ gpP9uUffpu"" folds",2026-09-12T01:04:36.000Z,178917507600000
"""chris @ 5NARaPRkSp"" folds",2026-09-12T01:04:34.724Z,178917507472400
"""LingWae @ FQN9hzhzP_"" bets 637 and go all in",2026-09-12T01:04:33.089Z,178917507308900
"""DK @ -47FT3Kv-N"" checks",2026-09-12T01:04:30.314Z,178917507031400
"Flop:  [4♠, J♦, Q♠]",2026-09-12T01:04:27.855Z,178917506785500
"""LingWae @ FQN9hzhzP_"" calls 30",2026-09-12T01:04:27.041Z,178917506704100
"""DK @ -47FT3Kv-N"" calls 30",2026-09-12T01:04:26.094Z,178917506609400
"""gurt @ gpP9uUffpu"" calls 30",2026-09-12T01:04:22.380Z,178917506238000
"""9/2 @ d-4X_F_SSU"" folds",2026-09-12T01:04:20.039Z,178917506003900
"""chris @ 5NARaPRkSp"" raises to 30",2026-09-12T01:04:16.915Z,178917505691500
"""LingWae @ FQN9hzhzP_"" posts a big blind of 10",2026-09-12T01:04:12.038Z,178917505203808
"""DK @ -47FT3Kv-N"" posts a small blind of 5",2026-09-12T01:04:12.038Z,178917505203807
"Player stacks: #1 ""LingWae @ FQN9hzhzP_"" (667) | #2 ""chris @ 5NARaPRkSp"" (1833) | #3 ""9/2 @ d-4X_F_SSU"" (1586) | #8 ""gurt @ gpP9uUffpu"" (2605) | #9 ""DK @ -47FT3Kv-N"" (559)",2026-09-12T01:04:12.038Z,178917505203801
"-- starting hand #115 (id: gcysao5iwdbv)  No Limit Texas Hold'em (dealer: ""gurt @ gpP9uUffpu"") --",2026-09-12T01:04:12.038Z,178917505203800
"Undealt cards: 6♠, 5♠, A♦ [A♣, J♠]",2026-09-12T01:04:06.825Z,178917504682500
"-- ending hand #114 --",2026-09-12T01:04:06.130Z,178917504613002
"""chris @ 5NARaPRkSp"" collected 350 from pot",2026-09-12T01:04:06.130Z,178917504613001
"Uncalled bet of 1483 returned to ""chris @ 5NARaPRkSp""",2026-09-12T01:04:06.130Z,178917504613000
"""9/2 @ d-4X_F_SSU"" folds",2026-09-12T01:04:05.254Z,178917504525400
"""chris @ 5NARaPRkSp"" raises to 1633 and go all in",2026-09-12T01:04:01.696Z,178917504169600
"""LingWae @ FQN9hzhzP_"" folds",2026-09-12T01:03:54.847Z,178917503484700
"""DK @ -47FT3Kv-N"" folds",2026-09-12T01:03:53.564Z,178917503356400
"""9/2 @ d-4X_F_SSU"" bets 150",2026-09-12T01:03:43.527Z,178917502352700
"""chris @ 5NARaPRkSp"" checks",2026-09-12T01:03:40.295Z,178917502029500
"""LingWae @ FQN9hzhzP_"" checks",2026-09-12T01:03:24.794Z,178917500479400
"""DK @ -47FT3Kv-N"" checks",2026-09-12T01:03:23.907Z,178917500390700
"""gurt @ gpP9uUffpu"" folds",2026-09-12T01:03:18.375Z,178917499837500
"Flop:  [6♠, 5♠, A♦]",2026-09-12T01:03:14.842Z,178917499484200
"""DK @ -47FT3Kv-N"" checks",2026-09-12T01:03:13.999Z,178917499399900
"""gurt @ gpP9uUffpu"" calls 10",2026-09-12T01:03:12.787Z,178917499278700
"""9/2 @ d-4X_F_SSU"" calls 10",2026-09-12T01:03:11.706Z,178917499170600
"""chris @ 5NARaPRkSp"" calls 10",2026-09-12T01:03:10.610Z,178917499061000
"""LingWae @ FQN9hzhzP_"" calls 10",2026-09-12T01:03:09.596Z,178917498959600
"""DK @ -47FT3Kv-N"" posts a big blind of 10",2026-09-12T01:03:08.000Z,178917498800008
"""gurt @ gpP9uUffpu"" posts a small blind of 5",2026-09-12T01:03:08.000Z,178917498800007
"Player stacks: #1 ""LingWae @ FQN9hzhzP_"" (677) | #2 ""chris @ 5NARaPRkSp"" (1643) | #3 ""9/2 @ d-4X_F_SSU"" (1746) | #8 ""gurt @ gpP9uUffpu"" (2615) | #9 ""DK @ -47FT3Kv-N"" (569)",2026-09-12T01:03:08.000Z,178917498800001
"-- starting hand #114 (id: tvazma4t3oge)  No Limit Texas Hold'em (dealer: ""9/2 @ d-4X_F_SSU"") --",2026-09-12T01:03:08.000Z,178917498800000
"-- ending hand #113 --",2026-09-12T01:02:59.980Z,178917497998002
"""gurt @ gpP9uUffpu"" collected 677 from pot with Full House, 3's over 6's on the second run  (combination: 6♦, 6♥, 3♣, 3♥, 3♠)",2026-09-12T01:02:59.980Z,178917497998001
"""LingWae @ FQN9hzhzP_"" collected 677 from pot with Straight, 7 High (combination: 3♠, 4♠, 5♠, 6♦, 7♥)",2026-09-12T01:02:59.980Z,178917497998000
"River (second run): 3♥, 6♦, 3♠, 6♥ [8♣]",2026-09-12T01:02:55.968Z,178917497596800
"Turn (second run): 3♥, 6♦, 3♠ [6♥]",2026-09-12T01:02:51.854Z,178917497185400
"River: 3♥, 6♦, 3♠, J♠ [7♥]",2026-09-12T01:02:47.826Z,178917496782600
"Turn: 3♥, 6♦, 3♠ [J♠]",2026-09-12T01:02:43.767Z,178917496376700
"""gurt @ gpP9uUffpu"" shows a 10♦, 3♣.",2026-09-12T01:02:39.759Z,178917495975901
"""LingWae @ FQN9hzhzP_"" shows a 4♠, 5♠.",2026-09-12T01:02:39.759Z,178917495975900
"All players in hand choose to run it twice.",2026-09-12T01:02:38.860Z,178917495886001
"""LingWae @ FQN9hzhzP_"" chooses to  run it twice.",2026-09-12T01:02:38.860Z,178917495886000
"""gurt @ gpP9uUffpu"" chooses to  run it twice.",2026-09-12T01:02:38.346Z,178917495834600
"Remaining players decide whether to run it twice.",2026-09-12T01:02:37.476Z,178917495747601
"""gurt @ gpP9uUffpu"" calls 657",2026-09-12T01:02:37.476Z,178917495747600
"""LingWae @ FQN9hzhzP_"" raises to 657 and go all in",2026-09-12T01:02:29.682Z,178917494968200
"""gurt @ gpP9uUffpu"" raises to 40",2026-09-12T01:02:27.216Z,178917494721600
"""9/2 @ d-4X_F_SSU"" folds",2026-09-12T01:02:24.403Z,178917494440300
"""chris @ 5NARaPRkSp"" folds",2026-09-12T01:02:23.493Z,178917494349300
"""LingWae @ FQN9hzhzP_"" bets 20",2026-09-12T01:02:20.554Z,178917494055400
"""gurt @ gpP9uUffpu"" checks",2026-09-12T01:02:15.030Z,178917493503000
"""9/2 @ d-4X_F_SSU"" checks",2026-09-12T01:02:14.102Z,178917493410200
"Flop:  [3♥, 6♦, 3♠]",2026-09-12T01:02:12.833Z,178917493283300
"""gurt @ gpP9uUffpu"" checks",2026-09-12T01:02:11.997Z,178917493199700
"""9/2 @ d-4X_F_SSU"" calls 10",2026-09-12T01:02:10.354Z,178917493035400
"""chris @ 5NARaPRkSp"" calls 10",2026-09-12T01:02:08.297Z,178917492829700
"""LingWae @ FQN9hzhzP_"" calls 10",2026-09-12T01:02:04.976Z,178917492497600
"""DK @ -47FT3Kv-N"" folds",2026-09-12T01:01:59.927Z,178917491992700
"""gurt @ gpP9uUffpu"" posts a big blind of 10",2026-09-12T01:01:57.896Z,178917491789608
"""9/2 @ d-4X_F_SSU"" posts a small blind of 5",2026-09-12T01:01:57.896Z,178917491789607
"Your hand is 10♦, 3♣",2026-09-12T01:01:57.896Z,178917491789605
"Player stacks: #1 ""LingWae @ FQN9hzhzP_"" (667) | #2 ""chris @ 5NARaPRkSp"" (1653) | #3 ""9/2 @ d-4X_F_SSU"" (1756) | #8 ""gurt @ gpP9uUffpu"" (2605) | #9 ""DK @ -47FT3Kv-N"" (569)",2026-09-12T01:01:57.896Z,178917491789601
"-- starting hand #113 (id: dypzu7l8xbtm)  No Limit Texas Hold'em (dealer: ""chris @ 5NARaPRkSp"") --",2026-09-12T01:01:57.896Z,178917491789600
"Undealt cards:  [2♥, 3♣, 10♥, 7♠, Q♥]",2026-09-12T01:01:52.459Z,178917491245900
"-- ending hand #112 --",2026-09-12T01:01:51.893Z,178917491189302
"""9/2 @ d-4X_F_SSU"" collected 10 from pot",2026-09-12T01:01:51.893Z,178917491189301
"Uncalled bet of 5 returned to ""9/2 @ d-4X_F_SSU""",2026-09-12T01:01:51.893Z,178917491189300
"""chris @ 5NARaPRkSp"" folds",2026-09-12T01:01:51.030Z,178917491103000
"""LingWae @ FQN9hzhzP_"" folds",2026-09-12T01:01:49.584Z,178917490958400
"""DK @ -47FT3Kv-N"" folds",2026-09-12T01:01:48.662Z,178917490866200
"""gurt @ gpP9uUffpu"" folds",2026-09-12T01:01:47.607Z,178917490760700
"""9/2 @ d-4X_F_SSU"" posts a big blind of 10",2026-09-12T01:01:45.894Z,178917490589408
"""chris @ 5NARaPRkSp"" posts a small blind of 5",2026-09-12T01:01:45.894Z,178917490589407
"Player stacks: #1 ""LingWae @ FQN9hzhzP_"" (667) | #2 ""chris @ 5NARaPRkSp"" (1658) | #3 ""9/2 @ d-4X_F_SSU"" (1751) | #8 ""gurt @ gpP9uUffpu"" (2605) | #9 ""DK @ -47FT3Kv-N"" (569)",2026-09-12T01:01:45.894Z,178917490589401
"-- starting hand #112 (id: 1yobasoqjrkk)  No Limit Texas Hold'em (dealer: ""LingWae @ FQN9hzhzP_"") --",2026-09-12T01:01:45.894Z,178917490589400
"Undealt cards: 3♣, K♥, 2♠ [9♣, 8♠]",2026-09-12T01:01:41.155Z,178917490115500
"-- ending hand #111 --",2026-09-12T01:01:39.891Z,178917489989102
"""9/2 @ d-4X_F_SSU"" collected 245 from pot",2026-09-12T01:01:39.891Z,178917489989101
"Uncalled bet of 1506 returned to ""9/2 @ d-4X_F_SSU""",2026-09-12T01:01:39.891Z,178917489989100
"""chris @ 5NARaPRkSp"" folds",2026-09-12T01:01:39.029Z,178917489902900
"""DK @ -47FT3Kv-N"" folds",2026-09-12T01:01:37.193Z,178917489719300
"""gurt @ gpP9uUffpu"" folds",2026-09-12T01:01:34.801Z,178917489480100
"""9/2 @ d-4X_F_SSU"" bets 1506 and go all in",2026-09-12T01:01:32.894Z,178917489289400
"""chris @ 5NARaPRkSp"" checks",2026-09-12T01:01:29.329Z,178917488932900
"Flop:  [3♣, K♥, 2♠]",2026-09-12T01:01:26.784Z,178917488678400
"""chris @ 5NARaPRkSp"" calls 60",2026-09-12T01:01:25.947Z,178917488594700
"""LingWae @ FQN9hzhzP_"" folds",2026-09-12T01:01:23.770Z,178917488377000
"""DK @ -47FT3Kv-N"" calls 60",2026-09-12T01:01:22.855Z,178917488285500
"""gurt @ gpP9uUffpu"" calls 60",2026-09-12T01:01:20.967Z,178917488096700
"""9/2 @ d-4X_F_SSU"" raises to 60",2026-09-12T01:01:18.307Z,178917487830700
"""chris @ 5NARaPRkSp"" posts a big blind of 10",2026-09-12T01:01:13.883Z,178917487388308
"""LingWae @ FQN9hzhzP_"" posts a small blind of 5",2026-09-12T01:01:13.883Z,178917487388307
"Player stacks: #1 ""LingWae @ FQN9hzhzP_"" (672) | #2 ""chris @ 5NARaPRkSp"" (1718) | #3 ""9/2 @ d-4X_F_SSU"" (1566) | #8 ""gurt @ gpP9uUffpu"" (2665) | #9 ""DK @ -47FT3Kv-N"" (629)",2026-09-12T01:01:13.883Z,178917487388301
"-- starting hand #111 (id: zozvwgnczvgk)  No Limit Texas Hold'em (dealer: ""DK @ -47FT3Kv-N"") --",2026-09-12T01:01:13.883Z,178917487388300
"Undealt cards: A♠, 6♦, 10♦ [2♥, 4♠]",2026-09-12T01:01:09.143Z,178917486914300
"-- ending hand #110 --",2026-09-12T01:01:07.880Z,178917486788002
"""gurt @ gpP9uUffpu"" collected 95 from pot",2026-09-12T01:01:07.880Z,178917486788001
"Uncalled bet of 33 returned to ""gurt @ gpP9uUffpu""",2026-09-12T01:01:07.880Z,178917486788000
"""9/2 @ d-4X_F_SSU"" folds",2026-09-12T01:01:07.019Z,178917486701900
"""gurt @ gpP9uUffpu"" bets 33",2026-09-12T01:01:01.842Z,178917486184200
"""9/2 @ d-4X_F_SSU"" checks",2026-09-12T01:00:59.211Z,178917485921100
"Flop:  [A♠, 6♦, 10♦]",2026-09-12T01:00:57.768Z,178917485776800
"""9/2 @ d-4X_F_SSU"" calls 40",2026-09-12T01:00:56.882Z,178917485688200
"""LingWae @ FQN9hzhzP_"" folds",2026-09-12T01:00:55.104Z,178917485510400
"""DK @ -47FT3Kv-N"" folds",2026-09-12T01:00:53.856Z,178917485385600
"""gurt @ gpP9uUffpu"" raises to 40",2026-09-12T01:00:52.126Z,178917485212600
"""9/2 @ d-4X_F_SSU"" calls 10",2026-09-12T01:00:48.618Z,178917484861800
"""chris @ 5NARaPRkSp"" folds",2026-09-12T01:00:46.315Z,178917484631500
"""LingWae @ FQN9hzhzP_"" posts a big blind of 10",2026-09-12T01:00:43.756Z,178917484375608
"""DK @ -47FT3Kv-N"" posts a small blind of 5",2026-09-12T01:00:43.756Z,178917484375607
"Player stacks: #1 ""LingWae @ FQN9hzhzP_"" (682) | #2 ""chris @ 5NARaPRkSp"" (1718) | #3 ""9/2 @ d-4X_F_SSU"" (1606) | #8 ""gurt @ gpP9uUffpu"" (2610) | #9 ""DK @ -47FT3Kv-N"" (634)",2026-09-12T01:00:43.756Z,178917484375601
"-- starting hand #110 (id: r9lpidqabihm)  No Limit Texas Hold'em (dealer: ""gurt @ gpP9uUffpu"") --",2026-09-12T01:00:43.756Z,178917484375600
"""9/2 @ d-4X_F_SSU"" shows a 6♠, 5♠.",2026-09-12T01:00:41.898Z,178917484189800
"""LingWae @ FQN9hzhzP_"" shows a Q♦.",2026-09-12T01:00:39.252Z,178917483925200
"Undealt cards: J♠, A♣, A♠ [6♦, Q♥]",2026-09-12T01:00:37.437Z,178917483743700
"-- ending hand #109 --",2026-09-12T01:00:36.365Z,178917483636502
"""9/2 @ d-4X_F_SSU"" collected 170 from pot",2026-09-12T01:00:36.365Z,178917483636501
"Uncalled bet of 1436 returned to ""9/2 @ d-4X_F_SSU""",2026-09-12T01:00:36.365Z,178917483636500
"""chris @ 5NARaPRkSp"" folds",2026-09-12T01:00:35.482Z,178917483548200
"""gurt @ gpP9uUffpu"" folds",2026-09-12T01:00:15.040Z,178917481504000
"""9/2 @ d-4X_F_SSU"" bets 1436 and go all in",2026-09-12T01:00:12.103Z,178917481210300
"""chris @ 5NARaPRkSp"" checks",2026-09-12T01:00:09.613Z,178917480961300
"""DK @ -47FT3Kv-N"" folds",2026-09-12T01:00:08.513Z,178917480851300
"""gurt @ gpP9uUffpu"" checks",2026-09-12T01:00:07.390Z,178917480739000
"Flop:  [J♠, A♣, A♠]",2026-09-12T01:00:03.368Z,178917480336800
"""9/2 @ d-4X_F_SSU"" calls 40",2026-09-12T01:00:02.474Z,178917480247400
"""chris @ 5NARaPRkSp"" calls 40",2026-09-12T00:59:59.896Z,178917479989600
"""LingWae @ FQN9hzhzP_"" folds",2026-09-12T00:59:52.281Z,178917479228100
"""DK @ -47FT3Kv-N"" calls 40",2026-09-12T00:59:51.087Z,178917479108700
"""gurt @ gpP9uUffpu"" raises to 40",2026-09-12T00:59:37.235Z,178917477723500
"""9/2 @ d-4X_F_SSU"" calls 10",2026-09-12T00:59:22.439Z,178917476243900
"""chris @ 5NARaPRkSp"" calls 10",2026-09-12T00:59:16.560Z,178917475656000
"""LingWae @ FQN9hzhzP_"" calls 10",2026-09-12T00:59:13.774Z,178917475377400
"""DK @ -47FT3Kv-N"" posts a big blind of 10",2026-09-12T00:59:07.687Z,178917474768708
"""gurt @ gpP9uUffpu"" posts a small blind of 5",2026-09-12T00:59:07.687Z,178917474768707
"Player stacks: #1 ""LingWae @ FQN9hzhzP_"" (692) | #2 ""chris @ 5NARaPRkSp"" (1758) | #3 ""9/2 @ d-4X_F_SSU"" (1476) | #8 ""gurt @ gpP9uUffpu"" (2650) | #9 ""DK @ -47FT3Kv-N"" (674)",2026-09-12T00:59:07.687Z,178917474768701
"-- starting hand #109 (id: 1hyqykyxknlx)  No Limit Texas Hold'em (dealer: ""9/2 @ d-4X_F_SSU"") --",2026-09-12T00:59:07.687Z,178917474768700
"""LingWae @ FQN9hzhzP_"" shows a 9♥, Q♣.",2026-09-12T00:59:03.044Z,178917474304400
"-- ending hand #108 --",2026-09-12T00:59:01.060Z,178917474106003
"""gurt @ gpP9uUffpu"" collected 40 from pot with Full House, A's over K's (combination: K♦, K♠, A♠, A♣, A♥)",2026-09-12T00:59:01.060Z,178917474106002
"""gurt @ gpP9uUffpu"" shows a A♠, 3♦.",2026-09-12T00:59:01.060Z,178917474106001
"""9/2 @ d-4X_F_SSU"" shows a 4♣, Q♥.",2026-09-12T00:59:01.060Z,178917474106000
"""chris @ 5NARaPRkSp"" checks",2026-09-12T00:59:00.161Z,178917474016100
"""LingWae @ FQN9hzhzP_"" checks",2026-09-12T00:58:59.038Z,178917473903800
"""gurt @ gpP9uUffpu"" checks",2026-09-12T00:58:57.608Z,178917473760800
"""9/2 @ d-4X_F_SSU"" checks",2026-09-12T00:58:55.643Z,178917473564300
"River: A♣, Q♦, K♦, K♠ [A♥]",2026-09-12T00:58:53.847Z,178917473384700
"""chris @ 5NARaPRkSp"" checks",2026-09-12T00:58:52.973Z,178917473297300
"""LingWae @ FQN9hzhzP_"" checks",2026-09-12T00:58:52.050Z,178917473205000
"""gurt @ gpP9uUffpu"" checks",2026-09-12T00:58:48.398Z,178917472839800
"""9/2 @ d-4X_F_SSU"" checks",2026-09-12T00:58:47.251Z,178917472725100
"Turn: A♣, Q♦, K♦ [K♠]",2026-09-12T00:58:45.849Z,178917472584900
"""chris @ 5NARaPRkSp"" checks",2026-09-12T00:58:45.030Z,178917472503000
"""LingWae @ FQN9hzhzP_"" checks",2026-09-12T00:58:43.926Z,178917472392600
"""gurt @ gpP9uUffpu"" checks",2026-09-12T00:58:35.056Z,178917471505600
"""9/2 @ d-4X_F_SSU"" checks",2026-09-12T00:58:33.547Z,178917471354700
"Flop:  [A♣, Q♦, K♦]",2026-09-12T00:58:29.631Z,178917470963100
"""gurt @ gpP9uUffpu"" checks",2026-09-12T00:58:28.711Z,178917470871100
"""9/2 @ d-4X_F_SSU"" calls 10",2026-09-12T00:58:27.690Z,178917470769000
"""chris @ 5NARaPRkSp"" calls 10",2026-09-12T00:58:26.315Z,178917470631500
"""LingWae @ FQN9hzhzP_"" calls 10",2026-09-12T00:58:24.914Z,178917470491400
"""DK @ -47FT3Kv-N"" folds",2026-09-12T00:58:17.663Z,178917469766300
"""gurt @ gpP9uUffpu"" posts a big blind of 10",2026-09-12T00:58:15.824Z,178917469582408
"""9/2 @ d-4X_F_SSU"" posts a small blind of 5",2026-09-12T00:58:15.824Z,178917469582407
"Your hand is A♠, 3♦",2026-09-12T00:58:15.824Z,178917469582405
"Player stacks: #1 ""LingWae @ FQN9hzhzP_"" (702) | #2 ""chris @ 5NARaPRkSp"" (1768) | #3 ""9/2 @ d-4X_F_SSU"" (1486) | #8 ""gurt @ gpP9uUffpu"" (2620) | #9 ""DK @ -47FT3Kv-N"" (674)",2026-09-12T00:58:15.824Z,178917469582401
"-- starting hand #108 (id: y1kstjd9qr4a)  No Limit Texas Hold'em (dealer: ""chris @ 5NARaPRkSp"") --",2026-09-12T00:58:15.824Z,178917469582400
"-- ending hand #107 --",2026-09-12T00:58:07.819Z,178917468781903
"""LingWae @ FQN9hzhzP_"" collected 468 from pot with Three of a Kind, J's on the second run  (combination: 10♠, K♥, J♣, J♥, J♠)",2026-09-12T00:58:07.819Z,178917468781902
"""9/2 @ d-4X_F_SSU"" collected 234 from pot with Two Pair, J's & 10's (combination: A♥, 10♠, 10♦, J♦, J♥)",2026-09-12T00:58:07.819Z,178917468781901
"""LingWae @ FQN9hzhzP_"" collected 234 from pot with Two Pair, J's & 10's (combination: A♥, 10♠, 10♦, J♣, J♥)",2026-09-12T00:58:07.819Z,178917468781900
"River (second run): 5♥, 10♠, J♥, 4♠ [J♠]",2026-09-12T00:58:03.814Z,178917468381400
"Turn (second run): 5♥, 10♠, J♥ [4♠]",2026-09-12T00:57:59.797Z,178917467979700
"River: 5♥, 10♠, J♥, A♥ [10♦]",2026-09-12T00:57:55.795Z,178917467579500
"Turn: 5♥, 10♠, J♥ [A♥]",2026-09-12T00:57:51.757Z,178917467175700
"""9/2 @ d-4X_F_SSU"" shows a J♦, 2♥.",2026-09-12T00:57:47.735Z,178917466773501
"""LingWae @ FQN9hzhzP_"" shows a J♣, K♥.",2026-09-12T00:57:47.735Z,178917466773500
"All players in hand choose to run it twice.",2026-09-12T00:57:46.905Z,178917466690501
"""LingWae @ FQN9hzhzP_"" chooses to  run it twice.",2026-09-12T00:57:46.905Z,178917466690500
"""9/2 @ d-4X_F_SSU"" chooses to  run it twice.",2026-09-12T00:57:46.865Z,178917466686500
"Remaining players decide whether to run it twice.",2026-09-12T00:57:45.762Z,178917466576201
"""DK @ -47FT3Kv-N"" folds",2026-09-12T00:57:45.762Z,178917466576200
"""9/2 @ d-4X_F_SSU"" calls 433",2026-09-12T00:57:43.715Z,178917466371500
"""chris @ 5NARaPRkSp"" folds",2026-09-12T00:57:38.675Z,178917465867500
"""LingWae @ FQN9hzhzP_"" raises to 433 and go all in",2026-09-12T00:57:37.755Z,178917465775500
"""DK @ -47FT3Kv-N"" calls 20",2026-09-12T00:57:35.608Z,178917465560800
"""gurt @ gpP9uUffpu"" folds",2026-09-12T00:57:34.013Z,178917465401300
"""9/2 @ d-4X_F_SSU"" bets 20",2026-09-12T00:57:33.019Z,178917465301900
"""chris @ 5NARaPRkSp"" checks",2026-09-12T00:57:25.681Z,178917464568100
"Flop:  [5♥, 10♠, J♥]",2026-09-12T00:57:24.122Z,178917464412200
"""9/2 @ d-4X_F_SSU"" checks",2026-09-12T00:57:23.175Z,178917464317500
"""chris @ 5NARaPRkSp"" calls 10",2026-09-12T00:57:20.164Z,178917464016400
"""LingWae @ FQN9hzhzP_"" calls 10",2026-09-12T00:57:17.397Z,178917463739700
"""DK @ -47FT3Kv-N"" calls 10",2026-09-12T00:57:16.157Z,178917463615700
"""gurt @ gpP9uUffpu"" calls 10",2026-09-12T00:57:14.588Z,178917463458800
"""9/2 @ d-4X_F_SSU"" posts a big blind of 10",2026-09-12T00:57:12.140Z,178917463214008
"""chris @ 5NARaPRkSp"" posts a small blind of 5",2026-09-12T00:57:12.140Z,178917463214007
"Player stacks: #1 ""LingWae @ FQN9hzhzP_"" (443) | #2 ""chris @ 5NARaPRkSp"" (1778) | #3 ""9/2 @ d-4X_F_SSU"" (1695) | #8 ""gurt @ gpP9uUffpu"" (2630) | #9 ""DK @ -47FT3Kv-N"" (704)",2026-09-12T00:57:12.140Z,178917463214001
"-- starting hand #107 (id: brg6yww4renf)  No Limit Texas Hold'em (dealer: ""LingWae @ FQN9hzhzP_"") --",2026-09-12T00:57:12.140Z,178917463214000
"""gurt @ gpP9uUffpu"" shows a Q♦, 3♦.",2026-09-12T00:57:09.258Z,178917462925800
"""DK @ -47FT3Kv-N"" shows a 8♣, Q♠.",2026-09-12T00:57:03.699Z,178917462369900
"-- ending hand #106 --",2026-09-12T00:57:03.119Z,178917462311902
"""9/2 @ d-4X_F_SSU"" collected 443 from pot with Pair, 7's on the second run  (combination: 9♠, Q♣, A♥, 7♣, 7♥)",2026-09-12T00:57:03.119Z,178917462311901
"""LingWae @ FQN9hzhzP_"" collected 443 from pot with Two Pair, 5's & 4's (combination: K♣, 4♣, 4♥, 5♥, 5♦)",2026-09-12T00:57:03.119Z,178917462311900
"River (second run): A♥, 7♥, 2♦, 6♣ [9♠]",2026-09-12T00:56:59.102Z,178917461910200
"Turn (second run): A♥, 7♥, 2♦ [6♣]",2026-09-12T00:56:55.097Z,178917461509700
"Flop (second run):  [A♥, 7♥, 2♦]",2026-09-12T00:56:51.091Z,178917461109100
"River: 2♥, 4♣, 4♥, 8♠ [K♣]",2026-09-12T00:56:47.090Z,178917460709000
"Turn: 2♥, 4♣, 4♥ [8♠]",2026-09-12T00:56:43.077Z,178917460307700
"Flop:  [2♥, 4♣, 4♥]",2026-09-12T00:56:39.074Z,178917459907400
"""9/2 @ d-4X_F_SSU"" shows a 7♣, Q♣.",2026-09-12T00:56:35.070Z,178917459507001
"""LingWae @ FQN9hzhzP_"" shows a 5♥, 5♦.",2026-09-12T00:56:35.070Z,178917459507000
"All players in hand choose to run it twice.",2026-09-12T00:56:34.263Z,178917459426301
"""LingWae @ FQN9hzhzP_"" chooses to  run it twice.",2026-09-12T00:56:34.263Z,178917459426300
"""9/2 @ d-4X_F_SSU"" chooses to  run it twice.",2026-09-12T00:56:33.767Z,178917459376700
"Remaining players decide whether to run it twice.",2026-09-12T00:56:32.323Z,178917459232301
"""DK @ -47FT3Kv-N"" folds",2026-09-12T00:56:32.323Z,178917459232300
"""9/2 @ d-4X_F_SSU"" calls 408",2026-09-12T00:56:18.826Z,178917457882600
"""chris @ 5NARaPRkSp"" folds",2026-09-12T00:56:17.967Z,178917457796700
"""LingWae @ FQN9hzhzP_"" raises to 408 and go all in",2026-09-12T00:56:16.876Z,178917457687600
"""DK @ -47FT3Kv-N"" calls 60",2026-09-12T00:56:14.585Z,178917457458500
"""gurt @ gpP9uUffpu"" folds",2026-09-12T00:55:59.429Z,178917455942900
"""9/2 @ d-4X_F_SSU"" raises to 60",2026-09-12T00:55:57.222Z,178917455722200
"""chris @ 5NARaPRkSp"" posts a big blind of 10",2026-09-12T00:55:54.384Z,178917455438408
"""LingWae @ FQN9hzhzP_"" posts a small blind of 5",2026-09-12T00:55:54.384Z,178917455438407
"Your hand is Q♦, 3♦",2026-09-12T00:55:54.384Z,178917455438405
"Player stacks: #1 ""LingWae @ FQN9hzhzP_"" (408) | #2 ""chris @ 5NARaPRkSp"" (1788) | #3 ""9/2 @ d-4X_F_SSU"" (1660) | #8 ""gurt @ gpP9uUffpu"" (2630) | #9 ""DK @ -47FT3Kv-N"" (764)",2026-09-12T00:55:54.384Z,178917455438401
"-- starting hand #106 (id: p1hq0dg6bbrj)  No Limit Texas Hold'em (dealer: ""DK @ -47FT3Kv-N"") --",2026-09-12T00:55:54.384Z,178917455438400
"""gurt @ gpP9uUffpu"" shows a 4♠, 7♥.",2026-09-12T00:55:49.606Z,178917454960600
"""LingWae @ FQN9hzhzP_"" shows a K♦, 9♣.",2026-09-12T00:55:48.447Z,178917454844700
"Undealt cards:  [10♠, 10♥, 8♥, 5♣, J♠]",2026-09-12T00:55:47.305Z,178917454730500
"""DK @ -47FT3Kv-N"" shows a 2♠, 3♠.",2026-09-12T00:55:46.940Z,178917454694000
"-- ending hand #105 --",2026-09-12T00:55:46.365Z,178917454636502
"""LingWae @ FQN9hzhzP_"" collected 40 from pot",2026-09-12T00:55:46.365Z,178917454636501
"Uncalled bet of 368 returned to ""LingWae @ FQN9hzhzP_""",2026-09-12T00:55:46.365Z,178917454636500
"""DK @ -47FT3Kv-N"" folds",2026-09-12T00:55:45.473Z,178917454547300
"""gurt @ gpP9uUffpu"" folds",2026-09-12T00:55:41.274Z,178917454127400
"""chris @ 5NARaPRkSp"" folds",2026-09-12T00:55:38.133Z,178917453813300
"""LingWae @ FQN9hzhzP_"" raises to 378 and go all in",2026-09-12T00:55:36.565Z,178917453656500
"""DK @ -47FT3Kv-N"" calls 10",2026-09-12T00:55:32.885Z,178917453288500
"""gurt @ gpP9uUffpu"" calls 10",2026-09-12T00:55:30.269Z,178917453026900
"""9/2 @ d-4X_F_SSU"" folds",2026-09-12T00:55:29.084Z,178917452908400
"""chris @ 5NARaPRkSp"" calls 10",2026-09-12T00:55:24.424Z,178917452442400
"""LingWae @ FQN9hzhzP_"" posts a big blind of 10",2026-09-12T00:55:22.821Z,178917452282108
"""DK @ -47FT3Kv-N"" posts a small blind of 5",2026-09-12T00:55:22.821Z,178917452282107
"Your hand is 4♠, 7♥",2026-09-12T00:55:22.821Z,178917452282105
"Player stacks: #1 ""LingWae @ FQN9hzhzP_"" (378) | #2 ""chris @ 5NARaPRkSp"" (1798) | #3 ""9/2 @ d-4X_F_SSU"" (1660) | #8 ""gurt @ gpP9uUffpu"" (2640) | #9 ""DK @ -47FT3Kv-N"" (774)",2026-09-12T00:55:22.821Z,178917452282101
"-- starting hand #105 (id: 17ubtu1pojcr)  No Limit Texas Hold'em (dealer: ""gurt @ gpP9uUffpu"") --",2026-09-12T00:55:22.821Z,178917452282100
"""chris @ 5NARaPRkSp"" shows a K♦, A♣.",2026-09-12T00:55:20.510Z,178917452051000
"""DK @ -47FT3Kv-N"" shows a J♦.",2026-09-12T00:55:17.830Z,178917451783000
"Undealt cards:  [4♣, J♣, 3♣, J♠, 4♠]",2026-09-12T00:55:16.474Z,178917451647400
"-- ending hand #104 --",2026-09-12T00:55:15.512Z,178917451551202
"""chris @ 5NARaPRkSp"" collected 365 from pot",2026-09-12T00:55:15.512Z,178917451551201
"Uncalled bet of 1433 returned to ""chris @ 5NARaPRkSp""",2026-09-12T00:55:15.512Z,178917451551200
"""DK @ -47FT3Kv-N"" folds",2026-09-12T00:55:14.700Z,178917451470000
"""9/2 @ d-4X_F_SSU"" folds",2026-09-12T00:55:11.415Z,178917451141500
"""chris @ 5NARaPRkSp"" raises to 1553 and go all in",2026-09-12T00:55:06.356Z,178917450635600
"""DK @ -47FT3Kv-N"" calls 120",2026-09-12T00:55:02.598Z,178917450259800
"""gurt @ gpP9uUffpu"" folds",2026-09-12T00:55:01.186Z,178917450118600
"""9/2 @ d-4X_F_SSU"" raises to 120",2026-09-12T00:54:59.222Z,178917449922200
"""chris @ 5NARaPRkSp"" raises to 30",2026-09-12T00:54:55.098Z,178917449509800
"""LingWae @ FQN9hzhzP_"" folds",2026-09-12T00:54:50.586Z,178917449058600
"""DK @ -47FT3Kv-N"" posts a big blind of 10",2026-09-12T00:54:48.380Z,178917448838008
"""gurt @ gpP9uUffpu"" posts a small blind of 5",2026-09-12T00:54:48.380Z,178917448838007
"Player stacks: #1 ""LingWae @ FQN9hzhzP_"" (378) | #2 ""chris @ 5NARaPRkSp"" (1553) | #3 ""9/2 @ d-4X_F_SSU"" (1780) | #8 ""gurt @ gpP9uUffpu"" (2645) | #9 ""DK @ -47FT3Kv-N"" (894)",2026-09-12T00:54:48.380Z,178917448838001
"-- starting hand #104 (id: gozuxdlj1vcz)  No Limit Texas Hold'em (dealer: ""9/2 @ d-4X_F_SSU"") --",2026-09-12T00:54:48.380Z,178917448838000
"-- ending hand #103 --",2026-09-12T00:54:40.362Z,178917448036203
"""LingWae @ FQN9hzhzP_"" collected 252 from pot with Q High on the second run  (combination: 5♥, 7♦, 8♥, 10♠, Q♦)",2026-09-12T00:54:40.362Z,178917448036202
"""gurt @ gpP9uUffpu"" collected 127 from pot with Pair, 8's (combination: 10♣, Q♠, A♦, 8♦, 8♣)",2026-09-12T00:54:40.362Z,178917448036201
"""LingWae @ FQN9hzhzP_"" collected 126 from pot with Pair, 8's (combination: 10♣, Q♠, A♦, 8♥, 8♣)",2026-09-12T00:54:40.362Z,178917448036200
"River (second run): 10♠, 4♣, Q♦, 3♠ [7♦]",2026-09-12T00:54:36.346Z,178917447634600
"Turn (second run): 10♠, 4♣, Q♦ [3♠]",2026-09-12T00:54:32.290Z,178917447229000
"Flop (second run):  [10♠, 4♣, Q♦]",2026-09-12T00:54:28.285Z,178917446828500
"River: Q♠, 8♣, A♦, 3♥ [10♣]",2026-09-12T00:54:24.283Z,178917446428300
"Turn: Q♠, 8♣, A♦ [3♥]",2026-09-12T00:54:20.279Z,178917446027900
"Flop:  [Q♠, 8♣, A♦]",2026-09-12T00:54:16.274Z,178917445627400
"""LingWae @ FQN9hzhzP_"" shows a 8♥, 5♥.",2026-09-12T00:54:12.243Z,178917445224300
"""gurt @ gpP9uUffpu"" shows a 8♦, 2♦.",2026-09-12T00:54:11.933Z,178917445193300
"All players in hand choose to run it twice.",2026-09-12T00:54:11.390Z,178917445139001
"""LingWae @ FQN9hzhzP_"" chooses to  run it twice.",2026-09-12T00:54:11.390Z,178917445139000
"""gurt @ gpP9uUffpu"" chooses to  run it twice.",2026-09-12T00:54:10.522Z,178917445052200
"Remaining players decide whether to run it twice.",2026-09-12T00:54:09.918Z,178917444991801
"""gurt @ gpP9uUffpu"" calls 250",2026-09-12T00:54:09.918Z,178917444991800
"""9/2 @ d-4X_F_SSU"" folds",2026-09-12T00:54:08.986Z,178917444898600
"""chris @ 5NARaPRkSp"" folds",2026-09-12T00:54:08.125Z,178917444812500
"""LingWae @ FQN9hzhzP_"" raises to 250 and go all in",2026-09-12T00:54:07.155Z,178917444715500
"""DK @ -47FT3Kv-N"" folds",2026-09-12T00:54:04.781Z,178917444478100
"""gurt @ gpP9uUffpu"" posts a big blind of 10",2026-09-12T00:54:02.707Z,178917444270709
"""9/2 @ d-4X_F_SSU"" posts a small blind of 5",2026-09-12T00:54:02.707Z,178917444270708
"Your hand is 8♦, 2♦",2026-09-12T00:54:02.707Z,178917444270706
"Player stacks: #1 ""LingWae @ FQN9hzhzP_"" (250) | #2 ""chris @ 5NARaPRkSp"" (1553) | #3 ""9/2 @ d-4X_F_SSU"" (1785) | #8 ""gurt @ gpP9uUffpu"" (2768) | #9 ""DK @ -47FT3Kv-N"" (894)",2026-09-12T00:54:02.707Z,178917444270702
"-- starting hand #103 (id: bcxpzsertomb)  No Limit Texas Hold'em (dealer: ""chris @ 5NARaPRkSp"") --",2026-09-12T00:54:02.707Z,178917444270701
"The player ""LingWae @ FQN9hzhzP_"" joined the game with a stack of 250.",2026-09-12T00:54:02.707Z,178917444270700
"Undealt cards: J♦, A♥, 9♦ [9♣, K♠]",2026-09-12T00:53:57.932Z,178917443793200
"-- ending hand #102 --",2026-09-12T00:53:56.688Z,178917443668802
"""9/2 @ d-4X_F_SSU"" collected 95 from pot",2026-09-12T00:53:56.688Z,178917443668801
"Uncalled bet of 180 returned to ""9/2 @ d-4X_F_SSU""",2026-09-12T00:53:56.688Z,178917443668800
"""DK @ -47FT3Kv-N"" folds",2026-09-12T00:53:55.838Z,178917443583800
"""gurt @ gpP9uUffpu"" folds",2026-09-12T00:53:48.101Z,178917442810100
"""9/2 @ d-4X_F_SSU"" bets 180",2026-09-12T00:53:46.292Z,178917442629200
"Flop:  [J♦, A♥, 9♦]",2026-09-12T00:53:42.476Z,178917442247600
"""9/2 @ d-4X_F_SSU"" calls 30",2026-09-12T00:53:41.615Z,178917442161500
"""chris @ 5NARaPRkSp"" folds",2026-09-12T00:53:40.456Z,178917442045600
"""DK @ -47FT3Kv-N"" calls 30",2026-09-12T00:53:38.512Z,178917441851200
"""gurt @ gpP9uUffpu"" raises to 30",2026-09-12T00:53:36.772Z,178917441677200
"""9/2 @ d-4X_F_SSU"" posts a big blind of 10",2026-09-12T00:53:35.469Z,178917441546907
"""chris @ 5NARaPRkSp"" posts a small blind of 5",2026-09-12T00:53:35.469Z,178917441546906
"Player stacks: #2 ""chris @ 5NARaPRkSp"" (1558) | #3 ""9/2 @ d-4X_F_SSU"" (1720) | #8 ""gurt @ gpP9uUffpu"" (2798) | #9 ""DK @ -47FT3Kv-N"" (924)",2026-09-12T00:53:35.469Z,178917441546901
"-- starting hand #102 (id: nx5nzgzibsoo)  No Limit Texas Hold'em (dealer: ""DK @ -47FT3Kv-N"") --",2026-09-12T00:53:35.469Z,178917441546900
"Undealt cards:  [4♦, 8♦, 6♣, 8♣, 5♠]",2026-09-12T00:53:31.665Z,178917441166500
"-- ending hand #101 --",2026-09-12T00:53:29.469Z,178917440946902
"""9/2 @ d-4X_F_SSU"" collected 25 from pot",2026-09-12T00:53:29.469Z,178917440946901
"Uncalled bet of 919 returned to ""9/2 @ d-4X_F_SSU""",2026-09-12T00:53:29.469Z,178917440946900
"""chris @ 5NARaPRkSp"" folds",2026-09-12T00:53:28.615Z,178917440861500
"""DK @ -47FT3Kv-N"" folds",2026-09-12T00:53:20.270Z,178917440027000
"""gurt @ gpP9uUffpu"" folds",2026-09-12T00:53:17.596Z,178917439759600
"""9/2 @ d-4X_F_SSU"" raises to 929",2026-09-12T00:53:10.986Z,178917439098600
"The admin approved the player ""LingWae @ FQN9hzhzP_"" participation with a stack of 250.",2026-09-12T00:53:10.614Z,178917439061400
"The player ""LingWae @ FQN9hzhzP_"" requested a seat.",2026-09-12T00:53:07.659Z,178917438765900
"""chris @ 5NARaPRkSp"" posts a big blind of 10",2026-09-12T00:53:03.182Z,178917438318208
"""DK @ -47FT3Kv-N"" posts a small blind of 5",2026-09-12T00:53:03.182Z,178917438318207
"Player stacks: #2 ""chris @ 5NARaPRkSp"" (1568) | #3 ""9/2 @ d-4X_F_SSU"" (1705) | #8 ""gurt @ gpP9uUffpu"" (2798) | #9 ""DK @ -47FT3Kv-N"" (929)",2026-09-12T00:53:03.182Z,178917438318202
"-- starting hand #101 (id: sz51lvfvgxzm)  No Limit Texas Hold'em (dealer: ""gurt @ gpP9uUffpu"") --",2026-09-12T00:53:03.182Z,178917438318201
"The player ""LingWae @ FQN9hzhzP_"" quits the game with a stack of 0.",2026-09-12T00:53:03.182Z,178917438318200
"""DK @ -47FT3Kv-N"" shows a 10♣, 4♣.",2026-09-12T00:52:58.741Z,178917437874100
"""LingWae @ FQN9hzhzP_"" shows a 9♠, 7♦.",2026-09-12T00:52:57.577Z,178917437757700
"-- ending hand #100 --",2026-09-12T00:52:56.146Z,178917437614602
"""gurt @ gpP9uUffpu"" collected 760 from pot with Two Pair, 5's & 4's (combination: 10♥, 4♥, 4♦, 5♥, 5♣)",2026-09-12T00:52:56.146Z,178917437614601
"""gurt @ gpP9uUffpu"" shows a 4♥, 5♥.",2026-09-12T00:52:56.146Z,178917437614600
"""9/2 @ d-4X_F_SSU"" checks",2026-09-12T00:52:55.307Z,178917437530700
"""gurt @ gpP9uUffpu"" checks",2026-09-12T00:52:54.406Z,178917437440600
"River: 4♦, 6♠, 9♣, 5♣ [10♥]",2026-09-12T00:52:53.856Z,178917437385600
"""9/2 @ d-4X_F_SSU"" checks",2026-09-12T00:52:53.048Z,178917437304800
"""gurt @ gpP9uUffpu"" checks",2026-09-12T00:52:52.100Z,178917437210000
"Turn: 4♦, 6♠, 9♣ [5♣]",2026-09-12T00:52:51.350Z,178917437135000
"""9/2 @ d-4X_F_SSU"" checks",2026-09-12T00:52:50.512Z,178917437051200
"""gurt @ gpP9uUffpu"" checks",2026-09-12T00:52:49.617Z,178917436961700
"Flop:  [4♦, 6♠, 9♣]",2026-09-12T00:52:45.541Z,178917436554100
"""gurt @ gpP9uUffpu"" calls 240",2026-09-12T00:52:44.729Z,178917436472900
"""9/2 @ d-4X_F_SSU"" calls 240",2026-09-12T00:52:43.806Z,178917436380600
"""chris @ 5NARaPRkSp"" folds",2026-09-12T00:52:41.319Z,178917436131900
"""LingWae @ FQN9hzhzP_"" raises to 240 and go all in",2026-09-12T00:52:39.180Z,178917435918000
"""DK @ -47FT3Kv-N"" folds",2026-09-12T00:52:29.947Z,178917434994700
"""gurt @ gpP9uUffpu"" calls 120",2026-09-12T00:52:28.929Z,178917434892900
"""9/2 @ d-4X_F_SSU"" raises to 120",2026-09-12T00:52:26.966Z,178917434696600
"""chris @ 5NARaPRkSp"" raises to 30",2026-09-12T00:52:20.998Z,178917434099800
"""LingWae @ FQN9hzhzP_"" calls 10",2026-09-12T00:52:17.228Z,178917433722800
"""DK @ -47FT3Kv-N"" posts a big blind of 10",2026-09-12T00:52:12.073Z,178917433207308
"""gurt @ gpP9uUffpu"" posts a small blind of 5",2026-09-12T00:52:12.073Z,178917433207307
"Your hand is 4♥, 5♥",2026-09-12T00:52:12.073Z,178917433207305
"Player stacks: #1 ""LingWae @ FQN9hzhzP_"" (240) | #2 ""chris @ 5NARaPRkSp"" (1598) | #3 ""9/2 @ d-4X_F_SSU"" (1945) | #8 ""gurt @ gpP9uUffpu"" (2278) | #9 ""DK @ -47FT3Kv-N"" (939)",2026-09-12T00:52:12.073Z,178917433207301
"-- starting hand #100 (id: hebnrtnyv55l)  No Limit Texas Hold'em (dealer: ""9/2 @ d-4X_F_SSU"") --",2026-09-12T00:52:12.073Z,178917433207300
"""LingWae @ FQN9hzhzP_"" shows a 2♦.",2026-09-12T00:52:08.334Z,178917432833400
"Undealt cards: 9♠, 5♣, 6♣, 7♥ [3♠]",2026-09-12T00:52:05.822Z,178917432582200
"-- ending hand #99 --",2026-09-12T00:52:05.369Z,178917432536902
"""gurt @ gpP9uUffpu"" collected 25 from pot",2026-09-12T00:52:05.369Z,178917432536901
"Uncalled bet of 25 returned to ""gurt @ gpP9uUffpu""",2026-09-12T00:52:05.369Z,178917432536900
"""LingWae @ FQN9hzhzP_"" folds",2026-09-12T00:52:04.544Z,178917432454400
"""gurt @ gpP9uUffpu"" bets 25",2026-09-12T00:51:52.772Z,178917431277200
"Turn: 9♠, 5♣, 6♣ [7♥]",2026-09-12T00:51:50.355Z,178917431035500
"""LingWae @ FQN9hzhzP_"" checks",2026-09-12T00:51:49.473Z,178917430947300
"""gurt @ gpP9uUffpu"" checks",2026-09-12T00:51:45.800Z,178917430580000
"Flop:  [9♠, 5♣, 6♣]",2026-09-12T00:51:44.360Z,178917430436000
"""gurt @ gpP9uUffpu"" checks",2026-09-12T00:51:43.554Z,178917430355400
"""9/2 @ d-4X_F_SSU"" folds",2026-09-12T00:51:34.795Z,178917429479500
"""chris @ 5NARaPRkSp"" folds",2026-09-12T00:51:33.852Z,178917429385200
"""LingWae @ FQN9hzhzP_"" calls 10",2026-09-12T00:51:32.092Z,178917429209200
"""DK @ -47FT3Kv-N"" folds",2026-09-12T00:51:18.374Z,178917427837400
"""gurt @ gpP9uUffpu"" posts a big blind of 10",2026-09-12T00:51:16.291Z,178917427629108
"""9/2 @ d-4X_F_SSU"" posts a small blind of 5",2026-09-12T00:51:16.291Z,178917427629107
"Player stacks: #1 ""LingWae @ FQN9hzhzP_"" (250) | #2 ""chris @ 5NARaPRkSp"" (1598) | #3 ""9/2 @ d-4X_F_SSU"" (1950) | #8 ""gurt @ gpP9uUffpu"" (2263) | #9 ""DK @ -47FT3Kv-N"" (939)",2026-09-12T00:51:16.291Z,178917427629101
"-- starting hand #99 (id: agbsrgfgudfv)  No Limit Texas Hold'em (dealer: ""chris @ 5NARaPRkSp"") --",2026-09-12T00:51:16.291Z,178917427629100
"Undealt cards: 6♠, 6♦, Q♣ [9♠, Q♠]",2026-09-12T00:51:11.823Z,178917427182300
"-- ending hand #98 --",2026-09-12T00:51:10.289Z,178917427028902
"""gurt @ gpP9uUffpu"" collected 105 from pot",2026-09-12T00:51:10.289Z,178917427028901
"Uncalled bet of 40 returned to ""gurt @ gpP9uUffpu""",2026-09-12T00:51:10.289Z,178917427028900
"""9/2 @ d-4X_F_SSU"" folds",2026-09-12T00:51:09.402Z,178917426940200
"""gurt @ gpP9uUffpu"" raises to 50",2026-09-12T00:51:08.366Z,178917426836600
"""9/2 @ d-4X_F_SSU"" bets 10",2026-09-12T00:51:04.784Z,178917426478400
"Flop:  [6♠, 6♦, Q♣]",2026-09-12T00:51:04.684Z,178917426468400
"""9/2 @ d-4X_F_SSU"" calls 40",2026-09-12T00:51:03.791Z,178917426379100
"""chris @ 5NARaPRkSp"" folds",2026-09-12T00:51:00.389Z,178917426038900
"""LingWae @ FQN9hzhzP_"" folds",2026-09-12T00:50:59.424Z,178917425942400
"""DK @ -47FT3Kv-N"" folds",2026-09-12T00:50:53.818Z,178917425381800
"""gurt @ gpP9uUffpu"" raises to 40",2026-09-12T00:50:51.481Z,178917425148100
"""9/2 @ d-4X_F_SSU"" posts a big blind of 10",2026-09-12T00:50:43.736Z,178917424373609
"""chris @ 5NARaPRkSp"" posts a small blind of 5",2026-09-12T00:50:43.736Z,178917424373608
"Player stacks: #1 ""LingWae @ FQN9hzhzP_"" (250) | #2 ""chris @ 5NARaPRkSp"" (1603) | #3 ""9/2 @ d-4X_F_SSU"" (2000) | #8 ""gurt @ gpP9uUffpu"" (2208) | #9 ""DK @ -47FT3Kv-N"" (939)",2026-09-12T00:50:43.736Z,178917424373602
"-- starting hand #98 (id: fjkh3htdoe2m)  No Limit Texas Hold'em (dead button) --",2026-09-12T00:50:43.736Z,178917424373601
"The player ""LingWae @ FQN9hzhzP_"" joined the game with a stack of 250.",2026-09-12T00:50:43.736Z,178917424373600
"-- ending hand #97 --",2026-09-12T00:50:40.775Z,178917424077502
"""chris @ 5NARaPRkSp"" collected 120 from pot",2026-09-12T00:50:40.775Z,178917424077501
"Uncalled bet of 60 returned to ""chris @ 5NARaPRkSp""",2026-09-12T00:50:40.775Z,178917424077500
"""9/2 @ d-4X_F_SSU"" folds",2026-09-12T00:50:39.955Z,178917423995500
"""chris @ 5NARaPRkSp"" bets 60",2026-09-12T00:50:39.066Z,178917423906600
"River: 4♣, K♣, 5♥, Q♠ [10♦]",2026-09-12T00:50:36.104Z,178917423610400
"""9/2 @ d-4X_F_SSU"" calls 10",2026-09-12T00:50:35.267Z,178917423526700
"""chris @ 5NARaPRkSp"" bets 10",2026-09-12T00:50:34.056Z,178917423405600
"Turn: 4♣, K♣, 5♥ [Q♠]",2026-09-12T00:50:31.852Z,178917423185200
"""9/2 @ d-4X_F_SSU"" calls 10",2026-09-12T00:50:31.047Z,178917423104700
"""chris @ 5NARaPRkSp"" bets 10",2026-09-12T00:50:13.567Z,178917421356700
"Flop:  [4♣, K♣, 5♥]",2026-09-12T00:50:11.761Z,178917421176100
"""chris @ 5NARaPRkSp"" calls 40",2026-09-12T00:50:10.921Z,178917421092100
"""DK @ -47FT3Kv-N"" folds",2026-09-12T00:50:06.656Z,178917420665600
"""gurt @ gpP9uUffpu"" folds",2026-09-12T00:49:58.256Z,178917419825600
"The admin approved the player ""LingWae @ FQN9hzhzP_"" participation with a stack of 250.",2026-09-12T00:49:55.753Z,178917419575300
"""9/2 @ d-4X_F_SSU"" raises to 40",2026-09-12T00:49:54.130Z,178917419413000
"The player ""LingWae @ FQN9hzhzP_"" requested a seat.",2026-09-12T00:49:51.743Z,178917419174300
"""chris @ 5NARaPRkSp"" posts a big blind of 10",2026-09-12T00:49:47.892Z,178917418789208
"Dead Small Blind",2026-09-12T00:49:47.892Z,178917418789207
"Player stacks: #2 ""chris @ 5NARaPRkSp"" (1543) | #3 ""9/2 @ d-4X_F_SSU"" (2060) | #8 ""gurt @ gpP9uUffpu"" (2208) | #9 ""DK @ -47FT3Kv-N"" (939)",2026-09-12T00:49:47.892Z,178917418789202
"-- starting hand #97 (id: nyytfkremlfg)  No Limit Texas Hold'em (dealer: ""DK @ -47FT3Kv-N"") --",2026-09-12T00:49:47.892Z,178917418789201
"The player ""LingWae @ FQN9hzhzP_"" quits the game with a stack of 0.",2026-09-12T00:49:47.892Z,178917418789200
"-- ending hand #96 --",2026-09-12T00:49:41.882Z,178917418188204
"""DK @ -47FT3Kv-N"" collected 408 from pot with Straight, A High (combination: 10♠, J♥, Q♠, K♠, A♦)",2026-09-12T00:49:41.882Z,178917418188203
"""gurt @ gpP9uUffpu"" collected 407 from pot with Straight, A High (combination: 10♠, J♥, Q♥, K♠, A♦)",2026-09-12T00:49:41.882Z,178917418188202
"""gurt @ gpP9uUffpu"" shows a Q♥, 6♥.",2026-09-12T00:49:41.882Z,178917418188201
"""DK @ -47FT3Kv-N"" shows a 7♦, Q♠.",2026-09-12T00:49:41.882Z,178917418188200
"""gurt @ gpP9uUffpu"" checks",2026-09-12T00:49:40.994Z,178917418099400
"""DK @ -47FT3Kv-N"" checks",2026-09-12T00:49:38.910Z,178917417891000
"River: 10♠, J♥, K♠, A♦ [7♠]",2026-09-12T00:49:36.079Z,178917417607900
"""DK @ -47FT3Kv-N"" calls 205",2026-09-12T00:49:35.192Z,178917417519200
"""gurt @ gpP9uUffpu"" calls 205",2026-09-12T00:49:33.442Z,178917417344200
"""9/2 @ d-4X_F_SSU"" folds",2026-09-12T00:49:31.914Z,178917417191400
"""LingWae @ FQN9hzhzP_"" raises to 205 and go all in",2026-09-12T00:49:30.208Z,178917417020800
"""DK @ -47FT3Kv-N"" raises to 67",2026-09-12T00:49:21.589Z,178917416158900
"""gurt @ gpP9uUffpu"" bets 10",2026-09-12T00:49:07.953Z,178917414795300
"""9/2 @ d-4X_F_SSU"" checks",2026-09-12T00:49:04.664Z,178917414466400
"""LingWae @ FQN9hzhzP_"" checks",2026-09-12T00:49:03.719Z,178917414371900
"""DK @ -47FT3Kv-N"" checks",2026-09-12T00:48:59.101Z,178917413910100
"Turn: 10♠, J♥, K♠ [A♦]",2026-09-12T00:48:47.991Z,178917412799100
"""DK @ -47FT3Kv-N"" calls 40",2026-09-12T00:48:47.156Z,178917412715600
"""gurt @ gpP9uUffpu"" calls 40",2026-09-12T00:48:42.739Z,178917412273900
"""9/2 @ d-4X_F_SSU"" calls 40",2026-09-12T00:48:41.454Z,178917412145400
"""LingWae @ FQN9hzhzP_"" bets 40",2026-09-12T00:48:34.245Z,178917411424500
"""DK @ -47FT3Kv-N"" checks",2026-09-12T00:48:30.891Z,178917411089100
"Flop:  [10♠, J♥, K♠]",2026-09-12T00:48:20.782Z,178917410078200
"""LingWae @ FQN9hzhzP_"" checks",2026-09-12T00:48:19.926Z,178917409992600
"""DK @ -47FT3Kv-N"" calls 10",2026-09-12T00:48:19.008Z,178917409900800
"""gurt @ gpP9uUffpu"" calls 10",2026-09-12T00:48:16.853Z,178917409685300
"""9/2 @ d-4X_F_SSU"" calls 10",2026-09-12T00:48:14.682Z,178917409468200
"""chris @ 5NARaPRkSp"" folds",2026-09-12T00:48:02.294Z,178917408229400
"""LingWae @ FQN9hzhzP_"" posts a big blind of 10",2026-09-12T00:48:00.653Z,178917408065308
"""DK @ -47FT3Kv-N"" posts a small blind of 5",2026-09-12T00:48:00.653Z,178917408065307
"Your hand is Q♥, 6♥",2026-09-12T00:48:00.653Z,178917408065305
"Player stacks: #1 ""LingWae @ FQN9hzhzP_"" (255) | #2 ""chris @ 5NARaPRkSp"" (1543) | #3 ""9/2 @ d-4X_F_SSU"" (2110) | #8 ""gurt @ gpP9uUffpu"" (2056) | #9 ""DK @ -47FT3Kv-N"" (786)",2026-09-12T00:48:00.653Z,178917408065301
"-- starting hand #96 (id: 5limfhchja0h)  No Limit Texas Hold'em (dealer: ""gurt @ gpP9uUffpu"") --",2026-09-12T00:48:00.653Z,178917408065300
"-- ending hand #95 --",2026-09-12T00:47:52.646Z,178917407264602
"""gurt @ gpP9uUffpu"" collected 255 from pot with Pair, 10's on the second run  (combination: J♠, K♥, A♥, 10♣, 10♦)",2026-09-12T00:47:52.646Z,178917407264601
"""LingWae @ FQN9hzhzP_"" collected 255 from pot with Two Pair, Q's & 6's (combination: J♥, 6♥, 6♣, Q♥, Q♣)",2026-09-12T00:47:52.646Z,178917407264600
"River (second run): 3♣, 10♣, J♠, 10♦ [4♦]",2026-09-12T00:47:48.626Z,178917406862600
"Turn (second run): 3♣, 10♣, J♠ [10♦]",2026-09-12T00:47:44.444Z,178917406444400
"Flop (second run):  [3♣, 10♣, J♠]",2026-09-12T00:47:40.367Z,178917406036700
"River: 6♥, J♥, 5♠, 6♣ [Q♣]",2026-09-12T00:47:36.338Z,178917405633800
"Turn: 6♥, J♥, 5♠ [6♣]",2026-09-12T00:47:32.332Z,178917405233200
"Flop:  [6♥, J♥, 5♠]",2026-09-12T00:47:28.191Z,178917404819100
"""LingWae @ FQN9hzhzP_"" shows a Q♥, 8♥.",2026-09-12T00:47:24.184Z,178917404418400
"""gurt @ gpP9uUffpu"" shows a A♥, K♥.",2026-09-12T00:47:23.872Z,178917404387200
"All players in hand choose to run it twice.",2026-09-12T00:47:23.377Z,178917404337701
"""LingWae @ FQN9hzhzP_"" chooses to  run it twice.",2026-09-12T00:47:23.377Z,178917404337700
"""gurt @ gpP9uUffpu"" chooses to  run it twice.",2026-09-12T00:47:23.257Z,178917404325700
"Remaining players decide whether to run it twice.",2026-09-12T00:47:22.541Z,178917404254101
"""gurt @ gpP9uUffpu"" calls 250",2026-09-12T00:47:22.541Z,178917404254100
"""LingWae @ FQN9hzhzP_"" raises to 250 and go all in",2026-09-12T00:47:20.848Z,178917404084800
"""DK @ -47FT3Kv-N"" folds",2026-09-12T00:47:18.956Z,178917403895600
"""gurt @ gpP9uUffpu"" raises to 33",2026-09-12T00:47:17.955Z,178917403795500
"""9/2 @ d-4X_F_SSU"" folds",2026-09-12T00:47:15.146Z,178917403514600
"""chris @ 5NARaPRkSp"" folds",2026-09-12T00:47:07.654Z,178917402765400
"""LingWae @ FQN9hzhzP_"" calls 10",2026-09-12T00:47:06.281Z,178917402628100
"""DK @ -47FT3Kv-N"" posts a big blind of 10",2026-09-12T00:46:56.936Z,178917401693609
"""gurt @ gpP9uUffpu"" posts a small blind of 5",2026-09-12T00:46:56.936Z,178917401693608
"Your hand is A♥, K♥",2026-09-12T00:46:56.936Z,178917401693606
"Player stacks: #1 ""LingWae @ FQN9hzhzP_"" (250) | #2 ""chris @ 5NARaPRkSp"" (1543) | #3 ""9/2 @ d-4X_F_SSU"" (2110) | #8 ""gurt @ gpP9uUffpu"" (2051) | #9 ""DK @ -47FT3Kv-N"" (796)",2026-09-12T00:46:56.936Z,178917401693602
"-- starting hand #95 (id: rigmqsnn4srx)  No Limit Texas Hold'em (dealer: ""9/2 @ d-4X_F_SSU"") --",2026-09-12T00:46:56.936Z,178917401693601
"The player ""LingWae @ FQN9hzhzP_"" joined the game with a stack of 250.",2026-09-12T00:46:56.936Z,178917401693600
"Undealt cards:  [5♠, 5♥, 10♣, 4♣, 2♣]",2026-09-12T00:46:54.423Z,178917401442300
"""9/2 @ d-4X_F_SSU"" shows a 4♦.",2026-09-12T00:46:52.881Z,178917401288100
"-- ending hand #94 --",2026-09-12T00:46:50.331Z,178917401033102
"""9/2 @ d-4X_F_SSU"" collected 70 from pot",2026-09-12T00:46:50.331Z,178917401033101
"Uncalled bet of 75 returned to ""9/2 @ d-4X_F_SSU""",2026-09-12T00:46:50.331Z,178917401033100
"""chris @ 5NARaPRkSp"" folds",2026-09-12T00:46:49.489Z,178917400948900
"""DK @ -47FT3Kv-N"" folds",2026-09-12T00:46:47.419Z,178917400741900
"""gurt @ gpP9uUffpu"" folds",2026-09-12T00:46:43.338Z,178917400333800
"The admin approved the player ""LingWae @ FQN9hzhzP_"" participation with a stack of 250.",2026-09-12T00:46:40.317Z,178917400031700
"""9/2 @ d-4X_F_SSU"" raises to 100",2026-09-12T00:46:40.263Z,178917400026300
"""chris @ 5NARaPRkSp"" raises to 25",2026-09-12T00:46:38.633Z,178917399863300
"""DK @ -47FT3Kv-N"" calls 10",2026-09-12T00:46:35.156Z,178917399515600
"The player ""LingWae @ FQN9hzhzP_"" requested a seat.",2026-09-12T00:46:34.036Z,178917399403600
"""gurt @ gpP9uUffpu"" posts a big blind of 10",2026-09-12T00:46:31.322Z,178917399132208
"""9/2 @ d-4X_F_SSU"" posts a small blind of 5",2026-09-12T00:46:31.322Z,178917399132207
"Player stacks: #2 ""chris @ 5NARaPRkSp"" (1568) | #3 ""9/2 @ d-4X_F_SSU"" (2065) | #8 ""gurt @ gpP9uUffpu"" (2061) | #9 ""DK @ -47FT3Kv-N"" (806)",2026-09-12T00:46:31.322Z,178917399132202
"-- starting hand #94 (id: qdhaerey80zi)  No Limit Texas Hold'em (dealer: ""chris @ 5NARaPRkSp"") --",2026-09-12T00:46:31.322Z,178917399132201
"The player ""LingWae @ FQN9hzhzP_"" quits the game with a stack of 0.",2026-09-12T00:46:31.322Z,178917399132200
"-- ending hand #93 --",2026-09-12T00:46:25.258Z,178917398525803
"""LingWae @ FQN9hzhzP_"" shows a 9♣, A♦.",2026-09-12T00:46:25.258Z,178917398525802
"""chris @ 5NARaPRkSp"" collected 845 from pot with Pair, K's (combination: 7♣, 9♥, J♥, K♦, K♥)",2026-09-12T00:46:25.258Z,178917398525801
"""chris @ 5NARaPRkSp"" shows a K♦, K♥.",2026-09-12T00:46:25.258Z,178917398525800
"""LingWae @ FQN9hzhzP_"" calls 167 and go all in",2026-09-12T00:46:24.415Z,178917398441500
"""chris @ 5NARaPRkSp"" bets 167",2026-09-12T00:45:57.423Z,178917395742300
"River: J♥, 7♣, 3♦, 9♥ [6♦]",2026-09-12T00:45:53.159Z,178917395315900
"""chris @ 5NARaPRkSp"" calls 203",2026-09-12T00:45:52.356Z,178917395235600
"""LingWae @ FQN9hzhzP_"" raises to 203",2026-09-12T00:45:45.937Z,178917394593700
"""chris @ 5NARaPRkSp"" bets 50",2026-09-12T00:45:41.450Z,178917394145000
"Turn: J♥, 7♣, 3♦ [9♥]",2026-09-12T00:45:38.863Z,178917393886300
"""LingWae @ FQN9hzhzP_"" checks",2026-09-12T00:45:38.054Z,178917393805400
"""chris @ 5NARaPRkSp"" checks",2026-09-12T00:45:36.720Z,178917393672000
"Flop:  [J♥, 7♣, 3♦]",2026-09-12T00:45:34.148Z,178917393414800
"""LingWae @ FQN9hzhzP_"" calls 40",2026-09-12T00:45:33.338Z,178917393333800
"""9/2 @ d-4X_F_SSU"" folds",2026-09-12T00:45:29.067Z,178917392906700
"""chris @ 5NARaPRkSp"" raises to 40",2026-09-12T00:45:25.114Z,178917392511400
"""LingWae @ FQN9hzhzP_"" calls 10",2026-09-12T00:45:22.527Z,178917392252700
"""DK @ -47FT3Kv-N"" folds",2026-09-12T00:45:21.590Z,178917392159000
"""gurt @ gpP9uUffpu"" folds",2026-09-12T00:45:18.490Z,178917391849000
"""DK @ -47FT3Kv-N"" posts a missed big blind of 10",2026-09-12T00:45:16.340Z,178917391634011
"""DK @ -47FT3Kv-N"" posts a missing small blind of 5",2026-09-12T00:45:16.340Z,178917391634010
"""9/2 @ d-4X_F_SSU"" posts a big blind of 10",2026-09-12T00:45:16.340Z,178917391634009
"""chris @ 5NARaPRkSp"" posts a small blind of 5",2026-09-12T00:45:16.340Z,178917391634008
"Player stacks: #1 ""LingWae @ FQN9hzhzP_"" (410) | #2 ""chris @ 5NARaPRkSp"" (1133) | #3 ""9/2 @ d-4X_F_SSU"" (2075) | #8 ""gurt @ gpP9uUffpu"" (2061) | #9 ""DK @ -47FT3Kv-N"" (821)",2026-09-12T00:45:16.340Z,178917391634002
"-- starting hand #93 (id: qkjkwid8y5fo)  No Limit Texas Hold'em (dealer: ""LingWae @ FQN9hzhzP_"") --",2026-09-12T00:45:16.340Z,178917391634001
"The player ""DK @ -47FT3Kv-N"" joined the game with a stack of 821.",2026-09-12T00:45:16.340Z,178917391634000
"""LingWae @ FQN9hzhzP_"" shows a J♣.",2026-09-12T00:45:14.786Z,178917391478600
"-- ending hand #92 --",2026-09-12T00:45:12.640Z,178917391264002
"""LingWae @ FQN9hzhzP_"" collected 120 from pot",2026-09-12T00:45:12.640Z,178917391264001
"Uncalled bet of 67 returned to ""LingWae @ FQN9hzhzP_""",2026-09-12T00:45:12.640Z,178917391264000
"""9/2 @ d-4X_F_SSU"" folds",2026-09-12T00:45:11.778Z,178917391177800
"""LingWae @ FQN9hzhzP_"" bets 67",2026-09-12T00:45:10.035Z,178917391003500
"River: 6♣, 7♦, 10♣, K♠ [9♠]",2026-09-12T00:45:05.032Z,178917390503200
"""9/2 @ d-4X_F_SSU"" calls 30",2026-09-12T00:45:04.186Z,178917390418600
"""LingWae @ FQN9hzhzP_"" raises to 30",2026-09-12T00:45:02.309Z,178917390230900
"""9/2 @ d-4X_F_SSU"" bets 10",2026-09-12T00:44:57.894Z,178917389789400
"""LingWae @ FQN9hzhzP_"" checks",2026-09-12T00:44:56.126Z,178917389612600
"Turn: 6♣, 7♦, 10♣ [K♠]",2026-09-12T00:44:54.664Z,178917389466400
"""chris @ 5NARaPRkSp"" folds",2026-09-12T00:44:53.828Z,178917389382800
"""LingWae @ FQN9hzhzP_"" calls 10",2026-09-12T00:44:52.747Z,178917389274700
"""gurt @ gpP9uUffpu"" folds",2026-09-12T00:44:51.809Z,178917389180900
"""9/2 @ d-4X_F_SSU"" bets 10",2026-09-12T00:44:50.519Z,178917389051900
"""chris @ 5NARaPRkSp"" checks",2026-09-12T00:44:49.169Z,178917388916900
"""LingWae @ FQN9hzhzP_"" checks",2026-09-12T00:44:48.179Z,178917388817900
"Flop:  [6♣, 7♦, 10♣]",2026-09-12T00:44:46.240Z,178917388624000
"""chris @ 5NARaPRkSp"" checks",2026-09-12T00:44:45.357Z,178917388535700
"""LingWae @ FQN9hzhzP_"" calls 10",2026-09-12T00:44:43.893Z,178917388389300
"""gurt @ gpP9uUffpu"" calls 10",2026-09-12T00:44:42.081Z,178917388208100
"""9/2 @ d-4X_F_SSU"" calls 10",2026-09-12T00:44:40.202Z,178917388020200
"""chris @ 5NARaPRkSp"" posts a big blind of 10",2026-09-12T00:44:35.594Z,178917387559407
"""LingWae @ FQN9hzhzP_"" posts a small blind of 5",2026-09-12T00:44:35.594Z,178917387559406
"Player stacks: #1 ""LingWae @ FQN9hzhzP_"" (340) | #2 ""chris @ 5NARaPRkSp"" (1143) | #3 ""9/2 @ d-4X_F_SSU"" (2125) | #8 ""gurt @ gpP9uUffpu"" (2071)",2026-09-12T00:44:35.594Z,178917387559401
"-- starting hand #92 (id: w768ftn9c8h0)  No Limit Texas Hold'em (dealer: ""gurt @ gpP9uUffpu"") --",2026-09-12T00:44:35.594Z,178917387559400
"""9/2 @ d-4X_F_SSU"" shows a 10♠.",2026-09-12T00:44:33.297Z,178917387329700
"""LingWae @ FQN9hzhzP_"" shows a 10♦.",2026-09-12T00:44:32.014Z,178917387201400
"Undealt cards:  [3♣, 7♠, 9♣, 8♠, K♥]",2026-09-12T00:44:29.098Z,178917386909800
"-- ending hand #91 --",2026-09-12T00:44:28.188Z,178917386818802
"""9/2 @ d-4X_F_SSU"" collected 25 from pot",2026-09-12T00:44:28.188Z,178917386818801
"Uncalled bet of 340 returned to ""9/2 @ d-4X_F_SSU""",2026-09-12T00:44:28.188Z,178917386818800
"""LingWae @ FQN9hzhzP_"" folds",2026-09-12T00:44:27.292Z,178917386729200
"""gurt @ gpP9uUffpu"" folds",2026-09-12T00:44:25.886Z,178917386588600
"""9/2 @ d-4X_F_SSU"" raises to 350",2026-09-12T00:44:24.155Z,178917386415500
"""chris @ 5NARaPRkSp"" folds",2026-09-12T00:44:20.469Z,178917386046900
"The player ""DK @ -47FT3Kv-N"" sit back with the stack of 821.",2026-09-12T00:44:19.993Z,178917385999300
"""LingWae @ FQN9hzhzP_"" posts a big blind of 10",2026-09-12T00:44:18.987Z,178917385898708
"""gurt @ gpP9uUffpu"" posts a small blind of 5",2026-09-12T00:44:18.987Z,178917385898707
"Player stacks: #1 ""LingWae @ FQN9hzhzP_"" (350) | #2 ""chris @ 5NARaPRkSp"" (1143) | #3 ""9/2 @ d-4X_F_SSU"" (2110) | #8 ""gurt @ gpP9uUffpu"" (2076)",2026-09-12T00:44:18.987Z,178917385898702
"-- starting hand #91 (id: 5hghxofloqig)  No Limit Texas Hold'em (dealer: ""9/2 @ d-4X_F_SSU"") --",2026-09-12T00:44:18.987Z,178917385898701
"The player ""DK @ -47FT3Kv-N"" stand up with the stack of 821.",2026-09-12T00:44:18.987Z,178917385898700
"-- ending hand #90 --",2026-09-12T00:44:16.054Z,178917385605402
"""chris @ 5NARaPRkSp"" collected 70 from pot",2026-09-12T00:44:16.054Z,178917385605401
"Uncalled bet of 20 returned to ""chris @ 5NARaPRkSp""",2026-09-12T00:44:16.054Z,178917385605400
"""9/2 @ d-4X_F_SSU"" folds",2026-09-12T00:44:15.247Z,178917385524700
"""chris @ 5NARaPRkSp"" raises to 30",2026-09-12T00:44:13.909Z,178917385390900
"""9/2 @ d-4X_F_SSU"" bets 10",2026-09-12T00:44:11.586Z,178917385158600
"River: A♠, 2♦, K♥, J♠ [3♣]",2026-09-12T00:44:10.379Z,178917385037900
"""chris @ 5NARaPRkSp"" calls 10",2026-09-12T00:44:09.535Z,178917384953500
"""gurt @ gpP9uUffpu"" folds",2026-09-12T00:44:08.600Z,178917384860000
"""9/2 @ d-4X_F_SSU"" bets 10",2026-09-12T00:44:07.394Z,178917384739400
"Turn: A♠, 2♦, K♥ [J♠]",2026-09-12T00:44:05.779Z,178917384577900
"""chris @ 5NARaPRkSp"" checks",2026-09-12T00:44:04.920Z,178917384492000
"""gurt @ gpP9uUffpu"" checks",2026-09-12T00:44:03.861Z,178917384386100
"""9/2 @ d-4X_F_SSU"" checks",2026-09-12T00:44:02.644Z,178917384264400
"Flop:  [A♠, 2♦, K♥]",2026-09-12T00:44:00.959Z,178917384095900
"""gurt @ gpP9uUffpu"" checks",2026-09-12T00:44:00.106Z,178917384010600
"""9/2 @ d-4X_F_SSU"" calls 10",2026-09-12T00:43:58.991Z,178917383899100
"""chris @ 5NARaPRkSp"" calls 10",2026-09-12T00:43:54.130Z,178917383413000
"""LingWae @ FQN9hzhzP_"" folds",2026-09-12T00:43:53.067Z,178917383306700
"""DK @ -47FT3Kv-N"" folds",2026-09-12T00:43:52.179Z,178917383217901
"The admin ""gurt @ gpP9uUffpu"" forced the player ""DK @ -47FT3Kv-N"" to away mode in the next hand.",2026-09-12T00:43:52.179Z,178917383217900
"""gurt @ gpP9uUffpu"" posts a big blind of 10",2026-09-12T00:43:41.552Z,178917382155208
"""9/2 @ d-4X_F_SSU"" posts a small blind of 5",2026-09-12T00:43:41.552Z,178917382155207
"Player stacks: #1 ""LingWae @ FQN9hzhzP_"" (350) | #2 ""chris @ 5NARaPRkSp"" (1103) | #3 ""9/2 @ d-4X_F_SSU"" (2140) | #8 ""gurt @ gpP9uUffpu"" (2086) | #9 ""DK @ -47FT3Kv-N"" (821)",2026-09-12T00:43:41.552Z,178917382155201
"-- starting hand #90 (id: ridusyzwwgz3)  No Limit Texas Hold'em (dealer: ""chris @ 5NARaPRkSp"") --",2026-09-12T00:43:41.552Z,178917382155200
"""LingWae @ FQN9hzhzP_"" shows a Q♠.",2026-09-12T00:43:38.380Z,178917381838000
"Undealt cards:  [5♣, 5♦, 8♣, 7♣, A♠]",2026-09-12T00:43:36.897Z,178917381689700
"""LingWae @ FQN9hzhzP_"" shows a 5♠.",2026-09-12T00:43:36.577Z,178917381657700
"""9/2 @ d-4X_F_SSU"" shows a 2♦, 3♦.",2026-09-12T00:43:35.571Z,178917381557100
"-- ending hand #89 --",2026-09-12T00:43:34.105Z,178917381410502
"""9/2 @ d-4X_F_SSU"" collected 25 from pot",2026-09-12T00:43:34.105Z,178917381410501
"Uncalled bet of 350 returned to ""9/2 @ d-4X_F_SSU""",2026-09-12T00:43:34.105Z,178917381410500
"""LingWae @ FQN9hzhzP_"" folds",2026-09-12T00:43:33.242Z,178917381324200
"""9/2 @ d-4X_F_SSU"" raises to 360",2026-09-12T00:43:27.450Z,178917380745000
"""chris @ 5NARaPRkSp"" folds",2026-09-12T00:43:24.124Z,178917380412400
"""LingWae @ FQN9hzhzP_"" calls 10",2026-09-12T00:43:23.146Z,178917380314600
"""DK @ -47FT3Kv-N"" folds",2026-09-12T00:43:20.468Z,178917380046800
"""gurt @ gpP9uUffpu"" folds",2026-09-12T00:43:19.428Z,178917379942800
"""9/2 @ d-4X_F_SSU"" posts a big blind of 10",2026-09-12T00:43:17.698Z,178917379769808
"""chris @ 5NARaPRkSp"" posts a small blind of 5",2026-09-12T00:43:17.698Z,178917379769807
"Player stacks: #1 ""LingWae @ FQN9hzhzP_"" (360) | #2 ""chris @ 5NARaPRkSp"" (1108) | #3 ""9/2 @ d-4X_F_SSU"" (2125) | #8 ""gurt @ gpP9uUffpu"" (2086) | #9 ""DK @ -47FT3Kv-N"" (821)",2026-09-12T00:43:17.698Z,178917379769801
"-- starting hand #89 (id: zt3oa981oqn7)  No Limit Texas Hold'em (dealer: ""LingWae @ FQN9hzhzP_"") --",2026-09-12T00:43:17.698Z,178917379769800
"""9/2 @ d-4X_F_SSU"" shows a 6♥.",2026-09-12T00:43:13.658Z,178917379365800
"Undealt cards:  [4♦, 8♣, 6♠, Q♣, 6♣]",2026-09-12T00:43:12.144Z,178917379214400
"-- ending hand #88 --",2026-09-12T00:43:11.092Z,178917379109202
"""chris @ 5NARaPRkSp"" collected 120 from pot",2026-09-12T00:43:11.092Z,178917379109201
"Uncalled bet of 988 returned to ""chris @ 5NARaPRkSp""",2026-09-12T00:43:11.092Z,178917379109200
"""LingWae @ FQN9hzhzP_"" folds",2026-09-12T00:43:10.166Z,178917379016600
"""DK @ -47FT3Kv-N"" folds",2026-09-12T00:42:54.636Z,178917377463600
"""gurt @ gpP9uUffpu"" folds",2026-09-12T00:42:40.560Z,178917376056000
"""chris @ 5NARaPRkSp"" raises to 1018 and go all in",2026-09-12T00:42:38.379Z,178917375837900
"""LingWae @ FQN9hzhzP_"" calls 30",2026-09-12T00:42:34.215Z,178917375421500
"""DK @ -47FT3Kv-N"" calls 30",2026-09-12T00:42:31.961Z,178917375196100
"""gurt @ gpP9uUffpu"" raises to 30",2026-09-12T00:42:29.814Z,178917374981400
"""9/2 @ d-4X_F_SSU"" folds",2026-09-12T00:42:25.019Z,178917374501900
"""chris @ 5NARaPRkSp"" posts a big blind of 10",2026-09-12T00:42:22.023Z,178917374202308
"""LingWae @ FQN9hzhzP_"" posts a small blind of 5",2026-09-12T00:42:22.023Z,178917374202307
"Player stacks: #1 ""LingWae @ FQN9hzhzP_"" (390) | #2 ""chris @ 5NARaPRkSp"" (1018) | #3 ""9/2 @ d-4X_F_SSU"" (2125) | #8 ""gurt @ gpP9uUffpu"" (2116) | #9 ""DK @ -47FT3Kv-N"" (851)",2026-09-12T00:42:22.023Z,178917374202301
"-- starting hand #88 (id: ybkz83iq7dwo)  No Limit Texas Hold'em (dealer: ""DK @ -47FT3Kv-N"") --",2026-09-12T00:42:22.023Z,178917374202300
"""LingWae @ FQN9hzhzP_"" shows a 5♣, 4♠.",2026-09-12T00:42:18.883Z,178917373888300
"Undealt cards: 4♣, A♣, 8♦ [K♦, 10♣]",2026-09-12T00:42:15.773Z,178917373577300
"-- ending hand #87 --",2026-09-12T00:42:15.417Z,178917373541702
"""LingWae @ FQN9hzhzP_"" collected 230 from pot",2026-09-12T00:42:15.417Z,178917373541701
"Uncalled bet of 160 returned to ""LingWae @ FQN9hzhzP_""",2026-09-12T00:42:15.417Z,178917373541700
"""gurt @ gpP9uUffpu"" folds",2026-09-12T00:42:14.575Z,178917373457500
"""chris @ 5NARaPRkSp"" folds",2026-09-12T00:42:13.355Z,178917373335500
"""LingWae @ FQN9hzhzP_"" raises to 190 and go all in",2026-09-12T00:42:11.310Z,178917373131000
"""DK @ -47FT3Kv-N"" folds",2026-09-12T00:42:08.538Z,178917372853800
"""gurt @ gpP9uUffpu"" bets 30",2026-09-12T00:42:05.257Z,178917372525700
"""chris @ 5NARaPRkSp"" checks",2026-09-12T00:42:02.784Z,178917372278400
"""LingWae @ FQN9hzhzP_"" checks",2026-09-12T00:42:01.570Z,178917372157000
"""DK @ -47FT3Kv-N"" checks",2026-09-12T00:41:58.357Z,178917371835700
"Flop:  [4♣, A♣, 8♦]",2026-09-12T00:41:56.768Z,178917371676800
"""9/2 @ d-4X_F_SSU"" folds",2026-09-12T00:41:55.939Z,178917371593900
"""chris @ 5NARaPRkSp"" calls 40",2026-09-12T00:41:55.077Z,178917371507700
"""LingWae @ FQN9hzhzP_"" calls 40",2026-09-12T00:41:51.148Z,178917371114800
"""DK @ -47FT3Kv-N"" calls 40",2026-09-12T00:41:48.874Z,178917370887400
"""gurt @ gpP9uUffpu"" raises to 40",2026-09-12T00:41:47.062Z,178917370706200
"""9/2 @ d-4X_F_SSU"" calls 10",2026-09-12T00:41:41.895Z,178917370189500
"""chris @ 5NARaPRkSp"" calls 10",2026-09-12T00:41:39.442Z,178917369944200
"""LingWae @ FQN9hzhzP_"" posts a big blind of 10",2026-09-12T00:41:37.869Z,178917369786908
"""DK @ -47FT3Kv-N"" posts a small blind of 5",2026-09-12T00:41:37.869Z,178917369786907
"Player stacks: #1 ""LingWae @ FQN9hzhzP_"" (230) | #2 ""chris @ 5NARaPRkSp"" (1058) | #3 ""9/2 @ d-4X_F_SSU"" (2135) | #8 ""gurt @ gpP9uUffpu"" (2186) | #9 ""DK @ -47FT3Kv-N"" (891)",2026-09-12T00:41:37.869Z,178917369786901
"-- starting hand #87 (id: reqg6pxuucbt)  No Limit Texas Hold'em (dealer: ""gurt @ gpP9uUffpu"") --",2026-09-12T00:41:37.869Z,178917369786900
"-- ending hand #86 --",2026-09-12T00:41:31.752Z,178917369175205
"""gurt @ gpP9uUffpu"" collected 2135 from pot with Two Pair, A's & Q's (combination: 8♠, Q♠, Q♥, A♥, A♦)",2026-09-12T00:41:31.752Z,178917369175204
"""9/2 @ d-4X_F_SSU"" collected 2135 from pot with Two Pair, A's & Q's (combination: 8♠, Q♣, Q♥, A♠, A♦)",2026-09-12T00:41:31.752Z,178917369175203
"""9/2 @ d-4X_F_SSU"" shows a A♠, Q♣.",2026-09-12T00:41:31.752Z,178917369175202
"""gurt @ gpP9uUffpu"" shows a A♥, Q♠.",2026-09-12T00:41:31.752Z,178917369175201
"Uncalled bet of 51 returned to ""gurt @ gpP9uUffpu""",2026-09-12T00:41:31.752Z,178917369175200
"""9/2 @ d-4X_F_SSU"" calls 1695 and go all in",2026-09-12T00:41:30.907Z,178917369090700
"""gurt @ gpP9uUffpu"" raises to 1746 and go all in",2026-09-12T00:41:29.605Z,178917368960500
"""9/2 @ d-4X_F_SSU"" bets 440",2026-09-12T00:41:26.839Z,178917368683900
"""gurt @ gpP9uUffpu"" checks",2026-09-12T00:41:24.640Z,178917368464000
"River: 2♠, A♦, 8♠, 4♣ [Q♥]",2026-09-12T00:41:22.347Z,178917368234700
"""9/2 @ d-4X_F_SSU"" calls 220",2026-09-12T00:41:21.494Z,178917368149400
"""gurt @ gpP9uUffpu"" bets 220",2026-09-12T00:41:20.598Z,178917368059800
"Turn: 2♠, A♦, 8♠ [4♣]",2026-09-12T00:41:17.473Z,178917367747300
"""9/2 @ d-4X_F_SSU"" calls 150",2026-09-12T00:41:16.642Z,178917367664200
"""gurt @ gpP9uUffpu"" raises to 150",2026-09-12T00:41:14.042Z,178917367404200
"""9/2 @ d-4X_F_SSU"" bets 50",2026-09-12T00:41:11.400Z,178917367140000
"""gurt @ gpP9uUffpu"" checks",2026-09-12T00:41:09.210Z,178917366921000
"Flop:  [2♠, A♦, 8♠]",2026-09-12T00:41:07.137Z,178917366713700
"""LingWae @ FQN9hzhzP_"" folds",2026-09-12T00:41:06.236Z,178917366623600
"""DK @ -47FT3Kv-N"" folds",2026-09-12T00:41:02.431Z,178917366243100
"""gurt @ gpP9uUffpu"" calls 60",2026-09-12T00:41:01.290Z,178917366129000
"""9/2 @ d-4X_F_SSU"" raises to 60",2026-09-12T00:40:57.410Z,178917365741000
"""chris @ 5NARaPRkSp"" folds",2026-09-12T00:40:53.594Z,178917365359400
"""LingWae @ FQN9hzhzP_"" calls 10",2026-09-12T00:40:52.482Z,178917365248200
"""DK @ -47FT3Kv-N"" posts a big blind of 10",2026-09-12T00:40:49.979Z,178917364997908
"""gurt @ gpP9uUffpu"" posts a small blind of 5",2026-09-12T00:40:49.979Z,178917364997907
"Your hand is A♥, Q♠",2026-09-12T00:40:49.979Z,178917364997905
"Player stacks: #1 ""LingWae @ FQN9hzhzP_"" (240) | #2 ""chris @ 5NARaPRkSp"" (1058) | #3 ""9/2 @ d-4X_F_SSU"" (2125) | #8 ""gurt @ gpP9uUffpu"" (2176) | #9 ""DK @ -47FT3Kv-N"" (901)",2026-09-12T00:40:49.979Z,178917364997901
"-- starting hand #86 (id: jefxwgcyfyoo)  No Limit Texas Hold'em (dealer: ""9/2 @ d-4X_F_SSU"") --",2026-09-12T00:40:49.979Z,178917364997900
"Undealt cards: 3♠, K♦, 4♥ [8♥, 10♦]",2026-09-12T00:40:44.669Z,178917364466900
"-- ending hand #85 --",2026-09-12T00:40:44.048Z,178917364404802
"""9/2 @ d-4X_F_SSU"" collected 120 from pot",2026-09-12T00:40:44.048Z,178917364404801
"Uncalled bet of 240 returned to ""9/2 @ d-4X_F_SSU""",2026-09-12T00:40:44.048Z,178917364404800
"""chris @ 5NARaPRkSp"" folds",2026-09-12T00:40:43.237Z,178917364323700
"""gurt @ gpP9uUffpu"" folds",2026-09-12T00:40:42.010Z,178917364201000
"""9/2 @ d-4X_F_SSU"" bets 240",2026-09-12T00:40:38.499Z,178917363849900
"Flop:  [3♠, K♦, 4♥]",2026-09-12T00:40:33.172Z,178917363317200
"""chris @ 5NARaPRkSp"" calls 40",2026-09-12T00:40:32.327Z,178917363232700
"""gurt @ gpP9uUffpu"" calls 40",2026-09-12T00:40:31.274Z,178917363127400
"""9/2 @ d-4X_F_SSU"" raises to 40",2026-09-12T00:40:29.630Z,178917362963000
"""chris @ 5NARaPRkSp"" calls 10",2026-09-12T00:40:25.871Z,178917362587100
"""LingWae @ FQN9hzhzP_"" folds",2026-09-12T00:40:24.653Z,178917362465300
"""DK @ -47FT3Kv-N"" folds",2026-09-12T00:40:23.646Z,178917362364600
"""gurt @ gpP9uUffpu"" posts a big blind of 10",2026-09-12T00:40:17.762Z,178917361776208
"""9/2 @ d-4X_F_SSU"" posts a small blind of 5",2026-09-12T00:40:17.762Z,178917361776207
"Player stacks: #1 ""LingWae @ FQN9hzhzP_"" (240) | #2 ""chris @ 5NARaPRkSp"" (1098) | #3 ""9/2 @ d-4X_F_SSU"" (2045) | #8 ""gurt @ gpP9uUffpu"" (2216) | #9 ""DK @ -47FT3Kv-N"" (901)",2026-09-12T00:40:17.762Z,178917361776201
"-- starting hand #85 (id: fgrl3xgxz78o)  No Limit Texas Hold'em (dealer: ""chris @ 5NARaPRkSp"") --",2026-09-12T00:40:17.762Z,178917361776200
"""gurt @ gpP9uUffpu"" shows a 4♠.",2026-09-12T00:40:11.519Z,178917361151900
"-- ending hand #84 --",2026-09-12T00:40:09.174Z,178917360917402
"""9/2 @ d-4X_F_SSU"" collected 240 from pot with Straight, A High on the second run  (combination: 10♥, J♦, Q♠, K♦, A♥)",2026-09-12T00:40:09.174Z,178917360917401
"""LingWae @ FQN9hzhzP_"" collected 240 from pot with Full House, 8's over 4's (combination: 4♦, 4♥, 8♠, 8♦, 8♣)",2026-09-12T00:40:09.174Z,178917360917400
"River (second run): J♦, A♥, K♠, K♦ [10♥]",2026-09-12T00:40:05.171Z,178917360517100
"Turn (second run): J♦, A♥, K♠ [K♦]",2026-09-12T00:40:01.141Z,178917360114100
"Flop (second run):  [J♦, A♥, K♠]",2026-09-12T00:39:57.109Z,178917359710900
"River: A♦, 8♦, 4♦, 8♣ [4♥]",2026-09-12T00:39:53.065Z,178917359306500
"Turn: A♦, 8♦, 4♦ [8♣]",2026-09-12T00:39:49.059Z,178917358905900
"Flop:  [A♦, 8♦, 4♦]",2026-09-12T00:39:45.054Z,178917358505400
"""9/2 @ d-4X_F_SSU"" shows a A♣, Q♠.",2026-09-12T00:39:41.050Z,178917358105001
"""LingWae @ FQN9hzhzP_"" shows a 7♣, 8♠.",2026-09-12T00:39:41.050Z,178917358105000
"All players in hand choose to run it twice.",2026-09-12T00:39:40.229Z,178917358022901
"""9/2 @ d-4X_F_SSU"" chooses to  run it twice.",2026-09-12T00:39:40.229Z,178917358022900
"""LingWae @ FQN9hzhzP_"" chooses to  run it twice.",2026-09-12T00:39:38.968Z,178917357896800
"Remaining players decide whether to run it twice.",2026-09-12T00:39:38.142Z,178917357814201
"""chris @ 5NARaPRkSp"" folds",2026-09-12T00:39:38.142Z,178917357814200
"""LingWae @ FQN9hzhzP_"" calls 235 and go all in",2026-09-12T00:39:36.108Z,178917357610800
"""9/2 @ d-4X_F_SSU"" raises to 235",2026-09-12T00:39:29.221Z,178917356922100
"""chris @ 5NARaPRkSp"" calls 10",2026-09-12T00:39:19.139Z,178917355913900
"""LingWae @ FQN9hzhzP_"" calls 10",2026-09-12T00:39:18.060Z,178917355806000
"""DK @ -47FT3Kv-N"" folds",2026-09-12T00:39:16.057Z,178917355605700
"""gurt @ gpP9uUffpu"" folds",2026-09-12T00:39:09.917Z,178917354991700
"""9/2 @ d-4X_F_SSU"" posts a big blind of 10",2026-09-12T00:39:08.232Z,178917354823208
"""chris @ 5NARaPRkSp"" posts a small blind of 5",2026-09-12T00:39:08.232Z,178917354823207
"Player stacks: #1 ""LingWae @ FQN9hzhzP_"" (235) | #2 ""chris @ 5NARaPRkSp"" (1108) | #3 ""9/2 @ d-4X_F_SSU"" (2040) | #8 ""gurt @ gpP9uUffpu"" (2216) | #9 ""DK @ -47FT3Kv-N"" (901)",2026-09-12T00:39:08.232Z,178917354823201
"-- starting hand #84 (id: wce3n1rcsfwr)  No Limit Texas Hold'em (dealer: ""LingWae @ FQN9hzhzP_"") --",2026-09-12T00:39:08.232Z,178917354823200
"-- ending hand #83 --",2026-09-12T00:39:02.179Z,178917354217902
"""chris @ 5NARaPRkSp"" collected 139 from pot with Three of a Kind, 8's (combination: 7♥, 9♥, 8♠, 8♦, 8♥)",2026-09-12T00:39:02.179Z,178917354217901
"""chris @ 5NARaPRkSp"" shows a 7♥, 8♠.",2026-09-12T00:39:02.179Z,178917354217900
"""DK @ -47FT3Kv-N"" checks",2026-09-12T00:39:01.361Z,178917354136100
"""gurt @ gpP9uUffpu"" checks",2026-09-12T00:39:00.079Z,178917354007900
"""chris @ 5NARaPRkSp"" checks",2026-09-12T00:38:58.648Z,178917353864800
"River: 8♦, 5♠, 2♠, 8♥ [9♥]",2026-09-12T00:38:56.730Z,178917353673000
"""chris @ 5NARaPRkSp"" calls 33",2026-09-12T00:38:55.877Z,178917353587700
"""LingWae @ FQN9hzhzP_"" folds",2026-09-12T00:38:52.331Z,178917353233100
"""DK @ -47FT3Kv-N"" calls 33",2026-09-12T00:38:49.505Z,178917352950500
"""gurt @ gpP9uUffpu"" bets 33",2026-09-12T00:38:48.535Z,178917352853500
"""chris @ 5NARaPRkSp"" checks",2026-09-12T00:38:46.774Z,178917352677400
"""LingWae @ FQN9hzhzP_"" checks",2026-09-12T00:38:45.813Z,178917352581300
"Turn: 8♦, 5♠, 2♠ [8♥]",2026-09-12T00:38:43.982Z,178917352398200
"""DK @ -47FT3Kv-N"" checks",2026-09-12T00:38:43.165Z,178917352316500
"""gurt @ gpP9uUffpu"" checks",2026-09-12T00:38:42.062Z,178917352206200
"""chris @ 5NARaPRkSp"" checks",2026-09-12T00:38:41.127Z,178917352112700
"""LingWae @ FQN9hzhzP_"" checks",2026-09-12T00:38:39.556Z,178917351955600
"Flop:  [8♦, 5♠, 2♠]",2026-09-12T00:38:37.494Z,178917351749400
"""chris @ 5NARaPRkSp"" checks",2026-09-12T00:38:36.686Z,178917351668600
"""LingWae @ FQN9hzhzP_"" calls 10",2026-09-12T00:38:35.675Z,178917351567500
"""DK @ -47FT3Kv-N"" calls 10",2026-09-12T00:38:32.877Z,178917351287700
"""gurt @ gpP9uUffpu"" calls 10",2026-09-12T00:38:31.358Z,178917351135800
"""9/2 @ d-4X_F_SSU"" folds",2026-09-12T00:38:27.734Z,178917350773400
"""chris @ 5NARaPRkSp"" posts a big blind of 10",2026-09-12T00:38:26.161Z,178917350616109
"""LingWae @ FQN9hzhzP_"" posts a small blind of 5",2026-09-12T00:38:26.161Z,178917350616108
"Player stacks: #1 ""LingWae @ FQN9hzhzP_"" (245) | #2 ""chris @ 5NARaPRkSp"" (1012) | #3 ""9/2 @ d-4X_F_SSU"" (2040) | #8 ""gurt @ gpP9uUffpu"" (2259) | #9 ""DK @ -47FT3Kv-N"" (944)",2026-09-12T00:38:26.161Z,178917350616102
"-- starting hand #83 (id: b1zsed6xasat)  No Limit Texas Hold'em (dealer: ""DK @ -47FT3Kv-N"") --",2026-09-12T00:38:26.161Z,178917350616101
"The admin updated the player ""LingWae @ FQN9hzhzP_"" stack from 995 to 245.",2026-09-12T00:38:26.161Z,178917350616100
"Undealt cards: 10♠, 2♥, Q♣ [10♣, J♦]",2026-09-12T00:38:23.812Z,178917350381200
"-- ending hand #82 --",2026-09-12T00:38:20.236Z,178917350023602
"""9/2 @ d-4X_F_SSU"" collected 140 from pot",2026-09-12T00:38:20.236Z,178917350023601
"Uncalled bet of 70 returned to ""9/2 @ d-4X_F_SSU""",2026-09-12T00:38:20.236Z,178917350023600
"""DK @ -47FT3Kv-N"" folds",2026-09-12T00:38:19.402Z,178917349940200
"""9/2 @ d-4X_F_SSU"" bets 70",2026-09-12T00:38:16.258Z,178917349625800
"""DK @ -47FT3Kv-N"" checks",2026-09-12T00:38:14.184Z,178917349418400
"WARNING: the admin queued the stack change for the player ""LingWae @ FQN9hzhzP_"" removing 750 chips in the next hand.",2026-09-12T00:38:11.823Z,178917349182300
"Flop:  [10♠, 2♥, Q♣]",2026-09-12T00:38:11.751Z,178917349175100
"""chris @ 5NARaPRkSp"" folds",2026-09-12T00:38:10.884Z,178917349088400
"""LingWae @ FQN9hzhzP_"" folds",2026-09-12T00:38:09.914Z,178917348991400
"""DK @ -47FT3Kv-N"" calls 60",2026-09-12T00:38:07.464Z,178917348746400
"""gurt @ gpP9uUffpu"" folds",2026-09-12T00:38:00.613Z,178917348061300
"""9/2 @ d-4X_F_SSU"" raises to 60",2026-09-12T00:37:58.723Z,178917347872300
"""chris @ 5NARaPRkSp"" calls 10",2026-09-12T00:37:56.511Z,178917347651100
"""LingWae @ FQN9hzhzP_"" posts a big blind of 10",2026-09-12T00:37:55.082Z,178917347508208
"""DK @ -47FT3Kv-N"" posts a small blind of 5",2026-09-12T00:37:55.082Z,178917347508207
"Player stacks: #1 ""LingWae @ FQN9hzhzP_"" (1005) | #2 ""chris @ 5NARaPRkSp"" (1022) | #3 ""9/2 @ d-4X_F_SSU"" (1960) | #8 ""gurt @ gpP9uUffpu"" (2259) | #9 ""DK @ -47FT3Kv-N"" (1004)",2026-09-12T00:37:55.082Z,178917347508201
"-- starting hand #82 (id: kadewcddosfq)  No Limit Texas Hold'em (dealer: ""gurt @ gpP9uUffpu"") --",2026-09-12T00:37:55.082Z,178917347508200
"""9/2 @ d-4X_F_SSU"" shows a 7♠.",2026-09-12T00:37:53.107Z,178917347310700
"""gurt @ gpP9uUffpu"" shows a 7♦.",2026-09-12T00:37:50.629Z,178917347062900
"""DK @ -47FT3Kv-N"" shows a Q♣.",2026-09-12T00:37:48.074Z,178917346807400
"Undealt cards: 3♣, K♥, 7♥, 4♦ [A♠]",2026-09-12T00:37:47.337Z,178917346733700
"-- ending hand #81 --",2026-09-12T00:37:47.078Z,178917346707802
"""DK @ -47FT3Kv-N"" collected 340 from pot",2026-09-12T00:37:47.078Z,178917346707801
"Uncalled bet of 255 returned to ""DK @ -47FT3Kv-N""",2026-09-12T00:37:47.078Z,178917346707800
"""gurt @ gpP9uUffpu"" folds",2026-09-12T00:37:46.216Z,178917346621600
"""DK @ -47FT3Kv-N"" bets 255",2026-09-12T00:37:21.503Z,178917344150300
"""gurt @ gpP9uUffpu"" checks",2026-09-12T00:37:10.906Z,178917343090600
"Turn: 3♣, K♥, 7♥ [4♦]",2026-09-12T00:37:10.198Z,178917343019800
"""gurt @ gpP9uUffpu"" calls 70",2026-09-12T00:37:09.352Z,178917342935200
"""9/2 @ d-4X_F_SSU"" folds",2026-09-12T00:37:08.324Z,178917342832400
"""chris @ 5NARaPRkSp"" folds",2026-09-12T00:37:04.652Z,178917342465200
"""LingWae @ FQN9hzhzP_"" folds",2026-09-12T00:37:03.607Z,178917342360700
"""DK @ -47FT3Kv-N"" bets 70",2026-09-12T00:37:01.919Z,178917342191900
"""gurt @ gpP9uUffpu"" checks",2026-09-12T00:36:56.113Z,178917341611300
"Flop:  [3♣, K♥, 7♥]",2026-09-12T00:36:52.539Z,178917341253900
"""9/2 @ d-4X_F_SSU"" calls 40",2026-09-12T00:36:51.661Z,178917341166100
"""chris @ 5NARaPRkSp"" calls 40",2026-09-12T00:36:50.511Z,178917341051100
"""LingWae @ FQN9hzhzP_"" calls 40",2026-09-12T00:36:46.171Z,178917340617100
"""DK @ -47FT3Kv-N"" calls 40",2026-09-12T00:36:40.082Z,178917340008200
"""gurt @ gpP9uUffpu"" raises to 40",2026-09-12T00:36:37.082Z,178917339708200
"""9/2 @ d-4X_F_SSU"" calls 10",2026-09-12T00:36:34.767Z,178917339476700
"""chris @ 5NARaPRkSp"" calls 10",2026-09-12T00:36:33.159Z,178917339315900
"""LingWae @ FQN9hzhzP_"" calls 10",2026-09-12T00:36:32.074Z,178917339207400
"""DK @ -47FT3Kv-N"" posts a big blind of 10",2026-09-12T00:36:29.694Z,178917338969409
"""gurt @ gpP9uUffpu"" posts a small blind of 5",2026-09-12T00:36:29.694Z,178917338969408
"Player stacks: #1 ""LingWae @ FQN9hzhzP_"" (1045) | #2 ""chris @ 5NARaPRkSp"" (1062) | #3 ""9/2 @ d-4X_F_SSU"" (2000) | #8 ""gurt @ gpP9uUffpu"" (2369) | #9 ""DK @ -47FT3Kv-N"" (774)",2026-09-12T00:36:29.694Z,178917338969402
"-- starting hand #81 (id: j4nyedqrvguk)  No Limit Texas Hold'em (dead button) --",2026-09-12T00:36:29.694Z,178917338969401
"The player ""9/2 @ d-4X_F_SSU"" joined the game with a stack of 2000.",2026-09-12T00:36:29.694Z,178917338969400
"-- ending hand #80 --",2026-09-12T00:36:23.659Z,178917338365902
"""chris @ 5NARaPRkSp"" collected 210 from pot with Pair, Q's (combination: 6♦, 9♠, K♣, Q♠, Q♥)",2026-09-12T00:36:23.659Z,178917338365901
"""chris @ 5NARaPRkSp"" shows a Q♠, K♣.",2026-09-12T00:36:23.659Z,178917338365900
"""chris @ 5NARaPRkSp"" checks",2026-09-12T00:36:22.791Z,178917338279100
"""DK @ -47FT3Kv-N"" checks",2026-09-12T00:36:21.488Z,178917338148800
"River: Q♥, 2♠, 6♦, 9♠ [4♠]",2026-09-12T00:36:19.855Z,178917337985500
"""DK @ -47FT3Kv-N"" calls 50",2026-09-12T00:36:19.017Z,178917337901700
"""chris @ 5NARaPRkSp"" bets 50",2026-09-12T00:36:17.584Z,178917337758400
"""DK @ -47FT3Kv-N"" checks",2026-09-12T00:36:15.413Z,178917337541300
"Turn: Q♥, 2♠, 6♦ [9♠]",2026-09-12T00:36:13.854Z,178917337385400
"""DK @ -47FT3Kv-N"" calls 20",2026-09-12T00:36:12.966Z,178917337296600
"""chris @ 5NARaPRkSp"" bets 20",2026-09-12T00:36:11.484Z,178917337148400
"""DK @ -47FT3Kv-N"" checks",2026-09-12T00:36:08.896Z,178917336889600
"Flop:  [Q♥, 2♠, 6♦]",2026-09-12T00:36:07.048Z,178917336704800
"""DK @ -47FT3Kv-N"" calls 30",2026-09-12T00:36:06.179Z,178917336617900
"""gurt @ gpP9uUffpu"" folds",2026-09-12T00:36:05.207Z,178917336520700
"""chris @ 5NARaPRkSp"" raises to 30",2026-09-12T00:36:02.001Z,178917336200100
"""LingWae @ FQN9hzhzP_"" folds",2026-09-12T00:35:55.339Z,178917335533900
"""DK @ -47FT3Kv-N"" calls 10",2026-09-12T00:35:54.375Z,178917335437500
"The admin approved the player ""9/2 @ d-4X_F_SSU"" participation with a stack of 2000.",2026-09-12T00:35:53.648Z,178917335364800
"The player ""9/2 @ d-4X_F_SSU"" requested a seat.",2026-09-12T00:35:48.696Z,178917334869600
"""gurt @ gpP9uUffpu"" posts a big blind of 10",2026-09-12T00:35:42.063Z,178917334206308
"Dead Small Blind",2026-09-12T00:35:42.063Z,178917334206307
"Player stacks: #1 ""LingWae @ FQN9hzhzP_"" (1045) | #2 ""chris @ 5NARaPRkSp"" (952) | #8 ""gurt @ gpP9uUffpu"" (2379) | #9 ""DK @ -47FT3Kv-N"" (874)",2026-09-12T00:35:42.063Z,178917334206302
"-- starting hand #80 (id: msmia30lf4cn)  No Limit Texas Hold'em (dealer: ""chris @ 5NARaPRkSp"") --",2026-09-12T00:35:42.063Z,178917334206301
"The player ""9/2 @ d-4X_F_SSU"" quits the game with a stack of 0.",2026-09-12T00:35:42.063Z,178917334206300
"-- ending hand #79 --",2026-09-12T00:35:34.058Z,178917333405802
"""LingWae @ FQN9hzhzP_"" collected 265 from pot with Pair, 9's on the second run  (combination: 8♥, Q♠, K♥, 9♦, 9♠)",2026-09-12T00:35:34.058Z,178917333405801
"""LingWae @ FQN9hzhzP_"" collected 266 from pot with Two Pair, J's & 9's (combination: Q♦, 9♦, 9♠, J♣, J♦)",2026-09-12T00:35:34.058Z,178917333405800
"River (second run): 8♥, 6♥, K♥, 2♦ [Q♠]",2026-09-12T00:35:29.995Z,178917332999500
"Turn (second run): 8♥, 6♥, K♥ [2♦]",2026-09-12T00:35:25.990Z,178917332599000
"Flop (second run):  [8♥, 6♥, K♥]",2026-09-12T00:35:21.906Z,178917332190600
"River: J♣, Q♦, 8♠, 7♣ [J♦]",2026-09-12T00:35:17.848Z,178917331784800
"Turn: J♣, Q♦, 8♠ [7♣]",2026-09-12T00:35:13.784Z,178917331378400
"Flop:  [J♣, Q♦, 8♠]",2026-09-12T00:35:09.704Z,178917330970400
"""9/2 @ d-4X_F_SSU"" shows a A♥, 3♣.",2026-09-12T00:35:05.626Z,178917330562601
"""LingWae @ FQN9hzhzP_"" shows a 9♦, 9♠.",2026-09-12T00:35:05.626Z,178917330562600
"All players in hand choose to run it twice.",2026-09-12T00:35:04.787Z,178917330478701
"""9/2 @ d-4X_F_SSU"" chooses to  run it twice.",2026-09-12T00:35:04.787Z,178917330478700
"""LingWae @ FQN9hzhzP_"" chooses to  run it twice.",2026-09-12T00:35:04.531Z,178917330453100
"Remaining players decide whether to run it twice.",2026-09-12T00:35:03.433Z,178917330343301
"""chris @ 5NARaPRkSp"" folds",2026-09-12T00:35:03.433Z,178917330343300
"""LingWae @ FQN9hzhzP_"" calls 233",2026-09-12T00:35:01.399Z,178917330139900
"""DK @ -47FT3Kv-N"" folds",2026-09-12T00:35:00.432Z,178917330043200
"""gurt @ gpP9uUffpu"" folds",2026-09-12T00:34:59.364Z,178917329936400
"""9/2 @ d-4X_F_SSU"" raises to 233 and go all in",2026-09-12T00:34:57.490Z,178917329749000
"""chris @ 5NARaPRkSp"" calls 45",2026-09-12T00:34:54.691Z,178917329469100
"""LingWae @ FQN9hzhzP_"" raises to 45",2026-09-12T00:34:53.495Z,178917329349500
"""DK @ -47FT3Kv-N"" calls 10",2026-09-12T00:34:50.579Z,178917329057900
"""gurt @ gpP9uUffpu"" calls 10",2026-09-12T00:34:47.446Z,178917328744600
"""9/2 @ d-4X_F_SSU"" posts a big blind of 10",2026-09-12T00:34:45.937Z,178917328593708
"""chris @ 5NARaPRkSp"" posts a small blind of 5",2026-09-12T00:34:45.937Z,178917328593707
"Player stacks: #1 ""LingWae @ FQN9hzhzP_"" (747) | #2 ""chris @ 5NARaPRkSp"" (997) | #3 ""9/2 @ d-4X_F_SSU"" (233) | #8 ""gurt @ gpP9uUffpu"" (2389) | #9 ""DK @ -47FT3Kv-N"" (884)",2026-09-12T00:34:45.937Z,178917328593701
"-- starting hand #79 (id: 5zazehunzet5)  No Limit Texas Hold'em (dealer: ""LingWae @ FQN9hzhzP_"") --",2026-09-12T00:34:45.937Z,178917328593700
"""9/2 @ d-4X_F_SSU"" shows a Q♥, 3♣.",2026-09-12T00:34:44.382Z,178917328438200
"""gurt @ gpP9uUffpu"" shows a 10♣, 2♥.",2026-09-12T00:34:42.140Z,178917328214000
"Undealt cards: 8♠, Q♦, 3♦ [9♥, 6♠]",2026-09-12T00:34:40.666Z,178917328066600
"""LingWae @ FQN9hzhzP_"" shows a K♦, 10♥.",2026-09-12T00:34:39.646Z,178917327964600
"-- ending hand #78 --",2026-09-12T00:34:37.908Z,178917327790802
"""chris @ 5NARaPRkSp"" collected 120 from pot",2026-09-12T00:34:37.908Z,178917327790801
"Uncalled bet of 60 returned to ""chris @ 5NARaPRkSp""",2026-09-12T00:34:37.908Z,178917327790800
"""LingWae @ FQN9hzhzP_"" folds",2026-09-12T00:34:37.096Z,178917327709600
"""DK @ -47FT3Kv-N"" folds",2026-09-12T00:34:35.635Z,178917327563500
"""chris @ 5NARaPRkSp"" bets 60",2026-09-12T00:34:30.085Z,178917327008500
"""LingWae @ FQN9hzhzP_"" checks",2026-09-12T00:34:27.278Z,178917326727800
"Flop:  [8♠, Q♦, 3♦]",2026-09-12T00:34:24.853Z,178917326485300
"""LingWae @ FQN9hzhzP_"" calls 40",2026-09-12T00:34:23.967Z,178917326396700
"""DK @ -47FT3Kv-N"" calls 40",2026-09-12T00:34:22.854Z,178917326285400
"""chris @ 5NARaPRkSp"" raises to 40",2026-09-12T00:34:19.662Z,178917325966200
"""LingWae @ FQN9hzhzP_"" calls 10",2026-09-12T00:34:17.201Z,178917325720100
"""DK @ -47FT3Kv-N"" calls 10",2026-09-12T00:34:14.493Z,178917325449300
"""gurt @ gpP9uUffpu"" folds",2026-09-12T00:34:11.250Z,178917325125000
"""9/2 @ d-4X_F_SSU"" folds",2026-09-12T00:34:07.991Z,178917324799100
"""chris @ 5NARaPRkSp"" posts a big blind of 10",2026-09-12T00:34:04.947Z,178917324494708
"""LingWae @ FQN9hzhzP_"" posts a small blind of 5",2026-09-12T00:34:04.947Z,178917324494707
"Your hand is 10♣, 2♥",2026-09-12T00:34:04.947Z,178917324494705
"Player stacks: #1 ""LingWae @ FQN9hzhzP_"" (787) | #2 ""chris @ 5NARaPRkSp"" (917) | #3 ""9/2 @ d-4X_F_SSU"" (233) | #8 ""gurt @ gpP9uUffpu"" (2389) | #9 ""DK @ -47FT3Kv-N"" (924)",2026-09-12T00:34:04.947Z,178917324494701
"-- starting hand #78 (id: qorsxhenxxzr)  No Limit Texas Hold'em (dealer: ""DK @ -47FT3Kv-N"") --",2026-09-12T00:34:04.947Z,178917324494700
"-- ending hand #77 --",2026-09-12T00:33:58.915Z,178917323891504
"""gurt @ gpP9uUffpu"" collected 129 from pot with Straight, 9 High (combination: 5♣, 6♦, 7♣, 8♥, 9♥)",2026-09-12T00:33:58.915Z,178917323891503
"""LingWae @ FQN9hzhzP_"" collected 129 from pot with Straight, 9 High (combination: 5♣, 6♦, 7♣, 8♥, 9♥)",2026-09-12T00:33:58.915Z,178917323891502
"""gurt @ gpP9uUffpu"" shows a K♦, K♥.",2026-09-12T00:33:58.915Z,178917323891501
"""LingWae @ FQN9hzhzP_"" shows a 7♠, A♥.",2026-09-12T00:33:58.915Z,178917323891500
"""gurt @ gpP9uUffpu"" checks",2026-09-12T00:33:58.079Z,178917323807900
"""LingWae @ FQN9hzhzP_"" checks",2026-09-12T00:33:53.178Z,178917323317800
"River: 8♥, 7♣, 9♥, 6♦ [5♣]",2026-09-12T00:33:46.509Z,178917322650900
"""gurt @ gpP9uUffpu"" checks",2026-09-12T00:33:45.678Z,178917322567800
"""LingWae @ FQN9hzhzP_"" checks",2026-09-12T00:33:44.071Z,178917322407100
"Turn: 8♥, 7♣, 9♥ [6♦]",2026-09-12T00:33:36.855Z,178917321685500
"""chris @ 5NARaPRkSp"" folds",2026-09-12T00:33:35.946Z,178917321594600
"""LingWae @ FQN9hzhzP_"" calls 77",2026-09-12T00:33:34.505Z,178917321450500
"""gurt @ gpP9uUffpu"" bets 77",2026-09-12T00:33:30.296Z,178917321029600
"""chris @ 5NARaPRkSp"" checks",2026-09-12T00:33:28.326Z,178917320832600
"""LingWae @ FQN9hzhzP_"" checks",2026-09-12T00:33:27.063Z,178917320706300
"Flop:  [8♥, 7♣, 9♥]",2026-09-12T00:33:25.248Z,178917320524800
"""chris @ 5NARaPRkSp"" calls 33",2026-09-12T00:33:24.333Z,178917320433300
"""LingWae @ FQN9hzhzP_"" calls 33",2026-09-12T00:33:22.756Z,178917320275600
"""DK @ -47FT3Kv-N"" folds",2026-09-12T00:33:20.796Z,178917320079600
"""gurt @ gpP9uUffpu"" raises to 33",2026-09-12T00:33:19.621Z,178917319962100
"""9/2 @ d-4X_F_SSU"" folds",2026-09-12T00:33:17.882Z,178917319788200
"""chris @ 5NARaPRkSp"" calls 10",2026-09-12T00:33:16.898Z,178917319689800
"""LingWae @ FQN9hzhzP_"" posts a big blind of 10",2026-09-12T00:33:15.254Z,178917319525408
"""DK @ -47FT3Kv-N"" posts a small blind of 5",2026-09-12T00:33:15.254Z,178917319525407
"Your hand is K♦, K♥",2026-09-12T00:33:15.254Z,178917319525405
"Player stacks: #1 ""LingWae @ FQN9hzhzP_"" (768) | #2 ""chris @ 5NARaPRkSp"" (950) | #3 ""9/2 @ d-4X_F_SSU"" (233) | #8 ""gurt @ gpP9uUffpu"" (2370) | #9 ""DK @ -47FT3Kv-N"" (929)",2026-09-12T00:33:15.254Z,178917319525401
"-- starting hand #77 (id: yp4ywlnp5nh2)  No Limit Texas Hold'em (dealer: ""gurt @ gpP9uUffpu"") --",2026-09-12T00:33:15.254Z,178917319525400
"-- ending hand #76 --",2026-09-12T00:33:07.250Z,178917318725002
"""9/2 @ d-4X_F_SSU"" collected 233 from pot with Two Pair, K's & 4's on the second run  (combination: Q♦, 4♠, 4♥, K♠, K♦)",2026-09-12T00:33:07.250Z,178917318725001
"""LingWae @ FQN9hzhzP_"" collected 234 from pot with Two Pair, J's & 6's (combination: A♠, 6♣, 6♠, J♠, J♦)",2026-09-12T00:33:07.250Z,178917318725000
"River (second run): 7♥, 4♥, 8♠, K♦ [Q♦]",2026-09-12T00:33:03.247Z,178917318324700
"Turn (second run): 7♥, 4♥, 8♠ [K♦]",2026-09-12T00:32:59.201Z,178917317920100
"Flop (second run):  [7♥, 4♥, 8♠]",2026-09-12T00:32:55.169Z,178917317516900
"River: 2♥, 9♥, 6♣, 6♠ [A♠]",2026-09-12T00:32:51.164Z,178917317116400
"Turn: 2♥, 9♥, 6♣ [6♠]",2026-09-12T00:32:47.050Z,178917316705000
"Flop:  [2♥, 9♥, 6♣]",2026-09-12T00:32:43.038Z,178917316303800
"""9/2 @ d-4X_F_SSU"" shows a 4♠, K♠.",2026-09-12T00:32:38.988Z,178917315898802
"""LingWae @ FQN9hzhzP_"" shows a J♠, J♦.",2026-09-12T00:32:38.988Z,178917315898801
"Uncalled bet of 534 returned to ""LingWae @ FQN9hzhzP_""",2026-09-12T00:32:38.988Z,178917315898800
"All players in hand choose to run it twice.",2026-09-12T00:32:38.175Z,178917315817501
"""LingWae @ FQN9hzhzP_"" chooses to  run it twice.",2026-09-12T00:32:38.175Z,178917315817500
"""9/2 @ d-4X_F_SSU"" chooses to  run it twice.",2026-09-12T00:32:38.163Z,178917315816300
"Remaining players decide whether to run it twice.",2026-09-12T00:32:37.132Z,178917315713201
"""DK @ -47FT3Kv-N"" folds",2026-09-12T00:32:37.132Z,178917315713200
"""gurt @ gpP9uUffpu"" folds",2026-09-12T00:32:33.061Z,178917315306100
"""9/2 @ d-4X_F_SSU"" calls 226 and go all in",2026-09-12T00:32:31.407Z,178917315140700
"""chris @ 5NARaPRkSp"" folds",2026-09-12T00:32:30.364Z,178917315036400
"""LingWae @ FQN9hzhzP_"" raises to 760 and go all in",2026-09-12T00:32:28.629Z,178917314862900
"""DK @ -47FT3Kv-N"" posts a big blind of 10",2026-09-12T00:32:19.145Z,178917313914508
"""gurt @ gpP9uUffpu"" posts a small blind of 5",2026-09-12T00:32:19.145Z,178917313914507
"Player stacks: #1 ""LingWae @ FQN9hzhzP_"" (760) | #2 ""chris @ 5NARaPRkSp"" (950) | #3 ""9/2 @ d-4X_F_SSU"" (226) | #8 ""gurt @ gpP9uUffpu"" (2375) | #9 ""DK @ -47FT3Kv-N"" (939)",2026-09-12T00:32:19.145Z,178917313914501
"-- starting hand #76 (id: uvyymoo8ebrt)  No Limit Texas Hold'em (dealer: ""9/2 @ d-4X_F_SSU"") --",2026-09-12T00:32:19.145Z,178917313914500
"-- ending hand #75 --",2026-09-12T00:32:10.992Z,178917313099204
"""chris @ 5NARaPRkSp"" collected 475 from pot with Pair, Q's on the second run  (combination: 8♠, K♣, A♣, Q♣, Q♥)",2026-09-12T00:32:10.992Z,178917313099203
"""chris @ 5NARaPRkSp"" collected 475 from pot with Two Pair, K's & 7's (combination: A♣, 7♠, 7♣, K♣, K♦)",2026-09-12T00:32:10.992Z,178917313099202
"""LingWae @ FQN9hzhzP_"" collected 380 from pot with Two Pair, Q's & 7's on the second run  (combination: 8♠, 7♦, 7♥, Q♣, Q♥)",2026-09-12T00:32:10.992Z,178917313099201
"""LingWae @ FQN9hzhzP_"" collected 380 from pot with Three of a Kind, 7's (combination: 6♦, K♦, 7♦, 7♠, 7♣)",2026-09-12T00:32:10.992Z,178917313099200
"River (second run): 7♥, 8♠, Q♣, 4♦ [Q♥]",2026-09-12T00:32:06.987Z,178917312698700
"Turn (second run): 7♥, 8♠, Q♣ [4♦]",2026-09-12T00:32:02.984Z,178917312298400
"Flop (second run):  [7♥, 8♠, Q♣]",2026-09-12T00:31:58.959Z,178917311895900
"River: 7♠, K♦, 3♠, 7♣ [2♣]",2026-09-12T00:31:54.908Z,178917311490800
"Turn: 7♠, K♦, 3♠ [7♣]",2026-09-12T00:31:50.903Z,178917311090300
"Flop:  [7♠, K♦, 3♠]",2026-09-12T00:31:46.897Z,178917310689700
"""9/2 @ d-4X_F_SSU"" shows a 9♥, A♠.",2026-09-12T00:31:42.892Z,178917310289203
"""chris @ 5NARaPRkSp"" shows a K♣, A♣.",2026-09-12T00:31:42.892Z,178917310289202
"""LingWae @ FQN9hzhzP_"" shows a 6♦, 7♦.",2026-09-12T00:31:42.892Z,178917310289201
"Uncalled bet of 226 returned to ""9/2 @ d-4X_F_SSU""",2026-09-12T00:31:42.892Z,178917310289200
"All players in hand choose to run it twice.",2026-09-12T00:31:42.067Z,178917310206701
"""9/2 @ d-4X_F_SSU"" chooses to  run it twice.",2026-09-12T00:31:42.067Z,178917310206700
"""LingWae @ FQN9hzhzP_"" chooses to  run it twice.",2026-09-12T00:31:41.247Z,178917310124700
"""chris @ 5NARaPRkSp"" chooses to  run it twice.",2026-09-12T00:31:41.178Z,178917310117800
"Remaining players decide whether to run it twice.",2026-09-12T00:31:40.017Z,178917310001701
"""chris @ 5NARaPRkSp"" calls 725 and go all in",2026-09-12T00:31:40.017Z,178917310001700
"""LingWae @ FQN9hzhzP_"" calls 250 and go all in",2026-09-12T00:31:39.040Z,178917309904000
"""gurt @ gpP9uUffpu"" folds",2026-09-12T00:31:38.078Z,178917309807800
"""9/2 @ d-4X_F_SSU"" raises to 951 and go all in",2026-09-12T00:31:36.445Z,178917309644500
"""chris @ 5NARaPRkSp"" raises to 250",2026-09-12T00:31:33.454Z,178917309345400
"""LingWae @ FQN9hzhzP_"" raises to 67",2026-09-12T00:31:28.879Z,178917308887900
"""DK @ -47FT3Kv-N"" folds",2026-09-12T00:31:25.764Z,178917308576400
"""gurt @ gpP9uUffpu"" posts a big blind of 10",2026-09-12T00:31:24.289Z,178917308428908
"""9/2 @ d-4X_F_SSU"" posts a small blind of 5",2026-09-12T00:31:24.289Z,178917308428907
"Player stacks: #1 ""LingWae @ FQN9hzhzP_"" (250) | #2 ""chris @ 5NARaPRkSp"" (725) | #3 ""9/2 @ d-4X_F_SSU"" (951) | #8 ""gurt @ gpP9uUffpu"" (2385) | #9 ""DK @ -47FT3Kv-N"" (939)",2026-09-12T00:31:24.289Z,178917308428901
"-- starting hand #75 (id: maxifybuv8pw)  No Limit Texas Hold'em (dealer: ""chris @ 5NARaPRkSp"") --",2026-09-12T00:31:24.289Z,178917308428900
"""DK @ -47FT3Kv-N"" shows a 7♥.",2026-09-12T00:31:18.523Z,178917307852300
"-- ending hand #74 --",2026-09-12T00:31:17.777Z,178917307777702
"""gurt @ gpP9uUffpu"" collected 215 from pot with Two Pair, 7's & 2's (combination: A♦, 2♣, 2♥, 7♦, 7♣)",2026-09-12T00:31:17.777Z,178917307777701
"""gurt @ gpP9uUffpu"" shows a A♦, J♥.",2026-09-12T00:31:17.777Z,178917307777700
"""9/2 @ d-4X_F_SSU"" calls 72",2026-09-12T00:31:16.926Z,178917307692600
"""gurt @ gpP9uUffpu"" bets 72",2026-09-12T00:31:16.042Z,178917307604200
"""9/2 @ d-4X_F_SSU"" checks",2026-09-12T00:31:13.155Z,178917307315500
"River: 2♣, 2♥, 10♦, 7♦ [7♣]",2026-09-12T00:31:12.278Z,178917307227800
"""gurt @ gpP9uUffpu"" checks",2026-09-12T00:31:11.457Z,178917307145700
"""9/2 @ d-4X_F_SSU"" checks",2026-09-12T00:31:10.563Z,178917307056300
"Turn: 2♣, 2♥, 10♦ [7♦]",2026-09-12T00:31:09.271Z,178917306927100
"""gurt @ gpP9uUffpu"" checks",2026-09-12T00:31:08.434Z,178917306843400
"""9/2 @ d-4X_F_SSU"" checks",2026-09-12T00:31:07.259Z,178917306725900
"Flop:  [2♣, 2♥, 10♦]",2026-09-12T00:31:05.388Z,178917306538800
"""9/2 @ d-4X_F_SSU"" calls 33",2026-09-12T00:31:04.560Z,178917306456000
"""chris @ 5NARaPRkSp"" folds",2026-09-12T00:31:03.248Z,178917306324800
"""LingWae @ FQN9hzhzP_"" folds",2026-09-12T00:31:01.648Z,178917306164800
"""DK @ -47FT3Kv-N"" folds",2026-09-12T00:31:00.663Z,178917306066300
"""gurt @ gpP9uUffpu"" raises to 33",2026-09-12T00:30:59.066Z,178917305906600
"""9/2 @ d-4X_F_SSU"" posts a big blind of 10",2026-09-12T00:30:56.858Z,178917305685809
"""chris @ 5NARaPRkSp"" posts a small blind of 5",2026-09-12T00:30:56.858Z,178917305685808
"Your hand is A♦, J♥",2026-09-12T00:30:56.858Z,178917305685806
"Player stacks: #1 ""LingWae @ FQN9hzhzP_"" (250) | #2 ""chris @ 5NARaPRkSp"" (730) | #3 ""9/2 @ d-4X_F_SSU"" (1056) | #8 ""gurt @ gpP9uUffpu"" (2275) | #9 ""DK @ -47FT3Kv-N"" (939)",2026-09-12T00:30:56.858Z,178917305685802
"-- starting hand #74 (id: sduaxd2vwlah)  No Limit Texas Hold'em (dead button) --",2026-09-12T00:30:56.858Z,178917305685801
"The player ""LingWae @ FQN9hzhzP_"" joined the game with a stack of 250.",2026-09-12T00:30:56.858Z,178917305685800
"-- ending hand #73 --",2026-09-12T00:30:53.852Z,178917305385202
"""chris @ 5NARaPRkSp"" collected 40 from pot",2026-09-12T00:30:53.852Z,178917305385201
"Uncalled bet of 10 returned to ""chris @ 5NARaPRkSp""",2026-09-12T00:30:53.852Z,178917305385200
"""DK @ -47FT3Kv-N"" folds",2026-09-12T00:30:52.999Z,178917305299900
"""chris @ 5NARaPRkSp"" bets 10",2026-09-12T00:30:51.748Z,178917305174800
"River: A♦, 5♠, 8♦, 2♠ [3♣]",2026-09-12T00:30:51.050Z,178917305105000
"""DK @ -47FT3Kv-N"" calls 10",2026-09-12T00:30:50.131Z,178917305013100
"""chris @ 5NARaPRkSp"" bets 10",2026-09-12T00:30:48.348Z,178917304834800
"Turn: A♦, 5♠, 8♦ [2♠]",2026-09-12T00:30:47.213Z,178917304721300
"""DK @ -47FT3Kv-N"" checks",2026-09-12T00:30:46.298Z,178917304629800
"""chris @ 5NARaPRkSp"" checks",2026-09-12T00:30:45.000Z,178917304500000
"The admin approved the player ""LingWae @ FQN9hzhzP_"" participation with a stack of 250.",2026-09-12T00:30:43.899Z,178917304389900
"Flop:  [A♦, 5♠, 8♦]",2026-09-12T00:30:43.208Z,178917304320800
"""chris @ 5NARaPRkSp"" checks",2026-09-12T00:30:42.330Z,178917304233000
"""DK @ -47FT3Kv-N"" calls 10",2026-09-12T00:30:40.656Z,178917304065600
"The player ""LingWae @ FQN9hzhzP_"" requested a seat.",2026-09-12T00:30:39.602Z,178917303960200
"""gurt @ gpP9uUffpu"" folds",2026-09-12T00:30:37.386Z,178917303738600
"""9/2 @ d-4X_F_SSU"" folds",2026-09-12T00:30:35.335Z,178917303533500
"""chris @ 5NARaPRkSp"" posts a big blind of 10",2026-09-12T00:30:33.435Z,178917303343508
"Dead Small Blind",2026-09-12T00:30:33.435Z,178917303343507
"Player stacks: #2 ""chris @ 5NARaPRkSp"" (710) | #3 ""9/2 @ d-4X_F_SSU"" (1056) | #8 ""gurt @ gpP9uUffpu"" (2275) | #9 ""DK @ -47FT3Kv-N"" (959)",2026-09-12T00:30:33.435Z,178917303343502
"-- starting hand #73 (id: kcuutvvokctr)  No Limit Texas Hold'em (dealer: ""DK @ -47FT3Kv-N"") --",2026-09-12T00:30:33.435Z,178917303343501
"The player ""LingWae @ FQN9hzhzP_"" quits the game with a stack of 0.",2026-09-12T00:30:33.435Z,178917303343500
"-- ending hand #72 --",2026-09-12T00:30:25.424Z,178917302542402
"""gurt @ gpP9uUffpu"" collected 305 from pot with Three of a Kind, 2's on the second run  (combination: 7♣, 8♣, 2♠, 2♥, 2♣)",2026-09-12T00:30:25.424Z,178917302542401
"""gurt @ gpP9uUffpu"" collected 305 from pot with Pair, 8's (combination: 7♠, 10♥, A♣, 8♣, 8♥)",2026-09-12T00:30:25.424Z,178917302542400
"River (second run): 2♥, 5♦, 4♣, 7♣ [2♣]",2026-09-12T00:30:21.394Z,178917302139400
"Turn (second run): 2♥, 5♦, 4♣ [7♣]",2026-09-12T00:30:17.239Z,178917301723900
"Flop (second run):  [2♥, 5♦, 4♣]",2026-09-12T00:30:13.218Z,178917301321800
"River: 3♦, A♣, 8♥, 7♠ [10♥]",2026-09-12T00:30:09.215Z,178917300921500
"Turn: 3♦, A♣, 8♥ [7♠]",2026-09-12T00:30:05.202Z,178917300520200
"Flop:  [3♦, A♣, 8♥]",2026-09-12T00:30:01.191Z,178917300119100
"""LingWae @ FQN9hzhzP_"" shows a J♠, K♠.",2026-09-12T00:29:57.161Z,178917299716100
"""gurt @ gpP9uUffpu"" shows a 2♠, 8♣.",2026-09-12T00:29:56.761Z,178917299676100
"All players in hand choose to run it twice.",2026-09-12T00:29:56.317Z,178917299631701
"""gurt @ gpP9uUffpu"" chooses to  run it twice.",2026-09-12T00:29:56.317Z,178917299631700
"""LingWae @ FQN9hzhzP_"" chooses to  run it twice.",2026-09-12T00:29:55.845Z,178917299584500
"Remaining players decide whether to run it twice.",2026-09-12T00:29:55.068Z,178917299506801
"""DK @ -47FT3Kv-N"" folds",2026-09-12T00:29:55.068Z,178917299506800
"""gurt @ gpP9uUffpu"" calls 295",2026-09-12T00:29:51.432Z,178917299143200
"""chris @ 5NARaPRkSp"" folds",2026-09-12T00:29:50.447Z,178917299044700
"""LingWae @ FQN9hzhzP_"" raises to 295 and go all in",2026-09-12T00:29:48.219Z,178917298821900
"""DK @ -47FT3Kv-N"" calls 10",2026-09-12T00:29:44.641Z,178917298464100
"""gurt @ gpP9uUffpu"" calls 10",2026-09-12T00:29:35.658Z,178917297565800
"""9/2 @ d-4X_F_SSU"" folds",2026-09-12T00:29:33.188Z,178917297318800
"""chris @ 5NARaPRkSp"" calls 10",2026-09-12T00:29:29.176Z,178917296917600
"""LingWae @ FQN9hzhzP_"" posts a big blind of 10",2026-09-12T00:29:27.454Z,178917296745408
"""DK @ -47FT3Kv-N"" posts a small blind of 5",2026-09-12T00:29:27.454Z,178917296745407
"Your hand is 2♠, 8♣",2026-09-12T00:29:27.454Z,178917296745405
"Player stacks: #1 ""LingWae @ FQN9hzhzP_"" (295) | #2 ""chris @ 5NARaPRkSp"" (720) | #3 ""9/2 @ d-4X_F_SSU"" (1056) | #8 ""gurt @ gpP9uUffpu"" (1960) | #9 ""DK @ -47FT3Kv-N"" (969)",2026-09-12T00:29:27.454Z,178917296745401
"-- starting hand #72 (id: fwi3imbu9daw)  No Limit Texas Hold'em (dealer: ""gurt @ gpP9uUffpu"") --",2026-09-12T00:29:27.454Z,178917296745400
"""LingWae @ FQN9hzhzP_"" shows a Q♦, 2♠.",2026-09-12T00:29:24.636Z,178917296463600
"""gurt @ gpP9uUffpu"" shows a 10♣.",2026-09-12T00:29:22.547Z,178917296254700
"Undealt cards:  [A♣, 10♦, K♦, 2♣, J♣]",2026-09-12T00:29:21.256Z,178917296125600
"-- ending hand #71 --",2026-09-12T00:29:20.050Z,178917296005001
"""gurt @ gpP9uUffpu"" collected 20 from pot",2026-09-12T00:29:20.050Z,178917296005000
"""DK @ -47FT3Kv-N"" folds",2026-09-12T00:29:19.135Z,178917295913500
"""gurt @ gpP9uUffpu"" calls 10",2026-09-12T00:29:17.910Z,178917295791000
"""9/2 @ d-4X_F_SSU"" folds",2026-09-12T00:29:14.575Z,178917295457500
"""chris @ 5NARaPRkSp"" folds",2026-09-12T00:29:11.715Z,178917295171500
"""LingWae @ FQN9hzhzP_"" folds",2026-09-12T00:29:09.694Z,178917294969400
"""DK @ -47FT3Kv-N"" posts a big blind of 10",2026-09-12T00:29:07.434Z,178917294743408
"""gurt @ gpP9uUffpu"" posts a small blind of 5",2026-09-12T00:29:07.434Z,178917294743407
"Player stacks: #1 ""LingWae @ FQN9hzhzP_"" (295) | #2 ""chris @ 5NARaPRkSp"" (720) | #3 ""9/2 @ d-4X_F_SSU"" (1056) | #8 ""gurt @ gpP9uUffpu"" (1950) | #9 ""DK @ -47FT3Kv-N"" (979)",2026-09-12T00:29:07.434Z,178917294743401
"-- starting hand #71 (id: zyfvd4pvu9fp)  No Limit Texas Hold'em (dealer: ""9/2 @ d-4X_F_SSU"") --",2026-09-12T00:29:07.434Z,178917294743400
"""LingWae @ FQN9hzhzP_"" shows a K♥.",2026-09-12T00:29:04.626Z,178917294462600
"""DK @ -47FT3Kv-N"" shows a 5♦.",2026-09-12T00:29:03.591Z,178917294359100
"Undealt cards:  [A♠, 3♣, K♦, 7♠, 3♦]",2026-09-12T00:29:01.877Z,178917294187700
"-- ending hand #70 --",2026-09-12T00:29:00.128Z,178917294012802
"""LingWae @ FQN9hzhzP_"" collected 75 from pot",2026-09-12T00:29:00.128Z,178917294012801
"Uncalled bet of 220 returned to ""LingWae @ FQN9hzhzP_""",2026-09-12T00:29:00.128Z,178917294012800
"""chris @ 5NARaPRkSp"" folds",2026-09-12T00:28:59.259Z,178917293925900
"""LingWae @ FQN9hzhzP_"" raises to 250 and go all in",2026-09-12T00:28:56.182Z,178917293618200
"""gurt @ gpP9uUffpu"" folds",2026-09-12T00:28:51.860Z,178917293186000
"""9/2 @ d-4X_F_SSU"" folds",2026-09-12T00:28:50.018Z,178917293001800
"""chris @ 5NARaPRkSp"" raises to 30",2026-09-12T00:28:48.617Z,178917292861700
"""LingWae @ FQN9hzhzP_"" calls 10",2026-09-12T00:28:46.379Z,178917292637900
"""DK @ -47FT3Kv-N"" folds",2026-09-12T00:28:44.226Z,178917292422600
"""gurt @ gpP9uUffpu"" posts a big blind of 10",2026-09-12T00:28:42.808Z,178917292280809
"""9/2 @ d-4X_F_SSU"" posts a small blind of 5",2026-09-12T00:28:42.808Z,178917292280808
"Player stacks: #1 ""LingWae @ FQN9hzhzP_"" (250) | #2 ""chris @ 5NARaPRkSp"" (750) | #3 ""9/2 @ d-4X_F_SSU"" (1061) | #8 ""gurt @ gpP9uUffpu"" (1960) | #9 ""DK @ -47FT3Kv-N"" (979)",2026-09-12T00:28:42.808Z,178917292280802
"-- starting hand #70 (id: bjqtsatwdibc)  No Limit Texas Hold'em (dealer: ""chris @ 5NARaPRkSp"") --",2026-09-12T00:28:42.808Z,178917292280801
"The player ""LingWae @ FQN9hzhzP_"" joined the game with a stack of 250.",2026-09-12T00:28:42.808Z,178917292280800
"Undealt cards: 6♣, 7♦, 8♠, J♥ [4♦]",2026-09-12T00:28:37.068Z,178917291706800
"-- ending hand #69 --",2026-09-12T00:28:36.841Z,178917291684102
"""9/2 @ d-4X_F_SSU"" collected 137 from pot",2026-09-12T00:28:36.841Z,178917291684101
"Uncalled bet of 33 returned to ""9/2 @ d-4X_F_SSU""",2026-09-12T00:28:36.841Z,178917291684100
"""gurt @ gpP9uUffpu"" folds",2026-09-12T00:28:36.034Z,178917291603400
"""9/2 @ d-4X_F_SSU"" bets 33",2026-09-12T00:28:31.854Z,178917291185400
"Turn: 6♣, 7♦, 8♠ [J♥]",2026-09-12T00:28:28.603Z,178917290860300
"""gurt @ gpP9uUffpu"" calls 33",2026-09-12T00:28:27.790Z,178917290779000
"""9/2 @ d-4X_F_SSU"" bets 33",2026-09-12T00:28:23.082Z,178917290308200
"The admin approved the player ""LingWae @ FQN9hzhzP_"" participation with a stack of 250.",2026-09-12T00:28:20.180Z,178917290018000
"Flop:  [6♣, 7♦, 8♠]",2026-09-12T00:28:18.197Z,178917289819700
"""9/2 @ d-4X_F_SSU"" calls 33",2026-09-12T00:28:17.358Z,178917289735800
"""chris @ 5NARaPRkSp"" folds",2026-09-12T00:28:14.399Z,178917289439900
"The player ""LingWae @ FQN9hzhzP_"" requested a seat.",2026-09-12T00:28:12.988Z,178917289298800
"""DK @ -47FT3Kv-N"" folds",2026-09-12T00:28:11.989Z,178917289198900
"""gurt @ gpP9uUffpu"" raises to 33",2026-09-12T00:28:10.278Z,178917289027800
"""9/2 @ d-4X_F_SSU"" posts a big blind of 10",2026-09-12T00:28:08.318Z,178917288831808
"""chris @ 5NARaPRkSp"" posts a small blind of 5",2026-09-12T00:28:08.318Z,178917288831807
"Player stacks: #2 ""chris @ 5NARaPRkSp"" (755) | #3 ""9/2 @ d-4X_F_SSU"" (990) | #8 ""gurt @ gpP9uUffpu"" (2026) | #9 ""DK @ -47FT3Kv-N"" (979)",2026-09-12T00:28:08.318Z,178917288831802
"-- starting hand #69 (id: 1efbbb5qnzqk)  No Limit Texas Hold'em (dead button) --",2026-09-12T00:28:08.318Z,178917288831801
"The player ""LingWae @ FQN9hzhzP_"" quits the game with a stack of 0.",2026-09-12T00:28:08.318Z,178917288831800
"""9/2 @ d-4X_F_SSU"" shows a 9♣, Q♣.",2026-09-12T00:28:05.183Z,178917288518300
"-- ending hand #68 --",2026-09-12T00:28:01.695Z,178917288169503
"""gurt @ gpP9uUffpu"" collected 700 from pot with Pair, 2's (combination: 10♠, J♠, K♠, 2♠, 2♥)",2026-09-12T00:28:01.695Z,178917288169502
"""gurt @ gpP9uUffpu"" shows a 2♠, K♠.",2026-09-12T00:28:01.695Z,178917288169501
"""LingWae @ FQN9hzhzP_"" shows a Q♦, K♣.",2026-09-12T00:28:01.695Z,178917288169500
"""gurt @ gpP9uUffpu"" checks",2026-09-12T00:28:00.865Z,178917288086500
"""9/2 @ d-4X_F_SSU"" checks",2026-09-12T00:27:59.930Z,178917287993000
"River: 10♠, 4♥, 5♦, 2♥ [J♠]",2026-09-12T00:27:59.660Z,178917287966000
"""gurt @ gpP9uUffpu"" checks",2026-09-12T00:27:58.834Z,178917287883400
"""9/2 @ d-4X_F_SSU"" checks",2026-09-12T00:27:57.930Z,178917287793000
"Turn: 10♠, 4♥, 5♦ [2♥]",2026-09-12T00:27:57.458Z,178917287745800
"""gurt @ gpP9uUffpu"" checks",2026-09-12T00:27:56.636Z,178917287663600
"""9/2 @ d-4X_F_SSU"" checks",2026-09-12T00:27:55.739Z,178917287573900
"Flop:  [10♠, 4♥, 5♦]",2026-09-12T00:27:54.457Z,178917287445700
"""gurt @ gpP9uUffpu"" calls 230",2026-09-12T00:27:53.596Z,178917287359600
"""9/2 @ d-4X_F_SSU"" calls 230",2026-09-12T00:27:46.383Z,178917286638300
"""chris @ 5NARaPRkSp"" folds",2026-09-12T00:27:25.756Z,178917284575600
"""LingWae @ FQN9hzhzP_"" raises to 230 and go all in",2026-09-12T00:27:24.762Z,178917284476200
"""DK @ -47FT3Kv-N"" folds",2026-09-12T00:27:23.102Z,178917284310200
"""gurt @ gpP9uUffpu"" calls 40",2026-09-12T00:27:22.007Z,178917284200700
"""9/2 @ d-4X_F_SSU"" raises to 40",2026-09-12T00:27:20.018Z,178917284001800
"""chris @ 5NARaPRkSp"" posts a big blind of 10",2026-09-12T00:27:17.519Z,178917283751908
"""LingWae @ FQN9hzhzP_"" posts a small blind of 5",2026-09-12T00:27:17.519Z,178917283751907
"Your hand is 2♠, K♠",2026-09-12T00:27:17.519Z,178917283751905
"Player stacks: #1 ""LingWae @ FQN9hzhzP_"" (230) | #2 ""chris @ 5NARaPRkSp"" (765) | #3 ""9/2 @ d-4X_F_SSU"" (1220) | #8 ""gurt @ gpP9uUffpu"" (1556) | #9 ""DK @ -47FT3Kv-N"" (979)",2026-09-12T00:27:17.519Z,178917283751901
"-- starting hand #68 (id: l6fdlpjuozws)  No Limit Texas Hold'em (dealer: ""DK @ -47FT3Kv-N"") --",2026-09-12T00:27:17.519Z,178917283751900
"""LingWae @ FQN9hzhzP_"" shows a J♠.",2026-09-12T00:27:15.109Z,178917283510900
"Undealt cards: 7♥, A♠, 9♦, J♦ [K♠]",2026-09-12T00:27:11.960Z,178917283196000
"-- ending hand #67 --",2026-09-12T00:27:10.903Z,178917283090302
"""gurt @ gpP9uUffpu"" collected 213 from pot",2026-09-12T00:27:10.903Z,178917283090301
"Uncalled bet of 90 returned to ""gurt @ gpP9uUffpu""",2026-09-12T00:27:10.903Z,178917283090300
"""chris @ 5NARaPRkSp"" folds",2026-09-12T00:27:09.997Z,178917282999700
"""gurt @ gpP9uUffpu"" raises to 120",2026-09-12T00:27:04.242Z,178917282424200
"""chris @ 5NARaPRkSp"" bets 30",2026-09-12T00:27:00.415Z,178917282041500
"Turn: 7♥, A♠, 9♦ [J♦]",2026-09-12T00:26:56.772Z,178917281677200
"""chris @ 5NARaPRkSp"" calls 44",2026-09-12T00:26:55.885Z,178917281588500
"""LingWae @ FQN9hzhzP_"" folds",2026-09-12T00:26:54.562Z,178917281456200
"""gurt @ gpP9uUffpu"" bets 44",2026-09-12T00:26:43.857Z,178917280385700
"""chris @ 5NARaPRkSp"" checks",2026-09-12T00:26:41.300Z,178917280130000
"""LingWae @ FQN9hzhzP_"" checks",2026-09-12T00:26:39.333Z,178917279933300
"Flop:  [7♥, A♠, 9♦]",2026-09-12T00:26:36.967Z,178917279696700
"""gurt @ gpP9uUffpu"" calls 20",2026-09-12T00:26:36.049Z,178917279604900
"""chris @ 5NARaPRkSp"" calls 20",2026-09-12T00:26:35.113Z,178917279511300
"""LingWae @ FQN9hzhzP_"" raises to 20",2026-09-12T00:26:33.331Z,178917279333100
"""DK @ -47FT3Kv-N"" folds",2026-09-12T00:26:22.686Z,178917278268600
"""gurt @ gpP9uUffpu"" calls 10",2026-09-12T00:26:21.743Z,178917278174300
"""9/2 @ d-4X_F_SSU"" folds",2026-09-12T00:26:20.046Z,178917278004600
"""chris @ 5NARaPRkSp"" calls 10",2026-09-12T00:26:19.046Z,178917277904600
"""LingWae @ FQN9hzhzP_"" posts a big blind of 10",2026-09-12T00:26:17.350Z,178917277735009
"""DK @ -47FT3Kv-N"" posts a small blind of 5",2026-09-12T00:26:17.350Z,178917277735008
"Player stacks: #1 ""LingWae @ FQN9hzhzP_"" (250) | #2 ""chris @ 5NARaPRkSp"" (859) | #3 ""9/2 @ d-4X_F_SSU"" (1220) | #8 ""gurt @ gpP9uUffpu"" (1437) | #9 ""DK @ -47FT3Kv-N"" (984)",2026-09-12T00:26:17.350Z,178917277735002
"-- starting hand #67 (id: znu5ek4vsipr)  No Limit Texas Hold'em (dealer: ""gurt @ gpP9uUffpu"") --",2026-09-12T00:26:17.350Z,178917277735001
"The player ""LingWae @ FQN9hzhzP_"" joined the game with a stack of 250.",2026-09-12T00:26:17.350Z,178917277735000
"Undealt cards: 3♦, A♥, 6♦, 7♣ [Q♥]",2026-09-12T00:26:12.514Z,178917277251400
"-- ending hand #66 --",2026-09-12T00:26:11.431Z,178917277143102
"""gurt @ gpP9uUffpu"" collected 90 from pot",2026-09-12T00:26:11.431Z,178917277143101
"Uncalled bet of 44 returned to ""gurt @ gpP9uUffpu""",2026-09-12T00:26:11.431Z,178917277143100
"""chris @ 5NARaPRkSp"" folds",2026-09-12T00:26:10.557Z,178917277055700
"""DK @ -47FT3Kv-N"" folds",2026-09-12T00:26:06.523Z,178917276652300
"""gurt @ gpP9uUffpu"" bets 44",2026-09-12T00:25:52.177Z,178917275217700
"Turn: 3♦, A♥, 6♦ [7♣]",2026-09-12T00:25:49.859Z,178917274985900
"""chris @ 5NARaPRkSp"" checks",2026-09-12T00:25:49.000Z,178917274900000
"""DK @ -47FT3Kv-N"" checks",2026-09-12T00:25:47.677Z,178917274767700
"""gurt @ gpP9uUffpu"" checks",2026-09-12T00:25:46.291Z,178917274629100
"Flop:  [3♦, A♥, 6♦]",2026-09-12T00:25:44.251Z,178917274425100
"""DK @ -47FT3Kv-N"" calls 30",2026-09-12T00:25:43.373Z,178917274337300
"""gurt @ gpP9uUffpu"" calls 30",2026-09-12T00:25:39.842Z,178917273984200
"The admin approved the player ""LingWae @ FQN9hzhzP_"" participation with a stack of 250.",2026-09-12T00:25:37.247Z,178917273724700
"""9/2 @ d-4X_F_SSU"" folds",2026-09-12T00:25:36.075Z,178917273607500
"""chris @ 5NARaPRkSp"" raises to 30",2026-09-12T00:25:32.456Z,178917273245600
"The player ""LingWae @ FQN9hzhzP_"" requested a seat.",2026-09-12T00:25:32.426Z,178917273242600
"""DK @ -47FT3Kv-N"" posts a big blind of 10",2026-09-12T00:25:29.166Z,178917272916608
"""gurt @ gpP9uUffpu"" posts a small blind of 5",2026-09-12T00:25:29.166Z,178917272916607
"Player stacks: #2 ""chris @ 5NARaPRkSp"" (889) | #3 ""9/2 @ d-4X_F_SSU"" (1220) | #8 ""gurt @ gpP9uUffpu"" (1377) | #9 ""DK @ -47FT3Kv-N"" (1014)",2026-09-12T00:25:29.166Z,178917272916602
"-- starting hand #66 (id: ro924xydtm1q)  No Limit Texas Hold'em (dealer: ""9/2 @ d-4X_F_SSU"") --",2026-09-12T00:25:29.166Z,178917272916601
"The player ""LingWae @ FQN9hzhzP_"" quits the game with a stack of 0.",2026-09-12T00:25:29.166Z,178917272916600
"""gurt @ gpP9uUffpu"" shows a 7♦.",2026-09-12T00:25:23.001Z,178917272300100
"-- ending hand #65 --",2026-09-12T00:25:20.650Z,178917272065002
"""DK @ -47FT3Kv-N"" collected 318 from pot with Three of a Kind, J's on the second run  (combination: K♣, A♥, J♥, J♦, J♠)",2026-09-12T00:25:20.650Z,178917272065001
"""DK @ -47FT3Kv-N"" collected 319 from pot with Full House, Q's over J's (combination: J♥, J♦, Q♥, Q♠, Q♣)",2026-09-12T00:25:20.650Z,178917272065000
"River (second run): Q♦, J♠, 5♦, A♥ [K♣]",2026-09-12T00:25:16.630Z,178917271663000
"Turn (second run): Q♦, J♠, 5♦ [A♥]",2026-09-12T00:25:12.549Z,178917271254900
"Flop (second run):  [Q♦, J♠, 5♦]",2026-09-12T00:25:08.542Z,178917270854200
"River: Q♥, Q♠, 3♦, 4♦ [Q♣]",2026-09-12T00:25:04.536Z,178917270453600
"Turn: Q♥, Q♠, 3♦ [4♦]",2026-09-12T00:25:00.495Z,178917270049500
"Flop:  [Q♥, Q♠, 3♦]",2026-09-12T00:24:56.487Z,178917269648700
"""DK @ -47FT3Kv-N"" shows a J♥, J♦.",2026-09-12T00:24:52.478Z,178917269247801
"""LingWae @ FQN9hzhzP_"" shows a 2♦, 6♦.",2026-09-12T00:24:52.478Z,178917269247800
"All players in hand choose to run it twice.",2026-09-12T00:24:51.668Z,178917269166801
"""DK @ -47FT3Kv-N"" chooses to  run it twice.",2026-09-12T00:24:51.668Z,178917269166800
"""LingWae @ FQN9hzhzP_"" chooses to  run it twice.",2026-09-12T00:24:51.226Z,178917269122600
"Remaining players decide whether to run it twice.",2026-09-12T00:24:50.085Z,178917269008501
"""DK @ -47FT3Kv-N"" calls 311",2026-09-12T00:24:50.085Z,178917269008500
"""gurt @ gpP9uUffpu"" folds",2026-09-12T00:24:47.967Z,178917268796700
"""9/2 @ d-4X_F_SSU"" folds",2026-09-12T00:24:46.529Z,178917268652900
"""chris @ 5NARaPRkSp"" folds",2026-09-12T00:24:45.601Z,178917268560100
"""LingWae @ FQN9hzhzP_"" raises to 311 and go all in",2026-09-12T00:24:44.593Z,178917268459300
"""DK @ -47FT3Kv-N"" raises to 40",2026-09-12T00:24:31.885Z,178917267188500
"""gurt @ gpP9uUffpu"" posts a big blind of 10",2026-09-12T00:24:21.258Z,178917266125808
"""9/2 @ d-4X_F_SSU"" posts a small blind of 5",2026-09-12T00:24:21.258Z,178917266125807
"Player stacks: #1 ""LingWae @ FQN9hzhzP_"" (311) | #2 ""chris @ 5NARaPRkSp"" (889) | #3 ""9/2 @ d-4X_F_SSU"" (1225) | #8 ""gurt @ gpP9uUffpu"" (1387) | #9 ""DK @ -47FT3Kv-N"" (688)",2026-09-12T00:24:21.258Z,178917266125801
"-- starting hand #65 (id: mn8ysbg0jmxf)  No Limit Texas Hold'em (dealer: ""chris @ 5NARaPRkSp"") --",2026-09-12T00:24:21.258Z,178917266125800
"""LingWae @ FQN9hzhzP_"" shows a 4♠, 4♥.",2026-09-12T00:24:17.332Z,178917265733200
"-- ending hand #64 --",2026-09-12T00:24:14.737Z,178917265473703
"""9/2 @ d-4X_F_SSU"" collected 205 from pot with Pair, 10's (combination: 8♠, K♥, A♠, 10♠, 10♣)",2026-09-12T00:24:14.737Z,178917265473702
"""9/2 @ d-4X_F_SSU"" shows a K♥, 10♠.",2026-09-12T00:24:14.737Z,178917265473701
"""gurt @ gpP9uUffpu"" shows a Q♥, J♣.",2026-09-12T00:24:14.737Z,178917265473700
"""9/2 @ d-4X_F_SSU"" calls 33",2026-09-12T00:24:13.846Z,178917265384600
"""gurt @ gpP9uUffpu"" bets 33",2026-09-12T00:24:12.949Z,178917265294900
"""9/2 @ d-4X_F_SSU"" checks",2026-09-12T00:24:09.853Z,178917264985300
"River: 8♠, 3♦, A♠, 10♣ [7♥]",2026-09-12T00:24:09.107Z,178917264910700
"""9/2 @ d-4X_F_SSU"" calls 22",2026-09-12T00:24:08.290Z,178917264829000
"""LingWae @ FQN9hzhzP_"" folds",2026-09-12T00:24:02.241Z,178917264224100
"""gurt @ gpP9uUffpu"" bets 22",2026-09-12T00:23:57.874Z,178917263787400
"""9/2 @ d-4X_F_SSU"" checks",2026-09-12T00:23:55.238Z,178917263523800
"Turn: 8♠, 3♦, A♠ [10♣]",2026-09-12T00:23:54.163Z,178917263416300
"""LingWae @ FQN9hzhzP_"" checks",2026-09-12T00:23:53.286Z,178917263328600
"""gurt @ gpP9uUffpu"" checks",2026-09-12T00:23:51.765Z,178917263176500
"""9/2 @ d-4X_F_SSU"" checks",2026-09-12T00:23:50.235Z,178917263023500
"Flop:  [8♠, 3♦, A♠]",2026-09-12T00:23:48.467Z,178917262846700
"""9/2 @ d-4X_F_SSU"" calls 30",2026-09-12T00:23:47.607Z,178917262760700
"""chris @ 5NARaPRkSp"" folds",2026-09-12T00:23:43.191Z,178917262319100
"""LingWae @ FQN9hzhzP_"" calls 30",2026-09-12T00:23:42.215Z,178917262221500
"""DK @ -47FT3Kv-N"" folds",2026-09-12T00:23:40.166Z,178917262016600
"""gurt @ gpP9uUffpu"" raises to 30",2026-09-12T00:23:39.006Z,178917261900600
"""9/2 @ d-4X_F_SSU"" posts a big blind of 10",2026-09-12T00:23:34.935Z,178917261493509
"""chris @ 5NARaPRkSp"" posts a small blind of 5",2026-09-12T00:23:34.935Z,178917261493508
"Your hand is Q♥, J♣",2026-09-12T00:23:34.935Z,178917261493506
"Player stacks: #1 ""LingWae @ FQN9hzhzP_"" (341) | #2 ""chris @ 5NARaPRkSp"" (894) | #3 ""9/2 @ d-4X_F_SSU"" (1105) | #8 ""gurt @ gpP9uUffpu"" (1472) | #9 ""DK @ -47FT3Kv-N"" (688)",2026-09-12T00:23:34.935Z,178917261493502
"-- starting hand #64 (id: wbnsnks9bpom)  No Limit Texas Hold'em (dealer: ""LingWae @ FQN9hzhzP_"") --",2026-09-12T00:23:34.935Z,178917261493501
"The player ""9/2 @ d-4X_F_SSU"" joined the game with a stack of 1105.",2026-09-12T00:23:34.935Z,178917261493500
"""DK @ -47FT3Kv-N"" shows a J♦.",2026-09-12T00:23:33.017Z,178917261301700
"Undealt cards: Q♥, Q♦, 4♥, J♠ [2♥]",2026-09-12T00:23:30.344Z,178917261034400
"-- ending hand #63 --",2026-09-12T00:23:28.330Z,178917260833002
"""DK @ -47FT3Kv-N"" collected 100 from pot",2026-09-12T00:23:28.330Z,178917260833001
"Uncalled bet of 67 returned to ""DK @ -47FT3Kv-N""",2026-09-12T00:23:28.330Z,178917260833000
"""chris @ 5NARaPRkSp"" folds",2026-09-12T00:23:27.484Z,178917260748400
"""LingWae @ FQN9hzhzP_"" folds",2026-09-12T00:23:25.687Z,178917260568700
"""DK @ -47FT3Kv-N"" bets 67",2026-09-12T00:23:21.090Z,178917260109000
"""chris @ 5NARaPRkSp"" checks",2026-09-12T00:23:17.032Z,178917259703200
"""LingWae @ FQN9hzhzP_"" checks",2026-09-12T00:23:15.768Z,178917259576800
"Turn: Q♥, Q♦, 4♥ [J♠]",2026-09-12T00:23:14.548Z,178917259454800
"""DK @ -47FT3Kv-N"" checks",2026-09-12T00:23:13.728Z,178917259372800
"""chris @ 5NARaPRkSp"" checks",2026-09-12T00:23:11.399Z,178917259139900
"""LingWae @ FQN9hzhzP_"" checks",2026-09-12T00:23:09.782Z,178917258978200
"Flop:  [Q♥, Q♦, 4♥]",2026-09-12T00:23:08.068Z,178917258806800
"""LingWae @ FQN9hzhzP_"" calls 30",2026-09-12T00:23:07.227Z,178917258722700
"""DK @ -47FT3Kv-N"" calls 30",2026-09-12T00:22:52.148Z,178917257214800
"""gurt @ gpP9uUffpu"" folds",2026-09-12T00:22:49.232Z,178917256923200
"""chris @ 5NARaPRkSp"" raises to 30",2026-09-12T00:22:46.170Z,178917256617000
"""LingWae @ FQN9hzhzP_"" calls 10",2026-09-12T00:22:43.567Z,178917256356700
"""DK @ -47FT3Kv-N"" calls 10",2026-09-12T00:22:42.177Z,178917256217700
"""gurt @ gpP9uUffpu"" calls 10",2026-09-12T00:22:26.636Z,178917254663600
"The admin approved the player ""9/2 @ d-4X_F_SSU"" participation with a stack of 1105.",2026-09-12T00:22:23.989Z,178917254398900
"""chris @ 5NARaPRkSp"" posts a big blind of 10",2026-09-12T00:22:21.010Z,178917254101007
"""LingWae @ FQN9hzhzP_"" posts a small blind of 5",2026-09-12T00:22:21.010Z,178917254101006
"Player stacks: #1 ""LingWae @ FQN9hzhzP_"" (371) | #2 ""chris @ 5NARaPRkSp"" (924) | #8 ""gurt @ gpP9uUffpu"" (1482) | #9 ""DK @ -47FT3Kv-N"" (618)",2026-09-12T00:22:21.010Z,178917254101001
"-- starting hand #63 (id: uzcthpltydzc)  No Limit Texas Hold'em (dealer: ""DK @ -47FT3Kv-N"") --",2026-09-12T00:22:21.010Z,178917254101000
"The player ""9/2 @ d-4X_F_SSU"" requested a seat.",2026-09-12T00:22:18.270Z,178917253827000
"Undealt cards:  [2♣, 6♣, 7♦, K♣, J♥]",2026-09-12T00:22:14.567Z,178917253456700
"""LingWae @ FQN9hzhzP_"" shows a 10♦, 7♥.",2026-09-12T00:22:14.372Z,178917253437200
"""gurt @ gpP9uUffpu"" shows a 10♠, 3♦.",2026-09-12T00:22:13.864Z,178917253386400
"-- ending hand #62 --",2026-09-12T00:22:13.655Z,178917253365502
"""LingWae @ FQN9hzhzP_"" collected 71 from pot",2026-09-12T00:22:13.655Z,178917253365501
"Uncalled bet of 300 returned to ""LingWae @ FQN9hzhzP_""",2026-09-12T00:22:13.655Z,178917253365500
"""gurt @ gpP9uUffpu"" folds",2026-09-12T00:22:12.815Z,178917253281500
"""LingWae @ FQN9hzhzP_"" raises to 333 and go all in",2026-09-12T00:22:06.678Z,178917252667800
"""DK @ -47FT3Kv-N"" folds",2026-09-12T00:21:59.913Z,178917251991300
"""gurt @ gpP9uUffpu"" raises to 33",2026-09-12T00:21:46.496Z,178917250649600
"""chris @ 5NARaPRkSp"" folds",2026-09-12T00:21:42.986Z,178917250298600
"""LingWae @ FQN9hzhzP_"" posts a big blind of 10",2026-09-12T00:21:38.797Z,178917249879707
"""DK @ -47FT3Kv-N"" posts a small blind of 5",2026-09-12T00:21:38.797Z,178917249879706
"Your hand is 10♠, 3♦",2026-09-12T00:21:38.797Z,178917249879704
"Player stacks: #1 ""LingWae @ FQN9hzhzP_"" (333) | #2 ""chris @ 5NARaPRkSp"" (924) | #8 ""gurt @ gpP9uUffpu"" (1515) | #9 ""DK @ -47FT3Kv-N"" (623)",2026-09-12T00:21:38.797Z,178917249879701
"-- starting hand #62 (id: un9mgjr3tqvg)  No Limit Texas Hold'em (dealer: ""gurt @ gpP9uUffpu"") --",2026-09-12T00:21:38.797Z,178917249879700
"""gurt @ gpP9uUffpu"" shows a 7♦.",2026-09-12T00:21:34.878Z,178917249487800
"Undealt cards: 3♠, 2♣, 7♥ [A♣, A♥]",2026-09-12T00:21:33.099Z,178917249309900
"-- ending hand #61 --",2026-09-12T00:21:32.183Z,178917249218302
"""gurt @ gpP9uUffpu"" collected 30 from pot",2026-09-12T00:21:32.183Z,178917249218301
"Uncalled bet of 27 returned to ""gurt @ gpP9uUffpu""",2026-09-12T00:21:32.183Z,178917249218300
"""chris @ 5NARaPRkSp"" folds",2026-09-12T00:21:31.368Z,178917249136800
"""DK @ -47FT3Kv-N"" folds",2026-09-12T00:21:30.279Z,178917249027900
"""gurt @ gpP9uUffpu"" bets 27",2026-09-12T00:21:26.304Z,178917248630400
"Flop:  [3♠, 2♣, 7♥]",2026-09-12T00:21:23.099Z,178917248309900
"""DK @ -47FT3Kv-N"" checks",2026-09-12T00:21:22.230Z,178917248223000
"""gurt @ gpP9uUffpu"" calls 10",2026-09-12T00:21:15.616Z,178917247561600
"""chris @ 5NARaPRkSp"" calls 10",2026-09-12T00:21:13.737Z,178917247373700
"""LingWae @ FQN9hzhzP_"" folds",2026-09-12T00:21:12.768Z,178917247276800
"""DK @ -47FT3Kv-N"" posts a big blind of 10",2026-09-12T00:21:10.896Z,178917247089607
"""gurt @ gpP9uUffpu"" posts a small blind of 5",2026-09-12T00:21:10.896Z,178917247089606
"Player stacks: #1 ""LingWae @ FQN9hzhzP_"" (333) | #2 ""chris @ 5NARaPRkSp"" (934) | #8 ""gurt @ gpP9uUffpu"" (1495) | #9 ""DK @ -47FT3Kv-N"" (633)",2026-09-12T00:21:10.896Z,178917247089601
"-- starting hand #61 (id: ucb9iniqfpq9)  No Limit Texas Hold'em (dealer: ""chris @ 5NARaPRkSp"") --",2026-09-12T00:21:10.896Z,178917247089600
"""LingWae @ FQN9hzhzP_"" shows a A♥.",2026-09-12T00:21:07.875Z,178917246787500
"""DK @ -47FT3Kv-N"" shows a J♠.",2026-09-12T00:21:05.376Z,178917246537600
"-- ending hand #60 --",2026-09-12T00:21:03.888Z,178917246388802
"""gurt @ gpP9uUffpu"" collected 125 from pot with Two Pair, J's & 6's (combination: K♥, 6♣, 6♥, J♦, J♣)",2026-09-12T00:21:03.888Z,178917246388801
"""gurt @ gpP9uUffpu"" shows a 9♣, 6♣.",2026-09-12T00:21:03.888Z,178917246388800
"""LingWae @ FQN9hzhzP_"" calls 10",2026-09-12T00:21:02.992Z,178917246299200
"""gurt @ gpP9uUffpu"" bets 10",2026-09-12T00:21:02.054Z,178917246205400
"River: 6♥, J♦, J♣, 8♦ [K♥]",2026-09-12T00:21:01.762Z,178917246176200
"""LingWae @ FQN9hzhzP_"" calls 10",2026-09-12T00:21:00.924Z,178917246092400
"""gurt @ gpP9uUffpu"" bets 10",2026-09-12T00:20:59.294Z,178917245929400
"Turn: 6♥, J♦, J♣ [8♦]",2026-09-12T00:20:58.660Z,178917245866000
"""LingWae @ FQN9hzhzP_"" calls 10",2026-09-12T00:20:57.757Z,178917245775700
"""gurt @ gpP9uUffpu"" bets 10",2026-09-12T00:20:56.708Z,178917245670800
"Flop:  [6♥, J♦, J♣]",2026-09-12T00:20:53.458Z,178917245345800
"""LingWae @ FQN9hzhzP_"" calls 30",2026-09-12T00:20:52.538Z,178917245253800
"""gurt @ gpP9uUffpu"" raises to 30",2026-09-12T00:20:37.891Z,178917243789100
"""chris @ 5NARaPRkSp"" folds",2026-09-12T00:20:34.725Z,178917243472500
"""LingWae @ FQN9hzhzP_"" calls 10",2026-09-12T00:20:33.708Z,178917243370800
"""DK @ -47FT3Kv-N"" folds",2026-09-12T00:20:29.679Z,178917242967900
"""gurt @ gpP9uUffpu"" posts a big blind of 10",2026-09-12T00:20:25.635Z,178917242563507
"""chris @ 5NARaPRkSp"" posts a small blind of 5",2026-09-12T00:20:25.635Z,178917242563506
"Your hand is 9♣, 6♣",2026-09-12T00:20:25.635Z,178917242563504
"Player stacks: #1 ""LingWae @ FQN9hzhzP_"" (393) | #2 ""chris @ 5NARaPRkSp"" (939) | #8 ""gurt @ gpP9uUffpu"" (1430) | #9 ""DK @ -47FT3Kv-N"" (633)",2026-09-12T00:20:25.635Z,178917242563501
"-- starting hand #60 (id: qkzcvunzz8oo)  No Limit Texas Hold'em (dealer: ""LingWae @ FQN9hzhzP_"") --",2026-09-12T00:20:25.635Z,178917242563500
"-- ending hand #59 --",2026-09-12T00:20:22.720Z,178917242272001
"""gurt @ gpP9uUffpu"" collected 144 from pot",2026-09-12T00:20:22.720Z,178917242272000
"""LingWae @ FQN9hzhzP_"" folds",2026-09-12T00:20:21.894Z,178917242189400
"River: 4♣, 4♥, 10♦, 9♠ [2♣]",2026-09-12T00:20:18.615Z,178917241861500
"""LingWae @ FQN9hzhzP_"" calls 22",2026-09-12T00:20:17.732Z,178917241773200
"""gurt @ gpP9uUffpu"" bets 22",2026-09-12T00:20:16.723Z,178917241672300
"""LingWae @ FQN9hzhzP_"" checks",2026-09-12T00:20:13.125Z,178917241312500
"Turn: 4♣, 4♥, 10♦ [9♠]",2026-09-12T00:20:10.112Z,178917241011200
"""LingWae @ FQN9hzhzP_"" calls 15",2026-09-12T00:20:09.304Z,178917240930400
"""gurt @ gpP9uUffpu"" bets 15",2026-09-12T00:20:07.587Z,178917240758700
"""LingWae @ FQN9hzhzP_"" checks",2026-09-12T00:19:59.314Z,178917239931400
"Flop:  [4♣, 4♥, 10♦]",2026-09-12T00:19:56.571Z,178917239657100
"""chris @ 5NARaPRkSp"" folds",2026-09-12T00:19:55.738Z,178917239573800
"""LingWae @ FQN9hzhzP_"" calls 30",2026-09-12T00:19:46.862Z,178917238686200
"""DK @ -47FT3Kv-N"" folds",2026-09-12T00:19:43.622Z,178917238362200
"""gurt @ gpP9uUffpu"" raises to 30",2026-09-12T00:19:38.110Z,178917237811000
"""chris @ 5NARaPRkSp"" posts a big blind of 10",2026-09-12T00:19:35.661Z,178917237566107
"""LingWae @ FQN9hzhzP_"" posts a small blind of 5",2026-09-12T00:19:35.661Z,178917237566106
"Player stacks: #1 ""LingWae @ FQN9hzhzP_"" (460) | #2 ""chris @ 5NARaPRkSp"" (949) | #8 ""gurt @ gpP9uUffpu"" (1353) | #9 ""DK @ -47FT3Kv-N"" (633)",2026-09-12T00:19:35.661Z,178917237566101
"-- starting hand #59 (id: mt3dnxf4rxev)  No Limit Texas Hold'em (dealer: ""DK @ -47FT3Kv-N"") --",2026-09-12T00:19:35.661Z,178917237566100
"""LingWae @ FQN9hzhzP_"" shows a 2♣.",2026-09-12T00:19:34.209Z,178917237420900
"""LingWae @ FQN9hzhzP_"" shows a Q♠.",2026-09-12T00:19:30.694Z,178917237069400
"-- ending hand #58 --",2026-09-12T00:19:29.157Z,178917236915702
"""DK @ -47FT3Kv-N"" collected 70 from pot with Two Pair, 10's & 8's (combination: J♠, 8♥, 8♣, 10♥, 10♦)",2026-09-12T00:19:29.157Z,178917236915701
"""DK @ -47FT3Kv-N"" shows a 10♥, 8♥.",2026-09-12T00:19:29.157Z,178917236915700
"""gurt @ gpP9uUffpu"" checks",2026-09-12T00:19:28.196Z,178917236819600
"""DK @ -47FT3Kv-N"" checks",2026-09-12T00:19:25.818Z,178917236581800
"River: 10♦, 8♣, J♠, 2♦ [9♣]",2026-09-12T00:19:23.555Z,178917236355500
"""gurt @ gpP9uUffpu"" calls 20",2026-09-12T00:19:22.627Z,178917236262700
"""LingWae @ FQN9hzhzP_"" folds",2026-09-12T00:19:21.584Z,178917236158400
"""DK @ -47FT3Kv-N"" bets 20",2026-09-12T00:19:19.305Z,178917235930500
"Turn: 10♦, 8♣, J♠ [2♦]",2026-09-12T00:19:11.769Z,178917235176900
"""gurt @ gpP9uUffpu"" checks",2026-09-12T00:19:10.965Z,178917235096500
"""LingWae @ FQN9hzhzP_"" checks",2026-09-12T00:19:09.981Z,178917234998100
"""DK @ -47FT3Kv-N"" checks",2026-09-12T00:19:08.947Z,178917234894700
"Flop:  [10♦, 8♣, J♠]",2026-09-12T00:19:05.483Z,178917234548300
"""LingWae @ FQN9hzhzP_"" checks",2026-09-12T00:19:04.669Z,178917234466900
"""DK @ -47FT3Kv-N"" calls 10",2026-09-12T00:19:03.607Z,178917234360700
"""gurt @ gpP9uUffpu"" calls 10",2026-09-12T00:18:59.827Z,178917233982700
"""chris @ 5NARaPRkSp"" folds",2026-09-12T00:18:57.676Z,178917233767600
"""LingWae @ FQN9hzhzP_"" posts a big blind of 10",2026-09-12T00:18:56.061Z,178917233606107
"""DK @ -47FT3Kv-N"" posts a small blind of 5",2026-09-12T00:18:56.061Z,178917233606106
"Player stacks: #1 ""LingWae @ FQN9hzhzP_"" (470) | #2 ""chris @ 5NARaPRkSp"" (949) | #8 ""gurt @ gpP9uUffpu"" (1383) | #9 ""DK @ -47FT3Kv-N"" (593)",2026-09-12T00:18:56.061Z,178917233606101
"-- starting hand #58 (id: btijymmx2jl0)  No Limit Texas Hold'em (dealer: ""gurt @ gpP9uUffpu"") --",2026-09-12T00:18:56.061Z,178917233606100
"""gurt @ gpP9uUffpu"" shows a 4♥, 4♣.",2026-09-12T00:18:48.165Z,178917232816500
"-- ending hand #57 --",2026-09-12T00:18:47.471Z,178917232747102
"""chris @ 5NARaPRkSp"" collected 469 from pot with Pair, A's on the second run  (combination: 5♠, 8♠, K♠, A♥, A♦)",2026-09-12T00:18:47.471Z,178917232747101
"""LingWae @ FQN9hzhzP_"" collected 470 from pot with Three of a Kind, J's (combination: Q♣, K♥, J♣, J♦, J♠)",2026-09-12T00:18:47.471Z,178917232747100
"River (second run): 2♥, 8♠, 5♠, A♦ [4♦]",2026-09-12T00:18:43.456Z,178917232345600
"Turn (second run): 2♥, 8♠, 5♠ [A♦]",2026-09-12T00:18:39.448Z,178917231944800
"Flop (second run):  [2♥, 8♠, 5♠]",2026-09-12T00:18:35.442Z,178917231544200
"River: J♦, 10♦, 7♦, J♠ [K♥]",2026-09-12T00:18:31.290Z,178917231129000
"Turn: J♦, 10♦, 7♦ [J♠]",2026-09-12T00:18:27.259Z,178917230725900
"Flop:  [J♦, 10♦, 7♦]",2026-09-12T00:18:23.244Z,178917230324400
"""chris @ 5NARaPRkSp"" shows a K♠, A♥.",2026-09-12T00:18:19.230Z,178917229923001
"""LingWae @ FQN9hzhzP_"" shows a J♣, Q♣.",2026-09-12T00:18:19.230Z,178917229923000
"All players in hand choose to run it twice.",2026-09-12T00:18:18.419Z,178917229841901
"""chris @ 5NARaPRkSp"" chooses to  run it twice.",2026-09-12T00:18:18.419Z,178917229841900
"""LingWae @ FQN9hzhzP_"" chooses to  run it twice.",2026-09-12T00:18:17.736Z,178917229773600
"Remaining players decide whether to run it twice.",2026-09-12T00:18:16.939Z,178917229693901
"""chris @ 5NARaPRkSp"" calls 462",2026-09-12T00:18:16.939Z,178917229693900
"""LingWae @ FQN9hzhzP_"" raises to 462 and go all in",2026-09-12T00:18:13.996Z,178917229399600
"""DK @ -47FT3Kv-N"" folds",2026-09-12T00:18:05.527Z,178917228552700
"""gurt @ gpP9uUffpu"" folds",2026-09-12T00:18:04.446Z,178917228444600
"""chris @ 5NARaPRkSp"" raises to 90",2026-09-12T00:17:44.680Z,178917226468000
"""LingWae @ FQN9hzhzP_"" raises to 30",2026-09-12T00:17:42.448Z,178917226244800
"""DK @ -47FT3Kv-N"" posts a big blind of 10",2026-09-12T00:17:39.959Z,178917225995908
"""gurt @ gpP9uUffpu"" posts a small blind of 5",2026-09-12T00:17:39.959Z,178917225995907
"Your hand is 4♥, 4♣",2026-09-12T00:17:39.959Z,178917225995905
"Player stacks: #1 ""LingWae @ FQN9hzhzP_"" (462) | #2 ""chris @ 5NARaPRkSp"" (942) | #8 ""gurt @ gpP9uUffpu"" (1388) | #9 ""DK @ -47FT3Kv-N"" (603)",2026-09-12T00:17:39.959Z,178917225995902
"-- starting hand #57 (id: 1syrmdfdw23j)  No Limit Texas Hold'em (dead button) --",2026-09-12T00:17:39.959Z,178917225995901
"The player ""9/2 @ d-4X_F_SSU"" quits the game with a stack of 1105.",2026-09-12T00:17:39.959Z,178917225995900
"-- ending hand #56 --",2026-09-12T00:17:33.932Z,178917225393202
"""chris @ 5NARaPRkSp"" collected 85 from pot",2026-09-12T00:17:33.932Z,178917225393201
"Uncalled bet of 40 returned to ""chris @ 5NARaPRkSp""",2026-09-12T00:17:33.932Z,178917225393200
"""LingWae @ FQN9hzhzP_"" folds",2026-09-12T00:17:32.962Z,178917225296200
"""chris @ 5NARaPRkSp"" bets 40",2026-09-12T00:17:30.518Z,178917225051800
"""LingWae @ FQN9hzhzP_"" checks",2026-09-12T00:17:26.971Z,178917224697100
"Flop:  [10♥, 6♦, J♣]",2026-09-12T00:17:24.685Z,178917224468500
"""LingWae @ FQN9hzhzP_"" calls 35",2026-09-12T00:17:23.826Z,178917224382600
"""gurt @ gpP9uUffpu"" folds",2026-09-12T00:17:20.591Z,178917224059100
"""9/2 @ d-4X_F_SSU"" folds",2026-09-12T00:17:17.329Z,178917223732900
"""chris @ 5NARaPRkSp"" raises to 35",2026-09-12T00:17:15.654Z,178917223565400
"""LingWae @ FQN9hzhzP_"" calls 10",2026-09-12T00:17:13.308Z,178917223330800
"""DK @ -47FT3Kv-N"" folds",2026-09-12T00:17:08.352Z,178917222835200
"""gurt @ gpP9uUffpu"" posts a big blind of 10",2026-09-12T00:17:06.879Z,178917222687908
"""9/2 @ d-4X_F_SSU"" posts a small blind of 5",2026-09-12T00:17:06.879Z,178917222687907
"Player stacks: #1 ""LingWae @ FQN9hzhzP_"" (497) | #2 ""chris @ 5NARaPRkSp"" (892) | #6 ""9/2 @ d-4X_F_SSU"" (1110) | #8 ""gurt @ gpP9uUffpu"" (1398) | #9 ""DK @ -47FT3Kv-N"" (603)",2026-09-12T00:17:06.879Z,178917222687901
"-- starting hand #56 (id: w6pcmsdsptoj)  No Limit Texas Hold'em (dealer: ""chris @ 5NARaPRkSp"") --",2026-09-12T00:17:06.879Z,178917222687900
"""LingWae @ FQN9hzhzP_"" shows a 5♣, 2♣.",2026-09-12T00:17:03.166Z,178917222316600
"Undealt cards: 7♣, 9♠, J♣, K♠ [8♥]",2026-09-12T00:17:01.010Z,178917222101000
"-- ending hand #55 --",2026-09-12T00:17:00.251Z,178917222025102
"""9/2 @ d-4X_F_SSU"" collected 150 from pot",2026-09-12T00:17:00.251Z,178917222025101
"Uncalled bet of 45 returned to ""9/2 @ d-4X_F_SSU""",2026-09-12T00:17:00.251Z,178917222025100
"""gurt @ gpP9uUffpu"" folds",2026-09-12T00:16:59.368Z,178917221936800
"""9/2 @ d-4X_F_SSU"" bets 45",2026-09-12T00:16:58.198Z,178917221819800
"Turn: 7♣, 9♠, J♣ [K♠]",2026-09-12T00:16:55.800Z,178917221580000
"""chris @ 5NARaPRkSp"" folds",2026-09-12T00:16:54.924Z,178917221492400
"""gurt @ gpP9uUffpu"" calls 30",2026-09-12T00:16:52.579Z,178917221257900
"""9/2 @ d-4X_F_SSU"" bets 30",2026-09-12T00:16:45.153Z,178917220515300
"""chris @ 5NARaPRkSp"" checks",2026-09-12T00:16:42.507Z,178917220250700
"Flop:  [7♣, 9♠, J♣]",2026-09-12T00:16:40.458Z,178917220045800
"""9/2 @ d-4X_F_SSU"" calls 30",2026-09-12T00:16:39.599Z,178917219959900
"""chris @ 5NARaPRkSp"" calls 30",2026-09-12T00:16:37.151Z,178917219715100
"""LingWae @ FQN9hzhzP_"" folds",2026-09-12T00:16:36.178Z,178917219617800
"""DK @ -47FT3Kv-N"" folds",2026-09-12T00:16:32.886Z,178917219288600
"""gurt @ gpP9uUffpu"" raises to 30",2026-09-12T00:16:30.759Z,178917219075900
"""9/2 @ d-4X_F_SSU"" posts a big blind of 10",2026-09-12T00:16:27.470Z,178917218747008
"""chris @ 5NARaPRkSp"" posts a small blind of 5",2026-09-12T00:16:27.470Z,178917218747007
"Player stacks: #1 ""LingWae @ FQN9hzhzP_"" (497) | #2 ""chris @ 5NARaPRkSp"" (922) | #6 ""9/2 @ d-4X_F_SSU"" (1020) | #8 ""gurt @ gpP9uUffpu"" (1458) | #9 ""DK @ -47FT3Kv-N"" (603)",2026-09-12T00:16:27.470Z,178917218747001
"-- starting hand #55 (id: r4biakjxeicz)  No Limit Texas Hold'em (dealer: ""LingWae @ FQN9hzhzP_"") --",2026-09-12T00:16:27.470Z,178917218747000
"-- ending hand #54 --",2026-09-12T00:16:21.553Z,178917218155302
"""9/2 @ d-4X_F_SSU"" collected 210 from pot",2026-09-12T00:16:21.553Z,178917218155301
"Uncalled bet of 40 returned to ""9/2 @ d-4X_F_SSU""",2026-09-12T00:16:21.553Z,178917218155300
"""LingWae @ FQN9hzhzP_"" folds",2026-09-12T00:16:20.729Z,178917218072900
"""9/2 @ d-4X_F_SSU"" bets 40",2026-09-12T00:16:19.678Z,178917217967800
"""LingWae @ FQN9hzhzP_"" checks",2026-09-12T00:16:16.779Z,178917217677900
"Turn: 9♥, A♣, 9♦ [K♣]",2026-09-12T00:16:13.733Z,178917217373300
"""LingWae @ FQN9hzhzP_"" calls 40",2026-09-12T00:16:12.888Z,178917217288800
"""DK @ -47FT3Kv-N"" folds",2026-09-12T00:16:02.946Z,178917216294600
"""9/2 @ d-4X_F_SSU"" bets 40",2026-09-12T00:16:01.389Z,178917216138900
"""LingWae @ FQN9hzhzP_"" checks",2026-09-12T00:15:59.633Z,178917215963300
"Flop:  [9♥, A♣, 9♦]",2026-09-12T00:15:57.607Z,178917215760700
"""chris @ 5NARaPRkSp"" folds",2026-09-12T00:15:56.787Z,178917215678700
"""LingWae @ FQN9hzhzP_"" calls 40",2026-09-12T00:15:53.912Z,178917215391200
"""DK @ -47FT3Kv-N"" calls 40",2026-09-12T00:15:49.505Z,178917214950500
"""gurt @ gpP9uUffpu"" folds",2026-09-12T00:15:26.238Z,178917212623800
"""9/2 @ d-4X_F_SSU"" raises to 40",2026-09-12T00:15:25.269Z,178917212526900
"""chris @ 5NARaPRkSp"" posts a big blind of 10",2026-09-12T00:15:11.563Z,178917211156308
"""LingWae @ FQN9hzhzP_"" posts a small blind of 5",2026-09-12T00:15:11.563Z,178917211156307
"Player stacks: #1 ""LingWae @ FQN9hzhzP_"" (577) | #2 ""chris @ 5NARaPRkSp"" (932) | #6 ""9/2 @ d-4X_F_SSU"" (890) | #8 ""gurt @ gpP9uUffpu"" (1458) | #9 ""DK @ -47FT3Kv-N"" (643)",2026-09-12T00:15:11.563Z,178917211156301
"-- starting hand #54 (id: ei6tpltul5wz)  No Limit Texas Hold'em (dealer: ""DK @ -47FT3Kv-N"") --",2026-09-12T00:15:11.563Z,178917211156300
"""9/2 @ d-4X_F_SSU"" shows a 7♦, 3♣.",2026-09-12T00:15:07.417Z,178917210741700
"-- ending hand #53 --",2026-09-12T00:15:05.054Z,178917210505402
"""LingWae @ FQN9hzhzP_"" collected 40 from pot with Full House, 7's over 6's (combination: 6♦, 6♠, 7♣, 7♥, 7♠)",2026-09-12T00:15:05.054Z,178917210505401
"""LingWae @ FQN9hzhzP_"" shows a 7♣, 6♦.",2026-09-12T00:15:05.054Z,178917210505400
"""DK @ -47FT3Kv-N"" calls 10",2026-09-12T00:15:04.244Z,178917210424400
"""LingWae @ FQN9hzhzP_"" bets 10",2026-09-12T00:15:01.095Z,178917210109500
"""DK @ -47FT3Kv-N"" checks",2026-09-12T00:14:57.438Z,178917209743800
"River: Q♦, 7♥, 7♠, 3♦ [6♠]",2026-09-12T00:14:55.372Z,178917209537200
"""LingWae @ FQN9hzhzP_"" checks",2026-09-12T00:14:54.529Z,178917209452900
"""DK @ -47FT3Kv-N"" checks",2026-09-12T00:14:53.519Z,178917209351900
"Turn: Q♦, 7♥, 7♠ [3♦]",2026-09-12T00:14:50.662Z,178917209066200
"""LingWae @ FQN9hzhzP_"" checks",2026-09-12T00:14:49.853Z,178917208985300
"""DK @ -47FT3Kv-N"" checks",2026-09-12T00:14:48.933Z,178917208893300
"Flop:  [Q♦, 7♥, 7♠]",2026-09-12T00:14:45.169Z,178917208516900
"""LingWae @ FQN9hzhzP_"" checks",2026-09-12T00:14:44.357Z,178917208435700
"""DK @ -47FT3Kv-N"" calls 10",2026-09-12T00:14:43.182Z,178917208318200
"""gurt @ gpP9uUffpu"" folds",2026-09-12T00:14:37.443Z,178917207744300
"""9/2 @ d-4X_F_SSU"" folds",2026-09-12T00:14:35.654Z,178917207565400
"""chris @ 5NARaPRkSp"" folds",2026-09-12T00:14:27.429Z,178917206742900
"""LingWae @ FQN9hzhzP_"" posts a big blind of 10",2026-09-12T00:14:22.151Z,178917206215108
"""DK @ -47FT3Kv-N"" posts a small blind of 5",2026-09-12T00:14:22.151Z,178917206215107
"Player stacks: #1 ""LingWae @ FQN9hzhzP_"" (557) | #2 ""chris @ 5NARaPRkSp"" (932) | #6 ""9/2 @ d-4X_F_SSU"" (890) | #8 ""gurt @ gpP9uUffpu"" (1458) | #9 ""DK @ -47FT3Kv-N"" (663)",2026-09-12T00:14:22.151Z,178917206215101
"-- starting hand #53 (id: mwsti2utc55x)  No Limit Texas Hold'em (dealer: ""gurt @ gpP9uUffpu"") --",2026-09-12T00:14:22.151Z,178917206215100
"-- ending hand #52 --",2026-09-12T00:14:16.146Z,178917205614601
"""DK @ -47FT3Kv-N"" collected 30 from pot",2026-09-12T00:14:16.146Z,178917205614600
"""LingWae @ FQN9hzhzP_"" folds",2026-09-12T00:14:15.283Z,178917205528300
"""DK @ -47FT3Kv-N"" checks",2026-09-12T00:14:13.173Z,178917205317300
"""gurt @ gpP9uUffpu"" folds",2026-09-12T00:14:06.806Z,178917204680600
"Flop:  [9♦, 6♥, K♦]",2026-09-12T00:14:04.234Z,178917204423400
"""DK @ -47FT3Kv-N"" checks",2026-09-12T00:14:03.418Z,178917204341800
"""gurt @ gpP9uUffpu"" calls 10",2026-09-12T00:14:01.035Z,178917204103500
"""9/2 @ d-4X_F_SSU"" folds",2026-09-12T00:13:56.050Z,178917203605000
"""chris @ 5NARaPRkSp"" folds",2026-09-12T00:13:54.825Z,178917203482500
"""LingWae @ FQN9hzhzP_"" calls 10",2026-09-12T00:13:48.443Z,178917202844300
"""DK @ -47FT3Kv-N"" posts a big blind of 10",2026-09-12T00:13:45.762Z,178917202576208
"""gurt @ gpP9uUffpu"" posts a small blind of 5",2026-09-12T00:13:45.762Z,178917202576207
"Player stacks: #1 ""LingWae @ FQN9hzhzP_"" (567) | #2 ""chris @ 5NARaPRkSp"" (932) | #6 ""9/2 @ d-4X_F_SSU"" (890) | #8 ""gurt @ gpP9uUffpu"" (1468) | #9 ""DK @ -47FT3Kv-N"" (643)",2026-09-12T00:13:45.762Z,178917202576201
"-- starting hand #52 (id: dv1xxwzdfh39)  No Limit Texas Hold'em (dealer: ""9/2 @ d-4X_F_SSU"") --",2026-09-12T00:13:45.762Z,178917202576200
"-- ending hand #51 --",2026-09-12T00:13:39.671Z,178917201967102
"""LingWae @ FQN9hzhzP_"" collected 299 from pot with Pair, A's (combination: 9♥, J♠, Q♠, A♣, A♦)",2026-09-12T00:13:39.671Z,178917201967101
"""LingWae @ FQN9hzhzP_"" shows a J♠, A♣.",2026-09-12T00:13:39.671Z,178917201967100
"""DK @ -47FT3Kv-N"" calls 25",2026-09-12T00:13:38.854Z,178917201885400
"""LingWae @ FQN9hzhzP_"" bets 25",2026-09-12T00:13:24.599Z,178917200459900
"""DK @ -47FT3Kv-N"" checks",2026-09-12T00:13:12.064Z,178917199206400
"River: 9♥, A♦, 7♥, 4♥ [Q♠]",2026-09-12T00:13:10.451Z,178917199045100
"""LingWae @ FQN9hzhzP_"" checks",2026-09-12T00:13:09.625Z,178917198962500
"""DK @ -47FT3Kv-N"" checks",2026-09-12T00:13:08.659Z,178917198865900
"Turn: 9♥, A♦, 7♥ [4♥]",2026-09-12T00:13:06.738Z,178917198673800
"""DK @ -47FT3Kv-N"" calls 67",2026-09-12T00:13:05.853Z,178917198585300
"""LingWae @ FQN9hzhzP_"" bets 67",2026-09-12T00:13:03.163Z,178917198316300
"""DK @ -47FT3Kv-N"" checks",2026-09-12T00:12:59.090Z,178917197909000
"Flop:  [9♥, A♦, 7♥]",2026-09-12T00:12:48.790Z,178917196879000
"""DK @ -47FT3Kv-N"" calls 50",2026-09-12T00:12:47.976Z,178917196797600
"""gurt @ gpP9uUffpu"" folds",2026-09-12T00:12:31.538Z,178917195153800
"""9/2 @ d-4X_F_SSU"" folds",2026-09-12T00:12:28.946Z,178917194894600
"""chris @ 5NARaPRkSp"" folds",2026-09-12T00:12:22.642Z,178917194264200
"""LingWae @ FQN9hzhzP_"" raises to 50",2026-09-12T00:12:16.101Z,178917193610100
"""DK @ -47FT3Kv-N"" calls 10",2026-09-12T00:12:06.812Z,178917192681200
"""gurt @ gpP9uUffpu"" posts a big blind of 10",2026-09-12T00:11:57.674Z,178917191767408
"""9/2 @ d-4X_F_SSU"" posts a small blind of 5",2026-09-12T00:11:57.674Z,178917191767407
"Player stacks: #1 ""LingWae @ FQN9hzhzP_"" (410) | #2 ""chris @ 5NARaPRkSp"" (932) | #6 ""9/2 @ d-4X_F_SSU"" (895) | #8 ""gurt @ gpP9uUffpu"" (1478) | #9 ""DK @ -47FT3Kv-N"" (785)",2026-09-12T00:11:57.674Z,178917191767401
"-- starting hand #51 (id: iaxodory3h12)  No Limit Texas Hold'em (dealer: ""chris @ 5NARaPRkSp"") --",2026-09-12T00:11:57.674Z,178917191767400
"""9/2 @ d-4X_F_SSU"" shows a J♠.",2026-09-12T00:11:50.799Z,178917191079900
"-- ending hand #50 --",2026-09-12T00:11:49.144Z,178917190914402
"""chris @ 5NARaPRkSp"" collected 466 from pot with Pair, K's on the second run  (combination: 9♠, Q♣, A♦, K♣, K♥)",2026-09-12T00:11:49.144Z,178917190914401
"""chris @ 5NARaPRkSp"" collected 466 from pot with Pair, K's (combination: 6♦, 9♠, A♦, K♣, K♥)",2026-09-12T00:11:49.144Z,178917190914400
"River (second run): 3♠, A♦, 9♠, 4♣ [Q♣]",2026-09-12T00:11:45.100Z,178917190510000
"River: 3♠, A♦, 9♠, 4♣ [6♦]",2026-09-12T00:11:41.084Z,178917190108400
"""chris @ 5NARaPRkSp"" shows a K♣, K♥.",2026-09-12T00:11:37.058Z,178917189705801
"""LingWae @ FQN9hzhzP_"" shows a 5♠, 4♠.",2026-09-12T00:11:37.058Z,178917189705800
"All players in hand choose to run it twice.",2026-09-12T00:11:36.175Z,178917189617501
"""chris @ 5NARaPRkSp"" chooses to  run it twice.",2026-09-12T00:11:36.175Z,178917189617500
"""LingWae @ FQN9hzhzP_"" chooses to  run it twice.",2026-09-12T00:11:35.370Z,178917189537000
"Remaining players decide whether to run it twice.",2026-09-12T00:11:34.624Z,178917189462401
"""LingWae @ FQN9hzhzP_"" calls 361",2026-09-12T00:11:34.624Z,178917189462400
"""chris @ 5NARaPRkSp"" bets 361 and go all in",2026-09-12T00:11:18.881Z,178917187888100
"Turn: 3♠, A♦, 9♠ [4♣]",2026-09-12T00:11:12.920Z,178917187292000
"""LingWae @ FQN9hzhzP_"" checks",2026-09-12T00:11:12.074Z,178917187207400
"""chris @ 5NARaPRkSp"" checks",2026-09-12T00:11:05.158Z,178917186515800
"Flop:  [3♠, A♦, 9♠]",2026-09-12T00:11:01.196Z,178917186119600
"""LingWae @ FQN9hzhzP_"" calls 100",2026-09-12T00:11:00.292Z,178917186029200
"""9/2 @ d-4X_F_SSU"" folds",2026-09-12T00:10:58.589Z,178917185858900
"""chris @ 5NARaPRkSp"" raises to 100",2026-09-12T00:10:55.425Z,178917185542500
"""LingWae @ FQN9hzhzP_"" raises to 30",2026-09-12T00:10:52.583Z,178917185258300
"""DK @ -47FT3Kv-N"" folds",2026-09-12T00:10:50.729Z,178917185072900
"""gurt @ gpP9uUffpu"" folds",2026-09-12T00:10:49.076Z,178917184907600
"""9/2 @ d-4X_F_SSU"" posts a big blind of 10",2026-09-12T00:10:47.219Z,178917184721908
"""chris @ 5NARaPRkSp"" posts a small blind of 5",2026-09-12T00:10:47.219Z,178917184721907
"Player stacks: #1 ""LingWae @ FQN9hzhzP_"" (871) | #2 ""chris @ 5NARaPRkSp"" (461) | #6 ""9/2 @ d-4X_F_SSU"" (905) | #8 ""gurt @ gpP9uUffpu"" (1478) | #9 ""DK @ -47FT3Kv-N"" (785)",2026-09-12T00:10:47.219Z,178917184721901
"-- starting hand #50 (id: tvppwdp8b9ht)  No Limit Texas Hold'em (dealer: ""LingWae @ FQN9hzhzP_"") --",2026-09-12T00:10:47.219Z,178917184721900
"""gurt @ gpP9uUffpu"" shows a 7♠.",2026-09-12T00:10:44.264Z,178917184426400
"Undealt cards: 4♦, 7♣, 2♦ [7♥, 6♠]",2026-09-12T00:10:42.001Z,178917184200100
"-- ending hand #49 --",2026-09-12T00:10:40.603Z,178917184060302
"""9/2 @ d-4X_F_SSU"" collected 200 from pot",2026-09-12T00:10:40.603Z,178917184060301
"Uncalled bet of 72 returned to ""9/2 @ d-4X_F_SSU""",2026-09-12T00:10:40.603Z,178917184060300
"""chris @ 5NARaPRkSp"" folds",2026-09-12T00:10:39.776Z,178917183977600
"""9/2 @ d-4X_F_SSU"" bets 72",2026-09-12T00:10:37.913Z,178917183791300
"""chris @ 5NARaPRkSp"" checks",2026-09-12T00:10:32.342Z,178917183234200
"Flop:  [4♦, 7♣, 2♦]",2026-09-12T00:10:27.153Z,178917182715300
"""chris @ 5NARaPRkSp"" calls 90",2026-09-12T00:10:26.344Z,178917182634400
"""LingWae @ FQN9hzhzP_"" folds",2026-09-12T00:10:24.657Z,178917182465700
"""gurt @ gpP9uUffpu"" folds",2026-09-12T00:10:13.104Z,178917181310400
"""9/2 @ d-4X_F_SSU"" raises to 90",2026-09-12T00:10:10.558Z,178917181055800
"""chris @ 5NARaPRkSp"" raises to 30",2026-09-12T00:10:08.440Z,178917180844000
"""LingWae @ FQN9hzhzP_"" calls 10",2026-09-12T00:10:06.576Z,178917180657600
"""DK @ -47FT3Kv-N"" folds",2026-09-12T00:10:05.354Z,178917180535400
"""gurt @ gpP9uUffpu"" calls 10",2026-09-12T00:10:03.924Z,178917180392400
"""9/2 @ d-4X_F_SSU"" calls 10",2026-09-12T00:10:01.642Z,178917180164200
"""chris @ 5NARaPRkSp"" posts a big blind of 10",2026-09-12T00:09:55.982Z,178917179598208
"""LingWae @ FQN9hzhzP_"" posts a small blind of 5",2026-09-12T00:09:55.982Z,178917179598207
"Player stacks: #1 ""LingWae @ FQN9hzhzP_"" (881) | #2 ""chris @ 5NARaPRkSp"" (551) | #6 ""9/2 @ d-4X_F_SSU"" (795) | #8 ""gurt @ gpP9uUffpu"" (1488) | #9 ""DK @ -47FT3Kv-N"" (785)",2026-09-12T00:09:55.982Z,178917179598201
"-- starting hand #49 (id: wajl8njoqupm)  No Limit Texas Hold'em (dealer: ""DK @ -47FT3Kv-N"") --",2026-09-12T00:09:55.982Z,178917179598200
"-- ending hand #48 --",2026-09-12T00:09:53.068Z,178917179306802
"""gurt @ gpP9uUffpu"" collected 435 from pot",2026-09-12T00:09:53.068Z,178917179306801
"Uncalled bet of 60 returned to ""gurt @ gpP9uUffpu""",2026-09-12T00:09:53.068Z,178917179306800
"""LingWae @ FQN9hzhzP_"" folds",2026-09-12T00:09:52.181Z,178917179218100
"""gurt @ gpP9uUffpu"" bets 60",2026-09-12T00:09:51.126Z,178917179112600
"""LingWae @ FQN9hzhzP_"" checks",2026-09-12T00:09:47.188Z,178917178718800
"River: J♠, 4♠, K♥, 3♣ [9♦]",2026-09-12T00:09:42.772Z,178917178277200
"""chris @ 5NARaPRkSp"" folds",2026-09-12T00:09:41.960Z,178917178196000
"""LingWae @ FQN9hzhzP_"" calls 120",2026-09-12T00:09:40.564Z,178917178056400
"""gurt @ gpP9uUffpu"" raises to 120",2026-09-12T00:09:36.370Z,178917177637000
"""chris @ 5NARaPRkSp"" calls 10",2026-09-12T00:09:33.594Z,178917177359400
"""LingWae @ FQN9hzhzP_"" bets 10",2026-09-12T00:09:31.670Z,178917177167000
"Turn: J♠, 4♠, K♥ [3♣]",2026-09-12T00:09:18.835Z,178917175883500
"""chris @ 5NARaPRkSp"" calls 40",2026-09-12T00:09:17.975Z,178917175797500
"""LingWae @ FQN9hzhzP_"" calls 40",2026-09-12T00:09:12.813Z,178917175281300
"""gurt @ gpP9uUffpu"" raises to 40",2026-09-12T00:09:08.198Z,178917174819800
"""chris @ 5NARaPRkSp"" bets 10",2026-09-12T00:09:05.644Z,178917174564400
"""LingWae @ FQN9hzhzP_"" checks",2026-09-12T00:09:03.900Z,178917174390000
"Flop:  [J♠, 4♠, K♥]",2026-09-12T00:09:02.214Z,178917174221400
"""LingWae @ FQN9hzhzP_"" calls 20",2026-09-12T00:09:01.377Z,178917174137700
"""DK @ -47FT3Kv-N"" folds",2026-09-12T00:08:59.930Z,178917173993000
"""gurt @ gpP9uUffpu"" calls 20",2026-09-12T00:08:58.840Z,178917173884000
"""9/2 @ d-4X_F_SSU"" folds",2026-09-12T00:08:57.253Z,178917173725300
"""chris @ 5NARaPRkSp"" raises to 20",2026-09-12T00:08:56.246Z,178917173624600
"""LingWae @ FQN9hzhzP_"" posts a big blind of 10",2026-09-12T00:08:53.424Z,178917173342408
"""DK @ -47FT3Kv-N"" posts a small blind of 5",2026-09-12T00:08:53.424Z,178917173342407
"Player stacks: #1 ""LingWae @ FQN9hzhzP_"" (1061) | #2 ""chris @ 5NARaPRkSp"" (621) | #6 ""9/2 @ d-4X_F_SSU"" (795) | #8 ""gurt @ gpP9uUffpu"" (1233) | #9 ""DK @ -47FT3Kv-N"" (790)",2026-09-12T00:08:53.424Z,178917173342401
"-- starting hand #48 (id: roif3a1ecdm3)  No Limit Texas Hold'em (dealer: ""gurt @ gpP9uUffpu"") --",2026-09-12T00:08:53.424Z,178917173342400
"""LingWae @ FQN9hzhzP_"" shows a 6♦, 2♥.",2026-09-12T00:08:48.846Z,178917172884600
"-- ending hand #47 --",2026-09-12T00:08:46.874Z,178917172687403
"""9/2 @ d-4X_F_SSU"" collected 200 from pot with Two Pair, 7's & 3's (combination: J♥, 3♦, 3♣, 7♦, 7♣)",2026-09-12T00:08:46.874Z,178917172687402
"""9/2 @ d-4X_F_SSU"" shows a 2♦, 3♦.",2026-09-12T00:08:46.874Z,178917172687401
"""gurt @ gpP9uUffpu"" shows a K♦, Q♠.",2026-09-12T00:08:46.874Z,178917172687400
"""9/2 @ d-4X_F_SSU"" checks",2026-09-12T00:08:46.034Z,178917172603400
"""gurt @ gpP9uUffpu"" checks",2026-09-12T00:08:45.161Z,178917172516100
"River: 7♦, J♥, 3♣, 5♠ [7♣]",2026-09-12T00:08:42.872Z,178917172287200
"""9/2 @ d-4X_F_SSU"" checks",2026-09-12T00:08:42.020Z,178917172202000
"""gurt @ gpP9uUffpu"" checks",2026-09-12T00:08:41.116Z,178917172111600
"Turn: 7♦, J♥, 3♣ [5♠]",2026-09-12T00:08:38.567Z,178917171856700
"""9/2 @ d-4X_F_SSU"" checks",2026-09-12T00:08:37.758Z,178917171775800
"""gurt @ gpP9uUffpu"" checks",2026-09-12T00:08:36.521Z,178917171652100
"Flop:  [7♦, J♥, 3♣]",2026-09-12T00:08:33.889Z,178917171388900
"""9/2 @ d-4X_F_SSU"" calls 90",2026-09-12T00:08:33.058Z,178917171305800
"""chris @ 5NARaPRkSp"" folds",2026-09-12T00:08:32.180Z,178917171218000
"""DK @ -47FT3Kv-N"" folds",2026-09-12T00:08:31.225Z,178917171122500
"""gurt @ gpP9uUffpu"" raises to 90",2026-09-12T00:08:29.381Z,178917170938100
"""9/2 @ d-4X_F_SSU"" raises to 30",2026-09-12T00:08:26.206Z,178917170620600
"""chris @ 5NARaPRkSp"" calls 10",2026-09-12T00:08:21.533Z,178917170153300
"""LingWae @ FQN9hzhzP_"" folds",2026-09-12T00:08:20.500Z,178917170050000
"""DK @ -47FT3Kv-N"" posts a big blind of 10",2026-09-12T00:08:18.657Z,178917169865708
"""gurt @ gpP9uUffpu"" posts a small blind of 5",2026-09-12T00:08:18.657Z,178917169865707
"Your hand is K♦, Q♠",2026-09-12T00:08:18.657Z,178917169865705
"Player stacks: #1 ""LingWae @ FQN9hzhzP_"" (1061) | #2 ""chris @ 5NARaPRkSp"" (631) | #6 ""9/2 @ d-4X_F_SSU"" (685) | #8 ""gurt @ gpP9uUffpu"" (1323) | #9 ""DK @ -47FT3Kv-N"" (800)",2026-09-12T00:08:18.657Z,178917169865701
"-- starting hand #47 (id: gae6a4ezmroq)  No Limit Texas Hold'em (dealer: ""9/2 @ d-4X_F_SSU"") --",2026-09-12T00:08:18.657Z,178917169865700
"""DK @ -47FT3Kv-N"" shows a Q♥.",2026-09-12T00:08:14.523Z,178917169452300
"""gurt @ gpP9uUffpu"" shows a 5♦.",2026-09-12T00:08:14.342Z,178917169434200
"""LingWae @ FQN9hzhzP_"" shows a 4♦, J♣.",2026-09-12T00:08:12.767Z,178917169276700
"-- ending hand #46 --",2026-09-12T00:08:11.152Z,178917169115202
"""9/2 @ d-4X_F_SSU"" collected 30 from pot with Pair, 6's (combination: 10♣, Q♦, K♣, 6♠, 6♣)",2026-09-12T00:08:11.152Z,178917169115201
"""9/2 @ d-4X_F_SSU"" shows a 6♠, 4♣.",2026-09-12T00:08:11.152Z,178917169115200
"""LingWae @ FQN9hzhzP_"" checks",2026-09-12T00:08:10.308Z,178917169030800
"""gurt @ gpP9uUffpu"" checks",2026-09-12T00:08:07.485Z,178917168748500
"""9/2 @ d-4X_F_SSU"" checks",2026-09-12T00:08:06.469Z,178917168646900
"River: 5♥, Q♦, K♣, 10♣ [6♣]",2026-09-12T00:08:05.744Z,178917168574400
"""LingWae @ FQN9hzhzP_"" checks",2026-09-12T00:08:04.857Z,178917168485700
"""gurt @ gpP9uUffpu"" checks",2026-09-12T00:08:03.512Z,178917168351200
"""9/2 @ d-4X_F_SSU"" checks",2026-09-12T00:08:02.570Z,178917168257000
"Turn: 5♥, Q♦, K♣ [10♣]",2026-09-12T00:08:01.946Z,178917168194600
"""LingWae @ FQN9hzhzP_"" checks",2026-09-12T00:08:01.028Z,178917168102800
"""gurt @ gpP9uUffpu"" checks",2026-09-12T00:07:59.872Z,178917167987200
"""9/2 @ d-4X_F_SSU"" checks",2026-09-12T00:07:58.430Z,178917167843000
"Flop:  [5♥, Q♦, K♣]",2026-09-12T00:07:57.390Z,178917167739000
"""gurt @ gpP9uUffpu"" checks",2026-09-12T00:07:56.564Z,178917167656400
"""9/2 @ d-4X_F_SSU"" calls 10",2026-09-12T00:07:55.627Z,178917167562700
"""chris @ 5NARaPRkSp"" folds",2026-09-12T00:07:52.239Z,178917167223900
"""LingWae @ FQN9hzhzP_"" calls 10",2026-09-12T00:07:51.302Z,178917167130200
"""DK @ -47FT3Kv-N"" folds",2026-09-12T00:07:44.218Z,178917166421800
"""gurt @ gpP9uUffpu"" posts a big blind of 10",2026-09-12T00:07:42.381Z,178917166238108
"""9/2 @ d-4X_F_SSU"" posts a small blind of 5",2026-09-12T00:07:42.381Z,178917166238107
"Player stacks: #1 ""LingWae @ FQN9hzhzP_"" (1071) | #2 ""chris @ 5NARaPRkSp"" (631) | #6 ""9/2 @ d-4X_F_SSU"" (665) | #8 ""gurt @ gpP9uUffpu"" (1333) | #9 ""DK @ -47FT3Kv-N"" (800)",2026-09-12T00:07:42.381Z,178917166238101
"-- starting hand #46 (id: gtuulyrhvd6j)  No Limit Texas Hold'em (dealer: ""chris @ 5NARaPRkSp"") --",2026-09-12T00:07:42.381Z,178917166238100
"Undealt cards:  [4♠, 8♣, 7♥, 6♥, K♣]",2026-09-12T00:07:38.170Z,178917165817000
"""DK @ -47FT3Kv-N"" shows a K♦, 4♦.",2026-09-12T00:07:37.629Z,178917165762900
"""LingWae @ FQN9hzhzP_"" shows a 6♠, 4♥.",2026-09-12T00:07:35.959Z,178917165595900
"-- ending hand #45 --",2026-09-12T00:07:35.067Z,178917165506702
"""chris @ 5NARaPRkSp"" collected 40 from pot",2026-09-12T00:07:35.067Z,178917165506701
"Uncalled bet of 591 returned to ""chris @ 5NARaPRkSp""",2026-09-12T00:07:35.067Z,178917165506700
"""LingWae @ FQN9hzhzP_"" folds",2026-09-12T00:07:34.202Z,178917165420200
"""DK @ -47FT3Kv-N"" folds",2026-09-12T00:07:32.161Z,178917165216100
"""9/2 @ d-4X_F_SSU"" folds",2026-09-12T00:07:26.934Z,178917164693400
"""chris @ 5NARaPRkSp"" raises to 601 and go all in",2026-09-12T00:07:06.249Z,178917162624900
"""LingWae @ FQN9hzhzP_"" calls 10",2026-09-12T00:07:02.688Z,178917162268800
"""DK @ -47FT3Kv-N"" calls 10",2026-09-12T00:06:53.947Z,178917161394700
"""gurt @ gpP9uUffpu"" folds",2026-09-12T00:06:48.269Z,178917160826900
"""9/2 @ d-4X_F_SSU"" posts a big blind of 10",2026-09-12T00:06:45.765Z,178917160576508
"""chris @ 5NARaPRkSp"" posts a small blind of 5",2026-09-12T00:06:45.765Z,178917160576507
"Player stacks: #1 ""LingWae @ FQN9hzhzP_"" (1081) | #2 ""chris @ 5NARaPRkSp"" (601) | #6 ""9/2 @ d-4X_F_SSU"" (675) | #8 ""gurt @ gpP9uUffpu"" (1333) | #9 ""DK @ -47FT3Kv-N"" (810)",2026-09-12T00:06:45.765Z,178917160576501
"-- starting hand #45 (id: g0pnoudbc5pn)  No Limit Texas Hold'em (dealer: ""LingWae @ FQN9hzhzP_"") --",2026-09-12T00:06:45.765Z,178917160576500
"""DK @ -47FT3Kv-N"" shows a 9♠, A♠.",2026-09-12T00:06:40.644Z,178917160064400
"""gurt @ gpP9uUffpu"" shows a 4♥.",2026-09-12T00:06:40.270Z,178917160027000
"""LingWae @ FQN9hzhzP_"" shows a 6♣.",2026-09-12T00:06:40.099Z,178917160009900
"Undealt cards: 9♦, 5♠, 6♠ [A♥, 7♠]",2026-09-12T00:06:38.086Z,178917159808600
"-- ending hand #44 --",2026-09-12T00:06:37.762Z,178917159776202
"""DK @ -47FT3Kv-N"" collected 90 from pot",2026-09-12T00:06:37.762Z,178917159776201
"Uncalled bet of 67 returned to ""DK @ -47FT3Kv-N""",2026-09-12T00:06:37.762Z,178917159776200
"""chris @ 5NARaPRkSp"" folds",2026-09-12T00:06:36.897Z,178917159689700
"""LingWae @ FQN9hzhzP_"" folds",2026-09-12T00:06:34.450Z,178917159445000
"""DK @ -47FT3Kv-N"" bets 67",2026-09-12T00:06:33.549Z,178917159354900
"""chris @ 5NARaPRkSp"" checks",2026-09-12T00:06:29.166Z,178917158916600
"""LingWae @ FQN9hzhzP_"" checks",2026-09-12T00:06:27.728Z,178917158772800
"Flop:  [9♦, 5♠, 6♠]",2026-09-12T00:06:24.550Z,178917158455000
"""LingWae @ FQN9hzhzP_"" calls 30",2026-09-12T00:06:23.742Z,178917158374200
"""DK @ -47FT3Kv-N"" calls 30",2026-09-12T00:06:21.286Z,178917158128600
"""chris @ 5NARaPRkSp"" raises to 30",2026-09-12T00:06:14.462Z,178917157446200
"""LingWae @ FQN9hzhzP_"" calls 10",2026-09-12T00:06:12.312Z,178917157231200
"""DK @ -47FT3Kv-N"" calls 10",2026-09-12T00:06:02.798Z,178917156279800
"""gurt @ gpP9uUffpu"" folds",2026-09-12T00:06:00.986Z,178917156098600
"""9/2 @ d-4X_F_SSU"" folds",2026-09-12T00:05:59.927Z,178917155992700
"""chris @ 5NARaPRkSp"" posts a big blind of 10",2026-09-12T00:05:57.367Z,178917155736708
"""LingWae @ FQN9hzhzP_"" posts a small blind of 5",2026-09-12T00:05:57.367Z,178917155736707
"Player stacks: #1 ""LingWae @ FQN9hzhzP_"" (1111) | #2 ""chris @ 5NARaPRkSp"" (631) | #6 ""9/2 @ d-4X_F_SSU"" (675) | #8 ""gurt @ gpP9uUffpu"" (1333) | #9 ""DK @ -47FT3Kv-N"" (750)",2026-09-12T00:05:57.367Z,178917155736701
"-- starting hand #44 (id: ddw5ygdum1hc)  No Limit Texas Hold'em (dealer: ""DK @ -47FT3Kv-N"") --",2026-09-12T00:05:57.367Z,178917155736700
"-- ending hand #43 --",2026-09-12T00:05:51.296Z,178917155129603
"""LingWae @ FQN9hzhzP_"" collected 302 from pot with Pair, A's (combination: 7♠, 8♥, J♣, A♥, A♦)",2026-09-12T00:05:51.296Z,178917155129602
"""LingWae @ FQN9hzhzP_"" shows a 4♥, A♥.",2026-09-12T00:05:51.296Z,178917155129601
"""DK @ -47FT3Kv-N"" shows a 5♣, 5♦.",2026-09-12T00:05:51.296Z,178917155129600
"""LingWae @ FQN9hzhzP_"" checks",2026-09-12T00:05:50.483Z,178917155048300
"""DK @ -47FT3Kv-N"" checks",2026-09-12T00:05:39.769Z,178917153976900
"River: 8♥, A♦, J♣, 7♠ [6♣]",2026-09-12T00:05:37.354Z,178917153735400
"""DK @ -47FT3Kv-N"" calls 67",2026-09-12T00:05:36.536Z,178917153653600
"""gurt @ gpP9uUffpu"" folds",2026-09-12T00:05:32.583Z,178917153258300
"""chris @ 5NARaPRkSp"" folds",2026-09-12T00:05:26.372Z,178917152637200
"""LingWae @ FQN9hzhzP_"" bets 67",2026-09-12T00:05:23.501Z,178917152350100
"""DK @ -47FT3Kv-N"" checks",2026-09-12T00:05:17.826Z,178917151782600
"Turn: 8♥, A♦, J♣ [7♠]",2026-09-12T00:05:16.030Z,178917151603000
"""chris @ 5NARaPRkSp"" calls 22",2026-09-12T00:05:15.150Z,178917151515000
"""LingWae @ FQN9hzhzP_"" calls 22",2026-09-12T00:05:13.474Z,178917151347400
"""DK @ -47FT3Kv-N"" calls 22",2026-09-12T00:05:05.533Z,178917150553300
"""gurt @ gpP9uUffpu"" bets 22",2026-09-12T00:05:03.096Z,178917150309600
"""chris @ 5NARaPRkSp"" checks",2026-09-12T00:04:57.836Z,178917149783600
"""LingWae @ FQN9hzhzP_"" checks",2026-09-12T00:04:56.820Z,178917149682000
"""DK @ -47FT3Kv-N"" checks",2026-09-12T00:04:55.888Z,178917149588800
"Flop:  [8♥, A♦, J♣]",2026-09-12T00:04:53.649Z,178917149364900
"""LingWae @ FQN9hzhzP_"" calls 20",2026-09-12T00:04:52.818Z,178917149281800
"""DK @ -47FT3Kv-N"" calls 20",2026-09-12T00:04:51.872Z,178917149187200
"""gurt @ gpP9uUffpu"" calls 20",2026-09-12T00:04:49.619Z,178917148961900
"""9/2 @ d-4X_F_SSU"" folds",2026-09-12T00:04:48.303Z,178917148830300
"""chris @ 5NARaPRkSp"" raises to 20",2026-09-12T00:04:46.037Z,178917148603700
"""LingWae @ FQN9hzhzP_"" posts a big blind of 10",2026-09-12T00:04:33.987Z,178917147398708
"""DK @ -47FT3Kv-N"" posts a small blind of 5",2026-09-12T00:04:33.987Z,178917147398707
"Player stacks: #1 ""LingWae @ FQN9hzhzP_"" (918) | #2 ""chris @ 5NARaPRkSp"" (673) | #6 ""9/2 @ d-4X_F_SSU"" (675) | #8 ""gurt @ gpP9uUffpu"" (1375) | #9 ""DK @ -47FT3Kv-N"" (859)",2026-09-12T00:04:33.987Z,178917147398701
"-- starting hand #43 (id: vk1cpltb57aa)  No Limit Texas Hold'em (dealer: ""gurt @ gpP9uUffpu"") --",2026-09-12T00:04:33.987Z,178917147398700
"""LingWae @ FQN9hzhzP_"" shows a 3♥, 3♣.",2026-09-12T00:04:29.650Z,178917146965000
"-- ending hand #42 --",2026-09-12T00:04:27.385Z,178917146738503
"""DK @ -47FT3Kv-N"" collected 90 from pot with Two Pair, A's & 6's (combination: Q♠, 6♦, 6♣, A♥, A♣)",2026-09-12T00:04:27.385Z,178917146738502
"""DK @ -47FT3Kv-N"" shows a 9♥, A♥.",2026-09-12T00:04:27.385Z,178917146738501
"""gurt @ gpP9uUffpu"" shows a 5♦, 2♦.",2026-09-12T00:04:27.385Z,178917146738500
"""9/2 @ d-4X_F_SSU"" calls 10",2026-09-12T00:04:26.486Z,178917146648600
"""chris @ 5NARaPRkSp"" folds",2026-09-12T00:04:23.265Z,178917146326500
"""LingWae @ FQN9hzhzP_"" calls 10",2026-09-12T00:04:18.891Z,178917145889100
"""DK @ -47FT3Kv-N"" calls 10",2026-09-12T00:04:15.774Z,178917145577400
"""gurt @ gpP9uUffpu"" bets 10",2026-09-12T00:04:13.723Z,178917145372300
"River: Q♠, 4♥, 6♦, 6♣ [A♣]",2026-09-12T00:04:11.844Z,178917145184400
"""9/2 @ d-4X_F_SSU"" checks",2026-09-12T00:04:10.998Z,178917145099800
"""chris @ 5NARaPRkSp"" checks",2026-09-12T00:04:09.094Z,178917144909400
"""LingWae @ FQN9hzhzP_"" checks",2026-09-12T00:04:08.055Z,178917144805500
"""DK @ -47FT3Kv-N"" checks",2026-09-12T00:03:42.344Z,178917142234400
"""gurt @ gpP9uUffpu"" checks",2026-09-12T00:03:40.661Z,178917142066100
"Turn: Q♠, 4♥, 6♦ [6♣]",2026-09-12T00:03:39.327Z,178917141932700
"""9/2 @ d-4X_F_SSU"" checks",2026-09-12T00:03:38.483Z,178917141848300
"""chris @ 5NARaPRkSp"" checks",2026-09-12T00:03:36.777Z,178917141677700
"""LingWae @ FQN9hzhzP_"" checks",2026-09-12T00:03:08.338Z,178917138833800
"""DK @ -47FT3Kv-N"" checks",2026-09-12T00:03:03.107Z,178917138310700
"""gurt @ gpP9uUffpu"" checks",2026-09-12T00:03:01.388Z,178917138138800
"Flop:  [Q♠, 4♥, 6♦]",2026-09-12T00:02:58.885Z,178917137888500
"""DK @ -47FT3Kv-N"" checks",2026-09-12T00:02:58.059Z,178917137805900
"""gurt @ gpP9uUffpu"" calls 10",2026-09-12T00:02:46.730Z,178917136673000
"""9/2 @ d-4X_F_SSU"" calls 10",2026-09-12T00:02:44.488Z,178917136448800
"""chris @ 5NARaPRkSp"" calls 10",2026-09-12T00:02:41.362Z,178917136136200
"""LingWae @ FQN9hzhzP_"" calls 10",2026-09-12T00:02:40.361Z,178917136036100
"""DK @ -47FT3Kv-N"" posts a big blind of 10",2026-09-12T00:02:25.664Z,178917134566408
"""gurt @ gpP9uUffpu"" posts a small blind of 5",2026-09-12T00:02:25.664Z,178917134566407
"Your hand is 5♦, 2♦",2026-09-12T00:02:25.664Z,178917134566405
"Player stacks: #1 ""LingWae @ FQN9hzhzP_"" (938) | #2 ""chris @ 5NARaPRkSp"" (683) | #6 ""9/2 @ d-4X_F_SSU"" (695) | #8 ""gurt @ gpP9uUffpu"" (1395) | #9 ""DK @ -47FT3Kv-N"" (789)",2026-09-12T00:02:25.664Z,178917134566401
"-- starting hand #42 (id: sbziw3cd1iad)  No Limit Texas Hold'em (dealer: ""9/2 @ d-4X_F_SSU"") --",2026-09-12T00:02:25.664Z,178917134566400
"""LingWae @ FQN9hzhzP_"" shows a Q♥.",2026-09-12T00:02:24.047Z,178917134404700
"""DK @ -47FT3Kv-N"" shows a 2♦, Q♦.",2026-09-12T00:02:22.639Z,178917134263900
"-- ending hand #41 --",2026-09-12T00:02:21.263Z,178917134126301
"""LingWae @ FQN9hzhzP_"" collected 25 from pot",2026-09-12T00:02:21.263Z,178917134126300
"""gurt @ gpP9uUffpu"" folds",2026-09-12T00:02:20.417Z,178917134041700
"River: K♠, 2♠, 5♣, Q♣ [6♠]",2026-09-12T00:02:16.861Z,178917133686100
"""LingWae @ FQN9hzhzP_"" checks",2026-09-12T00:02:15.948Z,178917133594800
"""gurt @ gpP9uUffpu"" checks",2026-09-12T00:02:09.936Z,178917132993600
"Turn: K♠, 2♠, 5♣ [Q♣]",2026-09-12T00:02:08.627Z,178917132862700
"""LingWae @ FQN9hzhzP_"" checks",2026-09-12T00:02:07.677Z,178917132767700
"""gurt @ gpP9uUffpu"" checks",2026-09-12T00:01:53.726Z,178917131372600
"Flop:  [K♠, 2♠, 5♣]",2026-09-12T00:01:51.936Z,178917131193600
"""gurt @ gpP9uUffpu"" checks",2026-09-12T00:01:51.014Z,178917131101400
"""9/2 @ d-4X_F_SSU"" folds",2026-09-12T00:01:49.399Z,178917130939900
"""chris @ 5NARaPRkSp"" folds",2026-09-12T00:01:43.683Z,178917130368300
"""LingWae @ FQN9hzhzP_"" calls 10",2026-09-12T00:01:42.604Z,178917130260400
"""DK @ -47FT3Kv-N"" folds",2026-09-12T00:01:37.145Z,178917129714500
"""gurt @ gpP9uUffpu"" posts a big blind of 10",2026-09-12T00:01:35.092Z,178917129509208
"""9/2 @ d-4X_F_SSU"" posts a small blind of 5",2026-09-12T00:01:35.092Z,178917129509207
"Player stacks: #1 ""LingWae @ FQN9hzhzP_"" (923) | #2 ""chris @ 5NARaPRkSp"" (683) | #6 ""9/2 @ d-4X_F_SSU"" (700) | #8 ""gurt @ gpP9uUffpu"" (1405) | #9 ""DK @ -47FT3Kv-N"" (789)",2026-09-12T00:01:35.092Z,178917129509201
"-- starting hand #41 (id: hcqpnccgvcbw)  No Limit Texas Hold'em (dealer: ""chris @ 5NARaPRkSp"") --",2026-09-12T00:01:35.092Z,178917129509200
"""LingWae @ FQN9hzhzP_"" shows a 5♣, K♣.",2026-09-12T00:01:32.676Z,178917129267600
"-- ending hand #40 --",2026-09-12T00:01:28.488Z,178917128848802
"""gurt @ gpP9uUffpu"" collected 175 from pot with Pair, 9's (combination: 10♣, Q♦, A♥, 9♠, 9♦)",2026-09-12T00:01:28.488Z,178917128848801
"""gurt @ gpP9uUffpu"" shows a 9♠, 9♦.",2026-09-12T00:01:28.488Z,178917128848800
"""LingWae @ FQN9hzhzP_"" checks",2026-09-12T00:01:27.670Z,178917128767000
"""gurt @ gpP9uUffpu"" checks",2026-09-12T00:01:20.844Z,178917128084400
"River: 10♣, Q♦, 3♣, A♥ [5♥]",2026-09-12T00:01:18.979Z,178917127897900
"""chris @ 5NARaPRkSp"" folds",2026-09-12T00:01:18.150Z,178917127815000
"""LingWae @ FQN9hzhzP_"" calls 33",2026-09-12T00:01:16.381Z,178917127638100
"""gurt @ gpP9uUffpu"" bets 33",2026-09-12T00:01:14.120Z,178917127412000
"""chris @ 5NARaPRkSp"" checks",2026-09-12T00:01:12.418Z,178917127241800
"Turn: 10♣, Q♦, 3♣ [A♥]",2026-09-12T00:01:10.167Z,178917127016700
"""LingWae @ FQN9hzhzP_"" checks",2026-09-12T00:01:09.306Z,178917126930600
"""gurt @ gpP9uUffpu"" checks",2026-09-12T00:01:08.322Z,178917126832200
"""chris @ 5NARaPRkSp"" checks",2026-09-12T00:01:06.301Z,178917126630100
"Flop:  [10♣, Q♦, 3♣]",2026-09-12T00:01:04.622Z,178917126462200
"""9/2 @ d-4X_F_SSU"" folds",2026-09-12T00:01:03.796Z,178917126379600
"""chris @ 5NARaPRkSp"" calls 33",2026-09-12T00:01:00.729Z,178917126072900
"""LingWae @ FQN9hzhzP_"" calls 33",2026-09-12T00:00:59.761Z,178917125976100
"""DK @ -47FT3Kv-N"" folds",2026-09-12T00:00:53.585Z,178917125358500
"""gurt @ gpP9uUffpu"" raises to 33",2026-09-12T00:00:51.333Z,178917125133300
"""9/2 @ d-4X_F_SSU"" posts a big blind of 10",2026-09-12T00:00:49.066Z,178917124906608
"""chris @ 5NARaPRkSp"" posts a small blind of 5",2026-09-12T00:00:49.066Z,178917124906607
"Your hand is 9♠, 9♦",2026-09-12T00:00:49.066Z,178917124906605
"Player stacks: #1 ""LingWae @ FQN9hzhzP_"" (989) | #2 ""chris @ 5NARaPRkSp"" (716) | #6 ""9/2 @ d-4X_F_SSU"" (710) | #8 ""gurt @ gpP9uUffpu"" (1296) | #9 ""DK @ -47FT3Kv-N"" (789)",2026-09-12T00:00:49.066Z,178917124906601
"-- starting hand #40 (id: yrmeeevl1prm)  No Limit Texas Hold'em (dealer: ""LingWae @ FQN9hzhzP_"") --",2026-09-12T00:00:49.066Z,178917124906600
"-- ending hand #39 --",2026-09-12T00:00:42.972Z,178917124297204
"""9/2 @ d-4X_F_SSU"" collected 57 from pot with Pair, 8's (combination: Q♦, K♥, A♠, 8♣, 8♦)",2026-09-12T00:00:42.972Z,178917124297203
"""chris @ 5NARaPRkSp"" collected 58 from pot with Pair, 8's (combination: Q♦, K♥, A♠, 8♠, 8♦)",2026-09-12T00:00:42.972Z,178917124297202
"""9/2 @ d-4X_F_SSU"" shows a 8♣, J♠.",2026-09-12T00:00:42.972Z,178917124297201
"""chris @ 5NARaPRkSp"" shows a 8♠, 10♥.",2026-09-12T00:00:42.972Z,178917124297200
"""9/2 @ d-4X_F_SSU"" calls 10",2026-09-12T00:00:42.131Z,178917124213100
"""chris @ 5NARaPRkSp"" bets 10",2026-09-12T00:00:40.208Z,178917124020800
"River: Q♦, A♠, 3♦, 8♦ [K♥]",2026-09-12T00:00:37.456Z,178917123745600
"""chris @ 5NARaPRkSp"" calls 10",2026-09-12T00:00:36.613Z,178917123661300
"""LingWae @ FQN9hzhzP_"" folds",2026-09-12T00:00:35.605Z,178917123560500
"""9/2 @ d-4X_F_SSU"" bets 10",2026-09-12T00:00:28.383Z,178917122838300
"""chris @ 5NARaPRkSp"" checks",2026-09-12T00:00:26.533Z,178917122653300
"""LingWae @ FQN9hzhzP_"" checks",2026-09-12T00:00:23.784Z,178917122378400
"Turn: Q♦, A♠, 3♦ [8♦]",2026-09-12T00:00:19.813Z,178917121981300
"""9/2 @ d-4X_F_SSU"" checks",2026-09-12T00:00:18.954Z,178917121895400
"""chris @ 5NARaPRkSp"" checks",2026-09-12T00:00:11.204Z,178917121120400
"""LingWae @ FQN9hzhzP_"" checks",2026-09-12T00:00:09.743Z,178917120974300
"Flop:  [Q♦, A♠, 3♦]",2026-09-12T00:00:06.509Z,178917120650900
"""9/2 @ d-4X_F_SSU"" calls 25",2026-09-12T00:00:05.610Z,178917120561000
"""chris @ 5NARaPRkSp"" calls 25",2026-09-12T00:00:04.622Z,178917120462200
"""LingWae @ FQN9hzhzP_"" raises to 25",2026-09-12T00:00:02.536Z,178917120253600
"""DK @ -47FT3Kv-N"" folds",2026-09-11T23:59:52.491Z,178917119249100
"""gurt @ gpP9uUffpu"" folds",2026-09-11T23:59:51.572Z,178917119157200
"""9/2 @ d-4X_F_SSU"" calls 10",2026-09-11T23:59:48.764Z,178917118876400
"""chris @ 5NARaPRkSp"" posts a big blind of 10",2026-09-11T23:59:40.335Z,178917118033508
"""LingWae @ FQN9hzhzP_"" posts a small blind of 5",2026-09-11T23:59:40.335Z,178917118033507
"Player stacks: #1 ""LingWae @ FQN9hzhzP_"" (1014) | #2 ""chris @ 5NARaPRkSp"" (703) | #6 ""9/2 @ d-4X_F_SSU"" (698) | #8 ""gurt @ gpP9uUffpu"" (1296) | #9 ""DK @ -47FT3Kv-N"" (789)",2026-09-11T23:59:40.335Z,178917118033501
"-- starting hand #39 (id: vkuwnpytbgvm)  No Limit Texas Hold'em (dealer: ""DK @ -47FT3Kv-N"") --",2026-09-11T23:59:40.335Z,178917118033500
"-- ending hand #38 --",2026-09-11T23:59:34.330Z,178917117433003
"""LingWae @ FQN9hzhzP_"" collected 20 from pot with A High (combination: 7♣, 9♣, J♠, Q♦, A♠)",2026-09-11T23:59:34.330Z,178917117433002
"""LingWae @ FQN9hzhzP_"" shows a A♠, 9♣.",2026-09-11T23:59:34.330Z,178917117433001
"""DK @ -47FT3Kv-N"" shows a 6♠, A♥.",2026-09-11T23:59:34.330Z,178917117433000
"""LingWae @ FQN9hzhzP_"" checks",2026-09-11T23:59:33.474Z,178917117347400
"""DK @ -47FT3Kv-N"" checks",2026-09-11T23:59:31.050Z,178917117105000
"River: Q♦, 7♣, J♠, 3♦ [5♦]",2026-09-11T23:59:25.706Z,178917116570600
"""LingWae @ FQN9hzhzP_"" checks",2026-09-11T23:59:24.881Z,178917116488100
"""DK @ -47FT3Kv-N"" checks",2026-09-11T23:59:17.275Z,178917115727500
"Turn: Q♦, 7♣, J♠ [3♦]",2026-09-11T23:59:13.897Z,178917115389700
"""LingWae @ FQN9hzhzP_"" checks",2026-09-11T23:59:13.010Z,178917115301000
"""DK @ -47FT3Kv-N"" checks",2026-09-11T23:59:12.115Z,178917115211500
"Flop:  [Q♦, 7♣, J♠]",2026-09-11T23:59:05.581Z,178917114558100
"""LingWae @ FQN9hzhzP_"" checks",2026-09-11T23:59:04.739Z,178917114473900
"""DK @ -47FT3Kv-N"" calls 10",2026-09-11T23:59:02.618Z,178917114261800
"""gurt @ gpP9uUffpu"" folds",2026-09-11T23:58:55.532Z,178917113553200
"""9/2 @ d-4X_F_SSU"" folds",2026-09-11T23:58:51.325Z,178917113132500
"""chris @ 5NARaPRkSp"" folds",2026-09-11T23:58:25.701Z,178917110570100
"""LingWae @ FQN9hzhzP_"" posts a big blind of 10",2026-09-11T23:58:24.002Z,178917110400208
"""DK @ -47FT3Kv-N"" posts a small blind of 5",2026-09-11T23:58:24.002Z,178917110400207
"Player stacks: #1 ""LingWae @ FQN9hzhzP_"" (1004) | #2 ""chris @ 5NARaPRkSp"" (703) | #6 ""9/2 @ d-4X_F_SSU"" (698) | #8 ""gurt @ gpP9uUffpu"" (1296) | #9 ""DK @ -47FT3Kv-N"" (799)",2026-09-11T23:58:24.002Z,178917110400201
"-- starting hand #38 (id: w4hqiv2ob8fl)  No Limit Texas Hold'em (dealer: ""gurt @ gpP9uUffpu"") --",2026-09-11T23:58:24.002Z,178917110400200
"-- ending hand #37 --",2026-09-11T23:58:15.994Z,178917109599402
"""LingWae @ FQN9hzhzP_"" collected 502 from pot with Two Pair, J's & 6's on the second run  (combination: 9♠, 6♥, 6♠, J♥, J♣)",2026-09-11T23:58:15.994Z,178917109599401
"""LingWae @ FQN9hzhzP_"" collected 502 from pot with Two Pair, J's & 6's (combination: 9♠, 6♥, 6♠, J♥, J♣)",2026-09-11T23:58:15.994Z,178917109599400
"River (second run): 6♠, 9♠, 4♦, J♣ [2♦]",2026-09-11T23:58:11.963Z,178917109196300
"River: 6♠, 9♠, 4♦, J♣ [5♣]",2026-09-11T23:58:07.916Z,178917108791600
"""chris @ 5NARaPRkSp"" shows a A♥, J♦.",2026-09-11T23:58:03.908Z,178917108390801
"""LingWae @ FQN9hzhzP_"" shows a J♥, 6♥.",2026-09-11T23:58:03.908Z,178917108390800
"All players in hand choose to run it twice.",2026-09-11T23:58:02.988Z,178917108298801
"""LingWae @ FQN9hzhzP_"" chooses to  run it twice.",2026-09-11T23:58:02.988Z,178917108298800
"""chris @ 5NARaPRkSp"" chooses to  run it twice.",2026-09-11T23:58:02.688Z,178917108268800
"Remaining players decide whether to run it twice.",2026-09-11T23:58:00.569Z,178917108056901
"""gurt @ gpP9uUffpu"" folds",2026-09-11T23:58:00.569Z,178917108056900
"""chris @ 5NARaPRkSp"" calls 347",2026-09-11T23:57:55.801Z,178917107580100
"""LingWae @ FQN9hzhzP_"" bets 347 and go all in",2026-09-11T23:57:43.037Z,178917106303700
"""gurt @ gpP9uUffpu"" checks",2026-09-11T23:57:38.833Z,178917105883300
"Turn: 6♠, 9♠, 4♦ [J♣]",2026-09-11T23:57:37.513Z,178917105751300
"""chris @ 5NARaPRkSp"" checks",2026-09-11T23:57:36.702Z,178917105670200
"""LingWae @ FQN9hzhzP_"" checks",2026-09-11T23:57:35.307Z,178917105530700
"""gurt @ gpP9uUffpu"" checks",2026-09-11T23:57:31.081Z,178917105108100
"Flop:  [6♠, 9♠, 4♦]",2026-09-11T23:57:29.451Z,178917104945100
"""LingWae @ FQN9hzhzP_"" calls 100",2026-09-11T23:57:28.638Z,178917104863800
"""gurt @ gpP9uUffpu"" calls 100",2026-09-11T23:57:24.770Z,178917104477000
"""chris @ 5NARaPRkSp"" raises to 100",2026-09-11T23:57:19.435Z,178917103943500
"""LingWae @ FQN9hzhzP_"" calls 40",2026-09-11T23:57:16.550Z,178917103655000
"""DK @ -47FT3Kv-N"" folds",2026-09-11T23:57:12.250Z,178917103225000
"""gurt @ gpP9uUffpu"" raises to 40",2026-09-11T23:57:10.284Z,178917103028400
"""9/2 @ d-4X_F_SSU"" folds",2026-09-11T23:57:08.314Z,178917102831400
"""chris @ 5NARaPRkSp"" calls 10",2026-09-11T23:57:01.978Z,178917102197800
"""LingWae @ FQN9hzhzP_"" calls 10",2026-09-11T23:56:59.136Z,178917101913600
"""DK @ -47FT3Kv-N"" posts a big blind of 10",2026-09-11T23:56:56.955Z,178917101695508
"""gurt @ gpP9uUffpu"" posts a small blind of 5",2026-09-11T23:56:56.955Z,178917101695507
"Player stacks: #1 ""LingWae @ FQN9hzhzP_"" (447) | #2 ""chris @ 5NARaPRkSp"" (1150) | #6 ""9/2 @ d-4X_F_SSU"" (698) | #8 ""gurt @ gpP9uUffpu"" (1396) | #9 ""DK @ -47FT3Kv-N"" (809)",2026-09-11T23:56:56.955Z,178917101695501
"-- starting hand #37 (id: 5ln5zq7tn9oa)  No Limit Texas Hold'em (dealer: ""9/2 @ d-4X_F_SSU"") --",2026-09-11T23:56:56.955Z,178917101695500
"""DK @ -47FT3Kv-N"" shows a 7♦, 2♠.",2026-09-11T23:56:52.460Z,178917101246000
"-- ending hand #36 --",2026-09-11T23:56:50.375Z,178917101037502
"""9/2 @ d-4X_F_SSU"" collected 395 from pot with Pair, 7's (combination: 10♠, K♥, A♣, 7♠, 7♣)",2026-09-11T23:56:50.375Z,178917101037501
"""9/2 @ d-4X_F_SSU"" shows a 7♠, A♣.",2026-09-11T23:56:50.375Z,178917101037500
"""DK @ -47FT3Kv-N"" checks",2026-09-11T23:56:49.567Z,178917100956700
"""9/2 @ d-4X_F_SSU"" checks",2026-09-11T23:56:35.802Z,178917099580200
"River: 7♣, 5♣, 10♠, 9♦ [K♥]",2026-09-11T23:56:35.141Z,178917099514100
"""DK @ -47FT3Kv-N"" checks",2026-09-11T23:56:34.279Z,178917099427900
"""9/2 @ d-4X_F_SSU"" checks",2026-09-11T23:56:32.442Z,178917099244200
"Turn: 7♣, 5♣, 10♠ [9♦]",2026-09-11T23:56:28.768Z,178917098876800
"""LingWae @ FQN9hzhzP_"" folds",2026-09-11T23:56:27.956Z,178917098795600
"""DK @ -47FT3Kv-N"" calls 125",2026-09-11T23:56:26.739Z,178917098673900
"""9/2 @ d-4X_F_SSU"" bets 125",2026-09-11T23:56:20.621Z,178917098062100
"Flop:  [7♣, 5♣, 10♠]",2026-09-11T23:56:11.719Z,178917097171900
"""LingWae @ FQN9hzhzP_"" calls 45",2026-09-11T23:56:10.802Z,178917097080200
"""DK @ -47FT3Kv-N"" calls 45",2026-09-11T23:56:09.862Z,178917096986200
"""gurt @ gpP9uUffpu"" folds",2026-09-11T23:56:07.501Z,178917096750100
"""9/2 @ d-4X_F_SSU"" raises to 45",2026-09-11T23:56:05.198Z,178917096519800
"""chris @ 5NARaPRkSp"" folds",2026-09-11T23:55:59.820Z,178917095982000
"""LingWae @ FQN9hzhzP_"" calls 10",2026-09-11T23:55:58.800Z,178917095880000
"""DK @ -47FT3Kv-N"" calls 10",2026-09-11T23:55:55.982Z,178917095598200
"""gurt @ gpP9uUffpu"" posts a big blind of 10",2026-09-11T23:55:51.702Z,178917095170208
"""9/2 @ d-4X_F_SSU"" posts a small blind of 5",2026-09-11T23:55:51.702Z,178917095170207
"Player stacks: #1 ""LingWae @ FQN9hzhzP_"" (492) | #2 ""chris @ 5NARaPRkSp"" (1150) | #6 ""9/2 @ d-4X_F_SSU"" (473) | #8 ""gurt @ gpP9uUffpu"" (1406) | #9 ""DK @ -47FT3Kv-N"" (979)",2026-09-11T23:55:51.702Z,178917095170201
"-- starting hand #36 (id: ldjw6tww3kqr)  No Limit Texas Hold'em (dealer: ""chris @ 5NARaPRkSp"") --",2026-09-11T23:55:51.702Z,178917095170200
"""gurt @ gpP9uUffpu"" shows a 10♦.",2026-09-11T23:55:49.132Z,178917094913200
"""LingWae @ FQN9hzhzP_"" shows a 9♦.",2026-09-11T23:55:47.863Z,178917094786300
"""LingWae @ FQN9hzhzP_"" shows a 7♥.",2026-09-11T23:55:46.384Z,178917094638400
"Undealt cards: 7♦, 5♣, 10♠, 6♥ [7♣]",2026-09-11T23:55:45.538Z,178917094553800
"-- ending hand #35 --",2026-09-11T23:55:44.385Z,178917094438502
"""gurt @ gpP9uUffpu"" collected 272 from pot",2026-09-11T23:55:44.385Z,178917094438501
"Uncalled bet of 150 returned to ""gurt @ gpP9uUffpu""",2026-09-11T23:55:44.385Z,178917094438500
"""9/2 @ d-4X_F_SSU"" folds",2026-09-11T23:55:43.569Z,178917094356900
"""LingWae @ FQN9hzhzP_"" folds",2026-09-11T23:55:39.332Z,178917093933200
"""gurt @ gpP9uUffpu"" bets 150",2026-09-11T23:55:28.005Z,178917092800500
"""9/2 @ d-4X_F_SSU"" checks",2026-09-11T23:55:23.558Z,178917092355800
"Turn: 7♦, 5♣, 10♠ [6♥]",2026-09-11T23:55:22.370Z,178917092237000
"""9/2 @ d-4X_F_SSU"" calls 45",2026-09-11T23:55:21.526Z,178917092152600
"""LingWae @ FQN9hzhzP_"" calls 45",2026-09-11T23:55:20.636Z,178917092063600
"""DK @ -47FT3Kv-N"" folds",2026-09-11T23:55:15.723Z,178917091572300
"""gurt @ gpP9uUffpu"" bets 45",2026-09-11T23:55:13.655Z,178917091365500
"""9/2 @ d-4X_F_SSU"" checks",2026-09-11T23:55:10.722Z,178917091072200
"Flop:  [7♦, 5♣, 10♠]",2026-09-11T23:55:08.369Z,178917090836900
"""9/2 @ d-4X_F_SSU"" calls 33",2026-09-11T23:55:07.557Z,178917090755700
"""chris @ 5NARaPRkSp"" folds",2026-09-11T23:55:04.320Z,178917090432000
"""LingWae @ FQN9hzhzP_"" calls 33",2026-09-11T23:55:03.270Z,178917090327000
"""DK @ -47FT3Kv-N"" calls 33",2026-09-11T23:55:02.267Z,178917090226700
"""gurt @ gpP9uUffpu"" raises to 33",2026-09-11T23:54:59.709Z,178917089970900
"""9/2 @ d-4X_F_SSU"" posts a big blind of 10",2026-09-11T23:54:57.193Z,178917089719308
"""chris @ 5NARaPRkSp"" posts a small blind of 5",2026-09-11T23:54:57.193Z,178917089719307
"Player stacks: #1 ""LingWae @ FQN9hzhzP_"" (570) | #2 ""chris @ 5NARaPRkSp"" (1155) | #6 ""9/2 @ d-4X_F_SSU"" (551) | #8 ""gurt @ gpP9uUffpu"" (1212) | #9 ""DK @ -47FT3Kv-N"" (1012)",2026-09-11T23:54:57.193Z,178917089719301
"-- starting hand #35 (id: psisodshp0ts)  No Limit Texas Hold'em (dealer: ""LingWae @ FQN9hzhzP_"") --",2026-09-11T23:54:57.193Z,178917089719300
"""LingWae @ FQN9hzhzP_"" shows a Q♥.",2026-09-11T23:54:55.271Z,178917089527100
"""DK @ -47FT3Kv-N"" shows a Q♦.",2026-09-11T23:54:52.599Z,178917089259900
"-- ending hand #34 --",2026-09-11T23:54:49.877Z,178917088987702
"""DK @ -47FT3Kv-N"" collected 105 from pot",2026-09-11T23:54:49.877Z,178917088987701
"Uncalled bet of 42 returned to ""DK @ -47FT3Kv-N""",2026-09-11T23:54:49.877Z,178917088987700
"""chris @ 5NARaPRkSp"" folds",2026-09-11T23:54:49.002Z,178917088900200
"""DK @ -47FT3Kv-N"" bets 42",2026-09-11T23:54:47.379Z,178917088737900
"""chris @ 5NARaPRkSp"" checks",2026-09-11T23:54:41.554Z,178917088155400
"Flop:  [J♦, 3♠, J♠]",2026-09-11T23:54:39.675Z,178917087967500
"""gurt @ gpP9uUffpu"" folds",2026-09-11T23:54:38.804Z,178917087880400
"""chris @ 5NARaPRkSp"" calls 45",2026-09-11T23:54:34.820Z,178917087482000
"""LingWae @ FQN9hzhzP_"" folds",2026-09-11T23:54:29.641Z,178917086964100
"""DK @ -47FT3Kv-N"" raises to 45",2026-09-11T23:54:28.735Z,178917086873500
"""gurt @ gpP9uUffpu"" calls 10",2026-09-11T23:54:11.088Z,178917085108800
"""9/2 @ d-4X_F_SSU"" folds",2026-09-11T23:54:09.182Z,178917084918200
"""chris @ 5NARaPRkSp"" posts a big blind of 10",2026-09-11T23:54:08.260Z,178917084826008
"""LingWae @ FQN9hzhzP_"" posts a small blind of 5",2026-09-11T23:54:08.260Z,178917084826007
"Player stacks: #1 ""LingWae @ FQN9hzhzP_"" (575) | #2 ""chris @ 5NARaPRkSp"" (1200) | #6 ""9/2 @ d-4X_F_SSU"" (551) | #8 ""gurt @ gpP9uUffpu"" (1222) | #9 ""DK @ -47FT3Kv-N"" (952)",2026-09-11T23:54:08.260Z,178917084826001
"-- starting hand #34 (id: wlyc1cigxslo)  No Limit Texas Hold'em (dealer: ""DK @ -47FT3Kv-N"") --",2026-09-11T23:54:08.260Z,178917084826000
"""LingWae @ FQN9hzhzP_"" shows a Q♥.",2026-09-11T23:54:04.756Z,178917084475600
"Undealt cards:  [8♠, A♥, 5♠, 8♥, J♥]",2026-09-11T23:54:03.219Z,178917084321900
"""LingWae @ FQN9hzhzP_"" shows a A♠.",2026-09-11T23:54:02.888Z,178917084288800
"""DK @ -47FT3Kv-N"" shows a 3♣.",2026-09-11T23:54:02.351Z,178917084235100
"""9/2 @ d-4X_F_SSU"" shows a 6♠, 10♠.",2026-09-11T23:54:01.865Z,178917084186500
"-- ending hand #33 --",2026-09-11T23:54:00.185Z,178917084018502
"""9/2 @ d-4X_F_SSU"" collected 35 from pot",2026-09-11T23:54:00.185Z,178917084018501
"Uncalled bet of 516 returned to ""9/2 @ d-4X_F_SSU""",2026-09-11T23:54:00.185Z,178917084018500
"""chris @ 5NARaPRkSp"" folds",2026-09-11T23:53:59.373Z,178917083937300
"""LingWae @ FQN9hzhzP_"" folds",2026-09-11T23:53:54.889Z,178917083488900
"""DK @ -47FT3Kv-N"" folds",2026-09-11T23:53:39.702Z,178917081970200
"""gurt @ gpP9uUffpu"" folds",2026-09-11T23:53:37.980Z,178917081798000
"""9/2 @ d-4X_F_SSU"" raises to 526 and go all in",2026-09-11T23:53:33.234Z,178917081323400
"""chris @ 5NARaPRkSp"" calls 10",2026-09-11T23:53:29.022Z,178917080902200
"""LingWae @ FQN9hzhzP_"" posts a big blind of 10",2026-09-11T23:53:27.241Z,178917080724108
"""DK @ -47FT3Kv-N"" posts a small blind of 5",2026-09-11T23:53:27.241Z,178917080724107
"Player stacks: #1 ""LingWae @ FQN9hzhzP_"" (585) | #2 ""chris @ 5NARaPRkSp"" (1210) | #6 ""9/2 @ d-4X_F_SSU"" (526) | #8 ""gurt @ gpP9uUffpu"" (1222) | #9 ""DK @ -47FT3Kv-N"" (957)",2026-09-11T23:53:27.241Z,178917080724101
"-- starting hand #33 (id: zzbxvrapvtfi)  No Limit Texas Hold'em (dealer: ""gurt @ gpP9uUffpu"") --",2026-09-11T23:53:27.241Z,178917080724100
"-- ending hand #32 --",2026-09-11T23:53:24.291Z,178917080429102
"""gurt @ gpP9uUffpu"" collected 260 from pot",2026-09-11T23:53:24.291Z,178917080429101
"Uncalled bet of 55 returned to ""gurt @ gpP9uUffpu""",2026-09-11T23:53:24.291Z,178917080429100
"""LingWae @ FQN9hzhzP_"" folds",2026-09-11T23:53:23.435Z,178917080343500
"""gurt @ gpP9uUffpu"" bets 55",2026-09-11T23:53:19.481Z,178917079948100
"River: 4♦, A♣, 10♥, 9♦ [K♥]",2026-09-11T23:53:16.344Z,178917079634400
"""LingWae @ FQN9hzhzP_"" calls 25",2026-09-11T23:53:15.513Z,178917079551300
"""gurt @ gpP9uUffpu"" bets 25",2026-09-11T23:53:14.559Z,178917079455900
"Turn: 4♦, A♣, 10♥ [9♦]",2026-09-11T23:53:12.543Z,178917079254300
"""LingWae @ FQN9hzhzP_"" calls 25",2026-09-11T23:53:11.728Z,178917079172800
"""gurt @ gpP9uUffpu"" bets 25",2026-09-11T23:53:10.445Z,178917079044500
"Flop:  [4♦, A♣, 10♥]",2026-09-11T23:53:05.823Z,178917078582300
"""LingWae @ FQN9hzhzP_"" calls 75",2026-09-11T23:53:04.957Z,178917078495700
"""DK @ -47FT3Kv-N"" folds",2026-09-11T23:53:00.731Z,178917078073100
"""gurt @ gpP9uUffpu"" raises to 75",2026-09-11T23:52:59.359Z,178917077935900
"""9/2 @ d-4X_F_SSU"" folds",2026-09-11T23:52:56.182Z,178917077618200
"""chris @ 5NARaPRkSp"" folds",2026-09-11T23:52:55.330Z,178917077533000
"""LingWae @ FQN9hzhzP_"" raises to 25",2026-09-11T23:52:50.024Z,178917077002400
"""DK @ -47FT3Kv-N"" posts a big blind of 10",2026-09-11T23:52:40.377Z,178917076037708
"""gurt @ gpP9uUffpu"" posts a small blind of 5",2026-09-11T23:52:40.377Z,178917076037707
"Player stacks: #1 ""LingWae @ FQN9hzhzP_"" (710) | #2 ""chris @ 5NARaPRkSp"" (1210) | #6 ""9/2 @ d-4X_F_SSU"" (526) | #8 ""gurt @ gpP9uUffpu"" (1087) | #9 ""DK @ -47FT3Kv-N"" (967)",2026-09-11T23:52:40.377Z,178917076037701
"-- starting hand #32 (id: hcklvo4bchmi)  No Limit Texas Hold'em (dealer: ""9/2 @ d-4X_F_SSU"") --",2026-09-11T23:52:40.377Z,178917076037700
"""DK @ -47FT3Kv-N"" shows a 2♦, 2♠.",2026-09-11T23:52:36.482Z,178917075648200
"-- ending hand #31 --",2026-09-11T23:52:31.859Z,178917075185902
"""9/2 @ d-4X_F_SSU"" collected 263 from pot with Pair, 9's on the second run  (combination: 7♣, 8♦, J♣, 9♥, 9♣)",2026-09-11T23:52:31.859Z,178917075185901
"""9/2 @ d-4X_F_SSU"" collected 263 from pot with Flush, 10 High (combination: 4♣, 5♣, 7♣, 8♣, 10♣)",2026-09-11T23:52:31.859Z,178917075185900
"River (second run): 9♥, 3♠, J♣, 8♦ [9♣]",2026-09-11T23:52:27.855Z,178917074785500
"Turn (second run): 9♥, 3♠, J♣ [8♦]",2026-09-11T23:52:23.768Z,178917074376800
"Flop (second run):  [9♥, 3♠, J♣]",2026-09-11T23:52:19.672Z,178917073967200
"River: 4♣, K♥, 10♠, 8♣ [10♣]",2026-09-11T23:52:15.663Z,178917073566300
"Turn: 4♣, K♥, 10♠ [8♣]",2026-09-11T23:52:11.651Z,178917073165100
"Flop:  [4♣, K♥, 10♠]",2026-09-11T23:52:07.623Z,178917072762300
"""9/2 @ d-4X_F_SSU"" shows a 7♣, 5♣.",2026-09-11T23:52:03.617Z,178917072361700
"""gurt @ gpP9uUffpu"" shows a 2♣, 6♦.",2026-09-11T23:52:03.246Z,178917072324600
"All players in hand choose to run it twice.",2026-09-11T23:52:02.784Z,178917072278401
"""gurt @ gpP9uUffpu"" chooses to  run it twice.",2026-09-11T23:52:02.784Z,178917072278400
"""9/2 @ d-4X_F_SSU"" chooses to  run it twice.",2026-09-11T23:52:01.813Z,178917072181300
"Remaining players decide whether to run it twice.",2026-09-11T23:52:01.178Z,178917072117801
"""9/2 @ d-4X_F_SSU"" calls 258 and go all in",2026-09-11T23:52:01.178Z,178917072117800
"""DK @ -47FT3Kv-N"" folds",2026-09-11T23:51:57.808Z,178917071780800
"""gurt @ gpP9uUffpu"" raises to 258",2026-09-11T23:51:56.222Z,178917071622200
"""9/2 @ d-4X_F_SSU"" raises to 30",2026-09-11T23:51:52.802Z,178917071280200
"""chris @ 5NARaPRkSp"" folds",2026-09-11T23:51:46.380Z,178917070638000
"""LingWae @ FQN9hzhzP_"" folds",2026-09-11T23:51:45.378Z,178917070537800
"""DK @ -47FT3Kv-N"" calls 10",2026-09-11T23:51:44.401Z,178917070440100
"""gurt @ gpP9uUffpu"" posts a big blind of 10",2026-09-11T23:51:42.572Z,178917070257208
"""9/2 @ d-4X_F_SSU"" posts a small blind of 5",2026-09-11T23:51:42.572Z,178917070257207
"Your hand is 2♣, 6♦",2026-09-11T23:51:42.572Z,178917070257205
"Player stacks: #1 ""LingWae @ FQN9hzhzP_"" (710) | #2 ""chris @ 5NARaPRkSp"" (1210) | #6 ""9/2 @ d-4X_F_SSU"" (258) | #8 ""gurt @ gpP9uUffpu"" (1345) | #9 ""DK @ -47FT3Kv-N"" (977)",2026-09-11T23:51:42.572Z,178917070257201
"-- starting hand #31 (id: wx46fg5ncqgw)  No Limit Texas Hold'em (dealer: ""chris @ 5NARaPRkSp"") --",2026-09-11T23:51:42.572Z,178917070257200
"""LingWae @ FQN9hzhzP_"" shows a A♦, 7♠.",2026-09-11T23:51:38.455Z,178917069845500
"Undealt cards:  [2♦, 8♥, 5♥, A♥, 5♦]",2026-09-11T23:51:36.409Z,178917069640900
"""9/2 @ d-4X_F_SSU"" shows a 2♣, 9♥.",2026-09-11T23:51:36.047Z,178917069604700
"-- ending hand #30 --",2026-09-11T23:51:35.262Z,178917069526202
"""9/2 @ d-4X_F_SSU"" collected 30 from pot",2026-09-11T23:51:35.262Z,178917069526201
"Uncalled bet of 50 returned to ""9/2 @ d-4X_F_SSU""",2026-09-11T23:51:35.262Z,178917069526200
"""chris @ 5NARaPRkSp"" folds",2026-09-11T23:51:34.398Z,178917069439800
"""LingWae @ FQN9hzhzP_"" folds",2026-09-11T23:51:33.465Z,178917069346500
"""9/2 @ d-4X_F_SSU"" raises to 60",2026-09-11T23:51:30.060Z,178917069006000
"""chris @ 5NARaPRkSp"" calls 10",2026-09-11T23:51:27.585Z,178917068758500
"""LingWae @ FQN9hzhzP_"" calls 10",2026-09-11T23:51:26.426Z,178917068642600
"""DK @ -47FT3Kv-N"" folds",2026-09-11T23:51:25.250Z,178917068525000
"""gurt @ gpP9uUffpu"" folds",2026-09-11T23:51:23.840Z,178917068384000
"""9/2 @ d-4X_F_SSU"" posts a big blind of 10",2026-09-11T23:51:21.755Z,178917068175508
"""chris @ 5NARaPRkSp"" posts a small blind of 5",2026-09-11T23:51:21.755Z,178917068175507
"Player stacks: #1 ""LingWae @ FQN9hzhzP_"" (720) | #2 ""chris @ 5NARaPRkSp"" (1220) | #6 ""9/2 @ d-4X_F_SSU"" (238) | #8 ""gurt @ gpP9uUffpu"" (1345) | #9 ""DK @ -47FT3Kv-N"" (977)",2026-09-11T23:51:21.755Z,178917068175501
"-- starting hand #30 (id: gtpfmsnhuca9)  No Limit Texas Hold'em (dealer: ""LingWae @ FQN9hzhzP_"") --",2026-09-11T23:51:21.755Z,178917068175500
"""DK @ -47FT3Kv-N"" shows a 9♦, Q♠.",2026-09-11T23:51:16.733Z,178917067673300
"-- ending hand #29 --",2026-09-11T23:51:15.234Z,178917067523402
"""chris @ 5NARaPRkSp"" collected 485 from pot with Flush, K High (combination: 7♦, 8♦, 10♦, Q♦, K♦)",2026-09-11T23:51:15.234Z,178917067523401
"""chris @ 5NARaPRkSp"" shows a 7♦, 10♦.",2026-09-11T23:51:15.234Z,178917067523400
"""9/2 @ d-4X_F_SSU"" calls 100",2026-09-11T23:51:14.409Z,178917067440900
"""chris @ 5NARaPRkSp"" raises to 100",2026-09-11T23:51:08.631Z,178917066863100
"""9/2 @ d-4X_F_SSU"" bets 50",2026-09-11T23:51:05.859Z,178917066585900
"""chris @ 5NARaPRkSp"" checks",2026-09-11T23:51:03.769Z,178917066376900
"River: 8♦, 9♣, Q♦, 9♥ [K♦]",2026-09-11T23:51:00.534Z,178917066053400
"""chris @ 5NARaPRkSp"" calls 40",2026-09-11T23:50:59.701Z,178917065970100
"""9/2 @ d-4X_F_SSU"" bets 40",2026-09-11T23:50:58.590Z,178917065859000
"""chris @ 5NARaPRkSp"" checks",2026-09-11T23:50:56.936Z,178917065693600
"Turn: 8♦, 9♣, Q♦ [9♥]",2026-09-11T23:50:52.285Z,178917065228500
"""chris @ 5NARaPRkSp"" calls 40",2026-09-11T23:50:51.451Z,178917065145100
"""gurt @ gpP9uUffpu"" folds",2026-09-11T23:50:50.186Z,178917065018600
"""9/2 @ d-4X_F_SSU"" raises to 40",2026-09-11T23:50:48.316Z,178917064831600
"""chris @ 5NARaPRkSp"" bets 10",2026-09-11T23:50:46.822Z,178917064682200
"Flop:  [8♦, 9♣, Q♦]",2026-09-11T23:50:43.793Z,178917064379300
"""chris @ 5NARaPRkSp"" calls 40",2026-09-11T23:50:42.991Z,178917064299100
"""LingWae @ FQN9hzhzP_"" folds",2026-09-11T23:50:42.032Z,178917064203200
"""DK @ -47FT3Kv-N"" folds",2026-09-11T23:50:39.828Z,178917063982800
"""gurt @ gpP9uUffpu"" calls 40",2026-09-11T23:50:38.541Z,178917063854100
"""9/2 @ d-4X_F_SSU"" raises to 40",2026-09-11T23:50:36.899Z,178917063689900
"""chris @ 5NARaPRkSp"" posts a big blind of 10",2026-09-11T23:50:34.390Z,178917063439008
"""LingWae @ FQN9hzhzP_"" posts a small blind of 5",2026-09-11T23:50:34.390Z,178917063439007
"Player stacks: #1 ""LingWae @ FQN9hzhzP_"" (725) | #2 ""chris @ 5NARaPRkSp"" (955) | #6 ""9/2 @ d-4X_F_SSU"" (458) | #8 ""gurt @ gpP9uUffpu"" (1385) | #9 ""DK @ -47FT3Kv-N"" (977)",2026-09-11T23:50:34.390Z,178917063439001
"-- starting hand #29 (id: s9ccjqlz0mzp)  No Limit Texas Hold'em (dealer: ""DK @ -47FT3Kv-N"") --",2026-09-11T23:50:34.390Z,178917063439000
"""LingWae @ FQN9hzhzP_"" shows a 6♣.",2026-09-11T23:50:31.338Z,178917063133800
"Undealt cards: 6♦, A♣, 9♠, A♦ [Q♣]",2026-09-11T23:50:28.504Z,178917062850400
"-- ending hand #28 --",2026-09-11T23:50:27.778Z,178917062777802
"""gurt @ gpP9uUffpu"" collected 135 from pot",2026-09-11T23:50:27.778Z,178917062777801
"Uncalled bet of 40 returned to ""gurt @ gpP9uUffpu""",2026-09-11T23:50:27.778Z,178917062777800
"""9/2 @ d-4X_F_SSU"" folds",2026-09-11T23:50:26.920Z,178917062692000
"""gurt @ gpP9uUffpu"" bets 40",2026-09-11T23:50:25.604Z,178917062560400
"""9/2 @ d-4X_F_SSU"" checks",2026-09-11T23:50:23.406Z,178917062340600
"Turn: 6♦, A♣, 9♠ [A♦]",2026-09-11T23:50:22.463Z,178917062246300
"""9/2 @ d-4X_F_SSU"" calls 20",2026-09-11T23:50:21.654Z,178917062165400
"""gurt @ gpP9uUffpu"" bets 20",2026-09-11T23:50:20.673Z,178917062067300
"""9/2 @ d-4X_F_SSU"" checks",2026-09-11T23:50:18.712Z,178917061871200
"Flop:  [6♦, A♣, 9♠]",2026-09-11T23:50:16.129Z,178917061612900
"""LingWae @ FQN9hzhzP_"" folds",2026-09-11T23:50:15.258Z,178917061525800
"""DK @ -47FT3Kv-N"" folds",2026-09-11T23:50:12.792Z,178917061279200
"""gurt @ gpP9uUffpu"" calls 40",2026-09-11T23:50:10.694Z,178917061069400
"""9/2 @ d-4X_F_SSU"" raises to 40",2026-09-11T23:50:08.410Z,178917060841000
"""chris @ 5NARaPRkSp"" folds",2026-09-11T23:49:41.071Z,178917058107100
"""LingWae @ FQN9hzhzP_"" posts a big blind of 10",2026-09-11T23:49:39.672Z,178917057967208
"""DK @ -47FT3Kv-N"" posts a small blind of 5",2026-09-11T23:49:39.672Z,178917057967207
"Player stacks: #1 ""LingWae @ FQN9hzhzP_"" (735) | #2 ""chris @ 5NARaPRkSp"" (955) | #6 ""9/2 @ d-4X_F_SSU"" (518) | #8 ""gurt @ gpP9uUffpu"" (1310) | #9 ""DK @ -47FT3Kv-N"" (982)",2026-09-11T23:49:39.672Z,178917057967201
"-- starting hand #28 (id: gv9huzvnasco)  No Limit Texas Hold'em (dealer: ""gurt @ gpP9uUffpu"") --",2026-09-11T23:49:39.672Z,178917057967200
"""LingWae @ FQN9hzhzP_"" shows a 3♣, Q♣.",2026-09-11T23:49:35.857Z,178917057585700
"-- ending hand #27 --",2026-09-11T23:49:33.072Z,178917057307202
"""gurt @ gpP9uUffpu"" collected 120 from pot with Pair, K's (combination: 8♥, 9♥, Q♦, K♥, K♣)",2026-09-11T23:49:33.072Z,178917057307201
"""gurt @ gpP9uUffpu"" shows a Q♦, K♥.",2026-09-11T23:49:33.072Z,178917057307200
"""LingWae @ FQN9hzhzP_"" checks",2026-09-11T23:49:32.151Z,178917057215100
"""DK @ -47FT3Kv-N"" checks",2026-09-11T23:49:31.172Z,178917057117200
"""gurt @ gpP9uUffpu"" checks",2026-09-11T23:49:29.921Z,178917056992100
"River: 8♥, 9♥, 4♥, 5♦ [K♣]",2026-09-11T23:49:27.467Z,178917056746700
"""LingWae @ FQN9hzhzP_"" checks",2026-09-11T23:49:26.588Z,178917056658800
"""DK @ -47FT3Kv-N"" checks",2026-09-11T23:49:25.513Z,178917056551300
"""gurt @ gpP9uUffpu"" checks",2026-09-11T23:49:22.904Z,178917056290400
"Turn: 8♥, 9♥, 4♥ [5♦]",2026-09-11T23:49:21.451Z,178917056145100
"""LingWae @ FQN9hzhzP_"" checks",2026-09-11T23:49:20.635Z,178917056063500
"""DK @ -47FT3Kv-N"" checks",2026-09-11T23:49:19.276Z,178917055927600
"""gurt @ gpP9uUffpu"" checks",2026-09-11T23:49:17.647Z,178917055764700
"Flop:  [8♥, 9♥, 4♥]",2026-09-11T23:49:15.628Z,178917055562800
"""LingWae @ FQN9hzhzP_"" calls 40",2026-09-11T23:49:14.796Z,178917055479600
"""DK @ -47FT3Kv-N"" calls 40",2026-09-11T23:49:12.275Z,178917055227500
"""gurt @ gpP9uUffpu"" raises to 40",2026-09-11T23:49:09.824Z,178917054982400
"""9/2 @ d-4X_F_SSU"" folds",2026-09-11T23:49:07.778Z,178917054777800
"""chris @ 5NARaPRkSp"" folds",2026-09-11T23:49:02.811Z,178917054281100
"""LingWae @ FQN9hzhzP_"" calls 10",2026-09-11T23:49:01.902Z,178917054190200
"""DK @ -47FT3Kv-N"" posts a big blind of 10",2026-09-11T23:48:59.585Z,178917053958508
"""gurt @ gpP9uUffpu"" posts a small blind of 5",2026-09-11T23:48:59.585Z,178917053958507
"Your hand is Q♦, K♥",2026-09-11T23:48:59.585Z,178917053958505
"Player stacks: #1 ""LingWae @ FQN9hzhzP_"" (775) | #2 ""chris @ 5NARaPRkSp"" (955) | #6 ""9/2 @ d-4X_F_SSU"" (518) | #8 ""gurt @ gpP9uUffpu"" (1230) | #9 ""DK @ -47FT3Kv-N"" (1022)",2026-09-11T23:48:59.585Z,178917053958501
"-- starting hand #27 (id: 6ypwkmlgd2te)  No Limit Texas Hold'em (dealer: ""9/2 @ d-4X_F_SSU"") --",2026-09-11T23:48:59.585Z,178917053958500
"-- ending hand #26 --",2026-09-11T23:48:56.676Z,178917053667602
"""LingWae @ FQN9hzhzP_"" collected 255 from pot",2026-09-11T23:48:56.676Z,178917053667601
"Uncalled bet of 191 returned to ""LingWae @ FQN9hzhzP_""",2026-09-11T23:48:56.676Z,178917053667600
"""chris @ 5NARaPRkSp"" folds",2026-09-11T23:48:55.870Z,178917053587000
"""LingWae @ FQN9hzhzP_"" bets 191",2026-09-11T23:48:53.383Z,178917053338300
"River: 2♠, 8♥, 9♣, 3♦ [10♠]",2026-09-11T23:48:46.566Z,178917052656600
"""chris @ 5NARaPRkSp"" calls 45",2026-09-11T23:48:45.674Z,178917052567400
"""LingWae @ FQN9hzhzP_"" bets 45",2026-09-11T23:48:33.542Z,178917051354200
"Turn: 2♠, 8♥, 9♣ [3♦]",2026-09-11T23:48:28.238Z,178917050823800
"""chris @ 5NARaPRkSp"" calls 35",2026-09-11T23:48:27.377Z,178917050737700
"""LingWae @ FQN9hzhzP_"" bets 35",2026-09-11T23:48:24.481Z,178917050448100
"Flop:  [2♠, 8♥, 9♣]",2026-09-11T23:48:19.636Z,178917049963600
"""LingWae @ FQN9hzhzP_"" calls 40",2026-09-11T23:48:18.773Z,178917049877300
"""gurt @ gpP9uUffpu"" folds",2026-09-11T23:48:17.120Z,178917049712000
"""9/2 @ d-4X_F_SSU"" folds",2026-09-11T23:48:15.342Z,178917049534200
"""chris @ 5NARaPRkSp"" raises to 40",2026-09-11T23:48:13.684Z,178917049368400
"""LingWae @ FQN9hzhzP_"" calls 10",2026-09-11T23:48:11.016Z,178917049101600
"""DK @ -47FT3Kv-N"" folds",2026-09-11T23:48:09.919Z,178917048991900
"""gurt @ gpP9uUffpu"" posts a big blind of 10",2026-09-11T23:48:07.960Z,178917048796008
"""9/2 @ d-4X_F_SSU"" posts a small blind of 5",2026-09-11T23:48:07.960Z,178917048796007
"Player stacks: #1 ""LingWae @ FQN9hzhzP_"" (640) | #2 ""chris @ 5NARaPRkSp"" (1075) | #6 ""9/2 @ d-4X_F_SSU"" (523) | #8 ""gurt @ gpP9uUffpu"" (1240) | #9 ""DK @ -47FT3Kv-N"" (1022)",2026-09-11T23:48:07.960Z,178917048796001
"-- starting hand #26 (id: pnrz5ggubmfa)  No Limit Texas Hold'em (dealer: ""chris @ 5NARaPRkSp"") --",2026-09-11T23:48:07.960Z,178917048796000
"""LingWae @ FQN9hzhzP_"" shows a 7♣.",2026-09-11T23:48:03.579Z,178917048357900
"-- ending hand #25 --",2026-09-11T23:48:01.442Z,178917048144202
"""gurt @ gpP9uUffpu"" collected 120 from pot with Pair, A's (combination: 7♦, J♦, Q♥, A♥, A♦)",2026-09-11T23:48:01.442Z,178917048144201
"""gurt @ gpP9uUffpu"" shows a A♥, 6♥.",2026-09-11T23:48:01.442Z,178917048144200
"""9/2 @ d-4X_F_SSU"" calls 40",2026-09-11T23:48:00.531Z,178917048053100
"""chris @ 5NARaPRkSp"" folds",2026-09-11T23:47:59.640Z,178917047964000
"""LingWae @ FQN9hzhzP_"" folds",2026-09-11T23:47:54.844Z,178917047484400
"""gurt @ gpP9uUffpu"" bets 40",2026-09-11T23:47:52.690Z,178917047269000
"""9/2 @ d-4X_F_SSU"" checks",2026-09-11T23:47:50.910Z,178917047091000
"""chris @ 5NARaPRkSp"" checks",2026-09-11T23:47:50.056Z,178917047005600
"River: 2♣, Q♥, A♦, 7♦ [J♦]",2026-09-11T23:47:49.059Z,178917046905900
"""LingWae @ FQN9hzhzP_"" checks",2026-09-11T23:47:48.147Z,178917046814700
"""gurt @ gpP9uUffpu"" checks",2026-09-11T23:47:47.213Z,178917046721300
"""9/2 @ d-4X_F_SSU"" checks",2026-09-11T23:47:46.069Z,178917046606900
"""chris @ 5NARaPRkSp"" checks",2026-09-11T23:47:44.053Z,178917046405300
"Turn: 2♣, Q♥, A♦ [7♦]",2026-09-11T23:47:42.741Z,178917046274100
"""LingWae @ FQN9hzhzP_"" checks",2026-09-11T23:47:41.932Z,178917046193200
"""gurt @ gpP9uUffpu"" checks",2026-09-11T23:47:40.323Z,178917046032300
"""9/2 @ d-4X_F_SSU"" checks",2026-09-11T23:47:39.133Z,178917045913300
"""chris @ 5NARaPRkSp"" checks",2026-09-11T23:47:37.937Z,178917045793700
"Flop:  [2♣, Q♥, A♦]",2026-09-11T23:47:36.452Z,178917045645200
"""9/2 @ d-4X_F_SSU"" checks",2026-09-11T23:47:35.646Z,178917045564600
"""chris @ 5NARaPRkSp"" calls 10",2026-09-11T23:47:33.224Z,178917045322400
"""LingWae @ FQN9hzhzP_"" calls 10",2026-09-11T23:47:31.698Z,178917045169800
"""DK @ -47FT3Kv-N"" folds",2026-09-11T23:47:30.370Z,178917045037000
"""gurt @ gpP9uUffpu"" calls 10",2026-09-11T23:47:22.101Z,178917044210100
"""9/2 @ d-4X_F_SSU"" posts a big blind of 10",2026-09-11T23:47:20.240Z,178917044024008
"""chris @ 5NARaPRkSp"" posts a small blind of 5",2026-09-11T23:47:20.240Z,178917044024007
"Your hand is A♥, 6♥",2026-09-11T23:47:20.240Z,178917044024005
"Player stacks: #1 ""LingWae @ FQN9hzhzP_"" (650) | #2 ""chris @ 5NARaPRkSp"" (1085) | #6 ""9/2 @ d-4X_F_SSU"" (573) | #8 ""gurt @ gpP9uUffpu"" (1170) | #9 ""DK @ -47FT3Kv-N"" (1022)",2026-09-11T23:47:20.240Z,178917044024001
"-- starting hand #25 (id: yi27wq7ni9ub)  No Limit Texas Hold'em (dealer: ""LingWae @ FQN9hzhzP_"") --",2026-09-11T23:47:20.240Z,178917044024000
"Undealt cards:  [7♣, Q♣, 7♦, J♠, K♠]",2026-09-11T23:47:16.538Z,178917043653800
"-- ending hand #24 --",2026-09-11T23:47:14.325Z,178917043432502
"""9/2 @ d-4X_F_SSU"" collected 25 from pot",2026-09-11T23:47:14.325Z,178917043432501
"Uncalled bet of 30 returned to ""9/2 @ d-4X_F_SSU""",2026-09-11T23:47:14.325Z,178917043432500
"""chris @ 5NARaPRkSp"" folds",2026-09-11T23:47:13.491Z,178917043349100
"""LingWae @ FQN9hzhzP_"" folds",2026-09-11T23:47:12.557Z,178917043255700
"""DK @ -47FT3Kv-N"" folds",2026-09-11T23:47:07.195Z,178917042719500
"""gurt @ gpP9uUffpu"" folds",2026-09-11T23:47:05.360Z,178917042536000
"""9/2 @ d-4X_F_SSU"" raises to 40",2026-09-11T23:47:02.277Z,178917042227700
"""chris @ 5NARaPRkSp"" posts a big blind of 10",2026-09-11T23:46:59.961Z,178917041996108
"""LingWae @ FQN9hzhzP_"" posts a small blind of 5",2026-09-11T23:46:59.961Z,178917041996107
"Player stacks: #1 ""LingWae @ FQN9hzhzP_"" (655) | #2 ""chris @ 5NARaPRkSp"" (1095) | #6 ""9/2 @ d-4X_F_SSU"" (558) | #8 ""gurt @ gpP9uUffpu"" (1170) | #9 ""DK @ -47FT3Kv-N"" (1022)",2026-09-11T23:46:59.961Z,178917041996101
"-- starting hand #24 (id: hucjwsqr5eld)  No Limit Texas Hold'em (dealer: ""DK @ -47FT3Kv-N"") --",2026-09-11T23:46:59.961Z,178917041996100
"Undealt cards: 10♥, 8♣, 2♦ [9♠, 3♥]",2026-09-11T23:46:54.139Z,178917041413900
"""DK @ -47FT3Kv-N"" shows a 7♣, 2♠.",2026-09-11T23:46:54.019Z,178917041401900
"-- ending hand #23 --",2026-09-11T23:46:53.352Z,178917041335202
"""DK @ -47FT3Kv-N"" collected 144 from pot",2026-09-11T23:46:53.352Z,178917041335201
"Uncalled bet of 72 returned to ""DK @ -47FT3Kv-N""",2026-09-11T23:46:53.352Z,178917041335200
"""gurt @ gpP9uUffpu"" folds",2026-09-11T23:46:52.484Z,178917041248400
"""DK @ -47FT3Kv-N"" bets 72",2026-09-11T23:46:31.447Z,178917039144700
"Flop:  [10♥, 8♣, 2♦]",2026-09-11T23:46:25.032Z,178917038503200
"""gurt @ gpP9uUffpu"" calls 67",2026-09-11T23:46:24.178Z,178917038417800
"""LingWae @ FQN9hzhzP_"" folds",2026-09-11T23:46:23.136Z,178917038313600
"""DK @ -47FT3Kv-N"" raises to 67",2026-09-11T23:46:21.691Z,178917038169100
"""gurt @ gpP9uUffpu"" raises to 30",2026-09-11T23:46:12.725Z,178917037272500
"""9/2 @ d-4X_F_SSU"" folds",2026-09-11T23:46:09.102Z,178917036910200
"""chris @ 5NARaPRkSp"" folds",2026-09-11T23:46:07.428Z,178917036742800
"""LingWae @ FQN9hzhzP_"" posts a big blind of 10",2026-09-11T23:46:05.980Z,178917036598008
"""DK @ -47FT3Kv-N"" posts a small blind of 5",2026-09-11T23:46:05.980Z,178917036598007
"Player stacks: #1 ""LingWae @ FQN9hzhzP_"" (665) | #2 ""chris @ 5NARaPRkSp"" (1095) | #6 ""9/2 @ d-4X_F_SSU"" (558) | #8 ""gurt @ gpP9uUffpu"" (1237) | #9 ""DK @ -47FT3Kv-N"" (945)",2026-09-11T23:46:05.980Z,178917036598001
"-- starting hand #23 (id: rwal8axlks91)  No Limit Texas Hold'em (dealer: ""gurt @ gpP9uUffpu"") --",2026-09-11T23:46:05.980Z,178917036598000
"-- ending hand #22 --",2026-09-11T23:45:57.960Z,178917035796002
"""LingWae @ FQN9hzhzP_"" collected 332 from pot with Pair, K's on the second run  (combination: 7♥, 8♠, 10♦, K♣, K♥)",2026-09-11T23:45:57.960Z,178917035796001
"""LingWae @ FQN9hzhzP_"" collected 333 from pot with Three of a Kind, K's (combination: 7♥, 10♦, K♣, K♥, K♦)",2026-09-11T23:45:57.960Z,178917035796000
"River (second run): 5♣, K♥, 10♦, 6♥ [8♠]",2026-09-11T23:45:53.911Z,178917035391100
"River: 5♣, K♥, 10♦, 6♥ [K♦]",2026-09-11T23:45:49.858Z,178917034985800
"""9/2 @ d-4X_F_SSU"" shows a 10♥, 2♥.",2026-09-11T23:45:45.823Z,178917034582301
"""LingWae @ FQN9hzhzP_"" shows a K♣, 7♥.",2026-09-11T23:45:45.823Z,178917034582300
"All players in hand choose to run it twice.",2026-09-11T23:45:44.996Z,178917034499601
"""LingWae @ FQN9hzhzP_"" chooses to  run it twice.",2026-09-11T23:45:44.996Z,178917034499600
"""9/2 @ d-4X_F_SSU"" chooses to  run it twice.",2026-09-11T23:45:44.705Z,178917034470500
"Remaining players decide whether to run it twice.",2026-09-11T23:45:43.755Z,178917034375501
"""9/2 @ d-4X_F_SSU"" calls 150",2026-09-11T23:45:43.755Z,178917034375500
"""LingWae @ FQN9hzhzP_"" bets 150 and go all in",2026-09-11T23:45:42.666Z,178917034266600
"Turn: 5♣, K♥, 10♦ [6♥]",2026-09-11T23:45:37.099Z,178917033709900
"""9/2 @ d-4X_F_SSU"" calls 120",2026-09-11T23:45:36.238Z,178917033623800
"""LingWae @ FQN9hzhzP_"" raises to 120",2026-09-11T23:45:35.238Z,178917033523800
"""DK @ -47FT3Kv-N"" folds",2026-09-11T23:45:29.307Z,178917032930700
"""9/2 @ d-4X_F_SSU"" bets 60",2026-09-11T23:45:27.414Z,178917032741400
"""LingWae @ FQN9hzhzP_"" checks",2026-09-11T23:45:23.504Z,178917032350400
"""DK @ -47FT3Kv-N"" checks",2026-09-11T23:45:21.072Z,178917032107200
"Flop:  [5♣, K♥, 10♦]",2026-09-11T23:45:18.599Z,178917031859900
"""LingWae @ FQN9hzhzP_"" calls 40",2026-09-11T23:45:17.744Z,178917031774400
"""DK @ -47FT3Kv-N"" calls 40",2026-09-11T23:45:15.817Z,178917031581700
"""gurt @ gpP9uUffpu"" folds",2026-09-11T23:45:10.692Z,178917031069200
"""9/2 @ d-4X_F_SSU"" raises to 40",2026-09-11T23:45:08.270Z,178917030827000
"""chris @ 5NARaPRkSp"" folds",2026-09-11T23:45:05.414Z,178917030541400
"""LingWae @ FQN9hzhzP_"" calls 10",2026-09-11T23:45:04.114Z,178917030411400
"""DK @ -47FT3Kv-N"" posts a big blind of 10",2026-09-11T23:45:02.145Z,178917030214508
"""gurt @ gpP9uUffpu"" posts a small blind of 5",2026-09-11T23:45:02.145Z,178917030214507
"Player stacks: #1 ""LingWae @ FQN9hzhzP_"" (310) | #2 ""chris @ 5NARaPRkSp"" (1095) | #6 ""9/2 @ d-4X_F_SSU"" (868) | #8 ""gurt @ gpP9uUffpu"" (1242) | #9 ""DK @ -47FT3Kv-N"" (985)",2026-09-11T23:45:02.145Z,178917030214501
"-- starting hand #22 (id: islk5oqrkurc)  No Limit Texas Hold'em (dealer: ""9/2 @ d-4X_F_SSU"") --",2026-09-11T23:45:02.145Z,178917030214500
"-- ending hand #21 --",2026-09-11T23:44:59.172Z,178917029917202
"""chris @ 5NARaPRkSp"" collected 560 from pot",2026-09-11T23:44:59.172Z,178917029917201
"Uncalled bet of 310 returned to ""chris @ 5NARaPRkSp""",2026-09-11T23:44:59.172Z,178917029917200
"""9/2 @ d-4X_F_SSU"" folds",2026-09-11T23:44:58.290Z,178917029829000
"""chris @ 5NARaPRkSp"" raises to 450",2026-09-11T23:44:37.901Z,178917027790100
"""9/2 @ d-4X_F_SSU"" bets 140",2026-09-11T23:44:34.186Z,178917027418600
"River: 9♦, 8♠, 8♥, 10♠ [3♠]",2026-09-11T23:44:28.471Z,178917026847100
"""chris @ 5NARaPRkSp"" calls 60",2026-09-11T23:44:27.609Z,178917026760900
"""9/2 @ d-4X_F_SSU"" bets 60",2026-09-11T23:44:24.776Z,178917026477600
"Turn: 9♦, 8♠, 8♥ [10♠]",2026-09-11T23:44:20.268Z,178917026026800
"""chris @ 5NARaPRkSp"" calls 40",2026-09-11T23:44:19.406Z,178917025940600
"""DK @ -47FT3Kv-N"" folds",2026-09-11T23:44:18.116Z,178917025811600
"""gurt @ gpP9uUffpu"" folds",2026-09-11T23:44:16.332Z,178917025633200
"""9/2 @ d-4X_F_SSU"" bets 40",2026-09-11T23:44:14.218Z,178917025421800
"Flop:  [9♦, 8♠, 8♥]",2026-09-11T23:44:10.870Z,178917025087000
"""gurt @ gpP9uUffpu"" calls 20",2026-09-11T23:44:10.060Z,178917025006000
"""9/2 @ d-4X_F_SSU"" calls 20",2026-09-11T23:44:08.235Z,178917024823500
"""chris @ 5NARaPRkSp"" calls 20",2026-09-11T23:44:06.673Z,178917024667300
"""LingWae @ FQN9hzhzP_"" folds",2026-09-11T23:44:04.350Z,178917024435000
"""DK @ -47FT3Kv-N"" raises to 20",2026-09-11T23:43:55.937Z,178917023593700
"""gurt @ gpP9uUffpu"" posts a big blind of 10",2026-09-11T23:43:51.501Z,178917023150108
"""9/2 @ d-4X_F_SSU"" posts a small blind of 5",2026-09-11T23:43:51.501Z,178917023150107
"Player stacks: #1 ""LingWae @ FQN9hzhzP_"" (310) | #2 ""chris @ 5NARaPRkSp"" (795) | #6 ""9/2 @ d-4X_F_SSU"" (1128) | #8 ""gurt @ gpP9uUffpu"" (1262) | #9 ""DK @ -47FT3Kv-N"" (1005)",2026-09-11T23:43:51.501Z,178917023150101
"-- starting hand #21 (id: xudj3lgzcb5b)  No Limit Texas Hold'em (dealer: ""chris @ 5NARaPRkSp"") --",2026-09-11T23:43:51.501Z,178917023150100
"Undealt cards: 7♣, 5♠, 4♦ [10♣, 2♣]",2026-09-11T23:43:46.341Z,178917022634100
"-- ending hand #20 --",2026-09-11T23:43:45.557Z,178917022555702
"""gurt @ gpP9uUffpu"" collected 245 from pot",2026-09-11T23:43:45.557Z,178917022555701
"Uncalled bet of 80 returned to ""gurt @ gpP9uUffpu""",2026-09-11T23:43:45.557Z,178917022555700
"""9/2 @ d-4X_F_SSU"" folds",2026-09-11T23:43:44.738Z,178917022473800
"""LingWae @ FQN9hzhzP_"" folds",2026-09-11T23:43:43.788Z,178917022378800
"""gurt @ gpP9uUffpu"" bets 80",2026-09-11T23:43:30.221Z,178917021022100
"""9/2 @ d-4X_F_SSU"" checks",2026-09-11T23:43:26.374Z,178917020637400
"Flop:  [7♣, 5♠, 4♦]",2026-09-11T23:43:24.654Z,178917020465400
"""LingWae @ FQN9hzhzP_"" calls 80",2026-09-11T23:43:23.773Z,178917020377300
"""gurt @ gpP9uUffpu"" calls 80",2026-09-11T23:43:21.408Z,178917020140800
"""9/2 @ d-4X_F_SSU"" raises to 80",2026-09-11T23:43:19.065Z,178917019906500
"""chris @ 5NARaPRkSp"" folds",2026-09-11T23:43:14.508Z,178917019450800
"""LingWae @ FQN9hzhzP_"" raises to 20",2026-09-11T23:43:13.550Z,178917019355000
"""DK @ -47FT3Kv-N"" folds",2026-09-11T23:43:05.245Z,178917018524500
"""gurt @ gpP9uUffpu"" calls 10",2026-09-11T23:43:00.687Z,178917018068700
"""9/2 @ d-4X_F_SSU"" posts a big blind of 10",2026-09-11T23:42:58.955Z,178917017895508
"""chris @ 5NARaPRkSp"" posts a small blind of 5",2026-09-11T23:42:58.955Z,178917017895507
"Player stacks: #1 ""LingWae @ FQN9hzhzP_"" (390) | #2 ""chris @ 5NARaPRkSp"" (800) | #6 ""9/2 @ d-4X_F_SSU"" (1208) | #8 ""gurt @ gpP9uUffpu"" (1097) | #9 ""DK @ -47FT3Kv-N"" (1005)",2026-09-11T23:42:58.955Z,178917017895501
"-- starting hand #20 (id: lgfwril2dkk2)  No Limit Texas Hold'em (dealer: ""LingWae @ FQN9hzhzP_"") --",2026-09-11T23:42:58.955Z,178917017895500
"""LingWae @ FQN9hzhzP_"" shows a Q♦.",2026-09-11T23:42:56.282Z,178917017628200
"-- ending hand #19 --",2026-09-11T23:42:55.343Z,178917017534302
"""9/2 @ d-4X_F_SSU"" collected 300 from pot",2026-09-11T23:42:55.343Z,178917017534301
"Uncalled bet of 120 returned to ""9/2 @ d-4X_F_SSU""",2026-09-11T23:42:55.343Z,178917017534300
"""chris @ 5NARaPRkSp"" folds",2026-09-11T23:42:54.429Z,178917017442900
"""LingWae @ FQN9hzhzP_"" folds",2026-09-11T23:42:47.384Z,178917016738400
"""9/2 @ d-4X_F_SSU"" raises to 180",2026-09-11T23:42:46.190Z,178917016619000
"""chris @ 5NARaPRkSp"" bets 60",2026-09-11T23:42:43.204Z,178917016320400
"""LingWae @ FQN9hzhzP_"" checks",2026-09-11T23:42:40.592Z,178917016059200
"River: 6♥, J♦, 4♥, 2♦ [K♦]",2026-09-11T23:42:39.134Z,178917015913400
"""9/2 @ d-4X_F_SSU"" checks",2026-09-11T23:42:38.181Z,178917015818100
"""chris @ 5NARaPRkSp"" checks",2026-09-11T23:42:37.174Z,178917015717400
"""LingWae @ FQN9hzhzP_"" checks",2026-09-11T23:42:35.319Z,178917015531900
"Turn: 6♥, J♦, 4♥ [2♦]",2026-09-11T23:42:34.133Z,178917015413300
"""LingWae @ FQN9hzhzP_"" calls 20",2026-09-11T23:42:33.168Z,178917015316800
"""9/2 @ d-4X_F_SSU"" calls 20",2026-09-11T23:42:30.622Z,178917015062200
"""chris @ 5NARaPRkSp"" bets 20",2026-09-11T23:42:27.641Z,178917014764100
"""LingWae @ FQN9hzhzP_"" checks",2026-09-11T23:42:22.574Z,178917014257400
"Flop:  [6♥, J♦, 4♥]",2026-09-11T23:42:20.734Z,178917014073400
"""chris @ 5NARaPRkSp"" calls 40",2026-09-11T23:42:19.897Z,178917013989700
"""LingWae @ FQN9hzhzP_"" calls 40",2026-09-11T23:42:18.904Z,178917013890400
"""DK @ -47FT3Kv-N"" folds",2026-09-11T23:42:17.446Z,178917013744600
"""gurt @ gpP9uUffpu"" folds",2026-09-11T23:42:16.203Z,178917013620300
"""9/2 @ d-4X_F_SSU"" raises to 40",2026-09-11T23:42:14.659Z,178917013465900
"""chris @ 5NARaPRkSp"" posts a big blind of 10",2026-09-11T23:42:12.650Z,178917013265008
"""LingWae @ FQN9hzhzP_"" posts a small blind of 5",2026-09-11T23:42:12.650Z,178917013265007
"Player stacks: #1 ""LingWae @ FQN9hzhzP_"" (450) | #2 ""chris @ 5NARaPRkSp"" (920) | #6 ""9/2 @ d-4X_F_SSU"" (1028) | #8 ""gurt @ gpP9uUffpu"" (1097) | #9 ""DK @ -47FT3Kv-N"" (1005)",2026-09-11T23:42:12.650Z,178917013265001
"-- starting hand #19 (id: xpqzvoz9zmqs)  No Limit Texas Hold'em (dealer: ""DK @ -47FT3Kv-N"") --",2026-09-11T23:42:12.650Z,178917013265000
"Undealt cards: 4♦, 5♦, 4♥ [3♣, 9♥]",2026-09-11T23:42:09.959Z,178917012995900
"""DK @ -47FT3Kv-N"" shows a 10♠.",2026-09-11T23:42:09.060Z,178917012906000
"-- ending hand #18 --",2026-09-11T23:42:06.010Z,178917012601002
"""9/2 @ d-4X_F_SSU"" collected 135 from pot",2026-09-11T23:42:06.010Z,178917012601001
"Uncalled bet of 60 returned to ""9/2 @ d-4X_F_SSU""",2026-09-11T23:42:06.010Z,178917012601000
"""chris @ 5NARaPRkSp"" folds",2026-09-11T23:42:05.158Z,178917012515800
"""9/2 @ d-4X_F_SSU"" bets 60",2026-09-11T23:42:03.180Z,178917012318000
"""chris @ 5NARaPRkSp"" checks",2026-09-11T23:42:00.262Z,178917012026200
"Flop:  [4♦, 5♦, 4♥]",2026-09-11T23:41:57.552Z,178917011755200
"""chris @ 5NARaPRkSp"" calls 60",2026-09-11T23:41:56.740Z,178917011674000
"""LingWae @ FQN9hzhzP_"" folds",2026-09-11T23:41:55.219Z,178917011521900
"""DK @ -47FT3Kv-N"" folds",2026-09-11T23:41:49.866Z,178917010986600
"""gurt @ gpP9uUffpu"" folds",2026-09-11T23:41:35.300Z,178917009530000
"""9/2 @ d-4X_F_SSU"" raises to 60",2026-09-11T23:41:33.074Z,178917009307400
"""chris @ 5NARaPRkSp"" raises to 20",2026-09-11T23:41:25.569Z,178917008556900
"""LingWae @ FQN9hzhzP_"" posts a big blind of 10",2026-09-11T23:41:23.126Z,178917008312608
"""DK @ -47FT3Kv-N"" posts a small blind of 5",2026-09-11T23:41:23.126Z,178917008312607
"Player stacks: #1 ""LingWae @ FQN9hzhzP_"" (460) | #2 ""chris @ 5NARaPRkSp"" (980) | #6 ""9/2 @ d-4X_F_SSU"" (953) | #8 ""gurt @ gpP9uUffpu"" (1097) | #9 ""DK @ -47FT3Kv-N"" (1010)",2026-09-11T23:41:23.126Z,178917008312601
"-- starting hand #18 (id: lo2ll6qzwify)  No Limit Texas Hold'em (dealer: ""gurt @ gpP9uUffpu"") --",2026-09-11T23:41:23.126Z,178917008312600
"""LingWae @ FQN9hzhzP_"" shows a 3♠, K♥.",2026-09-11T23:41:18.091Z,178917007809100
"-- ending hand #17 --",2026-09-11T23:41:16.511Z,178917007651103
"""DK @ -47FT3Kv-N"" collected 120 from pot with Pair, 5's (combination: 7♦, 9♣, 10♣, 5♥, 5♣)",2026-09-11T23:41:16.511Z,178917007651102
"""DK @ -47FT3Kv-N"" shows a 4♥, 5♥.",2026-09-11T23:41:16.511Z,178917007651101
"""gurt @ gpP9uUffpu"" shows a J♣, A♦.",2026-09-11T23:41:16.511Z,178917007651100
"""LingWae @ FQN9hzhzP_"" checks",2026-09-11T23:41:15.582Z,178917007558200
"""DK @ -47FT3Kv-N"" checks",2026-09-11T23:41:14.280Z,178917007428000
"""gurt @ gpP9uUffpu"" checks",2026-09-11T23:41:11.804Z,178917007180400
"River: 7♦, 9♣, 6♦, 5♣ [10♣]",2026-09-11T23:41:10.309Z,178917007030900
"""LingWae @ FQN9hzhzP_"" checks",2026-09-11T23:41:09.448Z,178917006944800
"""DK @ -47FT3Kv-N"" checks",2026-09-11T23:41:07.771Z,178917006777100
"""gurt @ gpP9uUffpu"" checks",2026-09-11T23:41:03.346Z,178917006334600
"Turn: 7♦, 9♣, 6♦ [5♣]",2026-09-11T23:41:01.247Z,178917006124700
"""LingWae @ FQN9hzhzP_"" checks",2026-09-11T23:41:00.327Z,178917006032700
"""DK @ -47FT3Kv-N"" checks",2026-09-11T23:40:58.100Z,178917005810000
"""gurt @ gpP9uUffpu"" checks",2026-09-11T23:40:51.680Z,178917005168000
"Flop:  [7♦, 9♣, 6♦]",2026-09-11T23:40:50.275Z,178917005027500
"""LingWae @ FQN9hzhzP_"" calls 40",2026-09-11T23:40:49.457Z,178917004945700
"""DK @ -47FT3Kv-N"" calls 40",2026-09-11T23:40:47.834Z,178917004783400
"""gurt @ gpP9uUffpu"" raises to 40",2026-09-11T23:40:45.886Z,178917004588600
"""9/2 @ d-4X_F_SSU"" folds",2026-09-11T23:40:43.721Z,178917004372100
"""chris @ 5NARaPRkSp"" folds",2026-09-11T23:40:41.674Z,178917004167400
"""LingWae @ FQN9hzhzP_"" calls 10",2026-09-11T23:40:39.937Z,178917003993700
"""DK @ -47FT3Kv-N"" posts a big blind of 10",2026-09-11T23:40:38.569Z,178917003856909
"""gurt @ gpP9uUffpu"" posts a small blind of 5",2026-09-11T23:40:38.569Z,178917003856908
"Your hand is J♣, A♦",2026-09-11T23:40:38.569Z,178917003856906
"Player stacks: #1 ""LingWae @ FQN9hzhzP_"" (500) | #2 ""chris @ 5NARaPRkSp"" (980) | #6 ""9/2 @ d-4X_F_SSU"" (953) | #8 ""gurt @ gpP9uUffpu"" (1137) | #9 ""DK @ -47FT3Kv-N"" (930)",2026-09-11T23:40:38.569Z,178917003856902
"-- starting hand #17 (id: c7qckozextvf)  No Limit Texas Hold'em (dealer: ""9/2 @ d-4X_F_SSU"") --",2026-09-11T23:40:38.569Z,178917003856901
"The player ""LingWae @ FQN9hzhzP_"" joined the game with a stack of 500.",2026-09-11T23:40:38.569Z,178917003856900
"-- ending hand #16 --",2026-09-11T23:40:35.647Z,178917003564702
"""gurt @ gpP9uUffpu"" collected 530 from pot",2026-09-11T23:40:35.647Z,178917003564701
"Uncalled bet of 607 returned to ""gurt @ gpP9uUffpu""",2026-09-11T23:40:35.647Z,178917003564700
"""9/2 @ d-4X_F_SSU"" folds",2026-09-11T23:40:34.766Z,178917003476600
"""gurt @ gpP9uUffpu"" bets 607 and go all in",2026-09-11T23:40:03.916Z,178917000391600
"""9/2 @ d-4X_F_SSU"" checks",2026-09-11T23:40:02.397Z,178917000239700
"River: 9♥, 9♦, 3♣, 3♦ [7♣]",2026-09-11T23:40:01.150Z,178917000115000
"""9/2 @ d-4X_F_SSU"" calls 110",2026-09-11T23:40:00.311Z,178917000031100
"""gurt @ gpP9uUffpu"" bets 110",2026-09-11T23:39:58.776Z,178916999877600
"""9/2 @ d-4X_F_SSU"" checks",2026-09-11T23:39:56.177Z,178916999617700
"Turn: 9♥, 9♦, 3♣ [3♦]",2026-09-11T23:39:54.914Z,178916999491400
"""gurt @ gpP9uUffpu"" checks",2026-09-11T23:39:54.068Z,178916999406800
"""9/2 @ d-4X_F_SSU"" checks",2026-09-11T23:39:51.642Z,178916999164200
"Flop:  [9♥, 9♦, 3♣]",2026-09-11T23:39:47.163Z,178916998716300
"""9/2 @ d-4X_F_SSU"" calls 150",2026-09-11T23:39:46.354Z,178916998635400
"""chris @ 5NARaPRkSp"" folds",2026-09-11T23:39:45.478Z,178916998547800
"""gurt @ gpP9uUffpu"" raises to 150",2026-09-11T23:39:44.500Z,178916998450000
"""9/2 @ d-4X_F_SSU"" raises to 50",2026-09-11T23:39:41.255Z,178916998125500
"""chris @ 5NARaPRkSp"" calls 10",2026-09-11T23:39:39.042Z,178916997904200
"""DK @ -47FT3Kv-N"" folds",2026-09-11T23:39:34.945Z,178916997494500
"The admin approved the player ""LingWae @ FQN9hzhzP_"" participation with a stack of 500.",2026-09-11T23:39:33.557Z,178916997355700
"""gurt @ gpP9uUffpu"" posts a big blind of 10",2026-09-11T23:39:33.502Z,178916997350207
"""9/2 @ d-4X_F_SSU"" posts a small blind of 5",2026-09-11T23:39:33.502Z,178916997350206
"Player stacks: #2 ""chris @ 5NARaPRkSp"" (990) | #6 ""9/2 @ d-4X_F_SSU"" (1213) | #8 ""gurt @ gpP9uUffpu"" (867) | #9 ""DK @ -47FT3Kv-N"" (930)",2026-09-11T23:39:33.502Z,178916997350201
"-- starting hand #16 (id: gic2u91yhr4y)  No Limit Texas Hold'em (dealer: ""chris @ 5NARaPRkSp"") --",2026-09-11T23:39:33.502Z,178916997350200
"""gurt @ gpP9uUffpu"" shows a 9♠.",2026-09-11T23:39:31.300Z,178916997130000
"Undealt cards: 2♦, 9♣, 9♥ [6♠, 9♦]",2026-09-11T23:39:28.077Z,178916996807700
"-- ending hand #15 --",2026-09-11T23:39:26.753Z,178916996675302
"""gurt @ gpP9uUffpu"" collected 70 from pot",2026-09-11T23:39:26.753Z,178916996675301
"Uncalled bet of 33 returned to ""gurt @ gpP9uUffpu""",2026-09-11T23:39:26.753Z,178916996675300
"The player ""LingWae @ FQN9hzhzP_"" requested a seat.",2026-09-11T23:39:26.427Z,178916996642700
"""chris @ 5NARaPRkSp"" folds",2026-09-11T23:39:25.942Z,178916996594200
"""gurt @ gpP9uUffpu"" bets 33",2026-09-11T23:39:18.244Z,178916995824400
"""chris @ 5NARaPRkSp"" checks",2026-09-11T23:39:16.297Z,178916995629700
"Flop:  [2♦, 9♣, 9♥]",2026-09-11T23:39:14.088Z,178916995408800
"""gurt @ gpP9uUffpu"" calls 30",2026-09-11T23:39:13.226Z,178916995322600
"""9/2 @ d-4X_F_SSU"" folds",2026-09-11T23:39:12.138Z,178916995213800
"""chris @ 5NARaPRkSp"" raises to 30",2026-09-11T23:39:07.778Z,178916994777800
"""DK @ -47FT3Kv-N"" folds",2026-09-11T23:39:05.852Z,178916994585200
"""gurt @ gpP9uUffpu"" calls 10",2026-09-11T23:39:04.924Z,178916994492400
"""9/2 @ d-4X_F_SSU"" posts a big blind of 10",2026-09-11T23:39:02.089Z,178916994208907
"""chris @ 5NARaPRkSp"" posts a small blind of 5",2026-09-11T23:39:02.089Z,178916994208906
"Player stacks: #2 ""chris @ 5NARaPRkSp"" (1020) | #6 ""9/2 @ d-4X_F_SSU"" (1223) | #8 ""gurt @ gpP9uUffpu"" (827) | #9 ""DK @ -47FT3Kv-N"" (930)",2026-09-11T23:39:02.089Z,178916994208901
"-- starting hand #15 (id: 7cp7ocpr6v8w)  No Limit Texas Hold'em (dealer: ""DK @ -47FT3Kv-N"") --",2026-09-11T23:39:02.089Z,178916994208900
"""9/2 @ d-4X_F_SSU"" shows a 4♦.",2026-09-11T23:38:58.066Z,178916993806600
"Undealt cards:  [Q♠, 8♥, 4♣, 4♠, 9♣]",2026-09-11T23:38:55.953Z,178916993595300
"-- ending hand #14 --",2026-09-11T23:38:55.455Z,178916993545502
"""gurt @ gpP9uUffpu"" collected 25 from pot",2026-09-11T23:38:55.455Z,178916993545501
"Uncalled bet of 20 returned to ""gurt @ gpP9uUffpu""",2026-09-11T23:38:55.455Z,178916993545500
"""chris @ 5NARaPRkSp"" folds",2026-09-11T23:38:54.584Z,178916993458400
"""DK @ -47FT3Kv-N"" folds",2026-09-11T23:38:53.563Z,178916993356300
"""gurt @ gpP9uUffpu"" raises to 30",2026-09-11T23:38:52.395Z,178916993239500
"""9/2 @ d-4X_F_SSU"" folds",2026-09-11T23:38:50.149Z,178916993014900
"""chris @ 5NARaPRkSp"" posts a big blind of 10",2026-09-11T23:38:49.115Z,178916992911507
"""DK @ -47FT3Kv-N"" posts a small blind of 5",2026-09-11T23:38:49.115Z,178916992911506
"Player stacks: #2 ""chris @ 5NARaPRkSp"" (1030) | #6 ""9/2 @ d-4X_F_SSU"" (1223) | #8 ""gurt @ gpP9uUffpu"" (812) | #9 ""DK @ -47FT3Kv-N"" (935)",2026-09-11T23:38:49.115Z,178916992911501
"-- starting hand #14 (id: 6xl6ok2o1yju)  No Limit Texas Hold'em (dealer: ""gurt @ gpP9uUffpu"") --",2026-09-11T23:38:49.115Z,178916992911500
"Undealt cards:  [J♠, J♣, 6♦, 5♠, A♦]",2026-09-11T23:38:47.277Z,178916992727700
"-- ending hand #13 --",2026-09-11T23:38:43.200Z,178916992320002
"""9/2 @ d-4X_F_SSU"" collected 65 from pot",2026-09-11T23:38:43.200Z,178916992320001
"Uncalled bet of 75 returned to ""9/2 @ d-4X_F_SSU""",2026-09-11T23:38:43.200Z,178916992320000
"""chris @ 5NARaPRkSp"" folds",2026-09-11T23:38:42.382Z,178916992238200
"""DK @ -47FT3Kv-N"" folds",2026-09-11T23:38:33.907Z,178916991390700
"""gurt @ gpP9uUffpu"" folds",2026-09-11T23:38:32.902Z,178916991290200
"""9/2 @ d-4X_F_SSU"" raises to 100",2026-09-11T23:38:25.834Z,178916990583400
"""chris @ 5NARaPRkSp"" raises to 25",2026-09-11T23:38:17.814Z,178916989781400
"""DK @ -47FT3Kv-N"" posts a big blind of 10",2026-09-11T23:38:15.244Z,178916989524407
"""gurt @ gpP9uUffpu"" posts a small blind of 5",2026-09-11T23:38:15.244Z,178916989524406
"Player stacks: #2 ""chris @ 5NARaPRkSp"" (1055) | #6 ""9/2 @ d-4X_F_SSU"" (1183) | #8 ""gurt @ gpP9uUffpu"" (817) | #9 ""DK @ -47FT3Kv-N"" (945)",2026-09-11T23:38:15.244Z,178916989524401
"-- starting hand #13 (id: iibbm6bsn8hc)  No Limit Texas Hold'em (dealer: ""9/2 @ d-4X_F_SSU"") --",2026-09-11T23:38:15.244Z,178916989524400
"-- ending hand #12 --",2026-09-11T23:38:09.188Z,178916988918802
"""9/2 @ d-4X_F_SSU"" collected 336 from pot with Pair, A's (combination: 6♦, 7♥, 9♣, A♣, A♥)",2026-09-11T23:38:09.188Z,178916988918801
"""9/2 @ d-4X_F_SSU"" shows a A♣, 5♦.",2026-09-11T23:38:09.188Z,178916988918800
"""gurt @ gpP9uUffpu"" calls 44",2026-09-11T23:38:08.292Z,178916988829200
"""9/2 @ d-4X_F_SSU"" bets 44",2026-09-11T23:38:04.671Z,178916988467100
"River: A♥, 9♣, 6♦, 4♦ [7♥]",2026-09-11T23:38:02.788Z,178916988278800
"""gurt @ gpP9uUffpu"" calls 44",2026-09-11T23:38:01.916Z,178916988191600
"""9/2 @ d-4X_F_SSU"" bets 44",2026-09-11T23:37:57.358Z,178916987735800
"Turn: A♥, 9♣, 6♦ [4♦]",2026-09-11T23:37:54.916Z,178916987491600
"""gurt @ gpP9uUffpu"" calls 40",2026-09-11T23:37:54.094Z,178916987409400
"""9/2 @ d-4X_F_SSU"" bets 40",2026-09-11T23:37:53.157Z,178916987315700
"Flop:  [A♥, 9♣, 6♦]",2026-09-11T23:37:50.383Z,178916987038300
"""gurt @ gpP9uUffpu"" calls 40",2026-09-11T23:37:49.553Z,178916986955300
"""9/2 @ d-4X_F_SSU"" raises to 40",2026-09-11T23:37:48.385Z,178916986838500
"""chris @ 5NARaPRkSp"" folds",2026-09-11T23:37:46.678Z,178916986667800
"""DK @ -47FT3Kv-N"" folds",2026-09-11T23:37:42.494Z,178916986249400
"""gurt @ gpP9uUffpu"" posts a big blind of 10",2026-09-11T23:37:40.958Z,178916986095807
"""9/2 @ d-4X_F_SSU"" posts a small blind of 5",2026-09-11T23:37:40.958Z,178916986095806
"Player stacks: #2 ""chris @ 5NARaPRkSp"" (1055) | #6 ""9/2 @ d-4X_F_SSU"" (1015) | #8 ""gurt @ gpP9uUffpu"" (985) | #9 ""DK @ -47FT3Kv-N"" (945)",2026-09-11T23:37:40.958Z,178916986095801
"-- starting hand #12 (id: 83pj1szecgsd)  No Limit Texas Hold'em (dealer: ""chris @ 5NARaPRkSp"") --",2026-09-11T23:37:40.958Z,178916986095800
"""DK @ -47FT3Kv-N"" shows a 4♥, 2♦.",2026-09-11T23:37:38.408Z,178916985840800
"Undealt cards:  [4♠, 10♥, 2♠, J♦, 5♠]",2026-09-11T23:37:34.848Z,178916985484800
"-- ending hand #11 --",2026-09-11T23:37:34.312Z,178916985431202
"""9/2 @ d-4X_F_SSU"" collected 30 from pot",2026-09-11T23:37:34.312Z,178916985431201
"Uncalled bet of 30 returned to ""9/2 @ d-4X_F_SSU""",2026-09-11T23:37:34.312Z,178916985431200
"""chris @ 5NARaPRkSp"" folds",2026-09-11T23:37:33.479Z,178916985347900
"""gurt @ gpP9uUffpu"" folds",2026-09-11T23:37:32.520Z,178916985252000
"""9/2 @ d-4X_F_SSU"" raises to 40",2026-09-11T23:37:30.796Z,178916985079600
"""chris @ 5NARaPRkSp"" calls 10",2026-09-11T23:37:28.870Z,178916984887000
"""DK @ -47FT3Kv-N"" folds",2026-09-11T23:37:27.862Z,178916984786200
"""gurt @ gpP9uUffpu"" calls 10",2026-09-11T23:37:26.841Z,178916984684100
"""9/2 @ d-4X_F_SSU"" posts a big blind of 10",2026-09-11T23:37:24.707Z,178916984470707
"""chris @ 5NARaPRkSp"" posts a small blind of 5",2026-09-11T23:37:24.707Z,178916984470706
"Player stacks: #2 ""chris @ 5NARaPRkSp"" (1065) | #6 ""9/2 @ d-4X_F_SSU"" (995) | #8 ""gurt @ gpP9uUffpu"" (995) | #9 ""DK @ -47FT3Kv-N"" (945)",2026-09-11T23:37:24.707Z,178916984470701
"-- starting hand #11 (id: vj2eo5qi1xbr)  No Limit Texas Hold'em (dealer: ""DK @ -47FT3Kv-N"") --",2026-09-11T23:37:24.707Z,178916984470700
"Undealt cards: 4♣, 6♠, 4♥, 7♦ [7♣]",2026-09-11T23:37:20.110Z,178916984011000
"-- ending hand #10 --",2026-09-11T23:37:18.777Z,178916983877702
"""gurt @ gpP9uUffpu"" collected 100 from pot",2026-09-11T23:37:18.777Z,178916983877701
"Uncalled bet of 22 returned to ""gurt @ gpP9uUffpu""",2026-09-11T23:37:18.777Z,178916983877700
"""9/2 @ d-4X_F_SSU"" folds",2026-09-11T23:37:17.945Z,178916983794500
"""DK @ -47FT3Kv-N"" folds",2026-09-11T23:37:17.085Z,178916983708500
"""gurt @ gpP9uUffpu"" bets 22",2026-09-11T23:37:15.964Z,178916983596400
"""9/2 @ d-4X_F_SSU"" checks",2026-09-11T23:37:14.371Z,178916983437100
"""DK @ -47FT3Kv-N"" checks",2026-09-11T23:37:13.063Z,178916983306300
"Turn: 4♣, 6♠, 4♥ [7♦]",2026-09-11T23:37:11.294Z,178916983129400
"""gurt @ gpP9uUffpu"" checks",2026-09-11T23:37:10.445Z,178916983044500
"""9/2 @ d-4X_F_SSU"" checks",2026-09-11T23:37:09.375Z,178916982937500
"""DK @ -47FT3Kv-N"" checks",2026-09-11T23:37:08.512Z,178916982851200
"Flop:  [4♣, 6♠, 4♥]",2026-09-11T23:37:06.293Z,178916982629300
"""chris @ 5NARaPRkSp"" folds",2026-09-11T23:37:05.407Z,178916982540700
"""DK @ -47FT3Kv-N"" calls 30",2026-09-11T23:37:04.502Z,178916982450200
"""gurt @ gpP9uUffpu"" calls 30",2026-09-11T23:37:03.131Z,178916982313100
"""9/2 @ d-4X_F_SSU"" raises to 30",2026-09-11T23:37:01.192Z,178916982119200
"""chris @ 5NARaPRkSp"" posts a big blind of 10",2026-09-11T23:36:59.260Z,178916981926007
"""DK @ -47FT3Kv-N"" posts a small blind of 5",2026-09-11T23:36:59.260Z,178916981926006
"Player stacks: #2 ""chris @ 5NARaPRkSp"" (1075) | #6 ""9/2 @ d-4X_F_SSU"" (1025) | #8 ""gurt @ gpP9uUffpu"" (925) | #9 ""DK @ -47FT3Kv-N"" (975)",2026-09-11T23:36:59.260Z,178916981926001
"-- starting hand #10 (id: zag4mw4xq7pi)  No Limit Texas Hold'em (dealer: ""gurt @ gpP9uUffpu"") --",2026-09-11T23:36:59.260Z,178916981926000
"Undealt cards: 9♣, 3♣, 6♣ [J♣, 3♠]",2026-09-11T23:36:54.838Z,178916981483800
"-- ending hand #9 --",2026-09-11T23:36:53.265Z,178916981326502
"""chris @ 5NARaPRkSp"" collected 95 from pot",2026-09-11T23:36:53.265Z,178916981326501
"Uncalled bet of 30 returned to ""chris @ 5NARaPRkSp""",2026-09-11T23:36:53.265Z,178916981326500
"""9/2 @ d-4X_F_SSU"" folds",2026-09-11T23:36:52.438Z,178916981243800
"""chris @ 5NARaPRkSp"" bets 30",2026-09-11T23:36:51.162Z,178916981116200
"Flop:  [9♣, 3♣, 6♣]",2026-09-11T23:36:47.861Z,178916980786100
"""DK @ -47FT3Kv-N"" folds",2026-09-11T23:36:47.051Z,178916980705100
"""gurt @ gpP9uUffpu"" folds",2026-09-11T23:36:45.533Z,178916980553300
"""9/2 @ d-4X_F_SSU"" calls 40",2026-09-11T23:36:44.605Z,178916980460500
"""chris @ 5NARaPRkSp"" raises to 40",2026-09-11T23:36:40.992Z,178916980099200
"""DK @ -47FT3Kv-N"" posts a big blind of 10",2026-09-11T23:36:37.988Z,178916979798807
"""gurt @ gpP9uUffpu"" posts a small blind of 5",2026-09-11T23:36:37.988Z,178916979798806
"Player stacks: #2 ""chris @ 5NARaPRkSp"" (1020) | #6 ""9/2 @ d-4X_F_SSU"" (1065) | #8 ""gurt @ gpP9uUffpu"" (930) | #9 ""DK @ -47FT3Kv-N"" (985)",2026-09-11T23:36:37.988Z,178916979798801
"-- starting hand #9 (id: zbdth4argiir)  No Limit Texas Hold'em (dealer: ""9/2 @ d-4X_F_SSU"") --",2026-09-11T23:36:37.988Z,178916979798800
"Undealt cards: 8♥, 6♣, 10♣ [K♥, 5♠]",2026-09-11T23:36:32.582Z,178916979258200
"-- ending hand #8 --",2026-09-11T23:36:31.983Z,178916979198302
"""chris @ 5NARaPRkSp"" collected 45 from pot",2026-09-11T23:36:31.983Z,178916979198301
"Uncalled bet of 10 returned to ""chris @ 5NARaPRkSp""",2026-09-11T23:36:31.983Z,178916979198300
"""gurt @ gpP9uUffpu"" folds",2026-09-11T23:36:31.119Z,178916979111900
"""chris @ 5NARaPRkSp"" bets 10",2026-09-11T23:36:30.218Z,178916979021800
"""gurt @ gpP9uUffpu"" checks",2026-09-11T23:36:27.792Z,178916978779200
"Flop:  [8♥, 6♣, 10♣]",2026-09-11T23:36:25.783Z,178916978578300
"""gurt @ gpP9uUffpu"" calls 20",2026-09-11T23:36:24.870Z,178916978487000
"""9/2 @ d-4X_F_SSU"" folds",2026-09-11T23:36:23.866Z,178916978386600
"""chris @ 5NARaPRkSp"" raises to 20",2026-09-11T23:36:21.409Z,178916978140900
"""DK @ -47FT3Kv-N"" folds",2026-09-11T23:36:19.301Z,178916977930100
"""gurt @ gpP9uUffpu"" posts a big blind of 10",2026-09-11T23:36:15.181Z,178916977518107
"""9/2 @ d-4X_F_SSU"" posts a small blind of 5",2026-09-11T23:36:15.181Z,178916977518106
"Player stacks: #2 ""chris @ 5NARaPRkSp"" (995) | #6 ""9/2 @ d-4X_F_SSU"" (1070) | #8 ""gurt @ gpP9uUffpu"" (950) | #9 ""DK @ -47FT3Kv-N"" (985)",2026-09-11T23:36:15.181Z,178916977518101
"-- starting hand #8 (id: zoqeu0f1fs6y)  No Limit Texas Hold'em (dealer: ""chris @ 5NARaPRkSp"") --",2026-09-11T23:36:15.181Z,178916977518100
"""gurt @ gpP9uUffpu"" shows a 4♣.",2026-09-11T23:36:13.292Z,178916977329200
"Undealt cards:  [9♠, A♦, 5♥, 7♦, 6♣]",2026-09-11T23:36:09.188Z,178916976918800
"-- ending hand #7 --",2026-09-11T23:36:08.573Z,178916976857302
"""9/2 @ d-4X_F_SSU"" collected 10 from pot",2026-09-11T23:36:08.573Z,178916976857301
"Uncalled bet of 5 returned to ""9/2 @ d-4X_F_SSU""",2026-09-11T23:36:08.573Z,178916976857300
"""chris @ 5NARaPRkSp"" folds",2026-09-11T23:36:07.667Z,178916976766700
"""DK @ -47FT3Kv-N"" folds",2026-09-11T23:36:06.644Z,178916976664400
"""gurt @ gpP9uUffpu"" folds",2026-09-11T23:36:03.947Z,178916976394700
"""9/2 @ d-4X_F_SSU"" posts a big blind of 10",2026-09-11T23:36:02.471Z,178916976247107
"""chris @ 5NARaPRkSp"" posts a small blind of 5",2026-09-11T23:36:02.471Z,178916976247106
"Player stacks: #2 ""chris @ 5NARaPRkSp"" (1000) | #6 ""9/2 @ d-4X_F_SSU"" (1065) | #8 ""gurt @ gpP9uUffpu"" (950) | #9 ""DK @ -47FT3Kv-N"" (985)",2026-09-11T23:36:02.471Z,178916976247101
"-- starting hand #7 (id: v54svw7degdk)  No Limit Texas Hold'em (dealer: ""DK @ -47FT3Kv-N"") --",2026-09-11T23:36:02.471Z,178916976247100
"Undealt cards:  [4♦, Q♥, 6♣, K♣, K♦]",2026-09-11T23:35:57.098Z,178916975709800
"-- ending hand #6 --",2026-09-11T23:35:56.463Z,178916975646302
"""gurt @ gpP9uUffpu"" collected 25 from pot",2026-09-11T23:35:56.463Z,178916975646301
"Uncalled bet of 20 returned to ""gurt @ gpP9uUffpu""",2026-09-11T23:35:56.463Z,178916975646300
"""chris @ 5NARaPRkSp"" folds",2026-09-11T23:35:55.586Z,178916975558600
"""DK @ -47FT3Kv-N"" folds",2026-09-11T23:35:54.572Z,178916975457200
"""gurt @ gpP9uUffpu"" raises to 30",2026-09-11T23:35:52.398Z,178916975239800
"""9/2 @ d-4X_F_SSU"" folds",2026-09-11T23:35:49.334Z,178916974933400
"""chris @ 5NARaPRkSp"" posts a big blind of 10",2026-09-11T23:35:48.090Z,178916974809007
"""DK @ -47FT3Kv-N"" posts a small blind of 5",2026-09-11T23:35:48.090Z,178916974809006
"Player stacks: #2 ""chris @ 5NARaPRkSp"" (1010) | #6 ""9/2 @ d-4X_F_SSU"" (1065) | #8 ""gurt @ gpP9uUffpu"" (935) | #9 ""DK @ -47FT3Kv-N"" (990)",2026-09-11T23:35:48.090Z,178916974809001
"-- starting hand #6 (id: kiupvfy9hq3h)  No Limit Texas Hold'em (dealer: ""gurt @ gpP9uUffpu"") --",2026-09-11T23:35:48.090Z,178916974809000
"-- ending hand #5 --",2026-09-11T23:35:42.060Z,178916974206002
"""chris @ 5NARaPRkSp"" collected 80 from pot with Two Pair, 8's & 5's (combination: J♣, 5♥, 5♦, 8♦, 8♠)",2026-09-11T23:35:42.060Z,178916974206001
"""chris @ 5NARaPRkSp"" shows a 8♦, 8♠.",2026-09-11T23:35:42.060Z,178916974206000
"""gurt @ gpP9uUffpu"" calls 15",2026-09-11T23:35:41.225Z,178916974122500
"""chris @ 5NARaPRkSp"" bets 15",2026-09-11T23:35:40.211Z,178916974021100
"""gurt @ gpP9uUffpu"" checks",2026-09-11T23:35:37.451Z,178916973745100
"River: J♣, 5♥, 5♦, 2♥ [7♦]",2026-09-11T23:35:36.455Z,178916973645500
"""chris @ 5NARaPRkSp"" checks",2026-09-11T23:35:35.548Z,178916973554800
"""gurt @ gpP9uUffpu"" checks",2026-09-11T23:35:32.950Z,178916973295000
"Turn: J♣, 5♥, 5♦ [2♥]",2026-09-11T23:35:31.650Z,178916973165000
"""chris @ 5NARaPRkSp"" checks",2026-09-11T23:35:30.795Z,178916973079500
"""gurt @ gpP9uUffpu"" checks",2026-09-11T23:35:29.334Z,178916972933400
"Flop:  [J♣, 5♥, 5♦]",2026-09-11T23:35:27.844Z,178916972784400
"""DK @ -47FT3Kv-N"" folds",2026-09-11T23:35:27.023Z,178916972702300
"""gurt @ gpP9uUffpu"" calls 20",2026-09-11T23:35:25.969Z,178916972596900
"""9/2 @ d-4X_F_SSU"" folds",2026-09-11T23:35:24.166Z,178916972416600
"""chris @ 5NARaPRkSp"" raises to 20",2026-09-11T23:35:19.402Z,178916971940200
"""DK @ -47FT3Kv-N"" posts a big blind of 10",2026-09-11T23:35:16.838Z,178916971683808
"""gurt @ gpP9uUffpu"" posts a small blind of 5",2026-09-11T23:35:16.838Z,178916971683807
"Player stacks: #2 ""chris @ 5NARaPRkSp"" (965) | #6 ""9/2 @ d-4X_F_SSU"" (1065) | #8 ""gurt @ gpP9uUffpu"" (970) | #9 ""DK @ -47FT3Kv-N"" (1000)",2026-09-11T23:35:16.838Z,178916971683802
"-- starting hand #5 (id: o1l0gvaechyr)  No Limit Texas Hold'em (dealer: ""9/2 @ d-4X_F_SSU"") --",2026-09-11T23:35:16.838Z,178916971683801
"The player ""DK @ -47FT3Kv-N"" joined the game with a stack of 1000.",2026-09-11T23:35:16.838Z,178916971683800
"Undealt cards: A♥, 2♥, 6♥, 8♥ [J♣]",2026-09-11T23:35:11.157Z,178916971115700
"-- ending hand #4 --",2026-09-11T23:35:10.837Z,178916971083702
"""9/2 @ d-4X_F_SSU"" collected 20 from pot",2026-09-11T23:35:10.837Z,178916971083701
"Uncalled bet of 10 returned to ""9/2 @ d-4X_F_SSU""",2026-09-11T23:35:10.837Z,178916971083700
"""gurt @ gpP9uUffpu"" folds",2026-09-11T23:35:09.952Z,178916970995200
"""9/2 @ d-4X_F_SSU"" bets 10",2026-09-11T23:35:08.882Z,178916970888200
"Turn: A♥, 2♥, 6♥ [8♥]",2026-09-11T23:35:06.632Z,178916970663200
"""gurt @ gpP9uUffpu"" checks",2026-09-11T23:35:05.778Z,178916970577800
"The admin approved the player ""DK @ -47FT3Kv-N"" participation with a stack of 1000.",2026-09-11T23:35:03.158Z,178916970315800
"""9/2 @ d-4X_F_SSU"" checks",2026-09-11T23:35:00.971Z,178916970097100
"The player ""DK @ -47FT3Kv-N"" requested a seat.",2026-09-11T23:34:57.506Z,178916969750600
"Flop:  [A♥, 2♥, 6♥]",2026-09-11T23:34:55.233Z,178916969523300
"""gurt @ gpP9uUffpu"" checks",2026-09-11T23:34:54.419Z,178916969441900
"""9/2 @ d-4X_F_SSU"" calls 10",2026-09-11T23:34:48.923Z,178916968892300
"""chris @ 5NARaPRkSp"" folds",2026-09-11T23:34:46.033Z,178916968603300
"""gurt @ gpP9uUffpu"" posts a big blind of 10",2026-09-11T23:34:44.560Z,178916968456006
"""9/2 @ d-4X_F_SSU"" posts a small blind of 5",2026-09-11T23:34:44.560Z,178916968456005
"Player stacks: #2 ""chris @ 5NARaPRkSp"" (965) | #6 ""9/2 @ d-4X_F_SSU"" (1055) | #8 ""gurt @ gpP9uUffpu"" (980)",2026-09-11T23:34:44.560Z,178916968456001
"-- starting hand #4 (id: cpdwnvnucqde)  No Limit Texas Hold'em (dealer: ""chris @ 5NARaPRkSp"") --",2026-09-11T23:34:44.560Z,178916968456000
"Undealt cards:  [Q♣, 5♦, J♦, 3♣, 9♠]",2026-09-11T23:34:39.555Z,178916967955500
"-- ending hand #3 --",2026-09-11T23:34:38.550Z,178916967855002
"""gurt @ gpP9uUffpu"" collected 25 from pot",2026-09-11T23:34:38.550Z,178916967855001
"Uncalled bet of 23 returned to ""gurt @ gpP9uUffpu""",2026-09-11T23:34:38.550Z,178916967855000
"""9/2 @ d-4X_F_SSU"" folds",2026-09-11T23:34:37.664Z,178916967766400
"""chris @ 5NARaPRkSp"" folds",2026-09-11T23:34:36.784Z,178916967678400
"""gurt @ gpP9uUffpu"" raises to 33",2026-09-11T23:34:34.227Z,178916967422700
"""9/2 @ d-4X_F_SSU"" posts a big blind of 10",2026-09-11T23:34:31.743Z,178916967174306
"""chris @ 5NARaPRkSp"" posts a small blind of 5",2026-09-11T23:34:31.743Z,178916967174305
"Player stacks: #2 ""chris @ 5NARaPRkSp"" (970) | #6 ""9/2 @ d-4X_F_SSU"" (1065) | #8 ""gurt @ gpP9uUffpu"" (965)",2026-09-11T23:34:31.743Z,178916967174301
"-- starting hand #3 (id: fpbcbqmp7m0p)  No Limit Texas Hold'em (dealer: ""gurt @ gpP9uUffpu"") --",2026-09-11T23:34:31.743Z,178916967174300
"-- ending hand #2 --",2026-09-11T23:34:25.723Z,178916966572302
"""9/2 @ d-4X_F_SSU"" collected 65 from pot",2026-09-11T23:34:25.723Z,178916966572301
"Uncalled bet of 30 returned to ""9/2 @ d-4X_F_SSU""",2026-09-11T23:34:25.723Z,178916966572300
"""chris @ 5NARaPRkSp"" folds",2026-09-11T23:34:24.836Z,178916966483600
"""9/2 @ d-4X_F_SSU"" bets 30",2026-09-11T23:34:23.478Z,178916966347800
"""chris @ 5NARaPRkSp"" checks",2026-09-11T23:34:20.749Z,178916966074900
"Flop:  [Q♥, 5♠, 8♦]",2026-09-11T23:34:17.722Z,178916965772200
"""chris @ 5NARaPRkSp"" calls 30",2026-09-11T23:34:16.878Z,178916965687800
"""gurt @ gpP9uUffpu"" folds",2026-09-11T23:34:15.828Z,178916965582800
"""9/2 @ d-4X_F_SSU"" raises to 30",2026-09-11T23:34:14.178Z,178916965417800
"""chris @ 5NARaPRkSp"" posts a big blind of 10",2026-09-11T23:34:12.520Z,178916965252006
"""gurt @ gpP9uUffpu"" posts a small blind of 5",2026-09-11T23:34:12.520Z,178916965252005
"Player stacks: #2 ""chris @ 5NARaPRkSp"" (1000) | #6 ""9/2 @ d-4X_F_SSU"" (1030) | #8 ""gurt @ gpP9uUffpu"" (970)",2026-09-11T23:34:12.520Z,178916965252001
"-- starting hand #2 (id: mfvlfonvolij)  No Limit Texas Hold'em (dealer: ""9/2 @ d-4X_F_SSU"") --",2026-09-11T23:34:12.520Z,178916965252000
"Undealt cards: J♥, 10♠, 3♠ [9♣, K♥]",2026-09-11T23:34:06.712Z,178916964671200
"-- ending hand #1 --",2026-09-11T23:34:06.541Z,178916964654102
"""9/2 @ d-4X_F_SSU"" collected 60 from pot",2026-09-11T23:34:06.541Z,178916964654101
"Uncalled bet of 20 returned to ""9/2 @ d-4X_F_SSU""",2026-09-11T23:34:06.541Z,178916964654100
"""gurt @ gpP9uUffpu"" folds",2026-09-11T23:34:05.731Z,178916964573100
"""9/2 @ d-4X_F_SSU"" bets 20",2026-09-11T23:34:03.463Z,178916964346300
"Flop:  [J♥, 10♠, 3♠]",2026-09-11T23:33:59.653Z,178916963965300
"""gurt @ gpP9uUffpu"" calls 30",2026-09-11T23:33:58.771Z,178916963877100
"""9/2 @ d-4X_F_SSU"" raises to 30",2026-09-11T23:33:56.286Z,178916963628600
"""chris @ 5NARaPRkSp"" folds",2026-09-11T23:33:49.547Z,178916962954700
"""gurt @ gpP9uUffpu"" posts a big blind of 10",2026-09-11T23:33:47.486Z,178916962748609
"""9/2 @ d-4X_F_SSU"" posts a small blind of 5",2026-09-11T23:33:47.486Z,178916962748608
"Player stacks: #2 ""chris @ 5NARaPRkSp"" (1000) | #6 ""9/2 @ d-4X_F_SSU"" (1000) | #8 ""gurt @ gpP9uUffpu"" (1000)",2026-09-11T23:33:47.486Z,178916962748604
"The player ""gurt @ gpP9uUffpu"" joined the game with a stack of 1000.",2026-09-11T23:33:47.486Z,178916962748603
"The player ""9/2 @ d-4X_F_SSU"" joined the game with a stack of 1000.",2026-09-11T23:33:47.486Z,178916962748602
"The player ""chris @ 5NARaPRkSp"" joined the game with a stack of 1000.",2026-09-11T23:33:47.486Z,178916962748601
"-- starting hand #1 (id: 6gtycqnjtwkb)  No Limit Texas Hold'em (dealer: ""chris @ 5NARaPRkSp"") --",2026-09-11T23:33:47.486Z,178916962748600
"The admin approved the player ""chris @ 5NARaPRkSp"" participation with a stack of 1000.",2026-09-11T23:33:41.202Z,178916962120200
"The admin approved the player ""9/2 @ d-4X_F_SSU"" participation with a stack of 1000.",2026-09-11T23:33:39.928Z,178916961992800
"The player ""chris @ 5NARaPRkSp"" requested a seat.",2026-09-11T23:32:50.686Z,178916957068600
"The player ""9/2 @ d-4X_F_SSU"" requested a seat.",2026-09-11T23:31:51.133Z,178916951113300
"The game's ante was changed from 0 to 0.",2026-09-11T23:31:34.065Z,178916949406503
"The game's big blind was changed from 20 to 10.",2026-09-11T23:31:34.065Z,178916949406502
"The game's small blind was changed from 10 to 5.",2026-09-11T23:31:34.065Z,178916949406501
"Game Config Changes
* Nit Minimum Players: off » 3
* Allow Rebuy: off » off
* Blind Schedule: L1: 10/20 » L1: 5/10
* Rabbit Hunt: off » on
* Allow Run it Twice: no » ask players
* Restart Blind Schedule at Level: none » 1",2026-09-11T23:31:34.065Z,178916949406500
"The admin approved the player ""gurt @ gpP9uUffpu"" participation with a stack of 1000.",2026-09-11T22:57:10.532Z,178916743053201
"The player ""gurt @ gpP9uUffpu"" requested a seat.",2026-09-11T22:57:10.532Z,178916743053200
