entry,at,order
"Game Config Changes
* Game Type Cyling: off » off
* Double Board: off » off
* Simulated Fee: off » off
* Simulated Fee Percentage: off » null
* Simulated Fee Max Value: none » none
* Bomb Pot: off » off
* Bomb Pot Probability: off » off
* Bomb Pot BB Quantity: off » off
* 7-2 bounty: 15 » off",2026-09-10T07:44:01.061Z,178902624106100
"The player ""LingWae @ FQN9hzhzP_"" stand up with the stack of 1512.",2026-09-10T02:01:41.799Z,178900570179900
"-- ending hand #143 --",2026-09-10T02:01:13.873Z,178900567387303
"""LingWae @ FQN9hzhzP_"" collected 984 from pot with Two Pair, J's & 2's (combination: K♣, 2♥, 2♦, J♣, J♦)",2026-09-10T02:01:13.873Z,178900567387302
"""LingWae @ FQN9hzhzP_"" shows a J♣, 10♣.",2026-09-10T02:01:13.873Z,178900567387301
"""gurt @ gpP9uUffpu"" shows a 8♥, Q♥.",2026-09-10T02:01:13.873Z,178900567387300
"""LingWae @ FQN9hzhzP_"" calls 444",2026-09-10T02:01:13.069Z,178900567306900
"""gurt @ gpP9uUffpu"" raises to 444",2026-09-10T02:00:55.820Z,178900565582000
"""LingWae @ FQN9hzhzP_"" raises to 270",2026-09-10T02:00:45.420Z,178900564542000
"""gurt @ gpP9uUffpu"" bets 111",2026-09-10T02:00:36.823Z,178900563682300
"River: 2♥, 2♦, K♣, 5♠ [J♦]",2026-09-10T02:00:34.546Z,178900563454600
"""LingWae @ FQN9hzhzP_"" calls 22",2026-09-10T02:00:33.739Z,178900563373900
"""gurt @ gpP9uUffpu"" bets 22",2026-09-10T02:00:31.246Z,178900563124600
"The admin ""gurt @ gpP9uUffpu"" enqueued the game stop on next hand.",2026-09-10T02:00:30.346Z,178900563034600
"Turn: 2♥, 2♦, K♣ [5♠]",2026-09-10T02:00:29.144Z,178900562914400
"""LingWae @ FQN9hzhzP_"" calls 11",2026-09-10T02:00:28.328Z,178900562832800
"""gurt @ gpP9uUffpu"" bets 11",2026-09-10T02:00:26.890Z,178900562689000
"Flop:  [2♥, 2♦, K♣]",2026-09-10T02:00:24.650Z,178900562465000
"""gurt @ gpP9uUffpu"" calls 15",2026-09-10T02:00:23.800Z,178900562380000
"""LingWae @ FQN9hzhzP_"" raises to 15",2026-09-10T02:00:18.450Z,178900561845000
"""gurt @ gpP9uUffpu"" posts a big blind of 5",2026-09-10T02:00:14.429Z,178900561442905
"""LingWae @ FQN9hzhzP_"" posts a small blind of 2",2026-09-10T02:00:14.429Z,178900561442904
"Your hand is 8♥, Q♥",2026-09-10T02:00:14.429Z,178900561442903
"Player stacks: #2 ""LingWae @ FQN9hzhzP_"" (1020) | #10 ""gurt @ gpP9uUffpu"" (1521)",2026-09-10T02:00:14.429Z,178900561442901
"-- starting hand #143 (id: aheslidvwisc)  No Limit Texas Hold'em (dealer: ""LingWae @ FQN9hzhzP_"") --",2026-09-10T02:00:14.429Z,178900561442900
"""LingWae @ FQN9hzhzP_"" shows a J♣, A♦.",2026-09-10T02:00:09.186Z,178900560918600
"-- ending hand #142 --",2026-09-10T02:00:07.918Z,178900560791802
"""gurt @ gpP9uUffpu"" collected 242 from pot with Two Pair, 10's & 5's (combination: Q♦, 5♥, 5♦, 10♣, 10♥)",2026-09-10T02:00:07.918Z,178900560791801
"""gurt @ gpP9uUffpu"" shows a J♠, 10♣.",2026-09-10T02:00:07.918Z,178900560791800
"""gurt @ gpP9uUffpu"" checks",2026-09-10T02:00:07.090Z,178900560709000
"""LingWae @ FQN9hzhzP_"" checks",2026-09-10T02:00:05.179Z,178900560517900
"River: 10♥, 5♥, 3♣, 5♦ [Q♦]",2026-09-10T02:00:02.452Z,178900560245200
"""gurt @ gpP9uUffpu"" calls 55",2026-09-10T02:00:01.509Z,178900560150900
"""LingWae @ FQN9hzhzP_"" bets 55",2026-09-10T01:59:59.719Z,178900559971900
"Turn: 10♥, 5♥, 3♣ [5♦]",2026-09-10T01:59:55.758Z,178900559575800
"""LingWae @ FQN9hzhzP_"" calls 44",2026-09-10T01:59:54.880Z,178900559488000
"""gurt @ gpP9uUffpu"" raises to 44",2026-09-10T01:59:53.508Z,178900559350800
"""LingWae @ FQN9hzhzP_"" bets 22",2026-09-10T01:59:51.225Z,178900559122500
"Flop:  [10♥, 5♥, 3♣]",2026-09-10T01:59:47.955Z,178900558795500
"""LingWae @ FQN9hzhzP_"" calls 22",2026-09-10T01:59:47.129Z,178900558712900
"""gurt @ gpP9uUffpu"" raises to 22",2026-09-10T01:59:45.705Z,178900558570500
"""LingWae @ FQN9hzhzP_"" posts a big blind of 5",2026-09-10T01:59:43.818Z,178900558381805
"""gurt @ gpP9uUffpu"" posts a small blind of 2",2026-09-10T01:59:43.818Z,178900558381804
"Your hand is J♠, 10♣",2026-09-10T01:59:43.818Z,178900558381803
"Player stacks: #2 ""LingWae @ FQN9hzhzP_"" (1141) | #10 ""gurt @ gpP9uUffpu"" (1400)",2026-09-10T01:59:43.818Z,178900558381801
"-- starting hand #142 (id: j7yujomt0lwo)  No Limit Texas Hold'em (dealer: ""gurt @ gpP9uUffpu"") --",2026-09-10T01:59:43.818Z,178900558381800
"-- ending hand #141 --",2026-09-10T01:59:37.777Z,178900557777703
"""LingWae @ FQN9hzhzP_"" collected 396 from pot with Pair, A's (combination: 4♣, 8♥, K♣, A♠, A♥)",2026-09-10T01:59:37.777Z,178900557777702
"""LingWae @ FQN9hzhzP_"" shows a A♠, 8♥.",2026-09-10T01:59:37.777Z,178900557777701
"""gurt @ gpP9uUffpu"" shows a Q♦, J♦.",2026-09-10T01:59:37.777Z,178900557777700
"""LingWae @ FQN9hzhzP_"" calls 66",2026-09-10T01:59:36.961Z,178900557696100
"""gurt @ gpP9uUffpu"" bets 66",2026-09-10T01:59:35.867Z,178900557586700
"River: A♥, K♣, 3♠, 2♣ [4♣]",2026-09-10T01:59:28.197Z,178900556819700
"""LingWae @ FQN9hzhzP_"" checks",2026-09-10T01:59:27.360Z,178900556736000
"""gurt @ gpP9uUffpu"" checks",2026-09-10T01:59:23.153Z,178900556315300
"Turn: A♥, K♣, 3♠ [2♣]",2026-09-10T01:59:21.593Z,178900556159300
"""gurt @ gpP9uUffpu"" calls 88",2026-09-10T01:59:20.771Z,178900556077100
"""LingWae @ FQN9hzhzP_"" raises to 88",2026-09-10T01:59:19.561Z,178900555956100
"""gurt @ gpP9uUffpu"" bets 22",2026-09-10T01:59:17.403Z,178900555740300
"Flop:  [A♥, K♣, 3♠]",2026-09-10T01:59:15.291Z,178900555529100
"""LingWae @ FQN9hzhzP_"" calls 44",2026-09-10T01:59:14.434Z,178900555443400
"""gurt @ gpP9uUffpu"" raises to 44",2026-09-10T01:59:12.621Z,178900555262100
"""LingWae @ FQN9hzhzP_"" raises to 15",2026-09-10T01:59:10.640Z,178900555064000
"""gurt @ gpP9uUffpu"" posts a big blind of 5",2026-09-10T01:59:08.742Z,178900554874205
"""LingWae @ FQN9hzhzP_"" posts a small blind of 2",2026-09-10T01:59:08.742Z,178900554874204
"Your hand is Q♦, J♦",2026-09-10T01:59:08.742Z,178900554874203
"Player stacks: #2 ""LingWae @ FQN9hzhzP_"" (943) | #10 ""gurt @ gpP9uUffpu"" (1598)",2026-09-10T01:59:08.742Z,178900554874201
"-- starting hand #141 (id: rvjaepdqqu8o)  No Limit Texas Hold'em (dealer: ""LingWae @ FQN9hzhzP_"") --",2026-09-10T01:59:08.742Z,178900554874200
"-- ending hand #140 --",2026-09-10T01:59:02.724Z,178900554272403
"""gurt @ gpP9uUffpu"" collected 400 from pot with Pair, 9's (combination: 7♦, 8♣, K♠, 9♣, 9♥)",2026-09-10T01:59:02.724Z,178900554272402
"""gurt @ gpP9uUffpu"" shows a 9♣, 9♥.",2026-09-10T01:59:02.724Z,178900554272401
"""LingWae @ FQN9hzhzP_"" shows a 8♦, Q♦.",2026-09-10T01:59:02.724Z,178900554272400
"""gurt @ gpP9uUffpu"" calls 67",2026-09-10T01:59:01.900Z,178900554190000
"""LingWae @ FQN9hzhzP_"" bets 67",2026-09-10T01:58:59.806Z,178900553980600
"River: 8♣, 4♣, 7♦, 5♦ [K♠]",2026-09-10T01:58:56.803Z,178900553680300
"""gurt @ gpP9uUffpu"" calls 67",2026-09-10T01:58:55.946Z,178900553594600
"""LingWae @ FQN9hzhzP_"" bets 67",2026-09-10T01:58:52.765Z,178900553276500
"Turn: 8♣, 4♣, 7♦ [5♦]",2026-09-10T01:58:50.100Z,178900553010000
"""LingWae @ FQN9hzhzP_"" calls 44",2026-09-10T01:58:49.275Z,178900552927500
"""gurt @ gpP9uUffpu"" raises to 44",2026-09-10T01:58:47.709Z,178900552770900
"""LingWae @ FQN9hzhzP_"" bets 22",2026-09-10T01:58:45.767Z,178900552576700
"Flop:  [8♣, 4♣, 7♦]",2026-09-10T01:58:42.537Z,178900552253700
"""LingWae @ FQN9hzhzP_"" calls 22",2026-09-10T01:58:41.699Z,178900552169900
"""gurt @ gpP9uUffpu"" raises to 22",2026-09-10T01:58:35.997Z,178900551599700
"""LingWae @ FQN9hzhzP_"" posts a big blind of 5",2026-09-10T01:58:34.039Z,178900551403905
"""gurt @ gpP9uUffpu"" posts a small blind of 2",2026-09-10T01:58:34.039Z,178900551403904
"Your hand is 9♣, 9♥",2026-09-10T01:58:34.039Z,178900551403903
"Player stacks: #2 ""LingWae @ FQN9hzhzP_"" (1143) | #10 ""gurt @ gpP9uUffpu"" (1398)",2026-09-10T01:58:34.039Z,178900551403901
"-- starting hand #140 (id: s61lxgbd67yw)  No Limit Texas Hold'em (dealer: ""gurt @ gpP9uUffpu"") --",2026-09-10T01:58:34.039Z,178900551403900
"""gurt @ gpP9uUffpu"" shows a 4♠.",2026-09-10T01:58:29.986Z,178900550998600
"Undealt cards:  [3♠, 2♠, K♦, 6♠, 7♦]",2026-09-10T01:58:27.631Z,178900550763100
"-- ending hand #139 --",2026-09-10T01:58:27.434Z,178900550743401
"""LingWae @ FQN9hzhzP_"" collected 10 from pot",2026-09-10T01:58:27.434Z,178900550743400
"""gurt @ gpP9uUffpu"" folds",2026-09-10T01:58:26.579Z,178900550657900
"""LingWae @ FQN9hzhzP_"" calls 5",2026-09-10T01:58:25.653Z,178900550565300
"""gurt @ gpP9uUffpu"" posts a big blind of 5",2026-09-10T01:58:23.780Z,178900550378005
"""LingWae @ FQN9hzhzP_"" posts a small blind of 2",2026-09-10T01:58:23.780Z,178900550378004
"Player stacks: #2 ""LingWae @ FQN9hzhzP_"" (1138) | #10 ""gurt @ gpP9uUffpu"" (1403)",2026-09-10T01:58:23.780Z,178900550378001
"-- starting hand #139 (id: conzm24hkfxp)  No Limit Texas Hold'em (dealer: ""LingWae @ FQN9hzhzP_"") --",2026-09-10T01:58:23.780Z,178900550378000
"""LingWae @ FQN9hzhzP_"" shows a 9♣, 7♦.",2026-09-10T01:58:18.520Z,178900549852000
"Undealt cards:  [4♥, A♥, 3♦, 5♠, J♠]",2026-09-10T01:58:17.328Z,178900549732800
"""gurt @ gpP9uUffpu"" shows a 4♣.",2026-09-10T01:58:16.825Z,178900549682500
"-- ending hand #138 --",2026-09-10T01:58:16.430Z,178900549643002
"""LingWae @ FQN9hzhzP_"" collected 4 from pot",2026-09-10T01:58:16.430Z,178900549643001
"Uncalled bet of 3 returned to ""LingWae @ FQN9hzhzP_""",2026-09-10T01:58:16.430Z,178900549643000
"""gurt @ gpP9uUffpu"" folds",2026-09-10T01:58:15.593Z,178900549559300
"""LingWae @ FQN9hzhzP_"" posts a big blind of 5",2026-09-10T01:58:14.475Z,178900549447505
"""gurt @ gpP9uUffpu"" posts a small blind of 2",2026-09-10T01:58:14.475Z,178900549447504
"Player stacks: #2 ""LingWae @ FQN9hzhzP_"" (1136) | #10 ""gurt @ gpP9uUffpu"" (1405)",2026-09-10T01:58:14.475Z,178900549447501
"-- starting hand #138 (id: bcp2kt67xjvt)  No Limit Texas Hold'em (dealer: ""gurt @ gpP9uUffpu"") --",2026-09-10T01:58:14.475Z,178900549447500
"""LingWae @ FQN9hzhzP_"" shows a 6♦.",2026-09-10T01:58:12.872Z,178900549287200
"Undealt cards:  [7♠, 2♦, A♠, 9♥, 6♠]",2026-09-10T01:58:08.046Z,178900548804600
"-- ending hand #137 --",2026-09-10T01:58:07.867Z,178900548786702
"""LingWae @ FQN9hzhzP_"" collected 10 from pot",2026-09-10T01:58:07.867Z,178900548786701
"Uncalled bet of 10 returned to ""LingWae @ FQN9hzhzP_""",2026-09-10T01:58:07.867Z,178900548786700
"""gurt @ gpP9uUffpu"" folds",2026-09-10T01:58:07.063Z,178900548706300
"""LingWae @ FQN9hzhzP_"" raises to 15",2026-09-10T01:58:06.151Z,178900548615100
"""gurt @ gpP9uUffpu"" posts a big blind of 5",2026-09-10T01:58:04.572Z,178900548457205
"""LingWae @ FQN9hzhzP_"" posts a small blind of 2",2026-09-10T01:58:04.572Z,178900548457204
"Player stacks: #2 ""LingWae @ FQN9hzhzP_"" (1131) | #10 ""gurt @ gpP9uUffpu"" (1410)",2026-09-10T01:58:04.572Z,178900548457201
"-- starting hand #137 (id: uifki8xll0qk)  No Limit Texas Hold'em (dealer: ""LingWae @ FQN9hzhzP_"") --",2026-09-10T01:58:04.572Z,178900548457200
"""gurt @ gpP9uUffpu"" shows a J♣.",2026-09-10T01:58:01.955Z,178900548195500
"""LingWae @ FQN9hzhzP_"" shows a K♣, A♣.",2026-09-10T01:57:58.984Z,178900547898400
"Undealt cards:  [8♦, 8♣, 2♣, 5♦, 10♦]",2026-09-10T01:57:57.428Z,178900547742800
"-- ending hand #136 --",2026-09-10T01:57:57.219Z,178900547721902
"""LingWae @ FQN9hzhzP_"" collected 4 from pot",2026-09-10T01:57:57.219Z,178900547721901
"Uncalled bet of 3 returned to ""LingWae @ FQN9hzhzP_""",2026-09-10T01:57:57.219Z,178900547721900
"""gurt @ gpP9uUffpu"" folds",2026-09-10T01:57:56.379Z,178900547637900
"""LingWae @ FQN9hzhzP_"" posts a big blind of 5",2026-09-10T01:57:54.975Z,178900547497505
"""gurt @ gpP9uUffpu"" posts a small blind of 2",2026-09-10T01:57:54.975Z,178900547497504
"Player stacks: #2 ""LingWae @ FQN9hzhzP_"" (1129) | #10 ""gurt @ gpP9uUffpu"" (1412)",2026-09-10T01:57:54.975Z,178900547497501
"-- starting hand #136 (id: pppabbqtv3gc)  No Limit Texas Hold'em (dealer: ""gurt @ gpP9uUffpu"") --",2026-09-10T01:57:54.975Z,178900547497500
"""LingWae @ FQN9hzhzP_"" shows a 10♦.",2026-09-10T01:57:51.077Z,178900547107700
"Undealt cards:  [9♦, 6♦, J♦, 5♦, 6♠]",2026-09-10T01:57:48.581Z,178900546858100
"-- ending hand #135 --",2026-09-10T01:57:48.365Z,178900546836502
"""LingWae @ FQN9hzhzP_"" collected 10 from pot",2026-09-10T01:57:48.365Z,178900546836501
"Uncalled bet of 10 returned to ""LingWae @ FQN9hzhzP_""",2026-09-10T01:57:48.365Z,178900546836500
"""gurt @ gpP9uUffpu"" folds",2026-09-10T01:57:47.459Z,178900546745900
"""LingWae @ FQN9hzhzP_"" raises to 15",2026-09-10T01:57:46.555Z,178900546655500
"""gurt @ gpP9uUffpu"" posts a big blind of 5",2026-09-10T01:57:44.365Z,178900546436505
"""LingWae @ FQN9hzhzP_"" posts a small blind of 2",2026-09-10T01:57:44.365Z,178900546436504
"Player stacks: #2 ""LingWae @ FQN9hzhzP_"" (1124) | #10 ""gurt @ gpP9uUffpu"" (1417)",2026-09-10T01:57:44.365Z,178900546436501
"-- starting hand #135 (id: bcylldjgq7cz)  No Limit Texas Hold'em (dealer: ""LingWae @ FQN9hzhzP_"") --",2026-09-10T01:57:44.365Z,178900546436500
"Undealt cards:  [10♣, 2♠, K♦, 4♣, J♥]",2026-09-10T01:57:40.365Z,178900546036500
"-- ending hand #134 --",2026-09-10T01:57:38.360Z,178900545836002
"""LingWae @ FQN9hzhzP_"" collected 4 from pot",2026-09-10T01:57:38.360Z,178900545836001
"Uncalled bet of 3 returned to ""LingWae @ FQN9hzhzP_""",2026-09-10T01:57:38.360Z,178900545836000
"""gurt @ gpP9uUffpu"" folds",2026-09-10T01:57:37.553Z,178900545755300
"""LingWae @ FQN9hzhzP_"" posts a big blind of 5",2026-09-10T01:57:36.560Z,178900545656005
"""gurt @ gpP9uUffpu"" posts a small blind of 2",2026-09-10T01:57:36.560Z,178900545656004
"Player stacks: #2 ""LingWae @ FQN9hzhzP_"" (1122) | #10 ""gurt @ gpP9uUffpu"" (1419)",2026-09-10T01:57:36.560Z,178900545656001
"-- starting hand #134 (id: cd2vzw4cq780)  No Limit Texas Hold'em (dealer: ""gurt @ gpP9uUffpu"") --",2026-09-10T01:57:36.560Z,178900545656000
"-- ending hand #133 --",2026-09-10T01:57:33.560Z,178900545356002
"""LingWae @ FQN9hzhzP_"" collected 208 from pot",2026-09-10T01:57:33.560Z,178900545356001
"Uncalled bet of 156 returned to ""LingWae @ FQN9hzhzP_""",2026-09-10T01:57:33.560Z,178900545356000
"""gurt @ gpP9uUffpu"" folds",2026-09-10T01:57:32.754Z,178900545275400
"""LingWae @ FQN9hzhzP_"" raises to 223",2026-09-10T01:57:19.601Z,178900543960100
"""gurt @ gpP9uUffpu"" bets 67",2026-09-10T01:57:15.632Z,178900543563200
"River: 3♠, 10♣, K♦, 7♦ [7♣]",2026-09-10T01:57:11.493Z,178900543149300
"""LingWae @ FQN9hzhzP_"" calls 22",2026-09-10T01:57:10.630Z,178900543063000
"""gurt @ gpP9uUffpu"" bets 22",2026-09-10T01:57:09.009Z,178900542900900
"Turn: 3♠, 10♣, K♦ [7♦]",2026-09-10T01:57:07.690Z,178900542769000
"""LingWae @ FQN9hzhzP_"" checks",2026-09-10T01:57:06.842Z,178900542684200
"""gurt @ gpP9uUffpu"" checks",2026-09-10T01:57:02.173Z,178900542217300
"Flop:  [3♠, 10♣, K♦]",2026-09-10T01:57:00.378Z,178900542037800
"""gurt @ gpP9uUffpu"" calls 15",2026-09-10T01:56:59.490Z,178900541949000
"""LingWae @ FQN9hzhzP_"" raises to 15",2026-09-10T01:56:57.522Z,178900541752200
"""gurt @ gpP9uUffpu"" posts a big blind of 5",2026-09-10T01:56:54.773Z,178900541477305
"""LingWae @ FQN9hzhzP_"" posts a small blind of 2",2026-09-10T01:56:54.773Z,178900541477304
"Player stacks: #2 ""LingWae @ FQN9hzhzP_"" (1018) | #10 ""gurt @ gpP9uUffpu"" (1523)",2026-09-10T01:56:54.773Z,178900541477301
"-- starting hand #133 (id: 2onqj0jlt8ba)  No Limit Texas Hold'em (dealer: ""LingWae @ FQN9hzhzP_"") --",2026-09-10T01:56:54.773Z,178900541477300
"""gurt @ gpP9uUffpu"" shows a 6♣.",2026-09-10T01:56:52.410Z,178900541241000
"Undealt cards: 7♠, 3♣, 7♦, 5♣ [4♣]",2026-09-10T01:56:49.580Z,178900540958000
"-- ending hand #132 --",2026-09-10T01:56:48.167Z,178900540816702
"""gurt @ gpP9uUffpu"" collected 30 from pot",2026-09-10T01:56:48.167Z,178900540816701
"Uncalled bet of 22 returned to ""gurt @ gpP9uUffpu""",2026-09-10T01:56:48.167Z,178900540816700
"""LingWae @ FQN9hzhzP_"" folds",2026-09-10T01:56:47.294Z,178900540729400
"""gurt @ gpP9uUffpu"" bets 22",2026-09-10T01:56:44.333Z,178900540433300
"""LingWae @ FQN9hzhzP_"" checks",2026-09-10T01:56:42.643Z,178900540264300
"Turn: 7♠, 3♣, 7♦ [5♣]",2026-09-10T01:56:40.571Z,178900540057100
"""gurt @ gpP9uUffpu"" checks",2026-09-10T01:56:39.694Z,178900539969400
"""LingWae @ FQN9hzhzP_"" checks",2026-09-10T01:56:38.790Z,178900539879000
"Flop:  [7♠, 3♣, 7♦]",2026-09-10T01:56:36.563Z,178900539656300
"""LingWae @ FQN9hzhzP_"" calls 15",2026-09-10T01:56:35.743Z,178900539574300
"""gurt @ gpP9uUffpu"" raises to 15",2026-09-10T01:56:34.788Z,178900539478800
"""LingWae @ FQN9hzhzP_"" posts a big blind of 5",2026-09-10T01:56:32.868Z,178900539286805
"""gurt @ gpP9uUffpu"" posts a small blind of 2",2026-09-10T01:56:32.868Z,178900539286804
"Player stacks: #2 ""LingWae @ FQN9hzhzP_"" (1033) | #10 ""gurt @ gpP9uUffpu"" (1508)",2026-09-10T01:56:32.868Z,178900539286801
"-- starting hand #132 (id: p1wvesibukar)  No Limit Texas Hold'em (dealer: ""gurt @ gpP9uUffpu"") --",2026-09-10T01:56:32.868Z,178900539286800
"Undealt cards:  [K♦, 4♠, A♠, Q♣, 9♥]",2026-09-10T01:56:27.659Z,178900538765900
"-- ending hand #131 --",2026-09-10T01:56:26.960Z,178900538696002
"""LingWae @ FQN9hzhzP_"" collected 10 from pot",2026-09-10T01:56:26.960Z,178900538696001
"Uncalled bet of 15 returned to ""LingWae @ FQN9hzhzP_""",2026-09-10T01:56:26.960Z,178900538696000
"""gurt @ gpP9uUffpu"" folds",2026-09-10T01:56:26.125Z,178900538612500
"""LingWae @ FQN9hzhzP_"" raises to 20",2026-09-10T01:56:01.985Z,178900536198500
"""gurt @ gpP9uUffpu"" posts a big blind of 5",2026-09-10T01:55:54.689Z,178900535468905
"""LingWae @ FQN9hzhzP_"" posts a small blind of 2",2026-09-10T01:55:54.689Z,178900535468904
"Player stacks: #2 ""LingWae @ FQN9hzhzP_"" (1028) | #10 ""gurt @ gpP9uUffpu"" (1513)",2026-09-10T01:55:54.689Z,178900535468901
"-- starting hand #131 (id: oibi6ulno934)  No Limit Texas Hold'em (dealer: ""LingWae @ FQN9hzhzP_"") --",2026-09-10T01:55:54.689Z,178900535468900
"""LingWae @ FQN9hzhzP_"" shows a K♠, 2♦.",2026-09-10T01:55:53.056Z,178900535305600
"-- ending hand #130 --",2026-09-10T01:55:51.063Z,178900535106302
"""gurt @ gpP9uUffpu"" collected 640 from pot",2026-09-10T01:55:51.063Z,178900535106301
"Uncalled bet of 222 returned to ""gurt @ gpP9uUffpu""",2026-09-10T01:55:51.063Z,178900535106300
"""LingWae @ FQN9hzhzP_"" folds",2026-09-10T01:55:50.204Z,178900535020400
"""gurt @ gpP9uUffpu"" bets 222",2026-09-10T01:55:47.550Z,178900534755000
"""LingWae @ FQN9hzhzP_"" checks",2026-09-10T01:55:44.160Z,178900534416000
"River: A♥, 3♦, 2♣, 9♠ [J♥]",2026-09-10T01:55:33.650Z,178900533365000
"""gurt @ gpP9uUffpu"" calls 160",2026-09-10T01:55:32.748Z,178900533274800
"""LingWae @ FQN9hzhzP_"" bets 160",2026-09-10T01:55:30.166Z,178900533016600
"Turn: A♥, 3♦, 2♣ [9♠]",2026-09-10T01:55:25.444Z,178900532544400
"""gurt @ gpP9uUffpu"" calls 140",2026-09-10T01:55:24.595Z,178900532459500
"""LingWae @ FQN9hzhzP_"" raises to 140",2026-09-10T01:55:21.968Z,178900532196800
"""gurt @ gpP9uUffpu"" raises to 44",2026-09-10T01:55:19.309Z,178900531930900
"""LingWae @ FQN9hzhzP_"" bets 20",2026-09-10T01:55:17.476Z,178900531747600
"Flop:  [A♥, 3♦, 2♣]",2026-09-10T01:55:14.451Z,178900531445100
"""gurt @ gpP9uUffpu"" calls 20",2026-09-10T01:55:13.647Z,178900531364700
"""LingWae @ FQN9hzhzP_"" raises to 20",2026-09-10T01:55:12.111Z,178900531211100
"""gurt @ gpP9uUffpu"" calls 5",2026-09-10T01:55:03.383Z,178900530338300
"""LingWae @ FQN9hzhzP_"" posts a big blind of 5",2026-09-10T01:55:02.276Z,178900530227605
"""gurt @ gpP9uUffpu"" posts a small blind of 2",2026-09-10T01:55:02.276Z,178900530227604
"Player stacks: #2 ""LingWae @ FQN9hzhzP_"" (1348) | #10 ""gurt @ gpP9uUffpu"" (1193)",2026-09-10T01:55:02.276Z,178900530227601
"-- starting hand #130 (id: lwmvxsv6b2wb)  No Limit Texas Hold'em (dealer: ""gurt @ gpP9uUffpu"") --",2026-09-10T01:55:02.276Z,178900530227600
"Undealt cards:  [2♥, 8♦, 2♠, 10♥, 7♠]",2026-09-10T01:54:56.971Z,178900529697100
"-- ending hand #129 --",2026-09-10T01:54:56.170Z,178900529617002
"""LingWae @ FQN9hzhzP_"" collected 10 from pot",2026-09-10T01:54:56.170Z,178900529617001
"Uncalled bet of 10 returned to ""LingWae @ FQN9hzhzP_""",2026-09-10T01:54:56.170Z,178900529617000
"""gurt @ gpP9uUffpu"" folds",2026-09-10T01:54:55.349Z,178900529534900
"""LingWae @ FQN9hzhzP_"" raises to 15",2026-09-10T01:54:50.880Z,178900529088000
"""gurt @ gpP9uUffpu"" posts a big blind of 5",2026-09-10T01:54:48.538Z,178900528853805
"""LingWae @ FQN9hzhzP_"" posts a small blind of 2",2026-09-10T01:54:48.538Z,178900528853804
"Player stacks: #2 ""LingWae @ FQN9hzhzP_"" (1343) | #10 ""gurt @ gpP9uUffpu"" (1198)",2026-09-10T01:54:48.538Z,178900528853801
"-- starting hand #129 (id: zrjrknmkv2o1)  No Limit Texas Hold'em (dealer: ""LingWae @ FQN9hzhzP_"") --",2026-09-10T01:54:48.538Z,178900528853800
"""LingWae @ FQN9hzhzP_"" shows a 10♦.",2026-09-10T01:54:46.685Z,178900528668500
"Undealt cards: 5♦, 3♠, K♦ [5♣, 9♦]",2026-09-10T01:54:42.126Z,178900528212600
"-- ending hand #128 --",2026-09-10T01:54:41.879Z,178900528187902
"""LingWae @ FQN9hzhzP_"" collected 44 from pot",2026-09-10T01:54:41.879Z,178900528187901
"Uncalled bet of 22 returned to ""LingWae @ FQN9hzhzP_""",2026-09-10T01:54:41.879Z,178900528187900
"""gurt @ gpP9uUffpu"" folds",2026-09-10T01:54:41.010Z,178900528101000
"""LingWae @ FQN9hzhzP_"" bets 22",2026-09-10T01:54:40.115Z,178900528011500
"Flop:  [5♦, 3♠, K♦]",2026-09-10T01:54:35.676Z,178900527567600
"""LingWae @ FQN9hzhzP_"" calls 22",2026-09-10T01:54:34.788Z,178900527478800
"""gurt @ gpP9uUffpu"" raises to 22",2026-09-10T01:54:33.211Z,178900527321100
"""LingWae @ FQN9hzhzP_"" posts a big blind of 5",2026-09-10T01:54:30.871Z,178900527087105
"""gurt @ gpP9uUffpu"" posts a small blind of 2",2026-09-10T01:54:30.871Z,178900527087104
"Player stacks: #2 ""LingWae @ FQN9hzhzP_"" (1321) | #10 ""gurt @ gpP9uUffpu"" (1220)",2026-09-10T01:54:30.871Z,178900527087101
"-- starting hand #128 (id: sscv1rlb40gv)  No Limit Texas Hold'em (dealer: ""gurt @ gpP9uUffpu"") --",2026-09-10T01:54:30.871Z,178900527087100
"""gurt @ gpP9uUffpu"" shows a 7♠.",2026-09-10T01:54:28.577Z,178900526857700
"""LingWae @ FQN9hzhzP_"" shows a 5♠.",2026-09-10T01:54:26.154Z,178900526615400
"Undealt cards: K♠, 7♥, Q♥ [7♣, 5♦]",2026-09-10T01:54:23.942Z,178900526394200
"-- ending hand #127 --",2026-09-10T01:54:23.464Z,178900526346402
"""gurt @ gpP9uUffpu"" collected 44 from pot",2026-09-10T01:54:23.464Z,178900526346401
"Uncalled bet of 33 returned to ""gurt @ gpP9uUffpu""",2026-09-10T01:54:23.464Z,178900526346400
"""LingWae @ FQN9hzhzP_"" folds",2026-09-10T01:54:22.643Z,178900526264300
"""gurt @ gpP9uUffpu"" bets 33",2026-09-10T01:54:21.712Z,178900526171200
"Flop:  [K♠, 7♥, Q♥]",2026-09-10T01:54:18.948Z,178900525894800
"""LingWae @ FQN9hzhzP_"" calls 22",2026-09-10T01:54:18.088Z,178900525808800
"""gurt @ gpP9uUffpu"" raises to 22",2026-09-10T01:54:16.886Z,178900525688600
"""LingWae @ FQN9hzhzP_"" calls 5",2026-09-10T01:54:14.586Z,178900525458600
"""gurt @ gpP9uUffpu"" posts a big blind of 5",2026-09-10T01:54:13.252Z,178900525325205
"""LingWae @ FQN9hzhzP_"" posts a small blind of 2",2026-09-10T01:54:13.252Z,178900525325204
"Player stacks: #2 ""LingWae @ FQN9hzhzP_"" (1343) | #10 ""gurt @ gpP9uUffpu"" (1198)",2026-09-10T01:54:13.252Z,178900525325201
"-- starting hand #127 (id: 8qjswzfyn4qd)  No Limit Texas Hold'em (dealer: ""LingWae @ FQN9hzhzP_"") --",2026-09-10T01:54:13.252Z,178900525325200
"""LingWae @ FQN9hzhzP_"" shows a 7♥, K♠.",2026-09-10T01:54:08.320Z,178900524832000
"-- ending hand #126 --",2026-09-10T01:54:06.652Z,178900524665202
"""gurt @ gpP9uUffpu"" collected 20 from pot with Two Pair, 9's & 3's (combination: K♣, 3♥, 3♦, 9♣, 9♦)",2026-09-10T01:54:06.652Z,178900524665201
"""gurt @ gpP9uUffpu"" shows a K♣, 3♥.",2026-09-10T01:54:06.652Z,178900524665200
"""LingWae @ FQN9hzhzP_"" calls 5",2026-09-10T01:54:05.765Z,178900524576500
"""gurt @ gpP9uUffpu"" bets 5",2026-09-10T01:54:02.608Z,178900524260800
"""LingWae @ FQN9hzhzP_"" checks",2026-09-10T01:54:01.107Z,178900524110700
"River: 2♦, 3♦, 9♣, 9♦ [5♥]",2026-09-10T01:53:58.706Z,178900523870600
"""gurt @ gpP9uUffpu"" checks",2026-09-10T01:53:57.882Z,178900523788200
"""LingWae @ FQN9hzhzP_"" checks",2026-09-10T01:53:56.937Z,178900523693700
"Turn: 2♦, 3♦, 9♣ [9♦]",2026-09-10T01:53:55.506Z,178900523550600
"""gurt @ gpP9uUffpu"" checks",2026-09-10T01:53:54.674Z,178900523467400
"""LingWae @ FQN9hzhzP_"" checks",2026-09-10T01:53:53.741Z,178900523374100
"Flop:  [2♦, 3♦, 9♣]",2026-09-10T01:53:52.503Z,178900523250300
"""LingWae @ FQN9hzhzP_"" checks",2026-09-10T01:53:51.687Z,178900523168700
"""gurt @ gpP9uUffpu"" calls 5",2026-09-10T01:53:49.096Z,178900522909600
"""LingWae @ FQN9hzhzP_"" posts a big blind of 5",2026-09-10T01:53:48.218Z,178900522821805
"""gurt @ gpP9uUffpu"" posts a small blind of 2",2026-09-10T01:53:48.218Z,178900522821804
"Your hand is K♣, 3♥",2026-09-10T01:53:48.218Z,178900522821803
"Player stacks: #2 ""LingWae @ FQN9hzhzP_"" (1353) | #10 ""gurt @ gpP9uUffpu"" (1188)",2026-09-10T01:53:48.218Z,178900522821801
"-- starting hand #126 (id: wnkr76ams9pn)  No Limit Texas Hold'em (dealer: ""gurt @ gpP9uUffpu"") --",2026-09-10T01:53:48.218Z,178900522821800
"""LingWae @ FQN9hzhzP_"" shows a 3♣.",2026-09-10T01:53:46.720Z,178900522672000
"""gurt @ gpP9uUffpu"" shows a 6♣.",2026-09-10T01:53:45.607Z,178900522560700
"""LingWae @ FQN9hzhzP_"" shows a 6♠.",2026-09-10T01:53:44.122Z,178900522412200
"Undealt cards:  [K♣, 7♣, J♣, K♠, K♥]",2026-09-10T01:53:41.785Z,178900522178500
"-- ending hand #125 --",2026-09-10T01:53:40.889Z,178900522088902
"""gurt @ gpP9uUffpu"" collected 4 from pot",2026-09-10T01:53:40.889Z,178900522088901
"Uncalled bet of 3 returned to ""gurt @ gpP9uUffpu""",2026-09-10T01:53:40.889Z,178900522088900
"""LingWae @ FQN9hzhzP_"" folds",2026-09-10T01:53:40.071Z,178900522007100
"""gurt @ gpP9uUffpu"" posts a big blind of 5",2026-09-10T01:53:38.610Z,178900521861005
"""LingWae @ FQN9hzhzP_"" posts a small blind of 2",2026-09-10T01:53:38.610Z,178900521861004
"Player stacks: #2 ""LingWae @ FQN9hzhzP_"" (1355) | #10 ""gurt @ gpP9uUffpu"" (1186)",2026-09-10T01:53:38.610Z,178900521861001
"-- starting hand #125 (id: criyi74ccu82)  No Limit Texas Hold'em (dealer: ""LingWae @ FQN9hzhzP_"") --",2026-09-10T01:53:38.610Z,178900521861000
"-- ending hand #124 --",2026-09-10T01:53:35.687Z,178900521568702
"""LingWae @ FQN9hzhzP_"" collected 44 from pot",2026-09-10T01:53:35.687Z,178900521568701
"Uncalled bet of 22 returned to ""LingWae @ FQN9hzhzP_""",2026-09-10T01:53:35.687Z,178900521568700
"""gurt @ gpP9uUffpu"" folds",2026-09-10T01:53:34.868Z,178900521486800
"""LingWae @ FQN9hzhzP_"" bets 22",2026-09-10T01:53:33.095Z,178900521309500
"River: A♦, 5♥, Q♠, 7♦ [8♥]",2026-09-10T01:53:27.576Z,178900520757600
"""gurt @ gpP9uUffpu"" checks",2026-09-10T01:53:26.739Z,178900520673900
"""LingWae @ FQN9hzhzP_"" checks",2026-09-10T01:53:25.836Z,178900520583600
"Turn: A♦, 5♥, Q♠ [7♦]",2026-09-10T01:53:21.373Z,178900520137300
"""gurt @ gpP9uUffpu"" checks",2026-09-10T01:53:20.532Z,178900520053200
"""LingWae @ FQN9hzhzP_"" checks",2026-09-10T01:53:19.583Z,178900519958300
"Flop:  [A♦, 5♥, Q♠]",2026-09-10T01:53:17.773Z,178900519777300
"""LingWae @ FQN9hzhzP_"" calls 22",2026-09-10T01:53:16.907Z,178900519690700
"""gurt @ gpP9uUffpu"" raises to 22",2026-09-10T01:53:16.005Z,178900519600500
"""LingWae @ FQN9hzhzP_"" posts a big blind of 5",2026-09-10T01:53:14.574Z,178900519457405
"""gurt @ gpP9uUffpu"" posts a small blind of 2",2026-09-10T01:53:14.574Z,178900519457404
"Player stacks: #2 ""LingWae @ FQN9hzhzP_"" (1333) | #10 ""gurt @ gpP9uUffpu"" (1208)",2026-09-10T01:53:14.574Z,178900519457401
"-- starting hand #124 (id: 2kiodrq33ahi)  No Limit Texas Hold'em (dealer: ""gurt @ gpP9uUffpu"") --",2026-09-10T01:53:14.574Z,178900519457400
"Undealt cards:  [7♠, 4♥, 9♣, 3♣, 5♣]",2026-09-10T01:53:10.602Z,178900519060200
"-- ending hand #123 --",2026-09-10T01:53:08.664Z,178900518866402
"""gurt @ gpP9uUffpu"" collected 4 from pot",2026-09-10T01:53:08.664Z,178900518866401
"Uncalled bet of 3 returned to ""gurt @ gpP9uUffpu""",2026-09-10T01:53:08.664Z,178900518866400
"""LingWae @ FQN9hzhzP_"" folds",2026-09-10T01:53:07.813Z,178900518781300
"""gurt @ gpP9uUffpu"" posts a big blind of 5",2026-09-10T01:53:06.570Z,178900518657005
"""LingWae @ FQN9hzhzP_"" posts a small blind of 2",2026-09-10T01:53:06.570Z,178900518657004
"Player stacks: #2 ""LingWae @ FQN9hzhzP_"" (1335) | #10 ""gurt @ gpP9uUffpu"" (1206)",2026-09-10T01:53:06.570Z,178900518657001
"-- starting hand #123 (id: 5jrfsxuwwuvx)  No Limit Texas Hold'em (dealer: ""LingWae @ FQN9hzhzP_"") --",2026-09-10T01:53:06.570Z,178900518657000
"-- ending hand #122 --",2026-09-10T01:53:00.467Z,178900518046703
"""gurt @ gpP9uUffpu"" collected 176 from pot with Two Pair, K's & 4's (combination: A♥, 4♣, 4♦, K♦, K♣)",2026-09-10T01:53:00.467Z,178900518046702
"""gurt @ gpP9uUffpu"" shows a 8♠, A♥.",2026-09-10T01:53:00.467Z,178900518046701
"""LingWae @ FQN9hzhzP_"" shows a 10♦, 9♠.",2026-09-10T01:53:00.467Z,178900518046700
"""gurt @ gpP9uUffpu"" calls 44",2026-09-10T01:52:59.649Z,178900517964900
"""LingWae @ FQN9hzhzP_"" bets 44",2026-09-10T01:52:58.725Z,178900517872500
"River: K♦, K♣, 4♣, 4♦ [J♠]",2026-09-10T01:52:55.398Z,178900517539800
"""LingWae @ FQN9hzhzP_"" calls 22",2026-09-10T01:52:54.584Z,178900517458400
"""gurt @ gpP9uUffpu"" bets 22",2026-09-10T01:52:53.573Z,178900517357300
"""LingWae @ FQN9hzhzP_"" checks",2026-09-10T01:52:52.027Z,178900517202700
"Turn: K♦, K♣, 4♣ [4♦]",2026-09-10T01:52:50.662Z,178900517066200
"""gurt @ gpP9uUffpu"" checks",2026-09-10T01:52:49.800Z,178900516980000
"""LingWae @ FQN9hzhzP_"" checks",2026-09-10T01:52:47.381Z,178900516738100
"Flop:  [K♦, K♣, 4♣]",2026-09-10T01:52:45.861Z,178900516586100
"""LingWae @ FQN9hzhzP_"" calls 22",2026-09-10T01:52:45.039Z,178900516503900
"""gurt @ gpP9uUffpu"" raises to 22",2026-09-10T01:52:42.134Z,178900516213400
"""LingWae @ FQN9hzhzP_"" posts a big blind of 5",2026-09-10T01:52:40.552Z,178900516055205
"""gurt @ gpP9uUffpu"" posts a small blind of 2",2026-09-10T01:52:40.552Z,178900516055204
"Your hand is 8♠, A♥",2026-09-10T01:52:40.552Z,178900516055203
"Player stacks: #2 ""LingWae @ FQN9hzhzP_"" (1423) | #10 ""gurt @ gpP9uUffpu"" (1118)",2026-09-10T01:52:40.552Z,178900516055201
"-- starting hand #122 (id: lne4dzpkuvql)  No Limit Texas Hold'em (dealer: ""gurt @ gpP9uUffpu"") --",2026-09-10T01:52:40.552Z,178900516055200
"Undealt cards:  [8♥, 5♣, 2♦, 5♦, 4♣]",2026-09-10T01:52:38.988Z,178900515898800
"""LingWae @ FQN9hzhzP_"" shows a 3♦.",2026-09-10T01:52:38.354Z,178900515835400
"""LingWae @ FQN9hzhzP_"" shows a 6♥.",2026-09-10T01:52:36.701Z,178900515670100
"-- ending hand #121 --",2026-09-10T01:52:33.949Z,178900515394902
"""gurt @ gpP9uUffpu"" collected 10 from pot",2026-09-10T01:52:33.949Z,178900515394901
"Uncalled bet of 17 returned to ""gurt @ gpP9uUffpu""",2026-09-10T01:52:33.949Z,178900515394900
"""LingWae @ FQN9hzhzP_"" folds",2026-09-10T01:52:33.096Z,178900515309600
"""gurt @ gpP9uUffpu"" raises to 22",2026-09-10T01:52:16.772Z,178900513677200
"""LingWae @ FQN9hzhzP_"" calls 5",2026-09-10T01:52:14.469Z,178900513446900
"""gurt @ gpP9uUffpu"" posts a big blind of 5",2026-09-10T01:52:10.140Z,178900513014005
"""LingWae @ FQN9hzhzP_"" posts a small blind of 2",2026-09-10T01:52:10.140Z,178900513014004
"Player stacks: #2 ""LingWae @ FQN9hzhzP_"" (1428) | #10 ""gurt @ gpP9uUffpu"" (1113)",2026-09-10T01:52:10.140Z,178900513014001
"-- starting hand #121 (id: st0upciabdm5)  No Limit Texas Hold'em (dealer: ""LingWae @ FQN9hzhzP_"") --",2026-09-10T01:52:10.140Z,178900513014000
"Undealt cards: 4♣, K♦, 9♥ [5♣, Q♠]",2026-09-10T01:52:05.238Z,178900512523800
"-- ending hand #120 --",2026-09-10T01:52:04.211Z,178900512421102
"""gurt @ gpP9uUffpu"" collected 22 from pot",2026-09-10T01:52:04.211Z,178900512421101
"Uncalled bet of 11 returned to ""gurt @ gpP9uUffpu""",2026-09-10T01:52:04.211Z,178900512421100
"""LingWae @ FQN9hzhzP_"" folds",2026-09-10T01:52:03.332Z,178900512333200
"""gurt @ gpP9uUffpu"" bets 11",2026-09-10T01:52:01.276Z,178900512127600
"""LingWae @ FQN9hzhzP_"" checks",2026-09-10T01:51:59.152Z,178900511915200
"Flop:  [4♣, K♦, 9♥]",2026-09-10T01:51:57.269Z,178900511726900
"""LingWae @ FQN9hzhzP_"" calls 11",2026-09-10T01:51:56.424Z,178900511642400
"""gurt @ gpP9uUffpu"" raises to 11",2026-09-10T01:51:55.172Z,178900511517200
"""LingWae @ FQN9hzhzP_"" posts a big blind of 5",2026-09-10T01:51:52.890Z,178900511289005
"""gurt @ gpP9uUffpu"" posts a small blind of 2",2026-09-10T01:51:52.890Z,178900511289004
"Player stacks: #2 ""LingWae @ FQN9hzhzP_"" (1439) | #10 ""gurt @ gpP9uUffpu"" (1102)",2026-09-10T01:51:52.890Z,178900511289001
"-- starting hand #120 (id: nxpj6fb3x02a)  No Limit Texas Hold'em (dealer: ""gurt @ gpP9uUffpu"") --",2026-09-10T01:51:52.890Z,178900511289000
"""LingWae @ FQN9hzhzP_"" shows a K♣, 7♠.",2026-09-10T01:51:47.814Z,178900510781400
"-- ending hand #119 --",2026-09-10T01:51:46.370Z,178900510637002
"""gurt @ gpP9uUffpu"" collected 20 from pot with Two Pair, 10's & 6's (combination: K♠, 6♠, 6♥, 10♣, 10♥)",2026-09-10T01:51:46.370Z,178900510637001
"""gurt @ gpP9uUffpu"" shows a 6♠, K♠.",2026-09-10T01:51:46.370Z,178900510637000
"""LingWae @ FQN9hzhzP_"" calls 5",2026-09-10T01:51:45.497Z,178900510549700
"""gurt @ gpP9uUffpu"" bets 5",2026-09-10T01:51:44.368Z,178900510436800
"River: 10♣, 5♠, 10♥, 8♥ [6♥]",2026-09-10T01:51:43.172Z,178900510317200
"""LingWae @ FQN9hzhzP_"" checks",2026-09-10T01:51:42.348Z,178900510234800
"""gurt @ gpP9uUffpu"" checks",2026-09-10T01:51:41.382Z,178900510138200
"Turn: 10♣, 5♠, 10♥ [8♥]",2026-09-10T01:51:40.454Z,178900510045400
"""LingWae @ FQN9hzhzP_"" checks",2026-09-10T01:51:39.582Z,178900509958200
"""gurt @ gpP9uUffpu"" checks",2026-09-10T01:51:37.862Z,178900509786200
"Flop:  [10♣, 5♠, 10♥]",2026-09-10T01:51:36.650Z,178900509665000
"""gurt @ gpP9uUffpu"" checks",2026-09-10T01:51:35.779Z,178900509577900
"""LingWae @ FQN9hzhzP_"" calls 5",2026-09-10T01:51:26.646Z,178900508664600
"""gurt @ gpP9uUffpu"" posts a big blind of 5",2026-09-10T01:51:11.061Z,178900507106105
"""LingWae @ FQN9hzhzP_"" posts a small blind of 2",2026-09-10T01:51:11.061Z,178900507106104
"Your hand is 6♠, K♠",2026-09-10T01:51:11.061Z,178900507106103
"Player stacks: #2 ""LingWae @ FQN9hzhzP_"" (1449) | #10 ""gurt @ gpP9uUffpu"" (1092)",2026-09-10T01:51:11.061Z,178900507106101
"-- starting hand #119 (id: otvgzu934vjo)  No Limit Texas Hold'em (dealer: ""LingWae @ FQN9hzhzP_"") --",2026-09-10T01:51:11.061Z,178900507106100
"""LingWae @ FQN9hzhzP_"" shows a Q♣.",2026-09-10T01:51:09.162Z,178900506916200
"Undealt cards: Q♦, 6♦, 10♥ [A♥, 3♥]",2026-09-10T01:51:04.679Z,178900506467900
"-- ending hand #118 --",2026-09-10T01:51:04.411Z,178900506441102
"""LingWae @ FQN9hzhzP_"" collected 222 from pot",2026-09-10T01:51:04.411Z,178900506441101
"Uncalled bet of 111 returned to ""LingWae @ FQN9hzhzP_""",2026-09-10T01:51:04.411Z,178900506441100
"""gurt @ gpP9uUffpu"" folds",2026-09-10T01:51:03.580Z,178900506358000
"""LingWae @ FQN9hzhzP_"" bets 111",2026-09-10T01:51:01.681Z,178900506168100
"Flop:  [Q♦, 6♦, 10♥]",2026-09-10T01:50:49.351Z,178900504935100
"""LingWae @ FQN9hzhzP_"" calls 111",2026-09-10T01:50:48.444Z,178900504844400
"""gurt @ gpP9uUffpu"" raises to 111",2026-09-10T01:50:42.456Z,178900504245600
"""LingWae @ FQN9hzhzP_"" posts a big blind of 5",2026-09-10T01:50:40.144Z,178900504014405
"""gurt @ gpP9uUffpu"" posts a small blind of 2",2026-09-10T01:50:40.144Z,178900504014404
"Player stacks: #2 ""LingWae @ FQN9hzhzP_"" (1338) | #10 ""gurt @ gpP9uUffpu"" (1203)",2026-09-10T01:50:40.144Z,178900504014401
"-- starting hand #118 (id: uwzpicfbspqx)  No Limit Texas Hold'em (dealer: ""gurt @ gpP9uUffpu"") --",2026-09-10T01:50:40.144Z,178900504014400
"""gurt @ gpP9uUffpu"" shows a 10♣.",2026-09-10T01:50:38.359Z,178900503835900
"""LingWae @ FQN9hzhzP_"" shows a 8♣, 7♦.",2026-09-10T01:50:36.428Z,178900503642800
"-- ending hand #117 --",2026-09-10T01:50:35.745Z,178900503574502
"""gurt @ gpP9uUffpu"" collected 30 from pot",2026-09-10T01:50:35.745Z,178900503574501
"Uncalled bet of 5 returned to ""gurt @ gpP9uUffpu""",2026-09-10T01:50:35.745Z,178900503574500
"""LingWae @ FQN9hzhzP_"" folds",2026-09-10T01:50:34.861Z,178900503486100
"""gurt @ gpP9uUffpu"" bets 5",2026-09-10T01:50:30.240Z,178900503024000
"River: 5♦, 5♥, 2♦, 4♠ [4♥]",2026-09-10T01:50:25.908Z,178900502590800
"""LingWae @ FQN9hzhzP_"" checks",2026-09-10T01:50:25.070Z,178900502507000
"""gurt @ gpP9uUffpu"" checks",2026-09-10T01:50:24.163Z,178900502416300
"Turn: 5♦, 5♥, 2♦ [4♠]",2026-09-10T01:50:23.300Z,178900502330000
"""LingWae @ FQN9hzhzP_"" checks",2026-09-10T01:50:22.391Z,178900502239100
"""gurt @ gpP9uUffpu"" checks",2026-09-10T01:50:21.456Z,178900502145600
"Flop:  [5♦, 5♥, 2♦]",2026-09-10T01:50:19.345Z,178900501934500
"""LingWae @ FQN9hzhzP_"" calls 15",2026-09-10T01:50:18.517Z,178900501851700
"""gurt @ gpP9uUffpu"" raises to 15",2026-09-10T01:50:16.417Z,178900501641700
"""LingWae @ FQN9hzhzP_"" calls 5",2026-09-10T01:50:14.535Z,178900501453500
"""gurt @ gpP9uUffpu"" posts a big blind of 5",2026-09-10T01:50:13.091Z,178900501309105
"""LingWae @ FQN9hzhzP_"" posts a small blind of 2",2026-09-10T01:50:13.091Z,178900501309104
"Player stacks: #2 ""LingWae @ FQN9hzhzP_"" (1353) | #10 ""gurt @ gpP9uUffpu"" (1188)",2026-09-10T01:50:13.091Z,178900501309101
"-- starting hand #117 (id: hsvcciehi6nl)  No Limit Texas Hold'em (dealer: ""LingWae @ FQN9hzhzP_"") --",2026-09-10T01:50:13.091Z,178900501309100
"-- ending hand #116 --",2026-09-10T01:50:10.127Z,178900501012702
"""LingWae @ FQN9hzhzP_"" collected 124 from pot",2026-09-10T01:50:10.127Z,178900501012701
"Uncalled bet of 67 returned to ""LingWae @ FQN9hzhzP_""",2026-09-10T01:50:10.127Z,178900501012700
"""gurt @ gpP9uUffpu"" folds",2026-09-10T01:50:09.300Z,178900500930000
"""LingWae @ FQN9hzhzP_"" bets 67",2026-09-10T01:50:02.602Z,178900500260200
"River: 7♥, 5♥, 9♣, 9♠ [6♥]",2026-09-10T01:49:58.953Z,178900499895300
"""gurt @ gpP9uUffpu"" calls 25",2026-09-10T01:49:58.146Z,178900499814600
"""LingWae @ FQN9hzhzP_"" bets 25",2026-09-10T01:49:56.940Z,178900499694000
"Turn: 7♥, 5♥, 9♣ [9♠]",2026-09-10T01:49:53.867Z,178900499386700
"""LingWae @ FQN9hzhzP_"" calls 22",2026-09-10T01:49:52.966Z,178900499296600
"""gurt @ gpP9uUffpu"" bets 22",2026-09-10T01:49:52.027Z,178900499202700
"""LingWae @ FQN9hzhzP_"" checks",2026-09-10T01:49:49.988Z,178900498998800
"Flop:  [7♥, 5♥, 9♣]",2026-09-10T01:49:48.464Z,178900498846400
"""gurt @ gpP9uUffpu"" calls 15",2026-09-10T01:49:47.652Z,178900498765200
"""LingWae @ FQN9hzhzP_"" raises to 15",2026-09-10T01:49:46.222Z,178900498622200
"""gurt @ gpP9uUffpu"" calls 5",2026-09-10T01:49:41.389Z,178900498138900
"""LingWae @ FQN9hzhzP_"" posts a big blind of 5",2026-09-10T01:49:39.453Z,178900497945305
"""gurt @ gpP9uUffpu"" posts a small blind of 2",2026-09-10T01:49:39.453Z,178900497945304
"Player stacks: #2 ""LingWae @ FQN9hzhzP_"" (1291) | #10 ""gurt @ gpP9uUffpu"" (1250)",2026-09-10T01:49:39.453Z,178900497945301
"-- starting hand #116 (id: twwfmyugsfzd)  No Limit Texas Hold'em (dealer: ""gurt @ gpP9uUffpu"") --",2026-09-10T01:49:39.453Z,178900497945300
"""LingWae @ FQN9hzhzP_"" shows a 10♣.",2026-09-10T01:49:37.916Z,178900497791600
"-- ending hand #115 --",2026-09-10T01:49:35.757Z,178900497575702
"""LingWae @ FQN9hzhzP_"" collected 66 from pot",2026-09-10T01:49:35.757Z,178900497575701
"Uncalled bet of 33 returned to ""LingWae @ FQN9hzhzP_""",2026-09-10T01:49:35.757Z,178900497575700
"""gurt @ gpP9uUffpu"" folds",2026-09-10T01:49:34.947Z,178900497494700
"""LingWae @ FQN9hzhzP_"" bets 33",2026-09-10T01:49:30.218Z,178900497021800
"""gurt @ gpP9uUffpu"" checks",2026-09-10T01:49:28.175Z,178900496817500
"River: K♣, Q♦, 7♣, 8♦ [6♦]",2026-09-10T01:49:24.942Z,178900496494200
"""LingWae @ FQN9hzhzP_"" checks",2026-09-10T01:49:24.117Z,178900496411700
"""gurt @ gpP9uUffpu"" checks",2026-09-10T01:49:21.600Z,178900496160000
"Turn: K♣, Q♦, 7♣ [8♦]",2026-09-10T01:49:19.661Z,178900495966100
"""LingWae @ FQN9hzhzP_"" checks",2026-09-10T01:49:18.749Z,178900495874900
"""gurt @ gpP9uUffpu"" checks",2026-09-10T01:49:17.475Z,178900495747500
"Flop:  [K♣, Q♦, 7♣]",2026-09-10T01:49:14.858Z,178900495485800
"""LingWae @ FQN9hzhzP_"" calls 33",2026-09-10T01:49:14.010Z,178900495401000
"""gurt @ gpP9uUffpu"" raises to 33",2026-09-10T01:49:12.782Z,178900495278200
"""LingWae @ FQN9hzhzP_"" raises to 15",2026-09-10T01:49:10.848Z,178900495084800
"""gurt @ gpP9uUffpu"" posts a big blind of 5",2026-09-10T01:49:07.637Z,178900494763705
"""LingWae @ FQN9hzhzP_"" posts a small blind of 2",2026-09-10T01:49:07.637Z,178900494763704
"Player stacks: #2 ""LingWae @ FQN9hzhzP_"" (1258) | #10 ""gurt @ gpP9uUffpu"" (1283)",2026-09-10T01:49:07.637Z,178900494763701
"-- starting hand #115 (id: qyjvnlfxfnyz)  No Limit Texas Hold'em (dealer: ""LingWae @ FQN9hzhzP_"") --",2026-09-10T01:49:07.637Z,178900494763700
"""gurt @ gpP9uUffpu"" shows a 6♠.",2026-09-10T01:49:06.341Z,178900494634100
"Undealt cards:  [7♥, 7♦, Q♦, 6♦, 4♣]",2026-09-10T01:49:01.320Z,178900494132000
"-- ending hand #114 --",2026-09-10T01:49:00.982Z,178900494098202
"""LingWae @ FQN9hzhzP_"" collected 4 from pot",2026-09-10T01:49:00.982Z,178900494098201
"Uncalled bet of 3 returned to ""LingWae @ FQN9hzhzP_""",2026-09-10T01:49:00.982Z,178900494098200
"""gurt @ gpP9uUffpu"" folds",2026-09-10T01:49:00.095Z,178900494009500
"""LingWae @ FQN9hzhzP_"" posts a big blind of 5",2026-09-10T01:48:58.180Z,178900493818005
"""gurt @ gpP9uUffpu"" posts a small blind of 2",2026-09-10T01:48:58.180Z,178900493818004
"Player stacks: #2 ""LingWae @ FQN9hzhzP_"" (1256) | #10 ""gurt @ gpP9uUffpu"" (1285)",2026-09-10T01:48:58.180Z,178900493818001
"-- starting hand #114 (id: mjyoenaqnqzh)  No Limit Texas Hold'em (dealer: ""gurt @ gpP9uUffpu"") --",2026-09-10T01:48:58.180Z,178900493818000
"Undealt cards:  [6♠, Q♥, A♦, 5♥, J♦]",2026-09-10T01:48:52.515Z,178900493251500
"-- ending hand #113 --",2026-09-10T01:48:52.270Z,178900493227001
"""LingWae @ FQN9hzhzP_"" collected 10 from pot",2026-09-10T01:48:52.270Z,178900493227000
"""gurt @ gpP9uUffpu"" folds",2026-09-10T01:48:51.390Z,178900493139000
"""LingWae @ FQN9hzhzP_"" calls 5",2026-09-10T01:48:50.364Z,178900493036400
"""gurt @ gpP9uUffpu"" posts a big blind of 5",2026-09-10T01:48:48.970Z,178900492897005
"""LingWae @ FQN9hzhzP_"" posts a small blind of 2",2026-09-10T01:48:48.970Z,178900492897004
"Player stacks: #2 ""LingWae @ FQN9hzhzP_"" (1251) | #10 ""gurt @ gpP9uUffpu"" (1290)",2026-09-10T01:48:48.970Z,178900492897001
"-- starting hand #113 (id: tbetdgcq3kt4)  No Limit Texas Hold'em (dealer: ""LingWae @ FQN9hzhzP_"") --",2026-09-10T01:48:48.970Z,178900492897000
"Undealt cards:  [A♦, J♦, J♥, 4♥, 4♦]",2026-09-10T01:48:43.376Z,178900492337600
"-- ending hand #112 --",2026-09-10T01:48:42.969Z,178900492296902
"""LingWae @ FQN9hzhzP_"" collected 4 from pot",2026-09-10T01:48:42.969Z,178900492296901
"Uncalled bet of 3 returned to ""LingWae @ FQN9hzhzP_""",2026-09-10T01:48:42.969Z,178900492296900
"""gurt @ gpP9uUffpu"" folds",2026-09-10T01:48:42.082Z,178900492208200
"""LingWae @ FQN9hzhzP_"" posts a big blind of 5",2026-09-10T01:48:40.661Z,178900492066105
"""gurt @ gpP9uUffpu"" posts a small blind of 2",2026-09-10T01:48:40.661Z,178900492066104
"Player stacks: #2 ""LingWae @ FQN9hzhzP_"" (1249) | #10 ""gurt @ gpP9uUffpu"" (1292)",2026-09-10T01:48:40.661Z,178900492066101
"-- starting hand #112 (id: 8hmrvfd2vocm)  No Limit Texas Hold'em (dealer: ""gurt @ gpP9uUffpu"") --",2026-09-10T01:48:40.661Z,178900492066100
"""LingWae @ FQN9hzhzP_"" shows a 5♠.",2026-09-10T01:48:36.685Z,178900491668500
"Undealt cards:  [K♠, 2♠, Q♦, A♣, 9♠]",2026-09-10T01:48:34.432Z,178900491443200
"-- ending hand #111 --",2026-09-10T01:48:34.051Z,178900491405102
"""gurt @ gpP9uUffpu"" collected 4 from pot",2026-09-10T01:48:34.051Z,178900491405101
"Uncalled bet of 3 returned to ""gurt @ gpP9uUffpu""",2026-09-10T01:48:34.051Z,178900491405100
"""LingWae @ FQN9hzhzP_"" folds",2026-09-10T01:48:33.220Z,178900491322000
"""gurt @ gpP9uUffpu"" posts a big blind of 5",2026-09-10T01:48:31.956Z,178900491195605
"""LingWae @ FQN9hzhzP_"" posts a small blind of 2",2026-09-10T01:48:31.956Z,178900491195604
"Player stacks: #2 ""LingWae @ FQN9hzhzP_"" (1251) | #10 ""gurt @ gpP9uUffpu"" (1290)",2026-09-10T01:48:31.956Z,178900491195601
"-- starting hand #111 (id: g08kd1lfccc1)  No Limit Texas Hold'em (dealer: ""LingWae @ FQN9hzhzP_"") --",2026-09-10T01:48:31.956Z,178900491195600
"Undealt cards:  [10♦, 5♣, 6♥, 8♦, 3♠]",2026-09-10T01:48:26.324Z,178900490632400
"-- ending hand #110 --",2026-09-10T01:48:25.972Z,178900490597202
"""LingWae @ FQN9hzhzP_"" collected 4 from pot",2026-09-10T01:48:25.972Z,178900490597201
"Uncalled bet of 3 returned to ""LingWae @ FQN9hzhzP_""",2026-09-10T01:48:25.972Z,178900490597200
"""gurt @ gpP9uUffpu"" folds",2026-09-10T01:48:25.145Z,178900490514500
"""LingWae @ FQN9hzhzP_"" posts a big blind of 5",2026-09-10T01:48:23.368Z,178900490336805
"""gurt @ gpP9uUffpu"" posts a small blind of 2",2026-09-10T01:48:23.368Z,178900490336804
"Player stacks: #2 ""LingWae @ FQN9hzhzP_"" (1249) | #10 ""gurt @ gpP9uUffpu"" (1292)",2026-09-10T01:48:23.368Z,178900490336801
"-- starting hand #110 (id: hylof3p7naja)  No Limit Texas Hold'em (dealer: ""gurt @ gpP9uUffpu"") --",2026-09-10T01:48:23.368Z,178900490336800
"""LingWae @ FQN9hzhzP_"" shows a 8♣, 8♦.",2026-09-10T01:48:18.258Z,178900489825800
"Undealt cards: 3♣, 10♣, Q♠ [9♥, 3♠]",2026-09-10T01:48:16.975Z,178900489697500
"-- ending hand #109 --",2026-09-10T01:48:16.765Z,178900489676501
"""LingWae @ FQN9hzhzP_"" collected 30 from pot",2026-09-10T01:48:16.765Z,178900489676500
"""gurt @ gpP9uUffpu"" folds",2026-09-10T01:48:15.946Z,178900489594600
"Flop:  [3♣, 10♣, Q♠]",2026-09-10T01:48:14.566Z,178900489456600
"""gurt @ gpP9uUffpu"" calls 15",2026-09-10T01:48:13.753Z,178900489375300
"""LingWae @ FQN9hzhzP_"" raises to 15",2026-09-10T01:48:11.481Z,178900489148100
"""gurt @ gpP9uUffpu"" posts a big blind of 5",2026-09-10T01:48:09.161Z,178900488916105
"""LingWae @ FQN9hzhzP_"" posts a small blind of 2",2026-09-10T01:48:09.161Z,178900488916104
"Player stacks: #2 ""LingWae @ FQN9hzhzP_"" (1234) | #10 ""gurt @ gpP9uUffpu"" (1307)",2026-09-10T01:48:09.161Z,178900488916101
"-- starting hand #109 (id: pvjutesj15dl)  No Limit Texas Hold'em (dealer: ""LingWae @ FQN9hzhzP_"") --",2026-09-10T01:48:09.161Z,178900488916100
"-- ending hand #108 --",2026-09-10T01:48:03.254Z,178900488325402
"""LingWae @ FQN9hzhzP_"" collected 4 from pot",2026-09-10T01:48:03.254Z,178900488325401
"Uncalled bet of 3 returned to ""LingWae @ FQN9hzhzP_""",2026-09-10T01:48:03.254Z,178900488325400
"""gurt @ gpP9uUffpu"" folds",2026-09-10T01:48:02.356Z,178900488235600
"""LingWae @ FQN9hzhzP_"" posts a big blind of 5",2026-09-10T01:48:00.213Z,178900488021305
"""gurt @ gpP9uUffpu"" posts a small blind of 2",2026-09-10T01:48:00.213Z,178900488021304
"Player stacks: #2 ""LingWae @ FQN9hzhzP_"" (1232) | #10 ""gurt @ gpP9uUffpu"" (1309)",2026-09-10T01:48:00.213Z,178900488021301
"-- starting hand #108 (id: vnmtrmgcngeg)  No Limit Texas Hold'em (dealer: ""gurt @ gpP9uUffpu"") --",2026-09-10T01:48:00.213Z,178900488021300
"""gurt @ gpP9uUffpu"" shows a 2♥.",2026-09-10T01:47:56.897Z,178900487689700
"""LingWae @ FQN9hzhzP_"" shows a K♠.",2026-09-10T01:47:56.690Z,178900487669000
"""LingWae @ FQN9hzhzP_"" shows a 3♦.",2026-09-10T01:47:54.005Z,178900487400500
"Undealt cards: 4♦, K♥, 5♠ [5♣, Q♠]",2026-09-10T01:47:53.035Z,178900487303500
"-- ending hand #107 --",2026-09-10T01:47:52.858Z,178900487285801
"""LingWae @ FQN9hzhzP_"" collected 10 from pot",2026-09-10T01:47:52.858Z,178900487285800
"""gurt @ gpP9uUffpu"" folds",2026-09-10T01:47:52.025Z,178900487202500
"Flop:  [4♦, K♥, 5♠]",2026-09-10T01:47:49.850Z,178900486985000
"""gurt @ gpP9uUffpu"" checks",2026-09-10T01:47:48.978Z,178900486897800
"""LingWae @ FQN9hzhzP_"" calls 5",2026-09-10T01:47:47.921Z,178900486792100
"""gurt @ gpP9uUffpu"" posts a big blind of 5",2026-09-10T01:47:43.759Z,178900486375905
"""LingWae @ FQN9hzhzP_"" posts a small blind of 2",2026-09-10T01:47:43.759Z,178900486375904
"Player stacks: #2 ""LingWae @ FQN9hzhzP_"" (1227) | #10 ""gurt @ gpP9uUffpu"" (1314)",2026-09-10T01:47:43.759Z,178900486375901
"-- starting hand #107 (id: mrsiiolhfkcv)  No Limit Texas Hold'em (dealer: ""LingWae @ FQN9hzhzP_"") --",2026-09-10T01:47:43.759Z,178900486375900
"-- ending hand #106 --",2026-09-10T01:47:37.734Z,178900485773403
"""LingWae @ FQN9hzhzP_"" collected 206 from pot with Pair, K's (combination: 7♦, 9♠, A♣, K♠, K♦)",2026-09-10T01:47:37.734Z,178900485773402
"""LingWae @ FQN9hzhzP_"" shows a 9♠, A♣.",2026-09-10T01:47:37.734Z,178900485773401
"""gurt @ gpP9uUffpu"" shows a 5♦, 4♦.",2026-09-10T01:47:37.734Z,178900485773400
"""gurt @ gpP9uUffpu"" checks",2026-09-10T01:47:36.905Z,178900485690500
"""LingWae @ FQN9hzhzP_"" checks",2026-09-10T01:47:34.460Z,178900485446000
"River: K♠, 7♦, 3♥, 2♥ [K♦]",2026-09-10T01:47:32.214Z,178900485221400
"""LingWae @ FQN9hzhzP_"" calls 66",2026-09-10T01:47:31.400Z,178900485140000
"""gurt @ gpP9uUffpu"" bets 66",2026-09-10T01:47:19.711Z,178900483971100
"""LingWae @ FQN9hzhzP_"" checks",2026-09-10T01:47:17.278Z,178900483727800
"Turn: K♠, 7♦, 3♥ [2♥]",2026-09-10T01:47:15.586Z,178900483558600
"""LingWae @ FQN9hzhzP_"" calls 22",2026-09-10T01:47:14.776Z,178900483477600
"""gurt @ gpP9uUffpu"" bets 22",2026-09-10T01:47:11.094Z,178900483109400
"""LingWae @ FQN9hzhzP_"" checks",2026-09-10T01:47:09.102Z,178900482910200
"Flop:  [K♠, 7♦, 3♥]",2026-09-10T01:47:07.321Z,178900482732100
"""LingWae @ FQN9hzhzP_"" calls 15",2026-09-10T01:47:06.485Z,178900482648500
"""gurt @ gpP9uUffpu"" raises to 15",2026-09-10T01:46:59.180Z,178900481918000
"""LingWae @ FQN9hzhzP_"" posts a big blind of 5",2026-09-10T01:46:50.267Z,178900481026705
"""gurt @ gpP9uUffpu"" posts a small blind of 2",2026-09-10T01:46:50.267Z,178900481026704
"Your hand is 5♦, 4♦",2026-09-10T01:46:50.267Z,178900481026703
"Player stacks: #2 ""LingWae @ FQN9hzhzP_"" (1124) | #10 ""gurt @ gpP9uUffpu"" (1417)",2026-09-10T01:46:50.267Z,178900481026701
"-- starting hand #106 (id: oxwxrknrdq3r)  No Limit Texas Hold'em (dealer: ""gurt @ gpP9uUffpu"") --",2026-09-10T01:46:50.267Z,178900481026700
"Undealt cards:  [8♣, 2♣, 10♥, 5♥, A♠]",2026-09-10T01:46:44.912Z,178900480491200
"-- ending hand #105 --",2026-09-10T01:46:44.350Z,178900480435002
"""gurt @ gpP9uUffpu"" collected 4 from pot",2026-09-10T01:46:44.350Z,178900480435001
"Uncalled bet of 3 returned to ""gurt @ gpP9uUffpu""",2026-09-10T01:46:44.350Z,178900480435000
"""LingWae @ FQN9hzhzP_"" folds",2026-09-10T01:46:43.522Z,178900480352200
"""gurt @ gpP9uUffpu"" posts a big blind of 5",2026-09-10T01:46:40.059Z,178900480005905
"""LingWae @ FQN9hzhzP_"" posts a small blind of 2",2026-09-10T01:46:40.059Z,178900480005904
"Player stacks: #2 ""LingWae @ FQN9hzhzP_"" (1126) | #10 ""gurt @ gpP9uUffpu"" (1415)",2026-09-10T01:46:40.059Z,178900480005901
"-- starting hand #105 (id: nlpdxcwps0wt)  No Limit Texas Hold'em (dealer: ""LingWae @ FQN9hzhzP_"") --",2026-09-10T01:46:40.059Z,178900480005900
"-- ending hand #104 --",2026-09-10T01:46:37.086Z,178900479708602
"""LingWae @ FQN9hzhzP_"" collected 96 from pot",2026-09-10T01:46:37.086Z,178900479708601
"Uncalled bet of 67 returned to ""LingWae @ FQN9hzhzP_""",2026-09-10T01:46:37.086Z,178900479708600
"""gurt @ gpP9uUffpu"" folds",2026-09-10T01:46:36.277Z,178900479627700
"""LingWae @ FQN9hzhzP_"" bets 67",2026-09-10T01:46:35.217Z,178900479521700
"River: K♦, K♠, 3♣, A♦ [Q♦]",2026-09-10T01:46:31.883Z,178900479188300
"""LingWae @ FQN9hzhzP_"" calls 22",2026-09-10T01:46:31.072Z,178900479107200
"""gurt @ gpP9uUffpu"" bets 22",2026-09-10T01:46:23.981Z,178900478398100
"""LingWae @ FQN9hzhzP_"" checks",2026-09-10T01:46:22.071Z,178900478207100
"Turn: K♦, K♠, 3♣ [A♦]",2026-09-10T01:46:20.643Z,178900478064300
"""LingWae @ FQN9hzhzP_"" calls 11",2026-09-10T01:46:19.800Z,178900477980000
"""gurt @ gpP9uUffpu"" bets 11",2026-09-10T01:46:18.651Z,178900477865100
"""LingWae @ FQN9hzhzP_"" checks",2026-09-10T01:46:16.184Z,178900477618400
"Flop:  [K♦, K♠, 3♣]",2026-09-10T01:46:14.843Z,178900477484300
"""LingWae @ FQN9hzhzP_"" calls 15",2026-09-10T01:46:13.973Z,178900477397300
"""gurt @ gpP9uUffpu"" raises to 15",2026-09-10T01:46:12.476Z,178900477247600
"""LingWae @ FQN9hzhzP_"" posts a big blind of 5",2026-09-10T01:46:11.242Z,178900477124205
"""gurt @ gpP9uUffpu"" posts a small blind of 2",2026-09-10T01:46:11.242Z,178900477124204
"Player stacks: #2 ""LingWae @ FQN9hzhzP_"" (1078) | #10 ""gurt @ gpP9uUffpu"" (1463)",2026-09-10T01:46:11.242Z,178900477124201
"-- starting hand #104 (id: jl6tmnzvvndc)  No Limit Texas Hold'em (dealer: ""gurt @ gpP9uUffpu"") --",2026-09-10T01:46:11.242Z,178900477124200
"""LingWae @ FQN9hzhzP_"" shows a Q♦, J♠.",2026-09-10T01:46:05.849Z,178900476584900
"-- ending hand #103 --",2026-09-10T01:46:04.634Z,178900476463402
"""gurt @ gpP9uUffpu"" collected 40 from pot with Two Pair, 9's & 3's (combination: A♠, 3♣, 3♦, 9♥, 9♣)",2026-09-10T01:46:04.634Z,178900476463401
"""gurt @ gpP9uUffpu"" shows a 3♣, 3♦.",2026-09-10T01:46:04.634Z,178900476463400
"""LingWae @ FQN9hzhzP_"" calls 5",2026-09-10T01:46:03.670Z,178900476367000
"""gurt @ gpP9uUffpu"" bets 5",2026-09-10T01:46:01.959Z,178900476195900
"River: A♠, 10♣, 9♥, 2♦ [9♣]",2026-09-10T01:46:00.339Z,178900476033900
"""LingWae @ FQN9hzhzP_"" checks",2026-09-10T01:45:59.468Z,178900475946800
"""gurt @ gpP9uUffpu"" checks",2026-09-10T01:45:58.547Z,178900475854700
"Turn: A♠, 10♣, 9♥ [2♦]",2026-09-10T01:45:57.549Z,178900475754900
"""LingWae @ FQN9hzhzP_"" checks",2026-09-10T01:45:56.726Z,178900475672600
"""gurt @ gpP9uUffpu"" checks",2026-09-10T01:45:55.298Z,178900475529800
"Flop:  [A♠, 10♣, 9♥]",2026-09-10T01:45:45.885Z,178900474588500
"""gurt @ gpP9uUffpu"" calls 15",2026-09-10T01:45:45.079Z,178900474507900
"""LingWae @ FQN9hzhzP_"" raises to 15",2026-09-10T01:45:40.425Z,178900474042500
"""gurt @ gpP9uUffpu"" posts a big blind of 5",2026-09-10T01:45:38.163Z,178900473816305
"""LingWae @ FQN9hzhzP_"" posts a small blind of 2",2026-09-10T01:45:38.163Z,178900473816304
"Your hand is 3♣, 3♦",2026-09-10T01:45:38.163Z,178900473816303
"Player stacks: #2 ""LingWae @ FQN9hzhzP_"" (1098) | #10 ""gurt @ gpP9uUffpu"" (1443)",2026-09-10T01:45:38.163Z,178900473816301
"-- starting hand #103 (id: 3trwyma6eu0k)  No Limit Texas Hold'em (dealer: ""LingWae @ FQN9hzhzP_"") --",2026-09-10T01:45:38.163Z,178900473816300
"""LingWae @ FQN9hzhzP_"" shows a 4♦.",2026-09-10T01:45:33.695Z,178900473369500
"Undealt cards: 4♥, Q♥, 3♠ [K♥, 7♣]",2026-09-10T01:45:31.862Z,178900473186200
"-- ending hand #102 --",2026-09-10T01:45:31.472Z,178900473147202
"""gurt @ gpP9uUffpu"" collected 132 from pot",2026-09-10T01:45:31.472Z,178900473147201
"Uncalled bet of 55 returned to ""gurt @ gpP9uUffpu""",2026-09-10T01:45:31.472Z,178900473147200
"""LingWae @ FQN9hzhzP_"" folds",2026-09-10T01:45:30.631Z,178900473063100
"""gurt @ gpP9uUffpu"" raises to 99",2026-09-10T01:45:28.209Z,178900472820900
"""LingWae @ FQN9hzhzP_"" bets 44",2026-09-10T01:45:23.753Z,178900472375300
"Flop:  [4♥, Q♥, 3♠]",2026-09-10T01:45:15.351Z,178900471535100
"""LingWae @ FQN9hzhzP_"" calls 22",2026-09-10T01:45:14.475Z,178900471447500
"""gurt @ gpP9uUffpu"" raises to 22",2026-09-10T01:45:12.437Z,178900471243700
"""LingWae @ FQN9hzhzP_"" posts a big blind of 5",2026-09-10T01:45:01.984Z,178900470198405
"""gurt @ gpP9uUffpu"" posts a small blind of 2",2026-09-10T01:45:01.984Z,178900470198404
"Player stacks: #2 ""LingWae @ FQN9hzhzP_"" (1164) | #10 ""gurt @ gpP9uUffpu"" (1377)",2026-09-10T01:45:01.984Z,178900470198401
"-- starting hand #102 (id: trwxxon9mqnw)  No Limit Texas Hold'em (dealer: ""gurt @ gpP9uUffpu"") --",2026-09-10T01:45:01.984Z,178900470198400
"-- ending hand #101 --",2026-09-10T01:44:55.878Z,178900469587803
"""gurt @ gpP9uUffpu"" collected 60 from pot with Pair, 2's (combination: 7♣, 8♠, J♦, 2♥, 2♣)",2026-09-10T01:44:55.878Z,178900469587802
"""gurt @ gpP9uUffpu"" shows a 2♥, 2♣.",2026-09-10T01:44:55.878Z,178900469587801
"""LingWae @ FQN9hzhzP_"" shows a K♥, 9♠.",2026-09-10T01:44:55.878Z,178900469587800
"""LingWae @ FQN9hzhzP_"" checks",2026-09-10T01:44:55.063Z,178900469506300
"""gurt @ gpP9uUffpu"" checks",2026-09-10T01:44:49.538Z,178900468953800
"River: 8♠, 5♣, 7♣, 4♦ [J♦]",2026-09-10T01:44:43.181Z,178900468318100
"""LingWae @ FQN9hzhzP_"" checks",2026-09-10T01:44:42.321Z,178900468232100
"""gurt @ gpP9uUffpu"" checks",2026-09-10T01:44:40.997Z,178900468099700
"Turn: 8♠, 5♣, 7♣ [4♦]",2026-09-10T01:44:39.659Z,178900467965900
"""gurt @ gpP9uUffpu"" calls 15",2026-09-10T01:44:38.825Z,178900467882500
"""LingWae @ FQN9hzhzP_"" bets 15",2026-09-10T01:44:28.295Z,178900466829500
"""gurt @ gpP9uUffpu"" checks",2026-09-10T01:44:21.320Z,178900466132000
"Flop:  [8♠, 5♣, 7♣]",2026-09-10T01:44:19.247Z,178900465924700
"""gurt @ gpP9uUffpu"" calls 15",2026-09-10T01:44:18.441Z,178900465844100
"""LingWae @ FQN9hzhzP_"" raises to 15",2026-09-10T01:44:15.105Z,178900465510500
"""gurt @ gpP9uUffpu"" posts a big blind of 5",2026-09-10T01:44:11.366Z,178900465136605
"""LingWae @ FQN9hzhzP_"" posts a small blind of 2",2026-09-10T01:44:11.366Z,178900465136604
"Your hand is 2♥, 2♣",2026-09-10T01:44:11.366Z,178900465136603
"Player stacks: #2 ""LingWae @ FQN9hzhzP_"" (1194) | #10 ""gurt @ gpP9uUffpu"" (1347)",2026-09-10T01:44:11.366Z,178900465136601
"-- starting hand #101 (id: 82o9jlxqp8pj)  No Limit Texas Hold'em (dealer: ""LingWae @ FQN9hzhzP_"") --",2026-09-10T01:44:11.366Z,178900465136600
"-- ending hand #100 --",2026-09-10T01:44:05.352Z,178900464535203
"""gurt @ gpP9uUffpu"" collected 30 from pot with Two Pair, 6's & 2's (combination: 9♥, 2♥, 2♦, 6♥, 6♦)",2026-09-10T01:44:05.352Z,178900464535202
"""gurt @ gpP9uUffpu"" shows a 2♥, 3♦.",2026-09-10T01:44:05.352Z,178900464535201
"""LingWae @ FQN9hzhzP_"" shows a Q♦, 4♥.",2026-09-10T01:44:05.352Z,178900464535200
"""gurt @ gpP9uUffpu"" calls 5",2026-09-10T01:44:04.519Z,178900464451900
"""LingWae @ FQN9hzhzP_"" bets 5",2026-09-10T01:44:03.607Z,178900464360700
"River: 6♥, 7♥, 2♦, 9♥ [6♦]",2026-09-10T01:43:58.275Z,178900463827500
"""LingWae @ FQN9hzhzP_"" calls 5",2026-09-10T01:43:57.447Z,178900463744700
"""gurt @ gpP9uUffpu"" bets 5",2026-09-10T01:43:56.469Z,178900463646900
"""LingWae @ FQN9hzhzP_"" checks",2026-09-10T01:43:55.409Z,178900463540900
"Turn: 6♥, 7♥, 2♦ [9♥]",2026-09-10T01:43:53.550Z,178900463355000
"""gurt @ gpP9uUffpu"" checks",2026-09-10T01:43:52.730Z,178900463273000
"""LingWae @ FQN9hzhzP_"" checks",2026-09-10T01:43:45.037Z,178900462503700
"Flop:  [6♥, 7♥, 2♦]",2026-09-10T01:43:43.159Z,178900462315900
"""LingWae @ FQN9hzhzP_"" checks",2026-09-10T01:43:42.294Z,178900462229400
"""gurt @ gpP9uUffpu"" calls 5",2026-09-10T01:43:40.669Z,178900462066900
"""LingWae @ FQN9hzhzP_"" posts a big blind of 5",2026-09-10T01:43:39.811Z,178900461981105
"""gurt @ gpP9uUffpu"" posts a small blind of 2",2026-09-10T01:43:39.811Z,178900461981104
"Your hand is 2♥, 3♦",2026-09-10T01:43:39.811Z,178900461981103
"Player stacks: #2 ""LingWae @ FQN9hzhzP_"" (1209) | #10 ""gurt @ gpP9uUffpu"" (1332)",2026-09-10T01:43:39.811Z,178900461981101
"-- starting hand #100 (id: krikuodufewf)  No Limit Texas Hold'em (dealer: ""gurt @ gpP9uUffpu"") --",2026-09-10T01:43:39.811Z,178900461981100
"""gurt @ gpP9uUffpu"" shows a 3♥.",2026-09-10T01:43:36.472Z,178900461647200
"""LingWae @ FQN9hzhzP_"" shows a 4♣, 8♥.",2026-09-10T01:43:33.985Z,178900461398500
"Undealt cards:  [7♣, K♣, Q♠, 5♥, 7♦]",2026-09-10T01:43:33.656Z,178900461365600
"-- ending hand #99 --",2026-09-10T01:43:32.483Z,178900461248302
"""gurt @ gpP9uUffpu"" collected 4 from pot",2026-09-10T01:43:32.483Z,178900461248301
"Uncalled bet of 3 returned to ""gurt @ gpP9uUffpu""",2026-09-10T01:43:32.483Z,178900461248300
"""LingWae @ FQN9hzhzP_"" folds",2026-09-10T01:43:31.603Z,178900461160300
"""gurt @ gpP9uUffpu"" posts a big blind of 5",2026-09-10T01:43:30.395Z,178900461039505
"""LingWae @ FQN9hzhzP_"" posts a small blind of 2",2026-09-10T01:43:30.395Z,178900461039504
"Player stacks: #2 ""LingWae @ FQN9hzhzP_"" (1211) | #10 ""gurt @ gpP9uUffpu"" (1330)",2026-09-10T01:43:30.395Z,178900461039501
"-- starting hand #99 (id: w0s82x5cu6zt)  No Limit Texas Hold'em (dealer: ""LingWae @ FQN9hzhzP_"") --",2026-09-10T01:43:30.395Z,178900461039500
"""LingWae @ FQN9hzhzP_"" shows a A♦, 10♠.",2026-09-10T01:43:25.845Z,178900460584500
"-- ending hand #98 --",2026-09-10T01:43:23.788Z,178900460378802
"""LingWae @ FQN9hzhzP_"" collected 4 from pot",2026-09-10T01:43:23.788Z,178900460378801
"Uncalled bet of 3 returned to ""LingWae @ FQN9hzhzP_""",2026-09-10T01:43:23.788Z,178900460378800
"""gurt @ gpP9uUffpu"" folds",2026-09-10T01:43:22.970Z,178900460297000
"""LingWae @ FQN9hzhzP_"" posts a big blind of 5",2026-09-10T01:43:20.539Z,178900460053905
"""gurt @ gpP9uUffpu"" posts a small blind of 2",2026-09-10T01:43:20.539Z,178900460053904
"Player stacks: #2 ""LingWae @ FQN9hzhzP_"" (1209) | #10 ""gurt @ gpP9uUffpu"" (1332)",2026-09-10T01:43:20.539Z,178900460053901
"-- starting hand #98 (id: unhks2mf22ib)  No Limit Texas Hold'em (dealer: ""gurt @ gpP9uUffpu"") --",2026-09-10T01:43:20.539Z,178900460053900
"""gurt @ gpP9uUffpu"" shows a 4♣.",2026-09-10T01:43:17.420Z,178900459742000
"Undealt cards:  [9♦, J♥, 8♥, 4♠, J♠]",2026-09-10T01:43:15.083Z,178900459508300
"""LingWae @ FQN9hzhzP_"" shows a 9♣.",2026-09-10T01:43:15.048Z,178900459504800
"-- ending hand #97 --",2026-09-10T01:43:13.179Z,178900459317902
"""gurt @ gpP9uUffpu"" collected 4 from pot",2026-09-10T01:43:13.179Z,178900459317901
"Uncalled bet of 3 returned to ""gurt @ gpP9uUffpu""",2026-09-10T01:43:13.179Z,178900459317900
"""LingWae @ FQN9hzhzP_"" folds",2026-09-10T01:43:12.339Z,178900459233900
"""gurt @ gpP9uUffpu"" posts a big blind of 5",2026-09-10T01:43:11.378Z,178900459137805
"""LingWae @ FQN9hzhzP_"" posts a small blind of 2",2026-09-10T01:43:11.378Z,178900459137804
"Player stacks: #2 ""LingWae @ FQN9hzhzP_"" (1211) | #10 ""gurt @ gpP9uUffpu"" (1330)",2026-09-10T01:43:11.378Z,178900459137801
"-- starting hand #97 (id: ojrfrmkw8ten)  No Limit Texas Hold'em (dealer: ""LingWae @ FQN9hzhzP_"") --",2026-09-10T01:43:11.378Z,178900459137800
"-- ending hand #96 --",2026-09-10T01:43:05.441Z,178900458544102
"""LingWae @ FQN9hzhzP_"" collected 4 from pot",2026-09-10T01:43:05.441Z,178900458544101
"Uncalled bet of 3 returned to ""LingWae @ FQN9hzhzP_""",2026-09-10T01:43:05.441Z,178900458544100
"""gurt @ gpP9uUffpu"" folds",2026-09-10T01:43:04.599Z,178900458459900
"""LingWae @ FQN9hzhzP_"" posts a big blind of 5",2026-09-10T01:43:03.049Z,178900458304905
"""gurt @ gpP9uUffpu"" posts a small blind of 2",2026-09-10T01:43:03.049Z,178900458304904
"Player stacks: #2 ""LingWae @ FQN9hzhzP_"" (1209) | #10 ""gurt @ gpP9uUffpu"" (1332)",2026-09-10T01:43:03.049Z,178900458304901
"-- starting hand #96 (id: w4ww8fiewzv2)  No Limit Texas Hold'em (dealer: ""gurt @ gpP9uUffpu"") --",2026-09-10T01:43:03.049Z,178900458304900
"""gurt @ gpP9uUffpu"" shows a 7♣.",2026-09-10T01:43:01.907Z,178900458190700
"""LingWae @ FQN9hzhzP_"" shows a 7♦.",2026-09-10T01:43:01.871Z,178900458187100
"""LingWae @ FQN9hzhzP_"" shows a J♦.",2026-09-10T01:43:00.071Z,178900458007100
"-- ending hand #95 --",2026-09-10T01:42:58.691Z,178900457869102
"""LingWae @ FQN9hzhzP_"" collected 76 from pot",2026-09-10T01:42:58.691Z,178900457869101
"Uncalled bet of 30 returned to ""LingWae @ FQN9hzhzP_""",2026-09-10T01:42:58.691Z,178900457869100
"""gurt @ gpP9uUffpu"" folds",2026-09-10T01:42:57.877Z,178900457787700
"""LingWae @ FQN9hzhzP_"" raises to 35",2026-09-10T01:42:55.939Z,178900457593900
"""gurt @ gpP9uUffpu"" bets 5",2026-09-10T01:42:53.762Z,178900457376200
"River: Q♦, 2♦, J♠, 6♦ [8♠]",2026-09-10T01:42:51.687Z,178900457168700
"""LingWae @ FQN9hzhzP_"" checks",2026-09-10T01:42:50.800Z,178900457080000
"""gurt @ gpP9uUffpu"" checks",2026-09-10T01:42:49.504Z,178900456950400
"Turn: Q♦, 2♦, J♠ [6♦]",2026-09-10T01:42:44.880Z,178900456488000
"""LingWae @ FQN9hzhzP_"" checks",2026-09-10T01:42:44.015Z,178900456401500
"""gurt @ gpP9uUffpu"" checks",2026-09-10T01:42:39.599Z,178900455959900
"Flop:  [Q♦, 2♦, J♠]",2026-09-10T01:42:37.694Z,178900455769400
"""LingWae @ FQN9hzhzP_"" calls 33",2026-09-10T01:42:36.866Z,178900455686600
"""gurt @ gpP9uUffpu"" raises to 33",2026-09-10T01:42:25.765Z,178900454576500
"""LingWae @ FQN9hzhzP_"" raises to 15",2026-09-10T01:42:10.209Z,178900453020900
"""gurt @ gpP9uUffpu"" posts a big blind of 5",2026-09-10T01:42:07.430Z,178900452743005
"""LingWae @ FQN9hzhzP_"" posts a small blind of 2",2026-09-10T01:42:07.430Z,178900452743004
"Player stacks: #2 ""LingWae @ FQN9hzhzP_"" (1171) | #10 ""gurt @ gpP9uUffpu"" (1370)",2026-09-10T01:42:07.430Z,178900452743001
"-- starting hand #95 (id: v9kgbluu3lpl)  No Limit Texas Hold'em (dealer: ""LingWae @ FQN9hzhzP_"") --",2026-09-10T01:42:07.430Z,178900452743000
"""LingWae @ FQN9hzhzP_"" shows a 8♥.",2026-09-10T01:42:04.054Z,178900452405400
"-- ending hand #94 --",2026-09-10T01:42:00.881Z,178900452088102
"""gurt @ gpP9uUffpu"" collected 264 from pot with Pair, J's (combination: 9♥, Q♣, A♣, J♣, J♥)",2026-09-10T01:42:00.881Z,178900452088101
"""gurt @ gpP9uUffpu"" shows a Q♣, J♣.",2026-09-10T01:42:00.881Z,178900452088100
"""LingWae @ FQN9hzhzP_"" calls 44",2026-09-10T01:42:00.073Z,178900452007300
"""gurt @ gpP9uUffpu"" bets 44",2026-09-10T01:41:46.807Z,178900450680700
"""LingWae @ FQN9hzhzP_"" checks",2026-09-10T01:41:44.383Z,178900450438300
"River: 9♥, J♥, A♣, 8♠ [4♠]",2026-09-10T01:41:42.668Z,178900450266800
"""gurt @ gpP9uUffpu"" calls 44",2026-09-10T01:41:41.815Z,178900450181500
"""LingWae @ FQN9hzhzP_"" bets 44",2026-09-10T01:41:40.483Z,178900450048300
"Turn: 9♥, J♥, A♣ [8♠]",2026-09-10T01:41:37.171Z,178900449717100
"""LingWae @ FQN9hzhzP_"" calls 22",2026-09-10T01:41:36.362Z,178900449636200
"""gurt @ gpP9uUffpu"" bets 22",2026-09-10T01:41:35.441Z,178900449544100
"""LingWae @ FQN9hzhzP_"" checks",2026-09-10T01:41:33.463Z,178900449346300
"Flop:  [9♥, J♥, A♣]",2026-09-10T01:41:31.166Z,178900449116600
"""LingWae @ FQN9hzhzP_"" calls 22",2026-09-10T01:41:30.353Z,178900449035300
"""gurt @ gpP9uUffpu"" raises to 22",2026-09-10T01:41:29.416Z,178900448941600
"""LingWae @ FQN9hzhzP_"" posts a big blind of 5",2026-09-10T01:41:21.273Z,178900448127305
"""gurt @ gpP9uUffpu"" posts a small blind of 2",2026-09-10T01:41:21.273Z,178900448127304
"Your hand is Q♣, J♣",2026-09-10T01:41:21.273Z,178900448127303
"Player stacks: #2 ""LingWae @ FQN9hzhzP_"" (1303) | #10 ""gurt @ gpP9uUffpu"" (1238)",2026-09-10T01:41:21.273Z,178900448127301
"-- starting hand #94 (id: fwhgnripy8gy)  No Limit Texas Hold'em (dealer: ""gurt @ gpP9uUffpu"") --",2026-09-10T01:41:21.273Z,178900448127300
"-- ending hand #93 --",2026-09-10T01:41:15.355Z,178900447535502
"""gurt @ gpP9uUffpu"" collected 4 from pot",2026-09-10T01:41:15.355Z,178900447535501
"Uncalled bet of 3 returned to ""gurt @ gpP9uUffpu""",2026-09-10T01:41:15.355Z,178900447535500
"""LingWae @ FQN9hzhzP_"" folds",2026-09-10T01:41:14.493Z,178900447449300
"""gurt @ gpP9uUffpu"" posts a big blind of 5",2026-09-10T01:41:12.957Z,178900447295705
"""LingWae @ FQN9hzhzP_"" posts a small blind of 2",2026-09-10T01:41:12.957Z,178900447295704
"Player stacks: #2 ""LingWae @ FQN9hzhzP_"" (1305) | #10 ""gurt @ gpP9uUffpu"" (1236)",2026-09-10T01:41:12.957Z,178900447295701
"-- starting hand #93 (id: nkagf7onfw7w)  No Limit Texas Hold'em (dealer: ""LingWae @ FQN9hzhzP_"") --",2026-09-10T01:41:12.957Z,178900447295700
"-- ending hand #92 --",2026-09-10T01:41:10.036Z,178900447003602
"""LingWae @ FQN9hzhzP_"" collected 30 from pot",2026-09-10T01:41:10.036Z,178900447003601
"Uncalled bet of 15 returned to ""LingWae @ FQN9hzhzP_""",2026-09-10T01:41:10.036Z,178900447003600
"""gurt @ gpP9uUffpu"" folds",2026-09-10T01:41:09.154Z,178900446915400
"""LingWae @ FQN9hzhzP_"" bets 15",2026-09-10T01:41:06.944Z,178900446694400
"River: Q♥, 10♣, 9♦, J♠ [7♣]",2026-09-10T01:41:04.351Z,178900446435100
"""gurt @ gpP9uUffpu"" checks",2026-09-10T01:41:03.453Z,178900446345300
"""LingWae @ FQN9hzhzP_"" checks",2026-09-10T01:41:02.493Z,178900446249300
"Turn: Q♥, 10♣, 9♦ [J♠]",2026-09-10T01:41:01.405Z,178900446140500
"""gurt @ gpP9uUffpu"" checks",2026-09-10T01:41:00.569Z,178900446056900
"""LingWae @ FQN9hzhzP_"" checks",2026-09-10T01:40:59.663Z,178900445966300
"Flop:  [Q♥, 10♣, 9♦]",2026-09-10T01:40:57.883Z,178900445788300
"""LingWae @ FQN9hzhzP_"" calls 15",2026-09-10T01:40:57.072Z,178900445707200
"""gurt @ gpP9uUffpu"" raises to 15",2026-09-10T01:40:56.160Z,178900445616000
"""LingWae @ FQN9hzhzP_"" posts a big blind of 5",2026-09-10T01:40:54.169Z,178900445416905
"""gurt @ gpP9uUffpu"" posts a small blind of 2",2026-09-10T01:40:54.169Z,178900445416904
"Player stacks: #2 ""LingWae @ FQN9hzhzP_"" (1290) | #10 ""gurt @ gpP9uUffpu"" (1251)",2026-09-10T01:40:54.169Z,178900445416901
"-- starting hand #92 (id: 5wzkbuwyqhzx)  No Limit Texas Hold'em (dealer: ""gurt @ gpP9uUffpu"") --",2026-09-10T01:40:54.169Z,178900445416900
"""gurt @ gpP9uUffpu"" shows a A♠.",2026-09-10T01:40:52.236Z,178900445223600
"""LingWae @ FQN9hzhzP_"" shows a 4♦.",2026-09-10T01:40:49.830Z,178900444983000
"Undealt cards: 9♦, 7♠, K♠, 4♠ [9♥]",2026-09-10T01:40:47.879Z,178900444787900
"-- ending hand #91 --",2026-09-10T01:40:46.780Z,178900444678002
"""gurt @ gpP9uUffpu"" collected 132 from pot",2026-09-10T01:40:46.780Z,178900444678001
"Uncalled bet of 99 returned to ""gurt @ gpP9uUffpu""",2026-09-10T01:40:46.780Z,178900444678000
"""LingWae @ FQN9hzhzP_"" folds",2026-09-10T01:40:45.968Z,178900444596800
"""gurt @ gpP9uUffpu"" bets 99",2026-09-10T01:40:44.456Z,178900444445600
"Turn: 9♦, 7♠, K♠ [4♠]",2026-09-10T01:40:41.674Z,178900444167400
"""LingWae @ FQN9hzhzP_"" calls 33",2026-09-10T01:40:40.793Z,178900444079300
"""gurt @ gpP9uUffpu"" bets 33",2026-09-10T01:40:39.027Z,178900443902700
"Flop:  [9♦, 7♠, K♠]",2026-09-10T01:40:35.350Z,178900443535000
"""LingWae @ FQN9hzhzP_"" calls 33",2026-09-10T01:40:34.519Z,178900443451900
"""gurt @ gpP9uUffpu"" raises to 33",2026-09-10T01:40:30.895Z,178900443089500
"""LingWae @ FQN9hzhzP_"" calls 5",2026-09-10T01:40:28.760Z,178900442876000
"""gurt @ gpP9uUffpu"" posts a big blind of 5",2026-09-10T01:40:25.269Z,178900442526905
"""LingWae @ FQN9hzhzP_"" posts a small blind of 2",2026-09-10T01:40:25.269Z,178900442526904
"Player stacks: #2 ""LingWae @ FQN9hzhzP_"" (1356) | #10 ""gurt @ gpP9uUffpu"" (1185)",2026-09-10T01:40:25.269Z,178900442526901
"-- starting hand #91 (id: k6ewggw0ghbs)  No Limit Texas Hold'em (dealer: ""LingWae @ FQN9hzhzP_"") --",2026-09-10T01:40:25.269Z,178900442526900
"""gurt @ gpP9uUffpu"" shows a 5♠.",2026-09-10T01:40:22.457Z,178900442245700
"""LingWae @ FQN9hzhzP_"" shows a 3♦, 3♥.",2026-09-10T01:40:21.450Z,178900442145000
"-- ending hand #90 --",2026-09-10T01:40:20.865Z,178900442086501
"""gurt @ gpP9uUffpu"" collected 272 from pot",2026-09-10T01:40:20.865Z,178900442086500
"""LingWae @ FQN9hzhzP_"" folds",2026-09-10T01:40:20.054Z,178900442005400
"River: 6♥, 5♣, 4♣, 5♦ [4♥]",2026-09-10T01:40:15.657Z,178900441565700
"""LingWae @ FQN9hzhzP_"" calls 99",2026-09-10T01:40:14.837Z,178900441483700
"""gurt @ gpP9uUffpu"" raises to 99",2026-09-10T01:40:13.064Z,178900441306400
"""LingWae @ FQN9hzhzP_"" bets 37",2026-09-10T01:40:08.248Z,178900440824800
"Turn: 6♥, 5♣, 4♣ [5♦]",2026-09-10T01:40:04.533Z,178900440453300
"""LingWae @ FQN9hzhzP_"" calls 22",2026-09-10T01:40:03.650Z,178900440365000
"""gurt @ gpP9uUffpu"" bets 22",2026-09-10T01:40:02.689Z,178900440268900
"""LingWae @ FQN9hzhzP_"" checks",2026-09-10T01:39:59.652Z,178900439965200
"Flop:  [6♥, 5♣, 4♣]",2026-09-10T01:39:58.255Z,178900439825500
"""LingWae @ FQN9hzhzP_"" calls 15",2026-09-10T01:39:57.431Z,178900439743100
"""gurt @ gpP9uUffpu"" raises to 15",2026-09-10T01:39:55.295Z,178900439529500
"""LingWae @ FQN9hzhzP_"" posts a big blind of 5",2026-09-10T01:39:53.651Z,178900439365105
"""gurt @ gpP9uUffpu"" posts a small blind of 2",2026-09-10T01:39:53.651Z,178900439365104
"Player stacks: #2 ""LingWae @ FQN9hzhzP_"" (1492) | #10 ""gurt @ gpP9uUffpu"" (1049)",2026-09-10T01:39:53.651Z,178900439365101
"-- starting hand #90 (id: mnia0nuemzi4)  No Limit Texas Hold'em (dealer: ""gurt @ gpP9uUffpu"") --",2026-09-10T01:39:53.651Z,178900439365100
"Undealt cards:  [J♦, 4♣, 6♣, 3♣, 9♥]",2026-09-10T01:39:48.039Z,178900438803900
"-- ending hand #89 --",2026-09-10T01:39:47.666Z,178900438766601
"""LingWae @ FQN9hzhzP_"" collected 10 from pot",2026-09-10T01:39:47.666Z,178900438766600
"""gurt @ gpP9uUffpu"" folds",2026-09-10T01:39:46.860Z,178900438686000
"""LingWae @ FQN9hzhzP_"" calls 5",2026-09-10T01:39:45.630Z,178900438563000
"""gurt @ gpP9uUffpu"" posts a big blind of 5",2026-09-10T01:39:43.615Z,178900438361505
"""LingWae @ FQN9hzhzP_"" posts a small blind of 2",2026-09-10T01:39:43.615Z,178900438361504
"Player stacks: #2 ""LingWae @ FQN9hzhzP_"" (1487) | #10 ""gurt @ gpP9uUffpu"" (1054)",2026-09-10T01:39:43.615Z,178900438361501
"-- starting hand #89 (id: yv1pi8ezd33n)  No Limit Texas Hold'em (dealer: ""LingWae @ FQN9hzhzP_"") --",2026-09-10T01:39:43.615Z,178900438361500
"-- ending hand #88 --",2026-09-10T01:39:40.613Z,178900438061302
"""LingWae @ FQN9hzhzP_"" collected 32 from pot",2026-09-10T01:39:40.613Z,178900438061301
"Uncalled bet of 5 returned to ""LingWae @ FQN9hzhzP_""",2026-09-10T01:39:40.613Z,178900438061300
"""gurt @ gpP9uUffpu"" folds",2026-09-10T01:39:39.756Z,178900437975600
"""LingWae @ FQN9hzhzP_"" bets 5",2026-09-10T01:39:38.221Z,178900437822100
"River: J♥, 5♥, 8♣, 4♦ [J♣]",2026-09-10T01:39:35.409Z,178900437540900
"""LingWae @ FQN9hzhzP_"" calls 11",2026-09-10T01:39:34.515Z,178900437451500
"""gurt @ gpP9uUffpu"" bets 11",2026-09-10T01:39:32.092Z,178900437209200
"""LingWae @ FQN9hzhzP_"" checks",2026-09-10T01:39:30.446Z,178900437044600
"Turn: J♥, 5♥, 8♣ [4♦]",2026-09-10T01:39:29.699Z,178900436969900
"""gurt @ gpP9uUffpu"" checks",2026-09-10T01:39:28.889Z,178900436888900
"""LingWae @ FQN9hzhzP_"" checks",2026-09-10T01:39:27.996Z,178900436799600
"Flop:  [J♥, 5♥, 8♣]",2026-09-10T01:39:26.603Z,178900436660300
"""LingWae @ FQN9hzhzP_"" checks",2026-09-10T01:39:25.777Z,178900436577700
"""gurt @ gpP9uUffpu"" calls 5",2026-09-10T01:39:24.858Z,178900436485800
"""LingWae @ FQN9hzhzP_"" posts a big blind of 5",2026-09-10T01:39:23.002Z,178900436300205
"""gurt @ gpP9uUffpu"" posts a small blind of 2",2026-09-10T01:39:23.002Z,178900436300204
"Player stacks: #2 ""LingWae @ FQN9hzhzP_"" (1471) | #10 ""gurt @ gpP9uUffpu"" (1070)",2026-09-10T01:39:23.002Z,178900436300201
"-- starting hand #88 (id: b7cptfjqtbwl)  No Limit Texas Hold'em (dealer: ""gurt @ gpP9uUffpu"") --",2026-09-10T01:39:23.002Z,178900436300200
"-- ending hand #87 --",2026-09-10T01:39:20.040Z,178900436004002
"""LingWae @ FQN9hzhzP_"" collected 30 from pot",2026-09-10T01:39:20.040Z,178900436004001
"Uncalled bet of 15 returned to ""LingWae @ FQN9hzhzP_""",2026-09-10T01:39:20.040Z,178900436004000
"""gurt @ gpP9uUffpu"" folds",2026-09-10T01:39:19.213Z,178900435921300
"""LingWae @ FQN9hzhzP_"" bets 15",2026-09-10T01:39:16.645Z,178900435664500
"""gurt @ gpP9uUffpu"" checks",2026-09-10T01:39:14.614Z,178900435461400
"River: 6♦, Q♥, Q♦, 8♣ [10♠]",2026-09-10T01:39:11.996Z,178900435199600
"""LingWae @ FQN9hzhzP_"" checks",2026-09-10T01:39:11.111Z,178900435111100
"""gurt @ gpP9uUffpu"" checks",2026-09-10T01:39:10.195Z,178900435019500
"Turn: 6♦, Q♥, Q♦ [8♣]",2026-09-10T01:39:09.202Z,178900434920200
"""LingWae @ FQN9hzhzP_"" checks",2026-09-10T01:39:08.377Z,178900434837700
"""gurt @ gpP9uUffpu"" checks",2026-09-10T01:39:07.474Z,178900434747400
"Flop:  [6♦, Q♥, Q♦]",2026-09-10T01:39:05.077Z,178900434507700
"""gurt @ gpP9uUffpu"" calls 15",2026-09-10T01:39:04.256Z,178900434425600
"""LingWae @ FQN9hzhzP_"" raises to 15",2026-09-10T01:38:54.168Z,178900433416800
"""gurt @ gpP9uUffpu"" posts a big blind of 5",2026-09-10T01:38:50.781Z,178900433078105
"""LingWae @ FQN9hzhzP_"" posts a small blind of 2",2026-09-10T01:38:50.781Z,178900433078104
"Player stacks: #2 ""LingWae @ FQN9hzhzP_"" (1456) | #10 ""gurt @ gpP9uUffpu"" (1085)",2026-09-10T01:38:50.781Z,178900433078101
"-- starting hand #87 (id: rwxy2ahmrteu)  No Limit Texas Hold'em (dealer: ""LingWae @ FQN9hzhzP_"") --",2026-09-10T01:38:50.781Z,178900433078100
"""LingWae @ FQN9hzhzP_"" shows a 4♦, J♣.",2026-09-10T01:38:46.512Z,178900432651200
"Undealt cards:  [10♠, A♣, K♠, 10♥, Q♣]",2026-09-10T01:38:44.418Z,178900432441800
"-- ending hand #86 --",2026-09-10T01:38:44.158Z,178900432415802
"""LingWae @ FQN9hzhzP_"" collected 4 from pot",2026-09-10T01:38:44.158Z,178900432415801
"Uncalled bet of 3 returned to ""LingWae @ FQN9hzhzP_""",2026-09-10T01:38:44.158Z,178900432415800
"""gurt @ gpP9uUffpu"" folds",2026-09-10T01:38:43.299Z,178900432329900
"""LingWae @ FQN9hzhzP_"" posts a big blind of 5",2026-09-10T01:38:41.957Z,178900432195705
"""gurt @ gpP9uUffpu"" posts a small blind of 2",2026-09-10T01:38:41.957Z,178900432195704
"Player stacks: #2 ""LingWae @ FQN9hzhzP_"" (1454) | #10 ""gurt @ gpP9uUffpu"" (1087)",2026-09-10T01:38:41.957Z,178900432195701
"-- starting hand #86 (id: bbtpuxwgf1ly)  No Limit Texas Hold'em (dealer: ""gurt @ gpP9uUffpu"") --",2026-09-10T01:38:41.957Z,178900432195700
"-- ending hand #85 --",2026-09-10T01:38:35.951Z,178900431595103
"""LingWae @ FQN9hzhzP_"" collected 40 from pot with Pair, 4's (combination: 10♥, K♦, A♦, 4♣, 4♠)",2026-09-10T01:38:35.951Z,178900431595102
"""LingWae @ FQN9hzhzP_"" shows a A♦, 4♣.",2026-09-10T01:38:35.951Z,178900431595101
"""gurt @ gpP9uUffpu"" shows a J♣, 5♣.",2026-09-10T01:38:35.951Z,178900431595100
"""LingWae @ FQN9hzhzP_"" calls 5",2026-09-10T01:38:35.143Z,178900431514300
"""gurt @ gpP9uUffpu"" bets 5",2026-09-10T01:38:34.186Z,178900431418600
"River: K♦, 2♥, 10♥, 4♠ [7♦]",2026-09-10T01:38:33.347Z,178900431334700
"""LingWae @ FQN9hzhzP_"" checks",2026-09-10T01:38:32.462Z,178900431246200
"""gurt @ gpP9uUffpu"" checks",2026-09-10T01:38:30.765Z,178900431076500
"Turn: K♦, 2♥, 10♥ [4♠]",2026-09-10T01:38:30.149Z,178900431014900
"""LingWae @ FQN9hzhzP_"" checks",2026-09-10T01:38:29.232Z,178900430923200
"""gurt @ gpP9uUffpu"" checks",2026-09-10T01:38:28.284Z,178900430828400
"Flop:  [K♦, 2♥, 10♥]",2026-09-10T01:38:25.600Z,178900430560000
"""LingWae @ FQN9hzhzP_"" calls 15",2026-09-10T01:38:24.770Z,178900430477000
"""gurt @ gpP9uUffpu"" raises to 15",2026-09-10T01:38:23.131Z,178900430313100
"""LingWae @ FQN9hzhzP_"" calls 5",2026-09-10T01:38:21.186Z,178900430118600
"""gurt @ gpP9uUffpu"" posts a big blind of 5",2026-09-10T01:38:19.335Z,178900429933505
"""LingWae @ FQN9hzhzP_"" posts a small blind of 2",2026-09-10T01:38:19.335Z,178900429933504
"Your hand is J♣, 5♣",2026-09-10T01:38:19.335Z,178900429933503
"Player stacks: #2 ""LingWae @ FQN9hzhzP_"" (1434) | #10 ""gurt @ gpP9uUffpu"" (1107)",2026-09-10T01:38:19.335Z,178900429933501
"-- starting hand #85 (id: siyu3cnamjy3)  No Limit Texas Hold'em (dealer: ""LingWae @ FQN9hzhzP_"") --",2026-09-10T01:38:19.335Z,178900429933500
"""LingWae @ FQN9hzhzP_"" shows a 7♦, 5♦.",2026-09-10T01:38:14.362Z,178900429436200
"-- ending hand #84 --",2026-09-10T01:38:12.732Z,178900429273202
"""gurt @ gpP9uUffpu"" collected 30 from pot with Pair, 4's (combination: 10♣, J♠, A♠, 4♥, 4♦)",2026-09-10T01:38:12.732Z,178900429273201
"""gurt @ gpP9uUffpu"" shows a 3♥, 4♥.",2026-09-10T01:38:12.732Z,178900429273200
"""gurt @ gpP9uUffpu"" checks",2026-09-10T01:38:11.824Z,178900429182400
"""LingWae @ FQN9hzhzP_"" checks",2026-09-10T01:38:10.876Z,178900429087600
"River: A♠, 4♦, J♠, 9♠ [10♣]",2026-09-10T01:38:07.326Z,178900428732600
"""gurt @ gpP9uUffpu"" checks",2026-09-10T01:38:06.429Z,178900428642900
"""LingWae @ FQN9hzhzP_"" checks",2026-09-10T01:38:05.493Z,178900428549300
"Turn: A♠, 4♦, J♠ [9♠]",2026-09-10T01:38:01.403Z,178900428140300
"""gurt @ gpP9uUffpu"" checks",2026-09-10T01:38:00.542Z,178900428054200
"""LingWae @ FQN9hzhzP_"" checks",2026-09-10T01:37:59.621Z,178900427962100
"Flop:  [A♠, 4♦, J♠]",2026-09-10T01:37:57.179Z,178900427717900
"""LingWae @ FQN9hzhzP_"" calls 15",2026-09-10T01:37:56.351Z,178900427635100
"""gurt @ gpP9uUffpu"" raises to 15",2026-09-10T01:37:55.450Z,178900427545000
"""LingWae @ FQN9hzhzP_"" posts a big blind of 5",2026-09-10T01:37:54.262Z,178900427426205
"""gurt @ gpP9uUffpu"" posts a small blind of 2",2026-09-10T01:37:54.262Z,178900427426204
"Your hand is 3♥, 4♥",2026-09-10T01:37:54.262Z,178900427426203
"Player stacks: #2 ""LingWae @ FQN9hzhzP_"" (1449) | #10 ""gurt @ gpP9uUffpu"" (1092)",2026-09-10T01:37:54.262Z,178900427426201
"-- starting hand #84 (id: rshlpzlmtelw)  No Limit Texas Hold'em (dealer: ""gurt @ gpP9uUffpu"") --",2026-09-10T01:37:54.262Z,178900427426200
"""LingWae @ FQN9hzhzP_"" shows a 7♥.",2026-09-10T01:37:49.355Z,178900426935500
"Undealt cards:  [10♣, 9♣, 8♠, 7♦, 4♥]",2026-09-10T01:37:49.183Z,178900426918300
"-- ending hand #83 --",2026-09-10T01:37:47.656Z,178900426765602
"""gurt @ gpP9uUffpu"" collected 4 from pot",2026-09-10T01:37:47.656Z,178900426765601
"Uncalled bet of 3 returned to ""gurt @ gpP9uUffpu""",2026-09-10T01:37:47.656Z,178900426765600
"""LingWae @ FQN9hzhzP_"" folds",2026-09-10T01:37:46.772Z,178900426677200
"""gurt @ gpP9uUffpu"" posts a big blind of 5",2026-09-10T01:37:45.095Z,178900426509505
"""LingWae @ FQN9hzhzP_"" posts a small blind of 2",2026-09-10T01:37:45.095Z,178900426509504
"Player stacks: #2 ""LingWae @ FQN9hzhzP_"" (1451) | #10 ""gurt @ gpP9uUffpu"" (1090)",2026-09-10T01:37:45.095Z,178900426509501
"-- starting hand #83 (id: omz7cv7vge5w)  No Limit Texas Hold'em (dealer: ""LingWae @ FQN9hzhzP_"") --",2026-09-10T01:37:45.095Z,178900426509500
"Undealt cards: 2♠, Q♦, 5♦, J♠ [10♣]",2026-09-10T01:37:41.014Z,178900426101400
"""LingWae @ FQN9hzhzP_"" shows a 7♦, 8♦.",2026-09-10T01:37:40.054Z,178900426005400
"-- ending hand #82 --",2026-09-10T01:37:38.452Z,178900425845202
"""LingWae @ FQN9hzhzP_"" collected 10 from pot",2026-09-10T01:37:38.452Z,178900425845201
"Uncalled bet of 5 returned to ""LingWae @ FQN9hzhzP_""",2026-09-10T01:37:38.452Z,178900425845200
"""gurt @ gpP9uUffpu"" folds",2026-09-10T01:37:37.578Z,178900425757800
"""LingWae @ FQN9hzhzP_"" bets 5",2026-09-10T01:37:35.907Z,178900425590700
"Turn: 2♠, Q♦, 5♦ [J♠]",2026-09-10T01:37:33.685Z,178900425368500
"""gurt @ gpP9uUffpu"" checks",2026-09-10T01:37:32.852Z,178900425285200
"""LingWae @ FQN9hzhzP_"" checks",2026-09-10T01:37:24.832Z,178900424483200
"Flop:  [2♠, Q♦, 5♦]",2026-09-10T01:37:22.678Z,178900424267800
"""LingWae @ FQN9hzhzP_"" checks",2026-09-10T01:37:21.850Z,178900424185000
"""gurt @ gpP9uUffpu"" calls 5",2026-09-10T01:37:17.414Z,178900423741400
"""LingWae @ FQN9hzhzP_"" posts a big blind of 5",2026-09-10T01:37:07.992Z,178900422799205
"""gurt @ gpP9uUffpu"" posts a small blind of 2",2026-09-10T01:37:07.992Z,178900422799204
"Player stacks: #2 ""LingWae @ FQN9hzhzP_"" (1446) | #10 ""gurt @ gpP9uUffpu"" (1095)",2026-09-10T01:37:07.992Z,178900422799201
"-- starting hand #82 (id: 3ptmpovhuh4s)  No Limit Texas Hold'em (dealer: ""gurt @ gpP9uUffpu"") --",2026-09-10T01:37:07.992Z,178900422799200
"Undealt cards:  [5♦, J♠, A♠, 2♦, Q♣]",2026-09-10T01:37:02.603Z,178900422260300
"-- ending hand #81 --",2026-09-10T01:37:02.042Z,178900422204201
"""LingWae @ FQN9hzhzP_"" collected 10 from pot",2026-09-10T01:37:02.042Z,178900422204200
"""gurt @ gpP9uUffpu"" folds",2026-09-10T01:37:01.170Z,178900422117000
"""LingWae @ FQN9hzhzP_"" calls 5",2026-09-10T01:37:00.190Z,178900422019000
"""gurt @ gpP9uUffpu"" posts a big blind of 5",2026-09-10T01:36:58.300Z,178900421830005
"""LingWae @ FQN9hzhzP_"" posts a small blind of 2",2026-09-10T01:36:58.300Z,178900421830004
"Player stacks: #2 ""LingWae @ FQN9hzhzP_"" (1441) | #10 ""gurt @ gpP9uUffpu"" (1100)",2026-09-10T01:36:58.300Z,178900421830001
"-- starting hand #81 (id: lt7ikz8jdgm7)  No Limit Texas Hold'em (dealer: ""LingWae @ FQN9hzhzP_"") --",2026-09-10T01:36:58.300Z,178900421830000
"""LingWae @ FQN9hzhzP_"" shows a K♣, 2♠.",2026-09-10T01:36:53.460Z,178900421346000
"Undealt cards: 5♦, J♦, K♠ [7♣, K♥]",2026-09-10T01:36:52.375Z,178900421237500
"-- ending hand #80 --",2026-09-10T01:36:51.678Z,178900421167802
"""LingWae @ FQN9hzhzP_"" collected 30 from pot",2026-09-10T01:36:51.678Z,178900421167801
"Uncalled bet of 15 returned to ""LingWae @ FQN9hzhzP_""",2026-09-10T01:36:51.678Z,178900421167800
"""gurt @ gpP9uUffpu"" folds",2026-09-10T01:36:50.824Z,178900421082400
"""LingWae @ FQN9hzhzP_"" bets 15",2026-09-10T01:36:49.808Z,178900420980800
"Flop:  [5♦, J♦, K♠]",2026-09-10T01:36:47.096Z,178900420709600
"""LingWae @ FQN9hzhzP_"" calls 15",2026-09-10T01:36:46.288Z,178900420628800
"""gurt @ gpP9uUffpu"" raises to 15",2026-09-10T01:36:44.753Z,178900420475300
"""LingWae @ FQN9hzhzP_"" posts a big blind of 5",2026-09-10T01:36:42.471Z,178900420247105
"""gurt @ gpP9uUffpu"" posts a small blind of 2",2026-09-10T01:36:42.471Z,178900420247104
"Player stacks: #2 ""LingWae @ FQN9hzhzP_"" (1426) | #10 ""gurt @ gpP9uUffpu"" (1115)",2026-09-10T01:36:42.471Z,178900420247101
"-- starting hand #80 (id: qnfydsabobxi)  No Limit Texas Hold'em (dealer: ""gurt @ gpP9uUffpu"") --",2026-09-10T01:36:42.471Z,178900420247100
"-- ending hand #79 --",2026-09-10T01:36:39.495Z,178900419949502
"""LingWae @ FQN9hzhzP_"" collected 132 from pot",2026-09-10T01:36:39.495Z,178900419949501
"Uncalled bet of 67 returned to ""LingWae @ FQN9hzhzP_""",2026-09-10T01:36:39.495Z,178900419949500
"""gurt @ gpP9uUffpu"" folds",2026-09-10T01:36:38.668Z,178900419866800
"""LingWae @ FQN9hzhzP_"" bets 67",2026-09-10T01:36:36.570Z,178900419657000
"""gurt @ gpP9uUffpu"" checks",2026-09-10T01:36:34.682Z,178900419468200
"River: 8♥, 4♦, 8♠, 7♥ [J♠]",2026-09-10T01:36:30.454Z,178900419045400
"""LingWae @ FQN9hzhzP_"" calls 33",2026-09-10T01:36:29.577Z,178900418957700
"""gurt @ gpP9uUffpu"" bets 33",2026-09-10T01:36:28.513Z,178900418851300
"Turn: 8♥, 4♦, 8♠ [7♥]",2026-09-10T01:36:26.490Z,178900418649000
"""LingWae @ FQN9hzhzP_"" checks",2026-09-10T01:36:25.673Z,178900418567300
"""gurt @ gpP9uUffpu"" checks",2026-09-10T01:36:24.587Z,178900418458700
"Flop:  [8♥, 4♦, 8♠]",2026-09-10T01:36:22.540Z,178900418254000
"""LingWae @ FQN9hzhzP_"" calls 33",2026-09-10T01:36:21.733Z,178900418173300
"""gurt @ gpP9uUffpu"" raises to 33",2026-09-10T01:36:20.313Z,178900418031300
"""LingWae @ FQN9hzhzP_"" raises to 10",2026-09-10T01:36:16.953Z,178900417695300
"""gurt @ gpP9uUffpu"" posts a big blind of 5",2026-09-10T01:36:10.235Z,178900417023505
"""LingWae @ FQN9hzhzP_"" posts a small blind of 2",2026-09-10T01:36:10.235Z,178900417023504
"Player stacks: #2 ""LingWae @ FQN9hzhzP_"" (1360) | #10 ""gurt @ gpP9uUffpu"" (1181)",2026-09-10T01:36:10.235Z,178900417023501
"-- starting hand #79 (id: ofaoyqcc58ib)  No Limit Texas Hold'em (dealer: ""LingWae @ FQN9hzhzP_"") --",2026-09-10T01:36:10.235Z,178900417023500
"-- ending hand #78 --",2026-09-10T01:36:07.235Z,178900416723502
"""LingWae @ FQN9hzhzP_"" collected 52 from pot",2026-09-10T01:36:07.235Z,178900416723501
"Uncalled bet of 16 returned to ""LingWae @ FQN9hzhzP_""",2026-09-10T01:36:07.235Z,178900416723500
"""gurt @ gpP9uUffpu"" folds",2026-09-10T01:36:06.323Z,178900416632300
"""LingWae @ FQN9hzhzP_"" bets 16",2026-09-10T01:36:05.346Z,178900416534600
"River: 6♠, Q♦, 10♠, K♣ [9♥]",2026-09-10T01:35:58.456Z,178900415845600
"""LingWae @ FQN9hzhzP_"" calls 11",2026-09-10T01:35:57.636Z,178900415763600
"""gurt @ gpP9uUffpu"" bets 11",2026-09-10T01:35:56.252Z,178900415625200
"""LingWae @ FQN9hzhzP_"" checks",2026-09-10T01:35:54.759Z,178900415475900
"Turn: 6♠, Q♦, 10♠ [K♣]",2026-09-10T01:35:52.781Z,178900415278100
"""gurt @ gpP9uUffpu"" checks",2026-09-10T01:35:51.967Z,178900415196700
"""LingWae @ FQN9hzhzP_"" checks",2026-09-10T01:35:50.860Z,178900415086000
"Flop:  [6♠, Q♦, 10♠]",2026-09-10T01:35:49.033Z,178900414903300
"""gurt @ gpP9uUffpu"" calls 15",2026-09-10T01:35:48.214Z,178900414821400
"""LingWae @ FQN9hzhzP_"" raises to 15",2026-09-10T01:35:47.065Z,178900414706500
"""gurt @ gpP9uUffpu"" calls 5",2026-09-10T01:35:38.545Z,178900413854500
"""LingWae @ FQN9hzhzP_"" posts a big blind of 5",2026-09-10T01:35:37.623Z,178900413762305
"""gurt @ gpP9uUffpu"" posts a small blind of 2",2026-09-10T01:35:37.623Z,178900413762304
"Player stacks: #2 ""LingWae @ FQN9hzhzP_"" (1334) | #10 ""gurt @ gpP9uUffpu"" (1207)",2026-09-10T01:35:37.623Z,178900413762301
"-- starting hand #78 (id: kwghngfwdcox)  No Limit Texas Hold'em (dealer: ""gurt @ gpP9uUffpu"") --",2026-09-10T01:35:37.623Z,178900413762300
"""LingWae @ FQN9hzhzP_"" shows a 2♣, 2♠.",2026-09-10T01:35:34.578Z,178900413457800
"-- ending hand #77 --",2026-09-10T01:35:33.969Z,178900413396902
"""LingWae @ FQN9hzhzP_"" collected 154 from pot",2026-09-10T01:35:33.969Z,178900413396901
"Uncalled bet of 22 returned to ""LingWae @ FQN9hzhzP_""",2026-09-10T01:35:33.969Z,178900413396900
"""gurt @ gpP9uUffpu"" folds",2026-09-10T01:35:33.064Z,178900413306400
"""LingWae @ FQN9hzhzP_"" bets 22",2026-09-10T01:35:30.100Z,178900413010000
"""gurt @ gpP9uUffpu"" checks",2026-09-10T01:35:28.011Z,178900412801100
"River: 2♦, J♠, 3♦, 6♥ [7♦]",2026-09-10T01:35:23.363Z,178900412336300
"""LingWae @ FQN9hzhzP_"" calls 33",2026-09-10T01:35:22.453Z,178900412245300
"""gurt @ gpP9uUffpu"" bets 33",2026-09-10T01:35:21.494Z,178900412149400
"Turn: 2♦, J♠, 3♦ [6♥]",2026-09-10T01:35:19.560Z,178900411956000
"""LingWae @ FQN9hzhzP_"" calls 22",2026-09-10T01:35:18.674Z,178900411867400
"""gurt @ gpP9uUffpu"" bets 22",2026-09-10T01:35:17.668Z,178900411766800
"Flop:  [2♦, J♠, 3♦]",2026-09-10T01:35:15.585Z,178900411558500
"""LingWae @ FQN9hzhzP_"" calls 22",2026-09-10T01:35:14.761Z,178900411476100
"""gurt @ gpP9uUffpu"" raises to 22",2026-09-10T01:35:13.334Z,178900411333400
"""LingWae @ FQN9hzhzP_"" calls 5",2026-09-10T01:35:09.038Z,178900410903800
"""gurt @ gpP9uUffpu"" posts a big blind of 5",2026-09-10T01:35:07.332Z,178900410733205
"""LingWae @ FQN9hzhzP_"" posts a small blind of 2",2026-09-10T01:35:07.332Z,178900410733204
"Player stacks: #2 ""LingWae @ FQN9hzhzP_"" (1257) | #10 ""gurt @ gpP9uUffpu"" (1284)",2026-09-10T01:35:07.332Z,178900410733201
"-- starting hand #77 (id: ix81jpp4mtwi)  No Limit Texas Hold'em (dealer: ""LingWae @ FQN9hzhzP_"") --",2026-09-10T01:35:07.332Z,178900410733200
"""LingWae @ FQN9hzhzP_"" shows a 5♦.",2026-09-10T01:35:05.200Z,178900410520000
"-- ending hand #76 --",2026-09-10T01:35:00.664Z,178900410066402
"""LingWae @ FQN9hzhzP_"" collected 4 from pot",2026-09-10T01:35:00.664Z,178900410066401
"Uncalled bet of 3 returned to ""LingWae @ FQN9hzhzP_""",2026-09-10T01:35:00.664Z,178900410066400
"""gurt @ gpP9uUffpu"" folds",2026-09-10T01:34:59.820Z,178900409982000
"""LingWae @ FQN9hzhzP_"" posts a big blind of 5",2026-09-10T01:34:58.569Z,178900409856905
"""gurt @ gpP9uUffpu"" posts a small blind of 2",2026-09-10T01:34:58.569Z,178900409856904
"Player stacks: #2 ""LingWae @ FQN9hzhzP_"" (1255) | #10 ""gurt @ gpP9uUffpu"" (1286)",2026-09-10T01:34:58.569Z,178900409856901
"-- starting hand #76 (id: dwzsgfsizozz)  No Limit Texas Hold'em (dealer: ""gurt @ gpP9uUffpu"") --",2026-09-10T01:34:58.569Z,178900409856900
"Undealt cards:  [4♥, 9♣, 9♥, 7♥, 4♣]",2026-09-10T01:34:53.303Z,178900409330300
"-- ending hand #75 --",2026-09-10T01:34:52.655Z,178900409265501
"""LingWae @ FQN9hzhzP_"" collected 10 from pot",2026-09-10T01:34:52.655Z,178900409265500
"""gurt @ gpP9uUffpu"" folds",2026-09-10T01:34:51.804Z,178900409180400
"""LingWae @ FQN9hzhzP_"" calls 5",2026-09-10T01:34:50.738Z,178900409073800
"""gurt @ gpP9uUffpu"" posts a big blind of 5",2026-09-10T01:34:49.447Z,178900408944705
"""LingWae @ FQN9hzhzP_"" posts a small blind of 2",2026-09-10T01:34:49.447Z,178900408944704
"Player stacks: #2 ""LingWae @ FQN9hzhzP_"" (1250) | #10 ""gurt @ gpP9uUffpu"" (1291)",2026-09-10T01:34:49.447Z,178900408944701
"-- starting hand #75 (id: hgguirnj0hse)  No Limit Texas Hold'em (dealer: ""LingWae @ FQN9hzhzP_"") --",2026-09-10T01:34:49.447Z,178900408944700
"""LingWae @ FQN9hzhzP_"" shows a 9♥.",2026-09-10T01:34:47.646Z,178900408764600
"-- ending hand #74 --",2026-09-10T01:34:45.835Z,178900408583502
"""LingWae @ FQN9hzhzP_"" collected 88 from pot",2026-09-10T01:34:45.835Z,178900408583501
"Uncalled bet of 25 returned to ""LingWae @ FQN9hzhzP_""",2026-09-10T01:34:45.835Z,178900408583500
"""gurt @ gpP9uUffpu"" folds",2026-09-10T01:34:44.962Z,178900408496200
"""LingWae @ FQN9hzhzP_"" bets 25",2026-09-10T01:34:43.355Z,178900408335500
"River: 8♥, J♣, Q♠, 3♦ [7♣]",2026-09-10T01:34:33.545Z,178900407354500
"""gurt @ gpP9uUffpu"" checks",2026-09-10T01:34:32.630Z,178900407263000
"""LingWae @ FQN9hzhzP_"" checks",2026-09-10T01:34:31.729Z,178900407172900
"Turn: 8♥, J♣, Q♠ [3♦]",2026-09-10T01:34:30.525Z,178900407052500
"""LingWae @ FQN9hzhzP_"" calls 22",2026-09-10T01:34:29.642Z,178900406964200
"""gurt @ gpP9uUffpu"" bets 22",2026-09-10T01:34:28.656Z,178900406865600
"""LingWae @ FQN9hzhzP_"" checks",2026-09-10T01:34:27.199Z,178900406719900
"Flop:  [8♥, J♣, Q♠]",2026-09-10T01:34:24.922Z,178900406492200
"""LingWae @ FQN9hzhzP_"" calls 22",2026-09-10T01:34:24.073Z,178900406407300
"""gurt @ gpP9uUffpu"" raises to 22",2026-09-10T01:34:23.163Z,178900406316300
"""LingWae @ FQN9hzhzP_"" posts a big blind of 5",2026-09-10T01:34:20.520Z,178900406052005
"""gurt @ gpP9uUffpu"" posts a small blind of 2",2026-09-10T01:34:20.520Z,178900406052004
"Player stacks: #2 ""LingWae @ FQN9hzhzP_"" (1206) | #10 ""gurt @ gpP9uUffpu"" (1335)",2026-09-10T01:34:20.520Z,178900406052001
"-- starting hand #74 (id: zqjcgewfhor5)  No Limit Texas Hold'em (dealer: ""gurt @ gpP9uUffpu"") --",2026-09-10T01:34:20.520Z,178900406052000
"-- ending hand #73 --",2026-09-10T01:34:17.523Z,178900405752302
"""gurt @ gpP9uUffpu"" collected 30 from pot",2026-09-10T01:34:17.523Z,178900405752301
"Uncalled bet of 30 returned to ""gurt @ gpP9uUffpu""",2026-09-10T01:34:17.523Z,178900405752300
"""LingWae @ FQN9hzhzP_"" folds",2026-09-10T01:34:16.717Z,178900405671700
"""gurt @ gpP9uUffpu"" bets 30",2026-09-10T01:34:14.113Z,178900405411300
"River: 7♥, K♣, 9♣, 7♦ [3♥]",2026-09-10T01:34:11.113Z,178900405111300
"""LingWae @ FQN9hzhzP_"" checks",2026-09-10T01:34:10.204Z,178900405020400
"""gurt @ gpP9uUffpu"" checks",2026-09-10T01:34:09.290Z,178900404929000
"Turn: 7♥, K♣, 9♣ [7♦]",2026-09-10T01:34:06.196Z,178900404619600
"""LingWae @ FQN9hzhzP_"" checks",2026-09-10T01:34:05.380Z,178900404538000
"""gurt @ gpP9uUffpu"" checks",2026-09-10T01:34:03.840Z,178900404384000
"Flop:  [7♥, K♣, 9♣]",2026-09-10T01:34:03.010Z,178900404301000
"""gurt @ gpP9uUffpu"" calls 15",2026-09-10T01:34:02.174Z,178900404217400
"""LingWae @ FQN9hzhzP_"" raises to 15",2026-09-10T01:33:52.830Z,178900403283000
"""gurt @ gpP9uUffpu"" posts a big blind of 5",2026-09-10T01:33:49.879Z,178900402987905
"""LingWae @ FQN9hzhzP_"" posts a small blind of 2",2026-09-10T01:33:49.879Z,178900402987904
"Player stacks: #2 ""LingWae @ FQN9hzhzP_"" (1221) | #10 ""gurt @ gpP9uUffpu"" (1320)",2026-09-10T01:33:49.879Z,178900402987901
"-- starting hand #73 (id: r9agyxnayjk0)  No Limit Texas Hold'em (dealer: ""LingWae @ FQN9hzhzP_"") --",2026-09-10T01:33:49.879Z,178900402987900
"""LingWae @ FQN9hzhzP_"" shows a 2♠, K♥.",2026-09-10T01:33:45.151Z,178900402515100
"Undealt cards:  [6♣, 4♠, 8♦, 9♦, 5♠]",2026-09-10T01:33:44.250Z,178900402425000
"-- ending hand #72 --",2026-09-10T01:33:43.173Z,178900402317302
"""LingWae @ FQN9hzhzP_"" collected 30 from pot",2026-09-10T01:33:43.173Z,178900402317301
"Uncalled bet of 185 returned to ""LingWae @ FQN9hzhzP_""",2026-09-10T01:33:43.173Z,178900402317300
"""gurt @ gpP9uUffpu"" folds",2026-09-10T01:33:42.361Z,178900402236100
"""LingWae @ FQN9hzhzP_"" raises to 200",2026-09-10T01:33:40.876Z,178900402087600
"""gurt @ gpP9uUffpu"" raises to 15",2026-09-10T01:33:26.846Z,178900400684600
"""LingWae @ FQN9hzhzP_"" posts a big blind of 5",2026-09-10T01:33:24.860Z,178900400486005
"""gurt @ gpP9uUffpu"" posts a small blind of 2",2026-09-10T01:33:24.860Z,178900400486004
"Player stacks: #2 ""LingWae @ FQN9hzhzP_"" (1206) | #10 ""gurt @ gpP9uUffpu"" (1335)",2026-09-10T01:33:24.860Z,178900400486001
"-- starting hand #72 (id: 5s9cduowibxq)  No Limit Texas Hold'em (dealer: ""gurt @ gpP9uUffpu"") --",2026-09-10T01:33:24.860Z,178900400486000
"-- ending hand #71 --",2026-09-10T01:33:18.852Z,178900399885203
"""gurt @ gpP9uUffpu"" collected 30 from pot with Pair, 6's (combination: Q♥, K♣, A♦, 6♠, 6♣)",2026-09-10T01:33:18.852Z,178900399885202
"""gurt @ gpP9uUffpu"" shows a Q♥, 2♥.",2026-09-10T01:33:18.852Z,178900399885201
"""LingWae @ FQN9hzhzP_"" shows a 7♠, J♥.",2026-09-10T01:33:18.852Z,178900399885200
"""LingWae @ FQN9hzhzP_"" checks",2026-09-10T01:33:17.976Z,178900399797600
"""gurt @ gpP9uUffpu"" checks",2026-09-10T01:33:16.994Z,178900399699400
"River: 4♣, A♦, 6♠, K♣ [6♣]",2026-09-10T01:33:12.505Z,178900399250500
"""LingWae @ FQN9hzhzP_"" checks",2026-09-10T01:33:11.680Z,178900399168000
"""gurt @ gpP9uUffpu"" checks",2026-09-10T01:33:10.584Z,178900399058400
"Turn: 4♣, A♦, 6♠ [K♣]",2026-09-10T01:33:08.752Z,178900398875200
"""LingWae @ FQN9hzhzP_"" checks",2026-09-10T01:33:07.948Z,178900398794800
"""gurt @ gpP9uUffpu"" checks",2026-09-10T01:33:06.955Z,178900398695500
"Flop:  [4♣, A♦, 6♠]",2026-09-10T01:33:05.450Z,178900398545000
"""LingWae @ FQN9hzhzP_"" calls 15",2026-09-10T01:33:04.623Z,178900398462300
"""gurt @ gpP9uUffpu"" raises to 15",2026-09-10T01:33:01.450Z,178900398145000
"""LingWae @ FQN9hzhzP_"" calls 5",2026-09-10T01:32:59.739Z,178900397973900
"""gurt @ gpP9uUffpu"" posts a big blind of 5",2026-09-10T01:32:55.485Z,178900397548505
"""LingWae @ FQN9hzhzP_"" posts a small blind of 2",2026-09-10T01:32:55.485Z,178900397548504
"Your hand is Q♥, 2♥",2026-09-10T01:32:55.485Z,178900397548503
"Player stacks: #2 ""LingWae @ FQN9hzhzP_"" (1221) | #10 ""gurt @ gpP9uUffpu"" (1320)",2026-09-10T01:32:55.485Z,178900397548501
"-- starting hand #71 (id: viofium4kmdm)  No Limit Texas Hold'em (dealer: ""LingWae @ FQN9hzhzP_"") --",2026-09-10T01:32:55.485Z,178900397548500
"-- ending hand #70 --",2026-09-10T01:32:49.460Z,178900396946002
"""LingWae @ FQN9hzhzP_"" collected 162 from pot with Three of a Kind, 7's (combination: 4♣, 6♥, 7♥, 7♦, 7♠)",2026-09-10T01:32:49.460Z,178900396946001
"""LingWae @ FQN9hzhzP_"" shows a 7♥, 7♦.",2026-09-10T01:32:49.460Z,178900396946000
"""gurt @ gpP9uUffpu"" calls 22",2026-09-10T01:32:48.651Z,178900396865100
"""LingWae @ FQN9hzhzP_"" bets 22",2026-09-10T01:32:47.656Z,178900396765600
"River: 2♠, 3♣, 6♥, 7♠ [4♣]",2026-09-10T01:32:44.746Z,178900396474600
"""gurt @ gpP9uUffpu"" calls 22",2026-09-10T01:32:43.892Z,178900396389200
"""LingWae @ FQN9hzhzP_"" bets 22",2026-09-10T01:32:41.712Z,178900396171200
"Turn: 2♠, 3♣, 6♥ [7♠]",2026-09-10T01:32:39.455Z,178900395945500
"""gurt @ gpP9uUffpu"" calls 22",2026-09-10T01:32:38.614Z,178900395861400
"""LingWae @ FQN9hzhzP_"" bets 22",2026-09-10T01:32:36.703Z,178900395670300
"Flop:  [2♠, 3♣, 6♥]",2026-09-10T01:32:32.857Z,178900395285700
"""gurt @ gpP9uUffpu"" calls 15",2026-09-10T01:32:31.992Z,178900395199200
"""LingWae @ FQN9hzhzP_"" raises to 15",2026-09-10T01:32:30.446Z,178900395044600
"""gurt @ gpP9uUffpu"" calls 5",2026-09-10T01:32:27.935Z,178900394793500
"""LingWae @ FQN9hzhzP_"" posts a big blind of 5",2026-09-10T01:32:26.786Z,178900394678605
"""gurt @ gpP9uUffpu"" posts a small blind of 2",2026-09-10T01:32:26.786Z,178900394678604
"Player stacks: #2 ""LingWae @ FQN9hzhzP_"" (1140) | #10 ""gurt @ gpP9uUffpu"" (1401)",2026-09-10T01:32:26.786Z,178900394678601
"-- starting hand #70 (id: vyjk7pvlzz5r)  No Limit Texas Hold'em (dealer: ""gurt @ gpP9uUffpu"") --",2026-09-10T01:32:26.786Z,178900394678600
"""gurt @ gpP9uUffpu"" shows a 7♥.",2026-09-10T01:32:25.230Z,178900394523000
"""LingWae @ FQN9hzhzP_"" shows a 7♦, 5♣.",2026-09-10T01:32:23.051Z,178900394305100
"-- ending hand #69 --",2026-09-10T01:32:22.452Z,178900394245202
"""gurt @ gpP9uUffpu"" collected 10 from pot",2026-09-10T01:32:22.452Z,178900394245201
"Uncalled bet of 5 returned to ""gurt @ gpP9uUffpu""",2026-09-10T01:32:22.452Z,178900394245200
"""LingWae @ FQN9hzhzP_"" folds",2026-09-10T01:32:21.636Z,178900394163600
"""gurt @ gpP9uUffpu"" bets 5",2026-09-10T01:32:20.416Z,178900394041600
"River: 4♥, 10♠, 3♣, 8♦ [A♠]",2026-09-10T01:32:18.724Z,178900393872400
"""LingWae @ FQN9hzhzP_"" checks",2026-09-10T01:32:17.818Z,178900393781800
"""gurt @ gpP9uUffpu"" checks",2026-09-10T01:32:16.872Z,178900393687200
"Turn: 4♥, 10♠, 3♣ [8♦]",2026-09-10T01:32:14.921Z,178900393492100
"""LingWae @ FQN9hzhzP_"" checks",2026-09-10T01:32:14.068Z,178900393406800
"""gurt @ gpP9uUffpu"" checks",2026-09-10T01:32:12.451Z,178900393245100
"Flop:  [4♥, 10♠, 3♣]",2026-09-10T01:32:11.014Z,178900393101400
"""gurt @ gpP9uUffpu"" checks",2026-09-10T01:32:10.190Z,178900393019000
"""LingWae @ FQN9hzhzP_"" calls 5",2026-09-10T01:32:07.116Z,178900392711600
"""gurt @ gpP9uUffpu"" posts a big blind of 5",2026-09-10T01:32:05.918Z,178900392591805
"""LingWae @ FQN9hzhzP_"" posts a small blind of 2",2026-09-10T01:32:05.918Z,178900392591804
"Player stacks: #2 ""LingWae @ FQN9hzhzP_"" (1145) | #10 ""gurt @ gpP9uUffpu"" (1396)",2026-09-10T01:32:05.918Z,178900392591801
"-- starting hand #69 (id: vkfts1tvpjwa)  No Limit Texas Hold'em (dealer: ""LingWae @ FQN9hzhzP_"") --",2026-09-10T01:32:05.918Z,178900392591800
"-- ending hand #68 --",2026-09-10T01:32:02.920Z,178900392292002
"""LingWae @ FQN9hzhzP_"" collected 82 from pot",2026-09-10T01:32:02.920Z,178900392292001
"Uncalled bet of 40 returned to ""LingWae @ FQN9hzhzP_""",2026-09-10T01:32:02.920Z,178900392292000
"""gurt @ gpP9uUffpu"" folds",2026-09-10T01:32:02.053Z,178900392205300
"""LingWae @ FQN9hzhzP_"" bets 40",2026-09-10T01:32:00.604Z,178900392060400
"River: 9♣, A♥, 3♦, 2♠ [4♣]",2026-09-10T01:31:55.413Z,178900391541300
"""gurt @ gpP9uUffpu"" calls 15",2026-09-10T01:31:54.592Z,178900391459200
"""LingWae @ FQN9hzhzP_"" bets 15",2026-09-10T01:31:52.724Z,178900391272400
"Turn: 9♣, A♥, 3♦ [2♠]",2026-09-10T01:31:45.559Z,178900390555900
"""LingWae @ FQN9hzhzP_"" calls 11",2026-09-10T01:31:44.695Z,178900390469500
"""gurt @ gpP9uUffpu"" bets 11",2026-09-10T01:31:43.140Z,178900390314000
"""LingWae @ FQN9hzhzP_"" checks",2026-09-10T01:31:41.566Z,178900390156600
"Flop:  [9♣, A♥, 3♦]",2026-09-10T01:31:40.041Z,178900390004100
"""LingWae @ FQN9hzhzP_"" calls 15",2026-09-10T01:31:39.236Z,178900389923600
"""gurt @ gpP9uUffpu"" raises to 15",2026-09-10T01:31:38.052Z,178900389805200
"""LingWae @ FQN9hzhzP_"" posts a big blind of 5",2026-09-10T01:31:36.234Z,178900389623405
"""gurt @ gpP9uUffpu"" posts a small blind of 2",2026-09-10T01:31:36.234Z,178900389623404
"Player stacks: #2 ""LingWae @ FQN9hzhzP_"" (1104) | #10 ""gurt @ gpP9uUffpu"" (1437)",2026-09-10T01:31:36.234Z,178900389623401
"-- starting hand #68 (id: 84gzukaekcra)  No Limit Texas Hold'em (dealer: ""gurt @ gpP9uUffpu"") --",2026-09-10T01:31:36.234Z,178900389623400
"-- ending hand #67 --",2026-09-10T01:31:30.231Z,178900389023103
"""LingWae @ FQN9hzhzP_"" collected 20 from pot with Two Pair, 8's & 2's (combination: 10♣, 2♠, 2♣, 8♦, 8♥)",2026-09-10T01:31:30.231Z,178900389023102
"""LingWae @ FQN9hzhzP_"" shows a 2♠, 2♣.",2026-09-10T01:31:30.231Z,178900389023101
"""gurt @ gpP9uUffpu"" shows a 6♥, K♦.",2026-09-10T01:31:30.231Z,178900389023100
"""LingWae @ FQN9hzhzP_"" calls 5",2026-09-10T01:31:29.420Z,178900388942000
"""gurt @ gpP9uUffpu"" bets 5",2026-09-10T01:31:16.153Z,178900387615300
"River: 8♦, 8♥, 3♠, 7♦ [10♣]",2026-09-10T01:31:08.384Z,178900386838400
"""LingWae @ FQN9hzhzP_"" checks",2026-09-10T01:31:07.571Z,178900386757100
"""gurt @ gpP9uUffpu"" checks",2026-09-10T01:31:05.787Z,178900386578700
"Turn: 8♦, 8♥, 3♠ [7♦]",2026-09-10T01:31:04.383Z,178900386438300
"""LingWae @ FQN9hzhzP_"" checks",2026-09-10T01:31:03.570Z,178900386357000
"""gurt @ gpP9uUffpu"" checks",2026-09-10T01:31:02.297Z,178900386229700
"Flop:  [8♦, 8♥, 3♠]",2026-09-10T01:30:59.661Z,178900385966100
"""gurt @ gpP9uUffpu"" checks",2026-09-10T01:30:58.859Z,178900385885900
"""LingWae @ FQN9hzhzP_"" calls 5",2026-09-10T01:30:56.765Z,178900385676500
"""gurt @ gpP9uUffpu"" posts a big blind of 5",2026-09-10T01:30:50.800Z,178900385080005
"""LingWae @ FQN9hzhzP_"" posts a small blind of 2",2026-09-10T01:30:50.800Z,178900385080004
"Your hand is 6♥, K♦",2026-09-10T01:30:50.800Z,178900385080003
"Player stacks: #2 ""LingWae @ FQN9hzhzP_"" (1094) | #10 ""gurt @ gpP9uUffpu"" (1447)",2026-09-10T01:30:50.800Z,178900385080001
"-- starting hand #67 (id: old1ftx7jf97)  No Limit Texas Hold'em (dealer: ""LingWae @ FQN9hzhzP_"") --",2026-09-10T01:30:50.800Z,178900385080000
"Undealt cards:  [J♠, 4♣, 10♥, 8♦, 8♠]",2026-09-10T01:30:47.120Z,178900384712000
"-- ending hand #66 --",2026-09-10T01:30:44.800Z,178900384480002
"""LingWae @ FQN9hzhzP_"" collected 4 from pot",2026-09-10T01:30:44.800Z,178900384480001
"Uncalled bet of 3 returned to ""LingWae @ FQN9hzhzP_""",2026-09-10T01:30:44.800Z,178900384480000
"""gurt @ gpP9uUffpu"" folds",2026-09-10T01:30:43.968Z,178900384396800
"""LingWae @ FQN9hzhzP_"" posts a big blind of 5",2026-09-10T01:30:42.596Z,178900384259605
"""gurt @ gpP9uUffpu"" posts a small blind of 2",2026-09-10T01:30:42.596Z,178900384259604
"Player stacks: #2 ""LingWae @ FQN9hzhzP_"" (1092) | #10 ""gurt @ gpP9uUffpu"" (1449)",2026-09-10T01:30:42.596Z,178900384259601
"-- starting hand #66 (id: bwzres9z9uhk)  No Limit Texas Hold'em (dealer: ""gurt @ gpP9uUffpu"") --",2026-09-10T01:30:42.596Z,178900384259600
"-- ending hand #65 --",2026-09-10T01:30:39.596Z,178900383959602
"""LingWae @ FQN9hzhzP_"" collected 258 from pot",2026-09-10T01:30:39.596Z,178900383959601
"Uncalled bet of 34 returned to ""LingWae @ FQN9hzhzP_""",2026-09-10T01:30:39.596Z,178900383959600
"""gurt @ gpP9uUffpu"" folds",2026-09-10T01:30:38.708Z,178900383870800
"""LingWae @ FQN9hzhzP_"" raises to 67",2026-09-10T01:30:35.686Z,178900383568600
"""gurt @ gpP9uUffpu"" bets 33",2026-09-10T01:30:33.670Z,178900383367000
"River: 8♦, 4♥, 6♣, A♦ [Q♣]",2026-09-10T01:30:31.593Z,178900383159300
"""gurt @ gpP9uUffpu"" calls 70",2026-09-10T01:30:30.778Z,178900383077800
"""LingWae @ FQN9hzhzP_"" raises to 70",2026-09-10T01:30:29.394Z,178900382939400
"""gurt @ gpP9uUffpu"" bets 22",2026-09-10T01:30:25.452Z,178900382545200
"Turn: 8♦, 4♥, 6♣ [A♦]",2026-09-10T01:30:24.181Z,178900382418100
"""LingWae @ FQN9hzhzP_"" calls 11",2026-09-10T01:30:23.343Z,178900382334300
"""gurt @ gpP9uUffpu"" bets 11",2026-09-10T01:30:22.323Z,178900382232300
"Flop:  [8♦, 4♥, 6♣]",2026-09-10T01:30:19.680Z,178900381968000
"""gurt @ gpP9uUffpu"" calls 15",2026-09-10T01:30:18.852Z,178900381885200
"""LingWae @ FQN9hzhzP_"" raises to 15",2026-09-10T01:30:16.463Z,178900381646300
"""gurt @ gpP9uUffpu"" posts a big blind of 5",2026-09-10T01:30:14.027Z,178900381402705
"""LingWae @ FQN9hzhzP_"" posts a small blind of 2",2026-09-10T01:30:14.027Z,178900381402704
"Player stacks: #2 ""LingWae @ FQN9hzhzP_"" (963) | #10 ""gurt @ gpP9uUffpu"" (1578)",2026-09-10T01:30:14.027Z,178900381402701
"-- starting hand #65 (id: t1mug6wrgwss)  No Limit Texas Hold'em (dealer: ""LingWae @ FQN9hzhzP_"") --",2026-09-10T01:30:14.027Z,178900381402700
"Undealt cards: 2♣, 5♠, 3♠, 2♠ [K♥]",2026-09-10T01:30:08.913Z,178900380891300
"-- ending hand #64 --",2026-09-10T01:30:08.063Z,178900380806302
"""gurt @ gpP9uUffpu"" collected 30 from pot",2026-09-10T01:30:08.063Z,178900380806301
"Uncalled bet of 33 returned to ""gurt @ gpP9uUffpu""",2026-09-10T01:30:08.063Z,178900380806300
"""LingWae @ FQN9hzhzP_"" folds",2026-09-10T01:30:07.251Z,178900380725100
"""gurt @ gpP9uUffpu"" bets 33",2026-09-10T01:30:04.855Z,178900380485500
"""LingWae @ FQN9hzhzP_"" checks",2026-09-10T01:30:02.479Z,178900380247900
"Turn: 2♣, 5♠, 3♠ [2♠]",2026-09-10T01:29:57.980Z,178900379798000
"""gurt @ gpP9uUffpu"" checks",2026-09-10T01:29:57.109Z,178900379710900
"""LingWae @ FQN9hzhzP_"" checks",2026-09-10T01:29:45.661Z,178900378566100
"Flop:  [2♣, 5♠, 3♠]",2026-09-10T01:29:44.164Z,178900378416400
"""LingWae @ FQN9hzhzP_"" calls 15",2026-09-10T01:29:43.332Z,178900378333200
"""gurt @ gpP9uUffpu"" raises to 15",2026-09-10T01:29:42.363Z,178900378236300
"""LingWae @ FQN9hzhzP_"" posts a big blind of 5",2026-09-10T01:29:40.039Z,178900378003905
"""gurt @ gpP9uUffpu"" posts a small blind of 2",2026-09-10T01:29:40.039Z,178900378003904
"Player stacks: #2 ""LingWae @ FQN9hzhzP_"" (978) | #10 ""gurt @ gpP9uUffpu"" (1563)",2026-09-10T01:29:40.039Z,178900378003901
"-- starting hand #64 (id: p8dd99erpxxz)  No Limit Texas Hold'em (dealer: ""gurt @ gpP9uUffpu"") --",2026-09-10T01:29:40.039Z,178900378003900
"-- ending hand #63 --",2026-09-10T01:29:34.063Z,178900377406302
"""LingWae @ FQN9hzhzP_"" collected 10 from pot",2026-09-10T01:29:34.063Z,178900377406301
"Uncalled bet of 10 returned to ""LingWae @ FQN9hzhzP_""",2026-09-10T01:29:34.063Z,178900377406300
"""gurt @ gpP9uUffpu"" folds",2026-09-10T01:29:33.244Z,178900377324400
"""LingWae @ FQN9hzhzP_"" raises to 15",2026-09-10T01:29:32.329Z,178900377232900
"""gurt @ gpP9uUffpu"" posts a big blind of 5",2026-09-10T01:29:25.051Z,178900376505105
"""LingWae @ FQN9hzhzP_"" posts a small blind of 2",2026-09-10T01:29:25.051Z,178900376505104
"Player stacks: #2 ""LingWae @ FQN9hzhzP_"" (973) | #10 ""gurt @ gpP9uUffpu"" (1568)",2026-09-10T01:29:25.051Z,178900376505101
"-- starting hand #63 (id: pmb0tp0jmsyz)  No Limit Texas Hold'em (dealer: ""LingWae @ FQN9hzhzP_"") --",2026-09-10T01:29:25.051Z,178900376505100
"""LingWae @ FQN9hzhzP_"" shows a A♦.",2026-09-10T01:29:20.875Z,178900376087500
"-- ending hand #62 --",2026-09-10T01:29:18.518Z,178900375851802
"""gurt @ gpP9uUffpu"" collected 418 from pot with Flush, A High (combination: 5♠, 7♠, 9♠, J♠, A♠)",2026-09-10T01:29:18.518Z,178900375851801
"""gurt @ gpP9uUffpu"" shows a 7♠, 9♠.",2026-09-10T01:29:18.518Z,178900375851800
"""LingWae @ FQN9hzhzP_"" calls 99",2026-09-10T01:29:17.634Z,178900375763400
"""gurt @ gpP9uUffpu"" bets 99",2026-09-10T01:29:12.254Z,178900375225400
"""LingWae @ FQN9hzhzP_"" checks",2026-09-10T01:29:10.072Z,178900375007200
"River: 6♦, A♠, 4♠, J♠ [5♠]",2026-09-10T01:29:08.409Z,178900374840900
"""LingWae @ FQN9hzhzP_"" calls 66",2026-09-10T01:29:07.583Z,178900374758300
"""gurt @ gpP9uUffpu"" raises to 66",2026-09-10T01:29:05.995Z,178900374599500
"""LingWae @ FQN9hzhzP_"" bets 22",2026-09-10T01:29:04.141Z,178900374414100
"Turn: 6♦, A♠, 4♠ [J♠]",2026-09-10T01:29:00.577Z,178900374057700
"""LingWae @ FQN9hzhzP_"" calls 22",2026-09-10T01:28:59.674Z,178900373967400
"""gurt @ gpP9uUffpu"" bets 22",2026-09-10T01:28:58.579Z,178900373857900
"""LingWae @ FQN9hzhzP_"" checks",2026-09-10T01:28:56.667Z,178900373666700
"Flop:  [6♦, A♠, 4♠]",2026-09-10T01:28:54.764Z,178900373476400
"""LingWae @ FQN9hzhzP_"" calls 22",2026-09-10T01:28:53.859Z,178900373385900
"""gurt @ gpP9uUffpu"" raises to 22",2026-09-10T01:28:52.904Z,178900373290400
"""LingWae @ FQN9hzhzP_"" posts a big blind of 5",2026-09-10T01:28:49.787Z,178900372978705
"""gurt @ gpP9uUffpu"" posts a small blind of 2",2026-09-10T01:28:49.787Z,178900372978704
"Your hand is 7♠, 9♠",2026-09-10T01:28:49.787Z,178900372978703
"Player stacks: #2 ""LingWae @ FQN9hzhzP_"" (1182) | #10 ""gurt @ gpP9uUffpu"" (1359)",2026-09-10T01:28:49.787Z,178900372978701
"-- starting hand #62 (id: l2on90tiedrt)  No Limit Texas Hold'em (dealer: ""gurt @ gpP9uUffpu"") --",2026-09-10T01:28:49.787Z,178900372978700
"""LingWae @ FQN9hzhzP_"" shows a 6♥, 6♣.",2026-09-10T01:28:46.728Z,178900372672800
"-- ending hand #61 --",2026-09-10T01:28:46.164Z,178900372616402
"""gurt @ gpP9uUffpu"" collected 330 from pot",2026-09-10T01:28:46.164Z,178900372616401
"Uncalled bet of 111 returned to ""gurt @ gpP9uUffpu""",2026-09-10T01:28:46.164Z,178900372616400
"""LingWae @ FQN9hzhzP_"" folds",2026-09-10T01:28:45.277Z,178900372527700
"""gurt @ gpP9uUffpu"" bets 111",2026-09-10T01:28:42.005Z,178900372200500
"River: K♦, J♦, J♣, 2♦ [A♦]",2026-09-10T01:28:37.760Z,178900371776000
"""LingWae @ FQN9hzhzP_"" calls 99",2026-09-10T01:28:36.840Z,178900371684000
"""gurt @ gpP9uUffpu"" bets 99",2026-09-10T01:28:25.091Z,178900370509100
"Turn: K♦, J♦, J♣ [2♦]",2026-09-10T01:28:23.346Z,178900370334600
"""LingWae @ FQN9hzhzP_"" calls 33",2026-09-10T01:28:22.443Z,178900370244300
"""gurt @ gpP9uUffpu"" bets 33",2026-09-10T01:28:21.407Z,178900370140700
"Flop:  [K♦, J♦, J♣]",2026-09-10T01:28:19.545Z,178900369954500
"""LingWae @ FQN9hzhzP_"" calls 33",2026-09-10T01:28:18.600Z,178900369860000
"""gurt @ gpP9uUffpu"" raises to 33",2026-09-10T01:28:17.138Z,178900369713800
"""LingWae @ FQN9hzhzP_"" raises to 10",2026-09-10T01:28:14.803Z,178900369480300
"""gurt @ gpP9uUffpu"" posts a big blind of 5",2026-09-10T01:28:11.542Z,178900369154206
"""LingWae @ FQN9hzhzP_"" posts a small blind of 2",2026-09-10T01:28:11.542Z,178900369154205
"Player stacks: #2 ""LingWae @ FQN9hzhzP_"" (1347) | #10 ""gurt @ gpP9uUffpu"" (1194)",2026-09-10T01:28:11.542Z,178900369154202
"-- starting hand #61 (id: lercpdzshmil)  No Limit Texas Hold'em (dealer: ""LingWae @ FQN9hzhzP_"") --",2026-09-10T01:28:11.542Z,178900369154201
"The player ""DK @ kCN0-Qy2Mz"" quits the game with a stack of 1547.",2026-09-10T01:28:11.542Z,178900369154200
"""gurt @ gpP9uUffpu"" shows a 6♥.",2026-09-10T01:28:07.625Z,178900368762500
"""LingWae @ FQN9hzhzP_"" shows a 10♥.",2026-09-10T01:28:06.312Z,178900368631200
"Undealt cards: 6♠, 8♥, 8♣ [K♠, 10♣]",2026-09-10T01:28:05.856Z,178900368585600
"-- ending hand #60 --",2026-09-10T01:28:04.110Z,178900368411002
"""gurt @ gpP9uUffpu"" collected 30 from pot",2026-09-10T01:28:04.110Z,178900368411001
"Uncalled bet of 11 returned to ""gurt @ gpP9uUffpu""",2026-09-10T01:28:04.110Z,178900368411000
"""LingWae @ FQN9hzhzP_"" folds",2026-09-10T01:28:03.273Z,178900368327300
"""gurt @ gpP9uUffpu"" bets 11",2026-09-10T01:27:57.293Z,178900367729300
"""LingWae @ FQN9hzhzP_"" checks",2026-09-10T01:27:55.231Z,178900367523100
"Flop:  [6♠, 8♥, 8♣]",2026-09-10T01:27:53.478Z,178900367347800
"""LingWae @ FQN9hzhzP_"" calls 15",2026-09-10T01:27:52.643Z,178900367264300
"""gurt @ gpP9uUffpu"" raises to 15",2026-09-10T01:27:45.598Z,178900366559800
"""LingWae @ FQN9hzhzP_"" posts a big blind of 5",2026-09-10T01:27:43.747Z,178900366374707
"""gurt @ gpP9uUffpu"" posts a small blind of 2",2026-09-10T01:27:43.747Z,178900366374706
"Player stacks: #2 ""LingWae @ FQN9hzhzP_"" (1362) | #10 ""gurt @ gpP9uUffpu"" (1179)",2026-09-10T01:27:43.747Z,178900366374703
"-- starting hand #60 (id: 3xh0er6m1oic)  No Limit Texas Hold'em (dealer: ""gurt @ gpP9uUffpu"") --",2026-09-10T01:27:43.747Z,178900366374702
"The player ""BELT TO ASS @ 0gI3DsAEI3"" quits the game with a stack of 0.",2026-09-10T01:27:43.747Z,178900366374701
"The player ""DK @ kCN0-Qy2Mz"" stand up with the stack of 1547.",2026-09-10T01:27:43.747Z,178900366374700
"""DK @ kCN0-Qy2Mz"" shows a 6♠, 4♠.",2026-09-10T01:27:39.500Z,178900365950000
"""LingWae @ FQN9hzhzP_"" shows a A♥, K♥.",2026-09-10T01:27:38.003Z,178900365800300
"-- ending hand #59 --",2026-09-10T01:27:36.737Z,178900365673703
"""gurt @ gpP9uUffpu"" collected 204 from pot with Pair, 10's (combination: 7♠, 9♥, J♥, 10♥, 10♦)",2026-09-10T01:27:36.737Z,178900365673702
"""gurt @ gpP9uUffpu"" shows a 10♥, 9♥.",2026-09-10T01:27:36.737Z,178900365673701
"""BELT TO ASS @ 0gI3DsAEI3"" shows a 9♣, Q♦.",2026-09-10T01:27:36.737Z,178900365673700
"""DK @ kCN0-Qy2Mz"" checks",2026-09-10T01:27:35.928Z,178900365592800
"""LingWae @ FQN9hzhzP_"" checks",2026-09-10T01:27:34.975Z,178900365497500
"""gurt @ gpP9uUffpu"" checks",2026-09-10T01:27:33.327Z,178900365332700
"River: J♥, 6♥, 10♦, 7♠ [2♠]",2026-09-10T01:27:33.063Z,178900365306300
"""DK @ kCN0-Qy2Mz"" checks",2026-09-10T01:27:32.252Z,178900365225200
"""LingWae @ FQN9hzhzP_"" checks",2026-09-10T01:27:31.290Z,178900365129000
"""gurt @ gpP9uUffpu"" checks",2026-09-10T01:27:30.339Z,178900365033900
"Turn: J♥, 6♥, 10♦ [7♠]",2026-09-10T01:27:29.598Z,178900364959800
"""DK @ kCN0-Qy2Mz"" checks",2026-09-10T01:27:28.780Z,178900364878000
"""LingWae @ FQN9hzhzP_"" checks",2026-09-10T01:27:27.823Z,178900364782300
"""gurt @ gpP9uUffpu"" checks",2026-09-10T01:27:26.891Z,178900364689100
"Flop:  [J♥, 6♥, 10♦]",2026-09-10T01:27:25.397Z,178900364539700
"""LingWae @ FQN9hzhzP_"" calls 51",2026-09-10T01:27:24.558Z,178900364455800
"""gurt @ gpP9uUffpu"" calls 51",2026-09-10T01:27:11.700Z,178900363170000
"""BELT TO ASS @ 0gI3DsAEI3"" calls 51 and go all in",2026-09-10T01:27:04.557Z,178900362455700
"""DK @ kCN0-Qy2Mz"" raises to 51",2026-09-10T01:27:02.351Z,178900362235100
"""LingWae @ FQN9hzhzP_"" raises to 25",2026-09-10T01:26:58.076Z,178900361807600
"""gurt @ gpP9uUffpu"" posts a big blind of 5",2026-09-10T01:26:54.087Z,178900361408707
"""BELT TO ASS @ 0gI3DsAEI3"" posts a small blind of 2",2026-09-10T01:26:54.087Z,178900361408706
"Your hand is 10♥, 9♥",2026-09-10T01:26:54.087Z,178900361408705
"Player stacks: #2 ""LingWae @ FQN9hzhzP_"" (1413) | #3 ""DK @ kCN0-Qy2Mz"" (1598) | #4 ""BELT TO ASS @ 0gI3DsAEI3"" (51) | #10 ""gurt @ gpP9uUffpu"" (1026)",2026-09-10T01:26:54.087Z,178900361408701
"-- starting hand #59 (id: laefubyyeiex)  No Limit Texas Hold'em (dealer: ""DK @ kCN0-Qy2Mz"") --",2026-09-10T01:26:54.087Z,178900361408700
"-- ending hand #58 --",2026-09-10T01:26:46.006Z,178900360600602
"""DK @ kCN0-Qy2Mz"" collected 51 from pot with Two Pair, 10's & 5's on the second run  (combination: 9♦, 5♣, 5♦, 10♦, 10♥)",2026-09-10T01:26:46.006Z,178900360600601
"""BELT TO ASS @ 0gI3DsAEI3"" collected 51 from pot with Flush, A High (combination: 7♠, 9♠, J♠, Q♠, A♠)",2026-09-10T01:26:46.006Z,178900360600600
"River (second run): 10♦, 4♦, 10♥, 8♣ [5♦]",2026-09-10T01:26:41.998Z,178900360199800
"Turn (second run): 10♦, 4♦, 10♥ [8♣]",2026-09-10T01:26:37.992Z,178900359799200
"Flop (second run):  [10♦, 4♦, 10♥]",2026-09-10T01:26:33.962Z,178900359396200
"River: 4♥, Q♠, J♠, 9♠ [A♠]",2026-09-10T01:26:29.948Z,178900358994800
"Turn: 4♥, Q♠, J♠ [9♠]",2026-09-10T01:26:25.944Z,178900358594400
"Flop:  [4♥, Q♠, J♠]",2026-09-10T01:26:21.926Z,178900358192600
"""BELT TO ASS @ 0gI3DsAEI3"" shows a A♦, 7♠.",2026-09-10T01:26:17.903Z,178900357790301
"""DK @ kCN0-Qy2Mz"" shows a 9♦, 5♣.",2026-09-10T01:26:17.903Z,178900357790300
"All players in hand choose to run it twice.",2026-09-10T01:26:17.037Z,178900357703701
"""BELT TO ASS @ 0gI3DsAEI3"" chooses to  run it twice.",2026-09-10T01:26:17.037Z,178900357703700
"""DK @ kCN0-Qy2Mz"" chooses to  run it twice.",2026-09-10T01:26:14.735Z,178900357473500
"Remaining players decide whether to run it twice.",2026-09-10T01:26:12.873Z,178900357287301
"""BELT TO ASS @ 0gI3DsAEI3"" calls 51 and go all in",2026-09-10T01:26:12.873Z,178900357287300
"""DK @ kCN0-Qy2Mz"" raises to 51",2026-09-10T01:26:10.438Z,178900357043800
"""LingWae @ FQN9hzhzP_"" folds",2026-09-10T01:26:06.554Z,178900356655400
"""gurt @ gpP9uUffpu"" folds",2026-09-10T01:26:05.310Z,178900356531000
"""BELT TO ASS @ 0gI3DsAEI3"" posts a big blind of 5",2026-09-10T01:25:54.174Z,178900355417407
"""DK @ kCN0-Qy2Mz"" posts a small blind of 2",2026-09-10T01:25:54.174Z,178900355417406
"Player stacks: #2 ""LingWae @ FQN9hzhzP_"" (1413) | #3 ""DK @ kCN0-Qy2Mz"" (1598) | #4 ""BELT TO ASS @ 0gI3DsAEI3"" (51) | #10 ""gurt @ gpP9uUffpu"" (1026)",2026-09-10T01:25:54.174Z,178900355417401
"-- starting hand #58 (id: hnox6uc6hlhl)  No Limit Texas Hold'em (dealer: ""LingWae @ FQN9hzhzP_"") --",2026-09-10T01:25:54.174Z,178900355417400
"""LingWae @ FQN9hzhzP_"" shows a 8♥, 7♥.",2026-09-10T01:25:46.342Z,178900354634200
"-- ending hand #57 --",2026-09-10T01:25:45.601Z,178900354560104
"""BELT TO ASS @ 0gI3DsAEI3"" collected 25 from pot with Two Pair, A's & K's on the second run  (combination: 10♦, K♥, K♠, A♠, A♥)",2026-09-10T01:25:45.601Z,178900354560103
"""DK @ kCN0-Qy2Mz"" collected 26 from pot with Two Pair, A's & K's on the second run  (combination: 10♦, K♥, K♠, A♣, A♥)",2026-09-10T01:25:45.601Z,178900354560102
"""BELT TO ASS @ 0gI3DsAEI3"" collected 26 from pot with Pair, 10's (combination: 9♥, K♣, A♠, 10♥, 10♣)",2026-09-10T01:25:45.601Z,178900354560101
"""DK @ kCN0-Qy2Mz"" collected 26 from pot with Pair, 10's (combination: 9♥, K♣, A♣, 10♥, 10♣)",2026-09-10T01:25:45.601Z,178900354560100
"River (second run): K♥, A♥, K♠, 10♦ [4♦]",2026-09-10T01:25:41.570Z,178900354157000
"Turn (second run): K♥, A♥, K♠ [10♦]",2026-09-10T01:25:37.560Z,178900353756000
"Flop (second run):  [K♥, A♥, K♠]",2026-09-10T01:25:33.448Z,178900353344800
"River: K♣, 9♥, 10♥, 7♦ [10♣]",2026-09-10T01:25:29.386Z,178900352938600
"Turn: K♣, 9♥, 10♥ [7♦]",2026-09-10T01:25:25.380Z,178900352538000
"Flop:  [K♣, 9♥, 10♥]",2026-09-10T01:25:21.355Z,178900352135500
"""BELT TO ASS @ 0gI3DsAEI3"" shows a 2♥, A♠.",2026-09-10T01:25:17.335Z,178900351733501
"""DK @ kCN0-Qy2Mz"" shows a A♣, 6♠.",2026-09-10T01:25:17.335Z,178900351733500
"All players in hand choose to run it twice.",2026-09-10T01:25:16.490Z,178900351649001
"""BELT TO ASS @ 0gI3DsAEI3"" chooses to  run it twice.",2026-09-10T01:25:16.490Z,178900351649000
"""DK @ kCN0-Qy2Mz"" chooses to  run it twice.",2026-09-10T01:25:13.696Z,178900351369600
"Remaining players decide whether to run it twice.",2026-09-10T01:25:12.215Z,178900351221501
"""LingWae @ FQN9hzhzP_"" folds",2026-09-10T01:25:12.215Z,178900351221500
"""BELT TO ASS @ 0gI3DsAEI3"" calls 49 and go all in",2026-09-10T01:25:10.036Z,178900351003600
"""DK @ kCN0-Qy2Mz"" raises to 49",2026-09-10T01:25:05.849Z,178900350584900
"""LingWae @ FQN9hzhzP_"" calls 5",2026-09-10T01:25:01.278Z,178900350127800
"""gurt @ gpP9uUffpu"" folds",2026-09-10T01:24:58.645Z,178900349864500
"""BELT TO ASS @ 0gI3DsAEI3"" calls 5",2026-09-10T01:24:57.728Z,178900349772800
"""DK @ kCN0-Qy2Mz"" posts a big blind of 5",2026-09-10T01:24:54.206Z,178900349420607
"""LingWae @ FQN9hzhzP_"" posts a small blind of 2",2026-09-10T01:24:54.206Z,178900349420606
"Player stacks: #2 ""LingWae @ FQN9hzhzP_"" (1418) | #3 ""DK @ kCN0-Qy2Mz"" (1595) | #4 ""BELT TO ASS @ 0gI3DsAEI3"" (49) | #10 ""gurt @ gpP9uUffpu"" (1026)",2026-09-10T01:24:54.206Z,178900349420601
"-- starting hand #57 (id: zcfs9ie9xuc8)  No Limit Texas Hold'em (dealer: ""gurt @ gpP9uUffpu"") --",2026-09-10T01:24:54.206Z,178900349420600
"-- ending hand #56 --",2026-09-10T01:24:51.275Z,178900349127502
"""gurt @ gpP9uUffpu"" collected 45 from pot",2026-09-10T01:24:51.275Z,178900349127501
"Uncalled bet of 49 returned to ""gurt @ gpP9uUffpu""",2026-09-10T01:24:51.275Z,178900349127500
"""BELT TO ASS @ 0gI3DsAEI3"" folds",2026-09-10T01:24:50.423Z,178900349042300
"""LingWae @ FQN9hzhzP_"" folds",2026-09-10T01:24:47.292Z,178900348729200
"""gurt @ gpP9uUffpu"" bets 49",2026-09-10T01:24:44.714Z,178900348471400
"River: 10♦, 7♥, Q♠, 5♣ [8♥]",2026-09-10T01:24:40.356Z,178900348035600
"""BELT TO ASS @ 0gI3DsAEI3"" checks",2026-09-10T01:24:39.527Z,178900347952700
"""LingWae @ FQN9hzhzP_"" checks",2026-09-10T01:24:34.133Z,178900347413300
"""gurt @ gpP9uUffpu"" checks",2026-09-10T01:24:32.606Z,178900347260600
"Turn: 10♦, 7♥, Q♠ [5♣]",2026-09-10T01:24:26.191Z,178900346619100
"""BELT TO ASS @ 0gI3DsAEI3"" checks",2026-09-10T01:24:25.304Z,178900346530400
"""LingWae @ FQN9hzhzP_"" checks",2026-09-10T01:24:20.081Z,178900346008100
"""gurt @ gpP9uUffpu"" checks",2026-09-10T01:24:18.740Z,178900345874000
"Flop:  [10♦, 7♥, Q♠]",2026-09-10T01:24:16.252Z,178900345625200
"""BELT TO ASS @ 0gI3DsAEI3"" calls 15",2026-09-10T01:24:15.421Z,178900345542100
"""LingWae @ FQN9hzhzP_"" calls 15",2026-09-10T01:24:09.986Z,178900344998600
"""gurt @ gpP9uUffpu"" raises to 15",2026-09-10T01:24:07.227Z,178900344722700
"""BELT TO ASS @ 0gI3DsAEI3"" calls 5",2026-09-10T01:24:05.583Z,178900344558300
"""DK @ kCN0-Qy2Mz"" folds",2026-09-10T01:24:04.565Z,178900344456500
"""LingWae @ FQN9hzhzP_"" posts a big blind of 5",2026-09-10T01:24:01.490Z,178900344149008
"""gurt @ gpP9uUffpu"" posts a small blind of 2",2026-09-10T01:24:01.490Z,178900344149007
"Player stacks: #2 ""LingWae @ FQN9hzhzP_"" (1433) | #3 ""DK @ kCN0-Qy2Mz"" (1595) | #4 ""BELT TO ASS @ 0gI3DsAEI3"" (64) | #10 ""gurt @ gpP9uUffpu"" (996)",2026-09-10T01:24:01.490Z,178900344149002
"-- starting hand #56 (id: uvhvfobl7bop)  No Limit Texas Hold'em (dealer: ""BELT TO ASS @ 0gI3DsAEI3"") --",2026-09-10T01:24:01.490Z,178900344149001
"The player ""BLICKAFISH @ ILQFEWJ0SW"" stand up with the stack of 412.",2026-09-10T01:24:01.490Z,178900344149000
"-- ending hand #55 --",2026-09-10T01:23:55.477Z,178900343547703
"""LingWae @ FQN9hzhzP_"" collected 615 from pot with Straight, Q High (combination: 8♥, 9♦, 10♣, J♠, Q♣)",2026-09-10T01:23:55.477Z,178900343547702
"""LingWae @ FQN9hzhzP_"" shows a Q♠, 8♥.",2026-09-10T01:23:55.477Z,178900343547701
"""BELT TO ASS @ 0gI3DsAEI3"" shows a 7♦, 9♠.",2026-09-10T01:23:55.477Z,178900343547700
"""LingWae @ FQN9hzhzP_"" calls 205",2026-09-10T01:23:54.642Z,178900343464200
"""gurt @ gpP9uUffpu"" folds",2026-09-10T01:23:53.694Z,178900343369400
"""BELT TO ASS @ 0gI3DsAEI3"" bets 205",2026-09-10T01:23:52.387Z,178900343238700
"River: Q♦, 10♣, J♠, 9♦ [Q♣]",2026-09-10T01:23:48.271Z,178900342827100
"""gurt @ gpP9uUffpu"" calls 40",2026-09-10T01:23:47.364Z,178900342736400
"""BELT TO ASS @ 0gI3DsAEI3"" calls 40",2026-09-10T01:23:46.291Z,178900342629100
"""LingWae @ FQN9hzhzP_"" bets 40",2026-09-10T01:23:43.198Z,178900342319800
"""gurt @ gpP9uUffpu"" checks",2026-09-10T01:23:40.054Z,178900342005400
"""BELT TO ASS @ 0gI3DsAEI3"" checks",2026-09-10T01:23:38.922Z,178900341892200
"Turn: Q♦, 10♣, J♠ [9♦]",2026-09-10T01:23:35.866Z,178900341586600
"""gurt @ gpP9uUffpu"" calls 15",2026-09-10T01:23:34.936Z,178900341493600
"""BELT TO ASS @ 0gI3DsAEI3"" calls 15",2026-09-10T01:23:33.859Z,178900341385900
"""DK @ kCN0-Qy2Mz"" folds",2026-09-10T01:23:31.564Z,178900341156400
"""LingWae @ FQN9hzhzP_"" raises to 15",2026-09-10T01:23:27.709Z,178900340770900
"""gurt @ gpP9uUffpu"" calls 5",2026-09-10T01:23:23.438Z,178900340343800
"""BELT TO ASS @ 0gI3DsAEI3"" bets 5",2026-09-10T01:23:17.888Z,178900339788800
"Flop:  [Q♦, 10♣, J♠]",2026-09-10T01:23:09.254Z,178900338925400
"""gurt @ gpP9uUffpu"" calls 10",2026-09-10T01:23:08.413Z,178900338841300
"""BELT TO ASS @ 0gI3DsAEI3"" calls 10",2026-09-10T01:23:05.407Z,178900338540700
"""DK @ kCN0-Qy2Mz"" calls 10",2026-09-10T01:23:01.759Z,178900338175900
"""LingWae @ FQN9hzhzP_"" raises to 10",2026-09-10T01:22:57.606Z,178900337760600
"""BLICKAFISH @ ILQFEWJ0SW"" folds",2026-09-10T01:22:50.219Z,178900337021900
"""gurt @ gpP9uUffpu"" posts a big blind of 5",2026-09-10T01:22:43.968Z,178900336396808
"""BELT TO ASS @ 0gI3DsAEI3"" posts a small blind of 2",2026-09-10T01:22:43.968Z,178900336396807
"Player stacks: #1 ""BLICKAFISH @ ILQFEWJ0SW"" (412) | #2 ""LingWae @ FQN9hzhzP_"" (1088) | #3 ""DK @ kCN0-Qy2Mz"" (1605) | #4 ""BELT TO ASS @ 0gI3DsAEI3"" (334) | #10 ""gurt @ gpP9uUffpu"" (1061)",2026-09-10T01:22:43.968Z,178900336396801
"-- starting hand #55 (id: p1nfzlmcj2pp)  No Limit Texas Hold'em (dealer: ""DK @ kCN0-Qy2Mz"") --",2026-09-10T01:22:43.968Z,178900336396800
"""DK @ kCN0-Qy2Mz"" shows a 7♣, 7♠.",2026-09-10T01:22:42.336Z,178900336233600
"""LingWae @ FQN9hzhzP_"" shows a K♣, 4♦.",2026-09-10T01:22:39.885Z,178900335988500
"-- ending hand #54 --",2026-09-10T01:22:39.564Z,178900335956402
"""DK @ kCN0-Qy2Mz"" collected 37 from pot",2026-09-10T01:22:39.564Z,178900335956401
"Uncalled bet of 42 returned to ""DK @ kCN0-Qy2Mz""",2026-09-10T01:22:39.564Z,178900335956400
"""LingWae @ FQN9hzhzP_"" folds",2026-09-10T01:22:38.660Z,178900335866000
"""DK @ kCN0-Qy2Mz"" bets 42",2026-09-10T01:22:37.580Z,178900335758000
"River: 5♠, 2♥, Q♥, 5♦ [7♦]",2026-09-10T01:22:21.750Z,178900334175000
"""LingWae @ FQN9hzhzP_"" checks",2026-09-10T01:22:20.852Z,178900334085200
"""DK @ kCN0-Qy2Mz"" checks",2026-09-10T01:22:19.943Z,178900333994300
"Turn: 5♠, 2♥, Q♥ [5♦]",2026-09-10T01:22:15.547Z,178900333554700
"""LingWae @ FQN9hzhzP_"" checks",2026-09-10T01:22:14.636Z,178900333463600
"""DK @ kCN0-Qy2Mz"" checks",2026-09-10T01:22:13.628Z,178900333362800
"Flop:  [5♠, 2♥, Q♥]",2026-09-10T01:22:09.343Z,178900332934300
"""LingWae @ FQN9hzhzP_"" calls 16",2026-09-10T01:22:08.527Z,178900332852700
"""BELT TO ASS @ 0gI3DsAEI3"" folds",2026-09-10T01:22:04.107Z,178900332410700
"""DK @ kCN0-Qy2Mz"" raises to 16",2026-09-10T01:21:58.400Z,178900331840000
"""LingWae @ FQN9hzhzP_"" calls 5",2026-09-10T01:21:55.115Z,178900331511500
"""BLICKAFISH @ ILQFEWJ0SW"" folds",2026-09-10T01:21:54.104Z,178900331410400
"""gurt @ gpP9uUffpu"" folds",2026-09-10T01:21:53.126Z,178900331312600
"""BELT TO ASS @ 0gI3DsAEI3"" posts a big blind of 5",2026-09-10T01:21:38.255Z,178900329825508
"""DK @ kCN0-Qy2Mz"" posts a small blind of 2",2026-09-10T01:21:38.255Z,178900329825507
"Player stacks: #1 ""BLICKAFISH @ ILQFEWJ0SW"" (412) | #2 ""LingWae @ FQN9hzhzP_"" (1104) | #3 ""DK @ kCN0-Qy2Mz"" (1584) | #4 ""BELT TO ASS @ 0gI3DsAEI3"" (339) | #10 ""gurt @ gpP9uUffpu"" (1061)",2026-09-10T01:21:38.255Z,178900329825501
"-- starting hand #54 (id: gffyirljjzhe)  No Limit Texas Hold'em (dealer: ""LingWae @ FQN9hzhzP_"") --",2026-09-10T01:21:38.255Z,178900329825500
"-- ending hand #53 --",2026-09-10T01:21:32.155Z,178900329215502
"""BELT TO ASS @ 0gI3DsAEI3"" collected 160 from pot with Pair, 6's (combination: 10♠, J♥, A♥, 6♣, 6♥)",2026-09-10T01:21:32.155Z,178900329215501
"""BELT TO ASS @ 0gI3DsAEI3"" shows a 6♣, 6♥.",2026-09-10T01:21:32.155Z,178900329215500
"""DK @ kCN0-Qy2Mz"" calls 40",2026-09-10T01:21:31.298Z,178900329129800
"""LingWae @ FQN9hzhzP_"" folds",2026-09-10T01:21:12.713Z,178900327271300
"""BELT TO ASS @ 0gI3DsAEI3"" bets 40",2026-09-10T01:21:11.323Z,178900327132300
"""DK @ kCN0-Qy2Mz"" checks",2026-09-10T01:21:06.135Z,178900326613500
"""LingWae @ FQN9hzhzP_"" checks",2026-09-10T01:20:59.417Z,178900325941700
"River: 2♣, 5♠, 10♠, A♥ [J♥]",2026-09-10T01:20:57.891Z,178900325789100
"""LingWae @ FQN9hzhzP_"" calls 20",2026-09-10T01:20:57.064Z,178900325706400
"""BLICKAFISH @ ILQFEWJ0SW"" folds",2026-09-10T01:20:55.974Z,178900325597400
"""BELT TO ASS @ 0gI3DsAEI3"" calls 20",2026-09-10T01:20:55.031Z,178900325503100
"""DK @ kCN0-Qy2Mz"" bets 20",2026-09-10T01:20:47.257Z,178900324725700
"""LingWae @ FQN9hzhzP_"" checks",2026-09-10T01:20:44.558Z,178900324455800
"Turn: 2♣, 5♠, 10♠ [A♥]",2026-09-10T01:20:42.883Z,178900324288300
"""BLICKAFISH @ ILQFEWJ0SW"" checks",2026-09-10T01:20:42.042Z,178900324204200
"""BELT TO ASS @ 0gI3DsAEI3"" checks",2026-09-10T01:20:38.656Z,178900323865600
"""DK @ kCN0-Qy2Mz"" checks",2026-09-10T01:20:36.338Z,178900323633800
"""LingWae @ FQN9hzhzP_"" checks",2026-09-10T01:20:34.822Z,178900323482200
"Flop:  [2♣, 5♠, 10♠]",2026-09-10T01:20:31.597Z,178900323159700
"""DK @ kCN0-Qy2Mz"" checks",2026-09-10T01:20:30.724Z,178900323072400
"""LingWae @ FQN9hzhzP_"" calls 5",2026-09-10T01:20:27.730Z,178900322773000
"""BLICKAFISH @ ILQFEWJ0SW"" calls 5",2026-09-10T01:20:18.509Z,178900321850900
"""gurt @ gpP9uUffpu"" folds",2026-09-10T01:20:15.871Z,178900321587100
"""BELT TO ASS @ 0gI3DsAEI3"" calls 5",2026-09-10T01:20:13.577Z,178900321357700
"""DK @ kCN0-Qy2Mz"" posts a big blind of 5",2026-09-10T01:20:10.986Z,178900321098608
"""LingWae @ FQN9hzhzP_"" posts a small blind of 2",2026-09-10T01:20:10.986Z,178900321098607
"Player stacks: #1 ""BLICKAFISH @ ILQFEWJ0SW"" (417) | #2 ""LingWae @ FQN9hzhzP_"" (1129) | #3 ""DK @ kCN0-Qy2Mz"" (1649) | #4 ""BELT TO ASS @ 0gI3DsAEI3"" (244) | #10 ""gurt @ gpP9uUffpu"" (1061)",2026-09-10T01:20:10.986Z,178900321098601
"-- starting hand #53 (id: womxbzsusk12)  No Limit Texas Hold'em (dealer: ""BLICKAFISH @ ILQFEWJ0SW"") --",2026-09-10T01:20:10.986Z,178900321098600
"""DK @ kCN0-Qy2Mz"" collected 60 from the 7-2 bounty",2026-09-10T01:20:08.068Z,178900320806804
"""BELT TO ASS @ 0gI3DsAEI3"" paid 15 for the 7-2 bounty to ""DK @ kCN0-Qy2Mz""",2026-09-10T01:20:08.068Z,178900320806803
"""BLICKAFISH @ ILQFEWJ0SW"" paid 15 for the 7-2 bounty to ""DK @ kCN0-Qy2Mz""",2026-09-10T01:20:08.068Z,178900320806802
"""LingWae @ FQN9hzhzP_"" paid 15 for the 7-2 bounty to ""DK @ kCN0-Qy2Mz""",2026-09-10T01:20:08.068Z,178900320806801
"""gurt @ gpP9uUffpu"" paid 15 for the 7-2 bounty to ""DK @ kCN0-Qy2Mz""",2026-09-10T01:20:08.068Z,178900320806800
"-- ending hand #52 --",2026-09-10T01:20:02.026Z,178900320202603
"""DK @ kCN0-Qy2Mz"" collected 594 from pot with Pair, 7's (combination: 10♦, J♠, K♥, 7♥, 7♦)",2026-09-10T01:20:02.026Z,178900320202602
"""DK @ kCN0-Qy2Mz"" shows a 7♥, 2♠.",2026-09-10T01:20:02.026Z,178900320202601
"""BELT TO ASS @ 0gI3DsAEI3"" shows a 6♦, 6♣.",2026-09-10T01:20:02.026Z,178900320202600
"""DK @ kCN0-Qy2Mz"" calls 5",2026-09-10T01:20:01.167Z,178900320116700
"""BELT TO ASS @ 0gI3DsAEI3"" bets 5",2026-09-10T01:19:34.444Z,178900317444400
"""DK @ kCN0-Qy2Mz"" checks",2026-09-10T01:19:31.476Z,178900317147600
"River: 10♦, J♠, 8♦, 7♦ [K♥]",2026-09-10T01:19:18.684Z,178900315868400
"""BELT TO ASS @ 0gI3DsAEI3"" calls 167",2026-09-10T01:19:17.872Z,178900315787200
"""DK @ kCN0-Qy2Mz"" bets 167",2026-09-10T01:19:13.128Z,178900315312800
"Turn: 10♦, J♠, 8♦ [7♦]",2026-09-10T01:18:51.875Z,178900313187500
"""LingWae @ FQN9hzhzP_"" folds",2026-09-10T01:18:51.038Z,178900313103800
"""BLICKAFISH @ ILQFEWJ0SW"" folds",2026-09-10T01:18:50.092Z,178900313009200
"""BELT TO ASS @ 0gI3DsAEI3"" calls 75",2026-09-10T01:18:49.127Z,178900312912700
"""DK @ kCN0-Qy2Mz"" bets 75",2026-09-10T01:18:46.515Z,178900312651500
"""LingWae @ FQN9hzhzP_"" checks",2026-09-10T01:18:41.986Z,178900312198600
"""BLICKAFISH @ ILQFEWJ0SW"" checks",2026-09-10T01:18:34.690Z,178900311469000
"Flop:  [10♦, J♠, 8♦]",2026-09-10T01:18:32.977Z,178900311297700
"""LingWae @ FQN9hzhzP_"" calls 25",2026-09-10T01:18:32.146Z,178900311214600
"""BLICKAFISH @ ILQFEWJ0SW"" calls 25",2026-09-10T01:18:31.030Z,178900311103000
"""gurt @ gpP9uUffpu"" folds",2026-09-10T01:18:30.066Z,178900311006600
"""BELT TO ASS @ 0gI3DsAEI3"" calls 25",2026-09-10T01:18:29.124Z,178900310912400
"""DK @ kCN0-Qy2Mz"" raises to 25",2026-09-10T01:18:26.901Z,178900310690100
"""LingWae @ FQN9hzhzP_"" posts a big blind of 5",2026-09-10T01:18:09.481Z,178900308948109
"""BLICKAFISH @ ILQFEWJ0SW"" posts a small blind of 2",2026-09-10T01:18:09.481Z,178900308948108
"Player stacks: #1 ""BLICKAFISH @ ILQFEWJ0SW"" (457) | #2 ""LingWae @ FQN9hzhzP_"" (1169) | #3 ""DK @ kCN0-Qy2Mz"" (1267) | #4 ""BELT TO ASS @ 0gI3DsAEI3"" (531) | #10 ""gurt @ gpP9uUffpu"" (1076)",2026-09-10T01:18:09.481Z,178900308948102
"-- starting hand #52 (id: llogepiu4wjc)  No Limit Texas Hold'em (dealer: ""gurt @ gpP9uUffpu"") --",2026-09-10T01:18:09.481Z,178900308948101
"The player ""BELT TO ASS @ 0gI3DsAEI3"" joined the game with a stack of 531.",2026-09-10T01:18:09.481Z,178900308948100
"-- ending hand #51 --",2026-09-10T01:18:03.455Z,178900308345503
"""DK @ kCN0-Qy2Mz"" collected 581 from pot with Pair, 10's (combination: 7♦, 9♦, A♦, 10♣, 10♥)",2026-09-10T01:18:03.455Z,178900308345502
"""DK @ kCN0-Qy2Mz"" shows a A♦, 10♣.",2026-09-10T01:18:03.455Z,178900308345501
"""gurt @ gpP9uUffpu"" shows a 10♠, J♥.",2026-09-10T01:18:03.455Z,178900308345500
"""DK @ kCN0-Qy2Mz"" calls 66",2026-09-10T01:18:02.600Z,178900308260000
"The admin approved the player ""BELT TO ASS @ 0gI3DsAEI3"" participation with a stack of 531.",2026-09-10T01:17:51.425Z,178900307142500
"The player ""BELT TO ASS @ 0gI3DsAEI3"" requested a seat.",2026-09-10T01:17:47.480Z,178900306748000
"""gurt @ gpP9uUffpu"" bets 66",2026-09-10T01:17:45.166Z,178900306516600
"River: 9♦, 10♥, 4♣, 7♦ [6♠]",2026-09-10T01:17:41.741Z,178900306174100
"""DK @ kCN0-Qy2Mz"" checks",2026-09-10T01:17:40.937Z,178900306093700
"""gurt @ gpP9uUffpu"" checks",2026-09-10T01:17:32.886Z,178900305288600
"Turn: 9♦, 10♥, 4♣ [7♦]",2026-09-10T01:17:32.047Z,178900305204700
"""gurt @ gpP9uUffpu"" calls 156",2026-09-10T01:17:31.204Z,178900305120400
"""DK @ kCN0-Qy2Mz"" raises to 156",2026-09-10T01:17:29.727Z,178900304972700
"""gurt @ gpP9uUffpu"" bets 44",2026-09-10T01:17:23.482Z,178900304348200
"Flop:  [9♦, 10♥, 4♣]",2026-09-10T01:17:20.348Z,178900304034800
"""DK @ kCN0-Qy2Mz"" calls 66",2026-09-10T01:17:19.519Z,178900303951900
"""BLICKAFISH @ ILQFEWJ0SW"" folds",2026-09-10T01:17:18.047Z,178900303804700
"""gurt @ gpP9uUffpu"" raises to 66",2026-09-10T01:17:17.093Z,178900303709300
"""DK @ kCN0-Qy2Mz"" raises to 22",2026-09-10T01:17:13.661Z,178900303366100
"""LingWae @ FQN9hzhzP_"" folds",2026-09-10T01:17:05.937Z,178900302593700
"""BLICKAFISH @ ILQFEWJ0SW"" posts a big blind of 5",2026-09-10T01:17:03.676Z,178900302367607
"""gurt @ gpP9uUffpu"" posts a small blind of 2",2026-09-10T01:17:03.676Z,178900302367606
"Your hand is 10♠, J♥",2026-09-10T01:17:03.676Z,178900302367605
"Player stacks: #1 ""BLICKAFISH @ ILQFEWJ0SW"" (462) | #2 ""LingWae @ FQN9hzhzP_"" (1169) | #3 ""DK @ kCN0-Qy2Mz"" (974) | #10 ""gurt @ gpP9uUffpu"" (1364)",2026-09-10T01:17:03.676Z,178900302367601
"-- starting hand #51 (id: asy1o7zfrrnc)  No Limit Texas Hold'em (dealer: ""DK @ kCN0-Qy2Mz"") --",2026-09-10T01:17:03.676Z,178900302367600
"""DK @ kCN0-Qy2Mz"" shows a K♣.",2026-09-10T01:17:02.564Z,178900302256400
"""BLICKAFISH @ ILQFEWJ0SW"" shows a 10♥.",2026-09-10T01:17:01.473Z,178900302147300
"""DK @ kCN0-Qy2Mz"" shows a J♥.",2026-09-10T01:16:57.862Z,178900301786200
"""LingWae @ FQN9hzhzP_"" shows a A♦.",2026-09-10T01:16:57.243Z,178900301724300
"Undealt cards: K♥, A♥, 6♣, K♠ [6♦]",2026-09-10T01:16:56.396Z,178900301639600
"-- ending hand #50 --",2026-09-10T01:16:55.657Z,178900301565702
"""DK @ kCN0-Qy2Mz"" collected 481 from pot",2026-09-10T01:16:55.657Z,178900301565701
"Uncalled bet of 493 returned to ""DK @ kCN0-Qy2Mz""",2026-09-10T01:16:55.657Z,178900301565700
"""LingWae @ FQN9hzhzP_"" folds",2026-09-10T01:16:54.832Z,178900301483200
"""DK @ kCN0-Qy2Mz"" raises to 653 and go all in",2026-09-10T01:16:52.622Z,178900301262200
"""LingWae @ FQN9hzhzP_"" raises to 160",2026-09-10T01:16:45.937Z,178900300593700
"""BLICKAFISH @ ILQFEWJ0SW"" folds",2026-09-10T01:16:44.102Z,178900300410200
"""DK @ kCN0-Qy2Mz"" bets 80",2026-09-10T01:16:43.136Z,178900300313600
"Turn: K♥, A♥, 6♣ [K♠]",2026-09-10T01:16:38.301Z,178900299830100
"""LingWae @ FQN9hzhzP_"" calls 32",2026-09-10T01:16:37.446Z,178900299744600
"""BLICKAFISH @ ILQFEWJ0SW"" calls 32",2026-09-10T01:16:36.501Z,178900299650100
"""DK @ kCN0-Qy2Mz"" bets 32",2026-09-10T01:16:35.156Z,178900299515600
"Flop:  [K♥, A♥, 6♣]",2026-09-10T01:16:28.246Z,178900298824600
"""LingWae @ FQN9hzhzP_"" calls 20",2026-09-10T01:16:27.426Z,178900298742600
"""BLICKAFISH @ ILQFEWJ0SW"" calls 20",2026-09-10T01:16:26.380Z,178900298638000
"""gurt @ gpP9uUffpu"" folds",2026-09-10T01:16:25.349Z,178900298534900
"""DK @ kCN0-Qy2Mz"" raises to 20",2026-09-10T01:16:23.366Z,178900298336600
"""LingWae @ FQN9hzhzP_"" calls 5",2026-09-10T01:16:17.427Z,178900297742700
"""BLICKAFISH @ ILQFEWJ0SW"" calls 5",2026-09-10T01:16:15.957Z,178900297595700
"""gurt @ gpP9uUffpu"" posts a big blind of 5",2026-09-10T01:16:14.487Z,178900297448707
"""DK @ kCN0-Qy2Mz"" posts a small blind of 2",2026-09-10T01:16:14.487Z,178900297448706
"Player stacks: #1 ""BLICKAFISH @ ILQFEWJ0SW"" (514) | #2 ""LingWae @ FQN9hzhzP_"" (1381) | #3 ""DK @ kCN0-Qy2Mz"" (705) | #10 ""gurt @ gpP9uUffpu"" (1369)",2026-09-10T01:16:14.487Z,178900297448701
"-- starting hand #50 (id: xvmogh2ovcpf)  No Limit Texas Hold'em (dealer: ""LingWae @ FQN9hzhzP_"") --",2026-09-10T01:16:14.487Z,178900297448700
"""LingWae @ FQN9hzhzP_"" shows a 10♣, 5♥.",2026-09-10T01:16:12.734Z,178900297273400
"""DK @ kCN0-Qy2Mz"" shows a 8♠.",2026-09-10T01:16:10.251Z,178900297025100
"Undealt cards:  [6♥, 7♠, 6♦, 4♥, 8♦]",2026-09-10T01:16:07.333Z,178900296733300
"-- ending hand #49 --",2026-09-10T01:16:07.120Z,178900296712002
"""BLICKAFISH @ ILQFEWJ0SW"" collected 17 from pot",2026-09-10T01:16:07.120Z,178900296712001
"Uncalled bet of 10 returned to ""BLICKAFISH @ ILQFEWJ0SW""",2026-09-10T01:16:07.120Z,178900296712000
"""gurt @ gpP9uUffpu"" folds",2026-09-10T01:16:06.304Z,178900296630400
"""DK @ kCN0-Qy2Mz"" folds",2026-09-10T01:16:05.384Z,178900296538400
"""LingWae @ FQN9hzhzP_"" folds",2026-09-10T01:16:04.422Z,178900296442200
"""BLICKAFISH @ ILQFEWJ0SW"" raises to 15",2026-09-10T01:16:03.228Z,178900296322800
"""gurt @ gpP9uUffpu"" calls 5",2026-09-10T01:16:01.434Z,178900296143400
"""DK @ kCN0-Qy2Mz"" posts a big blind of 5",2026-09-10T01:15:59.656Z,178900295965607
"""LingWae @ FQN9hzhzP_"" posts a small blind of 2",2026-09-10T01:15:59.656Z,178900295965606
"Player stacks: #1 ""BLICKAFISH @ ILQFEWJ0SW"" (502) | #2 ""LingWae @ FQN9hzhzP_"" (1383) | #3 ""DK @ kCN0-Qy2Mz"" (710) | #10 ""gurt @ gpP9uUffpu"" (1374)",2026-09-10T01:15:59.656Z,178900295965601
"-- starting hand #49 (id: lk8fhe6comas)  No Limit Texas Hold'em (dealer: ""BLICKAFISH @ ILQFEWJ0SW"") --",2026-09-10T01:15:59.656Z,178900295965600
"-- ending hand #48 --",2026-09-10T01:15:53.550Z,178900295355003
"""gurt @ gpP9uUffpu"" collected 271 from pot with Pair, 9's (combination: J♦, Q♥, A♠, 9♠, 9♣)",2026-09-10T01:15:53.550Z,178900295355002
"""gurt @ gpP9uUffpu"" shows a A♠, 9♠.",2026-09-10T01:15:53.550Z,178900295355001
"""DK @ kCN0-Qy2Mz"" shows a 3♦, A♦.",2026-09-10T01:15:53.550Z,178900295355000
"""gurt @ gpP9uUffpu"" checks",2026-09-10T01:15:52.739Z,178900295273900
"""DK @ kCN0-Qy2Mz"" checks",2026-09-10T01:15:51.831Z,178900295183100
"River: 9♣, 2♥, Q♥, 5♣ [J♦]",2026-09-10T01:15:48.705Z,178900294870500
"""DK @ kCN0-Qy2Mz"" calls 55",2026-09-10T01:15:47.802Z,178900294780200
"""gurt @ gpP9uUffpu"" bets 55",2026-09-10T01:15:40.178Z,178900294017800
"""DK @ kCN0-Qy2Mz"" checks",2026-09-10T01:15:36.698Z,178900293669800
"Turn: 9♣, 2♥, Q♥ [5♣]",2026-09-10T01:15:34.592Z,178900293459200
"""DK @ kCN0-Qy2Mz"" calls 33",2026-09-10T01:15:33.746Z,178900293374600
"""gurt @ gpP9uUffpu"" bets 33",2026-09-10T01:15:31.946Z,178900293194600
"""DK @ kCN0-Qy2Mz"" checks",2026-09-10T01:15:29.842Z,178900292984200
"Flop:  [9♣, 2♥, Q♥]",2026-09-10T01:15:27.064Z,178900292706400
"""DK @ kCN0-Qy2Mz"" calls 44",2026-09-10T01:15:26.227Z,178900292622700
"""LingWae @ FQN9hzhzP_"" folds",2026-09-10T01:15:23.154Z,178900292315400
"""BLICKAFISH @ ILQFEWJ0SW"" folds",2026-09-10T01:15:22.216Z,178900292221600
"""gurt @ gpP9uUffpu"" raises to 44",2026-09-10T01:15:21.226Z,178900292122600
"""DK @ kCN0-Qy2Mz"" raises to 14",2026-09-10T01:15:18.771Z,178900291877100
"""LingWae @ FQN9hzhzP_"" posts a big blind of 5",2026-09-10T01:15:14.883Z,178900291488307
"""BLICKAFISH @ ILQFEWJ0SW"" posts a small blind of 2",2026-09-10T01:15:14.883Z,178900291488306
"Your hand is A♠, 9♠",2026-09-10T01:15:14.883Z,178900291488305
"Player stacks: #1 ""BLICKAFISH @ ILQFEWJ0SW"" (504) | #2 ""LingWae @ FQN9hzhzP_"" (1388) | #3 ""DK @ kCN0-Qy2Mz"" (842) | #10 ""gurt @ gpP9uUffpu"" (1235)",2026-09-10T01:15:14.883Z,178900291488301
"-- starting hand #48 (id: dy5w7i8qosmb)  No Limit Texas Hold'em (dealer: ""gurt @ gpP9uUffpu"") --",2026-09-10T01:15:14.883Z,178900291488300
"""gurt @ gpP9uUffpu"" shows a 3♠.",2026-09-10T01:15:10.584Z,178900291058400
"""LingWae @ FQN9hzhzP_"" shows a Q♣, 2♠.",2026-09-10T01:15:09.706Z,178900290970600
"""BLICKAFISH @ ILQFEWJ0SW"" shows a 5♣, 2♦.",2026-09-10T01:15:07.736Z,178900290773600
"Undealt cards: 6♦, 6♠, Q♦ [A♥, 10♦]",2026-09-10T01:15:07.139Z,178900290713900
"-- ending hand #47 --",2026-09-10T01:15:06.859Z,178900290685902
"""BLICKAFISH @ ILQFEWJ0SW"" collected 30 from pot",2026-09-10T01:15:06.859Z,178900290685901
"Uncalled bet of 5 returned to ""BLICKAFISH @ ILQFEWJ0SW""",2026-09-10T01:15:06.859Z,178900290685900
"""gurt @ gpP9uUffpu"" folds",2026-09-10T01:15:05.966Z,178900290596600
"""BLICKAFISH @ ILQFEWJ0SW"" bets 5",2026-09-10T01:15:04.259Z,178900290425900
"""gurt @ gpP9uUffpu"" checks",2026-09-10T01:15:02.155Z,178900290215500
"Flop:  [6♦, 6♠, Q♦]",2026-09-10T01:14:59.787Z,178900289978700
"""BLICKAFISH @ ILQFEWJ0SW"" calls 15",2026-09-10T01:14:58.971Z,178900289897100
"""gurt @ gpP9uUffpu"" raises to 15",2026-09-10T01:14:57.322Z,178900289732200
"""DK @ kCN0-Qy2Mz"" folds",2026-09-10T01:14:54.795Z,178900289479500
"""LingWae @ FQN9hzhzP_"" folds",2026-09-10T01:14:51.948Z,178900289194800
"""BLICKAFISH @ ILQFEWJ0SW"" posts a big blind of 5",2026-09-10T01:14:48.981Z,178900288898108
"""gurt @ gpP9uUffpu"" posts a small blind of 2",2026-09-10T01:14:48.981Z,178900288898107
"Player stacks: #1 ""BLICKAFISH @ ILQFEWJ0SW"" (489) | #2 ""LingWae @ FQN9hzhzP_"" (1388) | #3 ""DK @ kCN0-Qy2Mz"" (842) | #10 ""gurt @ gpP9uUffpu"" (1250)",2026-09-10T01:14:48.981Z,178900288898102
"-- starting hand #47 (id: s59ptaxwarvw)  No Limit Texas Hold'em (dealer: ""DK @ kCN0-Qy2Mz"") --",2026-09-10T01:14:48.981Z,178900288898101
"The player ""BLICKAFISH @ ILQFEWJ0SW"" joined the game with a stack of 489.",2026-09-10T01:14:48.981Z,178900288898100
"""LingWae @ FQN9hzhzP_"" shows a 7♠, 7♥.",2026-09-10T01:14:44.708Z,178900288470800
"-- ending hand #46 --",2026-09-10T01:14:42.475Z,178900288247502
"""DK @ kCN0-Qy2Mz"" collected 75 from pot with Two Pair, K's & 10's (combination: A♦, 10♦, 10♠, K♣, K♦)",2026-09-10T01:14:42.475Z,178900288247501
"""DK @ kCN0-Qy2Mz"" shows a 10♦, 5♦.",2026-09-10T01:14:42.475Z,178900288247500
"""LingWae @ FQN9hzhzP_"" checks",2026-09-10T01:14:41.644Z,178900288164400
"The admin approved the player ""BLICKAFISH @ ILQFEWJ0SW"" participation with a stack of 489.",2026-09-10T01:14:41.058Z,178900288105800
"""DK @ kCN0-Qy2Mz"" checks",2026-09-10T01:14:40.714Z,178900288071400
"River: A♦, 9♥, 10♠, K♣ [K♦]",2026-09-10T01:14:38.155Z,178900287815500
"The player ""BLICKAFISH @ ILQFEWJ0SW"" requested a seat.",2026-09-10T01:14:37.785Z,178900287778500
"""LingWae @ FQN9hzhzP_"" checks",2026-09-10T01:14:37.325Z,178900287732500
"""DK @ kCN0-Qy2Mz"" checks",2026-09-10T01:14:36.328Z,178900287632800
"Turn: A♦, 9♥, 10♠ [K♣]",2026-09-10T01:14:33.472Z,178900287347200
"""LingWae @ FQN9hzhzP_"" checks",2026-09-10T01:14:32.596Z,178900287259600
"""DK @ kCN0-Qy2Mz"" checks",2026-09-10T01:14:31.028Z,178900287102800
"Flop:  [A♦, 9♥, 10♠]",2026-09-10T01:14:27.750Z,178900286775000
"""gurt @ gpP9uUffpu"" folds",2026-09-10T01:14:26.933Z,178900286693300
"""DK @ kCN0-Qy2Mz"" calls 35",2026-09-10T01:14:23.389Z,178900286338900
"""LingWae @ FQN9hzhzP_"" raises to 35",2026-09-10T01:14:22.212Z,178900286221200
"""gurt @ gpP9uUffpu"" posts a big blind of 5",2026-09-10T01:14:19.701Z,178900285970107
"""DK @ kCN0-Qy2Mz"" posts a small blind of 2",2026-09-10T01:14:19.701Z,178900285970106
"Player stacks: #2 ""LingWae @ FQN9hzhzP_"" (1423) | #3 ""DK @ kCN0-Qy2Mz"" (802) | #10 ""gurt @ gpP9uUffpu"" (1255)",2026-09-10T01:14:19.701Z,178900285970102
"-- starting hand #46 (id: ectyp9djong3)  No Limit Texas Hold'em (dealer: ""LingWae @ FQN9hzhzP_"") --",2026-09-10T01:14:19.701Z,178900285970101
"The player ""BLINKERFISH @ aURLVzi1B6"" quits the game with a stack of 489.",2026-09-10T01:14:19.701Z,178900285970100
"""LingWae @ FQN9hzhzP_"" shows a J♠.",2026-09-10T01:14:14.352Z,178900285435200
"Undealt cards: J♦, 4♥, A♥ [6♥, J♣]",2026-09-10T01:14:14.326Z,178900285432600
"-- ending hand #45 --",2026-09-10T01:14:13.090Z,178900285309002
"""gurt @ gpP9uUffpu"" collected 46 from pot",2026-09-10T01:14:13.090Z,178900285309001
"Uncalled bet of 33 returned to ""gurt @ gpP9uUffpu""",2026-09-10T01:14:13.090Z,178900285309000
"""DK @ kCN0-Qy2Mz"" folds",2026-09-10T01:14:12.274Z,178900285227400
"""gurt @ gpP9uUffpu"" bets 33",2026-09-10T01:14:10.558Z,178900285055800
"""DK @ kCN0-Qy2Mz"" checks",2026-09-10T01:14:08.704Z,178900284870400
"Flop:  [J♦, 4♥, A♥]",2026-09-10T01:14:06.688Z,178900284668800
"""DK @ kCN0-Qy2Mz"" calls 22",2026-09-10T01:14:05.827Z,178900284582700
"""LingWae @ FQN9hzhzP_"" folds",2026-09-10T01:13:59.171Z,178900283917100
"""gurt @ gpP9uUffpu"" raises to 22",2026-09-10T01:13:58.269Z,178900283826900
"""BLINKERFISH @ aURLVzi1B6"" folds",2026-09-10T01:13:55.304Z,178900283530400
"""DK @ kCN0-Qy2Mz"" posts a big blind of 5",2026-09-10T01:13:52.475Z,178900283247508
"""LingWae @ FQN9hzhzP_"" posts a small blind of 2",2026-09-10T01:13:52.475Z,178900283247507
"Player stacks: #2 ""LingWae @ FQN9hzhzP_"" (1425) | #3 ""DK @ kCN0-Qy2Mz"" (824) | #9 ""BLINKERFISH @ aURLVzi1B6"" (489) | #10 ""gurt @ gpP9uUffpu"" (1231)",2026-09-10T01:13:52.475Z,178900283247502
"-- starting hand #45 (id: fbral1din5zd)  No Limit Texas Hold'em (dead button) --",2026-09-10T01:13:52.475Z,178900283247501
"The player ""BELT TO ASS @ 0gI3DsAEI3"" quits the game with a stack of 531.",2026-09-10T01:13:52.475Z,178900283247500
"""DK @ kCN0-Qy2Mz"" shows a 9♠.",2026-09-10T01:13:48.419Z,178900282841900
"""LingWae @ FQN9hzhzP_"" shows a A♦.",2026-09-10T01:13:46.550Z,178900282655000
"Undealt cards: 9♦, 10♣, K♥, A♣ [3♥]",2026-09-10T01:13:46.093Z,178900282609300
"-- ending hand #44 --",2026-09-10T01:13:45.142Z,178900282514202
"""gurt @ gpP9uUffpu"" collected 189 from pot",2026-09-10T01:13:45.142Z,178900282514201
"Uncalled bet of 90 returned to ""gurt @ gpP9uUffpu""",2026-09-10T01:13:45.142Z,178900282514200
"""BLINKERFISH @ aURLVzi1B6"" folds",2026-09-10T01:13:44.318Z,178900282431800
"""DK @ kCN0-Qy2Mz"" folds",2026-09-10T01:13:41.020Z,178900282102000
"""gurt @ gpP9uUffpu"" bets 90",2026-09-10T01:13:37.733Z,178900281773300
"""BLINKERFISH @ aURLVzi1B6"" checks",2026-09-10T01:13:35.196Z,178900281519600
"""DK @ kCN0-Qy2Mz"" checks",2026-09-10T01:13:33.635Z,178900281363500
"Turn: 9♦, 10♣, K♥ [A♣]",2026-09-10T01:13:29.735Z,178900280973500
"""BLINKERFISH @ aURLVzi1B6"" calls 33",2026-09-10T01:13:28.893Z,178900280889300
"""DK @ kCN0-Qy2Mz"" calls 33",2026-09-10T01:13:16.809Z,178900279680900
"""LingWae @ FQN9hzhzP_"" folds",2026-09-10T01:13:05.483Z,178900278548300
"""gurt @ gpP9uUffpu"" bets 33",2026-09-10T01:13:02.299Z,178900278229900
"""BLINKERFISH @ aURLVzi1B6"" checks",2026-09-10T01:13:00.172Z,178900278017200
"""DK @ kCN0-Qy2Mz"" checks",2026-09-10T01:12:55.723Z,178900277572300
"""LingWae @ FQN9hzhzP_"" checks",2026-09-10T01:12:54.305Z,178900277430500
"Flop:  [9♦, 10♣, K♥]",2026-09-10T01:12:52.361Z,178900277236100
"""BLINKERFISH @ aURLVzi1B6"" calls 22",2026-09-10T01:12:51.528Z,178900277152800
"""DK @ kCN0-Qy2Mz"" calls 22",2026-09-10T01:12:43.464Z,178900276346400
"""LingWae @ FQN9hzhzP_"" calls 22",2026-09-10T01:12:42.259Z,178900276225900
"""BELT TO ASS @ 0gI3DsAEI3"" folds",2026-09-10T01:12:38.937Z,178900275893700
"""gurt @ gpP9uUffpu"" raises to 22",2026-09-10T01:12:37.128Z,178900275712800
"""BLINKERFISH @ aURLVzi1B6"" calls 5",2026-09-10T01:12:35.217Z,178900275521700
"""DK @ kCN0-Qy2Mz"" calls 5",2026-09-10T01:12:32.055Z,178900275205500
"""LingWae @ FQN9hzhzP_"" posts a big blind of 5",2026-09-10T01:12:28.889Z,178900274888908
"""BELT TO ASS @ 0gI3DsAEI3"" posts a small blind of 2",2026-09-10T01:12:28.889Z,178900274888907
"Player stacks: #1 ""BELT TO ASS @ 0gI3DsAEI3"" (533) | #2 ""LingWae @ FQN9hzhzP_"" (1447) | #3 ""DK @ kCN0-Qy2Mz"" (879) | #9 ""BLINKERFISH @ aURLVzi1B6"" (544) | #10 ""gurt @ gpP9uUffpu"" (1097)",2026-09-10T01:12:28.889Z,178900274888901
"-- starting hand #44 (id: xrmhc4uxltuq)  No Limit Texas Hold'em (dealer: ""gurt @ gpP9uUffpu"") --",2026-09-10T01:12:28.889Z,178900274888900
"-- ending hand #43 --",2026-09-10T01:12:22.886Z,178900274288602
"""BELT TO ASS @ 0gI3DsAEI3"" collected 287 from pot with Three of a Kind, 8's (combination: 10♠, Q♣, 8♥, 8♦, 8♣)",2026-09-10T01:12:22.886Z,178900274288601
"""BELT TO ASS @ 0gI3DsAEI3"" shows a 8♥, 10♠.",2026-09-10T01:12:22.886Z,178900274288600
"""BLINKERFISH @ aURLVzi1B6"" folds",2026-09-10T01:12:22.059Z,178900274205900
"""DK @ kCN0-Qy2Mz"" calls 86",2026-09-10T01:12:20.812Z,178900274081200
"""BELT TO ASS @ 0gI3DsAEI3"" bets 86",2026-09-10T01:11:53.289Z,178900271328900
"River: 2♣, 6♠, Q♣, 8♦ [8♣]",2026-09-10T01:11:47.793Z,178900270779300
"""DK @ kCN0-Qy2Mz"" calls 25",2026-09-10T01:11:46.976Z,178900270697600
"""BELT TO ASS @ 0gI3DsAEI3"" calls 25",2026-09-10T01:11:44.735Z,178900270473500
"""gurt @ gpP9uUffpu"" folds",2026-09-10T01:11:42.814Z,178900270281400
"""BLINKERFISH @ aURLVzi1B6"" raises to 25",2026-09-10T01:11:41.656Z,178900270165600
"""DK @ kCN0-Qy2Mz"" calls 5",2026-09-10T01:11:36.390Z,178900269639000
"""BELT TO ASS @ 0gI3DsAEI3"" bets 5",2026-09-10T01:11:34.187Z,178900269418700
"""gurt @ gpP9uUffpu"" checks",2026-09-10T01:11:32.090Z,178900269209000
"Turn: 2♣, 6♠, Q♣ [8♦]",2026-09-10T01:11:30.951Z,178900269095100
"""BLINKERFISH @ aURLVzi1B6"" checks",2026-09-10T01:11:30.116Z,178900269011600
"""DK @ kCN0-Qy2Mz"" checks",2026-09-10T01:11:26.618Z,178900268661800
"""BELT TO ASS @ 0gI3DsAEI3"" checks",2026-09-10T01:11:22.986Z,178900268298600
"""gurt @ gpP9uUffpu"" checks",2026-09-10T01:11:20.638Z,178900268063800
"Flop:  [2♣, 6♠, Q♣]",2026-09-10T01:11:18.545Z,178900267854500
"""BELT TO ASS @ 0gI3DsAEI3"" calls 10",2026-09-10T01:11:17.620Z,178900267762000
"""gurt @ gpP9uUffpu"" calls 10",2026-09-10T01:11:15.985Z,178900267598500
"""BLINKERFISH @ aURLVzi1B6"" calls 10",2026-09-10T01:11:13.067Z,178900267306700
"""DK @ kCN0-Qy2Mz"" raises to 10",2026-09-10T01:11:11.604Z,178900267160400
"""LingWae @ FQN9hzhzP_"" folds",2026-09-10T01:10:57.666Z,178900265766600
"""BELT TO ASS @ 0gI3DsAEI3"" posts a big blind of 5",2026-09-10T01:10:55.659Z,178900265565909
"""gurt @ gpP9uUffpu"" posts a small blind of 2",2026-09-10T01:10:55.659Z,178900265565908
"Player stacks: #1 ""BELT TO ASS @ 0gI3DsAEI3"" (367) | #2 ""LingWae @ FQN9hzhzP_"" (1447) | #3 ""DK @ kCN0-Qy2Mz"" (1000) | #9 ""BLINKERFISH @ aURLVzi1B6"" (579) | #10 ""gurt @ gpP9uUffpu"" (1107)",2026-09-10T01:10:55.659Z,178900265565902
"-- starting hand #43 (id: jxn9wrdgomzb)  No Limit Texas Hold'em (dealer: ""BLINKERFISH @ aURLVzi1B6"") --",2026-09-10T01:10:55.659Z,178900265565901
"The player ""DK @ kCN0-Qy2Mz"" joined the game with a stack of 1000.",2026-09-10T01:10:55.659Z,178900265565900
"-- ending hand #42 --",2026-09-10T01:10:49.654Z,178900264965403
"""gurt @ gpP9uUffpu"" collected 95 from pot with Pair, 9's (combination: Q♠, K♣, A♥, 9♦, 9♥)",2026-09-10T01:10:49.654Z,178900264965402
"""gurt @ gpP9uUffpu"" shows a 9♦, K♣.",2026-09-10T01:10:49.654Z,178900264965401
"""BLINKERFISH @ aURLVzi1B6"" shows a 5♥, 4♣.",2026-09-10T01:10:49.654Z,178900264965400
"""gurt @ gpP9uUffpu"" calls 5",2026-09-10T01:10:48.830Z,178900264883000
"""BLINKERFISH @ aURLVzi1B6"" bets 5",2026-09-10T01:10:47.534Z,178900264753400
"River: 6♦, A♥, Q♠, 9♥ [8♦]",2026-09-10T01:10:42.970Z,178900264297000
"""gurt @ gpP9uUffpu"" checks",2026-09-10T01:10:42.093Z,178900264209300
"""BLINKERFISH @ aURLVzi1B6"" checks",2026-09-10T01:10:40.456Z,178900264045600
"Turn: 6♦, A♥, Q♠ [9♥]",2026-09-10T01:10:37.245Z,178900263724500
"""LingWae @ FQN9hzhzP_"" folds",2026-09-10T01:10:36.400Z,178900263640000
"""gurt @ gpP9uUffpu"" calls 10",2026-09-10T01:10:34.818Z,178900263481800
"""BLINKERFISH @ aURLVzi1B6"" bets 10",2026-09-10T01:10:32.422Z,178900263242200
"The admin approved the player ""DK @ kCN0-Qy2Mz"" participation with a stack of 1000.",2026-09-10T01:10:31.178Z,178900263117800
"The player ""DK @ kCN0-Qy2Mz"" requested a seat.",2026-09-10T01:10:27.683Z,178900262768300
"Flop:  [6♦, A♥, Q♠]",2026-09-10T01:10:25.835Z,178900262583500
"""BLINKERFISH @ aURLVzi1B6"" calls 20",2026-09-10T01:10:24.924Z,178900262492400
"""LingWae @ FQN9hzhzP_"" calls 20",2026-09-10T01:10:21.230Z,178900262123000
"""BELT TO ASS @ 0gI3DsAEI3"" folds",2026-09-10T01:10:19.404Z,178900261940400
"""gurt @ gpP9uUffpu"" raises to 20",2026-09-10T01:10:16.140Z,178900261614000
"""BLINKERFISH @ aURLVzi1B6"" calls 5",2026-09-10T01:10:09.788Z,178900260978800
"""LingWae @ FQN9hzhzP_"" calls 5",2026-09-10T01:10:07.324Z,178900260732400
"""BELT TO ASS @ 0gI3DsAEI3"" calls 5",2026-09-10T01:10:05.459Z,178900260545900
"""gurt @ gpP9uUffpu"" posts a big blind of 5",2026-09-10T01:09:57.273Z,178900259727307
"""BLINKERFISH @ aURLVzi1B6"" posts a small blind of 2",2026-09-10T01:09:57.273Z,178900259727306
"Your hand is 9♦, K♣",2026-09-10T01:09:57.273Z,178900259727305
"Player stacks: #1 ""BELT TO ASS @ 0gI3DsAEI3"" (372) | #2 ""LingWae @ FQN9hzhzP_"" (1467) | #9 ""BLINKERFISH @ aURLVzi1B6"" (614) | #10 ""gurt @ gpP9uUffpu"" (1047)",2026-09-10T01:09:57.273Z,178900259727301
"-- starting hand #42 (id: 4epmertwuney)  No Limit Texas Hold'em (dealer: ""LingWae @ FQN9hzhzP_"") --",2026-09-10T01:09:57.273Z,178900259727300
"-- ending hand #41 --",2026-09-10T01:09:49.226Z,178900258922608
"""BLINKERFISH @ aURLVzi1B6"" collected 4 from pot with Straight, 10 High on the second run  (combination: 6♦, 7♥, 8♣, 9♣, 10♦)",2026-09-10T01:09:49.226Z,178900258922607
"""BELT TO ASS @ 0gI3DsAEI3"" collected 3 from pot with Straight, 10 High on the second run  (combination: 6♦, 7♥, 8♠, 9♣, 10♦)",2026-09-10T01:09:49.226Z,178900258922606
"""BLINKERFISH @ aURLVzi1B6"" collected 4 from pot with Straight, 10 High (combination: 6♦, 7♥, 8♣, 9♣, 10♦)",2026-09-10T01:09:49.226Z,178900258922605
"""BELT TO ASS @ 0gI3DsAEI3"" collected 3 from pot with Straight, 10 High (combination: 6♦, 7♥, 8♠, 9♣, 10♦)",2026-09-10T01:09:49.226Z,178900258922604
"""BLINKERFISH @ aURLVzi1B6"" collected 366 from pot with Straight, 10 High on the second run  (combination: 6♦, 7♥, 8♣, 9♣, 10♦)",2026-09-10T01:09:49.226Z,178900258922603
"""LingWae @ FQN9hzhzP_"" collected 367 from pot with Straight, 10 High on the second run  (combination: 6♦, 7♥, 8♦, 9♣, 10♦)",2026-09-10T01:09:49.226Z,178900258922602
"""BELT TO ASS @ 0gI3DsAEI3"" collected 366 from pot with Straight, 10 High on the second run  (combination: 6♦, 7♥, 8♠, 9♣, 10♦)",2026-09-10T01:09:49.226Z,178900258922601
"""LingWae @ FQN9hzhzP_"" collected 1100 from pot with Flush, K High (combination: 4♦, 6♦, 8♦, 10♦, K♦)",2026-09-10T01:09:49.226Z,178900258922600
"River (second run): 10♦, 9♣, 7♥, 6♦ [K♠]",2026-09-10T01:09:45.181Z,178900258518100
"River: 10♦, 9♣, 7♥, 6♦ [4♦]",2026-09-10T01:09:41.066Z,178900258106600
"""BLINKERFISH @ aURLVzi1B6"" shows a 8♣, Q♠.",2026-09-10T01:09:37.058Z,178900257705803
"""LingWae @ FQN9hzhzP_"" shows a 8♦, K♦.",2026-09-10T01:09:37.058Z,178900257705802
"""BELT TO ASS @ 0gI3DsAEI3"" shows a 8♠, 9♠.",2026-09-10T01:09:37.058Z,178900257705801
"Uncalled bet of 240 returned to ""BLINKERFISH @ aURLVzi1B6""",2026-09-10T01:09:37.058Z,178900257705800
"All players in hand choose to run it twice.",2026-09-10T01:09:36.220Z,178900257622001
"""BELT TO ASS @ 0gI3DsAEI3"" chooses to  run it twice.",2026-09-10T01:09:36.220Z,178900257622000
"""BLINKERFISH @ aURLVzi1B6"" chooses to  run it twice.",2026-09-10T01:09:31.609Z,178900257160900
"""LingWae @ FQN9hzhzP_"" chooses to  run it twice.",2026-09-10T01:09:30.575Z,178900257057500
"Remaining players decide whether to run it twice.",2026-09-10T01:09:29.758Z,178900256975801
"""LingWae @ FQN9hzhzP_"" calls 693 and go all in",2026-09-10T01:09:29.758Z,178900256975800
"""BELT TO ASS @ 0gI3DsAEI3"" calls 700 and go all in",2026-09-10T01:09:20.437Z,178900256043700
"""gurt @ gpP9uUffpu"" folds",2026-09-10T01:09:18.863Z,178900255886300
"""BLINKERFISH @ aURLVzi1B6"" raises to 940 and go all in",2026-09-10T01:09:17.897Z,178900255789700
"""LingWae @ FQN9hzhzP_"" calls 90",2026-09-10T01:09:14.244Z,178900255424400
"""BELT TO ASS @ 0gI3DsAEI3"" bets 90",2026-09-10T01:09:11.874Z,178900255187400
"""gurt @ gpP9uUffpu"" checks",2026-09-10T01:09:07.399Z,178900254739900
"""BLINKERFISH @ aURLVzi1B6"" checks",2026-09-10T01:09:05.178Z,178900254517800
"""LingWae @ FQN9hzhzP_"" checks",2026-09-10T01:09:00.752Z,178900254075200
"Turn: 10♦, 9♣, 7♥ [6♦]",2026-09-10T01:08:54.919Z,178900253491900
"""LingWae @ FQN9hzhzP_"" calls 15",2026-09-10T01:08:54.084Z,178900253408400
"""BELT TO ASS @ 0gI3DsAEI3"" calls 15",2026-09-10T01:08:52.486Z,178900253248600
"""gurt @ gpP9uUffpu"" calls 15",2026-09-10T01:08:49.942Z,178900252994200
"""BLINKERFISH @ aURLVzi1B6"" bets 15",2026-09-10T01:08:46.476Z,178900252647600
"""LingWae @ FQN9hzhzP_"" checks",2026-09-10T01:08:40.146Z,178900252014600
"Flop:  [10♦, 9♣, 7♥]",2026-09-10T01:08:38.150Z,178900251815000
"""BLINKERFISH @ aURLVzi1B6"" calls 15",2026-09-10T01:08:37.310Z,178900251731000
"""LingWae @ FQN9hzhzP_"" calls 15",2026-09-10T01:08:34.932Z,178900251493200
"""BELT TO ASS @ 0gI3DsAEI3"" calls 15",2026-09-10T01:08:32.386Z,178900251238600
"""gurt @ gpP9uUffpu"" raises to 15",2026-09-10T01:08:30.577Z,178900251057700
"""BLINKERFISH @ aURLVzi1B6"" posts a big blind of 5",2026-09-10T01:08:27.899Z,178900250789907
"""LingWae @ FQN9hzhzP_"" posts a small blind of 2",2026-09-10T01:08:27.899Z,178900250789906
"Player stacks: #1 ""BELT TO ASS @ 0gI3DsAEI3"" (730) | #2 ""LingWae @ FQN9hzhzP_"" (723) | #9 ""BLINKERFISH @ aURLVzi1B6"" (970) | #10 ""gurt @ gpP9uUffpu"" (1077)",2026-09-10T01:08:27.899Z,178900250789901
"-- starting hand #41 (id: s1k1xdj4oqok)  No Limit Texas Hold'em (dealer: ""BELT TO ASS @ 0gI3DsAEI3"") --",2026-09-10T01:08:27.899Z,178900250789900
"-- ending hand #40 --",2026-09-10T01:08:21.894Z,178900250189403
"""BELT TO ASS @ 0gI3DsAEI3"" collected 118 from pot with Two Pair, A's & 9's (combination: 8♣, 9♥, 9♣, A♦, A♣)",2026-09-10T01:08:21.894Z,178900250189402
"""BELT TO ASS @ 0gI3DsAEI3"" shows a 9♥, 5♦.",2026-09-10T01:08:21.894Z,178900250189401
"""gurt @ gpP9uUffpu"" shows a 7♣, 5♠.",2026-09-10T01:08:21.894Z,178900250189400
"""LingWae @ FQN9hzhzP_"" folds",2026-09-10T01:08:21.005Z,178900250100500
"""BELT TO ASS @ 0gI3DsAEI3"" calls 44",2026-09-10T01:08:17.970Z,178900249797000
"""gurt @ gpP9uUffpu"" bets 44",2026-09-10T01:08:16.356Z,178900249635600
"""LingWae @ FQN9hzhzP_"" checks",2026-09-10T01:08:13.052Z,178900249305200
"""BELT TO ASS @ 0gI3DsAEI3"" checks",2026-09-10T01:08:11.642Z,178900249164200
"River: A♦, 3♠, 8♣, 9♣ [A♣]",2026-09-10T01:08:04.288Z,178900248428800
"""gurt @ gpP9uUffpu"" calls 5",2026-09-10T01:08:03.395Z,178900248339500
"""LingWae @ FQN9hzhzP_"" calls 5",2026-09-10T01:08:02.404Z,178900248240400
"""BELT TO ASS @ 0gI3DsAEI3"" bets 5",2026-09-10T01:08:00.296Z,178900248029600
"Turn: A♦, 3♠, 8♣ [9♣]",2026-09-10T01:07:57.252Z,178900247725200
"""gurt @ gpP9uUffpu"" checks",2026-09-10T01:07:56.325Z,178900247632500
"""LingWae @ FQN9hzhzP_"" checks",2026-09-10T01:07:54.768Z,178900247476800
"""BELT TO ASS @ 0gI3DsAEI3"" checks",2026-09-10T01:07:51.144Z,178900247114400
"Flop:  [A♦, 3♠, 8♣]",2026-09-10T01:07:43.046Z,178900246304600
"""LingWae @ FQN9hzhzP_"" checks",2026-09-10T01:07:42.132Z,178900246213200
"""BELT TO ASS @ 0gI3DsAEI3"" calls 5",2026-09-10T01:07:38.389Z,178900245838900
"""gurt @ gpP9uUffpu"" calls 5",2026-09-10T01:07:37.444Z,178900245744400
"""BLINKERFISH @ aURLVzi1B6"" folds",2026-09-10T01:07:33.312Z,178900245331200
"""LingWae @ FQN9hzhzP_"" posts a big blind of 5",2026-09-10T01:07:31.393Z,178900245139307
"""BELT TO ASS @ 0gI3DsAEI3"" posts a small blind of 2",2026-09-10T01:07:31.393Z,178900245139306
"Your hand is 7♣, 5♠",2026-09-10T01:07:31.393Z,178900245139305
"Player stacks: #1 ""BELT TO ASS @ 0gI3DsAEI3"" (666) | #2 ""LingWae @ FQN9hzhzP_"" (733) | #9 ""BLINKERFISH @ aURLVzi1B6"" (970) | #10 ""gurt @ gpP9uUffpu"" (1131)",2026-09-10T01:07:31.393Z,178900245139301
"-- starting hand #40 (id: yde4pthiks8x)  No Limit Texas Hold'em (dealer: ""gurt @ gpP9uUffpu"") --",2026-09-10T01:07:31.393Z,178900245139300
"-- ending hand #39 --",2026-09-10T01:07:28.393Z,178900244839302
"""LingWae @ FQN9hzhzP_"" collected 95 from pot",2026-09-10T01:07:28.393Z,178900244839301
"Uncalled bet of 47 returned to ""LingWae @ FQN9hzhzP_""",2026-09-10T01:07:28.393Z,178900244839300
"""BELT TO ASS @ 0gI3DsAEI3"" folds",2026-09-10T01:07:27.541Z,178900244754100
"""BLINKERFISH @ aURLVzi1B6"" folds",2026-09-10T01:07:23.939Z,178900244393900
"""LingWae @ FQN9hzhzP_"" bets 47",2026-09-10T01:07:20.746Z,178900244074600
"""BELT TO ASS @ 0gI3DsAEI3"" checks",2026-09-10T01:07:12.947Z,178900243294700
"River: Q♦, 7♠, 4♥, 7♦ [6♥]",2026-09-10T01:07:08.870Z,178900242887000
"""LingWae @ FQN9hzhzP_"" calls 5",2026-09-10T01:07:08.041Z,178900242804100
"""BELT TO ASS @ 0gI3DsAEI3"" calls 5",2026-09-10T01:07:02.548Z,178900242254800
"""gurt @ gpP9uUffpu"" folds",2026-09-10T01:07:01.448Z,178900242144800
"""BLINKERFISH @ aURLVzi1B6"" bets 5",2026-09-10T01:06:56.154Z,178900241615400
"""LingWae @ FQN9hzhzP_"" checks",2026-09-10T01:06:54.438Z,178900241443800
"""BELT TO ASS @ 0gI3DsAEI3"" checks",2026-09-10T01:06:53.470Z,178900241347000
"""gurt @ gpP9uUffpu"" checks",2026-09-10T01:06:49.359Z,178900240935900
"Turn: Q♦, 7♠, 4♥ [7♦]",2026-09-10T01:06:47.142Z,178900240714200
"""LingWae @ FQN9hzhzP_"" calls 5",2026-09-10T01:06:46.214Z,178900240621400
"""BELT TO ASS @ 0gI3DsAEI3"" calls 5",2026-09-10T01:06:45.015Z,178900240501500
"""gurt @ gpP9uUffpu"" calls 5",2026-09-10T01:06:42.575Z,178900240257500
"""BLINKERFISH @ aURLVzi1B6"" bets 5",2026-09-10T01:06:40.737Z,178900240073700
"""LingWae @ FQN9hzhzP_"" checks",2026-09-10T01:06:36.642Z,178900239664200
"""BELT TO ASS @ 0gI3DsAEI3"" checks",2026-09-10T01:06:28.704Z,178900238870400
"""gurt @ gpP9uUffpu"" checks",2026-09-10T01:06:25.590Z,178900238559000
"Flop:  [Q♦, 7♠, 4♥]",2026-09-10T01:06:23.775Z,178900238377500
"""BLINKERFISH @ aURLVzi1B6"" calls 15",2026-09-10T01:06:22.949Z,178900238294900
"""LingWae @ FQN9hzhzP_"" calls 15",2026-09-10T01:06:21.108Z,178900238110800
"""BELT TO ASS @ 0gI3DsAEI3"" calls 15",2026-09-10T01:06:16.918Z,178900237691800
"""gurt @ gpP9uUffpu"" raises to 15",2026-09-10T01:06:15.789Z,178900237578900
"""BLINKERFISH @ aURLVzi1B6"" calls 5",2026-09-10T01:06:12.748Z,178900237274800
"""LingWae @ FQN9hzhzP_"" calls 5",2026-09-10T01:06:11.745Z,178900237174500
"""BELT TO ASS @ 0gI3DsAEI3"" posts a big blind of 5",2026-09-10T01:06:09.355Z,178900236935507
"""gurt @ gpP9uUffpu"" posts a small blind of 2",2026-09-10T01:06:09.355Z,178900236935506
"Player stacks: #1 ""BELT TO ASS @ 0gI3DsAEI3"" (691) | #2 ""LingWae @ FQN9hzhzP_"" (663) | #9 ""BLINKERFISH @ aURLVzi1B6"" (995) | #10 ""gurt @ gpP9uUffpu"" (1151)",2026-09-10T01:06:09.355Z,178900236935501
"-- starting hand #39 (id: pput8yhs00mz)  No Limit Texas Hold'em (dealer: ""BLINKERFISH @ aURLVzi1B6"") --",2026-09-10T01:06:09.355Z,178900236935500
"Undealt cards: 4♣, 9♣, 8♦, 10♦ [Q♠]",2026-09-10T01:06:06.012Z,178900236601200
"""LingWae @ FQN9hzhzP_"" shows a A♥, 5♣.",2026-09-10T01:06:04.688Z,178900236468800
"""BLINKERFISH @ aURLVzi1B6"" shows a K♦, J♣.",2026-09-10T01:06:03.478Z,178900236347800
"-- ending hand #38 --",2026-09-10T01:06:02.043Z,178900236204302
"""BLINKERFISH @ aURLVzi1B6"" collected 25 from pot",2026-09-10T01:06:02.043Z,178900236204301
"Uncalled bet of 60 returned to ""BLINKERFISH @ aURLVzi1B6""",2026-09-10T01:06:02.043Z,178900236204300
"""LingWae @ FQN9hzhzP_"" folds",2026-09-10T01:06:01.139Z,178900236113900
"""BLINKERFISH @ aURLVzi1B6"" bets 60",2026-09-10T01:05:58.448Z,178900235844800
"Turn: 4♣, 9♣, 8♦ [10♦]",2026-09-10T01:05:51.168Z,178900235116800
"""LingWae @ FQN9hzhzP_"" checks",2026-09-10T01:05:50.301Z,178900235030100
"""BLINKERFISH @ aURLVzi1B6"" checks",2026-09-10T01:05:48.739Z,178900234873900
"Flop:  [4♣, 9♣, 8♦]",2026-09-10T01:05:46.764Z,178900234676400
"""gurt @ gpP9uUffpu"" folds",2026-09-10T01:05:45.953Z,178900234595300
"""BLINKERFISH @ aURLVzi1B6"" calls 10",2026-09-10T01:05:45.058Z,178900234505800
"""LingWae @ FQN9hzhzP_"" raises to 10",2026-09-10T01:05:42.888Z,178900234288800
"""BELT TO ASS @ 0gI3DsAEI3"" folds",2026-09-10T01:05:40.455Z,178900234045500
"""gurt @ gpP9uUffpu"" posts a big blind of 5",2026-09-10T01:05:38.798Z,178900233879807
"""BLINKERFISH @ aURLVzi1B6"" posts a small blind of 2",2026-09-10T01:05:38.798Z,178900233879806
"Player stacks: #1 ""BELT TO ASS @ 0gI3DsAEI3"" (691) | #2 ""LingWae @ FQN9hzhzP_"" (673) | #9 ""BLINKERFISH @ aURLVzi1B6"" (980) | #10 ""gurt @ gpP9uUffpu"" (1156)",2026-09-10T01:05:38.798Z,178900233879801
"-- starting hand #38 (id: mvwymk1fukdf)  No Limit Texas Hold'em (dealer: ""LingWae @ FQN9hzhzP_"") --",2026-09-10T01:05:38.798Z,178900233879800
"Undealt cards:  [Q♣, Q♥, J♦, 8♦, 10♥]",2026-09-10T01:05:33.494Z,178900233349400
"-- ending hand #37 --",2026-09-10T01:05:32.858Z,178900233285802
"""LingWae @ FQN9hzhzP_"" collected 15 from pot",2026-09-10T01:05:32.858Z,178900233285801
"Uncalled bet of 25 returned to ""LingWae @ FQN9hzhzP_""",2026-09-10T01:05:32.858Z,178900233285800
"""gurt @ gpP9uUffpu"" folds",2026-09-10T01:05:32.041Z,178900233204100
"""BLINKERFISH @ aURLVzi1B6"" folds",2026-09-10T01:05:31.133Z,178900233113300
"""LingWae @ FQN9hzhzP_"" raises to 30",2026-09-10T01:05:29.444Z,178900232944400
"""BELT TO ASS @ 0gI3DsAEI3"" folds",2026-09-10T01:05:24.924Z,178900232492400
"""gurt @ gpP9uUffpu"" calls 5",2026-09-10T01:05:23.495Z,178900232349500
"""BLINKERFISH @ aURLVzi1B6"" posts a big blind of 5",2026-09-10T01:05:21.952Z,178900232195207
"""LingWae @ FQN9hzhzP_"" posts a small blind of 2",2026-09-10T01:05:21.952Z,178900232195206
"Player stacks: #1 ""BELT TO ASS @ 0gI3DsAEI3"" (691) | #2 ""LingWae @ FQN9hzhzP_"" (663) | #9 ""BLINKERFISH @ aURLVzi1B6"" (985) | #10 ""gurt @ gpP9uUffpu"" (1161)",2026-09-10T01:05:21.952Z,178900232195201
"-- starting hand #37 (id: ju5skicujzii)  No Limit Texas Hold'em (dealer: ""BELT TO ASS @ 0gI3DsAEI3"") --",2026-09-10T01:05:21.952Z,178900232195200
"-- ending hand #36 --",2026-09-10T01:05:15.948Z,178900231594803
"""gurt @ gpP9uUffpu"" collected 198 from pot with Pair, 9's (combination: 7♠, J♥, Q♥, 9♥, 9♦)",2026-09-10T01:05:15.948Z,178900231594802
"""gurt @ gpP9uUffpu"" shows a 9♥, J♥.",2026-09-10T01:05:15.948Z,178900231594801
"""BELT TO ASS @ 0gI3DsAEI3"" shows a 4♣, 4♦.",2026-09-10T01:05:15.948Z,178900231594800
"""gurt @ gpP9uUffpu"" checks",2026-09-10T01:05:15.057Z,178900231505700
"""BELT TO ASS @ 0gI3DsAEI3"" checks",2026-09-10T01:05:13.456Z,178900231345600
"River: 9♦, 3♦, 7♠, Q♥ [6♦]",2026-09-10T01:05:09.618Z,178900230961800
"""BELT TO ASS @ 0gI3DsAEI3"" calls 44",2026-09-10T01:05:08.804Z,178900230880400
"""gurt @ gpP9uUffpu"" bets 44",2026-09-10T01:05:06.099Z,178900230609900
"""BELT TO ASS @ 0gI3DsAEI3"" checks",2026-09-10T01:05:04.094Z,178900230409400
"Turn: 9♦, 3♦, 7♠ [Q♥]",2026-09-10T01:05:00.754Z,178900230075400
"""BLINKERFISH @ aURLVzi1B6"" folds",2026-09-10T01:04:59.912Z,178900229991200
"""LingWae @ FQN9hzhzP_"" folds",2026-09-10T01:04:57.153Z,178900229715300
"""BELT TO ASS @ 0gI3DsAEI3"" calls 25",2026-09-10T01:04:51.778Z,178900229177800
"""gurt @ gpP9uUffpu"" bets 25",2026-09-10T01:04:48.877Z,178900228887700
"""BLINKERFISH @ aURLVzi1B6"" checks",2026-09-10T01:04:47.159Z,178900228715900
"""LingWae @ FQN9hzhzP_"" checks",2026-09-10T01:04:45.202Z,178900228520200
"""BELT TO ASS @ 0gI3DsAEI3"" checks",2026-09-10T01:04:42.390Z,178900228239000
"Flop:  [9♦, 3♦, 7♠]",2026-09-10T01:04:38.667Z,178900227866700
"""BLINKERFISH @ aURLVzi1B6"" calls 15",2026-09-10T01:04:37.854Z,178900227785400
"""LingWae @ FQN9hzhzP_"" calls 15",2026-09-10T01:04:35.499Z,178900227549900
"""BELT TO ASS @ 0gI3DsAEI3"" calls 15",2026-09-10T01:04:21.928Z,178900226192800
"""gurt @ gpP9uUffpu"" raises to 15",2026-09-10T01:04:20.872Z,178900226087200
"""BLINKERFISH @ aURLVzi1B6"" calls 5",2026-09-10T01:04:18.688Z,178900225868800
"""LingWae @ FQN9hzhzP_"" posts a big blind of 5",2026-09-10T01:04:15.658Z,178900225565808
"""BELT TO ASS @ 0gI3DsAEI3"" posts a small blind of 2",2026-09-10T01:04:15.658Z,178900225565807
"Your hand is 9♥, J♥",2026-09-10T01:04:15.658Z,178900225565806
"Player stacks: #1 ""BELT TO ASS @ 0gI3DsAEI3"" (775) | #2 ""LingWae @ FQN9hzhzP_"" (678) | #9 ""BLINKERFISH @ aURLVzi1B6"" (1000) | #10 ""gurt @ gpP9uUffpu"" (1047)",2026-09-10T01:04:15.658Z,178900225565802
"-- starting hand #36 (id: enijn2qwa6vs)  No Limit Texas Hold'em (dealer: ""gurt @ gpP9uUffpu"") --",2026-09-10T01:04:15.658Z,178900225565801
"The player ""BLINKERFISH @ aURLVzi1B6"" joined the game with a stack of 1000.",2026-09-10T01:04:15.658Z,178900225565800
"""BELT TO ASS @ 0gI3DsAEI3"" shows a J♠, 6♥.",2026-09-10T01:04:13.809Z,178900225380900
"""LingWae @ FQN9hzhzP_"" shows a 8♣.",2026-09-10T01:04:12.703Z,178900225270300
"-- ending hand #35 --",2026-09-10T01:04:11.281Z,178900225128102
"""gurt @ gpP9uUffpu"" collected 155 from pot",2026-09-10T01:04:11.281Z,178900225128101
"Uncalled bet of 66 returned to ""gurt @ gpP9uUffpu""",2026-09-10T01:04:11.281Z,178900225128100
"""LingWae @ FQN9hzhzP_"" folds",2026-09-10T01:04:10.473Z,178900225047300
"""gurt @ gpP9uUffpu"" bets 66",2026-09-10T01:04:07.507Z,178900224750700
"River: 2♥, 6♦, 7♣, 3♦ [3♥]",2026-09-10T01:04:01.412Z,178900224141200
"""LingWae @ FQN9hzhzP_"" calls 45",2026-09-10T01:04:00.582Z,178900224058200
"""gurt @ gpP9uUffpu"" bets 45",2026-09-10T01:03:59.492Z,178900223949200
"Turn: 2♥, 6♦, 7♣ [3♦]",2026-09-10T01:03:57.585Z,178900223758500
"""LingWae @ FQN9hzhzP_"" calls 15",2026-09-10T01:03:56.782Z,178900223678200
"""gurt @ gpP9uUffpu"" bets 15",2026-09-10T01:03:55.856Z,178900223585600
"Flop:  [2♥, 6♦, 7♣]",2026-09-10T01:03:52.780Z,178900223278000
"""LingWae @ FQN9hzhzP_"" calls 15",2026-09-10T01:03:51.928Z,178900223192800
"""BELT TO ASS @ 0gI3DsAEI3"" folds",2026-09-10T01:03:48.104Z,178900222810400
"""gurt @ gpP9uUffpu"" raises to 15",2026-09-10T01:03:44.876Z,178900222487600
"""LingWae @ FQN9hzhzP_"" calls 5",2026-09-10T01:03:41.929Z,178900222192900
"The admin approved the player ""BLINKERFISH @ aURLVzi1B6"" participation with a stack of 1000.",2026-09-10T01:03:27.715Z,178900220771500
"""BELT TO ASS @ 0gI3DsAEI3"" posts a big blind of 5",2026-09-10T01:03:26.601Z,178900220660106
"""gurt @ gpP9uUffpu"" posts a small blind of 2",2026-09-10T01:03:26.601Z,178900220660105
"Player stacks: #1 ""BELT TO ASS @ 0gI3DsAEI3"" (780) | #2 ""LingWae @ FQN9hzhzP_"" (753) | #10 ""gurt @ gpP9uUffpu"" (967)",2026-09-10T01:03:26.601Z,178900220660101
"-- starting hand #35 (id: v5agpeyvxbma)  No Limit Texas Hold'em (dealer: ""LingWae @ FQN9hzhzP_"") --",2026-09-10T01:03:26.601Z,178900220660100
"The player ""BLINKERFISH @ aURLVzi1B6"" requested a seat.",2026-09-10T01:03:24.134Z,178900220413400
"-- ending hand #34 --",2026-09-10T01:03:20.597Z,178900220059703
"""gurt @ gpP9uUffpu"" collected 60 from pot with Pair, 7's (combination: 4♦, 9♠, A♣, 7♣, 7♠)",2026-09-10T01:03:20.597Z,178900220059702
"""gurt @ gpP9uUffpu"" shows a 7♣, 4♦.",2026-09-10T01:03:20.597Z,178900220059701
"""LingWae @ FQN9hzhzP_"" shows a 2♥, 8♥.",2026-09-10T01:03:20.597Z,178900220059700
"""BELT TO ASS @ 0gI3DsAEI3"" calls 10",2026-09-10T01:03:19.742Z,178900219974200
"""gurt @ gpP9uUffpu"" calls 10",2026-09-10T01:03:17.956Z,178900219795600
"""LingWae @ FQN9hzhzP_"" bets 10",2026-09-10T01:03:15.964Z,178900219596400
"River: A♣, 9♠, 7♠, 3♦ [2♠]",2026-09-10T01:03:11.516Z,178900219151600
"""BELT TO ASS @ 0gI3DsAEI3"" checks",2026-09-10T01:03:10.706Z,178900219070600
"""gurt @ gpP9uUffpu"" checks",2026-09-10T01:03:08.209Z,178900218820900
"""LingWae @ FQN9hzhzP_"" checks",2026-09-10T01:03:07.297Z,178900218729700
"Turn: A♣, 9♠, 7♠ [3♦]",2026-09-10T01:03:04.308Z,178900218430800
"""BELT TO ASS @ 0gI3DsAEI3"" checks",2026-09-10T01:03:03.437Z,178900218343700
"""gurt @ gpP9uUffpu"" checks",2026-09-10T01:03:01.081Z,178900218108100
"""LingWae @ FQN9hzhzP_"" checks",2026-09-10T01:02:59.204Z,178900217920400
"Flop:  [A♣, 9♠, 7♠]",2026-09-10T01:02:57.663Z,178900217766300
"""gurt @ gpP9uUffpu"" calls 10",2026-09-10T01:02:56.806Z,178900217680600
"""LingWae @ FQN9hzhzP_"" calls 10",2026-09-10T01:02:55.875Z,178900217587500
"""BELT TO ASS @ 0gI3DsAEI3"" raises to 10",2026-09-10T01:02:53.689Z,178900217368900
"""gurt @ gpP9uUffpu"" posts a big blind of 5",2026-09-10T01:02:48.462Z,178900216846206
"""LingWae @ FQN9hzhzP_"" posts a small blind of 2",2026-09-10T01:02:48.462Z,178900216846205
"Your hand is 7♣, 4♦",2026-09-10T01:02:48.462Z,178900216846204
"Player stacks: #1 ""BELT TO ASS @ 0gI3DsAEI3"" (800) | #2 ""LingWae @ FQN9hzhzP_"" (773) | #10 ""gurt @ gpP9uUffpu"" (927)",2026-09-10T01:02:48.462Z,178900216846201
"-- starting hand #34 (id: jvmfrp0sx5yi)  No Limit Texas Hold'em (dealer: ""BELT TO ASS @ 0gI3DsAEI3"") --",2026-09-10T01:02:48.462Z,178900216846200
"-- ending hand #33 --",2026-09-10T01:02:42.454Z,178900216245402
"""LingWae @ FQN9hzhzP_"" collected 22 from pot",2026-09-10T01:02:42.454Z,178900216245401
"Uncalled bet of 5 returned to ""LingWae @ FQN9hzhzP_""",2026-09-10T01:02:42.454Z,178900216245400
"""gurt @ gpP9uUffpu"" folds",2026-09-10T01:02:41.536Z,178900216153600
"""LingWae @ FQN9hzhzP_"" bets 5",2026-09-10T01:02:40.630Z,178900216063000
"Turn: 2♦, 6♠, K♣ [2♠]",2026-09-10T01:02:37.451Z,178900215745100
"""gurt @ gpP9uUffpu"" checks",2026-09-10T01:02:36.623Z,178900215662300
"""LingWae @ FQN9hzhzP_"" checks",2026-09-10T01:02:35.507Z,178900215550700
"Flop:  [2♦, 6♠, K♣]",2026-09-10T01:02:33.845Z,178900215384500
"""gurt @ gpP9uUffpu"" calls 10",2026-09-10T01:02:32.935Z,178900215293500
"""LingWae @ FQN9hzhzP_"" raises to 10",2026-09-10T01:02:29.142Z,178900214914200
"""BELT TO ASS @ 0gI3DsAEI3"" folds",2026-09-10T01:02:17.560Z,178900213756000
"""gurt @ gpP9uUffpu"" calls 5",2026-09-10T01:02:14.707Z,178900213470700
"""LingWae @ FQN9hzhzP_"" posts a big blind of 5",2026-09-10T01:02:12.819Z,178900213281906
"""BELT TO ASS @ 0gI3DsAEI3"" posts a small blind of 2",2026-09-10T01:02:12.819Z,178900213281905
"Player stacks: #1 ""BELT TO ASS @ 0gI3DsAEI3"" (802) | #2 ""LingWae @ FQN9hzhzP_"" (761) | #10 ""gurt @ gpP9uUffpu"" (937)",2026-09-10T01:02:12.819Z,178900213281901
"-- starting hand #33 (id: dgiotzt1m3uu)  No Limit Texas Hold'em (dealer: ""gurt @ gpP9uUffpu"") --",2026-09-10T01:02:12.819Z,178900213281900
"-- ending hand #32 --",2026-09-10T01:02:09.882Z,178900212988202
"""BELT TO ASS @ 0gI3DsAEI3"" collected 45 from pot",2026-09-10T01:02:09.882Z,178900212988201
"Uncalled bet of 757 returned to ""BELT TO ASS @ 0gI3DsAEI3""",2026-09-10T01:02:09.882Z,178900212988200
"""gurt @ gpP9uUffpu"" folds",2026-09-10T01:02:09.076Z,178900212907600
"""LingWae @ FQN9hzhzP_"" folds",2026-09-10T01:02:07.147Z,178900212714700
"""BELT TO ASS @ 0gI3DsAEI3"" bets 757 and go all in",2026-09-10T01:02:06.111Z,178900212611100
"""gurt @ gpP9uUffpu"" checks",2026-09-10T01:02:02.007Z,178900212200700
"River: 10♣, Q♣, 2♠, 10♠ [4♣]",2026-09-10T01:01:59.768Z,178900211976800
"""LingWae @ FQN9hzhzP_"" checks",2026-09-10T01:01:58.938Z,178900211893800
"""BELT TO ASS @ 0gI3DsAEI3"" checks",2026-09-10T01:01:57.606Z,178900211760600
"""gurt @ gpP9uUffpu"" checks",2026-09-10T01:01:55.106Z,178900211510600
"Turn: 10♣, Q♣, 2♠ [10♠]",2026-09-10T01:01:53.549Z,178900211354900
"""LingWae @ FQN9hzhzP_"" checks",2026-09-10T01:01:52.650Z,178900211265000
"""BELT TO ASS @ 0gI3DsAEI3"" checks",2026-09-10T01:01:51.691Z,178900211169100
"""gurt @ gpP9uUffpu"" checks",2026-09-10T01:01:48.294Z,178900210829400
"Flop:  [10♣, Q♣, 2♠]",2026-09-10T01:01:45.786Z,178900210578600
"""LingWae @ FQN9hzhzP_"" calls 15",2026-09-10T01:01:44.972Z,178900210497200
"""BELT TO ASS @ 0gI3DsAEI3"" calls 15",2026-09-10T01:01:43.471Z,178900210347100
"""gurt @ gpP9uUffpu"" raises to 15",2026-09-10T01:01:42.204Z,178900210220400
"""LingWae @ FQN9hzhzP_"" calls 5",2026-09-10T01:01:39.477Z,178900209947700
"""BELT TO ASS @ 0gI3DsAEI3"" posts a big blind of 5",2026-09-10T01:01:37.358Z,178900209735806
"""gurt @ gpP9uUffpu"" posts a small blind of 2",2026-09-10T01:01:37.358Z,178900209735805
"Player stacks: #1 ""BELT TO ASS @ 0gI3DsAEI3"" (772) | #2 ""LingWae @ FQN9hzhzP_"" (776) | #10 ""gurt @ gpP9uUffpu"" (952)",2026-09-10T01:01:37.358Z,178900209735801
"-- starting hand #32 (id: y0fqyvgftssm)  No Limit Texas Hold'em (dealer: ""LingWae @ FQN9hzhzP_"") --",2026-09-10T01:01:37.358Z,178900209735800
"""LingWae @ FQN9hzhzP_"" shows a K♠, A♦.",2026-09-10T01:01:33.492Z,178900209349200
"Undealt cards:  [3♣, 5♠, 10♥, 7♦, 5♥]",2026-09-10T01:01:30.988Z,178900209098800
"-- ending hand #31 --",2026-09-10T01:01:30.752Z,178900209075202
"""LingWae @ FQN9hzhzP_"" collected 10 from pot",2026-09-10T01:01:30.752Z,178900209075201
"Uncalled bet of 20 returned to ""LingWae @ FQN9hzhzP_""",2026-09-10T01:01:30.752Z,178900209075200
"""gurt @ gpP9uUffpu"" folds",2026-09-10T01:01:29.845Z,178900208984500
"""LingWae @ FQN9hzhzP_"" raises to 25",2026-09-10T01:01:27.801Z,178900208780100
"""BELT TO ASS @ 0gI3DsAEI3"" folds",2026-09-10T01:01:22.937Z,178900208293700
"""gurt @ gpP9uUffpu"" posts a big blind of 5",2026-09-10T01:01:20.137Z,178900208013706
"""LingWae @ FQN9hzhzP_"" posts a small blind of 2",2026-09-10T01:01:20.137Z,178900208013705
"Player stacks: #1 ""BELT TO ASS @ 0gI3DsAEI3"" (772) | #2 ""LingWae @ FQN9hzhzP_"" (771) | #10 ""gurt @ gpP9uUffpu"" (957)",2026-09-10T01:01:20.137Z,178900208013701
"-- starting hand #31 (id: mpocxpjwdfmx)  No Limit Texas Hold'em (dealer: ""BELT TO ASS @ 0gI3DsAEI3"") --",2026-09-10T01:01:20.137Z,178900208013700
"-- ending hand #30 --",2026-09-10T01:01:14.034Z,178900207403402
"""LingWae @ FQN9hzhzP_"" collected 264 from pot with Full House, 6's over 3's (combination: 3♠, 3♦, 6♦, 6♣, 6♥)",2026-09-10T01:01:14.034Z,178900207403401
"""LingWae @ FQN9hzhzP_"" shows a 6♦, 7♥.",2026-09-10T01:01:14.034Z,178900207403400
"""BELT TO ASS @ 0gI3DsAEI3"" calls 67",2026-09-10T01:01:13.211Z,178900207321100
"""LingWae @ FQN9hzhzP_"" raises to 67",2026-09-10T01:01:12.042Z,178900207204200
"""BELT TO ASS @ 0gI3DsAEI3"" bets 5",2026-09-10T01:01:08.690Z,178900206869000
"River: 6♣, 6♥, 3♠, 3♦ [8♠]",2026-09-10T01:01:00.585Z,178900206058500
"""gurt @ gpP9uUffpu"" folds",2026-09-10T01:00:59.716Z,178900205971600
"""LingWae @ FQN9hzhzP_"" calls 50",2026-09-10T01:00:58.798Z,178900205879800
"""BELT TO ASS @ 0gI3DsAEI3"" bets 50",2026-09-10T01:00:53.411Z,178900205341100
"Turn: 6♣, 6♥, 3♠ [3♦]",2026-09-10T01:00:40.974Z,178900204097400
"""gurt @ gpP9uUffpu"" calls 5",2026-09-10T01:00:40.098Z,178900204009800
"""LingWae @ FQN9hzhzP_"" calls 5",2026-09-10T01:00:39.192Z,178900203919200
"""BELT TO ASS @ 0gI3DsAEI3"" bets 5",2026-09-10T01:00:36.043Z,178900203604300
"Flop:  [6♣, 6♥, 3♠]",2026-09-10T01:00:31.860Z,178900203186000
"""LingWae @ FQN9hzhzP_"" checks",2026-09-10T01:00:31.000Z,178900203100000
"""BELT TO ASS @ 0gI3DsAEI3"" calls 5",2026-09-10T01:00:29.056Z,178900202905600
"""gurt @ gpP9uUffpu"" calls 5",2026-09-10T01:00:24.496Z,178900202449600
"""LingWae @ FQN9hzhzP_"" posts a big blind of 5",2026-09-10T01:00:23.258Z,178900202325806
"""BELT TO ASS @ 0gI3DsAEI3"" posts a small blind of 2",2026-09-10T01:00:23.258Z,178900202325805
"Player stacks: #1 ""BELT TO ASS @ 0gI3DsAEI3"" (899) | #2 ""LingWae @ FQN9hzhzP_"" (634) | #10 ""gurt @ gpP9uUffpu"" (967)",2026-09-10T01:00:23.258Z,178900202325801
"-- starting hand #30 (id: pkbd8djjrn8b)  No Limit Texas Hold'em (dealer: ""gurt @ gpP9uUffpu"") --",2026-09-10T01:00:23.258Z,178900202325800
"-- ending hand #29 --",2026-09-10T01:00:17.187Z,178900201718702
"""LingWae @ FQN9hzhzP_"" collected 269 from pot with Two Pair, Q's & 9's (combination: K♥, 9♥, 9♦, Q♣, Q♠)",2026-09-10T01:00:17.187Z,178900201718701
"""LingWae @ FQN9hzhzP_"" shows a Q♣, 9♥.",2026-09-10T01:00:17.187Z,178900201718700
"""BELT TO ASS @ 0gI3DsAEI3"" calls 67",2026-09-10T01:00:16.372Z,178900201637200
"""LingWae @ FQN9hzhzP_"" raises to 67",2026-09-10T01:00:15.284Z,178900201528400
"""BELT TO ASS @ 0gI3DsAEI3"" bets 5",2026-09-10T01:00:12.967Z,178900201296700
"River: Q♠, J♣, K♥, 2♦ [9♦]",2026-09-10T01:00:08.952Z,178900200895200
"""LingWae @ FQN9hzhzP_"" checks",2026-09-10T01:00:08.050Z,178900200805000
"""BELT TO ASS @ 0gI3DsAEI3"" checks",2026-09-10T01:00:06.820Z,178900200682000
"Turn: Q♠, J♣, K♥ [2♦]",2026-09-10T01:00:03.450Z,178900200345000
"""gurt @ gpP9uUffpu"" folds",2026-09-10T01:00:02.629Z,178900200262900
"""LingWae @ FQN9hzhzP_"" calls 60",2026-09-10T01:00:01.369Z,178900200136900
"""BELT TO ASS @ 0gI3DsAEI3"" bets 60",2026-09-10T00:59:56.713Z,178900199671300
"""gurt @ gpP9uUffpu"" checks",2026-09-10T00:59:49.234Z,178900198923400
"Flop:  [Q♠, J♣, K♥]",2026-09-10T00:59:47.339Z,178900198733900
"""BELT TO ASS @ 0gI3DsAEI3"" checks",2026-09-10T00:59:46.511Z,178900198651100
"""gurt @ gpP9uUffpu"" calls 5",2026-09-10T00:59:41.868Z,178900198186800
"""LingWae @ FQN9hzhzP_"" calls 5",2026-09-10T00:59:39.632Z,178900197963200
"""BELT TO ASS @ 0gI3DsAEI3"" posts a big blind of 5",2026-09-10T00:59:37.891Z,178900197789106
"""gurt @ gpP9uUffpu"" posts a small blind of 2",2026-09-10T00:59:37.891Z,178900197789105
"Player stacks: #1 ""BELT TO ASS @ 0gI3DsAEI3"" (1031) | #2 ""LingWae @ FQN9hzhzP_"" (497) | #10 ""gurt @ gpP9uUffpu"" (972)",2026-09-10T00:59:37.891Z,178900197789101
"-- starting hand #29 (id: xy2za1vkvzvf)  No Limit Texas Hold'em (dealer: ""LingWae @ FQN9hzhzP_"") --",2026-09-10T00:59:37.891Z,178900197789100
"""LingWae @ FQN9hzhzP_"" shows a 5♥, K♥.",2026-09-10T00:59:34.633Z,178900197463300
"-- ending hand #28 --",2026-09-10T00:59:34.193Z,178900197419302
"""gurt @ gpP9uUffpu"" collected 150 from pot",2026-09-10T00:59:34.193Z,178900197419301
"Uncalled bet of 44 returned to ""gurt @ gpP9uUffpu""",2026-09-10T00:59:34.193Z,178900197419300
"""LingWae @ FQN9hzhzP_"" folds",2026-09-10T00:59:33.358Z,178900197335800
"""gurt @ gpP9uUffpu"" bets 44",2026-09-10T00:59:29.859Z,178900196985900
"""LingWae @ FQN9hzhzP_"" checks",2026-09-10T00:59:26.170Z,178900196617000
"River: 6♥, 6♠, 4♥, Q♦ [10♣]",2026-09-10T00:59:23.132Z,178900196313200
"""LingWae @ FQN9hzhzP_"" calls 45",2026-09-10T00:59:22.286Z,178900196228600
"""gurt @ gpP9uUffpu"" raises to 45",2026-09-10T00:59:20.834Z,178900196083400
"""LingWae @ FQN9hzhzP_"" bets 15",2026-09-10T00:59:18.470Z,178900195847000
"Turn: 6♥, 6♠, 4♥ [Q♦]",2026-09-10T00:59:14.474Z,178900195447400
"""LingWae @ FQN9hzhzP_"" calls 15",2026-09-10T00:59:13.564Z,178900195356400
"""gurt @ gpP9uUffpu"" bets 15",2026-09-10T00:59:12.585Z,178900195258500
"""LingWae @ FQN9hzhzP_"" checks",2026-09-10T00:59:09.986Z,178900194998600
"Flop:  [6♥, 6♠, 4♥]",2026-09-10T00:59:07.517Z,178900194751700
"""LingWae @ FQN9hzhzP_"" calls 15",2026-09-10T00:59:06.649Z,178900194664900
"""gurt @ gpP9uUffpu"" raises to 15",2026-09-10T00:58:56.357Z,178900193635700
"""LingWae @ FQN9hzhzP_"" calls 5",2026-09-10T00:58:54.458Z,178900193445800
"""BELT TO ASS @ 0gI3DsAEI3"" folds",2026-09-10T00:58:51.607Z,178900193160700
"""gurt @ gpP9uUffpu"" posts a big blind of 5",2026-09-10T00:58:48.773Z,178900192877306
"""LingWae @ FQN9hzhzP_"" posts a small blind of 2",2026-09-10T00:58:48.773Z,178900192877305
"Player stacks: #1 ""BELT TO ASS @ 0gI3DsAEI3"" (1031) | #2 ""LingWae @ FQN9hzhzP_"" (572) | #10 ""gurt @ gpP9uUffpu"" (897)",2026-09-10T00:58:48.773Z,178900192877301
"-- starting hand #28 (id: ubvkbuwpmmgq)  No Limit Texas Hold'em (dealer: ""BELT TO ASS @ 0gI3DsAEI3"") --",2026-09-10T00:58:48.773Z,178900192877300
"""LingWae @ FQN9hzhzP_"" shows a 6♠.",2026-09-10T00:58:46.099Z,178900192609900
"-- ending hand #27 --",2026-09-10T00:58:45.168Z,178900192516802
"""LingWae @ FQN9hzhzP_"" collected 142 from pot",2026-09-10T00:58:45.168Z,178900192516801
"Uncalled bet of 66 returned to ""LingWae @ FQN9hzhzP_""",2026-09-10T00:58:45.168Z,178900192516800
"""gurt @ gpP9uUffpu"" folds",2026-09-10T00:58:44.289Z,178900192428900
"""LingWae @ FQN9hzhzP_"" raises to 99",2026-09-10T00:58:31.927Z,178900191192700
"""gurt @ gpP9uUffpu"" bets 33",2026-09-10T00:58:28.408Z,178900190840800
"""LingWae @ FQN9hzhzP_"" checks",2026-09-10T00:58:26.353Z,178900190635300
"River: 8♥, 6♣, 8♣, K♦ [A♥]",2026-09-10T00:58:25.238Z,178900190523800
"""LingWae @ FQN9hzhzP_"" calls 22",2026-09-10T00:58:24.401Z,178900190440100
"""gurt @ gpP9uUffpu"" bets 22",2026-09-10T00:58:23.118Z,178900190311800
"""LingWae @ FQN9hzhzP_"" checks",2026-09-10T00:58:20.914Z,178900190091400
"Turn: 8♥, 6♣, 8♣ [K♦]",2026-09-10T00:58:19.361Z,178900189936100
"""gurt @ gpP9uUffpu"" checks",2026-09-10T00:58:18.510Z,178900189851000
"""LingWae @ FQN9hzhzP_"" checks",2026-09-10T00:58:16.493Z,178900189649300
"Flop:  [8♥, 6♣, 8♣]",2026-09-10T00:58:13.434Z,178900189343400
"""LingWae @ FQN9hzhzP_"" calls 15",2026-09-10T00:58:12.591Z,178900189259100
"""BELT TO ASS @ 0gI3DsAEI3"" folds",2026-09-10T00:58:05.899Z,178900188589900
"""gurt @ gpP9uUffpu"" raises to 15",2026-09-10T00:58:03.086Z,178900188308600
"""LingWae @ FQN9hzhzP_"" posts a big blind of 5",2026-09-10T00:58:01.187Z,178900188118707
"""BELT TO ASS @ 0gI3DsAEI3"" posts a small blind of 2",2026-09-10T00:58:01.187Z,178900188118706
"Player stacks: #1 ""BELT TO ASS @ 0gI3DsAEI3"" (1033) | #2 ""LingWae @ FQN9hzhzP_"" (500) | #10 ""gurt @ gpP9uUffpu"" (967)",2026-09-10T00:58:01.187Z,178900188118702
"-- starting hand #27 (id: ly9fjhawffc6)  No Limit Texas Hold'em (dealer: ""gurt @ gpP9uUffpu"") --",2026-09-10T00:58:01.187Z,178900188118701
"The player ""LingWae @ FQN9hzhzP_"" joined the game with a stack of 500.",2026-09-10T00:58:01.187Z,178900188118700
"-- ending hand #26 --",2026-09-10T00:57:55.158Z,178900187515803
"""BELT TO ASS @ 0gI3DsAEI3"" collected 40 from pot with Pair, 3's (combination: J♠, Q♥, A♥, 3♦, 3♥)",2026-09-10T00:57:55.158Z,178900187515802
"""BELT TO ASS @ 0gI3DsAEI3"" shows a 3♦, A♥.",2026-09-10T00:57:55.158Z,178900187515801
"""gurt @ gpP9uUffpu"" shows a K♣, 3♣.",2026-09-10T00:57:55.158Z,178900187515800
"""BELT TO ASS @ 0gI3DsAEI3"" checks",2026-09-10T00:57:54.297Z,178900187429700
"""gurt @ gpP9uUffpu"" checks",2026-09-10T00:57:51.784Z,178900187178400
"River: J♠, 5♦, 3♥, Q♥ [6♣]",2026-09-10T00:57:50.357Z,178900187035700
"""gurt @ gpP9uUffpu"" calls 5",2026-09-10T00:57:49.539Z,178900186953900
"""BELT TO ASS @ 0gI3DsAEI3"" bets 5",2026-09-10T00:57:48.128Z,178900186812800
"""gurt @ gpP9uUffpu"" checks",2026-09-10T00:57:45.683Z,178900186568300
"Turn: J♠, 5♦, 3♥ [Q♥]",2026-09-10T00:57:44.582Z,178900186458200
"""BELT TO ASS @ 0gI3DsAEI3"" checks",2026-09-10T00:57:43.773Z,178900186377300
"""gurt @ gpP9uUffpu"" checks",2026-09-10T00:57:40.195Z,178900186019500
"Flop:  [J♠, 5♦, 3♥]",2026-09-10T00:57:34.949Z,178900185494900
"""BELT TO ASS @ 0gI3DsAEI3"" calls 15",2026-09-10T00:57:34.107Z,178900185410700
"""gurt @ gpP9uUffpu"" raises to 15",2026-09-10T00:57:31.528Z,178900185152800
"The admin approved the player ""LingWae @ FQN9hzhzP_"" participation with a stack of 500.",2026-09-10T00:57:28.131Z,178900184813100
"""BELT TO ASS @ 0gI3DsAEI3"" calls 5",2026-09-10T00:57:25.573Z,178900184557300
"The player ""LingWae @ FQN9hzhzP_"" requested a seat.",2026-09-10T00:57:24.777Z,178900184477700
"""gurt @ gpP9uUffpu"" posts a big blind of 5",2026-09-10T00:57:22.077Z,178900184207706
"""BELT TO ASS @ 0gI3DsAEI3"" posts a small blind of 2",2026-09-10T00:57:22.077Z,178900184207705
"Your hand is K♣, 3♣",2026-09-10T00:57:22.077Z,178900184207704
"Player stacks: #1 ""BELT TO ASS @ 0gI3DsAEI3"" (1013) | #10 ""gurt @ gpP9uUffpu"" (987)",2026-09-10T00:57:22.077Z,178900184207702
"-- starting hand #26 (id: gdnd0d16ov2q)  No Limit Texas Hold'em (dealer: ""BELT TO ASS @ 0gI3DsAEI3"") --",2026-09-10T00:57:22.077Z,178900184207701
"The player ""LingWae @ FQN9hzhzP_"" quits the game with a stack of 0.",2026-09-10T00:57:22.077Z,178900184207700
"""gurt @ gpP9uUffpu"" shows a 9♥, 10♦.",2026-09-10T00:57:14.368Z,178900183436800
"-- ending hand #25 --",2026-09-10T00:57:13.547Z,178900183354702
"""BELT TO ASS @ 0gI3DsAEI3"" collected 217 from pot with Two Pair, A's & 10's on the second run  (combination: K♠, 10♣, 10♠, A♣, A♦)",2026-09-10T00:57:13.547Z,178900183354701
"""BELT TO ASS @ 0gI3DsAEI3"" collected 218 from pot with Three of a Kind, A's (combination: 9♣, K♠, A♣, A♦, A♥)",2026-09-10T00:57:13.547Z,178900183354700
"River (second run): A♦, 7♣, 9♣, 10♣ [10♠]",2026-09-10T00:57:09.544Z,178900182954400
"Turn (second run): A♦, 7♣, 9♣ [10♣]",2026-09-10T00:57:05.541Z,178900182554100
"River: A♦, 7♣, 9♣, A♥ [3♠]",2026-09-10T00:57:01.531Z,178900182153100
"Turn: A♦, 7♣, 9♣ [A♥]",2026-09-10T00:56:57.505Z,178900181750500
"""LingWae @ FQN9hzhzP_"" shows a 9♦, K♦.",2026-09-10T00:56:53.487Z,178900181348702
"""BELT TO ASS @ 0gI3DsAEI3"" shows a K♠, A♣.",2026-09-10T00:56:53.487Z,178900181348701
"Uncalled bet of 326 returned to ""BELT TO ASS @ 0gI3DsAEI3""",2026-09-10T00:56:53.487Z,178900181348700
"All players in hand choose to run it twice.",2026-09-10T00:56:52.591Z,178900181259101
"""BELT TO ASS @ 0gI3DsAEI3"" chooses to  run it twice.",2026-09-10T00:56:52.591Z,178900181259100
"""LingWae @ FQN9hzhzP_"" chooses to  run it twice.",2026-09-10T00:56:50.886Z,178900181088600
"Remaining players decide whether to run it twice.",2026-09-10T00:56:49.203Z,178900180920301
"""gurt @ gpP9uUffpu"" folds",2026-09-10T00:56:49.203Z,178900180920300
"""BELT TO ASS @ 0gI3DsAEI3"" bets 326",2026-09-10T00:56:44.342Z,178900180434200
"Flop:  [A♦, 7♣, 9♣]",2026-09-10T00:56:36.751Z,178900179675100
"""BELT TO ASS @ 0gI3DsAEI3"" calls 145",2026-09-10T00:56:35.908Z,178900179590800
"""gurt @ gpP9uUffpu"" calls 145",2026-09-10T00:56:33.622Z,178900179362200
"""LingWae @ FQN9hzhzP_"" raises to 145 and go all in",2026-09-10T00:56:31.501Z,178900179150100
"""BELT TO ASS @ 0gI3DsAEI3"" raises to 41",2026-09-10T00:56:28.625Z,178900178862500
"""gurt @ gpP9uUffpu"" raises to 15",2026-09-10T00:56:19.877Z,178900177987700
"""LingWae @ FQN9hzhzP_"" posts a big blind of 5",2026-09-10T00:56:17.018Z,178900177701806
"""BELT TO ASS @ 0gI3DsAEI3"" posts a small blind of 2",2026-09-10T00:56:17.018Z,178900177701805
"Your hand is 9♥, 10♦",2026-09-10T00:56:17.018Z,178900177701804
"Player stacks: #1 ""BELT TO ASS @ 0gI3DsAEI3"" (723) | #2 ""LingWae @ FQN9hzhzP_"" (145) | #10 ""gurt @ gpP9uUffpu"" (1132)",2026-09-10T00:56:17.018Z,178900177701801
"-- starting hand #25 (id: hoafqkhbc5k8)  No Limit Texas Hold'em (dealer: ""gurt @ gpP9uUffpu"") --",2026-09-10T00:56:17.018Z,178900177701800
"""LingWae @ FQN9hzhzP_"" shows a 6♦.",2026-09-10T00:56:14.378Z,178900177437800
"""LingWae @ FQN9hzhzP_"" shows a 6♥.",2026-09-10T00:56:14.004Z,178900177400400
"-- ending hand #24 --",2026-09-10T00:56:10.472Z,178900177047202
"""BELT TO ASS @ 0gI3DsAEI3"" collected 492 from pot with Two Pair, K's & Q's (combination: 10♣, Q♥, Q♠, K♦, K♣)",2026-09-10T00:56:10.472Z,178900177047201
"""BELT TO ASS @ 0gI3DsAEI3"" shows a 10♣, K♦.",2026-09-10T00:56:10.472Z,178900177047200
"""LingWae @ FQN9hzhzP_"" checks",2026-09-10T00:56:09.646Z,178900176964600
"""BELT TO ASS @ 0gI3DsAEI3"" checks",2026-09-10T00:56:07.879Z,178900176787900
"River: 9♦, Q♥, 3♦, K♣ [Q♠]",2026-09-10T00:56:02.527Z,178900176252700
"""BELT TO ASS @ 0gI3DsAEI3"" calls 205",2026-09-10T00:56:01.665Z,178900176166500
"""LingWae @ FQN9hzhzP_"" raises to 205",2026-09-10T00:55:59.857Z,178900175985700
"""BELT TO ASS @ 0gI3DsAEI3"" bets 82",2026-09-10T00:55:52.374Z,178900175237400
"Turn: 9♦, Q♥, 3♦ [K♣]",2026-09-10T00:55:46.163Z,178900174616300
"""LingWae @ FQN9hzhzP_"" checks",2026-09-10T00:55:45.338Z,178900174533800
"""BELT TO ASS @ 0gI3DsAEI3"" checks",2026-09-10T00:55:44.341Z,178900174434100
"Flop:  [9♦, Q♥, 3♦]",2026-09-10T00:55:41.079Z,178900174107900
"""BELT TO ASS @ 0gI3DsAEI3"" calls 40",2026-09-10T00:55:40.263Z,178900174026300
"""gurt @ gpP9uUffpu"" folds",2026-09-10T00:55:37.819Z,178900173781900
"""LingWae @ FQN9hzhzP_"" raises to 40",2026-09-10T00:55:36.615Z,178900173661500
"""BELT TO ASS @ 0gI3DsAEI3"" posts a big blind of 5",2026-09-10T00:55:33.993Z,178900173399306
"""gurt @ gpP9uUffpu"" posts a small blind of 2",2026-09-10T00:55:33.993Z,178900173399305
"Player stacks: #1 ""BELT TO ASS @ 0gI3DsAEI3"" (476) | #2 ""LingWae @ FQN9hzhzP_"" (390) | #10 ""gurt @ gpP9uUffpu"" (1134)",2026-09-10T00:55:33.993Z,178900173399301
"-- starting hand #24 (id: pqqcsxhtnaxj)  No Limit Texas Hold'em (dealer: ""LingWae @ FQN9hzhzP_"") --",2026-09-10T00:55:33.993Z,178900173399300
"""LingWae @ FQN9hzhzP_"" shows a 5♦.",2026-09-10T00:55:32.135Z,178900173213500
"-- ending hand #23 --",2026-09-10T00:55:30.353Z,178900173035302
"""LingWae @ FQN9hzhzP_"" collected 10 from pot",2026-09-10T00:55:30.353Z,178900173035301
"Uncalled bet of 5 returned to ""LingWae @ FQN9hzhzP_""",2026-09-10T00:55:30.353Z,178900173035300
"""gurt @ gpP9uUffpu"" folds",2026-09-10T00:55:29.504Z,178900172950400
"""LingWae @ FQN9hzhzP_"" bets 5",2026-09-10T00:55:28.064Z,178900172806400
"River: A♦, A♥, 5♣, Q♥ [K♥]",2026-09-10T00:55:27.068Z,178900172706800
"""gurt @ gpP9uUffpu"" checks",2026-09-10T00:55:26.235Z,178900172623500
"""LingWae @ FQN9hzhzP_"" checks",2026-09-10T00:55:25.315Z,178900172531500
"Turn: A♦, A♥, 5♣ [Q♥]",2026-09-10T00:55:23.790Z,178900172379000
"""gurt @ gpP9uUffpu"" checks",2026-09-10T00:55:22.969Z,178900172296900
"""LingWae @ FQN9hzhzP_"" checks",2026-09-10T00:55:22.044Z,178900172204400
"Flop:  [A♦, A♥, 5♣]",2026-09-10T00:55:20.108Z,178900172010800
"""gurt @ gpP9uUffpu"" checks",2026-09-10T00:55:19.281Z,178900171928100
"""LingWae @ FQN9hzhzP_"" calls 5",2026-09-10T00:55:18.285Z,178900171828500
"""BELT TO ASS @ 0gI3DsAEI3"" folds",2026-09-10T00:55:17.292Z,178900171729200
"""gurt @ gpP9uUffpu"" posts a big blind of 5",2026-09-10T00:55:15.188Z,178900171518806
"""LingWae @ FQN9hzhzP_"" posts a small blind of 2",2026-09-10T00:55:15.188Z,178900171518805
"Player stacks: #1 ""BELT TO ASS @ 0gI3DsAEI3"" (476) | #2 ""LingWae @ FQN9hzhzP_"" (385) | #10 ""gurt @ gpP9uUffpu"" (1139)",2026-09-10T00:55:15.188Z,178900171518801
"-- starting hand #23 (id: xligr2uvqwe3)  No Limit Texas Hold'em (dealer: ""BELT TO ASS @ 0gI3DsAEI3"") --",2026-09-10T00:55:15.188Z,178900171518800
"-- ending hand #22 --",2026-09-10T00:55:12.256Z,178900171225602
"""gurt @ gpP9uUffpu"" collected 52 from pot",2026-09-10T00:55:12.256Z,178900171225601
"Uncalled bet of 22 returned to ""gurt @ gpP9uUffpu""",2026-09-10T00:55:12.256Z,178900171225600
"""LingWae @ FQN9hzhzP_"" folds",2026-09-10T00:55:11.414Z,178900171141400
"""gurt @ gpP9uUffpu"" bets 22",2026-09-10T00:55:10.349Z,178900171034900
"""LingWae @ FQN9hzhzP_"" checks",2026-09-10T00:55:07.230Z,178900170723000
"River: Q♥, 4♠, 10♥, 4♦ [10♣]",2026-09-10T00:55:05.383Z,178900170538300
"""LingWae @ FQN9hzhzP_"" calls 10",2026-09-10T00:55:04.529Z,178900170452900
"""gurt @ gpP9uUffpu"" bets 10",2026-09-10T00:55:03.379Z,178900170337900
"""LingWae @ FQN9hzhzP_"" checks",2026-09-10T00:54:59.997Z,178900169999700
"Turn: Q♥, 4♠, 10♥ [4♦]",2026-09-10T00:54:58.048Z,178900169804800
"""gurt @ gpP9uUffpu"" checks",2026-09-10T00:54:57.242Z,178900169724200
"""LingWae @ FQN9hzhzP_"" checks",2026-09-10T00:54:55.653Z,178900169565300
"Flop:  [Q♥, 4♠, 10♥]",2026-09-10T00:54:49.412Z,178900168941200
"""LingWae @ FQN9hzhzP_"" calls 15",2026-09-10T00:54:48.505Z,178900168850500
"""BELT TO ASS @ 0gI3DsAEI3"" folds",2026-09-10T00:54:47.496Z,178900168749600
"""gurt @ gpP9uUffpu"" raises to 15",2026-09-10T00:54:44.514Z,178900168451400
"""LingWae @ FQN9hzhzP_"" posts a big blind of 5",2026-09-10T00:54:42.460Z,178900168246006
"""BELT TO ASS @ 0gI3DsAEI3"" posts a small blind of 2",2026-09-10T00:54:42.460Z,178900168246005
"Player stacks: #1 ""BELT TO ASS @ 0gI3DsAEI3"" (478) | #2 ""LingWae @ FQN9hzhzP_"" (410) | #10 ""gurt @ gpP9uUffpu"" (1112)",2026-09-10T00:54:42.460Z,178900168246001
"-- starting hand #22 (id: iyxisnbppi2t)  No Limit Texas Hold'em (dealer: ""gurt @ gpP9uUffpu"") --",2026-09-10T00:54:42.460Z,178900168246000
"-- ending hand #21 --",2026-09-10T00:54:36.453Z,178900167645302
"""LingWae @ FQN9hzhzP_"" collected 269 from pot with Two Pair, Q's & 10's (combination: K♦, 10♥, 10♠, Q♥, Q♦)",2026-09-10T00:54:36.453Z,178900167645301
"""LingWae @ FQN9hzhzP_"" shows a Q♥, 10♥.",2026-09-10T00:54:36.453Z,178900167645300
"""BELT TO ASS @ 0gI3DsAEI3"" calls 67",2026-09-10T00:54:35.642Z,178900167564200
"""LingWae @ FQN9hzhzP_"" raises to 67",2026-09-10T00:54:33.779Z,178900167377900
"""BELT TO ASS @ 0gI3DsAEI3"" bets 5",2026-09-10T00:54:30.658Z,178900167065800
"River: Q♦, 7♣, 10♠, K♦ [4♥]",2026-09-10T00:54:26.791Z,178900166679100
"""LingWae @ FQN9hzhzP_"" checks",2026-09-10T00:54:25.877Z,178900166587700
"""BELT TO ASS @ 0gI3DsAEI3"" checks",2026-09-10T00:54:24.763Z,178900166476300
"Turn: Q♦, 7♣, 10♠ [K♦]",2026-09-10T00:54:20.987Z,178900166098700
"""gurt @ gpP9uUffpu"" folds",2026-09-10T00:54:20.121Z,178900166012100
"""LingWae @ FQN9hzhzP_"" calls 45",2026-09-10T00:54:19.084Z,178900165908400
"""BELT TO ASS @ 0gI3DsAEI3"" bets 45",2026-09-10T00:54:11.444Z,178900165144400
"""gurt @ gpP9uUffpu"" checks",2026-09-10T00:54:04.258Z,178900164425800
"Flop:  [Q♦, 7♣, 10♠]",2026-09-10T00:54:01.983Z,178900164198300
"""LingWae @ FQN9hzhzP_"" calls 15",2026-09-10T00:54:01.086Z,178900164108600
"""BELT TO ASS @ 0gI3DsAEI3"" calls 15",2026-09-10T00:53:38.259Z,178900161825900
"""gurt @ gpP9uUffpu"" raises to 15",2026-09-10T00:53:37.000Z,178900161700000
"""LingWae @ FQN9hzhzP_"" calls 5",2026-09-10T00:53:35.064Z,178900161506400
"""BELT TO ASS @ 0gI3DsAEI3"" posts a big blind of 5",2026-09-10T00:53:31.476Z,178900161147606
"""gurt @ gpP9uUffpu"" posts a small blind of 2",2026-09-10T00:53:31.476Z,178900161147605
"Player stacks: #1 ""BELT TO ASS @ 0gI3DsAEI3"" (605) | #2 ""LingWae @ FQN9hzhzP_"" (268) | #10 ""gurt @ gpP9uUffpu"" (1127)",2026-09-10T00:53:31.476Z,178900161147601
"-- starting hand #21 (id: rzoyny91gzg5)  No Limit Texas Hold'em (dealer: ""LingWae @ FQN9hzhzP_"") --",2026-09-10T00:53:31.476Z,178900161147600
"-- ending hand #20 --",2026-09-10T00:53:25.447Z,178900160544703
"""gurt @ gpP9uUffpu"" collected 10 from pot with Pair, 2's (combination: 8♥, 9♠, K♥, 2♠, 2♣)",2026-09-10T00:53:25.447Z,178900160544702
"""gurt @ gpP9uUffpu"" shows a 2♠, 8♥.",2026-09-10T00:53:25.447Z,178900160544701
"""LingWae @ FQN9hzhzP_"" shows a 3♥, Q♣.",2026-09-10T00:53:25.447Z,178900160544700
"""gurt @ gpP9uUffpu"" checks",2026-09-10T00:53:24.494Z,178900160449400
"""LingWae @ FQN9hzhzP_"" checks",2026-09-10T00:53:23.345Z,178900160334500
"River: K♥, 6♣, 9♠, 2♣ [5♣]",2026-09-10T00:53:21.448Z,178900160144800
"""gurt @ gpP9uUffpu"" checks",2026-09-10T00:53:20.575Z,178900160057500
"""LingWae @ FQN9hzhzP_"" checks",2026-09-10T00:53:19.332Z,178900159933200
"Turn: K♥, 6♣, 9♠ [2♣]",2026-09-10T00:53:17.644Z,178900159764400
"""gurt @ gpP9uUffpu"" checks",2026-09-10T00:53:16.788Z,178900159678800
"""LingWae @ FQN9hzhzP_"" checks",2026-09-10T00:53:15.126Z,178900159512600
"Flop:  [K♥, 6♣, 9♠]",2026-09-10T00:53:05.280Z,178900158528000
"""gurt @ gpP9uUffpu"" checks",2026-09-10T00:53:04.440Z,178900158444000
"""LingWae @ FQN9hzhzP_"" calls 5",2026-09-10T00:53:03.107Z,178900158310700
"""BELT TO ASS @ 0gI3DsAEI3"" folds",2026-09-10T00:53:02.083Z,178900158208300
"""gurt @ gpP9uUffpu"" posts a big blind of 5",2026-09-10T00:52:57.148Z,178900157714806
"""LingWae @ FQN9hzhzP_"" posts a small blind of 2",2026-09-10T00:52:57.148Z,178900157714805
"Your hand is 2♠, 8♥",2026-09-10T00:52:57.148Z,178900157714804
"Player stacks: #1 ""BELT TO ASS @ 0gI3DsAEI3"" (605) | #2 ""LingWae @ FQN9hzhzP_"" (273) | #10 ""gurt @ gpP9uUffpu"" (1122)",2026-09-10T00:52:57.148Z,178900157714801
"-- starting hand #20 (id: cbyz2amyyzo0)  No Limit Texas Hold'em (dealer: ""BELT TO ASS @ 0gI3DsAEI3"") --",2026-09-10T00:52:57.148Z,178900157714800
"-- ending hand #19 --",2026-09-10T00:52:51.111Z,178900157111102
"""BELT TO ASS @ 0gI3DsAEI3"" collected 153 from pot with A High (combination: 8♥, J♦, Q♠, K♥, A♠)",2026-09-10T00:52:51.111Z,178900157111101
"""BELT TO ASS @ 0gI3DsAEI3"" shows a K♥, Q♠.",2026-09-10T00:52:51.111Z,178900157111100
"""gurt @ gpP9uUffpu"" checks",2026-09-10T00:52:50.232Z,178900157023200
"""BELT TO ASS @ 0gI3DsAEI3"" checks",2026-09-10T00:52:46.893Z,178900156689300
"River: J♦, 4♠, 8♥, A♠ [2♦]",2026-09-10T00:52:44.505Z,178900156450500
"""BELT TO ASS @ 0gI3DsAEI3"" calls 44",2026-09-10T00:52:43.643Z,178900156364300
"""gurt @ gpP9uUffpu"" bets 44",2026-09-10T00:52:40.587Z,178900156058700
"""BELT TO ASS @ 0gI3DsAEI3"" checks",2026-09-10T00:52:38.860Z,178900155886000
"Turn: J♦, 4♠, 8♥ [A♠]",2026-09-10T00:52:35.583Z,178900155558300
"""BELT TO ASS @ 0gI3DsAEI3"" calls 15",2026-09-10T00:52:34.727Z,178900155472700
"""gurt @ gpP9uUffpu"" bets 15",2026-09-10T00:52:33.056Z,178900155305600
"""BELT TO ASS @ 0gI3DsAEI3"" checks",2026-09-10T00:52:30.742Z,178900155074200
"Flop:  [J♦, 4♠, 8♥]",2026-09-10T00:52:26.780Z,178900154678000
"""LingWae @ FQN9hzhzP_"" folds",2026-09-10T00:52:25.964Z,178900154596400
"""BELT TO ASS @ 0gI3DsAEI3"" calls 15",2026-09-10T00:52:25.043Z,178900154504300
"""gurt @ gpP9uUffpu"" raises to 15",2026-09-10T00:52:21.351Z,178900154135100
"""LingWae @ FQN9hzhzP_"" posts a big blind of 5",2026-09-10T00:52:20.177Z,178900154017706
"""BELT TO ASS @ 0gI3DsAEI3"" posts a small blind of 2",2026-09-10T00:52:20.177Z,178900154017705
"Player stacks: #1 ""BELT TO ASS @ 0gI3DsAEI3"" (526) | #2 ""LingWae @ FQN9hzhzP_"" (278) | #10 ""gurt @ gpP9uUffpu"" (1196)",2026-09-10T00:52:20.177Z,178900154017701
"-- starting hand #19 (id: xcdvkn1moqxr)  No Limit Texas Hold'em (dealer: ""gurt @ gpP9uUffpu"") --",2026-09-10T00:52:20.177Z,178900154017700
"Undealt cards:  [6♣, 2♦, J♣, 10♦, 5♣]",2026-09-10T00:52:14.935Z,178900153493500
"-- ending hand #18 --",2026-09-10T00:52:14.252Z,178900153425202
"""gurt @ gpP9uUffpu"" collected 10 from pot",2026-09-10T00:52:14.252Z,178900153425201
"Uncalled bet of 10 returned to ""gurt @ gpP9uUffpu""",2026-09-10T00:52:14.252Z,178900153425200
"""BELT TO ASS @ 0gI3DsAEI3"" folds",2026-09-10T00:52:13.447Z,178900153344700
"""gurt @ gpP9uUffpu"" raises to 15",2026-09-10T00:52:12.418Z,178900153241800
"""LingWae @ FQN9hzhzP_"" folds",2026-09-10T00:52:10.363Z,178900153036300
"""BELT TO ASS @ 0gI3DsAEI3"" posts a big blind of 5",2026-09-10T00:52:08.770Z,178900152877006
"""gurt @ gpP9uUffpu"" posts a small blind of 2",2026-09-10T00:52:08.770Z,178900152877005
"Player stacks: #1 ""BELT TO ASS @ 0gI3DsAEI3"" (531) | #2 ""LingWae @ FQN9hzhzP_"" (278) | #10 ""gurt @ gpP9uUffpu"" (1191)",2026-09-10T00:52:08.770Z,178900152877001
"-- starting hand #18 (id: x1cvqenshmoy)  No Limit Texas Hold'em (dealer: ""LingWae @ FQN9hzhzP_"") --",2026-09-10T00:52:08.770Z,178900152877000
"Undealt cards:  [5♠, Q♠, J♣, 2♥, K♣]",2026-09-10T00:52:03.892Z,178900152389200
"-- ending hand #17 --",2026-09-10T00:52:02.801Z,178900152280102
"""LingWae @ FQN9hzhzP_"" collected 15 from pot",2026-09-10T00:52:02.801Z,178900152280101
"Uncalled bet of 35 returned to ""LingWae @ FQN9hzhzP_""",2026-09-10T00:52:02.801Z,178900152280100
"""BELT TO ASS @ 0gI3DsAEI3"" folds",2026-09-10T00:52:01.881Z,178900152188100
"""gurt @ gpP9uUffpu"" folds",2026-09-10T00:51:59.298Z,178900151929800
"""LingWae @ FQN9hzhzP_"" raises to 40",2026-09-10T00:51:57.252Z,178900151725200
"""BELT TO ASS @ 0gI3DsAEI3"" calls 5",2026-09-10T00:51:49.295Z,178900150929500
"""gurt @ gpP9uUffpu"" posts a big blind of 5",2026-09-10T00:51:36.890Z,178900149689006
"""LingWae @ FQN9hzhzP_"" posts a small blind of 2",2026-09-10T00:51:36.890Z,178900149689005
"Player stacks: #1 ""BELT TO ASS @ 0gI3DsAEI3"" (536) | #2 ""LingWae @ FQN9hzhzP_"" (268) | #10 ""gurt @ gpP9uUffpu"" (1196)",2026-09-10T00:51:36.890Z,178900149689001
"-- starting hand #17 (id: opyxagpksrm6)  No Limit Texas Hold'em (dealer: ""BELT TO ASS @ 0gI3DsAEI3"") --",2026-09-10T00:51:36.890Z,178900149689000
"-- ending hand #16 --",2026-09-10T00:51:30.884Z,178900149088403
"""gurt @ gpP9uUffpu"" collected 92 from pot with Pair, J's (combination: 8♦, 9♣, A♠, J♦, J♣)",2026-09-10T00:51:30.884Z,178900149088402
"""gurt @ gpP9uUffpu"" shows a J♦, A♠.",2026-09-10T00:51:30.884Z,178900149088401
"""LingWae @ FQN9hzhzP_"" shows a 5♦, A♣.",2026-09-10T00:51:30.884Z,178900149088400
"""gurt @ gpP9uUffpu"" checks",2026-09-10T00:51:30.033Z,178900149003300
"""LingWae @ FQN9hzhzP_"" checks",2026-09-10T00:51:29.014Z,178900148901400
"River: 9♣, 8♦, 3♦, J♣ [7♣]",2026-09-10T00:51:25.575Z,178900148557500
"""LingWae @ FQN9hzhzP_"" calls 30",2026-09-10T00:51:24.742Z,178900148474200
"""gurt @ gpP9uUffpu"" bets 30",2026-09-10T00:51:13.229Z,178900147322900
"""LingWae @ FQN9hzhzP_"" checks",2026-09-10T00:51:10.613Z,178900147061300
"Turn: 9♣, 8♦, 3♦ [J♣]",2026-09-10T00:51:04.202Z,178900146420200
"""gurt @ gpP9uUffpu"" checks",2026-09-10T00:51:03.384Z,178900146338400
"""LingWae @ FQN9hzhzP_"" checks",2026-09-10T00:51:02.206Z,178900146220600
"Flop:  [9♣, 8♦, 3♦]",2026-09-10T00:51:00.378Z,178900146037800
"""LingWae @ FQN9hzhzP_"" calls 15",2026-09-10T00:50:59.566Z,178900145956600
"""BELT TO ASS @ 0gI3DsAEI3"" folds",2026-09-10T00:50:58.580Z,178900145858000
"""gurt @ gpP9uUffpu"" raises to 15",2026-09-10T00:50:54.911Z,178900145491100
"""LingWae @ FQN9hzhzP_"" posts a big blind of 5",2026-09-10T00:50:53.469Z,178900145346906
"""BELT TO ASS @ 0gI3DsAEI3"" posts a small blind of 2",2026-09-10T00:50:53.469Z,178900145346905
"Your hand is J♦, A♠",2026-09-10T00:50:53.469Z,178900145346904
"Player stacks: #1 ""BELT TO ASS @ 0gI3DsAEI3"" (538) | #2 ""LingWae @ FQN9hzhzP_"" (313) | #10 ""gurt @ gpP9uUffpu"" (1149)",2026-09-10T00:50:53.469Z,178900145346901
"-- starting hand #16 (id: hyryv4wixaje)  No Limit Texas Hold'em (dealer: ""gurt @ gpP9uUffpu"") --",2026-09-10T00:50:53.469Z,178900145346900
"-- ending hand #15 --",2026-09-10T00:50:47.460Z,178900144746003
"""gurt @ gpP9uUffpu"" collected 349 from pot with Pair, 2's (combination: Q♣, K♦, A♣, 2♣, 2♦)",2026-09-10T00:50:47.460Z,178900144746002
"""gurt @ gpP9uUffpu"" shows a 2♣, A♣.",2026-09-10T00:50:47.460Z,178900144746001
"""LingWae @ FQN9hzhzP_"" shows a 2♥, 7♦.",2026-09-10T00:50:47.460Z,178900144746000
"""gurt @ gpP9uUffpu"" calls 87",2026-09-10T00:50:46.546Z,178900144654600
"""LingWae @ FQN9hzhzP_"" bets 87",2026-09-10T00:50:45.628Z,178900144562800
"""gurt @ gpP9uUffpu"" checks",2026-09-10T00:50:40.615Z,178900144061500
"River: K♦, 2♦, 4♦, 3♣ [Q♣]",2026-09-10T00:50:32.047Z,178900143204700
"""LingWae @ FQN9hzhzP_"" checks",2026-09-10T00:50:31.203Z,178900143120300
"""gurt @ gpP9uUffpu"" checks",2026-09-10T00:50:29.946Z,178900142994600
"Turn: K♦, 2♦, 4♦ [3♣]",2026-09-10T00:50:28.845Z,178900142884500
"""gurt @ gpP9uUffpu"" calls 45",2026-09-10T00:50:28.002Z,178900142800200
"""LingWae @ FQN9hzhzP_"" bets 45",2026-09-10T00:50:25.248Z,178900142524800
"""gurt @ gpP9uUffpu"" checks",2026-09-10T00:50:22.674Z,178900142267400
"Flop:  [K♦, 2♦, 4♦]",2026-09-10T00:50:21.078Z,178900142107800
"""BELT TO ASS @ 0gI3DsAEI3"" folds",2026-09-10T00:50:20.262Z,178900142026200
"""gurt @ gpP9uUffpu"" calls 40",2026-09-10T00:50:18.467Z,178900141846700
"""LingWae @ FQN9hzhzP_"" raises to 40",2026-09-10T00:50:14.784Z,178900141478400
"""BELT TO ASS @ 0gI3DsAEI3"" posts a big blind of 5",2026-09-10T00:50:06.407Z,178900140640706
"""gurt @ gpP9uUffpu"" posts a small blind of 2",2026-09-10T00:50:06.407Z,178900140640705
"Your hand is 2♣, A♣",2026-09-10T00:50:06.407Z,178900140640704
"Player stacks: #1 ""BELT TO ASS @ 0gI3DsAEI3"" (543) | #2 ""LingWae @ FQN9hzhzP_"" (485) | #10 ""gurt @ gpP9uUffpu"" (972)",2026-09-10T00:50:06.407Z,178900140640701
"-- starting hand #15 (id: g9an4kodedkb)  No Limit Texas Hold'em (dealer: ""LingWae @ FQN9hzhzP_"") --",2026-09-10T00:50:06.407Z,178900140640700
"-- ending hand #14 --",2026-09-10T00:50:03.388Z,178900140338802
"""BELT TO ASS @ 0gI3DsAEI3"" collected 129 from pot",2026-09-10T00:50:03.388Z,178900140338801
"Uncalled bet of 414 returned to ""BELT TO ASS @ 0gI3DsAEI3""",2026-09-10T00:50:03.388Z,178900140338800
"""gurt @ gpP9uUffpu"" folds",2026-09-10T00:50:02.514Z,178900140251400
"""BELT TO ASS @ 0gI3DsAEI3"" raises to 436 and go all in",2026-09-10T00:49:59.593Z,178900139959300
"""gurt @ gpP9uUffpu"" bets 22",2026-09-10T00:49:54.216Z,178900139421600
"River: J♦, 8♦, 5♠, A♠ [K♦]",2026-09-10T00:49:49.402Z,178900138940200
"""LingWae @ FQN9hzhzP_"" folds",2026-09-10T00:49:48.595Z,178900138859500
"""BELT TO ASS @ 0gI3DsAEI3"" calls 20",2026-09-10T00:49:46.848Z,178900138684800
"""gurt @ gpP9uUffpu"" bets 20",2026-09-10T00:49:40.367Z,178900138036700
"""LingWae @ FQN9hzhzP_"" checks",2026-09-10T00:49:37.080Z,178900137708000
"Turn: J♦, 8♦, 5♠ [A♠]",2026-09-10T00:49:34.841Z,178900137484100
"""LingWae @ FQN9hzhzP_"" calls 10",2026-09-10T00:49:34.017Z,178900137401700
"""BELT TO ASS @ 0gI3DsAEI3"" calls 10",2026-09-10T00:49:33.094Z,178900137309400
"""gurt @ gpP9uUffpu"" bets 10",2026-09-10T00:49:31.181Z,178900137118100
"""LingWae @ FQN9hzhzP_"" checks",2026-09-10T00:49:27.843Z,178900136784300
"Flop:  [J♦, 8♦, 5♠]",2026-09-10T00:49:25.628Z,178900136562800
"""gurt @ gpP9uUffpu"" checks",2026-09-10T00:49:24.824Z,178900136482400
"""LingWae @ FQN9hzhzP_"" calls 5",2026-09-10T00:49:22.537Z,178900136253700
"""BELT TO ASS @ 0gI3DsAEI3"" calls 5",2026-09-10T00:49:20.494Z,178900136049400
"""gurt @ gpP9uUffpu"" posts a big blind of 5",2026-09-10T00:49:17.166Z,178900135716607
"""LingWae @ FQN9hzhzP_"" posts a small blind of 2",2026-09-10T00:49:17.166Z,178900135716606
"Player stacks: #1 ""BELT TO ASS @ 0gI3DsAEI3"" (471) | #2 ""LingWae @ FQN9hzhzP_"" (500) | #10 ""gurt @ gpP9uUffpu"" (1029)",2026-09-10T00:49:17.166Z,178900135716602
"-- starting hand #14 (id: phmiskwuojus)  No Limit Texas Hold'em (dealer: ""BELT TO ASS @ 0gI3DsAEI3"") --",2026-09-10T00:49:17.166Z,178900135716601
"The player ""LingWae @ FQN9hzhzP_"" joined the game with a stack of 500.",2026-09-10T00:49:17.166Z,178900135716600
"Undealt cards: 2♥, J♠, 3♣, K♥ [J♣]",2026-09-10T00:49:13.812Z,178900135381200
"-- ending hand #13 --",2026-09-10T00:49:11.224Z,178900135122402
"""BELT TO ASS @ 0gI3DsAEI3"" collected 20 from pot",2026-09-10T00:49:11.224Z,178900135122401
"Uncalled bet of 15 returned to ""BELT TO ASS @ 0gI3DsAEI3""",2026-09-10T00:49:11.224Z,178900135122400
"""gurt @ gpP9uUffpu"" folds",2026-09-10T00:49:10.396Z,178900135039600
"""BELT TO ASS @ 0gI3DsAEI3"" bets 15",2026-09-10T00:49:09.128Z,178900134912800
"Turn: 2♥, J♠, 3♣ [K♥]",2026-09-10T00:49:04.752Z,178900134475200
"""gurt @ gpP9uUffpu"" calls 5",2026-09-10T00:49:03.908Z,178900134390800
"The admin approved the player ""LingWae @ FQN9hzhzP_"" participation with a stack of 500.",2026-09-10T00:49:02.380Z,178900134238000
"""BELT TO ASS @ 0gI3DsAEI3"" bets 5",2026-09-10T00:49:00.428Z,178900134042800
"The player ""LingWae @ FQN9hzhzP_"" requested a seat.",2026-09-10T00:48:59.262Z,178900133926200
"Flop:  [2♥, J♠, 3♣]",2026-09-10T00:48:56.094Z,178900133609400
"""BELT TO ASS @ 0gI3DsAEI3"" checks",2026-09-10T00:48:55.279Z,178900133527900
"""gurt @ gpP9uUffpu"" calls 5",2026-09-10T00:48:52.269Z,178900133226900
"""BELT TO ASS @ 0gI3DsAEI3"" posts a big blind of 5",2026-09-10T00:48:49.492Z,178900132949206
"""gurt @ gpP9uUffpu"" posts a small blind of 2",2026-09-10T00:48:49.492Z,178900132949205
"Player stacks: #1 ""BELT TO ASS @ 0gI3DsAEI3"" (461) | #10 ""gurt @ gpP9uUffpu"" (1039)",2026-09-10T00:48:49.492Z,178900132949202
"-- starting hand #13 (id: ippjrpffes1w)  No Limit Texas Hold'em (dealer: ""gurt @ gpP9uUffpu"") --",2026-09-10T00:48:49.492Z,178900132949201
"The player ""LingWae @ FQN9hzhzP_"" quits the game with a stack of 0.",2026-09-10T00:48:49.492Z,178900132949200
"-- ending hand #12 --",2026-09-10T00:48:41.478Z,178900132147802
"""gurt @ gpP9uUffpu"" collected 383 from pot with Three of a Kind, Q's on the second run  (combination: 8♠, 10♦, Q♣, Q♦, Q♠)",2026-09-10T00:48:41.478Z,178900132147801
"""gurt @ gpP9uUffpu"" collected 384 from pot with Three of a Kind, Q's (combination: 6♦, 10♦, Q♣, Q♦, Q♠)",2026-09-10T00:48:41.478Z,178900132147800
"River (second run): Q♦, 6♦, Q♠, 4♦ [8♠]",2026-09-10T00:48:37.467Z,178900131746700
"River: Q♦, 6♦, Q♠, 4♦ [3♠]",2026-09-10T00:48:33.344Z,178900131334400
"""LingWae @ FQN9hzhzP_"" shows a 2♥, 9♥.",2026-09-10T00:48:29.335Z,178900130933500
"""gurt @ gpP9uUffpu"" shows a Q♣, 10♦.",2026-09-10T00:48:29.137Z,178900130913700
"All players in hand choose to run it twice.",2026-09-10T00:48:28.508Z,178900130850801
"""LingWae @ FQN9hzhzP_"" chooses to  run it twice.",2026-09-10T00:48:28.508Z,178900130850800
"""gurt @ gpP9uUffpu"" chooses to  run it twice.",2026-09-10T00:48:28.144Z,178900130814400
"Remaining players decide whether to run it twice.",2026-09-10T00:48:26.563Z,178900130656301
"""BELT TO ASS @ 0gI3DsAEI3"" folds",2026-09-10T00:48:26.563Z,178900130656300
"""gurt @ gpP9uUffpu"" calls 316",2026-09-10T00:48:22.915Z,178900130291500
"""LingWae @ FQN9hzhzP_"" raises to 316 and go all in",2026-09-10T00:48:20.446Z,178900130044600
"""BELT TO ASS @ 0gI3DsAEI3"" calls 45",2026-09-10T00:48:18.081Z,178900129808100
"""gurt @ gpP9uUffpu"" raises to 45",2026-09-10T00:48:09.704Z,178900128970400
"""LingWae @ FQN9hzhzP_"" bets 15",2026-09-10T00:48:06.546Z,178900128654600
"Turn: Q♦, 6♦, Q♠ [4♦]",2026-09-10T00:48:00.730Z,178900128073000
"""LingWae @ FQN9hzhzP_"" calls 15",2026-09-10T00:47:59.894Z,178900127989400
"""BELT TO ASS @ 0gI3DsAEI3"" calls 15",2026-09-10T00:47:58.648Z,178900127864800
"""gurt @ gpP9uUffpu"" bets 15",2026-09-10T00:47:54.518Z,178900127451800
"""LingWae @ FQN9hzhzP_"" checks",2026-09-10T00:47:52.352Z,178900127235200
"Flop:  [Q♦, 6♦, Q♠]",2026-09-10T00:47:50.653Z,178900127065300
"""BELT TO ASS @ 0gI3DsAEI3"" calls 15",2026-09-10T00:47:49.846Z,178900126984600
"""gurt @ gpP9uUffpu"" calls 15",2026-09-10T00:47:47.426Z,178900126742600
"""LingWae @ FQN9hzhzP_"" raises to 15",2026-09-10T00:47:44.200Z,178900126420000
"""BELT TO ASS @ 0gI3DsAEI3"" calls 5",2026-09-10T00:47:40.334Z,178900126033400
"""gurt @ gpP9uUffpu"" posts a big blind of 5",2026-09-10T00:47:38.251Z,178900125825106
"""LingWae @ FQN9hzhzP_"" posts a small blind of 2",2026-09-10T00:47:38.251Z,178900125825105
"Your hand is Q♣, 10♦",2026-09-10T00:47:38.251Z,178900125825104
"Player stacks: #1 ""BELT TO ASS @ 0gI3DsAEI3"" (536) | #6 ""LingWae @ FQN9hzhzP_"" (346) | #10 ""gurt @ gpP9uUffpu"" (618)",2026-09-10T00:47:38.251Z,178900125825101
"-- starting hand #12 (id: xqphx511r7vf)  No Limit Texas Hold'em (dealer: ""BELT TO ASS @ 0gI3DsAEI3"") --",2026-09-10T00:47:38.251Z,178900125825100
"-- ending hand #11 --",2026-09-10T00:47:32.244Z,178900125224403
"""LingWae @ FQN9hzhzP_"" shows a Q♣, 9♣.",2026-09-10T00:47:32.244Z,178900125224402
"""gurt @ gpP9uUffpu"" collected 618 from pot with Three of a Kind, 9's (combination: J♥, Q♦, 9♠, 9♥, 9♦)",2026-09-10T00:47:32.244Z,178900125224401
"""gurt @ gpP9uUffpu"" shows a 9♠, 9♥.",2026-09-10T00:47:32.244Z,178900125224400
"""LingWae @ FQN9hzhzP_"" calls 269",2026-09-10T00:47:31.370Z,178900125137000
"""gurt @ gpP9uUffpu"" raises to 269 and go all in",2026-09-10T00:47:26.024Z,178900124602400
"""LingWae @ FQN9hzhzP_"" raises to 160",2026-09-10T00:47:22.857Z,178900124285700
"""gurt @ gpP9uUffpu"" bets 80",2026-09-10T00:47:20.876Z,178900124087600
"""LingWae @ FQN9hzhzP_"" checks",2026-09-10T00:47:17.379Z,178900123737900
"River: 2♦, Q♦, J♥, 5♣ [9♦]",2026-09-10T00:47:15.705Z,178900123570500
"""gurt @ gpP9uUffpu"" calls 24",2026-09-10T00:47:14.812Z,178900123481200
"""LingWae @ FQN9hzhzP_"" raises to 24",2026-09-10T00:47:13.019Z,178900123301900
"""gurt @ gpP9uUffpu"" bets 12",2026-09-10T00:47:11.205Z,178900123120500
"""LingWae @ FQN9hzhzP_"" checks",2026-09-10T00:47:09.139Z,178900122913900
"Turn: 2♦, Q♦, J♥ [5♣]",2026-09-10T00:47:07.496Z,178900122749600
"""gurt @ gpP9uUffpu"" checks",2026-09-10T00:47:06.630Z,178900122663000
"""LingWae @ FQN9hzhzP_"" checks",2026-09-10T00:47:04.672Z,178900122467200
"Flop:  [2♦, Q♦, J♥]",2026-09-10T00:47:02.993Z,178900122299300
"""LingWae @ FQN9hzhzP_"" calls 15",2026-09-10T00:47:02.105Z,178900122210500
"""BELT TO ASS @ 0gI3DsAEI3"" folds",2026-09-10T00:46:56.213Z,178900121621300
"""gurt @ gpP9uUffpu"" raises to 15",2026-09-10T00:46:54.517Z,178900121451700
"""LingWae @ FQN9hzhzP_"" posts a big blind of 5",2026-09-10T00:46:51.176Z,178900121117606
"""BELT TO ASS @ 0gI3DsAEI3"" posts a small blind of 2",2026-09-10T00:46:51.176Z,178900121117605
"Your hand is 9♠, 9♥",2026-09-10T00:46:51.176Z,178900121117604
"Player stacks: #1 ""BELT TO ASS @ 0gI3DsAEI3"" (538) | #6 ""LingWae @ FQN9hzhzP_"" (654) | #10 ""gurt @ gpP9uUffpu"" (308)",2026-09-10T00:46:51.176Z,178900121117601
"-- starting hand #11 (id: edmw9ihhoz55)  No Limit Texas Hold'em (dealer: ""gurt @ gpP9uUffpu"") --",2026-09-10T00:46:51.176Z,178900121117600
"""LingWae @ FQN9hzhzP_"" shows a A♠, 10♣.",2026-09-10T00:46:46.812Z,178900120681200
"-- ending hand #10 --",2026-09-10T00:46:44.571Z,178900120457102
"""LingWae @ FQN9hzhzP_"" collected 12 from pot",2026-09-10T00:46:44.571Z,178900120457101
"Uncalled bet of 10 returned to ""LingWae @ FQN9hzhzP_""",2026-09-10T00:46:44.571Z,178900120457100
"""BELT TO ASS @ 0gI3DsAEI3"" folds",2026-09-10T00:46:43.696Z,178900120369600
"""gurt @ gpP9uUffpu"" folds",2026-09-10T00:46:41.527Z,178900120152700
"""LingWae @ FQN9hzhzP_"" raises to 15",2026-09-10T00:46:40.596Z,178900120059600
"""BELT TO ASS @ 0gI3DsAEI3"" posts a big blind of 5",2026-09-10T00:46:33.547Z,178900119354706
"""gurt @ gpP9uUffpu"" posts a small blind of 2",2026-09-10T00:46:33.547Z,178900119354705
"Player stacks: #1 ""BELT TO ASS @ 0gI3DsAEI3"" (543) | #6 ""LingWae @ FQN9hzhzP_"" (647) | #10 ""gurt @ gpP9uUffpu"" (310)",2026-09-10T00:46:33.547Z,178900119354701
"-- starting hand #10 (id: yx3qbguj4b5m)  No Limit Texas Hold'em (dealer: ""LingWae @ FQN9hzhzP_"") --",2026-09-10T00:46:33.547Z,178900119354700
"Undealt cards: 8♥, A♣, 7♦ [6♠, 7♣]",2026-09-10T00:46:27.794Z,178900118779400
"-- ending hand #9 --",2026-09-10T00:46:27.602Z,178900118760202
"""BELT TO ASS @ 0gI3DsAEI3"" collected 32 from pot",2026-09-10T00:46:27.602Z,178900118760201
"Uncalled bet of 32 returned to ""BELT TO ASS @ 0gI3DsAEI3""",2026-09-10T00:46:27.602Z,178900118760200
"""gurt @ gpP9uUffpu"" folds",2026-09-10T00:46:26.764Z,178900118676400
"""BELT TO ASS @ 0gI3DsAEI3"" bets 32",2026-09-10T00:46:25.015Z,178900118501500
"""gurt @ gpP9uUffpu"" checks",2026-09-10T00:46:17.528Z,178900117752800
"Flop:  [8♥, A♣, 7♦]",2026-09-10T00:46:15.797Z,178900117579700
"""BELT TO ASS @ 0gI3DsAEI3"" calls 15",2026-09-10T00:46:14.948Z,178900117494800
"""gurt @ gpP9uUffpu"" raises to 15",2026-09-10T00:46:11.338Z,178900117133800
"""LingWae @ FQN9hzhzP_"" folds",2026-09-10T00:46:09.597Z,178900116959700
"""BELT TO ASS @ 0gI3DsAEI3"" calls 5",2026-09-10T00:46:06.346Z,178900116634600
"""gurt @ gpP9uUffpu"" posts a big blind of 5",2026-09-10T00:46:02.927Z,178900116292706
"""LingWae @ FQN9hzhzP_"" posts a small blind of 2",2026-09-10T00:46:02.927Z,178900116292705
"Player stacks: #1 ""BELT TO ASS @ 0gI3DsAEI3"" (526) | #6 ""LingWae @ FQN9hzhzP_"" (649) | #10 ""gurt @ gpP9uUffpu"" (325)",2026-09-10T00:46:02.927Z,178900116292701
"-- starting hand #9 (id: t8zzsa8cn0v4)  No Limit Texas Hold'em (dealer: ""BELT TO ASS @ 0gI3DsAEI3"") --",2026-09-10T00:46:02.927Z,178900116292700
"""LingWae @ FQN9hzhzP_"" shows a Q♣.",2026-09-10T00:46:00.484Z,178900116048400
"-- ending hand #8 --",2026-09-10T00:45:59.281Z,178900115928102
"""LingWae @ FQN9hzhzP_"" collected 300 from pot",2026-09-10T00:45:59.281Z,178900115928101
"Uncalled bet of 167 returned to ""LingWae @ FQN9hzhzP_""",2026-09-10T00:45:59.281Z,178900115928100
"""BELT TO ASS @ 0gI3DsAEI3"" folds",2026-09-10T00:45:58.430Z,178900115843000
"""gurt @ gpP9uUffpu"" folds",2026-09-10T00:45:56.405Z,178900115640500
"""LingWae @ FQN9hzhzP_"" bets 167",2026-09-10T00:45:46.527Z,178900114652700
"""BELT TO ASS @ 0gI3DsAEI3"" checks",2026-09-10T00:45:43.278Z,178900114327800
"River: 5♦, J♥, A♠, 10♠ [9♦]",2026-09-10T00:45:36.954Z,178900113695400
"""LingWae @ FQN9hzhzP_"" calls 75",2026-09-10T00:45:36.093Z,178900113609300
"""BELT TO ASS @ 0gI3DsAEI3"" calls 75",2026-09-10T00:45:35.035Z,178900113503500
"""gurt @ gpP9uUffpu"" raises to 75",2026-09-10T00:45:31.158Z,178900113115800
"""LingWae @ FQN9hzhzP_"" bets 25",2026-09-10T00:45:28.381Z,178900112838100
"""BELT TO ASS @ 0gI3DsAEI3"" checks",2026-09-10T00:45:24.528Z,178900112452800
"Turn: 5♦, J♥, A♠ [10♠]",2026-09-10T00:45:19.256Z,178900111925600
"""LingWae @ FQN9hzhzP_"" calls 10",2026-09-10T00:45:18.426Z,178900111842600
"""BELT TO ASS @ 0gI3DsAEI3"" calls 10",2026-09-10T00:45:17.479Z,178900111747900
"""gurt @ gpP9uUffpu"" bets 10",2026-09-10T00:45:12.473Z,178900111247300
"""LingWae @ FQN9hzhzP_"" checks",2026-09-10T00:45:09.494Z,178900110949400
"""BELT TO ASS @ 0gI3DsAEI3"" checks",2026-09-10T00:45:07.663Z,178900110766300
"Flop:  [5♦, J♥, A♠]",2026-09-10T00:45:00.803Z,178900110080300
"""BELT TO ASS @ 0gI3DsAEI3"" calls 15",2026-09-10T00:44:59.950Z,178900109995000
"""gurt @ gpP9uUffpu"" calls 15",2026-09-10T00:44:58.010Z,178900109801000
"""LingWae @ FQN9hzhzP_"" raises to 15",2026-09-10T00:44:56.159Z,178900109615900
"""BELT TO ASS @ 0gI3DsAEI3"" calls 5",2026-09-10T00:44:52.796Z,178900109279600
"""gurt @ gpP9uUffpu"" calls 5",2026-09-10T00:44:50.372Z,178900109037200
"""LingWae @ FQN9hzhzP_"" posts a big blind of 5",2026-09-10T00:44:44.697Z,178900108469706
"""BELT TO ASS @ 0gI3DsAEI3"" posts a small blind of 2",2026-09-10T00:44:44.697Z,178900108469705
"Player stacks: #1 ""BELT TO ASS @ 0gI3DsAEI3"" (626) | #6 ""LingWae @ FQN9hzhzP_"" (449) | #10 ""gurt @ gpP9uUffpu"" (425)",2026-09-10T00:44:44.697Z,178900108469701
"-- starting hand #8 (id: mugrn5npkhfj)  No Limit Texas Hold'em (dealer: ""gurt @ gpP9uUffpu"") --",2026-09-10T00:44:44.697Z,178900108469700
"-- ending hand #7 --",2026-09-10T00:44:41.781Z,178900108178102
"""LingWae @ FQN9hzhzP_"" collected 35 from pot",2026-09-10T00:44:41.781Z,178900108178101
"Uncalled bet of 20 returned to ""LingWae @ FQN9hzhzP_""",2026-09-10T00:44:41.781Z,178900108178100
"""gurt @ gpP9uUffpu"" folds",2026-09-10T00:44:40.927Z,178900108092700
"""LingWae @ FQN9hzhzP_"" bets 20",2026-09-10T00:44:38.425Z,178900107842500
"""gurt @ gpP9uUffpu"" checks",2026-09-10T00:44:34.518Z,178900107451800
"River: Q♥, A♦, K♦, 8♠ [6♠]",2026-09-10T00:44:31.980Z,178900107198000
"""LingWae @ FQN9hzhzP_"" checks",2026-09-10T00:44:31.172Z,178900107117200
"""gurt @ gpP9uUffpu"" checks",2026-09-10T00:44:29.608Z,178900106960800
"Turn: Q♥, A♦, K♦ [8♠]",2026-09-10T00:44:24.401Z,178900106440100
"""LingWae @ FQN9hzhzP_"" checks",2026-09-10T00:44:23.577Z,178900106357700
"""gurt @ gpP9uUffpu"" checks",2026-09-10T00:44:15.437Z,178900105543700
"Flop:  [Q♥, A♦, K♦]",2026-09-10T00:44:13.172Z,178900105317200
"""BELT TO ASS @ 0gI3DsAEI3"" folds",2026-09-10T00:44:12.334Z,178900105233400
"""gurt @ gpP9uUffpu"" calls 15",2026-09-10T00:44:07.756Z,178900104775600
"""LingWae @ FQN9hzhzP_"" raises to 15",2026-09-10T00:44:06.280Z,178900104628000
"""BELT TO ASS @ 0gI3DsAEI3"" posts a big blind of 5",2026-09-10T00:44:03.284Z,178900104328406
"""gurt @ gpP9uUffpu"" posts a small blind of 2",2026-09-10T00:44:03.284Z,178900104328405
"Player stacks: #1 ""BELT TO ASS @ 0gI3DsAEI3"" (631) | #6 ""LingWae @ FQN9hzhzP_"" (429) | #10 ""gurt @ gpP9uUffpu"" (440)",2026-09-10T00:44:03.284Z,178900104328401
"-- starting hand #7 (id: pnnplrzn12cn)  No Limit Texas Hold'em (dealer: ""LingWae @ FQN9hzhzP_"") --",2026-09-10T00:44:03.284Z,178900104328400
"-- ending hand #6 --",2026-09-10T00:44:00.364Z,178900104036402
"""LingWae @ FQN9hzhzP_"" collected 30 from pot",2026-09-10T00:44:00.364Z,178900104036401
"Uncalled bet of 5 returned to ""LingWae @ FQN9hzhzP_""",2026-09-10T00:44:00.364Z,178900104036400
"""gurt @ gpP9uUffpu"" folds",2026-09-10T00:43:59.549Z,178900103954900
"""LingWae @ FQN9hzhzP_"" bets 5",2026-09-10T00:43:57.437Z,178900103743700
"River: 8♣, 5♥, 6♣, 7♦ [Q♥]",2026-09-10T00:43:56.147Z,178900103614700
"""gurt @ gpP9uUffpu"" checks",2026-09-10T00:43:55.308Z,178900103530800
"""LingWae @ FQN9hzhzP_"" checks",2026-09-10T00:43:53.861Z,178900103386100
"Turn: 8♣, 5♥, 6♣ [7♦]",2026-09-10T00:43:52.451Z,178900103245100
"""gurt @ gpP9uUffpu"" checks",2026-09-10T00:43:51.560Z,178900103156000
"""LingWae @ FQN9hzhzP_"" checks",2026-09-10T00:43:50.477Z,178900103047700
"Flop:  [8♣, 5♥, 6♣]",2026-09-10T00:43:48.449Z,178900102844900
"""LingWae @ FQN9hzhzP_"" calls 15",2026-09-10T00:43:47.640Z,178900102764000
"""gurt @ gpP9uUffpu"" raises to 15",2026-09-10T00:43:46.487Z,178900102648700
"""LingWae @ FQN9hzhzP_"" calls 5",2026-09-10T00:43:36.207Z,178900101620700
"""BELT TO ASS @ 0gI3DsAEI3"" folds",2026-09-10T00:43:26.380Z,178900100638000
"""gurt @ gpP9uUffpu"" posts a big blind of 5",2026-09-10T00:43:22.418Z,178900100241806
"""LingWae @ FQN9hzhzP_"" posts a small blind of 2",2026-09-10T00:43:22.418Z,178900100241805
"Player stacks: #1 ""BELT TO ASS @ 0gI3DsAEI3"" (631) | #6 ""LingWae @ FQN9hzhzP_"" (414) | #10 ""gurt @ gpP9uUffpu"" (455)",2026-09-10T00:43:22.418Z,178900100241801
"-- starting hand #6 (id: aakzncxrledq)  No Limit Texas Hold'em (dealer: ""BELT TO ASS @ 0gI3DsAEI3"") --",2026-09-10T00:43:22.418Z,178900100241800
"-- ending hand #5 --",2026-09-10T00:43:16.413Z,178900099641303
"""BELT TO ASS @ 0gI3DsAEI3"" collected 177 from pot with Pair, Q's (combination: 7♥, K♣, A♣, Q♥, Q♠)",2026-09-10T00:43:16.413Z,178900099641302
"""BELT TO ASS @ 0gI3DsAEI3"" shows a Q♥, 5♥.",2026-09-10T00:43:16.413Z,178900099641301
"""LingWae @ FQN9hzhzP_"" shows a 8♠, J♥.",2026-09-10T00:43:16.413Z,178900099641300
"""BELT TO ASS @ 0gI3DsAEI3"" calls 44",2026-09-10T00:43:15.529Z,178900099552900
"""LingWae @ FQN9hzhzP_"" bets 44",2026-09-10T00:43:10.211Z,178900099021100
"""BELT TO ASS @ 0gI3DsAEI3"" checks",2026-09-10T00:43:06.699Z,178900098669900
"River: 6♠, Q♠, 7♥, K♣ [A♣]",2026-09-10T00:43:03.262Z,178900098326200
"""LingWae @ FQN9hzhzP_"" checks",2026-09-10T00:43:02.400Z,178900098240000
"""BELT TO ASS @ 0gI3DsAEI3"" checks",2026-09-10T00:43:00.996Z,178900098099600
"Turn: 6♠, Q♠, 7♥ [K♣]",2026-09-10T00:42:57.610Z,178900097761000
"""gurt @ gpP9uUffpu"" folds",2026-09-10T00:42:56.775Z,178900097677500
"""LingWae @ FQN9hzhzP_"" calls 22",2026-09-10T00:42:55.872Z,178900097587200
"""BELT TO ASS @ 0gI3DsAEI3"" bets 22",2026-09-10T00:42:52.533Z,178900097253300
"Flop:  [6♠, Q♠, 7♥]",2026-09-10T00:42:43.668Z,178900096366800
"""BELT TO ASS @ 0gI3DsAEI3"" calls 15",2026-09-10T00:42:42.804Z,178900096280400
"""gurt @ gpP9uUffpu"" calls 15",2026-09-10T00:42:35.802Z,178900095580200
"""LingWae @ FQN9hzhzP_"" raises to 15",2026-09-10T00:42:33.203Z,178900095320300
"""BELT TO ASS @ 0gI3DsAEI3"" calls 5",2026-09-10T00:42:30.529Z,178900095052900
"""gurt @ gpP9uUffpu"" calls 5",2026-09-10T00:42:23.888Z,178900094388800
"""LingWae @ FQN9hzhzP_"" posts a big blind of 5",2026-09-10T00:42:22.659Z,178900094265906
"""BELT TO ASS @ 0gI3DsAEI3"" posts a small blind of 2",2026-09-10T00:42:22.659Z,178900094265905
"Player stacks: #1 ""BELT TO ASS @ 0gI3DsAEI3"" (535) | #6 ""LingWae @ FQN9hzhzP_"" (495) | #10 ""gurt @ gpP9uUffpu"" (470)",2026-09-10T00:42:22.659Z,178900094265901
"-- starting hand #5 (id: pwor4c36bwff)  No Limit Texas Hold'em (dealer: ""gurt @ gpP9uUffpu"") --",2026-09-10T00:42:22.659Z,178900094265900
"-- ending hand #4 --",2026-09-10T00:42:19.741Z,178900093974102
"""BELT TO ASS @ 0gI3DsAEI3"" collected 110 from pot",2026-09-10T00:42:19.741Z,178900093974101
"Uncalled bet of 425 returned to ""BELT TO ASS @ 0gI3DsAEI3""",2026-09-10T00:42:19.741Z,178900093974100
"""gurt @ gpP9uUffpu"" folds",2026-09-10T00:42:18.859Z,178900093885900
"""BELT TO ASS @ 0gI3DsAEI3"" raises to 458 and go all in",2026-09-10T00:42:10.052Z,178900093005200
"""gurt @ gpP9uUffpu"" bets 33",2026-09-10T00:42:05.979Z,178900092597900
"River: 10♦, K♥, 8♦, 6♣ [Q♥]",2026-09-10T00:42:03.967Z,178900092396700
"""BELT TO ASS @ 0gI3DsAEI3"" calls 10",2026-09-10T00:42:03.133Z,178900092313300
"""gurt @ gpP9uUffpu"" bets 10",2026-09-10T00:42:00.964Z,178900092096400
"Turn: 10♦, K♥, 8♦ [6♣]",2026-09-10T00:41:58.785Z,178900091878500
"""BELT TO ASS @ 0gI3DsAEI3"" checks",2026-09-10T00:41:57.979Z,178900091797900
"""gurt @ gpP9uUffpu"" checks",2026-09-10T00:41:54.289Z,178900091428900
"Flop:  [10♦, K♥, 8♦]",2026-09-10T00:41:52.781Z,178900091278100
"""gurt @ gpP9uUffpu"" calls 12",2026-09-10T00:41:51.930Z,178900091193000
"""BELT TO ASS @ 0gI3DsAEI3"" raises to 12",2026-09-10T00:41:48.815Z,178900090881500
"""gurt @ gpP9uUffpu"" calls 5",2026-09-10T00:41:43.230Z,178900090323000
"""LingWae @ FQN9hzhzP_"" folds",2026-09-10T00:41:41.675Z,178900090167500
"""BELT TO ASS @ 0gI3DsAEI3"" posts a big blind of 5",2026-09-10T00:41:37.574Z,178900089757406
"""gurt @ gpP9uUffpu"" posts a small blind of 2",2026-09-10T00:41:37.574Z,178900089757405
"Player stacks: #1 ""BELT TO ASS @ 0gI3DsAEI3"" (480) | #6 ""LingWae @ FQN9hzhzP_"" (495) | #10 ""gurt @ gpP9uUffpu"" (525)",2026-09-10T00:41:37.574Z,178900089757401
"-- starting hand #4 (id: 4cicu8gs0czt)  No Limit Texas Hold'em (dealer: ""LingWae @ FQN9hzhzP_"") --",2026-09-10T00:41:37.574Z,178900089757400
"Undealt cards: J♥, 4♣, 7♦, K♣ [5♣]",2026-09-10T00:41:32.973Z,178900089297300
"-- ending hand #3 --",2026-09-10T00:41:31.656Z,178900089165602
"""gurt @ gpP9uUffpu"" collected 45 from pot",2026-09-10T00:41:31.656Z,178900089165601
"Uncalled bet of 10 returned to ""gurt @ gpP9uUffpu""",2026-09-10T00:41:31.656Z,178900089165600
"""LingWae @ FQN9hzhzP_"" folds",2026-09-10T00:41:30.844Z,178900089084400
"""BELT TO ASS @ 0gI3DsAEI3"" folds",2026-09-10T00:41:23.314Z,178900088331400
"""gurt @ gpP9uUffpu"" bets 10",2026-09-10T00:41:18.330Z,178900087833000
"""LingWae @ FQN9hzhzP_"" checks",2026-09-10T00:41:14.591Z,178900087459100
"Turn: J♥, 4♣, 7♦ [K♣]",2026-09-10T00:41:06.707Z,178900086670700
"""BELT TO ASS @ 0gI3DsAEI3"" checks",2026-09-10T00:41:05.866Z,178900086586600
"""gurt @ gpP9uUffpu"" checks",2026-09-10T00:41:00.862Z,178900086086200
"""LingWae @ FQN9hzhzP_"" checks",2026-09-10T00:40:58.788Z,178900085878800
"Flop:  [J♥, 4♣, 7♦]",2026-09-10T00:40:57.168Z,178900085716800
"""LingWae @ FQN9hzhzP_"" calls 15",2026-09-10T00:40:56.334Z,178900085633400
"""BELT TO ASS @ 0gI3DsAEI3"" calls 15",2026-09-10T00:40:44.454Z,178900084445400
"""gurt @ gpP9uUffpu"" raises to 15",2026-09-10T00:40:41.084Z,178900084108400
"""LingWae @ FQN9hzhzP_"" calls 5",2026-09-10T00:40:37.619Z,178900083761900
"""BELT TO ASS @ 0gI3DsAEI3"" calls 5",2026-09-10T00:40:35.931Z,178900083593100
"""gurt @ gpP9uUffpu"" posts a big blind of 5",2026-09-10T00:40:32.355Z,178900083235506
"""LingWae @ FQN9hzhzP_"" posts a small blind of 2",2026-09-10T00:40:32.355Z,178900083235505
"Player stacks: #1 ""BELT TO ASS @ 0gI3DsAEI3"" (495) | #6 ""LingWae @ FQN9hzhzP_"" (510) | #10 ""gurt @ gpP9uUffpu"" (495)",2026-09-10T00:40:32.355Z,178900083235501
"-- starting hand #3 (id: spgizfoddzxt)  No Limit Texas Hold'em (dealer: ""BELT TO ASS @ 0gI3DsAEI3"") --",2026-09-10T00:40:32.355Z,178900083235500
"-- ending hand #2 --",2026-09-10T00:40:26.451Z,178900082645102
"""BELT TO ASS @ 0gI3DsAEI3"" collected 10 from pot",2026-09-10T00:40:26.451Z,178900082645101
"Uncalled bet of 5 returned to ""BELT TO ASS @ 0gI3DsAEI3""",2026-09-10T00:40:26.451Z,178900082645100
"""LingWae @ FQN9hzhzP_"" folds",2026-09-10T00:40:25.624Z,178900082562400
"""BELT TO ASS @ 0gI3DsAEI3"" bets 5",2026-09-10T00:40:21.986Z,178900082198600
"Turn: A♥, 10♣, Q♥ [4♣]",2026-09-10T00:40:17.449Z,178900081744900
"""LingWae @ FQN9hzhzP_"" checks",2026-09-10T00:40:16.602Z,178900081660200
"""BELT TO ASS @ 0gI3DsAEI3"" checks",2026-09-10T00:40:10.780Z,178900081078000
"Flop:  [A♥, 10♣, Q♥]",2026-09-10T00:40:05.528Z,178900080552800
"""LingWae @ FQN9hzhzP_"" checks",2026-09-10T00:40:04.681Z,178900080468100
"""BELT TO ASS @ 0gI3DsAEI3"" calls 5",2026-09-10T00:39:58.739Z,178900079873900
"""gurt @ gpP9uUffpu"" folds",2026-09-10T00:39:55.404Z,178900079540400
"""LingWae @ FQN9hzhzP_"" posts a big blind of 5",2026-09-10T00:39:48.997Z,178900078899706
"""BELT TO ASS @ 0gI3DsAEI3"" posts a small blind of 2",2026-09-10T00:39:48.997Z,178900078899705
"Player stacks: #1 ""BELT TO ASS @ 0gI3DsAEI3"" (490) | #6 ""LingWae @ FQN9hzhzP_"" (515) | #10 ""gurt @ gpP9uUffpu"" (495)",2026-09-10T00:39:48.997Z,178900078899701
"-- starting hand #2 (id: lunmnhonaiq1)  No Limit Texas Hold'em (dealer: ""gurt @ gpP9uUffpu"") --",2026-09-10T00:39:48.997Z,178900078899700
"-- ending hand #1 --",2026-09-10T00:39:42.997Z,178900078299702
"""LingWae @ FQN9hzhzP_"" collected 25 from pot",2026-09-10T00:39:42.997Z,178900078299701
"Uncalled bet of 10 returned to ""LingWae @ FQN9hzhzP_""",2026-09-10T00:39:42.997Z,178900078299700
"""BELT TO ASS @ 0gI3DsAEI3"" folds",2026-09-10T00:39:42.166Z,178900078216600
"""LingWae @ FQN9hzhzP_"" bets 10",2026-09-10T00:39:37.240Z,178900077724000
"""BELT TO ASS @ 0gI3DsAEI3"" checks",2026-09-10T00:39:33.847Z,178900077384700
"Turn: 6♥, 2♥, 2♦ [6♣]",2026-09-10T00:39:24.653Z,178900076465300
"""BELT TO ASS @ 0gI3DsAEI3"" calls 5",2026-09-10T00:39:23.781Z,178900076378100
"""gurt @ gpP9uUffpu"" folds",2026-09-10T00:39:20.782Z,178900076078200
"""LingWae @ FQN9hzhzP_"" bets 5",2026-09-10T00:38:49.900Z,178900072990000
"""BELT TO ASS @ 0gI3DsAEI3"" checks",2026-09-10T00:38:45.798Z,178900072579800
"""gurt @ gpP9uUffpu"" checks",2026-09-10T00:38:41.402Z,178900072140200
"Flop:  [6♥, 2♥, 2♦]",2026-09-10T00:38:34.792Z,178900071479200
"""BELT TO ASS @ 0gI3DsAEI3"" checks",2026-09-10T00:38:33.948Z,178900071394800
"""gurt @ gpP9uUffpu"" calls 5",2026-09-10T00:38:28.873Z,178900070887300
"""LingWae @ FQN9hzhzP_"" calls 5",2026-09-10T00:38:27.181Z,178900070718100
"""BELT TO ASS @ 0gI3DsAEI3"" posts a big blind of 5",2026-09-10T00:38:00.432Z,178900068043209
"""gurt @ gpP9uUffpu"" posts a small blind of 2",2026-09-10T00:38:00.432Z,178900068043208
"Player stacks: #1 ""BELT TO ASS @ 0gI3DsAEI3"" (500) | #6 ""LingWae @ FQN9hzhzP_"" (500) | #10 ""gurt @ gpP9uUffpu"" (500)",2026-09-10T00:38:00.432Z,178900068043204
"The player ""gurt @ gpP9uUffpu"" joined the game with a stack of 500.",2026-09-10T00:38:00.432Z,178900068043203
"The player ""LingWae @ FQN9hzhzP_"" joined the game with a stack of 500.",2026-09-10T00:38:00.432Z,178900068043202
"The player ""BELT TO ASS @ 0gI3DsAEI3"" joined the game with a stack of 500.",2026-09-10T00:38:00.432Z,178900068043201
"-- starting hand #1 (id: elhze4ph2otq)  No Limit Texas Hold'em (dealer: ""LingWae @ FQN9hzhzP_"") --",2026-09-10T00:38:00.432Z,178900068043200
"The admin approved the player ""BELT TO ASS @ 0gI3DsAEI3"" participation with a stack of 500.",2026-09-10T00:34:53.725Z,178900049372500
"The admin approved the player ""LingWae @ FQN9hzhzP_"" participation with a stack of 500.",2026-09-10T00:34:51.779Z,178900049177900
"The player ""BELT TO ASS @ 0gI3DsAEI3"" requested a seat.",2026-09-10T00:34:16.785Z,178900045678500
"The player ""LingWae @ FQN9hzhzP_"" requested a seat.",2026-09-10T00:34:14.883Z,178900045488300
"Game Config Changes
* Rabbit Hunt: off » on
* Allow Run it Twice: no » ask players
* 7-2 bounty: off » 15",2026-09-10T00:33:38.308Z,178900041830800
"The game's ante was changed from 0 to 0.",2026-09-10T00:33:16.960Z,178900039696003
"The game's big blind was changed from 20 to 5.",2026-09-10T00:33:16.960Z,178900039696002
"The game's small blind was changed from 10 to 2.",2026-09-10T00:33:16.960Z,178900039696001
"Game Config Changes
* Nit Minimum Players: off » 3
* Allow Rebuy: off » off
* Blind Schedule: L1: 10/20 » L1: 2/5
* Restart Blind Schedule at Level: none » 1",2026-09-10T00:33:16.960Z,178900039696000
"The admin approved the player ""gurt @ gpP9uUffpu"" participation with a stack of 500.",2026-09-10T00:33:07.175Z,178900038717501
"The player ""gurt @ gpP9uUffpu"" requested a seat.",2026-09-10T00:33:07.175Z,178900038717500
