entry,at,order
"The player ""hsj @ PEMYRVPxOS"" quits the game with a stack of 0.",2026-07-25T09:31:33.953Z,178497189395300
"-- ending hand #225 --",2026-07-25T09:31:25.854Z,178497188585402
"""fully locked @ gpP9uUffpu"" collected 1025 from pot with Pair, 10's on the second run  (combination: 7♠, 9♠, K♣, 10♦, 10♣)",2026-07-25T09:31:25.854Z,178497188585401
"""fully locked @ gpP9uUffpu"" collected 1025 from pot with Full House, 2's over 10's (combination: 10♦, 10♣, 2♥, 2♣, 2♠)",2026-07-25T09:31:25.854Z,178497188585400
"River (second run): 9♠, 6♠, 2♥, K♣ [7♠]",2026-07-25T09:31:21.756Z,178497188175600
"Turn (second run): 9♠, 6♠, 2♥ [K♣]",2026-07-25T09:31:17.753Z,178497187775300
"River: 9♠, 6♠, 2♥, 2♣ [2♠]",2026-07-25T09:31:13.750Z,178497187375000
"Turn: 9♠, 6♠, 2♥ [2♣]",2026-07-25T09:31:09.721Z,178497186972100
"""hsj @ PEMYRVPxOS"" shows a 9♣, Q♥.",2026-07-25T09:31:05.671Z,178497186567100
"""fully locked @ gpP9uUffpu"" shows a 10♦, 10♣.",2026-07-25T09:31:05.289Z,178497186528900
"All players in hand choose to run it twice.",2026-07-25T09:31:04.798Z,178497186479801
"""hsj @ PEMYRVPxOS"" chooses to  run it twice.",2026-07-25T09:31:04.798Z,178497186479800
"""fully locked @ gpP9uUffpu"" chooses to  run it twice.",2026-07-25T09:31:04.648Z,178497186464800
"Remaining players decide whether to run it twice.",2026-07-25T09:31:04.130Z,178497186413001
"""fully locked @ gpP9uUffpu"" calls 925",2026-07-25T09:31:04.130Z,178497186413000
"""hsj @ PEMYRVPxOS"" raises to 925 and go all in",2026-07-25T09:31:03.229Z,178497186322900
"""fully locked @ gpP9uUffpu"" bets 150",2026-07-25T09:31:01.408Z,178497186140800
"Flop:  [9♠, 6♠, 2♥]",2026-07-25T09:30:59.432Z,178497185943200
"""fully locked @ gpP9uUffpu"" calls 100",2026-07-25T09:30:58.521Z,178497185852100
"""hsj @ PEMYRVPxOS"" raises to 100",2026-07-25T09:30:57.539Z,178497185753900
"""fully locked @ gpP9uUffpu"" posts a big blind of 50",2026-07-25T09:30:55.435Z,178497185543505
"""hsj @ PEMYRVPxOS"" posts a small blind of 25",2026-07-25T09:30:55.435Z,178497185543504
"Your hand is 10♦, 10♣",2026-07-25T09:30:55.435Z,178497185543502
"Player stacks: #1 ""fully locked @ gpP9uUffpu"" (9975) | #2 ""hsj @ PEMYRVPxOS"" (1025)",2026-07-25T09:30:55.435Z,178497185543501
"-- starting hand #225 (id: xm0veccp1vpq)  No Limit Texas Hold'em (dealer: ""hsj @ PEMYRVPxOS"") --",2026-07-25T09:30:55.435Z,178497185543500
"Undealt cards: Q♠, Q♥, A♣, 7♠ [5♦]",2026-07-25T09:30:50.092Z,178497185009200
"-- ending hand #224 --",2026-07-25T09:30:49.431Z,178497184943102
"""hsj @ PEMYRVPxOS"" collected 100 from pot",2026-07-25T09:30:49.431Z,178497184943101
"Uncalled bet of 925 returned to ""hsj @ PEMYRVPxOS""",2026-07-25T09:30:49.431Z,178497184943100
"""fully locked @ gpP9uUffpu"" folds",2026-07-25T09:30:48.585Z,178497184858500
"""hsj @ PEMYRVPxOS"" bets 925 and go all in",2026-07-25T09:30:47.687Z,178497184768700
"Turn: Q♠, Q♥, A♣ [7♠]",2026-07-25T09:30:46.227Z,178497184622700
"""fully locked @ gpP9uUffpu"" checks",2026-07-25T09:30:45.311Z,178497184531100
"""hsj @ PEMYRVPxOS"" checks",2026-07-25T09:30:44.332Z,178497184433200
"Flop:  [Q♠, Q♥, A♣]",2026-07-25T09:30:42.628Z,178497184262800
"""hsj @ PEMYRVPxOS"" checks",2026-07-25T09:30:41.717Z,178497184171700
"""fully locked @ gpP9uUffpu"" calls 50",2026-07-25T09:30:40.729Z,178497184072900
"""hsj @ PEMYRVPxOS"" posts a big blind of 50",2026-07-25T09:30:40.025Z,178497184002505
"""fully locked @ gpP9uUffpu"" posts a small blind of 25",2026-07-25T09:30:40.025Z,178497184002504
"Player stacks: #1 ""fully locked @ gpP9uUffpu"" (10025) | #2 ""hsj @ PEMYRVPxOS"" (975)",2026-07-25T09:30:40.025Z,178497184002501
"-- starting hand #224 (id: d3587z8qk7fh)  No Limit Texas Hold'em (dealer: ""fully locked @ gpP9uUffpu"") --",2026-07-25T09:30:40.025Z,178497184002500
"Undealt cards:  [2♣, K♣, 3♥, 4♥, 5♥]",2026-07-25T09:30:34.663Z,178497183466300
"-- ending hand #223 --",2026-07-25T09:30:34.025Z,178497183402502
"""fully locked @ gpP9uUffpu"" collected 50 from pot",2026-07-25T09:30:34.025Z,178497183402501
"Uncalled bet of 25 returned to ""fully locked @ gpP9uUffpu""",2026-07-25T09:30:34.025Z,178497183402500
"""hsj @ PEMYRVPxOS"" folds",2026-07-25T09:30:33.197Z,178497183319700
"""fully locked @ gpP9uUffpu"" posts a big blind of 50",2026-07-25T09:30:31.614Z,178497183161405
"""hsj @ PEMYRVPxOS"" posts a small blind of 25",2026-07-25T09:30:31.614Z,178497183161404
"Player stacks: #1 ""fully locked @ gpP9uUffpu"" (10000) | #2 ""hsj @ PEMYRVPxOS"" (1000)",2026-07-25T09:30:31.614Z,178497183161401
"-- starting hand #223 (id: 3n6vags7mite)  No Limit Texas Hold'em (dealer: ""hsj @ PEMYRVPxOS"") --",2026-07-25T09:30:31.614Z,178497183161400
"-- ending hand #222 --",2026-07-25T09:30:28.613Z,178497182861302
"""fully locked @ gpP9uUffpu"" collected 600 from pot",2026-07-25T09:30:28.613Z,178497182861301
"Uncalled bet of 450 returned to ""fully locked @ gpP9uUffpu""",2026-07-25T09:30:28.613Z,178497182861300
"""hsj @ PEMYRVPxOS"" folds",2026-07-25T09:30:27.760Z,178497182776000
"""fully locked @ gpP9uUffpu"" bets 450",2026-07-25T09:30:26.796Z,178497182679600
"""hsj @ PEMYRVPxOS"" checks",2026-07-25T09:30:24.174Z,178497182417400
"River: 10♣, 8♦, K♥, J♦ [5♥]",2026-07-25T09:30:23.012Z,178497182301200
"""hsj @ PEMYRVPxOS"" calls 150",2026-07-25T09:30:22.117Z,178497182211700
"""fully locked @ gpP9uUffpu"" bets 150",2026-07-25T09:30:21.123Z,178497182112300
"""hsj @ PEMYRVPxOS"" checks",2026-07-25T09:30:19.382Z,178497181938200
"Turn: 10♣, 8♦, K♥ [J♦]",2026-07-25T09:30:18.410Z,178497181841000
"""fully locked @ gpP9uUffpu"" checks",2026-07-25T09:30:17.564Z,178497181756400
"""hsj @ PEMYRVPxOS"" checks",2026-07-25T09:30:16.661Z,178497181666100
"Flop:  [10♣, 8♦, K♥]",2026-07-25T09:30:14.809Z,178497181480900
"""hsj @ PEMYRVPxOS"" calls 150",2026-07-25T09:30:13.900Z,178497181390000
"""fully locked @ gpP9uUffpu"" raises to 150",2026-07-25T09:30:12.959Z,178497181295900
"""hsj @ PEMYRVPxOS"" posts a big blind of 50",2026-07-25T09:30:11.007Z,178497181100705
"""fully locked @ gpP9uUffpu"" posts a small blind of 25",2026-07-25T09:30:11.007Z,178497181100704
"Player stacks: #1 ""fully locked @ gpP9uUffpu"" (9700) | #2 ""hsj @ PEMYRVPxOS"" (1300)",2026-07-25T09:30:11.007Z,178497181100701
"-- starting hand #222 (id: nbxomqrjojpa)  No Limit Texas Hold'em (dealer: ""fully locked @ gpP9uUffpu"") --",2026-07-25T09:30:11.007Z,178497181100700
"Undealt cards: 6♠, Q♥, 4♠ [9♦, 8♠]",2026-07-25T09:30:05.173Z,178497180517300
"-- ending hand #221 --",2026-07-25T09:30:05.005Z,178497180500502
"""hsj @ PEMYRVPxOS"" collected 300 from pot",2026-07-25T09:30:05.005Z,178497180500501
"Uncalled bet of 1000 returned to ""hsj @ PEMYRVPxOS""",2026-07-25T09:30:05.005Z,178497180500500
"""fully locked @ gpP9uUffpu"" folds",2026-07-25T09:30:04.144Z,178497180414400
"""hsj @ PEMYRVPxOS"" raises to 1050 and go all in",2026-07-25T09:30:02.782Z,178497180278200
"""fully locked @ gpP9uUffpu"" bets 50",2026-07-25T09:30:00.622Z,178497180062200
"Flop:  [6♠, Q♥, 4♠]",2026-07-25T09:29:59.520Z,178497179952000
"""fully locked @ gpP9uUffpu"" calls 100",2026-07-25T09:29:58.695Z,178497179869500
"""hsj @ PEMYRVPxOS"" raises to 100",2026-07-25T09:29:57.780Z,178497179778000
"""fully locked @ gpP9uUffpu"" posts a big blind of 50",2026-07-25T09:29:55.718Z,178497179571805
"""hsj @ PEMYRVPxOS"" posts a small blind of 25",2026-07-25T09:29:55.718Z,178497179571804
"Player stacks: #1 ""fully locked @ gpP9uUffpu"" (9850) | #2 ""hsj @ PEMYRVPxOS"" (1150)",2026-07-25T09:29:55.718Z,178497179571801
"-- starting hand #221 (id: ovedkgva37zn)  No Limit Texas Hold'em (dealer: ""hsj @ PEMYRVPxOS"") --",2026-07-25T09:29:55.718Z,178497179571800
"""fully locked @ gpP9uUffpu"" shows a Q♠, A♣.",2026-07-25T09:29:53.915Z,178497179391500
"""hsj @ PEMYRVPxOS"" shows a J♣, 4♦.",2026-07-25T09:29:51.893Z,178497179189300
"Undealt cards:  [5♠, J♥, 10♠, 8♣, 4♥]",2026-07-25T09:29:48.666Z,178497178866600
"-- ending hand #220 --",2026-07-25T09:29:48.391Z,178497178839102
"""fully locked @ gpP9uUffpu"" collected 100 from pot",2026-07-25T09:29:48.391Z,178497178839101
"Uncalled bet of 200 returned to ""fully locked @ gpP9uUffpu""",2026-07-25T09:29:48.391Z,178497178839100
"""hsj @ PEMYRVPxOS"" folds",2026-07-25T09:29:47.534Z,178497178753400
"""fully locked @ gpP9uUffpu"" raises to 250",2026-07-25T09:29:46.358Z,178497178635800
"""hsj @ PEMYRVPxOS"" posts a big blind of 50",2026-07-25T09:29:44.590Z,178497178459005
"""fully locked @ gpP9uUffpu"" posts a small blind of 25",2026-07-25T09:29:44.590Z,178497178459004
"Your hand is Q♠, A♣",2026-07-25T09:29:44.590Z,178497178459002
"Player stacks: #1 ""fully locked @ gpP9uUffpu"" (9800) | #2 ""hsj @ PEMYRVPxOS"" (1200)",2026-07-25T09:29:44.590Z,178497178459001
"-- starting hand #220 (id: ug9sglm3qudg)  No Limit Texas Hold'em (dealer: ""fully locked @ gpP9uUffpu"") --",2026-07-25T09:29:44.590Z,178497178459000
"""hsj @ PEMYRVPxOS"" shows a 9♦.",2026-07-25T09:29:40.265Z,178497178026500
"-- ending hand #219 --",2026-07-25T09:29:38.063Z,178497177806302
"""fully locked @ gpP9uUffpu"" collected 400 from pot with Pair, 10's (combination: 6♣, 9♠, K♥, 10♥, 10♦)",2026-07-25T09:29:38.063Z,178497177806301
"""fully locked @ gpP9uUffpu"" shows a 4♠, 10♥.",2026-07-25T09:29:38.063Z,178497177806300
"""hsj @ PEMYRVPxOS"" checks",2026-07-25T09:29:37.204Z,178497177720400
"""fully locked @ gpP9uUffpu"" checks",2026-07-25T09:29:36.196Z,178497177619600
"River: K♥, 10♦, 9♠, 3♠ [6♣]",2026-07-25T09:29:35.663Z,178497177566300
"""hsj @ PEMYRVPxOS"" checks",2026-07-25T09:29:34.807Z,178497177480700
"""fully locked @ gpP9uUffpu"" checks",2026-07-25T09:29:33.889Z,178497177388900
"Turn: K♥, 10♦, 9♠ [3♠]",2026-07-25T09:29:32.785Z,178497177278500
"""hsj @ PEMYRVPxOS"" calls 100",2026-07-25T09:29:31.954Z,178497177195400
"""fully locked @ gpP9uUffpu"" bets 100",2026-07-25T09:29:31.045Z,178497177104500
"Flop:  [K♥, 10♦, 9♠]",2026-07-25T09:29:29.383Z,178497176938300
"""fully locked @ gpP9uUffpu"" calls 100",2026-07-25T09:29:28.515Z,178497176851500
"""hsj @ PEMYRVPxOS"" raises to 100",2026-07-25T09:29:27.526Z,178497176752600
"""fully locked @ gpP9uUffpu"" posts a big blind of 50",2026-07-25T09:29:26.097Z,178497176609705
"""hsj @ PEMYRVPxOS"" posts a small blind of 25",2026-07-25T09:29:26.097Z,178497176609704
"Your hand is 4♠, 10♥",2026-07-25T09:29:26.097Z,178497176609702
"Player stacks: #1 ""fully locked @ gpP9uUffpu"" (9600) | #2 ""hsj @ PEMYRVPxOS"" (1400)",2026-07-25T09:29:26.097Z,178497176609701
"-- starting hand #219 (id: vgbgxnleg9cv)  No Limit Texas Hold'em (dealer: ""hsj @ PEMYRVPxOS"") --",2026-07-25T09:29:26.097Z,178497176609700
"""fully locked @ gpP9uUffpu"" shows a 4♣, 4♠.",2026-07-25T09:29:22.071Z,178497176207100
"Undealt cards:  [4♥, 7♠, 9♦, 8♦, J♠]",2026-07-25T09:29:19.883Z,178497175988300
"-- ending hand #218 --",2026-07-25T09:29:19.494Z,178497175949402
"""fully locked @ gpP9uUffpu"" collected 100 from pot",2026-07-25T09:29:19.494Z,178497175949401
"Uncalled bet of 100 returned to ""fully locked @ gpP9uUffpu""",2026-07-25T09:29:19.494Z,178497175949400
"""hsj @ PEMYRVPxOS"" folds",2026-07-25T09:29:18.667Z,178497175866700
"""fully locked @ gpP9uUffpu"" raises to 150",2026-07-25T09:29:17.721Z,178497175772100
"""hsj @ PEMYRVPxOS"" posts a big blind of 50",2026-07-25T09:29:16.091Z,178497175609105
"""fully locked @ gpP9uUffpu"" posts a small blind of 25",2026-07-25T09:29:16.091Z,178497175609104
"Your hand is 4♣, 4♠",2026-07-25T09:29:16.091Z,178497175609102
"Player stacks: #1 ""fully locked @ gpP9uUffpu"" (9550) | #2 ""hsj @ PEMYRVPxOS"" (1450)",2026-07-25T09:29:16.091Z,178497175609101
"-- starting hand #218 (id: ps6mmlptsqic)  No Limit Texas Hold'em (dealer: ""fully locked @ gpP9uUffpu"") --",2026-07-25T09:29:16.091Z,178497175609100
"Undealt cards:  [8♥, A♥, 3♣, 10♦, 7♥]",2026-07-25T09:29:10.357Z,178497175035700
"-- ending hand #217 --",2026-07-25T09:29:10.171Z,178497175017102
"""fully locked @ gpP9uUffpu"" collected 100 from pot",2026-07-25T09:29:10.171Z,178497175017101
"Uncalled bet of 200 returned to ""fully locked @ gpP9uUffpu""",2026-07-25T09:29:10.171Z,178497175017100
"""hsj @ PEMYRVPxOS"" folds",2026-07-25T09:29:09.345Z,178497174934500
"""fully locked @ gpP9uUffpu"" raises to 250",2026-07-25T09:29:06.498Z,178497174649800
"""hsj @ PEMYRVPxOS"" calls 50",2026-07-25T09:29:04.669Z,178497174466900
"""fully locked @ gpP9uUffpu"" posts a big blind of 50",2026-07-25T09:29:02.891Z,178497174289105
"""hsj @ PEMYRVPxOS"" posts a small blind of 25",2026-07-25T09:29:02.891Z,178497174289104
"Player stacks: #1 ""fully locked @ gpP9uUffpu"" (9500) | #2 ""hsj @ PEMYRVPxOS"" (1500)",2026-07-25T09:29:02.891Z,178497174289101
"-- starting hand #217 (id: 5wq9oexmyzju)  No Limit Texas Hold'em (dealer: ""hsj @ PEMYRVPxOS"") --",2026-07-25T09:29:02.891Z,178497174289100
"Undealt cards: 5♠, 9♠, 8♠, A♠ [6♥]",2026-07-25T09:28:57.189Z,178497173718900
"-- ending hand #216 --",2026-07-25T09:28:56.962Z,178497173696202
"""hsj @ PEMYRVPxOS"" collected 200 from pot",2026-07-25T09:28:56.962Z,178497173696201
"Uncalled bet of 50 returned to ""hsj @ PEMYRVPxOS""",2026-07-25T09:28:56.962Z,178497173696200
"""fully locked @ gpP9uUffpu"" folds",2026-07-25T09:28:56.116Z,178497173611600
"""hsj @ PEMYRVPxOS"" bets 50",2026-07-25T09:28:55.197Z,178497173519700
"Turn: 5♠, 9♠, 8♠ [A♠]",2026-07-25T09:28:54.361Z,178497173436100
"""hsj @ PEMYRVPxOS"" calls 50",2026-07-25T09:28:53.475Z,178497173347500
"""fully locked @ gpP9uUffpu"" bets 50",2026-07-25T09:28:52.574Z,178497173257400
"""hsj @ PEMYRVPxOS"" checks",2026-07-25T09:28:51.541Z,178497173154100
"Flop:  [5♠, 9♠, 8♠]",2026-07-25T09:28:50.160Z,178497173016000
"""hsj @ PEMYRVPxOS"" checks",2026-07-25T09:28:49.317Z,178497172931700
"""fully locked @ gpP9uUffpu"" calls 50",2026-07-25T09:28:48.422Z,178497172842200
"""hsj @ PEMYRVPxOS"" posts a big blind of 50",2026-07-25T09:28:47.755Z,178497172775505
"""fully locked @ gpP9uUffpu"" posts a small blind of 25",2026-07-25T09:28:47.755Z,178497172775504
"Player stacks: #1 ""fully locked @ gpP9uUffpu"" (9600) | #2 ""hsj @ PEMYRVPxOS"" (1400)",2026-07-25T09:28:47.755Z,178497172775501
"-- starting hand #216 (id: nbsx2r538tn7)  No Limit Texas Hold'em (dealer: ""fully locked @ gpP9uUffpu"") --",2026-07-25T09:28:47.755Z,178497172775500
"Undealt cards:  [8♥, 8♣, K♣, K♦, 5♦]",2026-07-25T09:28:42.305Z,178497172230500
"-- ending hand #215 --",2026-07-25T09:28:41.781Z,178497172178102
"""fully locked @ gpP9uUffpu"" collected 50 from pot",2026-07-25T09:28:41.781Z,178497172178101
"Uncalled bet of 25 returned to ""fully locked @ gpP9uUffpu""",2026-07-25T09:28:41.781Z,178497172178100
"""hsj @ PEMYRVPxOS"" folds",2026-07-25T09:28:40.972Z,178497172097200
"""fully locked @ gpP9uUffpu"" posts a big blind of 50",2026-07-25T09:28:39.741Z,178497171974105
"""hsj @ PEMYRVPxOS"" posts a small blind of 25",2026-07-25T09:28:39.741Z,178497171974104
"Player stacks: #1 ""fully locked @ gpP9uUffpu"" (9575) | #2 ""hsj @ PEMYRVPxOS"" (1425)",2026-07-25T09:28:39.741Z,178497171974101
"-- starting hand #215 (id: 16qyvupgipfs)  No Limit Texas Hold'em (dealer: ""hsj @ PEMYRVPxOS"") --",2026-07-25T09:28:39.741Z,178497171974100
"Undealt cards: 7♣, K♦, 8♥ [K♠, 5♠]",2026-07-25T09:28:34.128Z,178497171412800
"-- ending hand #214 --",2026-07-25T09:28:33.806Z,178497171380602
"""fully locked @ gpP9uUffpu"" collected 100 from pot",2026-07-25T09:28:33.806Z,178497171380601
"Uncalled bet of 50 returned to ""fully locked @ gpP9uUffpu""",2026-07-25T09:28:33.806Z,178497171380600
"""hsj @ PEMYRVPxOS"" folds",2026-07-25T09:28:32.999Z,178497171299900
"""fully locked @ gpP9uUffpu"" bets 50",2026-07-25T09:28:31.417Z,178497171141700
"""hsj @ PEMYRVPxOS"" checks",2026-07-25T09:28:30.290Z,178497171029000
"Flop:  [7♣, K♦, 8♥]",2026-07-25T09:28:28.733Z,178497170873300
"""hsj @ PEMYRVPxOS"" checks",2026-07-25T09:28:27.826Z,178497170782600
"""fully locked @ gpP9uUffpu"" calls 50",2026-07-25T09:28:26.814Z,178497170681400
"""hsj @ PEMYRVPxOS"" posts a big blind of 50",2026-07-25T09:28:26.132Z,178497170613205
"""fully locked @ gpP9uUffpu"" posts a small blind of 25",2026-07-25T09:28:26.132Z,178497170613204
"Player stacks: #1 ""fully locked @ gpP9uUffpu"" (9525) | #2 ""hsj @ PEMYRVPxOS"" (1475)",2026-07-25T09:28:26.132Z,178497170613201
"-- starting hand #214 (id: 90yjl7earcuj)  No Limit Texas Hold'em (dealer: ""fully locked @ gpP9uUffpu"") --",2026-07-25T09:28:26.132Z,178497170613200
"Undealt cards: 2♠, 3♦, 5♥ [K♣, 8♠]",2026-07-25T09:28:20.848Z,178497170084800
"-- ending hand #213 --",2026-07-25T09:28:20.128Z,178497170012802
"""hsj @ PEMYRVPxOS"" collected 300 from pot",2026-07-25T09:28:20.128Z,178497170012801
"Uncalled bet of 1175 returned to ""hsj @ PEMYRVPxOS""",2026-07-25T09:28:20.128Z,178497170012800
"""fully locked @ gpP9uUffpu"" folds",2026-07-25T09:28:19.230Z,178497169923000
"""hsj @ PEMYRVPxOS"" raises to 1225 and go all in",2026-07-25T09:28:18.309Z,178497169830900
"""fully locked @ gpP9uUffpu"" bets 50",2026-07-25T09:28:16.681Z,178497169668100
"Flop:  [2♠, 3♦, 5♥]",2026-07-25T09:28:15.564Z,178497169556400
"""fully locked @ gpP9uUffpu"" calls 100",2026-07-25T09:28:14.759Z,178497169475900
"""hsj @ PEMYRVPxOS"" raises to 100",2026-07-25T09:28:13.645Z,178497169364500
"""fully locked @ gpP9uUffpu"" posts a big blind of 50",2026-07-25T09:28:12.523Z,178497169252305
"""hsj @ PEMYRVPxOS"" posts a small blind of 25",2026-07-25T09:28:12.523Z,178497169252304
"Player stacks: #1 ""fully locked @ gpP9uUffpu"" (9675) | #2 ""hsj @ PEMYRVPxOS"" (1325)",2026-07-25T09:28:12.523Z,178497169252301
"-- starting hand #213 (id: ebhwkbujdwj3)  No Limit Texas Hold'em (dealer: ""hsj @ PEMYRVPxOS"") --",2026-07-25T09:28:12.523Z,178497169252300
"-- ending hand #212 --",2026-07-25T09:28:06.515Z,178497168651502
"""hsj @ PEMYRVPxOS"" collected 100 from pot with Pair, 6's (combination: 10♠, J♠, K♣, 6♠, 6♣)",2026-07-25T09:28:06.515Z,178497168651501
"""hsj @ PEMYRVPxOS"" shows a 10♠, J♠.",2026-07-25T09:28:06.515Z,178497168651500
"""fully locked @ gpP9uUffpu"" checks",2026-07-25T09:28:05.603Z,178497168560300
"""hsj @ PEMYRVPxOS"" checks",2026-07-25T09:28:04.683Z,178497168468300
"River: 7♠, 2♥, K♣, 6♠ [6♣]",2026-07-25T09:28:03.516Z,178497168351600
"""fully locked @ gpP9uUffpu"" checks",2026-07-25T09:28:02.617Z,178497168261700
"""hsj @ PEMYRVPxOS"" checks",2026-07-25T09:28:01.615Z,178497168161500
"Turn: 7♠, 2♥, K♣ [6♠]",2026-07-25T09:28:00.795Z,178497168079500
"""fully locked @ gpP9uUffpu"" checks",2026-07-25T09:27:59.950Z,178497167995000
"""hsj @ PEMYRVPxOS"" checks",2026-07-25T09:27:59.007Z,178497167900700
"Flop:  [7♠, 2♥, K♣]",2026-07-25T09:27:56.795Z,178497167679500
"""hsj @ PEMYRVPxOS"" checks",2026-07-25T09:27:55.979Z,178497167597900
"""fully locked @ gpP9uUffpu"" calls 50",2026-07-25T09:27:55.068Z,178497167506800
"""hsj @ PEMYRVPxOS"" posts a big blind of 50",2026-07-25T09:27:54.392Z,178497167439205
"""fully locked @ gpP9uUffpu"" posts a small blind of 25",2026-07-25T09:27:54.392Z,178497167439204
"Player stacks: #1 ""fully locked @ gpP9uUffpu"" (9725) | #2 ""hsj @ PEMYRVPxOS"" (1275)",2026-07-25T09:27:54.392Z,178497167439201
"-- starting hand #212 (id: wzt7evoholpx)  No Limit Texas Hold'em (dealer: ""fully locked @ gpP9uUffpu"") --",2026-07-25T09:27:54.392Z,178497167439200
"""fully locked @ gpP9uUffpu"" shows a 3♣, 5♣.",2026-07-25T09:27:50.376Z,178497167037600
"Undealt cards: K♣, 2♦, Q♠, 2♣ [7♣]",2026-07-25T09:27:48.041Z,178497166804100
"-- ending hand #211 --",2026-07-25T09:27:47.788Z,178497166778802
"""fully locked @ gpP9uUffpu"" collected 300 from pot",2026-07-25T09:27:47.788Z,178497166778801
"Uncalled bet of 200 returned to ""fully locked @ gpP9uUffpu""",2026-07-25T09:27:47.788Z,178497166778800
"""hsj @ PEMYRVPxOS"" folds",2026-07-25T09:27:46.951Z,178497166695100
"""fully locked @ gpP9uUffpu"" bets 200",2026-07-25T09:27:46.030Z,178497166603000
"Turn: K♣, 2♦, Q♠ [2♣]",2026-07-25T09:27:43.988Z,178497166398800
"""hsj @ PEMYRVPxOS"" calls 50",2026-07-25T09:27:43.174Z,178497166317400
"""fully locked @ gpP9uUffpu"" bets 50",2026-07-25T09:27:42.064Z,178497166206400
"Flop:  [K♣, 2♦, Q♠]",2026-07-25T09:27:40.783Z,178497166078300
"""fully locked @ gpP9uUffpu"" calls 100",2026-07-25T09:27:39.934Z,178497165993400
"""hsj @ PEMYRVPxOS"" raises to 100",2026-07-25T09:27:38.990Z,178497165899000
"""fully locked @ gpP9uUffpu"" posts a big blind of 50",2026-07-25T09:27:37.785Z,178497165778505
"""hsj @ PEMYRVPxOS"" posts a small blind of 25",2026-07-25T09:27:37.785Z,178497165778504
"Your hand is 3♣, 5♣",2026-07-25T09:27:37.785Z,178497165778502
"Player stacks: #1 ""fully locked @ gpP9uUffpu"" (9575) | #2 ""hsj @ PEMYRVPxOS"" (1425)",2026-07-25T09:27:37.785Z,178497165778501
"-- starting hand #211 (id: qw01eprre9zb)  No Limit Texas Hold'em (dealer: ""hsj @ PEMYRVPxOS"") --",2026-07-25T09:27:37.785Z,178497165778500
"Undealt cards: 10♦, K♦, Q♥, 6♣ [7♥]",2026-07-25T09:27:32.374Z,178497165237400
"-- ending hand #210 --",2026-07-25T09:27:31.847Z,178497165184702
"""fully locked @ gpP9uUffpu"" collected 200 from pot",2026-07-25T09:27:31.847Z,178497165184701
"Uncalled bet of 50 returned to ""fully locked @ gpP9uUffpu""",2026-07-25T09:27:31.847Z,178497165184700
"""hsj @ PEMYRVPxOS"" folds",2026-07-25T09:27:31.020Z,178497165102000
"""fully locked @ gpP9uUffpu"" bets 50",2026-07-25T09:27:30.059Z,178497165005900
"""hsj @ PEMYRVPxOS"" checks",2026-07-25T09:27:29.054Z,178497164905400
"Turn: 10♦, K♦, Q♥ [6♣]",2026-07-25T09:27:27.978Z,178497164797800
"""hsj @ PEMYRVPxOS"" calls 50",2026-07-25T09:27:27.121Z,178497164712100
"""fully locked @ gpP9uUffpu"" bets 50",2026-07-25T09:27:26.209Z,178497164620900
"""hsj @ PEMYRVPxOS"" checks",2026-07-25T09:27:24.886Z,178497164488600
"Flop:  [10♦, K♦, Q♥]",2026-07-25T09:27:23.266Z,178497164326600
"""hsj @ PEMYRVPxOS"" checks",2026-07-25T09:27:22.462Z,178497164246200
"""fully locked @ gpP9uUffpu"" calls 50",2026-07-25T09:27:21.490Z,178497164149000
"""hsj @ PEMYRVPxOS"" posts a big blind of 50",2026-07-25T09:27:20.773Z,178497164077305
"""fully locked @ gpP9uUffpu"" posts a small blind of 25",2026-07-25T09:27:20.773Z,178497164077304
"Player stacks: #1 ""fully locked @ gpP9uUffpu"" (9475) | #2 ""hsj @ PEMYRVPxOS"" (1525)",2026-07-25T09:27:20.773Z,178497164077301
"-- starting hand #210 (id: yv3n1sdicxrx)  No Limit Texas Hold'em (dealer: ""fully locked @ gpP9uUffpu"") --",2026-07-25T09:27:20.773Z,178497164077300
"Undealt cards:  [9♥, 2♦, 6♣, 4♥, 8♣]",2026-07-25T09:27:15.215Z,178497163521500
"-- ending hand #209 --",2026-07-25T09:27:14.814Z,178497163481402
"""fully locked @ gpP9uUffpu"" collected 50 from pot",2026-07-25T09:27:14.814Z,178497163481401
"Uncalled bet of 25 returned to ""fully locked @ gpP9uUffpu""",2026-07-25T09:27:14.814Z,178497163481400
"""hsj @ PEMYRVPxOS"" folds",2026-07-25T09:27:14.001Z,178497163400100
"""fully locked @ gpP9uUffpu"" posts a big blind of 50",2026-07-25T09:27:12.570Z,178497163257005
"""hsj @ PEMYRVPxOS"" posts a small blind of 25",2026-07-25T09:27:12.570Z,178497163257004
"Player stacks: #1 ""fully locked @ gpP9uUffpu"" (9450) | #2 ""hsj @ PEMYRVPxOS"" (1550)",2026-07-25T09:27:12.570Z,178497163257001
"-- starting hand #209 (id: slcbg52xbwff)  No Limit Texas Hold'em (dealer: ""hsj @ PEMYRVPxOS"") --",2026-07-25T09:27:12.570Z,178497163257000
"-- ending hand #208 --",2026-07-25T09:27:06.464Z,178497162646402
"""hsj @ PEMYRVPxOS"" collected 200 from pot with Pair, Q's (combination: J♠, K♣, A♠, Q♥, Q♠)",2026-07-25T09:27:06.464Z,178497162646401
"""hsj @ PEMYRVPxOS"" shows a 3♣, K♣.",2026-07-25T09:27:06.464Z,178497162646400
"""fully locked @ gpP9uUffpu"" calls 50",2026-07-25T09:27:05.651Z,178497162565100
"""hsj @ PEMYRVPxOS"" bets 50",2026-07-25T09:27:04.671Z,178497162467100
"River: A♠, 7♥, J♠, Q♥ [Q♠]",2026-07-25T09:27:03.566Z,178497162356600
"""fully locked @ gpP9uUffpu"" checks",2026-07-25T09:27:02.656Z,178497162265600
"""hsj @ PEMYRVPxOS"" checks",2026-07-25T09:27:01.697Z,178497162169700
"Turn: A♠, 7♥, J♠ [Q♥]",2026-07-25T09:27:00.457Z,178497162045700
"""fully locked @ gpP9uUffpu"" checks",2026-07-25T09:26:59.640Z,178497161964000
"""hsj @ PEMYRVPxOS"" checks",2026-07-25T09:26:58.745Z,178497161874500
"Flop:  [A♠, 7♥, J♠]",2026-07-25T09:26:57.056Z,178497161705600
"""hsj @ PEMYRVPxOS"" checks",2026-07-25T09:26:56.241Z,178497161624100
"""fully locked @ gpP9uUffpu"" calls 50",2026-07-25T09:26:55.283Z,178497161528300
"""hsj @ PEMYRVPxOS"" posts a big blind of 50",2026-07-25T09:26:53.949Z,178497161394905
"""fully locked @ gpP9uUffpu"" posts a small blind of 25",2026-07-25T09:26:53.949Z,178497161394904
"Player stacks: #1 ""fully locked @ gpP9uUffpu"" (9550) | #2 ""hsj @ PEMYRVPxOS"" (1450)",2026-07-25T09:26:53.949Z,178497161394901
"-- starting hand #208 (id: 7zamboilf6ds)  No Limit Texas Hold'em (dealer: ""fully locked @ gpP9uUffpu"") --",2026-07-25T09:26:53.949Z,178497161394900
"-- ending hand #207 --",2026-07-25T09:26:50.951Z,178497161095102
"""fully locked @ gpP9uUffpu"" collected 400 from pot",2026-07-25T09:26:50.951Z,178497161095101
"Uncalled bet of 200 returned to ""fully locked @ gpP9uUffpu""",2026-07-25T09:26:50.951Z,178497161095100
"""hsj @ PEMYRVPxOS"" folds",2026-07-25T09:26:50.128Z,178497161012800
"""fully locked @ gpP9uUffpu"" bets 200",2026-07-25T09:26:48.934Z,178497160893400
"River: 10♣, J♥, K♦, J♣ [5♦]",2026-07-25T09:26:47.348Z,178497160734800
"""hsj @ PEMYRVPxOS"" calls 50",2026-07-25T09:26:46.455Z,178497160645500
"""fully locked @ gpP9uUffpu"" bets 50",2026-07-25T09:26:45.518Z,178497160551800
"Turn: 10♣, J♥, K♦ [J♣]",2026-07-25T09:26:43.962Z,178497160396200
"""hsj @ PEMYRVPxOS"" calls 50",2026-07-25T09:26:43.152Z,178497160315200
"""fully locked @ gpP9uUffpu"" bets 50",2026-07-25T09:26:42.196Z,178497160219600
"Flop:  [10♣, J♥, K♦]",2026-07-25T09:26:40.762Z,178497160076200
"""fully locked @ gpP9uUffpu"" calls 100",2026-07-25T09:26:39.912Z,178497159991200
"""hsj @ PEMYRVPxOS"" raises to 100",2026-07-25T09:26:38.609Z,178497159860900
"""fully locked @ gpP9uUffpu"" posts a big blind of 50",2026-07-25T09:26:37.361Z,178497159736105
"""hsj @ PEMYRVPxOS"" posts a small blind of 25",2026-07-25T09:26:37.361Z,178497159736104
"Player stacks: #1 ""fully locked @ gpP9uUffpu"" (9350) | #2 ""hsj @ PEMYRVPxOS"" (1650)",2026-07-25T09:26:37.361Z,178497159736101
"-- starting hand #207 (id: aggvxapxfb8z)  No Limit Texas Hold'em (dealer: ""hsj @ PEMYRVPxOS"") --",2026-07-25T09:26:37.361Z,178497159736100
"""fully locked @ gpP9uUffpu"" shows a 2♠.",2026-07-25T09:26:33.366Z,178497159336600
"Undealt cards: 4♥, 9♦, 10♠, 10♦ [2♦]",2026-07-25T09:26:30.919Z,178497159091900
"-- ending hand #206 --",2026-07-25T09:26:30.703Z,178497159070302
"""hsj @ PEMYRVPxOS"" collected 200 from pot",2026-07-25T09:26:30.703Z,178497159070301
"Uncalled bet of 50 returned to ""hsj @ PEMYRVPxOS""",2026-07-25T09:26:30.703Z,178497159070300
"""fully locked @ gpP9uUffpu"" folds",2026-07-25T09:26:29.823Z,178497158982300
"""hsj @ PEMYRVPxOS"" bets 50",2026-07-25T09:26:28.832Z,178497158883200
"Turn: 4♥, 9♦, 10♠ [10♦]",2026-07-25T09:26:27.701Z,178497158770100
"""hsj @ PEMYRVPxOS"" calls 50",2026-07-25T09:26:26.849Z,178497158684900
"""fully locked @ gpP9uUffpu"" bets 50",2026-07-25T09:26:25.829Z,178497158582900
"""hsj @ PEMYRVPxOS"" checks",2026-07-25T09:26:24.718Z,178497158471800
"Flop:  [4♥, 9♦, 10♠]",2026-07-25T09:26:23.096Z,178497158309600
"""hsj @ PEMYRVPxOS"" checks",2026-07-25T09:26:22.283Z,178497158228300
"""fully locked @ gpP9uUffpu"" calls 50",2026-07-25T09:26:21.365Z,178497158136500
"""hsj @ PEMYRVPxOS"" posts a big blind of 50",2026-07-25T09:26:20.491Z,178497158049105
"""fully locked @ gpP9uUffpu"" posts a small blind of 25",2026-07-25T09:26:20.491Z,178497158049104
"Player stacks: #1 ""fully locked @ gpP9uUffpu"" (9450) | #2 ""hsj @ PEMYRVPxOS"" (1550)",2026-07-25T09:26:20.491Z,178497158049101
"-- starting hand #206 (id: zvgmp1accldr)  No Limit Texas Hold'em (dealer: ""fully locked @ gpP9uUffpu"") --",2026-07-25T09:26:20.491Z,178497158049100
"Undealt cards:  [7♣, 3♦, 9♥, 8♦, Q♠]",2026-07-25T09:26:14.916Z,178497157491600
"-- ending hand #205 --",2026-07-25T09:26:14.491Z,178497157449102
"""fully locked @ gpP9uUffpu"" collected 50 from pot",2026-07-25T09:26:14.491Z,178497157449101
"Uncalled bet of 25 returned to ""fully locked @ gpP9uUffpu""",2026-07-25T09:26:14.491Z,178497157449100
"""hsj @ PEMYRVPxOS"" folds",2026-07-25T09:26:13.632Z,178497157363200
"""fully locked @ gpP9uUffpu"" posts a big blind of 50",2026-07-25T09:26:10.389Z,178497157038905
"""hsj @ PEMYRVPxOS"" posts a small blind of 25",2026-07-25T09:26:10.389Z,178497157038904
"Player stacks: #1 ""fully locked @ gpP9uUffpu"" (9425) | #2 ""hsj @ PEMYRVPxOS"" (1575)",2026-07-25T09:26:10.389Z,178497157038901
"-- starting hand #205 (id: pr6kvxkuuae9)  No Limit Texas Hold'em (dealer: ""hsj @ PEMYRVPxOS"") --",2026-07-25T09:26:10.389Z,178497157038900
"-- ending hand #204 --",2026-07-25T09:26:04.350Z,178497156435002
"""hsj @ PEMYRVPxOS"" collected 100 from pot with Pair, 7's (combination: J♦, K♥, A♦, 7♠, 7♥)",2026-07-25T09:26:04.350Z,178497156435001
"""hsj @ PEMYRVPxOS"" shows a 3♥, J♦.",2026-07-25T09:26:04.350Z,178497156435000
"""fully locked @ gpP9uUffpu"" checks",2026-07-25T09:26:03.494Z,178497156349400
"""hsj @ PEMYRVPxOS"" checks",2026-07-25T09:26:02.549Z,178497156254900
"River: K♥, A♦, 7♠, 7♥ [9♦]",2026-07-25T09:26:00.116Z,178497156011600
"""fully locked @ gpP9uUffpu"" checks",2026-07-25T09:25:59.271Z,178497155927100
"""hsj @ PEMYRVPxOS"" checks",2026-07-25T09:25:58.353Z,178497155835300
"Turn: K♥, A♦, 7♠ [7♥]",2026-07-25T09:25:57.677Z,178497155767700
"""fully locked @ gpP9uUffpu"" checks",2026-07-25T09:25:56.871Z,178497155687100
"""hsj @ PEMYRVPxOS"" checks",2026-07-25T09:25:55.972Z,178497155597200
"Flop:  [K♥, A♦, 7♠]",2026-07-25T09:25:54.179Z,178497155417900
"""hsj @ PEMYRVPxOS"" checks",2026-07-25T09:25:53.270Z,178497155327000
"""fully locked @ gpP9uUffpu"" calls 50",2026-07-25T09:25:52.362Z,178497155236200
"""hsj @ PEMYRVPxOS"" posts a big blind of 50",2026-07-25T09:25:51.577Z,178497155157705
"""fully locked @ gpP9uUffpu"" posts a small blind of 25",2026-07-25T09:25:51.577Z,178497155157704
"Player stacks: #1 ""fully locked @ gpP9uUffpu"" (9475) | #2 ""hsj @ PEMYRVPxOS"" (1525)",2026-07-25T09:25:51.577Z,178497155157701
"-- starting hand #204 (id: eco6meitlvhs)  No Limit Texas Hold'em (dealer: ""fully locked @ gpP9uUffpu"") --",2026-07-25T09:25:51.577Z,178497155157700
"Undealt cards:  [2♦, 10♦, 7♥, K♥, 5♣]",2026-07-25T09:25:45.932Z,178497154593200
"-- ending hand #203 --",2026-07-25T09:25:45.573Z,178497154557302
"""fully locked @ gpP9uUffpu"" collected 50 from pot",2026-07-25T09:25:45.573Z,178497154557301
"Uncalled bet of 25 returned to ""fully locked @ gpP9uUffpu""",2026-07-25T09:25:45.573Z,178497154557300
"""hsj @ PEMYRVPxOS"" folds",2026-07-25T09:25:44.761Z,178497154476100
"""fully locked @ gpP9uUffpu"" posts a big blind of 50",2026-07-25T09:25:43.175Z,178497154317505
"""hsj @ PEMYRVPxOS"" posts a small blind of 25",2026-07-25T09:25:43.175Z,178497154317504
"Player stacks: #1 ""fully locked @ gpP9uUffpu"" (9450) | #2 ""hsj @ PEMYRVPxOS"" (1550)",2026-07-25T09:25:43.175Z,178497154317501
"-- starting hand #203 (id: 6za0b2lo2d4b)  No Limit Texas Hold'em (dealer: ""hsj @ PEMYRVPxOS"") --",2026-07-25T09:25:43.175Z,178497154317500
"""fully locked @ gpP9uUffpu"" shows a 10♦, J♣.",2026-07-25T09:25:38.973Z,178497153897300
"Undealt cards: 6♦, Q♦, 7♦ [J♥, 10♣]",2026-07-25T09:25:36.936Z,178497153693600
"-- ending hand #202 --",2026-07-25T09:25:36.568Z,178497153656802
"""fully locked @ gpP9uUffpu"" collected 100 from pot",2026-07-25T09:25:36.568Z,178497153656801
"Uncalled bet of 50 returned to ""fully locked @ gpP9uUffpu""",2026-07-25T09:25:36.568Z,178497153656800
"""hsj @ PEMYRVPxOS"" folds",2026-07-25T09:25:35.691Z,178497153569100
"""fully locked @ gpP9uUffpu"" bets 50",2026-07-25T09:25:34.647Z,178497153464700
"""hsj @ PEMYRVPxOS"" checks",2026-07-25T09:25:33.259Z,178497153325900
"Flop:  [6♦, Q♦, 7♦]",2026-07-25T09:25:31.768Z,178497153176800
"""hsj @ PEMYRVPxOS"" checks",2026-07-25T09:25:30.867Z,178497153086700
"""fully locked @ gpP9uUffpu"" calls 50",2026-07-25T09:25:29.915Z,178497152991500
"""hsj @ PEMYRVPxOS"" posts a big blind of 50",2026-07-25T09:25:29.169Z,178497152916905
"""fully locked @ gpP9uUffpu"" posts a small blind of 25",2026-07-25T09:25:29.169Z,178497152916904
"Your hand is 10♦, J♣",2026-07-25T09:25:29.169Z,178497152916902
"Player stacks: #1 ""fully locked @ gpP9uUffpu"" (9400) | #2 ""hsj @ PEMYRVPxOS"" (1600)",2026-07-25T09:25:29.169Z,178497152916901
"-- starting hand #202 (id: 7kiiol0c97we)  No Limit Texas Hold'em (dealer: ""fully locked @ gpP9uUffpu"") --",2026-07-25T09:25:29.169Z,178497152916900
"Undealt cards: 7♥, K♠, 3♦ [K♦, 8♥]",2026-07-25T09:25:23.360Z,178497152336000
"-- ending hand #201 --",2026-07-25T09:25:23.165Z,178497152316502
"""fully locked @ gpP9uUffpu"" collected 800 from pot",2026-07-25T09:25:23.165Z,178497152316501
"Uncalled bet of 200 returned to ""fully locked @ gpP9uUffpu""",2026-07-25T09:25:23.165Z,178497152316500
"""hsj @ PEMYRVPxOS"" folds",2026-07-25T09:25:22.282Z,178497152228200
"""fully locked @ gpP9uUffpu"" bets 200",2026-07-25T09:25:21.369Z,178497152136900
"Flop:  [7♥, K♠, 3♦]",2026-07-25T09:25:19.561Z,178497151956100
"""hsj @ PEMYRVPxOS"" calls 400",2026-07-25T09:25:18.648Z,178497151864800
"""fully locked @ gpP9uUffpu"" raises to 400",2026-07-25T09:25:17.637Z,178497151763700
"""hsj @ PEMYRVPxOS"" raises to 100",2026-07-25T09:25:15.021Z,178497151502100
"""fully locked @ gpP9uUffpu"" posts a big blind of 50",2026-07-25T09:25:13.760Z,178497151376005
"""hsj @ PEMYRVPxOS"" posts a small blind of 25",2026-07-25T09:25:13.760Z,178497151376004
"Player stacks: #1 ""fully locked @ gpP9uUffpu"" (9000) | #2 ""hsj @ PEMYRVPxOS"" (2000)",2026-07-25T09:25:13.760Z,178497151376001
"-- starting hand #201 (id: 2jdu8tmt9brf)  No Limit Texas Hold'em (dealer: ""hsj @ PEMYRVPxOS"") --",2026-07-25T09:25:13.760Z,178497151376000
"-- ending hand #200 --",2026-07-25T09:25:05.756Z,178497150575602
"""hsj @ PEMYRVPxOS"" collected 1000 from pot with Pair, A's on the second run  (combination: 10♣, J♣, K♥, A♥, A♣)",2026-07-25T09:25:05.756Z,178497150575601
"""hsj @ PEMYRVPxOS"" collected 1000 from pot with Two Pair, A's & 4's (combination: 8♦, 4♠, 4♦, A♥, A♣)",2026-07-25T09:25:05.756Z,178497150575600
"River (second run): 6♦, J♣, K♥, 10♣ [8♣]",2026-07-25T09:25:01.706Z,178497150170600
"Turn (second run): 6♦, J♣, K♥ [10♣]",2026-07-25T09:24:57.550Z,178497149755000
"Flop (second run):  [6♦, J♣, K♥]",2026-07-25T09:24:53.520Z,178497149352000
"River: 6♥, 4♠, 4♦, 8♦ [2♦]",2026-07-25T09:24:49.516Z,178497148951600
"Turn: 6♥, 4♠, 4♦ [8♦]",2026-07-25T09:24:45.513Z,178497148551300
"Flop:  [6♥, 4♠, 4♦]",2026-07-25T09:24:41.481Z,178497148148100
"""hsj @ PEMYRVPxOS"" shows a A♥, A♣.",2026-07-25T09:24:37.478Z,178497147747800
"""fully locked @ gpP9uUffpu"" shows a K♣, Q♦.",2026-07-25T09:24:36.948Z,178497147694800
"All players in hand choose to run it twice.",2026-07-25T09:24:36.556Z,178497147655601
"""hsj @ PEMYRVPxOS"" chooses to  run it twice.",2026-07-25T09:24:36.556Z,178497147655600
"""fully locked @ gpP9uUffpu"" chooses to  run it twice.",2026-07-25T09:24:36.239Z,178497147623900
"Remaining players decide whether to run it twice.",2026-07-25T09:24:35.800Z,178497147580001
"""fully locked @ gpP9uUffpu"" calls 1000",2026-07-25T09:24:35.800Z,178497147580000
"""hsj @ PEMYRVPxOS"" raises to 1000 and go all in",2026-07-25T09:24:34.902Z,178497147490200
"""fully locked @ gpP9uUffpu"" raises to 150",2026-07-25T09:24:33.055Z,178497147305500
"""hsj @ PEMYRVPxOS"" posts a big blind of 50",2026-07-25T09:24:31.749Z,178497147174907
"""fully locked @ gpP9uUffpu"" posts a small blind of 25",2026-07-25T09:24:31.749Z,178497147174906
"Your hand is K♣, Q♦",2026-07-25T09:24:31.749Z,178497147174904
"Player stacks: #1 ""fully locked @ gpP9uUffpu"" (10000) | #2 ""hsj @ PEMYRVPxOS"" (1000)",2026-07-25T09:24:31.749Z,178497147174903
"The player ""hsj @ PEMYRVPxOS"" joined the game with a stack of 1000.",2026-07-25T09:24:31.749Z,178497147174902
"The player ""fully locked @ gpP9uUffpu"" joined the game with a stack of 10000.",2026-07-25T09:24:31.749Z,178497147174901
"-- starting hand #200 (id: wuwwbnznsbxk)  No Limit Texas Hold'em (dealer: ""fully locked @ gpP9uUffpu"") --",2026-07-25T09:24:31.749Z,178497147174900
"The admin approved the player ""hsj @ PEMYRVPxOS"" participation with a stack of 1000.",2026-07-25T09:24:26.058Z,178497146605800
"The player ""hsj @ PEMYRVPxOS"" requested a seat.",2026-07-25T09:24:22.528Z,178497146252800
"The player ""hsj @ PEMYRVPxOS"" quits the game with a stack of 0.",2026-07-25T09:24:15.869Z,178497145586900
"-- ending hand #199 --",2026-07-25T09:24:07.866Z,178497144786602
"""fully locked @ gpP9uUffpu"" collected 3462 from pot with Three of a Kind, 8's on the second run  (combination: Q♣, K♥, 8♠, 8♦, 8♣)",2026-07-25T09:24:07.866Z,178497144786601
"""fully locked @ gpP9uUffpu"" collected 3462 from pot with Full House, 8's over J's (combination: J♣, J♠, 8♠, 8♦, 8♣)",2026-07-25T09:24:07.866Z,178497144786600
"River (second run): J♣, 7♦, Q♣, 8♣ [K♥]",2026-07-25T09:24:03.855Z,178497144385500
"River: J♣, 7♦, Q♣, 8♣ [J♠]",2026-07-25T09:23:59.821Z,178497143982100
"""hsj @ PEMYRVPxOS"" shows a K♠, 7♥.",2026-07-25T09:23:55.809Z,178497143580900
"""fully locked @ gpP9uUffpu"" shows a 8♠, 8♦.",2026-07-25T09:23:55.391Z,178497143539100
"All players in hand choose to run it twice.",2026-07-25T09:23:54.992Z,178497143499201
"""fully locked @ gpP9uUffpu"" chooses to  run it twice.",2026-07-25T09:23:54.992Z,178497143499200
"""hsj @ PEMYRVPxOS"" chooses to  run it twice.",2026-07-25T09:23:54.854Z,178497143485400
"Remaining players decide whether to run it twice.",2026-07-25T09:23:53.520Z,178497143352001
"""fully locked @ gpP9uUffpu"" calls 3062",2026-07-25T09:23:53.520Z,178497143352000
"""hsj @ PEMYRVPxOS"" raises to 3062 and go all in",2026-07-25T09:23:29.474Z,178497140947400
"""fully locked @ gpP9uUffpu"" bets 600",2026-07-25T09:23:26.899Z,178497140689900
"Turn: J♣, 7♦, Q♣ [8♣]",2026-07-25T09:23:24.891Z,178497140489100
"""hsj @ PEMYRVPxOS"" calls 100",2026-07-25T09:23:23.981Z,178497140398100
"""fully locked @ gpP9uUffpu"" bets 100",2026-07-25T09:23:22.956Z,178497140295600
"Flop:  [J♣, 7♦, Q♣]",2026-07-25T09:23:21.290Z,178497140129000
"""hsj @ PEMYRVPxOS"" calls 300",2026-07-25T09:23:20.393Z,178497140039300
"""fully locked @ gpP9uUffpu"" raises to 300",2026-07-25T09:23:19.468Z,178497139946800
"""hsj @ PEMYRVPxOS"" raises to 100",2026-07-25T09:23:16.325Z,178497139632500
"""fully locked @ gpP9uUffpu"" posts a big blind of 50",2026-07-25T09:23:14.906Z,178497139490605
"""hsj @ PEMYRVPxOS"" posts a small blind of 25",2026-07-25T09:23:14.906Z,178497139490604
"Your hand is 8♠, 8♦",2026-07-25T09:23:14.906Z,178497139490602
"Player stacks: #1 ""fully locked @ gpP9uUffpu"" (6538) | #2 ""hsj @ PEMYRVPxOS"" (3462)",2026-07-25T09:23:14.906Z,178497139490601
"-- starting hand #199 (id: fw96cloxr7zf)  No Limit Texas Hold'em (dealer: ""hsj @ PEMYRVPxOS"") --",2026-07-25T09:23:14.906Z,178497139490600
"-- ending hand #198 --",2026-07-25T09:23:08.886Z,178497138888603
"""fully locked @ gpP9uUffpu"" collected 300 from pot with Pair, 5's (combination: 7♥, 8♠, J♦, 5♦, 5♠)",2026-07-25T09:23:08.886Z,178497138888602
"""fully locked @ gpP9uUffpu"" shows a 5♦, 6♥.",2026-07-25T09:23:08.886Z,178497138888601
"""hsj @ PEMYRVPxOS"" shows a K♣, 10♦.",2026-07-25T09:23:08.886Z,178497138888600
"""fully locked @ gpP9uUffpu"" checks",2026-07-25T09:23:07.968Z,178497138796800
"""hsj @ PEMYRVPxOS"" checks",2026-07-25T09:23:07.042Z,178497138704200
"River: 7♥, J♦, 5♠, 8♠ [3♠]",2026-07-25T09:23:05.686Z,178497138568600
"""hsj @ PEMYRVPxOS"" calls 50",2026-07-25T09:23:04.774Z,178497138477400
"""fully locked @ gpP9uUffpu"" bets 50",2026-07-25T09:23:03.768Z,178497138376800
"""hsj @ PEMYRVPxOS"" checks",2026-07-25T09:23:02.362Z,178497138236200
"Turn: 7♥, J♦, 5♠ [8♠]",2026-07-25T09:23:01.435Z,178497138143500
"""fully locked @ gpP9uUffpu"" checks",2026-07-25T09:23:00.529Z,178497138052900
"""hsj @ PEMYRVPxOS"" checks",2026-07-25T09:22:59.582Z,178497137958200
"Flop:  [7♥, J♦, 5♠]",2026-07-25T09:22:57.832Z,178497137783200
"""hsj @ PEMYRVPxOS"" calls 100",2026-07-25T09:22:56.915Z,178497137691500
"""fully locked @ gpP9uUffpu"" raises to 100",2026-07-25T09:22:55.972Z,178497137597200
"""hsj @ PEMYRVPxOS"" posts a big blind of 50",2026-07-25T09:22:54.869Z,178497137486905
"""fully locked @ gpP9uUffpu"" posts a small blind of 25",2026-07-25T09:22:54.869Z,178497137486904
"Your hand is 5♦, 6♥",2026-07-25T09:22:54.869Z,178497137486902
"Player stacks: #1 ""fully locked @ gpP9uUffpu"" (6388) | #2 ""hsj @ PEMYRVPxOS"" (3612)",2026-07-25T09:22:54.869Z,178497137486901
"-- starting hand #198 (id: k0fkedgprhmr)  No Limit Texas Hold'em (dealer: ""fully locked @ gpP9uUffpu"") --",2026-07-25T09:22:54.869Z,178497137486900
"""hsj @ PEMYRVPxOS"" shows a 5♥, 8♠.",2026-07-25T09:22:52.055Z,178497137205500
"Undealt cards:  [K♣, 7♣, 4♠, 6♦, 6♥]",2026-07-25T09:22:48.591Z,178497136859100
"-- ending hand #197 --",2026-07-25T09:22:48.221Z,178497136822102
"""fully locked @ gpP9uUffpu"" collected 50 from pot",2026-07-25T09:22:48.221Z,178497136822101
"Uncalled bet of 25 returned to ""fully locked @ gpP9uUffpu""",2026-07-25T09:22:48.221Z,178497136822100
"""hsj @ PEMYRVPxOS"" folds",2026-07-25T09:22:47.370Z,178497136737000
"""fully locked @ gpP9uUffpu"" posts a big blind of 50",2026-07-25T09:22:46.018Z,178497136601805
"""hsj @ PEMYRVPxOS"" posts a small blind of 25",2026-07-25T09:22:46.018Z,178497136601804
"Player stacks: #1 ""fully locked @ gpP9uUffpu"" (6363) | #2 ""hsj @ PEMYRVPxOS"" (3637)",2026-07-25T09:22:46.018Z,178497136601801
"-- starting hand #197 (id: p4u25dan57o6)  No Limit Texas Hold'em (dealer: ""hsj @ PEMYRVPxOS"") --",2026-07-25T09:22:46.018Z,178497136601800
"Undealt cards: A♠, Q♠, 10♥, 4♥ [9♦]",2026-07-25T09:22:40.200Z,178497136020000
"-- ending hand #196 --",2026-07-25T09:22:40.049Z,178497136004902
"""hsj @ PEMYRVPxOS"" collected 300 from pot",2026-07-25T09:22:40.049Z,178497136004901
"Uncalled bet of 300 returned to ""hsj @ PEMYRVPxOS""",2026-07-25T09:22:40.049Z,178497136004900
"""fully locked @ gpP9uUffpu"" folds",2026-07-25T09:22:39.247Z,178497135924700
"""hsj @ PEMYRVPxOS"" bets 300",2026-07-25T09:22:38.132Z,178497135813200
"Turn: A♠, Q♠, 10♥ [4♥]",2026-07-25T09:22:36.217Z,178497135621700
"""fully locked @ gpP9uUffpu"" calls 100",2026-07-25T09:22:35.374Z,178497135537400
"""hsj @ PEMYRVPxOS"" bets 100",2026-07-25T09:22:33.783Z,178497135378300
"Flop:  [A♠, Q♠, 10♥]",2026-07-25T09:22:29.007Z,178497134900700
"""hsj @ PEMYRVPxOS"" checks",2026-07-25T09:22:28.097Z,178497134809700
"""fully locked @ gpP9uUffpu"" calls 50",2026-07-25T09:22:27.083Z,178497134708300
"""hsj @ PEMYRVPxOS"" posts a big blind of 50",2026-07-25T09:22:25.824Z,178497134582405
"""fully locked @ gpP9uUffpu"" posts a small blind of 25",2026-07-25T09:22:25.824Z,178497134582404
"Player stacks: #1 ""fully locked @ gpP9uUffpu"" (6513) | #2 ""hsj @ PEMYRVPxOS"" (3487)",2026-07-25T09:22:25.824Z,178497134582401
"-- starting hand #196 (id: z7zwdqslfazx)  No Limit Texas Hold'em (dealer: ""fully locked @ gpP9uUffpu"") --",2026-07-25T09:22:25.824Z,178497134582400
"-- ending hand #195 --",2026-07-25T09:22:19.803Z,178497133980303
"""hsj @ PEMYRVPxOS"" collected 500 from pot with Pair, 3's (combination: 9♠, 10♥, A♦, 3♠, 3♥)",2026-07-25T09:22:19.803Z,178497133980302
"""hsj @ PEMYRVPxOS"" shows a 3♠, 3♥.",2026-07-25T09:22:19.803Z,178497133980301
"""fully locked @ gpP9uUffpu"" shows a 8♥, 2♦.",2026-07-25T09:22:19.803Z,178497133980300
"""hsj @ PEMYRVPxOS"" calls 50",2026-07-25T09:22:18.897Z,178497133889700
"""fully locked @ gpP9uUffpu"" bets 50",2026-07-25T09:22:17.877Z,178497133787700
"River: 9♠, A♦, 2♠, 10♥ [5♦]",2026-07-25T09:22:17.397Z,178497133739700
"""hsj @ PEMYRVPxOS"" calls 50",2026-07-25T09:22:16.496Z,178497133649600
"""fully locked @ gpP9uUffpu"" bets 50",2026-07-25T09:22:15.511Z,178497133551100
"Turn: 9♠, A♦, 2♠ [10♥]",2026-07-25T09:22:14.781Z,178497133478100
"""hsj @ PEMYRVPxOS"" calls 50",2026-07-25T09:22:13.871Z,178497133387100
"""fully locked @ gpP9uUffpu"" bets 50",2026-07-25T09:22:12.804Z,178497133280400
"Flop:  [9♠, A♦, 2♠]",2026-07-25T09:22:11.778Z,178497133177800
"""fully locked @ gpP9uUffpu"" calls 100",2026-07-25T09:22:10.865Z,178497133086500
"""hsj @ PEMYRVPxOS"" raises to 100",2026-07-25T09:22:09.811Z,178497132981100
"""fully locked @ gpP9uUffpu"" posts a big blind of 50",2026-07-25T09:22:08.578Z,178497132857805
"""hsj @ PEMYRVPxOS"" posts a small blind of 25",2026-07-25T09:22:08.578Z,178497132857804
"Your hand is 8♥, 2♦",2026-07-25T09:22:08.578Z,178497132857802
"Player stacks: #1 ""fully locked @ gpP9uUffpu"" (6763) | #2 ""hsj @ PEMYRVPxOS"" (3237)",2026-07-25T09:22:08.578Z,178497132857801
"-- starting hand #195 (id: 0ptrt9bfxlom)  No Limit Texas Hold'em (dealer: ""hsj @ PEMYRVPxOS"") --",2026-07-25T09:22:08.578Z,178497132857800
"Undealt cards: 3♠, Q♠, 8♣ [7♠, 9♦]",2026-07-25T09:22:02.856Z,178497132285600
"-- ending hand #194 --",2026-07-25T09:22:02.580Z,178497132258002
"""fully locked @ gpP9uUffpu"" collected 100 from pot",2026-07-25T09:22:02.580Z,178497132258001
"Uncalled bet of 50 returned to ""fully locked @ gpP9uUffpu""",2026-07-25T09:22:02.580Z,178497132258000
"""hsj @ PEMYRVPxOS"" folds",2026-07-25T09:22:01.662Z,178497132166200
"""fully locked @ gpP9uUffpu"" bets 50",2026-07-25T09:22:00.634Z,178497132063400
"""hsj @ PEMYRVPxOS"" checks",2026-07-25T09:21:58.997Z,178497131899700
"Flop:  [3♠, Q♠, 8♣]",2026-07-25T09:21:57.748Z,178497131774800
"""hsj @ PEMYRVPxOS"" checks",2026-07-25T09:21:56.839Z,178497131683900
"""fully locked @ gpP9uUffpu"" calls 50",2026-07-25T09:21:55.873Z,178497131587300
"""hsj @ PEMYRVPxOS"" posts a big blind of 50",2026-07-25T09:21:55.145Z,178497131514505
"""fully locked @ gpP9uUffpu"" posts a small blind of 25",2026-07-25T09:21:55.145Z,178497131514504
"Player stacks: #1 ""fully locked @ gpP9uUffpu"" (6713) | #2 ""hsj @ PEMYRVPxOS"" (3287)",2026-07-25T09:21:55.145Z,178497131514501
"-- starting hand #194 (id: lzyjovovvxrc)  No Limit Texas Hold'em (dealer: ""fully locked @ gpP9uUffpu"") --",2026-07-25T09:21:55.145Z,178497131514500
"Undealt cards: Q♥, 6♠, 8♠, 5♦ [J♥]",2026-07-25T09:21:49.426Z,178497130942600
"-- ending hand #193 --",2026-07-25T09:21:49.084Z,178497130908402
"""fully locked @ gpP9uUffpu"" collected 300 from pot",2026-07-25T09:21:49.084Z,178497130908401
"Uncalled bet of 200 returned to ""fully locked @ gpP9uUffpu""",2026-07-25T09:21:49.084Z,178497130908400
"""hsj @ PEMYRVPxOS"" folds",2026-07-25T09:21:48.196Z,178497130819600
"""fully locked @ gpP9uUffpu"" bets 200",2026-07-25T09:21:47.269Z,178497130726900
"Turn: Q♥, 6♠, 8♠ [5♦]",2026-07-25T09:21:45.084Z,178497130508400
"""hsj @ PEMYRVPxOS"" calls 50",2026-07-25T09:21:44.173Z,178497130417300
"""fully locked @ gpP9uUffpu"" bets 50",2026-07-25T09:21:43.169Z,178497130316900
"Flop:  [Q♥, 6♠, 8♠]",2026-07-25T09:21:42.085Z,178497130208500
"""fully locked @ gpP9uUffpu"" calls 100",2026-07-25T09:21:41.276Z,178497130127600
"""hsj @ PEMYRVPxOS"" raises to 100",2026-07-25T09:21:40.228Z,178497130022800
"""fully locked @ gpP9uUffpu"" posts a big blind of 50",2026-07-25T09:21:38.956Z,178497129895605
"""hsj @ PEMYRVPxOS"" posts a small blind of 25",2026-07-25T09:21:38.956Z,178497129895604
"Player stacks: #1 ""fully locked @ gpP9uUffpu"" (6563) | #2 ""hsj @ PEMYRVPxOS"" (3437)",2026-07-25T09:21:38.956Z,178497129895601
"-- starting hand #193 (id: ry8iersbw4zl)  No Limit Texas Hold'em (dealer: ""hsj @ PEMYRVPxOS"") --",2026-07-25T09:21:38.956Z,178497129895600
"-- ending hand #192 --",2026-07-25T09:21:32.879Z,178497129287903
"""fully locked @ gpP9uUffpu"" collected 800 from pot with Pair, Q's (combination: J♦, K♥, A♦, Q♦, Q♥)",2026-07-25T09:21:32.879Z,178497129287902
"""fully locked @ gpP9uUffpu"" shows a Q♦, Q♥.",2026-07-25T09:21:32.879Z,178497129287901
"""hsj @ PEMYRVPxOS"" shows a J♥, 6♦.",2026-07-25T09:21:32.879Z,178497129287900
"""fully locked @ gpP9uUffpu"" calls 50",2026-07-25T09:21:31.966Z,178497129196600
"""hsj @ PEMYRVPxOS"" bets 50",2026-07-25T09:21:31.054Z,178497129105400
"River: A♦, J♦, K♥, 5♠ [3♠]",2026-07-25T09:21:30.679Z,178497129067900
"""fully locked @ gpP9uUffpu"" calls 50",2026-07-25T09:21:29.817Z,178497128981700
"""hsj @ PEMYRVPxOS"" bets 50",2026-07-25T09:21:28.893Z,178497128889300
"Turn: A♦, J♦, K♥ [5♠]",2026-07-25T09:21:28.078Z,178497128807800
"""fully locked @ gpP9uUffpu"" calls 50",2026-07-25T09:21:27.168Z,178497128716800
"""hsj @ PEMYRVPxOS"" bets 50",2026-07-25T09:21:26.227Z,178497128622700
"Flop:  [A♦, J♦, K♥]",2026-07-25T09:21:24.878Z,178497128487800
"""hsj @ PEMYRVPxOS"" calls 250",2026-07-25T09:21:23.967Z,178497128396700
"""fully locked @ gpP9uUffpu"" raises to 250",2026-07-25T09:21:22.947Z,178497128294700
"""hsj @ PEMYRVPxOS"" posts a big blind of 50",2026-07-25T09:21:20.882Z,178497128088205
"""fully locked @ gpP9uUffpu"" posts a small blind of 25",2026-07-25T09:21:20.882Z,178497128088204
"Your hand is Q♦, Q♥",2026-07-25T09:21:20.882Z,178497128088202
"Player stacks: #1 ""fully locked @ gpP9uUffpu"" (6163) | #2 ""hsj @ PEMYRVPxOS"" (3837)",2026-07-25T09:21:20.882Z,178497128088201
"-- starting hand #192 (id: mmrwwqv29a1j)  No Limit Texas Hold'em (dealer: ""fully locked @ gpP9uUffpu"") --",2026-07-25T09:21:20.882Z,178497128088200
"""hsj @ PEMYRVPxOS"" shows a 5♥, A♥.",2026-07-25T09:21:18.180Z,178497127818000
"""fully locked @ gpP9uUffpu"" shows a 10♣, 6♥.",2026-07-25T09:21:15.617Z,178497127561700
"Undealt cards:  [9♠, 9♥, 8♠, A♦, 7♠]",2026-07-25T09:21:13.732Z,178497127373200
"-- ending hand #191 --",2026-07-25T09:21:13.476Z,178497127347602
"""hsj @ PEMYRVPxOS"" collected 100 from pot",2026-07-25T09:21:13.476Z,178497127347601
"Uncalled bet of 50 returned to ""hsj @ PEMYRVPxOS""",2026-07-25T09:21:13.476Z,178497127347600
"""fully locked @ gpP9uUffpu"" folds",2026-07-25T09:21:12.621Z,178497127262100
"""hsj @ PEMYRVPxOS"" raises to 100",2026-07-25T09:21:11.705Z,178497127170500
"""fully locked @ gpP9uUffpu"" posts a big blind of 50",2026-07-25T09:21:10.473Z,178497127047305
"""hsj @ PEMYRVPxOS"" posts a small blind of 25",2026-07-25T09:21:10.473Z,178497127047304
"Your hand is 10♣, 6♥",2026-07-25T09:21:10.473Z,178497127047302
"Player stacks: #1 ""fully locked @ gpP9uUffpu"" (6213) | #2 ""hsj @ PEMYRVPxOS"" (3787)",2026-07-25T09:21:10.473Z,178497127047301
"-- starting hand #191 (id: ykhfimtmittb)  No Limit Texas Hold'em (dealer: ""hsj @ PEMYRVPxOS"") --",2026-07-25T09:21:10.473Z,178497127047300
"Undealt cards: 4♣, A♣, J♦, 2♦ [10♦]",2026-07-25T09:21:04.674Z,178497126467400
"-- ending hand #190 --",2026-07-25T09:21:04.469Z,178497126446902
"""hsj @ PEMYRVPxOS"" collected 200 from pot",2026-07-25T09:21:04.469Z,178497126446901
"Uncalled bet of 50 returned to ""hsj @ PEMYRVPxOS""",2026-07-25T09:21:04.469Z,178497126446900
"""fully locked @ gpP9uUffpu"" folds",2026-07-25T09:21:03.562Z,178497126356200
"""hsj @ PEMYRVPxOS"" bets 50",2026-07-25T09:21:02.564Z,178497126256400
"Turn: 4♣, A♣, J♦ [2♦]",2026-07-25T09:21:01.672Z,178497126167200
"""fully locked @ gpP9uUffpu"" calls 50",2026-07-25T09:21:00.748Z,178497126074800
"""hsj @ PEMYRVPxOS"" bets 50",2026-07-25T09:20:59.773Z,178497125977300
"Flop:  [4♣, A♣, J♦]",2026-07-25T09:20:58.452Z,178497125845200
"""hsj @ PEMYRVPxOS"" checks",2026-07-25T09:20:57.542Z,178497125754200
"""fully locked @ gpP9uUffpu"" calls 50",2026-07-25T09:20:56.591Z,178497125659100
"""hsj @ PEMYRVPxOS"" posts a big blind of 50",2026-07-25T09:20:55.851Z,178497125585105
"""fully locked @ gpP9uUffpu"" posts a small blind of 25",2026-07-25T09:20:55.851Z,178497125585104
"Player stacks: #1 ""fully locked @ gpP9uUffpu"" (6313) | #2 ""hsj @ PEMYRVPxOS"" (3687)",2026-07-25T09:20:55.851Z,178497125585101
"-- starting hand #190 (id: 2us2ey1mo4i0)  No Limit Texas Hold'em (dealer: ""fully locked @ gpP9uUffpu"") --",2026-07-25T09:20:55.851Z,178497125585100
"Undealt cards: 3♠, 2♣, 5♥ [2♥, 2♠]",2026-07-25T09:20:50.113Z,178497125011300
"-- ending hand #189 --",2026-07-25T09:20:49.885Z,178497124988502
"""hsj @ PEMYRVPxOS"" collected 200 from pot",2026-07-25T09:20:49.885Z,178497124988501
"Uncalled bet of 50 returned to ""hsj @ PEMYRVPxOS""",2026-07-25T09:20:49.885Z,178497124988500
"""fully locked @ gpP9uUffpu"" folds",2026-07-25T09:20:49.068Z,178497124906800
"""hsj @ PEMYRVPxOS"" bets 50",2026-07-25T09:20:47.439Z,178497124743900
"""fully locked @ gpP9uUffpu"" checks",2026-07-25T09:20:46.039Z,178497124603900
"Flop:  [3♠, 2♣, 5♥]",2026-07-25T09:20:45.024Z,178497124502400
"""fully locked @ gpP9uUffpu"" calls 100",2026-07-25T09:20:44.098Z,178497124409800
"""hsj @ PEMYRVPxOS"" raises to 100",2026-07-25T09:20:43.069Z,178497124306900
"""fully locked @ gpP9uUffpu"" posts a big blind of 50",2026-07-25T09:20:41.815Z,178497124181505
"""hsj @ PEMYRVPxOS"" posts a small blind of 25",2026-07-25T09:20:41.815Z,178497124181504
"Player stacks: #1 ""fully locked @ gpP9uUffpu"" (6413) | #2 ""hsj @ PEMYRVPxOS"" (3587)",2026-07-25T09:20:41.815Z,178497124181501
"-- starting hand #189 (id: kkvxkrmps6jx)  No Limit Texas Hold'em (dealer: ""hsj @ PEMYRVPxOS"") --",2026-07-25T09:20:41.815Z,178497124181500
"-- ending hand #188 --",2026-07-25T09:20:35.809Z,178497123580903
"""fully locked @ gpP9uUffpu"" collected 600 from pot with Pair, K's (combination: 7♦, 8♣, Q♥, K♣, K♦)",2026-07-25T09:20:35.809Z,178497123580902
"""fully locked @ gpP9uUffpu"" shows a K♣, 8♣.",2026-07-25T09:20:35.809Z,178497123580901
"""hsj @ PEMYRVPxOS"" shows a 2♣, 5♣.",2026-07-25T09:20:35.809Z,178497123580900
"""fully locked @ gpP9uUffpu"" calls 50",2026-07-25T09:20:34.892Z,178497123489200
"""hsj @ PEMYRVPxOS"" bets 50",2026-07-25T09:20:33.905Z,178497123390500
"River: 7♦, 2♠, 6♦, Q♥ [K♦]",2026-07-25T09:20:33.409Z,178497123340900
"""fully locked @ gpP9uUffpu"" calls 50",2026-07-25T09:20:32.493Z,178497123249300
"""hsj @ PEMYRVPxOS"" bets 50",2026-07-25T09:20:31.508Z,178497123150800
"Turn: 7♦, 2♠, 6♦ [Q♥]",2026-07-25T09:20:30.806Z,178497123080600
"""fully locked @ gpP9uUffpu"" calls 50",2026-07-25T09:20:29.893Z,178497122989300
"""hsj @ PEMYRVPxOS"" bets 50",2026-07-25T09:20:28.968Z,178497122896800
"Flop:  [7♦, 2♠, 6♦]",2026-07-25T09:20:27.217Z,178497122721700
"""hsj @ PEMYRVPxOS"" calls 150",2026-07-25T09:20:26.325Z,178497122632500
"""fully locked @ gpP9uUffpu"" raises to 150",2026-07-25T09:20:25.283Z,178497122528300
"""hsj @ PEMYRVPxOS"" posts a big blind of 50",2026-07-25T09:20:23.803Z,178497122380305
"""fully locked @ gpP9uUffpu"" posts a small blind of 25",2026-07-25T09:20:23.803Z,178497122380304
"Your hand is K♣, 8♣",2026-07-25T09:20:23.803Z,178497122380302
"Player stacks: #1 ""fully locked @ gpP9uUffpu"" (6113) | #2 ""hsj @ PEMYRVPxOS"" (3887)",2026-07-25T09:20:23.803Z,178497122380301
"-- starting hand #188 (id: yd754hzexz0v)  No Limit Texas Hold'em (dealer: ""fully locked @ gpP9uUffpu"") --",2026-07-25T09:20:23.803Z,178497122380300
"""fully locked @ gpP9uUffpu"" shows a J♣, 7♥.",2026-07-25T09:20:19.943Z,178497121994300
"Undealt cards:  [7♣, 6♦, 5♣, 10♠, J♦]",2026-07-25T09:20:18.030Z,178497121803000
"-- ending hand #187 --",2026-07-25T09:20:17.198Z,178497121719802
"""fully locked @ gpP9uUffpu"" collected 50 from pot",2026-07-25T09:20:17.198Z,178497121719801
"Uncalled bet of 25 returned to ""fully locked @ gpP9uUffpu""",2026-07-25T09:20:17.198Z,178497121719800
"""hsj @ PEMYRVPxOS"" folds",2026-07-25T09:20:16.383Z,178497121638300
"""fully locked @ gpP9uUffpu"" posts a big blind of 50",2026-07-25T09:20:14.595Z,178497121459505
"""hsj @ PEMYRVPxOS"" posts a small blind of 25",2026-07-25T09:20:14.595Z,178497121459504
"Your hand is J♣, 7♥",2026-07-25T09:20:14.595Z,178497121459502
"Player stacks: #1 ""fully locked @ gpP9uUffpu"" (6088) | #2 ""hsj @ PEMYRVPxOS"" (3912)",2026-07-25T09:20:14.595Z,178497121459501
"-- starting hand #187 (id: aro5aymzz9vj)  No Limit Texas Hold'em (dealer: ""hsj @ PEMYRVPxOS"") --",2026-07-25T09:20:14.595Z,178497121459500
"-- ending hand #186 --",2026-07-25T09:20:11.598Z,178497121159802
"""fully locked @ gpP9uUffpu"" collected 400 from pot",2026-07-25T09:20:11.598Z,178497121159801
"Uncalled bet of 400 returned to ""fully locked @ gpP9uUffpu""",2026-07-25T09:20:11.598Z,178497121159800
"""hsj @ PEMYRVPxOS"" folds",2026-07-25T09:20:10.739Z,178497121073900
"""fully locked @ gpP9uUffpu"" raises to 450",2026-07-25T09:20:09.266Z,178497120926600
"""hsj @ PEMYRVPxOS"" bets 50",2026-07-25T09:20:07.401Z,178497120740100
"River: 4♦, 8♠, Q♠, A♦ [4♣]",2026-07-25T09:20:06.390Z,178497120639000
"""fully locked @ gpP9uUffpu"" calls 50",2026-07-25T09:20:05.475Z,178497120547500
"""hsj @ PEMYRVPxOS"" bets 50",2026-07-25T09:20:04.541Z,178497120454100
"Turn: 4♦, 8♠, Q♠ [A♦]",2026-07-25T09:20:03.595Z,178497120359500
"""fully locked @ gpP9uUffpu"" calls 50",2026-07-25T09:20:02.673Z,178497120267300
"""hsj @ PEMYRVPxOS"" bets 50",2026-07-25T09:20:01.401Z,178497120140100
"Flop:  [4♦, 8♠, Q♠]",2026-07-25T09:19:59.853Z,178497119985300
"""hsj @ PEMYRVPxOS"" checks",2026-07-25T09:19:59.019Z,178497119901900
"""fully locked @ gpP9uUffpu"" calls 50",2026-07-25T09:19:58.099Z,178497119809900
"""hsj @ PEMYRVPxOS"" posts a big blind of 50",2026-07-25T09:19:57.373Z,178497119737305
"""fully locked @ gpP9uUffpu"" posts a small blind of 25",2026-07-25T09:19:57.373Z,178497119737304
"Player stacks: #1 ""fully locked @ gpP9uUffpu"" (5888) | #2 ""hsj @ PEMYRVPxOS"" (4112)",2026-07-25T09:19:57.373Z,178497119737301
"-- starting hand #186 (id: mlxztqsi8uhl)  No Limit Texas Hold'em (dealer: ""fully locked @ gpP9uUffpu"") --",2026-07-25T09:19:57.373Z,178497119737300
"""hsj @ PEMYRVPxOS"" shows a J♥, A♠.",2026-07-25T09:19:54.350Z,178497119435000
"-- ending hand #185 --",2026-07-25T09:19:50.837Z,178497119083702
"""fully locked @ gpP9uUffpu"" collected 1600 from pot with A High (combination: 6♦, 7♦, 8♣, Q♥, A♣)",2026-07-25T09:19:50.837Z,178497119083701
"""fully locked @ gpP9uUffpu"" shows a A♣, Q♥.",2026-07-25T09:19:50.837Z,178497119083700
"""hsj @ PEMYRVPxOS"" calls 250",2026-07-25T09:19:49.972Z,178497118997200
"""fully locked @ gpP9uUffpu"" bets 250",2026-07-25T09:19:48.802Z,178497118880200
"River: 5♥, 8♣, 3♣, 7♦ [6♦]",2026-07-25T09:19:47.034Z,178497118703400
"""hsj @ PEMYRVPxOS"" calls 150",2026-07-25T09:19:46.210Z,178497118621000
"""fully locked @ gpP9uUffpu"" bets 150",2026-07-25T09:19:45.234Z,178497118523400
"Turn: 5♥, 8♣, 3♣ [7♦]",2026-07-25T09:19:43.766Z,178497118376600
"""hsj @ PEMYRVPxOS"" calls 100",2026-07-25T09:19:42.958Z,178497118295800
"""fully locked @ gpP9uUffpu"" bets 100",2026-07-25T09:19:41.724Z,178497118172400
"Flop:  [5♥, 8♣, 3♣]",2026-07-25T09:19:40.230Z,178497118023000
"""hsj @ PEMYRVPxOS"" calls 300",2026-07-25T09:19:39.403Z,178497117940300
"""fully locked @ gpP9uUffpu"" raises to 300",2026-07-25T09:19:38.455Z,178497117845500
"""hsj @ PEMYRVPxOS"" raises to 100",2026-07-25T09:19:36.565Z,178497117656500
"""fully locked @ gpP9uUffpu"" posts a big blind of 50",2026-07-25T09:19:35.026Z,178497117502605
"""hsj @ PEMYRVPxOS"" posts a small blind of 25",2026-07-25T09:19:35.026Z,178497117502604
"Your hand is A♣, Q♥",2026-07-25T09:19:35.026Z,178497117502602
"Player stacks: #1 ""fully locked @ gpP9uUffpu"" (5088) | #2 ""hsj @ PEMYRVPxOS"" (4912)",2026-07-25T09:19:35.026Z,178497117502601
"-- starting hand #185 (id: i8hgvnzokopm)  No Limit Texas Hold'em (dealer: ""hsj @ PEMYRVPxOS"") --",2026-07-25T09:19:35.026Z,178497117502600
"-- ending hand #184 --",2026-07-25T09:19:26.910Z,178497116691002
"""fully locked @ gpP9uUffpu"" collected 4912 from pot with Two Pair, A's & 3's on the second run  (combination: K♠, 3♦, 3♥, A♠, A♦)",2026-07-25T09:19:26.910Z,178497116691001
"""hsj @ PEMYRVPxOS"" collected 4912 from pot with Full House, K's over 10's (combination: 10♣, 10♠, K♦, K♠, K♥)",2026-07-25T09:19:26.910Z,178497116691000
"River (second run): 7♥, 2♥, K♠, 3♦ [3♥]",2026-07-25T09:19:22.903Z,178497116290300
"Turn (second run): 7♥, 2♥, K♠ [3♦]",2026-07-25T09:19:18.872Z,178497115887200
"River: 7♥, 2♥, K♠, K♥ [10♠]",2026-07-25T09:19:14.868Z,178497115486800
"Turn: 7♥, 2♥, K♠ [K♥]",2026-07-25T09:19:10.808Z,178497115080800
"""hsj @ PEMYRVPxOS"" shows a K♦, 10♣.",2026-07-25T09:19:06.802Z,178497114680200
"""fully locked @ gpP9uUffpu"" shows a A♠, A♦.",2026-07-25T09:19:06.385Z,178497114638500
"All players in hand choose to run it twice.",2026-07-25T09:19:05.935Z,178497114593501
"""hsj @ PEMYRVPxOS"" chooses to  run it twice.",2026-07-25T09:19:05.935Z,178497114593500
"""fully locked @ gpP9uUffpu"" chooses to  run it twice.",2026-07-25T09:19:05.635Z,178497114563500
"Remaining players decide whether to run it twice.",2026-07-25T09:19:05.145Z,178497114514501
"""fully locked @ gpP9uUffpu"" calls 4662",2026-07-25T09:19:05.145Z,178497114514500
"""hsj @ PEMYRVPxOS"" raises to 4662 and go all in",2026-07-25T09:19:04.218Z,178497114421800
"""fully locked @ gpP9uUffpu"" raises to 500",2026-07-25T09:19:02.472Z,178497114247200
"""hsj @ PEMYRVPxOS"" bets 50",2026-07-25T09:18:59.948Z,178497113994800
"Flop:  [7♥, 2♥, K♠]",2026-07-25T09:18:58.470Z,178497113847000
"""hsj @ PEMYRVPxOS"" calls 250",2026-07-25T09:18:57.661Z,178497113766100
"""fully locked @ gpP9uUffpu"" raises to 250",2026-07-25T09:18:56.537Z,178497113653700
"""hsj @ PEMYRVPxOS"" posts a big blind of 50",2026-07-25T09:18:54.781Z,178497113478105
"""fully locked @ gpP9uUffpu"" posts a small blind of 25",2026-07-25T09:18:54.781Z,178497113478104
"Your hand is A♠, A♦",2026-07-25T09:18:54.781Z,178497113478102
"Player stacks: #1 ""fully locked @ gpP9uUffpu"" (5088) | #2 ""hsj @ PEMYRVPxOS"" (4912)",2026-07-25T09:18:54.781Z,178497113478101
"-- starting hand #184 (id: zcsle4vozcrb)  No Limit Texas Hold'em (dealer: ""fully locked @ gpP9uUffpu"") --",2026-07-25T09:18:54.781Z,178497113478100
"Undealt cards: K♣, Q♣, 3♣, Q♠ [3♥]",2026-07-25T09:18:49.027Z,178497112902700
"-- ending hand #183 --",2026-07-25T09:18:48.771Z,178497112877102
"""fully locked @ gpP9uUffpu"" collected 300 from pot",2026-07-25T09:18:48.771Z,178497112877101
"Uncalled bet of 100 returned to ""fully locked @ gpP9uUffpu""",2026-07-25T09:18:48.771Z,178497112877100
"""hsj @ PEMYRVPxOS"" folds",2026-07-25T09:18:47.919Z,178497112791900
"""fully locked @ gpP9uUffpu"" bets 100",2026-07-25T09:18:45.509Z,178497112550900
"Turn: K♣, Q♣, 3♣ [Q♠]",2026-07-25T09:18:43.263Z,178497112326300
"""hsj @ PEMYRVPxOS"" calls 50",2026-07-25T09:18:42.455Z,178497112245500
"""fully locked @ gpP9uUffpu"" bets 50",2026-07-25T09:18:41.477Z,178497112147700
"Flop:  [K♣, Q♣, 3♣]",2026-07-25T09:18:39.766Z,178497111976600
"""fully locked @ gpP9uUffpu"" calls 100",2026-07-25T09:18:38.947Z,178497111894700
"""hsj @ PEMYRVPxOS"" raises to 100",2026-07-25T09:18:37.986Z,178497111798600
"""fully locked @ gpP9uUffpu"" posts a big blind of 50",2026-07-25T09:18:36.579Z,178497111657905
"""hsj @ PEMYRVPxOS"" posts a small blind of 25",2026-07-25T09:18:36.579Z,178497111657904
"Player stacks: #1 ""fully locked @ gpP9uUffpu"" (4938) | #2 ""hsj @ PEMYRVPxOS"" (5062)",2026-07-25T09:18:36.579Z,178497111657901
"-- starting hand #183 (id: ynvxmwpdpgcx)  No Limit Texas Hold'em (dealer: ""hsj @ PEMYRVPxOS"") --",2026-07-25T09:18:36.579Z,178497111657900
"-- ending hand #182 --",2026-07-25T09:18:30.554Z,178497111055402
"""hsj @ PEMYRVPxOS"" collected 200 from pot with Two Pair, 6's & 3's (combination: A♦, 3♠, 3♦, 6♥, 6♣)",2026-07-25T09:18:30.554Z,178497111055401
"""hsj @ PEMYRVPxOS"" shows a 3♠, 6♥.",2026-07-25T09:18:30.554Z,178497111055400
"""fully locked @ gpP9uUffpu"" calls 50",2026-07-25T09:18:29.745Z,178497110974500
"""hsj @ PEMYRVPxOS"" bets 50",2026-07-25T09:18:28.848Z,178497110884800
"River: 6♣, 3♦, A♦, 8♥ [7♣]",2026-07-25T09:18:28.351Z,178497110835100
"""fully locked @ gpP9uUffpu"" checks",2026-07-25T09:18:27.544Z,178497110754400
"""hsj @ PEMYRVPxOS"" checks",2026-07-25T09:18:26.653Z,178497110665300
"Turn: 6♣, 3♦, A♦ [8♥]",2026-07-25T09:18:25.771Z,178497110577100
"""fully locked @ gpP9uUffpu"" checks",2026-07-25T09:18:24.950Z,178497110495000
"""hsj @ PEMYRVPxOS"" checks",2026-07-25T09:18:23.973Z,178497110397300
"Flop:  [6♣, 3♦, A♦]",2026-07-25T09:18:21.348Z,178497110134800
"""hsj @ PEMYRVPxOS"" checks",2026-07-25T09:18:20.461Z,178497110046100
"""fully locked @ gpP9uUffpu"" calls 50",2026-07-25T09:18:19.556Z,178497109955600
"""hsj @ PEMYRVPxOS"" posts a big blind of 50",2026-07-25T09:18:18.858Z,178497109885805
"""fully locked @ gpP9uUffpu"" posts a small blind of 25",2026-07-25T09:18:18.858Z,178497109885804
"Player stacks: #1 ""fully locked @ gpP9uUffpu"" (5038) | #2 ""hsj @ PEMYRVPxOS"" (4962)",2026-07-25T09:18:18.858Z,178497109885801
"-- starting hand #182 (id: tpwzexbnue0t)  No Limit Texas Hold'em (dealer: ""fully locked @ gpP9uUffpu"") --",2026-07-25T09:18:18.858Z,178497109885800
"Undealt cards:  [A♠, 5♠, 7♥, 4♥, 9♥]",2026-07-25T09:18:13.173Z,178497109317300
"""fully locked @ gpP9uUffpu"" shows a K♥, A♥.",2026-07-25T09:18:12.744Z,178497109274400
"-- ending hand #181 --",2026-07-25T09:18:12.251Z,178497109225102
"""fully locked @ gpP9uUffpu"" collected 50 from pot",2026-07-25T09:18:12.251Z,178497109225101
"Uncalled bet of 25 returned to ""fully locked @ gpP9uUffpu""",2026-07-25T09:18:12.251Z,178497109225100
"""hsj @ PEMYRVPxOS"" folds",2026-07-25T09:18:11.399Z,178497109139900
"""fully locked @ gpP9uUffpu"" posts a big blind of 50",2026-07-25T09:18:07.248Z,178497108724805
"""hsj @ PEMYRVPxOS"" posts a small blind of 25",2026-07-25T09:18:07.248Z,178497108724804
"Your hand is K♥, A♥",2026-07-25T09:18:07.248Z,178497108724802
"Player stacks: #1 ""fully locked @ gpP9uUffpu"" (5013) | #2 ""hsj @ PEMYRVPxOS"" (4987)",2026-07-25T09:18:07.248Z,178497108724801
"-- starting hand #181 (id: pxprdzgcce5s)  No Limit Texas Hold'em (dealer: ""hsj @ PEMYRVPxOS"") --",2026-07-25T09:18:07.248Z,178497108724800
"""fully locked @ gpP9uUffpu"" shows a 4♠.",2026-07-25T09:18:02.099Z,178497108209900
"-- ending hand #180 --",2026-07-25T09:18:00.664Z,178497108066402
"""hsj @ PEMYRVPxOS"" collected 200 from pot with Two Pair, J's & 6's (combination: 10♠, 6♥, 6♣, J♠, J♦)",2026-07-25T09:18:00.664Z,178497108066401
"""hsj @ PEMYRVPxOS"" shows a 9♥, 6♥.",2026-07-25T09:18:00.664Z,178497108066400
"""fully locked @ gpP9uUffpu"" calls 50",2026-07-25T09:17:59.792Z,178497107979200
"""hsj @ PEMYRVPxOS"" bets 50",2026-07-25T09:17:58.135Z,178497107813500
"River: J♠, J♦, 10♠, 6♣ [4♣]",2026-07-25T09:17:57.664Z,178497107766400
"""fully locked @ gpP9uUffpu"" checks",2026-07-25T09:17:56.747Z,178497107674700
"""hsj @ PEMYRVPxOS"" checks",2026-07-25T09:17:55.834Z,178497107583400
"Turn: J♠, J♦, 10♠ [6♣]",2026-07-25T09:17:54.861Z,178497107486100
"""fully locked @ gpP9uUffpu"" checks",2026-07-25T09:17:53.947Z,178497107394700
"""hsj @ PEMYRVPxOS"" checks",2026-07-25T09:17:52.976Z,178497107297600
"Flop:  [J♠, J♦, 10♠]",2026-07-25T09:17:51.260Z,178497107126000
"""hsj @ PEMYRVPxOS"" checks",2026-07-25T09:17:50.353Z,178497107035300
"""fully locked @ gpP9uUffpu"" calls 50",2026-07-25T09:17:49.345Z,178497106934500
"""hsj @ PEMYRVPxOS"" posts a big blind of 50",2026-07-25T09:17:48.493Z,178497106849305
"""fully locked @ gpP9uUffpu"" posts a small blind of 25",2026-07-25T09:17:48.493Z,178497106849304
"Player stacks: #1 ""fully locked @ gpP9uUffpu"" (5113) | #2 ""hsj @ PEMYRVPxOS"" (4887)",2026-07-25T09:17:48.493Z,178497106849301
"-- starting hand #180 (id: sisfq1l1t2a6)  No Limit Texas Hold'em (dealer: ""fully locked @ gpP9uUffpu"") --",2026-07-25T09:17:48.493Z,178497106849300
"""hsj @ PEMYRVPxOS"" shows a 8♦.",2026-07-25T09:17:45.744Z,178497106574400
"-- ending hand #179 --",2026-07-25T09:17:44.859Z,178497106485902
"""hsj @ PEMYRVPxOS"" collected 500 from pot",2026-07-25T09:17:44.859Z,178497106485901
"Uncalled bet of 50 returned to ""hsj @ PEMYRVPxOS""",2026-07-25T09:17:44.859Z,178497106485900
"""fully locked @ gpP9uUffpu"" folds",2026-07-25T09:17:43.947Z,178497106394700
"""hsj @ PEMYRVPxOS"" bets 50",2026-07-25T09:17:43.026Z,178497106302600
"""fully locked @ gpP9uUffpu"" checks",2026-07-25T09:17:41.653Z,178497106165300
"River: 4♦, 5♥, 7♥, 6♠ [A♠]",2026-07-25T09:17:40.689Z,178497106068900
"""hsj @ PEMYRVPxOS"" calls 100",2026-07-25T09:17:39.883Z,178497105988300
"""fully locked @ gpP9uUffpu"" bets 100",2026-07-25T09:17:37.346Z,178497105734600
"Turn: 4♦, 5♥, 7♥ [6♠]",2026-07-25T09:17:35.852Z,178497105585200
"""hsj @ PEMYRVPxOS"" calls 50",2026-07-25T09:17:34.946Z,178497105494600
"""fully locked @ gpP9uUffpu"" bets 50",2026-07-25T09:17:33.960Z,178497105396000
"Flop:  [4♦, 5♥, 7♥]",2026-07-25T09:17:32.851Z,178497105285100
"""fully locked @ gpP9uUffpu"" calls 100",2026-07-25T09:17:31.937Z,178497105193700
"""hsj @ PEMYRVPxOS"" raises to 100",2026-07-25T09:17:31.023Z,178497105102300
"""fully locked @ gpP9uUffpu"" posts a big blind of 50",2026-07-25T09:17:29.650Z,178497104965005
"""hsj @ PEMYRVPxOS"" posts a small blind of 25",2026-07-25T09:17:29.650Z,178497104965004
"Player stacks: #1 ""fully locked @ gpP9uUffpu"" (5363) | #2 ""hsj @ PEMYRVPxOS"" (4637)",2026-07-25T09:17:29.650Z,178497104965001
"-- starting hand #179 (id: jtpfgkh9npc8)  No Limit Texas Hold'em (dealer: ""hsj @ PEMYRVPxOS"") --",2026-07-25T09:17:29.650Z,178497104965000
"Undealt cards: K♥, 4♣, Q♣ [9♦, 8♠]",2026-07-25T09:17:24.250Z,178497104425000
"-- ending hand #178 --",2026-07-25T09:17:23.648Z,178497104364802
"""hsj @ PEMYRVPxOS"" collected 100 from pot",2026-07-25T09:17:23.648Z,178497104364801
"Uncalled bet of 50 returned to ""hsj @ PEMYRVPxOS""",2026-07-25T09:17:23.648Z,178497104364800
"""fully locked @ gpP9uUffpu"" folds",2026-07-25T09:17:22.795Z,178497104279500
"""hsj @ PEMYRVPxOS"" bets 50",2026-07-25T09:17:21.880Z,178497104188000
"Flop:  [K♥, 4♣, Q♣]",2026-07-25T09:17:20.247Z,178497104024700
"""hsj @ PEMYRVPxOS"" checks",2026-07-25T09:17:19.338Z,178497103933800
"""fully locked @ gpP9uUffpu"" calls 50",2026-07-25T09:17:18.420Z,178497103842000
"""hsj @ PEMYRVPxOS"" posts a big blind of 50",2026-07-25T09:17:17.705Z,178497103770505
"""fully locked @ gpP9uUffpu"" posts a small blind of 25",2026-07-25T09:17:17.705Z,178497103770504
"Player stacks: #1 ""fully locked @ gpP9uUffpu"" (5413) | #2 ""hsj @ PEMYRVPxOS"" (4587)",2026-07-25T09:17:17.705Z,178497103770501
"-- starting hand #178 (id: oci4hecdlnb5)  No Limit Texas Hold'em (dealer: ""fully locked @ gpP9uUffpu"") --",2026-07-25T09:17:17.705Z,178497103770500
"-- ending hand #177 --",2026-07-25T09:17:11.702Z,178497103170202
"""fully locked @ gpP9uUffpu"" collected 500 from pot with Two Pair, Q's & 10's (combination: 9♦, 10♥, 10♠, Q♠, Q♥)",2026-07-25T09:17:11.702Z,178497103170201
"""fully locked @ gpP9uUffpu"" shows a Q♠, 10♥.",2026-07-25T09:17:11.702Z,178497103170200
"""hsj @ PEMYRVPxOS"" checks",2026-07-25T09:17:10.897Z,178497103089700
"""fully locked @ gpP9uUffpu"" checks",2026-07-25T09:17:09.796Z,178497102979600
"River: Q♥, 8♣, 9♦, 10♠ [6♠]",2026-07-25T09:17:07.901Z,178497102790100
"""hsj @ PEMYRVPxOS"" calls 150",2026-07-25T09:17:07.095Z,178497102709500
"""fully locked @ gpP9uUffpu"" bets 150",2026-07-25T09:17:06.192Z,178497102619200
"Turn: Q♥, 8♣, 9♦ [10♠]",2026-07-25T09:17:04.606Z,178497102460600
"""hsj @ PEMYRVPxOS"" calls 50",2026-07-25T09:17:03.797Z,178497102379700
"""fully locked @ gpP9uUffpu"" bets 50",2026-07-25T09:17:02.876Z,178497102287600
"Flop:  [Q♥, 8♣, 9♦]",2026-07-25T09:17:01.596Z,178497102159600
"""fully locked @ gpP9uUffpu"" checks",2026-07-25T09:17:00.677Z,178497102067700
"""hsj @ PEMYRVPxOS"" calls 50",2026-07-25T09:16:59.659Z,178497101965900
"""fully locked @ gpP9uUffpu"" posts a big blind of 50",2026-07-25T09:16:57.614Z,178497101761405
"""hsj @ PEMYRVPxOS"" posts a small blind of 25",2026-07-25T09:16:57.614Z,178497101761404
"Your hand is Q♠, 10♥",2026-07-25T09:16:57.614Z,178497101761402
"Player stacks: #1 ""fully locked @ gpP9uUffpu"" (5163) | #2 ""hsj @ PEMYRVPxOS"" (4837)",2026-07-25T09:16:57.614Z,178497101761401
"-- starting hand #177 (id: pk0xhg2ngeyj)  No Limit Texas Hold'em (dealer: ""hsj @ PEMYRVPxOS"") --",2026-07-25T09:16:57.614Z,178497101761400
"-- ending hand #176 --",2026-07-25T09:16:51.570Z,178497101157003
"""fully locked @ gpP9uUffpu"" collected 1300 from pot with Three of a Kind, Q's (combination: 6♠, 8♣, Q♥, Q♠, Q♣)",2026-07-25T09:16:51.570Z,178497101157002
"""fully locked @ gpP9uUffpu"" shows a Q♥, Q♠.",2026-07-25T09:16:51.570Z,178497101157001
"""hsj @ PEMYRVPxOS"" shows a 3♠, 8♠.",2026-07-25T09:16:51.570Z,178497101157000
"""fully locked @ gpP9uUffpu"" calls 50",2026-07-25T09:16:50.656Z,178497101065600
"""hsj @ PEMYRVPxOS"" bets 50",2026-07-25T09:16:49.712Z,178497100971200
"River: 4♦, Q♣, 8♣, 6♠ [3♣]",2026-07-25T09:16:48.368Z,178497100836800
"""hsj @ PEMYRVPxOS"" calls 200",2026-07-25T09:16:47.457Z,178497100745700
"""fully locked @ gpP9uUffpu"" raises to 200",2026-07-25T09:16:46.524Z,178497100652400
"""hsj @ PEMYRVPxOS"" bets 50",2026-07-25T09:16:43.664Z,178497100366400
"Turn: 4♦, Q♣, 8♣ [6♠]",2026-07-25T09:16:42.156Z,178497100215600
"""hsj @ PEMYRVPxOS"" calls 200",2026-07-25T09:16:41.256Z,178497100125600
"""fully locked @ gpP9uUffpu"" raises to 200",2026-07-25T09:16:40.092Z,178497100009200
"""hsj @ PEMYRVPxOS"" bets 50",2026-07-25T09:16:37.240Z,178497099724000
"Flop:  [4♦, Q♣, 8♣]",2026-07-25T09:16:34.954Z,178497099495400
"""hsj @ PEMYRVPxOS"" calls 200",2026-07-25T09:16:34.052Z,178497099405200
"""fully locked @ gpP9uUffpu"" raises to 200",2026-07-25T09:16:33.073Z,178497099307300
"""hsj @ PEMYRVPxOS"" posts a big blind of 50",2026-07-25T09:16:31.551Z,178497099155105
"""fully locked @ gpP9uUffpu"" posts a small blind of 25",2026-07-25T09:16:31.551Z,178497099155104
"Your hand is Q♥, Q♠",2026-07-25T09:16:31.551Z,178497099155102
"Player stacks: #1 ""fully locked @ gpP9uUffpu"" (4513) | #2 ""hsj @ PEMYRVPxOS"" (5487)",2026-07-25T09:16:31.551Z,178497099155101
"-- starting hand #176 (id: lumkxccfwx3d)  No Limit Texas Hold'em (dealer: ""fully locked @ gpP9uUffpu"") --",2026-07-25T09:16:31.551Z,178497099155100
"Undealt cards: 6♣, 5♦, 9♦, A♦ [J♥]",2026-07-25T09:16:25.750Z,178497098575000
"-- ending hand #175 --",2026-07-25T09:16:25.551Z,178497098555102
"""fully locked @ gpP9uUffpu"" collected 800 from pot",2026-07-25T09:16:25.551Z,178497098555101
"Uncalled bet of 200 returned to ""fully locked @ gpP9uUffpu""",2026-07-25T09:16:25.551Z,178497098555100
"""hsj @ PEMYRVPxOS"" folds",2026-07-25T09:16:24.663Z,178497098466300
"""fully locked @ gpP9uUffpu"" bets 200",2026-07-25T09:16:23.755Z,178497098375500
"Turn: 6♣, 5♦, 9♦ [A♦]",2026-07-25T09:16:22.148Z,178497098214800
"""hsj @ PEMYRVPxOS"" calls 100",2026-07-25T09:16:21.242Z,178497098124200
"""fully locked @ gpP9uUffpu"" bets 100",2026-07-25T09:16:19.961Z,178497097996100
"Flop:  [6♣, 5♦, 9♦]",2026-07-25T09:16:18.148Z,178497097814800
"""hsj @ PEMYRVPxOS"" calls 300",2026-07-25T09:16:17.239Z,178497097723900
"""fully locked @ gpP9uUffpu"" raises to 300",2026-07-25T09:16:16.257Z,178497097625700
"""hsj @ PEMYRVPxOS"" raises to 100",2026-07-25T09:16:14.346Z,178497097434600
"""fully locked @ gpP9uUffpu"" posts a big blind of 50",2026-07-25T09:16:13.148Z,178497097314805
"""hsj @ PEMYRVPxOS"" posts a small blind of 25",2026-07-25T09:16:13.148Z,178497097314804
"Player stacks: #1 ""fully locked @ gpP9uUffpu"" (4113) | #2 ""hsj @ PEMYRVPxOS"" (5887)",2026-07-25T09:16:13.148Z,178497097314801
"-- starting hand #175 (id: mlx4kxrudlf2)  No Limit Texas Hold'em (dealer: ""hsj @ PEMYRVPxOS"") --",2026-07-25T09:16:13.148Z,178497097314800
"Undealt cards:  [J♣, 4♠, 5♣, A♦, 2♦]",2026-07-25T09:16:07.693Z,178497096769300
"-- ending hand #174 --",2026-07-25T09:16:07.157Z,178497096715702
"""hsj @ PEMYRVPxOS"" collected 50 from pot",2026-07-25T09:16:07.157Z,178497096715701
"Uncalled bet of 25 returned to ""hsj @ PEMYRVPxOS""",2026-07-25T09:16:07.157Z,178497096715700
"""fully locked @ gpP9uUffpu"" folds",2026-07-25T09:16:06.334Z,178497096633400
"""hsj @ PEMYRVPxOS"" posts a big blind of 50",2026-07-25T09:16:04.331Z,178497096433105
"""fully locked @ gpP9uUffpu"" posts a small blind of 25",2026-07-25T09:16:04.331Z,178497096433104
"Player stacks: #1 ""fully locked @ gpP9uUffpu"" (4138) | #2 ""hsj @ PEMYRVPxOS"" (5862)",2026-07-25T09:16:04.331Z,178497096433101
"-- starting hand #174 (id: ajbd4aj2bvbl)  No Limit Texas Hold'em (dealer: ""fully locked @ gpP9uUffpu"") --",2026-07-25T09:16:04.331Z,178497096433100
"-- ending hand #173 --",2026-07-25T09:16:01.326Z,178497096132602
"""hsj @ PEMYRVPxOS"" collected 200 from pot",2026-07-25T09:16:01.326Z,178497096132601
"Uncalled bet of 50 returned to ""hsj @ PEMYRVPxOS""",2026-07-25T09:16:01.326Z,178497096132600
"""fully locked @ gpP9uUffpu"" folds",2026-07-25T09:16:00.477Z,178497096047700
"""hsj @ PEMYRVPxOS"" bets 50",2026-07-25T09:15:59.546Z,178497095954600
"""fully locked @ gpP9uUffpu"" checks",2026-07-25T09:15:58.308Z,178497095830800
"River: Q♠, 2♠, 4♦, 3♥ [4♥]",2026-07-25T09:15:56.484Z,178497095648400
"""hsj @ PEMYRVPxOS"" checks",2026-07-25T09:15:55.678Z,178497095567800
"""fully locked @ gpP9uUffpu"" checks",2026-07-25T09:15:54.721Z,178497095472100
"Turn: Q♠, 2♠, 4♦ [3♥]",2026-07-25T09:15:54.110Z,178497095411000
"""hsj @ PEMYRVPxOS"" checks",2026-07-25T09:15:53.282Z,178497095328200
"""fully locked @ gpP9uUffpu"" checks",2026-07-25T09:15:52.308Z,178497095230800
"Flop:  [Q♠, 2♠, 4♦]",2026-07-25T09:15:51.289Z,178497095128900
"""fully locked @ gpP9uUffpu"" calls 100",2026-07-25T09:15:50.475Z,178497095047500
"""hsj @ PEMYRVPxOS"" raises to 100",2026-07-25T09:15:49.512Z,178497094951200
"""fully locked @ gpP9uUffpu"" posts a big blind of 50",2026-07-25T09:15:47.308Z,178497094730805
"""hsj @ PEMYRVPxOS"" posts a small blind of 25",2026-07-25T09:15:47.308Z,178497094730804
"Player stacks: #1 ""fully locked @ gpP9uUffpu"" (4238) | #2 ""hsj @ PEMYRVPxOS"" (5762)",2026-07-25T09:15:47.308Z,178497094730801
"-- starting hand #173 (id: xx9yfpz88vsa)  No Limit Texas Hold'em (dealer: ""hsj @ PEMYRVPxOS"") --",2026-07-25T09:15:47.308Z,178497094730800
"Undealt cards:  [Q♠, 9♥, 5♠, 7♠, 7♥]",2026-07-25T09:15:41.620Z,178497094162000
"-- ending hand #172 --",2026-07-25T09:15:41.382Z,178497094138202
"""fully locked @ gpP9uUffpu"" collected 100 from pot",2026-07-25T09:15:41.382Z,178497094138201
"Uncalled bet of 150 returned to ""fully locked @ gpP9uUffpu""",2026-07-25T09:15:41.382Z,178497094138200
"""hsj @ PEMYRVPxOS"" folds",2026-07-25T09:15:40.530Z,178497094053000
"""fully locked @ gpP9uUffpu"" raises to 200",2026-07-25T09:15:38.886Z,178497093888600
"""hsj @ PEMYRVPxOS"" posts a big blind of 50",2026-07-25T09:15:37.295Z,178497093729505
"""fully locked @ gpP9uUffpu"" posts a small blind of 25",2026-07-25T09:15:37.295Z,178497093729504
"Player stacks: #1 ""fully locked @ gpP9uUffpu"" (4188) | #2 ""hsj @ PEMYRVPxOS"" (5812)",2026-07-25T09:15:37.295Z,178497093729501
"-- starting hand #172 (id: d8mfakbwkgvn)  No Limit Texas Hold'em (dealer: ""fully locked @ gpP9uUffpu"") --",2026-07-25T09:15:37.295Z,178497093729500
"Undealt cards: Q♠, 2♦, 7♥ [J♦, A♠]",2026-07-25T09:15:31.572Z,178497093157200
"-- ending hand #171 --",2026-07-25T09:15:31.378Z,178497093137802
"""fully locked @ gpP9uUffpu"" collected 200 from pot",2026-07-25T09:15:31.378Z,178497093137801
"Uncalled bet of 100 returned to ""fully locked @ gpP9uUffpu""",2026-07-25T09:15:31.378Z,178497093137800
"""hsj @ PEMYRVPxOS"" folds",2026-07-25T09:15:30.488Z,178497093048800
"""fully locked @ gpP9uUffpu"" bets 100",2026-07-25T09:15:29.447Z,178497092944700
"Flop:  [Q♠, 2♦, 7♥]",2026-07-25T09:15:27.686Z,178497092768600
"""fully locked @ gpP9uUffpu"" calls 100",2026-07-25T09:15:26.869Z,178497092686900
"""hsj @ PEMYRVPxOS"" raises to 100",2026-07-25T09:15:25.921Z,178497092592100
"""fully locked @ gpP9uUffpu"" posts a big blind of 50",2026-07-25T09:15:24.577Z,178497092457705
"""hsj @ PEMYRVPxOS"" posts a small blind of 25",2026-07-25T09:15:24.577Z,178497092457704
"Player stacks: #1 ""fully locked @ gpP9uUffpu"" (4088) | #2 ""hsj @ PEMYRVPxOS"" (5912)",2026-07-25T09:15:24.577Z,178497092457701
"-- starting hand #171 (id: keu0aeilpbkl)  No Limit Texas Hold'em (dealer: ""hsj @ PEMYRVPxOS"") --",2026-07-25T09:15:24.577Z,178497092457700
"-- ending hand #170 --",2026-07-25T09:15:21.658Z,178497092165801
"""fully locked @ gpP9uUffpu"" collected 200 from pot",2026-07-25T09:15:21.658Z,178497092165800
"""hsj @ PEMYRVPxOS"" folds",2026-07-25T09:15:20.808Z,178497092080800
"River: Q♠, 2♣, 9♦, 3♥ [2♥]",2026-07-25T09:15:16.156Z,178497091615600
"""hsj @ PEMYRVPxOS"" calls 50",2026-07-25T09:15:15.343Z,178497091534300
"""fully locked @ gpP9uUffpu"" bets 50",2026-07-25T09:15:14.418Z,178497091441800
"""hsj @ PEMYRVPxOS"" checks",2026-07-25T09:15:13.451Z,178497091345100
"Turn: Q♠, 2♣, 9♦ [3♥]",2026-07-25T09:15:12.455Z,178497091245500
"""fully locked @ gpP9uUffpu"" checks",2026-07-25T09:15:11.646Z,178497091164600
"""hsj @ PEMYRVPxOS"" checks",2026-07-25T09:15:10.234Z,178497091023400
"Flop:  [Q♠, 2♣, 9♦]",2026-07-25T09:15:08.849Z,178497090884900
"""hsj @ PEMYRVPxOS"" checks",2026-07-25T09:15:08.008Z,178497090800800
"""fully locked @ gpP9uUffpu"" calls 50",2026-07-25T09:15:07.112Z,178497090711200
"""hsj @ PEMYRVPxOS"" posts a big blind of 50",2026-07-25T09:15:06.316Z,178497090631605
"""fully locked @ gpP9uUffpu"" posts a small blind of 25",2026-07-25T09:15:06.316Z,178497090631604
"Player stacks: #1 ""fully locked @ gpP9uUffpu"" (3988) | #2 ""hsj @ PEMYRVPxOS"" (6012)",2026-07-25T09:15:06.316Z,178497090631601
"-- starting hand #170 (id: nmx1fc0ojzy9)  No Limit Texas Hold'em (dealer: ""fully locked @ gpP9uUffpu"") --",2026-07-25T09:15:06.316Z,178497090631600
"Undealt cards:  [10♥, 4♥, 10♣, 10♠, 6♣]",2026-07-25T09:15:00.699Z,178497090069900
"-- ending hand #169 --",2026-07-25T09:15:00.391Z,178497090039102
"""fully locked @ gpP9uUffpu"" collected 50 from pot",2026-07-25T09:15:00.391Z,178497090039101
"Uncalled bet of 25 returned to ""fully locked @ gpP9uUffpu""",2026-07-25T09:15:00.391Z,178497090039100
"""hsj @ PEMYRVPxOS"" folds",2026-07-25T09:14:59.563Z,178497089956300
"""fully locked @ gpP9uUffpu"" posts a big blind of 50",2026-07-25T09:14:54.913Z,178497089491305
"""hsj @ PEMYRVPxOS"" posts a small blind of 25",2026-07-25T09:14:54.913Z,178497089491304
"Player stacks: #1 ""fully locked @ gpP9uUffpu"" (3963) | #2 ""hsj @ PEMYRVPxOS"" (6037)",2026-07-25T09:14:54.913Z,178497089491301
"-- starting hand #169 (id: 4t1z9cvyzegs)  No Limit Texas Hold'em (dealer: ""hsj @ PEMYRVPxOS"") --",2026-07-25T09:14:54.913Z,178497089491300
"Undealt cards: 2♣, 8♥, K♦ [A♦, Q♦]",2026-07-25T09:14:49.547Z,178497088954700
"-- ending hand #168 --",2026-07-25T09:14:48.978Z,178497088897802
"""fully locked @ gpP9uUffpu"" collected 100 from pot",2026-07-25T09:14:48.978Z,178497088897801
"Uncalled bet of 50 returned to ""fully locked @ gpP9uUffpu""",2026-07-25T09:14:48.978Z,178497088897800
"""hsj @ PEMYRVPxOS"" folds",2026-07-25T09:14:48.147Z,178497088814700
"""fully locked @ gpP9uUffpu"" bets 50",2026-07-25T09:14:46.960Z,178497088696000
"""hsj @ PEMYRVPxOS"" checks",2026-07-25T09:14:45.995Z,178497088599500
"Flop:  [2♣, 8♥, K♦]",2026-07-25T09:14:44.506Z,178497088450600
"""hsj @ PEMYRVPxOS"" checks",2026-07-25T09:14:43.659Z,178497088365900
"""fully locked @ gpP9uUffpu"" calls 50",2026-07-25T09:14:42.755Z,178497088275500
"""hsj @ PEMYRVPxOS"" posts a big blind of 50",2026-07-25T09:14:42.001Z,178497088200105
"""fully locked @ gpP9uUffpu"" posts a small blind of 25",2026-07-25T09:14:42.001Z,178497088200104
"Player stacks: #1 ""fully locked @ gpP9uUffpu"" (3913) | #2 ""hsj @ PEMYRVPxOS"" (6087)",2026-07-25T09:14:42.001Z,178497088200101
"-- starting hand #168 (id: xi7fwr51kmri)  No Limit Texas Hold'em (dealer: ""fully locked @ gpP9uUffpu"") --",2026-07-25T09:14:42.001Z,178497088200100
"-- ending hand #167 --",2026-07-25T09:14:35.997Z,178497087599703
"""hsj @ PEMYRVPxOS"" collected 2374 from pot with Two Pair, Q's & 9's (combination: K♥, 9♥, 9♣, Q♦, Q♣)",2026-07-25T09:14:35.997Z,178497087599702
"""hsj @ PEMYRVPxOS"" shows a Q♦, Q♣.",2026-07-25T09:14:35.997Z,178497087599701
"""fully locked @ gpP9uUffpu"" shows a 2♣, 2♦.",2026-07-25T09:14:35.997Z,178497087599700
"""hsj @ PEMYRVPxOS"" calls 712",2026-07-25T09:14:35.189Z,178497087518900
"""fully locked @ gpP9uUffpu"" bets 712",2026-07-25T09:14:34.257Z,178497087425700
"River: 9♥, 7♣, K♥, 4♥ [9♣]",2026-07-25T09:14:31.902Z,178497087190200
"""hsj @ PEMYRVPxOS"" calls 250",2026-07-25T09:14:31.059Z,178497087105900
"""fully locked @ gpP9uUffpu"" bets 250",2026-07-25T09:14:30.103Z,178497087010300
"Turn: 9♥, 7♣, K♥ [4♥]",2026-07-25T09:14:26.899Z,178497086689900
"""fully locked @ gpP9uUffpu"" calls 100",2026-07-25T09:14:26.071Z,178497086607100
"""hsj @ PEMYRVPxOS"" raises to 100",2026-07-25T09:14:25.003Z,178497086500300
"""fully locked @ gpP9uUffpu"" bets 50",2026-07-25T09:14:23.645Z,178497086364500
"Flop:  [9♥, 7♣, K♥]",2026-07-25T09:14:21.294Z,178497086129400
"""fully locked @ gpP9uUffpu"" calls 125",2026-07-25T09:14:20.430Z,178497086043000
"""hsj @ PEMYRVPxOS"" raises to 125",2026-07-25T09:14:19.348Z,178497085934800
"""fully locked @ gpP9uUffpu"" posts a big blind of 50",2026-07-25T09:14:16.693Z,178497085669305
"""hsj @ PEMYRVPxOS"" posts a small blind of 25",2026-07-25T09:14:16.693Z,178497085669304
"Your hand is 2♣, 2♦",2026-07-25T09:14:16.693Z,178497085669302
"Player stacks: #1 ""fully locked @ gpP9uUffpu"" (5100) | #2 ""hsj @ PEMYRVPxOS"" (4900)",2026-07-25T09:14:16.693Z,178497085669301
"-- starting hand #167 (id: 9dmwuandvi6b)  No Limit Texas Hold'em (dealer: ""hsj @ PEMYRVPxOS"") --",2026-07-25T09:14:16.693Z,178497085669300
"Undealt cards:  [7♣, K♦, J♠, 3♥, 10♦]",2026-07-25T09:14:11.134Z,178497085113400
"-- ending hand #166 --",2026-07-25T09:14:10.698Z,178497085069802
"""hsj @ PEMYRVPxOS"" collected 50 from pot",2026-07-25T09:14:10.698Z,178497085069801
"Uncalled bet of 25 returned to ""hsj @ PEMYRVPxOS""",2026-07-25T09:14:10.698Z,178497085069800
"""fully locked @ gpP9uUffpu"" folds",2026-07-25T09:14:09.857Z,178497084985700
"""hsj @ PEMYRVPxOS"" posts a big blind of 50",2026-07-25T09:14:08.947Z,178497084894705
"""fully locked @ gpP9uUffpu"" posts a small blind of 25",2026-07-25T09:14:08.947Z,178497084894704
"Player stacks: #1 ""fully locked @ gpP9uUffpu"" (5125) | #2 ""hsj @ PEMYRVPxOS"" (4875)",2026-07-25T09:14:08.947Z,178497084894701
"-- starting hand #166 (id: 4vgbxksluakp)  No Limit Texas Hold'em (dealer: ""fully locked @ gpP9uUffpu"") --",2026-07-25T09:14:08.947Z,178497084894700
"-- ending hand #165 --",2026-07-25T09:14:02.888Z,178497084288803
"""hsj @ PEMYRVPxOS"" collected 500 from pot with Pair, J's (combination: 5♥, 6♥, Q♠, J♠, J♦)",2026-07-25T09:14:02.888Z,178497084288802
"""hsj @ PEMYRVPxOS"" shows a J♠, Q♠.",2026-07-25T09:14:02.888Z,178497084288801
"""fully locked @ gpP9uUffpu"" shows a J♥, 10♠.",2026-07-25T09:14:02.888Z,178497084288800
"""hsj @ PEMYRVPxOS"" calls 100",2026-07-25T09:14:02.073Z,178497084207300
"""fully locked @ gpP9uUffpu"" bets 100",2026-07-25T09:14:01.076Z,178497084107600
"River: 2♦, 6♥, J♦, 4♦ [5♥]",2026-07-25T09:13:59.072Z,178497083907200
"""hsj @ PEMYRVPxOS"" calls 50",2026-07-25T09:13:58.259Z,178497083825900
"""fully locked @ gpP9uUffpu"" bets 50",2026-07-25T09:13:57.289Z,178497083728900
"Turn: 2♦, 6♥, J♦ [4♦]",2026-07-25T09:13:55.765Z,178497083576500
"""hsj @ PEMYRVPxOS"" checks",2026-07-25T09:13:54.956Z,178497083495600
"""fully locked @ gpP9uUffpu"" checks",2026-07-25T09:13:53.981Z,178497083398100
"Flop:  [2♦, 6♥, J♦]",2026-07-25T09:13:52.765Z,178497083276500
"""fully locked @ gpP9uUffpu"" calls 100",2026-07-25T09:13:51.946Z,178497083194600
"""hsj @ PEMYRVPxOS"" raises to 100",2026-07-25T09:13:51.026Z,178497083102600
"""fully locked @ gpP9uUffpu"" posts a big blind of 50",2026-07-25T09:13:49.766Z,178497082976605
"""hsj @ PEMYRVPxOS"" posts a small blind of 25",2026-07-25T09:13:49.766Z,178497082976604
"Your hand is J♥, 10♠",2026-07-25T09:13:49.766Z,178497082976602
"Player stacks: #1 ""fully locked @ gpP9uUffpu"" (5375) | #2 ""hsj @ PEMYRVPxOS"" (4625)",2026-07-25T09:13:49.766Z,178497082976601
"-- starting hand #165 (id: mauz3v5zxlrj)  No Limit Texas Hold'em (dealer: ""hsj @ PEMYRVPxOS"") --",2026-07-25T09:13:49.766Z,178497082976600
"-- ending hand #164 --",2026-07-25T09:13:46.856Z,178497082685602
"""hsj @ PEMYRVPxOS"" collected 100 from pot",2026-07-25T09:13:46.856Z,178497082685601
"Uncalled bet of 50 returned to ""hsj @ PEMYRVPxOS""",2026-07-25T09:13:46.856Z,178497082685600
"""fully locked @ gpP9uUffpu"" folds",2026-07-25T09:13:46.037Z,178497082603700
"""hsj @ PEMYRVPxOS"" bets 50",2026-07-25T09:13:45.079Z,178497082507900
"River: 10♦, 3♦, K♠, J♠ [9♣]",2026-07-25T09:13:43.857Z,178497082385700
"""fully locked @ gpP9uUffpu"" checks",2026-07-25T09:13:42.963Z,178497082296300
"""hsj @ PEMYRVPxOS"" checks",2026-07-25T09:13:42.067Z,178497082206700
"Turn: 10♦, 3♦, K♠ [J♠]",2026-07-25T09:13:40.952Z,178497082095200
"""fully locked @ gpP9uUffpu"" checks",2026-07-25T09:13:40.138Z,178497082013800
"""hsj @ PEMYRVPxOS"" checks",2026-07-25T09:13:39.152Z,178497081915200
"Flop:  [10♦, 3♦, K♠]",2026-07-25T09:13:37.451Z,178497081745100
"""hsj @ PEMYRVPxOS"" checks",2026-07-25T09:13:36.590Z,178497081659000
"""fully locked @ gpP9uUffpu"" calls 50",2026-07-25T09:13:35.687Z,178497081568700
"""hsj @ PEMYRVPxOS"" posts a big blind of 50",2026-07-25T09:13:34.863Z,178497081486305
"""fully locked @ gpP9uUffpu"" posts a small blind of 25",2026-07-25T09:13:34.863Z,178497081486304
"Player stacks: #1 ""fully locked @ gpP9uUffpu"" (5425) | #2 ""hsj @ PEMYRVPxOS"" (4575)",2026-07-25T09:13:34.863Z,178497081486301
"-- starting hand #164 (id: wc92vbf3aqwp)  No Limit Texas Hold'em (dealer: ""fully locked @ gpP9uUffpu"") --",2026-07-25T09:13:34.863Z,178497081486300
"-- ending hand #163 --",2026-07-25T09:13:28.859Z,178497080885903
"""hsj @ PEMYRVPxOS"" collected 300 from pot with Pair, J's (combination: 8♠, 9♣, A♥, J♠, J♣)",2026-07-25T09:13:28.859Z,178497080885902
"""hsj @ PEMYRVPxOS"" shows a 7♦, J♠.",2026-07-25T09:13:28.859Z,178497080885901
"""fully locked @ gpP9uUffpu"" shows a 9♥, 5♥.",2026-07-25T09:13:28.859Z,178497080885900
"""hsj @ PEMYRVPxOS"" calls 50",2026-07-25T09:13:28.053Z,178497080805300
"""fully locked @ gpP9uUffpu"" bets 50",2026-07-25T09:13:26.945Z,178497080694500
"River: J♣, 8♠, A♥, 2♣ [9♣]",2026-07-25T09:13:26.218Z,178497080621800
"""hsj @ PEMYRVPxOS"" checks",2026-07-25T09:13:25.307Z,178497080530700
"""fully locked @ gpP9uUffpu"" checks",2026-07-25T09:13:24.304Z,178497080430400
"Turn: J♣, 8♠, A♥ [2♣]",2026-07-25T09:13:23.214Z,178497080321400
"""hsj @ PEMYRVPxOS"" checks",2026-07-25T09:13:22.316Z,178497080231600
"""fully locked @ gpP9uUffpu"" checks",2026-07-25T09:13:21.371Z,178497080137100
"Flop:  [J♣, 8♠, A♥]",2026-07-25T09:13:19.814Z,178497079981400
"""fully locked @ gpP9uUffpu"" calls 100",2026-07-25T09:13:19.005Z,178497079900500
"""hsj @ PEMYRVPxOS"" raises to 100",2026-07-25T09:13:18.082Z,178497079808200
"""fully locked @ gpP9uUffpu"" posts a big blind of 50",2026-07-25T09:13:15.455Z,178497079545505
"""hsj @ PEMYRVPxOS"" posts a small blind of 25",2026-07-25T09:13:15.455Z,178497079545504
"Your hand is 9♥, 5♥",2026-07-25T09:13:15.455Z,178497079545502
"Player stacks: #1 ""fully locked @ gpP9uUffpu"" (5575) | #2 ""hsj @ PEMYRVPxOS"" (4425)",2026-07-25T09:13:15.455Z,178497079545501
"-- starting hand #163 (id: jelhdezm1rxl)  No Limit Texas Hold'em (dealer: ""hsj @ PEMYRVPxOS"") --",2026-07-25T09:13:15.455Z,178497079545500
"Undealt cards: 5♦, 8♦, J♦ [K♥, 7♣]",2026-07-25T09:13:10.001Z,178497079000100
"""fully locked @ gpP9uUffpu"" shows a 2♦, K♦.",2026-07-25T09:13:09.207Z,178497078920700
"-- ending hand #162 --",2026-07-25T09:13:08.851Z,178497078885101
"""fully locked @ gpP9uUffpu"" collected 200 from pot",2026-07-25T09:13:08.851Z,178497078885100
"""hsj @ PEMYRVPxOS"" folds",2026-07-25T09:13:07.987Z,178497078798700
"Flop:  [5♦, 8♦, J♦]",2026-07-25T09:13:05.488Z,178497078548800
"""hsj @ PEMYRVPxOS"" calls 100",2026-07-25T09:13:04.612Z,178497078461200
"""fully locked @ gpP9uUffpu"" raises to 100",2026-07-25T09:13:02.937Z,178497078293700
"""hsj @ PEMYRVPxOS"" posts a big blind of 50",2026-07-25T09:13:01.401Z,178497078140105
"""fully locked @ gpP9uUffpu"" posts a small blind of 25",2026-07-25T09:13:01.401Z,178497078140104
"Your hand is 2♦, K♦",2026-07-25T09:13:01.401Z,178497078140102
"Player stacks: #1 ""fully locked @ gpP9uUffpu"" (5475) | #2 ""hsj @ PEMYRVPxOS"" (4525)",2026-07-25T09:13:01.401Z,178497078140101
"-- starting hand #162 (id: kmerzhez8lgr)  No Limit Texas Hold'em (dealer: ""fully locked @ gpP9uUffpu"") --",2026-07-25T09:13:01.401Z,178497078140100
"Undealt cards: 7♠, 5♦, J♦ [K♥, 9♥]",2026-07-25T09:12:55.718Z,178497077571800
"-- ending hand #161 --",2026-07-25T09:12:55.481Z,178497077548102
"""fully locked @ gpP9uUffpu"" collected 200 from pot",2026-07-25T09:12:55.481Z,178497077548101
"Uncalled bet of 300 returned to ""fully locked @ gpP9uUffpu""",2026-07-25T09:12:55.481Z,178497077548100
"""hsj @ PEMYRVPxOS"" folds",2026-07-25T09:12:54.608Z,178497077460800
"""fully locked @ gpP9uUffpu"" bets 300",2026-07-25T09:12:53.559Z,178497077355900
"Flop:  [7♠, 5♦, J♦]",2026-07-25T09:12:50.878Z,178497077087800
"""fully locked @ gpP9uUffpu"" calls 100",2026-07-25T09:12:50.050Z,178497077005000
"""hsj @ PEMYRVPxOS"" raises to 100",2026-07-25T09:12:49.092Z,178497076909200
"""fully locked @ gpP9uUffpu"" posts a big blind of 50",2026-07-25T09:12:47.584Z,178497076758405
"""hsj @ PEMYRVPxOS"" posts a small blind of 25",2026-07-25T09:12:47.584Z,178497076758404
"Player stacks: #1 ""fully locked @ gpP9uUffpu"" (5375) | #2 ""hsj @ PEMYRVPxOS"" (4625)",2026-07-25T09:12:47.584Z,178497076758401
"-- starting hand #161 (id: mpjg1m0fcade)  No Limit Texas Hold'em (dealer: ""hsj @ PEMYRVPxOS"") --",2026-07-25T09:12:47.584Z,178497076758400
"Undealt cards:  [A♠, Q♣, 9♣, 7♦, A♥]",2026-07-25T09:12:42.271Z,178497076227100
"-- ending hand #160 --",2026-07-25T09:12:41.671Z,178497076167102
"""hsj @ PEMYRVPxOS"" collected 50 from pot",2026-07-25T09:12:41.671Z,178497076167101
"Uncalled bet of 25 returned to ""hsj @ PEMYRVPxOS""",2026-07-25T09:12:41.671Z,178497076167100
"""fully locked @ gpP9uUffpu"" folds",2026-07-25T09:12:40.789Z,178497076078900
"""hsj @ PEMYRVPxOS"" posts a big blind of 50",2026-07-25T09:12:39.979Z,178497075997905
"""fully locked @ gpP9uUffpu"" posts a small blind of 25",2026-07-25T09:12:39.979Z,178497075997904
"Player stacks: #1 ""fully locked @ gpP9uUffpu"" (5400) | #2 ""hsj @ PEMYRVPxOS"" (4600)",2026-07-25T09:12:39.979Z,178497075997901
"-- starting hand #160 (id: zpsgtetw6mp5)  No Limit Texas Hold'em (dealer: ""fully locked @ gpP9uUffpu"") --",2026-07-25T09:12:39.979Z,178497075997900
"-- ending hand #159 --",2026-07-25T09:12:37.076Z,178497075707602
"""hsj @ PEMYRVPxOS"" collected 300 from pot",2026-07-25T09:12:37.076Z,178497075707601
"Uncalled bet of 50 returned to ""hsj @ PEMYRVPxOS""",2026-07-25T09:12:37.076Z,178497075707600
"""fully locked @ gpP9uUffpu"" folds",2026-07-25T09:12:36.243Z,178497075624300
"""hsj @ PEMYRVPxOS"" bets 50",2026-07-25T09:12:35.354Z,178497075535400
"""fully locked @ gpP9uUffpu"" checks",2026-07-25T09:12:33.676Z,178497075367600
"River: 5♥, 9♦, K♣, 4♣ [3♥]",2026-07-25T09:12:33.071Z,178497075307100
"""hsj @ PEMYRVPxOS"" checks",2026-07-25T09:12:32.187Z,178497075218700
"""fully locked @ gpP9uUffpu"" checks",2026-07-25T09:12:31.026Z,178497075102600
"Turn: 5♥, 9♦, K♣ [4♣]",2026-07-25T09:12:29.870Z,178497074987000
"""hsj @ PEMYRVPxOS"" calls 50",2026-07-25T09:12:28.965Z,178497074896500
"""fully locked @ gpP9uUffpu"" bets 50",2026-07-25T09:12:28.040Z,178497074804000
"Flop:  [5♥, 9♦, K♣]",2026-07-25T09:12:26.350Z,178497074635000
"""fully locked @ gpP9uUffpu"" calls 100",2026-07-25T09:12:25.505Z,178497074550500
"""hsj @ PEMYRVPxOS"" raises to 100",2026-07-25T09:12:24.549Z,178497074454900
"""fully locked @ gpP9uUffpu"" posts a big blind of 50",2026-07-25T09:12:20.864Z,178497074086405
"""hsj @ PEMYRVPxOS"" posts a small blind of 25",2026-07-25T09:12:20.864Z,178497074086404
"Player stacks: #1 ""fully locked @ gpP9uUffpu"" (5550) | #2 ""hsj @ PEMYRVPxOS"" (4450)",2026-07-25T09:12:20.864Z,178497074086401
"-- starting hand #159 (id: rfcz2guqumhy)  No Limit Texas Hold'em (dealer: ""hsj @ PEMYRVPxOS"") --",2026-07-25T09:12:20.864Z,178497074086400
"""fully locked @ gpP9uUffpu"" shows a A♣, 7♦.",2026-07-25T09:12:15.094Z,178497073509400
"-- ending hand #158 --",2026-07-25T09:12:14.259Z,178497073425902
"""hsj @ PEMYRVPxOS"" collected 400 from pot with Flush, K High (combination: 4♦, 5♦, 8♦, J♦, K♦)",2026-07-25T09:12:14.259Z,178497073425901
"""hsj @ PEMYRVPxOS"" shows a 4♣, J♦.",2026-07-25T09:12:14.259Z,178497073425900
"""fully locked @ gpP9uUffpu"" calls 50",2026-07-25T09:12:13.404Z,178497073340400
"""hsj @ PEMYRVPxOS"" bets 50",2026-07-25T09:12:11.644Z,178497073164400
"River: K♦, 5♦, 4♦, 10♣ [8♦]",2026-07-25T09:12:10.548Z,178497073054800
"""fully locked @ gpP9uUffpu"" calls 50",2026-07-25T09:12:09.738Z,178497072973800
"""hsj @ PEMYRVPxOS"" bets 50",2026-07-25T09:12:08.813Z,178497072881300
"Turn: K♦, 5♦, 4♦ [10♣]",2026-07-25T09:12:07.858Z,178497072785800
"""hsj @ PEMYRVPxOS"" calls 50",2026-07-25T09:12:07.004Z,178497072700400
"""fully locked @ gpP9uUffpu"" bets 50",2026-07-25T09:12:06.090Z,178497072609000
"""hsj @ PEMYRVPxOS"" checks",2026-07-25T09:12:05.048Z,178497072504800
"Flop:  [K♦, 5♦, 4♦]",2026-07-25T09:12:02.952Z,178497072295200
"""hsj @ PEMYRVPxOS"" checks",2026-07-25T09:12:02.136Z,178497072213600
"""fully locked @ gpP9uUffpu"" calls 50",2026-07-25T09:12:01.131Z,178497072113100
"""hsj @ PEMYRVPxOS"" posts a big blind of 50",2026-07-25T09:12:00.201Z,178497072020105
"""fully locked @ gpP9uUffpu"" posts a small blind of 25",2026-07-25T09:12:00.201Z,178497072020104
"Your hand is A♣, 7♦",2026-07-25T09:12:00.201Z,178497072020102
"Player stacks: #1 ""fully locked @ gpP9uUffpu"" (5750) | #2 ""hsj @ PEMYRVPxOS"" (4250)",2026-07-25T09:12:00.201Z,178497072020101
"-- starting hand #158 (id: vkvqttkdqnth)  No Limit Texas Hold'em (dealer: ""fully locked @ gpP9uUffpu"") --",2026-07-25T09:12:00.201Z,178497072020100
"""fully locked @ gpP9uUffpu"" shows a 6♥.",2026-07-25T09:11:55.367Z,178497071536700
"-- ending hand #157 --",2026-07-25T09:11:53.687Z,178497071368702
"""hsj @ PEMYRVPxOS"" collected 500 from pot with Flush, A High (combination: 3♦, 6♦, 9♦, Q♦, A♦)",2026-07-25T09:11:53.687Z,178497071368701
"""hsj @ PEMYRVPxOS"" shows a 3♦, Q♦.",2026-07-25T09:11:53.687Z,178497071368700
"""fully locked @ gpP9uUffpu"" calls 100",2026-07-25T09:11:52.880Z,178497071288000
"""hsj @ PEMYRVPxOS"" raises to 100",2026-07-25T09:11:51.948Z,178497071194800
"""fully locked @ gpP9uUffpu"" bets 50",2026-07-25T09:11:49.614Z,178497070961400
"River: 5♠, 9♦, A♦, 6♦ [A♠]",2026-07-25T09:11:48.668Z,178497070866800
"""hsj @ PEMYRVPxOS"" calls 50",2026-07-25T09:11:47.828Z,178497070782800
"""fully locked @ gpP9uUffpu"" bets 50",2026-07-25T09:11:46.651Z,178497070665100
"Turn: 5♠, 9♦, A♦ [6♦]",2026-07-25T09:11:45.485Z,178497070548500
"""hsj @ PEMYRVPxOS"" checks",2026-07-25T09:11:44.680Z,178497070468000
"""fully locked @ gpP9uUffpu"" checks",2026-07-25T09:11:43.700Z,178497070370000
"Flop:  [5♠, 9♦, A♦]",2026-07-25T09:11:42.193Z,178497070219300
"""fully locked @ gpP9uUffpu"" calls 100",2026-07-25T09:11:41.357Z,178497070135700
"""hsj @ PEMYRVPxOS"" raises to 100",2026-07-25T09:11:40.444Z,178497070044400
"""fully locked @ gpP9uUffpu"" posts a big blind of 50",2026-07-25T09:11:38.986Z,178497069898605
"""hsj @ PEMYRVPxOS"" posts a small blind of 25",2026-07-25T09:11:38.986Z,178497069898604
"Player stacks: #1 ""fully locked @ gpP9uUffpu"" (6000) | #2 ""hsj @ PEMYRVPxOS"" (4000)",2026-07-25T09:11:38.986Z,178497069898601
"-- starting hand #157 (id: crmhmux4zbik)  No Limit Texas Hold'em (dealer: ""hsj @ PEMYRVPxOS"") --",2026-07-25T09:11:38.986Z,178497069898600
"-- ending hand #156 --",2026-07-25T09:11:32.982Z,178497069298203
"""fully locked @ gpP9uUffpu"" collected 400 from pot with Pair, 6's (combination: Q♦, K♥, A♣, 6♠, 6♥)",2026-07-25T09:11:32.982Z,178497069298202
"""fully locked @ gpP9uUffpu"" shows a A♣, 6♠.",2026-07-25T09:11:32.982Z,178497069298201
"""hsj @ PEMYRVPxOS"" shows a 3♥, 9♥.",2026-07-25T09:11:32.982Z,178497069298200
"""fully locked @ gpP9uUffpu"" calls 50",2026-07-25T09:11:32.152Z,178497069215200
"""hsj @ PEMYRVPxOS"" bets 50",2026-07-25T09:11:31.237Z,178497069123700
"River: 10♠, 6♥, K♥, 8♣ [Q♦]",2026-07-25T09:11:30.475Z,178497069047500
"""fully locked @ gpP9uUffpu"" calls 50",2026-07-25T09:11:29.664Z,178497068966400
"""hsj @ PEMYRVPxOS"" bets 50",2026-07-25T09:11:28.683Z,178497068868300
"Turn: 10♠, 6♥, K♥ [8♣]",2026-07-25T09:11:28.181Z,178497068818100
"""fully locked @ gpP9uUffpu"" calls 50",2026-07-25T09:11:27.342Z,178497068734200
"""hsj @ PEMYRVPxOS"" bets 50",2026-07-25T09:11:26.420Z,178497068642000
"Flop:  [10♠, 6♥, K♥]",2026-07-25T09:11:24.981Z,178497068498100
"""hsj @ PEMYRVPxOS"" checks",2026-07-25T09:11:24.148Z,178497068414800
"""fully locked @ gpP9uUffpu"" calls 50",2026-07-25T09:11:23.191Z,178497068319100
"""hsj @ PEMYRVPxOS"" posts a big blind of 50",2026-07-25T09:11:22.378Z,178497068237805
"""fully locked @ gpP9uUffpu"" posts a small blind of 25",2026-07-25T09:11:22.378Z,178497068237804
"Your hand is A♣, 6♠",2026-07-25T09:11:22.378Z,178497068237802
"Player stacks: #1 ""fully locked @ gpP9uUffpu"" (5800) | #2 ""hsj @ PEMYRVPxOS"" (4200)",2026-07-25T09:11:22.378Z,178497068237801
"-- starting hand #156 (id: dudwi572otsw)  No Limit Texas Hold'em (dealer: ""fully locked @ gpP9uUffpu"") --",2026-07-25T09:11:22.378Z,178497068237800
"Undealt cards: A♦, 5♥, 9♠, 10♣ [8♣]",2026-07-25T09:11:16.860Z,178497067686000
"-- ending hand #155 --",2026-07-25T09:11:16.371Z,178497067637102
"""fully locked @ gpP9uUffpu"" collected 800 from pot",2026-07-25T09:11:16.371Z,178497067637101
"Uncalled bet of 800 returned to ""fully locked @ gpP9uUffpu""",2026-07-25T09:11:16.371Z,178497067637100
"""hsj @ PEMYRVPxOS"" folds",2026-07-25T09:11:15.522Z,178497067552200
"""fully locked @ gpP9uUffpu"" bets 800",2026-07-25T09:11:14.024Z,178497067402400
"Turn: A♦, 5♥, 9♠ [10♣]",2026-07-25T09:11:12.451Z,178497067245100
"""hsj @ PEMYRVPxOS"" calls 100",2026-07-25T09:11:11.648Z,178497067164800
"""fully locked @ gpP9uUffpu"" bets 100",2026-07-25T09:11:10.743Z,178497067074300
"Flop:  [A♦, 5♥, 9♠]",2026-07-25T09:11:08.960Z,178497066896000
"""hsj @ PEMYRVPxOS"" calls 300",2026-07-25T09:11:08.133Z,178497066813300
"""fully locked @ gpP9uUffpu"" raises to 300",2026-07-25T09:11:06.835Z,178497066683500
"""hsj @ PEMYRVPxOS"" raises to 100",2026-07-25T09:11:04.823Z,178497066482300
"""fully locked @ gpP9uUffpu"" posts a big blind of 50",2026-07-25T09:11:03.550Z,178497066355005
"""hsj @ PEMYRVPxOS"" posts a small blind of 25",2026-07-25T09:11:03.550Z,178497066355004
"Player stacks: #1 ""fully locked @ gpP9uUffpu"" (5400) | #2 ""hsj @ PEMYRVPxOS"" (4600)",2026-07-25T09:11:03.550Z,178497066355001
"-- starting hand #155 (id: i9ocp4ttwoei)  No Limit Texas Hold'em (dealer: ""hsj @ PEMYRVPxOS"") --",2026-07-25T09:11:03.550Z,178497066355000
"""fully locked @ gpP9uUffpu"" shows a 2♠, 7♦.",2026-07-25T09:10:58.653Z,178497065865300
"Undealt cards: Q♥, 7♣, 8♠, 2♣ [9♦]",2026-07-25T09:10:57.210Z,178497065721000
"-- ending hand #154 --",2026-07-25T09:10:56.898Z,178497065689802
"""fully locked @ gpP9uUffpu"" collected 500 from pot",2026-07-25T09:10:56.898Z,178497065689801
"Uncalled bet of 500 returned to ""fully locked @ gpP9uUffpu""",2026-07-25T09:10:56.898Z,178497065689800
"""hsj @ PEMYRVPxOS"" folds",2026-07-25T09:10:56.013Z,178497065601300
"""fully locked @ gpP9uUffpu"" raises to 550",2026-07-25T09:10:51.166Z,178497065116600
"""hsj @ PEMYRVPxOS"" bets 50",2026-07-25T09:10:49.325Z,178497064932500
"Turn: Q♥, 7♣, 8♠ [2♣]",2026-07-25T09:10:48.806Z,178497064880600
"""fully locked @ gpP9uUffpu"" calls 50",2026-07-25T09:10:47.975Z,178497064797500
"""hsj @ PEMYRVPxOS"" bets 50",2026-07-25T09:10:47.012Z,178497064701200
"Flop:  [Q♥, 7♣, 8♠]",2026-07-25T09:10:45.209Z,178497064520900
"""hsj @ PEMYRVPxOS"" calls 150",2026-07-25T09:10:44.379Z,178497064437900
"""fully locked @ gpP9uUffpu"" raises to 150",2026-07-25T09:10:43.410Z,178497064341000
"""hsj @ PEMYRVPxOS"" posts a big blind of 50",2026-07-25T09:10:40.403Z,178497064040305
"""fully locked @ gpP9uUffpu"" posts a small blind of 25",2026-07-25T09:10:40.403Z,178497064040304
"Your hand is 2♠, 7♦",2026-07-25T09:10:40.403Z,178497064040302
"Player stacks: #1 ""fully locked @ gpP9uUffpu"" (5150) | #2 ""hsj @ PEMYRVPxOS"" (4850)",2026-07-25T09:10:40.403Z,178497064040301
"-- starting hand #154 (id: sf5ysxp7jaxk)  No Limit Texas Hold'em (dealer: ""fully locked @ gpP9uUffpu"") --",2026-07-25T09:10:40.403Z,178497064040300
"-- ending hand #153 --",2026-07-25T09:10:34.399Z,178497063439903
"""hsj @ PEMYRVPxOS"" collected 3300 from pot with Straight, J High (combination: 7♥, 8♥, 9♠, 10♦, J♦)",2026-07-25T09:10:34.399Z,178497063439902
"""hsj @ PEMYRVPxOS"" shows a 10♦, 7♦.",2026-07-25T09:10:34.399Z,178497063439901
"""fully locked @ gpP9uUffpu"" shows a Q♠, K♥.",2026-07-25T09:10:34.399Z,178497063439900
"""hsj @ PEMYRVPxOS"" calls 1100",2026-07-25T09:10:33.550Z,178497063355000
"""fully locked @ gpP9uUffpu"" bets 1100",2026-07-25T09:10:32.195Z,178497063219500
"River: J♦, 7♥, 9♠, 4♥ [8♥]",2026-07-25T09:10:30.319Z,178497063031900
"""hsj @ PEMYRVPxOS"" calls 150",2026-07-25T09:10:29.489Z,178497062948900
"""fully locked @ gpP9uUffpu"" bets 150",2026-07-25T09:10:28.584Z,178497062858400
"Turn: J♦, 7♥, 9♠ [4♥]",2026-07-25T09:10:26.878Z,178497062687800
"""hsj @ PEMYRVPxOS"" calls 100",2026-07-25T09:10:26.014Z,178497062601400
"""fully locked @ gpP9uUffpu"" bets 100",2026-07-25T09:10:25.080Z,178497062508000
"Flop:  [J♦, 7♥, 9♠]",2026-07-25T09:10:23.514Z,178497062351400
"""hsj @ PEMYRVPxOS"" calls 300",2026-07-25T09:10:22.687Z,178497062268700
"""fully locked @ gpP9uUffpu"" raises to 300",2026-07-25T09:10:21.760Z,178497062176000
"""hsj @ PEMYRVPxOS"" raises to 100",2026-07-25T09:10:19.918Z,178497061991800
"""fully locked @ gpP9uUffpu"" posts a big blind of 50",2026-07-25T09:10:18.693Z,178497061869305
"""hsj @ PEMYRVPxOS"" posts a small blind of 25",2026-07-25T09:10:18.693Z,178497061869304
"Your hand is Q♠, K♥",2026-07-25T09:10:18.693Z,178497061869302
"Player stacks: #1 ""fully locked @ gpP9uUffpu"" (6800) | #2 ""hsj @ PEMYRVPxOS"" (3200)",2026-07-25T09:10:18.693Z,178497061869301
"-- starting hand #153 (id: e1fbsymty8t3)  No Limit Texas Hold'em (dealer: ""hsj @ PEMYRVPxOS"") --",2026-07-25T09:10:18.693Z,178497061869300
"Undealt cards:  [9♠, 2♣, 5♦, 7♠, K♠]",2026-07-25T09:10:12.963Z,178497061296300
"-- ending hand #152 --",2026-07-25T09:10:12.789Z,178497061278902
"""fully locked @ gpP9uUffpu"" collected 100 from pot",2026-07-25T09:10:12.789Z,178497061278901
"Uncalled bet of 100 returned to ""fully locked @ gpP9uUffpu""",2026-07-25T09:10:12.789Z,178497061278900
"""hsj @ PEMYRVPxOS"" folds",2026-07-25T09:10:11.893Z,178497061189300
"""fully locked @ gpP9uUffpu"" raises to 150",2026-07-25T09:10:10.939Z,178497061093900
"""hsj @ PEMYRVPxOS"" posts a big blind of 50",2026-07-25T09:10:09.589Z,178497060958905
"""fully locked @ gpP9uUffpu"" posts a small blind of 25",2026-07-25T09:10:09.589Z,178497060958904
"Player stacks: #1 ""fully locked @ gpP9uUffpu"" (6750) | #2 ""hsj @ PEMYRVPxOS"" (3250)",2026-07-25T09:10:09.589Z,178497060958901
"-- starting hand #152 (id: 76nrea8syk1c)  No Limit Texas Hold'em (dealer: ""fully locked @ gpP9uUffpu"") --",2026-07-25T09:10:09.589Z,178497060958900
"Undealt cards: 3♣, K♠, 4♦ [K♦, 5♠]",2026-07-25T09:10:03.820Z,178497060382000
"-- ending hand #151 --",2026-07-25T09:10:03.584Z,178497060358402
"""fully locked @ gpP9uUffpu"" collected 200 from pot",2026-07-25T09:10:03.584Z,178497060358401
"Uncalled bet of 50 returned to ""fully locked @ gpP9uUffpu""",2026-07-25T09:10:03.584Z,178497060358400
"""hsj @ PEMYRVPxOS"" folds",2026-07-25T09:10:02.677Z,178497060267700
"""fully locked @ gpP9uUffpu"" bets 50",2026-07-25T09:10:01.157Z,178497060115700
"Flop:  [3♣, K♠, 4♦]",2026-07-25T09:09:59.773Z,178497059977300
"""fully locked @ gpP9uUffpu"" calls 100",2026-07-25T09:09:58.869Z,178497059886900
"""hsj @ PEMYRVPxOS"" raises to 100",2026-07-25T09:09:57.853Z,178497059785300
"""fully locked @ gpP9uUffpu"" posts a big blind of 50",2026-07-25T09:09:56.574Z,178497059657405
"""hsj @ PEMYRVPxOS"" posts a small blind of 25",2026-07-25T09:09:56.574Z,178497059657404
"Player stacks: #1 ""fully locked @ gpP9uUffpu"" (6650) | #2 ""hsj @ PEMYRVPxOS"" (3350)",2026-07-25T09:09:56.574Z,178497059657401
"-- starting hand #151 (id: 6fbqprmjpjih)  No Limit Texas Hold'em (dealer: ""hsj @ PEMYRVPxOS"") --",2026-07-25T09:09:56.574Z,178497059657400
"-- ending hand #150 --",2026-07-25T09:09:50.566Z,178497059056604
"""hsj @ PEMYRVPxOS"" collected 150 from pot with Two Pair, 7's & 6's (combination: Q♥, 6♠, 6♣, 7♦, 7♠)",2026-07-25T09:09:50.566Z,178497059056603
"""fully locked @ gpP9uUffpu"" collected 150 from pot with Two Pair, 7's & 6's (combination: Q♥, 6♠, 6♣, 7♥, 7♠)",2026-07-25T09:09:50.566Z,178497059056602
"""fully locked @ gpP9uUffpu"" shows a 7♥, 5♠.",2026-07-25T09:09:50.566Z,178497059056601
"""hsj @ PEMYRVPxOS"" shows a 3♥, 7♦.",2026-07-25T09:09:50.566Z,178497059056600
"""fully locked @ gpP9uUffpu"" calls 50",2026-07-25T09:09:49.680Z,178497058968000
"""hsj @ PEMYRVPxOS"" bets 50",2026-07-25T09:09:48.760Z,178497058876000
"River: J♥, 6♠, Q♥, 7♠ [6♣]",2026-07-25T09:09:47.963Z,178497058796300
"""fully locked @ gpP9uUffpu"" calls 50",2026-07-25T09:09:47.047Z,178497058704700
"""hsj @ PEMYRVPxOS"" bets 50",2026-07-25T09:09:46.093Z,178497058609300
"Turn: J♥, 6♠, Q♥ [7♠]",2026-07-25T09:09:44.962Z,178497058496200
"""fully locked @ gpP9uUffpu"" checks",2026-07-25T09:09:44.050Z,178497058405000
"""hsj @ PEMYRVPxOS"" checks",2026-07-25T09:09:43.061Z,178497058306100
"Flop:  [J♥, 6♠, Q♥]",2026-07-25T09:09:41.562Z,178497058156200
"""hsj @ PEMYRVPxOS"" checks",2026-07-25T09:09:40.650Z,178497058065000
"""fully locked @ gpP9uUffpu"" calls 50",2026-07-25T09:09:39.645Z,178497057964500
"""hsj @ PEMYRVPxOS"" posts a big blind of 50",2026-07-25T09:09:38.961Z,178497057896105
"""fully locked @ gpP9uUffpu"" posts a small blind of 25",2026-07-25T09:09:38.961Z,178497057896104
"Your hand is 7♥, 5♠",2026-07-25T09:09:38.961Z,178497057896102
"Player stacks: #1 ""fully locked @ gpP9uUffpu"" (6650) | #2 ""hsj @ PEMYRVPxOS"" (3350)",2026-07-25T09:09:38.961Z,178497057896101
"-- starting hand #150 (id: yu87xsqfpmdv)  No Limit Texas Hold'em (dealer: ""fully locked @ gpP9uUffpu"") --",2026-07-25T09:09:38.961Z,178497057896100
"-- ending hand #149 --",2026-07-25T09:09:32.956Z,178497057295603
"""fully locked @ gpP9uUffpu"" collected 300 from pot with Pair, 6's (combination: 10♦, J♥, K♠, 6♣, 6♠)",2026-07-25T09:09:32.956Z,178497057295602
"""fully locked @ gpP9uUffpu"" shows a 5♣, K♠.",2026-07-25T09:09:32.956Z,178497057295601
"""hsj @ PEMYRVPxOS"" shows a 4♠, Q♦.",2026-07-25T09:09:32.956Z,178497057295600
"""fully locked @ gpP9uUffpu"" calls 50",2026-07-25T09:09:32.039Z,178497057203900
"""hsj @ PEMYRVPxOS"" bets 50",2026-07-25T09:09:31.103Z,178497057110300
"""fully locked @ gpP9uUffpu"" checks",2026-07-25T09:09:29.963Z,178497056996300
"River: J♥, 2♠, 6♣, 6♠ [10♦]",2026-07-25T09:09:28.556Z,178497056855600
"""hsj @ PEMYRVPxOS"" checks",2026-07-25T09:09:27.648Z,178497056764800
"""fully locked @ gpP9uUffpu"" checks",2026-07-25T09:09:26.691Z,178497056669100
"Turn: J♥, 2♠, 6♣ [6♠]",2026-07-25T09:09:25.952Z,178497056595200
"""hsj @ PEMYRVPxOS"" checks",2026-07-25T09:09:25.043Z,178497056504300
"""fully locked @ gpP9uUffpu"" checks",2026-07-25T09:09:24.015Z,178497056401500
"Flop:  [J♥, 2♠, 6♣]",2026-07-25T09:09:22.755Z,178497056275500
"""fully locked @ gpP9uUffpu"" calls 100",2026-07-25T09:09:21.864Z,178497056186400
"""hsj @ PEMYRVPxOS"" raises to 100",2026-07-25T09:09:20.653Z,178497056065300
"""fully locked @ gpP9uUffpu"" posts a big blind of 50",2026-07-25T09:09:08.149Z,178497054814905
"""hsj @ PEMYRVPxOS"" posts a small blind of 25",2026-07-25T09:09:08.149Z,178497054814904
"Your hand is 5♣, K♠",2026-07-25T09:09:08.149Z,178497054814902
"Player stacks: #1 ""fully locked @ gpP9uUffpu"" (6500) | #2 ""hsj @ PEMYRVPxOS"" (3500)",2026-07-25T09:09:08.149Z,178497054814901
"-- starting hand #149 (id: v5oykwvljuvb)  No Limit Texas Hold'em (dealer: ""hsj @ PEMYRVPxOS"") --",2026-07-25T09:09:08.149Z,178497054814900
"-- ending hand #148 --",2026-07-25T09:09:02.127Z,178497054212703
"""fully locked @ gpP9uUffpu"" collected 100 from pot with Pair, 7's (combination: 9♦, 10♦, K♠, 7♥, 7♣)",2026-07-25T09:09:02.127Z,178497054212702
"""fully locked @ gpP9uUffpu"" shows a 10♦, 7♥.",2026-07-25T09:09:02.127Z,178497054212701
"""hsj @ PEMYRVPxOS"" shows a J♠, Q♥.",2026-07-25T09:09:02.127Z,178497054212700
"""fully locked @ gpP9uUffpu"" checks",2026-07-25T09:09:01.280Z,178497054128000
"""hsj @ PEMYRVPxOS"" checks",2026-07-25T09:09:00.179Z,178497054017900
"River: 4♦, K♠, 5♦, 7♣ [9♦]",2026-07-25T09:08:58.595Z,178497053859500
"""fully locked @ gpP9uUffpu"" checks",2026-07-25T09:08:57.772Z,178497053777200
"""hsj @ PEMYRVPxOS"" checks",2026-07-25T09:08:56.822Z,178497053682200
"Turn: 4♦, K♠, 5♦ [7♣]",2026-07-25T09:08:55.695Z,178497053569500
"""fully locked @ gpP9uUffpu"" checks",2026-07-25T09:08:54.892Z,178497053489200
"""hsj @ PEMYRVPxOS"" checks",2026-07-25T09:08:53.951Z,178497053395100
"Flop:  [4♦, K♠, 5♦]",2026-07-25T09:08:52.493Z,178497053249300
"""hsj @ PEMYRVPxOS"" checks",2026-07-25T09:08:51.681Z,178497053168100
"""fully locked @ gpP9uUffpu"" calls 50",2026-07-25T09:08:50.699Z,178497053069900
"""hsj @ PEMYRVPxOS"" posts a big blind of 50",2026-07-25T09:08:49.894Z,178497052989405
"""fully locked @ gpP9uUffpu"" posts a small blind of 25",2026-07-25T09:08:49.894Z,178497052989404
"Your hand is 10♦, 7♥",2026-07-25T09:08:49.894Z,178497052989402
"Player stacks: #1 ""fully locked @ gpP9uUffpu"" (6450) | #2 ""hsj @ PEMYRVPxOS"" (3550)",2026-07-25T09:08:49.894Z,178497052989401
"-- starting hand #148 (id: v9anmkqotb6d)  No Limit Texas Hold'em (dealer: ""fully locked @ gpP9uUffpu"") --",2026-07-25T09:08:49.894Z,178497052989400
"Undealt cards: 2♦, 5♦, K♥, 10♦ [J♦]",2026-07-25T09:08:44.187Z,178497052418700
"-- ending hand #147 --",2026-07-25T09:08:43.985Z,178497052398502
"""fully locked @ gpP9uUffpu"" collected 700 from pot",2026-07-25T09:08:43.985Z,178497052398501
"Uncalled bet of 200 returned to ""fully locked @ gpP9uUffpu""",2026-07-25T09:08:43.985Z,178497052398500
"""hsj @ PEMYRVPxOS"" folds",2026-07-25T09:08:43.167Z,178497052316700
"""fully locked @ gpP9uUffpu"" bets 200",2026-07-25T09:08:42.238Z,178497052223800
"Turn: 2♦, 5♦, K♥ [10♦]",2026-07-25T09:08:39.982Z,178497051998200
"""hsj @ PEMYRVPxOS"" calls 250",2026-07-25T09:08:39.166Z,178497051916600
"""fully locked @ gpP9uUffpu"" bets 250",2026-07-25T09:08:38.258Z,178497051825800
"Flop:  [2♦, 5♦, K♥]",2026-07-25T09:08:36.075Z,178497051607500
"""fully locked @ gpP9uUffpu"" calls 100",2026-07-25T09:08:35.271Z,178497051527100
"""hsj @ PEMYRVPxOS"" raises to 100",2026-07-25T09:08:34.286Z,178497051428600
"""fully locked @ gpP9uUffpu"" posts a big blind of 50",2026-07-25T09:08:32.875Z,178497051287505
"""hsj @ PEMYRVPxOS"" posts a small blind of 25",2026-07-25T09:08:32.875Z,178497051287504
"Player stacks: #1 ""fully locked @ gpP9uUffpu"" (6100) | #2 ""hsj @ PEMYRVPxOS"" (3900)",2026-07-25T09:08:32.875Z,178497051287501
"-- starting hand #147 (id: m0vla8qefdir)  No Limit Texas Hold'em (dealer: ""hsj @ PEMYRVPxOS"") --",2026-07-25T09:08:32.875Z,178497051287500
"-- ending hand #146 --",2026-07-25T09:08:26.774Z,178497050677402
"""hsj @ PEMYRVPxOS"" collected 300 from pot with Two Pair, Q's & 4's (combination: K♠, 4♦, 4♠, Q♦, Q♠)",2026-07-25T09:08:26.774Z,178497050677401
"""hsj @ PEMYRVPxOS"" shows a 7♥, Q♦.",2026-07-25T09:08:26.774Z,178497050677400
"""fully locked @ gpP9uUffpu"" calls 50",2026-07-25T09:08:25.940Z,178497050594000
"""hsj @ PEMYRVPxOS"" bets 50",2026-07-25T09:08:18.223Z,178497049822300
"River: 10♠, K♠, 4♦, Q♠ [4♠]",2026-07-25T09:08:17.352Z,178497049735200
"""fully locked @ gpP9uUffpu"" calls 50",2026-07-25T09:08:16.536Z,178497049653600
"""hsj @ PEMYRVPxOS"" bets 50",2026-07-25T09:08:15.557Z,178497049555700
"Turn: 10♠, K♠, 4♦ [Q♠]",2026-07-25T09:08:14.750Z,178497049475000
"""fully locked @ gpP9uUffpu"" checks",2026-07-25T09:08:13.904Z,178497049390400
"""hsj @ PEMYRVPxOS"" checks",2026-07-25T09:08:12.991Z,178497049299100
"Flop:  [10♠, K♠, 4♦]",2026-07-25T09:08:11.535Z,178497049153500
"""hsj @ PEMYRVPxOS"" checks",2026-07-25T09:08:10.731Z,178497049073100
"""fully locked @ gpP9uUffpu"" calls 50",2026-07-25T09:08:09.833Z,178497048983300
"""hsj @ PEMYRVPxOS"" posts a big blind of 50",2026-07-25T09:08:09.009Z,178497048900905
"""fully locked @ gpP9uUffpu"" posts a small blind of 25",2026-07-25T09:08:09.009Z,178497048900904
"Player stacks: #1 ""fully locked @ gpP9uUffpu"" (6250) | #2 ""hsj @ PEMYRVPxOS"" (3750)",2026-07-25T09:08:09.009Z,178497048900901
"-- starting hand #146 (id: lzep8l9gkp0g)  No Limit Texas Hold'em (dealer: ""fully locked @ gpP9uUffpu"") --",2026-07-25T09:08:09.009Z,178497048900900
"-- ending hand #145 --",2026-07-25T09:08:02.933Z,178497048293303
"""hsj @ PEMYRVPxOS"" collected 1400 from pot with Two Pair, K's & J's (combination: Q♠, J♥, J♣, K♣, K♦)",2026-07-25T09:08:02.933Z,178497048293302
"""hsj @ PEMYRVPxOS"" shows a J♥, J♣.",2026-07-25T09:08:02.933Z,178497048293301
"""fully locked @ gpP9uUffpu"" shows a 6♠, 4♦.",2026-07-25T09:08:02.933Z,178497048293300
"""hsj @ PEMYRVPxOS"" calls 400",2026-07-25T09:08:02.078Z,178497048207800
"""fully locked @ gpP9uUffpu"" bets 400",2026-07-25T09:08:01.115Z,178497048111500
"River: K♣, K♦, 8♣, 10♥ [Q♠]",2026-07-25T09:07:58.724Z,178497047872400
"""hsj @ PEMYRVPxOS"" calls 150",2026-07-25T09:07:57.818Z,178497047781800
"""fully locked @ gpP9uUffpu"" bets 150",2026-07-25T09:07:56.893Z,178497047689300
"Turn: K♣, K♦, 8♣ [10♥]",2026-07-25T09:07:55.325Z,178497047532500
"""hsj @ PEMYRVPxOS"" calls 50",2026-07-25T09:07:54.414Z,178497047441400
"""fully locked @ gpP9uUffpu"" bets 50",2026-07-25T09:07:53.415Z,178497047341500
"Flop:  [K♣, K♦, 8♣]",2026-07-25T09:07:51.726Z,178497047172600
"""fully locked @ gpP9uUffpu"" calls 100",2026-07-25T09:07:50.873Z,178497047087300
"""hsj @ PEMYRVPxOS"" raises to 100",2026-07-25T09:07:49.928Z,178497046992800
"""fully locked @ gpP9uUffpu"" posts a big blind of 50",2026-07-25T09:07:48.322Z,178497046832205
"""hsj @ PEMYRVPxOS"" posts a small blind of 25",2026-07-25T09:07:48.322Z,178497046832204
"Your hand is 6♠, 4♦",2026-07-25T09:07:48.322Z,178497046832202
"Player stacks: #1 ""fully locked @ gpP9uUffpu"" (6950) | #2 ""hsj @ PEMYRVPxOS"" (3050)",2026-07-25T09:07:48.322Z,178497046832201
"-- starting hand #145 (id: pp4o2i5qejce)  No Limit Texas Hold'em (dealer: ""hsj @ PEMYRVPxOS"") --",2026-07-25T09:07:48.322Z,178497046832200
"-- ending hand #144 --",2026-07-25T09:07:45.320Z,178497046532002
"""hsj @ PEMYRVPxOS"" collected 300 from pot",2026-07-25T09:07:45.320Z,178497046532001
"Uncalled bet of 50 returned to ""hsj @ PEMYRVPxOS""",2026-07-25T09:07:45.320Z,178497046532000
"""fully locked @ gpP9uUffpu"" folds",2026-07-25T09:07:44.408Z,178497046440800
"""hsj @ PEMYRVPxOS"" bets 50",2026-07-25T09:07:43.487Z,178497046348700
"River: 8♥, 7♥, 3♣, 3♠ [2♦]",2026-07-25T09:07:42.720Z,178497046272000
"""fully locked @ gpP9uUffpu"" calls 50",2026-07-25T09:07:41.884Z,178497046188400
"""hsj @ PEMYRVPxOS"" bets 50",2026-07-25T09:07:41.000Z,178497046100000
"Turn: 8♥, 7♥, 3♣ [3♠]",2026-07-25T09:07:40.118Z,178497046011800
"""fully locked @ gpP9uUffpu"" calls 50",2026-07-25T09:07:39.241Z,178497045924100
"""hsj @ PEMYRVPxOS"" bets 50",2026-07-25T09:07:38.328Z,178497045832800
"Flop:  [8♥, 7♥, 3♣]",2026-07-25T09:07:36.920Z,178497045692000
"""hsj @ PEMYRVPxOS"" checks",2026-07-25T09:07:36.007Z,178497045600700
"""fully locked @ gpP9uUffpu"" calls 50",2026-07-25T09:07:35.105Z,178497045510500
"""hsj @ PEMYRVPxOS"" posts a big blind of 50",2026-07-25T09:07:34.314Z,178497045431405
"""fully locked @ gpP9uUffpu"" posts a small blind of 25",2026-07-25T09:07:34.314Z,178497045431404
"Player stacks: #1 ""fully locked @ gpP9uUffpu"" (7100) | #2 ""hsj @ PEMYRVPxOS"" (2900)",2026-07-25T09:07:34.314Z,178497045431401
"-- starting hand #144 (id: hmuof3rn0h6b)  No Limit Texas Hold'em (dealer: ""fully locked @ gpP9uUffpu"") --",2026-07-25T09:07:34.314Z,178497045431400
"-- ending hand #143 --",2026-07-25T09:07:31.311Z,178497045131102
"""hsj @ PEMYRVPxOS"" collected 200 from pot",2026-07-25T09:07:31.311Z,178497045131101
"Uncalled bet of 2700 returned to ""hsj @ PEMYRVPxOS""",2026-07-25T09:07:31.311Z,178497045131100
"""fully locked @ gpP9uUffpu"" folds",2026-07-25T09:07:30.394Z,178497045039400
"""hsj @ PEMYRVPxOS"" bets 2700 and go all in",2026-07-25T09:07:29.457Z,178497044945700
"""fully locked @ gpP9uUffpu"" checks",2026-07-25T09:07:26.794Z,178497044679400
"River: 8♥, 10♦, 2♠, Q♥ [9♥]",2026-07-25T09:07:25.908Z,178497044590800
"""hsj @ PEMYRVPxOS"" checks",2026-07-25T09:07:25.071Z,178497044507100
"""fully locked @ gpP9uUffpu"" checks",2026-07-25T09:07:23.874Z,178497044387400
"Turn: 8♥, 10♦, 2♠ [Q♥]",2026-07-25T09:07:23.106Z,178497044310600
"""hsj @ PEMYRVPxOS"" checks",2026-07-25T09:07:22.289Z,178497044228900
"""fully locked @ gpP9uUffpu"" checks",2026-07-25T09:07:21.003Z,178497044100300
"Flop:  [8♥, 10♦, 2♠]",2026-07-25T09:07:19.704Z,178497043970400
"""fully locked @ gpP9uUffpu"" calls 100",2026-07-25T09:07:18.835Z,178497043883500
"""hsj @ PEMYRVPxOS"" raises to 100",2026-07-25T09:07:17.928Z,178497043792800
"""fully locked @ gpP9uUffpu"" posts a big blind of 50",2026-07-25T09:07:16.301Z,178497043630105
"""hsj @ PEMYRVPxOS"" posts a small blind of 25",2026-07-25T09:07:16.301Z,178497043630104
"Player stacks: #1 ""fully locked @ gpP9uUffpu"" (7200) | #2 ""hsj @ PEMYRVPxOS"" (2800)",2026-07-25T09:07:16.301Z,178497043630101
"-- starting hand #143 (id: gejvoalfnv59)  No Limit Texas Hold'em (dealer: ""hsj @ PEMYRVPxOS"") --",2026-07-25T09:07:16.301Z,178497043630100
"-- ending hand #142 --",2026-07-25T09:07:13.300Z,178497043330002
"""hsj @ PEMYRVPxOS"" collected 300 from pot",2026-07-25T09:07:13.300Z,178497043330001
"Uncalled bet of 50 returned to ""hsj @ PEMYRVPxOS""",2026-07-25T09:07:13.300Z,178497043330000
"""fully locked @ gpP9uUffpu"" folds",2026-07-25T09:07:12.470Z,178497043247000
"""hsj @ PEMYRVPxOS"" bets 50",2026-07-25T09:07:11.561Z,178497043156100
"River: K♠, Q♥, 6♦, 5♣ [5♠]",2026-07-25T09:07:10.702Z,178497043070200
"""fully locked @ gpP9uUffpu"" calls 50",2026-07-25T09:07:09.867Z,178497042986700
"""hsj @ PEMYRVPxOS"" bets 50",2026-07-25T09:07:08.968Z,178497042896800
"Turn: K♠, Q♥, 6♦ [5♣]",2026-07-25T09:07:08.098Z,178497042809800
"""fully locked @ gpP9uUffpu"" calls 50",2026-07-25T09:07:07.185Z,178497042718500
"""hsj @ PEMYRVPxOS"" bets 50",2026-07-25T09:07:06.259Z,178497042625900
"Flop:  [K♠, Q♥, 6♦]",2026-07-25T09:07:04.697Z,178497042469700
"""hsj @ PEMYRVPxOS"" checks",2026-07-25T09:07:03.819Z,178497042381900
"""fully locked @ gpP9uUffpu"" calls 50",2026-07-25T09:07:02.902Z,178497042290200
"""hsj @ PEMYRVPxOS"" posts a big blind of 50",2026-07-25T09:07:02.108Z,178497042210805
"""fully locked @ gpP9uUffpu"" posts a small blind of 25",2026-07-25T09:07:02.108Z,178497042210804
"Player stacks: #1 ""fully locked @ gpP9uUffpu"" (7350) | #2 ""hsj @ PEMYRVPxOS"" (2650)",2026-07-25T09:07:02.108Z,178497042210801
"-- starting hand #142 (id: 0xruzk8pzikf)  No Limit Texas Hold'em (dealer: ""fully locked @ gpP9uUffpu"") --",2026-07-25T09:07:02.108Z,178497042210800
"Undealt cards:  [A♥, K♦, 9♣, 4♠, Q♠]",2026-07-25T09:06:56.505Z,178497041650500
"-- ending hand #141 --",2026-07-25T09:06:56.159Z,178497041615902
"""fully locked @ gpP9uUffpu"" collected 50 from pot",2026-07-25T09:06:56.159Z,178497041615901
"Uncalled bet of 25 returned to ""fully locked @ gpP9uUffpu""",2026-07-25T09:06:56.159Z,178497041615900
"""hsj @ PEMYRVPxOS"" folds",2026-07-25T09:06:55.313Z,178497041531300
"""fully locked @ gpP9uUffpu"" posts a big blind of 50",2026-07-25T09:06:53.760Z,178497041376005
"""hsj @ PEMYRVPxOS"" posts a small blind of 25",2026-07-25T09:06:53.760Z,178497041376004
"Player stacks: #1 ""fully locked @ gpP9uUffpu"" (7325) | #2 ""hsj @ PEMYRVPxOS"" (2675)",2026-07-25T09:06:53.760Z,178497041376001
"-- starting hand #141 (id: rgpxtreu7otk)  No Limit Texas Hold'em (dealer: ""hsj @ PEMYRVPxOS"") --",2026-07-25T09:06:53.760Z,178497041376000
"Undealt cards: 7♠, K♥, 5♦, 5♣ [10♣]",2026-07-25T09:06:48.126Z,178497040812600
"-- ending hand #140 --",2026-07-25T09:06:47.856Z,178497040785602
"""hsj @ PEMYRVPxOS"" collected 400 from pot",2026-07-25T09:06:47.856Z,178497040785601
"Uncalled bet of 50 returned to ""hsj @ PEMYRVPxOS""",2026-07-25T09:06:47.856Z,178497040785600
"""fully locked @ gpP9uUffpu"" folds",2026-07-25T09:06:47.048Z,178497040704800
"""hsj @ PEMYRVPxOS"" bets 50",2026-07-25T09:06:46.136Z,178497040613600
"Turn: 7♠, K♥, 5♦ [5♣]",2026-07-25T09:06:45.656Z,178497040565600
"""fully locked @ gpP9uUffpu"" calls 50",2026-07-25T09:06:44.797Z,178497040479700
"""hsj @ PEMYRVPxOS"" bets 50",2026-07-25T09:06:43.832Z,178497040383200
"Flop:  [7♠, K♥, 5♦]",2026-07-25T09:06:42.454Z,178497040245400
"""hsj @ PEMYRVPxOS"" calls 150",2026-07-25T09:06:41.645Z,178497040164500
"""fully locked @ gpP9uUffpu"" raises to 150",2026-07-25T09:06:40.709Z,178497040070900
"""hsj @ PEMYRVPxOS"" posts a big blind of 50",2026-07-25T09:06:39.156Z,178497039915605
"""fully locked @ gpP9uUffpu"" posts a small blind of 25",2026-07-25T09:06:39.156Z,178497039915604
"Player stacks: #1 ""fully locked @ gpP9uUffpu"" (7525) | #2 ""hsj @ PEMYRVPxOS"" (2475)",2026-07-25T09:06:39.156Z,178497039915601
"-- starting hand #140 (id: etn1ohxganvi)  No Limit Texas Hold'em (dealer: ""fully locked @ gpP9uUffpu"") --",2026-07-25T09:06:39.156Z,178497039915600
"Undealt cards: 5♦, 8♠, Q♠, K♣ [2♣]",2026-07-25T09:06:33.877Z,178497039387700
"-- ending hand #139 --",2026-07-25T09:06:33.249Z,178497039324902
"""fully locked @ gpP9uUffpu"" collected 500 from pot",2026-07-25T09:06:33.249Z,178497039324901
"Uncalled bet of 500 returned to ""fully locked @ gpP9uUffpu""",2026-07-25T09:06:33.249Z,178497039324900
"""hsj @ PEMYRVPxOS"" folds",2026-07-25T09:06:32.353Z,178497039235300
"""fully locked @ gpP9uUffpu"" bets 500",2026-07-25T09:06:31.452Z,178497039145200
"Turn: 5♦, 8♠, Q♠ [K♣]",2026-07-25T09:06:29.349Z,178497038934900
"""hsj @ PEMYRVPxOS"" calls 150",2026-07-25T09:06:28.536Z,178497038853600
"""fully locked @ gpP9uUffpu"" bets 150",2026-07-25T09:06:27.555Z,178497038755500
"Flop:  [5♦, 8♠, Q♠]",2026-07-25T09:06:25.149Z,178497038514900
"""fully locked @ gpP9uUffpu"" calls 100",2026-07-25T09:06:24.314Z,178497038431400
"""hsj @ PEMYRVPxOS"" raises to 100",2026-07-25T09:06:23.418Z,178497038341800
"""fully locked @ gpP9uUffpu"" posts a big blind of 50",2026-07-25T09:06:22.218Z,178497038221805
"""hsj @ PEMYRVPxOS"" posts a small blind of 25",2026-07-25T09:06:22.218Z,178497038221804
"Player stacks: #1 ""fully locked @ gpP9uUffpu"" (7275) | #2 ""hsj @ PEMYRVPxOS"" (2725)",2026-07-25T09:06:22.218Z,178497038221801
"-- starting hand #139 (id: dxffnwuqbu4k)  No Limit Texas Hold'em (dealer: ""hsj @ PEMYRVPxOS"") --",2026-07-25T09:06:22.218Z,178497038221800
"Undealt cards: 3♥, 4♠, 10♣ [9♣, 4♣]",2026-07-25T09:06:16.492Z,178497037649200
"-- ending hand #138 --",2026-07-25T09:06:16.248Z,178497037624802
"""fully locked @ gpP9uUffpu"" collected 500 from pot",2026-07-25T09:06:16.248Z,178497037624801
"Uncalled bet of 100 returned to ""fully locked @ gpP9uUffpu""",2026-07-25T09:06:16.248Z,178497037624800
"""hsj @ PEMYRVPxOS"" folds",2026-07-25T09:06:15.441Z,178497037544100
"""fully locked @ gpP9uUffpu"" bets 100",2026-07-25T09:06:13.602Z,178497037360200
"""hsj @ PEMYRVPxOS"" checks",2026-07-25T09:06:12.017Z,178497037201700
"Flop:  [3♥, 4♠, 10♣]",2026-07-25T09:06:10.415Z,178497037041500
"""hsj @ PEMYRVPxOS"" calls 250",2026-07-25T09:06:09.576Z,178497036957600
"""fully locked @ gpP9uUffpu"" raises to 250",2026-07-25T09:06:08.569Z,178497036856900
"""hsj @ PEMYRVPxOS"" posts a big blind of 50",2026-07-25T09:06:06.644Z,178497036664405
"""fully locked @ gpP9uUffpu"" posts a small blind of 25",2026-07-25T09:06:06.644Z,178497036664404
"Player stacks: #1 ""fully locked @ gpP9uUffpu"" (7025) | #2 ""hsj @ PEMYRVPxOS"" (2975)",2026-07-25T09:06:06.644Z,178497036664401
"-- starting hand #138 (id: 7hnugamue51s)  No Limit Texas Hold'em (dealer: ""fully locked @ gpP9uUffpu"") --",2026-07-25T09:06:06.644Z,178497036664400
"-- ending hand #137 --",2026-07-25T09:06:03.717Z,178497036371702
"""hsj @ PEMYRVPxOS"" collected 400 from pot",2026-07-25T09:06:03.717Z,178497036371701
"Uncalled bet of 400 returned to ""hsj @ PEMYRVPxOS""",2026-07-25T09:06:03.717Z,178497036371700
"""fully locked @ gpP9uUffpu"" folds",2026-07-25T09:06:02.874Z,178497036287400
"""hsj @ PEMYRVPxOS"" bets 400",2026-07-25T09:06:01.840Z,178497036184000
"""fully locked @ gpP9uUffpu"" checks",2026-07-25T09:05:59.473Z,178497035947300
"River: J♦, 9♦, 7♥, 10♠ [K♠]",2026-07-25T09:05:57.281Z,178497035728100
"""hsj @ PEMYRVPxOS"" calls 50",2026-07-25T09:05:56.471Z,178497035647100
"""fully locked @ gpP9uUffpu"" bets 50",2026-07-25T09:05:55.488Z,178497035548800
"Turn: J♦, 9♦, 7♥ [10♠]",2026-07-25T09:05:54.679Z,178497035467900
"""fully locked @ gpP9uUffpu"" calls 50",2026-07-25T09:05:53.863Z,178497035386300
"""hsj @ PEMYRVPxOS"" bets 50",2026-07-25T09:05:52.922Z,178497035292200
"""fully locked @ gpP9uUffpu"" checks",2026-07-25T09:05:51.705Z,178497035170500
"Flop:  [J♦, 9♦, 7♥]",2026-07-25T09:05:49.977Z,178497034997700
"""fully locked @ gpP9uUffpu"" calls 100",2026-07-25T09:05:49.163Z,178497034916300
"""hsj @ PEMYRVPxOS"" raises to 100",2026-07-25T09:05:48.209Z,178497034820900
"""fully locked @ gpP9uUffpu"" posts a big blind of 50",2026-07-25T09:05:47.000Z,178497034700005
"""hsj @ PEMYRVPxOS"" posts a small blind of 25",2026-07-25T09:05:47.000Z,178497034700004
"Player stacks: #1 ""fully locked @ gpP9uUffpu"" (7225) | #2 ""hsj @ PEMYRVPxOS"" (2775)",2026-07-25T09:05:47.000Z,178497034700001
"-- starting hand #137 (id: gdwktumsyspb)  No Limit Texas Hold'em (dealer: ""hsj @ PEMYRVPxOS"") --",2026-07-25T09:05:47.000Z,178497034700000
"-- ending hand #136 --",2026-07-25T09:05:40.995Z,178497034099503
"""fully locked @ gpP9uUffpu"" collected 400 from pot with Pair, K's (combination: 9♦, 10♠, Q♠, K♥, K♠)",2026-07-25T09:05:40.995Z,178497034099502
"""fully locked @ gpP9uUffpu"" shows a 6♠, K♥.",2026-07-25T09:05:40.995Z,178497034099501
"""hsj @ PEMYRVPxOS"" shows a 10♥, 3♣.",2026-07-25T09:05:40.995Z,178497034099500
"""fully locked @ gpP9uUffpu"" calls 50",2026-07-25T09:05:40.186Z,178497034018600
"""hsj @ PEMYRVPxOS"" bets 50",2026-07-25T09:05:39.251Z,178497033925100
"River: Q♠, 10♠, 9♦, 5♦ [K♠]",2026-07-25T09:05:38.779Z,178497033877900
"""fully locked @ gpP9uUffpu"" calls 50",2026-07-25T09:05:37.953Z,178497033795300
"""hsj @ PEMYRVPxOS"" bets 50",2026-07-25T09:05:37.042Z,178497033704200
"Turn: Q♠, 10♠, 9♦ [5♦]",2026-07-25T09:05:36.170Z,178497033617000
"""fully locked @ gpP9uUffpu"" calls 50",2026-07-25T09:05:35.332Z,178497033533200
"""hsj @ PEMYRVPxOS"" bets 50",2026-07-25T09:05:34.372Z,178497033437200
"Flop:  [Q♠, 10♠, 9♦]",2026-07-25T09:05:32.862Z,178497033286200
"""hsj @ PEMYRVPxOS"" checks",2026-07-25T09:05:32.054Z,178497033205400
"""fully locked @ gpP9uUffpu"" calls 50",2026-07-25T09:05:31.116Z,178497033111600
"""hsj @ PEMYRVPxOS"" posts a big blind of 50",2026-07-25T09:05:30.364Z,178497033036405
"""fully locked @ gpP9uUffpu"" posts a small blind of 25",2026-07-25T09:05:30.364Z,178497033036404
"Your hand is 6♠, K♥",2026-07-25T09:05:30.364Z,178497033036402
"Player stacks: #1 ""fully locked @ gpP9uUffpu"" (7025) | #2 ""hsj @ PEMYRVPxOS"" (2975)",2026-07-25T09:05:30.364Z,178497033036401
"-- starting hand #136 (id: o2kb9d6ng1hw)  No Limit Texas Hold'em (dealer: ""fully locked @ gpP9uUffpu"") --",2026-07-25T09:05:30.364Z,178497033036400
"Undealt cards: K♠, 5♦, J♣ [2♠, 8♥]",2026-07-25T09:05:24.586Z,178497032458600
"-- ending hand #135 --",2026-07-25T09:05:24.359Z,178497032435902
"""hsj @ PEMYRVPxOS"" collected 200 from pot",2026-07-25T09:05:24.359Z,178497032435901
"Uncalled bet of 50 returned to ""hsj @ PEMYRVPxOS""",2026-07-25T09:05:24.359Z,178497032435900
"""fully locked @ gpP9uUffpu"" folds",2026-07-25T09:05:23.536Z,178497032353600
"""hsj @ PEMYRVPxOS"" bets 50",2026-07-25T09:05:22.604Z,178497032260400
"""fully locked @ gpP9uUffpu"" checks",2026-07-25T09:05:20.342Z,178497032034200
"Flop:  [K♠, 5♦, J♣]",2026-07-25T09:05:19.248Z,178497031924800
"""fully locked @ gpP9uUffpu"" calls 100",2026-07-25T09:05:18.424Z,178497031842400
"""hsj @ PEMYRVPxOS"" raises to 100",2026-07-25T09:05:17.473Z,178497031747300
"""fully locked @ gpP9uUffpu"" posts a big blind of 50",2026-07-25T09:05:16.135Z,178497031613505
"""hsj @ PEMYRVPxOS"" posts a small blind of 25",2026-07-25T09:05:16.135Z,178497031613504
"Player stacks: #1 ""fully locked @ gpP9uUffpu"" (7125) | #2 ""hsj @ PEMYRVPxOS"" (2875)",2026-07-25T09:05:16.135Z,178497031613501
"-- starting hand #135 (id: pnmkgevsvkzd)  No Limit Texas Hold'em (dealer: ""hsj @ PEMYRVPxOS"") --",2026-07-25T09:05:16.135Z,178497031613500
"Undealt cards:  [8♦, A♣, 2♦, J♠, 7♣]",2026-07-25T09:05:10.386Z,178497031038600
"-- ending hand #134 --",2026-07-25T09:05:10.134Z,178497031013402
"""fully locked @ gpP9uUffpu"" collected 100 from pot",2026-07-25T09:05:10.134Z,178497031013401
"Uncalled bet of 200 returned to ""fully locked @ gpP9uUffpu""",2026-07-25T09:05:10.134Z,178497031013400
"""hsj @ PEMYRVPxOS"" folds",2026-07-25T09:05:09.241Z,178497030924100
"""fully locked @ gpP9uUffpu"" raises to 250",2026-07-25T09:05:07.925Z,178497030792500
"""hsj @ PEMYRVPxOS"" posts a big blind of 50",2026-07-25T09:05:05.933Z,178497030593305
"""fully locked @ gpP9uUffpu"" posts a small blind of 25",2026-07-25T09:05:05.933Z,178497030593304
"Player stacks: #1 ""fully locked @ gpP9uUffpu"" (7075) | #2 ""hsj @ PEMYRVPxOS"" (2925)",2026-07-25T09:05:05.933Z,178497030593301
"-- starting hand #134 (id: hr0wo26fhc9a)  No Limit Texas Hold'em (dealer: ""fully locked @ gpP9uUffpu"") --",2026-07-25T09:05:05.933Z,178497030593300
"Undealt cards: J♣, A♠, 9♠ [4♠, 2♥]",2026-07-25T09:05:00.169Z,178497030016900
"-- ending hand #133 --",2026-07-25T09:04:59.956Z,178497029995602
"""fully locked @ gpP9uUffpu"" collected 3000 from pot",2026-07-25T09:04:59.956Z,178497029995601
"Uncalled bet of 4075 returned to ""fully locked @ gpP9uUffpu""",2026-07-25T09:04:59.956Z,178497029995600
"""hsj @ PEMYRVPxOS"" folds",2026-07-25T09:04:59.070Z,178497029907000
"""fully locked @ gpP9uUffpu"" raises to 5325 and go all in",2026-07-25T09:04:57.466Z,178497029746600
"""hsj @ PEMYRVPxOS"" raises to 1250",2026-07-25T09:04:45.475Z,178497028547500
"""fully locked @ gpP9uUffpu"" bets 250",2026-07-25T09:04:42.807Z,178497028280700
"Flop:  [J♣, A♠, 9♠]",2026-07-25T09:04:39.947Z,178497027994700
"""hsj @ PEMYRVPxOS"" calls 250",2026-07-25T09:04:39.123Z,178497027912300
"""fully locked @ gpP9uUffpu"" raises to 250",2026-07-25T09:04:38.016Z,178497027801600
"""hsj @ PEMYRVPxOS"" calls 50",2026-07-25T09:04:36.203Z,178497027620300
"""fully locked @ gpP9uUffpu"" posts a big blind of 50",2026-07-25T09:04:33.945Z,178497027394505
"""hsj @ PEMYRVPxOS"" posts a small blind of 25",2026-07-25T09:04:33.945Z,178497027394504
"Player stacks: #1 ""fully locked @ gpP9uUffpu"" (5575) | #2 ""hsj @ PEMYRVPxOS"" (4425)",2026-07-25T09:04:33.945Z,178497027394501
"-- starting hand #133 (id: w2mrv32vcjcn)  No Limit Texas Hold'em (dealer: ""hsj @ PEMYRVPxOS"") --",2026-07-25T09:04:33.945Z,178497027394500
"-- ending hand #132 --",2026-07-25T09:04:27.940Z,178497026794003
"""fully locked @ gpP9uUffpu"" collected 400 from pot with Pair, 5's (combination: 10♥, J♣, Q♣, 5♦, 5♠)",2026-07-25T09:04:27.940Z,178497026794002
"""fully locked @ gpP9uUffpu"" shows a Q♣, J♣.",2026-07-25T09:04:27.940Z,178497026794001
"""hsj @ PEMYRVPxOS"" shows a Q♦, 8♠.",2026-07-25T09:04:27.940Z,178497026794000
"""fully locked @ gpP9uUffpu"" calls 50",2026-07-25T09:04:27.023Z,178497026702300
"""hsj @ PEMYRVPxOS"" bets 50",2026-07-25T09:04:26.014Z,178497026601400
"River: 10♥, 5♦, 4♥, 5♠ [7♦]",2026-07-25T09:04:24.939Z,178497026493900
"""fully locked @ gpP9uUffpu"" checks",2026-07-25T09:04:24.035Z,178497026403500
"""hsj @ PEMYRVPxOS"" checks",2026-07-25T09:04:23.069Z,178497026306900
"Turn: 10♥, 5♦, 4♥ [5♠]",2026-07-25T09:04:21.939Z,178497026193900
"""fully locked @ gpP9uUffpu"" checks",2026-07-25T09:04:21.036Z,178497026103600
"""hsj @ PEMYRVPxOS"" checks",2026-07-25T09:04:20.075Z,178497026007500
"Flop:  [10♥, 5♦, 4♥]",2026-07-25T09:04:18.341Z,178497025834100
"""hsj @ PEMYRVPxOS"" calls 150",2026-07-25T09:04:17.492Z,178497025749200
"""fully locked @ gpP9uUffpu"" raises to 150",2026-07-25T09:04:16.592Z,178497025659200
"""hsj @ PEMYRVPxOS"" posts a big blind of 50",2026-07-25T09:04:14.738Z,178497025473805
"""fully locked @ gpP9uUffpu"" posts a small blind of 25",2026-07-25T09:04:14.738Z,178497025473804
"Your hand is Q♣, J♣",2026-07-25T09:04:14.738Z,178497025473802
"Player stacks: #1 ""fully locked @ gpP9uUffpu"" (5375) | #2 ""hsj @ PEMYRVPxOS"" (4625)",2026-07-25T09:04:14.738Z,178497025473801
"-- starting hand #132 (id: ujubybatbegi)  No Limit Texas Hold'em (dealer: ""fully locked @ gpP9uUffpu"") --",2026-07-25T09:04:14.738Z,178497025473800
"-- ending hand #131 --",2026-07-25T09:04:08.732Z,178497024873203
"""hsj @ PEMYRVPxOS"" collected 1200 from pot with Flush, A High (combination: 5♦, 6♦, 8♦, J♦, A♦)",2026-07-25T09:04:08.732Z,178497024873202
"""hsj @ PEMYRVPxOS"" shows a 8♣, 8♦.",2026-07-25T09:04:08.732Z,178497024873201
"""fully locked @ gpP9uUffpu"" shows a 2♣, 10♣.",2026-07-25T09:04:08.732Z,178497024873200
"""hsj @ PEMYRVPxOS"" calls 300",2026-07-25T09:04:07.850Z,178497024785000
"""fully locked @ gpP9uUffpu"" bets 300",2026-07-25T09:04:06.945Z,178497024694500
"River: 5♦, J♦, A♦, 6♦ [K♣]",2026-07-25T09:04:04.725Z,178497024472500
"""hsj @ PEMYRVPxOS"" calls 150",2026-07-25T09:04:03.815Z,178497024381500
"""fully locked @ gpP9uUffpu"" bets 150",2026-07-25T09:04:02.798Z,178497024279800
"Turn: 5♦, J♦, A♦ [6♦]",2026-07-25T09:04:00.684Z,178497024068400
"""hsj @ PEMYRVPxOS"" calls 50",2026-07-25T09:03:59.787Z,178497023978700
"""fully locked @ gpP9uUffpu"" bets 50",2026-07-25T09:03:58.701Z,178497023870100
"Flop:  [5♦, J♦, A♦]",2026-07-25T09:03:57.077Z,178497023707700
"""fully locked @ gpP9uUffpu"" calls 100",2026-07-25T09:03:56.171Z,178497023617100
"""hsj @ PEMYRVPxOS"" raises to 100",2026-07-25T09:03:55.213Z,178497023521300
"""fully locked @ gpP9uUffpu"" posts a big blind of 50",2026-07-25T09:03:54.075Z,178497023407505
"""hsj @ PEMYRVPxOS"" posts a small blind of 25",2026-07-25T09:03:54.075Z,178497023407504
"Your hand is 2♣, 10♣",2026-07-25T09:03:54.075Z,178497023407502
"Player stacks: #1 ""fully locked @ gpP9uUffpu"" (5975) | #2 ""hsj @ PEMYRVPxOS"" (4025)",2026-07-25T09:03:54.075Z,178497023407501
"-- starting hand #131 (id: 3g3xvle0xp7e)  No Limit Texas Hold'em (dealer: ""hsj @ PEMYRVPxOS"") --",2026-07-25T09:03:54.075Z,178497023407500
"Undealt cards: 6♠, 6♥, 6♦ [8♣, 2♠]",2026-07-25T09:03:48.496Z,178497022849600
"-- ending hand #130 --",2026-07-25T09:03:48.171Z,178497022817102
"""fully locked @ gpP9uUffpu"" collected 200 from pot",2026-07-25T09:03:48.171Z,178497022817101
"Uncalled bet of 100 returned to ""fully locked @ gpP9uUffpu""",2026-07-25T09:03:48.171Z,178497022817100
"""hsj @ PEMYRVPxOS"" folds",2026-07-25T09:03:47.362Z,178497022736200
"""fully locked @ gpP9uUffpu"" bets 100",2026-07-25T09:03:46.407Z,178497022640700
"""hsj @ PEMYRVPxOS"" checks",2026-07-25T09:03:44.948Z,178497022494800
"Flop:  [6♠, 6♥, 6♦]",2026-07-25T09:03:42.575Z,178497022257500
"""hsj @ PEMYRVPxOS"" calls 100",2026-07-25T09:03:41.710Z,178497022171000
"""fully locked @ gpP9uUffpu"" raises to 100",2026-07-25T09:03:39.610Z,178497021961000
"""hsj @ PEMYRVPxOS"" posts a big blind of 50",2026-07-25T09:03:38.062Z,178497021806205
"""fully locked @ gpP9uUffpu"" posts a small blind of 25",2026-07-25T09:03:38.062Z,178497021806204
"Player stacks: #1 ""fully locked @ gpP9uUffpu"" (5875) | #2 ""hsj @ PEMYRVPxOS"" (4125)",2026-07-25T09:03:38.062Z,178497021806201
"-- starting hand #130 (id: shd8wukjw7r7)  No Limit Texas Hold'em (dealer: ""fully locked @ gpP9uUffpu"") --",2026-07-25T09:03:38.062Z,178497021806200
"Undealt cards: 9♥, 2♣, Q♦ [A♦, 10♣]",2026-07-25T09:03:32.301Z,178497021230100
"-- ending hand #129 --",2026-07-25T09:03:32.059Z,178497021205902
"""hsj @ PEMYRVPxOS"" collected 200 from pot",2026-07-25T09:03:32.059Z,178497021205901
"Uncalled bet of 50 returned to ""hsj @ PEMYRVPxOS""",2026-07-25T09:03:32.059Z,178497021205900
"""fully locked @ gpP9uUffpu"" folds",2026-07-25T09:03:31.181Z,178497021118100
"""hsj @ PEMYRVPxOS"" bets 50",2026-07-25T09:03:30.283Z,178497021028300
"""fully locked @ gpP9uUffpu"" checks",2026-07-25T09:03:28.789Z,178497020878900
"Flop:  [9♥, 2♣, Q♦]",2026-07-25T09:03:27.454Z,178497020745400
"""fully locked @ gpP9uUffpu"" calls 100",2026-07-25T09:03:26.543Z,178497020654300
"""hsj @ PEMYRVPxOS"" raises to 100",2026-07-25T09:03:25.579Z,178497020557900
"""fully locked @ gpP9uUffpu"" posts a big blind of 50",2026-07-25T09:03:24.254Z,178497020425405
"""hsj @ PEMYRVPxOS"" posts a small blind of 25",2026-07-25T09:03:24.254Z,178497020425404
"Player stacks: #1 ""fully locked @ gpP9uUffpu"" (5975) | #2 ""hsj @ PEMYRVPxOS"" (4025)",2026-07-25T09:03:24.254Z,178497020425401
"-- starting hand #129 (id: 7i38xx8lwfsr)  No Limit Texas Hold'em (dealer: ""hsj @ PEMYRVPxOS"") --",2026-07-25T09:03:24.254Z,178497020425400
"""fully locked @ gpP9uUffpu"" shows a K♣, A♣.",2026-07-25T09:03:20.685Z,178497020068500
"-- ending hand #128 --",2026-07-25T09:03:17.649Z,178497019764902
"""hsj @ PEMYRVPxOS"" collected 600 from pot with Pair, 10's (combination: 4♦, 5♦, J♣, 10♥, 10♦)",2026-07-25T09:03:17.649Z,178497019764901
"""hsj @ PEMYRVPxOS"" shows a 10♥, 2♠.",2026-07-25T09:03:17.649Z,178497019764900
"""fully locked @ gpP9uUffpu"" calls 50",2026-07-25T09:03:16.741Z,178497019674100
"""hsj @ PEMYRVPxOS"" bets 50",2026-07-25T09:03:14.587Z,178497019458700
"River: 3♥, 10♦, J♣, 4♦ [5♦]",2026-07-25T09:03:13.652Z,178497019365200
"""fully locked @ gpP9uUffpu"" calls 50",2026-07-25T09:03:12.753Z,178497019275300
"""hsj @ PEMYRVPxOS"" bets 50",2026-07-25T09:03:11.857Z,178497019185700
"Turn: 3♥, 10♦, J♣ [4♦]",2026-07-25T09:03:10.853Z,178497019085300
"""fully locked @ gpP9uUffpu"" calls 50",2026-07-25T09:03:10.013Z,178497019001300
"""hsj @ PEMYRVPxOS"" bets 50",2026-07-25T09:03:09.078Z,178497018907800
"Flop:  [3♥, 10♦, J♣]",2026-07-25T09:03:07.649Z,178497018764900
"""hsj @ PEMYRVPxOS"" calls 150",2026-07-25T09:03:06.738Z,178497018673800
"""fully locked @ gpP9uUffpu"" raises to 150",2026-07-25T09:03:05.753Z,178497018575300
"""hsj @ PEMYRVPxOS"" posts a big blind of 50",2026-07-25T09:03:04.115Z,178497018411505
"""fully locked @ gpP9uUffpu"" posts a small blind of 25",2026-07-25T09:03:04.115Z,178497018411504
"Your hand is K♣, A♣",2026-07-25T09:03:04.115Z,178497018411502
"Player stacks: #1 ""fully locked @ gpP9uUffpu"" (6275) | #2 ""hsj @ PEMYRVPxOS"" (3725)",2026-07-25T09:03:04.115Z,178497018411501
"-- starting hand #128 (id: nrxmvja4uj8x)  No Limit Texas Hold'em (dealer: ""fully locked @ gpP9uUffpu"") --",2026-07-25T09:03:04.115Z,178497018411500
"""fully locked @ gpP9uUffpu"" shows a 2♥.",2026-07-25T09:03:01.057Z,178497018105700
"-- ending hand #127 --",2026-07-25T09:03:00.508Z,178497018050802
"""hsj @ PEMYRVPxOS"" collected 500 from pot",2026-07-25T09:03:00.508Z,178497018050801
"Uncalled bet of 3225 returned to ""hsj @ PEMYRVPxOS""",2026-07-25T09:03:00.508Z,178497018050800
"""fully locked @ gpP9uUffpu"" folds",2026-07-25T09:02:59.685Z,178497017968500
"""hsj @ PEMYRVPxOS"" raises to 3275 and go all in",2026-07-25T09:02:50.325Z,178497017032500
"""fully locked @ gpP9uUffpu"" bets 50",2026-07-25T09:02:48.148Z,178497016814800
"River: Q♣, J♦, K♥, A♥ [3♥]",2026-07-25T09:02:47.180Z,178497016718000
"""hsj @ PEMYRVPxOS"" calls 50",2026-07-25T09:02:46.293Z,178497016629300
"""fully locked @ gpP9uUffpu"" bets 50",2026-07-25T09:02:44.605Z,178497016460500
"Turn: Q♣, J♦, K♥ [A♥]",2026-07-25T09:02:43.691Z,178497016369100
"""hsj @ PEMYRVPxOS"" calls 50",2026-07-25T09:02:42.866Z,178497016286600
"""fully locked @ gpP9uUffpu"" bets 50",2026-07-25T09:02:41.894Z,178497016189400
"Flop:  [Q♣, J♦, K♥]",2026-07-25T09:02:40.012Z,178497016001200
"""fully locked @ gpP9uUffpu"" calls 100",2026-07-25T09:02:39.175Z,178497015917500
"""hsj @ PEMYRVPxOS"" raises to 100",2026-07-25T09:02:38.245Z,178497015824500
"""fully locked @ gpP9uUffpu"" posts a big blind of 50",2026-07-25T09:02:36.974Z,178497015697405
"""hsj @ PEMYRVPxOS"" posts a small blind of 25",2026-07-25T09:02:36.974Z,178497015697404
"Player stacks: #1 ""fully locked @ gpP9uUffpu"" (6525) | #2 ""hsj @ PEMYRVPxOS"" (3475)",2026-07-25T09:02:36.974Z,178497015697401
"-- starting hand #127 (id: smjkj9niocna)  No Limit Texas Hold'em (dealer: ""hsj @ PEMYRVPxOS"") --",2026-07-25T09:02:36.974Z,178497015697400
"-- ending hand #126 --",2026-07-25T09:02:30.891Z,178497015089103
"""fully locked @ gpP9uUffpu"" collected 400 from pot with A High (combination: 9♦, 10♣, J♠, Q♦, A♣)",2026-07-25T09:02:30.891Z,178497015089102
"""fully locked @ gpP9uUffpu"" shows a J♠, A♣.",2026-07-25T09:02:30.891Z,178497015089101
"""hsj @ PEMYRVPxOS"" shows a 4♥, A♥.",2026-07-25T09:02:30.891Z,178497015089100
"""fully locked @ gpP9uUffpu"" calls 50",2026-07-25T09:02:30.065Z,178497015006500
"""hsj @ PEMYRVPxOS"" bets 50",2026-07-25T09:02:29.123Z,178497014912300
"River: 2♥, 3♥, 9♦, 10♣ [Q♦]",2026-07-25T09:02:27.804Z,178497014780400
"""fully locked @ gpP9uUffpu"" checks",2026-07-25T09:02:26.979Z,178497014697900
"""hsj @ PEMYRVPxOS"" checks",2026-07-25T09:02:26.086Z,178497014608600
"Turn: 2♥, 3♥, 9♦ [10♣]",2026-07-25T09:02:25.088Z,178497014508800
"""fully locked @ gpP9uUffpu"" checks",2026-07-25T09:02:24.250Z,178497014425000
"""hsj @ PEMYRVPxOS"" checks",2026-07-25T09:02:23.091Z,178497014309100
"Flop:  [2♥, 3♥, 9♦]",2026-07-25T09:02:21.401Z,178497014140100
"""hsj @ PEMYRVPxOS"" calls 150",2026-07-25T09:02:20.576Z,178497014057600
"""fully locked @ gpP9uUffpu"" raises to 150",2026-07-25T09:02:19.608Z,178497013960800
"""hsj @ PEMYRVPxOS"" posts a big blind of 50",2026-07-25T09:02:18.286Z,178497013828605
"""fully locked @ gpP9uUffpu"" posts a small blind of 25",2026-07-25T09:02:18.286Z,178497013828604
"Your hand is J♠, A♣",2026-07-25T09:02:18.286Z,178497013828602
"Player stacks: #1 ""fully locked @ gpP9uUffpu"" (6325) | #2 ""hsj @ PEMYRVPxOS"" (3675)",2026-07-25T09:02:18.286Z,178497013828601
"-- starting hand #126 (id: dlhgdjdy8ldm)  No Limit Texas Hold'em (dealer: ""fully locked @ gpP9uUffpu"") --",2026-07-25T09:02:18.286Z,178497013828600
"Undealt cards: 3♦, Q♦, 2♥, K♠ [J♠]",2026-07-25T09:02:12.599Z,178497013259900
"-- ending hand #125 --",2026-07-25T09:02:12.365Z,178497013236502
"""fully locked @ gpP9uUffpu"" collected 400 from pot",2026-07-25T09:02:12.365Z,178497013236501
"Uncalled bet of 250 returned to ""fully locked @ gpP9uUffpu""",2026-07-25T09:02:12.365Z,178497013236500
"""hsj @ PEMYRVPxOS"" folds",2026-07-25T09:02:11.520Z,178497013152000
"""fully locked @ gpP9uUffpu"" bets 250",2026-07-25T09:02:07.750Z,178497012775000
"Turn: 3♦, Q♦, 2♥ [K♠]",2026-07-25T09:02:05.678Z,178497012567800
"""hsj @ PEMYRVPxOS"" calls 100",2026-07-25T09:02:04.851Z,178497012485100
"""fully locked @ gpP9uUffpu"" bets 100",2026-07-25T09:02:03.933Z,178497012393300
"Flop:  [3♦, Q♦, 2♥]",2026-07-25T09:02:02.113Z,178497012211300
"""fully locked @ gpP9uUffpu"" calls 100",2026-07-25T09:02:01.229Z,178497012122900
"""hsj @ PEMYRVPxOS"" raises to 100",2026-07-25T09:02:00.201Z,178497012020100
"""fully locked @ gpP9uUffpu"" posts a big blind of 50",2026-07-25T09:01:58.583Z,178497011858305
"""hsj @ PEMYRVPxOS"" posts a small blind of 25",2026-07-25T09:01:58.583Z,178497011858304
"Player stacks: #1 ""fully locked @ gpP9uUffpu"" (6125) | #2 ""hsj @ PEMYRVPxOS"" (3875)",2026-07-25T09:01:58.583Z,178497011858301
"-- starting hand #125 (id: bbpvpolh01pu)  No Limit Texas Hold'em (dealer: ""hsj @ PEMYRVPxOS"") --",2026-07-25T09:01:58.583Z,178497011858300
"-- ending hand #124 --",2026-07-25T09:01:55.672Z,178497011567202
"""hsj @ PEMYRVPxOS"" collected 200 from pot",2026-07-25T09:01:55.672Z,178497011567201
"Uncalled bet of 50 returned to ""hsj @ PEMYRVPxOS""",2026-07-25T09:01:55.672Z,178497011567200
"""fully locked @ gpP9uUffpu"" folds",2026-07-25T09:01:54.802Z,178497011480200
"""hsj @ PEMYRVPxOS"" bets 50",2026-07-25T09:01:53.876Z,178497011387600
"River: 6♣, Q♣, 6♥, K♠ [2♦]",2026-07-25T09:01:53.273Z,178497011327300
"""fully locked @ gpP9uUffpu"" calls 50",2026-07-25T09:01:52.462Z,178497011246200
"""hsj @ PEMYRVPxOS"" bets 50",2026-07-25T09:01:51.555Z,178497011155500
"Turn: 6♣, Q♣, 6♥ [K♠]",2026-07-25T09:01:50.909Z,178497011090900
"""fully locked @ gpP9uUffpu"" checks",2026-07-25T09:01:50.064Z,178497011006400
"""hsj @ PEMYRVPxOS"" checks",2026-07-25T09:01:49.157Z,178497010915700
"Flop:  [6♣, Q♣, 6♥]",2026-07-25T09:01:47.773Z,178497010777300
"""hsj @ PEMYRVPxOS"" checks",2026-07-25T09:01:46.953Z,178497010695300
"""fully locked @ gpP9uUffpu"" calls 50",2026-07-25T09:01:45.982Z,178497010598200
"""hsj @ PEMYRVPxOS"" posts a big blind of 50",2026-07-25T09:01:45.177Z,178497010517705
"""fully locked @ gpP9uUffpu"" posts a small blind of 25",2026-07-25T09:01:45.177Z,178497010517704
"Player stacks: #1 ""fully locked @ gpP9uUffpu"" (6225) | #2 ""hsj @ PEMYRVPxOS"" (3775)",2026-07-25T09:01:45.177Z,178497010517701
"-- starting hand #124 (id: ktholrt5jx2j)  No Limit Texas Hold'em (dealer: ""fully locked @ gpP9uUffpu"") --",2026-07-25T09:01:45.177Z,178497010517700
"Undealt cards:  [K♦, Q♠, 5♦, K♥, A♠]",2026-07-25T09:01:39.685Z,178497009968500
"-- ending hand #123 --",2026-07-25T09:01:39.257Z,178497009925702
"""fully locked @ gpP9uUffpu"" collected 50 from pot",2026-07-25T09:01:39.257Z,178497009925701
"Uncalled bet of 25 returned to ""fully locked @ gpP9uUffpu""",2026-07-25T09:01:39.257Z,178497009925700
"""hsj @ PEMYRVPxOS"" folds",2026-07-25T09:01:38.446Z,178497009844600
"""fully locked @ gpP9uUffpu"" posts a big blind of 50",2026-07-25T09:01:36.253Z,178497009625305
"""hsj @ PEMYRVPxOS"" posts a small blind of 25",2026-07-25T09:01:36.253Z,178497009625304
"Player stacks: #1 ""fully locked @ gpP9uUffpu"" (6200) | #2 ""hsj @ PEMYRVPxOS"" (3800)",2026-07-25T09:01:36.253Z,178497009625301
"-- starting hand #123 (id: 2kplkip4xmxl)  No Limit Texas Hold'em (dealer: ""hsj @ PEMYRVPxOS"") --",2026-07-25T09:01:36.253Z,178497009625300
"""fully locked @ gpP9uUffpu"" shows a J♠.",2026-07-25T09:01:30.810Z,178497009081000
"-- ending hand #122 --",2026-07-25T09:01:29.699Z,178497008969902
"""hsj @ PEMYRVPxOS"" collected 400 from pot with Pair, Q's (combination: 5♣, 7♠, J♣, Q♣, Q♥)",2026-07-25T09:01:29.699Z,178497008969901
"""hsj @ PEMYRVPxOS"" shows a Q♣, 7♠.",2026-07-25T09:01:29.699Z,178497008969900
"""fully locked @ gpP9uUffpu"" calls 50",2026-07-25T09:01:28.851Z,178497008885100
"""hsj @ PEMYRVPxOS"" bets 50",2026-07-25T09:01:27.924Z,178497008792400
"River: Q♥, J♣, 3♠, 5♣ [2♥]",2026-07-25T09:01:27.159Z,178497008715900
"""fully locked @ gpP9uUffpu"" calls 50",2026-07-25T09:01:26.334Z,178497008633400
"""hsj @ PEMYRVPxOS"" bets 50",2026-07-25T09:01:25.373Z,178497008537300
"Turn: Q♥, J♣, 3♠ [5♣]",2026-07-25T09:01:24.448Z,178497008444800
"""hsj @ PEMYRVPxOS"" calls 50",2026-07-25T09:01:23.612Z,178497008361200
"""fully locked @ gpP9uUffpu"" bets 50",2026-07-25T09:01:22.693Z,178497008269300
"""hsj @ PEMYRVPxOS"" checks",2026-07-25T09:01:21.661Z,178497008166100
"Flop:  [Q♥, J♣, 3♠]",2026-07-25T09:01:20.212Z,178497008021200
"""hsj @ PEMYRVPxOS"" checks",2026-07-25T09:01:19.387Z,178497007938700
"""fully locked @ gpP9uUffpu"" calls 50",2026-07-25T09:01:18.432Z,178497007843200
"""hsj @ PEMYRVPxOS"" posts a big blind of 50",2026-07-25T09:01:17.611Z,178497007761105
"""fully locked @ gpP9uUffpu"" posts a small blind of 25",2026-07-25T09:01:17.611Z,178497007761104
"Player stacks: #1 ""fully locked @ gpP9uUffpu"" (6400) | #2 ""hsj @ PEMYRVPxOS"" (3600)",2026-07-25T09:01:17.611Z,178497007761101
"-- starting hand #122 (id: mdtu5lfuibzk)  No Limit Texas Hold'em (dealer: ""fully locked @ gpP9uUffpu"") --",2026-07-25T09:01:17.611Z,178497007761100
"Undealt cards:  [K♣, 4♣, J♠, 10♠, 10♣]",2026-07-25T09:01:12.147Z,178497007214700
"-- ending hand #121 --",2026-07-25T09:01:11.685Z,178497007168502
"""fully locked @ gpP9uUffpu"" collected 50 from pot",2026-07-25T09:01:11.685Z,178497007168501
"Uncalled bet of 25 returned to ""fully locked @ gpP9uUffpu""",2026-07-25T09:01:11.685Z,178497007168500
"""hsj @ PEMYRVPxOS"" folds",2026-07-25T09:01:10.835Z,178497007083500
"""fully locked @ gpP9uUffpu"" posts a big blind of 50",2026-07-25T09:01:09.009Z,178497006900905
"""hsj @ PEMYRVPxOS"" posts a small blind of 25",2026-07-25T09:01:09.009Z,178497006900904
"Player stacks: #1 ""fully locked @ gpP9uUffpu"" (6375) | #2 ""hsj @ PEMYRVPxOS"" (3625)",2026-07-25T09:01:09.009Z,178497006900901
"-- starting hand #121 (id: p375rc844lud)  No Limit Texas Hold'em (dealer: ""hsj @ PEMYRVPxOS"") --",2026-07-25T09:01:09.009Z,178497006900900
"-- ending hand #120 --",2026-07-25T09:01:06.070Z,178497006607002
"""hsj @ PEMYRVPxOS"" collected 100 from pot",2026-07-25T09:01:06.070Z,178497006607001
"Uncalled bet of 50 returned to ""hsj @ PEMYRVPxOS""",2026-07-25T09:01:06.070Z,178497006607000
"""fully locked @ gpP9uUffpu"" folds",2026-07-25T09:01:05.212Z,178497006521200
"""hsj @ PEMYRVPxOS"" bets 50",2026-07-25T09:01:04.157Z,178497006415700
"River: 9♣, 6♦, 4♦, 9♥ [8♥]",2026-07-25T09:01:03.619Z,178497006361900
"""fully locked @ gpP9uUffpu"" checks",2026-07-25T09:01:02.742Z,178497006274200
"""hsj @ PEMYRVPxOS"" checks",2026-07-25T09:01:01.522Z,178497006152200
"Turn: 9♣, 6♦, 4♦ [9♥]",2026-07-25T09:01:00.386Z,178497006038600
"""fully locked @ gpP9uUffpu"" checks",2026-07-25T09:00:59.576Z,178497005957600
"""hsj @ PEMYRVPxOS"" checks",2026-07-25T09:00:58.591Z,178497005859100
"Flop:  [9♣, 6♦, 4♦]",2026-07-25T09:00:57.183Z,178497005718300
"""hsj @ PEMYRVPxOS"" checks",2026-07-25T09:00:56.376Z,178497005637600
"""fully locked @ gpP9uUffpu"" calls 50",2026-07-25T09:00:55.388Z,178497005538800
"""hsj @ PEMYRVPxOS"" posts a big blind of 50",2026-07-25T09:00:54.285Z,178497005428505
"""fully locked @ gpP9uUffpu"" posts a small blind of 25",2026-07-25T09:00:54.285Z,178497005428504
"Player stacks: #1 ""fully locked @ gpP9uUffpu"" (6425) | #2 ""hsj @ PEMYRVPxOS"" (3575)",2026-07-25T09:00:54.285Z,178497005428501
"-- starting hand #120 (id: y8mwgyfbqnq3)  No Limit Texas Hold'em (dealer: ""fully locked @ gpP9uUffpu"") --",2026-07-25T09:00:54.285Z,178497005428500
"""fully locked @ gpP9uUffpu"" shows a A♠.",2026-07-25T09:00:49.549Z,178497004954900
"""hsj @ PEMYRVPxOS"" shows a 6♥.",2026-07-25T09:00:49.094Z,178497004909400
"Undealt cards: 7♣, 5♣, 6♦, A♦ [6♣]",2026-07-25T09:00:47.101Z,178497004710100
"-- ending hand #119 --",2026-07-25T09:00:46.879Z,178497004687902
"""fully locked @ gpP9uUffpu"" collected 800 from pot",2026-07-25T09:00:46.879Z,178497004687901
"Uncalled bet of 400 returned to ""fully locked @ gpP9uUffpu""",2026-07-25T09:00:46.879Z,178497004687900
"""hsj @ PEMYRVPxOS"" folds",2026-07-25T09:00:45.988Z,178497004598800
"""fully locked @ gpP9uUffpu"" bets 400",2026-07-25T09:00:44.932Z,178497004493200
"Turn: 7♣, 5♣, 6♦ [A♦]",2026-07-25T09:00:42.477Z,178497004247700
"""hsj @ PEMYRVPxOS"" calls 150",2026-07-25T09:00:41.566Z,178497004156600
"""fully locked @ gpP9uUffpu"" bets 150",2026-07-25T09:00:40.611Z,178497004061100
"Flop:  [7♣, 5♣, 6♦]",2026-07-25T09:00:38.314Z,178497003831400
"""hsj @ PEMYRVPxOS"" calls 250",2026-07-25T09:00:37.372Z,178497003737200
"""fully locked @ gpP9uUffpu"" raises to 250",2026-07-25T09:00:36.426Z,178497003642600
"""hsj @ PEMYRVPxOS"" raises to 100",2026-07-25T09:00:34.087Z,178497003408700
"""fully locked @ gpP9uUffpu"" posts a big blind of 50",2026-07-25T09:00:32.678Z,178497003267805
"""hsj @ PEMYRVPxOS"" posts a small blind of 25",2026-07-25T09:00:32.678Z,178497003267804
"Player stacks: #1 ""fully locked @ gpP9uUffpu"" (6025) | #2 ""hsj @ PEMYRVPxOS"" (3975)",2026-07-25T09:00:32.678Z,178497003267801
"-- starting hand #119 (id: eonfhr3sj0fp)  No Limit Texas Hold'em (dealer: ""hsj @ PEMYRVPxOS"") --",2026-07-25T09:00:32.678Z,178497003267800
"-- ending hand #118 --",2026-07-25T09:00:29.765Z,178497002976502
"""fully locked @ gpP9uUffpu"" collected 800 from pot",2026-07-25T09:00:29.765Z,178497002976501
"Uncalled bet of 400 returned to ""fully locked @ gpP9uUffpu""",2026-07-25T09:00:29.765Z,178497002976500
"""hsj @ PEMYRVPxOS"" folds",2026-07-25T09:00:28.960Z,178497002896000
"""fully locked @ gpP9uUffpu"" bets 400",2026-07-25T09:00:28.008Z,178497002800800
"""hsj @ PEMYRVPxOS"" checks",2026-07-25T09:00:25.517Z,178497002551700
"River: K♥, Q♥, 10♦, 4♠ [3♥]",2026-07-25T09:00:23.517Z,178497002351700
"""fully locked @ gpP9uUffpu"" calls 50",2026-07-25T09:00:22.695Z,178497002269500
"""hsj @ PEMYRVPxOS"" bets 50",2026-07-25T09:00:21.222Z,178497002122200
"Turn: K♥, Q♥, 10♦ [4♠]",2026-07-25T09:00:20.259Z,178497002025900
"""hsj @ PEMYRVPxOS"" calls 300",2026-07-25T09:00:19.362Z,178497001936200
"""fully locked @ gpP9uUffpu"" raises to 300",2026-07-25T09:00:18.370Z,178497001837000
"""hsj @ PEMYRVPxOS"" bets 50",2026-07-25T09:00:16.302Z,178497001630200
"Flop:  [K♥, Q♥, 10♦]",2026-07-25T09:00:14.060Z,178497001406000
"""hsj @ PEMYRVPxOS"" checks",2026-07-25T09:00:13.156Z,178497001315600
"""fully locked @ gpP9uUffpu"" calls 50",2026-07-25T09:00:12.236Z,178497001223600
"""hsj @ PEMYRVPxOS"" posts a big blind of 50",2026-07-25T09:00:11.458Z,178497001145805
"""fully locked @ gpP9uUffpu"" posts a small blind of 25",2026-07-25T09:00:11.458Z,178497001145804
"Player stacks: #1 ""fully locked @ gpP9uUffpu"" (5625) | #2 ""hsj @ PEMYRVPxOS"" (4375)",2026-07-25T09:00:11.458Z,178497001145801
"-- starting hand #118 (id: nkjgz1twethh)  No Limit Texas Hold'em (dealer: ""fully locked @ gpP9uUffpu"") --",2026-07-25T09:00:11.458Z,178497001145800
"""hsj @ PEMYRVPxOS"" shows a 7♥.",2026-07-25T09:00:06.936Z,178497000693600
"-- ending hand #117 --",2026-07-25T09:00:04.856Z,178497000485602
"""fully locked @ gpP9uUffpu"" collected 1100 from pot with Pair, 10's (combination: 7♣, J♣, K♦, 10♥, 10♠)",2026-07-25T09:00:04.856Z,178497000485601
"""fully locked @ gpP9uUffpu"" shows a 10♥, 2♣.",2026-07-25T09:00:04.856Z,178497000485600
"""hsj @ PEMYRVPxOS"" calls 200",2026-07-25T09:00:03.946Z,178497000394600
"""fully locked @ gpP9uUffpu"" bets 200",2026-07-25T09:00:02.908Z,178497000290800
"River: 3♠, J♣, 10♠, K♦ [7♣]",2026-07-25T09:00:01.072Z,178497000107200
"""hsj @ PEMYRVPxOS"" calls 150",2026-07-25T09:00:00.217Z,178497000021700
"""fully locked @ gpP9uUffpu"" bets 150",2026-07-25T08:59:59.004Z,178496999900400
"Turn: 3♠, J♣, 10♠ [K♦]",2026-07-25T08:59:57.412Z,178496999741200
"""hsj @ PEMYRVPxOS"" calls 100",2026-07-25T08:59:56.502Z,178496999650200
"""fully locked @ gpP9uUffpu"" bets 100",2026-07-25T08:59:55.512Z,178496999551200
"Flop:  [3♠, J♣, 10♠]",2026-07-25T08:59:53.611Z,178496999361100
"""fully locked @ gpP9uUffpu"" calls 100",2026-07-25T08:59:52.754Z,178496999275400
"""hsj @ PEMYRVPxOS"" raises to 100",2026-07-25T08:59:51.847Z,178496999184700
"""fully locked @ gpP9uUffpu"" posts a big blind of 50",2026-07-25T08:59:50.602Z,178496999060205
"""hsj @ PEMYRVPxOS"" posts a small blind of 25",2026-07-25T08:59:50.602Z,178496999060204
"Your hand is 10♥, 2♣",2026-07-25T08:59:50.602Z,178496999060202
"Player stacks: #1 ""fully locked @ gpP9uUffpu"" (5075) | #2 ""hsj @ PEMYRVPxOS"" (4925)",2026-07-25T08:59:50.602Z,178496999060201
"-- starting hand #117 (id: ixkw811sye9d)  No Limit Texas Hold'em (dealer: ""hsj @ PEMYRVPxOS"") --",2026-07-25T08:59:50.602Z,178496999060200
"-- ending hand #116 --",2026-07-25T08:59:44.598Z,178496998459803
"""fully locked @ gpP9uUffpu"" collected 400 from pot with Pair, 7's (combination: 9♥, J♣, K♥, 7♣, 7♠)",2026-07-25T08:59:44.598Z,178496998459802
"""fully locked @ gpP9uUffpu"" shows a K♥, 9♥.",2026-07-25T08:59:44.598Z,178496998459801
"""hsj @ PEMYRVPxOS"" shows a K♠, 3♥.",2026-07-25T08:59:44.598Z,178496998459800
"""fully locked @ gpP9uUffpu"" calls 50",2026-07-25T08:59:43.686Z,178496998368600
"""hsj @ PEMYRVPxOS"" bets 50",2026-07-25T08:59:42.696Z,178496998269600
"River: J♣, 7♣, 7♠, 8♦ [4♠]",2026-07-25T08:59:40.597Z,178496998059700
"""fully locked @ gpP9uUffpu"" checks",2026-07-25T08:59:39.761Z,178496997976100
"""hsj @ PEMYRVPxOS"" checks",2026-07-25T08:59:38.871Z,178496997887100
"Turn: J♣, 7♣, 7♠ [8♦]",2026-07-25T08:59:37.796Z,178496997779600
"""fully locked @ gpP9uUffpu"" checks",2026-07-25T08:59:36.938Z,178496997693800
"""hsj @ PEMYRVPxOS"" checks",2026-07-25T08:59:36.014Z,178496997601400
"Flop:  [J♣, 7♣, 7♠]",2026-07-25T08:59:34.197Z,178496997419700
"""hsj @ PEMYRVPxOS"" calls 150",2026-07-25T08:59:33.327Z,178496997332700
"""fully locked @ gpP9uUffpu"" raises to 150",2026-07-25T08:59:32.308Z,178496997230800
"""hsj @ PEMYRVPxOS"" posts a big blind of 50",2026-07-25T08:59:30.995Z,178496997099505
"""fully locked @ gpP9uUffpu"" posts a small blind of 25",2026-07-25T08:59:30.995Z,178496997099504
"Your hand is K♥, 9♥",2026-07-25T08:59:30.995Z,178496997099502
"Player stacks: #1 ""fully locked @ gpP9uUffpu"" (4875) | #2 ""hsj @ PEMYRVPxOS"" (5125)",2026-07-25T08:59:30.995Z,178496997099501
"-- starting hand #116 (id: mmljxd9xgooc)  No Limit Texas Hold'em (dealer: ""fully locked @ gpP9uUffpu"") --",2026-07-25T08:59:30.995Z,178496997099500
"""fully locked @ gpP9uUffpu"" shows a 3♣, K♣.",2026-07-25T08:59:25.267Z,178496996526700
"""hsj @ PEMYRVPxOS"" shows a 10♠, 4♠.",2026-07-25T08:59:24.298Z,178496996429800
"Undealt cards: K♦, Q♠, 3♠, 9♠ [J♥]",2026-07-25T08:59:23.822Z,178496996382200
"-- ending hand #115 --",2026-07-25T08:59:23.641Z,178496996364102
"""hsj @ PEMYRVPxOS"" collected 1800 from pot",2026-07-25T08:59:23.641Z,178496996364101
"Uncalled bet of 3325 returned to ""hsj @ PEMYRVPxOS""",2026-07-25T08:59:23.641Z,178496996364100
"""fully locked @ gpP9uUffpu"" folds",2026-07-25T08:59:22.826Z,178496996282600
"""hsj @ PEMYRVPxOS"" raises to 3725 and go all in",2026-07-25T08:59:20.149Z,178496996014900
"""fully locked @ gpP9uUffpu"" bets 400",2026-07-25T08:59:17.900Z,178496995790000
"Turn: K♦, Q♠, 3♠ [9♠]",2026-07-25T08:59:14.433Z,178496995443300
"""hsj @ PEMYRVPxOS"" calls 400",2026-07-25T08:59:13.622Z,178496995362200
"""fully locked @ gpP9uUffpu"" bets 400",2026-07-25T08:59:12.039Z,178496995203900
"Flop:  [K♦, Q♠, 3♠]",2026-07-25T08:59:08.432Z,178496994843200
"""fully locked @ gpP9uUffpu"" calls 100",2026-07-25T08:59:07.511Z,178496994751100
"""hsj @ PEMYRVPxOS"" raises to 100",2026-07-25T08:59:06.486Z,178496994648600
"""fully locked @ gpP9uUffpu"" posts a big blind of 50",2026-07-25T08:59:03.831Z,178496994383105
"""hsj @ PEMYRVPxOS"" posts a small blind of 25",2026-07-25T08:59:03.831Z,178496994383104
"Your hand is 3♣, K♣",2026-07-25T08:59:03.831Z,178496994383102
"Player stacks: #1 ""fully locked @ gpP9uUffpu"" (5775) | #2 ""hsj @ PEMYRVPxOS"" (4225)",2026-07-25T08:59:03.831Z,178496994383101
"-- starting hand #115 (id: aalembaojqvr)  No Limit Texas Hold'em (dealer: ""hsj @ PEMYRVPxOS"") --",2026-07-25T08:59:03.831Z,178496994383100
"-- ending hand #114 --",2026-07-25T08:58:57.782Z,178496993778203
"""fully locked @ gpP9uUffpu"" collected 200 from pot with A High (combination: 7♦, 8♥, Q♠, K♠, A♣)",2026-07-25T08:58:57.782Z,178496993778202
"""fully locked @ gpP9uUffpu"" shows a 8♥, Q♠.",2026-07-25T08:58:57.782Z,178496993778201
"""hsj @ PEMYRVPxOS"" shows a 5♠, 10♣.",2026-07-25T08:58:57.782Z,178496993778200
"""fully locked @ gpP9uUffpu"" calls 50",2026-07-25T08:58:56.868Z,178496993686800
"""hsj @ PEMYRVPxOS"" bets 50",2026-07-25T08:58:55.950Z,178496993595000
"River: 6♦, A♣, 3♠, K♠ [7♦]",2026-07-25T08:58:55.182Z,178496993518200
"""fully locked @ gpP9uUffpu"" checks",2026-07-25T08:58:54.265Z,178496993426500
"""hsj @ PEMYRVPxOS"" checks",2026-07-25T08:58:53.310Z,178496993331000
"Turn: 6♦, A♣, 3♠ [K♠]",2026-07-25T08:58:52.379Z,178496993237900
"""fully locked @ gpP9uUffpu"" checks",2026-07-25T08:58:51.463Z,178496993146300
"""hsj @ PEMYRVPxOS"" checks",2026-07-25T08:58:50.528Z,178496993052800
"Flop:  [6♦, A♣, 3♠]",2026-07-25T08:58:48.583Z,178496992858300
"""hsj @ PEMYRVPxOS"" checks",2026-07-25T08:58:47.701Z,178496992770100
"""fully locked @ gpP9uUffpu"" calls 50",2026-07-25T08:58:46.785Z,178496992678500
"""hsj @ PEMYRVPxOS"" posts a big blind of 50",2026-07-25T08:58:45.975Z,178496992597505
"""fully locked @ gpP9uUffpu"" posts a small blind of 25",2026-07-25T08:58:45.975Z,178496992597504
"Your hand is 8♥, Q♠",2026-07-25T08:58:45.975Z,178496992597502
"Player stacks: #1 ""fully locked @ gpP9uUffpu"" (5675) | #2 ""hsj @ PEMYRVPxOS"" (4325)",2026-07-25T08:58:45.975Z,178496992597501
"-- starting hand #114 (id: gou1s6tnova4)  No Limit Texas Hold'em (dealer: ""fully locked @ gpP9uUffpu"") --",2026-07-25T08:58:45.975Z,178496992597500
"Undealt cards:  [6♦, A♦, 7♣, 9♣, J♠]",2026-07-25T08:58:40.464Z,178496992046400
"-- ending hand #113 --",2026-07-25T08:58:39.973Z,178496991997302
"""fully locked @ gpP9uUffpu"" collected 50 from pot",2026-07-25T08:58:39.973Z,178496991997301
"Uncalled bet of 25 returned to ""fully locked @ gpP9uUffpu""",2026-07-25T08:58:39.973Z,178496991997300
"""hsj @ PEMYRVPxOS"" folds",2026-07-25T08:58:39.062Z,178496991906200
"""fully locked @ gpP9uUffpu"" posts a big blind of 50",2026-07-25T08:58:37.371Z,178496991737105
"""hsj @ PEMYRVPxOS"" posts a small blind of 25",2026-07-25T08:58:37.371Z,178496991737104
"Player stacks: #1 ""fully locked @ gpP9uUffpu"" (5650) | #2 ""hsj @ PEMYRVPxOS"" (4350)",2026-07-25T08:58:37.371Z,178496991737101
"-- starting hand #113 (id: pafwajv6xqlb)  No Limit Texas Hold'em (dealer: ""hsj @ PEMYRVPxOS"") --",2026-07-25T08:58:37.371Z,178496991737100
"Undealt cards: 4♣, 3♦, 3♣ [K♠, 10♥]",2026-07-25T08:58:31.606Z,178496991160600
"-- ending hand #112 --",2026-07-25T08:58:31.373Z,178496991137302
"""fully locked @ gpP9uUffpu"" collected 100 from pot",2026-07-25T08:58:31.373Z,178496991137301
"Uncalled bet of 50 returned to ""fully locked @ gpP9uUffpu""",2026-07-25T08:58:31.373Z,178496991137300
"""hsj @ PEMYRVPxOS"" folds",2026-07-25T08:58:30.547Z,178496991054700
"""fully locked @ gpP9uUffpu"" bets 50",2026-07-25T08:58:29.625Z,178496990962500
"""hsj @ PEMYRVPxOS"" checks",2026-07-25T08:58:28.457Z,178496990845700
"Flop:  [4♣, 3♦, 3♣]",2026-07-25T08:58:27.168Z,178496990716800
"""hsj @ PEMYRVPxOS"" checks",2026-07-25T08:58:26.268Z,178496990626800
"""fully locked @ gpP9uUffpu"" calls 50",2026-07-25T08:58:25.321Z,178496990532100
"""hsj @ PEMYRVPxOS"" posts a big blind of 50",2026-07-25T08:58:24.167Z,178496990416705
"""fully locked @ gpP9uUffpu"" posts a small blind of 25",2026-07-25T08:58:24.167Z,178496990416704
"Player stacks: #1 ""fully locked @ gpP9uUffpu"" (5600) | #2 ""hsj @ PEMYRVPxOS"" (4400)",2026-07-25T08:58:24.167Z,178496990416701
"-- starting hand #112 (id: uudwewyulnk5)  No Limit Texas Hold'em (dealer: ""fully locked @ gpP9uUffpu"") --",2026-07-25T08:58:24.167Z,178496990416700
"-- ending hand #111 --",2026-07-25T08:58:21.160Z,178496990116002
"""hsj @ PEMYRVPxOS"" collected 200 from pot",2026-07-25T08:58:21.160Z,178496990116001
"Uncalled bet of 200 returned to ""hsj @ PEMYRVPxOS""",2026-07-25T08:58:21.160Z,178496990116000
"""fully locked @ gpP9uUffpu"" folds",2026-07-25T08:58:20.253Z,178496990025300
"""hsj @ PEMYRVPxOS"" bets 200",2026-07-25T08:58:19.242Z,178496989924200
"""fully locked @ gpP9uUffpu"" checks",2026-07-25T08:58:16.753Z,178496989675300
"River: 6♥, 6♦, 8♠, 10♦ [5♦]",2026-07-25T08:58:16.161Z,178496989616100
"""hsj @ PEMYRVPxOS"" checks",2026-07-25T08:58:15.249Z,178496989524900
"""fully locked @ gpP9uUffpu"" checks",2026-07-25T08:58:14.304Z,178496989430400
"Turn: 6♥, 6♦, 8♠ [10♦]",2026-07-25T08:58:12.957Z,178496989295700
"""hsj @ PEMYRVPxOS"" checks",2026-07-25T08:58:12.048Z,178496989204800
"""fully locked @ gpP9uUffpu"" checks",2026-07-25T08:58:11.130Z,178496989113000
"Flop:  [6♥, 6♦, 8♠]",2026-07-25T08:58:09.355Z,178496988935500
"""fully locked @ gpP9uUffpu"" calls 100",2026-07-25T08:58:08.461Z,178496988846100
"""hsj @ PEMYRVPxOS"" raises to 100",2026-07-25T08:58:07.438Z,178496988743800
"""fully locked @ gpP9uUffpu"" posts a big blind of 50",2026-07-25T08:58:06.027Z,178496988602705
"""hsj @ PEMYRVPxOS"" posts a small blind of 25",2026-07-25T08:58:06.027Z,178496988602704
"Player stacks: #1 ""fully locked @ gpP9uUffpu"" (5700) | #2 ""hsj @ PEMYRVPxOS"" (4300)",2026-07-25T08:58:06.027Z,178496988602701
"-- starting hand #111 (id: dhes7ovp8gtz)  No Limit Texas Hold'em (dealer: ""hsj @ PEMYRVPxOS"") --",2026-07-25T08:58:06.027Z,178496988602700
"Undealt cards: 6♦, 10♥, 3♣, Q♦ [9♣]",2026-07-25T08:58:00.334Z,178496988033400
"-- ending hand #110 --",2026-07-25T08:58:00.120Z,178496988012002
"""hsj @ PEMYRVPxOS"" collected 200 from pot",2026-07-25T08:58:00.120Z,178496988012001
"Uncalled bet of 50 returned to ""hsj @ PEMYRVPxOS""",2026-07-25T08:58:00.120Z,178496988012000
"""fully locked @ gpP9uUffpu"" folds",2026-07-25T08:57:59.280Z,178496987928000
"""hsj @ PEMYRVPxOS"" bets 50",2026-07-25T08:57:58.348Z,178496987834800
"Turn: 6♦, 10♥, 3♣ [Q♦]",2026-07-25T08:57:57.391Z,178496987739100
"""fully locked @ gpP9uUffpu"" checks",2026-07-25T08:57:56.563Z,178496987656300
"""hsj @ PEMYRVPxOS"" checks",2026-07-25T08:57:55.635Z,178496987563500
"Flop:  [6♦, 10♥, 3♣]",2026-07-25T08:57:53.908Z,178496987390800
"""hsj @ PEMYRVPxOS"" calls 100",2026-07-25T08:57:53.080Z,178496987308000
"""fully locked @ gpP9uUffpu"" raises to 100",2026-07-25T08:57:52.176Z,178496987217600
"""hsj @ PEMYRVPxOS"" posts a big blind of 50",2026-07-25T08:57:51.108Z,178496987110805
"""fully locked @ gpP9uUffpu"" posts a small blind of 25",2026-07-25T08:57:51.108Z,178496987110804
"Player stacks: #1 ""fully locked @ gpP9uUffpu"" (5800) | #2 ""hsj @ PEMYRVPxOS"" (4200)",2026-07-25T08:57:51.108Z,178496987110801
"-- starting hand #110 (id: q2p2nytfa3ly)  No Limit Texas Hold'em (dealer: ""fully locked @ gpP9uUffpu"") --",2026-07-25T08:57:51.108Z,178496987110800
"""fully locked @ gpP9uUffpu"" shows a 6♥.",2026-07-25T08:57:49.237Z,178496986923700
"""hsj @ PEMYRVPxOS"" shows a A♠.",2026-07-25T08:57:47.503Z,178496986750300
"-- ending hand #109 --",2026-07-25T08:57:46.782Z,178496986678202
"""hsj @ PEMYRVPxOS"" collected 300 from pot",2026-07-25T08:57:46.782Z,178496986678201
"Uncalled bet of 300 returned to ""hsj @ PEMYRVPxOS""",2026-07-25T08:57:46.782Z,178496986678200
"""fully locked @ gpP9uUffpu"" folds",2026-07-25T08:57:45.941Z,178496986594100
"""hsj @ PEMYRVPxOS"" bets 300",2026-07-25T08:57:40.273Z,178496986027300
"""fully locked @ gpP9uUffpu"" checks",2026-07-25T08:57:38.235Z,178496985823500
"River: K♥, Q♥, 10♥, K♦ [J♥]",2026-07-25T08:57:37.298Z,178496985729800
"""hsj @ PEMYRVPxOS"" checks",2026-07-25T08:57:36.467Z,178496985646700
"""fully locked @ gpP9uUffpu"" checks",2026-07-25T08:57:35.511Z,178496985551100
"Turn: K♥, Q♥, 10♥ [K♦]",2026-07-25T08:57:33.975Z,178496985397500
"""hsj @ PEMYRVPxOS"" calls 50",2026-07-25T08:57:33.156Z,178496985315600
"""fully locked @ gpP9uUffpu"" bets 50",2026-07-25T08:57:32.251Z,178496985225100
"Flop:  [K♥, Q♥, 10♥]",2026-07-25T08:57:30.295Z,178496985029500
"""fully locked @ gpP9uUffpu"" calls 100",2026-07-25T08:57:29.475Z,178496984947500
"""hsj @ PEMYRVPxOS"" raises to 100",2026-07-25T08:57:28.456Z,178496984845600
"""fully locked @ gpP9uUffpu"" posts a big blind of 50",2026-07-25T08:57:27.094Z,178496984709405
"""hsj @ PEMYRVPxOS"" posts a small blind of 25",2026-07-25T08:57:27.094Z,178496984709404
"Player stacks: #1 ""fully locked @ gpP9uUffpu"" (5950) | #2 ""hsj @ PEMYRVPxOS"" (4050)",2026-07-25T08:57:27.094Z,178496984709401
"-- starting hand #109 (id: lmnkcfdde0ji)  No Limit Texas Hold'em (dealer: ""hsj @ PEMYRVPxOS"") --",2026-07-25T08:57:27.094Z,178496984709400
"Undealt cards: J♠, K♣, Q♥, Q♠ [10♠]",2026-07-25T08:57:21.407Z,178496984140700
"-- ending hand #108 --",2026-07-25T08:57:21.169Z,178496984116902
"""hsj @ PEMYRVPxOS"" collected 200 from pot",2026-07-25T08:57:21.169Z,178496984116901
"Uncalled bet of 50 returned to ""hsj @ PEMYRVPxOS""",2026-07-25T08:57:21.169Z,178496984116900
"""fully locked @ gpP9uUffpu"" folds",2026-07-25T08:57:20.349Z,178496984034900
"""hsj @ PEMYRVPxOS"" bets 50",2026-07-25T08:57:19.426Z,178496983942600
"Turn: J♠, K♣, Q♥ [Q♠]",2026-07-25T08:57:18.492Z,178496983849200
"""hsj @ PEMYRVPxOS"" calls 50",2026-07-25T08:57:17.656Z,178496983765600
"""fully locked @ gpP9uUffpu"" bets 50",2026-07-25T08:57:16.725Z,178496983672500
"""hsj @ PEMYRVPxOS"" checks",2026-07-25T08:57:15.584Z,178496983558400
"Flop:  [J♠, K♣, Q♥]",2026-07-25T08:57:13.890Z,178496983389000
"""hsj @ PEMYRVPxOS"" checks",2026-07-25T08:57:13.053Z,178496983305300
"""fully locked @ gpP9uUffpu"" calls 50",2026-07-25T08:57:12.153Z,178496983215300
"""hsj @ PEMYRVPxOS"" posts a big blind of 50",2026-07-25T08:57:11.448Z,178496983144805
"""fully locked @ gpP9uUffpu"" posts a small blind of 25",2026-07-25T08:57:11.448Z,178496983144804
"Player stacks: #1 ""fully locked @ gpP9uUffpu"" (6050) | #2 ""hsj @ PEMYRVPxOS"" (3950)",2026-07-25T08:57:11.448Z,178496983144801
"-- starting hand #108 (id: ebnke3pgd4op)  No Limit Texas Hold'em (dealer: ""fully locked @ gpP9uUffpu"") --",2026-07-25T08:57:11.448Z,178496983144800
"""fully locked @ gpP9uUffpu"" shows a 2♦.",2026-07-25T08:57:05.993Z,178496982599300
"-- ending hand #107 --",2026-07-25T08:57:04.887Z,178496982488702
"""hsj @ PEMYRVPxOS"" collected 300 from pot with Pair, 10's (combination: 5♠, 9♦, K♥, 10♦, 10♣)",2026-07-25T08:57:04.887Z,178496982488701
"""hsj @ PEMYRVPxOS"" shows a 10♦, 9♦.",2026-07-25T08:57:04.887Z,178496982488700
"""fully locked @ gpP9uUffpu"" calls 50",2026-07-25T08:57:04.047Z,178496982404700
"""hsj @ PEMYRVPxOS"" bets 50",2026-07-25T08:57:03.147Z,178496982314700
"""fully locked @ gpP9uUffpu"" checks",2026-07-25T08:57:02.039Z,178496982203900
"River: 4♣, K♥, 2♥, 5♠ [10♣]",2026-07-25T08:57:01.294Z,178496982129400
"""hsj @ PEMYRVPxOS"" checks",2026-07-25T08:57:00.448Z,178496982044800
"""fully locked @ gpP9uUffpu"" checks",2026-07-25T08:56:59.547Z,178496981954700
"Turn: 4♣, K♥, 2♥ [5♠]",2026-07-25T08:56:58.674Z,178496981867400
"""hsj @ PEMYRVPxOS"" checks",2026-07-25T08:56:57.769Z,178496981776900
"""fully locked @ gpP9uUffpu"" checks",2026-07-25T08:56:56.783Z,178496981678300
"Flop:  [4♣, K♥, 2♥]",2026-07-25T08:56:55.471Z,178496981547100
"""fully locked @ gpP9uUffpu"" calls 100",2026-07-25T08:56:54.564Z,178496981456400
"""hsj @ PEMYRVPxOS"" raises to 100",2026-07-25T08:56:53.594Z,178496981359400
"""fully locked @ gpP9uUffpu"" posts a big blind of 50",2026-07-25T08:56:52.070Z,178496981207005
"""hsj @ PEMYRVPxOS"" posts a small blind of 25",2026-07-25T08:56:52.070Z,178496981207004
"Player stacks: #1 ""fully locked @ gpP9uUffpu"" (6200) | #2 ""hsj @ PEMYRVPxOS"" (3800)",2026-07-25T08:56:52.070Z,178496981207001
"-- starting hand #107 (id: nijasecnlsmr)  No Limit Texas Hold'em (dealer: ""hsj @ PEMYRVPxOS"") --",2026-07-25T08:56:52.070Z,178496981207000
"Undealt cards: 5♣, A♠, 3♣ [A♥, 7♠]",2026-07-25T08:56:46.374Z,178496980637400
"-- ending hand #106 --",2026-07-25T08:56:46.152Z,178496980615202
"""fully locked @ gpP9uUffpu"" collected 100 from pot",2026-07-25T08:56:46.152Z,178496980615201
"Uncalled bet of 200 returned to ""fully locked @ gpP9uUffpu""",2026-07-25T08:56:46.152Z,178496980615200
"""hsj @ PEMYRVPxOS"" folds",2026-07-25T08:56:45.314Z,178496980531400
"""fully locked @ gpP9uUffpu"" bets 200",2026-07-25T08:56:44.192Z,178496980419200
"""hsj @ PEMYRVPxOS"" checks",2026-07-25T08:56:42.409Z,178496980240900
"Flop:  [5♣, A♠, 3♣]",2026-07-25T08:56:40.662Z,178496980066200
"""hsj @ PEMYRVPxOS"" checks",2026-07-25T08:56:39.756Z,178496979975600
"""fully locked @ gpP9uUffpu"" calls 50",2026-07-25T08:56:38.771Z,178496979877100
"""hsj @ PEMYRVPxOS"" posts a big blind of 50",2026-07-25T08:56:38.065Z,178496979806505
"""fully locked @ gpP9uUffpu"" posts a small blind of 25",2026-07-25T08:56:38.065Z,178496979806504
"Player stacks: #1 ""fully locked @ gpP9uUffpu"" (6150) | #2 ""hsj @ PEMYRVPxOS"" (3850)",2026-07-25T08:56:38.065Z,178496979806501
"-- starting hand #106 (id: lnnvv5ypzzwv)  No Limit Texas Hold'em (dealer: ""fully locked @ gpP9uUffpu"") --",2026-07-25T08:56:38.065Z,178496979806500
"Undealt cards:  [A♦, J♦, Q♦, 9♥, 3♠]",2026-07-25T08:56:32.872Z,178496979287200
"-- ending hand #105 --",2026-07-25T08:56:32.146Z,178496979214602
"""fully locked @ gpP9uUffpu"" collected 50 from pot",2026-07-25T08:56:32.146Z,178496979214601
"Uncalled bet of 25 returned to ""fully locked @ gpP9uUffpu""",2026-07-25T08:56:32.146Z,178496979214600
"""hsj @ PEMYRVPxOS"" folds",2026-07-25T08:56:31.327Z,178496979132700
"""fully locked @ gpP9uUffpu"" posts a big blind of 50",2026-07-25T08:56:26.109Z,178496978610905
"""hsj @ PEMYRVPxOS"" posts a small blind of 25",2026-07-25T08:56:26.109Z,178496978610904
"Player stacks: #1 ""fully locked @ gpP9uUffpu"" (6125) | #2 ""hsj @ PEMYRVPxOS"" (3875)",2026-07-25T08:56:26.109Z,178496978610901
"-- starting hand #105 (id: sml20zbzrgjt)  No Limit Texas Hold'em (dealer: ""hsj @ PEMYRVPxOS"") --",2026-07-25T08:56:26.109Z,178496978610900
"-- ending hand #104 --",2026-07-25T08:56:20.105Z,178496978010504
"""hsj @ PEMYRVPxOS"" collected 200 from pot with Straight, A High (combination: 10♠, J♠, Q♠, K♥, A♣)",2026-07-25T08:56:20.105Z,178496978010503
"""fully locked @ gpP9uUffpu"" collected 200 from pot with Straight, A High (combination: 10♠, J♠, Q♠, K♥, A♣)",2026-07-25T08:56:20.105Z,178496978010502
"""hsj @ PEMYRVPxOS"" shows a A♥, 8♥.",2026-07-25T08:56:20.105Z,178496978010501
"""fully locked @ gpP9uUffpu"" shows a A♦, 3♠.",2026-07-25T08:56:20.105Z,178496978010500
"""hsj @ PEMYRVPxOS"" calls 100",2026-07-25T08:56:19.268Z,178496977926800
"""fully locked @ gpP9uUffpu"" bets 100",2026-07-25T08:56:16.520Z,178496977652000
"""hsj @ PEMYRVPxOS"" checks",2026-07-25T08:56:14.554Z,178496977455400
"River: K♥, 10♠, A♣, J♠ [Q♠]",2026-07-25T08:56:14.050Z,178496977405000
"""fully locked @ gpP9uUffpu"" checks",2026-07-25T08:56:13.191Z,178496977319100
"""hsj @ PEMYRVPxOS"" checks",2026-07-25T08:56:12.202Z,178496977220200
"Turn: K♥, 10♠, A♣ [J♠]",2026-07-25T08:56:11.402Z,178496977140200
"""hsj @ PEMYRVPxOS"" calls 50",2026-07-25T08:56:10.597Z,178496977059700
"""fully locked @ gpP9uUffpu"" bets 50",2026-07-25T08:56:09.696Z,178496976969600
"""hsj @ PEMYRVPxOS"" checks",2026-07-25T08:56:08.666Z,178496976866600
"Flop:  [K♥, 10♠, A♣]",2026-07-25T08:56:07.098Z,178496976709800
"""hsj @ PEMYRVPxOS"" checks",2026-07-25T08:56:06.292Z,178496976629200
"""fully locked @ gpP9uUffpu"" calls 50",2026-07-25T08:56:05.385Z,178496976538500
"""hsj @ PEMYRVPxOS"" posts a big blind of 50",2026-07-25T08:56:04.401Z,178496976440105
"""fully locked @ gpP9uUffpu"" posts a small blind of 25",2026-07-25T08:56:04.401Z,178496976440104
"Your hand is A♦, 3♠",2026-07-25T08:56:04.401Z,178496976440102
"Player stacks: #1 ""fully locked @ gpP9uUffpu"" (6125) | #2 ""hsj @ PEMYRVPxOS"" (3875)",2026-07-25T08:56:04.401Z,178496976440101
"-- starting hand #104 (id: a6fdbaf6cem0)  No Limit Texas Hold'em (dealer: ""fully locked @ gpP9uUffpu"") --",2026-07-25T08:56:04.401Z,178496976440100
"Undealt cards: A♣, 10♣, 4♦, 5♠ [8♥]",2026-07-25T08:55:58.743Z,178496975874300
"-- ending hand #103 --",2026-07-25T08:55:58.467Z,178496975846702
"""hsj @ PEMYRVPxOS"" collected 200 from pot",2026-07-25T08:55:58.467Z,178496975846701
"Uncalled bet of 50 returned to ""hsj @ PEMYRVPxOS""",2026-07-25T08:55:58.467Z,178496975846700
"""fully locked @ gpP9uUffpu"" folds",2026-07-25T08:55:57.654Z,178496975765400
"""hsj @ PEMYRVPxOS"" bets 50",2026-07-25T08:55:56.721Z,178496975672100
"""fully locked @ gpP9uUffpu"" checks",2026-07-25T08:55:55.432Z,178496975543200
"Turn: A♣, 10♣, 4♦ [5♠]",2026-07-25T08:55:54.468Z,178496975446800
"""hsj @ PEMYRVPxOS"" checks",2026-07-25T08:55:53.656Z,178496975365600
"""fully locked @ gpP9uUffpu"" checks",2026-07-25T08:55:52.715Z,178496975271500
"Flop:  [A♣, 10♣, 4♦]",2026-07-25T08:55:51.251Z,178496975125100
"""fully locked @ gpP9uUffpu"" calls 100",2026-07-25T08:55:50.433Z,178496975043300
"""hsj @ PEMYRVPxOS"" raises to 100",2026-07-25T08:55:49.372Z,178496974937200
"""fully locked @ gpP9uUffpu"" posts a big blind of 50",2026-07-25T08:55:48.166Z,178496974816605
"""hsj @ PEMYRVPxOS"" posts a small blind of 25",2026-07-25T08:55:48.166Z,178496974816604
"Player stacks: #1 ""fully locked @ gpP9uUffpu"" (6225) | #2 ""hsj @ PEMYRVPxOS"" (3775)",2026-07-25T08:55:48.166Z,178496974816601
"-- starting hand #103 (id: 8qtmvzsb2yqf)  No Limit Texas Hold'em (dealer: ""hsj @ PEMYRVPxOS"") --",2026-07-25T08:55:48.166Z,178496974816600
"Undealt cards: 9♠, 3♦, 8♦, 3♠ [9♣]",2026-07-25T08:55:42.442Z,178496974244200
"-- ending hand #102 --",2026-07-25T08:55:42.168Z,178496974216802
"""hsj @ PEMYRVPxOS"" collected 100 from pot",2026-07-25T08:55:42.168Z,178496974216801
"Uncalled bet of 50 returned to ""hsj @ PEMYRVPxOS""",2026-07-25T08:55:42.168Z,178496974216800
"""fully locked @ gpP9uUffpu"" folds",2026-07-25T08:55:41.248Z,178496974124800
"""hsj @ PEMYRVPxOS"" bets 50",2026-07-25T08:55:40.275Z,178496974027500
"Turn: 9♠, 3♦, 8♦ [3♠]",2026-07-25T08:55:39.163Z,178496973916300
"""fully locked @ gpP9uUffpu"" checks",2026-07-25T08:55:38.251Z,178496973825100
"""hsj @ PEMYRVPxOS"" checks",2026-07-25T08:55:37.290Z,178496973729000
"Flop:  [9♠, 3♦, 8♦]",2026-07-25T08:55:35.962Z,178496973596200
"""hsj @ PEMYRVPxOS"" checks",2026-07-25T08:55:35.053Z,178496973505300
"""fully locked @ gpP9uUffpu"" calls 50",2026-07-25T08:55:34.080Z,178496973408000
"""hsj @ PEMYRVPxOS"" posts a big blind of 50",2026-07-25T08:55:33.360Z,178496973336005
"""fully locked @ gpP9uUffpu"" posts a small blind of 25",2026-07-25T08:55:33.360Z,178496973336004
"Player stacks: #1 ""fully locked @ gpP9uUffpu"" (6275) | #2 ""hsj @ PEMYRVPxOS"" (3725)",2026-07-25T08:55:33.360Z,178496973336001
"-- starting hand #102 (id: y50f0wql4rk7)  No Limit Texas Hold'em (dealer: ""fully locked @ gpP9uUffpu"") --",2026-07-25T08:55:33.360Z,178496973336000
"Undealt cards: J♦, K♠, J♠, 3♠ [8♥]",2026-07-25T08:55:27.993Z,178496972799300
"-- ending hand #101 --",2026-07-25T08:55:27.356Z,178496972735602
"""fully locked @ gpP9uUffpu"" collected 200 from pot",2026-07-25T08:55:27.356Z,178496972735601
"Uncalled bet of 50 returned to ""fully locked @ gpP9uUffpu""",2026-07-25T08:55:27.356Z,178496972735600
"""hsj @ PEMYRVPxOS"" folds",2026-07-25T08:55:26.447Z,178496972644700
"""fully locked @ gpP9uUffpu"" bets 50",2026-07-25T08:55:25.511Z,178496972551100
"Turn: J♦, K♠, J♠ [3♠]",2026-07-25T08:55:24.316Z,178496972431600
"""hsj @ PEMYRVPxOS"" checks",2026-07-25T08:55:23.494Z,178496972349400
"""fully locked @ gpP9uUffpu"" checks",2026-07-25T08:55:22.524Z,178496972252400
"Flop:  [J♦, K♠, J♠]",2026-07-25T08:55:20.910Z,178496972091000
"""fully locked @ gpP9uUffpu"" calls 100",2026-07-25T08:55:20.099Z,178496972009900
"""hsj @ PEMYRVPxOS"" raises to 100",2026-07-25T08:55:19.156Z,178496971915600
"""fully locked @ gpP9uUffpu"" posts a big blind of 50",2026-07-25T08:55:17.907Z,178496971790705
"""hsj @ PEMYRVPxOS"" posts a small blind of 25",2026-07-25T08:55:17.907Z,178496971790704
"Player stacks: #1 ""fully locked @ gpP9uUffpu"" (6175) | #2 ""hsj @ PEMYRVPxOS"" (3825)",2026-07-25T08:55:17.907Z,178496971790701
"-- starting hand #101 (id: 9pcg7fxjiagb)  No Limit Texas Hold'em (dealer: ""hsj @ PEMYRVPxOS"") --",2026-07-25T08:55:17.907Z,178496971790700
"""fully locked @ gpP9uUffpu"" shows a 5♥.",2026-07-25T08:55:12.872Z,178496971287200
"-- ending hand #100 --",2026-07-25T08:55:11.396Z,178496971139602
"""hsj @ PEMYRVPxOS"" collected 300 from pot with Pair, 10's (combination: 5♦, 8♥, A♦, 10♦, 10♠)",2026-07-25T08:55:11.396Z,178496971139601
"""hsj @ PEMYRVPxOS"" shows a A♦, 10♦.",2026-07-25T08:55:11.396Z,178496971139600
"""fully locked @ gpP9uUffpu"" calls 50",2026-07-25T08:55:10.586Z,178496971058600
"""hsj @ PEMYRVPxOS"" bets 50",2026-07-25T08:55:09.668Z,178496970966800
"River: 2♣, 8♥, 5♦, 4♣ [10♠]",2026-07-25T08:55:08.502Z,178496970850200
"""hsj @ PEMYRVPxOS"" calls 50",2026-07-25T08:55:07.681Z,178496970768100
"""fully locked @ gpP9uUffpu"" bets 50",2026-07-25T08:55:06.784Z,178496970678400
"""hsj @ PEMYRVPxOS"" checks",2026-07-25T08:55:05.770Z,178496970577000
"Turn: 2♣, 8♥, 5♦ [4♣]",2026-07-25T08:55:05.299Z,178496970529900
"""fully locked @ gpP9uUffpu"" checks",2026-07-25T08:55:04.464Z,178496970446400
"""hsj @ PEMYRVPxOS"" checks",2026-07-25T08:55:03.476Z,178496970347600
"Flop:  [2♣, 8♥, 5♦]",2026-07-25T08:55:02.101Z,178496970210100
"""hsj @ PEMYRVPxOS"" checks",2026-07-25T08:55:01.208Z,178496970120800
"""fully locked @ gpP9uUffpu"" calls 50",2026-07-25T08:55:00.288Z,178496970028800
"""hsj @ PEMYRVPxOS"" posts a big blind of 50",2026-07-25T08:54:59.565Z,178496969956505
"""fully locked @ gpP9uUffpu"" posts a small blind of 25",2026-07-25T08:54:59.565Z,178496969956504
"Player stacks: #1 ""fully locked @ gpP9uUffpu"" (6325) | #2 ""hsj @ PEMYRVPxOS"" (3675)",2026-07-25T08:54:59.565Z,178496969956501
"-- starting hand #100 (id: sgcpcacmdihz)  No Limit Texas Hold'em (dealer: ""fully locked @ gpP9uUffpu"") --",2026-07-25T08:54:59.565Z,178496969956500
"Undealt cards:  [K♥, 5♣, 3♦, 4♣, J♣]",2026-07-25T08:54:54.637Z,178496969463700
"-- ending hand #99 --",2026-07-25T08:54:53.661Z,178496969366102
"""fully locked @ gpP9uUffpu"" collected 50 from pot",2026-07-25T08:54:53.661Z,178496969366101
"Uncalled bet of 25 returned to ""fully locked @ gpP9uUffpu""",2026-07-25T08:54:53.661Z,178496969366100
"""hsj @ PEMYRVPxOS"" folds",2026-07-25T08:54:52.843Z,178496969284300
"""fully locked @ gpP9uUffpu"" posts a big blind of 50",2026-07-25T08:54:51.608Z,178496969160805
"""hsj @ PEMYRVPxOS"" posts a small blind of 25",2026-07-25T08:54:51.608Z,178496969160804
"Player stacks: #1 ""fully locked @ gpP9uUffpu"" (6300) | #2 ""hsj @ PEMYRVPxOS"" (3700)",2026-07-25T08:54:51.608Z,178496969160801
"-- starting hand #99 (id: wpdd7wbmwbrv)  No Limit Texas Hold'em (dealer: ""hsj @ PEMYRVPxOS"") --",2026-07-25T08:54:51.608Z,178496969160800
"-- ending hand #98 --",2026-07-25T08:54:45.598Z,178496968559804
"""hsj @ PEMYRVPxOS"" collected 150 from pot with Two Pair, 4's & 2's (combination: A♣, 2♠, 2♣, 4♠, 4♦)",2026-07-25T08:54:45.598Z,178496968559803
"""fully locked @ gpP9uUffpu"" collected 150 from pot with Two Pair, 4's & 2's (combination: A♣, 2♠, 2♣, 4♠, 4♦)",2026-07-25T08:54:45.598Z,178496968559802
"""fully locked @ gpP9uUffpu"" shows a K♥, 10♠.",2026-07-25T08:54:45.598Z,178496968559801
"""hsj @ PEMYRVPxOS"" shows a 3♦, J♥.",2026-07-25T08:54:45.598Z,178496968559800
"""fully locked @ gpP9uUffpu"" calls 50",2026-07-25T08:54:44.781Z,178496968478100
"""hsj @ PEMYRVPxOS"" bets 50",2026-07-25T08:54:43.809Z,178496968380900
"River: 2♠, 2♣, 4♠, 4♦ [A♣]",2026-07-25T08:54:42.995Z,178496968299500
"""fully locked @ gpP9uUffpu"" checks",2026-07-25T08:54:42.179Z,178496968217900
"""hsj @ PEMYRVPxOS"" checks",2026-07-25T08:54:41.193Z,178496968119300
"Turn: 2♠, 2♣, 4♠ [4♦]",2026-07-25T08:54:40.494Z,178496968049400
"""fully locked @ gpP9uUffpu"" checks",2026-07-25T08:54:39.641Z,178496967964100
"""hsj @ PEMYRVPxOS"" checks",2026-07-25T08:54:38.721Z,178496967872100
"Flop:  [2♠, 2♣, 4♠]",2026-07-25T08:54:36.896Z,178496967689600
"""hsj @ PEMYRVPxOS"" calls 100",2026-07-25T08:54:36.040Z,178496967604000
"""fully locked @ gpP9uUffpu"" raises to 100",2026-07-25T08:54:35.098Z,178496967509800
"""hsj @ PEMYRVPxOS"" posts a big blind of 50",2026-07-25T08:54:34.091Z,178496967409105
"""fully locked @ gpP9uUffpu"" posts a small blind of 25",2026-07-25T08:54:34.091Z,178496967409104
"Your hand is K♥, 10♠",2026-07-25T08:54:34.091Z,178496967409102
"Player stacks: #1 ""fully locked @ gpP9uUffpu"" (6300) | #2 ""hsj @ PEMYRVPxOS"" (3700)",2026-07-25T08:54:34.091Z,178496967409101
"-- starting hand #98 (id: uvfdk4cypsms)  No Limit Texas Hold'em (dealer: ""fully locked @ gpP9uUffpu"") --",2026-07-25T08:54:34.091Z,178496967409100
"""fully locked @ gpP9uUffpu"" shows a 2♦, 7♥.",2026-07-25T08:54:32.302Z,178496967230200
"Undealt cards: 9♠, 7♣, Q♠ [Q♥, Q♣]",2026-07-25T08:54:27.752Z,178496966775200
"-- ending hand #97 --",2026-07-25T08:54:27.487Z,178496966748702
"""fully locked @ gpP9uUffpu"" collected 500 from pot",2026-07-25T08:54:27.487Z,178496966748701
"Uncalled bet of 150 returned to ""fully locked @ gpP9uUffpu""",2026-07-25T08:54:27.487Z,178496966748700
"""hsj @ PEMYRVPxOS"" folds",2026-07-25T08:54:26.636Z,178496966663600
"""fully locked @ gpP9uUffpu"" bets 150",2026-07-25T08:54:25.697Z,178496966569700
"Flop:  [9♠, 7♣, Q♠]",2026-07-25T08:54:23.485Z,178496966348500
"""hsj @ PEMYRVPxOS"" calls 250",2026-07-25T08:54:22.582Z,178496966258200
"""fully locked @ gpP9uUffpu"" raises to 250",2026-07-25T08:54:21.633Z,178496966163300
"""hsj @ PEMYRVPxOS"" raises to 100",2026-07-25T08:54:19.866Z,178496965986600
"""fully locked @ gpP9uUffpu"" posts a big blind of 50",2026-07-25T08:54:18.383Z,178496965838305
"""hsj @ PEMYRVPxOS"" posts a small blind of 25",2026-07-25T08:54:18.383Z,178496965838304
"Your hand is 2♦, 7♥",2026-07-25T08:54:18.383Z,178496965838302
"Player stacks: #1 ""fully locked @ gpP9uUffpu"" (6050) | #2 ""hsj @ PEMYRVPxOS"" (3950)",2026-07-25T08:54:18.383Z,178496965838301
"-- starting hand #97 (id: 1e5gdmluh5vr)  No Limit Texas Hold'em (dealer: ""hsj @ PEMYRVPxOS"") --",2026-07-25T08:54:18.383Z,178496965838300
"Undealt cards:  [3♥, K♠, 8♦, 9♠, 4♠]",2026-07-25T08:54:12.951Z,178496965295100
"-- ending hand #96 --",2026-07-25T08:54:12.477Z,178496965247702
"""hsj @ PEMYRVPxOS"" collected 50 from pot",2026-07-25T08:54:12.477Z,178496965247701
"Uncalled bet of 25 returned to ""hsj @ PEMYRVPxOS""",2026-07-25T08:54:12.477Z,178496965247700
"""fully locked @ gpP9uUffpu"" folds",2026-07-25T08:54:11.584Z,178496965158400
"""hsj @ PEMYRVPxOS"" posts a big blind of 50",2026-07-25T08:54:10.477Z,178496965047705
"""fully locked @ gpP9uUffpu"" posts a small blind of 25",2026-07-25T08:54:10.477Z,178496965047704
"Player stacks: #1 ""fully locked @ gpP9uUffpu"" (6075) | #2 ""hsj @ PEMYRVPxOS"" (3925)",2026-07-25T08:54:10.477Z,178496965047701
"-- starting hand #96 (id: f0jxquc4ztqb)  No Limit Texas Hold'em (dealer: ""fully locked @ gpP9uUffpu"") --",2026-07-25T08:54:10.477Z,178496965047700
"Undealt cards:  [K♦, 10♥, 6♣, A♠, 7♥]",2026-07-25T08:54:04.872Z,178496964487200
"-- ending hand #95 --",2026-07-25T08:54:04.527Z,178496964452702
"""fully locked @ gpP9uUffpu"" collected 50 from pot",2026-07-25T08:54:04.527Z,178496964452701
"Uncalled bet of 25 returned to ""fully locked @ gpP9uUffpu""",2026-07-25T08:54:04.527Z,178496964452700
"""hsj @ PEMYRVPxOS"" folds",2026-07-25T08:54:03.719Z,178496964371900
"""fully locked @ gpP9uUffpu"" posts a big blind of 50",2026-07-25T08:54:00.453Z,178496964045305
"""hsj @ PEMYRVPxOS"" posts a small blind of 25",2026-07-25T08:54:00.453Z,178496964045304
"Player stacks: #1 ""fully locked @ gpP9uUffpu"" (6050) | #2 ""hsj @ PEMYRVPxOS"" (3950)",2026-07-25T08:54:00.453Z,178496964045301
"-- starting hand #95 (id: eiisnfgic7jv)  No Limit Texas Hold'em (dealer: ""hsj @ PEMYRVPxOS"") --",2026-07-25T08:54:00.453Z,178496964045300
"-- ending hand #94 --",2026-07-25T08:53:54.401Z,178496963440104
"""fully locked @ gpP9uUffpu"" collected 6050 from pot with Straight, A High (combination: 10♥, J♠, Q♠, K♥, A♦)",2026-07-25T08:53:54.401Z,178496963440103
"""fully locked @ gpP9uUffpu"" shows a K♥, J♠.",2026-07-25T08:53:54.401Z,178496963440102
"""hsj @ PEMYRVPxOS"" shows a 10♠, 4♣.",2026-07-25T08:53:54.401Z,178496963440101
"Uncalled bet of 3950 returned to ""hsj @ PEMYRVPxOS""",2026-07-25T08:53:54.401Z,178496963440100
"""fully locked @ gpP9uUffpu"" calls 2625 and go all in",2026-07-25T08:53:53.544Z,178496963354400
"""hsj @ PEMYRVPxOS"" raises to 6575 and go all in",2026-07-25T08:53:52.635Z,178496963263500
"""fully locked @ gpP9uUffpu"" bets 800",2026-07-25T08:53:50.864Z,178496963086400
"""hsj @ PEMYRVPxOS"" checks",2026-07-25T08:53:49.251Z,178496962925100
"River: Q♠, 7♠, 10♦, 10♥ [A♦]",2026-07-25T08:53:48.296Z,178496962829600
"""fully locked @ gpP9uUffpu"" checks",2026-07-25T08:53:47.482Z,178496962748200
"""hsj @ PEMYRVPxOS"" checks",2026-07-25T08:53:46.530Z,178496962653000
"Turn: Q♠, 7♠, 10♦ [10♥]",2026-07-25T08:53:44.691Z,178496962469100
"""hsj @ PEMYRVPxOS"" calls 300",2026-07-25T08:53:43.859Z,178496962385900
"""fully locked @ gpP9uUffpu"" raises to 300",2026-07-25T08:53:41.914Z,178496962191400
"""hsj @ PEMYRVPxOS"" bets 50",2026-07-25T08:53:39.978Z,178496961997800
"Flop:  [Q♠, 7♠, 10♦]",2026-07-25T08:53:38.392Z,178496961839200
"""hsj @ PEMYRVPxOS"" calls 100",2026-07-25T08:53:37.579Z,178496961757900
"""fully locked @ gpP9uUffpu"" raises to 100",2026-07-25T08:53:36.641Z,178496961664100
"""hsj @ PEMYRVPxOS"" posts a big blind of 50",2026-07-25T08:53:35.595Z,178496961559505
"""fully locked @ gpP9uUffpu"" posts a small blind of 25",2026-07-25T08:53:35.595Z,178496961559504
"Your hand is K♥, J♠",2026-07-25T08:53:35.595Z,178496961559502
"Player stacks: #1 ""fully locked @ gpP9uUffpu"" (3025) | #2 ""hsj @ PEMYRVPxOS"" (6975)",2026-07-25T08:53:35.595Z,178496961559501
"-- starting hand #94 (id: pmrfg3yka8qe)  No Limit Texas Hold'em (dealer: ""fully locked @ gpP9uUffpu"") --",2026-07-25T08:53:35.595Z,178496961559500
"Undealt cards: Q♣, 9♥, 9♦ [4♥, 10♥]",2026-07-25T08:53:29.948Z,178496960994800
"-- ending hand #93 --",2026-07-25T08:53:29.684Z,178496960968402
"""fully locked @ gpP9uUffpu"" collected 200 from pot",2026-07-25T08:53:29.684Z,178496960968401
"Uncalled bet of 50 returned to ""fully locked @ gpP9uUffpu""",2026-07-25T08:53:29.684Z,178496960968400
"""hsj @ PEMYRVPxOS"" folds",2026-07-25T08:53:28.863Z,178496960886300
"""fully locked @ gpP9uUffpu"" bets 50",2026-07-25T08:53:26.657Z,178496960665700
"Flop:  [Q♣, 9♥, 9♦]",2026-07-25T08:53:24.380Z,178496960438000
"""fully locked @ gpP9uUffpu"" calls 100",2026-07-25T08:53:23.494Z,178496960349400
"""hsj @ PEMYRVPxOS"" raises to 100",2026-07-25T08:53:22.571Z,178496960257100
"""fully locked @ gpP9uUffpu"" posts a big blind of 50",2026-07-25T08:53:21.278Z,178496960127805
"""hsj @ PEMYRVPxOS"" posts a small blind of 25",2026-07-25T08:53:21.278Z,178496960127804
"Player stacks: #1 ""fully locked @ gpP9uUffpu"" (2925) | #2 ""hsj @ PEMYRVPxOS"" (7075)",2026-07-25T08:53:21.278Z,178496960127801
"-- starting hand #93 (id: 9vj6vcmnu0ug)  No Limit Texas Hold'em (dealer: ""hsj @ PEMYRVPxOS"") --",2026-07-25T08:53:21.278Z,178496960127800
"""hsj @ PEMYRVPxOS"" shows a 10♥, 10♣.",2026-07-25T08:53:17.345Z,178496959734500
"Undealt cards:  [8♦, 7♥, 5♠, J♦, 10♠]",2026-07-25T08:53:14.967Z,178496959496700
"-- ending hand #92 --",2026-07-25T08:53:14.672Z,178496959467202
"""hsj @ PEMYRVPxOS"" collected 50 from pot",2026-07-25T08:53:14.672Z,178496959467201
"Uncalled bet of 25 returned to ""hsj @ PEMYRVPxOS""",2026-07-25T08:53:14.672Z,178496959467200
"""fully locked @ gpP9uUffpu"" folds",2026-07-25T08:53:13.841Z,178496959384100
"""hsj @ PEMYRVPxOS"" posts a big blind of 50",2026-07-25T08:53:12.976Z,178496959297605
"""fully locked @ gpP9uUffpu"" posts a small blind of 25",2026-07-25T08:53:12.976Z,178496959297604
"Player stacks: #1 ""fully locked @ gpP9uUffpu"" (2950) | #2 ""hsj @ PEMYRVPxOS"" (7050)",2026-07-25T08:53:12.976Z,178496959297601
"-- starting hand #92 (id: wfbla9na63ny)  No Limit Texas Hold'em (dealer: ""fully locked @ gpP9uUffpu"") --",2026-07-25T08:53:12.976Z,178496959297600
"Undealt cards: 6♣, K♠, 7♣ [3♣, Q♥]",2026-07-25T08:53:07.211Z,178496958721100
"-- ending hand #91 --",2026-07-25T08:53:06.972Z,178496958697202
"""fully locked @ gpP9uUffpu"" collected 300 from pot",2026-07-25T08:53:06.972Z,178496958697201
"Uncalled bet of 100 returned to ""fully locked @ gpP9uUffpu""",2026-07-25T08:53:06.972Z,178496958697200
"""hsj @ PEMYRVPxOS"" folds",2026-07-25T08:53:06.102Z,178496958610200
"""fully locked @ gpP9uUffpu"" bets 100",2026-07-25T08:53:01.702Z,178496958170200
"Flop:  [6♣, K♠, 7♣]",2026-07-25T08:52:57.959Z,178496957795900
"""hsj @ PEMYRVPxOS"" calls 150",2026-07-25T08:52:57.147Z,178496957714700
"""fully locked @ gpP9uUffpu"" raises to 150",2026-07-25T08:52:56.217Z,178496957621700
"""hsj @ PEMYRVPxOS"" calls 50",2026-07-25T08:52:54.372Z,178496957437200
"""fully locked @ gpP9uUffpu"" posts a big blind of 50",2026-07-25T08:52:51.852Z,178496957185205
"""hsj @ PEMYRVPxOS"" posts a small blind of 25",2026-07-25T08:52:51.852Z,178496957185204
"Player stacks: #1 ""fully locked @ gpP9uUffpu"" (2800) | #2 ""hsj @ PEMYRVPxOS"" (7200)",2026-07-25T08:52:51.852Z,178496957185201
"-- starting hand #91 (id: nt8xppfpd0jm)  No Limit Texas Hold'em (dealer: ""hsj @ PEMYRVPxOS"") --",2026-07-25T08:52:51.852Z,178496957185200
"Undealt cards: Q♣, 4♠, 5♣, 9♣ [A♦]",2026-07-25T08:52:46.140Z,178496956614000
"-- ending hand #90 --",2026-07-25T08:52:45.944Z,178496956594402
"""hsj @ PEMYRVPxOS"" collected 100 from pot",2026-07-25T08:52:45.944Z,178496956594401
"Uncalled bet of 50 returned to ""hsj @ PEMYRVPxOS""",2026-07-25T08:52:45.944Z,178496956594400
"""fully locked @ gpP9uUffpu"" folds",2026-07-25T08:52:45.066Z,178496956506600
"""hsj @ PEMYRVPxOS"" bets 50",2026-07-25T08:52:43.341Z,178496956334100
"Turn: Q♣, 4♠, 5♣ [9♣]",2026-07-25T08:52:42.340Z,178496956234000
"""fully locked @ gpP9uUffpu"" checks",2026-07-25T08:52:41.430Z,178496956143000
"""hsj @ PEMYRVPxOS"" checks",2026-07-25T08:52:40.485Z,178496956048500
"Flop:  [Q♣, 4♠, 5♣]",2026-07-25T08:52:38.928Z,178496955892800
"""hsj @ PEMYRVPxOS"" checks",2026-07-25T08:52:38.053Z,178496955805300
"""fully locked @ gpP9uUffpu"" calls 50",2026-07-25T08:52:36.939Z,178496955693900
"""hsj @ PEMYRVPxOS"" posts a big blind of 50",2026-07-25T08:52:36.126Z,178496955612605
"""fully locked @ gpP9uUffpu"" posts a small blind of 25",2026-07-25T08:52:36.126Z,178496955612604
"Player stacks: #1 ""fully locked @ gpP9uUffpu"" (2850) | #2 ""hsj @ PEMYRVPxOS"" (7150)",2026-07-25T08:52:36.126Z,178496955612601
"-- starting hand #90 (id: 1jj5tgcmpbha)  No Limit Texas Hold'em (dealer: ""fully locked @ gpP9uUffpu"") --",2026-07-25T08:52:36.126Z,178496955612600
"-- ending hand #89 --",2026-07-25T08:52:30.012Z,178496955001203
"""hsj @ PEMYRVPxOS"" collected 1200 from pot with Two Pair, 8's & 4's (combination: J♣, 4♣, 4♠, 8♦, 8♠)",2026-07-25T08:52:30.012Z,178496955001202
"""hsj @ PEMYRVPxOS"" shows a 4♣, J♣.",2026-07-25T08:52:30.012Z,178496955001201
"""fully locked @ gpP9uUffpu"" shows a J♥, Q♠.",2026-07-25T08:52:30.012Z,178496955001200
"""hsj @ PEMYRVPxOS"" calls 300",2026-07-25T08:52:29.164Z,178496954916400
"""fully locked @ gpP9uUffpu"" bets 300",2026-07-25T08:52:27.770Z,178496954777000
"River: 8♦, 4♠, 8♠, 2♠ [5♣]",2026-07-25T08:52:24.720Z,178496954472000
"""hsj @ PEMYRVPxOS"" calls 150",2026-07-25T08:52:23.809Z,178496954380900
"""fully locked @ gpP9uUffpu"" bets 150",2026-07-25T08:52:22.888Z,178496954288800
"Turn: 8♦, 4♠, 8♠ [2♠]",2026-07-25T08:52:20.923Z,178496954092300
"""hsj @ PEMYRVPxOS"" calls 50",2026-07-25T08:52:20.092Z,178496954009200
"""fully locked @ gpP9uUffpu"" bets 50",2026-07-25T08:52:19.191Z,178496953919100
"Flop:  [8♦, 4♠, 8♠]",2026-07-25T08:52:17.318Z,178496953731800
"""fully locked @ gpP9uUffpu"" calls 100",2026-07-25T08:52:16.481Z,178496953648100
"""hsj @ PEMYRVPxOS"" raises to 100",2026-07-25T08:52:15.566Z,178496953556600
"""fully locked @ gpP9uUffpu"" posts a big blind of 50",2026-07-25T08:52:14.094Z,178496953409405
"""hsj @ PEMYRVPxOS"" posts a small blind of 25",2026-07-25T08:52:14.094Z,178496953409404
"Your hand is J♥, Q♠",2026-07-25T08:52:14.094Z,178496953409402
"Player stacks: #1 ""fully locked @ gpP9uUffpu"" (3450) | #2 ""hsj @ PEMYRVPxOS"" (6550)",2026-07-25T08:52:14.094Z,178496953409401
"-- starting hand #89 (id: zce9z4uz7pli)  No Limit Texas Hold'em (dealer: ""hsj @ PEMYRVPxOS"") --",2026-07-25T08:52:14.094Z,178496953409400
"Undealt cards:  [7♣, 4♦, 10♦, 10♣, J♣]",2026-07-25T08:52:09.924Z,178496952992400
"-- ending hand #88 --",2026-07-25T08:52:08.146Z,178496952814602
"""hsj @ PEMYRVPxOS"" collected 50 from pot",2026-07-25T08:52:08.146Z,178496952814601
"Uncalled bet of 25 returned to ""hsj @ PEMYRVPxOS""",2026-07-25T08:52:08.146Z,178496952814600
"""fully locked @ gpP9uUffpu"" folds",2026-07-25T08:52:07.315Z,178496952731500
"""hsj @ PEMYRVPxOS"" posts a big blind of 50",2026-07-25T08:52:05.892Z,178496952589205
"""fully locked @ gpP9uUffpu"" posts a small blind of 25",2026-07-25T08:52:05.892Z,178496952589204
"Player stacks: #1 ""fully locked @ gpP9uUffpu"" (3475) | #2 ""hsj @ PEMYRVPxOS"" (6525)",2026-07-25T08:52:05.892Z,178496952589201
"-- starting hand #88 (id: v3sw7ew989q6)  No Limit Texas Hold'em (dealer: ""fully locked @ gpP9uUffpu"") --",2026-07-25T08:52:05.892Z,178496952589200
"Undealt cards:  [K♣, 8♠, 5♣, 4♦, 10♥]",2026-07-25T08:52:00.479Z,178496952047900
"-- ending hand #87 --",2026-07-25T08:51:59.971Z,178496951997102
"""hsj @ PEMYRVPxOS"" collected 100 from pot",2026-07-25T08:51:59.971Z,178496951997101
"Uncalled bet of 50 returned to ""hsj @ PEMYRVPxOS""",2026-07-25T08:51:59.971Z,178496951997100
"""fully locked @ gpP9uUffpu"" folds",2026-07-25T08:51:59.158Z,178496951915800
"""hsj @ PEMYRVPxOS"" raises to 100",2026-07-25T08:51:58.068Z,178496951806800
"""fully locked @ gpP9uUffpu"" posts a big blind of 50",2026-07-25T08:51:56.856Z,178496951685605
"""hsj @ PEMYRVPxOS"" posts a small blind of 25",2026-07-25T08:51:56.856Z,178496951685604
"Player stacks: #1 ""fully locked @ gpP9uUffpu"" (3525) | #2 ""hsj @ PEMYRVPxOS"" (6475)",2026-07-25T08:51:56.856Z,178496951685601
"-- starting hand #87 (id: slidovicew1b)  No Limit Texas Hold'em (dealer: ""hsj @ PEMYRVPxOS"") --",2026-07-25T08:51:56.856Z,178496951685600
"-- ending hand #86 --",2026-07-25T08:51:50.766Z,178496951076603
"""fully locked @ gpP9uUffpu"" collected 500 from pot with Two Pair, J's & 9's (combination: A♥, 9♦, 9♠, J♠, J♣)",2026-07-25T08:51:50.766Z,178496951076602
"""fully locked @ gpP9uUffpu"" shows a Q♦, 9♦.",2026-07-25T08:51:50.766Z,178496951076601
"""hsj @ PEMYRVPxOS"" shows a 8♥, 8♣.",2026-07-25T08:51:50.766Z,178496951076600
"""fully locked @ gpP9uUffpu"" calls 50",2026-07-25T08:51:49.956Z,178496950995600
"""hsj @ PEMYRVPxOS"" bets 50",2026-07-25T08:51:49.014Z,178496950901400
"River: A♥, J♠, J♣, 3♠ [9♠]",2026-07-25T08:51:47.166Z,178496950716600
"""fully locked @ gpP9uUffpu"" calls 50",2026-07-25T08:51:46.309Z,178496950630900
"""hsj @ PEMYRVPxOS"" bets 50",2026-07-25T08:51:44.148Z,178496950414800
"Turn: A♥, J♠, J♣ [3♠]",2026-07-25T08:51:43.270Z,178496950327000
"""fully locked @ gpP9uUffpu"" checks",2026-07-25T08:51:42.397Z,178496950239700
"""hsj @ PEMYRVPxOS"" checks",2026-07-25T08:51:41.363Z,178496950136300
"Flop:  [A♥, J♠, J♣]",2026-07-25T08:51:39.996Z,178496949999600
"""fully locked @ gpP9uUffpu"" calls 150",2026-07-25T08:51:39.156Z,178496949915600
"""hsj @ PEMYRVPxOS"" raises to 150",2026-07-25T08:51:38.213Z,178496949821300
"""fully locked @ gpP9uUffpu"" raises to 100",2026-07-25T08:51:36.813Z,178496949681300
"""hsj @ PEMYRVPxOS"" posts a big blind of 50",2026-07-25T08:51:34.868Z,178496949486805
"""fully locked @ gpP9uUffpu"" posts a small blind of 25",2026-07-25T08:51:34.868Z,178496949486804
"Your hand is Q♦, 9♦",2026-07-25T08:51:34.868Z,178496949486802
"Player stacks: #1 ""fully locked @ gpP9uUffpu"" (3275) | #2 ""hsj @ PEMYRVPxOS"" (6725)",2026-07-25T08:51:34.868Z,178496949486801
"-- starting hand #86 (id: cosc9v7ya6v4)  No Limit Texas Hold'em (dealer: ""fully locked @ gpP9uUffpu"") --",2026-07-25T08:51:34.868Z,178496949486800
"-- ending hand #85 --",2026-07-25T08:51:28.791Z,178496948879105
"""hsj @ PEMYRVPxOS"" collected 3275 from pot with Straight, 8 High (combination: 4♣, 5♠, 6♦, 7♦, 8♣)",2026-07-25T08:51:28.791Z,178496948879104
"""fully locked @ gpP9uUffpu"" collected 3275 from pot with Straight, 8 High (combination: 4♣, 5♠, 6♠, 7♦, 8♣)",2026-07-25T08:51:28.791Z,178496948879103
"""fully locked @ gpP9uUffpu"" shows a K♦, 6♠.",2026-07-25T08:51:28.791Z,178496948879102
"""hsj @ PEMYRVPxOS"" shows a 6♦, K♣.",2026-07-25T08:51:28.791Z,178496948879101
"Uncalled bet of 3450 returned to ""hsj @ PEMYRVPxOS""",2026-07-25T08:51:28.791Z,178496948879100
"""fully locked @ gpP9uUffpu"" calls 3175 and go all in",2026-07-25T08:51:27.987Z,178496948798700
"""hsj @ PEMYRVPxOS"" raises to 6625 and go all in",2026-07-25T08:51:23.220Z,178496948322000
"""fully locked @ gpP9uUffpu"" bets 450",2026-07-25T08:51:21.438Z,178496948143800
"River: 4♣, 5♠, 8♣, 7♠ [7♦]",2026-07-25T08:51:19.182Z,178496947918200
"""hsj @ PEMYRVPxOS"" checks",2026-07-25T08:51:18.357Z,178496947835700
"""fully locked @ gpP9uUffpu"" checks",2026-07-25T08:51:17.426Z,178496947742600
"Turn: 4♣, 5♠, 8♣ [7♠]",2026-07-25T08:51:16.705Z,178496947670500
"""hsj @ PEMYRVPxOS"" checks",2026-07-25T08:51:15.887Z,178496947588700
"""fully locked @ gpP9uUffpu"" checks",2026-07-25T08:51:14.979Z,178496947497900
"Flop:  [4♣, 5♠, 8♣]",2026-07-25T08:51:13.981Z,178496947398100
"""fully locked @ gpP9uUffpu"" calls 100",2026-07-25T08:51:13.147Z,178496947314700
"""hsj @ PEMYRVPxOS"" raises to 100",2026-07-25T08:51:12.244Z,178496947224400
"""fully locked @ gpP9uUffpu"" posts a big blind of 50",2026-07-25T08:51:10.178Z,178496947017805
"""hsj @ PEMYRVPxOS"" posts a small blind of 25",2026-07-25T08:51:10.178Z,178496947017804
"Your hand is K♦, 6♠",2026-07-25T08:51:10.178Z,178496947017802
"Player stacks: #1 ""fully locked @ gpP9uUffpu"" (3275) | #2 ""hsj @ PEMYRVPxOS"" (6725)",2026-07-25T08:51:10.178Z,178496947017801
"-- starting hand #85 (id: m9aoptllcj9y)  No Limit Texas Hold'em (dealer: ""hsj @ PEMYRVPxOS"") --",2026-07-25T08:51:10.178Z,178496947017800
"-- ending hand #84 --",2026-07-25T08:51:04.175Z,178496946417503
"""fully locked @ gpP9uUffpu"" collected 100 from pot with Two Pair, 10's & 4's (combination: A♣, 4♦, 4♠, 10♠, 10♣)",2026-07-25T08:51:04.175Z,178496946417502
"""fully locked @ gpP9uUffpu"" shows a A♣, 4♦.",2026-07-25T08:51:04.175Z,178496946417501
"""hsj @ PEMYRVPxOS"" shows a 7♥, 8♦.",2026-07-25T08:51:04.175Z,178496946417500
"""fully locked @ gpP9uUffpu"" checks",2026-07-25T08:51:03.304Z,178496946330400
"""hsj @ PEMYRVPxOS"" checks",2026-07-25T08:51:02.152Z,178496946215200
"River: 2♠, 4♠, 10♠, 10♣ [Q♦]",2026-07-25T08:51:00.696Z,178496946069600
"""fully locked @ gpP9uUffpu"" checks",2026-07-25T08:50:59.853Z,178496945985300
"""hsj @ PEMYRVPxOS"" checks",2026-07-25T08:50:58.943Z,178496945894300
"Turn: 2♠, 4♠, 10♠ [10♣]",2026-07-25T08:50:58.297Z,178496945829700
"""fully locked @ gpP9uUffpu"" checks",2026-07-25T08:50:57.456Z,178496945745600
"""hsj @ PEMYRVPxOS"" checks",2026-07-25T08:50:56.547Z,178496945654700
"Flop:  [2♠, 4♠, 10♠]",2026-07-25T08:50:54.895Z,178496945489500
"""hsj @ PEMYRVPxOS"" checks",2026-07-25T08:50:54.052Z,178496945405200
"""fully locked @ gpP9uUffpu"" calls 50",2026-07-25T08:50:53.116Z,178496945311600
"""hsj @ PEMYRVPxOS"" posts a big blind of 50",2026-07-25T08:50:52.362Z,178496945236205
"""fully locked @ gpP9uUffpu"" posts a small blind of 25",2026-07-25T08:50:52.362Z,178496945236204
"Your hand is A♣, 4♦",2026-07-25T08:50:52.362Z,178496945236202
"Player stacks: #1 ""fully locked @ gpP9uUffpu"" (3225) | #2 ""hsj @ PEMYRVPxOS"" (6775)",2026-07-25T08:50:52.362Z,178496945236201
"-- starting hand #84 (id: pbuigykj7v46)  No Limit Texas Hold'em (dealer: ""fully locked @ gpP9uUffpu"") --",2026-07-25T08:50:52.362Z,178496945236200
"Undealt cards:  [5♥, J♠, A♦, Q♠, J♣]",2026-07-25T08:50:46.828Z,178496944682800
"-- ending hand #83 --",2026-07-25T08:50:46.405Z,178496944640502
"""fully locked @ gpP9uUffpu"" collected 50 from pot",2026-07-25T08:50:46.405Z,178496944640501
"Uncalled bet of 25 returned to ""fully locked @ gpP9uUffpu""",2026-07-25T08:50:46.405Z,178496944640500
"""hsj @ PEMYRVPxOS"" folds",2026-07-25T08:50:45.563Z,178496944556300
"""fully locked @ gpP9uUffpu"" posts a big blind of 50",2026-07-25T08:50:43.999Z,178496944399905
"""hsj @ PEMYRVPxOS"" posts a small blind of 25",2026-07-25T08:50:43.999Z,178496944399904
"Player stacks: #1 ""fully locked @ gpP9uUffpu"" (3200) | #2 ""hsj @ PEMYRVPxOS"" (6800)",2026-07-25T08:50:43.999Z,178496944399901
"-- starting hand #83 (id: yabzy6n3cfsn)  No Limit Texas Hold'em (dealer: ""hsj @ PEMYRVPxOS"") --",2026-07-25T08:50:43.999Z,178496944399900
"-- ending hand #82 --",2026-07-25T08:50:41.089Z,178496944108902
"""fully locked @ gpP9uUffpu"" collected 200 from pot",2026-07-25T08:50:41.089Z,178496944108901
"Uncalled bet of 250 returned to ""fully locked @ gpP9uUffpu""",2026-07-25T08:50:41.089Z,178496944108900
"""hsj @ PEMYRVPxOS"" folds",2026-07-25T08:50:40.230Z,178496944023000
"""fully locked @ gpP9uUffpu"" raises to 300",2026-07-25T08:50:39.078Z,178496943907800
"""hsj @ PEMYRVPxOS"" bets 50",2026-07-25T08:50:36.837Z,178496943683700
"River: 8♥, Q♠, A♦, A♥ [5♦]",2026-07-25T08:50:36.089Z,178496943608900
"""fully locked @ gpP9uUffpu"" checks",2026-07-25T08:50:35.239Z,178496943523900
"""hsj @ PEMYRVPxOS"" checks",2026-07-25T08:50:34.286Z,178496943428600
"Turn: 8♥, Q♠, A♦ [A♥]",2026-07-25T08:50:32.997Z,178496943299700
"""fully locked @ gpP9uUffpu"" checks",2026-07-25T08:50:32.170Z,178496943217000
"""hsj @ PEMYRVPxOS"" checks",2026-07-25T08:50:31.255Z,178496943125500
"Flop:  [8♥, Q♠, A♦]",2026-07-25T08:50:29.485Z,178496942948500
"""hsj @ PEMYRVPxOS"" checks",2026-07-25T08:50:28.641Z,178496942864100
"""fully locked @ gpP9uUffpu"" calls 50",2026-07-25T08:50:27.682Z,178496942768200
"""hsj @ PEMYRVPxOS"" posts a big blind of 50",2026-07-25T08:50:26.748Z,178496942674805
"""fully locked @ gpP9uUffpu"" posts a small blind of 25",2026-07-25T08:50:26.748Z,178496942674804
"Player stacks: #1 ""fully locked @ gpP9uUffpu"" (3100) | #2 ""hsj @ PEMYRVPxOS"" (6900)",2026-07-25T08:50:26.748Z,178496942674801
"-- starting hand #82 (id: bc0lqjjkqw7d)  No Limit Texas Hold'em (dealer: ""fully locked @ gpP9uUffpu"") --",2026-07-25T08:50:26.748Z,178496942674800
"-- ending hand #81 --",2026-07-25T08:50:23.792Z,178496942379202
"""hsj @ PEMYRVPxOS"" collected 200 from pot",2026-07-25T08:50:23.792Z,178496942379201
"Uncalled bet of 50 returned to ""hsj @ PEMYRVPxOS""",2026-07-25T08:50:23.792Z,178496942379200
"""fully locked @ gpP9uUffpu"" folds",2026-07-25T08:50:22.955Z,178496942295500
"""hsj @ PEMYRVPxOS"" bets 50",2026-07-25T08:50:22.006Z,178496942200600
"""fully locked @ gpP9uUffpu"" checks",2026-07-25T08:50:20.542Z,178496942054200
"River: K♠, Q♠, 3♦, 8♣ [6♣]",2026-07-25T08:50:19.870Z,178496941987000
"""hsj @ PEMYRVPxOS"" checks",2026-07-25T08:50:19.038Z,178496941903800
"""fully locked @ gpP9uUffpu"" checks",2026-07-25T08:50:18.083Z,178496941808300
"Turn: K♠, Q♠, 3♦ [8♣]",2026-07-25T08:50:17.259Z,178496941725900
"""hsj @ PEMYRVPxOS"" checks",2026-07-25T08:50:16.435Z,178496941643500
"""fully locked @ gpP9uUffpu"" checks",2026-07-25T08:50:15.540Z,178496941554000
"Flop:  [K♠, Q♠, 3♦]",2026-07-25T08:50:14.187Z,178496941418700
"""fully locked @ gpP9uUffpu"" calls 100",2026-07-25T08:50:13.347Z,178496941334700
"""hsj @ PEMYRVPxOS"" raises to 100",2026-07-25T08:50:12.413Z,178496941241300
"""fully locked @ gpP9uUffpu"" posts a big blind of 50",2026-07-25T08:50:11.254Z,178496941125405
"""hsj @ PEMYRVPxOS"" posts a small blind of 25",2026-07-25T08:50:11.254Z,178496941125404
"Player stacks: #1 ""fully locked @ gpP9uUffpu"" (3200) | #2 ""hsj @ PEMYRVPxOS"" (6800)",2026-07-25T08:50:11.254Z,178496941125401
"-- starting hand #81 (id: xggfrrmsmxys)  No Limit Texas Hold'em (dealer: ""hsj @ PEMYRVPxOS"") --",2026-07-25T08:50:11.254Z,178496941125400
"-- ending hand #80 --",2026-07-25T08:50:05.248Z,178496940524803
"""fully locked @ gpP9uUffpu"" collected 900 from pot with Pair, 9's (combination: 7♥, 10♦, A♠, 9♣, 9♥)",2026-07-25T08:50:05.248Z,178496940524802
"""fully locked @ gpP9uUffpu"" shows a A♠, 9♣.",2026-07-25T08:50:05.248Z,178496940524801
"""hsj @ PEMYRVPxOS"" shows a K♦, Q♠.",2026-07-25T08:50:05.248Z,178496940524800
"""fully locked @ gpP9uUffpu"" checks",2026-07-25T08:50:04.343Z,178496940434300
"""hsj @ PEMYRVPxOS"" checks",2026-07-25T08:50:03.328Z,178496940332800
"River: 7♥, 4♣, 6♥, 10♦ [9♥]",2026-07-25T08:49:59.900Z,178496939990000
"""hsj @ PEMYRVPxOS"" calls 150",2026-07-25T08:49:59.006Z,178496939900600
"""fully locked @ gpP9uUffpu"" bets 150",2026-07-25T08:49:58.067Z,178496939806700
"""hsj @ PEMYRVPxOS"" checks",2026-07-25T08:49:55.927Z,178496939592700
"Turn: 7♥, 4♣, 6♥ [10♦]",2026-07-25T08:49:54.298Z,178496939429800
"""hsj @ PEMYRVPxOS"" calls 100",2026-07-25T08:49:53.494Z,178496939349400
"""fully locked @ gpP9uUffpu"" bets 100",2026-07-25T08:49:52.555Z,178496939255500
"""hsj @ PEMYRVPxOS"" checks",2026-07-25T08:49:50.807Z,178496939080700
"Flop:  [7♥, 4♣, 6♥]",2026-07-25T08:49:49.203Z,178496938920300
"""hsj @ PEMYRVPxOS"" calls 200",2026-07-25T08:49:48.374Z,178496938837400
"""fully locked @ gpP9uUffpu"" raises to 200",2026-07-25T08:49:47.089Z,178496938708900
"""hsj @ PEMYRVPxOS"" posts a big blind of 50",2026-07-25T08:49:45.294Z,178496938529405
"""fully locked @ gpP9uUffpu"" posts a small blind of 25",2026-07-25T08:49:45.294Z,178496938529404
"Your hand is A♠, 9♣",2026-07-25T08:49:45.294Z,178496938529402
"Player stacks: #1 ""fully locked @ gpP9uUffpu"" (2750) | #2 ""hsj @ PEMYRVPxOS"" (7250)",2026-07-25T08:49:45.294Z,178496938529401
"-- starting hand #80 (id: ltktgpxvawzf)  No Limit Texas Hold'em (dealer: ""fully locked @ gpP9uUffpu"") --",2026-07-25T08:49:45.294Z,178496938529400
"Undealt cards:  [5♦, 8♦, 4♦, 6♣, 8♠]",2026-07-25T08:49:39.686Z,178496937968600
"-- ending hand #79 --",2026-07-25T08:49:39.313Z,178496937931302
"""fully locked @ gpP9uUffpu"" collected 50 from pot",2026-07-25T08:49:39.313Z,178496937931301
"Uncalled bet of 25 returned to ""fully locked @ gpP9uUffpu""",2026-07-25T08:49:39.313Z,178496937931300
"""hsj @ PEMYRVPxOS"" folds",2026-07-25T08:49:38.501Z,178496937850100
"""fully locked @ gpP9uUffpu"" posts a big blind of 50",2026-07-25T08:49:32.587Z,178496937258705
"""hsj @ PEMYRVPxOS"" posts a small blind of 25",2026-07-25T08:49:32.587Z,178496937258704
"Player stacks: #1 ""fully locked @ gpP9uUffpu"" (2725) | #2 ""hsj @ PEMYRVPxOS"" (7275)",2026-07-25T08:49:32.587Z,178496937258701
"-- starting hand #79 (id: vufv96minbwr)  No Limit Texas Hold'em (dealer: ""hsj @ PEMYRVPxOS"") --",2026-07-25T08:49:32.587Z,178496937258700
"-- ending hand #78 --",2026-07-25T08:49:26.556Z,178496936655605
"""hsj @ PEMYRVPxOS"" collected 2725 from pot with Straight, A High (combination: 10♦, J♣, Q♥, K♠, A♣)",2026-07-25T08:49:26.556Z,178496936655604
"""fully locked @ gpP9uUffpu"" collected 2725 from pot with Straight, A High (combination: 10♦, J♠, Q♥, K♠, A♣)",2026-07-25T08:49:26.556Z,178496936655603
"""fully locked @ gpP9uUffpu"" shows a J♠, 8♠.",2026-07-25T08:49:26.556Z,178496936655602
"""hsj @ PEMYRVPxOS"" shows a 9♥, J♣.",2026-07-25T08:49:26.556Z,178496936655601
"Uncalled bet of 4550 returned to ""hsj @ PEMYRVPxOS""",2026-07-25T08:49:26.556Z,178496936655600
"""fully locked @ gpP9uUffpu"" calls 2575 and go all in",2026-07-25T08:49:25.748Z,178496936574800
"""hsj @ PEMYRVPxOS"" raises to 7125 and go all in",2026-07-25T08:49:24.803Z,178496936480300
"""fully locked @ gpP9uUffpu"" bets 900",2026-07-25T08:49:23.036Z,178496936303600
"""hsj @ PEMYRVPxOS"" checks",2026-07-25T08:49:19.489Z,178496935948900
"River: K♠, 10♦, 7♠, A♣ [Q♥]",2026-07-25T08:49:17.256Z,178496935725600
"""fully locked @ gpP9uUffpu"" calls 50",2026-07-25T08:49:16.348Z,178496935634800
"""hsj @ PEMYRVPxOS"" bets 50",2026-07-25T08:49:15.422Z,178496935542200
"Turn: K♠, 10♦, 7♠ [A♣]",2026-07-25T08:49:14.258Z,178496935425800
"""fully locked @ gpP9uUffpu"" calls 50",2026-07-25T08:49:13.359Z,178496935335900
"""hsj @ PEMYRVPxOS"" bets 50",2026-07-25T08:49:12.182Z,178496935218200
"Flop:  [K♠, 10♦, 7♠]",2026-07-25T08:49:10.052Z,178496935005200
"""hsj @ PEMYRVPxOS"" checks",2026-07-25T08:49:09.145Z,178496934914500
"""fully locked @ gpP9uUffpu"" calls 50",2026-07-25T08:49:08.136Z,178496934813600
"""hsj @ PEMYRVPxOS"" posts a big blind of 50",2026-07-25T08:49:07.415Z,178496934741505
"""fully locked @ gpP9uUffpu"" posts a small blind of 25",2026-07-25T08:49:07.415Z,178496934741504
"Your hand is J♠, 8♠",2026-07-25T08:49:07.415Z,178496934741502
"Player stacks: #1 ""fully locked @ gpP9uUffpu"" (2725) | #2 ""hsj @ PEMYRVPxOS"" (7275)",2026-07-25T08:49:07.415Z,178496934741501
"-- starting hand #78 (id: bcwwhxr9f41d)  No Limit Texas Hold'em (dealer: ""fully locked @ gpP9uUffpu"") --",2026-07-25T08:49:07.415Z,178496934741500
"""fully locked @ gpP9uUffpu"" shows a 6♣.",2026-07-25T08:49:04.429Z,178496934442900
"""hsj @ PEMYRVPxOS"" shows a A♥, 5♥.",2026-07-25T08:49:02.214Z,178496934221400
"Undealt cards: 5♠, 9♥, 9♦ [6♦, A♠]",2026-07-25T08:49:00.379Z,178496934037900
"-- ending hand #77 --",2026-07-25T08:49:00.098Z,178496934009802
"""hsj @ PEMYRVPxOS"" collected 300 from pot",2026-07-25T08:49:00.098Z,178496934009801
"Uncalled bet of 50 returned to ""hsj @ PEMYRVPxOS""",2026-07-25T08:49:00.098Z,178496934009800
"""fully locked @ gpP9uUffpu"" folds",2026-07-25T08:48:59.193Z,178496933919300
"""hsj @ PEMYRVPxOS"" raises to 100",2026-07-25T08:48:58.174Z,178496933817400
"""fully locked @ gpP9uUffpu"" bets 50",2026-07-25T08:48:56.758Z,178496933675800
"Flop:  [5♠, 9♥, 9♦]",2026-07-25T08:48:55.106Z,178496933510600
"""fully locked @ gpP9uUffpu"" calls 100",2026-07-25T08:48:54.279Z,178496933427900
"""hsj @ PEMYRVPxOS"" raises to 100",2026-07-25T08:48:53.359Z,178496933335900
"""fully locked @ gpP9uUffpu"" posts a big blind of 50",2026-07-25T08:48:51.703Z,178496933170305
"""hsj @ PEMYRVPxOS"" posts a small blind of 25",2026-07-25T08:48:51.703Z,178496933170304
"Player stacks: #1 ""fully locked @ gpP9uUffpu"" (2875) | #2 ""hsj @ PEMYRVPxOS"" (7125)",2026-07-25T08:48:51.703Z,178496933170301
"-- starting hand #77 (id: nokp4zl0h8op)  No Limit Texas Hold'em (dealer: ""hsj @ PEMYRVPxOS"") --",2026-07-25T08:48:51.703Z,178496933170300
"Undealt cards:  [J♦, 9♠, J♥, 4♠, 10♣]",2026-07-25T08:48:46.010Z,178496932601000
"-- ending hand #76 --",2026-07-25T08:48:45.781Z,178496932578102
"""hsj @ PEMYRVPxOS"" collected 50 from pot",2026-07-25T08:48:45.781Z,178496932578101
"Uncalled bet of 25 returned to ""hsj @ PEMYRVPxOS""",2026-07-25T08:48:45.781Z,178496932578100
"""fully locked @ gpP9uUffpu"" folds",2026-07-25T08:48:44.918Z,178496932491800
"""hsj @ PEMYRVPxOS"" posts a big blind of 50",2026-07-25T08:48:43.798Z,178496932379805
"""fully locked @ gpP9uUffpu"" posts a small blind of 25",2026-07-25T08:48:43.798Z,178496932379804
"Player stacks: #1 ""fully locked @ gpP9uUffpu"" (2900) | #2 ""hsj @ PEMYRVPxOS"" (7100)",2026-07-25T08:48:43.798Z,178496932379801
"-- starting hand #76 (id: 4pkbtcutovz3)  No Limit Texas Hold'em (dealer: ""fully locked @ gpP9uUffpu"") --",2026-07-25T08:48:43.798Z,178496932379800
"""fully locked @ gpP9uUffpu"" shows a 5♣.",2026-07-25T08:48:40.449Z,178496932044900
"""hsj @ PEMYRVPxOS"" shows a 8♠, 10♦.",2026-07-25T08:48:40.234Z,178496932023400
"-- ending hand #75 --",2026-07-25T08:48:39.496Z,178496931949602
"""hsj @ PEMYRVPxOS"" collected 300 from pot",2026-07-25T08:48:39.496Z,178496931949601
"Uncalled bet of 50 returned to ""hsj @ PEMYRVPxOS""",2026-07-25T08:48:39.496Z,178496931949600
"""fully locked @ gpP9uUffpu"" folds",2026-07-25T08:48:38.617Z,178496931861700
"""hsj @ PEMYRVPxOS"" bets 50",2026-07-25T08:48:33.501Z,178496931350100
"""fully locked @ gpP9uUffpu"" checks",2026-07-25T08:48:31.584Z,178496931158400
"River: 4♣, 7♠, K♥, 5♦ [6♦]",2026-07-25T08:48:30.692Z,178496931069200
"""hsj @ PEMYRVPxOS"" calls 50",2026-07-25T08:48:29.782Z,178496930978200
"""fully locked @ gpP9uUffpu"" bets 50",2026-07-25T08:48:28.660Z,178496930866000
"Turn: 4♣, 7♠, K♥ [5♦]",2026-07-25T08:48:27.687Z,178496930768700
"""hsj @ PEMYRVPxOS"" checks",2026-07-25T08:48:26.787Z,178496930678700
"""fully locked @ gpP9uUffpu"" checks",2026-07-25T08:48:25.876Z,178496930587600
"Flop:  [4♣, 7♠, K♥]",2026-07-25T08:48:24.488Z,178496930448800
"""fully locked @ gpP9uUffpu"" calls 100",2026-07-25T08:48:23.625Z,178496930362500
"""hsj @ PEMYRVPxOS"" raises to 100",2026-07-25T08:48:22.671Z,178496930267100
"""fully locked @ gpP9uUffpu"" posts a big blind of 50",2026-07-25T08:48:21.354Z,178496930135405
"""hsj @ PEMYRVPxOS"" posts a small blind of 25",2026-07-25T08:48:21.354Z,178496930135404
"Player stacks: #1 ""fully locked @ gpP9uUffpu"" (3050) | #2 ""hsj @ PEMYRVPxOS"" (6950)",2026-07-25T08:48:21.354Z,178496930135401
"-- starting hand #75 (id: 7y3vtwafyy5d)  No Limit Texas Hold'em (dealer: ""hsj @ PEMYRVPxOS"") --",2026-07-25T08:48:21.354Z,178496930135400
"-- ending hand #74 --",2026-07-25T08:48:15.285Z,178496929528502
"""fully locked @ gpP9uUffpu"" collected 1200 from pot with Straight, 6 High (combination: 2♠, 3♠, 4♣, 5♦, 6♣)",2026-07-25T08:48:15.285Z,178496929528501
"""fully locked @ gpP9uUffpu"" shows a 4♣, 5♦.",2026-07-25T08:48:15.285Z,178496929528500
"""hsj @ PEMYRVPxOS"" calls 450",2026-07-25T08:48:14.468Z,178496929446800
"""fully locked @ gpP9uUffpu"" raises to 450",2026-07-25T08:48:12.487Z,178496929248700
"""hsj @ PEMYRVPxOS"" bets 50",2026-07-25T08:48:10.071Z,178496929007100
"River: 6♣, 2♠, J♠, K♦ [3♠]",2026-07-25T08:48:09.480Z,178496928948000
"""fully locked @ gpP9uUffpu"" calls 50",2026-07-25T08:48:08.565Z,178496928856500
"""hsj @ PEMYRVPxOS"" bets 50",2026-07-25T08:48:07.560Z,178496928756000
"Turn: 6♣, 2♠, J♠ [K♦]",2026-07-25T08:48:06.681Z,178496928668100
"""fully locked @ gpP9uUffpu"" calls 50",2026-07-25T08:48:05.801Z,178496928580100
"""hsj @ PEMYRVPxOS"" bets 50",2026-07-25T08:48:04.835Z,178496928483500
"Flop:  [6♣, 2♠, J♠]",2026-07-25T08:48:03.322Z,178496928332200
"""hsj @ PEMYRVPxOS"" checks",2026-07-25T08:48:02.504Z,178496928250400
"""fully locked @ gpP9uUffpu"" calls 50",2026-07-25T08:48:01.231Z,178496928123100
"""hsj @ PEMYRVPxOS"" posts a big blind of 50",2026-07-25T08:48:00.197Z,178496928019705
"""fully locked @ gpP9uUffpu"" posts a small blind of 25",2026-07-25T08:48:00.197Z,178496928019704
"Your hand is 4♣, 5♦",2026-07-25T08:48:00.197Z,178496928019702
"Player stacks: #1 ""fully locked @ gpP9uUffpu"" (2450) | #2 ""hsj @ PEMYRVPxOS"" (7550)",2026-07-25T08:48:00.197Z,178496928019701
"-- starting hand #74 (id: aczjrl81wjwa)  No Limit Texas Hold'em (dealer: ""fully locked @ gpP9uUffpu"") --",2026-07-25T08:48:00.197Z,178496928019700
"Undealt cards: 7♠, 10♥, A♠, 5♠ [A♣]",2026-07-25T08:47:54.371Z,178496927437100
"-- ending hand #73 --",2026-07-25T08:47:54.174Z,178496927417402
"""fully locked @ gpP9uUffpu"" collected 1000 from pot",2026-07-25T08:47:54.174Z,178496927417401
"Uncalled bet of 500 returned to ""fully locked @ gpP9uUffpu""",2026-07-25T08:47:54.174Z,178496927417400
"""hsj @ PEMYRVPxOS"" folds",2026-07-25T08:47:53.266Z,178496927326600
"""fully locked @ gpP9uUffpu"" bets 500",2026-07-25T08:47:52.338Z,178496927233800
"Turn: 7♠, 10♥, A♠ [5♠]",2026-07-25T08:47:50.369Z,178496927036900
"""hsj @ PEMYRVPxOS"" calls 250",2026-07-25T08:47:49.456Z,178496926945600
"""fully locked @ gpP9uUffpu"" bets 250",2026-07-25T08:47:48.453Z,178496926845300
"Flop:  [7♠, 10♥, A♠]",2026-07-25T08:47:45.967Z,178496926596700
"""hsj @ PEMYRVPxOS"" calls 250",2026-07-25T08:47:45.044Z,178496926504400
"""fully locked @ gpP9uUffpu"" raises to 250",2026-07-25T08:47:44.034Z,178496926403400
"""hsj @ PEMYRVPxOS"" raises to 100",2026-07-25T08:47:40.567Z,178496926056700
"""fully locked @ gpP9uUffpu"" posts a big blind of 50",2026-07-25T08:47:37.180Z,178496925718005
"""hsj @ PEMYRVPxOS"" posts a small blind of 25",2026-07-25T08:47:37.180Z,178496925718004
"Player stacks: #1 ""fully locked @ gpP9uUffpu"" (1950) | #2 ""hsj @ PEMYRVPxOS"" (8050)",2026-07-25T08:47:37.180Z,178496925718001
"-- starting hand #73 (id: 0enqmpizcmif)  No Limit Texas Hold'em (dealer: ""hsj @ PEMYRVPxOS"") --",2026-07-25T08:47:37.180Z,178496925718000
"""hsj @ PEMYRVPxOS"" shows a 6♦, Q♣.",2026-07-25T08:47:33.012Z,178496925301200
"Undealt cards:  [2♣, 7♦, 8♠, A♥, 9♠]",2026-07-25T08:47:30.857Z,178496925085700
"-- ending hand #72 --",2026-07-25T08:47:30.549Z,178496925054902
"""fully locked @ gpP9uUffpu"" collected 100 from pot",2026-07-25T08:47:30.549Z,178496925054901
"Uncalled bet of 100 returned to ""fully locked @ gpP9uUffpu""",2026-07-25T08:47:30.549Z,178496925054900
"""hsj @ PEMYRVPxOS"" folds",2026-07-25T08:47:29.703Z,178496924970300
"""fully locked @ gpP9uUffpu"" raises to 150",2026-07-25T08:47:27.801Z,178496924780100
"""hsj @ PEMYRVPxOS"" posts a big blind of 50",2026-07-25T08:47:26.349Z,178496924634905
"""fully locked @ gpP9uUffpu"" posts a small blind of 25",2026-07-25T08:47:26.349Z,178496924634904
"Player stacks: #1 ""fully locked @ gpP9uUffpu"" (1900) | #2 ""hsj @ PEMYRVPxOS"" (8100)",2026-07-25T08:47:26.349Z,178496924634901
"-- starting hand #72 (id: sjnmltmlphme)  No Limit Texas Hold'em (dealer: ""fully locked @ gpP9uUffpu"") --",2026-07-25T08:47:26.349Z,178496924634900
"Undealt cards:  [10♥, Q♣, 3♣, 2♣, 6♥]",2026-07-25T08:47:21.084Z,178496924108400
"-- ending hand #71 --",2026-07-25T08:47:20.307Z,178496924030702
"""hsj @ PEMYRVPxOS"" collected 100 from pot",2026-07-25T08:47:20.307Z,178496924030701
"Uncalled bet of 50 returned to ""hsj @ PEMYRVPxOS""",2026-07-25T08:47:20.307Z,178496924030700
"""fully locked @ gpP9uUffpu"" folds",2026-07-25T08:47:19.482Z,178496923948200
"""hsj @ PEMYRVPxOS"" raises to 100",2026-07-25T08:47:18.573Z,178496923857300
"""fully locked @ gpP9uUffpu"" posts a big blind of 50",2026-07-25T08:47:17.311Z,178496923731105
"""hsj @ PEMYRVPxOS"" posts a small blind of 25",2026-07-25T08:47:17.311Z,178496923731104
"Player stacks: #1 ""fully locked @ gpP9uUffpu"" (1950) | #2 ""hsj @ PEMYRVPxOS"" (8050)",2026-07-25T08:47:17.311Z,178496923731101
"-- starting hand #71 (id: eyft8sklgphj)  No Limit Texas Hold'em (dealer: ""hsj @ PEMYRVPxOS"") --",2026-07-25T08:47:17.311Z,178496923731100
"Undealt cards: 2♠, 8♥, 5♠ [K♠, 2♥]",2026-07-25T08:47:11.629Z,178496923162900
"-- ending hand #70 --",2026-07-25T08:47:11.349Z,178496923134902
"""fully locked @ gpP9uUffpu"" collected 100 from pot",2026-07-25T08:47:11.349Z,178496923134901
"Uncalled bet of 50 returned to ""fully locked @ gpP9uUffpu""",2026-07-25T08:47:11.349Z,178496923134900
"""hsj @ PEMYRVPxOS"" folds",2026-07-25T08:47:10.504Z,178496923050400
"""fully locked @ gpP9uUffpu"" bets 50",2026-07-25T08:47:09.349Z,178496922934900
"""hsj @ PEMYRVPxOS"" checks",2026-07-25T08:47:08.322Z,178496922832200
"Flop:  [2♠, 8♥, 5♠]",2026-07-25T08:47:06.901Z,178496922690100
"""hsj @ PEMYRVPxOS"" checks",2026-07-25T08:47:06.038Z,178496922603800
"""fully locked @ gpP9uUffpu"" calls 50",2026-07-25T08:47:05.117Z,178496922511700
"""hsj @ PEMYRVPxOS"" posts a big blind of 50",2026-07-25T08:47:03.698Z,178496922369805
"""fully locked @ gpP9uUffpu"" posts a small blind of 25",2026-07-25T08:47:03.698Z,178496922369804
"Player stacks: #1 ""fully locked @ gpP9uUffpu"" (1900) | #2 ""hsj @ PEMYRVPxOS"" (8100)",2026-07-25T08:47:03.698Z,178496922369801
"-- starting hand #70 (id: efoyybgnkzzj)  No Limit Texas Hold'em (dealer: ""fully locked @ gpP9uUffpu"") --",2026-07-25T08:47:03.698Z,178496922369800
"-- ending hand #69 --",2026-07-25T08:46:57.690Z,178496921769003
"""hsj @ PEMYRVPxOS"" shows a 8♠, 6♠.",2026-07-25T08:46:57.690Z,178496921769002
"""fully locked @ gpP9uUffpu"" collected 1900 from pot with Two Pair, 8's & 5's (combination: K♥, 5♥, 5♣, 8♣, 8♦)",2026-07-25T08:46:57.690Z,178496921769001
"""fully locked @ gpP9uUffpu"" shows a 5♥, 8♣.",2026-07-25T08:46:57.690Z,178496921769000
"""hsj @ PEMYRVPxOS"" calls 800",2026-07-25T08:46:56.781Z,178496921678100
"""fully locked @ gpP9uUffpu"" bets 800 and go all in",2026-07-25T08:46:55.781Z,178496921578100
"River: 4♣, 8♦, K♥, 10♣ [5♣]",2026-07-25T08:46:54.288Z,178496921428800
"""hsj @ PEMYRVPxOS"" calls 50",2026-07-25T08:46:53.381Z,178496921338100
"""fully locked @ gpP9uUffpu"" bets 50",2026-07-25T08:46:52.485Z,178496921248500
"Turn: 4♣, 8♦, K♥ [10♣]",2026-07-25T08:46:51.487Z,178496921148700
"""hsj @ PEMYRVPxOS"" calls 50",2026-07-25T08:46:50.661Z,178496921066100
"""fully locked @ gpP9uUffpu"" bets 50",2026-07-25T08:46:49.762Z,178496920976200
"Flop:  [4♣, 8♦, K♥]",2026-07-25T08:46:44.883Z,178496920488300
"""fully locked @ gpP9uUffpu"" checks",2026-07-25T08:46:44.041Z,178496920404100
"""hsj @ PEMYRVPxOS"" calls 50",2026-07-25T08:46:42.705Z,178496920270500
"""fully locked @ gpP9uUffpu"" posts a big blind of 50",2026-07-25T08:46:39.476Z,178496919947605
"""hsj @ PEMYRVPxOS"" posts a small blind of 25",2026-07-25T08:46:39.476Z,178496919947604
"Your hand is 5♥, 8♣",2026-07-25T08:46:39.476Z,178496919947602
"Player stacks: #1 ""fully locked @ gpP9uUffpu"" (950) | #2 ""hsj @ PEMYRVPxOS"" (9050)",2026-07-25T08:46:39.476Z,178496919947601
"-- starting hand #69 (id: jduqbgeo3qel)  No Limit Texas Hold'em (dealer: ""hsj @ PEMYRVPxOS"") --",2026-07-25T08:46:39.476Z,178496919947600
"Undealt cards: 6♥, 4♥, A♥ [3♦, 5♣]",2026-07-25T08:46:33.844Z,178496919384400
"-- ending hand #68 --",2026-07-25T08:46:33.567Z,178496919356702
"""hsj @ PEMYRVPxOS"" collected 100 from pot",2026-07-25T08:46:33.567Z,178496919356701
"Uncalled bet of 50 returned to ""hsj @ PEMYRVPxOS""",2026-07-25T08:46:33.567Z,178496919356700
"""fully locked @ gpP9uUffpu"" folds",2026-07-25T08:46:32.758Z,178496919275800
"""hsj @ PEMYRVPxOS"" bets 50",2026-07-25T08:46:31.647Z,178496919164700
"Flop:  [6♥, 4♥, A♥]",2026-07-25T08:46:29.963Z,178496918996300
"""hsj @ PEMYRVPxOS"" checks",2026-07-25T08:46:29.154Z,178496918915400
"""fully locked @ gpP9uUffpu"" calls 50",2026-07-25T08:46:28.168Z,178496918816800
"""hsj @ PEMYRVPxOS"" posts a big blind of 50",2026-07-25T08:46:27.064Z,178496918706405
"""fully locked @ gpP9uUffpu"" posts a small blind of 25",2026-07-25T08:46:27.064Z,178496918706404
"Player stacks: #1 ""fully locked @ gpP9uUffpu"" (1000) | #2 ""hsj @ PEMYRVPxOS"" (9000)",2026-07-25T08:46:27.064Z,178496918706401
"-- starting hand #68 (id: tgaq28eorjxy)  No Limit Texas Hold'em (dealer: ""fully locked @ gpP9uUffpu"") --",2026-07-25T08:46:27.064Z,178496918706400
"-- ending hand #67 --",2026-07-25T08:46:24.158Z,178496918415802
"""hsj @ PEMYRVPxOS"" collected 300 from pot",2026-07-25T08:46:24.158Z,178496918415801
"Uncalled bet of 50 returned to ""hsj @ PEMYRVPxOS""",2026-07-25T08:46:24.158Z,178496918415800
"""fully locked @ gpP9uUffpu"" folds",2026-07-25T08:46:23.282Z,178496918328200
"""hsj @ PEMYRVPxOS"" bets 50",2026-07-25T08:46:22.273Z,178496918227300
"""fully locked @ gpP9uUffpu"" checks",2026-07-25T08:46:20.739Z,178496918073900
"River: 2♥, 6♥, A♠, J♣ [9♦]",2026-07-25T08:46:18.751Z,178496917875100
"""hsj @ PEMYRVPxOS"" checks",2026-07-25T08:46:17.944Z,178496917794400
"""fully locked @ gpP9uUffpu"" checks",2026-07-25T08:46:16.953Z,178496917695300
"Turn: 2♥, 6♥, A♠ [J♣]",2026-07-25T08:46:14.049Z,178496917404900
"""hsj @ PEMYRVPxOS"" calls 50",2026-07-25T08:46:13.243Z,178496917324300
"""fully locked @ gpP9uUffpu"" bets 50",2026-07-25T08:46:12.301Z,178496917230100
"Flop:  [2♥, 6♥, A♠]",2026-07-25T08:46:10.647Z,178496917064700
"""fully locked @ gpP9uUffpu"" calls 100",2026-07-25T08:46:09.731Z,178496916973100
"""hsj @ PEMYRVPxOS"" raises to 100",2026-07-25T08:46:08.765Z,178496916876500
"""fully locked @ gpP9uUffpu"" posts a big blind of 50",2026-07-25T08:46:07.610Z,178496916761005
"""hsj @ PEMYRVPxOS"" posts a small blind of 25",2026-07-25T08:46:07.610Z,178496916761004
"Player stacks: #1 ""fully locked @ gpP9uUffpu"" (1150) | #2 ""hsj @ PEMYRVPxOS"" (8850)",2026-07-25T08:46:07.610Z,178496916761001
"-- starting hand #67 (id: y0oupcgsyw9c)  No Limit Texas Hold'em (dealer: ""hsj @ PEMYRVPxOS"") --",2026-07-25T08:46:07.610Z,178496916761000
"Undealt cards: J♠, 2♥, 8♦ [8♣, 6♠]",2026-07-25T08:46:02.061Z,178496916206100
"-- ending hand #66 --",2026-07-25T08:46:01.668Z,178496916166802
"""fully locked @ gpP9uUffpu"" collected 100 from pot",2026-07-25T08:46:01.668Z,178496916166801
"Uncalled bet of 50 returned to ""fully locked @ gpP9uUffpu""",2026-07-25T08:46:01.668Z,178496916166800
"""hsj @ PEMYRVPxOS"" folds",2026-07-25T08:46:00.805Z,178496916080500
"""fully locked @ gpP9uUffpu"" bets 50",2026-07-25T08:45:59.885Z,178496915988500
"""hsj @ PEMYRVPxOS"" checks",2026-07-25T08:45:58.883Z,178496915888300
"Flop:  [J♠, 2♥, 8♦]",2026-07-25T08:45:57.263Z,178496915726300
"""hsj @ PEMYRVPxOS"" checks",2026-07-25T08:45:56.403Z,178496915640300
"""fully locked @ gpP9uUffpu"" calls 50",2026-07-25T08:45:55.466Z,178496915546600
"""hsj @ PEMYRVPxOS"" posts a big blind of 50",2026-07-25T08:45:54.585Z,178496915458505
"""fully locked @ gpP9uUffpu"" posts a small blind of 25",2026-07-25T08:45:54.585Z,178496915458504
"Player stacks: #1 ""fully locked @ gpP9uUffpu"" (1100) | #2 ""hsj @ PEMYRVPxOS"" (8900)",2026-07-25T08:45:54.585Z,178496915458501
"-- starting hand #66 (id: 8hjt72afimx1)  No Limit Texas Hold'em (dealer: ""fully locked @ gpP9uUffpu"") --",2026-07-25T08:45:54.585Z,178496915458500
"-- ending hand #65 --",2026-07-25T08:45:46.583Z,178496914658302
"""hsj @ PEMYRVPxOS"" collected 1100 from pot with Straight, K High on the second run  (combination: 9♦, 10♠, J♣, Q♠, K♦)",2026-07-25T08:45:46.583Z,178496914658301
"""fully locked @ gpP9uUffpu"" collected 1100 from pot with Straight, 10 High (combination: 6♠, 7♦, 8♣, 9♦, 10♠)",2026-07-25T08:45:46.583Z,178496914658300
"River (second run): 9♦, K♦, 10♠, 8♣ [Q♠]",2026-07-25T08:45:42.579Z,178496914257900
"River: 9♦, K♦, 10♠, 8♣ [6♠]",2026-07-25T08:45:38.505Z,178496913850500
"""hsj @ PEMYRVPxOS"" shows a K♣, J♣.",2026-07-25T08:45:34.450Z,178496913445000
"""fully locked @ gpP9uUffpu"" shows a 7♠, 7♦.",2026-07-25T08:45:34.080Z,178496913408000
"All players in hand choose to run it twice.",2026-07-25T08:45:33.589Z,178496913358901
"""fully locked @ gpP9uUffpu"" chooses to  run it twice.",2026-07-25T08:45:33.589Z,178496913358900
"""hsj @ PEMYRVPxOS"" chooses to  run it twice.",2026-07-25T08:45:33.450Z,178496913345000
"Remaining players decide whether to run it twice.",2026-07-25T08:45:32.546Z,178496913254601
"""hsj @ PEMYRVPxOS"" calls 600",2026-07-25T08:45:32.546Z,178496913254600
"""fully locked @ gpP9uUffpu"" bets 600 and go all in",2026-07-25T08:45:31.534Z,178496913153400
"Turn: 9♦, K♦, 10♠ [8♣]",2026-07-25T08:45:29.705Z,178496912970500
"""hsj @ PEMYRVPxOS"" calls 250",2026-07-25T08:45:28.899Z,178496912889900
"""fully locked @ gpP9uUffpu"" bets 250",2026-07-25T08:45:27.850Z,178496912785000
"Flop:  [9♦, K♦, 10♠]",2026-07-25T08:45:24.614Z,178496912461400
"""hsj @ PEMYRVPxOS"" calls 250",2026-07-25T08:45:23.789Z,178496912378900
"""fully locked @ gpP9uUffpu"" raises to 250",2026-07-25T08:45:22.812Z,178496912281200
"""hsj @ PEMYRVPxOS"" raises to 100",2026-07-25T08:45:20.899Z,178496912089900
"""fully locked @ gpP9uUffpu"" posts a big blind of 50",2026-07-25T08:45:19.370Z,178496911937005
"""hsj @ PEMYRVPxOS"" posts a small blind of 25",2026-07-25T08:45:19.370Z,178496911937004
"Your hand is 7♠, 7♦",2026-07-25T08:45:19.370Z,178496911937002
"Player stacks: #1 ""fully locked @ gpP9uUffpu"" (1100) | #2 ""hsj @ PEMYRVPxOS"" (8900)",2026-07-25T08:45:19.370Z,178496911937001
"-- starting hand #65 (id: acyjvcb6rbho)  No Limit Texas Hold'em (dealer: ""hsj @ PEMYRVPxOS"") --",2026-07-25T08:45:19.370Z,178496911937000
"Undealt cards: J♦, Q♣, 7♦, 7♥ [K♠]",2026-07-25T08:45:13.662Z,178496911366200
"-- ending hand #64 --",2026-07-25T08:45:13.406Z,178496911340602
"""hsj @ PEMYRVPxOS"" collected 300 from pot",2026-07-25T08:45:13.406Z,178496911340601
"Uncalled bet of 50 returned to ""hsj @ PEMYRVPxOS""",2026-07-25T08:45:13.406Z,178496911340600
"""fully locked @ gpP9uUffpu"" folds",2026-07-25T08:45:12.594Z,178496911259400
"""hsj @ PEMYRVPxOS"" bets 50",2026-07-25T08:45:11.353Z,178496911135300
"Turn: J♦, Q♣, 7♦ [7♥]",2026-07-25T08:45:10.275Z,178496911027500
"""hsj @ PEMYRVPxOS"" calls 50",2026-07-25T08:45:09.465Z,178496910946500
"""fully locked @ gpP9uUffpu"" bets 50",2026-07-25T08:45:08.540Z,178496910854000
"""hsj @ PEMYRVPxOS"" checks",2026-07-25T08:45:06.889Z,178496910688900
"Flop:  [J♦, Q♣, 7♦]",2026-07-25T08:45:05.007Z,178496910500700
"""hsj @ PEMYRVPxOS"" calls 100",2026-07-25T08:45:04.176Z,178496910417600
"""fully locked @ gpP9uUffpu"" raises to 100",2026-07-25T08:45:03.235Z,178496910323500
"""hsj @ PEMYRVPxOS"" posts a big blind of 50",2026-07-25T08:45:01.319Z,178496910131905
"""fully locked @ gpP9uUffpu"" posts a small blind of 25",2026-07-25T08:45:01.319Z,178496910131904
"Player stacks: #1 ""fully locked @ gpP9uUffpu"" (1250) | #2 ""hsj @ PEMYRVPxOS"" (8750)",2026-07-25T08:45:01.319Z,178496910131901
"-- starting hand #64 (id: y4ccbdd05pa1)  No Limit Texas Hold'em (dealer: ""fully locked @ gpP9uUffpu"") --",2026-07-25T08:45:01.319Z,178496910131900
"""fully locked @ gpP9uUffpu"" shows a A♠, J♠.",2026-07-25T08:44:56.396Z,178496909639600
"Undealt cards:  [A♥, 6♥, 2♣, 8♣, J♥]",2026-07-25T08:44:54.955Z,178496909495500
"-- ending hand #63 --",2026-07-25T08:44:54.704Z,178496909470402
"""fully locked @ gpP9uUffpu"" collected 50 from pot",2026-07-25T08:44:54.704Z,178496909470401
"Uncalled bet of 25 returned to ""fully locked @ gpP9uUffpu""",2026-07-25T08:44:54.704Z,178496909470400
"""hsj @ PEMYRVPxOS"" folds",2026-07-25T08:44:53.849Z,178496909384900
"""fully locked @ gpP9uUffpu"" posts a big blind of 50",2026-07-25T08:44:52.226Z,178496909222605
"""hsj @ PEMYRVPxOS"" posts a small blind of 25",2026-07-25T08:44:52.226Z,178496909222604
"Your hand is A♠, J♠",2026-07-25T08:44:52.226Z,178496909222602
"Player stacks: #1 ""fully locked @ gpP9uUffpu"" (1225) | #2 ""hsj @ PEMYRVPxOS"" (8775)",2026-07-25T08:44:52.226Z,178496909222601
"-- starting hand #63 (id: elhumzk0aw85)  No Limit Texas Hold'em (dealer: ""hsj @ PEMYRVPxOS"") --",2026-07-25T08:44:52.226Z,178496909222600
"Undealt cards: 10♥, 7♣, 5♦ [J♥, 5♣]",2026-07-25T08:44:46.561Z,178496908656100
"-- ending hand #62 --",2026-07-25T08:44:46.297Z,178496908629701
"""fully locked @ gpP9uUffpu"" collected 100 from pot",2026-07-25T08:44:46.297Z,178496908629700
"""hsj @ PEMYRVPxOS"" folds",2026-07-25T08:44:45.470Z,178496908547000
"Flop:  [10♥, 7♣, 5♦]",2026-07-25T08:44:43.292Z,178496908329200
"""hsj @ PEMYRVPxOS"" checks",2026-07-25T08:44:42.460Z,178496908246000
"""fully locked @ gpP9uUffpu"" calls 50",2026-07-25T08:44:41.507Z,178496908150700
"""hsj @ PEMYRVPxOS"" posts a big blind of 50",2026-07-25T08:44:40.494Z,178496908049405
"""fully locked @ gpP9uUffpu"" posts a small blind of 25",2026-07-25T08:44:40.494Z,178496908049404
"Player stacks: #1 ""fully locked @ gpP9uUffpu"" (1175) | #2 ""hsj @ PEMYRVPxOS"" (8825)",2026-07-25T08:44:40.494Z,178496908049401
"-- starting hand #62 (id: 5ekbrzhyjlqa)  No Limit Texas Hold'em (dealer: ""fully locked @ gpP9uUffpu"") --",2026-07-25T08:44:40.494Z,178496908049400
"-- ending hand #61 --",2026-07-25T08:44:34.489Z,178496907448903
"""hsj @ PEMYRVPxOS"" collected 300 from pot with Pair, J's (combination: 6♥, K♥, A♠, J♥, J♣)",2026-07-25T08:44:34.489Z,178496907448902
"""hsj @ PEMYRVPxOS"" shows a J♥, 6♥.",2026-07-25T08:44:34.489Z,178496907448901
"""fully locked @ gpP9uUffpu"" shows a 8♦, 2♦.",2026-07-25T08:44:34.489Z,178496907448900
"""hsj @ PEMYRVPxOS"" checks",2026-07-25T08:44:33.622Z,178496907362200
"""fully locked @ gpP9uUffpu"" checks",2026-07-25T08:44:32.643Z,178496907264300
"River: K♥, J♣, A♠, 3♣ [4♣]",2026-07-25T08:44:30.609Z,178496907060900
"""hsj @ PEMYRVPxOS"" checks",2026-07-25T08:44:29.794Z,178496906979400
"""fully locked @ gpP9uUffpu"" checks",2026-07-25T08:44:28.823Z,178496906882300
"Turn: K♥, J♣, A♠ [3♣]",2026-07-25T08:44:27.810Z,178496906781000
"""hsj @ PEMYRVPxOS"" calls 50",2026-07-25T08:44:26.975Z,178496906697500
"""fully locked @ gpP9uUffpu"" bets 50",2026-07-25T08:44:26.023Z,178496906602300
"Flop:  [K♥, J♣, A♠]",2026-07-25T08:44:23.082Z,178496906308200
"""fully locked @ gpP9uUffpu"" calls 100",2026-07-25T08:44:22.211Z,178496906221100
"""hsj @ PEMYRVPxOS"" raises to 100",2026-07-25T08:44:21.305Z,178496906130500
"""fully locked @ gpP9uUffpu"" posts a big blind of 50",2026-07-25T08:44:19.204Z,178496905920405
"""hsj @ PEMYRVPxOS"" posts a small blind of 25",2026-07-25T08:44:19.204Z,178496905920404
"Your hand is 8♦, 2♦",2026-07-25T08:44:19.204Z,178496905920402
"Player stacks: #1 ""fully locked @ gpP9uUffpu"" (1325) | #2 ""hsj @ PEMYRVPxOS"" (8675)",2026-07-25T08:44:19.204Z,178496905920401
"-- starting hand #61 (id: otirtea7gtrb)  No Limit Texas Hold'em (dealer: ""hsj @ PEMYRVPxOS"") --",2026-07-25T08:44:19.204Z,178496905920400
"Undealt cards:  [K♦, J♣, 9♠, 3♥, 4♥]",2026-07-25T08:44:13.623Z,178496905362300
"-- ending hand #60 --",2026-07-25T08:44:13.276Z,178496905327602
"""hsj @ PEMYRVPxOS"" collected 50 from pot",2026-07-25T08:44:13.276Z,178496905327601
"Uncalled bet of 25 returned to ""hsj @ PEMYRVPxOS""",2026-07-25T08:44:13.276Z,178496905327600
"""fully locked @ gpP9uUffpu"" folds",2026-07-25T08:44:12.409Z,178496905240900
"""hsj @ PEMYRVPxOS"" posts a big blind of 50",2026-07-25T08:44:05.817Z,178496904581705
"""fully locked @ gpP9uUffpu"" posts a small blind of 25",2026-07-25T08:44:05.817Z,178496904581704
"Player stacks: #1 ""fully locked @ gpP9uUffpu"" (1350) | #2 ""hsj @ PEMYRVPxOS"" (8650)",2026-07-25T08:44:05.817Z,178496904581701
"-- starting hand #60 (id: uucddbrxzyaq)  No Limit Texas Hold'em (dealer: ""fully locked @ gpP9uUffpu"") --",2026-07-25T08:44:05.817Z,178496904581700
"Undealt cards:  [2♦, 10♠, 9♣, Q♣, 5♣]",2026-07-25T08:44:00.525Z,178496904052500
"-- ending hand #59 --",2026-07-25T08:43:59.857Z,178496903985702
"""hsj @ PEMYRVPxOS"" collected 100 from pot",2026-07-25T08:43:59.857Z,178496903985701
"Uncalled bet of 50 returned to ""hsj @ PEMYRVPxOS""",2026-07-25T08:43:59.857Z,178496903985700
"""fully locked @ gpP9uUffpu"" folds",2026-07-25T08:43:58.987Z,178496903898700
"""hsj @ PEMYRVPxOS"" raises to 100",2026-07-25T08:43:58.060Z,178496903806000
"""fully locked @ gpP9uUffpu"" posts a big blind of 50",2026-07-25T08:43:56.578Z,178496903657805
"""hsj @ PEMYRVPxOS"" posts a small blind of 25",2026-07-25T08:43:56.578Z,178496903657804
"Player stacks: #1 ""fully locked @ gpP9uUffpu"" (1400) | #2 ""hsj @ PEMYRVPxOS"" (8600)",2026-07-25T08:43:56.578Z,178496903657801
"-- starting hand #59 (id: aerrll1btjrw)  No Limit Texas Hold'em (dealer: ""hsj @ PEMYRVPxOS"") --",2026-07-25T08:43:56.578Z,178496903657800
"""fully locked @ gpP9uUffpu"" shows a 5♥.",2026-07-25T08:43:53.726Z,178496903372600
"""hsj @ PEMYRVPxOS"" shows a A♦, Q♦.",2026-07-25T08:43:50.075Z,178496903007500
"Undealt cards:  [7♣, 8♥, Q♥, K♥, K♣]",2026-07-25T08:43:49.471Z,178496902947100
"-- ending hand #58 --",2026-07-25T08:43:49.248Z,178496902924802
"""hsj @ PEMYRVPxOS"" collected 50 from pot",2026-07-25T08:43:49.248Z,178496902924801
"Uncalled bet of 25 returned to ""hsj @ PEMYRVPxOS""",2026-07-25T08:43:49.248Z,178496902924800
"""fully locked @ gpP9uUffpu"" folds",2026-07-25T08:43:48.394Z,178496902839400
"""hsj @ PEMYRVPxOS"" posts a big blind of 50",2026-07-25T08:43:47.500Z,178496902750005
"""fully locked @ gpP9uUffpu"" posts a small blind of 25",2026-07-25T08:43:47.500Z,178496902750004
"Player stacks: #1 ""fully locked @ gpP9uUffpu"" (1425) | #2 ""hsj @ PEMYRVPxOS"" (8575)",2026-07-25T08:43:47.500Z,178496902750001
"-- starting hand #58 (id: 5wqdmsagahqq)  No Limit Texas Hold'em (dealer: ""fully locked @ gpP9uUffpu"") --",2026-07-25T08:43:47.500Z,178496902750000
"Undealt cards:  [5♥, Q♥, Q♦, 10♣, 2♠]",2026-07-25T08:43:42.023Z,178496902202300
"-- ending hand #57 --",2026-07-25T08:43:41.568Z,178496902156802
"""fully locked @ gpP9uUffpu"" collected 50 from pot",2026-07-25T08:43:41.568Z,178496902156801
"Uncalled bet of 25 returned to ""fully locked @ gpP9uUffpu""",2026-07-25T08:43:41.568Z,178496902156800
"""hsj @ PEMYRVPxOS"" folds",2026-07-25T08:43:40.723Z,178496902072300
"""fully locked @ gpP9uUffpu"" posts a big blind of 50",2026-07-25T08:43:38.966Z,178496901896605
"""hsj @ PEMYRVPxOS"" posts a small blind of 25",2026-07-25T08:43:38.966Z,178496901896604
"Player stacks: #1 ""fully locked @ gpP9uUffpu"" (1400) | #2 ""hsj @ PEMYRVPxOS"" (8600)",2026-07-25T08:43:38.966Z,178496901896601
"-- starting hand #57 (id: twcqxqri6aer)  No Limit Texas Hold'em (dealer: ""hsj @ PEMYRVPxOS"") --",2026-07-25T08:43:38.966Z,178496901896600
"Undealt cards: Q♠, Q♣, J♥, J♣ [4♥]",2026-07-25T08:43:33.239Z,178496901323900
"-- ending hand #56 --",2026-07-25T08:43:32.991Z,178496901299102
"""fully locked @ gpP9uUffpu"" collected 900 from pot",2026-07-25T08:43:32.991Z,178496901299101
"Uncalled bet of 500 returned to ""fully locked @ gpP9uUffpu""",2026-07-25T08:43:32.991Z,178496901299100
"""hsj @ PEMYRVPxOS"" folds",2026-07-25T08:43:32.187Z,178496901218700
"""fully locked @ gpP9uUffpu"" bets 500 and go all in",2026-07-25T08:43:31.252Z,178496901125200
"""hsj @ PEMYRVPxOS"" checks",2026-07-25T08:43:29.538Z,178496900953800
"Turn: Q♠, Q♣, J♥ [J♣]",2026-07-25T08:43:28.293Z,178496900829300
"""fully locked @ gpP9uUffpu"" calls 350",2026-07-25T08:43:27.389Z,178496900738900
"""hsj @ PEMYRVPxOS"" raises to 350",2026-07-25T08:43:25.811Z,178496900581100
"""fully locked @ gpP9uUffpu"" bets 50",2026-07-25T08:43:22.890Z,178496900289000
"""hsj @ PEMYRVPxOS"" checks",2026-07-25T08:43:21.444Z,178496900144400
"Flop:  [Q♠, Q♣, J♥]",2026-07-25T08:43:19.689Z,178496899968900
"""hsj @ PEMYRVPxOS"" calls 100",2026-07-25T08:43:18.845Z,178496899884500
"""fully locked @ gpP9uUffpu"" raises to 100",2026-07-25T08:43:17.913Z,178496899791300
"""hsj @ PEMYRVPxOS"" posts a big blind of 50",2026-07-25T08:43:16.888Z,178496899688805
"""fully locked @ gpP9uUffpu"" posts a small blind of 25",2026-07-25T08:43:16.888Z,178496899688804
"Player stacks: #1 ""fully locked @ gpP9uUffpu"" (950) | #2 ""hsj @ PEMYRVPxOS"" (9050)",2026-07-25T08:43:16.888Z,178496899688801
"-- starting hand #56 (id: vcsk1rj2fmzh)  No Limit Texas Hold'em (dealer: ""fully locked @ gpP9uUffpu"") --",2026-07-25T08:43:16.888Z,178496899688800
"-- ending hand #55 --",2026-07-25T08:43:10.883Z,178496899088303
"""fully locked @ gpP9uUffpu"" shows a Q♠, A♥.",2026-07-25T08:43:10.883Z,178496899088302
"""hsj @ PEMYRVPxOS"" collected 9050 from pot with Flush, A High (combination: 2♠, 3♠, 4♠, 8♠, A♠)",2026-07-25T08:43:10.883Z,178496899088301
"""hsj @ PEMYRVPxOS"" shows a A♠, 4♠.",2026-07-25T08:43:10.883Z,178496899088300
"""fully locked @ gpP9uUffpu"" calls 3325",2026-07-25T08:43:10.033Z,178496899003300
"""hsj @ PEMYRVPxOS"" raises to 3325 and go all in",2026-07-25T08:42:49.053Z,178496896905300
"""fully locked @ gpP9uUffpu"" bets 2400",2026-07-25T08:42:47.076Z,178496896707600
"River: 3♠, 9♦, 2♠, 6♣ [8♠]",2026-07-25T08:42:44.583Z,178496896458300
"""hsj @ PEMYRVPxOS"" calls 600",2026-07-25T08:42:43.747Z,178496896374700
"""fully locked @ gpP9uUffpu"" bets 600",2026-07-25T08:42:40.980Z,178496896098000
"Turn: 3♠, 9♦, 2♠ [6♣]",2026-07-25T08:42:39.275Z,178496895927500
"""hsj @ PEMYRVPxOS"" calls 200",2026-07-25T08:42:38.397Z,178496895839700
"""fully locked @ gpP9uUffpu"" bets 200",2026-07-25T08:42:37.488Z,178496895748800
"Flop:  [3♠, 9♦, 2♠]",2026-07-25T08:42:34.505Z,178496895450500
"""fully locked @ gpP9uUffpu"" calls 400",2026-07-25T08:42:33.667Z,178496895366700
"""hsj @ PEMYRVPxOS"" raises to 400",2026-07-25T08:42:32.740Z,178496895274000
"""fully locked @ gpP9uUffpu"" raises to 250",2026-07-25T08:42:30.866Z,178496895086600
"""hsj @ PEMYRVPxOS"" raises to 100",2026-07-25T08:42:29.076Z,178496894907600
"""fully locked @ gpP9uUffpu"" posts a big blind of 50",2026-07-25T08:42:27.777Z,178496894777705
"""hsj @ PEMYRVPxOS"" posts a small blind of 25",2026-07-25T08:42:27.777Z,178496894777704
"Your hand is Q♠, A♥",2026-07-25T08:42:27.777Z,178496894777702
"Player stacks: #1 ""fully locked @ gpP9uUffpu"" (5475) | #2 ""hsj @ PEMYRVPxOS"" (4525)",2026-07-25T08:42:27.777Z,178496894777701
"-- starting hand #55 (id: xhwbyewxwkd4)  No Limit Texas Hold'em (dealer: ""hsj @ PEMYRVPxOS"") --",2026-07-25T08:42:27.777Z,178496894777700
"Undealt cards:  [8♠, 7♦, 8♣, 3♠, 4♠]",2026-07-25T08:42:22.588Z,178496894258800
"-- ending hand #54 --",2026-07-25T08:42:21.850Z,178496894185002
"""fully locked @ gpP9uUffpu"" collected 100 from pot",2026-07-25T08:42:21.850Z,178496894185001
"Uncalled bet of 100 returned to ""fully locked @ gpP9uUffpu""",2026-07-25T08:42:21.850Z,178496894185000
"""hsj @ PEMYRVPxOS"" folds",2026-07-25T08:42:21.008Z,178496894100800
"""fully locked @ gpP9uUffpu"" raises to 150",2026-07-25T08:42:18.179Z,178496893817900
"""hsj @ PEMYRVPxOS"" posts a big blind of 50",2026-07-25T08:42:15.761Z,178496893576105
"""fully locked @ gpP9uUffpu"" posts a small blind of 25",2026-07-25T08:42:15.761Z,178496893576104
"Player stacks: #1 ""fully locked @ gpP9uUffpu"" (5425) | #2 ""hsj @ PEMYRVPxOS"" (4575)",2026-07-25T08:42:15.761Z,178496893576101
"-- starting hand #54 (id: m08ougqs7zim)  No Limit Texas Hold'em (dealer: ""fully locked @ gpP9uUffpu"") --",2026-07-25T08:42:15.761Z,178496893576100
"""hsj @ PEMYRVPxOS"" shows a Q♥, 4♠.",2026-07-25T08:42:13.114Z,178496893311400
"Undealt cards:  [Q♣, 4♥, 10♣, 7♦, 9♣]",2026-07-25T08:42:09.558Z,178496892955800
"-- ending hand #53 --",2026-07-25T08:42:09.156Z,178496892915602
"""fully locked @ gpP9uUffpu"" collected 50 from pot",2026-07-25T08:42:09.156Z,178496892915601
"Uncalled bet of 25 returned to ""fully locked @ gpP9uUffpu""",2026-07-25T08:42:09.156Z,178496892915600
"""hsj @ PEMYRVPxOS"" folds",2026-07-25T08:42:08.302Z,178496892830200
"""fully locked @ gpP9uUffpu"" posts a big blind of 50",2026-07-25T08:42:05.629Z,178496892562905
"""hsj @ PEMYRVPxOS"" posts a small blind of 25",2026-07-25T08:42:05.629Z,178496892562904
"Player stacks: #1 ""fully locked @ gpP9uUffpu"" (5400) | #2 ""hsj @ PEMYRVPxOS"" (4600)",2026-07-25T08:42:05.629Z,178496892562901
"-- starting hand #53 (id: helar2dozxt3)  No Limit Texas Hold'em (dealer: ""hsj @ PEMYRVPxOS"") --",2026-07-25T08:42:05.629Z,178496892562900
"Undealt cards: 2♥, 9♠, 8♠, 5♣ [A♦]",2026-07-25T08:41:59.866Z,178496891986600
"-- ending hand #52 --",2026-07-25T08:41:59.672Z,178496891967202
"""fully locked @ gpP9uUffpu"" collected 800 from pot",2026-07-25T08:41:59.672Z,178496891967201
"Uncalled bet of 600 returned to ""fully locked @ gpP9uUffpu""",2026-07-25T08:41:59.672Z,178496891967200
"""hsj @ PEMYRVPxOS"" folds",2026-07-25T08:41:58.863Z,178496891886300
"""fully locked @ gpP9uUffpu"" raises to 650",2026-07-25T08:41:57.843Z,178496891784300
"""hsj @ PEMYRVPxOS"" bets 50",2026-07-25T08:41:55.007Z,178496891500700
"Turn: 2♥, 9♠, 8♠ [5♣]",2026-07-25T08:41:53.778Z,178496891377800
"""hsj @ PEMYRVPxOS"" calls 250",2026-07-25T08:41:52.965Z,178496891296500
"""fully locked @ gpP9uUffpu"" raises to 250",2026-07-25T08:41:52.049Z,178496891204900
"""hsj @ PEMYRVPxOS"" bets 50",2026-07-25T08:41:49.276Z,178496890927600
"Flop:  [2♥, 9♠, 8♠]",2026-07-25T08:41:47.575Z,178496890757500
"""hsj @ PEMYRVPxOS"" calls 100",2026-07-25T08:41:46.762Z,178496890676200
"""fully locked @ gpP9uUffpu"" raises to 100",2026-07-25T08:41:45.844Z,178496890584400
"""hsj @ PEMYRVPxOS"" posts a big blind of 50",2026-07-25T08:41:44.696Z,178496890469605
"""fully locked @ gpP9uUffpu"" posts a small blind of 25",2026-07-25T08:41:44.696Z,178496890469604
"Player stacks: #1 ""fully locked @ gpP9uUffpu"" (5000) | #2 ""hsj @ PEMYRVPxOS"" (5000)",2026-07-25T08:41:44.696Z,178496890469601
"-- starting hand #52 (id: c0qjmys8tev3)  No Limit Texas Hold'em (dealer: ""fully locked @ gpP9uUffpu"") --",2026-07-25T08:41:44.696Z,178496890469600
"""hsj @ PEMYRVPxOS"" shows a 9♣, 4♣.",2026-07-25T08:41:40.681Z,178496890068100
"Undealt cards: 6♠, 2♦, K♣ [10♣, 5♣]",2026-07-25T08:41:38.336Z,178496889833600
"-- ending hand #51 --",2026-07-25T08:41:38.093Z,178496889809302
"""fully locked @ gpP9uUffpu"" collected 200 from pot",2026-07-25T08:41:38.093Z,178496889809301
"Uncalled bet of 100 returned to ""fully locked @ gpP9uUffpu""",2026-07-25T08:41:38.093Z,178496889809300
"""hsj @ PEMYRVPxOS"" folds",2026-07-25T08:41:37.276Z,178496889727600
"""fully locked @ gpP9uUffpu"" bets 100",2026-07-25T08:41:36.192Z,178496889619200
"Flop:  [6♠, 2♦, K♣]",2026-07-25T08:41:34.178Z,178496889417800
"""fully locked @ gpP9uUffpu"" calls 100",2026-07-25T08:41:33.344Z,178496889334400
"""hsj @ PEMYRVPxOS"" raises to 100",2026-07-25T08:41:32.439Z,178496889243900
"""fully locked @ gpP9uUffpu"" posts a big blind of 50",2026-07-25T08:41:27.451Z,178496888745105
"""hsj @ PEMYRVPxOS"" posts a small blind of 25",2026-07-25T08:41:27.451Z,178496888745104
"Player stacks: #1 ""fully locked @ gpP9uUffpu"" (4900) | #2 ""hsj @ PEMYRVPxOS"" (5100)",2026-07-25T08:41:27.451Z,178496888745101
"-- starting hand #51 (id: x1rycn0gmlda)  No Limit Texas Hold'em (dealer: ""hsj @ PEMYRVPxOS"") --",2026-07-25T08:41:27.451Z,178496888745100
"Undealt cards: J♠, 5♠, 8♣ [K♦, 6♥]",2026-07-25T08:41:22.012Z,178496888201200
"-- ending hand #50 --",2026-07-25T08:41:21.488Z,178496888148802
"""hsj @ PEMYRVPxOS"" collected 100 from pot",2026-07-25T08:41:21.488Z,178496888148801
"Uncalled bet of 50 returned to ""hsj @ PEMYRVPxOS""",2026-07-25T08:41:21.488Z,178496888148800
"""fully locked @ gpP9uUffpu"" folds",2026-07-25T08:41:20.647Z,178496888064700
"""hsj @ PEMYRVPxOS"" bets 50",2026-07-25T08:41:19.693Z,178496887969300
"Flop:  [J♠, 5♠, 8♣]",2026-07-25T08:41:18.087Z,178496887808700
"""hsj @ PEMYRVPxOS"" checks",2026-07-25T08:41:17.248Z,178496887724800
"""fully locked @ gpP9uUffpu"" calls 50",2026-07-25T08:41:16.294Z,178496887629400
"""hsj @ PEMYRVPxOS"" posts a big blind of 50",2026-07-25T08:41:15.630Z,178496887563005
"""fully locked @ gpP9uUffpu"" posts a small blind of 25",2026-07-25T08:41:15.630Z,178496887563004
"Player stacks: #1 ""fully locked @ gpP9uUffpu"" (4950) | #2 ""hsj @ PEMYRVPxOS"" (5050)",2026-07-25T08:41:15.630Z,178496887563001
"-- starting hand #50 (id: wuudbsm4tsrk)  No Limit Texas Hold'em (dealer: ""fully locked @ gpP9uUffpu"") --",2026-07-25T08:41:15.630Z,178496887563000
"Undealt cards: K♥, 2♦, J♣ [2♣, 4♠]",2026-07-25T08:41:09.897Z,178496886989700
"-- ending hand #49 --",2026-07-25T08:41:09.625Z,178496886962502
"""fully locked @ gpP9uUffpu"" collected 200 from pot",2026-07-25T08:41:09.625Z,178496886962501
"Uncalled bet of 50 returned to ""fully locked @ gpP9uUffpu""",2026-07-25T08:41:09.625Z,178496886962500
"""hsj @ PEMYRVPxOS"" folds",2026-07-25T08:41:08.772Z,178496886877200
"""fully locked @ gpP9uUffpu"" bets 50",2026-07-25T08:41:07.827Z,178496886782700
"Flop:  [K♥, 2♦, J♣]",2026-07-25T08:41:06.023Z,178496886602300
"""fully locked @ gpP9uUffpu"" calls 100",2026-07-25T08:41:05.194Z,178496886519400
"""hsj @ PEMYRVPxOS"" raises to 100",2026-07-25T08:41:04.293Z,178496886429300
"""fully locked @ gpP9uUffpu"" posts a big blind of 50",2026-07-25T08:41:01.180Z,178496886118005
"""hsj @ PEMYRVPxOS"" posts a small blind of 25",2026-07-25T08:41:01.180Z,178496886118004
"Player stacks: #1 ""fully locked @ gpP9uUffpu"" (4850) | #2 ""hsj @ PEMYRVPxOS"" (5150)",2026-07-25T08:41:01.180Z,178496886118001
"-- starting hand #49 (id: f5o7nmkm3ove)  No Limit Texas Hold'em (dealer: ""hsj @ PEMYRVPxOS"") --",2026-07-25T08:41:01.180Z,178496886118000
"-- ending hand #48 --",2026-07-25T08:40:55.173Z,178496885517302
"""hsj @ PEMYRVPxOS"" collected 300 from pot with Pair, J's (combination: 7♦, Q♣, A♥, J♠, J♣)",2026-07-25T08:40:55.173Z,178496885517301
"""hsj @ PEMYRVPxOS"" shows a J♠, Q♣.",2026-07-25T08:40:55.173Z,178496885517300
"""fully locked @ gpP9uUffpu"" calls 50",2026-07-25T08:40:54.355Z,178496885435500
"""hsj @ PEMYRVPxOS"" bets 50",2026-07-25T08:40:53.431Z,178496885343100
"River: 2♥, J♣, 7♦, 5♠ [A♥]",2026-07-25T08:40:52.298Z,178496885229800
"""fully locked @ gpP9uUffpu"" calls 50",2026-07-25T08:40:51.479Z,178496885147900
"""hsj @ PEMYRVPxOS"" bets 50",2026-07-25T08:40:50.511Z,178496885051100
"Turn: 2♥, J♣, 7♦ [5♠]",2026-07-25T08:40:49.371Z,178496884937100
"""fully locked @ gpP9uUffpu"" checks",2026-07-25T08:40:48.554Z,178496884855400
"""hsj @ PEMYRVPxOS"" checks",2026-07-25T08:40:47.605Z,178496884760500
"Flop:  [2♥, J♣, 7♦]",2026-07-25T08:40:45.663Z,178496884566300
"""hsj @ PEMYRVPxOS"" checks",2026-07-25T08:40:44.776Z,178496884477600
"""fully locked @ gpP9uUffpu"" calls 50",2026-07-25T08:40:43.799Z,178496884379900
"""hsj @ PEMYRVPxOS"" posts a big blind of 50",2026-07-25T08:40:42.885Z,178496884288507
"""fully locked @ gpP9uUffpu"" posts a small blind of 25",2026-07-25T08:40:42.885Z,178496884288506
"Player stacks: #1 ""fully locked @ gpP9uUffpu"" (5000) | #2 ""hsj @ PEMYRVPxOS"" (5000)",2026-07-25T08:40:42.885Z,178496884288503
"The player ""hsj @ PEMYRVPxOS"" joined the game with a stack of 5000.",2026-07-25T08:40:42.885Z,178496884288502
"The player ""fully locked @ gpP9uUffpu"" joined the game with a stack of 5000.",2026-07-25T08:40:42.885Z,178496884288501
"-- starting hand #48 (id: jdayjbyxc7ec)  No Limit Texas Hold'em (dealer: ""fully locked @ gpP9uUffpu"") --",2026-07-25T08:40:42.885Z,178496884288500
"The admin approved the player ""hsj @ PEMYRVPxOS"" participation with a stack of 5000.",2026-07-25T08:40:40.845Z,178496884084500
"The admin updated the player ""fully locked @ gpP9uUffpu"" stack from 10000 to 5000.",2026-07-25T08:40:38.855Z,178496883885501
"WARNING: the admin queued the stack change for the player ""fully locked @ gpP9uUffpu"" removing 5000 chips in the next hand.",2026-07-25T08:40:38.855Z,178496883885500
"The player ""hsj @ PEMYRVPxOS"" requested a seat.",2026-07-25T08:40:37.918Z,178496883791800
"The player ""hsj @ PEMYRVPxOS"" quits the game with a stack of 0.",2026-07-25T08:40:29.086Z,178496882908600
"-- ending hand #47 --",2026-07-25T08:40:21.081Z,178496882108102
"""fully locked @ gpP9uUffpu"" collected 1550 from pot with Three of a Kind, J's on the second run  (combination: 8♦, A♠, J♦, J♣, J♠)",2026-07-25T08:40:21.081Z,178496882108101
"""fully locked @ gpP9uUffpu"" collected 1550 from pot with Three of a Kind, J's (combination: Q♠, A♠, J♦, J♣, J♠)",2026-07-25T08:40:21.081Z,178496882108100
"River (second run): J♣, 3♥, J♠, 8♦ [4♠]",2026-07-25T08:40:17.049Z,178496881704900
"River: J♣, 3♥, J♠, 8♦ [Q♠]",2026-07-25T08:40:13.031Z,178496881303100
"""hsj @ PEMYRVPxOS"" shows a K♣, 7♠.",2026-07-25T08:40:08.920Z,178496880892000
"""fully locked @ gpP9uUffpu"" shows a J♦, A♠.",2026-07-25T08:40:08.451Z,178496880845100
"All players in hand choose to run it twice.",2026-07-25T08:40:08.071Z,178496880807101
"""hsj @ PEMYRVPxOS"" chooses to  run it twice.",2026-07-25T08:40:08.071Z,178496880807100
"""fully locked @ gpP9uUffpu"" chooses to  run it twice.",2026-07-25T08:40:07.460Z,178496880746000
"Remaining players decide whether to run it twice.",2026-07-25T08:40:06.971Z,178496880697101
"""fully locked @ gpP9uUffpu"" calls 1400",2026-07-25T08:40:06.971Z,178496880697100
"""hsj @ PEMYRVPxOS"" bets 1400 and go all in",2026-07-25T08:40:05.847Z,178496880584700
"Turn: J♣, 3♥, J♠ [8♦]",2026-07-25T08:40:03.829Z,178496880382900
"""fully locked @ gpP9uUffpu"" checks",2026-07-25T08:40:02.977Z,178496880297700
"""hsj @ PEMYRVPxOS"" checks",2026-07-25T08:40:01.719Z,178496880171900
"Flop:  [J♣, 3♥, J♠]",2026-07-25T08:39:59.782Z,178496879978200
"""hsj @ PEMYRVPxOS"" calls 150",2026-07-25T08:39:58.925Z,178496879892500
"""fully locked @ gpP9uUffpu"" raises to 150",2026-07-25T08:39:57.987Z,178496879798700
"""hsj @ PEMYRVPxOS"" posts a big blind of 50",2026-07-25T08:39:56.631Z,178496879663105
"""fully locked @ gpP9uUffpu"" posts a small blind of 25",2026-07-25T08:39:56.631Z,178496879663104
"Your hand is J♦, A♠",2026-07-25T08:39:56.631Z,178496879663102
"Player stacks: #1 ""fully locked @ gpP9uUffpu"" (8450) | #2 ""hsj @ PEMYRVPxOS"" (1550)",2026-07-25T08:39:56.631Z,178496879663101
"-- starting hand #47 (id: z109lj951k0v)  No Limit Texas Hold'em (dealer: ""fully locked @ gpP9uUffpu"") --",2026-07-25T08:39:56.631Z,178496879663100
"-- ending hand #46 --",2026-07-25T08:39:53.699Z,178496879369902
"""hsj @ PEMYRVPxOS"" collected 400 from pot",2026-07-25T08:39:53.699Z,178496879369901
"Uncalled bet of 1150 returned to ""hsj @ PEMYRVPxOS""",2026-07-25T08:39:53.699Z,178496879369900
"""fully locked @ gpP9uUffpu"" folds",2026-07-25T08:39:52.885Z,178496879288500
"""hsj @ PEMYRVPxOS"" bets 1150 and go all in",2026-07-25T08:39:51.728Z,178496879172800
"""fully locked @ gpP9uUffpu"" checks",2026-07-25T08:39:49.447Z,178496878944700
"River: J♣, 4♥, 7♥, A♣ [3♥]",2026-07-25T08:39:48.575Z,178496878857500
"""hsj @ PEMYRVPxOS"" calls 50",2026-07-25T08:39:47.713Z,178496878771300
"""fully locked @ gpP9uUffpu"" bets 50",2026-07-25T08:39:46.791Z,178496878679100
"Turn: J♣, 4♥, 7♥ [A♣]",2026-07-25T08:39:45.305Z,178496878530500
"""hsj @ PEMYRVPxOS"" calls 50",2026-07-25T08:39:44.463Z,178496878446300
"""fully locked @ gpP9uUffpu"" bets 50",2026-07-25T08:39:43.514Z,178496878351400
"Flop:  [J♣, 4♥, 7♥]",2026-07-25T08:39:42.369Z,178496878236900
"""fully locked @ gpP9uUffpu"" calls 100",2026-07-25T08:39:41.526Z,178496878152600
"""hsj @ PEMYRVPxOS"" raises to 100",2026-07-25T08:39:40.343Z,178496878034300
"""fully locked @ gpP9uUffpu"" posts a big blind of 50",2026-07-25T08:39:34.365Z,178496877436505
"""hsj @ PEMYRVPxOS"" posts a small blind of 25",2026-07-25T08:39:34.365Z,178496877436504
"Player stacks: #1 ""fully locked @ gpP9uUffpu"" (8650) | #2 ""hsj @ PEMYRVPxOS"" (1350)",2026-07-25T08:39:34.365Z,178496877436501
"-- starting hand #46 (id: 3kpxjwrzrtxq)  No Limit Texas Hold'em (dealer: ""hsj @ PEMYRVPxOS"") --",2026-07-25T08:39:34.365Z,178496877436500
"-- ending hand #45 --",2026-07-25T08:39:28.290Z,178496876829003
"""fully locked @ gpP9uUffpu"" collected 7200 from pot with Two Pair, K's & 8's (combination: 7♣, 8♣, 8♥, K♠, K♣)",2026-07-25T08:39:28.290Z,178496876829002
"""fully locked @ gpP9uUffpu"" shows a K♠, 8♣.",2026-07-25T08:39:28.290Z,178496876829001
"""hsj @ PEMYRVPxOS"" shows a 8♦, 10♥.",2026-07-25T08:39:28.290Z,178496876829000
"""fully locked @ gpP9uUffpu"" calls 2400",2026-07-25T08:39:27.420Z,178496876742000
"""hsj @ PEMYRVPxOS"" bets 2400",2026-07-25T08:39:26.399Z,178496876639900
"River: 2♥, 4♥, 8♥, K♣ [7♣]",2026-07-25T08:39:24.020Z,178496876402000
"""hsj @ PEMYRVPxOS"" calls 850",2026-07-25T08:39:23.206Z,178496876320600
"""fully locked @ gpP9uUffpu"" raises to 850",2026-07-25T08:39:17.267Z,178496875726700
"""hsj @ PEMYRVPxOS"" bets 50",2026-07-25T08:39:15.465Z,178496875546500
"Turn: 2♥, 4♥, 8♥ [K♣]",2026-07-25T08:39:14.402Z,178496875440200
"""hsj @ PEMYRVPxOS"" calls 300",2026-07-25T08:39:13.599Z,178496875359900
"""fully locked @ gpP9uUffpu"" raises to 300",2026-07-25T08:39:11.996Z,178496875199600
"""hsj @ PEMYRVPxOS"" bets 50",2026-07-25T08:39:10.064Z,178496875006400
"Flop:  [2♥, 4♥, 8♥]",2026-07-25T08:39:08.466Z,178496874846600
"""hsj @ PEMYRVPxOS"" checks",2026-07-25T08:39:07.637Z,178496874763700
"""fully locked @ gpP9uUffpu"" calls 50",2026-07-25T08:39:06.678Z,178496874667800
"""hsj @ PEMYRVPxOS"" posts a big blind of 50",2026-07-25T08:39:05.740Z,178496874574005
"""fully locked @ gpP9uUffpu"" posts a small blind of 25",2026-07-25T08:39:05.740Z,178496874574004
"Your hand is K♠, 8♣",2026-07-25T08:39:05.740Z,178496874574002
"Player stacks: #1 ""fully locked @ gpP9uUffpu"" (5050) | #2 ""hsj @ PEMYRVPxOS"" (4950)",2026-07-25T08:39:05.740Z,178496874574001
"-- starting hand #45 (id: oezigvwakxsv)  No Limit Texas Hold'em (dealer: ""fully locked @ gpP9uUffpu"") --",2026-07-25T08:39:05.740Z,178496874574000
"Undealt cards:  [8♥, K♥, K♣, 6♠, 5♠]",2026-07-25T08:39:00.488Z,178496874048800
"-- ending hand #44 --",2026-07-25T08:38:59.784Z,178496873978402
"""fully locked @ gpP9uUffpu"" collected 50 from pot",2026-07-25T08:38:59.784Z,178496873978401
"Uncalled bet of 25 returned to ""fully locked @ gpP9uUffpu""",2026-07-25T08:38:59.784Z,178496873978400
"""hsj @ PEMYRVPxOS"" folds",2026-07-25T08:38:58.902Z,178496873890200
"""fully locked @ gpP9uUffpu"" posts a big blind of 50",2026-07-25T08:38:56.860Z,178496873686005
"""hsj @ PEMYRVPxOS"" posts a small blind of 25",2026-07-25T08:38:56.860Z,178496873686004
"Player stacks: #1 ""fully locked @ gpP9uUffpu"" (5025) | #2 ""hsj @ PEMYRVPxOS"" (4975)",2026-07-25T08:38:56.860Z,178496873686001
"-- starting hand #44 (id: gagkzk5tcbdm)  No Limit Texas Hold'em (dealer: ""hsj @ PEMYRVPxOS"") --",2026-07-25T08:38:56.860Z,178496873686000
"Undealt cards:  [7♣, 8♥, 8♣, J♠, K♦]",2026-07-25T08:38:51.138Z,178496873113800
"-- ending hand #43 --",2026-07-25T08:38:50.892Z,178496873089202
"""hsj @ PEMYRVPxOS"" collected 50 from pot",2026-07-25T08:38:50.892Z,178496873089201
"Uncalled bet of 25 returned to ""hsj @ PEMYRVPxOS""",2026-07-25T08:38:50.892Z,178496873089200
"""fully locked @ gpP9uUffpu"" folds",2026-07-25T08:38:50.063Z,178496873006300
"""hsj @ PEMYRVPxOS"" posts a big blind of 50",2026-07-25T08:38:49.257Z,178496872925705
"""fully locked @ gpP9uUffpu"" posts a small blind of 25",2026-07-25T08:38:49.257Z,178496872925704
"Player stacks: #1 ""fully locked @ gpP9uUffpu"" (5050) | #2 ""hsj @ PEMYRVPxOS"" (4950)",2026-07-25T08:38:49.257Z,178496872925701
"-- starting hand #43 (id: ujuhyu4hhgz5)  No Limit Texas Hold'em (dealer: ""fully locked @ gpP9uUffpu"") --",2026-07-25T08:38:49.257Z,178496872925700
"Undealt cards:  [A♣, K♣, 8♠, J♣, 2♦]",2026-07-25T08:38:44.416Z,178496872441600
"-- ending hand #42 --",2026-07-25T08:38:43.291Z,178496872329102
"""fully locked @ gpP9uUffpu"" collected 50 from pot",2026-07-25T08:38:43.291Z,178496872329101
"Uncalled bet of 25 returned to ""fully locked @ gpP9uUffpu""",2026-07-25T08:38:43.291Z,178496872329100
"""hsj @ PEMYRVPxOS"" folds",2026-07-25T08:38:42.486Z,178496872248600
"""fully locked @ gpP9uUffpu"" posts a big blind of 50",2026-07-25T08:38:39.968Z,178496871996805
"""hsj @ PEMYRVPxOS"" posts a small blind of 25",2026-07-25T08:38:39.968Z,178496871996804
"Player stacks: #1 ""fully locked @ gpP9uUffpu"" (5025) | #2 ""hsj @ PEMYRVPxOS"" (4975)",2026-07-25T08:38:39.968Z,178496871996801
"-- starting hand #42 (id: ksps4qzp1rpa)  No Limit Texas Hold'em (dealer: ""hsj @ PEMYRVPxOS"") --",2026-07-25T08:38:39.968Z,178496871996800
"Undealt cards: 8♥, 4♦, 8♦ [3♣, Q♦]",2026-07-25T08:38:34.266Z,178496871426600
"-- ending hand #41 --",2026-07-25T08:38:34.034Z,178496871403402
"""hsj @ PEMYRVPxOS"" collected 100 from pot",2026-07-25T08:38:34.034Z,178496871403401
"Uncalled bet of 50 returned to ""hsj @ PEMYRVPxOS""",2026-07-25T08:38:34.034Z,178496871403400
"""fully locked @ gpP9uUffpu"" folds",2026-07-25T08:38:33.171Z,178496871317100
"""hsj @ PEMYRVPxOS"" bets 50",2026-07-25T08:38:32.138Z,178496871213800
"Flop:  [8♥, 4♦, 8♦]",2026-07-25T08:38:30.567Z,178496871056700
"""hsj @ PEMYRVPxOS"" checks",2026-07-25T08:38:29.720Z,178496870972000
"""fully locked @ gpP9uUffpu"" calls 50",2026-07-25T08:38:28.795Z,178496870879500
"""hsj @ PEMYRVPxOS"" posts a big blind of 50",2026-07-25T08:38:28.026Z,178496870802605
"""fully locked @ gpP9uUffpu"" posts a small blind of 25",2026-07-25T08:38:28.026Z,178496870802604
"Player stacks: #1 ""fully locked @ gpP9uUffpu"" (5075) | #2 ""hsj @ PEMYRVPxOS"" (4925)",2026-07-25T08:38:28.026Z,178496870802601
"-- starting hand #41 (id: mwggv4sgpesa)  No Limit Texas Hold'em (dealer: ""fully locked @ gpP9uUffpu"") --",2026-07-25T08:38:28.026Z,178496870802600
"Undealt cards: 2♠, 5♣, 2♣ [8♣, 4♠]",2026-07-25T08:38:22.247Z,178496870224700
"-- ending hand #40 --",2026-07-25T08:38:22.082Z,178496870208202
"""fully locked @ gpP9uUffpu"" collected 200 from pot",2026-07-25T08:38:22.082Z,178496870208201
"Uncalled bet of 100 returned to ""fully locked @ gpP9uUffpu""",2026-07-25T08:38:22.082Z,178496870208200
"""hsj @ PEMYRVPxOS"" folds",2026-07-25T08:38:21.252Z,178496870125200
"""fully locked @ gpP9uUffpu"" bets 100",2026-07-25T08:38:20.336Z,178496870033600
"Flop:  [2♠, 5♣, 2♣]",2026-07-25T08:38:17.963Z,178496869796300
"""fully locked @ gpP9uUffpu"" calls 100",2026-07-25T08:38:17.142Z,178496869714200
"""hsj @ PEMYRVPxOS"" raises to 100",2026-07-25T08:38:16.087Z,178496869608700
"""fully locked @ gpP9uUffpu"" posts a big blind of 50",2026-07-25T08:38:11.612Z,178496869161205
"""hsj @ PEMYRVPxOS"" posts a small blind of 25",2026-07-25T08:38:11.612Z,178496869161204
"Player stacks: #1 ""fully locked @ gpP9uUffpu"" (4975) | #2 ""hsj @ PEMYRVPxOS"" (5025)",2026-07-25T08:38:11.612Z,178496869161201
"-- starting hand #40 (id: ea0blqcbgh2t)  No Limit Texas Hold'em (dealer: ""hsj @ PEMYRVPxOS"") --",2026-07-25T08:38:11.612Z,178496869161200
"Undealt cards:  [A♥, K♣, 2♠, 6♠, 7♠]",2026-07-25T08:38:05.988Z,178496868598800
"-- ending hand #39 --",2026-07-25T08:38:05.672Z,178496868567202
"""fully locked @ gpP9uUffpu"" collected 100 from pot",2026-07-25T08:38:05.672Z,178496868567201
"Uncalled bet of 100 returned to ""fully locked @ gpP9uUffpu""",2026-07-25T08:38:05.672Z,178496868567200
"""hsj @ PEMYRVPxOS"" folds",2026-07-25T08:38:04.826Z,178496868482600
"""fully locked @ gpP9uUffpu"" raises to 150",2026-07-25T08:38:03.421Z,178496868342100
"""hsj @ PEMYRVPxOS"" posts a big blind of 50",2026-07-25T08:38:01.598Z,178496868159805
"""fully locked @ gpP9uUffpu"" posts a small blind of 25",2026-07-25T08:38:01.598Z,178496868159804
"Player stacks: #1 ""fully locked @ gpP9uUffpu"" (4925) | #2 ""hsj @ PEMYRVPxOS"" (5075)",2026-07-25T08:38:01.598Z,178496868159801
"-- starting hand #39 (id: qcuglsmxixug)  No Limit Texas Hold'em (dealer: ""fully locked @ gpP9uUffpu"") --",2026-07-25T08:38:01.598Z,178496868159800
"Undealt cards: Q♦, K♠, Q♠ [4♣, 10♥]",2026-07-25T08:37:55.916Z,178496867591600
"-- ending hand #38 --",2026-07-25T08:37:55.663Z,178496867566302
"""hsj @ PEMYRVPxOS"" collected 300 from pot",2026-07-25T08:37:55.663Z,178496867566301
"Uncalled bet of 300 returned to ""hsj @ PEMYRVPxOS""",2026-07-25T08:37:55.663Z,178496867566300
"""fully locked @ gpP9uUffpu"" folds",2026-07-25T08:37:54.803Z,178496867480300
"""hsj @ PEMYRVPxOS"" raises to 350",2026-07-25T08:37:53.863Z,178496867386300
"""fully locked @ gpP9uUffpu"" bets 50",2026-07-25T08:37:51.980Z,178496867198000
"Flop:  [Q♦, K♠, Q♠]",2026-07-25T08:37:49.310Z,178496866931000
"""fully locked @ gpP9uUffpu"" calls 100",2026-07-25T08:37:48.485Z,178496866848500
"""hsj @ PEMYRVPxOS"" raises to 100",2026-07-25T08:37:47.519Z,178496866751900
"""fully locked @ gpP9uUffpu"" posts a big blind of 50",2026-07-25T08:37:46.248Z,178496866624805
"""hsj @ PEMYRVPxOS"" posts a small blind of 25",2026-07-25T08:37:46.248Z,178496866624804
"Player stacks: #1 ""fully locked @ gpP9uUffpu"" (5075) | #2 ""hsj @ PEMYRVPxOS"" (4925)",2026-07-25T08:37:46.248Z,178496866624801
"-- starting hand #38 (id: dgoukf7yevpl)  No Limit Texas Hold'em (dealer: ""hsj @ PEMYRVPxOS"") --",2026-07-25T08:37:46.248Z,178496866624800
"Undealt cards: 6♣, 3♦, 8♣ [7♣, 3♠]",2026-07-25T08:37:40.586Z,178496866058600
"-- ending hand #37 --",2026-07-25T08:37:40.307Z,178496866030702
"""fully locked @ gpP9uUffpu"" collected 300 from pot",2026-07-25T08:37:40.307Z,178496866030701
"Uncalled bet of 250 returned to ""fully locked @ gpP9uUffpu""",2026-07-25T08:37:40.307Z,178496866030700
"""hsj @ PEMYRVPxOS"" folds",2026-07-25T08:37:39.472Z,178496865947200
"""fully locked @ gpP9uUffpu"" raises to 300",2026-07-25T08:37:33.980Z,178496865398000
"""hsj @ PEMYRVPxOS"" bets 50",2026-07-25T08:37:32.033Z,178496865203300
"Flop:  [6♣, 3♦, 8♣]",2026-07-25T08:37:30.642Z,178496865064200
"""hsj @ PEMYRVPxOS"" calls 100",2026-07-25T08:37:29.787Z,178496864978700
"""fully locked @ gpP9uUffpu"" raises to 100",2026-07-25T08:37:28.845Z,178496864884500
"""hsj @ PEMYRVPxOS"" posts a big blind of 50",2026-07-25T08:37:27.840Z,178496864784005
"""fully locked @ gpP9uUffpu"" posts a small blind of 25",2026-07-25T08:37:27.840Z,178496864784004
"Player stacks: #1 ""fully locked @ gpP9uUffpu"" (4925) | #2 ""hsj @ PEMYRVPxOS"" (5075)",2026-07-25T08:37:27.840Z,178496864784001
"-- starting hand #37 (id: hnysr1cvlaxk)  No Limit Texas Hold'em (dealer: ""fully locked @ gpP9uUffpu"") --",2026-07-25T08:37:27.840Z,178496864784000
"""fully locked @ gpP9uUffpu"" shows a 6♦.",2026-07-25T08:37:23.557Z,178496864355700
"Undealt cards:  [6♠, 7♣, A♥, 6♥, 5♠]",2026-07-25T08:37:21.426Z,178496864142600
"-- ending hand #36 --",2026-07-25T08:37:21.172Z,178496864117202
"""hsj @ PEMYRVPxOS"" collected 100 from pot",2026-07-25T08:37:21.172Z,178496864117201
"Uncalled bet of 50 returned to ""hsj @ PEMYRVPxOS""",2026-07-25T08:37:21.172Z,178496864117200
"""fully locked @ gpP9uUffpu"" folds",2026-07-25T08:37:20.324Z,178496864032400
"""hsj @ PEMYRVPxOS"" raises to 100",2026-07-25T08:37:19.298Z,178496863929800
"""fully locked @ gpP9uUffpu"" posts a big blind of 50",2026-07-25T08:37:16.569Z,178496863656905
"""hsj @ PEMYRVPxOS"" posts a small blind of 25",2026-07-25T08:37:16.569Z,178496863656904
"Player stacks: #1 ""fully locked @ gpP9uUffpu"" (4975) | #2 ""hsj @ PEMYRVPxOS"" (5025)",2026-07-25T08:37:16.569Z,178496863656901
"-- starting hand #36 (id: 8zyyigylbw3g)  No Limit Texas Hold'em (dealer: ""hsj @ PEMYRVPxOS"") --",2026-07-25T08:37:16.569Z,178496863656900
"-- ending hand #35 --",2026-07-25T08:37:10.520Z,178496863052003
"""fully locked @ gpP9uUffpu"" collected 400 from pot with Two Pair, 6's & 5's (combination: K♣, 5♠, 5♦, 6♠, 6♦)",2026-07-25T08:37:10.520Z,178496863052002
"""fully locked @ gpP9uUffpu"" shows a 5♠, K♣.",2026-07-25T08:37:10.520Z,178496863052001
"""hsj @ PEMYRVPxOS"" shows a 8♠, 2♠.",2026-07-25T08:37:10.520Z,178496863052000
"""fully locked @ gpP9uUffpu"" calls 50",2026-07-25T08:37:09.708Z,178496862970800
"""hsj @ PEMYRVPxOS"" bets 50",2026-07-25T08:37:08.768Z,178496862876800
"River: 7♠, 5♦, 2♥, 6♠ [6♦]",2026-07-25T08:37:07.421Z,178496862742100
"""fully locked @ gpP9uUffpu"" calls 50",2026-07-25T08:37:06.563Z,178496862656300
"""hsj @ PEMYRVPxOS"" bets 50",2026-07-25T08:37:05.634Z,178496862563400
"Turn: 7♠, 5♦, 2♥ [6♠]",2026-07-25T08:37:04.116Z,178496862411600
"""fully locked @ gpP9uUffpu"" calls 50",2026-07-25T08:37:03.302Z,178496862330200
"""hsj @ PEMYRVPxOS"" bets 50",2026-07-25T08:37:02.371Z,178496862237100
"Flop:  [7♠, 5♦, 2♥]",2026-07-25T08:37:00.987Z,178496862098700
"""hsj @ PEMYRVPxOS"" checks",2026-07-25T08:37:00.169Z,178496862016900
"""fully locked @ gpP9uUffpu"" calls 50",2026-07-25T08:36:59.215Z,178496861921500
"""hsj @ PEMYRVPxOS"" posts a big blind of 50",2026-07-25T08:36:58.449Z,178496861844905
"""fully locked @ gpP9uUffpu"" posts a small blind of 25",2026-07-25T08:36:58.449Z,178496861844904
"Your hand is 5♠, K♣",2026-07-25T08:36:58.449Z,178496861844902
"Player stacks: #1 ""fully locked @ gpP9uUffpu"" (4775) | #2 ""hsj @ PEMYRVPxOS"" (5225)",2026-07-25T08:36:58.449Z,178496861844901
"-- starting hand #35 (id: aheulebfcvca)  No Limit Texas Hold'em (dealer: ""fully locked @ gpP9uUffpu"") --",2026-07-25T08:36:58.449Z,178496861844900
"Undealt cards:  [5♥, K♦, 2♥, 10♣, K♥]",2026-07-25T08:36:52.855Z,178496861285500
"-- ending hand #34 --",2026-07-25T08:36:52.497Z,178496861249702
"""fully locked @ gpP9uUffpu"" collected 50 from pot",2026-07-25T08:36:52.497Z,178496861249701
"Uncalled bet of 25 returned to ""fully locked @ gpP9uUffpu""",2026-07-25T08:36:52.497Z,178496861249700
"""hsj @ PEMYRVPxOS"" folds",2026-07-25T08:36:51.640Z,178496861164000
"""fully locked @ gpP9uUffpu"" posts a big blind of 50",2026-07-25T08:36:49.974Z,178496860997405
"""hsj @ PEMYRVPxOS"" posts a small blind of 25",2026-07-25T08:36:49.974Z,178496860997404
"Player stacks: #1 ""fully locked @ gpP9uUffpu"" (4750) | #2 ""hsj @ PEMYRVPxOS"" (5250)",2026-07-25T08:36:49.974Z,178496860997401
"-- starting hand #34 (id: ckhsnkcezggv)  No Limit Texas Hold'em (dealer: ""hsj @ PEMYRVPxOS"") --",2026-07-25T08:36:49.974Z,178496860997400
"-- ending hand #33 --",2026-07-25T08:36:43.893Z,178496860389303
"""fully locked @ gpP9uUffpu"" collected 200 from pot with Three of a Kind, 3's (combination: Q♣, K♦, 3♣, 3♥, 3♠)",2026-07-25T08:36:43.893Z,178496860389302
"""fully locked @ gpP9uUffpu"" shows a Q♣, 4♣.",2026-07-25T08:36:43.893Z,178496860389301
"""hsj @ PEMYRVPxOS"" shows a 6♠, 7♣.",2026-07-25T08:36:43.893Z,178496860389300
"""fully locked @ gpP9uUffpu"" calls 50",2026-07-25T08:36:43.089Z,178496860308900
"""hsj @ PEMYRVPxOS"" bets 50",2026-07-25T08:36:42.198Z,178496860219800
"River: K♦, 3♣, 2♥, 3♥ [3♠]",2026-07-25T08:36:40.402Z,178496860040200
"""fully locked @ gpP9uUffpu"" checks",2026-07-25T08:36:39.574Z,178496859957400
"""hsj @ PEMYRVPxOS"" checks",2026-07-25T08:36:38.602Z,178496859860200
"Turn: K♦, 3♣, 2♥ [3♥]",2026-07-25T08:36:36.492Z,178496859649200
"""fully locked @ gpP9uUffpu"" checks",2026-07-25T08:36:35.655Z,178496859565500
"""hsj @ PEMYRVPxOS"" checks",2026-07-25T08:36:34.731Z,178496859473100
"Flop:  [K♦, 3♣, 2♥]",2026-07-25T08:36:33.397Z,178496859339700
"""hsj @ PEMYRVPxOS"" checks",2026-07-25T08:36:32.582Z,178496859258200
"""fully locked @ gpP9uUffpu"" calls 50",2026-07-25T08:36:31.637Z,178496859163700
"""hsj @ PEMYRVPxOS"" posts a big blind of 50",2026-07-25T08:36:30.795Z,178496859079505
"""fully locked @ gpP9uUffpu"" posts a small blind of 25",2026-07-25T08:36:30.795Z,178496859079504
"Your hand is Q♣, 4♣",2026-07-25T08:36:30.795Z,178496859079502
"Player stacks: #1 ""fully locked @ gpP9uUffpu"" (4650) | #2 ""hsj @ PEMYRVPxOS"" (5350)",2026-07-25T08:36:30.795Z,178496859079501
"-- starting hand #33 (id: bhj37zwvbfgd)  No Limit Texas Hold'em (dealer: ""fully locked @ gpP9uUffpu"") --",2026-07-25T08:36:30.795Z,178496859079500
"Undealt cards:  [2♥, 4♦, K♣, K♥, 7♥]",2026-07-25T08:36:25.495Z,178496858549500
"-- ending hand #32 --",2026-07-25T08:36:24.888Z,178496858488802
"""fully locked @ gpP9uUffpu"" collected 50 from pot",2026-07-25T08:36:24.888Z,178496858488801
"Uncalled bet of 25 returned to ""fully locked @ gpP9uUffpu""",2026-07-25T08:36:24.888Z,178496858488800
"""hsj @ PEMYRVPxOS"" folds",2026-07-25T08:36:24.075Z,178496858407500
"""fully locked @ gpP9uUffpu"" posts a big blind of 50",2026-07-25T08:36:22.789Z,178496858278905
"""hsj @ PEMYRVPxOS"" posts a small blind of 25",2026-07-25T08:36:22.789Z,178496858278904
"Player stacks: #1 ""fully locked @ gpP9uUffpu"" (4625) | #2 ""hsj @ PEMYRVPxOS"" (5375)",2026-07-25T08:36:22.789Z,178496858278901
"-- starting hand #32 (id: jpr5szd3h0ni)  No Limit Texas Hold'em (dealer: ""hsj @ PEMYRVPxOS"") --",2026-07-25T08:36:22.789Z,178496858278900
"Undealt cards: J♠, A♣, J♥ [K♣, 3♦]",2026-07-25T08:36:17.101Z,178496857710100
"-- ending hand #31 --",2026-07-25T08:36:16.887Z,178496857688702
"""fully locked @ gpP9uUffpu"" collected 100 from pot",2026-07-25T08:36:16.887Z,178496857688701
"Uncalled bet of 50 returned to ""fully locked @ gpP9uUffpu""",2026-07-25T08:36:16.887Z,178496857688700
"""hsj @ PEMYRVPxOS"" folds",2026-07-25T08:36:16.050Z,178496857605000
"""fully locked @ gpP9uUffpu"" bets 50",2026-07-25T08:36:15.101Z,178496857510100
"""hsj @ PEMYRVPxOS"" checks",2026-07-25T08:36:14.025Z,178496857402500
"Flop:  [J♠, A♣, J♥]",2026-07-25T08:36:12.687Z,178496857268700
"""hsj @ PEMYRVPxOS"" checks",2026-07-25T08:36:11.841Z,178496857184100
"""fully locked @ gpP9uUffpu"" calls 50",2026-07-25T08:36:10.896Z,178496857089600
"""hsj @ PEMYRVPxOS"" posts a big blind of 50",2026-07-25T08:36:09.885Z,178496856988505
"""fully locked @ gpP9uUffpu"" posts a small blind of 25",2026-07-25T08:36:09.885Z,178496856988504
"Player stacks: #1 ""fully locked @ gpP9uUffpu"" (4575) | #2 ""hsj @ PEMYRVPxOS"" (5425)",2026-07-25T08:36:09.885Z,178496856988501
"-- starting hand #31 (id: all4xc2aqwfw)  No Limit Texas Hold'em (dealer: ""fully locked @ gpP9uUffpu"") --",2026-07-25T08:36:09.885Z,178496856988500
"Undealt cards:  [K♦, Q♥, 3♠, 2♣, 6♦]",2026-07-25T08:36:04.256Z,178496856425600
"-- ending hand #30 --",2026-07-25T08:36:03.884Z,178496856388402
"""fully locked @ gpP9uUffpu"" collected 50 from pot",2026-07-25T08:36:03.884Z,178496856388401
"Uncalled bet of 25 returned to ""fully locked @ gpP9uUffpu""",2026-07-25T08:36:03.884Z,178496856388400
"""hsj @ PEMYRVPxOS"" folds",2026-07-25T08:36:03.030Z,178496856303000
"""fully locked @ gpP9uUffpu"" posts a big blind of 50",2026-07-25T08:36:00.663Z,178496856066305
"""hsj @ PEMYRVPxOS"" posts a small blind of 25",2026-07-25T08:36:00.663Z,178496856066304
"Player stacks: #1 ""fully locked @ gpP9uUffpu"" (4550) | #2 ""hsj @ PEMYRVPxOS"" (5450)",2026-07-25T08:36:00.663Z,178496856066301
"-- starting hand #30 (id: b2e7hajmpwms)  No Limit Texas Hold'em (dealer: ""hsj @ PEMYRVPxOS"") --",2026-07-25T08:36:00.663Z,178496856066300
"-- ending hand #29 --",2026-07-25T08:35:54.656Z,178496855465603
"""hsj @ PEMYRVPxOS"" shows a 9♦, K♣.",2026-07-25T08:35:54.656Z,178496855465602
"""fully locked @ gpP9uUffpu"" collected 4550 from pot with Flush, A High (combination: 2♠, 4♠, 7♠, 9♠, A♠)",2026-07-25T08:35:54.656Z,178496855465601
"""fully locked @ gpP9uUffpu"" shows a 2♠, 7♠.",2026-07-25T08:35:54.656Z,178496855465600
"""hsj @ PEMYRVPxOS"" calls 1825",2026-07-25T08:35:53.854Z,178496855385400
"""fully locked @ gpP9uUffpu"" raises to 1825 and go all in",2026-07-25T08:35:38.084Z,178496853808400
"""hsj @ PEMYRVPxOS"" bets 675",2026-07-25T08:35:36.618Z,178496853661800
"River: 4♠, 9♠, 8♥, 4♦ [A♠]",2026-07-25T08:35:34.045Z,178496853404500
"""fully locked @ gpP9uUffpu"" calls 50",2026-07-25T08:35:33.241Z,178496853324100
"""hsj @ PEMYRVPxOS"" bets 50",2026-07-25T08:35:32.229Z,178496853222900
"Turn: 4♠, 9♠, 8♥ [4♦]",2026-07-25T08:35:31.211Z,178496853121100
"""hsj @ PEMYRVPxOS"" calls 300",2026-07-25T08:35:30.275Z,178496853027500
"""fully locked @ gpP9uUffpu"" raises to 300",2026-07-25T08:35:29.079Z,178496852907900
"""hsj @ PEMYRVPxOS"" bets 50",2026-07-25T08:35:26.986Z,178496852698600
"Flop:  [4♠, 9♠, 8♥]",2026-07-25T08:35:25.008Z,178496852500800
"""hsj @ PEMYRVPxOS"" calls 100",2026-07-25T08:35:24.098Z,178496852409800
"""fully locked @ gpP9uUffpu"" raises to 100",2026-07-25T08:35:23.058Z,178496852305800
"""hsj @ PEMYRVPxOS"" posts a big blind of 50",2026-07-25T08:35:21.607Z,178496852160705
"""fully locked @ gpP9uUffpu"" posts a small blind of 25",2026-07-25T08:35:21.607Z,178496852160704
"Your hand is 2♠, 7♠",2026-07-25T08:35:21.607Z,178496852160702
"Player stacks: #1 ""fully locked @ gpP9uUffpu"" (2275) | #2 ""hsj @ PEMYRVPxOS"" (7725)",2026-07-25T08:35:21.607Z,178496852160701
"-- starting hand #29 (id: x3xilxpdw8ou)  No Limit Texas Hold'em (dealer: ""fully locked @ gpP9uUffpu"") --",2026-07-25T08:35:21.607Z,178496852160700
"-- ending hand #28 --",2026-07-25T08:35:15.599Z,178496851559903
"""hsj @ PEMYRVPxOS"" collected 1300 from pot with Pair, J's (combination: 9♣, K♠, A♣, J♠, J♦)",2026-07-25T08:35:15.599Z,178496851559902
"""hsj @ PEMYRVPxOS"" shows a J♠, 7♠.",2026-07-25T08:35:15.599Z,178496851559901
"""fully locked @ gpP9uUffpu"" shows a 10♠, 10♣.",2026-07-25T08:35:15.599Z,178496851559900
"""hsj @ PEMYRVPxOS"" checks",2026-07-25T08:35:14.659Z,178496851465900
"""fully locked @ gpP9uUffpu"" checks",2026-07-25T08:35:12.051Z,178496851205100
"River: J♦, 8♥, 9♣, A♣ [K♠]",2026-07-25T08:35:03.597Z,178496850359700
"""hsj @ PEMYRVPxOS"" calls 200",2026-07-25T08:35:02.729Z,178496850272900
"""fully locked @ gpP9uUffpu"" bets 200",2026-07-25T08:35:01.666Z,178496850166600
"Turn: J♦, 8♥, 9♣ [A♣]",2026-07-25T08:34:57.165Z,178496849716500
"""hsj @ PEMYRVPxOS"" calls 200",2026-07-25T08:34:56.263Z,178496849626300
"""fully locked @ gpP9uUffpu"" bets 200",2026-07-25T08:34:55.297Z,178496849529700
"Flop:  [J♦, 8♥, 9♣]",2026-07-25T08:34:53.165Z,178496849316500
"""hsj @ PEMYRVPxOS"" calls 250",2026-07-25T08:34:52.254Z,178496849225400
"""fully locked @ gpP9uUffpu"" raises to 250",2026-07-25T08:34:51.360Z,178496849136000
"""hsj @ PEMYRVPxOS"" raises to 100",2026-07-25T08:34:49.602Z,178496848960200
"""fully locked @ gpP9uUffpu"" posts a big blind of 50",2026-07-25T08:34:47.957Z,178496848795705
"""hsj @ PEMYRVPxOS"" posts a small blind of 25",2026-07-25T08:34:47.957Z,178496848795704
"Your hand is 10♠, 10♣",2026-07-25T08:34:47.957Z,178496848795702
"Player stacks: #1 ""fully locked @ gpP9uUffpu"" (2925) | #2 ""hsj @ PEMYRVPxOS"" (7075)",2026-07-25T08:34:47.957Z,178496848795701
"-- starting hand #28 (id: 1bhebe2ibaz8)  No Limit Texas Hold'em (dealer: ""hsj @ PEMYRVPxOS"") --",2026-07-25T08:34:47.957Z,178496848795700
"""fully locked @ gpP9uUffpu"" shows a 8♣, 8♦.",2026-07-25T08:34:42.637Z,178496848263700
"-- ending hand #27 --",2026-07-25T08:34:41.358Z,178496848135802
"""hsj @ PEMYRVPxOS"" collected 700 from pot with Straight, 5 High (combination: A♦, 2♣, 3♥, 4♦, 5♠)",2026-07-25T08:34:41.358Z,178496848135801
"""hsj @ PEMYRVPxOS"" shows a 5♠, K♠.",2026-07-25T08:34:41.358Z,178496848135800
"""fully locked @ gpP9uUffpu"" checks",2026-07-25T08:34:40.497Z,178496848049700
"""hsj @ PEMYRVPxOS"" checks",2026-07-25T08:34:39.597Z,178496847959700
"River: 3♥, 2♣, A♦, 7♥ [4♦]",2026-07-25T08:34:36.355Z,178496847635500
"""fully locked @ gpP9uUffpu"" calls 50",2026-07-25T08:34:35.444Z,178496847544400
"""hsj @ PEMYRVPxOS"" bets 50",2026-07-25T08:34:34.420Z,178496847442000
"Turn: 3♥, 2♣, A♦ [7♥]",2026-07-25T08:34:33.357Z,178496847335700
"""hsj @ PEMYRVPxOS"" calls 150",2026-07-25T08:34:32.486Z,178496847248600
"""fully locked @ gpP9uUffpu"" raises to 150",2026-07-25T08:34:31.580Z,178496847158000
"""hsj @ PEMYRVPxOS"" bets 50",2026-07-25T08:34:29.617Z,178496846961700
"Flop:  [3♥, 2♣, A♦]",2026-07-25T08:34:27.951Z,178496846795100
"""hsj @ PEMYRVPxOS"" calls 150",2026-07-25T08:34:27.107Z,178496846710700
"""fully locked @ gpP9uUffpu"" raises to 150",2026-07-25T08:34:26.178Z,178496846617800
"""hsj @ PEMYRVPxOS"" posts a big blind of 50",2026-07-25T08:34:24.706Z,178496846470605
"""fully locked @ gpP9uUffpu"" posts a small blind of 25",2026-07-25T08:34:24.706Z,178496846470604
"Your hand is 8♣, 8♦",2026-07-25T08:34:24.706Z,178496846470602
"Player stacks: #1 ""fully locked @ gpP9uUffpu"" (3275) | #2 ""hsj @ PEMYRVPxOS"" (6725)",2026-07-25T08:34:24.706Z,178496846470601
"-- starting hand #27 (id: vskyq0ndbvav)  No Limit Texas Hold'em (dealer: ""fully locked @ gpP9uUffpu"") --",2026-07-25T08:34:24.706Z,178496846470600
"Undealt cards:  [3♦, 7♦, 10♣, Q♦, 6♠]",2026-07-25T08:34:19.294Z,178496845929400
"-- ending hand #26 --",2026-07-25T08:34:18.724Z,178496845872402
"""fully locked @ gpP9uUffpu"" collected 50 from pot",2026-07-25T08:34:18.724Z,178496845872401
"Uncalled bet of 25 returned to ""fully locked @ gpP9uUffpu""",2026-07-25T08:34:18.724Z,178496845872400
"""hsj @ PEMYRVPxOS"" folds",2026-07-25T08:34:17.866Z,178496845786600
"""fully locked @ gpP9uUffpu"" posts a big blind of 50",2026-07-25T08:34:15.339Z,178496845533905
"""hsj @ PEMYRVPxOS"" posts a small blind of 25",2026-07-25T08:34:15.339Z,178496845533904
"Player stacks: #1 ""fully locked @ gpP9uUffpu"" (3250) | #2 ""hsj @ PEMYRVPxOS"" (6750)",2026-07-25T08:34:15.339Z,178496845533901
"-- starting hand #26 (id: qckubqcifqc0)  No Limit Texas Hold'em (dealer: ""hsj @ PEMYRVPxOS"") --",2026-07-25T08:34:15.339Z,178496845533900
"-- ending hand #25 --",2026-07-25T08:34:09.297Z,178496844929702
"""fully locked @ gpP9uUffpu"" collected 1200 from pot with Straight, 10 High (combination: 6♣, 7♦, 8♣, 9♥, 10♥)",2026-07-25T08:34:09.297Z,178496844929701
"""fully locked @ gpP9uUffpu"" shows a 7♦, 6♣.",2026-07-25T08:34:09.297Z,178496844929700
"""hsj @ PEMYRVPxOS"" calls 450",2026-07-25T08:34:08.463Z,178496844846300
"""fully locked @ gpP9uUffpu"" raises to 450",2026-07-25T08:34:07.557Z,178496844755700
"""hsj @ PEMYRVPxOS"" bets 50",2026-07-25T08:34:05.372Z,178496844537200
"River: 9♥, 3♦, 8♣, A♦ [10♥]",2026-07-25T08:34:03.894Z,178496844389400
"""fully locked @ gpP9uUffpu"" calls 50",2026-07-25T08:34:03.026Z,178496844302600
"""hsj @ PEMYRVPxOS"" bets 50",2026-07-25T08:34:02.123Z,178496844212300
"Turn: 9♥, 3♦, 8♣ [A♦]",2026-07-25T08:34:00.873Z,178496844087300
"""hsj @ PEMYRVPxOS"" calls 50",2026-07-25T08:33:59.959Z,178496843995900
"""fully locked @ gpP9uUffpu"" bets 50",2026-07-25T08:33:59.017Z,178496843901700
"""hsj @ PEMYRVPxOS"" checks",2026-07-25T08:33:57.653Z,178496843765300
"Flop:  [9♥, 3♦, 8♣]",2026-07-25T08:33:55.664Z,178496843566400
"""hsj @ PEMYRVPxOS"" checks",2026-07-25T08:33:54.749Z,178496843474900
"""fully locked @ gpP9uUffpu"" calls 50",2026-07-25T08:33:53.632Z,178496843363200
"""hsj @ PEMYRVPxOS"" posts a big blind of 50",2026-07-25T08:33:52.859Z,178496843285905
"""fully locked @ gpP9uUffpu"" posts a small blind of 25",2026-07-25T08:33:52.859Z,178496843285904
"Your hand is 7♦, 6♣",2026-07-25T08:33:52.859Z,178496843285902
"Player stacks: #1 ""fully locked @ gpP9uUffpu"" (2650) | #2 ""hsj @ PEMYRVPxOS"" (7350)",2026-07-25T08:33:52.859Z,178496843285901
"-- starting hand #25 (id: andmb0d2n5la)  No Limit Texas Hold'em (dealer: ""fully locked @ gpP9uUffpu"") --",2026-07-25T08:33:52.859Z,178496843285900
"Undealt cards: 4♣, 5♣, 2♦ [10♦, 2♥]",2026-07-25T08:33:47.126Z,178496842712600
"-- ending hand #24 --",2026-07-25T08:33:46.858Z,178496842685802
"""fully locked @ gpP9uUffpu"" collected 500 from pot",2026-07-25T08:33:46.858Z,178496842685801
"Uncalled bet of 250 returned to ""fully locked @ gpP9uUffpu""",2026-07-25T08:33:46.858Z,178496842685800
"""hsj @ PEMYRVPxOS"" folds",2026-07-25T08:33:45.949Z,178496842594900
"""fully locked @ gpP9uUffpu"" bets 250",2026-07-25T08:33:44.996Z,178496842499600
"Flop:  [4♣, 5♣, 2♦]",2026-07-25T08:33:42.656Z,178496842265600
"""hsj @ PEMYRVPxOS"" calls 250",2026-07-25T08:33:41.745Z,178496842174500
"""fully locked @ gpP9uUffpu"" raises to 250",2026-07-25T08:33:40.737Z,178496842073700
"""hsj @ PEMYRVPxOS"" raises to 100",2026-07-25T08:33:38.593Z,178496841859300
"""fully locked @ gpP9uUffpu"" posts a big blind of 50",2026-07-25T08:33:37.254Z,178496841725405
"""hsj @ PEMYRVPxOS"" posts a small blind of 25",2026-07-25T08:33:37.254Z,178496841725404
"Player stacks: #1 ""fully locked @ gpP9uUffpu"" (2400) | #2 ""hsj @ PEMYRVPxOS"" (7600)",2026-07-25T08:33:37.254Z,178496841725401
"-- starting hand #24 (id: tykifdrazeeb)  No Limit Texas Hold'em (dealer: ""hsj @ PEMYRVPxOS"") --",2026-07-25T08:33:37.254Z,178496841725400
"-- ending hand #23 --",2026-07-25T08:33:31.251Z,178496841125102
"""hsj @ PEMYRVPxOS"" collected 200 from pot with K High (combination: 4♦, 5♣, 8♥, J♣, K♥)",2026-07-25T08:33:31.251Z,178496841125101
"""hsj @ PEMYRVPxOS"" shows a 8♥, K♥.",2026-07-25T08:33:31.251Z,178496841125100
"""fully locked @ gpP9uUffpu"" calls 50",2026-07-25T08:33:30.429Z,178496841042900
"""hsj @ PEMYRVPxOS"" bets 50",2026-07-25T08:33:29.005Z,178496840900500
"River: J♣, 3♣, 4♦, 5♣ [2♠]",2026-07-25T08:33:28.050Z,178496840805000
"""fully locked @ gpP9uUffpu"" checks",2026-07-25T08:33:27.135Z,178496840713500
"""hsj @ PEMYRVPxOS"" checks",2026-07-25T08:33:26.244Z,178496840624400
"Turn: J♣, 3♣, 4♦ [5♣]",2026-07-25T08:33:25.449Z,178496840544900
"""fully locked @ gpP9uUffpu"" checks",2026-07-25T08:33:24.532Z,178496840453200
"""hsj @ PEMYRVPxOS"" checks",2026-07-25T08:33:23.498Z,178496840349800
"Flop:  [J♣, 3♣, 4♦]",2026-07-25T08:33:21.651Z,178496840165100
"""hsj @ PEMYRVPxOS"" checks",2026-07-25T08:33:20.736Z,178496840073600
"""fully locked @ gpP9uUffpu"" calls 50",2026-07-25T08:33:19.781Z,178496839978100
"""hsj @ PEMYRVPxOS"" posts a big blind of 50",2026-07-25T08:33:18.799Z,178496839879905
"""fully locked @ gpP9uUffpu"" posts a small blind of 25",2026-07-25T08:33:18.799Z,178496839879904
"Player stacks: #1 ""fully locked @ gpP9uUffpu"" (2500) | #2 ""hsj @ PEMYRVPxOS"" (7500)",2026-07-25T08:33:18.799Z,178496839879901
"-- starting hand #23 (id: 4shus2d1qutc)  No Limit Texas Hold'em (dealer: ""fully locked @ gpP9uUffpu"") --",2026-07-25T08:33:18.799Z,178496839879900
"Undealt cards:  [3♣, K♥, 8♥, 5♣, A♣]",2026-07-25T08:33:13.080Z,178496839308000
"-- ending hand #22 --",2026-07-25T08:33:12.795Z,178496839279502
"""fully locked @ gpP9uUffpu"" collected 50 from pot",2026-07-25T08:33:12.795Z,178496839279501
"Uncalled bet of 25 returned to ""fully locked @ gpP9uUffpu""",2026-07-25T08:33:12.795Z,178496839279500
"""hsj @ PEMYRVPxOS"" folds",2026-07-25T08:33:11.885Z,178496839188500
"""fully locked @ gpP9uUffpu"" posts a big blind of 50",2026-07-25T08:33:08.486Z,178496838848605
"""hsj @ PEMYRVPxOS"" posts a small blind of 25",2026-07-25T08:33:08.486Z,178496838848604
"Player stacks: #1 ""fully locked @ gpP9uUffpu"" (2475) | #2 ""hsj @ PEMYRVPxOS"" (7525)",2026-07-25T08:33:08.486Z,178496838848601
"-- starting hand #22 (id: 8qw8xa4wcw0l)  No Limit Texas Hold'em (dealer: ""hsj @ PEMYRVPxOS"") --",2026-07-25T08:33:08.486Z,178496838848600
"""fully locked @ gpP9uUffpu"" shows a 5♠, 7♦.",2026-07-25T08:33:05.992Z,178496838599200
"""hsj @ PEMYRVPxOS"" shows a 7♠, 2♠.",2026-07-25T08:33:03.325Z,178496838332500
"Undealt cards:  [4♣, 4♥, J♠, J♣, 2♦]",2026-07-25T08:33:01.394Z,178496838139400
"-- ending hand #21 --",2026-07-25T08:33:01.177Z,178496838117702
"""hsj @ PEMYRVPxOS"" collected 50 from pot",2026-07-25T08:33:01.177Z,178496838117701
"Uncalled bet of 25 returned to ""hsj @ PEMYRVPxOS""",2026-07-25T08:33:01.177Z,178496838117700
"""fully locked @ gpP9uUffpu"" folds",2026-07-25T08:33:00.342Z,178496838034200
"""hsj @ PEMYRVPxOS"" posts a big blind of 50",2026-07-25T08:32:59.588Z,178496837958805
"""fully locked @ gpP9uUffpu"" posts a small blind of 25",2026-07-25T08:32:59.588Z,178496837958804
"Your hand is 5♠, 7♦",2026-07-25T08:32:59.588Z,178496837958802
"Player stacks: #1 ""fully locked @ gpP9uUffpu"" (2500) | #2 ""hsj @ PEMYRVPxOS"" (7500)",2026-07-25T08:32:59.588Z,178496837958801
"-- starting hand #21 (id: cu3djuhdbb1r)  No Limit Texas Hold'em (dealer: ""fully locked @ gpP9uUffpu"") --",2026-07-25T08:32:59.588Z,178496837958800
"Undealt cards:  [2♥, J♣, Q♠, J♥, J♠]",2026-07-25T08:32:54.406Z,178496837440600
"-- ending hand #20 --",2026-07-25T08:32:53.663Z,178496837366302
"""hsj @ PEMYRVPxOS"" collected 100 from pot",2026-07-25T08:32:53.663Z,178496837366301
"Uncalled bet of 50 returned to ""hsj @ PEMYRVPxOS""",2026-07-25T08:32:53.663Z,178496837366300
"""fully locked @ gpP9uUffpu"" folds",2026-07-25T08:32:52.839Z,178496837283900
"""hsj @ PEMYRVPxOS"" raises to 100",2026-07-25T08:32:51.876Z,178496837187600
"""fully locked @ gpP9uUffpu"" posts a big blind of 50",2026-07-25T08:32:49.984Z,178496836998405
"""hsj @ PEMYRVPxOS"" posts a small blind of 25",2026-07-25T08:32:49.984Z,178496836998404
"Player stacks: #1 ""fully locked @ gpP9uUffpu"" (2550) | #2 ""hsj @ PEMYRVPxOS"" (7450)",2026-07-25T08:32:49.984Z,178496836998401
"-- starting hand #20 (id: wzw4nmdpoyc2)  No Limit Texas Hold'em (dealer: ""hsj @ PEMYRVPxOS"") --",2026-07-25T08:32:49.984Z,178496836998400
"""fully locked @ gpP9uUffpu"" shows a 7♠.",2026-07-25T08:32:46.397Z,178496836639700
"-- ending hand #19 --",2026-07-25T08:32:43.462Z,178496836346202
"""hsj @ PEMYRVPxOS"" collected 500 from pot with Pair, 6's (combination: 8♣, 10♣, A♣, 6♠, 6♣)",2026-07-25T08:32:43.462Z,178496836346201
"""hsj @ PEMYRVPxOS"" shows a 6♠, A♣.",2026-07-25T08:32:43.462Z,178496836346200
"""fully locked @ gpP9uUffpu"" calls 50",2026-07-25T08:32:42.632Z,178496836263200
"""hsj @ PEMYRVPxOS"" bets 50",2026-07-25T08:32:38.377Z,178496835837700
"River: 3♥, 8♣, 5♦, 10♣ [6♣]",2026-07-25T08:32:36.853Z,178496835685300
"""fully locked @ gpP9uUffpu"" calls 50",2026-07-25T08:32:35.982Z,178496835598200
"""hsj @ PEMYRVPxOS"" bets 50",2026-07-25T08:32:34.404Z,178496835440400
"Turn: 3♥, 8♣, 5♦ [10♣]",2026-07-25T08:32:33.255Z,178496835325500
"""hsj @ PEMYRVPxOS"" calls 50",2026-07-25T08:32:32.408Z,178496835240800
"""fully locked @ gpP9uUffpu"" bets 50",2026-07-25T08:32:28.581Z,178496834858100
"""hsj @ PEMYRVPxOS"" checks",2026-07-25T08:32:27.579Z,178496834757900
"Flop:  [3♥, 8♣, 5♦]",2026-07-25T08:32:25.951Z,178496834595100
"""hsj @ PEMYRVPxOS"" calls 100",2026-07-25T08:32:25.099Z,178496834509900
"""fully locked @ gpP9uUffpu"" raises to 100",2026-07-25T08:32:24.155Z,178496834415500
"""hsj @ PEMYRVPxOS"" posts a big blind of 50",2026-07-25T08:32:22.406Z,178496834240605
"""fully locked @ gpP9uUffpu"" posts a small blind of 25",2026-07-25T08:32:22.406Z,178496834240604
"Player stacks: #1 ""fully locked @ gpP9uUffpu"" (2800) | #2 ""hsj @ PEMYRVPxOS"" (7200)",2026-07-25T08:32:22.406Z,178496834240601
"-- starting hand #19 (id: vujgm0hmn2wo)  No Limit Texas Hold'em (dealer: ""fully locked @ gpP9uUffpu"") --",2026-07-25T08:32:22.406Z,178496834240600
"Undealt cards:  [5♥, 5♦, 9♠, 3♣, 2♥]",2026-07-25T08:32:16.782Z,178496833678200
"-- ending hand #18 --",2026-07-25T08:32:16.496Z,178496833649602
"""hsj @ PEMYRVPxOS"" collected 100 from pot",2026-07-25T08:32:16.496Z,178496833649601
"Uncalled bet of 50 returned to ""hsj @ PEMYRVPxOS""",2026-07-25T08:32:16.496Z,178496833649600
"""fully locked @ gpP9uUffpu"" folds",2026-07-25T08:32:15.654Z,178496833565400
"""hsj @ PEMYRVPxOS"" raises to 100",2026-07-25T08:32:14.572Z,178496833457200
"""fully locked @ gpP9uUffpu"" posts a big blind of 50",2026-07-25T08:32:12.992Z,178496833299205
"""hsj @ PEMYRVPxOS"" posts a small blind of 25",2026-07-25T08:32:12.992Z,178496833299204
"Player stacks: #1 ""fully locked @ gpP9uUffpu"" (2850) | #2 ""hsj @ PEMYRVPxOS"" (7150)",2026-07-25T08:32:12.992Z,178496833299201
"-- starting hand #18 (id: 1qyk96vhq9le)  No Limit Texas Hold'em (dealer: ""hsj @ PEMYRVPxOS"") --",2026-07-25T08:32:12.992Z,178496833299200
"Undealt cards: 4♥, 7♥, A♦ [2♦, 9♥]",2026-07-25T08:32:07.701Z,178496832770100
"-- ending hand #17 --",2026-07-25T08:32:07.089Z,178496832708902
"""fully locked @ gpP9uUffpu"" collected 100 from pot",2026-07-25T08:32:07.089Z,178496832708901
"Uncalled bet of 50 returned to ""fully locked @ gpP9uUffpu""",2026-07-25T08:32:07.089Z,178496832708900
"""hsj @ PEMYRVPxOS"" folds",2026-07-25T08:32:06.282Z,178496832628200
"""fully locked @ gpP9uUffpu"" bets 50",2026-07-25T08:32:04.958Z,178496832495800
"""hsj @ PEMYRVPxOS"" checks",2026-07-25T08:32:03.853Z,178496832385300
"Flop:  [4♥, 7♥, A♦]",2026-07-25T08:32:01.691Z,178496832169100
"""hsj @ PEMYRVPxOS"" checks",2026-07-25T08:32:00.789Z,178496832078900
"""fully locked @ gpP9uUffpu"" calls 50",2026-07-25T08:31:59.470Z,178496831947000
"""hsj @ PEMYRVPxOS"" posts a big blind of 50",2026-07-25T08:31:58.680Z,178496831868005
"""fully locked @ gpP9uUffpu"" posts a small blind of 25",2026-07-25T08:31:58.680Z,178496831868004
"Player stacks: #1 ""fully locked @ gpP9uUffpu"" (2800) | #2 ""hsj @ PEMYRVPxOS"" (7200)",2026-07-25T08:31:58.680Z,178496831868001
"-- starting hand #17 (id: bpoonbmsow7r)  No Limit Texas Hold'em (dealer: ""fully locked @ gpP9uUffpu"") --",2026-07-25T08:31:58.680Z,178496831868000
"Undealt cards:  [2♦, 2♣, 10♣, K♥, J♦]",2026-07-25T08:31:53.203Z,178496831320300
"-- ending hand #16 --",2026-07-25T08:31:52.682Z,178496831268202
"""fully locked @ gpP9uUffpu"" collected 50 from pot",2026-07-25T08:31:52.682Z,178496831268201
"Uncalled bet of 25 returned to ""fully locked @ gpP9uUffpu""",2026-07-25T08:31:52.682Z,178496831268200
"""hsj @ PEMYRVPxOS"" folds",2026-07-25T08:31:51.830Z,178496831183000
"""fully locked @ gpP9uUffpu"" posts a big blind of 50",2026-07-25T08:31:47.295Z,178496830729505
"""hsj @ PEMYRVPxOS"" posts a small blind of 25",2026-07-25T08:31:47.295Z,178496830729504
"Player stacks: #1 ""fully locked @ gpP9uUffpu"" (2775) | #2 ""hsj @ PEMYRVPxOS"" (7225)",2026-07-25T08:31:47.295Z,178496830729501
"-- starting hand #16 (id: fduhpxy5wtnp)  No Limit Texas Hold'em (dealer: ""hsj @ PEMYRVPxOS"") --",2026-07-25T08:31:47.295Z,178496830729500
"-- ending hand #15 --",2026-07-25T08:31:41.279Z,178496830127904
"""hsj @ PEMYRVPxOS"" collected 50 from pot with Pair, J's (combination: 7♣, 9♦, A♣, J♣, J♦)",2026-07-25T08:31:41.279Z,178496830127903
"""fully locked @ gpP9uUffpu"" collected 50 from pot with Pair, J's (combination: 7♣, 9♦, A♣, J♣, J♦)",2026-07-25T08:31:41.279Z,178496830127902
"""fully locked @ gpP9uUffpu"" shows a 2♥, 4♦.",2026-07-25T08:31:41.279Z,178496830127901
"""hsj @ PEMYRVPxOS"" shows a 3♣, 2♠.",2026-07-25T08:31:41.279Z,178496830127900
"""fully locked @ gpP9uUffpu"" checks",2026-07-25T08:31:40.453Z,178496830045300
"""hsj @ PEMYRVPxOS"" checks",2026-07-25T08:31:39.495Z,178496829949500
"River: 9♦, 7♣, J♣, A♣ [J♦]",2026-07-25T08:31:36.764Z,178496829676400
"""fully locked @ gpP9uUffpu"" checks",2026-07-25T08:31:35.960Z,178496829596000
"""hsj @ PEMYRVPxOS"" checks",2026-07-25T08:31:35.065Z,178496829506500
"Turn: 9♦, 7♣, J♣ [A♣]",2026-07-25T08:31:33.675Z,178496829367500
"""fully locked @ gpP9uUffpu"" checks",2026-07-25T08:31:32.768Z,178496829276800
"""hsj @ PEMYRVPxOS"" checks",2026-07-25T08:31:31.763Z,178496829176300
"Flop:  [9♦, 7♣, J♣]",2026-07-25T08:31:29.756Z,178496828975600
"""hsj @ PEMYRVPxOS"" checks",2026-07-25T08:31:28.953Z,178496828895300
"""fully locked @ gpP9uUffpu"" calls 50",2026-07-25T08:31:28.016Z,178496828801600
"""hsj @ PEMYRVPxOS"" posts a big blind of 50",2026-07-25T08:31:27.266Z,178496828726605
"""fully locked @ gpP9uUffpu"" posts a small blind of 25",2026-07-25T08:31:27.266Z,178496828726604
"Your hand is 2♥, 4♦",2026-07-25T08:31:27.266Z,178496828726602
"Player stacks: #1 ""fully locked @ gpP9uUffpu"" (2775) | #2 ""hsj @ PEMYRVPxOS"" (7225)",2026-07-25T08:31:27.266Z,178496828726601
"-- starting hand #15 (id: xflcysl8tak3)  No Limit Texas Hold'em (dealer: ""fully locked @ gpP9uUffpu"") --",2026-07-25T08:31:27.266Z,178496828726600
"""fully locked @ gpP9uUffpu"" shows a 6♠.",2026-07-25T08:31:23.068Z,178496828306800
"Undealt cards: 2♦, 2♣, 5♣, 4♥ [3♣]",2026-07-25T08:31:21.021Z,178496828102100
"-- ending hand #14 --",2026-07-25T08:31:20.658Z,178496828065802
"""fully locked @ gpP9uUffpu"" collected 200 from pot",2026-07-25T08:31:20.658Z,178496828065801
"Uncalled bet of 50 returned to ""fully locked @ gpP9uUffpu""",2026-07-25T08:31:20.658Z,178496828065800
"""hsj @ PEMYRVPxOS"" folds",2026-07-25T08:31:19.849Z,178496827984900
"""fully locked @ gpP9uUffpu"" bets 50",2026-07-25T08:31:18.941Z,178496827894100
"Turn: 2♦, 2♣, 5♣ [4♥]",2026-07-25T08:31:16.411Z,178496827641100
"""hsj @ PEMYRVPxOS"" checks",2026-07-25T08:31:15.580Z,178496827558000
"""fully locked @ gpP9uUffpu"" checks",2026-07-25T08:31:14.580Z,178496827458000
"Flop:  [2♦, 2♣, 5♣]",2026-07-25T08:31:10.321Z,178496827032100
"""fully locked @ gpP9uUffpu"" calls 100",2026-07-25T08:31:09.475Z,178496826947500
"""hsj @ PEMYRVPxOS"" raises to 100",2026-07-25T08:31:08.463Z,178496826846300
"""fully locked @ gpP9uUffpu"" posts a big blind of 50",2026-07-25T08:31:03.653Z,178496826365305
"""hsj @ PEMYRVPxOS"" posts a small blind of 25",2026-07-25T08:31:03.653Z,178496826365304
"Player stacks: #1 ""fully locked @ gpP9uUffpu"" (2675) | #2 ""hsj @ PEMYRVPxOS"" (7325)",2026-07-25T08:31:03.653Z,178496826365301
"-- starting hand #14 (id: vcbziu8z2jpv)  No Limit Texas Hold'em (dealer: ""hsj @ PEMYRVPxOS"") --",2026-07-25T08:31:03.653Z,178496826365300
"""fully locked @ gpP9uUffpu"" shows a 3♥.",2026-07-25T08:31:01.077Z,178496826107700
"""hsj @ PEMYRVPxOS"" shows a J♣.",2026-07-25T08:30:59.912Z,178496825991200
"-- ending hand #13 --",2026-07-25T08:30:59.317Z,178496825931702
"""hsj @ PEMYRVPxOS"" collected 2400 from pot",2026-07-25T08:30:59.317Z,178496825931701
"Uncalled bet of 4925 returned to ""hsj @ PEMYRVPxOS""",2026-07-25T08:30:59.317Z,178496825931700
"""fully locked @ gpP9uUffpu"" folds",2026-07-25T08:30:58.421Z,178496825842100
"""hsj @ PEMYRVPxOS"" raises to 5525 and go all in",2026-07-25T08:30:53.520Z,178496825352000
"""fully locked @ gpP9uUffpu"" bets 600",2026-07-25T08:30:51.790Z,178496825179000
"""hsj @ PEMYRVPxOS"" checks",2026-07-25T08:30:48.286Z,178496824828600
"River: 5♦, J♦, 4♣, 6♣ [J♥]",2026-07-25T08:30:46.410Z,178496824641000
"""hsj @ PEMYRVPxOS"" calls 500",2026-07-25T08:30:45.541Z,178496824554100
"""fully locked @ gpP9uUffpu"" raises to 500",2026-07-25T08:30:44.391Z,178496824439100
"""hsj @ PEMYRVPxOS"" bets 100",2026-07-25T08:30:41.655Z,178496824165500
"Turn: 5♦, J♦, 4♣ [6♣]",2026-07-25T08:30:37.294Z,178496823729400
"""fully locked @ gpP9uUffpu"" calls 50",2026-07-25T08:30:36.482Z,178496823648200
"""hsj @ PEMYRVPxOS"" bets 50",2026-07-25T08:30:35.189Z,178496823518900
"Flop:  [5♦, J♦, 4♣]",2026-07-25T08:30:33.602Z,178496823360200
"""hsj @ PEMYRVPxOS"" checks",2026-07-25T08:30:32.695Z,178496823269500
"""fully locked @ gpP9uUffpu"" calls 50",2026-07-25T08:30:31.717Z,178496823171700
"""hsj @ PEMYRVPxOS"" posts a big blind of 50",2026-07-25T08:30:30.802Z,178496823080205
"""fully locked @ gpP9uUffpu"" posts a small blind of 25",2026-07-25T08:30:30.802Z,178496823080204
"Player stacks: #1 ""fully locked @ gpP9uUffpu"" (3875) | #2 ""hsj @ PEMYRVPxOS"" (6125)",2026-07-25T08:30:30.802Z,178496823080201
"-- starting hand #13 (id: 8hesdghuaeso)  No Limit Texas Hold'em (dealer: ""fully locked @ gpP9uUffpu"") --",2026-07-25T08:30:30.802Z,178496823080200
"Undealt cards:  [J♥, 2♦, 9♣, 7♠, 5♠]",2026-07-25T08:30:25.213Z,178496822521300
"-- ending hand #12 --",2026-07-25T08:30:24.853Z,178496822485302
"""fully locked @ gpP9uUffpu"" collected 50 from pot",2026-07-25T08:30:24.853Z,178496822485301
"Uncalled bet of 25 returned to ""fully locked @ gpP9uUffpu""",2026-07-25T08:30:24.853Z,178496822485300
"""hsj @ PEMYRVPxOS"" folds",2026-07-25T08:30:24.002Z,178496822400200
"""fully locked @ gpP9uUffpu"" posts a big blind of 50",2026-07-25T08:30:21.795Z,178496822179505
"""hsj @ PEMYRVPxOS"" posts a small blind of 25",2026-07-25T08:30:21.795Z,178496822179504
"Player stacks: #1 ""fully locked @ gpP9uUffpu"" (3850) | #2 ""hsj @ PEMYRVPxOS"" (6150)",2026-07-25T08:30:21.795Z,178496822179501
"-- starting hand #12 (id: rhmimtiskaof)  No Limit Texas Hold'em (dealer: ""hsj @ PEMYRVPxOS"") --",2026-07-25T08:30:21.795Z,178496822179500
"Undealt cards: J♠, 2♠, 4♣ [J♥, 10♥]",2026-07-25T08:30:15.988Z,178496821598800
"-- ending hand #11 --",2026-07-25T08:30:15.793Z,178496821579302
"""fully locked @ gpP9uUffpu"" collected 100 from pot",2026-07-25T08:30:15.793Z,178496821579301
"Uncalled bet of 50 returned to ""fully locked @ gpP9uUffpu""",2026-07-25T08:30:15.793Z,178496821579300
"""hsj @ PEMYRVPxOS"" folds",2026-07-25T08:30:14.886Z,178496821488600
"""fully locked @ gpP9uUffpu"" bets 50",2026-07-25T08:30:13.884Z,178496821388400
"""hsj @ PEMYRVPxOS"" checks",2026-07-25T08:30:12.560Z,178496821256000
"Flop:  [J♠, 2♠, 4♣]",2026-07-25T08:30:10.793Z,178496821079300
"""hsj @ PEMYRVPxOS"" checks",2026-07-25T08:30:09.908Z,178496820990800
"""fully locked @ gpP9uUffpu"" calls 50",2026-07-25T08:30:08.967Z,178496820896700
"""hsj @ PEMYRVPxOS"" posts a big blind of 50",2026-07-25T08:30:07.989Z,178496820798905
"""fully locked @ gpP9uUffpu"" posts a small blind of 25",2026-07-25T08:30:07.989Z,178496820798904
"Player stacks: #1 ""fully locked @ gpP9uUffpu"" (3800) | #2 ""hsj @ PEMYRVPxOS"" (6200)",2026-07-25T08:30:07.989Z,178496820798901
"-- starting hand #11 (id: vxugpmfxoefq)  No Limit Texas Hold'em (dealer: ""fully locked @ gpP9uUffpu"") --",2026-07-25T08:30:07.989Z,178496820798900
"-- ending hand #10 --",2026-07-25T08:30:04.991Z,178496820499102
"""fully locked @ gpP9uUffpu"" collected 200 from pot",2026-07-25T08:30:04.991Z,178496820499101
"Uncalled bet of 100 returned to ""fully locked @ gpP9uUffpu""",2026-07-25T08:30:04.991Z,178496820499100
"""hsj @ PEMYRVPxOS"" folds",2026-07-25T08:30:04.065Z,178496820406500
"""fully locked @ gpP9uUffpu"" bets 100",2026-07-25T08:30:02.206Z,178496820220600
"River: Q♥, 4♥, 4♦, 2♠ [10♥]",2026-07-25T08:30:00.702Z,178496820070200
"""hsj @ PEMYRVPxOS"" checks",2026-07-25T08:29:59.857Z,178496819985700
"""fully locked @ gpP9uUffpu"" checks",2026-07-25T08:29:58.949Z,178496819894900
"Turn: Q♥, 4♥, 4♦ [2♠]",2026-07-25T08:29:57.870Z,178496819787000
"""hsj @ PEMYRVPxOS"" checks",2026-07-25T08:29:57.043Z,178496819704300
"""fully locked @ gpP9uUffpu"" checks",2026-07-25T08:29:55.993Z,178496819599300
"Flop:  [Q♥, 4♥, 4♦]",2026-07-25T08:29:53.917Z,178496819391700
"""fully locked @ gpP9uUffpu"" calls 100",2026-07-25T08:29:53.084Z,178496819308400
"""hsj @ PEMYRVPxOS"" raises to 100",2026-07-25T08:29:51.666Z,178496819166600
"""fully locked @ gpP9uUffpu"" posts a big blind of 50",2026-07-25T08:29:49.061Z,178496818906105
"""hsj @ PEMYRVPxOS"" posts a small blind of 25",2026-07-25T08:29:49.061Z,178496818906104
"Player stacks: #1 ""fully locked @ gpP9uUffpu"" (3700) | #2 ""hsj @ PEMYRVPxOS"" (6300)",2026-07-25T08:29:49.061Z,178496818906101
"-- starting hand #10 (id: 8rdssiybkj6i)  No Limit Texas Hold'em (dealer: ""hsj @ PEMYRVPxOS"") --",2026-07-25T08:29:49.061Z,178496818906100
"Undealt cards:  [5♠, 9♦, 2♥, 3♥, 6♣]",2026-07-25T08:29:43.660Z,178496818366000
"-- ending hand #9 --",2026-07-25T08:29:43.112Z,178496818311202
"""hsj @ PEMYRVPxOS"" collected 50 from pot",2026-07-25T08:29:43.112Z,178496818311201
"Uncalled bet of 25 returned to ""hsj @ PEMYRVPxOS""",2026-07-25T08:29:43.112Z,178496818311200
"""fully locked @ gpP9uUffpu"" folds",2026-07-25T08:29:42.301Z,178496818230100
"""hsj @ PEMYRVPxOS"" posts a big blind of 50",2026-07-25T08:29:41.456Z,178496818145605
"""fully locked @ gpP9uUffpu"" posts a small blind of 25",2026-07-25T08:29:41.456Z,178496818145604
"Player stacks: #1 ""fully locked @ gpP9uUffpu"" (3725) | #2 ""hsj @ PEMYRVPxOS"" (6275)",2026-07-25T08:29:41.456Z,178496818145601
"-- starting hand #9 (id: rnufztvje7jd)  No Limit Texas Hold'em (dealer: ""fully locked @ gpP9uUffpu"") --",2026-07-25T08:29:41.456Z,178496818145600
"-- ending hand #8 --",2026-07-25T08:29:35.452Z,178496817545203
"""hsj @ PEMYRVPxOS"" collected 1400 from pot with Pair, Q's (combination: 5♦, 6♣, 7♦, Q♦, Q♠)",2026-07-25T08:29:35.452Z,178496817545202
"""hsj @ PEMYRVPxOS"" shows a 5♦, Q♦.",2026-07-25T08:29:35.452Z,178496817545201
"""fully locked @ gpP9uUffpu"" shows a 9♠, 5♠.",2026-07-25T08:29:35.452Z,178496817545200
"""hsj @ PEMYRVPxOS"" calls 400",2026-07-25T08:29:34.553Z,178496817455300
"""fully locked @ gpP9uUffpu"" bets 400",2026-07-25T08:29:33.639Z,178496817363900
"River: 2♥, 3♦, Q♠, 6♣ [7♦]",2026-07-25T08:29:30.252Z,178496817025200
"""hsj @ PEMYRVPxOS"" calls 150",2026-07-25T08:29:29.385Z,178496816938500
"""fully locked @ gpP9uUffpu"" bets 150",2026-07-25T08:29:28.308Z,178496816830800
"Turn: 2♥, 3♦, Q♠ [6♣]",2026-07-25T08:29:26.217Z,178496816621700
"""hsj @ PEMYRVPxOS"" calls 50",2026-07-25T08:29:25.385Z,178496816538500
"""fully locked @ gpP9uUffpu"" bets 50",2026-07-25T08:29:24.468Z,178496816446800
"Flop:  [2♥, 3♦, Q♠]",2026-07-25T08:29:21.815Z,178496816181500
"""fully locked @ gpP9uUffpu"" calls 100",2026-07-25T08:29:20.954Z,178496816095400
"""hsj @ PEMYRVPxOS"" raises to 100",2026-07-25T08:29:20.017Z,178496816001700
"""fully locked @ gpP9uUffpu"" posts a big blind of 50",2026-07-25T08:29:16.615Z,178496815661505
"""hsj @ PEMYRVPxOS"" posts a small blind of 25",2026-07-25T08:29:16.615Z,178496815661504
"Your hand is 9♠, 5♠",2026-07-25T08:29:16.615Z,178496815661502
"Player stacks: #1 ""fully locked @ gpP9uUffpu"" (4425) | #2 ""hsj @ PEMYRVPxOS"" (5575)",2026-07-25T08:29:16.615Z,178496815661501
"-- starting hand #8 (id: xduvuu5cwqif)  No Limit Texas Hold'em (dealer: ""hsj @ PEMYRVPxOS"") --",2026-07-25T08:29:16.615Z,178496815661500
"Undealt cards:  [A♠, 10♠, Q♥, J♥, 7♥]",2026-07-25T08:29:11.491Z,178496815149100
"-- ending hand #7 --",2026-07-25T08:29:10.637Z,178496815063702
"""hsj @ PEMYRVPxOS"" collected 50 from pot",2026-07-25T08:29:10.637Z,178496815063701
"Uncalled bet of 25 returned to ""hsj @ PEMYRVPxOS""",2026-07-25T08:29:10.637Z,178496815063700
"""fully locked @ gpP9uUffpu"" folds",2026-07-25T08:29:09.774Z,178496814977400
"""hsj @ PEMYRVPxOS"" posts a big blind of 50",2026-07-25T08:29:09.013Z,178496814901305
"""fully locked @ gpP9uUffpu"" posts a small blind of 25",2026-07-25T08:29:09.013Z,178496814901304
"Player stacks: #1 ""fully locked @ gpP9uUffpu"" (4450) | #2 ""hsj @ PEMYRVPxOS"" (5550)",2026-07-25T08:29:09.013Z,178496814901301
"-- starting hand #7 (id: i8ltazx944un)  No Limit Texas Hold'em (dealer: ""fully locked @ gpP9uUffpu"") --",2026-07-25T08:29:09.013Z,178496814901300
"Undealt cards:  [8♥, 4♥, Q♥, K♥, 6♣]",2026-07-25T08:29:03.255Z,178496814325500
"-- ending hand #6 --",2026-07-25T08:29:03.014Z,178496814301402
"""fully locked @ gpP9uUffpu"" collected 100 from pot",2026-07-25T08:29:03.014Z,178496814301401
"Uncalled bet of 200 returned to ""fully locked @ gpP9uUffpu""",2026-07-25T08:29:03.014Z,178496814301400
"""hsj @ PEMYRVPxOS"" folds",2026-07-25T08:29:02.128Z,178496814212800
"""fully locked @ gpP9uUffpu"" raises to 250",2026-07-25T08:28:57.835Z,178496813783500
"""hsj @ PEMYRVPxOS"" calls 50",2026-07-25T08:28:55.753Z,178496813575300
"""fully locked @ gpP9uUffpu"" posts a big blind of 50",2026-07-25T08:28:52.387Z,178496813238705
"""hsj @ PEMYRVPxOS"" posts a small blind of 25",2026-07-25T08:28:52.387Z,178496813238704
"Player stacks: #1 ""fully locked @ gpP9uUffpu"" (4400) | #2 ""hsj @ PEMYRVPxOS"" (5600)",2026-07-25T08:28:52.387Z,178496813238701
"-- starting hand #6 (id: t9qub07s9fia)  No Limit Texas Hold'em (dealer: ""hsj @ PEMYRVPxOS"") --",2026-07-25T08:28:52.387Z,178496813238700
"Undealt cards: 6♦, 5♣, 8♠ [10♦, 10♣]",2026-07-25T08:28:46.595Z,178496812659500
"-- ending hand #5 --",2026-07-25T08:28:46.378Z,178496812637802
"""fully locked @ gpP9uUffpu"" collected 200 from pot",2026-07-25T08:28:46.378Z,178496812637801
"Uncalled bet of 50 returned to ""fully locked @ gpP9uUffpu""",2026-07-25T08:28:46.378Z,178496812637800
"""hsj @ PEMYRVPxOS"" folds",2026-07-25T08:28:45.560Z,178496812556000
"""fully locked @ gpP9uUffpu"" bets 50",2026-07-25T08:28:44.410Z,178496812441000
"""hsj @ PEMYRVPxOS"" checks",2026-07-25T08:28:42.320Z,178496812232000
"Flop:  [6♦, 5♣, 8♠]",2026-07-25T08:28:40.173Z,178496812017300
"""hsj @ PEMYRVPxOS"" calls 100",2026-07-25T08:28:39.352Z,178496811935200
"""fully locked @ gpP9uUffpu"" raises to 100",2026-07-25T08:28:37.806Z,178496811780600
"""hsj @ PEMYRVPxOS"" posts a big blind of 50",2026-07-25T08:28:36.372Z,178496811637205
"""fully locked @ gpP9uUffpu"" posts a small blind of 25",2026-07-25T08:28:36.372Z,178496811637204
"Player stacks: #1 ""fully locked @ gpP9uUffpu"" (4300) | #2 ""hsj @ PEMYRVPxOS"" (5700)",2026-07-25T08:28:36.372Z,178496811637201
"-- starting hand #5 (id: cwiulh6fsiif)  No Limit Texas Hold'em (dealer: ""fully locked @ gpP9uUffpu"") --",2026-07-25T08:28:36.372Z,178496811637200
"Undealt cards: 9♥, A♦, 2♥, 4♥ [2♦]",2026-07-25T08:28:30.597Z,178496811059700
"-- ending hand #4 --",2026-07-25T08:28:30.373Z,178496811037302
"""fully locked @ gpP9uUffpu"" collected 400 from pot",2026-07-25T08:28:30.373Z,178496811037301
"Uncalled bet of 300 returned to ""fully locked @ gpP9uUffpu""",2026-07-25T08:28:30.373Z,178496811037300
"""hsj @ PEMYRVPxOS"" folds",2026-07-25T08:28:29.460Z,178496810946000
"""fully locked @ gpP9uUffpu"" bets 300",2026-07-25T08:28:28.454Z,178496810845400
"Turn: 9♥, A♦, 2♥ [4♥]",2026-07-25T08:28:25.967Z,178496810596700
"""hsj @ PEMYRVPxOS"" calls 100",2026-07-25T08:28:25.063Z,178496810506300
"""fully locked @ gpP9uUffpu"" bets 100",2026-07-25T08:28:24.106Z,178496810410600
"Flop:  [9♥, A♦, 2♥]",2026-07-25T08:28:22.165Z,178496810216500
"""fully locked @ gpP9uUffpu"" calls 100",2026-07-25T08:28:21.253Z,178496810125300
"""hsj @ PEMYRVPxOS"" raises to 100",2026-07-25T08:28:20.241Z,178496810024100
"""fully locked @ gpP9uUffpu"" posts a big blind of 50",2026-07-25T08:28:18.427Z,178496809842705
"""hsj @ PEMYRVPxOS"" posts a small blind of 25",2026-07-25T08:28:18.427Z,178496809842704
"Player stacks: #1 ""fully locked @ gpP9uUffpu"" (4100) | #2 ""hsj @ PEMYRVPxOS"" (5900)",2026-07-25T08:28:18.427Z,178496809842701
"-- starting hand #4 (id: mniiyd0w5xdd)  No Limit Texas Hold'em (dealer: ""hsj @ PEMYRVPxOS"") --",2026-07-25T08:28:18.427Z,178496809842700
"""hsj @ PEMYRVPxOS"" shows a 5♦, 7♠.",2026-07-25T08:28:12.675Z,178496809267500
"Undealt cards: A♠, 8♥, 7♦, 5♠ [3♠]",2026-07-25T08:28:12.453Z,178496809245300
"-- ending hand #3 --",2026-07-25T08:28:11.823Z,178496809182302
"""hsj @ PEMYRVPxOS"" collected 600 from pot",2026-07-25T08:28:11.823Z,178496809182301
"Uncalled bet of 150 returned to ""hsj @ PEMYRVPxOS""",2026-07-25T08:28:11.823Z,178496809182300
"""fully locked @ gpP9uUffpu"" folds",2026-07-25T08:28:10.991Z,178496809099100
"""hsj @ PEMYRVPxOS"" raises to 350",2026-07-25T08:28:07.429Z,178496808742900
"""fully locked @ gpP9uUffpu"" raises to 200",2026-07-25T08:28:04.799Z,178496808479900
"""hsj @ PEMYRVPxOS"" bets 50",2026-07-25T08:28:02.746Z,178496808274600
"Turn: A♠, 8♥, 7♦ [5♠]",2026-07-25T08:28:01.775Z,178496808177500
"""fully locked @ gpP9uUffpu"" calls 50",2026-07-25T08:28:00.832Z,178496808083200
"""hsj @ PEMYRVPxOS"" bets 50",2026-07-25T08:27:59.782Z,178496807978200
"Flop:  [A♠, 8♥, 7♦]",2026-07-25T08:27:58.019Z,178496807801900
"""hsj @ PEMYRVPxOS"" checks",2026-07-25T08:27:57.109Z,178496807710900
"""fully locked @ gpP9uUffpu"" calls 50",2026-07-25T08:27:56.069Z,178496807606900
"""hsj @ PEMYRVPxOS"" posts a big blind of 50",2026-07-25T08:27:55.216Z,178496807521605
"""fully locked @ gpP9uUffpu"" posts a small blind of 25",2026-07-25T08:27:55.216Z,178496807521604
"Player stacks: #1 ""fully locked @ gpP9uUffpu"" (4400) | #2 ""hsj @ PEMYRVPxOS"" (5600)",2026-07-25T08:27:55.216Z,178496807521601
"-- starting hand #3 (id: cavp18b3pzag)  No Limit Texas Hold'em (dealer: ""fully locked @ gpP9uUffpu"") --",2026-07-25T08:27:55.216Z,178496807521600
"Undealt cards: 6♦, 4♠, Q♠ [2♠, A♦]",2026-07-25T08:27:49.391Z,178496806939100
"-- ending hand #2 --",2026-07-25T08:27:49.216Z,178496806921602
"""fully locked @ gpP9uUffpu"" collected 200 from pot",2026-07-25T08:27:49.216Z,178496806921601
"Uncalled bet of 100 returned to ""fully locked @ gpP9uUffpu""",2026-07-25T08:27:49.216Z,178496806921600
"""hsj @ PEMYRVPxOS"" folds",2026-07-25T08:27:48.363Z,178496806836300
"""fully locked @ gpP9uUffpu"" bets 100",2026-07-25T08:27:45.265Z,178496806526500
"Flop:  [6♦, 4♠, Q♠]",2026-07-25T08:27:43.207Z,178496806320700
"""fully locked @ gpP9uUffpu"" calls 100",2026-07-25T08:27:42.275Z,178496806227500
"""hsj @ PEMYRVPxOS"" raises to 100",2026-07-25T08:27:40.911Z,178496806091100
"""fully locked @ gpP9uUffpu"" posts a big blind of 50",2026-07-25T08:27:37.196Z,178496805719605
"""hsj @ PEMYRVPxOS"" posts a small blind of 25",2026-07-25T08:27:37.196Z,178496805719604
"Player stacks: #1 ""fully locked @ gpP9uUffpu"" (4300) | #2 ""hsj @ PEMYRVPxOS"" (5700)",2026-07-25T08:27:37.196Z,178496805719601
"-- starting hand #2 (id: zswzpwis1tie)  No Limit Texas Hold'em (dealer: ""hsj @ PEMYRVPxOS"") --",2026-07-25T08:27:37.196Z,178496805719600
"""fully locked @ gpP9uUffpu"" shows a 2♣.",2026-07-25T08:27:35.470Z,178496805547000
"""hsj @ PEMYRVPxOS"" shows a 9♣.",2026-07-25T08:27:33.899Z,178496805389900
"-- ending hand #1 --",2026-07-25T08:27:32.790Z,178496805279002
"""hsj @ PEMYRVPxOS"" collected 1400 from pot",2026-07-25T08:27:32.790Z,178496805279001
"Uncalled bet of 1400 returned to ""hsj @ PEMYRVPxOS""",2026-07-25T08:27:32.790Z,178496805279000
"""fully locked @ gpP9uUffpu"" folds",2026-07-25T08:27:31.895Z,178496805189500
"""hsj @ PEMYRVPxOS"" bets 1400",2026-07-25T08:27:04.009Z,178496802400900
"River: 9♠, K♠, 4♦, 4♥ [2♦]",2026-07-25T08:26:58.575Z,178496801857500
"""hsj @ PEMYRVPxOS"" calls 400",2026-07-25T08:26:57.772Z,178496801777200
"""fully locked @ gpP9uUffpu"" raises to 400",2026-07-25T08:26:56.163Z,178496801616300
"""hsj @ PEMYRVPxOS"" bets 50",2026-07-25T08:26:53.372Z,178496801337200
"Turn: 9♠, K♠, 4♦ [4♥]",2026-07-25T08:26:52.002Z,178496801200200
"""hsj @ PEMYRVPxOS"" calls 150",2026-07-25T08:26:51.185Z,178496801118500
"""fully locked @ gpP9uUffpu"" bets 150",2026-07-25T08:26:50.207Z,178496801020700
"""hsj @ PEMYRVPxOS"" checks",2026-07-25T08:26:48.194Z,178496800819400
"Flop:  [9♠, K♠, 4♦]",2026-07-25T08:26:45.767Z,178496800576700
"""hsj @ PEMYRVPxOS"" calls 150",2026-07-25T08:26:44.946Z,178496800494600
"""fully locked @ gpP9uUffpu"" raises to 150",2026-07-25T08:26:38.909Z,178496799890900
"""hsj @ PEMYRVPxOS"" posts a big blind of 50",2026-07-25T08:26:36.459Z,178496799645907
"""fully locked @ gpP9uUffpu"" posts a small blind of 25",2026-07-25T08:26:36.459Z,178496799645906
"Player stacks: #1 ""fully locked @ gpP9uUffpu"" (5000) | #2 ""hsj @ PEMYRVPxOS"" (5000)",2026-07-25T08:26:36.459Z,178496799645903
"The player ""hsj @ PEMYRVPxOS"" joined the game with a stack of 5000.",2026-07-25T08:26:36.459Z,178496799645902
"The player ""fully locked @ gpP9uUffpu"" joined the game with a stack of 5000.",2026-07-25T08:26:36.459Z,178496799645901
"-- starting hand #1 (id: cpnfwxuqow3a)  No Limit Texas Hold'em (dealer: ""fully locked @ gpP9uUffpu"") --",2026-07-25T08:26:36.459Z,178496799645900
"The admin approved the player ""hsj @ PEMYRVPxOS"" participation with a stack of 5000.",2026-07-25T08:26:33.932Z,178496799393200
"The player ""hsj @ PEMYRVPxOS"" requested a seat.",2026-07-25T08:26:30.324Z,178496799032400
"The game's ante was changed from 0 to 0.",2026-07-25T08:25:03.608Z,178496790360803
"The game's big blind was changed from 20 to 50.",2026-07-25T08:25:03.608Z,178496790360802
"The game's small blind was changed from 10 to 25.",2026-07-25T08:25:03.608Z,178496790360801
"Game Config Changes
* Nit Minimum Players: off » 3
* Allow Rebuy: off » off
* Blind Schedule: L1: 10/20 » L1: 25/50
* Rabbit Hunt: off » on
* Allow Run it Twice: no » ask players
* Restart Blind Schedule at Level: none » 1",2026-07-25T08:25:03.608Z,178496790360800
"The admin approved the player ""fully locked @ gpP9uUffpu"" participation with a stack of 5000.",2026-07-25T08:24:55.402Z,178496789540201
"The player ""fully locked @ gpP9uUffpu"" requested a seat.",2026-07-25T08:24:55.402Z,178496789540200
