entry,at,order
"The player ""the pho king @ gpP9uUffpu"" quits the game with a stack of 4000.",2026-08-28T04:05:26.565Z,178788992656500
"""the pho king @ gpP9uUffpu"" shows a 7♠, 2♠.",2026-08-28T04:05:20.983Z,178788992098300
"-- ending hand #444 --",2026-08-28T04:05:20.051Z,178788992005102
"""LingWae @ FQN9hzhzP_"" collected 704 from pot with Two Pair, A's & J's (combination: 10♥, J♥, J♦, A♣, A♥)",2026-08-28T04:05:20.051Z,178788992005101
"""LingWae @ FQN9hzhzP_"" shows a J♥, A♣.",2026-08-28T04:05:20.051Z,178788992005100
"""the pho king @ gpP9uUffpu"" checks",2026-08-28T04:05:19.148Z,178788991914800
"""LingWae @ FQN9hzhzP_"" checks",2026-08-28T04:05:18.223Z,178788991822300
"River: 6♥, 4♣, J♦, 10♥ [A♥]",2026-08-28T04:05:16.648Z,178788991664800
"""the pho king @ gpP9uUffpu"" checks",2026-08-28T04:05:15.787Z,178788991578700
"""LingWae @ FQN9hzhzP_"" checks",2026-08-28T04:05:14.850Z,178788991485000
"Turn: 6♥, 4♣, J♦ [10♥]",2026-08-28T04:05:13.930Z,178788991393000
"""the pho king @ gpP9uUffpu"" checks",2026-08-28T04:05:13.112Z,178788991311200
"""LingWae @ FQN9hzhzP_"" checks",2026-08-28T04:05:12.201Z,178788991220100
"Flop:  [6♥, 4♣, J♦]",2026-08-28T04:04:54.770Z,178788989477000
"""LingWae @ FQN9hzhzP_"" calls 352",2026-08-28T04:04:53.967Z,178788989396700
"""the pho king @ gpP9uUffpu"" raises to 352",2026-08-28T04:04:53.021Z,178788989302100
"""LingWae @ FQN9hzhzP_"" posts a big blind of 20",2026-08-28T04:04:49.368Z,178788988936805
"""the pho king @ gpP9uUffpu"" posts a small blind of 10",2026-08-28T04:04:49.368Z,178788988936804
"Your hand is 7♠, 2♠",2026-08-28T04:04:49.368Z,178788988936803
"Player stacks: #1 ""LingWae @ FQN9hzhzP_"" (2648) | #10 ""the pho king @ gpP9uUffpu"" (4352)",2026-08-28T04:04:49.368Z,178788988936801
"-- starting hand #444 (id: ek9nvifzq6fx)  No Limit Texas Hold'em (dealer: ""the pho king @ gpP9uUffpu"") --",2026-08-28T04:04:49.368Z,178788988936800
"""LingWae @ FQN9hzhzP_"" shows a J♣, 3♥.",2026-08-28T04:04:45.066Z,178788988506600
"Undealt cards:  [5♦, 2♣, J♦, 5♣, 5♠]",2026-08-28T04:04:44.385Z,178788988438500
"-- ending hand #443 --",2026-08-28T04:04:42.687Z,178788988268702
"""the pho king @ gpP9uUffpu"" collected 40 from pot",2026-08-28T04:04:42.687Z,178788988268701
"Uncalled bet of 312 returned to ""the pho king @ gpP9uUffpu""",2026-08-28T04:04:42.687Z,178788988268700
"""LingWae @ FQN9hzhzP_"" folds",2026-08-28T04:04:41.877Z,178788988187700
"""the pho king @ gpP9uUffpu"" raises to 332",2026-08-28T04:04:40.248Z,178788988024800
"""LingWae @ FQN9hzhzP_"" calls 20",2026-08-28T04:04:35.234Z,178788987523400
"""the pho king @ gpP9uUffpu"" posts a big blind of 20",2026-08-28T04:04:33.154Z,178788987315405
"""LingWae @ FQN9hzhzP_"" posts a small blind of 10",2026-08-28T04:04:33.154Z,178788987315404
"Player stacks: #1 ""LingWae @ FQN9hzhzP_"" (2668) | #10 ""the pho king @ gpP9uUffpu"" (4332)",2026-08-28T04:04:33.154Z,178788987315401
"-- starting hand #443 (id: yf0ri8rdnsph)  No Limit Texas Hold'em (dealer: ""LingWae @ FQN9hzhzP_"") --",2026-08-28T04:04:33.154Z,178788987315400
"""LingWae @ FQN9hzhzP_"" shows a 7♦, 4♣.",2026-08-28T04:04:27.859Z,178788986785900
"Undealt cards:  [Q♦, A♠, 10♥, Q♥, 2♣]",2026-08-28T04:04:27.536Z,178788986753600
"""the pho king @ gpP9uUffpu"" shows a 8♦, 3♠.",2026-08-28T04:04:26.923Z,178788986692300
"-- ending hand #442 --",2026-08-28T04:04:25.830Z,178788986583002
"""the pho king @ gpP9uUffpu"" collected 40 from pot",2026-08-28T04:04:25.830Z,178788986583001
"Uncalled bet of 282 returned to ""the pho king @ gpP9uUffpu""",2026-08-28T04:04:25.830Z,178788986583000
"""LingWae @ FQN9hzhzP_"" folds",2026-08-28T04:04:24.989Z,178788986498900
"""the pho king @ gpP9uUffpu"" raises to 302",2026-08-28T04:04:16.746Z,178788985674600
"""LingWae @ FQN9hzhzP_"" posts a big blind of 20",2026-08-28T04:04:10.787Z,178788985078705
"""the pho king @ gpP9uUffpu"" posts a small blind of 10",2026-08-28T04:04:10.787Z,178788985078704
"Your hand is 8♦, 3♠",2026-08-28T04:04:10.787Z,178788985078703
"Player stacks: #1 ""LingWae @ FQN9hzhzP_"" (2688) | #10 ""the pho king @ gpP9uUffpu"" (4312)",2026-08-28T04:04:10.787Z,178788985078701
"-- starting hand #442 (id: kdm4qmc9muru)  No Limit Texas Hold'em (dealer: ""the pho king @ gpP9uUffpu"") --",2026-08-28T04:04:10.787Z,178788985078700
"""LingWae @ FQN9hzhzP_"" shows a 10♠.",2026-08-28T04:04:08.726Z,178788984872600
"-- ending hand #441 --",2026-08-28T04:04:07.185Z,178788984718502
"""LingWae @ FQN9hzhzP_"" collected 388 from pot",2026-08-28T04:04:07.185Z,178788984718501
"Uncalled bet of 167 returned to ""LingWae @ FQN9hzhzP_""",2026-08-28T04:04:07.185Z,178788984718500
"""the pho king @ gpP9uUffpu"" folds",2026-08-28T04:04:06.362Z,178788984636200
"""LingWae @ FQN9hzhzP_"" bets 167",2026-08-28T04:04:04.500Z,178788984450000
"""the pho king @ gpP9uUffpu"" checks",2026-08-28T04:04:00.195Z,178788984019500
"River: 8♥, 10♣, 3♣, 8♠ [6♠]",2026-08-28T04:03:58.939Z,178788983893900
"""the pho king @ gpP9uUffpu"" calls 67",2026-08-28T04:03:58.104Z,178788983810400
"""LingWae @ FQN9hzhzP_"" bets 67",2026-08-28T04:03:51.066Z,178788983106600
"""the pho king @ gpP9uUffpu"" checks",2026-08-28T04:03:48.801Z,178788982880100
"Turn: 8♥, 10♣, 3♣ [8♠]",2026-08-28T04:03:47.849Z,178788982784900
"""the pho king @ gpP9uUffpu"" calls 67",2026-08-28T04:03:47.030Z,178788982703000
"""LingWae @ FQN9hzhzP_"" bets 67",2026-08-28T04:03:46.081Z,178788982608100
"""the pho king @ gpP9uUffpu"" checks",2026-08-28T04:03:42.962Z,178788982296200
"Flop:  [8♥, 10♣, 3♣]",2026-08-28T04:03:41.943Z,178788982194300
"""LingWae @ FQN9hzhzP_"" calls 60",2026-08-28T04:03:41.116Z,178788982111600
"""the pho king @ gpP9uUffpu"" raises to 60",2026-08-28T04:03:39.624Z,178788981962400
"""LingWae @ FQN9hzhzP_"" calls 20",2026-08-28T04:03:37.120Z,178788981712000
"""the pho king @ gpP9uUffpu"" posts a big blind of 20",2026-08-28T04:03:34.103Z,178788981410305
"""LingWae @ FQN9hzhzP_"" posts a small blind of 10",2026-08-28T04:03:34.103Z,178788981410304
"Player stacks: #1 ""LingWae @ FQN9hzhzP_"" (2494) | #10 ""the pho king @ gpP9uUffpu"" (4506)",2026-08-28T04:03:34.103Z,178788981410301
"-- starting hand #441 (id: xvouorskovhv)  No Limit Texas Hold'em (dealer: ""LingWae @ FQN9hzhzP_"") --",2026-08-28T04:03:34.103Z,178788981410300
"""LingWae @ FQN9hzhzP_"" shows a 9♣.",2026-08-28T04:03:32.616Z,178788981261600
"-- ending hand #440 --",2026-08-28T04:03:30.499Z,178788981049902
"""LingWae @ FQN9hzhzP_"" collected 602 from pot",2026-08-28T04:03:30.499Z,178788981049901
"Uncalled bet of 420 returned to ""LingWae @ FQN9hzhzP_""",2026-08-28T04:03:30.499Z,178788981049900
"""the pho king @ gpP9uUffpu"" folds",2026-08-28T04:03:29.666Z,178788980966600
"""LingWae @ FQN9hzhzP_"" bets 420",2026-08-28T04:03:28.101Z,178788980810100
"River: 4♠, Q♥, 6♦, 7♥ [2♣]",2026-08-28T04:03:25.557Z,178788980555700
"""the pho king @ gpP9uUffpu"" calls 167",2026-08-28T04:03:24.744Z,178788980474400
"""LingWae @ FQN9hzhzP_"" bets 167",2026-08-28T04:03:22.849Z,178788980284900
"Turn: 4♠, Q♥, 6♦ [7♥]",2026-08-28T04:03:20.194Z,178788980019400
"""the pho king @ gpP9uUffpu"" calls 67",2026-08-28T04:03:19.391Z,178788979939100
"""LingWae @ FQN9hzhzP_"" bets 67",2026-08-28T04:03:18.437Z,178788979843700
"Flop:  [4♠, Q♥, 6♦]",2026-08-28T04:03:14.992Z,178788979499200
"""the pho king @ gpP9uUffpu"" calls 67",2026-08-28T04:03:14.186Z,178788979418600
"""LingWae @ FQN9hzhzP_"" raises to 67",2026-08-28T04:03:12.371Z,178788979237100
"""the pho king @ gpP9uUffpu"" calls 20",2026-08-28T04:03:09.904Z,178788978990400
"""LingWae @ FQN9hzhzP_"" posts a big blind of 20",2026-08-28T04:03:08.485Z,178788978848505
"""the pho king @ gpP9uUffpu"" posts a small blind of 10",2026-08-28T04:03:08.485Z,178788978848504
"Player stacks: #1 ""LingWae @ FQN9hzhzP_"" (2193) | #10 ""the pho king @ gpP9uUffpu"" (4807)",2026-08-28T04:03:08.485Z,178788978848501
"-- starting hand #440 (id: wfcimiotgbax)  No Limit Texas Hold'em (dealer: ""the pho king @ gpP9uUffpu"") --",2026-08-28T04:03:08.485Z,178788978848500
"""LingWae @ FQN9hzhzP_"" shows a A♣.",2026-08-28T04:03:04.999Z,178788978499900
"Undealt cards:  [4♣, 9♦, 6♥, 9♣, A♥]",2026-08-28T04:03:02.191Z,178788978219100
"-- ending hand #439 --",2026-08-28T04:03:01.878Z,178788978187802
"""LingWae @ FQN9hzhzP_"" collected 40 from pot",2026-08-28T04:03:01.878Z,178788978187801
"Uncalled bet of 147 returned to ""LingWae @ FQN9hzhzP_""",2026-08-28T04:03:01.878Z,178788978187800
"""the pho king @ gpP9uUffpu"" folds",2026-08-28T04:03:01.029Z,178788978102900
"""LingWae @ FQN9hzhzP_"" raises to 167",2026-08-28T04:02:59.805Z,178788977980500
"""the pho king @ gpP9uUffpu"" posts a big blind of 20",2026-08-28T04:02:56.586Z,178788977658605
"""LingWae @ FQN9hzhzP_"" posts a small blind of 10",2026-08-28T04:02:56.586Z,178788977658604
"Player stacks: #1 ""LingWae @ FQN9hzhzP_"" (2173) | #10 ""the pho king @ gpP9uUffpu"" (4827)",2026-08-28T04:02:56.586Z,178788977658601
"-- starting hand #439 (id: l4kdruicneei)  No Limit Texas Hold'em (dealer: ""LingWae @ FQN9hzhzP_"") --",2026-08-28T04:02:56.586Z,178788977658600
"""LingWae @ FQN9hzhzP_"" shows a 7♦, K♥.",2026-08-28T04:02:54.393Z,178788977439300
"-- ending hand #438 --",2026-08-28T04:02:50.062Z,178788977006202
"""the pho king @ gpP9uUffpu"" collected 240 from pot with Two Pair, 9's & 6's (combination: J♦, 6♦, 6♣, 9♠, 9♦)",2026-08-28T04:02:50.062Z,178788977006201
"""the pho king @ gpP9uUffpu"" shows a 9♠, J♦.",2026-08-28T04:02:50.062Z,178788977006200
"""LingWae @ FQN9hzhzP_"" calls 20",2026-08-28T04:02:49.231Z,178788976923100
"""the pho king @ gpP9uUffpu"" bets 20",2026-08-28T04:02:44.908Z,178788976490800
"""LingWae @ FQN9hzhzP_"" checks",2026-08-28T04:02:43.610Z,178788976361000
"River: 2♦, 9♦, 5♣, 6♦ [6♣]",2026-08-28T04:02:40.153Z,178788976015300
"""the pho king @ gpP9uUffpu"" calls 20",2026-08-28T04:02:39.345Z,178788975934500
"""LingWae @ FQN9hzhzP_"" bets 20",2026-08-28T04:02:38.372Z,178788975837200
"Turn: 2♦, 9♦, 5♣ [6♦]",2026-08-28T04:02:34.349Z,178788975434900
"""LingWae @ FQN9hzhzP_"" calls 20",2026-08-28T04:02:33.532Z,178788975353200
"""the pho king @ gpP9uUffpu"" bets 20",2026-08-28T04:02:32.545Z,178788975254500
"""LingWae @ FQN9hzhzP_"" checks",2026-08-28T04:02:26.429Z,178788974642900
"Flop:  [2♦, 9♦, 5♣]",2026-08-28T04:02:22.957Z,178788974295700
"""LingWae @ FQN9hzhzP_"" calls 60",2026-08-28T04:02:22.154Z,178788974215400
"""the pho king @ gpP9uUffpu"" raises to 60",2026-08-28T04:02:21.230Z,178788974123000
"""LingWae @ FQN9hzhzP_"" posts a big blind of 20",2026-08-28T04:02:18.944Z,178788973894405
"""the pho king @ gpP9uUffpu"" posts a small blind of 10",2026-08-28T04:02:18.944Z,178788973894404
"Your hand is 9♠, J♦",2026-08-28T04:02:18.944Z,178788973894403
"Player stacks: #1 ""LingWae @ FQN9hzhzP_"" (2293) | #10 ""the pho king @ gpP9uUffpu"" (4707)",2026-08-28T04:02:18.944Z,178788973894401
"-- starting hand #438 (id: ilzxd7btn1ly)  No Limit Texas Hold'em (dealer: ""the pho king @ gpP9uUffpu"") --",2026-08-28T04:02:18.944Z,178788973894400
"""LingWae @ FQN9hzhzP_"" shows a K♣.",2026-08-28T04:02:16.135Z,178788973613500
"-- ending hand #437 --",2026-08-28T04:02:15.323Z,178788973532302
"""LingWae @ FQN9hzhzP_"" collected 266 from pot",2026-08-28T04:02:15.323Z,178788973532301
"Uncalled bet of 167 returned to ""LingWae @ FQN9hzhzP_""",2026-08-28T04:02:15.323Z,178788973532300
"""the pho king @ gpP9uUffpu"" folds",2026-08-28T04:02:14.499Z,178788973449900
"""LingWae @ FQN9hzhzP_"" bets 167",2026-08-28T04:02:12.353Z,178788973235300
"""the pho king @ gpP9uUffpu"" checks",2026-08-28T04:02:09.345Z,178788972934500
"River: 5♠, J♥, K♥, 6♠ [10♦]",2026-08-28T04:02:07.715Z,178788972771500
"""the pho king @ gpP9uUffpu"" calls 67",2026-08-28T04:02:06.872Z,178788972687200
"""LingWae @ FQN9hzhzP_"" bets 67",2026-08-28T04:02:05.957Z,178788972595700
"""the pho king @ gpP9uUffpu"" checks",2026-08-28T04:02:01.458Z,178788972145800
"Turn: 5♠, J♥, K♥ [6♠]",2026-08-28T04:02:00.483Z,178788972048300
"""the pho king @ gpP9uUffpu"" calls 46",2026-08-28T04:01:59.663Z,178788971966300
"""LingWae @ FQN9hzhzP_"" raises to 46",2026-08-28T04:01:58.567Z,178788971856700
"""the pho king @ gpP9uUffpu"" bets 20",2026-08-28T04:01:54.617Z,178788971461700
"Flop:  [5♠, J♥, K♥]",2026-08-28T04:01:52.993Z,178788971299300
"""the pho king @ gpP9uUffpu"" checks",2026-08-28T04:01:52.158Z,178788971215800
"""LingWae @ FQN9hzhzP_"" calls 20",2026-08-28T04:01:50.926Z,178788971092600
"""the pho king @ gpP9uUffpu"" posts a big blind of 20",2026-08-28T04:01:47.864Z,178788970786405
"""LingWae @ FQN9hzhzP_"" posts a small blind of 10",2026-08-28T04:01:47.864Z,178788970786404
"Player stacks: #1 ""LingWae @ FQN9hzhzP_"" (2160) | #10 ""the pho king @ gpP9uUffpu"" (4840)",2026-08-28T04:01:47.864Z,178788970786401
"-- starting hand #437 (id: rfndbaivi3qh)  No Limit Texas Hold'em (dealer: ""LingWae @ FQN9hzhzP_"") --",2026-08-28T04:01:47.864Z,178788970786400
"""the pho king @ gpP9uUffpu"" shows a K♦.",2026-08-28T04:01:45.354Z,178788970535400
"""LingWae @ FQN9hzhzP_"" shows a 5♣, 5♥.",2026-08-28T04:01:44.292Z,178788970429200
"-- ending hand #436 --",2026-08-28T04:01:43.553Z,178788970355302
"""the pho king @ gpP9uUffpu"" collected 1120 from pot",2026-08-28T04:01:43.553Z,178788970355301
"Uncalled bet of 200 returned to ""the pho king @ gpP9uUffpu""",2026-08-28T04:01:43.553Z,178788970355300
"""LingWae @ FQN9hzhzP_"" folds",2026-08-28T04:01:42.726Z,178788970272600
"""the pho king @ gpP9uUffpu"" bets 200",2026-08-28T04:01:39.802Z,178788969980200
"""LingWae @ FQN9hzhzP_"" checks",2026-08-28T04:01:37.126Z,178788969712600
"River: 7♠, K♣, 10♥, 4♥ [3♠]",2026-08-28T04:01:31.141Z,178788969114100
"""LingWae @ FQN9hzhzP_"" calls 140",2026-08-28T04:01:30.270Z,178788969027000
"""the pho king @ gpP9uUffpu"" bets 140",2026-08-28T04:01:28.624Z,178788968862400
"""LingWae @ FQN9hzhzP_"" checks",2026-08-28T04:01:26.459Z,178788968645900
"Turn: 7♠, K♣, 10♥ [4♥]",2026-08-28T04:01:23.733Z,178788968373300
"""the pho king @ gpP9uUffpu"" checks",2026-08-28T04:01:22.856Z,178788968285600
"""LingWae @ FQN9hzhzP_"" checks",2026-08-28T04:01:21.951Z,178788968195100
"Flop:  [7♠, K♣, 10♥]",2026-08-28T04:01:09.541Z,178788966954100
"""LingWae @ FQN9hzhzP_"" calls 420",2026-08-28T04:01:08.711Z,178788966871100
"""the pho king @ gpP9uUffpu"" raises to 420",2026-08-28T04:01:07.338Z,178788966733800
"""LingWae @ FQN9hzhzP_"" raises to 240",2026-08-28T04:01:05.281Z,178788966528100
"""the pho king @ gpP9uUffpu"" raises to 60",2026-08-28T04:01:01.721Z,178788966172100
"""LingWae @ FQN9hzhzP_"" posts a big blind of 20",2026-08-28T04:00:59.834Z,178788965983405
"""the pho king @ gpP9uUffpu"" posts a small blind of 10",2026-08-28T04:00:59.834Z,178788965983404
"Player stacks: #1 ""LingWae @ FQN9hzhzP_"" (2720) | #10 ""the pho king @ gpP9uUffpu"" (4280)",2026-08-28T04:00:59.834Z,178788965983401
"-- starting hand #436 (id: zbwso6p8nnh2)  No Limit Texas Hold'em (dealer: ""the pho king @ gpP9uUffpu"") --",2026-08-28T04:00:59.834Z,178788965983400
"-- ending hand #435 --",2026-08-28T04:00:53.797Z,178788965379702
"""LingWae @ FQN9hzhzP_"" collected 602 from pot with Three of a Kind, 9's (combination: 6♣, 7♣, 9♦, 9♠, 9♣)",2026-08-28T04:00:53.797Z,178788965379701
"""LingWae @ FQN9hzhzP_"" shows a 9♦, 9♠.",2026-08-28T04:00:53.797Z,178788965379700
"""the pho king @ gpP9uUffpu"" calls 67",2026-08-28T04:00:52.979Z,178788965297900
"""LingWae @ FQN9hzhzP_"" bets 67",2026-08-28T04:00:51.878Z,178788965187800
"""the pho king @ gpP9uUffpu"" checks",2026-08-28T04:00:49.215Z,178788964921500
"River: 2♦, 6♣, 7♣, 9♣ [3♦]",2026-08-28T04:00:48.458Z,178788964845800
"""LingWae @ FQN9hzhzP_"" checks",2026-08-28T04:00:47.630Z,178788964763000
"""the pho king @ gpP9uUffpu"" checks",2026-08-28T04:00:45.665Z,178788964566500
"Turn: 2♦, 6♣, 7♣ [9♣]",2026-08-28T04:00:44.759Z,178788964475900
"""the pho king @ gpP9uUffpu"" calls 67",2026-08-28T04:00:43.941Z,178788964394100
"""LingWae @ FQN9hzhzP_"" bets 67",2026-08-28T04:00:42.999Z,178788964299900
"""the pho king @ gpP9uUffpu"" checks",2026-08-28T04:00:39.517Z,178788963951700
"Flop:  [2♦, 6♣, 7♣]",2026-08-28T04:00:37.845Z,178788963784500
"""the pho king @ gpP9uUffpu"" calls 167",2026-08-28T04:00:36.985Z,178788963698500
"""LingWae @ FQN9hzhzP_"" raises to 167",2026-08-28T04:00:35.750Z,178788963575000
"""the pho king @ gpP9uUffpu"" posts a big blind of 20",2026-08-28T04:00:32.541Z,178788963254105
"""LingWae @ FQN9hzhzP_"" posts a small blind of 10",2026-08-28T04:00:32.541Z,178788963254104
"Player stacks: #1 ""LingWae @ FQN9hzhzP_"" (2419) | #10 ""the pho king @ gpP9uUffpu"" (4581)",2026-08-28T04:00:32.541Z,178788963254101
"-- starting hand #435 (id: yvtjskjxpczu)  No Limit Texas Hold'em (dealer: ""LingWae @ FQN9hzhzP_"") --",2026-08-28T04:00:32.541Z,178788963254100
"""the pho king @ gpP9uUffpu"" shows a Q♣.",2026-08-28T04:00:28.432Z,178788962843200
"""LingWae @ FQN9hzhzP_"" shows a J♣, J♦.",2026-08-28T04:00:27.344Z,178788962734400
"Undealt cards:  [8♦, Q♥, A♠, 5♠, 5♣]",2026-08-28T04:00:26.217Z,178788962621700
"-- ending hand #434 --",2026-08-28T04:00:25.230Z,178788962523002
"""LingWae @ FQN9hzhzP_"" collected 40 from pot",2026-08-28T04:00:25.230Z,178788962523001
"Uncalled bet of 47 returned to ""LingWae @ FQN9hzhzP_""",2026-08-28T04:00:25.230Z,178788962523000
"""the pho king @ gpP9uUffpu"" folds",2026-08-28T04:00:24.389Z,178788962438900
"""LingWae @ FQN9hzhzP_"" raises to 67",2026-08-28T04:00:23.331Z,178788962333100
"""the pho king @ gpP9uUffpu"" calls 20",2026-08-28T04:00:20.173Z,178788962017300
"""LingWae @ FQN9hzhzP_"" posts a big blind of 20",2026-08-28T04:00:17.795Z,178788961779505
"""the pho king @ gpP9uUffpu"" posts a small blind of 10",2026-08-28T04:00:17.795Z,178788961779504
"Player stacks: #1 ""LingWae @ FQN9hzhzP_"" (2399) | #10 ""the pho king @ gpP9uUffpu"" (4601)",2026-08-28T04:00:17.795Z,178788961779501
"-- starting hand #434 (id: elnnhtn45jvd)  No Limit Texas Hold'em (dealer: ""the pho king @ gpP9uUffpu"") --",2026-08-28T04:00:17.795Z,178788961779500
"""LingWae @ FQN9hzhzP_"" shows a 8♣, A♠.",2026-08-28T04:00:13.980Z,178788961398000
"-- ending hand #433 --",2026-08-28T04:00:11.271Z,178788961127102
"""the pho king @ gpP9uUffpu"" collected 314 from pot with Two Pair, 10's & 2's (combination: K♠, 2♣, 2♠, 10♦, 10♣)",2026-08-28T04:00:11.271Z,178788961127101
"""the pho king @ gpP9uUffpu"" shows a K♠, 10♦.",2026-08-28T04:00:11.271Z,178788961127100
"""LingWae @ FQN9hzhzP_"" checks",2026-08-28T04:00:10.421Z,178788961042100
"""the pho king @ gpP9uUffpu"" checks",2026-08-28T04:00:08.297Z,178788960829700
"River: 3♦, 2♣, 10♣, 5♣ [2♠]",2026-08-28T04:00:07.212Z,178788960721200
"""the pho king @ gpP9uUffpu"" calls 67",2026-08-28T04:00:06.383Z,178788960638300
"""LingWae @ FQN9hzhzP_"" raises to 67",2026-08-28T04:00:05.444Z,178788960544400
"""the pho king @ gpP9uUffpu"" bets 20",2026-08-28T04:00:02.860Z,178788960286000
"Turn: 3♦, 2♣, 10♣ [5♣]",2026-08-28T04:00:01.586Z,178788960158600
"""LingWae @ FQN9hzhzP_"" calls 40",2026-08-28T04:00:00.760Z,178788960076000
"""the pho king @ gpP9uUffpu"" raises to 40",2026-08-28T03:59:59.783Z,178788959978300
"""LingWae @ FQN9hzhzP_"" bets 20",2026-08-28T03:59:58.089Z,178788959808900
"""the pho king @ gpP9uUffpu"" checks",2026-08-28T03:59:55.663Z,178788959566300
"Flop:  [3♦, 2♣, 10♣]",2026-08-28T03:59:54.777Z,178788959477700
"""the pho king @ gpP9uUffpu"" calls 50",2026-08-28T03:59:53.950Z,178788959395000
"""LingWae @ FQN9hzhzP_"" raises to 50",2026-08-28T03:59:53.023Z,178788959302300
"""the pho king @ gpP9uUffpu"" posts a big blind of 20",2026-08-28T03:59:46.317Z,178788958631705
"""LingWae @ FQN9hzhzP_"" posts a small blind of 10",2026-08-28T03:59:46.317Z,178788958631704
"Your hand is K♠, 10♦",2026-08-28T03:59:46.317Z,178788958631703
"Player stacks: #1 ""LingWae @ FQN9hzhzP_"" (2556) | #10 ""the pho king @ gpP9uUffpu"" (4444)",2026-08-28T03:59:46.317Z,178788958631701
"-- starting hand #433 (id: reqewtlhybfo)  No Limit Texas Hold'em (dealer: ""LingWae @ FQN9hzhzP_"") --",2026-08-28T03:59:46.317Z,178788958631700
"""LingWae @ FQN9hzhzP_"" shows a 7♣, 5♣.",2026-08-28T03:59:43.205Z,178788958320500
"Undealt cards:  [3♠, 5♠, 8♣, 6♣, J♣]",2026-08-28T03:59:40.393Z,178788958039300
"-- ending hand #432 --",2026-08-28T03:59:39.704Z,178788957970402
"""LingWae @ FQN9hzhzP_"" collected 40 from pot",2026-08-28T03:59:39.704Z,178788957970401
"Uncalled bet of 480 returned to ""LingWae @ FQN9hzhzP_""",2026-08-28T03:59:39.704Z,178788957970400
"""the pho king @ gpP9uUffpu"" folds",2026-08-28T03:59:38.888Z,178788957888800
"""LingWae @ FQN9hzhzP_"" raises to 500",2026-08-28T03:59:37.784Z,178788957778400
"""the pho king @ gpP9uUffpu"" calls 20",2026-08-28T03:59:35.158Z,178788957515800
"""LingWae @ FQN9hzhzP_"" posts a big blind of 20",2026-08-28T03:59:31.889Z,178788957188905
"""the pho king @ gpP9uUffpu"" posts a small blind of 10",2026-08-28T03:59:31.889Z,178788957188904
"Player stacks: #1 ""LingWae @ FQN9hzhzP_"" (2536) | #10 ""the pho king @ gpP9uUffpu"" (4464)",2026-08-28T03:59:31.889Z,178788957188901
"-- starting hand #432 (id: 75eu1eo9t1qk)  No Limit Texas Hold'em (dealer: ""the pho king @ gpP9uUffpu"") --",2026-08-28T03:59:31.889Z,178788957188900
"""LingWae @ FQN9hzhzP_"" shows a 5♦, 3♠.",2026-08-28T03:59:29.124Z,178788956912400
"-- ending hand #431 --",2026-08-28T03:59:28.230Z,178788956823002
"""LingWae @ FQN9hzhzP_"" collected 80 from pot",2026-08-28T03:59:28.230Z,178788956823001
"Uncalled bet of 60 returned to ""LingWae @ FQN9hzhzP_""",2026-08-28T03:59:28.230Z,178788956823000
"""the pho king @ gpP9uUffpu"" folds",2026-08-28T03:59:27.409Z,178788956740900
"""LingWae @ FQN9hzhzP_"" raises to 80",2026-08-28T03:59:25.099Z,178788956509900
"""the pho king @ gpP9uUffpu"" bets 20",2026-08-28T03:59:21.984Z,178788956198400
"River: 3♦, 8♠, K♦, J♦ [5♥]",2026-08-28T03:59:20.794Z,178788956079400
"""LingWae @ FQN9hzhzP_"" checks",2026-08-28T03:59:19.957Z,178788955995700
"""the pho king @ gpP9uUffpu"" checks",2026-08-28T03:59:18.997Z,178788955899700
"Turn: 3♦, 8♠, K♦ [J♦]",2026-08-28T03:59:17.346Z,178788955734600
"""LingWae @ FQN9hzhzP_"" checks",2026-08-28T03:59:16.504Z,178788955650400
"""the pho king @ gpP9uUffpu"" checks",2026-08-28T03:59:14.611Z,178788955461100
"Flop:  [3♦, 8♠, K♦]",2026-08-28T03:59:12.485Z,178788955248500
"""the pho king @ gpP9uUffpu"" checks",2026-08-28T03:59:11.663Z,178788955166300
"""LingWae @ FQN9hzhzP_"" calls 20",2026-08-28T03:59:07.839Z,178788954783900
"""the pho king @ gpP9uUffpu"" posts a big blind of 20",2026-08-28T03:59:06.082Z,178788954608205
"""LingWae @ FQN9hzhzP_"" posts a small blind of 10",2026-08-28T03:59:06.082Z,178788954608204
"Player stacks: #1 ""LingWae @ FQN9hzhzP_"" (2496) | #10 ""the pho king @ gpP9uUffpu"" (4504)",2026-08-28T03:59:06.082Z,178788954608201
"-- starting hand #431 (id: vocabiwipy4b)  No Limit Texas Hold'em (dealer: ""LingWae @ FQN9hzhzP_"") --",2026-08-28T03:59:06.082Z,178788954608200
"""LingWae @ FQN9hzhzP_"" shows a 8♦, J♣.",2026-08-28T03:59:01.293Z,178788954129300
"Undealt cards:  [9♠, 4♥, 10♦, Q♠, 7♠]",2026-08-28T03:59:00.596Z,178788954059600
"-- ending hand #430 --",2026-08-28T03:58:59.452Z,178788953945202
"""LingWae @ FQN9hzhzP_"" collected 20 from pot",2026-08-28T03:58:59.452Z,178788953945201
"Uncalled bet of 10 returned to ""LingWae @ FQN9hzhzP_""",2026-08-28T03:58:59.452Z,178788953945200
"""the pho king @ gpP9uUffpu"" folds",2026-08-28T03:58:58.637Z,178788953863700
"""LingWae @ FQN9hzhzP_"" posts a big blind of 20",2026-08-28T03:58:56.673Z,178788953667305
"""the pho king @ gpP9uUffpu"" posts a small blind of 10",2026-08-28T03:58:56.673Z,178788953667304
"Player stacks: #1 ""LingWae @ FQN9hzhzP_"" (2486) | #10 ""the pho king @ gpP9uUffpu"" (4514)",2026-08-28T03:58:56.673Z,178788953667301
"-- starting hand #430 (id: gsa6ybjxmawi)  No Limit Texas Hold'em (dealer: ""the pho king @ gpP9uUffpu"") --",2026-08-28T03:58:56.673Z,178788953667300
"-- ending hand #429 --",2026-08-28T03:58:50.666Z,178788953066603
"""LingWae @ FQN9hzhzP_"" collected 536 from pot with Two Pair, 9's & 7's (combination: K♣, 7♥, 7♠, 9♣, 9♠)",2026-08-28T03:58:50.666Z,178788953066602
"""LingWae @ FQN9hzhzP_"" shows a 7♥, 8♠.",2026-08-28T03:58:50.666Z,178788953066601
"""the pho king @ gpP9uUffpu"" shows a 3♦, J♦.",2026-08-28T03:58:50.666Z,178788953066600
"""LingWae @ FQN9hzhzP_"" calls 134",2026-08-28T03:58:49.859Z,178788952985900
"""the pho king @ gpP9uUffpu"" bets 134",2026-08-28T03:58:48.934Z,178788952893400
"River: 9♣, 7♠, 10♠, K♣ [9♠]",2026-08-28T03:58:46.241Z,178788952624100
"""LingWae @ FQN9hzhzP_"" checks",2026-08-28T03:58:45.377Z,178788952537700
"""the pho king @ gpP9uUffpu"" checks",2026-08-28T03:58:44.145Z,178788952414500
"Turn: 9♣, 7♠, 10♠ [K♣]",2026-08-28T03:58:43.442Z,178788952344200
"""the pho king @ gpP9uUffpu"" calls 67",2026-08-28T03:58:42.637Z,178788952263700
"""LingWae @ FQN9hzhzP_"" bets 67",2026-08-28T03:58:41.578Z,178788952157800
"""the pho king @ gpP9uUffpu"" checks",2026-08-28T03:58:38.132Z,178788951813200
"Flop:  [9♣, 7♠, 10♠]",2026-08-28T03:58:36.151Z,178788951615100
"""the pho king @ gpP9uUffpu"" calls 67",2026-08-28T03:58:35.348Z,178788951534800
"""LingWae @ FQN9hzhzP_"" raises to 67",2026-08-28T03:58:34.408Z,178788951440800
"""the pho king @ gpP9uUffpu"" posts a big blind of 20",2026-08-28T03:58:31.608Z,178788951160805
"""LingWae @ FQN9hzhzP_"" posts a small blind of 10",2026-08-28T03:58:31.608Z,178788951160804
"Your hand is 3♦, J♦",2026-08-28T03:58:31.608Z,178788951160803
"Player stacks: #1 ""LingWae @ FQN9hzhzP_"" (2218) | #10 ""the pho king @ gpP9uUffpu"" (4782)",2026-08-28T03:58:31.608Z,178788951160801
"-- starting hand #429 (id: mhvl40kyifdz)  No Limit Texas Hold'em (dealer: ""LingWae @ FQN9hzhzP_"") --",2026-08-28T03:58:31.608Z,178788951160800
"-- ending hand #428 --",2026-08-28T03:58:25.599Z,178788950559903
"""the pho king @ gpP9uUffpu"" collected 192 from pot with Two Pair, 6's & 5's (combination: 10♣, 5♥, 5♠, 6♦, 6♥)",2026-08-28T03:58:25.599Z,178788950559902
"""the pho king @ gpP9uUffpu"" shows a 5♥, 2♦.",2026-08-28T03:58:25.599Z,178788950559901
"""LingWae @ FQN9hzhzP_"" shows a Q♠, 3♠.",2026-08-28T03:58:25.599Z,178788950559900
"""the pho king @ gpP9uUffpu"" calls 20",2026-08-28T03:58:24.745Z,178788950474500
"""LingWae @ FQN9hzhzP_"" bets 20",2026-08-28T03:58:23.811Z,178788950381100
"River: 4♦, 5♠, 6♦, 10♣ [6♥]",2026-08-28T03:58:22.195Z,178788950219500
"""the pho king @ gpP9uUffpu"" checks",2026-08-28T03:58:21.295Z,178788950129500
"""LingWae @ FQN9hzhzP_"" checks",2026-08-28T03:58:20.331Z,178788950033100
"Turn: 4♦, 5♠, 6♦ [10♣]",2026-08-28T03:58:18.689Z,178788949868900
"""the pho king @ gpP9uUffpu"" calls 36",2026-08-28T03:58:17.886Z,178788949788600
"""LingWae @ FQN9hzhzP_"" bets 36",2026-08-28T03:58:16.895Z,178788949689500
"Flop:  [4♦, 5♠, 6♦]",2026-08-28T03:58:10.987Z,178788949098700
"""LingWae @ FQN9hzhzP_"" calls 40",2026-08-28T03:58:10.136Z,178788949013600
"""the pho king @ gpP9uUffpu"" raises to 40",2026-08-28T03:58:09.188Z,178788948918800
"""LingWae @ FQN9hzhzP_"" posts a big blind of 20",2026-08-28T03:58:08.085Z,178788948808505
"""the pho king @ gpP9uUffpu"" posts a small blind of 10",2026-08-28T03:58:08.085Z,178788948808504
"Your hand is 5♥, 2♦",2026-08-28T03:58:08.085Z,178788948808503
"Player stacks: #1 ""LingWae @ FQN9hzhzP_"" (2314) | #10 ""the pho king @ gpP9uUffpu"" (4686)",2026-08-28T03:58:08.085Z,178788948808501
"-- starting hand #428 (id: sxvi6n74hrod)  No Limit Texas Hold'em (dealer: ""the pho king @ gpP9uUffpu"") --",2026-08-28T03:58:08.085Z,178788948808500
"""the pho king @ gpP9uUffpu"" shows a 2♦, 9♣.",2026-08-28T03:58:03.483Z,178788948348300
"""LingWae @ FQN9hzhzP_"" shows a A♥, 7♠.",2026-08-28T03:58:03.391Z,178788948339100
"Undealt cards: Q♥, 3♥, K♥ [J♦, A♣]",2026-08-28T03:58:01.147Z,178788948114700
"-- ending hand #427 --",2026-08-28T03:58:00.771Z,178788948077102
"""LingWae @ FQN9hzhzP_"" collected 40 from pot",2026-08-28T03:58:00.771Z,178788948077101
"Uncalled bet of 20 returned to ""LingWae @ FQN9hzhzP_""",2026-08-28T03:58:00.771Z,178788948077100
"""the pho king @ gpP9uUffpu"" folds",2026-08-28T03:57:59.892Z,178788947989200
"""LingWae @ FQN9hzhzP_"" bets 20",2026-08-28T03:57:58.962Z,178788947896200
"""the pho king @ gpP9uUffpu"" checks",2026-08-28T03:57:56.735Z,178788947673500
"Flop:  [Q♥, 3♥, K♥]",2026-08-28T03:57:55.758Z,178788947575800
"""the pho king @ gpP9uUffpu"" checks",2026-08-28T03:57:54.915Z,178788947491500
"""LingWae @ FQN9hzhzP_"" calls 20",2026-08-28T03:57:53.997Z,178788947399700
"""the pho king @ gpP9uUffpu"" posts a big blind of 20",2026-08-28T03:57:52.784Z,178788947278405
"""LingWae @ FQN9hzhzP_"" posts a small blind of 10",2026-08-28T03:57:52.784Z,178788947278404
"Your hand is 2♦, 9♣",2026-08-28T03:57:52.784Z,178788947278403
"Player stacks: #1 ""LingWae @ FQN9hzhzP_"" (2294) | #10 ""the pho king @ gpP9uUffpu"" (4706)",2026-08-28T03:57:52.784Z,178788947278401
"-- starting hand #427 (id: otafzobuqhcs)  No Limit Texas Hold'em (dealer: ""LingWae @ FQN9hzhzP_"") --",2026-08-28T03:57:52.784Z,178788947278400
"-- ending hand #426 --",2026-08-28T03:57:46.780Z,178788946678002
"""LingWae @ FQN9hzhzP_"" collected 80 from pot with Three of a Kind, 10's (combination: Q♠, K♣, 10♦, 10♠, 10♣)",2026-08-28T03:57:46.780Z,178788946678001
"""LingWae @ FQN9hzhzP_"" shows a Q♠, 9♣.",2026-08-28T03:57:46.780Z,178788946678000
"""the pho king @ gpP9uUffpu"" checks",2026-08-28T03:57:45.956Z,178788946595600
"""LingWae @ FQN9hzhzP_"" checks",2026-08-28T03:57:45.053Z,178788946505300
"River: 10♦, 10♠, 10♣, K♣ [8♠]",2026-08-28T03:57:43.183Z,178788946318300
"""the pho king @ gpP9uUffpu"" checks",2026-08-28T03:57:42.355Z,178788946235500
"""LingWae @ FQN9hzhzP_"" checks",2026-08-28T03:57:41.445Z,178788946144500
"Turn: 10♦, 10♠, 10♣ [K♣]",2026-08-28T03:57:39.853Z,178788945985300
"""the pho king @ gpP9uUffpu"" checks",2026-08-28T03:57:39.032Z,178788945903200
"""LingWae @ FQN9hzhzP_"" checks",2026-08-28T03:57:38.085Z,178788945808500
"Flop:  [10♦, 10♠, 10♣]",2026-08-28T03:57:35.771Z,178788945577100
"""LingWae @ FQN9hzhzP_"" calls 40",2026-08-28T03:57:34.951Z,178788945495100
"""the pho king @ gpP9uUffpu"" raises to 40",2026-08-28T03:57:33.045Z,178788945304500
"""LingWae @ FQN9hzhzP_"" posts a big blind of 20",2026-08-28T03:57:30.935Z,178788945093505
"""the pho king @ gpP9uUffpu"" posts a small blind of 10",2026-08-28T03:57:30.935Z,178788945093504
"Player stacks: #1 ""LingWae @ FQN9hzhzP_"" (2254) | #10 ""the pho king @ gpP9uUffpu"" (4746)",2026-08-28T03:57:30.935Z,178788945093501
"-- starting hand #426 (id: ds8iu8qimsdi)  No Limit Texas Hold'em (dealer: ""the pho king @ gpP9uUffpu"") --",2026-08-28T03:57:30.935Z,178788945093500
"""LingWae @ FQN9hzhzP_"" shows a J♦, A♦.",2026-08-28T03:57:28.341Z,178788944834100
"-- ending hand #425 --",2026-08-28T03:57:27.328Z,178788944732802
"""LingWae @ FQN9hzhzP_"" collected 454 from pot",2026-08-28T03:57:27.328Z,178788944732801
"Uncalled bet of 340 returned to ""LingWae @ FQN9hzhzP_""",2026-08-28T03:57:27.328Z,178788944732800
"""the pho king @ gpP9uUffpu"" folds",2026-08-28T03:57:26.470Z,178788944647000
"""LingWae @ FQN9hzhzP_"" raises to 360",2026-08-28T03:57:24.758Z,178788944475800
"""the pho king @ gpP9uUffpu"" bets 20",2026-08-28T03:57:21.754Z,178788944175400
"River: 7♦, 3♦, 3♥, 6♦ [9♥]",2026-08-28T03:57:20.326Z,178788944032600
"""LingWae @ FQN9hzhzP_"" checks",2026-08-28T03:57:19.464Z,178788943946400
"""the pho king @ gpP9uUffpu"" checks",2026-08-28T03:57:16.166Z,178788943616600
"Turn: 7♦, 3♦, 3♥ [6♦]",2026-08-28T03:57:15.320Z,178788943532000
"""the pho king @ gpP9uUffpu"" calls 67",2026-08-28T03:57:14.417Z,178788943441700
"""LingWae @ FQN9hzhzP_"" bets 67",2026-08-28T03:57:13.491Z,178788943349100
"""the pho king @ gpP9uUffpu"" checks",2026-08-28T03:57:10.168Z,178788943016800
"Flop:  [7♦, 3♦, 3♥]",2026-08-28T03:57:08.716Z,178788942871600
"""LingWae @ FQN9hzhzP_"" calls 140",2026-08-28T03:57:07.890Z,178788942789000
"""the pho king @ gpP9uUffpu"" raises to 140",2026-08-28T03:57:06.529Z,178788942652900
"""LingWae @ FQN9hzhzP_"" raises to 50",2026-08-28T03:57:04.568Z,178788942456800
"""the pho king @ gpP9uUffpu"" posts a big blind of 20",2026-08-28T03:57:01.896Z,178788942189605
"""LingWae @ FQN9hzhzP_"" posts a small blind of 10",2026-08-28T03:57:01.896Z,178788942189604
"Player stacks: #1 ""LingWae @ FQN9hzhzP_"" (2027) | #10 ""the pho king @ gpP9uUffpu"" (4973)",2026-08-28T03:57:01.896Z,178788942189601
"-- starting hand #425 (id: tdh2uvecvh5r)  No Limit Texas Hold'em (dealer: ""LingWae @ FQN9hzhzP_"") --",2026-08-28T03:57:01.896Z,178788942189600
"Undealt cards: 9♦, 2♠, 7♥ [10♠, K♥]",2026-08-28T03:56:56.271Z,178788941627100
"-- ending hand #424 --",2026-08-28T03:56:55.963Z,178788941596301
"""the pho king @ gpP9uUffpu"" collected 80 from pot",2026-08-28T03:56:55.963Z,178788941596300
"""LingWae @ FQN9hzhzP_"" folds",2026-08-28T03:56:55.104Z,178788941510400
"Flop:  [9♦, 2♠, 7♥]",2026-08-28T03:56:52.273Z,178788941227300
"""LingWae @ FQN9hzhzP_"" calls 40",2026-08-28T03:56:51.468Z,178788941146800
"""the pho king @ gpP9uUffpu"" raises to 40",2026-08-28T03:56:49.180Z,178788940918000
"""LingWae @ FQN9hzhzP_"" posts a big blind of 20",2026-08-28T03:56:47.464Z,178788940746405
"""the pho king @ gpP9uUffpu"" posts a small blind of 10",2026-08-28T03:56:47.464Z,178788940746404
"Player stacks: #1 ""LingWae @ FQN9hzhzP_"" (2067) | #10 ""the pho king @ gpP9uUffpu"" (4933)",2026-08-28T03:56:47.464Z,178788940746401
"-- starting hand #424 (id: k9eovembugjl)  No Limit Texas Hold'em (dealer: ""the pho king @ gpP9uUffpu"") --",2026-08-28T03:56:47.464Z,178788940746400
"""LingWae @ FQN9hzhzP_"" shows a 5♣, 7♦.",2026-08-28T03:56:43.035Z,178788940303500
"-- ending hand #423 --",2026-08-28T03:56:40.950Z,178788940095002
"""the pho king @ gpP9uUffpu"" collected 1400 from pot with Straight, 10 High (combination: 6♣, 7♥, 8♦, 9♦, 10♣)",2026-08-28T03:56:40.950Z,178788940095001
"""the pho king @ gpP9uUffpu"" shows a 8♦, 10♣.",2026-08-28T03:56:40.950Z,178788940095000
"""LingWae @ FQN9hzhzP_"" calls 60",2026-08-28T03:56:40.119Z,178788940011900
"""the pho king @ gpP9uUffpu"" bets 60",2026-08-28T03:56:39.156Z,178788939915600
"River: 7♥, 6♣, 9♦, 2♥ [3♠]",2026-08-28T03:56:36.795Z,178788939679500
"""LingWae @ FQN9hzhzP_"" calls 240",2026-08-28T03:56:35.965Z,178788939596500
"""the pho king @ gpP9uUffpu"" bets 240",2026-08-28T03:56:35.062Z,178788939506200
"Turn: 7♥, 6♣, 9♦ [2♥]",2026-08-28T03:56:30.829Z,178788939082900
"""LingWae @ FQN9hzhzP_"" calls 300",2026-08-28T03:56:29.993Z,178788938999300
"""the pho king @ gpP9uUffpu"" raises to 300",2026-08-28T03:56:29.037Z,178788938903700
"""LingWae @ FQN9hzhzP_"" bets 150",2026-08-28T03:56:27.073Z,178788938707300
"""the pho king @ gpP9uUffpu"" checks",2026-08-28T03:56:24.076Z,178788938407600
"Flop:  [7♥, 6♣, 9♦]",2026-08-28T03:56:21.497Z,178788938149700
"""the pho king @ gpP9uUffpu"" calls 100",2026-08-28T03:56:20.672Z,178788938067200
"""LingWae @ FQN9hzhzP_"" raises to 100",2026-08-28T03:56:19.756Z,178788937975600
"""the pho king @ gpP9uUffpu"" raises to 60",2026-08-28T03:56:17.367Z,178788937736700
"""LingWae @ FQN9hzhzP_"" calls 20",2026-08-28T03:56:15.378Z,178788937537800
"""the pho king @ gpP9uUffpu"" posts a big blind of 20",2026-08-28T03:56:13.780Z,178788937378005
"""LingWae @ FQN9hzhzP_"" posts a small blind of 10",2026-08-28T03:56:13.780Z,178788937378004
"Your hand is 8♦, 10♣",2026-08-28T03:56:13.780Z,178788937378003
"Player stacks: #1 ""LingWae @ FQN9hzhzP_"" (2767) | #10 ""the pho king @ gpP9uUffpu"" (4233)",2026-08-28T03:56:13.780Z,178788937378001
"-- starting hand #423 (id: yvjitxnbu6ur)  No Limit Texas Hold'em (dealer: ""LingWae @ FQN9hzhzP_"") --",2026-08-28T03:56:13.780Z,178788937378000
"""LingWae @ FQN9hzhzP_"" shows a 4♠, 6♣.",2026-08-28T03:56:10.853Z,178788937085300
"-- ending hand #422 --",2026-08-28T03:56:10.174Z,178788937017402
"""the pho king @ gpP9uUffpu"" collected 200 from pot",2026-08-28T03:56:10.174Z,178788937017401
"Uncalled bet of 60 returned to ""the pho king @ gpP9uUffpu""",2026-08-28T03:56:10.174Z,178788937017400
"""LingWae @ FQN9hzhzP_"" folds",2026-08-28T03:56:09.272Z,178788936927200
"""the pho king @ gpP9uUffpu"" bets 60",2026-08-28T03:56:08.300Z,178788936830000
"""LingWae @ FQN9hzhzP_"" checks",2026-08-28T03:56:05.145Z,178788936514500
"River: 5♥, K♠, 7♣, Q♠ [7♦]",2026-08-28T03:56:02.345Z,178788936234500
"""the pho king @ gpP9uUffpu"" checks",2026-08-28T03:56:01.483Z,178788936148300
"""LingWae @ FQN9hzhzP_"" checks",2026-08-28T03:56:00.496Z,178788936049600
"Turn: 5♥, K♠, 7♣ [Q♠]",2026-08-28T03:55:59.077Z,178788935907700
"""the pho king @ gpP9uUffpu"" calls 60",2026-08-28T03:55:58.264Z,178788935826400
"""LingWae @ FQN9hzhzP_"" bets 60",2026-08-28T03:55:57.334Z,178788935733400
"Flop:  [5♥, K♠, 7♣]",2026-08-28T03:55:53.079Z,178788935307900
"""LingWae @ FQN9hzhzP_"" calls 40",2026-08-28T03:55:52.263Z,178788935226300
"""the pho king @ gpP9uUffpu"" raises to 40",2026-08-28T03:55:51.362Z,178788935136200
"""LingWae @ FQN9hzhzP_"" posts a big blind of 20",2026-08-28T03:55:49.964Z,178788934996405
"""the pho king @ gpP9uUffpu"" posts a small blind of 10",2026-08-28T03:55:49.964Z,178788934996404
"Player stacks: #1 ""LingWae @ FQN9hzhzP_"" (2867) | #10 ""the pho king @ gpP9uUffpu"" (4133)",2026-08-28T03:55:49.964Z,178788934996401
"-- starting hand #422 (id: 6guywc2ztoka)  No Limit Texas Hold'em (dealer: ""the pho king @ gpP9uUffpu"") --",2026-08-28T03:55:49.964Z,178788934996400
"""the pho king @ gpP9uUffpu"" shows a A♥, 2♣.",2026-08-28T03:55:47.053Z,178788934705300
"""LingWae @ FQN9hzhzP_"" shows a J♥.",2026-08-28T03:55:45.448Z,178788934544800
"""LingWae @ FQN9hzhzP_"" shows a 3♦.",2026-08-28T03:55:45.252Z,178788934525200
"Undealt cards:  [J♣, Q♣, 7♦, 3♣, A♦]",2026-08-28T03:55:42.888Z,178788934288800
"-- ending hand #421 --",2026-08-28T03:55:42.658Z,178788934265802
"""the pho king @ gpP9uUffpu"" collected 20 from pot",2026-08-28T03:55:42.658Z,178788934265801
"Uncalled bet of 10 returned to ""the pho king @ gpP9uUffpu""",2026-08-28T03:55:42.658Z,178788934265800
"""LingWae @ FQN9hzhzP_"" folds",2026-08-28T03:55:41.788Z,178788934178800
"""the pho king @ gpP9uUffpu"" posts a big blind of 20",2026-08-28T03:55:40.372Z,178788934037205
"""LingWae @ FQN9hzhzP_"" posts a small blind of 10",2026-08-28T03:55:40.372Z,178788934037204
"Your hand is A♥, 2♣",2026-08-28T03:55:40.372Z,178788934037203
"Player stacks: #1 ""LingWae @ FQN9hzhzP_"" (2877) | #10 ""the pho king @ gpP9uUffpu"" (4123)",2026-08-28T03:55:40.372Z,178788934037201
"-- starting hand #421 (id: 41nv4ciftnlt)  No Limit Texas Hold'em (dealer: ""LingWae @ FQN9hzhzP_"") --",2026-08-28T03:55:40.372Z,178788934037200
"""LingWae @ FQN9hzhzP_"" shows a 3♠.",2026-08-28T03:55:36.366Z,178788933636600
"Undealt cards: Q♠, 9♥, 8♥ [J♦, 4♠]",2026-08-28T03:55:34.030Z,178788933403000
"-- ending hand #420 --",2026-08-28T03:55:33.752Z,178788933375201
"""the pho king @ gpP9uUffpu"" collected 80 from pot",2026-08-28T03:55:33.752Z,178788933375200
"""LingWae @ FQN9hzhzP_"" folds",2026-08-28T03:55:32.882Z,178788933288200
"Flop:  [Q♠, 9♥, 8♥]",2026-08-28T03:55:30.352Z,178788933035200
"""LingWae @ FQN9hzhzP_"" calls 40",2026-08-28T03:55:29.456Z,178788932945600
"""the pho king @ gpP9uUffpu"" raises to 40",2026-08-28T03:55:28.448Z,178788932844800
"""LingWae @ FQN9hzhzP_"" posts a big blind of 20",2026-08-28T03:55:27.351Z,178788932735105
"""the pho king @ gpP9uUffpu"" posts a small blind of 10",2026-08-28T03:55:27.351Z,178788932735104
"Player stacks: #1 ""LingWae @ FQN9hzhzP_"" (2917) | #10 ""the pho king @ gpP9uUffpu"" (4083)",2026-08-28T03:55:27.351Z,178788932735101
"-- starting hand #420 (id: q6py7dg7c7gr)  No Limit Texas Hold'em (dealer: ""the pho king @ gpP9uUffpu"") --",2026-08-28T03:55:27.351Z,178788932735100
"""the pho king @ gpP9uUffpu"" shows a K♠, 4♥.",2026-08-28T03:55:23.276Z,178788932327600
"""LingWae @ FQN9hzhzP_"" shows a 8♥, 5♥.",2026-08-28T03:55:21.900Z,178788932190000
"Undealt cards: 8♦, 5♦, A♣ [3♠, J♣]",2026-08-28T03:55:20.306Z,178788932030600
"-- ending hand #419 --",2026-08-28T03:55:20.013Z,178788932001302
"""LingWae @ FQN9hzhzP_"" collected 40 from pot",2026-08-28T03:55:20.013Z,178788932001301
"Uncalled bet of 36 returned to ""LingWae @ FQN9hzhzP_""",2026-08-28T03:55:20.013Z,178788932001300
"""the pho king @ gpP9uUffpu"" folds",2026-08-28T03:55:19.202Z,178788931920200
"""LingWae @ FQN9hzhzP_"" bets 36",2026-08-28T03:55:18.069Z,178788931806900
"""the pho king @ gpP9uUffpu"" checks",2026-08-28T03:55:12.342Z,178788931234200
"Flop:  [8♦, 5♦, A♣]",2026-08-28T03:55:11.139Z,178788931113900
"""the pho king @ gpP9uUffpu"" checks",2026-08-28T03:55:10.237Z,178788931023700
"""LingWae @ FQN9hzhzP_"" calls 20",2026-08-28T03:55:09.245Z,178788930924500
"""the pho king @ gpP9uUffpu"" posts a big blind of 20",2026-08-28T03:55:08.024Z,178788930802405
"""LingWae @ FQN9hzhzP_"" posts a small blind of 10",2026-08-28T03:55:08.024Z,178788930802404
"Your hand is K♠, 4♥",2026-08-28T03:55:08.024Z,178788930802403
"Player stacks: #1 ""LingWae @ FQN9hzhzP_"" (2897) | #10 ""the pho king @ gpP9uUffpu"" (4103)",2026-08-28T03:55:08.024Z,178788930802401
"-- starting hand #419 (id: kphsvexwgslk)  No Limit Texas Hold'em (dealer: ""LingWae @ FQN9hzhzP_"") --",2026-08-28T03:55:08.024Z,178788930802400
"""LingWae @ FQN9hzhzP_"" shows a 9♥.",2026-08-28T03:55:03.856Z,178788930385600
"""the pho king @ gpP9uUffpu"" shows a 10♠, K♠.",2026-08-28T03:55:01.888Z,178788930188800
"Undealt cards: 4♥, 2♥, 9♣ [3♣, 8♣]",2026-08-28T03:55:00.955Z,178788930095500
"-- ending hand #418 --",2026-08-28T03:55:00.715Z,178788930071502
"""LingWae @ FQN9hzhzP_"" collected 120 from pot",2026-08-28T03:55:00.715Z,178788930071501
"Uncalled bet of 90 returned to ""LingWae @ FQN9hzhzP_""",2026-08-28T03:55:00.715Z,178788930071500
"""the pho king @ gpP9uUffpu"" folds",2026-08-28T03:54:59.873Z,178788929987300
"""LingWae @ FQN9hzhzP_"" bets 90",2026-08-28T03:54:58.842Z,178788929884200
"Flop:  [4♥, 2♥, 9♣]",2026-08-28T03:54:55.075Z,178788929507500
"""LingWae @ FQN9hzhzP_"" calls 60",2026-08-28T03:54:54.252Z,178788929425200
"""the pho king @ gpP9uUffpu"" raises to 60",2026-08-28T03:54:53.306Z,178788929330600
"""LingWae @ FQN9hzhzP_"" posts a big blind of 20",2026-08-28T03:54:51.782Z,178788929178205
"""the pho king @ gpP9uUffpu"" posts a small blind of 10",2026-08-28T03:54:51.782Z,178788929178204
"Your hand is 10♠, K♠",2026-08-28T03:54:51.782Z,178788929178203
"Player stacks: #1 ""LingWae @ FQN9hzhzP_"" (2837) | #10 ""the pho king @ gpP9uUffpu"" (4163)",2026-08-28T03:54:51.782Z,178788929178201
"-- starting hand #418 (id: k34skio2hbfa)  No Limit Texas Hold'em (dealer: ""the pho king @ gpP9uUffpu"") --",2026-08-28T03:54:51.782Z,178788929178200
"Undealt cards:  [10♥, 6♦, 9♠, 8♣, 8♥]",2026-08-28T03:54:46.089Z,178788928608900
"-- ending hand #417 --",2026-08-28T03:54:45.868Z,178788928586802
"""LingWae @ FQN9hzhzP_"" collected 40 from pot",2026-08-28T03:54:45.868Z,178788928586801
"Uncalled bet of 100 returned to ""LingWae @ FQN9hzhzP_""",2026-08-28T03:54:45.868Z,178788928586800
"""the pho king @ gpP9uUffpu"" folds",2026-08-28T03:54:45.008Z,178788928500800
"""LingWae @ FQN9hzhzP_"" raises to 120",2026-08-28T03:54:43.177Z,178788928317700
"""the pho king @ gpP9uUffpu"" posts a big blind of 20",2026-08-28T03:54:40.159Z,178788928015905
"""LingWae @ FQN9hzhzP_"" posts a small blind of 10",2026-08-28T03:54:40.159Z,178788928015904
"Player stacks: #1 ""LingWae @ FQN9hzhzP_"" (2817) | #10 ""the pho king @ gpP9uUffpu"" (4183)",2026-08-28T03:54:40.159Z,178788928015901
"-- starting hand #417 (id: ouoizrleygci)  No Limit Texas Hold'em (dealer: ""LingWae @ FQN9hzhzP_"") --",2026-08-28T03:54:40.159Z,178788928015900
"""LingWae @ FQN9hzhzP_"" shows a 5♣, 4♣.",2026-08-28T03:54:34.436Z,178788927443600
"-- ending hand #416 --",2026-08-28T03:54:33.656Z,178788927365602
"""the pho king @ gpP9uUffpu"" collected 254 from pot with Straight, 10 High (combination: 6♥, 7♦, 8♦, 9♦, 10♥)",2026-08-28T03:54:33.656Z,178788927365601
"""the pho king @ gpP9uUffpu"" shows a Q♠, 6♥.",2026-08-28T03:54:33.656Z,178788927365600
"""LingWae @ FQN9hzhzP_"" calls 20",2026-08-28T03:54:32.820Z,178788927282000
"""the pho king @ gpP9uUffpu"" bets 20",2026-08-28T03:54:29.339Z,178788926933900
"""LingWae @ FQN9hzhzP_"" checks",2026-08-28T03:54:27.364Z,178788926736400
"River: 10♥, 9♦, 8♦, K♠ [7♦]",2026-08-28T03:54:25.248Z,178788926524800
"""the pho king @ gpP9uUffpu"" calls 20",2026-08-28T03:54:24.420Z,178788926442000
"""LingWae @ FQN9hzhzP_"" bets 20",2026-08-28T03:54:23.488Z,178788926348800
"Turn: 10♥, 9♦, 8♦ [K♠]",2026-08-28T03:54:22.158Z,178788926215800
"""the pho king @ gpP9uUffpu"" calls 20",2026-08-28T03:54:21.342Z,178788926134200
"""LingWae @ FQN9hzhzP_"" bets 20",2026-08-28T03:54:20.441Z,178788926044100
"Flop:  [10♥, 9♦, 8♦]",2026-08-28T03:54:16.723Z,178788925672300
"""the pho king @ gpP9uUffpu"" calls 67",2026-08-28T03:54:15.882Z,178788925588200
"""LingWae @ FQN9hzhzP_"" raises to 67",2026-08-28T03:54:14.586Z,178788925458600
"""the pho king @ gpP9uUffpu"" calls 20",2026-08-28T03:54:11.376Z,178788925137600
"""LingWae @ FQN9hzhzP_"" posts a big blind of 20",2026-08-28T03:54:09.438Z,178788924943805
"""the pho king @ gpP9uUffpu"" posts a small blind of 10",2026-08-28T03:54:09.438Z,178788924943804
"Your hand is Q♠, 6♥",2026-08-28T03:54:09.438Z,178788924943803
"Player stacks: #1 ""LingWae @ FQN9hzhzP_"" (2944) | #10 ""the pho king @ gpP9uUffpu"" (4056)",2026-08-28T03:54:09.438Z,178788924943801
"-- starting hand #416 (id: erlbuszoc47l)  No Limit Texas Hold'em (dealer: ""the pho king @ gpP9uUffpu"") --",2026-08-28T03:54:09.438Z,178788924943800
"""LingWae @ FQN9hzhzP_"" shows a 8♥, 2♣.",2026-08-28T03:54:04.247Z,178788924424700
"-- ending hand #415 --",2026-08-28T03:54:02.877Z,178788924287702
"""the pho king @ gpP9uUffpu"" collected 80 from pot with A High (combination: 9♥, 10♥, Q♣, K♦, A♠)",2026-08-28T03:54:02.877Z,178788924287701
"""the pho king @ gpP9uUffpu"" shows a 8♠, K♦.",2026-08-28T03:54:02.877Z,178788924287700
"""LingWae @ FQN9hzhzP_"" checks",2026-08-28T03:54:02.021Z,178788924202100
"""the pho king @ gpP9uUffpu"" checks",2026-08-28T03:53:59.529Z,178788923952900
"River: A♠, 10♥, 9♥, 7♥ [Q♣]",2026-08-28T03:53:58.539Z,178788923853900
"""LingWae @ FQN9hzhzP_"" calls 20",2026-08-28T03:53:57.722Z,178788923772200
"""the pho king @ gpP9uUffpu"" bets 20",2026-08-28T03:53:56.695Z,178788923669500
"Turn: A♠, 10♥, 9♥ [7♥]",2026-08-28T03:53:54.788Z,178788923478800
"""LingWae @ FQN9hzhzP_"" checks",2026-08-28T03:53:53.947Z,178788923394700
"""the pho king @ gpP9uUffpu"" checks",2026-08-28T03:53:52.718Z,178788923271800
"Flop:  [A♠, 10♥, 9♥]",2026-08-28T03:53:50.884Z,178788923088400
"""the pho king @ gpP9uUffpu"" checks",2026-08-28T03:53:50.027Z,178788923002700
"""LingWae @ FQN9hzhzP_"" calls 20",2026-08-28T03:53:49.086Z,178788922908600
"""the pho king @ gpP9uUffpu"" posts a big blind of 20",2026-08-28T03:53:43.330Z,178788922333005
"""LingWae @ FQN9hzhzP_"" posts a small blind of 10",2026-08-28T03:53:43.330Z,178788922333004
"Your hand is 8♠, K♦",2026-08-28T03:53:43.330Z,178788922333003
"Player stacks: #1 ""LingWae @ FQN9hzhzP_"" (2984) | #10 ""the pho king @ gpP9uUffpu"" (4016)",2026-08-28T03:53:43.330Z,178788922333001
"-- starting hand #415 (id: wojwcox4b1gr)  No Limit Texas Hold'em (dealer: ""LingWae @ FQN9hzhzP_"") --",2026-08-28T03:53:43.330Z,178788922333000
"-- ending hand #414 --",2026-08-28T03:53:37.326Z,178788921732603
"""the pho king @ gpP9uUffpu"" collected 788 from pot with Pair, 7's (combination: 6♠, 10♣, K♠, 7♣, 7♥)",2026-08-28T03:53:37.326Z,178788921732602
"""the pho king @ gpP9uUffpu"" shows a 7♣, 10♣.",2026-08-28T03:53:37.326Z,178788921732601
"""LingWae @ FQN9hzhzP_"" shows a A♠, 4♠.",2026-08-28T03:53:37.326Z,178788921732600
"""the pho king @ gpP9uUffpu"" calls 67",2026-08-28T03:53:36.481Z,178788921648100
"""LingWae @ FQN9hzhzP_"" bets 67",2026-08-28T03:53:35.572Z,178788921557200
"River: 2♦, 4♣, 7♥, K♠ [6♠]",2026-08-28T03:53:28.278Z,178788920827800
"""the pho king @ gpP9uUffpu"" calls 20",2026-08-28T03:53:27.455Z,178788920745500
"""LingWae @ FQN9hzhzP_"" bets 20",2026-08-28T03:53:26.542Z,178788920654200
"Turn: 2♦, 4♣, 7♥ [K♠]",2026-08-28T03:53:24.374Z,178788920437400
"""the pho king @ gpP9uUffpu"" calls 67",2026-08-28T03:53:23.562Z,178788920356200
"""LingWae @ FQN9hzhzP_"" bets 67",2026-08-28T03:53:22.625Z,178788920262500
"Flop:  [2♦, 4♣, 7♥]",2026-08-28T03:53:19.269Z,178788919926900
"""the pho king @ gpP9uUffpu"" calls 240",2026-08-28T03:53:18.370Z,178788919837000
"""LingWae @ FQN9hzhzP_"" raises to 240",2026-08-28T03:53:16.971Z,178788919697100
"""the pho king @ gpP9uUffpu"" raises to 60",2026-08-28T03:53:13.329Z,178788919332900
"""LingWae @ FQN9hzhzP_"" posts a big blind of 20",2026-08-28T03:53:11.948Z,178788919194805
"""the pho king @ gpP9uUffpu"" posts a small blind of 10",2026-08-28T03:53:11.948Z,178788919194804
"Your hand is 7♣, 10♣",2026-08-28T03:53:11.948Z,178788919194803
"Player stacks: #1 ""LingWae @ FQN9hzhzP_"" (3378) | #10 ""the pho king @ gpP9uUffpu"" (3622)",2026-08-28T03:53:11.948Z,178788919194801
"-- starting hand #414 (id: hd4c74cpsgeh)  No Limit Texas Hold'em (dealer: ""the pho king @ gpP9uUffpu"") --",2026-08-28T03:53:11.948Z,178788919194800
"""the pho king @ gpP9uUffpu"" shows a 10♣, 8♦.",2026-08-28T03:53:06.918Z,178788918691800
"""LingWae @ FQN9hzhzP_"" shows a 7♣, 9♠.",2026-08-28T03:53:05.331Z,178788918533100
"Undealt cards: 7♥, 4♥, 2♦ [J♦, 9♦]",2026-08-28T03:53:05.012Z,178788918501200
"-- ending hand #413 --",2026-08-28T03:53:04.638Z,178788918463802
"""LingWae @ FQN9hzhzP_"" collected 120 from pot",2026-08-28T03:53:04.638Z,178788918463801
"Uncalled bet of 60 returned to ""LingWae @ FQN9hzhzP_""",2026-08-28T03:53:04.638Z,178788918463800
"""the pho king @ gpP9uUffpu"" folds",2026-08-28T03:53:03.760Z,178788918376000
"""LingWae @ FQN9hzhzP_"" bets 60",2026-08-28T03:53:02.853Z,178788918285300
"""the pho king @ gpP9uUffpu"" checks",2026-08-28T03:52:59.540Z,178788917954000
"Flop:  [7♥, 4♥, 2♦]",2026-08-28T03:52:57.914Z,178788917791400
"""LingWae @ FQN9hzhzP_"" calls 60",2026-08-28T03:52:57.108Z,178788917710800
"""the pho king @ gpP9uUffpu"" raises to 60",2026-08-28T03:52:54.577Z,178788917457700
"""LingWae @ FQN9hzhzP_"" calls 20",2026-08-28T03:52:52.635Z,178788917263500
"""the pho king @ gpP9uUffpu"" posts a big blind of 20",2026-08-28T03:52:50.894Z,178788917089405
"""LingWae @ FQN9hzhzP_"" posts a small blind of 10",2026-08-28T03:52:50.894Z,178788917089404
"Your hand is 10♣, 8♦",2026-08-28T03:52:50.894Z,178788917089403
"Player stacks: #1 ""LingWae @ FQN9hzhzP_"" (3318) | #10 ""the pho king @ gpP9uUffpu"" (3682)",2026-08-28T03:52:50.894Z,178788917089401
"-- starting hand #413 (id: 873cofqgnios)  No Limit Texas Hold'em (dealer: ""LingWae @ FQN9hzhzP_"") --",2026-08-28T03:52:50.894Z,178788917089400
"""the pho king @ gpP9uUffpu"" shows a 4♦, 8♣.",2026-08-28T03:52:47.016Z,178788916701600
"""LingWae @ FQN9hzhzP_"" shows a 4♠, 9♥.",2026-08-28T03:52:45.389Z,178788916538900
"Undealt cards:  [9♠, 4♥, Q♦, Q♥, 10♣]",2026-08-28T03:52:44.246Z,178788916424600
"-- ending hand #412 --",2026-08-28T03:52:43.567Z,178788916356702
"""LingWae @ FQN9hzhzP_"" collected 20 from pot",2026-08-28T03:52:43.567Z,178788916356701
"Uncalled bet of 10 returned to ""LingWae @ FQN9hzhzP_""",2026-08-28T03:52:43.567Z,178788916356700
"""the pho king @ gpP9uUffpu"" folds",2026-08-28T03:52:42.702Z,178788916270200
"""LingWae @ FQN9hzhzP_"" posts a big blind of 20",2026-08-28T03:52:40.045Z,178788916004505
"""the pho king @ gpP9uUffpu"" posts a small blind of 10",2026-08-28T03:52:40.045Z,178788916004504
"Your hand is 4♦, 8♣",2026-08-28T03:52:40.045Z,178788916004503
"Player stacks: #1 ""LingWae @ FQN9hzhzP_"" (3308) | #10 ""the pho king @ gpP9uUffpu"" (3692)",2026-08-28T03:52:40.045Z,178788916004501
"-- starting hand #412 (id: 0is2i1q0i1cu)  No Limit Texas Hold'em (dealer: ""the pho king @ gpP9uUffpu"") --",2026-08-28T03:52:40.045Z,178788916004500
"-- ending hand #411 --",2026-08-28T03:52:34.037Z,178788915403703
"""LingWae @ FQN9hzhzP_"" collected 120 from pot with Pair, 5's (combination: 7♣, Q♣, K♥, 5♦, 5♥)",2026-08-28T03:52:34.037Z,178788915403702
"""LingWae @ FQN9hzhzP_"" shows a 5♦, Q♣.",2026-08-28T03:52:34.037Z,178788915403701
"""the pho king @ gpP9uUffpu"" shows a 5♣, 3♦.",2026-08-28T03:52:34.037Z,178788915403700
"""LingWae @ FQN9hzhzP_"" calls 20",2026-08-28T03:52:33.217Z,178788915321700
"""the pho king @ gpP9uUffpu"" bets 20",2026-08-28T03:52:32.119Z,178788915211900
"River: K♥, 6♣, 7♣, 2♠ [5♥]",2026-08-28T03:52:31.237Z,178788915123700
"""LingWae @ FQN9hzhzP_"" checks",2026-08-28T03:52:30.432Z,178788915043200
"""the pho king @ gpP9uUffpu"" checks",2026-08-28T03:52:29.256Z,178788914925600
"Turn: K♥, 6♣, 7♣ [2♠]",2026-08-28T03:52:28.475Z,178788914847500
"""the pho king @ gpP9uUffpu"" calls 20",2026-08-28T03:52:27.669Z,178788914766900
"""LingWae @ FQN9hzhzP_"" bets 20",2026-08-28T03:52:26.772Z,178788914677200
"""the pho king @ gpP9uUffpu"" checks",2026-08-28T03:52:23.275Z,178788914327500
"Flop:  [K♥, 6♣, 7♣]",2026-08-28T03:52:22.376Z,178788914237600
"""the pho king @ gpP9uUffpu"" checks",2026-08-28T03:52:21.556Z,178788914155600
"""LingWae @ FQN9hzhzP_"" calls 20",2026-08-28T03:52:20.631Z,178788914063100
"""the pho king @ gpP9uUffpu"" posts a big blind of 20",2026-08-28T03:52:19.574Z,178788913957405
"""LingWae @ FQN9hzhzP_"" posts a small blind of 10",2026-08-28T03:52:19.574Z,178788913957404
"Your hand is 5♣, 3♦",2026-08-28T03:52:19.574Z,178788913957403
"Player stacks: #1 ""LingWae @ FQN9hzhzP_"" (3248) | #10 ""the pho king @ gpP9uUffpu"" (3752)",2026-08-28T03:52:19.574Z,178788913957401
"-- starting hand #411 (id: e20qxgtm8xvz)  No Limit Texas Hold'em (dealer: ""LingWae @ FQN9hzhzP_"") --",2026-08-28T03:52:19.574Z,178788913957400
"Undealt cards: 9♠, J♣, 10♥ [A♦, 7♥]",2026-08-28T03:52:14.363Z,178788913436300
"-- ending hand #410 --",2026-08-28T03:52:13.659Z,178788913365901
"""the pho king @ gpP9uUffpu"" collected 80 from pot",2026-08-28T03:52:13.659Z,178788913365900
"""LingWae @ FQN9hzhzP_"" folds",2026-08-28T03:52:12.849Z,178788913284900
"Flop:  [9♠, J♣, 10♥]",2026-08-28T03:52:08.951Z,178788912895100
"""LingWae @ FQN9hzhzP_"" calls 40",2026-08-28T03:52:08.145Z,178788912814500
"""the pho king @ gpP9uUffpu"" raises to 40",2026-08-28T03:52:05.815Z,178788912581500
"""LingWae @ FQN9hzhzP_"" posts a big blind of 20",2026-08-28T03:52:04.467Z,178788912446705
"""the pho king @ gpP9uUffpu"" posts a small blind of 10",2026-08-28T03:52:04.467Z,178788912446704
"Player stacks: #1 ""LingWae @ FQN9hzhzP_"" (3288) | #10 ""the pho king @ gpP9uUffpu"" (3712)",2026-08-28T03:52:04.467Z,178788912446701
"-- starting hand #410 (id: ui4zqmguf5ly)  No Limit Texas Hold'em (dealer: ""the pho king @ gpP9uUffpu"") --",2026-08-28T03:52:04.467Z,178788912446700
"-- ending hand #409 --",2026-08-28T03:52:01.557Z,178788912155702
"""the pho king @ gpP9uUffpu"" collected 40 from pot",2026-08-28T03:52:01.557Z,178788912155701
"Uncalled bet of 40 returned to ""the pho king @ gpP9uUffpu""",2026-08-28T03:52:01.557Z,178788912155700
"""LingWae @ FQN9hzhzP_"" folds",2026-08-28T03:52:00.720Z,178788912072000
"""the pho king @ gpP9uUffpu"" bets 40",2026-08-28T03:51:59.297Z,178788911929700
"River: J♦, 9♠, 3♠, 3♦ [7♠]",2026-08-28T03:51:57.791Z,178788911779100
"""LingWae @ FQN9hzhzP_"" checks",2026-08-28T03:51:56.967Z,178788911696700
"""the pho king @ gpP9uUffpu"" checks",2026-08-28T03:51:56.054Z,178788911605400
"Turn: J♦, 9♠, 3♠ [3♦]",2026-08-28T03:51:54.867Z,178788911486700
"""LingWae @ FQN9hzhzP_"" checks",2026-08-28T03:51:54.024Z,178788911402400
"""the pho king @ gpP9uUffpu"" checks",2026-08-28T03:51:52.842Z,178788911284200
"Flop:  [J♦, 9♠, 3♠]",2026-08-28T03:51:51.665Z,178788911166500
"""the pho king @ gpP9uUffpu"" checks",2026-08-28T03:51:50.810Z,178788911081000
"""LingWae @ FQN9hzhzP_"" calls 20",2026-08-28T03:51:49.645Z,178788910964500
"""the pho king @ gpP9uUffpu"" posts a big blind of 20",2026-08-28T03:51:48.581Z,178788910858105
"""LingWae @ FQN9hzhzP_"" posts a small blind of 10",2026-08-28T03:51:48.581Z,178788910858104
"Player stacks: #1 ""LingWae @ FQN9hzhzP_"" (3308) | #10 ""the pho king @ gpP9uUffpu"" (3692)",2026-08-28T03:51:48.581Z,178788910858101
"-- starting hand #409 (id: cskdbswqovum)  No Limit Texas Hold'em (dealer: ""LingWae @ FQN9hzhzP_"") --",2026-08-28T03:51:48.581Z,178788910858100
"""the pho king @ gpP9uUffpu"" shows a 4♦, 3♠.",2026-08-28T03:51:43.158Z,178788910315800
"""LingWae @ FQN9hzhzP_"" shows a K♣.",2026-08-28T03:51:41.923Z,178788910192300
"Undealt cards: K♥, 5♣, 9♦ [Q♥, A♠]",2026-08-28T03:51:41.643Z,178788910164300
"-- ending hand #408 --",2026-08-28T03:51:41.258Z,178788910125802
"""LingWae @ FQN9hzhzP_"" collected 80 from pot",2026-08-28T03:51:41.258Z,178788910125801
"Uncalled bet of 40 returned to ""LingWae @ FQN9hzhzP_""",2026-08-28T03:51:41.258Z,178788910125800
"""the pho king @ gpP9uUffpu"" folds",2026-08-28T03:51:40.399Z,178788910039900
"""LingWae @ FQN9hzhzP_"" bets 40",2026-08-28T03:51:38.969Z,178788909896900
"Flop:  [K♥, 5♣, 9♦]",2026-08-28T03:51:35.282Z,178788909528200
"""LingWae @ FQN9hzhzP_"" calls 40",2026-08-28T03:51:34.474Z,178788909447400
"""the pho king @ gpP9uUffpu"" raises to 40",2026-08-28T03:51:33.563Z,178788909356300
"""LingWae @ FQN9hzhzP_"" posts a big blind of 20",2026-08-28T03:51:32.651Z,178788909265105
"""the pho king @ gpP9uUffpu"" posts a small blind of 10",2026-08-28T03:51:32.651Z,178788909265104
"Your hand is 4♦, 3♠",2026-08-28T03:51:32.651Z,178788909265103
"Player stacks: #1 ""LingWae @ FQN9hzhzP_"" (3268) | #10 ""the pho king @ gpP9uUffpu"" (3732)",2026-08-28T03:51:32.651Z,178788909265101
"-- starting hand #408 (id: sucpqe16e6vf)  No Limit Texas Hold'em (dealer: ""the pho king @ gpP9uUffpu"") --",2026-08-28T03:51:32.651Z,178788909265100
"""LingWae @ FQN9hzhzP_"" shows a A♣.",2026-08-28T03:51:30.442Z,178788909044200
"""LingWae @ FQN9hzhzP_"" shows a 8♥.",2026-08-28T03:51:30.089Z,178788909008900
"Undealt cards:  [4♦, A♥, J♣, 9♠, Q♦]",2026-08-28T03:51:26.381Z,178788908638100
"-- ending hand #407 --",2026-08-28T03:51:26.047Z,178788908604702
"""LingWae @ FQN9hzhzP_"" collected 40 from pot",2026-08-28T03:51:26.047Z,178788908604701
"Uncalled bet of 100 returned to ""LingWae @ FQN9hzhzP_""",2026-08-28T03:51:26.047Z,178788908604700
"""the pho king @ gpP9uUffpu"" folds",2026-08-28T03:51:25.216Z,178788908521600
"""LingWae @ FQN9hzhzP_"" raises to 120",2026-08-28T03:51:24.158Z,178788908415800
"""the pho king @ gpP9uUffpu"" posts a big blind of 20",2026-08-28T03:51:19.673Z,178788907967305
"""LingWae @ FQN9hzhzP_"" posts a small blind of 10",2026-08-28T03:51:19.673Z,178788907967304
"Player stacks: #1 ""LingWae @ FQN9hzhzP_"" (3248) | #10 ""the pho king @ gpP9uUffpu"" (3752)",2026-08-28T03:51:19.673Z,178788907967301
"-- starting hand #407 (id: fcxgunok9lmj)  No Limit Texas Hold'em (dealer: ""LingWae @ FQN9hzhzP_"") --",2026-08-28T03:51:19.673Z,178788907967300
"-- ending hand #406 --",2026-08-28T03:51:13.663Z,178788907366302
"""the pho king @ gpP9uUffpu"" collected 446 from pot with Three of a Kind, J's (combination: 7♦, 10♥, J♣, J♠, J♦)",2026-08-28T03:51:13.663Z,178788907366301
"""the pho king @ gpP9uUffpu"" shows a J♣, 6♠.",2026-08-28T03:51:13.663Z,178788907366300
"""LingWae @ FQN9hzhzP_"" calls 100",2026-08-28T03:51:12.840Z,178788907284000
"""the pho king @ gpP9uUffpu"" bets 100",2026-08-28T03:51:11.314Z,178788907131400
"""LingWae @ FQN9hzhzP_"" checks",2026-08-28T03:51:08.707Z,178788906870700
"River: 10♥, 7♦, 2♦, J♠ [J♦]",2026-08-28T03:51:06.957Z,178788906695700
"""the pho king @ gpP9uUffpu"" calls 67",2026-08-28T03:51:06.115Z,178788906611500
"""LingWae @ FQN9hzhzP_"" bets 67",2026-08-28T03:51:05.052Z,178788906505200
"Turn: 10♥, 7♦, 2♦ [J♠]",2026-08-28T03:51:01.632Z,178788906163200
"""the pho king @ gpP9uUffpu"" calls 36",2026-08-28T03:51:00.754Z,178788906075400
"""LingWae @ FQN9hzhzP_"" bets 36",2026-08-28T03:50:59.848Z,178788905984800
"Flop:  [10♥, 7♦, 2♦]",2026-08-28T03:50:55.767Z,178788905576700
"""LingWae @ FQN9hzhzP_"" checks",2026-08-28T03:50:54.952Z,178788905495200
"""the pho king @ gpP9uUffpu"" calls 20",2026-08-28T03:50:40.443Z,178788904044300
"""LingWae @ FQN9hzhzP_"" posts a big blind of 20",2026-08-28T03:50:37.152Z,178788903715205
"""the pho king @ gpP9uUffpu"" posts a small blind of 10",2026-08-28T03:50:37.152Z,178788903715204
"Your hand is J♣, 6♠",2026-08-28T03:50:37.152Z,178788903715203
"Player stacks: #1 ""LingWae @ FQN9hzhzP_"" (3471) | #10 ""the pho king @ gpP9uUffpu"" (3529)",2026-08-28T03:50:37.152Z,178788903715201
"-- starting hand #406 (id: 7m77uq20lw1o)  No Limit Texas Hold'em (dealer: ""the pho king @ gpP9uUffpu"") --",2026-08-28T03:50:37.152Z,178788903715200
"""LingWae @ FQN9hzhzP_"" shows a K♥, 5♦.",2026-08-28T03:50:32.966Z,178788903296600
"Undealt cards: Q♣, 4♥, 10♣ [J♣, A♦]",2026-08-28T03:50:30.906Z,178788903090600
"-- ending hand #405 --",2026-08-28T03:50:30.528Z,178788903052802
"""the pho king @ gpP9uUffpu"" collected 80 from pot",2026-08-28T03:50:30.528Z,178788903052801
"Uncalled bet of 80 returned to ""the pho king @ gpP9uUffpu""",2026-08-28T03:50:30.528Z,178788903052800
"""LingWae @ FQN9hzhzP_"" folds",2026-08-28T03:50:29.685Z,178788902968500
"""the pho king @ gpP9uUffpu"" bets 80",2026-08-28T03:50:28.625Z,178788902862500
"Flop:  [Q♣, 4♥, 10♣]",2026-08-28T03:50:26.188Z,178788902618800
"""the pho king @ gpP9uUffpu"" calls 40",2026-08-28T03:50:25.368Z,178788902536800
"""LingWae @ FQN9hzhzP_"" raises to 40",2026-08-28T03:50:24.194Z,178788902419400
"""the pho king @ gpP9uUffpu"" posts a big blind of 20",2026-08-28T03:50:22.233Z,178788902223305
"""LingWae @ FQN9hzhzP_"" posts a small blind of 10",2026-08-28T03:50:22.233Z,178788902223304
"Player stacks: #1 ""LingWae @ FQN9hzhzP_"" (3511) | #10 ""the pho king @ gpP9uUffpu"" (3489)",2026-08-28T03:50:22.233Z,178788902223301
"-- starting hand #405 (id: 1kgrx7zaeyvz)  No Limit Texas Hold'em (dealer: ""LingWae @ FQN9hzhzP_"") --",2026-08-28T03:50:22.233Z,178788902223300
"""LingWae @ FQN9hzhzP_"" shows a 6♦, 4♦.",2026-08-28T03:50:18.714Z,178788901871400
"""the pho king @ gpP9uUffpu"" shows a 4♣, 9♥.",2026-08-28T03:50:17.615Z,178788901761500
"Undealt cards:  [K♦, Q♠, K♠, 4♥, 10♠]",2026-08-28T03:50:15.938Z,178788901593800
"-- ending hand #404 --",2026-08-28T03:50:14.915Z,178788901491502
"""LingWae @ FQN9hzhzP_"" collected 20 from pot",2026-08-28T03:50:14.915Z,178788901491501
"Uncalled bet of 10 returned to ""LingWae @ FQN9hzhzP_""",2026-08-28T03:50:14.915Z,178788901491500
"""the pho king @ gpP9uUffpu"" folds",2026-08-28T03:50:14.040Z,178788901404000
"""LingWae @ FQN9hzhzP_"" posts a big blind of 20",2026-08-28T03:50:11.583Z,178788901158305
"""the pho king @ gpP9uUffpu"" posts a small blind of 10",2026-08-28T03:50:11.583Z,178788901158304
"Your hand is 4♣, 9♥",2026-08-28T03:50:11.583Z,178788901158303
"Player stacks: #1 ""LingWae @ FQN9hzhzP_"" (3501) | #10 ""the pho king @ gpP9uUffpu"" (3499)",2026-08-28T03:50:11.583Z,178788901158301
"-- starting hand #404 (id: skm7i3qqkkqe)  No Limit Texas Hold'em (dealer: ""the pho king @ gpP9uUffpu"") --",2026-08-28T03:50:11.583Z,178788901158300
"""LingWae @ FQN9hzhzP_"" shows a 2♠.",2026-08-28T03:50:09.046Z,178788900904600
"-- ending hand #403 --",2026-08-28T03:50:07.979Z,178788900797902
"""the pho king @ gpP9uUffpu"" collected 80 from pot",2026-08-28T03:50:07.979Z,178788900797901
"Uncalled bet of 20 returned to ""the pho king @ gpP9uUffpu""",2026-08-28T03:50:07.979Z,178788900797900
"""LingWae @ FQN9hzhzP_"" folds",2026-08-28T03:50:07.173Z,178788900717300
"""the pho king @ gpP9uUffpu"" bets 20",2026-08-28T03:50:06.210Z,178788900621000
"River: 7♣, J♠, 9♦, 9♠ [7♠]",2026-08-28T03:50:05.533Z,178788900553300
"""LingWae @ FQN9hzhzP_"" checks",2026-08-28T03:50:04.700Z,178788900470000
"""the pho king @ gpP9uUffpu"" checks",2026-08-28T03:50:03.763Z,178788900376300
"Turn: 7♣, J♠, 9♦ [9♠]",2026-08-28T03:50:02.701Z,178788900270100
"""the pho king @ gpP9uUffpu"" calls 20",2026-08-28T03:50:01.785Z,178788900178500
"""LingWae @ FQN9hzhzP_"" bets 20",2026-08-28T03:50:00.564Z,178788900056400
"""the pho king @ gpP9uUffpu"" checks",2026-08-28T03:49:56.187Z,178788899618700
"Flop:  [7♣, J♠, 9♦]",2026-08-28T03:49:55.116Z,178788899511600
"""the pho king @ gpP9uUffpu"" checks",2026-08-28T03:49:54.306Z,178788899430600
"""LingWae @ FQN9hzhzP_"" calls 20",2026-08-28T03:49:53.384Z,178788899338400
"""the pho king @ gpP9uUffpu"" posts a big blind of 20",2026-08-28T03:49:49.513Z,178788898951305
"""LingWae @ FQN9hzhzP_"" posts a small blind of 10",2026-08-28T03:49:49.513Z,178788898951304
"Player stacks: #1 ""LingWae @ FQN9hzhzP_"" (3541) | #10 ""the pho king @ gpP9uUffpu"" (3459)",2026-08-28T03:49:49.513Z,178788898951301
"-- starting hand #403 (id: 1dvfzax2tksg)  No Limit Texas Hold'em (dealer: ""LingWae @ FQN9hzhzP_"") --",2026-08-28T03:49:49.513Z,178788898951300
"""LingWae @ FQN9hzhzP_"" shows a 6♥, 7♥.",2026-08-28T03:49:45.218Z,178788898521800
"Undealt cards: A♦, 8♥, 6♠ [7♠, 10♥]",2026-08-28T03:49:43.182Z,178788898318200
"-- ending hand #402 --",2026-08-28T03:49:42.909Z,178788898290902
"""LingWae @ FQN9hzhzP_"" collected 134 from pot",2026-08-28T03:49:42.909Z,178788898290901
"Uncalled bet of 67 returned to ""LingWae @ FQN9hzhzP_""",2026-08-28T03:49:42.909Z,178788898290900
"""the pho king @ gpP9uUffpu"" folds",2026-08-28T03:49:42.094Z,178788898209400
"""LingWae @ FQN9hzhzP_"" bets 67",2026-08-28T03:49:41.161Z,178788898116100
"Flop:  [A♦, 8♥, 6♠]",2026-08-28T03:49:37.543Z,178788897754300
"""the pho king @ gpP9uUffpu"" calls 67",2026-08-28T03:49:36.711Z,178788897671100
"""LingWae @ FQN9hzhzP_"" raises to 67",2026-08-28T03:49:35.768Z,178788897576800
"""the pho king @ gpP9uUffpu"" calls 20",2026-08-28T03:49:33.277Z,178788897327700
"""LingWae @ FQN9hzhzP_"" posts a big blind of 20",2026-08-28T03:49:31.141Z,178788897114105
"""the pho king @ gpP9uUffpu"" posts a small blind of 10",2026-08-28T03:49:31.141Z,178788897114104
"Player stacks: #1 ""LingWae @ FQN9hzhzP_"" (3474) | #10 ""the pho king @ gpP9uUffpu"" (3526)",2026-08-28T03:49:31.141Z,178788897114101
"-- starting hand #402 (id: lmdn4aq0mhlc)  No Limit Texas Hold'em (dealer: ""the pho king @ gpP9uUffpu"") --",2026-08-28T03:49:31.141Z,178788897114100
"-- ending hand #401 --",2026-08-28T03:49:28.215Z,178788896821502
"""the pho king @ gpP9uUffpu"" collected 120 from pot",2026-08-28T03:49:28.215Z,178788896821501
"Uncalled bet of 40 returned to ""the pho king @ gpP9uUffpu""",2026-08-28T03:49:28.215Z,178788896821500
"""LingWae @ FQN9hzhzP_"" folds",2026-08-28T03:49:27.393Z,178788896739300
"""the pho king @ gpP9uUffpu"" bets 40",2026-08-28T03:49:25.916Z,178788896591600
"River: A♣, Q♥, 9♠, A♥ [3♦]",2026-08-28T03:49:24.489Z,178788896448900
"""LingWae @ FQN9hzhzP_"" checks",2026-08-28T03:49:23.656Z,178788896365600
"""the pho king @ gpP9uUffpu"" checks",2026-08-28T03:49:22.318Z,178788896231800
"Turn: A♣, Q♥, 9♠ [A♥]",2026-08-28T03:49:21.386Z,178788896138600
"""the pho king @ gpP9uUffpu"" calls 20",2026-08-28T03:49:20.579Z,178788896057900
"""LingWae @ FQN9hzhzP_"" bets 20",2026-08-28T03:49:19.654Z,178788895965400
"""the pho king @ gpP9uUffpu"" checks",2026-08-28T03:49:17.617Z,178788895761700
"Flop:  [A♣, Q♥, 9♠]",2026-08-28T03:49:16.609Z,178788895660900
"""the pho king @ gpP9uUffpu"" calls 40",2026-08-28T03:49:15.802Z,178788895580200
"""LingWae @ FQN9hzhzP_"" raises to 40",2026-08-28T03:49:14.734Z,178788895473400
"""the pho king @ gpP9uUffpu"" posts a big blind of 20",2026-08-28T03:49:11.497Z,178788895149705
"""LingWae @ FQN9hzhzP_"" posts a small blind of 10",2026-08-28T03:49:11.497Z,178788895149704
"Player stacks: #1 ""LingWae @ FQN9hzhzP_"" (3534) | #10 ""the pho king @ gpP9uUffpu"" (3466)",2026-08-28T03:49:11.497Z,178788895149701
"-- starting hand #401 (id: dpqoagzvliqe)  No Limit Texas Hold'em (dealer: ""LingWae @ FQN9hzhzP_"") --",2026-08-28T03:49:11.497Z,178788895149700
"""the pho king @ gpP9uUffpu"" shows a 3♦, Q♠.",2026-08-28T03:49:06.618Z,178788894661800
"""LingWae @ FQN9hzhzP_"" shows a Q♣, Q♥.",2026-08-28T03:49:04.814Z,178788894481400
"Undealt cards:  [4♦, 10♠, 2♦, 10♦, 9♥]",2026-08-28T03:49:04.463Z,178788894446300
"-- ending hand #400 --",2026-08-28T03:49:04.179Z,178788894417902
"""LingWae @ FQN9hzhzP_"" collected 40 from pot",2026-08-28T03:49:04.179Z,178788894417901
"Uncalled bet of 47 returned to ""LingWae @ FQN9hzhzP_""",2026-08-28T03:49:04.179Z,178788894417900
"""the pho king @ gpP9uUffpu"" folds",2026-08-28T03:49:03.365Z,178788894336500
"""LingWae @ FQN9hzhzP_"" raises to 67",2026-08-28T03:49:02.414Z,178788894241400
"""the pho king @ gpP9uUffpu"" calls 20",2026-08-28T03:48:54.457Z,178788893445700
"""LingWae @ FQN9hzhzP_"" posts a big blind of 20",2026-08-28T03:48:53.334Z,178788893333405
"""the pho king @ gpP9uUffpu"" posts a small blind of 10",2026-08-28T03:48:53.334Z,178788893333404
"Your hand is 3♦, Q♠",2026-08-28T03:48:53.334Z,178788893333403
"Player stacks: #1 ""LingWae @ FQN9hzhzP_"" (3514) | #10 ""the pho king @ gpP9uUffpu"" (3486)",2026-08-28T03:48:53.334Z,178788893333401
"-- starting hand #400 (id: s4hpyly62rmv)  No Limit Texas Hold'em (dealer: ""the pho king @ gpP9uUffpu"") --",2026-08-28T03:48:53.334Z,178788893333400
"""the pho king @ gpP9uUffpu"" shows a 8♣, 6♥.",2026-08-28T03:48:49.681Z,178788892968100
"""LingWae @ FQN9hzhzP_"" shows a K♥, K♠.",2026-08-28T03:48:46.905Z,178788892690500
"Undealt cards: A♣, 4♥, J♥, A♥ [5♠]",2026-08-28T03:48:46.327Z,178788892632700
"-- ending hand #399 --",2026-08-28T03:48:46.031Z,178788892603102
"""LingWae @ FQN9hzhzP_"" collected 100 from pot",2026-08-28T03:48:46.031Z,178788892603101
"Uncalled bet of 67 returned to ""LingWae @ FQN9hzhzP_""",2026-08-28T03:48:46.031Z,178788892603100
"""the pho king @ gpP9uUffpu"" folds",2026-08-28T03:48:45.221Z,178788892522100
"""LingWae @ FQN9hzhzP_"" bets 67",2026-08-28T03:48:44.222Z,178788892422200
"""the pho king @ gpP9uUffpu"" checks",2026-08-28T03:48:42.166Z,178788892216600
"Turn: A♣, 4♥, J♥ [A♥]",2026-08-28T03:48:41.293Z,178788892129300
"""LingWae @ FQN9hzhzP_"" checks",2026-08-28T03:48:40.465Z,178788892046500
"""the pho king @ gpP9uUffpu"" checks",2026-08-28T03:48:39.040Z,178788891904000
"Flop:  [A♣, 4♥, J♥]",2026-08-28T03:48:38.091Z,178788891809100
"""the pho king @ gpP9uUffpu"" calls 50",2026-08-28T03:48:37.224Z,178788891722400
"""LingWae @ FQN9hzhzP_"" raises to 50",2026-08-28T03:48:36.092Z,178788891609200
"""the pho king @ gpP9uUffpu"" posts a big blind of 20",2026-08-28T03:48:22.871Z,178788890287105
"""LingWae @ FQN9hzhzP_"" posts a small blind of 10",2026-08-28T03:48:22.871Z,178788890287104
"Your hand is 8♣, 6♥",2026-08-28T03:48:22.871Z,178788890287103
"Player stacks: #1 ""LingWae @ FQN9hzhzP_"" (3464) | #10 ""the pho king @ gpP9uUffpu"" (3536)",2026-08-28T03:48:22.871Z,178788890287101
"-- starting hand #399 (id: wkjnkk6turg8)  No Limit Texas Hold'em (dealer: ""LingWae @ FQN9hzhzP_"") --",2026-08-28T03:48:22.871Z,178788890287100
"""LingWae @ FQN9hzhzP_"" shows a 6♥, 8♠.",2026-08-28T03:48:17.005Z,178788889700500
"Undealt cards: 7♥, 5♣, J♦, 9♥ [Q♥]",2026-08-28T03:48:16.561Z,178788889656100
"-- ending hand #398 --",2026-08-28T03:48:16.265Z,178788889626502
"""LingWae @ FQN9hzhzP_"" collected 214 from pot",2026-08-28T03:48:16.265Z,178788889626501
"Uncalled bet of 67 returned to ""LingWae @ FQN9hzhzP_""",2026-08-28T03:48:16.265Z,178788889626500
"""the pho king @ gpP9uUffpu"" folds",2026-08-28T03:48:15.438Z,178788889543800
"""LingWae @ FQN9hzhzP_"" bets 67",2026-08-28T03:48:14.507Z,178788889450700
"Turn: 7♥, 5♣, J♦ [9♥]",2026-08-28T03:48:11.528Z,178788889152800
"""the pho king @ gpP9uUffpu"" calls 67",2026-08-28T03:48:10.702Z,178788889070200
"""LingWae @ FQN9hzhzP_"" bets 67",2026-08-28T03:48:09.775Z,178788888977500
"Flop:  [7♥, 5♣, J♦]",2026-08-28T03:48:05.923Z,178788888592300
"""LingWae @ FQN9hzhzP_"" calls 40",2026-08-28T03:48:05.111Z,178788888511100
"""the pho king @ gpP9uUffpu"" raises to 40",2026-08-28T03:48:04.200Z,178788888420000
"""LingWae @ FQN9hzhzP_"" posts a big blind of 20",2026-08-28T03:47:59.975Z,178788887997505
"""the pho king @ gpP9uUffpu"" posts a small blind of 10",2026-08-28T03:47:59.975Z,178788887997504
"Player stacks: #1 ""LingWae @ FQN9hzhzP_"" (3357) | #10 ""the pho king @ gpP9uUffpu"" (3643)",2026-08-28T03:47:59.975Z,178788887997501
"-- starting hand #398 (id: tiznrpfsz6yq)  No Limit Texas Hold'em (dealer: ""the pho king @ gpP9uUffpu"") --",2026-08-28T03:47:59.975Z,178788887997500
"Undealt cards: 8♥, 7♣, 10♥ [K♣, Q♦]",2026-08-28T03:47:54.391Z,178788887439100
"-- ending hand #397 --",2026-08-28T03:47:54.059Z,178788887405902
"""LingWae @ FQN9hzhzP_"" collected 40 from pot",2026-08-28T03:47:54.059Z,178788887405901
"Uncalled bet of 36 returned to ""LingWae @ FQN9hzhzP_""",2026-08-28T03:47:54.059Z,178788887405900
"""the pho king @ gpP9uUffpu"" folds",2026-08-28T03:47:53.221Z,178788887322100
"""LingWae @ FQN9hzhzP_"" bets 36",2026-08-28T03:47:51.694Z,178788887169400
"""the pho king @ gpP9uUffpu"" checks",2026-08-28T03:47:44.697Z,178788886469700
"Flop:  [8♥, 7♣, 10♥]",2026-08-28T03:47:42.511Z,178788886251100
"""the pho king @ gpP9uUffpu"" checks",2026-08-28T03:47:41.681Z,178788886168100
"""LingWae @ FQN9hzhzP_"" calls 20",2026-08-28T03:47:35.232Z,178788885523200
"""the pho king @ gpP9uUffpu"" posts a big blind of 20",2026-08-28T03:47:24.353Z,178788884435305
"""LingWae @ FQN9hzhzP_"" posts a small blind of 10",2026-08-28T03:47:24.353Z,178788884435304
"Player stacks: #1 ""LingWae @ FQN9hzhzP_"" (3337) | #10 ""the pho king @ gpP9uUffpu"" (3663)",2026-08-28T03:47:24.353Z,178788884435301
"-- starting hand #397 (id: rfaqgt1ige11)  No Limit Texas Hold'em (dealer: ""LingWae @ FQN9hzhzP_"") --",2026-08-28T03:47:24.353Z,178788884435300
"""LingWae @ FQN9hzhzP_"" shows a 9♣, J♥.",2026-08-28T03:47:19.870Z,178788883987000
"Undealt cards: 5♥, 4♥, 7♣ [8♠, 10♥]",2026-08-28T03:47:18.014Z,178788883801400
"-- ending hand #396 --",2026-08-28T03:47:17.697Z,178788883769701
"""the pho king @ gpP9uUffpu"" collected 120 from pot",2026-08-28T03:47:17.697Z,178788883769700
"""LingWae @ FQN9hzhzP_"" folds",2026-08-28T03:47:16.866Z,178788883686600
"Flop:  [5♥, 4♥, 7♣]",2026-08-28T03:47:11.775Z,178788883177500
"""LingWae @ FQN9hzhzP_"" calls 60",2026-08-28T03:47:10.957Z,178788883095700
"""the pho king @ gpP9uUffpu"" raises to 60",2026-08-28T03:46:58.404Z,178788881840400
"""LingWae @ FQN9hzhzP_"" posts a big blind of 20",2026-08-28T03:46:55.582Z,178788881558205
"""the pho king @ gpP9uUffpu"" posts a small blind of 10",2026-08-28T03:46:55.582Z,178788881558204
"Player stacks: #1 ""LingWae @ FQN9hzhzP_"" (3397) | #10 ""the pho king @ gpP9uUffpu"" (3603)",2026-08-28T03:46:55.582Z,178788881558201
"-- starting hand #396 (id: xlmb37tgcjgj)  No Limit Texas Hold'em (dealer: ""the pho king @ gpP9uUffpu"") --",2026-08-28T03:46:55.582Z,178788881558200
"""LingWae @ FQN9hzhzP_"" shows a K♦, 5♦.",2026-08-28T03:46:50.281Z,178788881028100
"-- ending hand #395 --",2026-08-28T03:46:49.056Z,178788880905602
"""the pho king @ gpP9uUffpu"" collected 214 from pot with Two Pair, 4's & 2's (combination: A♠, 2♦, 2♣, 4♥, 4♠)",2026-08-28T03:46:49.056Z,178788880905601
"""the pho king @ gpP9uUffpu"" shows a 8♥, 4♥.",2026-08-28T03:46:49.056Z,178788880905600
"""LingWae @ FQN9hzhzP_"" calls 40",2026-08-28T03:46:48.242Z,178788880824200
"""the pho king @ gpP9uUffpu"" bets 40",2026-08-28T03:46:47.297Z,178788880729700
"River: 4♠, A♠, 2♦, 2♣ [J♦]",2026-08-28T03:46:45.340Z,178788880534000
"""LingWae @ FQN9hzhzP_"" checks",2026-08-28T03:46:44.530Z,178788880453000
"""the pho king @ gpP9uUffpu"" checks",2026-08-28T03:46:43.583Z,178788880358300
"Turn: 4♠, A♠, 2♦ [2♣]",2026-08-28T03:46:42.656Z,178788880265600
"""LingWae @ FQN9hzhzP_"" checks",2026-08-28T03:46:41.829Z,178788880182900
"""the pho king @ gpP9uUffpu"" checks",2026-08-28T03:46:40.805Z,178788880080500
"Flop:  [4♠, A♠, 2♦]",2026-08-28T03:46:40.054Z,178788880005400
"""the pho king @ gpP9uUffpu"" calls 67",2026-08-28T03:46:39.199Z,178788879919900
"""LingWae @ FQN9hzhzP_"" raises to 67",2026-08-28T03:46:37.886Z,178788879788600
"""the pho king @ gpP9uUffpu"" posts a big blind of 20",2026-08-28T03:46:35.069Z,178788879506905
"""LingWae @ FQN9hzhzP_"" posts a small blind of 10",2026-08-28T03:46:35.069Z,178788879506904
"Your hand is 8♥, 4♥",2026-08-28T03:46:35.069Z,178788879506903
"Player stacks: #1 ""LingWae @ FQN9hzhzP_"" (3504) | #10 ""the pho king @ gpP9uUffpu"" (3496)",2026-08-28T03:46:35.069Z,178788879506901
"-- starting hand #395 (id: jxfdqrwpa5xs)  No Limit Texas Hold'em (dealer: ""LingWae @ FQN9hzhzP_"") --",2026-08-28T03:46:35.069Z,178788879506900
"""the pho king @ gpP9uUffpu"" shows a 4♣, 2♣.",2026-08-28T03:46:29.908Z,178788878990800
"""LingWae @ FQN9hzhzP_"" shows a 9♠, 8♦.",2026-08-28T03:46:29.773Z,178788878977300
"Undealt cards: 6♦, 7♠, 7♦ [2♥, A♠]",2026-08-28T03:46:28.055Z,178788878805500
"-- ending hand #394 --",2026-08-28T03:46:27.765Z,178788878776502
"""LingWae @ FQN9hzhzP_"" collected 120 from pot",2026-08-28T03:46:27.765Z,178788878776501
"Uncalled bet of 67 returned to ""LingWae @ FQN9hzhzP_""",2026-08-28T03:46:27.765Z,178788878776500
"""the pho king @ gpP9uUffpu"" folds",2026-08-28T03:46:26.894Z,178788878689400
"""LingWae @ FQN9hzhzP_"" bets 67",2026-08-28T03:46:25.721Z,178788878572100
"Flop:  [6♦, 7♠, 7♦]",2026-08-28T03:46:17.756Z,178788877775600
"""LingWae @ FQN9hzhzP_"" calls 60",2026-08-28T03:46:16.889Z,178788877688900
"""the pho king @ gpP9uUffpu"" raises to 60",2026-08-28T03:46:12.929Z,178788877292900
"""LingWae @ FQN9hzhzP_"" posts a big blind of 20",2026-08-28T03:46:11.352Z,178788877135205
"""the pho king @ gpP9uUffpu"" posts a small blind of 10",2026-08-28T03:46:11.352Z,178788877135204
"Your hand is 4♣, 2♣",2026-08-28T03:46:11.352Z,178788877135203
"Player stacks: #1 ""LingWae @ FQN9hzhzP_"" (3444) | #10 ""the pho king @ gpP9uUffpu"" (3556)",2026-08-28T03:46:11.352Z,178788877135201
"-- starting hand #394 (id: 4ywdrr67zv05)  No Limit Texas Hold'em (dealer: ""the pho king @ gpP9uUffpu"") --",2026-08-28T03:46:11.352Z,178788877135200
"""the pho king @ gpP9uUffpu"" shows a Q♦, Q♣.",2026-08-28T03:46:09.535Z,178788876953500
"""LingWae @ FQN9hzhzP_"" shows a 4♠, 6♥.",2026-08-28T03:46:09.230Z,178788876923000
"-- ending hand #393 --",2026-08-28T03:46:07.027Z,178788876702702
"""the pho king @ gpP9uUffpu"" collected 520 from pot",2026-08-28T03:46:07.027Z,178788876702701
"Uncalled bet of 720 returned to ""the pho king @ gpP9uUffpu""",2026-08-28T03:46:07.027Z,178788876702700
"""LingWae @ FQN9hzhzP_"" folds",2026-08-28T03:46:06.217Z,178788876621700
"""the pho king @ gpP9uUffpu"" bets 720",2026-08-28T03:46:04.074Z,178788876407400
"River: 2♣, 5♦, 5♣, 9♣ [5♥]",2026-08-28T03:45:51.748Z,178788875174800
"""the pho king @ gpP9uUffpu"" calls 160",2026-08-28T03:45:50.882Z,178788875088200
"""LingWae @ FQN9hzhzP_"" raises to 160",2026-08-28T03:45:49.796Z,178788874979600
"""the pho king @ gpP9uUffpu"" bets 80",2026-08-28T03:45:47.610Z,178788874761000
"Turn: 2♣, 5♦, 5♣ [9♣]",2026-08-28T03:45:45.155Z,178788874515500
"""LingWae @ FQN9hzhzP_"" calls 40",2026-08-28T03:45:44.306Z,178788874430600
"""the pho king @ gpP9uUffpu"" bets 40",2026-08-28T03:45:38.777Z,178788873877700
"Flop:  [2♣, 5♦, 5♣]",2026-08-28T03:45:36.534Z,178788873653400
"""LingWae @ FQN9hzhzP_"" calls 60",2026-08-28T03:45:35.698Z,178788873569800
"""the pho king @ gpP9uUffpu"" raises to 60",2026-08-28T03:45:33.933Z,178788873393300
"""LingWae @ FQN9hzhzP_"" calls 20",2026-08-28T03:45:32.398Z,178788873239800
"""the pho king @ gpP9uUffpu"" posts a big blind of 20",2026-08-28T03:45:31.152Z,178788873115205
"""LingWae @ FQN9hzhzP_"" posts a small blind of 10",2026-08-28T03:45:31.152Z,178788873115204
"Your hand is Q♦, Q♣",2026-08-28T03:45:31.152Z,178788873115203
"Player stacks: #1 ""LingWae @ FQN9hzhzP_"" (3704) | #10 ""the pho king @ gpP9uUffpu"" (3296)",2026-08-28T03:45:31.152Z,178788873115201
"-- starting hand #393 (id: bffqwnrsoev1)  No Limit Texas Hold'em (dealer: ""LingWae @ FQN9hzhzP_"") --",2026-08-28T03:45:31.152Z,178788873115200
"""LingWae @ FQN9hzhzP_"" shows a 4♣.",2026-08-28T03:45:29.724Z,178788872972400
"""LingWae @ FQN9hzhzP_"" shows a 3♦.",2026-08-28T03:45:29.487Z,178788872948700
"Undealt cards: 6♠, A♦, 9♥ [K♦, J♠]",2026-08-28T03:45:24.740Z,178788872474000
"-- ending hand #392 --",2026-08-28T03:45:24.532Z,178788872453202
"""the pho king @ gpP9uUffpu"" collected 120 from pot",2026-08-28T03:45:24.532Z,178788872453201
"Uncalled bet of 40 returned to ""the pho king @ gpP9uUffpu""",2026-08-28T03:45:24.532Z,178788872453200
"""LingWae @ FQN9hzhzP_"" folds",2026-08-28T03:45:23.720Z,178788872372000
"""the pho king @ gpP9uUffpu"" bets 40",2026-08-28T03:45:22.795Z,178788872279500
"""LingWae @ FQN9hzhzP_"" checks",2026-08-28T03:45:20.735Z,178788872073500
"Flop:  [6♠, A♦, 9♥]",2026-08-28T03:45:18.091Z,178788871809100
"""LingWae @ FQN9hzhzP_"" calls 60",2026-08-28T03:45:17.273Z,178788871727300
"""the pho king @ gpP9uUffpu"" raises to 60",2026-08-28T03:45:16.366Z,178788871636600
"""LingWae @ FQN9hzhzP_"" posts a big blind of 20",2026-08-28T03:45:13.421Z,178788871342105
"""the pho king @ gpP9uUffpu"" posts a small blind of 10",2026-08-28T03:45:13.421Z,178788871342104
"Player stacks: #1 ""LingWae @ FQN9hzhzP_"" (3764) | #10 ""the pho king @ gpP9uUffpu"" (3236)",2026-08-28T03:45:13.421Z,178788871342101
"-- starting hand #392 (id: rc7zveemykqs)  No Limit Texas Hold'em (dealer: ""the pho king @ gpP9uUffpu"") --",2026-08-28T03:45:13.421Z,178788871342100
"""LingWae @ FQN9hzhzP_"" shows a 6♥.",2026-08-28T03:45:10.693Z,178788871069300
"-- ending hand #391 --",2026-08-28T03:45:09.804Z,178788870980402
"""the pho king @ gpP9uUffpu"" collected 40 from pot",2026-08-28T03:45:09.804Z,178788870980401
"Uncalled bet of 20 returned to ""the pho king @ gpP9uUffpu""",2026-08-28T03:45:09.804Z,178788870980400
"""LingWae @ FQN9hzhzP_"" folds",2026-08-28T03:45:08.999Z,178788870899900
"""the pho king @ gpP9uUffpu"" bets 20",2026-08-28T03:45:08.060Z,178788870806000
"River: J♠, 2♥, K♠, 2♣ [8♦]",2026-08-28T03:45:06.283Z,178788870628300
"""LingWae @ FQN9hzhzP_"" checks",2026-08-28T03:45:05.465Z,178788870546500
"""the pho king @ gpP9uUffpu"" checks",2026-08-28T03:45:04.560Z,178788870456000
"Turn: J♠, 2♥, K♠ [2♣]",2026-08-28T03:45:00.380Z,178788870038000
"""LingWae @ FQN9hzhzP_"" checks",2026-08-28T03:44:59.530Z,178788869953000
"""the pho king @ gpP9uUffpu"" checks",2026-08-28T03:44:58.401Z,178788869840100
"Flop:  [J♠, 2♥, K♠]",2026-08-28T03:44:46.959Z,178788868695900
"""the pho king @ gpP9uUffpu"" checks",2026-08-28T03:44:46.116Z,178788868611600
"""LingWae @ FQN9hzhzP_"" calls 20",2026-08-28T03:44:42.272Z,178788868227200
"""the pho king @ gpP9uUffpu"" posts a big blind of 20",2026-08-28T03:44:41.269Z,178788868126905
"""LingWae @ FQN9hzhzP_"" posts a small blind of 10",2026-08-28T03:44:41.269Z,178788868126904
"Player stacks: #1 ""LingWae @ FQN9hzhzP_"" (3784) | #10 ""the pho king @ gpP9uUffpu"" (3216)",2026-08-28T03:44:41.269Z,178788868126901
"-- starting hand #391 (id: 5qpvfz1rdhkt)  No Limit Texas Hold'em (dealer: ""LingWae @ FQN9hzhzP_"") --",2026-08-28T03:44:41.269Z,178788868126900
"Undealt cards: K♥, J♣, 3♥ [10♣, 8♣]",2026-08-28T03:44:38.278Z,178788867827800
"""LingWae @ FQN9hzhzP_"" shows a 4♥.",2026-08-28T03:44:37.478Z,178788867747800
"-- ending hand #390 --",2026-08-28T03:44:34.631Z,178788867463101
"""the pho king @ gpP9uUffpu"" collected 120 from pot",2026-08-28T03:44:34.631Z,178788867463100
"""LingWae @ FQN9hzhzP_"" folds",2026-08-28T03:44:33.790Z,178788867379000
"Flop:  [K♥, J♣, 3♥]",2026-08-28T03:44:30.258Z,178788867025800
"""LingWae @ FQN9hzhzP_"" calls 60",2026-08-28T03:44:29.451Z,178788866945100
"""the pho king @ gpP9uUffpu"" raises to 60",2026-08-28T03:44:28.542Z,178788866854200
"""LingWae @ FQN9hzhzP_"" posts a big blind of 20",2026-08-28T03:44:24.997Z,178788866499705
"""the pho king @ gpP9uUffpu"" posts a small blind of 10",2026-08-28T03:44:24.997Z,178788866499704
"Player stacks: #1 ""LingWae @ FQN9hzhzP_"" (3844) | #10 ""the pho king @ gpP9uUffpu"" (3156)",2026-08-28T03:44:24.997Z,178788866499701
"-- starting hand #390 (id: yjbr7oa4hbvg)  No Limit Texas Hold'em (dealer: ""the pho king @ gpP9uUffpu"") --",2026-08-28T03:44:24.997Z,178788866499700
"-- ending hand #389 --",2026-08-28T03:44:22.052Z,178788866205202
"""LingWae @ FQN9hzhzP_"" collected 112 from pot",2026-08-28T03:44:22.052Z,178788866205201
"Uncalled bet of 67 returned to ""LingWae @ FQN9hzhzP_""",2026-08-28T03:44:22.052Z,178788866205200
"""the pho king @ gpP9uUffpu"" folds",2026-08-28T03:44:21.239Z,178788866123900
"""LingWae @ FQN9hzhzP_"" bets 67",2026-08-28T03:44:19.622Z,178788865962200
"""the pho king @ gpP9uUffpu"" checks",2026-08-28T03:44:17.642Z,178788865764200
"River: 5♣, 9♠, 5♠, 6♠ [2♦]",2026-08-28T03:44:16.745Z,178788865674500
"""LingWae @ FQN9hzhzP_"" checks",2026-08-28T03:44:15.881Z,178788865588100
"""the pho king @ gpP9uUffpu"" checks",2026-08-28T03:44:13.646Z,178788865364600
"Turn: 5♣, 9♠, 5♠ [6♠]",2026-08-28T03:44:12.844Z,178788865284400
"""the pho king @ gpP9uUffpu"" calls 36",2026-08-28T03:44:12.035Z,178788865203500
"""LingWae @ FQN9hzhzP_"" bets 36",2026-08-28T03:44:11.112Z,178788865111200
"""the pho king @ gpP9uUffpu"" checks",2026-08-28T03:44:06.714Z,178788864671400
"Flop:  [5♣, 9♠, 5♠]",2026-08-28T03:44:05.206Z,178788864520600
"""the pho king @ gpP9uUffpu"" checks",2026-08-28T03:44:04.386Z,178788864438600
"""LingWae @ FQN9hzhzP_"" calls 20",2026-08-28T03:44:02.480Z,178788864248000
"""the pho king @ gpP9uUffpu"" posts a big blind of 20",2026-08-28T03:43:59.672Z,178788863967205
"""LingWae @ FQN9hzhzP_"" posts a small blind of 10",2026-08-28T03:43:59.672Z,178788863967204
"Player stacks: #1 ""LingWae @ FQN9hzhzP_"" (3788) | #10 ""the pho king @ gpP9uUffpu"" (3212)",2026-08-28T03:43:59.672Z,178788863967201
"-- starting hand #389 (id: qjcayyprfjcp)  No Limit Texas Hold'em (dealer: ""LingWae @ FQN9hzhzP_"") --",2026-08-28T03:43:59.672Z,178788863967200
"""LingWae @ FQN9hzhzP_"" shows a 2♦.",2026-08-28T03:43:57.058Z,178788863705800
"-- ending hand #388 --",2026-08-28T03:43:56.070Z,178788863607002
"""the pho king @ gpP9uUffpu"" collected 246 from pot",2026-08-28T03:43:56.070Z,178788863607001
"Uncalled bet of 246 returned to ""the pho king @ gpP9uUffpu""",2026-08-28T03:43:56.070Z,178788863607000
"""LingWae @ FQN9hzhzP_"" folds",2026-08-28T03:43:55.255Z,178788863525500
"""the pho king @ gpP9uUffpu"" raises to 272",2026-08-28T03:43:52.973Z,178788863297300
"""LingWae @ FQN9hzhzP_"" bets 26",2026-08-28T03:43:50.981Z,178788863098100
"River: 8♥, 5♦, K♦, 10♦ [4♦]",2026-08-28T03:43:48.670Z,178788862867000
"""the pho king @ gpP9uUffpu"" checks",2026-08-28T03:43:47.842Z,178788862784200
"""LingWae @ FQN9hzhzP_"" checks",2026-08-28T03:43:46.912Z,178788862691200
"Turn: 8♥, 5♦, K♦ [10♦]",2026-08-28T03:43:44.943Z,178788862494300
"""the pho king @ gpP9uUffpu"" calls 37",2026-08-28T03:43:44.086Z,178788862408600
"""LingWae @ FQN9hzhzP_"" bets 37",2026-08-28T03:43:42.928Z,178788862292800
"Flop:  [8♥, 5♦, K♦]",2026-08-28T03:43:38.781Z,178788861878100
"""LingWae @ FQN9hzhzP_"" calls 60",2026-08-28T03:43:37.976Z,178788861797600
"""the pho king @ gpP9uUffpu"" raises to 60",2026-08-28T03:43:37.022Z,178788861702200
"""LingWae @ FQN9hzhzP_"" posts a big blind of 20",2026-08-28T03:43:31.454Z,178788861145405
"""the pho king @ gpP9uUffpu"" posts a small blind of 10",2026-08-28T03:43:31.454Z,178788861145404
"Player stacks: #1 ""LingWae @ FQN9hzhzP_"" (3911) | #10 ""the pho king @ gpP9uUffpu"" (3089)",2026-08-28T03:43:31.454Z,178788861145401
"-- starting hand #388 (id: jmsxgrfbkyh1)  No Limit Texas Hold'em (dealer: ""the pho king @ gpP9uUffpu"") --",2026-08-28T03:43:31.454Z,178788861145400
"""the pho king @ gpP9uUffpu"" shows a 6♠, 5♠.",2026-08-28T03:43:27.582Z,178788860758200
"""LingWae @ FQN9hzhzP_"" shows a 2♦, 4♠.",2026-08-28T03:43:26.180Z,178788860618000
"Undealt cards: A♥, J♣, 9♠ [4♣, 2♠]",2026-08-28T03:43:24.482Z,178788860448200
"-- ending hand #387 --",2026-08-28T03:43:24.095Z,178788860409501
"""the pho king @ gpP9uUffpu"" collected 120 from pot",2026-08-28T03:43:24.095Z,178788860409500
"""LingWae @ FQN9hzhzP_"" folds",2026-08-28T03:43:23.255Z,178788860325500
"""the pho king @ gpP9uUffpu"" checks",2026-08-28T03:43:22.315Z,178788860231500
"Flop:  [A♥, J♣, 9♠]",2026-08-28T03:43:19.894Z,178788859989400
"""LingWae @ FQN9hzhzP_"" calls 60",2026-08-28T03:43:19.043Z,178788859904300
"""the pho king @ gpP9uUffpu"" raises to 60",2026-08-28T03:43:18.117Z,178788859811700
"""LingWae @ FQN9hzhzP_"" calls 20",2026-08-28T03:43:14.733Z,178788859473300
"""the pho king @ gpP9uUffpu"" posts a big blind of 20",2026-08-28T03:43:13.637Z,178788859363705
"""LingWae @ FQN9hzhzP_"" posts a small blind of 10",2026-08-28T03:43:13.637Z,178788859363704
"Your hand is 6♠, 5♠",2026-08-28T03:43:13.637Z,178788859363703
"Player stacks: #1 ""LingWae @ FQN9hzhzP_"" (3971) | #10 ""the pho king @ gpP9uUffpu"" (3029)",2026-08-28T03:43:13.637Z,178788859363701
"-- starting hand #387 (id: cqqdywoyqrw6)  No Limit Texas Hold'em (dealer: ""LingWae @ FQN9hzhzP_"") --",2026-08-28T03:43:13.637Z,178788859363700
"-- ending hand #386 --",2026-08-28T03:43:07.596Z,178788858759602
"""LingWae @ FQN9hzhzP_"" collected 152 from pot with Pair, A's (combination: 6♦, 8♥, 9♦, A♣, A♥)",2026-08-28T03:43:07.596Z,178788858759601
"""LingWae @ FQN9hzhzP_"" shows a A♣, 8♥.",2026-08-28T03:43:07.596Z,178788858759600
"""the pho king @ gpP9uUffpu"" checks",2026-08-28T03:43:06.780Z,178788858678000
"""LingWae @ FQN9hzhzP_"" checks",2026-08-28T03:43:05.805Z,178788858580500
"River: A♥, 6♦, 9♦, 4♦ [3♥]",2026-08-28T03:43:03.876Z,178788858387600
"""the pho king @ gpP9uUffpu"" checks",2026-08-28T03:43:03.036Z,178788858303600
"""LingWae @ FQN9hzhzP_"" checks",2026-08-28T03:43:02.106Z,178788858210600
"Turn: A♥, 6♦, 9♦ [4♦]",2026-08-28T03:42:59.896Z,178788857989600
"""the pho king @ gpP9uUffpu"" calls 36",2026-08-28T03:42:59.069Z,178788857906900
"""LingWae @ FQN9hzhzP_"" bets 36",2026-08-28T03:42:58.158Z,178788857815800
"Flop:  [A♥, 6♦, 9♦]",2026-08-28T03:42:52.369Z,178788857236900
"""LingWae @ FQN9hzhzP_"" calls 40",2026-08-28T03:42:51.516Z,178788857151600
"""the pho king @ gpP9uUffpu"" raises to 40",2026-08-28T03:42:50.582Z,178788857058200
"""LingWae @ FQN9hzhzP_"" posts a big blind of 20",2026-08-28T03:42:48.168Z,178788856816805
"""the pho king @ gpP9uUffpu"" posts a small blind of 10",2026-08-28T03:42:48.168Z,178788856816804
"Player stacks: #1 ""LingWae @ FQN9hzhzP_"" (3895) | #10 ""the pho king @ gpP9uUffpu"" (3105)",2026-08-28T03:42:48.168Z,178788856816801
"-- starting hand #386 (id: aztqfuge1vaf)  No Limit Texas Hold'em (dealer: ""the pho king @ gpP9uUffpu"") --",2026-08-28T03:42:48.168Z,178788856816800
"""LingWae @ FQN9hzhzP_"" shows a Q♣, A♠.",2026-08-28T03:42:43.166Z,178788856316600
"-- ending hand #385 --",2026-08-28T03:42:41.609Z,178788856160902
"""the pho king @ gpP9uUffpu"" collected 120 from pot with Two Pair, J's & 8's (combination: K♥, 8♥, 8♠, J♠, J♥)",2026-08-28T03:42:41.609Z,178788856160901
"""the pho king @ gpP9uUffpu"" shows a J♠, 8♥.",2026-08-28T03:42:41.609Z,178788856160900
"""LingWae @ FQN9hzhzP_"" calls 20",2026-08-28T03:42:40.778Z,178788856077800
"""the pho king @ gpP9uUffpu"" bets 20",2026-08-28T03:42:39.180Z,178788855918000
"River: 5♠, 3♥, 8♠, K♥ [J♥]",2026-08-28T03:42:38.766Z,178788855876600
"""LingWae @ FQN9hzhzP_"" calls 20",2026-08-28T03:42:37.906Z,178788855790600
"""the pho king @ gpP9uUffpu"" bets 20",2026-08-28T03:42:36.666Z,178788855666600
"Turn: 5♠, 3♥, 8♠ [K♥]",2026-08-28T03:42:36.059Z,178788855605900
"""LingWae @ FQN9hzhzP_"" checks",2026-08-28T03:42:35.248Z,178788855524800
"""the pho king @ gpP9uUffpu"" checks",2026-08-28T03:42:32.677Z,178788855267700
"Flop:  [5♠, 3♥, 8♠]",2026-08-28T03:42:31.605Z,178788855160500
"""the pho king @ gpP9uUffpu"" checks",2026-08-28T03:42:30.800Z,178788855080000
"""LingWae @ FQN9hzhzP_"" calls 20",2026-08-28T03:42:28.859Z,178788854885900
"""the pho king @ gpP9uUffpu"" posts a big blind of 20",2026-08-28T03:42:27.272Z,178788854727205
"""LingWae @ FQN9hzhzP_"" posts a small blind of 10",2026-08-28T03:42:27.272Z,178788854727204
"Your hand is J♠, 8♥",2026-08-28T03:42:27.272Z,178788854727203
"Player stacks: #1 ""LingWae @ FQN9hzhzP_"" (3955) | #10 ""the pho king @ gpP9uUffpu"" (3045)",2026-08-28T03:42:27.272Z,178788854727201
"-- starting hand #385 (id: mwvz069at2ud)  No Limit Texas Hold'em (dealer: ""LingWae @ FQN9hzhzP_"") --",2026-08-28T03:42:27.272Z,178788854727200
"""LingWae @ FQN9hzhzP_"" shows a K♣, Q♥.",2026-08-28T03:42:23.449Z,178788854344900
"""the pho king @ gpP9uUffpu"" shows a 6♠, 7♦.",2026-08-28T03:42:21.172Z,178788854117200
"Undealt cards: 2♥, 5♠, A♠, Q♦ [4♦]",2026-08-28T03:42:20.262Z,178788854026200
"-- ending hand #384 --",2026-08-28T03:42:19.944Z,178788853994402
"""LingWae @ FQN9hzhzP_"" collected 280 from pot",2026-08-28T03:42:19.944Z,178788853994401
"Uncalled bet of 67 returned to ""LingWae @ FQN9hzhzP_""",2026-08-28T03:42:19.944Z,178788853994400
"""the pho king @ gpP9uUffpu"" folds",2026-08-28T03:42:19.041Z,178788853904100
"""LingWae @ FQN9hzhzP_"" bets 67",2026-08-28T03:42:18.056Z,178788853805600
"Turn: 2♥, 5♠, A♠ [Q♦]",2026-08-28T03:42:12.139Z,178788853213900
"""the pho king @ gpP9uUffpu"" calls 20",2026-08-28T03:42:11.279Z,178788853127900
"""LingWae @ FQN9hzhzP_"" bets 20",2026-08-28T03:42:10.285Z,178788853028500
"Flop:  [2♥, 5♠, A♠]",2026-08-28T03:42:06.835Z,178788852683500
"""the pho king @ gpP9uUffpu"" calls 120",2026-08-28T03:42:06.020Z,178788852602000
"""LingWae @ FQN9hzhzP_"" raises to 120",2026-08-28T03:42:02.837Z,178788852283700
"""the pho king @ gpP9uUffpu"" raises to 40",2026-08-28T03:42:00.569Z,178788852056900
"""LingWae @ FQN9hzhzP_"" posts a big blind of 20",2026-08-28T03:41:58.759Z,178788851875905
"""the pho king @ gpP9uUffpu"" posts a small blind of 10",2026-08-28T03:41:58.759Z,178788851875904
"Your hand is 6♠, 7♦",2026-08-28T03:41:58.759Z,178788851875903
"Player stacks: #1 ""LingWae @ FQN9hzhzP_"" (3815) | #10 ""the pho king @ gpP9uUffpu"" (3185)",2026-08-28T03:41:58.759Z,178788851875901
"-- starting hand #384 (id: pfd31elxgrkw)  No Limit Texas Hold'em (dealer: ""the pho king @ gpP9uUffpu"") --",2026-08-28T03:41:58.759Z,178788851875900
"""LingWae @ FQN9hzhzP_"" shows a 5♥.",2026-08-28T03:41:56.732Z,178788851673200
"-- ending hand #383 --",2026-08-28T03:41:55.139Z,178788851513902
"""the pho king @ gpP9uUffpu"" collected 120 from pot",2026-08-28T03:41:55.139Z,178788851513901
"Uncalled bet of 90 returned to ""the pho king @ gpP9uUffpu""",2026-08-28T03:41:55.139Z,178788851513900
"""LingWae @ FQN9hzhzP_"" folds",2026-08-28T03:41:54.314Z,178788851431400
"""the pho king @ gpP9uUffpu"" bets 90",2026-08-28T03:41:53.350Z,178788851335000
"River: J♠, 10♥, 2♦, 6♥ [A♠]",2026-08-28T03:41:51.413Z,178788851141300
"""LingWae @ FQN9hzhzP_"" checks",2026-08-28T03:41:50.554Z,178788851055400
"""the pho king @ gpP9uUffpu"" checks",2026-08-28T03:41:49.055Z,178788850905500
"Turn: J♠, 10♥, 2♦ [6♥]",2026-08-28T03:41:48.072Z,178788850807200
"""LingWae @ FQN9hzhzP_"" checks",2026-08-28T03:41:47.232Z,178788850723200
"""the pho king @ gpP9uUffpu"" checks",2026-08-28T03:41:46.325Z,178788850632500
"Flop:  [J♠, 10♥, 2♦]",2026-08-28T03:41:43.942Z,178788850394200
"""LingWae @ FQN9hzhzP_"" calls 60",2026-08-28T03:41:43.126Z,178788850312600
"""the pho king @ gpP9uUffpu"" raises to 60",2026-08-28T03:41:42.148Z,178788850214800
"""LingWae @ FQN9hzhzP_"" calls 20",2026-08-28T03:41:40.659Z,178788850065900
"""the pho king @ gpP9uUffpu"" posts a big blind of 20",2026-08-28T03:41:39.268Z,178788849926805
"""LingWae @ FQN9hzhzP_"" posts a small blind of 10",2026-08-28T03:41:39.268Z,178788849926804
"Player stacks: #1 ""LingWae @ FQN9hzhzP_"" (3875) | #10 ""the pho king @ gpP9uUffpu"" (3125)",2026-08-28T03:41:39.268Z,178788849926801
"-- starting hand #383 (id: t0kjxxupe6jt)  No Limit Texas Hold'em (dealer: ""LingWae @ FQN9hzhzP_"") --",2026-08-28T03:41:39.268Z,178788849926800
"""LingWae @ FQN9hzhzP_"" shows a 10♠, 4♦.",2026-08-28T03:41:33.861Z,178788849386100
"Undealt cards:  [2♦, Q♣, 4♠, 10♦, K♥]",2026-08-28T03:41:32.754Z,178788849275400
"""the pho king @ gpP9uUffpu"" shows a 5♦, 7♥.",2026-08-28T03:41:32.175Z,178788849217500
"-- ending hand #382 --",2026-08-28T03:41:31.935Z,178788849193502
"""LingWae @ FQN9hzhzP_"" collected 20 from pot",2026-08-28T03:41:31.935Z,178788849193501
"Uncalled bet of 10 returned to ""LingWae @ FQN9hzhzP_""",2026-08-28T03:41:31.935Z,178788849193500
"""the pho king @ gpP9uUffpu"" folds",2026-08-28T03:41:31.131Z,178788849113100
"""LingWae @ FQN9hzhzP_"" posts a big blind of 20",2026-08-28T03:41:29.599Z,178788848959905
"""the pho king @ gpP9uUffpu"" posts a small blind of 10",2026-08-28T03:41:29.599Z,178788848959904
"Your hand is 5♦, 7♥",2026-08-28T03:41:29.599Z,178788848959903
"Player stacks: #1 ""LingWae @ FQN9hzhzP_"" (3865) | #10 ""the pho king @ gpP9uUffpu"" (3135)",2026-08-28T03:41:29.599Z,178788848959901
"-- starting hand #382 (id: ro3m0y0fkkzi)  No Limit Texas Hold'em (dealer: ""the pho king @ gpP9uUffpu"") --",2026-08-28T03:41:29.599Z,178788848959900
"""LingWae @ FQN9hzhzP_"" shows a 4♦, Q♦.",2026-08-28T03:41:25.233Z,178788848523300
"Undealt cards: 10♣, 9♣, 9♥, Q♠ [4♠]",2026-08-28T03:41:23.250Z,178788848325000
"-- ending hand #381 --",2026-08-28T03:41:22.996Z,178788848299602
"""LingWae @ FQN9hzhzP_"" collected 80 from pot",2026-08-28T03:41:22.996Z,178788848299601
"Uncalled bet of 36 returned to ""LingWae @ FQN9hzhzP_""",2026-08-28T03:41:22.996Z,178788848299600
"""the pho king @ gpP9uUffpu"" folds",2026-08-28T03:41:22.182Z,178788848218200
"""LingWae @ FQN9hzhzP_"" bets 36",2026-08-28T03:41:21.259Z,178788848125900
"""the pho king @ gpP9uUffpu"" checks",2026-08-28T03:41:18.456Z,178788847845600
"Turn: 10♣, 9♣, 9♥ [Q♠]",2026-08-28T03:41:17.993Z,178788847799300
"""LingWae @ FQN9hzhzP_"" checks",2026-08-28T03:41:17.157Z,178788847715700
"""the pho king @ gpP9uUffpu"" checks",2026-08-28T03:41:16.246Z,178788847624600
"Flop:  [10♣, 9♣, 9♥]",2026-08-28T03:41:14.908Z,178788847490800
"""the pho king @ gpP9uUffpu"" calls 40",2026-08-28T03:41:14.086Z,178788847408600
"""LingWae @ FQN9hzhzP_"" raises to 40",2026-08-28T03:41:13.164Z,178788847316400
"""the pho king @ gpP9uUffpu"" posts a big blind of 20",2026-08-28T03:41:10.666Z,178788847066605
"""LingWae @ FQN9hzhzP_"" posts a small blind of 10",2026-08-28T03:41:10.666Z,178788847066604
"Player stacks: #1 ""LingWae @ FQN9hzhzP_"" (3825) | #10 ""the pho king @ gpP9uUffpu"" (3175)",2026-08-28T03:41:10.666Z,178788847066601
"-- starting hand #381 (id: m8tawuwsegky)  No Limit Texas Hold'em (dealer: ""LingWae @ FQN9hzhzP_"") --",2026-08-28T03:41:10.666Z,178788847066600
"""LingWae @ FQN9hzhzP_"" shows a 5♥, J♣.",2026-08-28T03:41:08.210Z,178788846821000
"Undealt cards:  [2♣, 5♦, J♥, 7♥, 2♥]",2026-08-28T03:41:05.831Z,178788846583100
"-- ending hand #380 --",2026-08-28T03:41:04.050Z,178788846405002
"""LingWae @ FQN9hzhzP_"" collected 20 from pot",2026-08-28T03:41:04.050Z,178788846405001
"Uncalled bet of 10 returned to ""LingWae @ FQN9hzhzP_""",2026-08-28T03:41:04.050Z,178788846405000
"""the pho king @ gpP9uUffpu"" folds",2026-08-28T03:41:03.184Z,178788846318400
"""LingWae @ FQN9hzhzP_"" posts a big blind of 20",2026-08-28T03:41:02.040Z,178788846204005
"""the pho king @ gpP9uUffpu"" posts a small blind of 10",2026-08-28T03:41:02.040Z,178788846204004
"Player stacks: #1 ""LingWae @ FQN9hzhzP_"" (3815) | #10 ""the pho king @ gpP9uUffpu"" (3185)",2026-08-28T03:41:02.040Z,178788846204001
"-- starting hand #380 (id: jbuqdxbfos1d)  No Limit Texas Hold'em (dealer: ""the pho king @ gpP9uUffpu"") --",2026-08-28T03:41:02.040Z,178788846204000
"""LingWae @ FQN9hzhzP_"" shows a J♣, J♥.",2026-08-28T03:40:58.148Z,178788845814800
"Undealt cards:  [A♥, 8♠, 4♠, K♥, 5♦]",2026-08-28T03:40:55.841Z,178788845584100
"-- ending hand #379 --",2026-08-28T03:40:55.428Z,178788845542802
"""LingWae @ FQN9hzhzP_"" collected 40 from pot",2026-08-28T03:40:55.428Z,178788845542801
"Uncalled bet of 140 returned to ""LingWae @ FQN9hzhzP_""",2026-08-28T03:40:55.428Z,178788845542800
"""the pho king @ gpP9uUffpu"" folds",2026-08-28T03:40:54.602Z,178788845460200
"""LingWae @ FQN9hzhzP_"" raises to 160",2026-08-28T03:40:50.558Z,178788845055800
"""the pho king @ gpP9uUffpu"" posts a big blind of 20",2026-08-28T03:40:47.149Z,178788844714905
"""LingWae @ FQN9hzhzP_"" posts a small blind of 10",2026-08-28T03:40:47.149Z,178788844714904
"Player stacks: #1 ""LingWae @ FQN9hzhzP_"" (3795) | #10 ""the pho king @ gpP9uUffpu"" (3205)",2026-08-28T03:40:47.149Z,178788844714901
"-- starting hand #379 (id: n7pcu3oykumg)  No Limit Texas Hold'em (dealer: ""LingWae @ FQN9hzhzP_"") --",2026-08-28T03:40:47.149Z,178788844714900
"""LingWae @ FQN9hzhzP_"" shows a 8♦, J♣.",2026-08-28T03:40:42.888Z,178788844288800
"Undealt cards: 9♠, A♣, 4♠ [Q♦, 7♦]",2026-08-28T03:40:40.783Z,178788844078300
"-- ending hand #378 --",2026-08-28T03:40:40.542Z,178788844054201
"""the pho king @ gpP9uUffpu"" collected 120 from pot",2026-08-28T03:40:40.542Z,178788844054200
"""LingWae @ FQN9hzhzP_"" folds",2026-08-28T03:40:39.675Z,178788843967500
"Flop:  [9♠, A♣, 4♠]",2026-08-28T03:40:37.539Z,178788843753900
"""LingWae @ FQN9hzhzP_"" calls 60",2026-08-28T03:40:36.694Z,178788843669400
"""the pho king @ gpP9uUffpu"" raises to 60",2026-08-28T03:40:35.782Z,178788843578200
"""LingWae @ FQN9hzhzP_"" posts a big blind of 20",2026-08-28T03:40:32.339Z,178788843233905
"""the pho king @ gpP9uUffpu"" posts a small blind of 10",2026-08-28T03:40:32.339Z,178788843233904
"Player stacks: #1 ""LingWae @ FQN9hzhzP_"" (3855) | #10 ""the pho king @ gpP9uUffpu"" (3145)",2026-08-28T03:40:32.339Z,178788843233901
"-- starting hand #378 (id: su0wcxjfwa96)  No Limit Texas Hold'em (dealer: ""the pho king @ gpP9uUffpu"") --",2026-08-28T03:40:32.339Z,178788843233900
"-- ending hand #377 --",2026-08-28T03:40:26.316Z,178788842631603
"""LingWae @ FQN9hzhzP_"" collected 160 from pot with Pair, 3's (combination: 6♥, 7♦, K♦, 3♠, 3♣)",2026-08-28T03:40:26.316Z,178788842631602
"""LingWae @ FQN9hzhzP_"" shows a K♦, 3♠.",2026-08-28T03:40:26.316Z,178788842631601
"""the pho king @ gpP9uUffpu"" shows a Q♥, 8♦.",2026-08-28T03:40:26.316Z,178788842631600
"""LingWae @ FQN9hzhzP_"" checks",2026-08-28T03:40:25.457Z,178788842545700
"""the pho king @ gpP9uUffpu"" checks",2026-08-28T03:40:23.913Z,178788842391300
"River: 5♦, 7♦, 6♥, 3♣ [2♠]",2026-08-28T03:40:22.612Z,178788842261200
"""LingWae @ FQN9hzhzP_"" checks",2026-08-28T03:40:21.787Z,178788842178700
"""the pho king @ gpP9uUffpu"" checks",2026-08-28T03:40:20.567Z,178788842056700
"Turn: 5♦, 7♦, 6♥ [3♣]",2026-08-28T03:40:19.312Z,178788841931200
"""LingWae @ FQN9hzhzP_"" calls 60",2026-08-28T03:40:18.412Z,178788841841200
"""the pho king @ gpP9uUffpu"" raises to 60",2026-08-28T03:40:17.449Z,178788841744900
"""LingWae @ FQN9hzhzP_"" bets 20",2026-08-28T03:40:15.305Z,178788841530500
"""the pho king @ gpP9uUffpu"" checks",2026-08-28T03:40:12.232Z,178788841223200
"Flop:  [5♦, 7♦, 6♥]",2026-08-28T03:40:10.761Z,178788841076100
"""the pho king @ gpP9uUffpu"" checks",2026-08-28T03:40:09.931Z,178788840993100
"""LingWae @ FQN9hzhzP_"" calls 20",2026-08-28T03:40:08.022Z,178788840802200
"""the pho king @ gpP9uUffpu"" posts a big blind of 20",2026-08-28T03:40:06.761Z,178788840676105
"""LingWae @ FQN9hzhzP_"" posts a small blind of 10",2026-08-28T03:40:06.761Z,178788840676104
"Your hand is Q♥, 8♦",2026-08-28T03:40:06.761Z,178788840676103
"Player stacks: #1 ""LingWae @ FQN9hzhzP_"" (3775) | #10 ""the pho king @ gpP9uUffpu"" (3225)",2026-08-28T03:40:06.761Z,178788840676101
"-- starting hand #377 (id: j1lz9rr12wea)  No Limit Texas Hold'em (dealer: ""LingWae @ FQN9hzhzP_"") --",2026-08-28T03:40:06.761Z,178788840676100
"-- ending hand #376 --",2026-08-28T03:40:00.704Z,178788840070402
"""the pho king @ gpP9uUffpu"" collected 480 from pot with Flush, K High (combination: 3♥, 4♥, 7♥, 9♥, K♥)",2026-08-28T03:40:00.704Z,178788840070401
"""the pho king @ gpP9uUffpu"" shows a J♦, K♥.",2026-08-28T03:40:00.704Z,178788840070400
"""LingWae @ FQN9hzhzP_"" calls 100",2026-08-28T03:39:59.859Z,178788839985900
"""the pho king @ gpP9uUffpu"" bets 100",2026-08-28T03:39:58.652Z,178788839865200
"""LingWae @ FQN9hzhzP_"" checks",2026-08-28T03:39:56.435Z,178788839643500
"River: 4♥, 7♥, 10♦, 3♥ [9♥]",2026-08-28T03:39:55.168Z,178788839516800
"""the pho king @ gpP9uUffpu"" calls 20",2026-08-28T03:39:54.305Z,178788839430500
"""LingWae @ FQN9hzhzP_"" bets 20",2026-08-28T03:39:53.377Z,178788839337700
"Turn: 4♥, 7♥, 10♦ [3♥]",2026-08-28T03:39:52.060Z,178788839206000
"""the pho king @ gpP9uUffpu"" calls 60",2026-08-28T03:39:51.255Z,178788839125500
"""LingWae @ FQN9hzhzP_"" bets 60",2026-08-28T03:39:50.284Z,178788839028400
"Flop:  [4♥, 7♥, 10♦]",2026-08-28T03:39:46.838Z,178788838683800
"""LingWae @ FQN9hzhzP_"" calls 60",2026-08-28T03:39:46.035Z,178788838603500
"""the pho king @ gpP9uUffpu"" raises to 60",2026-08-28T03:39:40.192Z,178788838019200
"""LingWae @ FQN9hzhzP_"" posts a big blind of 20",2026-08-28T03:39:37.052Z,178788837705205
"""the pho king @ gpP9uUffpu"" posts a small blind of 10",2026-08-28T03:39:37.052Z,178788837705204
"Your hand is J♦, K♥",2026-08-28T03:39:37.052Z,178788837705203
"Player stacks: #1 ""LingWae @ FQN9hzhzP_"" (4015) | #10 ""the pho king @ gpP9uUffpu"" (2985)",2026-08-28T03:39:37.052Z,178788837705201
"-- starting hand #376 (id: 4oc0kewgbu4f)  No Limit Texas Hold'em (dealer: ""the pho king @ gpP9uUffpu"") --",2026-08-28T03:39:37.052Z,178788837705200
"-- ending hand #375 --",2026-08-28T03:39:31.048Z,178788837104803
"""LingWae @ FQN9hzhzP_"" collected 1080 from pot with Two Pair, 10's & 6's (combination: A♠, 6♣, 6♠, 10♥, 10♦)",2026-08-28T03:39:31.048Z,178788837104802
"""LingWae @ FQN9hzhzP_"" shows a 6♣, 10♥.",2026-08-28T03:39:31.048Z,178788837104801
"""the pho king @ gpP9uUffpu"" shows a 5♠, 3♦.",2026-08-28T03:39:31.048Z,178788837104800
"""LingWae @ FQN9hzhzP_"" calls 360",2026-08-28T03:39:30.242Z,178788837024200
"""the pho king @ gpP9uUffpu"" bets 360",2026-08-28T03:39:28.839Z,178788836883900
"River: A♠, K♥, 7♥, 6♠ [10♦]",2026-08-28T03:39:27.021Z,178788836702100
"""LingWae @ FQN9hzhzP_"" calls 120",2026-08-28T03:39:26.209Z,178788836620900
"""the pho king @ gpP9uUffpu"" bets 120",2026-08-28T03:39:24.246Z,178788836424600
"Turn: A♠, K♥, 7♥ [6♠]",2026-08-28T03:39:22.619Z,178788836261900
"""LingWae @ FQN9hzhzP_"" calls 40",2026-08-28T03:39:21.763Z,178788836176300
"""the pho king @ gpP9uUffpu"" bets 40",2026-08-28T03:39:20.454Z,178788836045400
"Flop:  [A♠, K♥, 7♥]",2026-08-28T03:39:18.244Z,178788835824400
"""the pho king @ gpP9uUffpu"" checks",2026-08-28T03:39:17.439Z,178788835743900
"""LingWae @ FQN9hzhzP_"" calls 20",2026-08-28T03:39:15.718Z,178788835571800
"""the pho king @ gpP9uUffpu"" posts a big blind of 20",2026-08-28T03:39:14.614Z,178788835461405
"""LingWae @ FQN9hzhzP_"" posts a small blind of 10",2026-08-28T03:39:14.614Z,178788835461404
"Your hand is 5♠, 3♦",2026-08-28T03:39:14.614Z,178788835461403
"Player stacks: #1 ""LingWae @ FQN9hzhzP_"" (3475) | #10 ""the pho king @ gpP9uUffpu"" (3525)",2026-08-28T03:39:14.614Z,178788835461401
"-- starting hand #375 (id: fs9swunjujbn)  No Limit Texas Hold'em (dealer: ""LingWae @ FQN9hzhzP_"") --",2026-08-28T03:39:14.614Z,178788835461400
"""the pho king @ gpP9uUffpu"" shows a J♦, 5♠.",2026-08-28T03:39:11.185Z,178788835118500
"""LingWae @ FQN9hzhzP_"" shows a 2♣, 5♦.",2026-08-28T03:39:09.070Z,178788834907000
"Undealt cards:  [7♣, 3♦, 2♥, K♦, 8♥]",2026-08-28T03:39:07.576Z,178788834757600
"-- ending hand #374 --",2026-08-28T03:39:07.287Z,178788834728702
"""the pho king @ gpP9uUffpu"" collected 40 from pot",2026-08-28T03:39:07.287Z,178788834728701
"Uncalled bet of 20 returned to ""the pho king @ gpP9uUffpu""",2026-08-28T03:39:07.287Z,178788834728700
"""LingWae @ FQN9hzhzP_"" folds",2026-08-28T03:39:06.444Z,178788834644400
"""the pho king @ gpP9uUffpu"" raises to 40",2026-08-28T03:39:05.530Z,178788834553000
"""LingWae @ FQN9hzhzP_"" posts a big blind of 20",2026-08-28T03:39:04.487Z,178788834448705
"""the pho king @ gpP9uUffpu"" posts a small blind of 10",2026-08-28T03:39:04.487Z,178788834448704
"Your hand is J♦, 5♠",2026-08-28T03:39:04.487Z,178788834448703
"Player stacks: #1 ""LingWae @ FQN9hzhzP_"" (3495) | #10 ""the pho king @ gpP9uUffpu"" (3505)",2026-08-28T03:39:04.487Z,178788834448701
"-- starting hand #374 (id: p1leuxestxaq)  No Limit Texas Hold'em (dealer: ""the pho king @ gpP9uUffpu"") --",2026-08-28T03:39:04.487Z,178788834448700
"""the pho king @ gpP9uUffpu"" shows a 9♣, 2♦.",2026-08-28T03:39:01.126Z,178788834112600
"""LingWae @ FQN9hzhzP_"" shows a 2♥.",2026-08-28T03:38:59.654Z,178788833965400
"Undealt cards:  [8♥, 3♣, 10♣, A♣, 6♥]",2026-08-28T03:38:58.813Z,178788833881300
"-- ending hand #373 --",2026-08-28T03:38:57.154Z,178788833715402
"""the pho king @ gpP9uUffpu"" collected 20 from pot",2026-08-28T03:38:57.154Z,178788833715401
"Uncalled bet of 10 returned to ""the pho king @ gpP9uUffpu""",2026-08-28T03:38:57.154Z,178788833715400
"""LingWae @ FQN9hzhzP_"" folds",2026-08-28T03:38:56.320Z,178788833632000
"""the pho king @ gpP9uUffpu"" posts a big blind of 20",2026-08-28T03:38:54.750Z,178788833475005
"""LingWae @ FQN9hzhzP_"" posts a small blind of 10",2026-08-28T03:38:54.750Z,178788833475004
"Your hand is 9♣, 2♦",2026-08-28T03:38:54.750Z,178788833475003
"Player stacks: #1 ""LingWae @ FQN9hzhzP_"" (3505) | #10 ""the pho king @ gpP9uUffpu"" (3495)",2026-08-28T03:38:54.750Z,178788833475001
"-- starting hand #373 (id: bks3dmo1uxw2)  No Limit Texas Hold'em (dealer: ""LingWae @ FQN9hzhzP_"") --",2026-08-28T03:38:54.750Z,178788833475000
"-- ending hand #372 --",2026-08-28T03:38:51.749Z,178788833174902
"""the pho king @ gpP9uUffpu"" collected 440 from pot",2026-08-28T03:38:51.749Z,178788833174901
"Uncalled bet of 100 returned to ""the pho king @ gpP9uUffpu""",2026-08-28T03:38:51.749Z,178788833174900
"""LingWae @ FQN9hzhzP_"" folds",2026-08-28T03:38:50.898Z,178788833089800
"""the pho king @ gpP9uUffpu"" bets 100",2026-08-28T03:38:49.592Z,178788832959200
"""LingWae @ FQN9hzhzP_"" checks",2026-08-28T03:38:46.666Z,178788832666600
"River: 2♣, Q♦, 9♥, 2♦ [2♥]",2026-08-28T03:38:40.984Z,178788832098400
"""LingWae @ FQN9hzhzP_"" calls 60",2026-08-28T03:38:40.170Z,178788832017000
"""the pho king @ gpP9uUffpu"" bets 60",2026-08-28T03:38:38.976Z,178788831897600
"""LingWae @ FQN9hzhzP_"" checks",2026-08-28T03:38:36.670Z,178788831667000
"Turn: 2♣, Q♦, 9♥ [2♦]",2026-08-28T03:38:35.457Z,178788831545700
"""the pho king @ gpP9uUffpu"" checks",2026-08-28T03:38:34.649Z,178788831464900
"""LingWae @ FQN9hzhzP_"" checks",2026-08-28T03:38:33.704Z,178788831370400
"Flop:  [2♣, Q♦, 9♥]",2026-08-28T03:38:31.958Z,178788831195800
"""the pho king @ gpP9uUffpu"" calls 160",2026-08-28T03:38:31.149Z,178788831114900
"""LingWae @ FQN9hzhzP_"" raises to 160",2026-08-28T03:38:29.572Z,178788830957200
"""the pho king @ gpP9uUffpu"" raises to 60",2026-08-28T03:38:25.175Z,178788830517500
"""LingWae @ FQN9hzhzP_"" posts a big blind of 20",2026-08-28T03:38:24.052Z,178788830405205
"""the pho king @ gpP9uUffpu"" posts a small blind of 10",2026-08-28T03:38:24.052Z,178788830405204
"Player stacks: #1 ""LingWae @ FQN9hzhzP_"" (3725) | #10 ""the pho king @ gpP9uUffpu"" (3275)",2026-08-28T03:38:24.052Z,178788830405201
"-- starting hand #372 (id: zav6zzjlppvf)  No Limit Texas Hold'em (dealer: ""the pho king @ gpP9uUffpu"") --",2026-08-28T03:38:24.052Z,178788830405200
"""LingWae @ FQN9hzhzP_"" shows a 10♥, K♠.",2026-08-28T03:38:19.175Z,178788829917500
"-- ending hand #371 --",2026-08-28T03:38:17.541Z,178788829754102
"""the pho king @ gpP9uUffpu"" collected 120 from pot with Flush, 8 High (combination: 2♦, 3♦, 4♦, 7♦, 8♦)",2026-08-28T03:38:17.541Z,178788829754101
"""the pho king @ gpP9uUffpu"" shows a 6♠, 4♦.",2026-08-28T03:38:17.541Z,178788829754100
"""LingWae @ FQN9hzhzP_"" calls 20",2026-08-28T03:38:16.695Z,178788829669500
"""the pho king @ gpP9uUffpu"" bets 20",2026-08-28T03:38:15.731Z,178788829573100
"River: 7♦, 8♦, 7♣, 2♦ [3♦]",2026-08-28T03:38:13.599Z,178788829359900
"""LingWae @ FQN9hzhzP_"" calls 20",2026-08-28T03:38:12.796Z,178788829279600
"""the pho king @ gpP9uUffpu"" bets 20",2026-08-28T03:38:11.745Z,178788829174500
"Turn: 7♦, 8♦, 7♣ [2♦]",2026-08-28T03:38:09.904Z,178788828990400
"""LingWae @ FQN9hzhzP_"" checks",2026-08-28T03:38:09.054Z,178788828905400
"""the pho king @ gpP9uUffpu"" checks",2026-08-28T03:38:07.551Z,178788828755100
"Flop:  [7♦, 8♦, 7♣]",2026-08-28T03:38:06.034Z,178788828603400
"""the pho king @ gpP9uUffpu"" checks",2026-08-28T03:38:05.160Z,178788828516000
"""LingWae @ FQN9hzhzP_"" calls 20",2026-08-28T03:38:02.681Z,178788828268100
"""the pho king @ gpP9uUffpu"" posts a big blind of 20",2026-08-28T03:38:00.497Z,178788828049705
"""LingWae @ FQN9hzhzP_"" posts a small blind of 10",2026-08-28T03:38:00.497Z,178788828049704
"Your hand is 6♠, 4♦",2026-08-28T03:38:00.497Z,178788828049703
"Player stacks: #1 ""LingWae @ FQN9hzhzP_"" (3785) | #10 ""the pho king @ gpP9uUffpu"" (3215)",2026-08-28T03:38:00.497Z,178788828049701
"-- starting hand #371 (id: zqezuldsb57x)  No Limit Texas Hold'em (dealer: ""LingWae @ FQN9hzhzP_"") --",2026-08-28T03:38:00.497Z,178788828049700
"""LingWae @ FQN9hzhzP_"" shows a 6♦, K♦.",2026-08-28T03:37:58.143Z,178788827814300
"-- ending hand #370 --",2026-08-28T03:37:56.869Z,178788827686902
"""LingWae @ FQN9hzhzP_"" collected 192 from pot",2026-08-28T03:37:56.869Z,178788827686901
"Uncalled bet of 167 returned to ""LingWae @ FQN9hzhzP_""",2026-08-28T03:37:56.869Z,178788827686900
"""the pho king @ gpP9uUffpu"" folds",2026-08-28T03:37:56.062Z,178788827606200
"""LingWae @ FQN9hzhzP_"" bets 167",2026-08-28T03:37:55.152Z,178788827515200
"River: 5♥, J♦, 7♦, 8♦ [Q♣]",2026-08-28T03:37:50.549Z,178788827054900
"""the pho king @ gpP9uUffpu"" checks",2026-08-28T03:37:49.729Z,178788826972900
"""LingWae @ FQN9hzhzP_"" checks",2026-08-28T03:37:48.513Z,178788826851300
"Turn: 5♥, J♦, 7♦ [8♦]",2026-08-28T03:37:42.066Z,178788826206600
"""the pho king @ gpP9uUffpu"" calls 36",2026-08-28T03:37:41.251Z,178788826125100
"""LingWae @ FQN9hzhzP_"" bets 36",2026-08-28T03:37:40.291Z,178788826029100
"Flop:  [5♥, J♦, 7♦]",2026-08-28T03:37:35.660Z,178788825566000
"""LingWae @ FQN9hzhzP_"" calls 60",2026-08-28T03:37:34.853Z,178788825485300
"""the pho king @ gpP9uUffpu"" raises to 60",2026-08-28T03:37:32.612Z,178788825261200
"""LingWae @ FQN9hzhzP_"" posts a big blind of 20",2026-08-28T03:37:31.349Z,178788825134905
"""the pho king @ gpP9uUffpu"" posts a small blind of 10",2026-08-28T03:37:31.349Z,178788825134904
"Player stacks: #1 ""LingWae @ FQN9hzhzP_"" (3689) | #10 ""the pho king @ gpP9uUffpu"" (3311)",2026-08-28T03:37:31.349Z,178788825134901
"-- starting hand #370 (id: 6ueo6gzfkjwq)  No Limit Texas Hold'em (dealer: ""the pho king @ gpP9uUffpu"") --",2026-08-28T03:37:31.349Z,178788825134900
"""the pho king @ gpP9uUffpu"" shows a Q♦, A♠.",2026-08-28T03:37:28.394Z,178788824839400
"""LingWae @ FQN9hzhzP_"" shows a 3♦.",2026-08-28T03:37:26.621Z,178788824662100
"Undealt cards:  [3♠, 8♥, 9♦, J♠, 7♠]",2026-08-28T03:37:24.890Z,178788824489000
"-- ending hand #369 --",2026-08-28T03:37:24.041Z,178788824404102
"""the pho king @ gpP9uUffpu"" collected 80 from pot",2026-08-28T03:37:24.041Z,178788824404101
"Uncalled bet of 80 returned to ""the pho king @ gpP9uUffpu""",2026-08-28T03:37:24.041Z,178788824404100
"""LingWae @ FQN9hzhzP_"" folds",2026-08-28T03:37:23.222Z,178788824322200
"""the pho king @ gpP9uUffpu"" raises to 120",2026-08-28T03:37:21.824Z,178788824182400
"""LingWae @ FQN9hzhzP_"" raises to 40",2026-08-28T03:37:18.367Z,178788823836700
"""the pho king @ gpP9uUffpu"" posts a big blind of 20",2026-08-28T03:37:05.077Z,178788822507705
"""LingWae @ FQN9hzhzP_"" posts a small blind of 10",2026-08-28T03:37:05.077Z,178788822507704
"Your hand is Q♦, A♠",2026-08-28T03:37:05.077Z,178788822507703
"Player stacks: #1 ""LingWae @ FQN9hzhzP_"" (3729) | #10 ""the pho king @ gpP9uUffpu"" (3271)",2026-08-28T03:37:05.077Z,178788822507701
"-- starting hand #369 (id: axhstbihmrnt)  No Limit Texas Hold'em (dealer: ""LingWae @ FQN9hzhzP_"") --",2026-08-28T03:37:05.077Z,178788822507700
"""LingWae @ FQN9hzhzP_"" shows a K♠, Q♦.",2026-08-28T03:36:59.645Z,178788821964500
"Undealt cards:  [10♠, Q♠, 10♣, 6♠, 5♦]",2026-08-28T03:36:59.424Z,178788821942400
"""the pho king @ gpP9uUffpu"" shows a 7♥, 2♦.",2026-08-28T03:36:58.053Z,178788821805300
"-- ending hand #368 --",2026-08-28T03:36:57.752Z,178788821775202
"""LingWae @ FQN9hzhzP_"" collected 120 from pot",2026-08-28T03:36:57.752Z,178788821775201
"Uncalled bet of 180 returned to ""LingWae @ FQN9hzhzP_""",2026-08-28T03:36:57.752Z,178788821775200
"""the pho king @ gpP9uUffpu"" folds",2026-08-28T03:36:56.892Z,178788821689200
"""LingWae @ FQN9hzhzP_"" raises to 240",2026-08-28T03:36:54.013Z,178788821401300
"""the pho king @ gpP9uUffpu"" raises to 60",2026-08-28T03:36:51.083Z,178788821108300
"""LingWae @ FQN9hzhzP_"" posts a big blind of 20",2026-08-28T03:36:49.746Z,178788820974605
"""the pho king @ gpP9uUffpu"" posts a small blind of 10",2026-08-28T03:36:49.746Z,178788820974604
"Your hand is 7♥, 2♦",2026-08-28T03:36:49.746Z,178788820974603
"Player stacks: #1 ""LingWae @ FQN9hzhzP_"" (3669) | #10 ""the pho king @ gpP9uUffpu"" (3331)",2026-08-28T03:36:49.746Z,178788820974601
"-- starting hand #368 (id: dcrf5ihqgqe4)  No Limit Texas Hold'em (dealer: ""the pho king @ gpP9uUffpu"") --",2026-08-28T03:36:49.746Z,178788820974600
"""LingWae @ FQN9hzhzP_"" shows a 4♠, 3♦.",2026-08-28T03:36:44.767Z,178788820476700
"""the pho king @ gpP9uUffpu"" shows a 4♣.",2026-08-28T03:36:44.282Z,178788820428200
"Undealt cards: 9♥, 7♣, 10♠ [3♥, 4♦]",2026-08-28T03:36:42.771Z,178788820277100
"-- ending hand #367 --",2026-08-28T03:36:42.374Z,178788820237401
"""the pho king @ gpP9uUffpu"" collected 40 from pot",2026-08-28T03:36:42.374Z,178788820237400
"""LingWae @ FQN9hzhzP_"" folds",2026-08-28T03:36:41.552Z,178788820155200
"""the pho king @ gpP9uUffpu"" checks",2026-08-28T03:36:37.811Z,178788819781100
"Flop:  [9♥, 7♣, 10♠]",2026-08-28T03:36:36.887Z,178788819688700
"""the pho king @ gpP9uUffpu"" checks",2026-08-28T03:36:36.074Z,178788819607400
"""LingWae @ FQN9hzhzP_"" calls 20",2026-08-28T03:36:34.979Z,178788819497900
"""the pho king @ gpP9uUffpu"" posts a big blind of 20",2026-08-28T03:36:28.123Z,178788818812305
"""LingWae @ FQN9hzhzP_"" posts a small blind of 10",2026-08-28T03:36:28.123Z,178788818812304
"Player stacks: #1 ""LingWae @ FQN9hzhzP_"" (3689) | #10 ""the pho king @ gpP9uUffpu"" (3311)",2026-08-28T03:36:28.123Z,178788818812301
"-- starting hand #367 (id: lams74qqiykc)  No Limit Texas Hold'em (dealer: ""LingWae @ FQN9hzhzP_"") --",2026-08-28T03:36:28.123Z,178788818812300
"-- ending hand #366 --",2026-08-28T03:36:22.081Z,178788818208102
"""the pho king @ gpP9uUffpu"" collected 594 from pot with Straight, 10 High (combination: 6♦, 7♠, 8♦, 9♦, 10♣)",2026-08-28T03:36:22.081Z,178788818208101
"""the pho king @ gpP9uUffpu"" shows a 10♣, K♠.",2026-08-28T03:36:22.081Z,178788818208100
"""LingWae @ FQN9hzhzP_"" calls 134",2026-08-28T03:36:21.239Z,178788818123900
"""the pho king @ gpP9uUffpu"" raises to 134",2026-08-28T03:36:19.439Z,178788817943900
"""LingWae @ FQN9hzhzP_"" bets 67",2026-08-28T03:36:17.028Z,178788817702800
"River: 9♦, 7♠, 6♥, 8♦ [6♦]",2026-08-28T03:36:13.031Z,178788817303100
"""the pho king @ gpP9uUffpu"" calls 67",2026-08-28T03:36:12.199Z,178788817219900
"""LingWae @ FQN9hzhzP_"" bets 67",2026-08-28T03:36:10.760Z,178788817076000
"Turn: 9♦, 7♠, 6♥ [8♦]",2026-08-28T03:36:07.792Z,178788816779200
"""the pho king @ gpP9uUffpu"" calls 36",2026-08-28T03:36:06.921Z,178788816692100
"""LingWae @ FQN9hzhzP_"" bets 36",2026-08-28T03:36:05.843Z,178788816584300
"Flop:  [9♦, 7♠, 6♥]",2026-08-28T03:36:01.626Z,178788816162600
"""LingWae @ FQN9hzhzP_"" calls 60",2026-08-28T03:36:00.701Z,178788816070100
"""the pho king @ gpP9uUffpu"" raises to 60",2026-08-28T03:35:59.233Z,178788815923300
"""LingWae @ FQN9hzhzP_"" posts a big blind of 20",2026-08-28T03:35:50.271Z,178788815027105
"""the pho king @ gpP9uUffpu"" posts a small blind of 10",2026-08-28T03:35:50.271Z,178788815027104
"Your hand is 10♣, K♠",2026-08-28T03:35:50.271Z,178788815027103
"Player stacks: #1 ""LingWae @ FQN9hzhzP_"" (3986) | #10 ""the pho king @ gpP9uUffpu"" (3014)",2026-08-28T03:35:50.271Z,178788815027101
"-- starting hand #366 (id: ymfxin44zjrq)  No Limit Texas Hold'em (dealer: ""the pho king @ gpP9uUffpu"") --",2026-08-28T03:35:50.271Z,178788815027100
"""LingWae @ FQN9hzhzP_"" shows a 9♣.",2026-08-28T03:35:48.448Z,178788814844800
"-- ending hand #365 --",2026-08-28T03:35:46.641Z,178788814664102
"""the pho king @ gpP9uUffpu"" collected 120 from pot",2026-08-28T03:35:46.641Z,178788814664101
"Uncalled bet of 60 returned to ""the pho king @ gpP9uUffpu""",2026-08-28T03:35:46.641Z,178788814664100
"""LingWae @ FQN9hzhzP_"" folds",2026-08-28T03:35:45.816Z,178788814581600
"""the pho king @ gpP9uUffpu"" bets 60",2026-08-28T03:35:44.672Z,178788814467200
"River: 2♠, 6♦, 8♠, 5♠ [5♦]",2026-08-28T03:35:41.237Z,178788814123700
"""LingWae @ FQN9hzhzP_"" calls 40",2026-08-28T03:35:40.361Z,178788814036100
"""the pho king @ gpP9uUffpu"" bets 40",2026-08-28T03:35:39.446Z,178788813944600
"Turn: 2♠, 6♦, 8♠ [5♠]",2026-08-28T03:35:35.631Z,178788813563100
"""LingWae @ FQN9hzhzP_"" checks",2026-08-28T03:35:34.729Z,178788813472900
"""the pho king @ gpP9uUffpu"" checks",2026-08-28T03:35:33.701Z,178788813370100
"Flop:  [2♠, 6♦, 8♠]",2026-08-28T03:35:31.834Z,178788813183400
"""the pho king @ gpP9uUffpu"" checks",2026-08-28T03:35:30.935Z,178788813093500
"""LingWae @ FQN9hzhzP_"" calls 20",2026-08-28T03:35:29.520Z,178788812952000
"""the pho king @ gpP9uUffpu"" posts a big blind of 20",2026-08-28T03:35:27.296Z,178788812729605
"""LingWae @ FQN9hzhzP_"" posts a small blind of 10",2026-08-28T03:35:27.296Z,178788812729604
"Player stacks: #1 ""LingWae @ FQN9hzhzP_"" (4046) | #10 ""the pho king @ gpP9uUffpu"" (2954)",2026-08-28T03:35:27.296Z,178788812729601
"-- starting hand #365 (id: rcvpkjtoktsn)  No Limit Texas Hold'em (dealer: ""LingWae @ FQN9hzhzP_"") --",2026-08-28T03:35:27.296Z,178788812729600
"""the pho king @ gpP9uUffpu"" shows a Q♣, 3♠.",2026-08-28T03:35:22.510Z,178788812251000
"Undealt cards: K♠, 2♦, 4♥ [5♠, A♠]",2026-08-28T03:35:20.976Z,178788812097600
"-- ending hand #364 --",2026-08-28T03:35:20.693Z,178788812069301
"""the pho king @ gpP9uUffpu"" collected 40 from pot",2026-08-28T03:35:20.693Z,178788812069300
"""LingWae @ FQN9hzhzP_"" folds",2026-08-28T03:35:19.865Z,178788811986500
"Flop:  [K♠, 2♦, 4♥]",2026-08-28T03:35:16.395Z,178788811639500
"""LingWae @ FQN9hzhzP_"" checks",2026-08-28T03:35:15.522Z,178788811552200
"""the pho king @ gpP9uUffpu"" calls 20",2026-08-28T03:35:06.589Z,178788810658900
"""LingWae @ FQN9hzhzP_"" posts a big blind of 20",2026-08-28T03:35:00.845Z,178788810084505
"""the pho king @ gpP9uUffpu"" posts a small blind of 10",2026-08-28T03:35:00.845Z,178788810084504
"Your hand is Q♣, 3♠",2026-08-28T03:35:00.845Z,178788810084503
"Player stacks: #1 ""LingWae @ FQN9hzhzP_"" (4066) | #10 ""the pho king @ gpP9uUffpu"" (2934)",2026-08-28T03:35:00.845Z,178788810084501
"-- starting hand #364 (id: wr7evohvezi9)  No Limit Texas Hold'em (dealer: ""the pho king @ gpP9uUffpu"") --",2026-08-28T03:35:00.845Z,178788810084500
"-- ending hand #363 --",2026-08-28T03:34:54.770Z,178788809477004
"""the pho king @ gpP9uUffpu"" collected 467 from pot with Full House, 3's over 4's (combination: 4♥, 4♣, 3♥, 3♣, 3♠)",2026-08-28T03:34:54.770Z,178788809477003
"""LingWae @ FQN9hzhzP_"" collected 467 from pot with Full House, 3's over 4's (combination: 4♥, 4♣, 3♦, 3♣, 3♠)",2026-08-28T03:34:54.770Z,178788809477002
"""the pho king @ gpP9uUffpu"" shows a 6♥, 3♥.",2026-08-28T03:34:54.770Z,178788809477001
"""LingWae @ FQN9hzhzP_"" shows a 3♦, K♥.",2026-08-28T03:34:54.770Z,178788809477000
"""the pho king @ gpP9uUffpu"" calls 280",2026-08-28T03:34:53.956Z,178788809395600
"""LingWae @ FQN9hzhzP_"" bets 280",2026-08-28T03:34:51.064Z,178788809106400
"""the pho king @ gpP9uUffpu"" checks",2026-08-28T03:34:47.154Z,178788808715400
"River: 3♣, 3♠, 5♣, 4♥ [4♣]",2026-08-28T03:34:43.485Z,178788808348500
"""the pho king @ gpP9uUffpu"" calls 167",2026-08-28T03:34:42.662Z,178788808266200
"""LingWae @ FQN9hzhzP_"" raises to 167",2026-08-28T03:34:38.354Z,178788807835400
"""the pho king @ gpP9uUffpu"" bets 40",2026-08-28T03:34:36.223Z,178788807622300
"Turn: 3♣, 3♠, 5♣ [4♥]",2026-08-28T03:34:34.058Z,178788807405800
"""LingWae @ FQN9hzhzP_"" checks",2026-08-28T03:34:33.204Z,178788807320400
"""the pho king @ gpP9uUffpu"" checks",2026-08-28T03:34:31.970Z,178788807197000
"Flop:  [3♣, 3♠, 5♣]",2026-08-28T03:34:30.146Z,178788807014600
"""the pho king @ gpP9uUffpu"" checks",2026-08-28T03:34:29.312Z,178788806931200
"""LingWae @ FQN9hzhzP_"" calls 20",2026-08-28T03:34:27.632Z,178788806763200
"""the pho king @ gpP9uUffpu"" posts a big blind of 20",2026-08-28T03:34:24.539Z,178788806453905
"""LingWae @ FQN9hzhzP_"" posts a small blind of 10",2026-08-28T03:34:24.539Z,178788806453904
"Your hand is 6♥, 3♥",2026-08-28T03:34:24.539Z,178788806453903
"Player stacks: #1 ""LingWae @ FQN9hzhzP_"" (4066) | #10 ""the pho king @ gpP9uUffpu"" (2934)",2026-08-28T03:34:24.539Z,178788806453901
"-- starting hand #363 (id: h1lurl5q6k6o)  No Limit Texas Hold'em (dealer: ""LingWae @ FQN9hzhzP_"") --",2026-08-28T03:34:24.539Z,178788806453900
"""LingWae @ FQN9hzhzP_"" shows a A♣, 5♦.",2026-08-28T03:34:19.683Z,178788805968300
"Undealt cards:  [10♠, 2♣, 8♦, K♥, A♦]",2026-08-28T03:34:18.360Z,178788805836000
"-- ending hand #362 --",2026-08-28T03:34:17.935Z,178788805793502
"""LingWae @ FQN9hzhzP_"" collected 20 from pot",2026-08-28T03:34:17.935Z,178788805793501
"Uncalled bet of 10 returned to ""LingWae @ FQN9hzhzP_""",2026-08-28T03:34:17.935Z,178788805793500
"""the pho king @ gpP9uUffpu"" folds",2026-08-28T03:34:17.128Z,178788805712800
"""LingWae @ FQN9hzhzP_"" posts a big blind of 20",2026-08-28T03:34:14.328Z,178788805432805
"""the pho king @ gpP9uUffpu"" posts a small blind of 10",2026-08-28T03:34:14.328Z,178788805432804
"Player stacks: #1 ""LingWae @ FQN9hzhzP_"" (4056) | #10 ""the pho king @ gpP9uUffpu"" (2944)",2026-08-28T03:34:14.328Z,178788805432801
"-- starting hand #362 (id: x0sc8qm0pnwu)  No Limit Texas Hold'em (dealer: ""the pho king @ gpP9uUffpu"") --",2026-08-28T03:34:14.328Z,178788805432800
"""LingWae @ FQN9hzhzP_"" shows a Q♠, 5♠.",2026-08-28T03:34:12.880Z,178788805288000
"-- ending hand #361 --",2026-08-28T03:34:10.672Z,178788805067201
"""LingWae @ FQN9hzhzP_"" collected 286 from pot",2026-08-28T03:34:10.672Z,178788805067200
"""the pho king @ gpP9uUffpu"" folds",2026-08-28T03:34:09.835Z,178788804983500
"River: 8♥, 5♦, Q♥, J♦ [2♥]",2026-08-28T03:34:08.197Z,178788804819700
"""the pho king @ gpP9uUffpu"" calls 67",2026-08-28T03:34:07.335Z,178788804733500
"""LingWae @ FQN9hzhzP_"" bets 67",2026-08-28T03:34:05.767Z,178788804576700
"""the pho king @ gpP9uUffpu"" checks",2026-08-28T03:34:02.905Z,178788804290500
"Turn: 8♥, 5♦, Q♥ [J♦]",2026-08-28T03:34:01.392Z,178788804139200
"""the pho king @ gpP9uUffpu"" calls 36",2026-08-28T03:34:00.585Z,178788804058500
"""LingWae @ FQN9hzhzP_"" bets 36",2026-08-28T03:33:59.047Z,178788803904700
"""the pho king @ gpP9uUffpu"" checks",2026-08-28T03:33:53.196Z,178788803319600
"Flop:  [8♥, 5♦, Q♥]",2026-08-28T03:33:52.294Z,178788803229400
"""the pho king @ gpP9uUffpu"" calls 40",2026-08-28T03:33:51.466Z,178788803146600
"""LingWae @ FQN9hzhzP_"" raises to 40",2026-08-28T03:33:50.517Z,178788803051700
"""the pho king @ gpP9uUffpu"" posts a big blind of 20",2026-08-28T03:33:44.487Z,178788802448705
"""LingWae @ FQN9hzhzP_"" posts a small blind of 10",2026-08-28T03:33:44.487Z,178788802448704
"Player stacks: #1 ""LingWae @ FQN9hzhzP_"" (3913) | #10 ""the pho king @ gpP9uUffpu"" (3087)",2026-08-28T03:33:44.487Z,178788802448701
"-- starting hand #361 (id: lja0xwgliase)  No Limit Texas Hold'em (dealer: ""LingWae @ FQN9hzhzP_"") --",2026-08-28T03:33:44.487Z,178788802448700
"""LingWae @ FQN9hzhzP_"" shows a 10♣.",2026-08-28T03:33:40.534Z,178788802053400
"""the pho king @ gpP9uUffpu"" shows a 4♦, 2♦.",2026-08-28T03:33:39.471Z,178788801947100
"""LingWae @ FQN9hzhzP_"" shows a 4♠.",2026-08-28T03:33:39.234Z,178788801923400
"Undealt cards: 4♣, 10♠, 9♣ [7♣, 4♥]",2026-08-28T03:33:37.373Z,178788801737300
"-- ending hand #360 --",2026-08-28T03:33:37.152Z,178788801715202
"""LingWae @ FQN9hzhzP_"" collected 120 from pot",2026-08-28T03:33:37.152Z,178788801715201
"Uncalled bet of 67 returned to ""LingWae @ FQN9hzhzP_""",2026-08-28T03:33:37.152Z,178788801715200
"""the pho king @ gpP9uUffpu"" folds",2026-08-28T03:33:36.345Z,178788801634500
"""LingWae @ FQN9hzhzP_"" bets 67",2026-08-28T03:33:35.427Z,178788801542700
"Flop:  [4♣, 10♠, 9♣]",2026-08-28T03:33:31.548Z,178788801154800
"""LingWae @ FQN9hzhzP_"" calls 60",2026-08-28T03:33:30.734Z,178788801073400
"""the pho king @ gpP9uUffpu"" raises to 60",2026-08-28T03:33:29.830Z,178788800983000
"""LingWae @ FQN9hzhzP_"" posts a big blind of 20",2026-08-28T03:33:28.506Z,178788800850605
"""the pho king @ gpP9uUffpu"" posts a small blind of 10",2026-08-28T03:33:28.506Z,178788800850604
"Your hand is 4♦, 2♦",2026-08-28T03:33:28.506Z,178788800850603
"Player stacks: #1 ""LingWae @ FQN9hzhzP_"" (3853) | #10 ""the pho king @ gpP9uUffpu"" (3147)",2026-08-28T03:33:28.506Z,178788800850601
"-- starting hand #360 (id: 55dzkbnpgqbw)  No Limit Texas Hold'em (dealer: ""the pho king @ gpP9uUffpu"") --",2026-08-28T03:33:28.506Z,178788800850600
"""the pho king @ gpP9uUffpu"" shows a 6♣, 7♣.",2026-08-28T03:33:27.175Z,178788800717500
"""LingWae @ FQN9hzhzP_"" shows a 5♣.",2026-08-28T03:33:23.644Z,178788800364400
"Undealt cards: 4♠, 3♣, K♥ [8♣, 10♥]",2026-08-28T03:33:21.855Z,178788800185500
"-- ending hand #359 --",2026-08-28T03:33:21.189Z,178788800118902
"""the pho king @ gpP9uUffpu"" collected 120 from pot",2026-08-28T03:33:21.189Z,178788800118901
"Uncalled bet of 20 returned to ""the pho king @ gpP9uUffpu""",2026-08-28T03:33:21.189Z,178788800118900
"""LingWae @ FQN9hzhzP_"" folds",2026-08-28T03:33:20.325Z,178788800032500
"""the pho king @ gpP9uUffpu"" bets 20",2026-08-28T03:33:19.414Z,178788799941400
"Flop:  [4♠, 3♣, K♥]",2026-08-28T03:33:15.789Z,178788799578900
"""LingWae @ FQN9hzhzP_"" calls 60",2026-08-28T03:33:14.903Z,178788799490300
"""the pho king @ gpP9uUffpu"" raises to 60",2026-08-28T03:33:13.320Z,178788799332000
"""LingWae @ FQN9hzhzP_"" calls 20",2026-08-28T03:33:11.771Z,178788799177100
"""the pho king @ gpP9uUffpu"" posts a big blind of 20",2026-08-28T03:33:10.413Z,178788799041305
"""LingWae @ FQN9hzhzP_"" posts a small blind of 10",2026-08-28T03:33:10.413Z,178788799041304
"Your hand is 6♣, 7♣",2026-08-28T03:33:10.413Z,178788799041303
"Player stacks: #1 ""LingWae @ FQN9hzhzP_"" (3913) | #10 ""the pho king @ gpP9uUffpu"" (3087)",2026-08-28T03:33:10.413Z,178788799041301
"-- starting hand #359 (id: mpuvvrrvykt3)  No Limit Texas Hold'em (dealer: ""LingWae @ FQN9hzhzP_"") --",2026-08-28T03:33:10.413Z,178788799041300
"""LingWae @ FQN9hzhzP_"" shows a 4♣, 4♠.",2026-08-28T03:33:07.672Z,178788798767200
"-- ending hand #358 --",2026-08-28T03:33:06.800Z,178788798680002
"""the pho king @ gpP9uUffpu"" collected 494 from pot",2026-08-28T03:33:06.800Z,178788798680001
"Uncalled bet of 247 returned to ""the pho king @ gpP9uUffpu""",2026-08-28T03:33:06.800Z,178788798680000
"""LingWae @ FQN9hzhzP_"" folds",2026-08-28T03:33:05.994Z,178788798599400
"""the pho king @ gpP9uUffpu"" raises to 267",2026-08-28T03:33:02.745Z,178788798274500
"""LingWae @ FQN9hzhzP_"" bets 20",2026-08-28T03:32:59.690Z,178788797969000
"River: 3♣, 5♣, 8♥, 9♣ [A♠]",2026-08-28T03:32:56.350Z,178788797635000
"""the pho king @ gpP9uUffpu"" checks",2026-08-28T03:32:55.525Z,178788797552500
"""LingWae @ FQN9hzhzP_"" checks",2026-08-28T03:32:53.142Z,178788797314200
"Turn: 3♣, 5♣, 8♥ [9♣]",2026-08-28T03:32:51.178Z,178788797117800
"""the pho king @ gpP9uUffpu"" calls 67",2026-08-28T03:32:50.359Z,178788797035900
"""LingWae @ FQN9hzhzP_"" bets 67",2026-08-28T03:32:49.445Z,178788796944500
"Flop:  [3♣, 5♣, 8♥]",2026-08-28T03:32:45.575Z,178788796557500
"""the pho king @ gpP9uUffpu"" calls 160",2026-08-28T03:32:44.747Z,178788796474700
"""LingWae @ FQN9hzhzP_"" raises to 160",2026-08-28T03:32:42.765Z,178788796276500
"""the pho king @ gpP9uUffpu"" raises to 60",2026-08-28T03:32:40.230Z,178788796023000
"""LingWae @ FQN9hzhzP_"" posts a big blind of 20",2026-08-28T03:32:38.899Z,178788795889905
"""the pho king @ gpP9uUffpu"" posts a small blind of 10",2026-08-28T03:32:38.899Z,178788795889904
"Player stacks: #1 ""LingWae @ FQN9hzhzP_"" (4160) | #10 ""the pho king @ gpP9uUffpu"" (2840)",2026-08-28T03:32:38.899Z,178788795889901
"-- starting hand #358 (id: xn0tf8m8q2ex)  No Limit Texas Hold'em (dealer: ""the pho king @ gpP9uUffpu"") --",2026-08-28T03:32:38.899Z,178788795889900
"""LingWae @ FQN9hzhzP_"" shows a 4♦.",2026-08-28T03:32:37.221Z,178788795722100
"""LingWae @ FQN9hzhzP_"" shows a 6♥.",2026-08-28T03:32:36.475Z,178788795647500
"-- ending hand #357 --",2026-08-28T03:32:35.290Z,178788795529002
"""the pho king @ gpP9uUffpu"" collected 280 from pot",2026-08-28T03:32:35.290Z,178788795529001
"Uncalled bet of 280 returned to ""the pho king @ gpP9uUffpu""",2026-08-28T03:32:35.290Z,178788795529000
"""LingWae @ FQN9hzhzP_"" folds",2026-08-28T03:32:34.456Z,178788795445600
"""the pho king @ gpP9uUffpu"" bets 280",2026-08-28T03:32:32.472Z,178788795247200
"River: Q♣, 4♥, 7♣, K♥ [J♥]",2026-08-28T03:32:30.546Z,178788795054600
"""LingWae @ FQN9hzhzP_"" calls 60",2026-08-28T03:32:29.706Z,178788794970600
"""the pho king @ gpP9uUffpu"" bets 60",2026-08-28T03:32:28.216Z,178788794821600
"Turn: Q♣, 4♥, 7♣ [K♥]",2026-08-28T03:32:26.886Z,178788794688600
"""LingWae @ FQN9hzhzP_"" calls 60",2026-08-28T03:32:26.080Z,178788794608000
"""the pho king @ gpP9uUffpu"" raises to 60",2026-08-28T03:32:24.794Z,178788794479400
"""LingWae @ FQN9hzhzP_"" bets 20",2026-08-28T03:32:23.194Z,178788794319400
"""the pho king @ gpP9uUffpu"" checks",2026-08-28T03:32:20.311Z,178788794031100
"Flop:  [Q♣, 4♥, 7♣]",2026-08-28T03:32:19.338Z,178788793933800
"""the pho king @ gpP9uUffpu"" checks",2026-08-28T03:32:18.512Z,178788793851200
"""LingWae @ FQN9hzhzP_"" calls 20",2026-08-28T03:32:17.372Z,178788793737200
"""the pho king @ gpP9uUffpu"" posts a big blind of 20",2026-08-28T03:32:16.190Z,178788793619005
"""LingWae @ FQN9hzhzP_"" posts a small blind of 10",2026-08-28T03:32:16.190Z,178788793619004
"Player stacks: #1 ""LingWae @ FQN9hzhzP_"" (4300) | #10 ""the pho king @ gpP9uUffpu"" (2700)",2026-08-28T03:32:16.190Z,178788793619001
"-- starting hand #357 (id: y6smvwqgxrcp)  No Limit Texas Hold'em (dealer: ""LingWae @ FQN9hzhzP_"") --",2026-08-28T03:32:16.190Z,178788793619000
"""LingWae @ FQN9hzhzP_"" shows a 10♦, 2♣.",2026-08-28T03:32:11.492Z,178788793149200
"""the pho king @ gpP9uUffpu"" shows a 4♦, 4♠.",2026-08-28T03:32:09.887Z,178788792988700
"Undealt cards: 6♠, Q♠, Q♣ [5♣, A♥]",2026-08-28T03:32:09.141Z,178788792914100
"-- ending hand #356 --",2026-08-28T03:32:08.839Z,178788792883901
"""the pho king @ gpP9uUffpu"" collected 120 from pot",2026-08-28T03:32:08.839Z,178788792883900
"""LingWae @ FQN9hzhzP_"" folds",2026-08-28T03:32:08.015Z,178788792801500
"Flop:  [6♠, Q♠, Q♣]",2026-08-28T03:32:05.119Z,178788792511900
"""LingWae @ FQN9hzhzP_"" calls 60",2026-08-28T03:32:04.297Z,178788792429700
"""the pho king @ gpP9uUffpu"" raises to 60",2026-08-28T03:32:03.053Z,178788792305300
"""LingWae @ FQN9hzhzP_"" posts a big blind of 20",2026-08-28T03:32:01.920Z,178788792192005
"""the pho king @ gpP9uUffpu"" posts a small blind of 10",2026-08-28T03:32:01.920Z,178788792192004
"Your hand is 4♦, 4♠",2026-08-28T03:32:01.920Z,178788792192003
"Player stacks: #1 ""LingWae @ FQN9hzhzP_"" (4360) | #10 ""the pho king @ gpP9uUffpu"" (2640)",2026-08-28T03:32:01.920Z,178788792192001
"-- starting hand #356 (id: mukfdpovg6dt)  No Limit Texas Hold'em (dealer: ""the pho king @ gpP9uUffpu"") --",2026-08-28T03:32:01.920Z,178788792192000
"""the pho king @ gpP9uUffpu"" shows a K♦.",2026-08-28T03:31:58.943Z,178788791894300
"""LingWae @ FQN9hzhzP_"" shows a A♣, 3♠.",2026-08-28T03:31:56.066Z,178788791606600
"Undealt cards: 2♠, 5♣, A♥ [J♣, J♠]",2026-08-28T03:31:54.868Z,178788791486800
"-- ending hand #355 --",2026-08-28T03:31:54.592Z,178788791459202
"""LingWae @ FQN9hzhzP_"" collected 480 from pot",2026-08-28T03:31:54.592Z,178788791459201
"Uncalled bet of 167 returned to ""LingWae @ FQN9hzhzP_""",2026-08-28T03:31:54.592Z,178788791459200
"""the pho king @ gpP9uUffpu"" folds",2026-08-28T03:31:53.785Z,178788791378500
"""LingWae @ FQN9hzhzP_"" raises to 267",2026-08-28T03:31:52.862Z,178788791286200
"""the pho king @ gpP9uUffpu"" bets 100",2026-08-28T03:31:47.611Z,178788790761100
"Flop:  [2♠, 5♣, A♥]",2026-08-28T03:31:45.086Z,178788790508600
"""the pho king @ gpP9uUffpu"" calls 140",2026-08-28T03:31:44.246Z,178788790424600
"""LingWae @ FQN9hzhzP_"" raises to 140",2026-08-28T03:31:43.284Z,178788790328400
"""the pho king @ gpP9uUffpu"" raises to 80",2026-08-28T03:31:41.291Z,178788790129100
"""LingWae @ FQN9hzhzP_"" calls 20",2026-08-28T03:31:39.467Z,178788789946700
"""the pho king @ gpP9uUffpu"" posts a big blind of 20",2026-08-28T03:31:34.374Z,178788789437405
"""LingWae @ FQN9hzhzP_"" posts a small blind of 10",2026-08-28T03:31:34.374Z,178788789437404
"Player stacks: #1 ""LingWae @ FQN9hzhzP_"" (4120) | #10 ""the pho king @ gpP9uUffpu"" (2880)",2026-08-28T03:31:34.374Z,178788789437401
"-- starting hand #355 (id: nagmebbuhjx4)  No Limit Texas Hold'em (dealer: ""LingWae @ FQN9hzhzP_"") --",2026-08-28T03:31:34.374Z,178788789437400
"""LingWae @ FQN9hzhzP_"" shows a 10♦.",2026-08-28T03:31:31.004Z,178788789100400
"""the pho king @ gpP9uUffpu"" shows a Q♠.",2026-08-28T03:31:30.616Z,178788789061600
"-- ending hand #354 --",2026-08-28T03:31:30.062Z,178788789006202
"""the pho king @ gpP9uUffpu"" collected 200 from pot",2026-08-28T03:31:30.062Z,178788789006201
"Uncalled bet of 150 returned to ""the pho king @ gpP9uUffpu""",2026-08-28T03:31:30.062Z,178788789006200
"""LingWae @ FQN9hzhzP_"" folds",2026-08-28T03:31:29.253Z,178788788925300
"""the pho king @ gpP9uUffpu"" bets 150",2026-08-28T03:31:27.714Z,178788788771400
"""LingWae @ FQN9hzhzP_"" checks",2026-08-28T03:31:25.668Z,178788788566800
"River: 8♥, J♠, K♦, 9♠ [2♦]",2026-08-28T03:31:24.021Z,178788788402100
"""the pho king @ gpP9uUffpu"" calls 20",2026-08-28T03:31:23.202Z,178788788320200
"""LingWae @ FQN9hzhzP_"" bets 20",2026-08-28T03:31:21.722Z,178788788172200
"Turn: 8♥, J♠, K♦ [9♠]",2026-08-28T03:31:17.914Z,178788787791400
"""the pho king @ gpP9uUffpu"" calls 20",2026-08-28T03:31:17.013Z,178788787701300
"""LingWae @ FQN9hzhzP_"" bets 20",2026-08-28T03:31:16.083Z,178788787608300
"Flop:  [8♥, J♠, K♦]",2026-08-28T03:31:12.174Z,178788787217400
"""LingWae @ FQN9hzhzP_"" calls 60",2026-08-28T03:31:11.364Z,178788787136400
"""the pho king @ gpP9uUffpu"" raises to 60",2026-08-28T03:31:09.646Z,178788786964600
"""LingWae @ FQN9hzhzP_"" posts a big blind of 20",2026-08-28T03:31:08.539Z,178788786853905
"""the pho king @ gpP9uUffpu"" posts a small blind of 10",2026-08-28T03:31:08.539Z,178788786853904
"Player stacks: #1 ""LingWae @ FQN9hzhzP_"" (4220) | #10 ""the pho king @ gpP9uUffpu"" (2780)",2026-08-28T03:31:08.539Z,178788786853901
"-- starting hand #354 (id: au55kkqoflj1)  No Limit Texas Hold'em (dealer: ""the pho king @ gpP9uUffpu"") --",2026-08-28T03:31:08.539Z,178788786853900
"""the pho king @ gpP9uUffpu"" shows a 7♠, 7♣.",2026-08-28T03:31:04.350Z,178788786435000
"""LingWae @ FQN9hzhzP_"" shows a 2♣, 5♠.",2026-08-28T03:31:02.845Z,178788786284500
"Undealt cards:  [5♥, 2♦, 8♣, 3♠, 7♦]",2026-08-28T03:31:02.207Z,178788786220700
"-- ending hand #353 --",2026-08-28T03:31:01.199Z,178788786119902
"""the pho king @ gpP9uUffpu"" collected 20 from pot",2026-08-28T03:31:01.199Z,178788786119901
"Uncalled bet of 10 returned to ""the pho king @ gpP9uUffpu""",2026-08-28T03:31:01.199Z,178788786119900
"""LingWae @ FQN9hzhzP_"" folds",2026-08-28T03:31:00.387Z,178788786038700
"""the pho king @ gpP9uUffpu"" posts a big blind of 20",2026-08-28T03:30:58.077Z,178788785807705
"""LingWae @ FQN9hzhzP_"" posts a small blind of 10",2026-08-28T03:30:58.077Z,178788785807704
"Your hand is 7♠, 7♣",2026-08-28T03:30:58.077Z,178788785807703
"Player stacks: #1 ""LingWae @ FQN9hzhzP_"" (4230) | #10 ""the pho king @ gpP9uUffpu"" (2770)",2026-08-28T03:30:58.077Z,178788785807701
"-- starting hand #353 (id: isubwjmpkuwm)  No Limit Texas Hold'em (dealer: ""LingWae @ FQN9hzhzP_"") --",2026-08-28T03:30:58.077Z,178788785807700
"Undealt cards: K♦, 6♥, K♣ [5♣, 3♠]",2026-08-28T03:30:52.671Z,178788785267100
"-- ending hand #352 --",2026-08-28T03:30:52.168Z,178788785216802
"""LingWae @ FQN9hzhzP_"" collected 80 from pot",2026-08-28T03:30:52.168Z,178788785216801
"Uncalled bet of 20 returned to ""LingWae @ FQN9hzhzP_""",2026-08-28T03:30:52.168Z,178788785216800
"""the pho king @ gpP9uUffpu"" folds",2026-08-28T03:30:51.318Z,178788785131800
"""LingWae @ FQN9hzhzP_"" bets 20",2026-08-28T03:30:50.037Z,178788785003700
"Flop:  [K♦, 6♥, K♣]",2026-08-28T03:30:40.361Z,178788784036100
"""LingWae @ FQN9hzhzP_"" calls 40",2026-08-28T03:30:39.538Z,178788783953800
"""the pho king @ gpP9uUffpu"" raises to 40",2026-08-28T03:30:38.425Z,178788783842500
"""LingWae @ FQN9hzhzP_"" posts a big blind of 20",2026-08-28T03:30:37.186Z,178788783718605
"""the pho king @ gpP9uUffpu"" posts a small blind of 10",2026-08-28T03:30:37.186Z,178788783718604
"Player stacks: #1 ""LingWae @ FQN9hzhzP_"" (4190) | #10 ""the pho king @ gpP9uUffpu"" (2810)",2026-08-28T03:30:37.186Z,178788783718601
"-- starting hand #352 (id: nlrfpfuxl7qz)  No Limit Texas Hold'em (dealer: ""the pho king @ gpP9uUffpu"") --",2026-08-28T03:30:37.186Z,178788783718600
"-- ending hand #351 --",2026-08-28T03:30:34.261Z,178788783426102
"""the pho king @ gpP9uUffpu"" collected 40 from pot",2026-08-28T03:30:34.261Z,178788783426101
"Uncalled bet of 2770 returned to ""the pho king @ gpP9uUffpu""",2026-08-28T03:30:34.261Z,178788783426100
"""LingWae @ FQN9hzhzP_"" folds",2026-08-28T03:30:33.423Z,178788783342300
"""the pho king @ gpP9uUffpu"" bets 2770 and go all in",2026-08-28T03:30:32.144Z,178788783214400
"River: Q♠, 10♦, 3♠, Q♦ [9♦]",2026-08-28T03:30:30.585Z,178788783058500
"""LingWae @ FQN9hzhzP_"" checks",2026-08-28T03:30:29.759Z,178788782975900
"""the pho king @ gpP9uUffpu"" checks",2026-08-28T03:30:28.788Z,178788782878800
"Turn: Q♠, 10♦, 3♠ [Q♦]",2026-08-28T03:30:27.885Z,178788782788500
"""LingWae @ FQN9hzhzP_"" checks",2026-08-28T03:30:27.056Z,178788782705600
"""the pho king @ gpP9uUffpu"" checks",2026-08-28T03:30:25.781Z,178788782578100
"Flop:  [Q♠, 10♦, 3♠]",2026-08-28T03:30:24.384Z,178788782438400
"""the pho king @ gpP9uUffpu"" checks",2026-08-28T03:30:23.543Z,178788782354300
"""LingWae @ FQN9hzhzP_"" calls 20",2026-08-28T03:30:22.522Z,178788782252200
"""the pho king @ gpP9uUffpu"" posts a big blind of 20",2026-08-28T03:30:13.137Z,178788781313705
"""LingWae @ FQN9hzhzP_"" posts a small blind of 10",2026-08-28T03:30:13.137Z,178788781313704
"Player stacks: #1 ""LingWae @ FQN9hzhzP_"" (4210) | #10 ""the pho king @ gpP9uUffpu"" (2790)",2026-08-28T03:30:13.137Z,178788781313701
"-- starting hand #351 (id: ljfy29s6uemz)  No Limit Texas Hold'em (dealer: ""LingWae @ FQN9hzhzP_"") --",2026-08-28T03:30:13.137Z,178788781313700
"Undealt cards:  [9♦, Q♣, 8♠, 6♣, A♥]",2026-08-28T03:30:12.399Z,178788781239900
"""LingWae @ FQN9hzhzP_"" shows a Q♠.",2026-08-28T03:30:10.435Z,178788781043500
"""LingWae @ FQN9hzhzP_"" shows a 4♥.",2026-08-28T03:30:09.541Z,178788780954100
"-- ending hand #350 --",2026-08-28T03:30:06.523Z,178788780652302
"""LingWae @ FQN9hzhzP_"" collected 20 from pot",2026-08-28T03:30:06.523Z,178788780652301
"Uncalled bet of 10 returned to ""LingWae @ FQN9hzhzP_""",2026-08-28T03:30:06.523Z,178788780652300
"""the pho king @ gpP9uUffpu"" folds",2026-08-28T03:30:05.719Z,178788780571900
"""LingWae @ FQN9hzhzP_"" posts a big blind of 20",2026-08-28T03:29:49.702Z,178788778970205
"""the pho king @ gpP9uUffpu"" posts a small blind of 10",2026-08-28T03:29:49.702Z,178788778970204
"Player stacks: #1 ""LingWae @ FQN9hzhzP_"" (4200) | #10 ""the pho king @ gpP9uUffpu"" (2800)",2026-08-28T03:29:49.702Z,178788778970201
"-- starting hand #350 (id: 0islukszn9iz)  No Limit Texas Hold'em (dealer: ""the pho king @ gpP9uUffpu"") --",2026-08-28T03:29:49.702Z,178788778970200
"""LingWae @ FQN9hzhzP_"" shows a 9♣.",2026-08-28T03:29:47.534Z,178788778753400
"""LingWae @ FQN9hzhzP_"" shows a Q♦.",2026-08-28T03:29:46.861Z,178788778686100
"-- ending hand #349 --",2026-08-28T03:29:46.067Z,178788778606702
"""LingWae @ FQN9hzhzP_"" collected 160 from pot",2026-08-28T03:29:46.067Z,178788778606701
"Uncalled bet of 47 returned to ""LingWae @ FQN9hzhzP_""",2026-08-28T03:29:46.067Z,178788778606700
"""the pho king @ gpP9uUffpu"" folds",2026-08-28T03:29:45.232Z,178788778523200
"""LingWae @ FQN9hzhzP_"" raises to 67",2026-08-28T03:29:43.532Z,178788778353200
"""the pho king @ gpP9uUffpu"" bets 20",2026-08-28T03:29:40.918Z,178788778091800
"River: 6♦, 8♠, 4♠, J♠ [10♥]",2026-08-28T03:29:39.863Z,178788777986300
"""LingWae @ FQN9hzhzP_"" checks",2026-08-28T03:29:38.997Z,178788777899700
"""the pho king @ gpP9uUffpu"" checks",2026-08-28T03:29:38.068Z,178788777806800
"Turn: 6♦, 8♠, 4♠ [J♠]",2026-08-28T03:29:37.494Z,178788777749400
"""LingWae @ FQN9hzhzP_"" checks",2026-08-28T03:29:36.692Z,178788777669200
"""the pho king @ gpP9uUffpu"" checks",2026-08-28T03:29:35.757Z,178788777575700
"Flop:  [6♦, 8♠, 4♠]",2026-08-28T03:29:34.557Z,178788777455700
"""LingWae @ FQN9hzhzP_"" calls 60",2026-08-28T03:29:33.691Z,178788777369100
"""the pho king @ gpP9uUffpu"" raises to 60",2026-08-28T03:29:32.709Z,178788777270900
"""LingWae @ FQN9hzhzP_"" calls 20",2026-08-28T03:29:30.575Z,178788777057500
"""the pho king @ gpP9uUffpu"" posts a big blind of 20",2026-08-28T03:29:26.078Z,178788776607805
"""LingWae @ FQN9hzhzP_"" posts a small blind of 10",2026-08-28T03:29:26.078Z,178788776607804
"Player stacks: #1 ""LingWae @ FQN9hzhzP_"" (4120) | #10 ""the pho king @ gpP9uUffpu"" (2880)",2026-08-28T03:29:26.078Z,178788776607801
"-- starting hand #349 (id: hcinybyah69z)  No Limit Texas Hold'em (dealer: ""LingWae @ FQN9hzhzP_"") --",2026-08-28T03:29:26.078Z,178788776607800
"""LingWae @ FQN9hzhzP_"" shows a 5♠, 9♦.",2026-08-28T03:29:22.163Z,178788776216300
"Undealt cards:  [8♣, 2♥, 3♦, K♣, J♠]",2026-08-28T03:29:19.994Z,178788775999400
"-- ending hand #348 --",2026-08-28T03:29:19.471Z,178788775947102
"""the pho king @ gpP9uUffpu"" collected 40 from pot",2026-08-28T03:29:19.471Z,178788775947101
"Uncalled bet of 40 returned to ""the pho king @ gpP9uUffpu""",2026-08-28T03:29:19.471Z,178788775947100
"""LingWae @ FQN9hzhzP_"" folds",2026-08-28T03:29:18.656Z,178788775865600
"""the pho king @ gpP9uUffpu"" raises to 60",2026-08-28T03:29:17.039Z,178788775703900
"""LingWae @ FQN9hzhzP_"" posts a big blind of 20",2026-08-28T03:29:15.900Z,178788775590005
"""the pho king @ gpP9uUffpu"" posts a small blind of 10",2026-08-28T03:29:15.900Z,178788775590004
"Player stacks: #1 ""LingWae @ FQN9hzhzP_"" (4140) | #10 ""the pho king @ gpP9uUffpu"" (2860)",2026-08-28T03:29:15.900Z,178788775590001
"-- starting hand #348 (id: ouhbcyd1g0ft)  No Limit Texas Hold'em (dealer: ""the pho king @ gpP9uUffpu"") --",2026-08-28T03:29:15.900Z,178788775590000
"""the pho king @ gpP9uUffpu"" shows a J♣.",2026-08-28T03:29:14.008Z,178788775400800
"""LingWae @ FQN9hzhzP_"" shows a 8♣.",2026-08-28T03:29:12.384Z,178788775238400
"-- ending hand #347 --",2026-08-28T03:29:11.565Z,178788775156502
"""the pho king @ gpP9uUffpu"" collected 120 from pot",2026-08-28T03:29:11.565Z,178788775156501
"Uncalled bet of 90 returned to ""the pho king @ gpP9uUffpu""",2026-08-28T03:29:11.565Z,178788775156500
"""LingWae @ FQN9hzhzP_"" folds",2026-08-28T03:29:10.761Z,178788775076100
"""the pho king @ gpP9uUffpu"" bets 90",2026-08-28T03:29:08.425Z,178788774842500
"River: 10♦, 7♥, K♣, Q♦ [9♦]",2026-08-28T03:29:06.360Z,178788774636000
"""LingWae @ FQN9hzhzP_"" checks",2026-08-28T03:29:05.538Z,178788774553800
"""the pho king @ gpP9uUffpu"" checks",2026-08-28T03:29:04.620Z,178788774462000
"Turn: 10♦, 7♥, K♣ [Q♦]",2026-08-28T03:29:03.012Z,178788774301200
"""LingWae @ FQN9hzhzP_"" checks",2026-08-28T03:29:02.180Z,178788774218000
"""the pho king @ gpP9uUffpu"" checks",2026-08-28T03:29:00.721Z,178788774072100
"Flop:  [10♦, 7♥, K♣]",2026-08-28T03:28:59.500Z,178788773950000
"""LingWae @ FQN9hzhzP_"" calls 60",2026-08-28T03:28:58.681Z,178788773868100
"""the pho king @ gpP9uUffpu"" raises to 60",2026-08-28T03:28:56.626Z,178788773662600
"""LingWae @ FQN9hzhzP_"" calls 20",2026-08-28T03:28:55.042Z,178788773504200
"""the pho king @ gpP9uUffpu"" posts a big blind of 20",2026-08-28T03:28:50.892Z,178788773089205
"""LingWae @ FQN9hzhzP_"" posts a small blind of 10",2026-08-28T03:28:50.892Z,178788773089204
"Player stacks: #1 ""LingWae @ FQN9hzhzP_"" (4200) | #10 ""the pho king @ gpP9uUffpu"" (2800)",2026-08-28T03:28:50.892Z,178788773089201
"-- starting hand #347 (id: e5jv74jdfotb)  No Limit Texas Hold'em (dealer: ""LingWae @ FQN9hzhzP_"") --",2026-08-28T03:28:50.892Z,178788773089200
"""LingWae @ FQN9hzhzP_"" shows a 8♣.",2026-08-28T03:28:49.749Z,178788772974900
"-- ending hand #346 --",2026-08-28T03:28:47.289Z,178788772728902
"""LingWae @ FQN9hzhzP_"" collected 152 from pot",2026-08-28T03:28:47.289Z,178788772728901
"Uncalled bet of 76 returned to ""LingWae @ FQN9hzhzP_""",2026-08-28T03:28:47.289Z,178788772728900
"""the pho king @ gpP9uUffpu"" folds",2026-08-28T03:28:46.474Z,178788772647400
"""LingWae @ FQN9hzhzP_"" bets 76",2026-08-28T03:28:45.579Z,178788772557900
"River: 8♥, 8♠, 2♦, 3♠ [10♠]",2026-08-28T03:28:41.381Z,178788772138100
"""the pho king @ gpP9uUffpu"" calls 36",2026-08-28T03:28:40.552Z,178788772055200
"""LingWae @ FQN9hzhzP_"" bets 36",2026-08-28T03:28:39.603Z,178788771960300
"Turn: 8♥, 8♠, 2♦ [3♠]",2026-08-28T03:28:36.188Z,178788771618800
"""the pho king @ gpP9uUffpu"" checks",2026-08-28T03:28:35.384Z,178788771538400
"""LingWae @ FQN9hzhzP_"" checks",2026-08-28T03:28:34.393Z,178788771439300
"Flop:  [8♥, 8♠, 2♦]",2026-08-28T03:28:30.785Z,178788771078500
"""LingWae @ FQN9hzhzP_"" calls 40",2026-08-28T03:28:29.975Z,178788770997500
"""the pho king @ gpP9uUffpu"" raises to 40",2026-08-28T03:28:28.953Z,178788770895300
"""LingWae @ FQN9hzhzP_"" posts a big blind of 20",2026-08-28T03:28:28.095Z,178788770809505
"""the pho king @ gpP9uUffpu"" posts a small blind of 10",2026-08-28T03:28:28.095Z,178788770809504
"Player stacks: #1 ""LingWae @ FQN9hzhzP_"" (4124) | #10 ""the pho king @ gpP9uUffpu"" (2876)",2026-08-28T03:28:28.095Z,178788770809501
"-- starting hand #346 (id: aw5en7itwqxh)  No Limit Texas Hold'em (dealer: ""the pho king @ gpP9uUffpu"") --",2026-08-28T03:28:28.095Z,178788770809500
"""the pho king @ gpP9uUffpu"" shows a 5♠.",2026-08-28T03:28:23.990Z,178788770399000
"-- ending hand #345 --",2026-08-28T03:28:21.567Z,178788770156702
"""LingWae @ FQN9hzhzP_"" collected 226 from pot with Two Pair, J's & 8's (combination: A♥, 8♦, 8♣, J♠, J♥)",2026-08-28T03:28:21.567Z,178788770156701
"""LingWae @ FQN9hzhzP_"" shows a A♥, J♠.",2026-08-28T03:28:21.567Z,178788770156700
"""the pho king @ gpP9uUffpu"" calls 46",2026-08-28T03:28:20.728Z,178788770072800
"""LingWae @ FQN9hzhzP_"" bets 46",2026-08-28T03:28:19.478Z,178788769947800
"""the pho king @ gpP9uUffpu"" checks",2026-08-28T03:28:16.602Z,178788769660200
"River: 8♦, 5♥, 8♣, K♦ [J♥]",2026-08-28T03:28:16.088Z,178788769608800
"""LingWae @ FQN9hzhzP_"" checks",2026-08-28T03:28:15.268Z,178788769526800
"""the pho king @ gpP9uUffpu"" checks",2026-08-28T03:28:14.340Z,178788769434000
"Turn: 8♦, 5♥, 8♣ [K♦]",2026-08-28T03:28:13.758Z,178788769375800
"""LingWae @ FQN9hzhzP_"" checks",2026-08-28T03:28:12.925Z,178788769292500
"""the pho king @ gpP9uUffpu"" checks",2026-08-28T03:28:11.990Z,178788769199000
"Flop:  [8♦, 5♥, 8♣]",2026-08-28T03:28:10.619Z,178788769061900
"""the pho king @ gpP9uUffpu"" calls 67",2026-08-28T03:28:09.785Z,178788768978500
"""LingWae @ FQN9hzhzP_"" raises to 67",2026-08-28T03:28:08.774Z,178788768877400
"""the pho king @ gpP9uUffpu"" posts a big blind of 20",2026-08-28T03:28:05.323Z,178788768532305
"""LingWae @ FQN9hzhzP_"" posts a small blind of 10",2026-08-28T03:28:05.323Z,178788768532304
"Player stacks: #1 ""LingWae @ FQN9hzhzP_"" (4011) | #10 ""the pho king @ gpP9uUffpu"" (2989)",2026-08-28T03:28:05.323Z,178788768532301
"-- starting hand #345 (id: dgw9u3m3frmw)  No Limit Texas Hold'em (dealer: ""LingWae @ FQN9hzhzP_"") --",2026-08-28T03:28:05.323Z,178788768532300
"""LingWae @ FQN9hzhzP_"" shows a A♦, 5♠.",2026-08-28T03:28:03.608Z,178788768360800
"-- ending hand #344 --",2026-08-28T03:28:01.679Z,178788768167902
"""LingWae @ FQN9hzhzP_"" collected 80 from pot",2026-08-28T03:28:01.679Z,178788768167901
"Uncalled bet of 20 returned to ""LingWae @ FQN9hzhzP_""",2026-08-28T03:28:01.679Z,178788768167900
"""the pho king @ gpP9uUffpu"" folds",2026-08-28T03:28:00.804Z,178788768080400
"""LingWae @ FQN9hzhzP_"" bets 20",2026-08-28T03:27:55.973Z,178788767597300
"River: 2♠, 9♥, J♣, 9♠ [2♦]",2026-08-28T03:27:55.052Z,178788767505200
"""the pho king @ gpP9uUffpu"" checks",2026-08-28T03:27:54.238Z,178788767423800
"""LingWae @ FQN9hzhzP_"" checks",2026-08-28T03:27:53.324Z,178788767332400
"Turn: 2♠, 9♥, J♣ [9♠]",2026-08-28T03:27:52.089Z,178788767208900
"""the pho king @ gpP9uUffpu"" checks",2026-08-28T03:27:51.252Z,178788767125200
"""LingWae @ FQN9hzhzP_"" checks",2026-08-28T03:27:50.230Z,178788767023000
"Flop:  [2♠, 9♥, J♣]",2026-08-28T03:27:48.545Z,178788766854500
"""LingWae @ FQN9hzhzP_"" calls 40",2026-08-28T03:27:47.712Z,178788766771200
"""the pho king @ gpP9uUffpu"" raises to 40",2026-08-28T03:27:45.156Z,178788766515600
"""LingWae @ FQN9hzhzP_"" posts a big blind of 20",2026-08-28T03:27:43.755Z,178788766375505
"""the pho king @ gpP9uUffpu"" posts a small blind of 10",2026-08-28T03:27:43.755Z,178788766375504
"Player stacks: #1 ""LingWae @ FQN9hzhzP_"" (3971) | #10 ""the pho king @ gpP9uUffpu"" (3029)",2026-08-28T03:27:43.755Z,178788766375501
"-- starting hand #344 (id: 08kmo9qfrstt)  No Limit Texas Hold'em (dealer: ""the pho king @ gpP9uUffpu"") --",2026-08-28T03:27:43.755Z,178788766375500
"""the pho king @ gpP9uUffpu"" shows a Q♣, 7♥.",2026-08-28T03:27:41.069Z,178788766106900
"Undealt cards:  [6♣, Q♦, 10♠, 9♥, 6♦]",2026-08-28T03:27:38.069Z,178788765806900
"""LingWae @ FQN9hzhzP_"" shows a K♠, 2♦.",2026-08-28T03:27:37.954Z,178788765795400
"-- ending hand #343 --",2026-08-28T03:27:36.452Z,178788765645202
"""LingWae @ FQN9hzhzP_"" collected 40 from pot",2026-08-28T03:27:36.452Z,178788765645201
"Uncalled bet of 100 returned to ""LingWae @ FQN9hzhzP_""",2026-08-28T03:27:36.452Z,178788765645200
"""the pho king @ gpP9uUffpu"" folds",2026-08-28T03:27:35.622Z,178788765562200
"""LingWae @ FQN9hzhzP_"" raises to 120",2026-08-28T03:27:33.386Z,178788765338600
"""the pho king @ gpP9uUffpu"" posts a big blind of 20",2026-08-28T03:27:30.623Z,178788765062305
"""LingWae @ FQN9hzhzP_"" posts a small blind of 10",2026-08-28T03:27:30.623Z,178788765062304
"Your hand is Q♣, 7♥",2026-08-28T03:27:30.623Z,178788765062303
"Player stacks: #1 ""LingWae @ FQN9hzhzP_"" (3951) | #10 ""the pho king @ gpP9uUffpu"" (3049)",2026-08-28T03:27:30.623Z,178788765062301
"-- starting hand #343 (id: llrierlom5ab)  No Limit Texas Hold'em (dealer: ""LingWae @ FQN9hzhzP_"") --",2026-08-28T03:27:30.623Z,178788765062300
"""LingWae @ FQN9hzhzP_"" shows a J♦, 4♣.",2026-08-28T03:27:27.592Z,178788764759200
"Undealt cards: 2♣, 10♥, 5♠ [7♥, 3♦]",2026-08-28T03:27:24.289Z,178788764428900
"-- ending hand #342 --",2026-08-28T03:27:24.000Z,178788764400001
"""the pho king @ gpP9uUffpu"" collected 80 from pot",2026-08-28T03:27:24.000Z,178788764400000
"""LingWae @ FQN9hzhzP_"" folds",2026-08-28T03:27:23.172Z,178788764317200
"Flop:  [2♣, 10♥, 5♠]",2026-08-28T03:27:20.872Z,178788764087200
"""LingWae @ FQN9hzhzP_"" calls 40",2026-08-28T03:27:20.042Z,178788764004200
"""the pho king @ gpP9uUffpu"" raises to 40",2026-08-28T03:27:19.131Z,178788763913100
"""LingWae @ FQN9hzhzP_"" posts a big blind of 20",2026-08-28T03:27:18.137Z,178788763813705
"""the pho king @ gpP9uUffpu"" posts a small blind of 10",2026-08-28T03:27:18.137Z,178788763813704
"Player stacks: #1 ""LingWae @ FQN9hzhzP_"" (3991) | #10 ""the pho king @ gpP9uUffpu"" (3009)",2026-08-28T03:27:18.137Z,178788763813701
"-- starting hand #342 (id: cxrpwiju6nye)  No Limit Texas Hold'em (dealer: ""the pho king @ gpP9uUffpu"") --",2026-08-28T03:27:18.137Z,178788763813700
"""the pho king @ gpP9uUffpu"" shows a 3♠, 7♥.",2026-08-28T03:27:12.983Z,178788763298300
"""LingWae @ FQN9hzhzP_"" shows a A♦.",2026-08-28T03:27:11.523Z,178788763152300
"Undealt cards: 3♥, A♥, Q♠, 10♠ [K♠]",2026-08-28T03:27:11.099Z,178788763109900
"-- ending hand #341 --",2026-08-28T03:27:10.816Z,178788763081602
"""LingWae @ FQN9hzhzP_"" collected 112 from pot",2026-08-28T03:27:10.816Z,178788763081601
"Uncalled bet of 67 returned to ""LingWae @ FQN9hzhzP_""",2026-08-28T03:27:10.816Z,178788763081600
"""the pho king @ gpP9uUffpu"" folds",2026-08-28T03:27:10.012Z,178788763001200
"""LingWae @ FQN9hzhzP_"" bets 67",2026-08-28T03:27:08.393Z,178788762839300
"""the pho king @ gpP9uUffpu"" checks",2026-08-28T03:27:04.265Z,178788762426500
"Turn: 3♥, A♥, Q♠ [10♠]",2026-08-28T03:27:03.326Z,178788762332600
"""the pho king @ gpP9uUffpu"" calls 36",2026-08-28T03:27:02.494Z,178788762249400
"""LingWae @ FQN9hzhzP_"" bets 36",2026-08-28T03:27:01.488Z,178788762148800
"""the pho king @ gpP9uUffpu"" checks",2026-08-28T03:26:54.886Z,178788761488600
"Flop:  [3♥, A♥, Q♠]",2026-08-28T03:26:53.289Z,178788761328900
"""the pho king @ gpP9uUffpu"" checks",2026-08-28T03:26:52.478Z,178788761247800
"""LingWae @ FQN9hzhzP_"" calls 20",2026-08-28T03:26:51.556Z,178788761155600
"""the pho king @ gpP9uUffpu"" posts a big blind of 20",2026-08-28T03:26:49.632Z,178788760963205
"""LingWae @ FQN9hzhzP_"" posts a small blind of 10",2026-08-28T03:26:49.632Z,178788760963204
"Your hand is 3♠, 7♥",2026-08-28T03:26:49.632Z,178788760963203
"Player stacks: #1 ""LingWae @ FQN9hzhzP_"" (3935) | #10 ""the pho king @ gpP9uUffpu"" (3065)",2026-08-28T03:26:49.632Z,178788760963201
"-- starting hand #341 (id: a8wngiky7qq4)  No Limit Texas Hold'em (dealer: ""LingWae @ FQN9hzhzP_"") --",2026-08-28T03:26:49.632Z,178788760963200
"""LingWae @ FQN9hzhzP_"" shows a 6♣.",2026-08-28T03:26:47.846Z,178788760784600
"-- ending hand #340 --",2026-08-28T03:26:46.018Z,178788760601802
"""LingWae @ FQN9hzhzP_"" collected 214 from pot",2026-08-28T03:26:46.018Z,178788760601801
"Uncalled bet of 167 returned to ""LingWae @ FQN9hzhzP_""",2026-08-28T03:26:46.018Z,178788760601800
"""the pho king @ gpP9uUffpu"" folds",2026-08-28T03:26:45.182Z,178788760518200
"""LingWae @ FQN9hzhzP_"" bets 167",2026-08-28T03:26:44.217Z,178788760421700
"River: Q♠, J♦, K♦, 3♣ [10♦]",2026-08-28T03:26:39.534Z,178788759953400
"""the pho king @ gpP9uUffpu"" calls 67",2026-08-28T03:26:38.665Z,178788759866500
"""LingWae @ FQN9hzhzP_"" bets 67",2026-08-28T03:26:37.744Z,178788759774400
"Turn: Q♠, J♦, K♦ [3♣]",2026-08-28T03:26:31.404Z,178788759140400
"""the pho king @ gpP9uUffpu"" calls 20",2026-08-28T03:26:30.586Z,178788759058600
"""LingWae @ FQN9hzhzP_"" bets 20",2026-08-28T03:26:29.667Z,178788758966700
"Flop:  [Q♠, J♦, K♦]",2026-08-28T03:26:23.829Z,178788758382900
"""LingWae @ FQN9hzhzP_"" checks",2026-08-28T03:26:23.021Z,178788758302100
"""the pho king @ gpP9uUffpu"" calls 20",2026-08-28T03:26:21.182Z,178788758118200
"""LingWae @ FQN9hzhzP_"" posts a big blind of 20",2026-08-28T03:26:20.351Z,178788758035105
"""the pho king @ gpP9uUffpu"" posts a small blind of 10",2026-08-28T03:26:20.351Z,178788758035104
"Player stacks: #1 ""LingWae @ FQN9hzhzP_"" (3828) | #10 ""the pho king @ gpP9uUffpu"" (3172)",2026-08-28T03:26:20.351Z,178788758035101
"-- starting hand #340 (id: 32cdkcynvorw)  No Limit Texas Hold'em (dealer: ""the pho king @ gpP9uUffpu"") --",2026-08-28T03:26:20.351Z,178788758035100
"""LingWae @ FQN9hzhzP_"" shows a 4♥, 7♥.",2026-08-28T03:26:15.427Z,178788757542700
"-- ending hand #339 --",2026-08-28T03:26:13.791Z,178788757379102
"""the pho king @ gpP9uUffpu"" collected 134 from pot with A High (combination: 6♦, 9♠, Q♦, K♣, A♣)",2026-08-28T03:26:13.791Z,178788757379101
"""the pho king @ gpP9uUffpu"" shows a Q♦, 5♣.",2026-08-28T03:26:13.791Z,178788757379100
"""LingWae @ FQN9hzhzP_"" checks",2026-08-28T03:26:12.978Z,178788757297800
"""the pho king @ gpP9uUffpu"" checks",2026-08-28T03:26:12.058Z,178788757205800
"River: 6♦, 9♠, A♣, 2♦ [K♣]",2026-08-28T03:26:10.988Z,178788757098800
"""LingWae @ FQN9hzhzP_"" checks",2026-08-28T03:26:10.181Z,178788757018100
"""the pho king @ gpP9uUffpu"" checks",2026-08-28T03:26:09.239Z,178788756923900
"Turn: 6♦, 9♠, A♣ [2♦]",2026-08-28T03:26:08.796Z,178788756879600
"""LingWae @ FQN9hzhzP_"" checks",2026-08-28T03:26:07.988Z,178788756798800
"""the pho king @ gpP9uUffpu"" checks",2026-08-28T03:26:05.317Z,178788756531700
"Flop:  [6♦, 9♠, A♣]",2026-08-28T03:26:04.585Z,178788756458500
"""the pho king @ gpP9uUffpu"" calls 67",2026-08-28T03:26:03.775Z,178788756377500
"""LingWae @ FQN9hzhzP_"" raises to 67",2026-08-28T03:26:02.849Z,178788756284900
"""the pho king @ gpP9uUffpu"" posts a big blind of 20",2026-08-28T03:25:59.464Z,178788755946405
"""LingWae @ FQN9hzhzP_"" posts a small blind of 10",2026-08-28T03:25:59.464Z,178788755946404
"Your hand is Q♦, 5♣",2026-08-28T03:25:59.464Z,178788755946403
"Player stacks: #1 ""LingWae @ FQN9hzhzP_"" (3895) | #10 ""the pho king @ gpP9uUffpu"" (3105)",2026-08-28T03:25:59.464Z,178788755946401
"-- starting hand #339 (id: ef1difvaiom1)  No Limit Texas Hold'em (dealer: ""LingWae @ FQN9hzhzP_"") --",2026-08-28T03:25:59.464Z,178788755946400
"""LingWae @ FQN9hzhzP_"" shows a K♥.",2026-08-28T03:25:55.345Z,178788755534500
"""LingWae @ FQN9hzhzP_"" shows a 9♥.",2026-08-28T03:25:55.091Z,178788755509100
"""the pho king @ gpP9uUffpu"" shows a 5♥, 3♦.",2026-08-28T03:25:53.693Z,178788755369300
"Undealt cards:  [4♠, 7♣, A♠, J♠, 4♦]",2026-08-28T03:25:53.112Z,178788755311200
"-- ending hand #338 --",2026-08-28T03:25:52.161Z,178788755216102
"""LingWae @ FQN9hzhzP_"" collected 40 from pot",2026-08-28T03:25:52.161Z,178788755216101
"Uncalled bet of 100 returned to ""LingWae @ FQN9hzhzP_""",2026-08-28T03:25:52.161Z,178788755216100
"""the pho king @ gpP9uUffpu"" folds",2026-08-28T03:25:51.314Z,178788755131400
"""LingWae @ FQN9hzhzP_"" raises to 120",2026-08-28T03:25:49.648Z,178788754964800
"""the pho king @ gpP9uUffpu"" calls 20",2026-08-28T03:25:46.913Z,178788754691300
"""LingWae @ FQN9hzhzP_"" posts a big blind of 20",2026-08-28T03:25:46.051Z,178788754605105
"""the pho king @ gpP9uUffpu"" posts a small blind of 10",2026-08-28T03:25:46.051Z,178788754605104
"Your hand is 5♥, 3♦",2026-08-28T03:25:46.051Z,178788754605103
"Player stacks: #1 ""LingWae @ FQN9hzhzP_"" (3875) | #10 ""the pho king @ gpP9uUffpu"" (3125)",2026-08-28T03:25:46.051Z,178788754605101
"-- starting hand #338 (id: ftbahs6loocx)  No Limit Texas Hold'em (dealer: ""the pho king @ gpP9uUffpu"") --",2026-08-28T03:25:46.051Z,178788754605100
"""LingWae @ FQN9hzhzP_"" shows a 8♣, 5♣.",2026-08-28T03:25:40.721Z,178788754072100
"-- ending hand #337 --",2026-08-28T03:25:39.474Z,178788753947402
"""the pho king @ gpP9uUffpu"" collected 172 from pot with Pair, 7's (combination: 9♣, 10♠, K♦, 7♥, 7♠)",2026-08-28T03:25:39.474Z,178788753947401
"""the pho king @ gpP9uUffpu"" shows a 4♠, 7♥.",2026-08-28T03:25:39.474Z,178788753947400
"""LingWae @ FQN9hzhzP_"" checks",2026-08-28T03:25:38.653Z,178788753865300
"""the pho king @ gpP9uUffpu"" checks",2026-08-28T03:25:36.925Z,178788753692500
"River: 10♠, 9♣, 7♠, 3♣ [K♦]",2026-08-28T03:25:36.301Z,178788753630100
"""LingWae @ FQN9hzhzP_"" checks",2026-08-28T03:25:35.493Z,178788753549300
"""the pho king @ gpP9uUffpu"" checks",2026-08-28T03:25:33.197Z,178788753319700
"Turn: 10♠, 9♣, 7♠ [3♣]",2026-08-28T03:25:32.441Z,178788753244100
"""the pho king @ gpP9uUffpu"" calls 36",2026-08-28T03:25:31.595Z,178788753159500
"""LingWae @ FQN9hzhzP_"" bets 36",2026-08-28T03:25:30.441Z,178788753044100
"""the pho king @ gpP9uUffpu"" checks",2026-08-28T03:25:24.826Z,178788752482600
"Flop:  [10♠, 9♣, 7♠]",2026-08-28T03:25:23.147Z,178788752314700
"""the pho king @ gpP9uUffpu"" calls 50",2026-08-28T03:25:22.327Z,178788752232700
"""LingWae @ FQN9hzhzP_"" raises to 50",2026-08-28T03:25:20.937Z,178788752093700
"""the pho king @ gpP9uUffpu"" posts a big blind of 20",2026-08-28T03:25:18.231Z,178788751823105
"""LingWae @ FQN9hzhzP_"" posts a small blind of 10",2026-08-28T03:25:18.231Z,178788751823104
"Your hand is 4♠, 7♥",2026-08-28T03:25:18.231Z,178788751823103
"Player stacks: #1 ""LingWae @ FQN9hzhzP_"" (3961) | #10 ""the pho king @ gpP9uUffpu"" (3039)",2026-08-28T03:25:18.231Z,178788751823101
"-- starting hand #337 (id: 5lgddfmhejbh)  No Limit Texas Hold'em (dealer: ""LingWae @ FQN9hzhzP_"") --",2026-08-28T03:25:18.231Z,178788751823100
"""LingWae @ FQN9hzhzP_"" shows a 2♣.",2026-08-28T03:25:12.976Z,178788751297600
"-- ending hand #336 --",2026-08-28T03:25:11.601Z,178788751160102
"""the pho king @ gpP9uUffpu"" collected 160 from pot with Pair, J's (combination: 5♣, Q♣, K♥, J♦, J♠)",2026-08-28T03:25:11.601Z,178788751160101
"""the pho king @ gpP9uUffpu"" shows a J♦, 4♠.",2026-08-28T03:25:11.601Z,178788751160100
"""LingWae @ FQN9hzhzP_"" calls 20",2026-08-28T03:25:10.701Z,178788751070100
"""the pho king @ gpP9uUffpu"" bets 20",2026-08-28T03:25:09.759Z,178788750975900
"""LingWae @ FQN9hzhzP_"" checks",2026-08-28T03:25:08.496Z,178788750849600
"River: J♠, 2♦, K♥, 5♣ [Q♣]",2026-08-28T03:25:06.795Z,178788750679500
"""the pho king @ gpP9uUffpu"" calls 20",2026-08-28T03:25:05.893Z,178788750589300
"""LingWae @ FQN9hzhzP_"" bets 20",2026-08-28T03:25:04.989Z,178788750498900
"Turn: J♠, 2♦, K♥ [5♣]",2026-08-28T03:25:03.797Z,178788750379700
"""the pho king @ gpP9uUffpu"" calls 20",2026-08-28T03:25:02.962Z,178788750296200
"""LingWae @ FQN9hzhzP_"" bets 20",2026-08-28T03:25:02.003Z,178788750200300
"Flop:  [J♠, 2♦, K♥]",2026-08-28T03:24:58.817Z,178788749881700
"""LingWae @ FQN9hzhzP_"" checks",2026-08-28T03:24:57.991Z,178788749799100
"""the pho king @ gpP9uUffpu"" calls 20",2026-08-28T03:24:56.494Z,178788749649400
"""LingWae @ FQN9hzhzP_"" posts a big blind of 20",2026-08-28T03:24:55.413Z,178788749541305
"""the pho king @ gpP9uUffpu"" posts a small blind of 10",2026-08-28T03:24:55.413Z,178788749541304
"Your hand is J♦, 4♠",2026-08-28T03:24:55.413Z,178788749541303
"Player stacks: #1 ""LingWae @ FQN9hzhzP_"" (4041) | #10 ""the pho king @ gpP9uUffpu"" (2959)",2026-08-28T03:24:55.413Z,178788749541301
"-- starting hand #336 (id: 018yissol4ni)  No Limit Texas Hold'em (dealer: ""the pho king @ gpP9uUffpu"") --",2026-08-28T03:24:55.413Z,178788749541300
"Undealt cards:  [6♠, 2♦, 8♠, A♣, 4♠]",2026-08-28T03:24:53.751Z,178788749375100
"""LingWae @ FQN9hzhzP_"" shows a J♠.",2026-08-28T03:24:51.080Z,178788749108000
"""LingWae @ FQN9hzhzP_"" shows a 3♣.",2026-08-28T03:24:50.849Z,178788749084900
"-- ending hand #335 --",2026-08-28T03:24:48.770Z,178788748877002
"""the pho king @ gpP9uUffpu"" collected 20 from pot",2026-08-28T03:24:48.770Z,178788748877001
"Uncalled bet of 10 returned to ""the pho king @ gpP9uUffpu""",2026-08-28T03:24:48.770Z,178788748877000
"""LingWae @ FQN9hzhzP_"" folds",2026-08-28T03:24:47.882Z,178788748788200
"""the pho king @ gpP9uUffpu"" posts a big blind of 20",2026-08-28T03:24:45.572Z,178788748557205
"""LingWae @ FQN9hzhzP_"" posts a small blind of 10",2026-08-28T03:24:45.572Z,178788748557204
"Player stacks: #1 ""LingWae @ FQN9hzhzP_"" (4051) | #10 ""the pho king @ gpP9uUffpu"" (2949)",2026-08-28T03:24:45.572Z,178788748557201
"-- starting hand #335 (id: u7yxcfm23hif)  No Limit Texas Hold'em (dealer: ""LingWae @ FQN9hzhzP_"") --",2026-08-28T03:24:45.572Z,178788748557200
"""LingWae @ FQN9hzhzP_"" shows a Q♥, 8♠.",2026-08-28T03:24:41.449Z,178788748144900
"""the pho king @ gpP9uUffpu"" shows a 7♥.",2026-08-28T03:24:41.107Z,178788748110700
"Undealt cards: 4♦, 3♦, 10♣ [K♣, 2♦]",2026-08-28T03:24:39.458Z,178788747945800
"""the pho king @ gpP9uUffpu"" shows a 6♣.",2026-08-28T03:24:38.552Z,178788747855200
"-- ending hand #334 --",2026-08-28T03:24:38.239Z,178788747823901
"""the pho king @ gpP9uUffpu"" collected 120 from pot",2026-08-28T03:24:38.239Z,178788747823900
"""LingWae @ FQN9hzhzP_"" folds",2026-08-28T03:24:37.421Z,178788747742100
"Flop:  [4♦, 3♦, 10♣]",2026-08-28T03:24:34.760Z,178788747476000
"""LingWae @ FQN9hzhzP_"" calls 60",2026-08-28T03:24:33.853Z,178788747385300
"""the pho king @ gpP9uUffpu"" raises to 60",2026-08-28T03:24:32.868Z,178788747286800
"""LingWae @ FQN9hzhzP_"" posts a big blind of 20",2026-08-28T03:24:31.552Z,178788747155205
"""the pho king @ gpP9uUffpu"" posts a small blind of 10",2026-08-28T03:24:31.552Z,178788747155204
"Player stacks: #1 ""LingWae @ FQN9hzhzP_"" (4111) | #10 ""the pho king @ gpP9uUffpu"" (2889)",2026-08-28T03:24:31.552Z,178788747155201
"-- starting hand #334 (id: bc2l4w1yaero)  No Limit Texas Hold'em (dealer: ""the pho king @ gpP9uUffpu"") --",2026-08-28T03:24:31.552Z,178788747155200
"""LingWae @ FQN9hzhzP_"" shows a 10♠, J♥.",2026-08-28T03:24:28.729Z,178788746872900
"-- ending hand #333 --",2026-08-28T03:24:25.001Z,178788746500102
"""the pho king @ gpP9uUffpu"" collected 468 from pot with Full House, Q's over A's (combination: A♠, A♣, Q♠, Q♣, Q♦)",2026-08-28T03:24:25.001Z,178788746500101
"""the pho king @ gpP9uUffpu"" shows a Q♠, A♠.",2026-08-28T03:24:25.001Z,178788746500100
"""LingWae @ FQN9hzhzP_"" calls 67",2026-08-28T03:24:24.195Z,178788746419500
"""the pho king @ gpP9uUffpu"" bets 67",2026-08-28T03:24:22.861Z,178788746286100
"River: 2♦, Q♣, 4♠, Q♦ [A♣]",2026-08-28T03:24:18.144Z,178788745814400
"""LingWae @ FQN9hzhzP_"" checks",2026-08-28T03:24:17.243Z,178788745724300
"""the pho king @ gpP9uUffpu"" checks",2026-08-28T03:24:16.317Z,178788745631700
"Turn: 2♦, Q♣, 4♠ [Q♦]",2026-08-28T03:24:14.337Z,178788745433700
"""LingWae @ FQN9hzhzP_"" checks",2026-08-28T03:24:13.436Z,178788745343600
"""the pho king @ gpP9uUffpu"" checks",2026-08-28T03:24:12.486Z,178788745248600
"Flop:  [2♦, Q♣, 4♠]",2026-08-28T03:24:10.933Z,178788745093300
"""LingWae @ FQN9hzhzP_"" calls 167",2026-08-28T03:24:10.103Z,178788745010300
"""the pho king @ gpP9uUffpu"" raises to 167",2026-08-28T03:24:07.156Z,178788744715600
"""LingWae @ FQN9hzhzP_"" raises to 67",2026-08-28T03:24:03.655Z,178788744365500
"""the pho king @ gpP9uUffpu"" posts a big blind of 20",2026-08-28T03:23:52.901Z,178788743290105
"""LingWae @ FQN9hzhzP_"" posts a small blind of 10",2026-08-28T03:23:52.901Z,178788743290104
"Your hand is Q♠, A♠",2026-08-28T03:23:52.901Z,178788743290103
"Player stacks: #1 ""LingWae @ FQN9hzhzP_"" (4345) | #10 ""the pho king @ gpP9uUffpu"" (2655)",2026-08-28T03:23:52.901Z,178788743290101
"-- starting hand #333 (id: ohezixsscbfs)  No Limit Texas Hold'em (dealer: ""LingWae @ FQN9hzhzP_"") --",2026-08-28T03:23:52.901Z,178788743290100
"""the pho king @ gpP9uUffpu"" shows a 8♠, Q♣.",2026-08-28T03:23:50.454Z,178788743045400
"""LingWae @ FQN9hzhzP_"" shows a J♠, A♠.",2026-08-28T03:23:46.344Z,178788742634400
"Undealt cards:  [Q♦, 10♦, 10♠, K♥, 9♠]",2026-08-28T03:23:45.807Z,178788742580700
"-- ending hand #332 --",2026-08-28T03:23:45.593Z,178788742559302
"""LingWae @ FQN9hzhzP_"" collected 120 from pot",2026-08-28T03:23:45.593Z,178788742559301
"Uncalled bet of 120 returned to ""LingWae @ FQN9hzhzP_""",2026-08-28T03:23:45.593Z,178788742559300
"""the pho king @ gpP9uUffpu"" folds",2026-08-28T03:23:44.763Z,178788742476300
"""LingWae @ FQN9hzhzP_"" raises to 180",2026-08-28T03:23:35.327Z,178788741532700
"""the pho king @ gpP9uUffpu"" raises to 60",2026-08-28T03:23:32.967Z,178788741296700
"""LingWae @ FQN9hzhzP_"" posts a big blind of 20",2026-08-28T03:23:30.578Z,178788741057805
"""the pho king @ gpP9uUffpu"" posts a small blind of 10",2026-08-28T03:23:30.578Z,178788741057804
"Your hand is 8♠, Q♣",2026-08-28T03:23:30.578Z,178788741057803
"Player stacks: #1 ""LingWae @ FQN9hzhzP_"" (4285) | #10 ""the pho king @ gpP9uUffpu"" (2715)",2026-08-28T03:23:30.578Z,178788741057801
"-- starting hand #332 (id: 4opwijpdiacl)  No Limit Texas Hold'em (dealer: ""the pho king @ gpP9uUffpu"") --",2026-08-28T03:23:30.578Z,178788741057800
"-- ending hand #331 --",2026-08-28T03:23:24.572Z,178788740457202
"""the pho king @ gpP9uUffpu"" collected 40 from pot with Two Pair, J's & 7's (combination: K♠, 7♥, 7♠, J♦, J♠)",2026-08-28T03:23:24.572Z,178788740457201
"""the pho king @ gpP9uUffpu"" shows a J♦, 7♥.",2026-08-28T03:23:24.572Z,178788740457200
"""LingWae @ FQN9hzhzP_"" checks",2026-08-28T03:23:23.712Z,178788740371200
"""the pho king @ gpP9uUffpu"" checks",2026-08-28T03:23:21.372Z,178788740137200
"River: 7♠, 4♣, K♠, J♠ [10♠]",2026-08-28T03:23:20.885Z,178788740088500
"""LingWae @ FQN9hzhzP_"" checks",2026-08-28T03:23:20.077Z,178788740007700
"""the pho king @ gpP9uUffpu"" checks",2026-08-28T03:23:18.308Z,178788739830800
"Turn: 7♠, 4♣, K♠ [J♠]",2026-08-28T03:23:16.883Z,178788739688300
"""LingWae @ FQN9hzhzP_"" checks",2026-08-28T03:23:16.068Z,178788739606800
"""the pho king @ gpP9uUffpu"" checks",2026-08-28T03:23:14.716Z,178788739471600
"Flop:  [7♠, 4♣, K♠]",2026-08-28T03:23:02.847Z,178788738284700
"""the pho king @ gpP9uUffpu"" checks",2026-08-28T03:23:02.011Z,178788738201100
"""LingWae @ FQN9hzhzP_"" calls 20",2026-08-28T03:22:57.709Z,178788737770900
"""the pho king @ gpP9uUffpu"" posts a big blind of 20",2026-08-28T03:22:51.897Z,178788737189705
"""LingWae @ FQN9hzhzP_"" posts a small blind of 10",2026-08-28T03:22:51.897Z,178788737189704
"Your hand is J♦, 7♥",2026-08-28T03:22:51.897Z,178788737189703
"Player stacks: #1 ""LingWae @ FQN9hzhzP_"" (4305) | #10 ""the pho king @ gpP9uUffpu"" (2695)",2026-08-28T03:22:51.897Z,178788737189701
"-- starting hand #331 (id: 0fverv8plvi5)  No Limit Texas Hold'em (dealer: ""LingWae @ FQN9hzhzP_"") --",2026-08-28T03:22:51.897Z,178788737189700
"""LingWae @ FQN9hzhzP_"" shows a 7♠, 6♥.",2026-08-28T03:22:48.110Z,178788736811000
"""the pho king @ gpP9uUffpu"" shows a A♣, K♣.",2026-08-28T03:22:47.812Z,178788736781200
"-- ending hand #330 --",2026-08-28T03:22:47.578Z,178788736757802
"""LingWae @ FQN9hzhzP_"" collected 192 from pot",2026-08-28T03:22:47.578Z,178788736757801
"Uncalled bet of 167 returned to ""LingWae @ FQN9hzhzP_""",2026-08-28T03:22:47.578Z,178788736757800
"""the pho king @ gpP9uUffpu"" folds",2026-08-28T03:22:46.715Z,178788736671500
"""LingWae @ FQN9hzhzP_"" bets 167",2026-08-28T03:22:45.758Z,178788736575800
"River: 9♦, 5♠, 3♣, Q♥ [4♥]",2026-08-28T03:22:36.233Z,178788735623300
"""the pho king @ gpP9uUffpu"" checks",2026-08-28T03:22:35.430Z,178788735543000
"""LingWae @ FQN9hzhzP_"" checks",2026-08-28T03:22:34.515Z,178788735451500
"Turn: 9♦, 5♠, 3♣ [Q♥]",2026-08-28T03:22:33.208Z,178788735320800
"""the pho king @ gpP9uUffpu"" calls 36",2026-08-28T03:22:32.368Z,178788735236800
"""LingWae @ FQN9hzhzP_"" bets 36",2026-08-28T03:22:31.436Z,178788735143600
"Flop:  [9♦, 5♠, 3♣]",2026-08-28T03:22:26.901Z,178788734690100
"""LingWae @ FQN9hzhzP_"" calls 60",2026-08-28T03:22:26.087Z,178788734608700
"""the pho king @ gpP9uUffpu"" raises to 60",2026-08-28T03:22:20.208Z,178788734020800
"""LingWae @ FQN9hzhzP_"" posts a big blind of 20",2026-08-28T03:22:18.596Z,178788733859605
"""the pho king @ gpP9uUffpu"" posts a small blind of 10",2026-08-28T03:22:18.596Z,178788733859604
"Your hand is A♣, K♣",2026-08-28T03:22:18.596Z,178788733859603
"Player stacks: #1 ""LingWae @ FQN9hzhzP_"" (4209) | #10 ""the pho king @ gpP9uUffpu"" (2791)",2026-08-28T03:22:18.596Z,178788733859601
"-- starting hand #330 (id: c7i0nqu26qu4)  No Limit Texas Hold'em (dealer: ""the pho king @ gpP9uUffpu"") --",2026-08-28T03:22:18.596Z,178788733859600
"""the pho king @ gpP9uUffpu"" shows a Q♦.",2026-08-28T03:22:13.773Z,178788733377300
"-- ending hand #329 --",2026-08-28T03:22:12.091Z,178788733209102
"""LingWae @ FQN9hzhzP_"" collected 722 from pot with Straight, Q High (combination: 8♣, 9♣, 10♣, J♥, Q♠)",2026-08-28T03:22:12.091Z,178788733209101
"""LingWae @ FQN9hzhzP_"" shows a 10♣, 9♣.",2026-08-28T03:22:12.091Z,178788733209100
"""the pho king @ gpP9uUffpu"" calls 167",2026-08-28T03:22:11.266Z,178788733126600
"""LingWae @ FQN9hzhzP_"" bets 167",2026-08-28T03:22:10.349Z,178788733034900
"""the pho king @ gpP9uUffpu"" checks",2026-08-28T03:22:07.944Z,178788732794400
"River: 5♣, Q♠, 8♣, J♠ [J♥]",2026-08-28T03:22:06.684Z,178788732668400
"""the pho king @ gpP9uUffpu"" calls 67",2026-08-28T03:22:05.877Z,178788732587700
"""LingWae @ FQN9hzhzP_"" bets 67",2026-08-28T03:22:04.921Z,178788732492100
"""the pho king @ gpP9uUffpu"" checks",2026-08-28T03:22:02.266Z,178788732226600
"Turn: 5♣, Q♠, 8♣ [J♠]",2026-08-28T03:22:01.238Z,178788732123800
"""the pho king @ gpP9uUffpu"" calls 67",2026-08-28T03:22:00.403Z,178788732040300
"""LingWae @ FQN9hzhzP_"" bets 67",2026-08-28T03:21:59.198Z,178788731919800
"""the pho king @ gpP9uUffpu"" checks",2026-08-28T03:21:56.440Z,178788731644000
"Flop:  [5♣, Q♠, 8♣]",2026-08-28T03:21:55.442Z,178788731544200
"""the pho king @ gpP9uUffpu"" calls 60",2026-08-28T03:21:54.629Z,178788731462900
"""LingWae @ FQN9hzhzP_"" raises to 60",2026-08-28T03:21:53.641Z,178788731364100
"""the pho king @ gpP9uUffpu"" posts a big blind of 20",2026-08-28T03:21:48.989Z,178788730898905
"""LingWae @ FQN9hzhzP_"" posts a small blind of 10",2026-08-28T03:21:48.989Z,178788730898904
"Player stacks: #1 ""LingWae @ FQN9hzhzP_"" (3848) | #10 ""the pho king @ gpP9uUffpu"" (3152)",2026-08-28T03:21:48.989Z,178788730898901
"-- starting hand #329 (id: eepz1bw6zkh9)  No Limit Texas Hold'em (dealer: ""LingWae @ FQN9hzhzP_"") --",2026-08-28T03:21:48.989Z,178788730898900
"""LingWae @ FQN9hzhzP_"" shows a 3♥.",2026-08-28T03:21:46.785Z,178788730678500
"-- ending hand #328 --",2026-08-28T03:21:45.368Z,178788730536802
"""the pho king @ gpP9uUffpu"" collected 908 from pot",2026-08-28T03:21:45.368Z,178788730536801
"Uncalled bet of 300 returned to ""the pho king @ gpP9uUffpu""",2026-08-28T03:21:45.368Z,178788730536800
"""LingWae @ FQN9hzhzP_"" folds",2026-08-28T03:21:44.520Z,178788730452000
"""the pho king @ gpP9uUffpu"" bets 300",2026-08-28T03:21:43.192Z,178788730319200
"""LingWae @ FQN9hzhzP_"" checks",2026-08-28T03:21:38.724Z,178788729872400
"River: 3♠, 8♣, J♣, 7♠ [7♣]",2026-08-28T03:21:36.962Z,178788729696200
"""LingWae @ FQN9hzhzP_"" calls 140",2026-08-28T03:21:36.137Z,178788729613700
"""the pho king @ gpP9uUffpu"" bets 140",2026-08-28T03:21:34.810Z,178788729481000
"""LingWae @ FQN9hzhzP_"" checks",2026-08-28T03:21:32.498Z,178788729249800
"Turn: 3♠, 8♣, J♣ [7♠]",2026-08-28T03:21:29.865Z,178788728986500
"""LingWae @ FQN9hzhzP_"" calls 134",2026-08-28T03:21:29.015Z,178788728901500
"""the pho king @ gpP9uUffpu"" raises to 134",2026-08-28T03:21:27.864Z,178788728786400
"""LingWae @ FQN9hzhzP_"" bets 67",2026-08-28T03:21:26.092Z,178788728609200
"Flop:  [3♠, 8♣, J♣]",2026-08-28T03:21:20.037Z,178788728003700
"""the pho king @ gpP9uUffpu"" calls 180",2026-08-28T03:21:19.202Z,178788727920200
"""LingWae @ FQN9hzhzP_"" raises to 180",2026-08-28T03:21:18.122Z,178788727812200
"""the pho king @ gpP9uUffpu"" raises to 60",2026-08-28T03:21:12.691Z,178788727269100
"""LingWae @ FQN9hzhzP_"" posts a big blind of 20",2026-08-28T03:21:11.167Z,178788727116705
"""the pho king @ gpP9uUffpu"" posts a small blind of 10",2026-08-28T03:21:11.167Z,178788727116704
"Player stacks: #1 ""LingWae @ FQN9hzhzP_"" (4302) | #10 ""the pho king @ gpP9uUffpu"" (2698)",2026-08-28T03:21:11.167Z,178788727116701
"-- starting hand #328 (id: hhnpetndmng5)  No Limit Texas Hold'em (dealer: ""the pho king @ gpP9uUffpu"") --",2026-08-28T03:21:11.167Z,178788727116700
"""LingWae @ FQN9hzhzP_"" shows a 9♠, 3♦.",2026-08-28T03:21:08.221Z,178788726822100
"Undealt cards:  [4♥, K♣, 8♥, 8♦, 6♠]",2026-08-28T03:21:04.932Z,178788726493200
"-- ending hand #327 --",2026-08-28T03:21:04.556Z,178788726455602
"""the pho king @ gpP9uUffpu"" collected 40 from pot",2026-08-28T03:21:04.556Z,178788726455601
"Uncalled bet of 40 returned to ""the pho king @ gpP9uUffpu""",2026-08-28T03:21:04.556Z,178788726455600
"""LingWae @ FQN9hzhzP_"" folds",2026-08-28T03:21:03.750Z,178788726375000
"""the pho king @ gpP9uUffpu"" raises to 60",2026-08-28T03:21:02.175Z,178788726217500
"""LingWae @ FQN9hzhzP_"" calls 20",2026-08-28T03:20:59.912Z,178788725991200
"""the pho king @ gpP9uUffpu"" posts a big blind of 20",2026-08-28T03:20:58.652Z,178788725865205
"""LingWae @ FQN9hzhzP_"" posts a small blind of 10",2026-08-28T03:20:58.652Z,178788725865204
"Player stacks: #1 ""LingWae @ FQN9hzhzP_"" (4322) | #10 ""the pho king @ gpP9uUffpu"" (2678)",2026-08-28T03:20:58.652Z,178788725865201
"-- starting hand #327 (id: wkiohhfghnbl)  No Limit Texas Hold'em (dealer: ""LingWae @ FQN9hzhzP_"") --",2026-08-28T03:20:58.652Z,178788725865200
"-- ending hand #326 --",2026-08-28T03:20:52.645Z,178788725264503
"""the pho king @ gpP9uUffpu"" collected 80 from pot with Pair, 2's (combination: 8♥, Q♥, K♦, 2♥, 2♦)",2026-08-28T03:20:52.645Z,178788725264502
"""the pho king @ gpP9uUffpu"" shows a 2♥, 4♠.",2026-08-28T03:20:52.645Z,178788725264501
"""LingWae @ FQN9hzhzP_"" shows a 10♠, A♥.",2026-08-28T03:20:52.645Z,178788725264500
"""the pho king @ gpP9uUffpu"" checks",2026-08-28T03:20:51.743Z,178788725174300
"""LingWae @ FQN9hzhzP_"" checks",2026-08-28T03:20:50.833Z,178788725083300
"River: 8♥, 2♦, 7♣, Q♥ [K♦]",2026-08-28T03:20:48.872Z,178788724887200
"""the pho king @ gpP9uUffpu"" calls 20",2026-08-28T03:20:48.042Z,178788724804200
"""LingWae @ FQN9hzhzP_"" bets 20",2026-08-28T03:20:47.019Z,178788724701900
"Turn: 8♥, 2♦, 7♣ [Q♥]",2026-08-28T03:20:45.044Z,178788724504400
"""the pho king @ gpP9uUffpu"" checks",2026-08-28T03:20:44.178Z,178788724417800
"""LingWae @ FQN9hzhzP_"" checks",2026-08-28T03:20:43.278Z,178788724327800
"Flop:  [8♥, 2♦, 7♣]",2026-08-28T03:20:41.265Z,178788724126500
"""LingWae @ FQN9hzhzP_"" checks",2026-08-28T03:20:40.446Z,178788724044600
"""the pho king @ gpP9uUffpu"" calls 20",2026-08-28T03:20:24.671Z,178788722467100
"""LingWae @ FQN9hzhzP_"" posts a big blind of 20",2026-08-28T03:20:23.645Z,178788722364505
"""the pho king @ gpP9uUffpu"" posts a small blind of 10",2026-08-28T03:20:23.645Z,178788722364504
"Your hand is 2♥, 4♠",2026-08-28T03:20:23.645Z,178788722364503
"Player stacks: #1 ""LingWae @ FQN9hzhzP_"" (4362) | #10 ""the pho king @ gpP9uUffpu"" (2638)",2026-08-28T03:20:23.645Z,178788722364501
"-- starting hand #326 (id: uy797b1xeqht)  No Limit Texas Hold'em (dealer: ""the pho king @ gpP9uUffpu"") --",2026-08-28T03:20:23.645Z,178788722364500
"""LingWae @ FQN9hzhzP_"" shows a 7♣, 9♣.",2026-08-28T03:20:21.858Z,178788722185800
"-- ending hand #325 --",2026-08-28T03:20:20.001Z,178788722000102
"""LingWae @ FQN9hzhzP_"" collected 288 from pot",2026-08-28T03:20:20.001Z,178788722000101
"Uncalled bet of 167 returned to ""LingWae @ FQN9hzhzP_""",2026-08-28T03:20:20.001Z,178788722000100
"""the pho king @ gpP9uUffpu"" folds",2026-08-28T03:20:19.159Z,178788721915900
"""LingWae @ FQN9hzhzP_"" bets 167",2026-08-28T03:20:17.334Z,178788721733400
"""the pho king @ gpP9uUffpu"" checks",2026-08-28T03:20:14.511Z,178788721451100
"River: J♠, 10♣, 8♣, 5♣ [5♦]",2026-08-28T03:20:13.791Z,178788721379100
"""the pho king @ gpP9uUffpu"" calls 48",2026-08-28T03:20:12.887Z,178788721288700
"""LingWae @ FQN9hzhzP_"" bets 48",2026-08-28T03:20:11.965Z,178788721196500
"""the pho king @ gpP9uUffpu"" checks",2026-08-28T03:20:06.013Z,178788720601300
"Turn: J♠, 10♣, 8♣ [5♣]",2026-08-28T03:20:04.978Z,178788720497800
"""the pho king @ gpP9uUffpu"" calls 36",2026-08-28T03:20:04.067Z,178788720406700
"""LingWae @ FQN9hzhzP_"" bets 36",2026-08-28T03:20:03.114Z,178788720311400
"""the pho king @ gpP9uUffpu"" checks",2026-08-28T03:19:57.363Z,178788719736300
"Flop:  [J♠, 10♣, 8♣]",2026-08-28T03:19:55.474Z,178788719547400
"""LingWae @ FQN9hzhzP_"" calls 60",2026-08-28T03:19:54.623Z,178788719462300
"""the pho king @ gpP9uUffpu"" raises to 60",2026-08-28T03:19:53.713Z,178788719371300
"""LingWae @ FQN9hzhzP_"" calls 20",2026-08-28T03:19:52.210Z,178788719221000
"""the pho king @ gpP9uUffpu"" posts a big blind of 20",2026-08-28T03:19:50.766Z,178788719076605
"""LingWae @ FQN9hzhzP_"" posts a small blind of 10",2026-08-28T03:19:50.766Z,178788719076604
"Player stacks: #1 ""LingWae @ FQN9hzhzP_"" (4218) | #10 ""the pho king @ gpP9uUffpu"" (2782)",2026-08-28T03:19:50.766Z,178788719076601
"-- starting hand #325 (id: 2h4hfpowuqpg)  No Limit Texas Hold'em (dealer: ""LingWae @ FQN9hzhzP_"") --",2026-08-28T03:19:50.766Z,178788719076600
"""the pho king @ gpP9uUffpu"" shows a J♥, 9♠.",2026-08-28T03:19:48.414Z,178788718841400
"""LingWae @ FQN9hzhzP_"" shows a 8♥.",2026-08-28T03:19:46.715Z,178788718671500
"Undealt cards:  [5♦, 2♠, 9♥, Q♣, 5♣]",2026-08-28T03:19:43.769Z,178788718376900
"-- ending hand #324 --",2026-08-28T03:19:43.463Z,178788718346302
"""the pho king @ gpP9uUffpu"" collected 40 from pot",2026-08-28T03:19:43.463Z,178788718346301
"Uncalled bet of 40 returned to ""the pho king @ gpP9uUffpu""",2026-08-28T03:19:43.463Z,178788718346300
"""LingWae @ FQN9hzhzP_"" folds",2026-08-28T03:19:42.637Z,178788718263700
"""the pho king @ gpP9uUffpu"" raises to 60",2026-08-28T03:19:41.170Z,178788718117000
"""LingWae @ FQN9hzhzP_"" posts a big blind of 20",2026-08-28T03:19:39.060Z,178788717906005
"""the pho king @ gpP9uUffpu"" posts a small blind of 10",2026-08-28T03:19:39.060Z,178788717906004
"Your hand is J♥, 9♠",2026-08-28T03:19:39.060Z,178788717906003
"Player stacks: #1 ""LingWae @ FQN9hzhzP_"" (4238) | #10 ""the pho king @ gpP9uUffpu"" (2762)",2026-08-28T03:19:39.060Z,178788717906001
"-- starting hand #324 (id: eydwyx55adgv)  No Limit Texas Hold'em (dealer: ""the pho king @ gpP9uUffpu"") --",2026-08-28T03:19:39.060Z,178788717906000
"-- ending hand #323 --",2026-08-28T03:19:32.958Z,178788717295804
"""the pho king @ gpP9uUffpu"" collected 92 from pot with Pair, J's (combination: 7♣, Q♥, A♥, J♦, J♥)",2026-08-28T03:19:32.958Z,178788717295803
"""LingWae @ FQN9hzhzP_"" collected 92 from pot with Pair, J's (combination: 7♣, Q♥, A♥, J♠, J♥)",2026-08-28T03:19:32.958Z,178788717295802
"""LingWae @ FQN9hzhzP_"" shows a J♠, 6♥.",2026-08-28T03:19:32.958Z,178788717295801
"""the pho king @ gpP9uUffpu"" shows a J♦, 3♠.",2026-08-28T03:19:32.958Z,178788717295800
"""LingWae @ FQN9hzhzP_"" checks",2026-08-28T03:19:32.147Z,178788717214700
"""the pho king @ gpP9uUffpu"" checks",2026-08-28T03:19:31.218Z,178788717121800
"River: 2♣, J♥, A♥, Q♥ [7♣]",2026-08-28T03:19:30.445Z,178788717044500
"""the pho king @ gpP9uUffpu"" calls 36",2026-08-28T03:19:29.610Z,178788716961000
"""LingWae @ FQN9hzhzP_"" bets 36",2026-08-28T03:19:28.694Z,178788716869400
"""the pho king @ gpP9uUffpu"" checks",2026-08-28T03:19:25.729Z,178788716572900
"Turn: 2♣, J♥, A♥ [Q♥]",2026-08-28T03:19:25.241Z,178788716524100
"""the pho king @ gpP9uUffpu"" calls 36",2026-08-28T03:19:24.371Z,178788716437100
"""LingWae @ FQN9hzhzP_"" bets 36",2026-08-28T03:19:23.466Z,178788716346600
"""the pho king @ gpP9uUffpu"" checks",2026-08-28T03:19:17.367Z,178788715736700
"Flop:  [2♣, J♥, A♥]",2026-08-28T03:19:16.456Z,178788715645600
"""the pho king @ gpP9uUffpu"" checks",2026-08-28T03:19:15.635Z,178788715563500
"""LingWae @ FQN9hzhzP_"" calls 20",2026-08-28T03:19:14.687Z,178788715468700
"""the pho king @ gpP9uUffpu"" posts a big blind of 20",2026-08-28T03:19:13.442Z,178788715344205
"""LingWae @ FQN9hzhzP_"" posts a small blind of 10",2026-08-28T03:19:13.442Z,178788715344204
"Your hand is J♦, 3♠",2026-08-28T03:19:13.442Z,178788715344203
"Player stacks: #1 ""LingWae @ FQN9hzhzP_"" (4238) | #10 ""the pho king @ gpP9uUffpu"" (2762)",2026-08-28T03:19:13.442Z,178788715344201
"-- starting hand #323 (id: hcaze7cozipu)  No Limit Texas Hold'em (dealer: ""LingWae @ FQN9hzhzP_"") --",2026-08-28T03:19:13.442Z,178788715344200
"""the pho king @ gpP9uUffpu"" shows a 10♥, 3♥.",2026-08-28T03:19:07.864Z,178788714786400
"Undealt cards: 9♥, 6♦, Q♣, 10♠ [A♠]",2026-08-28T03:19:07.291Z,178788714729100
"-- ending hand #322 --",2026-08-28T03:19:06.838Z,178788714683801
"""the pho king @ gpP9uUffpu"" collected 80 from pot",2026-08-28T03:19:06.838Z,178788714683800
"""LingWae @ FQN9hzhzP_"" folds",2026-08-28T03:19:06.014Z,178788714601400
"Turn: 9♥, 6♦, Q♣ [10♠]",2026-08-28T03:19:03.799Z,178788714379900
"""the pho king @ gpP9uUffpu"" checks",2026-08-28T03:19:02.984Z,178788714298400
"""LingWae @ FQN9hzhzP_"" checks",2026-08-28T03:19:02.052Z,178788714205200
"Flop:  [9♥, 6♦, Q♣]",2026-08-28T03:19:00.098Z,178788714009800
"""LingWae @ FQN9hzhzP_"" calls 40",2026-08-28T03:18:59.218Z,178788713921800
"""the pho king @ gpP9uUffpu"" raises to 40",2026-08-28T03:18:58.185Z,178788713818500
"""LingWae @ FQN9hzhzP_"" posts a big blind of 20",2026-08-28T03:18:56.731Z,178788713673105
"""the pho king @ gpP9uUffpu"" posts a small blind of 10",2026-08-28T03:18:56.731Z,178788713673104
"Your hand is 10♥, 3♥",2026-08-28T03:18:56.731Z,178788713673103
"Player stacks: #1 ""LingWae @ FQN9hzhzP_"" (4278) | #10 ""the pho king @ gpP9uUffpu"" (2722)",2026-08-28T03:18:56.731Z,178788713673101
"-- starting hand #322 (id: gsmvogzkebf0)  No Limit Texas Hold'em (dealer: ""the pho king @ gpP9uUffpu"") --",2026-08-28T03:18:56.731Z,178788713673100
"""LingWae @ FQN9hzhzP_"" shows a Q♦, 5♥.",2026-08-28T03:18:53.270Z,178788713327000
"""the pho king @ gpP9uUffpu"" shows a 9♥, 8♥.",2026-08-28T03:18:51.931Z,178788713193100
"Undealt cards:  [A♥, 6♥, 9♦, 8♦, 2♣]",2026-08-28T03:18:50.044Z,178788713004400
"-- ending hand #321 --",2026-08-28T03:18:49.367Z,178788712936702
"""the pho king @ gpP9uUffpu"" collected 40 from pot",2026-08-28T03:18:49.367Z,178788712936701
"Uncalled bet of 40 returned to ""the pho king @ gpP9uUffpu""",2026-08-28T03:18:49.367Z,178788712936700
"""LingWae @ FQN9hzhzP_"" folds",2026-08-28T03:18:48.555Z,178788712855500
"""the pho king @ gpP9uUffpu"" raises to 60",2026-08-28T03:18:47.550Z,178788712755000
"""LingWae @ FQN9hzhzP_"" calls 20",2026-08-28T03:18:45.619Z,178788712561900
"""the pho king @ gpP9uUffpu"" posts a big blind of 20",2026-08-28T03:18:43.219Z,178788712321905
"""LingWae @ FQN9hzhzP_"" posts a small blind of 10",2026-08-28T03:18:43.219Z,178788712321904
"Your hand is 9♥, 8♥",2026-08-28T03:18:43.219Z,178788712321903
"Player stacks: #1 ""LingWae @ FQN9hzhzP_"" (4298) | #10 ""the pho king @ gpP9uUffpu"" (2702)",2026-08-28T03:18:43.219Z,178788712321901
"-- starting hand #321 (id: 9n3q6k3fwwhs)  No Limit Texas Hold'em (dealer: ""LingWae @ FQN9hzhzP_"") --",2026-08-28T03:18:43.219Z,178788712321900
"""the pho king @ gpP9uUffpu"" shows a 7♦.",2026-08-28T03:18:39.532Z,178788711953200
"Undealt cards: 3♠, Q♥, 6♦ [10♦, A♦]",2026-08-28T03:18:36.913Z,178788711691300
"-- ending hand #320 --",2026-08-28T03:18:36.613Z,178788711661302
"""the pho king @ gpP9uUffpu"" collected 80 from pot",2026-08-28T03:18:36.613Z,178788711661301
"Uncalled bet of 40 returned to ""the pho king @ gpP9uUffpu""",2026-08-28T03:18:36.613Z,178788711661300
"""LingWae @ FQN9hzhzP_"" folds",2026-08-28T03:18:35.801Z,178788711580100
"""the pho king @ gpP9uUffpu"" bets 40",2026-08-28T03:18:34.847Z,178788711484700
"""LingWae @ FQN9hzhzP_"" checks",2026-08-28T03:18:33.327Z,178788711332700
"Flop:  [3♠, Q♥, 6♦]",2026-08-28T03:18:29.783Z,178788710978300
"""LingWae @ FQN9hzhzP_"" calls 40",2026-08-28T03:18:28.942Z,178788710894200
"""the pho king @ gpP9uUffpu"" raises to 40",2026-08-28T03:18:28.009Z,178788710800900
"""LingWae @ FQN9hzhzP_"" posts a big blind of 20",2026-08-28T03:18:26.736Z,178788710673605
"""the pho king @ gpP9uUffpu"" posts a small blind of 10",2026-08-28T03:18:26.736Z,178788710673604
"Player stacks: #1 ""LingWae @ FQN9hzhzP_"" (4338) | #10 ""the pho king @ gpP9uUffpu"" (2662)",2026-08-28T03:18:26.736Z,178788710673601
"-- starting hand #320 (id: exoqya0hvezf)  No Limit Texas Hold'em (dealer: ""the pho king @ gpP9uUffpu"") --",2026-08-28T03:18:26.736Z,178788710673600
"""LingWae @ FQN9hzhzP_"" shows a 9♦.",2026-08-28T03:18:24.869Z,178788710486900
"-- ending hand #319 --",2026-08-28T03:18:23.098Z,178788710309802
"""the pho king @ gpP9uUffpu"" collected 112 from pot",2026-08-28T03:18:23.098Z,178788710309801
"Uncalled bet of 112 returned to ""the pho king @ gpP9uUffpu""",2026-08-28T03:18:23.098Z,178788710309800
"""LingWae @ FQN9hzhzP_"" folds",2026-08-28T03:18:22.283Z,178788710228300
"""the pho king @ gpP9uUffpu"" bets 112",2026-08-28T03:18:21.342Z,178788710134200
"River: K♣, 4♥, 2♥, 3♦ [2♦]",2026-08-28T03:18:18.883Z,178788709888300
"""the pho king @ gpP9uUffpu"" calls 36",2026-08-28T03:18:18.046Z,178788709804600
"""LingWae @ FQN9hzhzP_"" bets 36",2026-08-28T03:18:17.131Z,178788709713100
"""the pho king @ gpP9uUffpu"" checks",2026-08-28T03:18:13.289Z,178788709328900
"Turn: K♣, 4♥, 2♥ [3♦]",2026-08-28T03:18:12.582Z,178788709258200
"""LingWae @ FQN9hzhzP_"" checks",2026-08-28T03:18:11.767Z,178788709176700
"""the pho king @ gpP9uUffpu"" checks",2026-08-28T03:18:10.549Z,178788709054900
"Flop:  [K♣, 4♥, 2♥]",2026-08-28T03:18:08.980Z,178788708898000
"""the pho king @ gpP9uUffpu"" checks",2026-08-28T03:18:08.135Z,178788708813500
"""LingWae @ FQN9hzhzP_"" calls 20",2026-08-28T03:18:07.218Z,178788708721800
"""the pho king @ gpP9uUffpu"" posts a big blind of 20",2026-08-28T03:18:02.817Z,178788708281705
"""LingWae @ FQN9hzhzP_"" posts a small blind of 10",2026-08-28T03:18:02.817Z,178788708281704
"Player stacks: #1 ""LingWae @ FQN9hzhzP_"" (4394) | #10 ""the pho king @ gpP9uUffpu"" (2606)",2026-08-28T03:18:02.817Z,178788708281701
"-- starting hand #319 (id: c4fk8jcmrjyy)  No Limit Texas Hold'em (dealer: ""LingWae @ FQN9hzhzP_"") --",2026-08-28T03:18:02.817Z,178788708281700
"""LingWae @ FQN9hzhzP_"" shows a 10♥, 6♠.",2026-08-28T03:17:57.731Z,178788707773100
"Undealt cards: 7♠, 5♠, 4♥, 3♠ [K♥]",2026-08-28T03:17:56.862Z,178788707686200
"-- ending hand #318 --",2026-08-28T03:17:56.183Z,178788707618302
"""LingWae @ FQN9hzhzP_"" collected 1042 from pot",2026-08-28T03:17:56.183Z,178788707618301
"Uncalled bet of 781 returned to ""LingWae @ FQN9hzhzP_""",2026-08-28T03:17:56.183Z,178788707618300
"""the pho king @ gpP9uUffpu"" folds",2026-08-28T03:17:55.360Z,178788707536000
"""LingWae @ FQN9hzhzP_"" raises to 1115",2026-08-28T03:17:54.397Z,178788707439700
"""the pho king @ gpP9uUffpu"" raises to 334",2026-08-28T03:17:51.649Z,178788707164900
"""LingWae @ FQN9hzhzP_"" bets 167",2026-08-28T03:17:49.755Z,178788706975500
"Turn: 7♠, 5♠, 4♥ [3♠]",2026-08-28T03:17:46.376Z,178788706637600
"""the pho king @ gpP9uUffpu"" calls 67",2026-08-28T03:17:45.546Z,178788706554600
"""LingWae @ FQN9hzhzP_"" bets 67",2026-08-28T03:17:44.629Z,178788706462900
"Flop:  [7♠, 5♠, 4♥]",2026-08-28T03:17:39.535Z,178788705953500
"""the pho king @ gpP9uUffpu"" calls 120",2026-08-28T03:17:38.718Z,178788705871800
"""LingWae @ FQN9hzhzP_"" raises to 120",2026-08-28T03:17:37.817Z,178788705781700
"""the pho king @ gpP9uUffpu"" raises to 40",2026-08-28T03:17:34.917Z,178788705491700
"""LingWae @ FQN9hzhzP_"" posts a big blind of 20",2026-08-28T03:17:33.932Z,178788705393205
"""the pho king @ gpP9uUffpu"" posts a small blind of 10",2026-08-28T03:17:33.932Z,178788705393204
"Player stacks: #1 ""LingWae @ FQN9hzhzP_"" (3873) | #10 ""the pho king @ gpP9uUffpu"" (3127)",2026-08-28T03:17:33.932Z,178788705393201
"-- starting hand #318 (id: rgg57zpcvibj)  No Limit Texas Hold'em (dealer: ""the pho king @ gpP9uUffpu"") --",2026-08-28T03:17:33.932Z,178788705393200
"""the pho king @ gpP9uUffpu"" shows a 7♥.",2026-08-28T03:17:29.404Z,178788704940400
"""the pho king @ gpP9uUffpu"" shows a 10♠.",2026-08-28T03:17:29.199Z,178788704919900
"""LingWae @ FQN9hzhzP_"" shows a Q♣.",2026-08-28T03:17:29.186Z,178788704918600
"Undealt cards:  [6♥, 7♣, Q♠, 3♣, 7♦]",2026-08-28T03:17:27.414Z,178788704741400
"-- ending hand #317 --",2026-08-28T03:17:26.614Z,178788704661402
"""LingWae @ FQN9hzhzP_"" collected 40 from pot",2026-08-28T03:17:26.614Z,178788704661401
"Uncalled bet of 140 returned to ""LingWae @ FQN9hzhzP_""",2026-08-28T03:17:26.614Z,178788704661400
"""the pho king @ gpP9uUffpu"" folds",2026-08-28T03:17:25.781Z,178788704578100
"""LingWae @ FQN9hzhzP_"" raises to 160",2026-08-28T03:17:21.500Z,178788704150000
"""the pho king @ gpP9uUffpu"" posts a big blind of 20",2026-08-28T03:17:18.286Z,178788703828605
"""LingWae @ FQN9hzhzP_"" posts a small blind of 10",2026-08-28T03:17:18.286Z,178788703828604
"Player stacks: #1 ""LingWae @ FQN9hzhzP_"" (3853) | #10 ""the pho king @ gpP9uUffpu"" (3147)",2026-08-28T03:17:18.286Z,178788703828601
"-- starting hand #317 (id: a34mcf7o7qm5)  No Limit Texas Hold'em (dealer: ""LingWae @ FQN9hzhzP_"") --",2026-08-28T03:17:18.286Z,178788703828600
"-- ending hand #316 --",2026-08-28T03:17:15.319Z,178788703531901
"""the pho king @ gpP9uUffpu"" collected 80 from pot",2026-08-28T03:17:15.319Z,178788703531900
"""LingWae @ FQN9hzhzP_"" folds",2026-08-28T03:17:14.509Z,178788703450900
"River: 10♣, J♠, 6♣, 5♦ [J♥]",2026-08-28T03:17:12.314Z,178788703231400
"""the pho king @ gpP9uUffpu"" checks",2026-08-28T03:17:11.496Z,178788703149600
"""LingWae @ FQN9hzhzP_"" checks",2026-08-28T03:17:10.590Z,178788703059000
"Turn: 10♣, J♠, 6♣ [5♦]",2026-08-28T03:17:08.165Z,178788702816500
"""the pho king @ gpP9uUffpu"" calls 20",2026-08-28T03:17:07.346Z,178788702734600
"""LingWae @ FQN9hzhzP_"" bets 20",2026-08-28T03:17:05.880Z,178788702588000
"Flop:  [10♣, J♠, 6♣]",2026-08-28T03:16:58.284Z,178788701828400
"""LingWae @ FQN9hzhzP_"" checks",2026-08-28T03:16:57.480Z,178788701748000
"""the pho king @ gpP9uUffpu"" calls 20",2026-08-28T03:16:56.533Z,178788701653300
"""LingWae @ FQN9hzhzP_"" posts a big blind of 20",2026-08-28T03:16:54.849Z,178788701484905
"""the pho king @ gpP9uUffpu"" posts a small blind of 10",2026-08-28T03:16:54.849Z,178788701484904
"Player stacks: #1 ""LingWae @ FQN9hzhzP_"" (3893) | #10 ""the pho king @ gpP9uUffpu"" (3107)",2026-08-28T03:16:54.849Z,178788701484901
"-- starting hand #316 (id: tmzcgdwldtvh)  No Limit Texas Hold'em (dealer: ""the pho king @ gpP9uUffpu"") --",2026-08-28T03:16:54.849Z,178788701484900
"""LingWae @ FQN9hzhzP_"" shows a Q♥, 6♦.",2026-08-28T03:16:52.160Z,178788701216000
"-- ending hand #315 --",2026-08-28T03:16:51.179Z,178788701117902
"""the pho king @ gpP9uUffpu"" collected 1136 from pot",2026-08-28T03:16:51.179Z,178788701117901
"Uncalled bet of 1971 returned to ""the pho king @ gpP9uUffpu""",2026-08-28T03:16:51.179Z,178788701117900
"""LingWae @ FQN9hzhzP_"" folds",2026-08-28T03:16:50.283Z,178788701028300
"""the pho king @ gpP9uUffpu"" bets 1971 and go all in",2026-08-28T03:16:48.152Z,178788700815200
"River: 7♦, Q♦, 5♦, K♦ [2♣]",2026-08-28T03:16:26.169Z,178788698616900
"""LingWae @ FQN9hzhzP_"" calls 334",2026-08-28T03:16:25.322Z,178788698532200
"""the pho king @ gpP9uUffpu"" raises to 334",2026-08-28T03:16:24.126Z,178788698412600
"""LingWae @ FQN9hzhzP_"" bets 167",2026-08-28T03:16:07.803Z,178788696780300
"""the pho king @ gpP9uUffpu"" checks",2026-08-28T03:16:04.170Z,178788696417000
"Turn: 7♦, Q♦, 5♦ [K♦]",2026-08-28T03:16:02.776Z,178788696277600
"""the pho king @ gpP9uUffpu"" calls 67",2026-08-28T03:16:01.856Z,178788696185600
"""LingWae @ FQN9hzhzP_"" raises to 67",2026-08-28T03:15:58.934Z,178788695893400
"""the pho king @ gpP9uUffpu"" bets 20",2026-08-28T03:15:56.680Z,178788695668000
"Flop:  [7♦, Q♦, 5♦]",2026-08-28T03:15:49.329Z,178788694932900
"""LingWae @ FQN9hzhzP_"" calls 167",2026-08-28T03:15:48.524Z,178788694852400
"""the pho king @ gpP9uUffpu"" raises to 167",2026-08-28T03:15:47.233Z,178788694723300
"""LingWae @ FQN9hzhzP_"" raises to 67",2026-08-28T03:15:42.590Z,178788694259000
"""the pho king @ gpP9uUffpu"" posts a big blind of 20",2026-08-28T03:15:40.294Z,178788694029405
"""LingWae @ FQN9hzhzP_"" posts a small blind of 10",2026-08-28T03:15:40.294Z,178788694029404
"Player stacks: #1 ""LingWae @ FQN9hzhzP_"" (4461) | #10 ""the pho king @ gpP9uUffpu"" (2539)",2026-08-28T03:15:40.294Z,178788694029401
"-- starting hand #315 (id: zo95y6yww6rf)  No Limit Texas Hold'em (dealer: ""LingWae @ FQN9hzhzP_"") --",2026-08-28T03:15:40.294Z,178788694029400
"""LingWae @ FQN9hzhzP_"" shows a 4♣, J♥.",2026-08-28T03:15:35.317Z,178788693531700
"Undealt cards: 6♠, 7♦, 8♥, J♦ [2♦]",2026-08-28T03:15:33.958Z,178788693395800
"-- ending hand #314 --",2026-08-28T03:15:33.656Z,178788693365602
"""LingWae @ FQN9hzhzP_"" collected 192 from pot",2026-08-28T03:15:33.656Z,178788693365601
"Uncalled bet of 67 returned to ""LingWae @ FQN9hzhzP_""",2026-08-28T03:15:33.656Z,178788693365600
"""the pho king @ gpP9uUffpu"" folds",2026-08-28T03:15:32.852Z,178788693285200
"""LingWae @ FQN9hzhzP_"" bets 67",2026-08-28T03:15:31.566Z,178788693156600
"Turn: 6♠, 7♦, 8♥ [J♦]",2026-08-28T03:15:28.315Z,178788692831500
"""the pho king @ gpP9uUffpu"" calls 36",2026-08-28T03:15:27.492Z,178788692749200
"""LingWae @ FQN9hzhzP_"" bets 36",2026-08-28T03:15:26.375Z,178788692637500
"Flop:  [6♠, 7♦, 8♥]",2026-08-28T03:15:20.447Z,178788692044700
"""LingWae @ FQN9hzhzP_"" calls 60",2026-08-28T03:15:19.544Z,178788691954400
"""the pho king @ gpP9uUffpu"" raises to 60",2026-08-28T03:15:18.559Z,178788691855900
"""LingWae @ FQN9hzhzP_"" posts a big blind of 20",2026-08-28T03:15:17.245Z,178788691724505
"""the pho king @ gpP9uUffpu"" posts a small blind of 10",2026-08-28T03:15:17.245Z,178788691724504
"Player stacks: #1 ""LingWae @ FQN9hzhzP_"" (4365) | #10 ""the pho king @ gpP9uUffpu"" (2635)",2026-08-28T03:15:17.245Z,178788691724501
"-- starting hand #314 (id: kxqldpp7ie30)  No Limit Texas Hold'em (dealer: ""the pho king @ gpP9uUffpu"") --",2026-08-28T03:15:17.245Z,178788691724500
"-- ending hand #313 --",2026-08-28T03:15:11.200Z,178788691120003
"""LingWae @ FQN9hzhzP_"" collected 428 from pot with Pair, 10's (combination: 9♣, J♣, K♠, 10♠, 10♦)",2026-08-28T03:15:11.200Z,178788691120002
"""LingWae @ FQN9hzhzP_"" shows a 10♠, 9♣.",2026-08-28T03:15:11.200Z,178788691120001
"""the pho king @ gpP9uUffpu"" shows a 7♠, 7♦.",2026-08-28T03:15:11.200Z,178788691120000
"""LingWae @ FQN9hzhzP_"" checks",2026-08-28T03:15:10.361Z,178788691036100
"""the pho king @ gpP9uUffpu"" checks",2026-08-28T03:15:09.268Z,178788690926800
"River: 4♥, 10♦, 2♠, J♣ [K♠]",2026-08-28T03:15:08.599Z,178788690859900
"""the pho king @ gpP9uUffpu"" calls 67",2026-08-28T03:15:07.785Z,178788690778500
"""LingWae @ FQN9hzhzP_"" bets 67",2026-08-28T03:15:06.847Z,178788690684700
"""the pho king @ gpP9uUffpu"" checks",2026-08-28T03:15:04.769Z,178788690476900
"Turn: 4♥, 10♦, 2♠ [J♣]",2026-08-28T03:15:03.929Z,178788690392900
"""the pho king @ gpP9uUffpu"" calls 67",2026-08-28T03:15:03.062Z,178788690306200
"""LingWae @ FQN9hzhzP_"" raises to 67",2026-08-28T03:15:01.988Z,178788690198800
"""the pho king @ gpP9uUffpu"" bets 20",2026-08-28T03:14:59.570Z,178788689957000
"Flop:  [4♥, 10♦, 2♠]",2026-08-28T03:14:58.224Z,178788689822400
"""LingWae @ FQN9hzhzP_"" calls 80",2026-08-28T03:14:57.393Z,178788689739300
"""the pho king @ gpP9uUffpu"" raises to 80",2026-08-28T03:14:55.304Z,178788689530400
"""LingWae @ FQN9hzhzP_"" raises to 40",2026-08-28T03:14:53.159Z,178788689315900
"""the pho king @ gpP9uUffpu"" posts a big blind of 20",2026-08-28T03:14:50.251Z,178788689025105
"""LingWae @ FQN9hzhzP_"" posts a small blind of 10",2026-08-28T03:14:50.251Z,178788689025104
"Your hand is 7♠, 7♦",2026-08-28T03:14:50.251Z,178788689025103
"Player stacks: #1 ""LingWae @ FQN9hzhzP_"" (4151) | #10 ""the pho king @ gpP9uUffpu"" (2849)",2026-08-28T03:14:50.251Z,178788689025101
"-- starting hand #313 (id: fkoduy6wagfq)  No Limit Texas Hold'em (dealer: ""LingWae @ FQN9hzhzP_"") --",2026-08-28T03:14:50.251Z,178788689025100
"""LingWae @ FQN9hzhzP_"" shows a A♦.",2026-08-28T03:14:47.671Z,178788688767100
"-- ending hand #312 --",2026-08-28T03:14:46.601Z,178788688660102
"""the pho king @ gpP9uUffpu"" collected 160 from pot",2026-08-28T03:14:46.601Z,178788688660101
"Uncalled bet of 160 returned to ""the pho king @ gpP9uUffpu""",2026-08-28T03:14:46.601Z,178788688660100
"""LingWae @ FQN9hzhzP_"" folds",2026-08-28T03:14:45.799Z,178788688579900
"""the pho king @ gpP9uUffpu"" bets 160",2026-08-28T03:14:44.873Z,178788688487300
"""LingWae @ FQN9hzhzP_"" checks",2026-08-28T03:14:43.301Z,178788688330100
"River: 10♦, Q♠, 10♥, Q♣ [K♠]",2026-08-28T03:14:41.750Z,178788688175000
"""the pho king @ gpP9uUffpu"" calls 20",2026-08-28T03:14:40.896Z,178788688089600
"""LingWae @ FQN9hzhzP_"" bets 20",2026-08-28T03:14:39.994Z,178788687999400
"Turn: 10♦, Q♠, 10♥ [Q♣]",2026-08-28T03:14:37.690Z,178788687769000
"""the pho king @ gpP9uUffpu"" checks",2026-08-28T03:14:36.864Z,178788687686400
"""LingWae @ FQN9hzhzP_"" checks",2026-08-28T03:14:35.953Z,178788687595300
"Flop:  [10♦, Q♠, 10♥]",2026-08-28T03:14:33.441Z,178788687344100
"""LingWae @ FQN9hzhzP_"" calls 60",2026-08-28T03:14:32.623Z,178788687262300
"""the pho king @ gpP9uUffpu"" raises to 60",2026-08-28T03:14:30.150Z,178788687015000
"""LingWae @ FQN9hzhzP_"" posts a big blind of 20",2026-08-28T03:14:27.763Z,178788686776305
"""the pho king @ gpP9uUffpu"" posts a small blind of 10",2026-08-28T03:14:27.763Z,178788686776304
"Player stacks: #1 ""LingWae @ FQN9hzhzP_"" (4231) | #10 ""the pho king @ gpP9uUffpu"" (2769)",2026-08-28T03:14:27.763Z,178788686776301
"-- starting hand #312 (id: h9ejctimwp2m)  No Limit Texas Hold'em (dealer: ""the pho king @ gpP9uUffpu"") --",2026-08-28T03:14:27.763Z,178788686776300
"""LingWae @ FQN9hzhzP_"" shows a 3♠, 2♣.",2026-08-28T03:14:22.700Z,178788686270000
"Undealt cards: 8♥, 10♣, 10♥ [8♦, 9♣]",2026-08-28T03:14:21.468Z,178788686146800
"-- ending hand #311 --",2026-08-28T03:14:21.161Z,178788686116101
"""the pho king @ gpP9uUffpu"" collected 40 from pot",2026-08-28T03:14:21.161Z,178788686116100
"""LingWae @ FQN9hzhzP_"" folds",2026-08-28T03:14:20.312Z,178788686031200
"""the pho king @ gpP9uUffpu"" checks",2026-08-28T03:14:18.937Z,178788685893700
"Flop:  [8♥, 10♣, 10♥]",2026-08-28T03:14:17.878Z,178788685787800
"""the pho king @ gpP9uUffpu"" checks",2026-08-28T03:14:17.054Z,178788685705400
"""LingWae @ FQN9hzhzP_"" calls 20",2026-08-28T03:14:16.119Z,178788685611900
"""the pho king @ gpP9uUffpu"" posts a big blind of 20",2026-08-28T03:14:13.474Z,178788685347405
"""LingWae @ FQN9hzhzP_"" posts a small blind of 10",2026-08-28T03:14:13.474Z,178788685347404
"Player stacks: #1 ""LingWae @ FQN9hzhzP_"" (4251) | #10 ""the pho king @ gpP9uUffpu"" (2749)",2026-08-28T03:14:13.474Z,178788685347401
"-- starting hand #311 (id: u86glbatnrhw)  No Limit Texas Hold'em (dealer: ""LingWae @ FQN9hzhzP_"") --",2026-08-28T03:14:13.474Z,178788685347400
"""LingWae @ FQN9hzhzP_"" shows a 10♠, 2♠.",2026-08-28T03:14:11.703Z,178788685170300
"""the pho king @ gpP9uUffpu"" shows a 2♣, K♦.",2026-08-28T03:14:09.639Z,178788684963900
"-- ending hand #310 --",2026-08-28T03:14:09.150Z,178788684915001
"""the pho king @ gpP9uUffpu"" collected 192 from pot",2026-08-28T03:14:09.150Z,178788684915000
"""LingWae @ FQN9hzhzP_"" folds",2026-08-28T03:14:08.303Z,178788684830300
"River: 9♥, 2♦, 7♦, Q♦ [K♣]",2026-08-28T03:14:06.119Z,178788684611900
"""the pho king @ gpP9uUffpu"" checks",2026-08-28T03:14:05.281Z,178788684528100
"""LingWae @ FQN9hzhzP_"" checks",2026-08-28T03:14:04.358Z,178788684435800
"Turn: 9♥, 2♦, 7♦ [Q♦]",2026-08-28T03:14:02.524Z,178788684252400
"""the pho king @ gpP9uUffpu"" calls 36",2026-08-28T03:14:01.692Z,178788684169200
"""LingWae @ FQN9hzhzP_"" bets 36",2026-08-28T03:14:00.606Z,178788684060600
"Flop:  [9♥, 2♦, 7♦]",2026-08-28T03:13:54.307Z,178788683430700
"""LingWae @ FQN9hzhzP_"" calls 60",2026-08-28T03:13:53.468Z,178788683346800
"""the pho king @ gpP9uUffpu"" raises to 60",2026-08-28T03:13:52.463Z,178788683246300
"""LingWae @ FQN9hzhzP_"" posts a big blind of 20",2026-08-28T03:13:50.432Z,178788683043205
"""the pho king @ gpP9uUffpu"" posts a small blind of 10",2026-08-28T03:13:50.432Z,178788683043204
"Your hand is 2♣, K♦",2026-08-28T03:13:50.432Z,178788683043203
"Player stacks: #1 ""LingWae @ FQN9hzhzP_"" (4347) | #10 ""the pho king @ gpP9uUffpu"" (2653)",2026-08-28T03:13:50.432Z,178788683043201
"-- starting hand #310 (id: lwp6xk9tnryq)  No Limit Texas Hold'em (dealer: ""the pho king @ gpP9uUffpu"") --",2026-08-28T03:13:50.432Z,178788683043200
"""LingWae @ FQN9hzhzP_"" shows a 9♦, 8♦.",2026-08-28T03:13:45.201Z,178788682520100
"-- ending hand #309 --",2026-08-28T03:13:43.899Z,178788682389902
"""the pho king @ gpP9uUffpu"" collected 280 from pot with Pair, K's (combination: 7♦, 10♥, A♥, K♣, K♠)",2026-08-28T03:13:43.899Z,178788682389901
"""the pho king @ gpP9uUffpu"" shows a A♥, 10♥.",2026-08-28T03:13:43.899Z,178788682389900
"""LingWae @ FQN9hzhzP_"" checks",2026-08-28T03:13:43.061Z,178788682306100
"""the pho king @ gpP9uUffpu"" checks",2026-08-28T03:13:42.032Z,178788682203200
"River: 5♠, K♣, 2♣, K♠ [7♦]",2026-08-28T03:13:41.299Z,178788682129900
"""LingWae @ FQN9hzhzP_"" checks",2026-08-28T03:13:40.475Z,178788682047500
"""the pho king @ gpP9uUffpu"" checks",2026-08-28T03:13:39.555Z,178788681955500
"Turn: 5♠, K♣, 2♣ [K♠]",2026-08-28T03:13:38.858Z,178788681885800
"""LingWae @ FQN9hzhzP_"" checks",2026-08-28T03:13:38.050Z,178788681805000
"""the pho king @ gpP9uUffpu"" checks",2026-08-28T03:13:36.538Z,178788681653800
"Flop:  [5♠, K♣, 2♣]",2026-08-28T03:13:35.145Z,178788681514500
"""LingWae @ FQN9hzhzP_"" calls 140",2026-08-28T03:13:34.324Z,178788681432400
"""the pho king @ gpP9uUffpu"" raises to 140",2026-08-28T03:13:33.100Z,178788681310000
"""LingWae @ FQN9hzhzP_"" raises to 50",2026-08-28T03:13:31.259Z,178788681125900
"""the pho king @ gpP9uUffpu"" posts a big blind of 20",2026-08-28T03:13:27.650Z,178788680765005
"""LingWae @ FQN9hzhzP_"" posts a small blind of 10",2026-08-28T03:13:27.650Z,178788680765004
"Your hand is A♥, 10♥",2026-08-28T03:13:27.650Z,178788680765003
"Player stacks: #1 ""LingWae @ FQN9hzhzP_"" (4487) | #10 ""the pho king @ gpP9uUffpu"" (2513)",2026-08-28T03:13:27.650Z,178788680765001
"-- starting hand #309 (id: y9mxjrhqxhpo)  No Limit Texas Hold'em (dealer: ""LingWae @ FQN9hzhzP_"") --",2026-08-28T03:13:27.650Z,178788680765000
"""LingWae @ FQN9hzhzP_"" shows a 10♦.",2026-08-28T03:13:26.463Z,178788680646300
"-- ending hand #308 --",2026-08-28T03:13:24.007Z,178788680400702
"""the pho king @ gpP9uUffpu"" collected 386 from pot",2026-08-28T03:13:24.007Z,178788680400701
"Uncalled bet of 80 returned to ""the pho king @ gpP9uUffpu""",2026-08-28T03:13:24.007Z,178788680400700
"""LingWae @ FQN9hzhzP_"" folds",2026-08-28T03:13:23.192Z,178788680319200
"""the pho king @ gpP9uUffpu"" bets 80",2026-08-28T03:13:22.250Z,178788680225000
"""LingWae @ FQN9hzhzP_"" checks",2026-08-28T03:13:19.835Z,178788679983500
"River: 6♠, 8♥, 9♦, K♣ [6♦]",2026-08-28T03:13:18.402Z,178788679840200
"""the pho king @ gpP9uUffpu"" calls 67",2026-08-28T03:13:17.586Z,178788679758600
"""LingWae @ FQN9hzhzP_"" bets 67",2026-08-28T03:13:16.655Z,178788679665500
"Turn: 6♠, 8♥, 9♦ [K♣]",2026-08-28T03:13:13.204Z,178788679320400
"""LingWae @ FQN9hzhzP_"" calls 86",2026-08-28T03:13:12.396Z,178788679239600
"""the pho king @ gpP9uUffpu"" raises to 86",2026-08-28T03:13:11.146Z,178788679114600
"""LingWae @ FQN9hzhzP_"" bets 43",2026-08-28T03:13:09.630Z,178788678963000
"Flop:  [6♠, 8♥, 9♦]",2026-08-28T03:13:04.798Z,178788678479800
"""LingWae @ FQN9hzhzP_"" calls 40",2026-08-28T03:13:03.959Z,178788678395900
"""the pho king @ gpP9uUffpu"" raises to 40",2026-08-28T03:13:03.040Z,178788678304000
"""LingWae @ FQN9hzhzP_"" posts a big blind of 20",2026-08-28T03:13:00.580Z,178788678058005
"""the pho king @ gpP9uUffpu"" posts a small blind of 10",2026-08-28T03:13:00.580Z,178788678058004
"Player stacks: #1 ""LingWae @ FQN9hzhzP_"" (4680) | #10 ""the pho king @ gpP9uUffpu"" (2320)",2026-08-28T03:13:00.580Z,178788678058001
"-- starting hand #308 (id: ynpdefqgnucv)  No Limit Texas Hold'em (dealer: ""the pho king @ gpP9uUffpu"") --",2026-08-28T03:13:00.580Z,178788678058000
"""LingWae @ FQN9hzhzP_"" shows a A♥, 6♠.",2026-08-28T03:12:55.498Z,178788677549800
"-- ending hand #307 --",2026-08-28T03:12:53.990Z,178788677399002
"""the pho king @ gpP9uUffpu"" collected 120 from pot with Two Pair, J's & 3's (combination: 7♠, 3♦, 3♠, J♣, J♠)",2026-08-28T03:12:53.990Z,178788677399001
"""the pho king @ gpP9uUffpu"" shows a 2♥, 3♦.",2026-08-28T03:12:53.990Z,178788677399000
"""LingWae @ FQN9hzhzP_"" calls 20",2026-08-28T03:12:53.179Z,178788677317900
"""the pho king @ gpP9uUffpu"" bets 20",2026-08-28T03:12:51.822Z,178788677182200
"River: J♣, 3♠, 7♠, J♠ [4♦]",2026-08-28T03:12:50.570Z,178788677057000
"""LingWae @ FQN9hzhzP_"" calls 20",2026-08-28T03:12:49.665Z,178788676966500
"""the pho king @ gpP9uUffpu"" bets 20",2026-08-28T03:12:48.206Z,178788676820600
"Turn: J♣, 3♠, 7♠ [J♠]",2026-08-28T03:12:46.767Z,178788676676700
"""LingWae @ FQN9hzhzP_"" checks",2026-08-28T03:12:45.944Z,178788676594400
"""the pho king @ gpP9uUffpu"" checks",2026-08-28T03:12:41.279Z,178788676127900
"Flop:  [J♣, 3♠, 7♠]",2026-08-28T03:12:40.363Z,178788676036300
"""the pho king @ gpP9uUffpu"" checks",2026-08-28T03:12:39.505Z,178788675950500
"""LingWae @ FQN9hzhzP_"" calls 20",2026-08-28T03:12:38.397Z,178788675839700
"""the pho king @ gpP9uUffpu"" posts a big blind of 20",2026-08-28T03:12:34.757Z,178788675475705
"""LingWae @ FQN9hzhzP_"" posts a small blind of 10",2026-08-28T03:12:34.757Z,178788675475704
"Your hand is 2♥, 3♦",2026-08-28T03:12:34.757Z,178788675475703
"Player stacks: #1 ""LingWae @ FQN9hzhzP_"" (4740) | #10 ""the pho king @ gpP9uUffpu"" (2260)",2026-08-28T03:12:34.757Z,178788675475701
"-- starting hand #307 (id: zgxaeloqtdv1)  No Limit Texas Hold'em (dealer: ""LingWae @ FQN9hzhzP_"") --",2026-08-28T03:12:34.757Z,178788675475700
"-- ending hand #306 --",2026-08-28T03:12:28.750Z,178788674875002
"""LingWae @ FQN9hzhzP_"" collected 766 from pot with Pair, A's (combination: 7♣, 10♥, J♣, A♥, A♦)",2026-08-28T03:12:28.750Z,178788674875001
"""LingWae @ FQN9hzhzP_"" shows a A♥, J♣.",2026-08-28T03:12:28.750Z,178788674875000
"""the pho king @ gpP9uUffpu"" checks",2026-08-28T03:12:27.946Z,178788674794600
"""LingWae @ FQN9hzhzP_"" checks",2026-08-28T03:12:26.999Z,178788674699900
"River: 7♣, 3♠, 10♥, A♦ [2♠]",2026-08-28T03:12:20.837Z,178788674083700
"""the pho king @ gpP9uUffpu"" calls 167",2026-08-28T03:12:20.026Z,178788674002600
"""LingWae @ FQN9hzhzP_"" bets 167",2026-08-28T03:12:02.110Z,178788672211000
"Turn: 7♣, 3♠, 10♥ [A♦]",2026-08-28T03:11:58.788Z,178788671878800
"""the pho king @ gpP9uUffpu"" calls 36",2026-08-28T03:11:57.949Z,178788671794900
"""LingWae @ FQN9hzhzP_"" bets 36",2026-08-28T03:11:57.022Z,178788671702200
"Flop:  [7♣, 3♠, 10♥]",2026-08-28T03:11:53.283Z,178788671328300
"""the pho king @ gpP9uUffpu"" calls 180",2026-08-28T03:11:52.454Z,178788671245400
"""LingWae @ FQN9hzhzP_"" raises to 180",2026-08-28T03:11:51.511Z,178788671151100
"""the pho king @ gpP9uUffpu"" raises to 60",2026-08-28T03:11:48.248Z,178788670824800
"""LingWae @ FQN9hzhzP_"" posts a big blind of 20",2026-08-28T03:11:46.964Z,178788670696405
"""the pho king @ gpP9uUffpu"" posts a small blind of 10",2026-08-28T03:11:46.964Z,178788670696404
"Player stacks: #1 ""LingWae @ FQN9hzhzP_"" (4357) | #10 ""the pho king @ gpP9uUffpu"" (2643)",2026-08-28T03:11:46.964Z,178788670696401
"-- starting hand #306 (id: nvb50rsrfxze)  No Limit Texas Hold'em (dealer: ""the pho king @ gpP9uUffpu"") --",2026-08-28T03:11:46.964Z,178788670696400
"""LingWae @ FQN9hzhzP_"" shows a Q♠.",2026-08-28T03:11:44.810Z,178788670481000
"""the pho king @ gpP9uUffpu"" shows a 5♦, 2♦.",2026-08-28T03:11:42.768Z,178788670276800
"Undealt cards: 7♠, 10♦, K♦ [8♣, 10♥]",2026-08-28T03:11:40.238Z,178788670023800
"-- ending hand #305 --",2026-08-28T03:11:39.632Z,178788669963201
"""the pho king @ gpP9uUffpu"" collected 40 from pot",2026-08-28T03:11:39.632Z,178788669963200
"""LingWae @ FQN9hzhzP_"" folds",2026-08-28T03:11:38.806Z,178788669880600
"""the pho king @ gpP9uUffpu"" checks",2026-08-28T03:11:35.779Z,178788669577900
"Flop:  [7♠, 10♦, K♦]",2026-08-28T03:11:34.350Z,178788669435000
"""the pho king @ gpP9uUffpu"" checks",2026-08-28T03:11:33.494Z,178788669349400
"""LingWae @ FQN9hzhzP_"" calls 20",2026-08-28T03:11:31.330Z,178788669133000
"""the pho king @ gpP9uUffpu"" posts a big blind of 20",2026-08-28T03:11:30.059Z,178788669005905
"""LingWae @ FQN9hzhzP_"" posts a small blind of 10",2026-08-28T03:11:30.059Z,178788669005904
"Your hand is 5♦, 2♦",2026-08-28T03:11:30.059Z,178788669005903
"Player stacks: #1 ""LingWae @ FQN9hzhzP_"" (4377) | #10 ""the pho king @ gpP9uUffpu"" (2623)",2026-08-28T03:11:30.059Z,178788669005901
"-- starting hand #305 (id: sckpg20g5f5w)  No Limit Texas Hold'em (dealer: ""LingWae @ FQN9hzhzP_"") --",2026-08-28T03:11:30.059Z,178788669005900
"Undealt cards:  [2♣, 4♥, 9♣, 2♠, K♣]",2026-08-28T03:11:24.469Z,178788668446900
"-- ending hand #304 --",2026-08-28T03:11:24.141Z,178788668414102
"""the pho king @ gpP9uUffpu"" collected 40 from pot",2026-08-28T03:11:24.141Z,178788668414101
"Uncalled bet of 40 returned to ""the pho king @ gpP9uUffpu""",2026-08-28T03:11:24.141Z,178788668414100
"""LingWae @ FQN9hzhzP_"" folds",2026-08-28T03:11:23.303Z,178788668330300
"""the pho king @ gpP9uUffpu"" raises to 60",2026-08-28T03:11:22.243Z,178788668224300
"""LingWae @ FQN9hzhzP_"" posts a big blind of 20",2026-08-28T03:11:19.682Z,178788667968205
"""the pho king @ gpP9uUffpu"" posts a small blind of 10",2026-08-28T03:11:19.682Z,178788667968204
"Player stacks: #1 ""LingWae @ FQN9hzhzP_"" (4397) | #10 ""the pho king @ gpP9uUffpu"" (2603)",2026-08-28T03:11:19.682Z,178788667968201
"-- starting hand #304 (id: j4ag5v9yhdku)  No Limit Texas Hold'em (dealer: ""the pho king @ gpP9uUffpu"") --",2026-08-28T03:11:19.682Z,178788667968200
"""the pho king @ gpP9uUffpu"" shows a 5♣, 3♣.",2026-08-28T03:11:16.659Z,178788667665900
"""LingWae @ FQN9hzhzP_"" shows a 4♦.",2026-08-28T03:11:14.506Z,178788667450600
"Undealt cards: K♦, A♥, 2♠ [Q♠, J♣]",2026-08-28T03:11:13.047Z,178788667304700
"-- ending hand #303 --",2026-08-28T03:11:12.370Z,178788667237001
"""the pho king @ gpP9uUffpu"" collected 120 from pot",2026-08-28T03:11:12.370Z,178788667237000
"""LingWae @ FQN9hzhzP_"" folds",2026-08-28T03:11:11.542Z,178788667154200
"""the pho king @ gpP9uUffpu"" checks",2026-08-28T03:11:10.299Z,178788667029900
"Flop:  [K♦, A♥, 2♠]",2026-08-28T03:11:08.825Z,178788666882500
"""LingWae @ FQN9hzhzP_"" calls 60",2026-08-28T03:11:07.983Z,178788666798300
"""the pho king @ gpP9uUffpu"" raises to 60",2026-08-28T03:11:07.034Z,178788666703400
"""LingWae @ FQN9hzhzP_"" calls 20",2026-08-28T03:11:05.473Z,178788666547300
"""the pho king @ gpP9uUffpu"" posts a big blind of 20",2026-08-28T03:11:03.960Z,178788666396005
"""LingWae @ FQN9hzhzP_"" posts a small blind of 10",2026-08-28T03:11:03.960Z,178788666396004
"Your hand is 5♣, 3♣",2026-08-28T03:11:03.960Z,178788666396003
"Player stacks: #1 ""LingWae @ FQN9hzhzP_"" (4457) | #10 ""the pho king @ gpP9uUffpu"" (2543)",2026-08-28T03:11:03.960Z,178788666396001
"-- starting hand #303 (id: fv6qddjtfp4y)  No Limit Texas Hold'em (dealer: ""LingWae @ FQN9hzhzP_"") --",2026-08-28T03:11:03.960Z,178788666396000
"""the pho king @ gpP9uUffpu"" shows a 8♣, 8♠.",2026-08-28T03:10:58.316Z,178788665831600
"-- ending hand #302 --",2026-08-28T03:10:57.455Z,178788665745502
"""LingWae @ FQN9hzhzP_"" collected 192 from pot with Pair, K's (combination: 9♣, Q♣, A♠, K♦, K♠)",2026-08-28T03:10:57.455Z,178788665745501
"""LingWae @ FQN9hzhzP_"" shows a K♦, 4♦.",2026-08-28T03:10:57.455Z,178788665745500
"""the pho king @ gpP9uUffpu"" calls 36",2026-08-28T03:10:56.637Z,178788665663700
"""LingWae @ FQN9hzhzP_"" bets 36",2026-08-28T03:10:55.739Z,178788665573900
"River: A♠, Q♣, 9♣, K♠ [6♦]",2026-08-28T03:10:52.697Z,178788665269700
"""the pho king @ gpP9uUffpu"" checks",2026-08-28T03:10:51.889Z,178788665188900
"""LingWae @ FQN9hzhzP_"" checks",2026-08-28T03:10:50.940Z,178788665094000
"Turn: A♠, Q♣, 9♣ [K♠]",2026-08-28T03:10:47.992Z,178788664799200
"""the pho king @ gpP9uUffpu"" checks",2026-08-28T03:10:47.166Z,178788664716600
"""LingWae @ FQN9hzhzP_"" checks",2026-08-28T03:10:46.234Z,178788664623400
"Flop:  [A♠, Q♣, 9♣]",2026-08-28T03:10:44.823Z,178788664482300
"""LingWae @ FQN9hzhzP_"" calls 60",2026-08-28T03:10:44.010Z,178788664401000
"""the pho king @ gpP9uUffpu"" raises to 60",2026-08-28T03:10:43.084Z,178788664308400
"""LingWae @ FQN9hzhzP_"" posts a big blind of 20",2026-08-28T03:10:41.819Z,178788664181905
"""the pho king @ gpP9uUffpu"" posts a small blind of 10",2026-08-28T03:10:41.819Z,178788664181904
"Your hand is 8♣, 8♠",2026-08-28T03:10:41.819Z,178788664181903
"Player stacks: #1 ""LingWae @ FQN9hzhzP_"" (4361) | #10 ""the pho king @ gpP9uUffpu"" (2639)",2026-08-28T03:10:41.819Z,178788664181901
"-- starting hand #302 (id: 3kfow348v55p)  No Limit Texas Hold'em (dealer: ""the pho king @ gpP9uUffpu"") --",2026-08-28T03:10:41.819Z,178788664181900
"""LingWae @ FQN9hzhzP_"" shows a 6♦, 7♦.",2026-08-28T03:10:36.470Z,178788663647000
"-- ending hand #301 --",2026-08-28T03:10:35.291Z,178788663529102
"""the pho king @ gpP9uUffpu"" collected 334 from pot with Two Pair, A's & 9's (combination: K♠, 9♦, 9♥, A♥, A♣)",2026-08-28T03:10:35.291Z,178788663529101
"""the pho king @ gpP9uUffpu"" shows a 9♦, 8♥.",2026-08-28T03:10:35.291Z,178788663529100
"""LingWae @ FQN9hzhzP_"" checks",2026-08-28T03:10:34.479Z,178788663447900
"""the pho king @ gpP9uUffpu"" checks",2026-08-28T03:10:33.020Z,178788663302000
"River: K♠, A♥, 9♥, 5♠ [A♣]",2026-08-28T03:10:32.889Z,178788663288900
"""LingWae @ FQN9hzhzP_"" checks",2026-08-28T03:10:32.064Z,178788663206400
"""the pho king @ gpP9uUffpu"" checks",2026-08-28T03:10:30.669Z,178788663066900
"Turn: K♠, A♥, 9♥ [5♠]",2026-08-28T03:10:30.165Z,178788663016500
"""LingWae @ FQN9hzhzP_"" checks",2026-08-28T03:10:29.349Z,178788662934900
"""the pho king @ gpP9uUffpu"" checks",2026-08-28T03:10:28.437Z,178788662843700
"Flop:  [K♠, A♥, 9♥]",2026-08-28T03:10:27.562Z,178788662756200
"""the pho king @ gpP9uUffpu"" calls 167",2026-08-28T03:10:26.743Z,178788662674300
"""LingWae @ FQN9hzhzP_"" raises to 167",2026-08-28T03:10:25.839Z,178788662583900
"""the pho king @ gpP9uUffpu"" posts a big blind of 20",2026-08-28T03:10:23.049Z,178788662304905
"""LingWae @ FQN9hzhzP_"" posts a small blind of 10",2026-08-28T03:10:23.049Z,178788662304904
"Your hand is 9♦, 8♥",2026-08-28T03:10:23.049Z,178788662304903
"Player stacks: #1 ""LingWae @ FQN9hzhzP_"" (4528) | #10 ""the pho king @ gpP9uUffpu"" (2472)",2026-08-28T03:10:23.049Z,178788662304901
"-- starting hand #301 (id: dxql3uyuq4tc)  No Limit Texas Hold'em (dealer: ""LingWae @ FQN9hzhzP_"") --",2026-08-28T03:10:23.049Z,178788662304900
"""LingWae @ FQN9hzhzP_"" shows a 6♠, 4♣.",2026-08-28T03:10:17.926Z,178788661792600
"Undealt cards: A♦, 5♠, Q♥, Q♦ [2♦]",2026-08-28T03:10:16.595Z,178788661659500
"-- ending hand #300 --",2026-08-28T03:10:16.402Z,178788661640202
"""the pho king @ gpP9uUffpu"" collected 80 from pot",2026-08-28T03:10:16.402Z,178788661640201
"Uncalled bet of 80 returned to ""the pho king @ gpP9uUffpu""",2026-08-28T03:10:16.402Z,178788661640200
"""LingWae @ FQN9hzhzP_"" folds",2026-08-28T03:10:15.578Z,178788661557800
"""the pho king @ gpP9uUffpu"" bets 80",2026-08-28T03:10:14.642Z,178788661464200
"""LingWae @ FQN9hzhzP_"" checks",2026-08-28T03:10:12.254Z,178788661225400
"Turn: A♦, 5♠, Q♥ [Q♦]",2026-08-28T03:10:10.914Z,178788661091400
"""the pho king @ gpP9uUffpu"" checks",2026-08-28T03:10:10.103Z,178788661010300
"""LingWae @ FQN9hzhzP_"" checks",2026-08-28T03:10:09.117Z,178788660911700
"Flop:  [A♦, 5♠, Q♥]",2026-08-28T03:10:06.072Z,178788660607200
"""LingWae @ FQN9hzhzP_"" calls 40",2026-08-28T03:10:05.210Z,178788660521000
"""the pho king @ gpP9uUffpu"" raises to 40",2026-08-28T03:10:04.298Z,178788660429800
"""LingWae @ FQN9hzhzP_"" posts a big blind of 20",2026-08-28T03:10:03.265Z,178788660326505
"""the pho king @ gpP9uUffpu"" posts a small blind of 10",2026-08-28T03:10:03.265Z,178788660326504
"Player stacks: #1 ""LingWae @ FQN9hzhzP_"" (4568) | #10 ""the pho king @ gpP9uUffpu"" (2432)",2026-08-28T03:10:03.265Z,178788660326501
"-- starting hand #300 (id: y5fbifmi1qx4)  No Limit Texas Hold'em (dealer: ""the pho king @ gpP9uUffpu"") --",2026-08-28T03:10:03.265Z,178788660326500
"""LingWae @ FQN9hzhzP_"" shows a 4♥, 5♦.",2026-08-28T03:09:58.705Z,178788659870500
"""the pho king @ gpP9uUffpu"" shows a 3♥, 9♣.",2026-08-28T03:09:57.500Z,178788659750000
"Undealt cards:  [7♦, 5♠, Q♠, 8♣, 9♠]",2026-08-28T03:09:56.627Z,178788659662700
"-- ending hand #299 --",2026-08-28T03:09:55.935Z,178788659593502
"""LingWae @ FQN9hzhzP_"" collected 40 from pot",2026-08-28T03:09:55.935Z,178788659593501
"Uncalled bet of 47 returned to ""LingWae @ FQN9hzhzP_""",2026-08-28T03:09:55.935Z,178788659593500
"""the pho king @ gpP9uUffpu"" folds",2026-08-28T03:09:55.075Z,178788659507500
"""LingWae @ FQN9hzhzP_"" raises to 67",2026-08-28T03:09:52.952Z,178788659295200
"""the pho king @ gpP9uUffpu"" posts a big blind of 20",2026-08-28T03:09:49.530Z,178788658953005
"""LingWae @ FQN9hzhzP_"" posts a small blind of 10",2026-08-28T03:09:49.530Z,178788658953004
"Your hand is 3♥, 9♣",2026-08-28T03:09:49.530Z,178788658953003
"Player stacks: #1 ""LingWae @ FQN9hzhzP_"" (4548) | #10 ""the pho king @ gpP9uUffpu"" (2452)",2026-08-28T03:09:49.530Z,178788658953001
"-- starting hand #299 (id: 54gjpoqkzaul)  No Limit Texas Hold'em (dealer: ""LingWae @ FQN9hzhzP_"") --",2026-08-28T03:09:49.530Z,178788658953000
"""LingWae @ FQN9hzhzP_"" shows a 10♣.",2026-08-28T03:09:44.548Z,178788658454800
"-- ending hand #298 --",2026-08-28T03:09:42.964Z,178788658296402
"""the pho king @ gpP9uUffpu"" collected 160 from pot with Two Pair, 8's & 4's (combination: 6♠, 4♠, 4♦, 8♦, 8♥)",2026-08-28T03:09:42.964Z,178788658296401
"""the pho king @ gpP9uUffpu"" shows a 8♦, 2♣.",2026-08-28T03:09:42.964Z,178788658296400
"""LingWae @ FQN9hzhzP_"" calls 40",2026-08-28T03:09:42.154Z,178788658215400
"""the pho king @ gpP9uUffpu"" bets 40",2026-08-28T03:09:40.682Z,178788658068200
"""LingWae @ FQN9hzhzP_"" checks",2026-08-28T03:09:39.131Z,178788657913100
"River: 3♠, 8♥, 4♠, 4♦ [6♠]",2026-08-28T03:09:37.079Z,178788657707900
"""LingWae @ FQN9hzhzP_"" calls 20",2026-08-28T03:09:36.251Z,178788657625100
"""the pho king @ gpP9uUffpu"" bets 20",2026-08-28T03:09:35.030Z,178788657503000
"""LingWae @ FQN9hzhzP_"" checks",2026-08-28T03:09:28.401Z,178788656840100
"Turn: 3♠, 8♥, 4♠ [4♦]",2026-08-28T03:09:26.789Z,178788656678900
"""the pho king @ gpP9uUffpu"" checks",2026-08-28T03:09:25.981Z,178788656598100
"""LingWae @ FQN9hzhzP_"" checks",2026-08-28T03:09:24.517Z,178788656451700
"Flop:  [3♠, 8♥, 4♠]",2026-08-28T03:09:20.271Z,178788656027100
"""LingWae @ FQN9hzhzP_"" checks",2026-08-28T03:09:19.412Z,178788655941200
"""the pho king @ gpP9uUffpu"" calls 20",2026-08-28T03:09:17.523Z,178788655752300
"""LingWae @ FQN9hzhzP_"" posts a big blind of 20",2026-08-28T03:09:16.346Z,178788655634605
"""the pho king @ gpP9uUffpu"" posts a small blind of 10",2026-08-28T03:09:16.346Z,178788655634604
"Your hand is 8♦, 2♣",2026-08-28T03:09:16.346Z,178788655634603
"Player stacks: #1 ""LingWae @ FQN9hzhzP_"" (4628) | #10 ""the pho king @ gpP9uUffpu"" (2372)",2026-08-28T03:09:16.346Z,178788655634601
"-- starting hand #298 (id: sw9v0r2mpjhe)  No Limit Texas Hold'em (dealer: ""the pho king @ gpP9uUffpu"") --",2026-08-28T03:09:16.346Z,178788655634600
"""LingWae @ FQN9hzhzP_"" shows a 7♣, 4♥.",2026-08-28T03:09:13.269Z,178788655326900
"-- ending hand #297 --",2026-08-28T03:09:12.665Z,178788655266502
"""LingWae @ FQN9hzhzP_"" collected 172 from pot",2026-08-28T03:09:12.665Z,178788655266501
"Uncalled bet of 167 returned to ""LingWae @ FQN9hzhzP_""",2026-08-28T03:09:12.665Z,178788655266500
"""the pho king @ gpP9uUffpu"" folds",2026-08-28T03:09:11.769Z,178788655176900
"""LingWae @ FQN9hzhzP_"" bets 167",2026-08-28T03:09:10.648Z,178788655064800
"""the pho king @ gpP9uUffpu"" checks",2026-08-28T03:09:07.988Z,178788654798800
"River: K♠, 5♦, 6♠, 8♥ [6♥]",2026-08-28T03:09:06.957Z,178788654695700
"""the pho king @ gpP9uUffpu"" calls 36",2026-08-28T03:09:06.155Z,178788654615500
"""LingWae @ FQN9hzhzP_"" bets 36",2026-08-28T03:09:04.982Z,178788654498200
"""the pho king @ gpP9uUffpu"" checks",2026-08-28T03:09:01.459Z,178788654145900
"Turn: K♠, 5♦, 6♠ [8♥]",2026-08-28T03:09:00.883Z,178788654088300
"""the pho king @ gpP9uUffpu"" calls 30",2026-08-28T03:08:59.991Z,178788653999100
"""LingWae @ FQN9hzhzP_"" bets 30",2026-08-28T03:08:58.814Z,178788653881400
"""the pho king @ gpP9uUffpu"" checks",2026-08-28T03:08:55.049Z,178788653504900
"Flop:  [K♠, 5♦, 6♠]",2026-08-28T03:08:53.854Z,178788653385400
"""the pho king @ gpP9uUffpu"" checks",2026-08-28T03:08:52.953Z,178788653295300
"""LingWae @ FQN9hzhzP_"" calls 20",2026-08-28T03:08:52.023Z,178788653202300
"""the pho king @ gpP9uUffpu"" posts a big blind of 20",2026-08-28T03:08:50.541Z,178788653054105
"""LingWae @ FQN9hzhzP_"" posts a small blind of 10",2026-08-28T03:08:50.541Z,178788653054104
"Player stacks: #1 ""LingWae @ FQN9hzhzP_"" (4542) | #10 ""the pho king @ gpP9uUffpu"" (2458)",2026-08-28T03:08:50.541Z,178788653054101
"-- starting hand #297 (id: nvrl9uiitqmu)  No Limit Texas Hold'em (dealer: ""LingWae @ FQN9hzhzP_"") --",2026-08-28T03:08:50.541Z,178788653054100
"""the pho king @ gpP9uUffpu"" shows a A♥.",2026-08-28T03:08:47.234Z,178788652723400
"""LingWae @ FQN9hzhzP_"" shows a 3♥.",2026-08-28T03:08:45.244Z,178788652524400
"Undealt cards: A♦, 8♣, Q♦ [9♦, 3♠]",2026-08-28T03:08:43.653Z,178788652365300
"-- ending hand #296 --",2026-08-28T03:08:43.235Z,178788652323501
"""the pho king @ gpP9uUffpu"" collected 120 from pot",2026-08-28T03:08:43.235Z,178788652323500
"""LingWae @ FQN9hzhzP_"" folds",2026-08-28T03:08:42.355Z,178788652235500
"Flop:  [A♦, 8♣, Q♦]",2026-08-28T03:08:39.235Z,178788651923500
"""LingWae @ FQN9hzhzP_"" calls 60",2026-08-28T03:08:38.382Z,178788651838200
"""the pho king @ gpP9uUffpu"" raises to 60",2026-08-28T03:08:36.764Z,178788651676400
"""LingWae @ FQN9hzhzP_"" posts a big blind of 20",2026-08-28T03:08:33.802Z,178788651380205
"""the pho king @ gpP9uUffpu"" posts a small blind of 10",2026-08-28T03:08:33.802Z,178788651380204
"Player stacks: #1 ""LingWae @ FQN9hzhzP_"" (4602) | #10 ""the pho king @ gpP9uUffpu"" (2398)",2026-08-28T03:08:33.802Z,178788651380201
"-- starting hand #296 (id: cty9of2zcpeg)  No Limit Texas Hold'em (dealer: ""the pho king @ gpP9uUffpu"") --",2026-08-28T03:08:33.802Z,178788651380200
"""LingWae @ FQN9hzhzP_"" shows a 9♥.",2026-08-28T03:08:31.033Z,178788651103300
"""the pho king @ gpP9uUffpu"" shows a 6♥.",2026-08-28T03:08:30.969Z,178788651096900
"-- ending hand #295 --",2026-08-28T03:08:29.458Z,178788650945802
"""the pho king @ gpP9uUffpu"" collected 688 from pot",2026-08-28T03:08:29.458Z,178788650945801
"Uncalled bet of 300 returned to ""the pho king @ gpP9uUffpu""",2026-08-28T03:08:29.458Z,178788650945800
"""LingWae @ FQN9hzhzP_"" folds",2026-08-28T03:08:28.652Z,178788650865200
"""the pho king @ gpP9uUffpu"" bets 300",2026-08-28T03:08:25.780Z,178788650578000
"River: A♣, 5♠, 6♣, 9♠ [10♦]",2026-08-28T03:08:17.722Z,178788649772200
"""LingWae @ FQN9hzhzP_"" calls 294",2026-08-28T03:08:16.915Z,178788649691500
"""the pho king @ gpP9uUffpu"" raises to 294",2026-08-28T03:08:15.382Z,178788649538200
"""LingWae @ FQN9hzhzP_"" raises to 167",2026-08-28T03:08:06.390Z,178788648639000
"""the pho king @ gpP9uUffpu"" bets 40",2026-08-28T03:08:02.268Z,178788648226800
"Turn: A♣, 5♠, 6♣ [9♠]",2026-08-28T03:07:59.609Z,178788647960900
"""LingWae @ FQN9hzhzP_"" checks",2026-08-28T03:07:58.774Z,178788647877400
"""the pho king @ gpP9uUffpu"" checks",2026-08-28T03:07:57.835Z,178788647783500
"Flop:  [A♣, 5♠, 6♣]",2026-08-28T03:07:55.961Z,178788647596100
"""the pho king @ gpP9uUffpu"" calls 50",2026-08-28T03:07:55.080Z,178788647508000
"""LingWae @ FQN9hzhzP_"" raises to 50",2026-08-28T03:07:52.199Z,178788647219900
"""the pho king @ gpP9uUffpu"" posts a big blind of 20",2026-08-28T03:07:48.157Z,178788646815705
"""LingWae @ FQN9hzhzP_"" posts a small blind of 10",2026-08-28T03:07:48.157Z,178788646815704
"Player stacks: #1 ""LingWae @ FQN9hzhzP_"" (4946) | #10 ""the pho king @ gpP9uUffpu"" (2054)",2026-08-28T03:07:48.157Z,178788646815701
"-- starting hand #295 (id: qgknusvaxnr6)  No Limit Texas Hold'em (dealer: ""LingWae @ FQN9hzhzP_"") --",2026-08-28T03:07:48.157Z,178788646815700
"""LingWae @ FQN9hzhzP_"" shows a 7♣.",2026-08-28T03:07:43.944Z,178788646394400
"Undealt cards: 10♠, 10♥, 3♦, 6♥ [J♥]",2026-08-28T03:07:42.302Z,178788646230200
"-- ending hand #294 --",2026-08-28T03:07:41.548Z,178788646154802
"""the pho king @ gpP9uUffpu"" collected 40 from pot",2026-08-28T03:07:41.548Z,178788646154801
"Uncalled bet of 20 returned to ""the pho king @ gpP9uUffpu""",2026-08-28T03:07:41.548Z,178788646154800
"""LingWae @ FQN9hzhzP_"" folds",2026-08-28T03:07:40.687Z,178788646068700
"""the pho king @ gpP9uUffpu"" bets 20",2026-08-28T03:07:39.753Z,178788645975300
"""LingWae @ FQN9hzhzP_"" checks",2026-08-28T03:07:37.966Z,178788645796600
"Turn: 10♠, 10♥, 3♦ [6♥]",2026-08-28T03:07:36.343Z,178788645634300
"""the pho king @ gpP9uUffpu"" checks",2026-08-28T03:07:35.499Z,178788645549900
"""LingWae @ FQN9hzhzP_"" checks",2026-08-28T03:07:34.046Z,178788645404600
"Flop:  [10♠, 10♥, 3♦]",2026-08-28T03:07:32.141Z,178788645214100
"""LingWae @ FQN9hzhzP_"" checks",2026-08-28T03:07:31.220Z,178788645122000
"""the pho king @ gpP9uUffpu"" calls 20",2026-08-28T03:07:29.614Z,178788644961400
"""LingWae @ FQN9hzhzP_"" posts a big blind of 20",2026-08-28T03:07:28.554Z,178788644855405
"""the pho king @ gpP9uUffpu"" posts a small blind of 10",2026-08-28T03:07:28.554Z,178788644855404
"Player stacks: #1 ""LingWae @ FQN9hzhzP_"" (4966) | #10 ""the pho king @ gpP9uUffpu"" (2034)",2026-08-28T03:07:28.554Z,178788644855401
"-- starting hand #294 (id: 81aqbwjqwpsq)  No Limit Texas Hold'em (dealer: ""the pho king @ gpP9uUffpu"") --",2026-08-28T03:07:28.554Z,178788644855400
"""LingWae @ FQN9hzhzP_"" shows a A♥, 2♦.",2026-08-28T03:07:26.009Z,178788644600900
"-- ending hand #293 --",2026-08-28T03:07:24.896Z,178788644489602
"""LingWae @ FQN9hzhzP_"" collected 226 from pot",2026-08-28T03:07:24.896Z,178788644489601
"Uncalled bet of 167 returned to ""LingWae @ FQN9hzhzP_""",2026-08-28T03:07:24.896Z,178788644489600
"""the pho king @ gpP9uUffpu"" folds",2026-08-28T03:07:24.060Z,178788644406000
"""LingWae @ FQN9hzhzP_"" bets 167",2026-08-28T03:07:23.137Z,178788644313700
"""the pho king @ gpP9uUffpu"" checks",2026-08-28T03:07:20.894Z,178788644089400
"River: 4♣, 7♥, 3♥, 2♣ [A♣]",2026-08-28T03:07:18.332Z,178788643833200
"""LingWae @ FQN9hzhzP_"" checks",2026-08-28T03:07:17.498Z,178788643749800
"""the pho king @ gpP9uUffpu"" checks",2026-08-28T03:07:16.594Z,178788643659400
"Turn: 4♣, 7♥, 3♥ [2♣]",2026-08-28T03:07:15.289Z,178788643528900
"""the pho king @ gpP9uUffpu"" calls 46",2026-08-28T03:07:14.397Z,178788643439700
"""LingWae @ FQN9hzhzP_"" bets 46",2026-08-28T03:07:13.465Z,178788643346500
"""the pho king @ gpP9uUffpu"" checks",2026-08-28T03:07:10.181Z,178788643018100
"Flop:  [4♣, 7♥, 3♥]",2026-08-28T03:07:08.888Z,178788642888800
"""the pho king @ gpP9uUffpu"" calls 67",2026-08-28T03:07:08.032Z,178788642803200
"""LingWae @ FQN9hzhzP_"" raises to 67",2026-08-28T03:07:07.071Z,178788642707100
"""the pho king @ gpP9uUffpu"" posts a big blind of 20",2026-08-28T03:07:03.572Z,178788642357205
"""LingWae @ FQN9hzhzP_"" posts a small blind of 10",2026-08-28T03:07:03.572Z,178788642357204
"Player stacks: #1 ""LingWae @ FQN9hzhzP_"" (4853) | #10 ""the pho king @ gpP9uUffpu"" (2147)",2026-08-28T03:07:03.572Z,178788642357201
"-- starting hand #293 (id: ebirxpotef0n)  No Limit Texas Hold'em (dealer: ""LingWae @ FQN9hzhzP_"") --",2026-08-28T03:07:03.572Z,178788642357200
"""the pho king @ gpP9uUffpu"" shows a 3♥, A♥.",2026-08-28T03:06:59.237Z,178788641923700
"""LingWae @ FQN9hzhzP_"" shows a 10♦, 2♥.",2026-08-28T03:06:58.764Z,178788641876400
"Undealt cards:  [5♣, 2♣, 4♦, 4♣, 10♠]",2026-08-28T03:06:56.500Z,178788641650000
"-- ending hand #292 --",2026-08-28T03:06:56.246Z,178788641624602
"""the pho king @ gpP9uUffpu"" collected 40 from pot",2026-08-28T03:06:56.246Z,178788641624601
"Uncalled bet of 40 returned to ""the pho king @ gpP9uUffpu""",2026-08-28T03:06:56.246Z,178788641624600
"""LingWae @ FQN9hzhzP_"" folds",2026-08-28T03:06:55.392Z,178788641539200
"""the pho king @ gpP9uUffpu"" raises to 60",2026-08-28T03:06:53.209Z,178788641320900
"""LingWae @ FQN9hzhzP_"" posts a big blind of 20",2026-08-28T03:06:51.644Z,178788641164405
"""the pho king @ gpP9uUffpu"" posts a small blind of 10",2026-08-28T03:06:51.644Z,178788641164404
"Your hand is 3♥, A♥",2026-08-28T03:06:51.644Z,178788641164403
"Player stacks: #1 ""LingWae @ FQN9hzhzP_"" (4873) | #10 ""the pho king @ gpP9uUffpu"" (2127)",2026-08-28T03:06:51.644Z,178788641164401
"-- starting hand #292 (id: md3busfjilxn)  No Limit Texas Hold'em (dealer: ""the pho king @ gpP9uUffpu"") --",2026-08-28T03:06:51.644Z,178788641164400
"""the pho king @ gpP9uUffpu"" shows a 4♥, Q♥.",2026-08-28T03:06:49.627Z,178788640962700
"""LingWae @ FQN9hzhzP_"" shows a 2♠.",2026-08-28T03:06:45.908Z,178788640590800
"Undealt cards: A♠, 8♥, J♦, 2♣ [5♣]",2026-08-28T03:06:44.700Z,178788640470000
"-- ending hand #291 --",2026-08-28T03:06:44.295Z,178788640429502
"""LingWae @ FQN9hzhzP_"" collected 40 from pot",2026-08-28T03:06:44.295Z,178788640429501
"Uncalled bet of 20 returned to ""LingWae @ FQN9hzhzP_""",2026-08-28T03:06:44.295Z,178788640429500
"""the pho king @ gpP9uUffpu"" folds",2026-08-28T03:06:43.480Z,178788640348000
"""LingWae @ FQN9hzhzP_"" bets 20",2026-08-28T03:06:42.552Z,178788640255200
"""the pho king @ gpP9uUffpu"" checks",2026-08-28T03:06:40.271Z,178788640027100
"Turn: A♠, 8♥, J♦ [2♣]",2026-08-28T03:06:39.867Z,178788639986700
"""LingWae @ FQN9hzhzP_"" checks",2026-08-28T03:06:39.052Z,178788639905200
"""the pho king @ gpP9uUffpu"" checks",2026-08-28T03:06:37.376Z,178788639737600
"Flop:  [A♠, 8♥, J♦]",2026-08-28T03:06:36.178Z,178788639617800
"""the pho king @ gpP9uUffpu"" checks",2026-08-28T03:06:35.356Z,178788639535600
"""LingWae @ FQN9hzhzP_"" calls 20",2026-08-28T03:06:34.449Z,178788639444900
"""the pho king @ gpP9uUffpu"" posts a big blind of 20",2026-08-28T03:06:32.288Z,178788639228805
"""LingWae @ FQN9hzhzP_"" posts a small blind of 10",2026-08-28T03:06:32.288Z,178788639228804
"Your hand is 4♥, Q♥",2026-08-28T03:06:32.288Z,178788639228803
"Player stacks: #1 ""LingWae @ FQN9hzhzP_"" (4853) | #10 ""the pho king @ gpP9uUffpu"" (2147)",2026-08-28T03:06:32.288Z,178788639228801
"-- starting hand #291 (id: e8ytu4mqsbj4)  No Limit Texas Hold'em (dealer: ""LingWae @ FQN9hzhzP_"") --",2026-08-28T03:06:32.288Z,178788639228800
"""the pho king @ gpP9uUffpu"" shows a A♦.",2026-08-28T03:06:27.584Z,178788638758400
"""LingWae @ FQN9hzhzP_"" shows a 6♠, 6♥.",2026-08-28T03:06:27.271Z,178788638727100
"Undealt cards:  [2♦, K♦, 9♦, 5♠, 7♦]",2026-08-28T03:06:25.278Z,178788638527800
"-- ending hand #290 --",2026-08-28T03:06:24.963Z,178788638496302
"""LingWae @ FQN9hzhzP_"" collected 80 from pot",2026-08-28T03:06:24.963Z,178788638496301
"Uncalled bet of 120 returned to ""LingWae @ FQN9hzhzP_""",2026-08-28T03:06:24.963Z,178788638496300
"""the pho king @ gpP9uUffpu"" folds",2026-08-28T03:06:24.150Z,178788638415000
"""LingWae @ FQN9hzhzP_"" raises to 160",2026-08-28T03:06:20.348Z,178788638034800
"""the pho king @ gpP9uUffpu"" raises to 40",2026-08-28T03:06:16.691Z,178788637669100
"""LingWae @ FQN9hzhzP_"" posts a big blind of 20",2026-08-28T03:06:15.660Z,178788637566005
"""the pho king @ gpP9uUffpu"" posts a small blind of 10",2026-08-28T03:06:15.660Z,178788637566004
"Player stacks: #1 ""LingWae @ FQN9hzhzP_"" (4813) | #10 ""the pho king @ gpP9uUffpu"" (2187)",2026-08-28T03:06:15.660Z,178788637566001
"-- starting hand #290 (id: nxjr8fjcepgp)  No Limit Texas Hold'em (dealer: ""the pho king @ gpP9uUffpu"") --",2026-08-28T03:06:15.660Z,178788637566000
"""the pho king @ gpP9uUffpu"" shows a K♥.",2026-08-28T03:06:10.894Z,178788637089400
"-- ending hand #289 --",2026-08-28T03:06:09.151Z,178788636915102
"""LingWae @ FQN9hzhzP_"" collected 434 from pot with Two Pair, 7's & 6's (combination: K♦, 6♦, 6♠, 7♦, 7♣)",2026-08-28T03:06:09.151Z,178788636915101
"""LingWae @ FQN9hzhzP_"" shows a 6♦, 7♦.",2026-08-28T03:06:09.151Z,178788636915100
"""the pho king @ gpP9uUffpu"" calls 167",2026-08-28T03:06:08.317Z,178788636831700
"""LingWae @ FQN9hzhzP_"" raises to 167",2026-08-28T03:05:58.202Z,178788635820200
"""the pho king @ gpP9uUffpu"" bets 40",2026-08-28T03:05:55.997Z,178788635599700
"River: 4♥, 9♠, 6♠, K♦ [7♣]",2026-08-28T03:05:54.048Z,178788635404800
"""LingWae @ FQN9hzhzP_"" checks",2026-08-28T03:05:53.198Z,178788635319800
"""the pho king @ gpP9uUffpu"" checks",2026-08-28T03:05:52.272Z,178788635227200
"Turn: 4♥, 9♠, 6♠ [K♦]",2026-08-28T03:05:51.155Z,178788635115500
"""LingWae @ FQN9hzhzP_"" checks",2026-08-28T03:05:50.315Z,178788635031500
"""the pho king @ gpP9uUffpu"" checks",2026-08-28T03:05:49.348Z,178788634934800
"Flop:  [4♥, 9♠, 6♠]",2026-08-28T03:05:47.646Z,178788634764600
"""the pho king @ gpP9uUffpu"" calls 50",2026-08-28T03:05:46.786Z,178788634678600
"""LingWae @ FQN9hzhzP_"" raises to 50",2026-08-28T03:05:45.871Z,178788634587100
"""the pho king @ gpP9uUffpu"" posts a big blind of 20",2026-08-28T03:05:43.268Z,178788634326805
"""LingWae @ FQN9hzhzP_"" posts a small blind of 10",2026-08-28T03:05:43.268Z,178788634326804
"Player stacks: #1 ""LingWae @ FQN9hzhzP_"" (4596) | #10 ""the pho king @ gpP9uUffpu"" (2404)",2026-08-28T03:05:43.268Z,178788634326801
"-- starting hand #289 (id: 7t6riga3jmaz)  No Limit Texas Hold'em (dealer: ""LingWae @ FQN9hzhzP_"") --",2026-08-28T03:05:43.268Z,178788634326800
"""LingWae @ FQN9hzhzP_"" shows a K♣, 9♣.",2026-08-28T03:05:40.856Z,178788634085600
"-- ending hand #288 --",2026-08-28T03:05:39.622Z,178788633962201
"""the pho king @ gpP9uUffpu"" collected 504 from pot",2026-08-28T03:05:39.622Z,178788633962200
"""LingWae @ FQN9hzhzP_"" folds",2026-08-28T03:05:38.783Z,178788633878300
"River: 5♣, 10♦, A♥, J♥ [7♠]",2026-08-28T03:05:32.953Z,178788633295300
"""LingWae @ FQN9hzhzP_"" calls 132",2026-08-28T03:05:32.131Z,178788633213100
"""the pho king @ gpP9uUffpu"" raises to 132",2026-08-28T03:05:27.246Z,178788632724600
"""LingWae @ FQN9hzhzP_"" bets 36",2026-08-28T03:05:25.136Z,178788632513600
"Turn: 5♣, 10♦, A♥ [J♥]",2026-08-28T03:05:21.766Z,178788632176600
"""the pho king @ gpP9uUffpu"" checks",2026-08-28T03:05:20.956Z,178788632095600
"""LingWae @ FQN9hzhzP_"" checks",2026-08-28T03:05:20.011Z,178788632001100
"Flop:  [5♣, 10♦, A♥]",2026-08-28T03:05:18.475Z,178788631847500
"""the pho king @ gpP9uUffpu"" calls 120",2026-08-28T03:05:17.673Z,178788631767300
"""LingWae @ FQN9hzhzP_"" raises to 120",2026-08-28T03:05:15.988Z,178788631598800
"""the pho king @ gpP9uUffpu"" raises to 40",2026-08-28T03:05:13.464Z,178788631346400
"""LingWae @ FQN9hzhzP_"" posts a big blind of 20",2026-08-28T03:05:12.184Z,178788631218405
"""the pho king @ gpP9uUffpu"" posts a small blind of 10",2026-08-28T03:05:12.184Z,178788631218404
"Player stacks: #1 ""LingWae @ FQN9hzhzP_"" (4848) | #10 ""the pho king @ gpP9uUffpu"" (2152)",2026-08-28T03:05:12.184Z,178788631218401
"-- starting hand #288 (id: 9g2sqah12kyh)  No Limit Texas Hold'em (dealer: ""the pho king @ gpP9uUffpu"") --",2026-08-28T03:05:12.184Z,178788631218400
"""LingWae @ FQN9hzhzP_"" collected 100 from the 7-2 bounty",2026-08-28T03:05:09.269Z,178788630926901
"""the pho king @ gpP9uUffpu"" paid 100 for the 7-2 bounty to ""LingWae @ FQN9hzhzP_""",2026-08-28T03:05:09.269Z,178788630926900
"""LingWae @ FQN9hzhzP_"" shows a 2♣, 7♦.",2026-08-28T03:05:04.288Z,178788630428800
"Undealt cards:  [A♥, 8♦, 9♠, K♥, J♥]",2026-08-28T03:05:03.126Z,178788630312600
"-- ending hand #287 --",2026-08-28T03:05:02.585Z,178788630258502
"""LingWae @ FQN9hzhzP_"" collected 40 from pot",2026-08-28T03:05:02.585Z,178788630258501
"Uncalled bet of 100 returned to ""LingWae @ FQN9hzhzP_""",2026-08-28T03:05:02.585Z,178788630258500
"""the pho king @ gpP9uUffpu"" folds",2026-08-28T03:05:01.640Z,178788630164000
"""LingWae @ FQN9hzhzP_"" raises to 120",2026-08-28T03:05:00.221Z,178788630022100
"""the pho king @ gpP9uUffpu"" posts a big blind of 20",2026-08-28T03:04:56.862Z,178788629686205
"""LingWae @ FQN9hzhzP_"" posts a small blind of 10",2026-08-28T03:04:56.862Z,178788629686204
"Player stacks: #1 ""LingWae @ FQN9hzhzP_"" (4728) | #10 ""the pho king @ gpP9uUffpu"" (2272)",2026-08-28T03:04:56.862Z,178788629686201
"-- starting hand #287 (id: wcyzzhhso41g)  No Limit Texas Hold'em (dealer: ""LingWae @ FQN9hzhzP_"") --",2026-08-28T03:04:56.862Z,178788629686200
"""LingWae @ FQN9hzhzP_"" shows a 7♠, 8♥.",2026-08-28T03:04:51.847Z,178788629184700
"-- ending hand #286 --",2026-08-28T03:04:50.256Z,178788629025602
"""the pho king @ gpP9uUffpu"" collected 592 from pot with Pair, Q's (combination: 7♦, 10♣, K♦, Q♦, Q♥)",2026-08-28T03:04:50.256Z,178788629025601
"""the pho king @ gpP9uUffpu"" shows a Q♦, K♦.",2026-08-28T03:04:50.256Z,178788629025600
"""LingWae @ FQN9hzhzP_"" calls 160",2026-08-28T03:04:49.405Z,178788628940500
"""the pho king @ gpP9uUffpu"" bets 160",2026-08-28T03:04:48.495Z,178788628849500
"""LingWae @ FQN9hzhzP_"" checks",2026-08-28T03:04:45.642Z,178788628564200
"River: 7♦, 10♣, 2♦, 6♠ [Q♥]",2026-08-28T03:04:44.040Z,178788628404000
"""LingWae @ FQN9hzhzP_"" calls 40",2026-08-28T03:04:43.138Z,178788628313800
"""the pho king @ gpP9uUffpu"" bets 40",2026-08-28T03:04:42.202Z,178788628220200
"""LingWae @ FQN9hzhzP_"" checks",2026-08-28T03:04:40.520Z,178788628052000
"Turn: 7♦, 10♣, 2♦ [6♠]",2026-08-28T03:04:38.838Z,178788627883800
"""the pho king @ gpP9uUffpu"" calls 36",2026-08-28T03:04:37.970Z,178788627797000
"""LingWae @ FQN9hzhzP_"" bets 36",2026-08-28T03:04:36.577Z,178788627657700
"Flop:  [7♦, 10♣, 2♦]",2026-08-28T03:04:31.662Z,178788627166200
"""LingWae @ FQN9hzhzP_"" calls 60",2026-08-28T03:04:30.834Z,178788627083400
"""the pho king @ gpP9uUffpu"" raises to 60",2026-08-28T03:04:29.143Z,178788626914300
"""LingWae @ FQN9hzhzP_"" posts a big blind of 20",2026-08-28T03:04:27.580Z,178788626758005
"""the pho king @ gpP9uUffpu"" posts a small blind of 10",2026-08-28T03:04:27.580Z,178788626758004
"Your hand is Q♦, K♦",2026-08-28T03:04:27.580Z,178788626758003
"Player stacks: #1 ""LingWae @ FQN9hzhzP_"" (5024) | #10 ""the pho king @ gpP9uUffpu"" (1976)",2026-08-28T03:04:27.580Z,178788626758001
"-- starting hand #286 (id: cygqgmwpa71h)  No Limit Texas Hold'em (dealer: ""the pho king @ gpP9uUffpu"") --",2026-08-28T03:04:27.580Z,178788626758000
"""LingWae @ FQN9hzhzP_"" shows a 10♥.",2026-08-28T03:04:25.473Z,178788626547300
"""LingWae @ FQN9hzhzP_"" shows a 5♠.",2026-08-28T03:04:22.737Z,178788626273700
"-- ending hand #285 --",2026-08-28T03:04:21.040Z,178788626104002
"""the pho king @ gpP9uUffpu"" collected 160 from pot with Pair, 6's (combination: 9♦, Q♠, A♦, 6♠, 6♥)",2026-08-28T03:04:21.040Z,178788626104001
"""the pho king @ gpP9uUffpu"" shows a A♦, 8♠.",2026-08-28T03:04:21.040Z,178788626104000
"""LingWae @ FQN9hzhzP_"" calls 20",2026-08-28T03:04:20.194Z,178788626019400
"""the pho king @ gpP9uUffpu"" bets 20",2026-08-28T03:04:17.868Z,178788625786800
"River: 9♦, 2♠, 6♠, 6♥ [Q♠]",2026-08-28T03:04:16.837Z,178788625683700
"""LingWae @ FQN9hzhzP_"" checks",2026-08-28T03:04:15.986Z,178788625598600
"""the pho king @ gpP9uUffpu"" checks",2026-08-28T03:04:15.077Z,178788625507700
"Turn: 9♦, 2♠, 6♠ [6♥]",2026-08-28T03:04:14.226Z,178788625422600
"""LingWae @ FQN9hzhzP_"" checks",2026-08-28T03:04:13.396Z,178788625339600
"""the pho king @ gpP9uUffpu"" checks",2026-08-28T03:04:12.471Z,178788625247100
"Flop:  [9♦, 2♠, 6♠]",2026-08-28T03:04:11.421Z,178788625142100
"""LingWae @ FQN9hzhzP_"" calls 60",2026-08-28T03:04:10.570Z,178788625057000
"""the pho king @ gpP9uUffpu"" raises to 60",2026-08-28T03:04:09.656Z,178788624965600
"""LingWae @ FQN9hzhzP_"" calls 20",2026-08-28T03:04:07.989Z,178788624798900
"""the pho king @ gpP9uUffpu"" posts a big blind of 20",2026-08-28T03:04:06.200Z,178788624620005
"""LingWae @ FQN9hzhzP_"" posts a small blind of 10",2026-08-28T03:04:06.200Z,178788624620004
"Your hand is A♦, 8♠",2026-08-28T03:04:06.200Z,178788624620003
"Player stacks: #1 ""LingWae @ FQN9hzhzP_"" (5104) | #10 ""the pho king @ gpP9uUffpu"" (1896)",2026-08-28T03:04:06.200Z,178788624620001
"-- starting hand #285 (id: kglrrpazf6ut)  No Limit Texas Hold'em (dealer: ""LingWae @ FQN9hzhzP_"") --",2026-08-28T03:04:06.200Z,178788624620000
"""LingWae @ FQN9hzhzP_"" shows a 8♠, A♣.",2026-08-28T03:04:01.921Z,178788624192100
"Undealt cards: 8♦, 7♦, J♥ [K♥, 5♦]",2026-08-28T03:04:00.627Z,178788624062700
"-- ending hand #284 --",2026-08-28T03:03:59.531Z,178788623953102
"""LingWae @ FQN9hzhzP_"" collected 80 from pot",2026-08-28T03:03:59.531Z,178788623953101
"Uncalled bet of 46 returned to ""LingWae @ FQN9hzhzP_""",2026-08-28T03:03:59.531Z,178788623953100
"""the pho king @ gpP9uUffpu"" folds",2026-08-28T03:03:58.712Z,178788623871200
"""LingWae @ FQN9hzhzP_"" bets 46",2026-08-28T03:03:57.576Z,178788623757600
"Flop:  [8♦, 7♦, J♥]",2026-08-28T03:03:53.462Z,178788623346200
"""LingWae @ FQN9hzhzP_"" calls 40",2026-08-28T03:03:52.617Z,178788623261700
"""the pho king @ gpP9uUffpu"" raises to 40",2026-08-28T03:03:51.711Z,178788623171100
"""LingWae @ FQN9hzhzP_"" posts a big blind of 20",2026-08-28T03:03:50.461Z,178788623046105
"""the pho king @ gpP9uUffpu"" posts a small blind of 10",2026-08-28T03:03:50.461Z,178788623046104
"Player stacks: #1 ""LingWae @ FQN9hzhzP_"" (5064) | #10 ""the pho king @ gpP9uUffpu"" (1936)",2026-08-28T03:03:50.461Z,178788623046101
"-- starting hand #284 (id: x0o7ultufc36)  No Limit Texas Hold'em (dealer: ""the pho king @ gpP9uUffpu"") --",2026-08-28T03:03:50.461Z,178788623046100
"""LingWae @ FQN9hzhzP_"" shows a 10♦.",2026-08-28T03:03:48.467Z,178788622846700
"-- ending hand #283 --",2026-08-28T03:03:46.808Z,178788622680802
"""the pho king @ gpP9uUffpu"" collected 160 from pot",2026-08-28T03:03:46.808Z,178788622680801
"Uncalled bet of 160 returned to ""the pho king @ gpP9uUffpu""",2026-08-28T03:03:46.808Z,178788622680800
"""LingWae @ FQN9hzhzP_"" folds",2026-08-28T03:03:45.989Z,178788622598900
"""the pho king @ gpP9uUffpu"" bets 160",2026-08-28T03:03:44.898Z,178788622489800
"River: K♣, A♣, Q♦, 2♦ [8♣]",2026-08-28T03:03:42.913Z,178788622291300
"""LingWae @ FQN9hzhzP_"" calls 40",2026-08-28T03:03:42.098Z,178788622209800
"""the pho king @ gpP9uUffpu"" bets 40",2026-08-28T03:03:40.335Z,178788622033500
"Turn: K♣, A♣, Q♦ [2♦]",2026-08-28T03:03:38.710Z,178788621871000
"""LingWae @ FQN9hzhzP_"" checks",2026-08-28T03:03:37.883Z,178788621788300
"""the pho king @ gpP9uUffpu"" checks",2026-08-28T03:03:36.444Z,178788621644400
"Flop:  [K♣, A♣, Q♦]",2026-08-28T03:03:35.779Z,178788621577900
"""the pho king @ gpP9uUffpu"" calls 40",2026-08-28T03:03:34.972Z,178788621497200
"""LingWae @ FQN9hzhzP_"" raises to 40",2026-08-28T03:03:34.070Z,178788621407000
"""the pho king @ gpP9uUffpu"" posts a big blind of 20",2026-08-28T03:03:31.473Z,178788621147305
"""LingWae @ FQN9hzhzP_"" posts a small blind of 10",2026-08-28T03:03:31.473Z,178788621147304
"Player stacks: #1 ""LingWae @ FQN9hzhzP_"" (5144) | #10 ""the pho king @ gpP9uUffpu"" (1856)",2026-08-28T03:03:31.473Z,178788621147301
"-- starting hand #283 (id: bkyipjvi3cbz)  No Limit Texas Hold'em (dealer: ""LingWae @ FQN9hzhzP_"") --",2026-08-28T03:03:31.473Z,178788621147300
"""the pho king @ gpP9uUffpu"" shows a 4♠, 5♥.",2026-08-28T03:03:30.060Z,178788621006000
"""LingWae @ FQN9hzhzP_"" shows a 8♣, 3♠.",2026-08-28T03:03:28.316Z,178788620831600
"Undealt cards:  [A♥, 7♣, A♣, 2♠, 5♣]",2026-08-28T03:03:24.296Z,178788620429600
"-- ending hand #282 --",2026-08-28T03:03:24.099Z,178788620409902
"""the pho king @ gpP9uUffpu"" collected 40 from pot",2026-08-28T03:03:24.099Z,178788620409901
"Uncalled bet of 20 returned to ""the pho king @ gpP9uUffpu""",2026-08-28T03:03:24.099Z,178788620409900
"""LingWae @ FQN9hzhzP_"" folds",2026-08-28T03:03:23.270Z,178788620327000
"""the pho king @ gpP9uUffpu"" raises to 40",2026-08-28T03:03:22.307Z,178788620230700
"""LingWae @ FQN9hzhzP_"" posts a big blind of 20",2026-08-28T03:03:20.867Z,178788620086705
"""the pho king @ gpP9uUffpu"" posts a small blind of 10",2026-08-28T03:03:20.867Z,178788620086704
"Your hand is 4♠, 5♥",2026-08-28T03:03:20.867Z,178788620086703
"Player stacks: #1 ""LingWae @ FQN9hzhzP_"" (5164) | #10 ""the pho king @ gpP9uUffpu"" (1836)",2026-08-28T03:03:20.867Z,178788620086701
"-- starting hand #282 (id: vndgxjatql1q)  No Limit Texas Hold'em (dealer: ""the pho king @ gpP9uUffpu"") --",2026-08-28T03:03:20.867Z,178788620086700
"""LingWae @ FQN9hzhzP_"" shows a 4♠, 5♦.",2026-08-28T03:03:15.534Z,178788619553400
"-- ending hand #281 --",2026-08-28T03:03:14.358Z,178788619435802
"""the pho king @ gpP9uUffpu"" collected 80 from pot with Two Pair, K's & 6's (combination: 9♠, 6♣, 6♠, K♥, K♠)",2026-08-28T03:03:14.358Z,178788619435801
"""the pho king @ gpP9uUffpu"" shows a 6♣, 2♥.",2026-08-28T03:03:14.358Z,178788619435800
"""LingWae @ FQN9hzhzP_"" calls 20",2026-08-28T03:03:13.482Z,178788619348200
"""the pho king @ gpP9uUffpu"" bets 20",2026-08-28T03:03:12.450Z,178788619245000
"River: K♥, K♠, 8♦, 9♠ [6♠]",2026-08-28T03:03:11.257Z,178788619125700
"""LingWae @ FQN9hzhzP_"" checks",2026-08-28T03:03:10.410Z,178788619041000
"""the pho king @ gpP9uUffpu"" checks",2026-08-28T03:03:09.351Z,178788618935100
"Turn: K♥, K♠, 8♦ [9♠]",2026-08-28T03:03:08.467Z,178788618846700
"""LingWae @ FQN9hzhzP_"" checks",2026-08-28T03:03:07.660Z,178788618766000
"""the pho king @ gpP9uUffpu"" checks",2026-08-28T03:03:06.747Z,178788618674700
"Flop:  [K♥, K♠, 8♦]",2026-08-28T03:03:05.056Z,178788618505600
"""the pho king @ gpP9uUffpu"" checks",2026-08-28T03:03:04.232Z,178788618423200
"""LingWae @ FQN9hzhzP_"" calls 20",2026-08-28T03:03:03.096Z,178788618309600
"""the pho king @ gpP9uUffpu"" posts a big blind of 20",2026-08-28T03:03:01.596Z,178788618159605
"""LingWae @ FQN9hzhzP_"" posts a small blind of 10",2026-08-28T03:03:01.596Z,178788618159604
"Your hand is 6♣, 2♥",2026-08-28T03:03:01.596Z,178788618159603
"Player stacks: #1 ""LingWae @ FQN9hzhzP_"" (5204) | #10 ""the pho king @ gpP9uUffpu"" (1796)",2026-08-28T03:03:01.596Z,178788618159601
"-- starting hand #281 (id: wowjbrnwhgaw)  No Limit Texas Hold'em (dealer: ""LingWae @ FQN9hzhzP_"") --",2026-08-28T03:03:01.596Z,178788618159600
"""LingWae @ FQN9hzhzP_"" shows a 5♦, 10♠.",2026-08-28T03:02:57.263Z,178788617726300
"Undealt cards:  [8♣, J♦, J♥, 7♣, 9♣]",2026-08-28T03:02:56.790Z,178788617679000
"-- ending hand #280 --",2026-08-28T03:02:54.936Z,178788617493602
"""the pho king @ gpP9uUffpu"" collected 40 from pot",2026-08-28T03:02:54.936Z,178788617493601
"Uncalled bet of 40 returned to ""the pho king @ gpP9uUffpu""",2026-08-28T03:02:54.936Z,178788617493600
"""LingWae @ FQN9hzhzP_"" folds",2026-08-28T03:02:54.082Z,178788617408200
"""the pho king @ gpP9uUffpu"" raises to 60",2026-08-28T03:02:52.406Z,178788617240600
"""LingWae @ FQN9hzhzP_"" posts a big blind of 20",2026-08-28T03:02:48.929Z,178788616892905
"""the pho king @ gpP9uUffpu"" posts a small blind of 10",2026-08-28T03:02:48.929Z,178788616892904
"Player stacks: #1 ""LingWae @ FQN9hzhzP_"" (5224) | #10 ""the pho king @ gpP9uUffpu"" (1776)",2026-08-28T03:02:48.929Z,178788616892901
"-- starting hand #280 (id: tcvjvf6u5eey)  No Limit Texas Hold'em (dealer: ""the pho king @ gpP9uUffpu"") --",2026-08-28T03:02:48.929Z,178788616892900
"""LingWae @ FQN9hzhzP_"" shows a 5♥.",2026-08-28T03:02:42.744Z,178788616274400
"Undealt cards: 5♠, Q♣, 10♣ [8♠, 2♣]",2026-08-28T03:02:42.658Z,178788616265800
"-- ending hand #279 --",2026-08-28T03:02:42.298Z,178788616229802
"""the pho king @ gpP9uUffpu"" collected 160 from pot",2026-08-28T03:02:42.298Z,178788616229801
"Uncalled bet of 40 returned to ""the pho king @ gpP9uUffpu""",2026-08-28T03:02:42.298Z,178788616229800
"""LingWae @ FQN9hzhzP_"" folds",2026-08-28T03:02:41.409Z,178788616140900
"""the pho king @ gpP9uUffpu"" raises to 60",2026-08-28T03:02:36.856Z,178788615685600
"""LingWae @ FQN9hzhzP_"" bets 20",2026-08-28T03:02:31.828Z,178788615182800
"""the pho king @ gpP9uUffpu"" checks",2026-08-28T03:02:29.650Z,178788614965000
"Flop:  [5♠, Q♣, 10♣]",2026-08-28T03:02:28.279Z,178788614827900
"""LingWae @ FQN9hzhzP_"" calls 60",2026-08-28T03:02:27.378Z,178788614737800
"""the pho king @ gpP9uUffpu"" raises to 60",2026-08-28T03:02:26.460Z,178788614646000
"""LingWae @ FQN9hzhzP_"" calls 20",2026-08-28T03:02:24.194Z,178788614419400
"""the pho king @ gpP9uUffpu"" posts a big blind of 20",2026-08-28T03:02:22.481Z,178788614248105
"""LingWae @ FQN9hzhzP_"" posts a small blind of 10",2026-08-28T03:02:22.481Z,178788614248104
"Player stacks: #1 ""LingWae @ FQN9hzhzP_"" (5304) | #10 ""the pho king @ gpP9uUffpu"" (1696)",2026-08-28T03:02:22.481Z,178788614248101
"-- starting hand #279 (id: l8h0tvugplxf)  No Limit Texas Hold'em (dealer: ""LingWae @ FQN9hzhzP_"") --",2026-08-28T03:02:22.481Z,178788614248100
"""LingWae @ FQN9hzhzP_"" shows a Q♣, 4♣.",2026-08-28T03:02:17.174Z,178788613717400
"""the pho king @ gpP9uUffpu"" shows a 10♥.",2026-08-28T03:02:16.784Z,178788613678400
"Undealt cards: 4♥, 6♠, 6♥ [2♥, Q♥]",2026-08-28T03:02:15.540Z,178788613554000
"-- ending hand #278 --",2026-08-28T03:02:15.164Z,178788613516402
"""LingWae @ FQN9hzhzP_"" collected 120 from pot",2026-08-28T03:02:15.164Z,178788613516401
"Uncalled bet of 20 returned to ""LingWae @ FQN9hzhzP_""",2026-08-28T03:02:15.164Z,178788613516400
"""the pho king @ gpP9uUffpu"" folds",2026-08-28T03:02:14.316Z,178788613431600
"""LingWae @ FQN9hzhzP_"" bets 20",2026-08-28T03:02:12.068Z,178788613206800
"Flop:  [4♥, 6♠, 6♥]",2026-08-28T03:02:08.030Z,178788612803000
"""LingWae @ FQN9hzhzP_"" calls 60",2026-08-28T03:02:07.175Z,178788612717500
"""the pho king @ gpP9uUffpu"" raises to 60",2026-08-28T03:02:05.498Z,178788612549800
"""LingWae @ FQN9hzhzP_"" posts a big blind of 20",2026-08-28T03:02:03.470Z,178788612347005
"""the pho king @ gpP9uUffpu"" posts a small blind of 10",2026-08-28T03:02:03.470Z,178788612347004
"Player stacks: #1 ""LingWae @ FQN9hzhzP_"" (5244) | #10 ""the pho king @ gpP9uUffpu"" (1756)",2026-08-28T03:02:03.470Z,178788612347001
"-- starting hand #278 (id: y9tn8vehma8p)  No Limit Texas Hold'em (dealer: ""the pho king @ gpP9uUffpu"") --",2026-08-28T03:02:03.470Z,178788612347000
"""LingWae @ FQN9hzhzP_"" shows a 2♠.",2026-08-28T03:02:01.116Z,178788612111600
"-- ending hand #277 --",2026-08-28T03:01:56.948Z,178788611694802
"""the pho king @ gpP9uUffpu"" collected 480 from pot with Full House, 7's over 3's (combination: 3♠, 3♦, 7♥, 7♠, 7♣)",2026-08-28T03:01:56.948Z,178788611694801
"""the pho king @ gpP9uUffpu"" shows a 7♥, 3♠.",2026-08-28T03:01:56.948Z,178788611694800
"""LingWae @ FQN9hzhzP_"" calls 160",2026-08-28T03:01:56.116Z,178788611611600
"""the pho king @ gpP9uUffpu"" bets 160",2026-08-28T03:01:54.668Z,178788611466800
"River: 7♠, 2♣, 7♣, 4♥ [3♦]",2026-08-28T03:01:46.344Z,178788610634400
"""LingWae @ FQN9hzhzP_"" calls 60",2026-08-28T03:01:45.442Z,178788610544200
"""the pho king @ gpP9uUffpu"" raises to 60",2026-08-28T03:01:44.436Z,178788610443600
"""LingWae @ FQN9hzhzP_"" bets 20",2026-08-28T03:01:42.036Z,178788610203600
"""the pho king @ gpP9uUffpu"" checks",2026-08-28T03:01:40.175Z,178788610017500
"Turn: 7♠, 2♣, 7♣ [4♥]",2026-08-28T03:01:38.767Z,178788609876700
"""LingWae @ FQN9hzhzP_"" checks",2026-08-28T03:01:37.939Z,178788609793900
"""the pho king @ gpP9uUffpu"" checks",2026-08-28T03:01:35.657Z,178788609565700
"Flop:  [7♠, 2♣, 7♣]",2026-08-28T03:01:34.368Z,178788609436800
"""the pho king @ gpP9uUffpu"" checks",2026-08-28T03:01:33.557Z,178788609355700
"""LingWae @ FQN9hzhzP_"" calls 20",2026-08-28T03:01:30.729Z,178788609072900
"""the pho king @ gpP9uUffpu"" posts a big blind of 20",2026-08-28T03:01:29.589Z,178788608958905
"""LingWae @ FQN9hzhzP_"" posts a small blind of 10",2026-08-28T03:01:29.589Z,178788608958904
"Your hand is 7♥, 3♠",2026-08-28T03:01:29.589Z,178788608958903
"Player stacks: #1 ""LingWae @ FQN9hzhzP_"" (5484) | #10 ""the pho king @ gpP9uUffpu"" (1516)",2026-08-28T03:01:29.589Z,178788608958901
"-- starting hand #277 (id: tjfrz5we8fxu)  No Limit Texas Hold'em (dealer: ""LingWae @ FQN9hzhzP_"") --",2026-08-28T03:01:29.589Z,178788608958900
"-- ending hand #276 --",2026-08-28T03:01:23.585Z,178788608358503
"""LingWae @ FQN9hzhzP_"" collected 120 from pot with Pair, 10's (combination: J♥, Q♠, K♣, 10♣, 10♥)",2026-08-28T03:01:23.585Z,178788608358502
"""LingWae @ FQN9hzhzP_"" shows a Q♠, K♣.",2026-08-28T03:01:23.585Z,178788608358501
"""the pho king @ gpP9uUffpu"" shows a 8♣, 2♠.",2026-08-28T03:01:23.585Z,178788608358500
"""LingWae @ FQN9hzhzP_"" calls 40",2026-08-28T03:01:22.777Z,178788608277700
"""the pho king @ gpP9uUffpu"" bets 40",2026-08-28T03:01:21.782Z,178788608178200
"""LingWae @ FQN9hzhzP_"" checks",2026-08-28T03:01:20.018Z,178788608001800
"River: 10♣, 6♦, 10♥, 5♣ [J♥]",2026-08-28T03:01:18.182Z,178788607818200
"""the pho king @ gpP9uUffpu"" checks",2026-08-28T03:01:17.367Z,178788607736700
"""LingWae @ FQN9hzhzP_"" checks",2026-08-28T03:01:16.442Z,178788607644200
"Turn: 10♣, 6♦, 10♥ [5♣]",2026-08-28T03:01:15.087Z,178788607508700
"""the pho king @ gpP9uUffpu"" checks",2026-08-28T03:01:14.230Z,178788607423000
"""LingWae @ FQN9hzhzP_"" checks",2026-08-28T03:01:13.315Z,178788607331500
"Flop:  [10♣, 6♦, 10♥]",2026-08-28T03:01:11.580Z,178788607158000
"""LingWae @ FQN9hzhzP_"" checks",2026-08-28T03:01:10.763Z,178788607076300
"""the pho king @ gpP9uUffpu"" calls 20",2026-08-28T03:01:08.813Z,178788606881300
"""LingWae @ FQN9hzhzP_"" posts a big blind of 20",2026-08-28T03:01:07.722Z,178788606772205
"""the pho king @ gpP9uUffpu"" posts a small blind of 10",2026-08-28T03:01:07.722Z,178788606772204
"Your hand is 8♣, 2♠",2026-08-28T03:01:07.722Z,178788606772203
"Player stacks: #1 ""LingWae @ FQN9hzhzP_"" (5424) | #10 ""the pho king @ gpP9uUffpu"" (1576)",2026-08-28T03:01:07.722Z,178788606772201
"-- starting hand #276 (id: iykshhxnwzz7)  No Limit Texas Hold'em (dealer: ""the pho king @ gpP9uUffpu"") --",2026-08-28T03:01:07.722Z,178788606772200
"-- ending hand #275 --",2026-08-28T03:01:01.675Z,178788606167503
"""LingWae @ FQN9hzhzP_"" collected 360 from pot with Pair, K's (combination: J♣, Q♠, A♥, K♣, K♠)",2026-08-28T03:01:01.675Z,178788606167502
"""LingWae @ FQN9hzhzP_"" shows a A♥, Q♠.",2026-08-28T03:01:01.675Z,178788606167501
"""the pho king @ gpP9uUffpu"" shows a 7♠, A♦.",2026-08-28T03:01:01.675Z,178788606167500
"""LingWae @ FQN9hzhzP_"" checks",2026-08-28T03:01:00.843Z,178788606084300
"""the pho king @ gpP9uUffpu"" checks",2026-08-28T03:00:59.571Z,178788605957100
"River: 9♣, 3♦, K♣, K♠ [J♣]",2026-08-28T03:00:58.679Z,178788605867900
"""LingWae @ FQN9hzhzP_"" checks",2026-08-28T03:00:57.860Z,178788605786000
"""the pho king @ gpP9uUffpu"" checks",2026-08-28T03:00:56.924Z,178788605692400
"Turn: 9♣, 3♦, K♣ [K♠]",2026-08-28T03:00:56.156Z,178788605615600
"""LingWae @ FQN9hzhzP_"" checks",2026-08-28T03:00:55.328Z,178788605532800
"""the pho king @ gpP9uUffpu"" checks",2026-08-28T03:00:54.326Z,178788605432600
"Flop:  [9♣, 3♦, K♣]",2026-08-28T03:00:53.356Z,178788605335600
"""the pho king @ gpP9uUffpu"" calls 180",2026-08-28T03:00:52.498Z,178788605249800
"""LingWae @ FQN9hzhzP_"" raises to 180",2026-08-28T03:00:51.468Z,178788605146800
"""the pho king @ gpP9uUffpu"" raises to 60",2026-08-28T03:00:48.962Z,178788604896200
"""LingWae @ FQN9hzhzP_"" calls 20",2026-08-28T03:00:46.946Z,178788604694600
"""the pho king @ gpP9uUffpu"" posts a big blind of 20",2026-08-28T03:00:38.803Z,178788603880305
"""LingWae @ FQN9hzhzP_"" posts a small blind of 10",2026-08-28T03:00:38.803Z,178788603880304
"Your hand is 7♠, A♦",2026-08-28T03:00:38.803Z,178788603880303
"Player stacks: #1 ""LingWae @ FQN9hzhzP_"" (5244) | #10 ""the pho king @ gpP9uUffpu"" (1756)",2026-08-28T03:00:38.803Z,178788603880301
"-- starting hand #275 (id: xneeohlg7cjn)  No Limit Texas Hold'em (dealer: ""LingWae @ FQN9hzhzP_"") --",2026-08-28T03:00:38.803Z,178788603880300
"""LingWae @ FQN9hzhzP_"" shows a 3♣, 3♦.",2026-08-28T03:00:33.330Z,178788603333000
"""the pho king @ gpP9uUffpu"" shows a 5♦, K♠.",2026-08-28T03:00:32.254Z,178788603225400
"Undealt cards:  [6♣, 8♥, 3♥, 6♠, 3♠]",2026-08-28T03:00:31.697Z,178788603169700
"-- ending hand #274 --",2026-08-28T03:00:31.453Z,178788603145302
"""LingWae @ FQN9hzhzP_"" collected 40 from pot",2026-08-28T03:00:31.453Z,178788603145301
"Uncalled bet of 140 returned to ""LingWae @ FQN9hzhzP_""",2026-08-28T03:00:31.453Z,178788603145300
"""the pho king @ gpP9uUffpu"" folds",2026-08-28T03:00:30.640Z,178788603064000
"""LingWae @ FQN9hzhzP_"" raises to 160",2026-08-28T03:00:29.735Z,178788602973500
"""the pho king @ gpP9uUffpu"" calls 20",2026-08-28T03:00:26.229Z,178788602622900
"""LingWae @ FQN9hzhzP_"" posts a big blind of 20",2026-08-28T03:00:25.390Z,178788602539005
"""the pho king @ gpP9uUffpu"" posts a small blind of 10",2026-08-28T03:00:25.390Z,178788602539004
"Your hand is 5♦, K♠",2026-08-28T03:00:25.390Z,178788602539003
"Player stacks: #1 ""LingWae @ FQN9hzhzP_"" (5224) | #10 ""the pho king @ gpP9uUffpu"" (1776)",2026-08-28T03:00:25.390Z,178788602539001
"-- starting hand #274 (id: q0c6waloyldl)  No Limit Texas Hold'em (dealer: ""the pho king @ gpP9uUffpu"") --",2026-08-28T03:00:25.390Z,178788602539000
"-- ending hand #273 --",2026-08-28T03:00:19.335Z,178788601933503
"""LingWae @ FQN9hzhzP_"" collected 312 from pot with Pair, 8's (combination: 9♥, Q♣, A♠, 8♥, 8♣)",2026-08-28T03:00:19.335Z,178788601933502
"""LingWae @ FQN9hzhzP_"" shows a 8♥, 9♥.",2026-08-28T03:00:19.335Z,178788601933501
"""the pho king @ gpP9uUffpu"" shows a 8♠, 7♥.",2026-08-28T03:00:19.335Z,178788601933500
"""LingWae @ FQN9hzhzP_"" checks",2026-08-28T03:00:18.485Z,178788601848500
"""the pho king @ gpP9uUffpu"" checks",2026-08-28T03:00:17.546Z,178788601754600
"River: A♠, 8♣, 4♣, 2♠ [Q♣]",2026-08-28T03:00:15.985Z,178788601598500
"""LingWae @ FQN9hzhzP_"" checks",2026-08-28T03:00:15.109Z,178788601510900
"""the pho king @ gpP9uUffpu"" checks",2026-08-28T03:00:12.964Z,178788601296400
"Turn: A♠, 8♣, 4♣ [2♠]",2026-08-28T03:00:12.304Z,178788601230400
"""the pho king @ gpP9uUffpu"" calls 36",2026-08-28T03:00:11.448Z,178788601144800
"""LingWae @ FQN9hzhzP_"" bets 36",2026-08-28T03:00:10.334Z,178788601033400
"""the pho king @ gpP9uUffpu"" checks",2026-08-28T03:00:06.934Z,178788600693400
"Flop:  [A♠, 8♣, 4♣]",2026-08-28T03:00:05.579Z,178788600557900
"""the pho king @ gpP9uUffpu"" calls 120",2026-08-28T03:00:04.648Z,178788600464800
"""LingWae @ FQN9hzhzP_"" raises to 120",2026-08-28T03:00:02.959Z,178788600295900
"""the pho king @ gpP9uUffpu"" posts a big blind of 20",2026-08-28T02:59:59.198Z,178788599919805
"""LingWae @ FQN9hzhzP_"" posts a small blind of 10",2026-08-28T02:59:59.198Z,178788599919804
"Your hand is 8♠, 7♥",2026-08-28T02:59:59.198Z,178788599919803
"Player stacks: #1 ""LingWae @ FQN9hzhzP_"" (5068) | #10 ""the pho king @ gpP9uUffpu"" (1932)",2026-08-28T02:59:59.198Z,178788599919801
"-- starting hand #273 (id: idqrjtnvmnnz)  No Limit Texas Hold'em (dealer: ""LingWae @ FQN9hzhzP_"") --",2026-08-28T02:59:59.198Z,178788599919800
"""LingWae @ FQN9hzhzP_"" shows a 9♥, 8♥.",2026-08-28T02:59:54.114Z,178788599411400
"Undealt cards:  [4♣, A♦, 7♥, 5♥, A♣]",2026-08-28T02:59:53.133Z,178788599313300
"-- ending hand #272 --",2026-08-28T02:59:52.580Z,178788599258002
"""LingWae @ FQN9hzhzP_"" collected 80 from pot",2026-08-28T02:59:52.580Z,178788599258001
"Uncalled bet of 120 returned to ""LingWae @ FQN9hzhzP_""",2026-08-28T02:59:52.580Z,178788599258000
"""the pho king @ gpP9uUffpu"" folds",2026-08-28T02:59:51.698Z,178788599169800
"""LingWae @ FQN9hzhzP_"" raises to 160",2026-08-28T02:59:50.746Z,178788599074600
"""the pho king @ gpP9uUffpu"" raises to 40",2026-08-28T02:59:48.474Z,178788598847400
"""LingWae @ FQN9hzhzP_"" posts a big blind of 20",2026-08-28T02:59:47.485Z,178788598748505
"""the pho king @ gpP9uUffpu"" posts a small blind of 10",2026-08-28T02:59:47.485Z,178788598748504
"Player stacks: #1 ""LingWae @ FQN9hzhzP_"" (5028) | #10 ""the pho king @ gpP9uUffpu"" (1972)",2026-08-28T02:59:47.485Z,178788598748501
"-- starting hand #272 (id: 6hen6cf4j8uw)  No Limit Texas Hold'em (dealer: ""the pho king @ gpP9uUffpu"") --",2026-08-28T02:59:47.485Z,178788598748500
"""the pho king @ gpP9uUffpu"" shows a 4♦, 9♥.",2026-08-28T02:59:42.303Z,178788598230300
"""LingWae @ FQN9hzhzP_"" shows a A♥, 7♥.",2026-08-28T02:59:41.231Z,178788598123100
"Undealt cards:  [Q♥, J♦, 6♠, 4♣, A♠]",2026-08-28T02:59:40.468Z,178788598046800
"-- ending hand #271 --",2026-08-28T02:59:40.149Z,178788598014902
"""LingWae @ FQN9hzhzP_"" collected 40 from pot",2026-08-28T02:59:40.149Z,178788598014901
"Uncalled bet of 100 returned to ""LingWae @ FQN9hzhzP_""",2026-08-28T02:59:40.149Z,178788598014900
"""the pho king @ gpP9uUffpu"" folds",2026-08-28T02:59:39.323Z,178788597932300
"""LingWae @ FQN9hzhzP_"" raises to 120",2026-08-28T02:59:38.363Z,178788597836300
"""the pho king @ gpP9uUffpu"" posts a big blind of 20",2026-08-28T02:59:35.347Z,178788597534705
"""LingWae @ FQN9hzhzP_"" posts a small blind of 10",2026-08-28T02:59:35.347Z,178788597534704
"Your hand is 4♦, 9♥",2026-08-28T02:59:35.347Z,178788597534703
"Player stacks: #1 ""LingWae @ FQN9hzhzP_"" (5008) | #10 ""the pho king @ gpP9uUffpu"" (1992)",2026-08-28T02:59:35.347Z,178788597534701
"-- starting hand #271 (id: gakurkjphsdf)  No Limit Texas Hold'em (dealer: ""LingWae @ FQN9hzhzP_"") --",2026-08-28T02:59:35.347Z,178788597534700
"""LingWae @ FQN9hzhzP_"" shows a 7♦.",2026-08-28T02:59:33.165Z,178788597316500
"-- ending hand #270 --",2026-08-28T02:59:31.679Z,178788597167902
"""LingWae @ FQN9hzhzP_"" collected 152 from pot",2026-08-28T02:59:31.679Z,178788597167901
"Uncalled bet of 167 returned to ""LingWae @ FQN9hzhzP_""",2026-08-28T02:59:31.679Z,178788597167900
"""the pho king @ gpP9uUffpu"" folds",2026-08-28T02:59:30.840Z,178788597084000
"""LingWae @ FQN9hzhzP_"" bets 167",2026-08-28T02:59:29.914Z,178788596991400
"River: J♦, 3♦, K♦, 3♥ [6♦]",2026-08-28T02:59:26.480Z,178788596648000
"""the pho king @ gpP9uUffpu"" calls 36",2026-08-28T02:59:25.621Z,178788596562100
"""LingWae @ FQN9hzhzP_"" bets 36",2026-08-28T02:59:24.703Z,178788596470300
"Turn: J♦, 3♦, K♦ [3♥]",2026-08-28T02:59:21.472Z,178788596147200
"""the pho king @ gpP9uUffpu"" checks",2026-08-28T02:59:20.663Z,178788596066300
"""LingWae @ FQN9hzhzP_"" checks",2026-08-28T02:59:19.539Z,178788595953900
"Flop:  [J♦, 3♦, K♦]",2026-08-28T02:59:16.863Z,178788595686300
"""LingWae @ FQN9hzhzP_"" calls 40",2026-08-28T02:59:15.990Z,178788595599000
"""the pho king @ gpP9uUffpu"" raises to 40",2026-08-28T02:59:14.679Z,178788595467900
"""LingWae @ FQN9hzhzP_"" posts a big blind of 20",2026-08-28T02:59:13.550Z,178788595355005
"""the pho king @ gpP9uUffpu"" posts a small blind of 10",2026-08-28T02:59:13.550Z,178788595355004
"Player stacks: #1 ""LingWae @ FQN9hzhzP_"" (4932) | #10 ""the pho king @ gpP9uUffpu"" (2068)",2026-08-28T02:59:13.550Z,178788595355001
"-- starting hand #270 (id: ucpgkfd9uivk)  No Limit Texas Hold'em (dealer: ""the pho king @ gpP9uUffpu"") --",2026-08-28T02:59:13.550Z,178788595355000
"""LingWae @ FQN9hzhzP_"" shows a 8♠, 7♣.",2026-08-28T02:59:08.755Z,178788594875500
"Undealt cards: 5♦, 10♠, 6♥ [5♥, 8♣]",2026-08-28T02:59:07.245Z,178788594724500
"-- ending hand #269 --",2026-08-28T02:59:06.948Z,178788594694802
"""LingWae @ FQN9hzhzP_"" collected 40 from pot",2026-08-28T02:59:06.948Z,178788594694801
"Uncalled bet of 36 returned to ""LingWae @ FQN9hzhzP_""",2026-08-28T02:59:06.948Z,178788594694800
"""the pho king @ gpP9uUffpu"" folds",2026-08-28T02:59:06.132Z,178788594613200
"""LingWae @ FQN9hzhzP_"" bets 36",2026-08-28T02:59:04.760Z,178788594476000
"""the pho king @ gpP9uUffpu"" checks",2026-08-28T02:59:01.021Z,178788594102100
"Flop:  [5♦, 10♠, 6♥]",2026-08-28T02:58:59.864Z,178788593986400
"""the pho king @ gpP9uUffpu"" checks",2026-08-28T02:58:59.045Z,178788593904500
"""LingWae @ FQN9hzhzP_"" calls 20",2026-08-28T02:58:53.779Z,178788593377900
"""the pho king @ gpP9uUffpu"" posts a big blind of 20",2026-08-28T02:58:52.315Z,178788593231505
"""LingWae @ FQN9hzhzP_"" posts a small blind of 10",2026-08-28T02:58:52.315Z,178788593231504
"Player stacks: #1 ""LingWae @ FQN9hzhzP_"" (4912) | #10 ""the pho king @ gpP9uUffpu"" (2088)",2026-08-28T02:58:52.315Z,178788593231501
"-- starting hand #269 (id: rtzotqnatr84)  No Limit Texas Hold'em (dealer: ""LingWae @ FQN9hzhzP_"") --",2026-08-28T02:58:52.315Z,178788593231500
"-- ending hand #268 --",2026-08-28T02:58:46.310Z,178788592631003
"""the pho king @ gpP9uUffpu"" collected 1294 from pot with Two Pair, J's & 6's (combination: A♠, 6♣, 6♠, J♥, J♦)",2026-08-28T02:58:46.310Z,178788592631002
"""the pho king @ gpP9uUffpu"" shows a J♥, J♦.",2026-08-28T02:58:46.310Z,178788592631001
"""LingWae @ FQN9hzhzP_"" shows a 10♦, 10♣.",2026-08-28T02:58:46.310Z,178788592631000
"""the pho king @ gpP9uUffpu"" checks",2026-08-28T02:58:45.458Z,178788592545800
"""LingWae @ FQN9hzhzP_"" checks",2026-08-28T02:58:44.514Z,178788592451400
"River: 6♣, 6♠, A♠, 3♦ [7♠]",2026-08-28T02:58:42.909Z,178788592290900
"""the pho king @ gpP9uUffpu"" checks",2026-08-28T02:58:42.058Z,178788592205800
"""LingWae @ FQN9hzhzP_"" checks",2026-08-28T02:58:41.150Z,178788592115000
"Turn: 6♣, 6♠, A♠ [3♦]",2026-08-28T02:58:39.850Z,178788591985000
"""the pho king @ gpP9uUffpu"" calls 167",2026-08-28T02:58:39.022Z,178788591902200
"""LingWae @ FQN9hzhzP_"" bets 167",2026-08-28T02:58:37.922Z,178788591792200
"Flop:  [6♣, 6♠, A♠]",2026-08-28T02:58:33.905Z,178788591390500
"""LingWae @ FQN9hzhzP_"" calls 480",2026-08-28T02:58:33.077Z,178788591307700
"""the pho king @ gpP9uUffpu"" raises to 480",2026-08-28T02:58:29.907Z,178788590990700
"""LingWae @ FQN9hzhzP_"" raises to 240",2026-08-28T02:58:27.587Z,178788590758700
"""the pho king @ gpP9uUffpu"" raises to 60",2026-08-28T02:58:24.736Z,178788590473600
"""LingWae @ FQN9hzhzP_"" posts a big blind of 20",2026-08-28T02:58:23.378Z,178788590337805
"""the pho king @ gpP9uUffpu"" posts a small blind of 10",2026-08-28T02:58:23.378Z,178788590337804
"Your hand is J♥, J♦",2026-08-28T02:58:23.378Z,178788590337803
"Player stacks: #1 ""LingWae @ FQN9hzhzP_"" (5559) | #10 ""the pho king @ gpP9uUffpu"" (1441)",2026-08-28T02:58:23.378Z,178788590337801
"-- starting hand #268 (id: wbnua9cgtrel)  No Limit Texas Hold'em (dealer: ""the pho king @ gpP9uUffpu"") --",2026-08-28T02:58:23.378Z,178788590337800
"""LingWae @ FQN9hzhzP_"" shows a 3♠, 10♠.",2026-08-28T02:58:21.962Z,178788590196200
"-- ending hand #267 --",2026-08-28T02:58:19.749Z,178788589974902
"""the pho king @ gpP9uUffpu"" collected 240 from pot",2026-08-28T02:58:19.749Z,178788589974901
"Uncalled bet of 160 returned to ""the pho king @ gpP9uUffpu""",2026-08-28T02:58:19.749Z,178788589974900
"""LingWae @ FQN9hzhzP_"" folds",2026-08-28T02:58:18.928Z,178788589892800
"""the pho king @ gpP9uUffpu"" bets 160",2026-08-28T02:58:17.993Z,178788589799300
"River: 6♠, Q♣, 7♣, 3♣ [A♦]",2026-08-28T02:58:11.886Z,178788589188600
"""LingWae @ FQN9hzhzP_"" checks",2026-08-28T02:58:11.014Z,178788589101400
"""the pho king @ gpP9uUffpu"" checks",2026-08-28T02:58:09.662Z,178788588966200
"Turn: 6♠, Q♣, 7♣ [3♣]",2026-08-28T02:58:08.673Z,178788588867300
"""LingWae @ FQN9hzhzP_"" calls 60",2026-08-28T02:58:07.844Z,178788588784400
"""the pho king @ gpP9uUffpu"" raises to 60",2026-08-28T02:58:06.927Z,178788588692700
"""LingWae @ FQN9hzhzP_"" bets 20",2026-08-28T02:58:05.039Z,178788588503900
"""the pho king @ gpP9uUffpu"" checks",2026-08-28T02:58:03.141Z,178788588314100
"Flop:  [6♠, Q♣, 7♣]",2026-08-28T02:58:01.460Z,178788588146000
"""LingWae @ FQN9hzhzP_"" calls 60",2026-08-28T02:58:00.612Z,178788588061200
"""the pho king @ gpP9uUffpu"" raises to 60",2026-08-28T02:57:59.618Z,178788587961800
"""LingWae @ FQN9hzhzP_"" calls 20",2026-08-28T02:57:57.240Z,178788587724000
"""the pho king @ gpP9uUffpu"" posts a big blind of 20",2026-08-28T02:57:53.641Z,178788587364105
"""LingWae @ FQN9hzhzP_"" posts a small blind of 10",2026-08-28T02:57:53.641Z,178788587364104
"Player stacks: #1 ""LingWae @ FQN9hzhzP_"" (5679) | #10 ""the pho king @ gpP9uUffpu"" (1321)",2026-08-28T02:57:53.641Z,178788587364101
"-- starting hand #267 (id: islqeattogav)  No Limit Texas Hold'em (dealer: ""LingWae @ FQN9hzhzP_"") --",2026-08-28T02:57:53.641Z,178788587364100
"""the pho king @ gpP9uUffpu"" shows a 6♣, 5♠.",2026-08-28T02:57:51.760Z,178788587176000
"""LingWae @ FQN9hzhzP_"" shows a 10♥, 7♣.",2026-08-28T02:57:50.018Z,178788587001800
"-- ending hand #266 --",2026-08-28T02:57:49.259Z,178788586925902
"""LingWae @ FQN9hzhzP_"" collected 152 from pot",2026-08-28T02:57:49.259Z,178788586925901
"Uncalled bet of 67 returned to ""LingWae @ FQN9hzhzP_""",2026-08-28T02:57:49.259Z,178788586925900
"""the pho king @ gpP9uUffpu"" folds",2026-08-28T02:57:48.450Z,178788586845000
"""LingWae @ FQN9hzhzP_"" bets 67",2026-08-28T02:57:46.760Z,178788586676000
"River: 3♠, A♦, Q♦, 7♠ [10♦]",2026-08-28T02:57:44.036Z,178788586403600
"""the pho king @ gpP9uUffpu"" calls 36",2026-08-28T02:57:43.197Z,178788586319700
"""LingWae @ FQN9hzhzP_"" bets 36",2026-08-28T02:57:42.057Z,178788586205700
"Turn: 3♠, A♦, Q♦ [7♠]",2026-08-28T02:57:38.445Z,178788585844500
"""the pho king @ gpP9uUffpu"" checks",2026-08-28T02:57:37.635Z,178788585763500
"""LingWae @ FQN9hzhzP_"" checks",2026-08-28T02:57:32.786Z,178788585278600
"Flop:  [3♠, A♦, Q♦]",2026-08-28T02:57:30.336Z,178788585033600
"""LingWae @ FQN9hzhzP_"" calls 40",2026-08-28T02:57:29.454Z,178788584945400
"""the pho king @ gpP9uUffpu"" raises to 40",2026-08-28T02:57:23.838Z,178788584383800
"""LingWae @ FQN9hzhzP_"" posts a big blind of 20",2026-08-28T02:57:22.616Z,178788584261605
"""the pho king @ gpP9uUffpu"" posts a small blind of 10",2026-08-28T02:57:22.616Z,178788584261604
"Your hand is 6♣, 5♠",2026-08-28T02:57:22.616Z,178788584261603
"Player stacks: #1 ""LingWae @ FQN9hzhzP_"" (5603) | #10 ""the pho king @ gpP9uUffpu"" (1397)",2026-08-28T02:57:22.616Z,178788584261601
"-- starting hand #266 (id: 0arcbe0drabf)  No Limit Texas Hold'em (dealer: ""the pho king @ gpP9uUffpu"") --",2026-08-28T02:57:22.616Z,178788584261600
"-- ending hand #265 --",2026-08-28T02:57:16.586Z,178788583658603
"""LingWae @ FQN9hzhzP_"" collected 312 from pot with Two Pair, 9's & 3's (combination: Q♥, 3♥, 3♣, 9♦, 9♥)",2026-08-28T02:57:16.586Z,178788583658602
"""LingWae @ FQN9hzhzP_"" shows a 3♥, 3♣.",2026-08-28T02:57:16.586Z,178788583658601
"""the pho king @ gpP9uUffpu"" shows a A♣, J♠.",2026-08-28T02:57:16.586Z,178788583658600
"""LingWae @ FQN9hzhzP_"" checks",2026-08-28T02:57:15.735Z,178788583573500
"""the pho king @ gpP9uUffpu"" checks",2026-08-28T02:57:14.740Z,178788583474000
"River: 6♠, 9♦, 9♥, Q♥ [10♦]",2026-08-28T02:57:14.038Z,178788583403800
"""LingWae @ FQN9hzhzP_"" checks",2026-08-28T02:57:13.217Z,178788583321700
"""the pho king @ gpP9uUffpu"" checks",2026-08-28T02:57:12.239Z,178788583223900
"Turn: 6♠, 9♦, 9♥ [Q♥]",2026-08-28T02:57:10.783Z,178788583078300
"""the pho king @ gpP9uUffpu"" calls 36",2026-08-28T02:57:09.934Z,178788582993400
"""LingWae @ FQN9hzhzP_"" bets 36",2026-08-28T02:57:08.882Z,178788582888200
"""the pho king @ gpP9uUffpu"" checks",2026-08-28T02:57:04.288Z,178788582428800
"Flop:  [6♠, 9♦, 9♥]",2026-08-28T02:57:02.504Z,178788582250400
"""the pho king @ gpP9uUffpu"" calls 120",2026-08-28T02:57:01.656Z,178788582165600
"""LingWae @ FQN9hzhzP_"" raises to 120",2026-08-28T02:56:54.937Z,178788581493700
"""the pho king @ gpP9uUffpu"" posts a big blind of 20",2026-08-28T02:56:52.663Z,178788581266305
"""LingWae @ FQN9hzhzP_"" posts a small blind of 10",2026-08-28T02:56:52.663Z,178788581266304
"Your hand is A♣, J♠",2026-08-28T02:56:52.663Z,178788581266303
"Player stacks: #1 ""LingWae @ FQN9hzhzP_"" (5447) | #10 ""the pho king @ gpP9uUffpu"" (1553)",2026-08-28T02:56:52.663Z,178788581266301
"-- starting hand #265 (id: ai44zkne97h1)  No Limit Texas Hold'em (dealer: ""LingWae @ FQN9hzhzP_"") --",2026-08-28T02:56:52.663Z,178788581266300
"""the pho king @ gpP9uUffpu"" shows a 6♥, 9♣.",2026-08-28T02:56:47.591Z,178788580759100
"""LingWae @ FQN9hzhzP_"" shows a 4♦, 8♠.",2026-08-28T02:56:47.105Z,178788580710500
"Undealt cards: A♥, 3♥, Q♣, 2♥ [10♦]",2026-08-28T02:56:45.734Z,178788580573400
"-- ending hand #264 --",2026-08-28T02:56:45.344Z,178788580534401
"""the pho king @ gpP9uUffpu"" collected 40 from pot",2026-08-28T02:56:45.344Z,178788580534400
"""LingWae @ FQN9hzhzP_"" folds",2026-08-28T02:56:44.521Z,178788580452100
"Turn: A♥, 3♥, Q♣ [2♥]",2026-08-28T02:56:42.087Z,178788580208700
"""the pho king @ gpP9uUffpu"" checks",2026-08-28T02:56:41.278Z,178788580127800
"""LingWae @ FQN9hzhzP_"" checks",2026-08-28T02:56:40.341Z,178788580034100
"Flop:  [A♥, 3♥, Q♣]",2026-08-28T02:56:37.453Z,178788579745300
"""LingWae @ FQN9hzhzP_"" checks",2026-08-28T02:56:36.623Z,178788579662300
"""the pho king @ gpP9uUffpu"" calls 20",2026-08-28T02:56:34.987Z,178788579498700
"""LingWae @ FQN9hzhzP_"" posts a big blind of 20",2026-08-28T02:56:33.978Z,178788579397805
"""the pho king @ gpP9uUffpu"" posts a small blind of 10",2026-08-28T02:56:33.978Z,178788579397804
"Your hand is 6♥, 9♣",2026-08-28T02:56:33.978Z,178788579397803
"Player stacks: #1 ""LingWae @ FQN9hzhzP_"" (5467) | #10 ""the pho king @ gpP9uUffpu"" (1533)",2026-08-28T02:56:33.978Z,178788579397801
"-- starting hand #264 (id: nigye5arp4q4)  No Limit Texas Hold'em (dealer: ""the pho king @ gpP9uUffpu"") --",2026-08-28T02:56:33.978Z,178788579397800
"-- ending hand #263 --",2026-08-28T02:56:27.969Z,178788578796903
"""LingWae @ FQN9hzhzP_"" collected 120 from pot with A High (combination: 4♠, 6♦, 7♥, 9♠, A♦)",2026-08-28T02:56:27.969Z,178788578796902
"""LingWae @ FQN9hzhzP_"" shows a A♦, 7♥.",2026-08-28T02:56:27.969Z,178788578796901
"""the pho king @ gpP9uUffpu"" shows a 10♥, K♦.",2026-08-28T02:56:27.969Z,178788578796900
"""LingWae @ FQN9hzhzP_"" checks",2026-08-28T02:56:27.148Z,178788578714800
"""the pho king @ gpP9uUffpu"" checks",2026-08-28T02:56:26.213Z,178788578621300
"River: 9♠, 4♠, 2♥, 3♠ [6♦]",2026-08-28T02:56:25.046Z,178788578504600
"""LingWae @ FQN9hzhzP_"" checks",2026-08-28T02:56:24.219Z,178788578421900
"""the pho king @ gpP9uUffpu"" checks",2026-08-28T02:56:23.022Z,178788578302200
"Turn: 9♠, 4♠, 2♥ [3♠]",2026-08-28T02:56:22.366Z,178788578236600
"""LingWae @ FQN9hzhzP_"" checks",2026-08-28T02:56:21.511Z,178788578151100
"""the pho king @ gpP9uUffpu"" checks",2026-08-28T02:56:19.904Z,178788577990400
"Flop:  [9♠, 4♠, 2♥]",2026-08-28T02:56:18.564Z,178788577856400
"""LingWae @ FQN9hzhzP_"" calls 60",2026-08-28T02:56:17.733Z,178788577773300
"""the pho king @ gpP9uUffpu"" raises to 60",2026-08-28T02:56:16.614Z,178788577661400
"""LingWae @ FQN9hzhzP_"" calls 20",2026-08-28T02:56:15.078Z,178788577507800
"""the pho king @ gpP9uUffpu"" posts a big blind of 20",2026-08-28T02:56:11.562Z,178788577156205
"""LingWae @ FQN9hzhzP_"" posts a small blind of 10",2026-08-28T02:56:11.562Z,178788577156204
"Your hand is 10♥, K♦",2026-08-28T02:56:11.562Z,178788577156203
"Player stacks: #1 ""LingWae @ FQN9hzhzP_"" (5407) | #10 ""the pho king @ gpP9uUffpu"" (1593)",2026-08-28T02:56:11.562Z,178788577156201
"-- starting hand #263 (id: ulxkedjgx7yd)  No Limit Texas Hold'em (dealer: ""LingWae @ FQN9hzhzP_"") --",2026-08-28T02:56:11.562Z,178788577156200
"""LingWae @ FQN9hzhzP_"" shows a 10♥, K♥.",2026-08-28T02:56:07.289Z,178788576728900
"Undealt cards: A♣, 4♠, 9♥, 10♦ [8♥]",2026-08-28T02:56:05.248Z,178788576524800
"-- ending hand #262 --",2026-08-28T02:56:04.956Z,178788576495602
"""LingWae @ FQN9hzhzP_"" collected 868 from pot",2026-08-28T02:56:04.956Z,178788576495601
"Uncalled bet of 217 returned to ""LingWae @ FQN9hzhzP_""",2026-08-28T02:56:04.956Z,178788576495600
"""the pho king @ gpP9uUffpu"" folds",2026-08-28T02:56:04.122Z,178788576412200
"""LingWae @ FQN9hzhzP_"" raises to 434",2026-08-28T02:56:02.608Z,178788576260800
"""the pho king @ gpP9uUffpu"" bets 217",2026-08-28T02:56:00.228Z,178788576022800
"""LingWae @ FQN9hzhzP_"" checks",2026-08-28T02:55:57.367Z,178788575736700
"Turn: A♣, 4♠, 9♥ [10♦]",2026-08-28T02:55:55.871Z,178788575587100
"""LingWae @ FQN9hzhzP_"" calls 150",2026-08-28T02:55:55.036Z,178788575503600
"""the pho king @ gpP9uUffpu"" raises to 150",2026-08-28T02:55:53.924Z,178788575392400
"""LingWae @ FQN9hzhzP_"" bets 20",2026-08-28T02:55:51.951Z,178788575195100
"Flop:  [A♣, 4♠, 9♥]",2026-08-28T02:55:49.494Z,178788574949400
"""the pho king @ gpP9uUffpu"" calls 67",2026-08-28T02:55:48.670Z,178788574867000
"""LingWae @ FQN9hzhzP_"" raises to 67",2026-08-28T02:55:47.344Z,178788574734400
"""the pho king @ gpP9uUffpu"" calls 20",2026-08-28T02:55:42.502Z,178788574250200
"""LingWae @ FQN9hzhzP_"" posts a big blind of 20",2026-08-28T02:55:41.460Z,178788574146005
"""the pho king @ gpP9uUffpu"" posts a small blind of 10",2026-08-28T02:55:41.460Z,178788574146004
"Player stacks: #1 ""LingWae @ FQN9hzhzP_"" (4973) | #10 ""the pho king @ gpP9uUffpu"" (2027)",2026-08-28T02:55:41.460Z,178788574146001
"-- starting hand #262 (id: zvvwcvylfato)  No Limit Texas Hold'em (dealer: ""the pho king @ gpP9uUffpu"") --",2026-08-28T02:55:41.460Z,178788574146000
"""LingWae @ FQN9hzhzP_"" shows a Q♠, K♣.",2026-08-28T02:55:36.190Z,178788573619000
"Undealt cards:  [7♠, J♠, 8♠, 8♣, 3♠]",2026-08-28T02:55:35.310Z,178788573531000
"""the pho king @ gpP9uUffpu"" shows a 4♣, 7♥.",2026-08-28T02:55:34.245Z,178788573424500
"-- ending hand #261 --",2026-08-28T02:55:34.056Z,178788573405602
"""LingWae @ FQN9hzhzP_"" collected 40 from pot",2026-08-28T02:55:34.056Z,178788573405601
"Uncalled bet of 47 returned to ""LingWae @ FQN9hzhzP_""",2026-08-28T02:55:34.056Z,178788573405600
"""the pho king @ gpP9uUffpu"" folds",2026-08-28T02:55:33.153Z,178788573315300
"""LingWae @ FQN9hzhzP_"" raises to 67",2026-08-28T02:55:30.994Z,178788573099400
"""the pho king @ gpP9uUffpu"" posts a big blind of 20",2026-08-28T02:55:27.852Z,178788572785205
"""LingWae @ FQN9hzhzP_"" posts a small blind of 10",2026-08-28T02:55:27.852Z,178788572785204
"Your hand is 4♣, 7♥",2026-08-28T02:55:27.852Z,178788572785203
"Player stacks: #1 ""LingWae @ FQN9hzhzP_"" (4953) | #10 ""the pho king @ gpP9uUffpu"" (2047)",2026-08-28T02:55:27.852Z,178788572785201
"-- starting hand #261 (id: 0zzihge75v3w)  No Limit Texas Hold'em (dealer: ""LingWae @ FQN9hzhzP_"") --",2026-08-28T02:55:27.852Z,178788572785200
"""the pho king @ gpP9uUffpu"" shows a 3♦, 4♠.",2026-08-28T02:55:22.640Z,178788572264000
"-- ending hand #260 --",2026-08-28T02:55:21.271Z,178788572127102
"""LingWae @ FQN9hzhzP_"" collected 286 from pot with Pair, 7's (combination: 10♠, J♠, Q♣, 7♠, 7♥)",2026-08-28T02:55:21.271Z,178788572127101
"""LingWae @ FQN9hzhzP_"" shows a J♠, 7♠.",2026-08-28T02:55:21.271Z,178788572127100
"""the pho king @ gpP9uUffpu"" checks",2026-08-28T02:55:20.454Z,178788572045400
"""LingWae @ FQN9hzhzP_"" checks",2026-08-28T02:55:18.681Z,178788571868100
"River: 6♥, 7♥, 10♠, Q♣ [8♠]",2026-08-28T02:55:12.646Z,178788571264600
"""the pho king @ gpP9uUffpu"" calls 67",2026-08-28T02:55:11.826Z,178788571182600
"""LingWae @ FQN9hzhzP_"" bets 67",2026-08-28T02:55:10.348Z,178788571034800
"Turn: 6♥, 7♥, 10♠ [Q♣]",2026-08-28T02:55:07.243Z,178788570724300
"""the pho king @ gpP9uUffpu"" calls 36",2026-08-28T02:55:06.337Z,178788570633700
"""LingWae @ FQN9hzhzP_"" bets 36",2026-08-28T02:55:05.226Z,178788570522600
"Flop:  [6♥, 7♥, 10♠]",2026-08-28T02:54:57.959Z,178788569795900
"""LingWae @ FQN9hzhzP_"" calls 40",2026-08-28T02:54:57.109Z,178788569710900
"""the pho king @ gpP9uUffpu"" raises to 40",2026-08-28T02:54:53.714Z,178788569371400
"""LingWae @ FQN9hzhzP_"" posts a big blind of 20",2026-08-28T02:54:52.780Z,178788569278005
"""the pho king @ gpP9uUffpu"" posts a small blind of 10",2026-08-28T02:54:52.780Z,178788569278004
"Your hand is 3♦, 4♠",2026-08-28T02:54:52.780Z,178788569278003
"Player stacks: #1 ""LingWae @ FQN9hzhzP_"" (4810) | #10 ""the pho king @ gpP9uUffpu"" (2190)",2026-08-28T02:54:52.780Z,178788569278001
"-- starting hand #260 (id: pichtgonx5m2)  No Limit Texas Hold'em (dealer: ""the pho king @ gpP9uUffpu"") --",2026-08-28T02:54:52.780Z,178788569278000
"""the pho king @ gpP9uUffpu"" shows a 6♦.",2026-08-28T02:54:48.633Z,178788568863300
"""LingWae @ FQN9hzhzP_"" shows a 5♥.",2026-08-28T02:54:46.830Z,178788568683000
"Undealt cards: 5♦, 3♦, 6♣, J♥ [Q♠]",2026-08-28T02:54:45.776Z,178788568577600
"-- ending hand #259 --",2026-08-28T02:54:45.471Z,178788568547102
"""the pho king @ gpP9uUffpu"" collected 454 from pot",2026-08-28T02:54:45.471Z,178788568547101
"Uncalled bet of 227 returned to ""the pho king @ gpP9uUffpu""",2026-08-28T02:54:45.471Z,178788568547100
"""LingWae @ FQN9hzhzP_"" folds",2026-08-28T02:54:44.624Z,178788568462400
"""the pho king @ gpP9uUffpu"" bets 227",2026-08-28T02:54:43.457Z,178788568345700
"Turn: 5♦, 3♦, 6♣ [J♥]",2026-08-28T02:54:40.463Z,178788568046300
"""the pho king @ gpP9uUffpu"" calls 167",2026-08-28T02:54:39.635Z,178788567963500
"""LingWae @ FQN9hzhzP_"" raises to 167",2026-08-28T02:54:38.692Z,178788567869200
"""the pho king @ gpP9uUffpu"" bets 40",2026-08-28T02:54:33.991Z,178788567399100
"Flop:  [5♦, 3♦, 6♣]",2026-08-28T02:54:30.548Z,178788567054800
"""LingWae @ FQN9hzhzP_"" calls 60",2026-08-28T02:54:29.714Z,178788566971400
"""the pho king @ gpP9uUffpu"" raises to 60",2026-08-28T02:54:28.290Z,178788566829000
"""LingWae @ FQN9hzhzP_"" calls 20",2026-08-28T02:54:26.616Z,178788566661600
"""the pho king @ gpP9uUffpu"" posts a big blind of 20",2026-08-28T02:54:20.181Z,178788566018105
"""LingWae @ FQN9hzhzP_"" posts a small blind of 10",2026-08-28T02:54:20.181Z,178788566018104
"Player stacks: #1 ""LingWae @ FQN9hzhzP_"" (5037) | #10 ""the pho king @ gpP9uUffpu"" (1963)",2026-08-28T02:54:20.181Z,178788566018101
"-- starting hand #259 (id: bpz2jeajkko7)  No Limit Texas Hold'em (dealer: ""LingWae @ FQN9hzhzP_"") --",2026-08-28T02:54:20.181Z,178788566018100
"""the pho king @ gpP9uUffpu"" shows a 9♣.",2026-08-28T02:54:14.983Z,178788565498300
"-- ending hand #258 --",2026-08-28T02:54:13.641Z,178788565364102
"""LingWae @ FQN9hzhzP_"" collected 566 from pot with Straight, 10 High (combination: 6♣, 7♥, 8♣, 9♦, 10♦)",2026-08-28T02:54:13.641Z,178788565364101
"""LingWae @ FQN9hzhzP_"" shows a 8♣, 10♦.",2026-08-28T02:54:13.641Z,178788565364100
"""the pho king @ gpP9uUffpu"" calls 167",2026-08-28T02:54:12.771Z,178788565277100
"""LingWae @ FQN9hzhzP_"" bets 167",2026-08-28T02:54:11.866Z,178788565186600
"River: 9♦, 6♣, 4♣, K♠ [7♥]",2026-08-28T02:54:08.525Z,178788564852500
"""LingWae @ FQN9hzhzP_"" calls 60",2026-08-28T02:54:07.686Z,178788564768600
"""the pho king @ gpP9uUffpu"" bets 60",2026-08-28T02:54:06.778Z,178788564677800
"""LingWae @ FQN9hzhzP_"" checks",2026-08-28T02:54:04.805Z,178788564480500
"Turn: 9♦, 6♣, 4♣ [K♠]",2026-08-28T02:54:03.608Z,178788564360800
"""the pho king @ gpP9uUffpu"" calls 36",2026-08-28T02:54:02.788Z,178788564278800
"""LingWae @ FQN9hzhzP_"" bets 36",2026-08-28T02:54:01.066Z,178788564106600
"Flop:  [9♦, 6♣, 4♣]",2026-08-28T02:53:55.062Z,178788563506200
"""LingWae @ FQN9hzhzP_"" checks",2026-08-28T02:53:54.200Z,178788563420000
"""the pho king @ gpP9uUffpu"" calls 20",2026-08-28T02:53:50.710Z,178788563071000
"""LingWae @ FQN9hzhzP_"" posts a big blind of 20",2026-08-28T02:53:49.868Z,178788562986805
"""the pho king @ gpP9uUffpu"" posts a small blind of 10",2026-08-28T02:53:49.868Z,178788562986804
"Player stacks: #1 ""LingWae @ FQN9hzhzP_"" (4754) | #10 ""the pho king @ gpP9uUffpu"" (2246)",2026-08-28T02:53:49.868Z,178788562986801
"-- starting hand #258 (id: r6rugr55tlmz)  No Limit Texas Hold'em (dealer: ""the pho king @ gpP9uUffpu"") --",2026-08-28T02:53:49.868Z,178788562986800
"""the pho king @ gpP9uUffpu"" shows a 3♥, 10♣.",2026-08-28T02:53:44.493Z,178788562449300
"""LingWae @ FQN9hzhzP_"" shows a 6♠, 6♥.",2026-08-28T02:53:44.236Z,178788562423600
"Undealt cards:  [A♠, J♦, 6♦, A♣, 8♦]",2026-08-28T02:53:42.827Z,178788562282700
"-- ending hand #257 --",2026-08-28T02:53:42.554Z,178788562255402
"""LingWae @ FQN9hzhzP_"" collected 40 from pot",2026-08-28T02:53:42.554Z,178788562255401
"Uncalled bet of 100 returned to ""LingWae @ FQN9hzhzP_""",2026-08-28T02:53:42.554Z,178788562255400
"""the pho king @ gpP9uUffpu"" folds",2026-08-28T02:53:41.670Z,178788562167000
"""LingWae @ FQN9hzhzP_"" raises to 120",2026-08-28T02:53:40.621Z,178788562062100
"""the pho king @ gpP9uUffpu"" posts a big blind of 20",2026-08-28T02:53:36.658Z,178788561665805
"""LingWae @ FQN9hzhzP_"" posts a small blind of 10",2026-08-28T02:53:36.658Z,178788561665804
"Your hand is 3♥, 10♣",2026-08-28T02:53:36.658Z,178788561665803
"Player stacks: #1 ""LingWae @ FQN9hzhzP_"" (4734) | #10 ""the pho king @ gpP9uUffpu"" (2266)",2026-08-28T02:53:36.658Z,178788561665801
"-- starting hand #257 (id: 29vnyqh8vhem)  No Limit Texas Hold'em (dealer: ""LingWae @ FQN9hzhzP_"") --",2026-08-28T02:53:36.658Z,178788561665800
"""LingWae @ FQN9hzhzP_"" shows a 4♥, Q♠.",2026-08-28T02:53:33.235Z,178788561323500
"-- ending hand #256 --",2026-08-28T02:53:30.147Z,178788561014702
"""the pho king @ gpP9uUffpu"" collected 120 from pot with Three of a Kind, K's (combination: 7♥, 8♦, K♣, K♥, K♦)",2026-08-28T02:53:30.147Z,178788561014701
"""the pho king @ gpP9uUffpu"" shows a K♣, 2♥.",2026-08-28T02:53:30.147Z,178788561014700
"""LingWae @ FQN9hzhzP_"" calls 20",2026-08-28T02:53:29.281Z,178788560928100
"""the pho king @ gpP9uUffpu"" bets 20",2026-08-28T02:53:27.622Z,178788560762200
"""LingWae @ FQN9hzhzP_"" checks",2026-08-28T02:53:25.635Z,178788560563500
"River: 7♥, K♥, 3♠, K♦ [8♦]",2026-08-28T02:53:23.032Z,178788560303200
"""the pho king @ gpP9uUffpu"" checks",2026-08-28T02:53:22.225Z,178788560222500
"""LingWae @ FQN9hzhzP_"" checks",2026-08-28T02:53:21.282Z,178788560128200
"Turn: 7♥, K♥, 3♠ [K♦]",2026-08-28T02:53:19.729Z,178788559972900
"""LingWae @ FQN9hzhzP_"" calls 20",2026-08-28T02:53:18.892Z,178788559889200
"""the pho king @ gpP9uUffpu"" bets 20",2026-08-28T02:53:16.830Z,178788559683000
"""LingWae @ FQN9hzhzP_"" checks",2026-08-28T02:53:15.754Z,178788559575400
"Flop:  [7♥, K♥, 3♠]",2026-08-28T02:53:13.948Z,178788559394800
"""LingWae @ FQN9hzhzP_"" checks",2026-08-28T02:53:13.140Z,178788559314000
"""the pho king @ gpP9uUffpu"" calls 20",2026-08-28T02:53:11.997Z,178788559199700
"""LingWae @ FQN9hzhzP_"" posts a big blind of 20",2026-08-28T02:53:10.925Z,178788559092505
"""the pho king @ gpP9uUffpu"" posts a small blind of 10",2026-08-28T02:53:10.925Z,178788559092504
"Your hand is K♣, 2♥",2026-08-28T02:53:10.925Z,178788559092503
"Player stacks: #1 ""LingWae @ FQN9hzhzP_"" (4794) | #10 ""the pho king @ gpP9uUffpu"" (2206)",2026-08-28T02:53:10.925Z,178788559092501
"-- starting hand #256 (id: wouqc65kbxb4)  No Limit Texas Hold'em (dealer: ""the pho king @ gpP9uUffpu"") --",2026-08-28T02:53:10.925Z,178788559092500
"""LingWae @ FQN9hzhzP_"" shows a 9♦.",2026-08-28T02:53:07.099Z,178788558709900
"""the pho king @ gpP9uUffpu"" shows a 3♠, Q♣.",2026-08-28T02:53:06.882Z,178788558688200
"""LingWae @ FQN9hzhzP_"" shows a 6♦.",2026-08-28T02:53:05.348Z,178788558534800
"Undealt cards: 6♣, K♠, 6♥ [K♣, 3♣]",2026-08-28T02:53:03.893Z,178788558389300
"-- ending hand #255 --",2026-08-28T02:53:03.610Z,178788558361002
"""LingWae @ FQN9hzhzP_"" collected 40 from pot",2026-08-28T02:53:03.610Z,178788558361001
"Uncalled bet of 20 returned to ""LingWae @ FQN9hzhzP_""",2026-08-28T02:53:03.610Z,178788558361000
"""the pho king @ gpP9uUffpu"" folds",2026-08-28T02:53:02.805Z,178788558280500
"""LingWae @ FQN9hzhzP_"" bets 20",2026-08-28T02:53:01.827Z,178788558182700
"""the pho king @ gpP9uUffpu"" checks",2026-08-28T02:52:58.811Z,178788557881100
"Flop:  [6♣, K♠, 6♥]",2026-08-28T02:52:57.689Z,178788557768900
"""the pho king @ gpP9uUffpu"" checks",2026-08-28T02:52:56.784Z,178788557678400
"""LingWae @ FQN9hzhzP_"" calls 20",2026-08-28T02:52:55.782Z,178788557578200
"""the pho king @ gpP9uUffpu"" posts a big blind of 20",2026-08-28T02:52:54.690Z,178788557469005
"""LingWae @ FQN9hzhzP_"" posts a small blind of 10",2026-08-28T02:52:54.690Z,178788557469004
"Your hand is 3♠, Q♣",2026-08-28T02:52:54.690Z,178788557469003
"Player stacks: #1 ""LingWae @ FQN9hzhzP_"" (4774) | #10 ""the pho king @ gpP9uUffpu"" (2226)",2026-08-28T02:52:54.690Z,178788557469001
"-- starting hand #255 (id: 3dkda7r6pr6e)  No Limit Texas Hold'em (dealer: ""LingWae @ FQN9hzhzP_"") --",2026-08-28T02:52:54.690Z,178788557469000
"-- ending hand #254 --",2026-08-28T02:52:48.682Z,178788556868203
"""the pho king @ gpP9uUffpu"" collected 120 from pot with Pair, 8's (combination: 6♠, 9♦, K♦, 8♣, 8♠)",2026-08-28T02:52:48.682Z,178788556868202
"""the pho king @ gpP9uUffpu"" shows a 6♠, 8♣.",2026-08-28T02:52:48.682Z,178788556868201
"""LingWae @ FQN9hzhzP_"" shows a 10♦, 7♠.",2026-08-28T02:52:48.682Z,178788556868200
"""the pho king @ gpP9uUffpu"" calls 20",2026-08-28T02:52:47.854Z,178788556785400
"""LingWae @ FQN9hzhzP_"" bets 20",2026-08-28T02:52:46.948Z,178788556694800
"River: 5♦, 8♠, 2♥, K♦ [9♦]",2026-08-28T02:52:43.882Z,178788556388200
"""the pho king @ gpP9uUffpu"" checks",2026-08-28T02:52:43.007Z,178788556300700
"""LingWae @ FQN9hzhzP_"" checks",2026-08-28T02:52:42.105Z,178788556210500
"Turn: 5♦, 8♠, 2♥ [K♦]",2026-08-28T02:52:40.481Z,178788556048100
"""the pho king @ gpP9uUffpu"" checks",2026-08-28T02:52:39.607Z,178788555960700
"""LingWae @ FQN9hzhzP_"" checks",2026-08-28T02:52:38.696Z,178788555869600
"Flop:  [5♦, 8♠, 2♥]",2026-08-28T02:52:34.281Z,178788555428100
"""LingWae @ FQN9hzhzP_"" calls 40",2026-08-28T02:52:33.456Z,178788555345600
"""the pho king @ gpP9uUffpu"" raises to 40",2026-08-28T02:52:31.133Z,178788555113300
"""LingWae @ FQN9hzhzP_"" posts a big blind of 20",2026-08-28T02:52:29.946Z,178788554994605
"""the pho king @ gpP9uUffpu"" posts a small blind of 10",2026-08-28T02:52:29.946Z,178788554994604
"Your hand is 6♠, 8♣",2026-08-28T02:52:29.946Z,178788554994603
"Player stacks: #1 ""LingWae @ FQN9hzhzP_"" (4834) | #10 ""the pho king @ gpP9uUffpu"" (2166)",2026-08-28T02:52:29.946Z,178788554994601
"-- starting hand #254 (id: uawnuwsqtd15)  No Limit Texas Hold'em (dealer: ""the pho king @ gpP9uUffpu"") --",2026-08-28T02:52:29.946Z,178788554994600
"""LingWae @ FQN9hzhzP_"" shows a Q♣, 4♣.",2026-08-28T02:52:26.918Z,178788554691800
"-- ending hand #253 --",2026-08-28T02:52:26.343Z,178788554634302
"""LingWae @ FQN9hzhzP_"" collected 280 from pot",2026-08-28T02:52:26.343Z,178788554634301
"Uncalled bet of 107 returned to ""LingWae @ FQN9hzhzP_""",2026-08-28T02:52:26.343Z,178788554634300
"""the pho king @ gpP9uUffpu"" folds",2026-08-28T02:52:25.513Z,178788554551300
"""LingWae @ FQN9hzhzP_"" raises to 167",2026-08-28T02:52:16.110Z,178788553611000
"""the pho king @ gpP9uUffpu"" bets 60",2026-08-28T02:52:13.383Z,178788553338300
"River: 5♥, J♠, 10♣, 4♦ [Q♥]",2026-08-28T02:52:10.322Z,178788553032200
"""LingWae @ FQN9hzhzP_"" calls 60",2026-08-28T02:52:09.515Z,178788552951500
"""the pho king @ gpP9uUffpu"" raises to 60",2026-08-28T02:52:08.601Z,178788552860100
"""LingWae @ FQN9hzhzP_"" bets 20",2026-08-28T02:52:06.486Z,178788552648600
"""the pho king @ gpP9uUffpu"" checks",2026-08-28T02:52:04.407Z,178788552440700
"Turn: 5♥, J♠, 10♣ [4♦]",2026-08-28T02:52:03.623Z,178788552362300
"""LingWae @ FQN9hzhzP_"" checks",2026-08-28T02:52:02.801Z,178788552280100
"""the pho king @ gpP9uUffpu"" checks",2026-08-28T02:52:00.991Z,178788552099100
"Flop:  [5♥, J♠, 10♣]",2026-08-28T02:51:59.789Z,178788551978900
"""the pho king @ gpP9uUffpu"" checks",2026-08-28T02:51:58.928Z,178788551892800
"""LingWae @ FQN9hzhzP_"" calls 20",2026-08-28T02:51:58.024Z,178788551802400
"""the pho king @ gpP9uUffpu"" posts a big blind of 20",2026-08-28T02:51:56.215Z,178788551621505
"""LingWae @ FQN9hzhzP_"" posts a small blind of 10",2026-08-28T02:51:56.215Z,178788551621504
"Player stacks: #1 ""LingWae @ FQN9hzhzP_"" (4694) | #10 ""the pho king @ gpP9uUffpu"" (2306)",2026-08-28T02:51:56.215Z,178788551621501
"-- starting hand #253 (id: n4uk9xftfvhv)  No Limit Texas Hold'em (dealer: ""LingWae @ FQN9hzhzP_"") --",2026-08-28T02:51:56.215Z,178788551621500
"""LingWae @ FQN9hzhzP_"" shows a 8♣, 7♠.",2026-08-28T02:51:51.736Z,178788551173600
"""the pho king @ gpP9uUffpu"" shows a 3♦.",2026-08-28T02:51:51.079Z,178788551107900
"Undealt cards: 9♠, K♦, 6♠, Q♥ [3♠]",2026-08-28T02:51:49.242Z,178788550924200
"-- ending hand #252 --",2026-08-28T02:51:48.895Z,178788550889501
"""LingWae @ FQN9hzhzP_"" collected 152 from pot",2026-08-28T02:51:48.895Z,178788550889500
"""the pho king @ gpP9uUffpu"" folds",2026-08-28T02:51:48.064Z,178788550806400
"""LingWae @ FQN9hzhzP_"" checks",2026-08-28T02:51:47.046Z,178788550704600
"Turn: 9♠, K♦, 6♠ [Q♥]",2026-08-28T02:51:45.693Z,178788550569300
"""the pho king @ gpP9uUffpu"" calls 36",2026-08-28T02:51:44.881Z,178788550488100
"""LingWae @ FQN9hzhzP_"" bets 36",2026-08-28T02:51:43.959Z,178788550395900
"Flop:  [9♠, K♦, 6♠]",2026-08-28T02:51:35.484Z,178788549548400
"""LingWae @ FQN9hzhzP_"" calls 40",2026-08-28T02:51:34.669Z,178788549466900
"""the pho king @ gpP9uUffpu"" raises to 40",2026-08-28T02:51:33.752Z,178788549375200
"""LingWae @ FQN9hzhzP_"" posts a big blind of 20",2026-08-28T02:51:32.778Z,178788549277805
"""the pho king @ gpP9uUffpu"" posts a small blind of 10",2026-08-28T02:51:32.778Z,178788549277804
"Player stacks: #1 ""LingWae @ FQN9hzhzP_"" (4618) | #10 ""the pho king @ gpP9uUffpu"" (2382)",2026-08-28T02:51:32.778Z,178788549277801
"-- starting hand #252 (id: duiourwfw7l7)  No Limit Texas Hold'em (dealer: ""the pho king @ gpP9uUffpu"") --",2026-08-28T02:51:32.778Z,178788549277800
"""the pho king @ gpP9uUffpu"" shows a 8♥.",2026-08-28T02:51:29.787Z,178788548978700
"-- ending hand #251 --",2026-08-28T02:51:29.162Z,178788548916202
"""the pho king @ gpP9uUffpu"" collected 120 from pot",2026-08-28T02:51:29.162Z,178788548916201
"Uncalled bet of 20 returned to ""the pho king @ gpP9uUffpu""",2026-08-28T02:51:29.162Z,178788548916200
"""LingWae @ FQN9hzhzP_"" folds",2026-08-28T02:51:28.304Z,178788548830400
"""the pho king @ gpP9uUffpu"" bets 20",2026-08-28T02:51:27.022Z,178788548702200
"River: 4♣, 6♠, 7♠, K♦ [8♠]",2026-08-28T02:51:25.797Z,178788548579700
"""LingWae @ FQN9hzhzP_"" checks",2026-08-28T02:51:24.977Z,178788548497700
"""the pho king @ gpP9uUffpu"" checks",2026-08-28T02:51:24.058Z,178788548405800
"Turn: 4♣, 6♠, 7♠ [K♦]",2026-08-28T02:51:23.274Z,178788548327400
"""LingWae @ FQN9hzhzP_"" checks",2026-08-28T02:51:22.453Z,178788548245300
"""the pho king @ gpP9uUffpu"" checks",2026-08-28T02:51:21.438Z,178788548143800
"Flop:  [4♣, 6♠, 7♠]",2026-08-28T02:51:19.979Z,178788547997900
"""LingWae @ FQN9hzhzP_"" calls 60",2026-08-28T02:51:19.173Z,178788547917300
"""the pho king @ gpP9uUffpu"" raises to 60",2026-08-28T02:51:17.999Z,178788547799900
"""LingWae @ FQN9hzhzP_"" calls 20",2026-08-28T02:51:16.336Z,178788547633600
"""the pho king @ gpP9uUffpu"" posts a big blind of 20",2026-08-28T02:51:15.069Z,178788547506905
"""LingWae @ FQN9hzhzP_"" posts a small blind of 10",2026-08-28T02:51:15.069Z,178788547506904
"Player stacks: #1 ""LingWae @ FQN9hzhzP_"" (4678) | #10 ""the pho king @ gpP9uUffpu"" (2322)",2026-08-28T02:51:15.069Z,178788547506901
"-- starting hand #251 (id: xrvjljxiwcjl)  No Limit Texas Hold'em (dealer: ""LingWae @ FQN9hzhzP_"") --",2026-08-28T02:51:15.069Z,178788547506900
"-- ending hand #250 --",2026-08-28T02:51:09.039Z,178788546903903
"""the pho king @ gpP9uUffpu"" collected 414 from pot with Pair, 7's (combination: 9♠, J♦, K♠, 7♠, 7♣)",2026-08-28T02:51:09.039Z,178788546903902
"""the pho king @ gpP9uUffpu"" shows a 7♠, 5♥.",2026-08-28T02:51:09.039Z,178788546903901
"""LingWae @ FQN9hzhzP_"" shows a 6♦, 6♥.",2026-08-28T02:51:09.039Z,178788546903900
"""the pho king @ gpP9uUffpu"" calls 20",2026-08-28T02:51:08.207Z,178788546820700
"""LingWae @ FQN9hzhzP_"" bets 20",2026-08-28T02:51:07.299Z,178788546729900
"River: J♦, 2♥, 7♣, K♠ [9♠]",2026-08-28T02:51:05.634Z,178788546563400
"""the pho king @ gpP9uUffpu"" checks",2026-08-28T02:51:04.822Z,178788546482200
"""LingWae @ FQN9hzhzP_"" checks",2026-08-28T02:51:03.712Z,178788546371200
"Turn: J♦, 2♥, 7♣ [K♠]",2026-08-28T02:51:02.422Z,178788546242200
"""the pho king @ gpP9uUffpu"" calls 67",2026-08-28T02:51:01.585Z,178788546158500
"""LingWae @ FQN9hzhzP_"" bets 67",2026-08-28T02:51:00.554Z,178788546055400
"Flop:  [J♦, 2♥, 7♣]",2026-08-28T02:50:57.587Z,178788545758700
"""the pho king @ gpP9uUffpu"" calls 120",2026-08-28T02:50:56.758Z,178788545675800
"""LingWae @ FQN9hzhzP_"" raises to 120",2026-08-28T02:50:55.265Z,178788545526500
"""the pho king @ gpP9uUffpu"" raises to 40",2026-08-28T02:50:53.232Z,178788545323200
"""LingWae @ FQN9hzhzP_"" posts a big blind of 20",2026-08-28T02:50:51.906Z,178788545190605
"""the pho king @ gpP9uUffpu"" posts a small blind of 10",2026-08-28T02:50:51.906Z,178788545190604
"Your hand is 7♠, 5♥",2026-08-28T02:50:51.906Z,178788545190603
"Player stacks: #1 ""LingWae @ FQN9hzhzP_"" (4885) | #10 ""the pho king @ gpP9uUffpu"" (2115)",2026-08-28T02:50:51.906Z,178788545190601
"-- starting hand #250 (id: olmgcajnvgbb)  No Limit Texas Hold'em (dealer: ""the pho king @ gpP9uUffpu"") --",2026-08-28T02:50:51.906Z,178788545190600
"""LingWae @ FQN9hzhzP_"" shows a 5♦, 2♣.",2026-08-28T02:50:46.892Z,178788544689200
"""the pho king @ gpP9uUffpu"" shows a A♠, K♣.",2026-08-28T02:50:45.574Z,178788544557400
"Undealt cards:  [Q♥, 7♥, J♣, 10♣, J♥]",2026-08-28T02:50:45.019Z,178788544501900
"-- ending hand #249 --",2026-08-28T02:50:44.583Z,178788544458302
"""the pho king @ gpP9uUffpu"" collected 20 from pot",2026-08-28T02:50:44.583Z,178788544458301
"Uncalled bet of 10 returned to ""the pho king @ gpP9uUffpu""",2026-08-28T02:50:44.583Z,178788544458300
"""LingWae @ FQN9hzhzP_"" folds",2026-08-28T02:50:43.727Z,178788544372700
"""the pho king @ gpP9uUffpu"" posts a big blind of 20",2026-08-28T02:50:39.379Z,178788543937905
"""LingWae @ FQN9hzhzP_"" posts a small blind of 10",2026-08-28T02:50:39.379Z,178788543937904
"Your hand is A♠, K♣",2026-08-28T02:50:39.379Z,178788543937903
"Player stacks: #1 ""LingWae @ FQN9hzhzP_"" (4895) | #10 ""the pho king @ gpP9uUffpu"" (2105)",2026-08-28T02:50:39.379Z,178788543937901
"-- starting hand #249 (id: xdunwk0qcapg)  No Limit Texas Hold'em (dealer: ""LingWae @ FQN9hzhzP_"") --",2026-08-28T02:50:39.379Z,178788543937900
"""the pho king @ gpP9uUffpu"" shows a K♥.",2026-08-28T02:50:37.983Z,178788543798300
"""LingWae @ FQN9hzhzP_"" shows a 2♠, Q♠.",2026-08-28T02:50:35.929Z,178788543592900
"-- ending hand #248 --",2026-08-28T02:50:35.028Z,178788543502802
"""the pho king @ gpP9uUffpu"" collected 446 from pot",2026-08-28T02:50:35.028Z,178788543502801
"Uncalled bet of 446 returned to ""the pho king @ gpP9uUffpu""",2026-08-28T02:50:35.028Z,178788543502800
"""LingWae @ FQN9hzhzP_"" folds",2026-08-28T02:50:34.187Z,178788543418700
"""the pho king @ gpP9uUffpu"" bets 446",2026-08-28T02:50:31.228Z,178788543122800
"""LingWae @ FQN9hzhzP_"" checks",2026-08-28T02:50:29.539Z,178788542953900
"River: K♠, Q♥, J♥, 2♥ [6♥]",2026-08-28T02:50:27.468Z,178788542746800
"""LingWae @ FQN9hzhzP_"" calls 136",2026-08-28T02:50:26.638Z,178788542663800
"""the pho king @ gpP9uUffpu"" raises to 136",2026-08-28T02:50:25.632Z,178788542563200
"""LingWae @ FQN9hzhzP_"" bets 68",2026-08-28T02:50:23.711Z,178788542371100
"Turn: K♠, Q♥, J♥ [2♥]",2026-08-28T02:50:20.575Z,178788542057500
"""the pho king @ gpP9uUffpu"" calls 67",2026-08-28T02:50:19.761Z,178788541976100
"""LingWae @ FQN9hzhzP_"" bets 67",2026-08-28T02:50:18.831Z,178788541883100
"Flop:  [K♠, Q♥, J♥]",2026-08-28T02:50:15.170Z,178788541517000
"""LingWae @ FQN9hzhzP_"" checks",2026-08-28T02:50:14.353Z,178788541435300
"""the pho king @ gpP9uUffpu"" calls 20",2026-08-28T02:50:12.906Z,178788541290600
"""LingWae @ FQN9hzhzP_"" posts a big blind of 20",2026-08-28T02:50:11.806Z,178788541180605
"""the pho king @ gpP9uUffpu"" posts a small blind of 10",2026-08-28T02:50:11.806Z,178788541180604
"Player stacks: #1 ""LingWae @ FQN9hzhzP_"" (5118) | #10 ""the pho king @ gpP9uUffpu"" (1882)",2026-08-28T02:50:11.806Z,178788541180601
"-- starting hand #248 (id: lvobdbfbldez)  No Limit Texas Hold'em (dealer: ""the pho king @ gpP9uUffpu"") --",2026-08-28T02:50:11.806Z,178788541180600
"""LingWae @ FQN9hzhzP_"" shows a 4♣, 3♠.",2026-08-28T02:50:08.892Z,178788540889200
"-- ending hand #247 --",2026-08-28T02:50:08.165Z,178788540816502
"""the pho king @ gpP9uUffpu"" collected 40 from pot",2026-08-28T02:50:08.165Z,178788540816501
"Uncalled bet of 20 returned to ""the pho king @ gpP9uUffpu""",2026-08-28T02:50:08.165Z,178788540816500
"""LingWae @ FQN9hzhzP_"" folds",2026-08-28T02:50:07.232Z,178788540723200
"""the pho king @ gpP9uUffpu"" bets 20",2026-08-28T02:50:05.913Z,178788540591300
"River: A♣, J♥, 5♠, Q♦ [A♥]",2026-08-28T02:50:04.564Z,178788540456400
"""LingWae @ FQN9hzhzP_"" checks",2026-08-28T02:50:03.668Z,178788540366800
"""the pho king @ gpP9uUffpu"" checks",2026-08-28T02:50:02.730Z,178788540273000
"Turn: A♣, J♥, 5♠ [Q♦]",2026-08-28T02:50:01.802Z,178788540180200
"""LingWae @ FQN9hzhzP_"" checks",2026-08-28T02:50:00.927Z,178788540092700
"""the pho king @ gpP9uUffpu"" checks",2026-08-28T02:49:59.365Z,178788539936500
"Flop:  [A♣, J♥, 5♠]",2026-08-28T02:49:58.280Z,178788539828000
"""the pho king @ gpP9uUffpu"" checks",2026-08-28T02:49:57.458Z,178788539745800
"""LingWae @ FQN9hzhzP_"" calls 20",2026-08-28T02:49:56.547Z,178788539654700
"""the pho king @ gpP9uUffpu"" posts a big blind of 20",2026-08-28T02:49:54.879Z,178788539487905
"""LingWae @ FQN9hzhzP_"" posts a small blind of 10",2026-08-28T02:49:54.879Z,178788539487904
"Player stacks: #1 ""LingWae @ FQN9hzhzP_"" (5138) | #10 ""the pho king @ gpP9uUffpu"" (1862)",2026-08-28T02:49:54.879Z,178788539487901
"-- starting hand #247 (id: t9kmchvnl8pc)  No Limit Texas Hold'em (dealer: ""LingWae @ FQN9hzhzP_"") --",2026-08-28T02:49:54.879Z,178788539487900
"""the pho king @ gpP9uUffpu"" shows a 9♦, 7♥.",2026-08-28T02:49:51.983Z,178788539198300
"""LingWae @ FQN9hzhzP_"" shows a 5♦, 7♣.",2026-08-28T02:49:50.048Z,178788539004800
"Undealt cards: A♦, K♥, Q♣ [A♠, J♥]",2026-08-28T02:49:47.942Z,178788538794200
"-- ending hand #246 --",2026-08-28T02:49:47.555Z,178788538755501
"""the pho king @ gpP9uUffpu"" collected 80 from pot",2026-08-28T02:49:47.555Z,178788538755500
"""LingWae @ FQN9hzhzP_"" folds",2026-08-28T02:49:46.747Z,178788538674700
"Flop:  [A♦, K♥, Q♣]",2026-08-28T02:49:44.780Z,178788538478000
"""LingWae @ FQN9hzhzP_"" calls 40",2026-08-28T02:49:43.976Z,178788538397600
"""the pho king @ gpP9uUffpu"" raises to 40",2026-08-28T02:49:43.044Z,178788538304400
"""LingWae @ FQN9hzhzP_"" posts a big blind of 20",2026-08-28T02:49:42.063Z,178788538206305
"""the pho king @ gpP9uUffpu"" posts a small blind of 10",2026-08-28T02:49:42.063Z,178788538206304
"Your hand is 9♦, 7♥",2026-08-28T02:49:42.063Z,178788538206303
"Player stacks: #1 ""LingWae @ FQN9hzhzP_"" (5178) | #10 ""the pho king @ gpP9uUffpu"" (1822)",2026-08-28T02:49:42.063Z,178788538206301
"-- starting hand #246 (id: ndb85qnkkhbg)  No Limit Texas Hold'em (dealer: ""the pho king @ gpP9uUffpu"") --",2026-08-28T02:49:42.063Z,178788538206300
"""LingWae @ FQN9hzhzP_"" shows a 2♣, 9♥.",2026-08-28T02:49:37.560Z,178788537756000
"-- ending hand #245 --",2026-08-28T02:49:35.548Z,178788537554802
"""the pho king @ gpP9uUffpu"" collected 120 from pot with Two Pair, 7's & 6's (combination: 8♠, 6♠, 6♥, 7♥, 7♣)",2026-08-28T02:49:35.548Z,178788537554801
"""the pho king @ gpP9uUffpu"" shows a 3♠, 7♥.",2026-08-28T02:49:35.548Z,178788537554800
"""LingWae @ FQN9hzhzP_"" checks",2026-08-28T02:49:34.695Z,178788537469500
"""the pho king @ gpP9uUffpu"" checks",2026-08-28T02:49:33.781Z,178788537378100
"River: 6♠, 2♦, 6♥, 7♣ [8♠]",2026-08-28T02:49:32.658Z,178788537265800
"""the pho king @ gpP9uUffpu"" calls 20",2026-08-28T02:49:31.803Z,178788537180300
"""LingWae @ FQN9hzhzP_"" bets 20",2026-08-28T02:49:30.874Z,178788537087400
"""the pho king @ gpP9uUffpu"" checks",2026-08-28T02:49:28.878Z,178788536887800
"Turn: 6♠, 2♦, 6♥ [7♣]",2026-08-28T02:49:27.766Z,178788536776600
"""the pho king @ gpP9uUffpu"" calls 20",2026-08-28T02:49:26.911Z,178788536691100
"""LingWae @ FQN9hzhzP_"" bets 20",2026-08-28T02:49:25.756Z,178788536575600
"""the pho king @ gpP9uUffpu"" checks",2026-08-28T02:49:23.401Z,178788536340100
"Flop:  [6♠, 2♦, 6♥]",2026-08-28T02:49:22.255Z,178788536225500
"""the pho king @ gpP9uUffpu"" checks",2026-08-28T02:49:21.412Z,178788536141200
"""LingWae @ FQN9hzhzP_"" calls 20",2026-08-28T02:49:20.483Z,178788536048300
"""the pho king @ gpP9uUffpu"" posts a big blind of 20",2026-08-28T02:49:17.257Z,178788535725705
"""LingWae @ FQN9hzhzP_"" posts a small blind of 10",2026-08-28T02:49:17.257Z,178788535725704
"Your hand is 3♠, 7♥",2026-08-28T02:49:17.257Z,178788535725703
"Player stacks: #1 ""LingWae @ FQN9hzhzP_"" (5238) | #10 ""the pho king @ gpP9uUffpu"" (1762)",2026-08-28T02:49:17.257Z,178788535725701
"-- starting hand #245 (id: jumg1jblbjtd)  No Limit Texas Hold'em (dealer: ""LingWae @ FQN9hzhzP_"") --",2026-08-28T02:49:17.257Z,178788535725700
"""LingWae @ FQN9hzhzP_"" shows a 2♣.",2026-08-28T02:49:14.534Z,178788535453400
"-- ending hand #244 --",2026-08-28T02:49:13.647Z,178788535364702
"""LingWae @ FQN9hzhzP_"" collected 160 from pot",2026-08-28T02:49:13.647Z,178788535364701
"Uncalled bet of 67 returned to ""LingWae @ FQN9hzhzP_""",2026-08-28T02:49:13.647Z,178788535364700
"""the pho king @ gpP9uUffpu"" folds",2026-08-28T02:49:12.804Z,178788535280400
"""LingWae @ FQN9hzhzP_"" bets 67",2026-08-28T02:49:11.226Z,178788535122600
"River: Q♥, K♥, 2♦, 2♠ [7♦]",2026-08-28T02:49:08.430Z,178788534843000
"""the pho king @ gpP9uUffpu"" calls 40",2026-08-28T02:49:07.591Z,178788534759100
"""LingWae @ FQN9hzhzP_"" bets 40",2026-08-28T02:49:06.665Z,178788534666500
"Turn: Q♥, K♥, 2♦ [2♠]",2026-08-28T02:49:02.641Z,178788534264100
"""the pho king @ gpP9uUffpu"" checks",2026-08-28T02:49:01.794Z,178788534179400
"""LingWae @ FQN9hzhzP_"" checks",2026-08-28T02:48:59.992Z,178788533999200
"Flop:  [Q♥, K♥, 2♦]",2026-08-28T02:48:57.464Z,178788533746400
"""LingWae @ FQN9hzhzP_"" calls 40",2026-08-28T02:48:56.573Z,178788533657300
"""the pho king @ gpP9uUffpu"" raises to 40",2026-08-28T02:48:55.132Z,178788533513200
"""LingWae @ FQN9hzhzP_"" posts a big blind of 20",2026-08-28T02:48:53.730Z,178788533373005
"""the pho king @ gpP9uUffpu"" posts a small blind of 10",2026-08-28T02:48:53.730Z,178788533373004
"Player stacks: #1 ""LingWae @ FQN9hzhzP_"" (5158) | #10 ""the pho king @ gpP9uUffpu"" (1842)",2026-08-28T02:48:53.730Z,178788533373001
"-- starting hand #244 (id: j3cs9d10c2be)  No Limit Texas Hold'em (dealer: ""the pho king @ gpP9uUffpu"") --",2026-08-28T02:48:53.730Z,178788533373000
"-- ending hand #243 --",2026-08-28T02:48:47.710Z,178788532771003
"""LingWae @ FQN9hzhzP_"" collected 428 from pot with Two Pair, 10's & 8's (combination: Q♣, 8♣, 8♠, 10♥, 10♣)",2026-08-28T02:48:47.710Z,178788532771002
"""LingWae @ FQN9hzhzP_"" shows a Q♣, 10♥.",2026-08-28T02:48:47.710Z,178788532771001
"""the pho king @ gpP9uUffpu"" shows a J♦, 10♠.",2026-08-28T02:48:47.710Z,178788532771000
"""LingWae @ FQN9hzhzP_"" calls 134",2026-08-28T02:48:46.903Z,178788532690300
"""the pho king @ gpP9uUffpu"" raises to 134",2026-08-28T02:48:45.899Z,178788532589900
"""LingWae @ FQN9hzhzP_"" bets 67",2026-08-28T02:48:44.170Z,178788532417000
"""the pho king @ gpP9uUffpu"" checks",2026-08-28T02:48:41.504Z,178788532150400
"River: 2♠, 8♣, 8♠, 5♠ [10♣]",2026-08-28T02:48:39.254Z,178788531925400
"""LingWae @ FQN9hzhzP_"" checks",2026-08-28T02:48:38.359Z,178788531835900
"""the pho king @ gpP9uUffpu"" checks",2026-08-28T02:48:37.347Z,178788531734700
"Turn: 2♠, 8♣, 8♠ [5♠]",2026-08-28T02:48:36.653Z,178788531665300
"""LingWae @ FQN9hzhzP_"" checks",2026-08-28T02:48:35.842Z,178788531584200
"""the pho king @ gpP9uUffpu"" checks",2026-08-28T02:48:34.929Z,178788531492900
"Flop:  [2♠, 8♣, 8♠]",2026-08-28T02:48:33.713Z,178788531371300
"""LingWae @ FQN9hzhzP_"" calls 80",2026-08-28T02:48:32.905Z,178788531290500
"""the pho king @ gpP9uUffpu"" raises to 80",2026-08-28T02:48:31.838Z,178788531183800
"""LingWae @ FQN9hzhzP_"" raises to 40",2026-08-28T02:48:29.771Z,178788530977100
"""the pho king @ gpP9uUffpu"" posts a big blind of 20",2026-08-28T02:48:26.850Z,178788530685005
"""LingWae @ FQN9hzhzP_"" posts a small blind of 10",2026-08-28T02:48:26.850Z,178788530685004
"Your hand is J♦, 10♠",2026-08-28T02:48:26.850Z,178788530685003
"Player stacks: #1 ""LingWae @ FQN9hzhzP_"" (4944) | #10 ""the pho king @ gpP9uUffpu"" (2056)",2026-08-28T02:48:26.850Z,178788530685001
"-- starting hand #243 (id: zmhqrf1n6lkh)  No Limit Texas Hold'em (dealer: ""LingWae @ FQN9hzhzP_"") --",2026-08-28T02:48:26.850Z,178788530685000
"-- ending hand #242 --",2026-08-28T02:48:20.829Z,178788530082903
"""the pho king @ gpP9uUffpu"" collected 120 from pot with Two Pair, 6's & 5's (combination: J♦, 5♥, 5♣, 6♦, 6♥)",2026-08-28T02:48:20.829Z,178788530082902
"""the pho king @ gpP9uUffpu"" shows a 5♥, 10♠.",2026-08-28T02:48:20.829Z,178788530082901
"""LingWae @ FQN9hzhzP_"" shows a 3♣, 2♣.",2026-08-28T02:48:20.829Z,178788530082900
"""the pho king @ gpP9uUffpu"" checks",2026-08-28T02:48:19.974Z,178788529997400
"""LingWae @ FQN9hzhzP_"" checks",2026-08-28T02:48:19.072Z,178788529907200
"River: 7♦, 6♦, 5♣, J♦ [6♥]",2026-08-28T02:48:16.631Z,178788529663100
"""the pho king @ gpP9uUffpu"" checks",2026-08-28T02:48:15.726Z,178788529572600
"""LingWae @ FQN9hzhzP_"" checks",2026-08-28T02:48:14.809Z,178788529480900
"Turn: 7♦, 6♦, 5♣ [J♦]",2026-08-28T02:48:13.627Z,178788529362700
"""the pho king @ gpP9uUffpu"" calls 20",2026-08-28T02:48:12.723Z,178788529272300
"""LingWae @ FQN9hzhzP_"" bets 20",2026-08-28T02:48:11.801Z,178788529180100
"Flop:  [7♦, 6♦, 5♣]",2026-08-28T02:48:08.006Z,178788528800600
"""LingWae @ FQN9hzhzP_"" calls 40",2026-08-28T02:48:07.106Z,178788528710600
"""the pho king @ gpP9uUffpu"" raises to 40",2026-08-28T02:48:06.183Z,178788528618300
"""LingWae @ FQN9hzhzP_"" posts a big blind of 20",2026-08-28T02:48:05.205Z,178788528520505
"""the pho king @ gpP9uUffpu"" posts a small blind of 10",2026-08-28T02:48:05.205Z,178788528520504
"Your hand is 5♥, 10♠",2026-08-28T02:48:05.205Z,178788528520503
"Player stacks: #1 ""LingWae @ FQN9hzhzP_"" (5004) | #10 ""the pho king @ gpP9uUffpu"" (1996)",2026-08-28T02:48:05.205Z,178788528520501
"-- starting hand #242 (id: d9ks8hzm6q9p)  No Limit Texas Hold'em (dealer: ""the pho king @ gpP9uUffpu"") --",2026-08-28T02:48:05.205Z,178788528520500
"""the pho king @ gpP9uUffpu"" shows a 10♥, 9♦.",2026-08-28T02:48:01.953Z,178788528195300
"""LingWae @ FQN9hzhzP_"" shows a 2♥, 4♦.",2026-08-28T02:48:00.185Z,178788528018500
"Undealt cards:  [6♠, 7♣, 3♦, 7♥, 4♠]",2026-08-28T02:47:58.899Z,178788527889900
"-- ending hand #241 --",2026-08-28T02:47:57.888Z,178788527788802
"""the pho king @ gpP9uUffpu"" collected 40 from pot",2026-08-28T02:47:57.888Z,178788527788801
"Uncalled bet of 40 returned to ""the pho king @ gpP9uUffpu""",2026-08-28T02:47:57.888Z,178788527788800
"""LingWae @ FQN9hzhzP_"" folds",2026-08-28T02:47:57.065Z,178788527706500
"""the pho king @ gpP9uUffpu"" raises to 60",2026-08-28T02:47:56.092Z,178788527609200
"""LingWae @ FQN9hzhzP_"" calls 20",2026-08-28T02:47:51.933Z,178788527193300
"""the pho king @ gpP9uUffpu"" posts a big blind of 20",2026-08-28T02:47:49.884Z,178788526988405
"""LingWae @ FQN9hzhzP_"" posts a small blind of 10",2026-08-28T02:47:49.884Z,178788526988404
"Your hand is 10♥, 9♦",2026-08-28T02:47:49.884Z,178788526988403
"Player stacks: #1 ""LingWae @ FQN9hzhzP_"" (5024) | #10 ""the pho king @ gpP9uUffpu"" (1976)",2026-08-28T02:47:49.884Z,178788526988401
"-- starting hand #241 (id: zo5kh7krb2hv)  No Limit Texas Hold'em (dealer: ""LingWae @ FQN9hzhzP_"") --",2026-08-28T02:47:49.884Z,178788526988400
"""the pho king @ gpP9uUffpu"" shows a 8♥.",2026-08-28T02:47:45.406Z,178788526540600
"""LingWae @ FQN9hzhzP_"" shows a 5♥, 2♥.",2026-08-28T02:47:44.849Z,178788526484900
"Undealt cards: Q♣, 4♦, K♦ [10♠, 8♠]",2026-08-28T02:47:43.265Z,178788526326500
"-- ending hand #240 --",2026-08-28T02:47:42.557Z,178788526255701
"""the pho king @ gpP9uUffpu"" collected 80 from pot",2026-08-28T02:47:42.557Z,178788526255700
"""LingWae @ FQN9hzhzP_"" folds",2026-08-28T02:47:41.721Z,178788526172100
"Flop:  [Q♣, 4♦, K♦]",2026-08-28T02:47:38.077Z,178788525807700
"""LingWae @ FQN9hzhzP_"" calls 40",2026-08-28T02:47:37.269Z,178788525726900
"""the pho king @ gpP9uUffpu"" raises to 40",2026-08-28T02:47:33.501Z,178788525350100
"""LingWae @ FQN9hzhzP_"" posts a big blind of 20",2026-08-28T02:47:32.268Z,178788525226805
"""the pho king @ gpP9uUffpu"" posts a small blind of 10",2026-08-28T02:47:32.268Z,178788525226804
"Player stacks: #1 ""LingWae @ FQN9hzhzP_"" (5064) | #10 ""the pho king @ gpP9uUffpu"" (1936)",2026-08-28T02:47:32.268Z,178788525226801
"-- starting hand #240 (id: rjsig2rx0fz0)  No Limit Texas Hold'em (dealer: ""the pho king @ gpP9uUffpu"") --",2026-08-28T02:47:32.268Z,178788525226800
"""the pho king @ gpP9uUffpu"" shows a 4♥, 3♣.",2026-08-28T02:47:27.468Z,178788524746800
"-- ending hand #239 --",2026-08-28T02:47:25.713Z,178788524571302
"""LingWae @ FQN9hzhzP_"" collected 614 from pot with Straight, 9 High (combination: 5♦, 6♦, 7♣, 8♦, 9♣)",2026-08-28T02:47:25.713Z,178788524571301
"""LingWae @ FQN9hzhzP_"" shows a 8♦, 7♠.",2026-08-28T02:47:25.713Z,178788524571300
"""the pho king @ gpP9uUffpu"" calls 200",2026-08-28T02:47:24.845Z,178788524484500
"""LingWae @ FQN9hzhzP_"" raises to 200",2026-08-28T02:47:17.967Z,178788523796700
"""the pho king @ gpP9uUffpu"" bets 100",2026-08-28T02:47:14.907Z,178788523490700
"River: 9♣, 6♦, 5♦, 4♣ [7♣]",2026-08-28T02:47:10.168Z,178788523016800
"""the pho king @ gpP9uUffpu"" calls 67",2026-08-28T02:47:09.352Z,178788522935200
"""LingWae @ FQN9hzhzP_"" bets 67",2026-08-28T02:47:08.371Z,178788522837100
"""the pho king @ gpP9uUffpu"" checks",2026-08-28T02:47:05.615Z,178788522561500
"Turn: 9♣, 6♦, 5♦ [4♣]",2026-08-28T02:47:04.503Z,178788522450300
"""the pho king @ gpP9uUffpu"" calls 20",2026-08-28T02:47:03.627Z,178788522362700
"""LingWae @ FQN9hzhzP_"" bets 20",2026-08-28T02:47:02.591Z,178788522259100
"""the pho king @ gpP9uUffpu"" checks",2026-08-28T02:46:59.203Z,178788521920300
"Flop:  [9♣, 6♦, 5♦]",2026-08-28T02:46:57.155Z,178788521715500
"""the pho king @ gpP9uUffpu"" checks",2026-08-28T02:46:56.323Z,178788521632300
"""LingWae @ FQN9hzhzP_"" calls 20",2026-08-28T02:46:51.987Z,178788521198700
"""the pho king @ gpP9uUffpu"" posts a big blind of 20",2026-08-28T02:46:50.214Z,178788521021405
"""LingWae @ FQN9hzhzP_"" posts a small blind of 10",2026-08-28T02:46:50.214Z,178788521021404
"Your hand is 4♥, 3♣",2026-08-28T02:46:50.214Z,178788521021403
"Player stacks: #1 ""LingWae @ FQN9hzhzP_"" (4757) | #10 ""the pho king @ gpP9uUffpu"" (2243)",2026-08-28T02:46:50.214Z,178788521021401
"-- starting hand #239 (id: ycdbfyxfvfqv)  No Limit Texas Hold'em (dealer: ""LingWae @ FQN9hzhzP_"") --",2026-08-28T02:46:50.214Z,178788521021400
"""the pho king @ gpP9uUffpu"" shows a 9♠.",2026-08-28T02:46:47.127Z,178788520712700
"-- ending hand #238 --",2026-08-28T02:46:46.611Z,178788520661101
"""the pho king @ gpP9uUffpu"" collected 40 from pot",2026-08-28T02:46:46.611Z,178788520661100
"""LingWae @ FQN9hzhzP_"" folds",2026-08-28T02:46:45.807Z,178788520580700
"River: 7♠, 10♥, 10♦, 9♥ [10♠]",2026-08-28T02:46:42.369Z,178788520236900
"""the pho king @ gpP9uUffpu"" checks",2026-08-28T02:46:41.564Z,178788520156400
"""LingWae @ FQN9hzhzP_"" checks",2026-08-28T02:46:40.600Z,178788520060000
"Turn: 7♠, 10♥, 10♦ [9♥]",2026-08-28T02:46:39.365Z,178788519936500
"""the pho king @ gpP9uUffpu"" checks",2026-08-28T02:46:38.563Z,178788519856300
"""LingWae @ FQN9hzhzP_"" checks",2026-08-28T02:46:37.640Z,178788519764000
"Flop:  [7♠, 10♥, 10♦]",2026-08-28T02:46:35.508Z,178788519550800
"""LingWae @ FQN9hzhzP_"" checks",2026-08-28T02:46:34.659Z,178788519465900
"""the pho king @ gpP9uUffpu"" calls 20",2026-08-28T02:46:33.336Z,178788519333600
"""LingWae @ FQN9hzhzP_"" posts a big blind of 20",2026-08-28T02:46:32.506Z,178788519250605
"""the pho king @ gpP9uUffpu"" posts a small blind of 10",2026-08-28T02:46:32.506Z,178788519250604
"Player stacks: #1 ""LingWae @ FQN9hzhzP_"" (4777) | #10 ""the pho king @ gpP9uUffpu"" (2223)",2026-08-28T02:46:32.506Z,178788519250601
"-- starting hand #238 (id: czpwrul9biii)  No Limit Texas Hold'em (dealer: ""the pho king @ gpP9uUffpu"") --",2026-08-28T02:46:32.506Z,178788519250600
"""LingWae @ FQN9hzhzP_"" shows a 10♥, 10♦.",2026-08-28T02:46:26.602Z,178788518660200
"Undealt cards:  [Q♥, 4♥, A♣, 9♠, J♥]",2026-08-28T02:46:26.235Z,178788518623500
"""the pho king @ gpP9uUffpu"" shows a 5♥, J♣.",2026-08-28T02:46:25.483Z,178788518548300
"-- ending hand #237 --",2026-08-28T02:46:25.189Z,178788518518902
"""LingWae @ FQN9hzhzP_"" collected 40 from pot",2026-08-28T02:46:25.189Z,178788518518901
"Uncalled bet of 47 returned to ""LingWae @ FQN9hzhzP_""",2026-08-28T02:46:25.189Z,178788518518900
"""the pho king @ gpP9uUffpu"" folds",2026-08-28T02:46:24.372Z,178788518437200
"""LingWae @ FQN9hzhzP_"" raises to 67",2026-08-28T02:46:22.963Z,178788518296300
"""the pho king @ gpP9uUffpu"" posts a big blind of 20",2026-08-28T02:46:17.628Z,178788517762805
"""LingWae @ FQN9hzhzP_"" posts a small blind of 10",2026-08-28T02:46:17.628Z,178788517762804
"Your hand is 5♥, J♣",2026-08-28T02:46:17.628Z,178788517762803
"Player stacks: #1 ""LingWae @ FQN9hzhzP_"" (4757) | #10 ""the pho king @ gpP9uUffpu"" (2243)",2026-08-28T02:46:17.628Z,178788517762801
"-- starting hand #237 (id: fgycmmiwv8nx)  No Limit Texas Hold'em (dealer: ""LingWae @ FQN9hzhzP_"") --",2026-08-28T02:46:17.628Z,178788517762800
"""the pho king @ gpP9uUffpu"" shows a 10♥, 2♥.",2026-08-28T02:46:16.029Z,178788517602900
"""LingWae @ FQN9hzhzP_"" shows a 5♦, K♥.",2026-08-28T02:46:12.710Z,178788517271000
"Undealt cards: Q♠, K♦, 3♥, 6♦ [J♦]",2026-08-28T02:46:10.487Z,178788517048700
"-- ending hand #236 --",2026-08-28T02:46:10.297Z,178788517029702
"""LingWae @ FQN9hzhzP_"" collected 80 from pot",2026-08-28T02:46:10.297Z,178788517029701
"Uncalled bet of 67 returned to ""LingWae @ FQN9hzhzP_""",2026-08-28T02:46:10.297Z,178788517029700
"""the pho king @ gpP9uUffpu"" folds",2026-08-28T02:46:09.471Z,178788516947100
"""LingWae @ FQN9hzhzP_"" bets 67",2026-08-28T02:46:08.432Z,178788516843200
"Turn: Q♠, K♦, 3♥ [6♦]",2026-08-28T02:46:04.930Z,178788516493000
"""the pho king @ gpP9uUffpu"" calls 20",2026-08-28T02:46:04.101Z,178788516410100
"""LingWae @ FQN9hzhzP_"" bets 20",2026-08-28T02:46:03.091Z,178788516309100
"Flop:  [Q♠, K♦, 3♥]",2026-08-28T02:45:59.594Z,178788515959400
"""LingWae @ FQN9hzhzP_"" checks",2026-08-28T02:45:58.753Z,178788515875300
"""the pho king @ gpP9uUffpu"" calls 20",2026-08-28T02:45:57.136Z,178788515713600
"""LingWae @ FQN9hzhzP_"" posts a big blind of 20",2026-08-28T02:45:56.188Z,178788515618805
"""the pho king @ gpP9uUffpu"" posts a small blind of 10",2026-08-28T02:45:56.188Z,178788515618804
"Your hand is 10♥, 2♥",2026-08-28T02:45:56.188Z,178788515618803
"Player stacks: #1 ""LingWae @ FQN9hzhzP_"" (4717) | #10 ""the pho king @ gpP9uUffpu"" (2283)",2026-08-28T02:45:56.188Z,178788515618801
"-- starting hand #236 (id: wcwkdjful9da)  No Limit Texas Hold'em (dealer: ""the pho king @ gpP9uUffpu"") --",2026-08-28T02:45:56.188Z,178788515618800
"""LingWae @ FQN9hzhzP_"" shows a K♥, K♠.",2026-08-28T02:45:49.631Z,178788514963100
"Undealt cards:  [8♣, A♦, A♥, 6♣, 4♥]",2026-08-28T02:45:49.527Z,178788514952700
"""the pho king @ gpP9uUffpu"" shows a 4♠, 10♥.",2026-08-28T02:45:49.068Z,178788514906800
"-- ending hand #235 --",2026-08-28T02:45:48.853Z,178788514885302
"""LingWae @ FQN9hzhzP_"" collected 40 from pot",2026-08-28T02:45:48.853Z,178788514885301
"Uncalled bet of 100 returned to ""LingWae @ FQN9hzhzP_""",2026-08-28T02:45:48.853Z,178788514885300
"""the pho king @ gpP9uUffpu"" folds",2026-08-28T02:45:48.022Z,178788514802200
"""LingWae @ FQN9hzhzP_"" raises to 120",2026-08-28T02:45:43.274Z,178788514327400
"""the pho king @ gpP9uUffpu"" posts a big blind of 20",2026-08-28T02:45:40.093Z,178788514009305
"""LingWae @ FQN9hzhzP_"" posts a small blind of 10",2026-08-28T02:45:40.093Z,178788514009304
"Your hand is 4♠, 10♥",2026-08-28T02:45:40.093Z,178788514009303
"Player stacks: #1 ""LingWae @ FQN9hzhzP_"" (4697) | #10 ""the pho king @ gpP9uUffpu"" (2303)",2026-08-28T02:45:40.093Z,178788514009301
"-- starting hand #235 (id: ud6hisytquuc)  No Limit Texas Hold'em (dealer: ""LingWae @ FQN9hzhzP_"") --",2026-08-28T02:45:40.093Z,178788514009300
"""LingWae @ FQN9hzhzP_"" shows a 3♣.",2026-08-28T02:45:35.348Z,178788513534800
"""the pho king @ gpP9uUffpu"" shows a 5♥.",2026-08-28T02:45:35.158Z,178788513515800
"Undealt cards: K♦, 3♦, 5♣ [5♠, 9♠]",2026-08-28T02:45:33.434Z,178788513343400
"-- ending hand #234 --",2026-08-28T02:45:32.780Z,178788513278002
"""the pho king @ gpP9uUffpu"" collected 80 from pot",2026-08-28T02:45:32.780Z,178788513278001
"Uncalled bet of 40 returned to ""the pho king @ gpP9uUffpu""",2026-08-28T02:45:32.780Z,178788513278000
"""LingWae @ FQN9hzhzP_"" folds",2026-08-28T02:45:31.874Z,178788513187400
"""the pho king @ gpP9uUffpu"" raises to 60",2026-08-28T02:45:30.728Z,178788513072800
"""LingWae @ FQN9hzhzP_"" bets 20",2026-08-28T02:45:27.768Z,178788512776800
"Flop:  [K♦, 3♦, 5♣]",2026-08-28T02:45:25.777Z,178788512577700
"""LingWae @ FQN9hzhzP_"" checks",2026-08-28T02:45:24.916Z,178788512491600
"""the pho king @ gpP9uUffpu"" calls 20",2026-08-28T02:45:22.783Z,178788512278300
"""LingWae @ FQN9hzhzP_"" posts a big blind of 20",2026-08-28T02:45:21.831Z,178788512183105
"""the pho king @ gpP9uUffpu"" posts a small blind of 10",2026-08-28T02:45:21.831Z,178788512183104
"Player stacks: #1 ""LingWae @ FQN9hzhzP_"" (4737) | #10 ""the pho king @ gpP9uUffpu"" (2263)",2026-08-28T02:45:21.831Z,178788512183101
"-- starting hand #234 (id: jdm6p42zc4cn)  No Limit Texas Hold'em (dealer: ""the pho king @ gpP9uUffpu"") --",2026-08-28T02:45:21.831Z,178788512183100
"""LingWae @ FQN9hzhzP_"" shows a 10♥, J♣.",2026-08-28T02:45:18.822Z,178788511882200
"-- ending hand #233 --",2026-08-28T02:45:18.192Z,178788511819202
"""the pho king @ gpP9uUffpu"" collected 268 from pot",2026-08-28T02:45:18.192Z,178788511819201
"Uncalled bet of 80 returned to ""the pho king @ gpP9uUffpu""",2026-08-28T02:45:18.192Z,178788511819200
"""LingWae @ FQN9hzhzP_"" folds",2026-08-28T02:45:17.386Z,178788511738600
"""the pho king @ gpP9uUffpu"" bets 80",2026-08-28T02:45:15.461Z,178788511546100
"River: Q♣, K♥, 6♠, 7♦ [5♥]",2026-08-28T02:45:12.219Z,178788511221900
"""LingWae @ FQN9hzhzP_"" checks",2026-08-28T02:45:11.402Z,178788511140200
"""the pho king @ gpP9uUffpu"" checks",2026-08-28T02:45:10.326Z,178788511032600
"Turn: Q♣, K♥, 6♠ [7♦]",2026-08-28T02:45:08.366Z,178788510836600
"""the pho king @ gpP9uUffpu"" calls 67",2026-08-28T02:45:07.477Z,178788510747700
"""LingWae @ FQN9hzhzP_"" bets 67",2026-08-28T02:45:03.539Z,178788510353900
"""the pho king @ gpP9uUffpu"" checks",2026-08-28T02:44:59.743Z,178788509974300
"Flop:  [Q♣, K♥, 6♠]",2026-08-28T02:44:58.286Z,178788509828600
"""the pho king @ gpP9uUffpu"" calls 67",2026-08-28T02:44:57.467Z,178788509746700
"""LingWae @ FQN9hzhzP_"" raises to 67",2026-08-28T02:44:56.528Z,178788509652800
"""the pho king @ gpP9uUffpu"" posts a big blind of 20",2026-08-28T02:44:53.571Z,178788509357105
"""LingWae @ FQN9hzhzP_"" posts a small blind of 10",2026-08-28T02:44:53.571Z,178788509357104
"Player stacks: #1 ""LingWae @ FQN9hzhzP_"" (4871) | #10 ""the pho king @ gpP9uUffpu"" (2129)",2026-08-28T02:44:53.571Z,178788509357101
"-- starting hand #233 (id: hfkvzlne6tsi)  No Limit Texas Hold'em (dealer: ""LingWae @ FQN9hzhzP_"") --",2026-08-28T02:44:53.571Z,178788509357100
"-- ending hand #232 --",2026-08-28T02:44:47.561Z,178788508756104
"""the pho king @ gpP9uUffpu"" collected 110 from pot with Pair, 9's (combination: 6♣, J♠, Q♣, 9♦, 9♥)",2026-08-28T02:44:47.561Z,178788508756103
"""LingWae @ FQN9hzhzP_"" collected 110 from pot with Pair, 9's (combination: 6♣, J♠, Q♣, 9♠, 9♥)",2026-08-28T02:44:47.561Z,178788508756102
"""the pho king @ gpP9uUffpu"" shows a 2♣, 9♦.",2026-08-28T02:44:47.561Z,178788508756101
"""LingWae @ FQN9hzhzP_"" shows a 9♠, 2♥.",2026-08-28T02:44:47.561Z,178788508756100
"""the pho king @ gpP9uUffpu"" calls 56",2026-08-28T02:44:46.721Z,178788508672100
"""LingWae @ FQN9hzhzP_"" bets 56",2026-08-28T02:44:44.582Z,178788508458200
"River: Q♣, 5♥, 6♣, 9♥ [J♠]",2026-08-28T02:44:41.877Z,178788508187700
"""the pho king @ gpP9uUffpu"" calls 34",2026-08-28T02:44:41.054Z,178788508105400
"""LingWae @ FQN9hzhzP_"" bets 34",2026-08-28T02:44:40.093Z,178788508009300
"Turn: Q♣, 5♥, 6♣ [9♥]",2026-08-28T02:44:36.955Z,178788507695500
"""the pho king @ gpP9uUffpu"" checks",2026-08-28T02:44:36.144Z,178788507614400
"""LingWae @ FQN9hzhzP_"" checks",2026-08-28T02:44:35.219Z,178788507521900
"Flop:  [Q♣, 5♥, 6♣]",2026-08-28T02:44:33.151Z,178788507315100
"""LingWae @ FQN9hzhzP_"" checks",2026-08-28T02:44:32.290Z,178788507229000
"""the pho king @ gpP9uUffpu"" calls 20",2026-08-28T02:44:30.259Z,178788507025900
"""LingWae @ FQN9hzhzP_"" posts a big blind of 20",2026-08-28T02:44:29.148Z,178788506914805
"""the pho king @ gpP9uUffpu"" posts a small blind of 10",2026-08-28T02:44:29.148Z,178788506914804
"Your hand is 2♣, 9♦",2026-08-28T02:44:29.148Z,178788506914803
"Player stacks: #1 ""LingWae @ FQN9hzhzP_"" (4871) | #10 ""the pho king @ gpP9uUffpu"" (2129)",2026-08-28T02:44:29.148Z,178788506914801
"-- starting hand #232 (id: fdeivvuxhig9)  No Limit Texas Hold'em (dealer: ""the pho king @ gpP9uUffpu"") --",2026-08-28T02:44:29.148Z,178788506914800
"""LingWae @ FQN9hzhzP_"" shows a A♦, J♠.",2026-08-28T02:44:24.583Z,178788506458300
"Undealt cards:  [2♠, 5♠, 7♣, 5♦, 2♥]",2026-08-28T02:44:23.203Z,178788506320300
"""the pho king @ gpP9uUffpu"" shows a 5♣, J♥.",2026-08-28T02:44:21.929Z,178788506192900
"-- ending hand #231 --",2026-08-28T02:44:21.743Z,178788506174302
"""LingWae @ FQN9hzhzP_"" collected 40 from pot",2026-08-28T02:44:21.743Z,178788506174301
"Uncalled bet of 100 returned to ""LingWae @ FQN9hzhzP_""",2026-08-28T02:44:21.743Z,178788506174300
"""the pho king @ gpP9uUffpu"" folds",2026-08-28T02:44:20.889Z,178788506088900
"""LingWae @ FQN9hzhzP_"" raises to 120",2026-08-28T02:44:16.654Z,178788505665400
"""the pho king @ gpP9uUffpu"" posts a big blind of 20",2026-08-28T02:44:13.982Z,178788505398205
"""LingWae @ FQN9hzhzP_"" posts a small blind of 10",2026-08-28T02:44:13.982Z,178788505398204
"Your hand is 5♣, J♥",2026-08-28T02:44:13.982Z,178788505398203
"Player stacks: #1 ""LingWae @ FQN9hzhzP_"" (4851) | #10 ""the pho king @ gpP9uUffpu"" (2149)",2026-08-28T02:44:13.982Z,178788505398201
"-- starting hand #231 (id: m9nysh9dvsrw)  No Limit Texas Hold'em (dealer: ""LingWae @ FQN9hzhzP_"") --",2026-08-28T02:44:13.982Z,178788505398200
"-- ending hand #230 --",2026-08-28T02:44:07.976Z,178788504797603
"""the pho king @ gpP9uUffpu"" collected 200 from pot with Pair, J's (combination: 10♣, Q♥, A♦, J♣, J♥)",2026-08-28T02:44:07.976Z,178788504797602
"""the pho king @ gpP9uUffpu"" shows a A♦, 10♣.",2026-08-28T02:44:07.976Z,178788504797601
"""LingWae @ FQN9hzhzP_"" shows a 2♣, 5♣.",2026-08-28T02:44:07.976Z,178788504797600
"""the pho king @ gpP9uUffpu"" calls 20",2026-08-28T02:44:07.159Z,178788504715900
"""LingWae @ FQN9hzhzP_"" bets 20",2026-08-28T02:44:05.445Z,178788504544500
"River: J♣, Q♥, J♥, 3♣ [4♥]",2026-08-28T02:44:03.308Z,178788504330800
"""the pho king @ gpP9uUffpu"" calls 20",2026-08-28T02:44:02.492Z,178788504249200
"""LingWae @ FQN9hzhzP_"" bets 20",2026-08-28T02:44:01.558Z,178788504155800
"Turn: J♣, Q♥, J♥ [3♣]",2026-08-28T02:43:58.284Z,178788503828400
"""the pho king @ gpP9uUffpu"" checks",2026-08-28T02:43:57.380Z,178788503738000
"""LingWae @ FQN9hzhzP_"" checks",2026-08-28T02:43:56.472Z,178788503647200
"Flop:  [J♣, Q♥, J♥]",2026-08-28T02:43:53.767Z,178788503376700
"""LingWae @ FQN9hzhzP_"" calls 60",2026-08-28T02:43:52.924Z,178788503292400
"""the pho king @ gpP9uUffpu"" raises to 60",2026-08-28T02:43:51.721Z,178788503172100
"""LingWae @ FQN9hzhzP_"" posts a big blind of 20",2026-08-28T02:43:50.279Z,178788503027905
"""the pho king @ gpP9uUffpu"" posts a small blind of 10",2026-08-28T02:43:50.279Z,178788503027904
"Your hand is A♦, 10♣",2026-08-28T02:43:50.279Z,178788503027903
"Player stacks: #1 ""LingWae @ FQN9hzhzP_"" (4951) | #10 ""the pho king @ gpP9uUffpu"" (2049)",2026-08-28T02:43:50.279Z,178788503027901
"-- starting hand #230 (id: zh8kvn13ah18)  No Limit Texas Hold'em (dealer: ""the pho king @ gpP9uUffpu"") --",2026-08-28T02:43:50.279Z,178788503027900
"""the pho king @ gpP9uUffpu"" shows a 8♣, 5♥.",2026-08-28T02:43:48.127Z,178788502812700
"""LingWae @ FQN9hzhzP_"" shows a 2♦.",2026-08-28T02:43:45.533Z,178788502553300
"Undealt cards:  [7♦, 2♣, 2♠, 3♠, 7♥]",2026-08-28T02:43:43.511Z,178788502351100
"-- ending hand #229 --",2026-08-28T02:43:42.969Z,178788502296902
"""the pho king @ gpP9uUffpu"" collected 20 from pot",2026-08-28T02:43:42.969Z,178788502296901
"Uncalled bet of 10 returned to ""the pho king @ gpP9uUffpu""",2026-08-28T02:43:42.969Z,178788502296900
"""LingWae @ FQN9hzhzP_"" folds",2026-08-28T02:43:42.151Z,178788502215100
"""the pho king @ gpP9uUffpu"" posts a big blind of 20",2026-08-28T02:43:40.667Z,178788502066705
"""LingWae @ FQN9hzhzP_"" posts a small blind of 10",2026-08-28T02:43:40.667Z,178788502066704
"Your hand is 8♣, 5♥",2026-08-28T02:43:40.667Z,178788502066703
"Player stacks: #1 ""LingWae @ FQN9hzhzP_"" (4961) | #10 ""the pho king @ gpP9uUffpu"" (2039)",2026-08-28T02:43:40.667Z,178788502066701
"-- starting hand #229 (id: katdxznbsyzg)  No Limit Texas Hold'em (dealer: ""LingWae @ FQN9hzhzP_"") --",2026-08-28T02:43:40.667Z,178788502066700
"""LingWae @ FQN9hzhzP_"" shows a 8♥.",2026-08-28T02:43:36.368Z,178788501636800
"-- ending hand #228 --",2026-08-28T02:43:34.163Z,178788501416302
"""the pho king @ gpP9uUffpu"" collected 160 from pot with Two Pair, Q's & 2's (combination: 9♣, 2♠, 2♦, Q♠, Q♣)",2026-08-28T02:43:34.163Z,178788501416301
"""the pho king @ gpP9uUffpu"" shows a Q♠, 9♣.",2026-08-28T02:43:34.163Z,178788501416300
"""LingWae @ FQN9hzhzP_"" calls 40",2026-08-28T02:43:33.359Z,178788501335900
"""the pho king @ gpP9uUffpu"" raises to 40",2026-08-28T02:43:32.019Z,178788501201900
"""LingWae @ FQN9hzhzP_"" bets 20",2026-08-28T02:43:30.509Z,178788501050900
"River: Q♣, 7♣, 4♠, 2♠ [2♦]",2026-08-28T02:43:28.642Z,178788500864200
"""the pho king @ gpP9uUffpu"" checks",2026-08-28T02:43:27.834Z,178788500783400
"""LingWae @ FQN9hzhzP_"" checks",2026-08-28T02:43:26.886Z,178788500688600
"Turn: Q♣, 7♣, 4♠ [2♠]",2026-08-28T02:43:25.437Z,178788500543700
"""the pho king @ gpP9uUffpu"" checks",2026-08-28T02:43:24.626Z,178788500462600
"""LingWae @ FQN9hzhzP_"" checks",2026-08-28T02:43:23.722Z,178788500372200
"Flop:  [Q♣, 7♣, 4♠]",2026-08-28T02:43:19.855Z,178788499985500
"""LingWae @ FQN9hzhzP_"" calls 40",2026-08-28T02:43:19.041Z,178788499904100
"""the pho king @ gpP9uUffpu"" raises to 40",2026-08-28T02:43:16.462Z,178788499646200
"""LingWae @ FQN9hzhzP_"" posts a big blind of 20",2026-08-28T02:43:15.081Z,178788499508105
"""the pho king @ gpP9uUffpu"" posts a small blind of 10",2026-08-28T02:43:15.081Z,178788499508104
"Your hand is Q♠, 9♣",2026-08-28T02:43:15.081Z,178788499508103
"Player stacks: #1 ""LingWae @ FQN9hzhzP_"" (5041) | #10 ""the pho king @ gpP9uUffpu"" (1959)",2026-08-28T02:43:15.081Z,178788499508101
"-- starting hand #228 (id: zh3cpltmomif)  No Limit Texas Hold'em (dealer: ""the pho king @ gpP9uUffpu"") --",2026-08-28T02:43:15.081Z,178788499508100
"""the pho king @ gpP9uUffpu"" shows a Q♣, Q♥.",2026-08-28T02:43:12.450Z,178788499245000
"""LingWae @ FQN9hzhzP_"" shows a 6♥, 7♣.",2026-08-28T02:43:09.314Z,178788498931400
"Undealt cards: J♦, 5♣, 9♥, A♦ [8♦]",2026-08-28T02:43:09.102Z,178788498910200
"-- ending hand #227 --",2026-08-28T02:43:07.751Z,178788498775102
"""the pho king @ gpP9uUffpu"" collected 300 from pot",2026-08-28T02:43:07.751Z,178788498775101
"Uncalled bet of 60 returned to ""the pho king @ gpP9uUffpu""",2026-08-28T02:43:07.751Z,178788498775100
"""LingWae @ FQN9hzhzP_"" folds",2026-08-28T02:43:06.927Z,178788498692700
"""the pho king @ gpP9uUffpu"" bets 60",2026-08-28T02:43:05.680Z,178788498568000
"Turn: J♦, 5♣, 9♥ [A♦]",2026-08-28T02:43:02.950Z,178788498295000
"""LingWae @ FQN9hzhzP_"" checks",2026-08-28T02:43:02.002Z,178788498200200
"""the pho king @ gpP9uUffpu"" checks",2026-08-28T02:43:00.550Z,178788498055000
"Flop:  [J♦, 5♣, 9♥]",2026-08-28T02:42:56.535Z,178788497653500
"""LingWae @ FQN9hzhzP_"" calls 150",2026-08-28T02:42:55.709Z,178788497570900
"""the pho king @ gpP9uUffpu"" raises to 150",2026-08-28T02:42:54.535Z,178788497453500
"""LingWae @ FQN9hzhzP_"" raises to 50",2026-08-28T02:42:50.144Z,178788497014400
"""the pho king @ gpP9uUffpu"" posts a big blind of 20",2026-08-28T02:42:47.339Z,178788496733905
"""LingWae @ FQN9hzhzP_"" posts a small blind of 10",2026-08-28T02:42:47.339Z,178788496733904
"Your hand is Q♣, Q♥",2026-08-28T02:42:47.339Z,178788496733903
"Player stacks: #1 ""LingWae @ FQN9hzhzP_"" (5191) | #10 ""the pho king @ gpP9uUffpu"" (1809)",2026-08-28T02:42:47.339Z,178788496733901
"-- starting hand #227 (id: 1z0olhhw0fkw)  No Limit Texas Hold'em (dealer: ""LingWae @ FQN9hzhzP_"") --",2026-08-28T02:42:47.339Z,178788496733900
"""LingWae @ FQN9hzhzP_"" shows a 2♠.",2026-08-28T02:42:44.340Z,178788496434000
"-- ending hand #226 --",2026-08-28T02:42:43.734Z,178788496373402
"""the pho king @ gpP9uUffpu"" collected 176 from pot",2026-08-28T02:42:43.734Z,178788496373401
"Uncalled bet of 132 returned to ""the pho king @ gpP9uUffpu""",2026-08-28T02:42:43.734Z,178788496373400
"""LingWae @ FQN9hzhzP_"" folds",2026-08-28T02:42:42.921Z,178788496292100
"""the pho king @ gpP9uUffpu"" bets 132",2026-08-28T02:42:41.761Z,178788496176100
"""LingWae @ FQN9hzhzP_"" checks",2026-08-28T02:42:39.193Z,178788495919300
"River: A♦, 9♦, 4♣, J♦ [5♥]",2026-08-28T02:42:37.496Z,178788495749600
"""the pho king @ gpP9uUffpu"" calls 21",2026-08-28T02:42:36.672Z,178788495667200
"""LingWae @ FQN9hzhzP_"" bets 21",2026-08-28T02:42:34.224Z,178788495422400
"Turn: A♦, 9♦, 4♣ [J♦]",2026-08-28T02:42:30.182Z,178788495018200
"""the pho king @ gpP9uUffpu"" checks",2026-08-28T02:42:29.354Z,178788494935400
"""LingWae @ FQN9hzhzP_"" checks",2026-08-28T02:42:28.454Z,178788494845400
"Flop:  [A♦, 9♦, 4♣]",2026-08-28T02:42:26.490Z,178788494649000
"""the pho king @ gpP9uUffpu"" calls 67",2026-08-28T02:42:25.661Z,178788494566100
"""LingWae @ FQN9hzhzP_"" raises to 67",2026-08-28T02:42:24.537Z,178788494453700
"""the pho king @ gpP9uUffpu"" raises to 40",2026-08-28T02:42:22.421Z,178788494242100
"""LingWae @ FQN9hzhzP_"" posts a big blind of 20",2026-08-28T02:42:21.170Z,178788494117005
"""the pho king @ gpP9uUffpu"" posts a small blind of 10",2026-08-28T02:42:21.170Z,178788494117004
"Player stacks: #1 ""LingWae @ FQN9hzhzP_"" (5279) | #10 ""the pho king @ gpP9uUffpu"" (1721)",2026-08-28T02:42:21.170Z,178788494117001
"-- starting hand #226 (id: 61eofh3gaxjg)  No Limit Texas Hold'em (dealer: ""the pho king @ gpP9uUffpu"") --",2026-08-28T02:42:21.170Z,178788494117000
"""LingWae @ FQN9hzhzP_"" shows a 6♥, A♥.",2026-08-28T02:42:16.756Z,178788493675600
"""the pho king @ gpP9uUffpu"" shows a 10♦, 6♣.",2026-08-28T02:42:15.028Z,178788493502800
"Undealt cards:  [8♠, 3♦, 5♠, A♣, A♠]",2026-08-28T02:42:14.239Z,178788493423900
"-- ending hand #225 --",2026-08-28T02:42:13.851Z,178788493385102
"""LingWae @ FQN9hzhzP_"" collected 40 from pot",2026-08-28T02:42:13.851Z,178788493385101
"Uncalled bet of 100 returned to ""LingWae @ FQN9hzhzP_""",2026-08-28T02:42:13.851Z,178788493385100
"""the pho king @ gpP9uUffpu"" folds",2026-08-28T02:42:13.010Z,178788493301000
"""LingWae @ FQN9hzhzP_"" raises to 120",2026-08-28T02:42:12.075Z,178788493207500
"""the pho king @ gpP9uUffpu"" posts a big blind of 20",2026-08-28T02:42:09.645Z,178788492964505
"""LingWae @ FQN9hzhzP_"" posts a small blind of 10",2026-08-28T02:42:09.645Z,178788492964504
"Your hand is 10♦, 6♣",2026-08-28T02:42:09.645Z,178788492964503
"Player stacks: #1 ""LingWae @ FQN9hzhzP_"" (5259) | #10 ""the pho king @ gpP9uUffpu"" (1741)",2026-08-28T02:42:09.645Z,178788492964501
"-- starting hand #225 (id: frfbmpgulzpq)  No Limit Texas Hold'em (dealer: ""LingWae @ FQN9hzhzP_"") --",2026-08-28T02:42:09.645Z,178788492964500
"""LingWae @ FQN9hzhzP_"" shows a 4♥, 4♦.",2026-08-28T02:42:05.034Z,178788492503400
"Undealt cards: 6♣, 9♥, J♥ [Q♠, Q♣]",2026-08-28T02:42:03.528Z,178788492352800
"-- ending hand #224 --",2026-08-28T02:42:03.031Z,178788492303102
"""LingWae @ FQN9hzhzP_"" collected 40 from pot",2026-08-28T02:42:03.031Z,178788492303101
"Uncalled bet of 67 returned to ""LingWae @ FQN9hzhzP_""",2026-08-28T02:42:03.031Z,178788492303100
"""the pho king @ gpP9uUffpu"" folds",2026-08-28T02:42:02.208Z,178788492220800
"""LingWae @ FQN9hzhzP_"" bets 67",2026-08-28T02:41:58.183Z,178788491818300
"Flop:  [6♣, 9♥, J♥]",2026-08-28T02:41:54.457Z,178788491445700
"""LingWae @ FQN9hzhzP_"" checks",2026-08-28T02:41:53.623Z,178788491362300
"""the pho king @ gpP9uUffpu"" calls 20",2026-08-28T02:41:51.099Z,178788491109900
"""LingWae @ FQN9hzhzP_"" posts a big blind of 20",2026-08-28T02:41:50.278Z,178788491027805
"""the pho king @ gpP9uUffpu"" posts a small blind of 10",2026-08-28T02:41:50.278Z,178788491027804
"Player stacks: #1 ""LingWae @ FQN9hzhzP_"" (5239) | #10 ""the pho king @ gpP9uUffpu"" (1761)",2026-08-28T02:41:50.278Z,178788491027801
"-- starting hand #224 (id: owjtcsflyxkk)  No Limit Texas Hold'em (dealer: ""the pho king @ gpP9uUffpu"") --",2026-08-28T02:41:50.278Z,178788491027800
"""LingWae @ FQN9hzhzP_"" shows a J♦.",2026-08-28T02:41:46.022Z,178788490602200
"-- ending hand #223 --",2026-08-28T02:41:43.773Z,178788490377302
"""the pho king @ gpP9uUffpu"" collected 80 from pot with Pair, 2's (combination: 7♥, 8♦, 10♠, 2♣, 2♠)",2026-08-28T02:41:43.773Z,178788490377301
"""the pho king @ gpP9uUffpu"" shows a 2♣, 2♠.",2026-08-28T02:41:43.773Z,178788490377300
"""LingWae @ FQN9hzhzP_"" checks",2026-08-28T02:41:42.884Z,178788490288400
"""the pho king @ gpP9uUffpu"" checks",2026-08-28T02:41:41.941Z,178788490194100
"River: 10♠, 5♥, 8♦, 4♥ [7♥]",2026-08-28T02:41:40.373Z,178788490037300
"""LingWae @ FQN9hzhzP_"" checks",2026-08-28T02:41:39.471Z,178788489947100
"""the pho king @ gpP9uUffpu"" checks",2026-08-28T02:41:37.341Z,178788489734100
"Turn: 10♠, 5♥, 8♦ [4♥]",2026-08-28T02:41:36.568Z,178788489656800
"""LingWae @ FQN9hzhzP_"" calls 20",2026-08-28T02:41:35.698Z,178788489569800
"""the pho king @ gpP9uUffpu"" bets 20",2026-08-28T02:41:27.248Z,178788488724800
"Flop:  [10♠, 5♥, 8♦]",2026-08-28T02:41:26.046Z,178788488604600
"""the pho king @ gpP9uUffpu"" checks",2026-08-28T02:41:25.237Z,178788488523700
"""LingWae @ FQN9hzhzP_"" calls 20",2026-08-28T02:41:22.171Z,178788488217100
"""the pho king @ gpP9uUffpu"" posts a big blind of 20",2026-08-28T02:41:17.155Z,178788487715505
"""LingWae @ FQN9hzhzP_"" posts a small blind of 10",2026-08-28T02:41:17.155Z,178788487715504
"Your hand is 2♣, 2♠",2026-08-28T02:41:17.155Z,178788487715503
"Player stacks: #1 ""LingWae @ FQN9hzhzP_"" (5279) | #10 ""the pho king @ gpP9uUffpu"" (1721)",2026-08-28T02:41:17.155Z,178788487715501
"-- starting hand #223 (id: febqfg4isbbk)  No Limit Texas Hold'em (dealer: ""LingWae @ FQN9hzhzP_"") --",2026-08-28T02:41:17.155Z,178788487715500
"""the pho king @ gpP9uUffpu"" shows a 6♣.",2026-08-28T02:41:13.601Z,178788487360100
"""LingWae @ FQN9hzhzP_"" shows a K♠, K♦.",2026-08-28T02:41:10.598Z,178788487059800
"Undealt cards: 7♦, 6♥, Q♣ [7♣, 7♠]",2026-08-28T02:41:10.335Z,178788487033500
"-- ending hand #222 --",2026-08-28T02:41:09.808Z,178788486980802
"""LingWae @ FQN9hzhzP_"" collected 40 from pot",2026-08-28T02:41:09.808Z,178788486980801
"Uncalled bet of 67 returned to ""LingWae @ FQN9hzhzP_""",2026-08-28T02:41:09.808Z,178788486980800
"""the pho king @ gpP9uUffpu"" folds",2026-08-28T02:41:08.988Z,178788486898800
"""LingWae @ FQN9hzhzP_"" bets 67",2026-08-28T02:41:07.519Z,178788486751900
"Flop:  [7♦, 6♥, Q♣]",2026-08-28T02:41:03.981Z,178788486398100
"""LingWae @ FQN9hzhzP_"" checks",2026-08-28T02:41:03.153Z,178788486315300
"""the pho king @ gpP9uUffpu"" calls 20",2026-08-28T02:41:01.361Z,178788486136100
"""LingWae @ FQN9hzhzP_"" posts a big blind of 20",2026-08-28T02:41:00.491Z,178788486049105
"""the pho king @ gpP9uUffpu"" posts a small blind of 10",2026-08-28T02:41:00.491Z,178788486049104
"Player stacks: #1 ""LingWae @ FQN9hzhzP_"" (5259) | #10 ""the pho king @ gpP9uUffpu"" (1741)",2026-08-28T02:41:00.491Z,178788486049101
"-- starting hand #222 (id: g6isg68iknix)  No Limit Texas Hold'em (dealer: ""the pho king @ gpP9uUffpu"") --",2026-08-28T02:41:00.491Z,178788486049100
"""LingWae @ FQN9hzhzP_"" shows a 3♥, 4♠.",2026-08-28T02:40:56.637Z,178788485663700
"""the pho king @ gpP9uUffpu"" shows a Q♦.",2026-08-28T02:40:55.815Z,178788485581500
"Undealt cards: 6♥, 9♦, J♦ [10♦, 2♦]",2026-08-28T02:40:54.318Z,178788485431800
"-- ending hand #221 --",2026-08-28T02:40:53.161Z,178788485316101
"""the pho king @ gpP9uUffpu"" collected 40 from pot",2026-08-28T02:40:53.161Z,178788485316100
"""LingWae @ FQN9hzhzP_"" folds",2026-08-28T02:40:52.348Z,178788485234800
"""the pho king @ gpP9uUffpu"" checks",2026-08-28T02:40:50.778Z,178788485077800
"Flop:  [6♥, 9♦, J♦]",2026-08-28T02:40:42.472Z,178788484247200
"""the pho king @ gpP9uUffpu"" checks",2026-08-28T02:40:41.605Z,178788484160500
"""LingWae @ FQN9hzhzP_"" calls 20",2026-08-28T02:40:33.490Z,178788483349000
"""the pho king @ gpP9uUffpu"" posts a big blind of 20",2026-08-28T02:40:32.063Z,178788483206305
"""LingWae @ FQN9hzhzP_"" posts a small blind of 10",2026-08-28T02:40:32.063Z,178788483206304
"Player stacks: #1 ""LingWae @ FQN9hzhzP_"" (5279) | #10 ""the pho king @ gpP9uUffpu"" (1721)",2026-08-28T02:40:32.063Z,178788483206301
"-- starting hand #221 (id: utjimfg40hkp)  No Limit Texas Hold'em (dealer: ""LingWae @ FQN9hzhzP_"") --",2026-08-28T02:40:32.063Z,178788483206300
"-- ending hand #220 --",2026-08-28T02:40:26.058Z,178788482605803
"""the pho king @ gpP9uUffpu"" collected 200 from pot with Pair, 8's (combination: J♣, K♥, A♠, 8♠, 8♦)",2026-08-28T02:40:26.058Z,178788482605802
"""the pho king @ gpP9uUffpu"" shows a A♠, J♣.",2026-08-28T02:40:26.058Z,178788482605801
"""LingWae @ FQN9hzhzP_"" shows a 5♣, 9♠.",2026-08-28T02:40:26.058Z,178788482605800
"""the pho king @ gpP9uUffpu"" calls 20",2026-08-28T02:40:25.174Z,178788482517400
"""LingWae @ FQN9hzhzP_"" bets 20",2026-08-28T02:40:24.277Z,178788482427700
"River: K♥, 8♠, 8♦, 3♥ [7♦]",2026-08-28T02:40:22.310Z,178788482231000
"""the pho king @ gpP9uUffpu"" checks",2026-08-28T02:40:21.496Z,178788482149600
"""LingWae @ FQN9hzhzP_"" checks",2026-08-28T02:40:20.004Z,178788482000400
"Turn: K♥, 8♠, 8♦ [3♥]",2026-08-28T02:40:18.051Z,178788481805100
"""the pho king @ gpP9uUffpu"" calls 20",2026-08-28T02:40:17.136Z,178788481713600
"""LingWae @ FQN9hzhzP_"" bets 20",2026-08-28T02:40:07.309Z,178788480730900
"Flop:  [K♥, 8♠, 8♦]",2026-08-28T02:40:04.217Z,178788480421700
"""LingWae @ FQN9hzhzP_"" calls 60",2026-08-28T02:40:03.408Z,178788480340800
"""the pho king @ gpP9uUffpu"" raises to 60",2026-08-28T02:39:56.859Z,178788479685900
"""LingWae @ FQN9hzhzP_"" posts a big blind of 20",2026-08-28T02:39:55.078Z,178788479507805
"""the pho king @ gpP9uUffpu"" posts a small blind of 10",2026-08-28T02:39:55.078Z,178788479507804
"Your hand is A♠, J♣",2026-08-28T02:39:55.078Z,178788479507803
"Player stacks: #1 ""LingWae @ FQN9hzhzP_"" (5379) | #10 ""the pho king @ gpP9uUffpu"" (1621)",2026-08-28T02:39:55.078Z,178788479507801
"-- starting hand #220 (id: 6mxzw6d79dvc)  No Limit Texas Hold'em (dealer: ""the pho king @ gpP9uUffpu"") --",2026-08-28T02:39:55.078Z,178788479507800
"-- ending hand #219 --",2026-08-28T02:39:49.070Z,178788478907003
"""LingWae @ FQN9hzhzP_"" collected 334 from pot with Three of a Kind, 7's (combination: 8♠, 9♣, 7♥, 7♠, 7♣)",2026-08-28T02:39:49.070Z,178788478907002
"""LingWae @ FQN9hzhzP_"" shows a 9♣, 7♥.",2026-08-28T02:39:49.070Z,178788478907001
"""the pho king @ gpP9uUffpu"" shows a 4♣, 8♥.",2026-08-28T02:39:49.070Z,178788478907000
"""LingWae @ FQN9hzhzP_"" checks",2026-08-28T02:39:48.206Z,178788478820600
"""the pho king @ gpP9uUffpu"" checks",2026-08-28T02:39:46.811Z,178788478681100
"River: 4♦, 7♠, 8♠, 5♥ [7♣]",2026-08-28T02:39:45.065Z,178788478506500
"""the pho king @ gpP9uUffpu"" calls 67",2026-08-28T02:39:44.225Z,178788478422500
"""LingWae @ FQN9hzhzP_"" raises to 67",2026-08-28T02:39:43.230Z,178788478323000
"""the pho king @ gpP9uUffpu"" bets 20",2026-08-28T02:39:41.008Z,178788478100800
"Turn: 4♦, 7♠, 8♠ [5♥]",2026-08-28T02:39:34.455Z,178788477445500
"""LingWae @ FQN9hzhzP_"" calls 80",2026-08-28T02:39:33.613Z,178788477361300
"""the pho king @ gpP9uUffpu"" raises to 80",2026-08-28T02:39:32.326Z,178788477232600
"""LingWae @ FQN9hzhzP_"" bets 20",2026-08-28T02:39:30.078Z,178788477007800
"""the pho king @ gpP9uUffpu"" checks",2026-08-28T02:39:27.235Z,178788476723500
"Flop:  [4♦, 7♠, 8♠]",2026-08-28T02:39:24.472Z,178788476447200
"""the pho king @ gpP9uUffpu"" checks",2026-08-28T02:39:23.649Z,178788476364900
"""LingWae @ FQN9hzhzP_"" calls 20",2026-08-28T02:39:22.724Z,178788476272400
"""the pho king @ gpP9uUffpu"" posts a big blind of 20",2026-08-28T02:39:17.447Z,178788475744705
"""LingWae @ FQN9hzhzP_"" posts a small blind of 10",2026-08-28T02:39:17.447Z,178788475744704
"Your hand is 4♣, 8♥",2026-08-28T02:39:17.447Z,178788475744703
"Player stacks: #1 ""LingWae @ FQN9hzhzP_"" (5212) | #10 ""the pho king @ gpP9uUffpu"" (1788)",2026-08-28T02:39:17.447Z,178788475744701
"-- starting hand #219 (id: ao6bsjjc7eps)  No Limit Texas Hold'em (dealer: ""LingWae @ FQN9hzhzP_"") --",2026-08-28T02:39:17.447Z,178788475744700
"""LingWae @ FQN9hzhzP_"" shows a 9♠.",2026-08-28T02:39:16.083Z,178788475608300
"""LingWae @ FQN9hzhzP_"" shows a 4♣.",2026-08-28T02:39:14.790Z,178788475479000
"-- ending hand #218 --",2026-08-28T02:39:13.774Z,178788475377402
"""LingWae @ FQN9hzhzP_"" collected 344 from pot",2026-08-28T02:39:13.774Z,178788475377401
"Uncalled bet of 167 returned to ""LingWae @ FQN9hzhzP_""",2026-08-28T02:39:13.774Z,178788475377400
"""the pho king @ gpP9uUffpu"" folds",2026-08-28T02:39:12.957Z,178788475295700
"""LingWae @ FQN9hzhzP_"" bets 167",2026-08-28T02:39:03.943Z,178788474394300
"River: A♣, 9♦, 8♠, J♥ [9♥]",2026-08-28T02:38:58.479Z,178788473847900
"""the pho king @ gpP9uUffpu"" calls 20",2026-08-28T02:38:57.654Z,178788473765400
"""LingWae @ FQN9hzhzP_"" bets 20",2026-08-28T02:38:56.703Z,178788473670300
"Turn: A♣, 9♦, 8♠ [J♥]",2026-08-28T02:38:53.964Z,178788473396400
"""LingWae @ FQN9hzhzP_"" calls 132",2026-08-28T02:38:53.113Z,178788473311300
"""the pho king @ gpP9uUffpu"" raises to 132",2026-08-28T02:38:50.723Z,178788473072300
"""LingWae @ FQN9hzhzP_"" bets 36",2026-08-28T02:38:48.368Z,178788472836800
"Flop:  [A♣, 9♦, 8♠]",2026-08-28T02:38:42.072Z,178788472207200
"""LingWae @ FQN9hzhzP_"" checks",2026-08-28T02:38:41.230Z,178788472123000
"""the pho king @ gpP9uUffpu"" calls 20",2026-08-28T02:38:34.867Z,178788471486700
"""LingWae @ FQN9hzhzP_"" posts a big blind of 20",2026-08-28T02:38:34.067Z,178788471406705
"""the pho king @ gpP9uUffpu"" posts a small blind of 10",2026-08-28T02:38:34.067Z,178788471406704
"Player stacks: #1 ""LingWae @ FQN9hzhzP_"" (5040) | #10 ""the pho king @ gpP9uUffpu"" (1960)",2026-08-28T02:38:34.067Z,178788471406701
"-- starting hand #218 (id: 838ggflu0y7y)  No Limit Texas Hold'em (dealer: ""the pho king @ gpP9uUffpu"") --",2026-08-28T02:38:34.067Z,178788471406700
"""LingWae @ FQN9hzhzP_"" shows a 3♦.",2026-08-28T02:38:31.330Z,178788471133000
"""the pho king @ gpP9uUffpu"" shows a 8♦.",2026-08-28T02:38:31.110Z,178788471111000
"-- ending hand #217 --",2026-08-28T02:38:29.750Z,178788470975002
"""LingWae @ FQN9hzhzP_"" collected 120 from pot",2026-08-28T02:38:29.750Z,178788470975001
"Uncalled bet of 47 returned to ""LingWae @ FQN9hzhzP_""",2026-08-28T02:38:29.750Z,178788470975000
"""the pho king @ gpP9uUffpu"" folds",2026-08-28T02:38:28.893Z,178788470889300
"""LingWae @ FQN9hzhzP_"" raises to 67",2026-08-28T02:38:27.145Z,178788470714500
"""the pho king @ gpP9uUffpu"" bets 20",2026-08-28T02:38:25.123Z,178788470512300
"River: 2♦, 8♣, A♥, 6♥ [K♣]",2026-08-28T02:38:22.729Z,178788470272900
"""LingWae @ FQN9hzhzP_"" checks",2026-08-28T02:38:21.893Z,178788470189300
"""the pho king @ gpP9uUffpu"" checks",2026-08-28T02:38:19.947Z,178788469994700
"Turn: 2♦, 8♣, A♥ [6♥]",2026-08-28T02:38:19.184Z,178788469918400
"""LingWae @ FQN9hzhzP_"" checks",2026-08-28T02:38:18.340Z,178788469834000
"""the pho king @ gpP9uUffpu"" checks",2026-08-28T02:38:16.745Z,178788469674500
"Flop:  [2♦, 8♣, A♥]",2026-08-28T02:38:15.331Z,178788469533100
"""the pho king @ gpP9uUffpu"" calls 40",2026-08-28T02:38:14.519Z,178788469451900
"""LingWae @ FQN9hzhzP_"" raises to 40",2026-08-28T02:38:13.068Z,178788469306800
"""the pho king @ gpP9uUffpu"" posts a big blind of 20",2026-08-28T02:38:10.924Z,178788469092405
"""LingWae @ FQN9hzhzP_"" posts a small blind of 10",2026-08-28T02:38:10.924Z,178788469092404
"Player stacks: #1 ""LingWae @ FQN9hzhzP_"" (4980) | #10 ""the pho king @ gpP9uUffpu"" (2020)",2026-08-28T02:38:10.924Z,178788469092401
"-- starting hand #217 (id: jepn4czijg2m)  No Limit Texas Hold'em (dealer: ""LingWae @ FQN9hzhzP_"") --",2026-08-28T02:38:10.924Z,178788469092400
"""the pho king @ gpP9uUffpu"" shows a 4♥.",2026-08-28T02:38:06.156Z,178788468615600
"Undealt cards: 3♥, 5♣, A♣, 2♥ [7♦]",2026-08-28T02:38:04.594Z,178788468459400
"-- ending hand #216 --",2026-08-28T02:38:04.319Z,178788468431902
"""the pho king @ gpP9uUffpu"" collected 280 from pot",2026-08-28T02:38:04.319Z,178788468431901
"Uncalled bet of 80 returned to ""the pho king @ gpP9uUffpu""",2026-08-28T02:38:04.319Z,178788468431900
"""LingWae @ FQN9hzhzP_"" folds",2026-08-28T02:38:03.436Z,178788468343600
"""the pho king @ gpP9uUffpu"" bets 80",2026-08-28T02:38:02.522Z,178788468252200
"""LingWae @ FQN9hzhzP_"" checks",2026-08-28T02:37:58.614Z,178788467861400
"Turn: 3♥, 5♣, A♣ [2♥]",2026-08-28T02:37:57.711Z,178788467771100
"""the pho king @ gpP9uUffpu"" calls 20",2026-08-28T02:37:56.906Z,178788467690600
"""LingWae @ FQN9hzhzP_"" bets 20",2026-08-28T02:37:55.782Z,178788467578200
"Flop:  [3♥, 5♣, A♣]",2026-08-28T02:37:53.357Z,178788467335700
"""the pho king @ gpP9uUffpu"" calls 120",2026-08-28T02:37:52.519Z,178788467251900
"""LingWae @ FQN9hzhzP_"" raises to 120",2026-08-28T02:37:51.353Z,178788467135300
"""the pho king @ gpP9uUffpu"" raises to 40",2026-08-28T02:37:48.602Z,178788466860200
"""LingWae @ FQN9hzhzP_"" posts a big blind of 20",2026-08-28T02:37:47.199Z,178788466719905
"""the pho king @ gpP9uUffpu"" posts a small blind of 10",2026-08-28T02:37:47.199Z,178788466719904
"Player stacks: #1 ""LingWae @ FQN9hzhzP_"" (5120) | #10 ""the pho king @ gpP9uUffpu"" (1880)",2026-08-28T02:37:47.199Z,178788466719901
"-- starting hand #216 (id: a3yyka7cjhgw)  No Limit Texas Hold'em (dealer: ""the pho king @ gpP9uUffpu"") --",2026-08-28T02:37:47.199Z,178788466719900
"""the pho king @ gpP9uUffpu"" shows a K♥.",2026-08-28T02:37:42.541Z,178788466254100
"""LingWae @ FQN9hzhzP_"" shows a 5♦, 10♦.",2026-08-28T02:37:40.461Z,178788466046100
"Undealt cards: Q♦, K♦, 4♦ [2♣, Q♠]",2026-08-28T02:37:40.216Z,178788466021600
"-- ending hand #215 --",2026-08-28T02:37:39.894Z,178788465989402
"""LingWae @ FQN9hzhzP_"" collected 120 from pot",2026-08-28T02:37:39.894Z,178788465989401
"Uncalled bet of 80 returned to ""LingWae @ FQN9hzhzP_""",2026-08-28T02:37:39.894Z,178788465989400
"""the pho king @ gpP9uUffpu"" folds",2026-08-28T02:37:39.087Z,178788465908700
"""LingWae @ FQN9hzhzP_"" raises to 120",2026-08-28T02:37:34.672Z,178788465467200
"""the pho king @ gpP9uUffpu"" bets 40",2026-08-28T02:37:31.099Z,178788465109900
"Flop:  [Q♦, K♦, 4♦]",2026-08-28T02:37:28.850Z,178788464885000
"""the pho king @ gpP9uUffpu"" checks",2026-08-28T02:37:28.031Z,178788464803100
"""LingWae @ FQN9hzhzP_"" calls 20",2026-08-28T02:37:27.106Z,178788464710600
"""the pho king @ gpP9uUffpu"" posts a big blind of 20",2026-08-28T02:37:25.649Z,178788464564905
"""LingWae @ FQN9hzhzP_"" posts a small blind of 10",2026-08-28T02:37:25.649Z,178788464564904
"Player stacks: #1 ""LingWae @ FQN9hzhzP_"" (5060) | #10 ""the pho king @ gpP9uUffpu"" (1940)",2026-08-28T02:37:25.649Z,178788464564901
"-- starting hand #215 (id: gyvd0bijc34q)  No Limit Texas Hold'em (dealer: ""LingWae @ FQN9hzhzP_"") --",2026-08-28T02:37:25.649Z,178788464564900
"""LingWae @ FQN9hzhzP_"" shows a 8♦.",2026-08-28T02:37:21.443Z,178788464144300
"Undealt cards: 8♥, 7♣, A♠ [2♠, A♦]",2026-08-28T02:37:19.291Z,178788463929100
"-- ending hand #214 --",2026-08-28T02:37:19.043Z,178788463904302
"""LingWae @ FQN9hzhzP_"" collected 80 from pot",2026-08-28T02:37:19.043Z,178788463904301
"Uncalled bet of 40 returned to ""LingWae @ FQN9hzhzP_""",2026-08-28T02:37:19.043Z,178788463904300
"""the pho king @ gpP9uUffpu"" folds",2026-08-28T02:37:18.228Z,178788463822800
"""LingWae @ FQN9hzhzP_"" bets 40",2026-08-28T02:37:17.259Z,178788463725900
"Flop:  [8♥, 7♣, A♠]",2026-08-28T02:37:10.925Z,178788463092500
"""LingWae @ FQN9hzhzP_"" calls 40",2026-08-28T02:37:10.036Z,178788463003600
"""the pho king @ gpP9uUffpu"" raises to 40",2026-08-28T02:37:08.942Z,178788462894200
"""LingWae @ FQN9hzhzP_"" posts a big blind of 20",2026-08-28T02:37:07.813Z,178788462781305
"""the pho king @ gpP9uUffpu"" posts a small blind of 10",2026-08-28T02:37:07.813Z,178788462781304
"Player stacks: #1 ""LingWae @ FQN9hzhzP_"" (5020) | #10 ""the pho king @ gpP9uUffpu"" (1980)",2026-08-28T02:37:07.813Z,178788462781301
"-- starting hand #214 (id: scxoyeachnsa)  No Limit Texas Hold'em (dealer: ""the pho king @ gpP9uUffpu"") --",2026-08-28T02:37:07.813Z,178788462781300
"""the pho king @ gpP9uUffpu"" shows a J♠, 3♦.",2026-08-28T02:37:02.424Z,178788462242400
"""LingWae @ FQN9hzhzP_"" shows a 5♠.",2026-08-28T02:37:01.104Z,178788462110400
"Undealt cards: 5♥, 7♠, 7♣ [7♦, K♦]",2026-08-28T02:37:00.754Z,178788462075400
"-- ending hand #213 --",2026-08-28T02:37:00.498Z,178788462049802
"""LingWae @ FQN9hzhzP_"" collected 40 from pot",2026-08-28T02:37:00.498Z,178788462049801
"Uncalled bet of 20 returned to ""LingWae @ FQN9hzhzP_""",2026-08-28T02:37:00.498Z,178788462049800
"""the pho king @ gpP9uUffpu"" folds",2026-08-28T02:36:59.666Z,178788461966600
"""LingWae @ FQN9hzhzP_"" bets 20",2026-08-28T02:36:57.628Z,178788461762800
"""the pho king @ gpP9uUffpu"" checks",2026-08-28T02:36:54.687Z,178788461468700
"Flop:  [5♥, 7♠, 7♣]",2026-08-28T02:36:53.681Z,178788461368100
"""the pho king @ gpP9uUffpu"" checks",2026-08-28T02:36:52.845Z,178788461284500
"""LingWae @ FQN9hzhzP_"" calls 20",2026-08-28T02:36:51.915Z,178788461191500
"""the pho king @ gpP9uUffpu"" posts a big blind of 20",2026-08-28T02:36:43.865Z,178788460386506
"""LingWae @ FQN9hzhzP_"" posts a small blind of 10",2026-08-28T02:36:43.865Z,178788460386505
"Your hand is J♠, 3♦",2026-08-28T02:36:43.865Z,178788460386504
"Player stacks: #1 ""LingWae @ FQN9hzhzP_"" (5000) | #10 ""the pho king @ gpP9uUffpu"" (2000)",2026-08-28T02:36:43.865Z,178788460386502
"-- starting hand #213 (id: gxkos5cuodpu)  No Limit Texas Hold'em (dealer: ""LingWae @ FQN9hzhzP_"") --",2026-08-28T02:36:43.865Z,178788460386501
"The player ""the pho king @ gpP9uUffpu"" rebought. New stack 2000.",2026-08-28T02:36:43.865Z,178788460386500
"Waiting for the game owner to approve or reject pending rebuy requests.",2026-08-28T02:36:41.443Z,178788460144301
"The player ""the pho king @ gpP9uUffpu"" requested a rebuy of 2000.",2026-08-28T02:36:41.443Z,178788460144300
"Asking to busted players the rebuy decision.",2026-08-28T02:36:28.075Z,178788458807500
"-- ending hand #212 --",2026-08-28T02:36:22.047Z,178788458204704
"""the pho king @ gpP9uUffpu"" shows a 8♦, A♥.",2026-08-28T02:36:22.047Z,178788458204703
"""LingWae @ FQN9hzhzP_"" collected 1906 from pot with Two Pair, A's & Q's (combination: 7♠, Q♣, Q♥, A♠, A♣)",2026-08-28T02:36:22.047Z,178788458204702
"""LingWae @ FQN9hzhzP_"" shows a A♠, Q♣.",2026-08-28T02:36:22.047Z,178788458204701
"Uncalled bet of 21 returned to ""LingWae @ FQN9hzhzP_""",2026-08-28T02:36:22.047Z,178788458204700
"""the pho king @ gpP9uUffpu"" calls 379 and go all in",2026-08-28T02:36:21.219Z,178788458121900
"""LingWae @ FQN9hzhzP_"" bets 400",2026-08-28T02:36:20.094Z,178788458009400
"River: A♣, 7♠, 5♦, Q♥ [6♦]",2026-08-28T02:36:15.242Z,178788457524200
"""the pho king @ gpP9uUffpu"" calls 167",2026-08-28T02:36:14.380Z,178788457438000
"""LingWae @ FQN9hzhzP_"" bets 167",2026-08-28T02:36:13.057Z,178788457305700
"Turn: A♣, 7♠, 5♦ [Q♥]",2026-08-28T02:36:03.133Z,178788456313300
"""the pho king @ gpP9uUffpu"" calls 167",2026-08-28T02:36:02.315Z,178788456231500
"""LingWae @ FQN9hzhzP_"" bets 167",2026-08-28T02:35:58.711Z,178788455871100
"Flop:  [A♣, 7♠, 5♦]",2026-08-28T02:35:52.086Z,178788455208600
"""the pho king @ gpP9uUffpu"" calls 240",2026-08-28T02:35:51.203Z,178788455120300
"""LingWae @ FQN9hzhzP_"" raises to 240",2026-08-28T02:35:48.415Z,178788454841500
"""the pho king @ gpP9uUffpu"" raises to 60",2026-08-28T02:35:46.040Z,178788454604000
"""LingWae @ FQN9hzhzP_"" posts a big blind of 20",2026-08-28T02:35:44.681Z,178788454468105
"""the pho king @ gpP9uUffpu"" posts a small blind of 10",2026-08-28T02:35:44.681Z,178788454468104
"Your hand is 8♦, A♥",2026-08-28T02:35:44.681Z,178788454468103
"Player stacks: #1 ""LingWae @ FQN9hzhzP_"" (4047) | #10 ""the pho king @ gpP9uUffpu"" (953)",2026-08-28T02:35:44.681Z,178788454468101
"-- starting hand #212 (id: pfrxu9zlhlnn)  No Limit Texas Hold'em (dealer: ""the pho king @ gpP9uUffpu"") --",2026-08-28T02:35:44.681Z,178788454468100
"""LingWae @ FQN9hzhzP_"" shows a A♠.",2026-08-28T02:35:40.812Z,178788454081200
"""LingWae @ FQN9hzhzP_"" shows a 7♥.",2026-08-28T02:35:39.805Z,178788453980500
"-- ending hand #211 --",2026-08-28T02:35:38.165Z,178788453816502
"""the pho king @ gpP9uUffpu"" collected 160 from pot with Pair, 9's (combination: 10♠, J♦, K♠, 9♦, 9♣)",2026-08-28T02:35:38.165Z,178788453816501
"""the pho king @ gpP9uUffpu"" shows a J♦, 9♦.",2026-08-28T02:35:38.165Z,178788453816500
"""LingWae @ FQN9hzhzP_"" checks",2026-08-28T02:35:37.349Z,178788453734900
"""the pho king @ gpP9uUffpu"" checks",2026-08-28T02:35:36.108Z,178788453610800
"River: 9♣, 10♠, K♠, 5♣ [6♠]",2026-08-28T02:35:35.074Z,178788453507400
"""the pho king @ gpP9uUffpu"" calls 20",2026-08-28T02:35:34.269Z,178788453426900
"""LingWae @ FQN9hzhzP_"" bets 20",2026-08-28T02:35:33.367Z,178788453336700
"""the pho king @ gpP9uUffpu"" checks",2026-08-28T02:35:31.062Z,178788453106200
"Turn: 9♣, 10♠, K♠ [5♣]",2026-08-28T02:35:30.381Z,178788453038100
"""LingWae @ FQN9hzhzP_"" checks",2026-08-28T02:35:29.561Z,178788452956100
"""the pho king @ gpP9uUffpu"" checks",2026-08-28T02:35:28.104Z,178788452810400
"Flop:  [9♣, 10♠, K♠]",2026-08-28T02:35:26.172Z,178788452617200
"""LingWae @ FQN9hzhzP_"" calls 60",2026-08-28T02:35:25.360Z,178788452536000
"""the pho king @ gpP9uUffpu"" raises to 60",2026-08-28T02:35:24.173Z,178788452417300
"""LingWae @ FQN9hzhzP_"" calls 20",2026-08-28T02:35:22.588Z,178788452258800
"""the pho king @ gpP9uUffpu"" posts a big blind of 20",2026-08-28T02:35:21.322Z,178788452132205
"""LingWae @ FQN9hzhzP_"" posts a small blind of 10",2026-08-28T02:35:21.322Z,178788452132204
"Your hand is J♦, 9♦",2026-08-28T02:35:21.322Z,178788452132203
"Player stacks: #1 ""LingWae @ FQN9hzhzP_"" (4127) | #10 ""the pho king @ gpP9uUffpu"" (873)",2026-08-28T02:35:21.322Z,178788452132201
"-- starting hand #211 (id: bvfrdqgunnk6)  No Limit Texas Hold'em (dealer: ""LingWae @ FQN9hzhzP_"") --",2026-08-28T02:35:21.322Z,178788452132200
"""the pho king @ gpP9uUffpu"" shows a Q♥, A♣.",2026-08-28T02:35:18.910Z,178788451891000
"-- ending hand #210 --",2026-08-28T02:35:14.768Z,178788451476802
"""LingWae @ FQN9hzhzP_"" collected 160 from pot with Two Pair, K's & 6's (combination: 10♣, 6♣, 6♠, K♣, K♥)",2026-08-28T02:35:14.768Z,178788451476801
"""LingWae @ FQN9hzhzP_"" shows a 9♥, 6♣.",2026-08-28T02:35:14.768Z,178788451476800
"""the pho king @ gpP9uUffpu"" checks",2026-08-28T02:35:13.961Z,178788451396100
"""LingWae @ FQN9hzhzP_"" checks",2026-08-28T02:35:13.004Z,178788451300400
"River: 10♣, 6♠, K♣, K♥ [8♦]",2026-08-28T02:35:12.062Z,178788451206200
"""the pho king @ gpP9uUffpu"" calls 20",2026-08-28T02:35:11.212Z,178788451121200
"""LingWae @ FQN9hzhzP_"" bets 20",2026-08-28T02:35:10.277Z,178788451027700
"Turn: 10♣, 6♠, K♣ [K♥]",2026-08-28T02:35:08.460Z,178788450846000
"""the pho king @ gpP9uUffpu"" checks",2026-08-28T02:35:07.646Z,178788450764600
"""LingWae @ FQN9hzhzP_"" checks",2026-08-28T02:35:06.725Z,178788450672500
"Flop:  [10♣, 6♠, K♣]",2026-08-28T02:35:04.151Z,178788450415100
"""LingWae @ FQN9hzhzP_"" calls 60",2026-08-28T02:35:03.334Z,178788450333400
"""the pho king @ gpP9uUffpu"" raises to 60",2026-08-28T02:34:54.544Z,178788449454400
"""LingWae @ FQN9hzhzP_"" posts a big blind of 20",2026-08-28T02:34:52.820Z,178788449282005
"""the pho king @ gpP9uUffpu"" posts a small blind of 10",2026-08-28T02:34:52.820Z,178788449282004
"Your hand is Q♥, A♣",2026-08-28T02:34:52.820Z,178788449282003
"Player stacks: #1 ""LingWae @ FQN9hzhzP_"" (4047) | #10 ""the pho king @ gpP9uUffpu"" (953)",2026-08-28T02:34:52.820Z,178788449282001
"-- starting hand #210 (id: f8e6gcxerfzo)  No Limit Texas Hold'em (dealer: ""the pho king @ gpP9uUffpu"") --",2026-08-28T02:34:52.820Z,178788449282000
"""LingWae @ FQN9hzhzP_"" shows a 9♥, K♥.",2026-08-28T02:34:48.193Z,178788448819300
"Undealt cards: A♥, 4♣, 2♥ [7♦, 5♦]",2026-08-28T02:34:46.751Z,178788448675100
"""the pho king @ gpP9uUffpu"" shows a 7♠, 2♠.",2026-08-28T02:34:45.807Z,178788448580700
"-- ending hand #209 --",2026-08-28T02:34:45.456Z,178788448545602
"""LingWae @ FQN9hzhzP_"" collected 240 from pot",2026-08-28T02:34:45.456Z,178788448545601
"Uncalled bet of 67 returned to ""LingWae @ FQN9hzhzP_""",2026-08-28T02:34:45.456Z,178788448545600
"""the pho king @ gpP9uUffpu"" folds",2026-08-28T02:34:44.650Z,178788448465000
"""LingWae @ FQN9hzhzP_"" bets 67",2026-08-28T02:34:41.884Z,178788448188400
"""the pho king @ gpP9uUffpu"" checks",2026-08-28T02:34:38.212Z,178788447821200
"Flop:  [A♥, 4♣, 2♥]",2026-08-28T02:34:34.378Z,178788447437800
"""the pho king @ gpP9uUffpu"" calls 120",2026-08-28T02:34:33.575Z,178788447357500
"""LingWae @ FQN9hzhzP_"" raises to 120",2026-08-28T02:34:32.333Z,178788447233300
"""the pho king @ gpP9uUffpu"" posts a big blind of 20",2026-08-28T02:34:25.660Z,178788446566005
"""LingWae @ FQN9hzhzP_"" posts a small blind of 10",2026-08-28T02:34:25.660Z,178788446566004
"Your hand is 7♠, 2♠",2026-08-28T02:34:25.660Z,178788446566003
"Player stacks: #1 ""LingWae @ FQN9hzhzP_"" (3927) | #10 ""the pho king @ gpP9uUffpu"" (1073)",2026-08-28T02:34:25.660Z,178788446566001
"-- starting hand #209 (id: 03zahl0ayr7y)  No Limit Texas Hold'em (dealer: ""LingWae @ FQN9hzhzP_"") --",2026-08-28T02:34:25.660Z,178788446566000
"-- ending hand #208 --",2026-08-28T02:34:19.639Z,178788445963903
"""the pho king @ gpP9uUffpu"" collected 320 from pot with Two Pair, 5's & 4's (combination: J♦, 4♦, 4♥, 5♠, 5♦)",2026-08-28T02:34:19.639Z,178788445963902
"""the pho king @ gpP9uUffpu"" shows a 6♠, 5♠.",2026-08-28T02:34:19.639Z,178788445963901
"""LingWae @ FQN9hzhzP_"" shows a 8♥, K♥.",2026-08-28T02:34:19.639Z,178788445963900
"""the pho king @ gpP9uUffpu"" checks",2026-08-28T02:34:18.829Z,178788445882900
"""LingWae @ FQN9hzhzP_"" checks",2026-08-28T02:34:17.920Z,178788445792000
"River: J♦, 2♦, 5♦, 4♦ [4♥]",2026-08-28T02:34:16.211Z,178788445621100
"""the pho king @ gpP9uUffpu"" calls 20",2026-08-28T02:34:15.384Z,178788445538400
"""LingWae @ FQN9hzhzP_"" bets 20",2026-08-28T02:34:14.423Z,178788445442300
"Turn: J♦, 2♦, 5♦ [4♦]",2026-08-28T02:34:12.885Z,178788445288500
"""the pho king @ gpP9uUffpu"" calls 20",2026-08-28T02:34:12.041Z,178788445204100
"""LingWae @ FQN9hzhzP_"" bets 20",2026-08-28T02:34:11.111Z,178788445111100
"Flop:  [J♦, 2♦, 5♦]",2026-08-28T02:34:08.284Z,178788444828400
"""the pho king @ gpP9uUffpu"" calls 120",2026-08-28T02:34:07.475Z,178788444747500
"""LingWae @ FQN9hzhzP_"" raises to 120",2026-08-28T02:34:06.514Z,178788444651400
"""the pho king @ gpP9uUffpu"" raises to 40",2026-08-28T02:34:03.056Z,178788444305600
"""LingWae @ FQN9hzhzP_"" posts a big blind of 20",2026-08-28T02:34:01.835Z,178788444183505
"""the pho king @ gpP9uUffpu"" posts a small blind of 10",2026-08-28T02:34:01.835Z,178788444183504
"Your hand is 6♠, 5♠",2026-08-28T02:34:01.835Z,178788444183503
"Player stacks: #1 ""LingWae @ FQN9hzhzP_"" (4087) | #10 ""the pho king @ gpP9uUffpu"" (913)",2026-08-28T02:34:01.835Z,178788444183501
"-- starting hand #208 (id: 7syaltvnmari)  No Limit Texas Hold'em (dealer: ""the pho king @ gpP9uUffpu"") --",2026-08-28T02:34:01.835Z,178788444183500
"""LingWae @ FQN9hzhzP_"" shows a K♠, 10♠.",2026-08-28T02:33:57.806Z,178788443780600
"""the pho king @ gpP9uUffpu"" shows a 4♣, 6♠.",2026-08-28T02:33:56.114Z,178788443611400
"Undealt cards:  [4♦, J♣, 3♦, Q♠, 5♦]",2026-08-28T02:33:54.815Z,178788443481500
"-- ending hand #207 --",2026-08-28T02:33:54.477Z,178788443447702
"""LingWae @ FQN9hzhzP_"" collected 40 from pot",2026-08-28T02:33:54.477Z,178788443447701
"Uncalled bet of 100 returned to ""LingWae @ FQN9hzhzP_""",2026-08-28T02:33:54.477Z,178788443447700
"""the pho king @ gpP9uUffpu"" folds",2026-08-28T02:33:53.647Z,178788443364700
"""LingWae @ FQN9hzhzP_"" raises to 120",2026-08-28T02:33:52.679Z,178788443267900
"""the pho king @ gpP9uUffpu"" posts a big blind of 20",2026-08-28T02:33:49.590Z,178788442959005
"""LingWae @ FQN9hzhzP_"" posts a small blind of 10",2026-08-28T02:33:49.590Z,178788442959004
"Your hand is 4♣, 6♠",2026-08-28T02:33:49.590Z,178788442959003
"Player stacks: #1 ""LingWae @ FQN9hzhzP_"" (4067) | #10 ""the pho king @ gpP9uUffpu"" (933)",2026-08-28T02:33:49.590Z,178788442959001
"-- starting hand #207 (id: ts4xknqsoemq)  No Limit Texas Hold'em (dealer: ""LingWae @ FQN9hzhzP_"") --",2026-08-28T02:33:49.590Z,178788442959000
"""the pho king @ gpP9uUffpu"" shows a 10♦, Q♠.",2026-08-28T02:33:45.917Z,178788442591700
"-- ending hand #206 --",2026-08-28T02:33:43.071Z,178788442307102
"""LingWae @ FQN9hzhzP_"" collected 160 from pot with Two Pair, J's & 2's (combination: K♦, 2♥, 2♦, J♠, J♦)",2026-08-28T02:33:43.071Z,178788442307101
"""LingWae @ FQN9hzhzP_"" shows a K♦, 3♦.",2026-08-28T02:33:43.071Z,178788442307100
"""the pho king @ gpP9uUffpu"" calls 20",2026-08-28T02:33:42.244Z,178788442224400
"""LingWae @ FQN9hzhzP_"" bets 20",2026-08-28T02:33:41.303Z,178788442130300
"River: 8♠, J♠, 2♥, 2♦ [J♦]",2026-08-28T02:33:40.265Z,178788442026500
"""the pho king @ gpP9uUffpu"" checks",2026-08-28T02:33:39.436Z,178788441943600
"""LingWae @ FQN9hzhzP_"" checks",2026-08-28T02:33:38.535Z,178788441853500
"Turn: 8♠, J♠, 2♥ [2♦]",2026-08-28T02:33:37.540Z,178788441754000
"""the pho king @ gpP9uUffpu"" checks",2026-08-28T02:33:36.676Z,178788441667600
"""LingWae @ FQN9hzhzP_"" checks",2026-08-28T02:33:35.762Z,178788441576200
"Flop:  [8♠, J♠, 2♥]",2026-08-28T02:33:34.062Z,178788441406200
"""LingWae @ FQN9hzhzP_"" calls 60",2026-08-28T02:33:33.255Z,178788441325500
"""the pho king @ gpP9uUffpu"" raises to 60",2026-08-28T02:33:31.706Z,178788441170600
"""LingWae @ FQN9hzhzP_"" posts a big blind of 20",2026-08-28T02:33:29.860Z,178788440986005
"""the pho king @ gpP9uUffpu"" posts a small blind of 10",2026-08-28T02:33:29.860Z,178788440986004
"Your hand is 10♦, Q♠",2026-08-28T02:33:29.860Z,178788440986003
"Player stacks: #1 ""LingWae @ FQN9hzhzP_"" (3987) | #10 ""the pho king @ gpP9uUffpu"" (1013)",2026-08-28T02:33:29.860Z,178788440986001
"-- starting hand #206 (id: smlbvn3ro249)  No Limit Texas Hold'em (dealer: ""the pho king @ gpP9uUffpu"") --",2026-08-28T02:33:29.860Z,178788440986000
"""LingWae @ FQN9hzhzP_"" shows a A♥.",2026-08-28T02:33:27.857Z,178788440785700
"-- ending hand #205 --",2026-08-28T02:33:26.255Z,178788440625502
"""the pho king @ gpP9uUffpu"" collected 80 from pot",2026-08-28T02:33:26.255Z,178788440625501
"Uncalled bet of 80 returned to ""the pho king @ gpP9uUffpu""",2026-08-28T02:33:26.255Z,178788440625500
"""LingWae @ FQN9hzhzP_"" folds",2026-08-28T02:33:25.447Z,178788440544700
"""the pho king @ gpP9uUffpu"" bets 80",2026-08-28T02:33:24.530Z,178788440453000
"River: J♣, 7♠, Q♥, 3♦ [K♥]",2026-08-28T02:33:22.335Z,178788440233500
"""LingWae @ FQN9hzhzP_"" checks",2026-08-28T02:33:21.507Z,178788440150700
"""the pho king @ gpP9uUffpu"" checks",2026-08-28T02:33:20.594Z,178788440059400
"Turn: J♣, 7♠, Q♥ [3♦]",2026-08-28T02:33:19.583Z,178788439958300
"""LingWae @ FQN9hzhzP_"" checks",2026-08-28T02:33:18.751Z,178788439875100
"""the pho king @ gpP9uUffpu"" checks",2026-08-28T02:33:17.825Z,178788439782500
"Flop:  [J♣, 7♠, Q♥]",2026-08-28T02:33:16.343Z,178788439634300
"""the pho king @ gpP9uUffpu"" calls 40",2026-08-28T02:33:15.540Z,178788439554000
"""LingWae @ FQN9hzhzP_"" raises to 40",2026-08-28T02:33:13.068Z,178788439306800
"""the pho king @ gpP9uUffpu"" posts a big blind of 20",2026-08-28T02:33:10.448Z,178788439044805
"""LingWae @ FQN9hzhzP_"" posts a small blind of 10",2026-08-28T02:33:10.448Z,178788439044804
"Player stacks: #1 ""LingWae @ FQN9hzhzP_"" (4027) | #10 ""the pho king @ gpP9uUffpu"" (973)",2026-08-28T02:33:10.448Z,178788439044801
"-- starting hand #205 (id: njvbrqlrufbe)  No Limit Texas Hold'em (dealer: ""LingWae @ FQN9hzhzP_"") --",2026-08-28T02:33:10.448Z,178788439044800
"-- ending hand #204 --",2026-08-28T02:33:07.528Z,178788438752802
"""LingWae @ FQN9hzhzP_"" collected 120 from pot",2026-08-28T02:33:07.528Z,178788438752801
"Uncalled bet of 20 returned to ""LingWae @ FQN9hzhzP_""",2026-08-28T02:33:07.528Z,178788438752800
"""the pho king @ gpP9uUffpu"" folds",2026-08-28T02:33:06.718Z,178788438671800
"""LingWae @ FQN9hzhzP_"" bets 20",2026-08-28T02:33:05.227Z,178788438522700
"River: 5♠, 9♥, A♣, 3♦ [3♣]",2026-08-28T02:33:03.131Z,178788438313100
"""the pho king @ gpP9uUffpu"" checks",2026-08-28T02:33:02.281Z,178788438228100
"""LingWae @ FQN9hzhzP_"" checks",2026-08-28T02:33:01.146Z,178788438114600
"Turn: 5♠, 9♥, A♣ [3♦]",2026-08-28T02:32:59.886Z,178788437988600
"""the pho king @ gpP9uUffpu"" checks",2026-08-28T02:32:59.082Z,178788437908200
"""LingWae @ FQN9hzhzP_"" checks",2026-08-28T02:32:58.174Z,178788437817400
"Flop:  [5♠, 9♥, A♣]",2026-08-28T02:32:56.057Z,178788437605700
"""LingWae @ FQN9hzhzP_"" calls 60",2026-08-28T02:32:55.220Z,178788437522000
"""the pho king @ gpP9uUffpu"" raises to 60",2026-08-28T02:32:51.828Z,178788437182800
"""LingWae @ FQN9hzhzP_"" posts a big blind of 20",2026-08-28T02:32:49.882Z,178788436988205
"""the pho king @ gpP9uUffpu"" posts a small blind of 10",2026-08-28T02:32:49.882Z,178788436988204
"Player stacks: #1 ""LingWae @ FQN9hzhzP_"" (3967) | #10 ""the pho king @ gpP9uUffpu"" (1033)",2026-08-28T02:32:49.882Z,178788436988201
"-- starting hand #204 (id: cx34zcnmzl19)  No Limit Texas Hold'em (dealer: ""the pho king @ gpP9uUffpu"") --",2026-08-28T02:32:49.882Z,178788436988200
"""LingWae @ FQN9hzhzP_"" shows a 8♣, 9♦.",2026-08-28T02:32:46.347Z,178788436634700
"""the pho king @ gpP9uUffpu"" shows a 5♥.",2026-08-28T02:32:46.106Z,178788436610600
"-- ending hand #203 --",2026-08-28T02:32:45.579Z,178788436557902
"""LingWae @ FQN9hzhzP_"" collected 80 from pot",2026-08-28T02:32:45.579Z,178788436557901
"Uncalled bet of 67 returned to ""LingWae @ FQN9hzhzP_""",2026-08-28T02:32:45.579Z,178788436557900
"""the pho king @ gpP9uUffpu"" folds",2026-08-28T02:32:44.774Z,178788436477400
"""LingWae @ FQN9hzhzP_"" bets 67",2026-08-28T02:32:43.771Z,178788436377100
"""the pho king @ gpP9uUffpu"" checks",2026-08-28T02:32:40.845Z,178788436084500
"River: 7♥, 5♠, A♦, J♣ [6♣]",2026-08-28T02:32:39.635Z,178788435963500
"""the pho king @ gpP9uUffpu"" calls 20",2026-08-28T02:32:38.797Z,178788435879700
"""LingWae @ FQN9hzhzP_"" bets 20",2026-08-28T02:32:37.558Z,178788435755800
"""the pho king @ gpP9uUffpu"" checks",2026-08-28T02:32:34.368Z,178788435436800
"Turn: 7♥, 5♠, A♦ [J♣]",2026-08-28T02:32:33.733Z,178788435373300
"""LingWae @ FQN9hzhzP_"" checks",2026-08-28T02:32:32.914Z,178788435291400
"""the pho king @ gpP9uUffpu"" checks",2026-08-28T02:32:30.733Z,178788435073300
"Flop:  [7♥, 5♠, A♦]",2026-08-28T02:32:29.669Z,178788434966900
"""the pho king @ gpP9uUffpu"" checks",2026-08-28T02:32:28.864Z,178788434886400
"""LingWae @ FQN9hzhzP_"" calls 20",2026-08-28T02:32:27.963Z,178788434796300
"""the pho king @ gpP9uUffpu"" posts a big blind of 20",2026-08-28T02:32:26.531Z,178788434653105
"""LingWae @ FQN9hzhzP_"" posts a small blind of 10",2026-08-28T02:32:26.531Z,178788434653104
"Player stacks: #1 ""LingWae @ FQN9hzhzP_"" (3927) | #10 ""the pho king @ gpP9uUffpu"" (1073)",2026-08-28T02:32:26.531Z,178788434653101
"-- starting hand #203 (id: nu5ma5q3shww)  No Limit Texas Hold'em (dealer: ""LingWae @ FQN9hzhzP_"") --",2026-08-28T02:32:26.531Z,178788434653100
"""LingWae @ FQN9hzhzP_"" shows a 10♦, K♦.",2026-08-28T02:32:23.916Z,178788434391600
"-- ending hand #202 --",2026-08-28T02:32:20.019Z,178788434001902
"""the pho king @ gpP9uUffpu"" collected 320 from pot with Pair, 3's (combination: 8♠, 9♣, A♣, 3♣, 3♠)",2026-08-28T02:32:20.019Z,178788434001901
"""the pho king @ gpP9uUffpu"" shows a 3♣, A♣.",2026-08-28T02:32:20.019Z,178788434001900
"""LingWae @ FQN9hzhzP_"" calls 40",2026-08-28T02:32:19.166Z,178788433916600
"""the pho king @ gpP9uUffpu"" bets 40",2026-08-28T02:32:18.058Z,178788433805800
"""LingWae @ FQN9hzhzP_"" checks",2026-08-28T02:32:16.339Z,178788433633900
"River: 5♣, 8♠, 4♠, 9♣ [3♠]",2026-08-28T02:32:14.955Z,178788433495500
"""the pho king @ gpP9uUffpu"" checks",2026-08-28T02:32:14.121Z,178788433412100
"""LingWae @ FQN9hzhzP_"" checks",2026-08-28T02:32:08.905Z,178788432890500
"Turn: 5♣, 8♠, 4♠ [9♣]",2026-08-28T02:32:07.520Z,178788432752000
"""the pho king @ gpP9uUffpu"" checks",2026-08-28T02:32:06.701Z,178788432670100
"""LingWae @ FQN9hzhzP_"" checks",2026-08-28T02:32:05.788Z,178788432578800
"Flop:  [5♣, 8♠, 4♠]",2026-08-28T02:32:04.315Z,178788432431500
"""the pho king @ gpP9uUffpu"" calls 120",2026-08-28T02:32:03.487Z,178788432348700
"""LingWae @ FQN9hzhzP_"" raises to 120",2026-08-28T02:32:02.337Z,178788432233700
"""the pho king @ gpP9uUffpu"" calls 20",2026-08-28T02:31:59.165Z,178788431916500
"""LingWae @ FQN9hzhzP_"" posts a big blind of 20",2026-08-28T02:31:57.873Z,178788431787305
"""the pho king @ gpP9uUffpu"" posts a small blind of 10",2026-08-28T02:31:57.873Z,178788431787304
"Your hand is 3♣, A♣",2026-08-28T02:31:57.873Z,178788431787303
"Player stacks: #1 ""LingWae @ FQN9hzhzP_"" (4087) | #10 ""the pho king @ gpP9uUffpu"" (913)",2026-08-28T02:31:57.873Z,178788431787301
"-- starting hand #202 (id: wl4hpwbr29n5)  No Limit Texas Hold'em (dealer: ""the pho king @ gpP9uUffpu"") --",2026-08-28T02:31:57.873Z,178788431787300
"""LingWae @ FQN9hzhzP_"" shows a Q♦, A♣.",2026-08-28T02:31:54.666Z,178788431466600
"""the pho king @ gpP9uUffpu"" shows a Q♣, 7♦.",2026-08-28T02:31:51.891Z,178788431189100
"Undealt cards:  [A♥, 4♥, 9♥, 8♥, 5♥]",2026-08-28T02:31:50.829Z,178788431082900
"-- ending hand #201 --",2026-08-28T02:31:50.566Z,178788431056602
"""LingWae @ FQN9hzhzP_"" collected 40 from pot",2026-08-28T02:31:50.566Z,178788431056601
"Uncalled bet of 100 returned to ""LingWae @ FQN9hzhzP_""",2026-08-28T02:31:50.566Z,178788431056600
"""the pho king @ gpP9uUffpu"" folds",2026-08-28T02:31:49.751Z,178788430975100
"""LingWae @ FQN9hzhzP_"" raises to 120",2026-08-28T02:31:48.846Z,178788430884600
"""the pho king @ gpP9uUffpu"" posts a big blind of 20",2026-08-28T02:31:45.998Z,178788430599805
"""LingWae @ FQN9hzhzP_"" posts a small blind of 10",2026-08-28T02:31:45.998Z,178788430599804
"Your hand is Q♣, 7♦",2026-08-28T02:31:45.998Z,178788430599803
"Player stacks: #1 ""LingWae @ FQN9hzhzP_"" (4067) | #10 ""the pho king @ gpP9uUffpu"" (933)",2026-08-28T02:31:45.998Z,178788430599801
"-- starting hand #201 (id: 9i3terdxy6ou)  No Limit Texas Hold'em (dealer: ""LingWae @ FQN9hzhzP_"") --",2026-08-28T02:31:45.998Z,178788430599800
"Undealt cards: K♠, 7♥, 9♠, 4♣ [K♣]",2026-08-28T02:31:40.414Z,178788430041400
"-- ending hand #200 --",2026-08-28T02:31:40.063Z,178788430006302
"""the pho king @ gpP9uUffpu"" collected 40 from pot",2026-08-28T02:31:40.063Z,178788430006301
"Uncalled bet of 40 returned to ""the pho king @ gpP9uUffpu""",2026-08-28T02:31:40.063Z,178788430006300
"""LingWae @ FQN9hzhzP_"" folds",2026-08-28T02:31:39.257Z,178788429925700
"""the pho king @ gpP9uUffpu"" bets 40",2026-08-28T02:31:38.296Z,178788429829600
"""LingWae @ FQN9hzhzP_"" checks",2026-08-28T02:31:36.589Z,178788429658900
"Turn: K♠, 7♥, 9♠ [4♣]",2026-08-28T02:31:35.555Z,178788429555500
"""the pho king @ gpP9uUffpu"" checks",2026-08-28T02:31:34.659Z,178788429465900
"""LingWae @ FQN9hzhzP_"" checks",2026-08-28T02:31:33.700Z,178788429370000
"Flop:  [K♠, 7♥, 9♠]",2026-08-28T02:31:32.039Z,178788429203900
"""LingWae @ FQN9hzhzP_"" checks",2026-08-28T02:31:31.212Z,178788429121200
"""the pho king @ gpP9uUffpu"" calls 20",2026-08-28T02:31:30.158Z,178788429015800
"""LingWae @ FQN9hzhzP_"" posts a big blind of 20",2026-08-28T02:31:28.456Z,178788428845605
"""the pho king @ gpP9uUffpu"" posts a small blind of 10",2026-08-28T02:31:28.456Z,178788428845604
"Player stacks: #1 ""LingWae @ FQN9hzhzP_"" (4087) | #10 ""the pho king @ gpP9uUffpu"" (913)",2026-08-28T02:31:28.456Z,178788428845601
"-- starting hand #200 (id: g9lwrh5cgenw)  No Limit Texas Hold'em (dealer: ""the pho king @ gpP9uUffpu"") --",2026-08-28T02:31:28.456Z,178788428845600
"""LingWae @ FQN9hzhzP_"" shows a Q♠, 3♠.",2026-08-28T02:31:23.364Z,178788428336400
"-- ending hand #199 --",2026-08-28T02:31:21.944Z,178788428194402
"""the pho king @ gpP9uUffpu"" collected 120 from pot with K High (combination: 6♦, 8♠, 9♥, J♥, K♥)",2026-08-28T02:31:21.944Z,178788428194401
"""the pho king @ gpP9uUffpu"" shows a K♥, 9♥.",2026-08-28T02:31:21.944Z,178788428194400
"""LingWae @ FQN9hzhzP_"" checks",2026-08-28T02:31:21.063Z,178788428106300
"""the pho king @ gpP9uUffpu"" checks",2026-08-28T02:31:19.870Z,178788427987000
"River: J♥, 8♠, 6♦, 4♦ [5♥]",2026-08-28T02:31:19.142Z,178788427914200
"""LingWae @ FQN9hzhzP_"" checks",2026-08-28T02:31:18.263Z,178788427826300
"""the pho king @ gpP9uUffpu"" checks",2026-08-28T02:31:17.343Z,178788427734300
"Turn: J♥, 8♠, 6♦ [4♦]",2026-08-28T02:31:16.541Z,178788427654100
"""LingWae @ FQN9hzhzP_"" checks",2026-08-28T02:31:15.693Z,178788427569300
"""the pho king @ gpP9uUffpu"" checks",2026-08-28T02:31:14.787Z,178788427478700
"Flop:  [J♥, 8♠, 6♦]",2026-08-28T02:31:13.028Z,178788427302800
"""LingWae @ FQN9hzhzP_"" calls 60",2026-08-28T02:31:12.201Z,178788427220100
"""the pho king @ gpP9uUffpu"" raises to 60",2026-08-28T02:31:10.741Z,178788427074100
"""LingWae @ FQN9hzhzP_"" calls 20",2026-08-28T02:31:08.778Z,178788426877800
"""the pho king @ gpP9uUffpu"" posts a big blind of 20",2026-08-28T02:31:05.428Z,178788426542805
"""LingWae @ FQN9hzhzP_"" posts a small blind of 10",2026-08-28T02:31:05.428Z,178788426542804
"Your hand is K♥, 9♥",2026-08-28T02:31:05.428Z,178788426542803
"Player stacks: #1 ""LingWae @ FQN9hzhzP_"" (4147) | #10 ""the pho king @ gpP9uUffpu"" (853)",2026-08-28T02:31:05.428Z,178788426542801
"-- starting hand #199 (id: 3bj5ep2d6pum)  No Limit Texas Hold'em (dealer: ""LingWae @ FQN9hzhzP_"") --",2026-08-28T02:31:05.428Z,178788426542800
"-- ending hand #198 --",2026-08-28T02:30:59.402Z,178788425940203
"""LingWae @ FQN9hzhzP_"" collected 200 from pot with Pair, 6's (combination: 8♣, 10♦, K♦, 6♠, 6♣)",2026-08-28T02:30:59.402Z,178788425940202
"""LingWae @ FQN9hzhzP_"" shows a 6♠, K♦.",2026-08-28T02:30:59.402Z,178788425940201
"""the pho king @ gpP9uUffpu"" shows a 2♠, A♣.",2026-08-28T02:30:59.402Z,178788425940200
"""LingWae @ FQN9hzhzP_"" calls 60",2026-08-28T02:30:58.574Z,178788425857400
"""the pho king @ gpP9uUffpu"" bets 60",2026-08-28T02:30:57.618Z,178788425761800
"""LingWae @ FQN9hzhzP_"" checks",2026-08-28T02:30:55.315Z,178788425531500
"River: 3♣, 10♦, 8♣, 4♥ [6♣]",2026-08-28T02:30:54.863Z,178788425486300
"""the pho king @ gpP9uUffpu"" calls 20",2026-08-28T02:30:54.055Z,178788425405500
"""LingWae @ FQN9hzhzP_"" bets 20",2026-08-28T02:30:53.070Z,178788425307000
"Turn: 3♣, 10♦, 8♣ [4♥]",2026-08-28T02:30:52.161Z,178788425216100
"""the pho king @ gpP9uUffpu"" checks",2026-08-28T02:30:51.298Z,178788425129800
"""LingWae @ FQN9hzhzP_"" checks",2026-08-28T02:30:50.364Z,178788425036400
"Flop:  [3♣, 10♦, 8♣]",2026-08-28T02:30:48.193Z,178788424819300
"""LingWae @ FQN9hzhzP_"" checks",2026-08-28T02:30:47.360Z,178788424736000
"""the pho king @ gpP9uUffpu"" calls 20",2026-08-28T02:30:45.025Z,178788424502500
"""LingWae @ FQN9hzhzP_"" posts a big blind of 20",2026-08-28T02:30:44.072Z,178788424407205
"""the pho king @ gpP9uUffpu"" posts a small blind of 10",2026-08-28T02:30:44.072Z,178788424407204
"Your hand is 2♠, A♣",2026-08-28T02:30:44.072Z,178788424407203
"Player stacks: #1 ""LingWae @ FQN9hzhzP_"" (4047) | #10 ""the pho king @ gpP9uUffpu"" (953)",2026-08-28T02:30:44.072Z,178788424407201
"-- starting hand #198 (id: b54ferwsflou)  No Limit Texas Hold'em (dealer: ""the pho king @ gpP9uUffpu"") --",2026-08-28T02:30:44.072Z,178788424407200
"""LingWae @ FQN9hzhzP_"" shows a 9♠, 9♣.",2026-08-28T02:30:38.926Z,178788423892600
"Undealt cards:  [3♥, 7♦, K♥, 10♥, Q♣]",2026-08-28T02:30:38.837Z,178788423883700
"-- ending hand #197 --",2026-08-28T02:30:37.461Z,178788423746102
"""LingWae @ FQN9hzhzP_"" collected 40 from pot",2026-08-28T02:30:37.461Z,178788423746101
"Uncalled bet of 220 returned to ""LingWae @ FQN9hzhzP_""",2026-08-28T02:30:37.461Z,178788423746100
"""the pho king @ gpP9uUffpu"" folds",2026-08-28T02:30:36.649Z,178788423664900
"""LingWae @ FQN9hzhzP_"" raises to 240",2026-08-28T02:30:35.064Z,178788423506400
"""the pho king @ gpP9uUffpu"" posts a big blind of 20",2026-08-28T02:30:32.085Z,178788423208505
"""LingWae @ FQN9hzhzP_"" posts a small blind of 10",2026-08-28T02:30:32.085Z,178788423208504
"Player stacks: #1 ""LingWae @ FQN9hzhzP_"" (4027) | #10 ""the pho king @ gpP9uUffpu"" (973)",2026-08-28T02:30:32.085Z,178788423208501
"-- starting hand #197 (id: gtp10iimeuah)  No Limit Texas Hold'em (dealer: ""LingWae @ FQN9hzhzP_"") --",2026-08-28T02:30:32.085Z,178788423208500
"""the pho king @ gpP9uUffpu"" shows a 10♠, 2♣.",2026-08-28T02:30:30.536Z,178788423053600
"""LingWae @ FQN9hzhzP_"" shows a Q♦.",2026-08-28T02:30:29.111Z,178788422911100
"-- ending hand #196 --",2026-08-28T02:30:27.781Z,178788422778102
"""LingWae @ FQN9hzhzP_"" collected 80 from pot",2026-08-28T02:30:27.781Z,178788422778101
"Uncalled bet of 40 returned to ""LingWae @ FQN9hzhzP_""",2026-08-28T02:30:27.781Z,178788422778100
"""the pho king @ gpP9uUffpu"" folds",2026-08-28T02:30:26.941Z,178788422694100
"""LingWae @ FQN9hzhzP_"" bets 40",2026-08-28T02:30:26.014Z,178788422601400
"River: J♦, 10♣, A♠, 4♥ [Q♣]",2026-08-28T02:30:22.976Z,178788422297600
"""LingWae @ FQN9hzhzP_"" calls 20",2026-08-28T02:30:22.135Z,178788422213500
"""the pho king @ gpP9uUffpu"" bets 20",2026-08-28T02:30:21.187Z,178788422118700
"""LingWae @ FQN9hzhzP_"" checks",2026-08-28T02:30:20.126Z,178788422012600
"Turn: J♦, 10♣, A♠ [4♥]",2026-08-28T02:30:18.972Z,178788421897200
"""the pho king @ gpP9uUffpu"" checks",2026-08-28T02:30:18.141Z,178788421814100
"""LingWae @ FQN9hzhzP_"" checks",2026-08-28T02:30:17.236Z,178788421723600
"Flop:  [J♦, 10♣, A♠]",2026-08-28T02:30:15.214Z,178788421521400
"""LingWae @ FQN9hzhzP_"" checks",2026-08-28T02:30:14.401Z,178788421440100
"""the pho king @ gpP9uUffpu"" calls 20",2026-08-28T02:30:13.378Z,178788421337800
"""LingWae @ FQN9hzhzP_"" posts a big blind of 20",2026-08-28T02:30:12.567Z,178788421256705
"""the pho king @ gpP9uUffpu"" posts a small blind of 10",2026-08-28T02:30:12.567Z,178788421256704
"Your hand is 10♠, 2♣",2026-08-28T02:30:12.567Z,178788421256703
"Player stacks: #1 ""LingWae @ FQN9hzhzP_"" (3987) | #10 ""the pho king @ gpP9uUffpu"" (1013)",2026-08-28T02:30:12.567Z,178788421256701
"-- starting hand #196 (id: tubg0drcnqih)  No Limit Texas Hold'em (dealer: ""the pho king @ gpP9uUffpu"") --",2026-08-28T02:30:12.567Z,178788421256700
"""LingWae @ FQN9hzhzP_"" shows a A♦, K♠.",2026-08-28T02:30:06.965Z,178788420696500
"Undealt cards:  [J♦, 9♣, 4♦, 10♣, 9♠]",2026-08-28T02:30:06.292Z,178788420629200
"""the pho king @ gpP9uUffpu"" shows a J♠, 4♠.",2026-08-28T02:30:05.524Z,178788420552400
"-- ending hand #195 --",2026-08-28T02:30:05.193Z,178788420519302
"""LingWae @ FQN9hzhzP_"" collected 40 from pot",2026-08-28T02:30:05.193Z,178788420519301
"Uncalled bet of 100 returned to ""LingWae @ FQN9hzhzP_""",2026-08-28T02:30:05.193Z,178788420519300
"""the pho king @ gpP9uUffpu"" folds",2026-08-28T02:30:04.360Z,178788420436000
"""LingWae @ FQN9hzhzP_"" raises to 120",2026-08-28T02:30:03.365Z,178788420336500
"""the pho king @ gpP9uUffpu"" posts a big blind of 20",2026-08-28T02:29:58.837Z,178788419883705
"""LingWae @ FQN9hzhzP_"" posts a small blind of 10",2026-08-28T02:29:58.837Z,178788419883704
"Your hand is J♠, 4♠",2026-08-28T02:29:58.837Z,178788419883703
"Player stacks: #1 ""LingWae @ FQN9hzhzP_"" (3967) | #10 ""the pho king @ gpP9uUffpu"" (1033)",2026-08-28T02:29:58.837Z,178788419883701
"-- starting hand #195 (id: nxpltlid8lar)  No Limit Texas Hold'em (dealer: ""LingWae @ FQN9hzhzP_"") --",2026-08-28T02:29:58.837Z,178788419883700
"""the pho king @ gpP9uUffpu"" shows a 3♣.",2026-08-28T02:29:54.711Z,178788419471100
"""LingWae @ FQN9hzhzP_"" shows a 7♥, 5♦.",2026-08-28T02:29:53.133Z,178788419313300
"Undealt cards: 5♥, Q♥, 3♥ [8♠, 5♣]",2026-08-28T02:29:51.691Z,178788419169100
"-- ending hand #194 --",2026-08-28T02:29:51.490Z,178788419149002
"""LingWae @ FQN9hzhzP_"" collected 40 from pot",2026-08-28T02:29:51.490Z,178788419149001
"Uncalled bet of 20 returned to ""LingWae @ FQN9hzhzP_""",2026-08-28T02:29:51.490Z,178788419149000
"""the pho king @ gpP9uUffpu"" folds",2026-08-28T02:29:50.664Z,178788419066400
"""LingWae @ FQN9hzhzP_"" bets 20",2026-08-28T02:29:49.692Z,178788418969200
"Flop:  [5♥, Q♥, 3♥]",2026-08-28T02:29:46.866Z,178788418686600
"""LingWae @ FQN9hzhzP_"" checks",2026-08-28T02:29:46.058Z,178788418605800
"""the pho king @ gpP9uUffpu"" calls 20",2026-08-28T02:29:44.089Z,178788418408900
"""LingWae @ FQN9hzhzP_"" posts a big blind of 20",2026-08-28T02:29:43.265Z,178788418326505
"""the pho king @ gpP9uUffpu"" posts a small blind of 10",2026-08-28T02:29:43.265Z,178788418326504
"Player stacks: #1 ""LingWae @ FQN9hzhzP_"" (3947) | #10 ""the pho king @ gpP9uUffpu"" (1053)",2026-08-28T02:29:43.265Z,178788418326501
"-- starting hand #194 (id: dx2rlsmgojmr)  No Limit Texas Hold'em (dealer: ""the pho king @ gpP9uUffpu"") --",2026-08-28T02:29:43.265Z,178788418326500
"Undealt cards:  [8♠, 10♦, 6♦, J♠, 10♣]",2026-08-28T02:29:37.077Z,178788417707700
"""LingWae @ FQN9hzhzP_"" shows a Q♥, A♦.",2026-08-28T02:29:36.589Z,178788417658900
"""the pho king @ gpP9uUffpu"" shows a 7♣, J♥.",2026-08-28T02:29:36.229Z,178788417622900
"-- ending hand #193 --",2026-08-28T02:29:35.947Z,178788417594702
"""LingWae @ FQN9hzhzP_"" collected 40 from pot",2026-08-28T02:29:35.947Z,178788417594701
"Uncalled bet of 100 returned to ""LingWae @ FQN9hzhzP_""",2026-08-28T02:29:35.947Z,178788417594700
"""the pho king @ gpP9uUffpu"" folds",2026-08-28T02:29:35.088Z,178788417508800
"""LingWae @ FQN9hzhzP_"" raises to 120",2026-08-28T02:29:33.987Z,178788417398700
"""the pho king @ gpP9uUffpu"" posts a big blind of 20",2026-08-28T02:29:28.150Z,178788416815005
"""LingWae @ FQN9hzhzP_"" posts a small blind of 10",2026-08-28T02:29:28.150Z,178788416815004
"Your hand is 7♣, J♥",2026-08-28T02:29:28.150Z,178788416815003
"Player stacks: #1 ""LingWae @ FQN9hzhzP_"" (3927) | #10 ""the pho king @ gpP9uUffpu"" (1073)",2026-08-28T02:29:28.150Z,178788416815001
"-- starting hand #193 (id: ndpshhankat1)  No Limit Texas Hold'em (dealer: ""LingWae @ FQN9hzhzP_"") --",2026-08-28T02:29:28.150Z,178788416815000
"""the pho king @ gpP9uUffpu"" shows a 9♣, 8♠.",2026-08-28T02:29:26.014Z,178788416601400
"""LingWae @ FQN9hzhzP_"" shows a A♦, 10♦.",2026-08-28T02:29:22.237Z,178788416223700
"Undealt cards: A♥, K♦, Q♥ [7♦, 4♠]",2026-08-28T02:29:21.179Z,178788416117900
"-- ending hand #192 --",2026-08-28T02:29:20.796Z,178788416079602
"""LingWae @ FQN9hzhzP_"" collected 360 from pot",2026-08-28T02:29:20.796Z,178788416079601
"Uncalled bet of 120 returned to ""LingWae @ FQN9hzhzP_""",2026-08-28T02:29:20.796Z,178788416079600
"""the pho king @ gpP9uUffpu"" folds",2026-08-28T02:29:19.992Z,178788415999200
"""LingWae @ FQN9hzhzP_"" bets 120",2026-08-28T02:29:17.926Z,178788415792600
"Flop:  [A♥, K♦, Q♥]",2026-08-28T02:29:13.131Z,178788415313100
"""the pho king @ gpP9uUffpu"" calls 180",2026-08-28T02:29:12.216Z,178788415221600
"""LingWae @ FQN9hzhzP_"" raises to 180",2026-08-28T02:29:11.194Z,178788415119400
"""the pho king @ gpP9uUffpu"" raises to 60",2026-08-28T02:29:08.599Z,178788414859900
"""LingWae @ FQN9hzhzP_"" posts a big blind of 20",2026-08-28T02:29:06.321Z,178788414632105
"""the pho king @ gpP9uUffpu"" posts a small blind of 10",2026-08-28T02:29:06.321Z,178788414632104
"Your hand is 9♣, 8♠",2026-08-28T02:29:06.321Z,178788414632103
"Player stacks: #1 ""LingWae @ FQN9hzhzP_"" (3747) | #10 ""the pho king @ gpP9uUffpu"" (1253)",2026-08-28T02:29:06.321Z,178788414632101
"-- starting hand #192 (id: kyk3ien7chzc)  No Limit Texas Hold'em (dealer: ""the pho king @ gpP9uUffpu"") --",2026-08-28T02:29:06.321Z,178788414632100
"""the pho king @ gpP9uUffpu"" collected 100 from the 7-2 bounty",2026-08-28T02:29:03.389Z,178788414338901
"""LingWae @ FQN9hzhzP_"" paid 100 for the 7-2 bounty to ""the pho king @ gpP9uUffpu""",2026-08-28T02:29:03.389Z,178788414338900
"""LingWae @ FQN9hzhzP_"" shows a 4♠, 7♣.",2026-08-28T02:29:00.173Z,178788414017300
"Undealt cards:  [2♠, J♥, Q♠, 9♣, 4♣]",2026-08-28T02:28:56.951Z,178788413695100
"""the pho king @ gpP9uUffpu"" shows a 7♦, 2♥.",2026-08-28T02:28:56.444Z,178788413644400
"-- ending hand #191 --",2026-08-28T02:28:56.067Z,178788413606702
"""the pho king @ gpP9uUffpu"" collected 20 from pot",2026-08-28T02:28:56.067Z,178788413606701
"Uncalled bet of 10 returned to ""the pho king @ gpP9uUffpu""",2026-08-28T02:28:56.067Z,178788413606700
"""LingWae @ FQN9hzhzP_"" folds",2026-08-28T02:28:55.171Z,178788413517100
"""the pho king @ gpP9uUffpu"" posts a big blind of 20",2026-08-28T02:28:52.698Z,178788413269805
"""LingWae @ FQN9hzhzP_"" posts a small blind of 10",2026-08-28T02:28:52.698Z,178788413269804
"Your hand is 7♦, 2♥",2026-08-28T02:28:52.698Z,178788413269803
"Player stacks: #1 ""LingWae @ FQN9hzhzP_"" (3857) | #10 ""the pho king @ gpP9uUffpu"" (1143)",2026-08-28T02:28:52.698Z,178788413269801
"-- starting hand #191 (id: dgfnwro4ehp9)  No Limit Texas Hold'em (dealer: ""LingWae @ FQN9hzhzP_"") --",2026-08-28T02:28:52.698Z,178788413269800
"""LingWae @ FQN9hzhzP_"" shows a A♠, 8♥.",2026-08-28T02:28:50.008Z,178788413000800
"Undealt cards: J♦, 10♦, 3♣, 5♣ [5♠]",2026-08-28T02:28:46.371Z,178788412637100
"-- ending hand #190 --",2026-08-28T02:28:46.064Z,178788412606402
"""the pho king @ gpP9uUffpu"" collected 280 from pot",2026-08-28T02:28:46.064Z,178788412606401
"Uncalled bet of 60 returned to ""the pho king @ gpP9uUffpu""",2026-08-28T02:28:46.064Z,178788412606400
"""LingWae @ FQN9hzhzP_"" folds",2026-08-28T02:28:45.225Z,178788412522500
"""the pho king @ gpP9uUffpu"" raises to 80",2026-08-28T02:28:44.068Z,178788412406800
"""LingWae @ FQN9hzhzP_"" bets 20",2026-08-28T02:28:42.111Z,178788412211100
"Turn: J♦, 10♦, 3♣ [5♣]",2026-08-28T02:28:40.859Z,178788412085900
"""the pho king @ gpP9uUffpu"" checks",2026-08-28T02:28:40.047Z,178788412004700
"""LingWae @ FQN9hzhzP_"" checks",2026-08-28T02:28:38.757Z,178788411875700
"Flop:  [J♦, 10♦, 3♣]",2026-08-28T02:28:36.854Z,178788411685400
"""the pho king @ gpP9uUffpu"" calls 120",2026-08-28T02:28:36.046Z,178788411604600
"""LingWae @ FQN9hzhzP_"" raises to 120",2026-08-28T02:28:35.045Z,178788411504500
"""the pho king @ gpP9uUffpu"" raises to 60",2026-08-28T02:28:31.012Z,178788411101200
"""LingWae @ FQN9hzhzP_"" posts a big blind of 20",2026-08-28T02:28:29.450Z,178788410945005
"""the pho king @ gpP9uUffpu"" posts a small blind of 10",2026-08-28T02:28:29.450Z,178788410945004
"Player stacks: #1 ""LingWae @ FQN9hzhzP_"" (3997) | #10 ""the pho king @ gpP9uUffpu"" (1003)",2026-08-28T02:28:29.450Z,178788410945001
"-- starting hand #190 (id: ey21mu6v24sd)  No Limit Texas Hold'em (dealer: ""the pho king @ gpP9uUffpu"") --",2026-08-28T02:28:29.450Z,178788410945000
"""the pho king @ gpP9uUffpu"" shows a 9♦, 4♥.",2026-08-28T02:28:27.704Z,178788410770400
"""LingWae @ FQN9hzhzP_"" shows a A♥, 10♦.",2026-08-28T02:28:25.931Z,178788410593100
"Undealt cards: 2♥, 6♥, 8♦ [2♠, 5♠]",2026-08-28T02:28:22.813Z,178788410281300
"-- ending hand #189 --",2026-08-28T02:28:22.142Z,178788410214202
"""LingWae @ FQN9hzhzP_"" collected 80 from pot",2026-08-28T02:28:22.142Z,178788410214201
"Uncalled bet of 20 returned to ""LingWae @ FQN9hzhzP_""",2026-08-28T02:28:22.142Z,178788410214200
"""the pho king @ gpP9uUffpu"" folds",2026-08-28T02:28:21.330Z,178788410133000
"""LingWae @ FQN9hzhzP_"" bets 20",2026-08-28T02:28:20.115Z,178788410011500
"""the pho king @ gpP9uUffpu"" checks",2026-08-28T02:28:17.732Z,178788409773200
"Flop:  [2♥, 6♥, 8♦]",2026-08-28T02:28:16.032Z,178788409603200
"""the pho king @ gpP9uUffpu"" calls 40",2026-08-28T02:28:15.224Z,178788409522400
"""LingWae @ FQN9hzhzP_"" raises to 40",2026-08-28T02:28:14.125Z,178788409412500
"""the pho king @ gpP9uUffpu"" posts a big blind of 20",2026-08-28T02:28:11.537Z,178788409153705
"""LingWae @ FQN9hzhzP_"" posts a small blind of 10",2026-08-28T02:28:11.537Z,178788409153704
"Your hand is 9♦, 4♥",2026-08-28T02:28:11.537Z,178788409153703
"Player stacks: #1 ""LingWae @ FQN9hzhzP_"" (3957) | #10 ""the pho king @ gpP9uUffpu"" (1043)",2026-08-28T02:28:11.537Z,178788409153701
"-- starting hand #189 (id: fcvuuzitnlfx)  No Limit Texas Hold'em (dealer: ""LingWae @ FQN9hzhzP_"") --",2026-08-28T02:28:11.537Z,178788409153700
"""LingWae @ FQN9hzhzP_"" shows a Q♥, 10♣.",2026-08-28T02:28:10.174Z,178788409017400
"-- ending hand #188 --",2026-08-28T02:28:07.931Z,178788408793102
"""the pho king @ gpP9uUffpu"" collected 160 from pot",2026-08-28T02:28:07.931Z,178788408793101
"Uncalled bet of 883 returned to ""the pho king @ gpP9uUffpu""",2026-08-28T02:28:07.931Z,178788408793100
"""LingWae @ FQN9hzhzP_"" folds",2026-08-28T02:28:07.117Z,178788408711700
"""the pho king @ gpP9uUffpu"" bets 883 and go all in",2026-08-28T02:27:54.483Z,178788407448300
"""LingWae @ FQN9hzhzP_"" checks",2026-08-28T02:27:52.119Z,178788407211900
"River: 9♠, 9♥, 7♣, 7♥ [9♦]",2026-08-28T02:27:50.889Z,178788407088900
"""the pho king @ gpP9uUffpu"" calls 20",2026-08-28T02:27:50.059Z,178788407005900
"""LingWae @ FQN9hzhzP_"" bets 20",2026-08-28T02:27:49.108Z,178788406910800
"Turn: 9♠, 9♥, 7♣ [7♥]",2026-08-28T02:27:48.228Z,178788406822800
"""the pho king @ gpP9uUffpu"" calls 20",2026-08-28T02:27:47.418Z,178788406741800
"""LingWae @ FQN9hzhzP_"" bets 20",2026-08-28T02:27:46.321Z,178788406632100
"Flop:  [9♠, 9♥, 7♣]",2026-08-28T02:27:43.626Z,178788406362600
"""LingWae @ FQN9hzhzP_"" calls 40",2026-08-28T02:27:42.799Z,178788406279900
"""the pho king @ gpP9uUffpu"" raises to 40",2026-08-28T02:27:41.390Z,178788406139000
"""LingWae @ FQN9hzhzP_"" posts a big blind of 20",2026-08-28T02:27:39.629Z,178788405962905
"""the pho king @ gpP9uUffpu"" posts a small blind of 10",2026-08-28T02:27:39.629Z,178788405962904
"Player stacks: #1 ""LingWae @ FQN9hzhzP_"" (4037) | #10 ""the pho king @ gpP9uUffpu"" (963)",2026-08-28T02:27:39.629Z,178788405962901
"-- starting hand #188 (id: evyhm2to3ppv)  No Limit Texas Hold'em (dealer: ""the pho king @ gpP9uUffpu"") --",2026-08-28T02:27:39.629Z,178788405962900
"-- ending hand #187 --",2026-08-28T02:27:33.621Z,178788405362103
"""LingWae @ FQN9hzhzP_"" collected 174 from pot with Two Pair, 8's & 4's (combination: 7♣, 4♦, 4♣, 8♠, 8♦)",2026-08-28T02:27:33.621Z,178788405362102
"""LingWae @ FQN9hzhzP_"" shows a 6♣, 8♠.",2026-08-28T02:27:33.621Z,178788405362101
"""the pho king @ gpP9uUffpu"" shows a 9♠, 6♦.",2026-08-28T02:27:33.621Z,178788405362100
"""LingWae @ FQN9hzhzP_"" checks",2026-08-28T02:27:32.764Z,178788405276400
"""the pho king @ gpP9uUffpu"" checks",2026-08-28T02:27:31.863Z,178788405186300
"River: 8♦, 4♦, 7♣, 4♣ [2♦]",2026-08-28T02:27:31.020Z,178788405102000
"""the pho king @ gpP9uUffpu"" calls 67",2026-08-28T02:27:30.207Z,178788405020700
"""LingWae @ FQN9hzhzP_"" raises to 67",2026-08-28T02:27:29.102Z,178788404910200
"""the pho king @ gpP9uUffpu"" bets 20",2026-08-28T02:27:26.687Z,178788404668700
"Turn: 8♦, 4♦, 7♣ [4♣]",2026-08-28T02:27:25.598Z,178788404559800
"""LingWae @ FQN9hzhzP_"" checks",2026-08-28T02:27:24.780Z,178788404478000
"""the pho king @ gpP9uUffpu"" checks",2026-08-28T02:27:22.148Z,178788404214800
"Flop:  [8♦, 4♦, 7♣]",2026-08-28T02:27:20.195Z,178788404019500
"""the pho king @ gpP9uUffpu"" checks",2026-08-28T02:27:19.383Z,178788403938300
"""LingWae @ FQN9hzhzP_"" calls 20",2026-08-28T02:27:18.468Z,178788403846800
"""the pho king @ gpP9uUffpu"" posts a big blind of 20",2026-08-28T02:27:16.787Z,178788403678705
"""LingWae @ FQN9hzhzP_"" posts a small blind of 10",2026-08-28T02:27:16.787Z,178788403678704
"Your hand is 9♠, 6♦",2026-08-28T02:27:16.787Z,178788403678703
"Player stacks: #1 ""LingWae @ FQN9hzhzP_"" (3950) | #10 ""the pho king @ gpP9uUffpu"" (1050)",2026-08-28T02:27:16.787Z,178788403678701
"-- starting hand #187 (id: lmjlsoksg0eh)  No Limit Texas Hold'em (dealer: ""LingWae @ FQN9hzhzP_"") --",2026-08-28T02:27:16.787Z,178788403678700
"""the pho king @ gpP9uUffpu"" shows a 10♣, 7♦.",2026-08-28T02:27:11.608Z,178788403160800
"""LingWae @ FQN9hzhzP_"" shows a 10♠, Q♠.",2026-08-28T02:27:10.574Z,178788403057400
"Undealt cards:  [2♣, 8♥, 10♦, 3♠, 4♣]",2026-08-28T02:27:09.740Z,178788402974000
"-- ending hand #186 --",2026-08-28T02:27:09.451Z,178788402945102
"""LingWae @ FQN9hzhzP_"" collected 40 from pot",2026-08-28T02:27:09.451Z,178788402945101
"Uncalled bet of 100 returned to ""LingWae @ FQN9hzhzP_""",2026-08-28T02:27:09.451Z,178788402945100
"""the pho king @ gpP9uUffpu"" folds",2026-08-28T02:27:08.592Z,178788402859200
"""LingWae @ FQN9hzhzP_"" raises to 120",2026-08-28T02:27:07.246Z,178788402724600
"""the pho king @ gpP9uUffpu"" calls 20",2026-08-28T02:27:04.564Z,178788402456400
"""LingWae @ FQN9hzhzP_"" posts a big blind of 20",2026-08-28T02:27:03.447Z,178788402344705
"""the pho king @ gpP9uUffpu"" posts a small blind of 10",2026-08-28T02:27:03.447Z,178788402344704
"Your hand is 10♣, 7♦",2026-08-28T02:27:03.447Z,178788402344703
"Player stacks: #1 ""LingWae @ FQN9hzhzP_"" (3930) | #10 ""the pho king @ gpP9uUffpu"" (1070)",2026-08-28T02:27:03.447Z,178788402344701
"-- starting hand #186 (id: cffprvwznivs)  No Limit Texas Hold'em (dealer: ""the pho king @ gpP9uUffpu"") --",2026-08-28T02:27:03.447Z,178788402344700
"""the pho king @ gpP9uUffpu"" shows a 2♦.",2026-08-28T02:26:58.906Z,178788401890600
"""LingWae @ FQN9hzhzP_"" shows a 3♦.",2026-08-28T02:26:57.017Z,178788401701700
"Undealt cards: 7♦, 3♣, A♠ [A♦, 2♠]",2026-08-28T02:26:56.362Z,178788401636200
"-- ending hand #185 --",2026-08-28T02:26:56.083Z,178788401608302
"""LingWae @ FQN9hzhzP_"" collected 40 from pot",2026-08-28T02:26:56.083Z,178788401608301
"Uncalled bet of 20 returned to ""LingWae @ FQN9hzhzP_""",2026-08-28T02:26:56.083Z,178788401608300
"""the pho king @ gpP9uUffpu"" folds",2026-08-28T02:26:55.281Z,178788401528100
"""LingWae @ FQN9hzhzP_"" bets 20",2026-08-28T02:26:54.361Z,178788401436100
"""the pho king @ gpP9uUffpu"" checks",2026-08-28T02:26:51.691Z,178788401169100
"Flop:  [7♦, 3♣, A♠]",2026-08-28T02:26:50.619Z,178788401061900
"""the pho king @ gpP9uUffpu"" checks",2026-08-28T02:26:49.797Z,178788400979700
"""LingWae @ FQN9hzhzP_"" calls 20",2026-08-28T02:26:48.435Z,178788400843500
"""the pho king @ gpP9uUffpu"" posts a big blind of 20",2026-08-28T02:26:46.881Z,178788400688105
"""LingWae @ FQN9hzhzP_"" posts a small blind of 10",2026-08-28T02:26:46.881Z,178788400688104
"Player stacks: #1 ""LingWae @ FQN9hzhzP_"" (3910) | #10 ""the pho king @ gpP9uUffpu"" (1090)",2026-08-28T02:26:46.881Z,178788400688101
"-- starting hand #185 (id: hlqvjevafd2j)  No Limit Texas Hold'em (dealer: ""LingWae @ FQN9hzhzP_"") --",2026-08-28T02:26:46.881Z,178788400688100
"""the pho king @ gpP9uUffpu"" shows a 7♥, 4♠.",2026-08-28T02:26:41.711Z,178788400171100
"Undealt cards: 3♣, 5♠, 2♦, 6♦ [Q♣]",2026-08-28T02:26:40.623Z,178788400062300
"-- ending hand #184 --",2026-08-28T02:26:40.272Z,178788400027202
"""the pho king @ gpP9uUffpu"" collected 120 from pot",2026-08-28T02:26:40.272Z,178788400027201
"Uncalled bet of 20 returned to ""the pho king @ gpP9uUffpu""",2026-08-28T02:26:40.272Z,178788400027200
"""LingWae @ FQN9hzhzP_"" folds",2026-08-28T02:26:39.455Z,178788399945500
"""the pho king @ gpP9uUffpu"" bets 20",2026-08-28T02:26:37.919Z,178788399791900
"""LingWae @ FQN9hzhzP_"" checks",2026-08-28T02:26:36.433Z,178788399643300
"Turn: 3♣, 5♠, 2♦ [6♦]",2026-08-28T02:26:34.980Z,178788399498000
"""LingWae @ FQN9hzhzP_"" calls 20",2026-08-28T02:26:34.176Z,178788399417600
"""the pho king @ gpP9uUffpu"" bets 20",2026-08-28T02:26:33.190Z,178788399319000
"""LingWae @ FQN9hzhzP_"" checks",2026-08-28T02:26:31.573Z,178788399157300
"Flop:  [3♣, 5♠, 2♦]",2026-08-28T02:26:29.956Z,178788398995600
"""LingWae @ FQN9hzhzP_"" calls 40",2026-08-28T02:26:29.151Z,178788398915100
"""the pho king @ gpP9uUffpu"" raises to 40",2026-08-28T02:26:28.203Z,178788398820300
"""LingWae @ FQN9hzhzP_"" posts a big blind of 20",2026-08-28T02:26:27.175Z,178788398717505
"""the pho king @ gpP9uUffpu"" posts a small blind of 10",2026-08-28T02:26:27.175Z,178788398717504
"Your hand is 7♥, 4♠",2026-08-28T02:26:27.175Z,178788398717503
"Player stacks: #1 ""LingWae @ FQN9hzhzP_"" (3970) | #10 ""the pho king @ gpP9uUffpu"" (1030)",2026-08-28T02:26:27.175Z,178788398717501
"-- starting hand #184 (id: knzpoxufah66)  No Limit Texas Hold'em (dealer: ""the pho king @ gpP9uUffpu"") --",2026-08-28T02:26:27.175Z,178788398717500
"""LingWae @ FQN9hzhzP_"" shows a 3♣.",2026-08-28T02:26:24.397Z,178788398439700
"Undealt cards:  [5♦, A♥, 9♦, 10♣, 6♣]",2026-08-28T02:26:21.030Z,178788398103000
"-- ending hand #183 --",2026-08-28T02:26:20.559Z,178788398055902
"""the pho king @ gpP9uUffpu"" collected 20 from pot",2026-08-28T02:26:20.559Z,178788398055901
"Uncalled bet of 10 returned to ""the pho king @ gpP9uUffpu""",2026-08-28T02:26:20.559Z,178788398055900
"""LingWae @ FQN9hzhzP_"" folds",2026-08-28T02:26:19.751Z,178788397975100
"""the pho king @ gpP9uUffpu"" posts a big blind of 20",2026-08-28T02:26:18.355Z,178788397835505
"""LingWae @ FQN9hzhzP_"" posts a small blind of 10",2026-08-28T02:26:18.355Z,178788397835504
"Player stacks: #1 ""LingWae @ FQN9hzhzP_"" (3980) | #10 ""the pho king @ gpP9uUffpu"" (1020)",2026-08-28T02:26:18.355Z,178788397835501
"-- starting hand #183 (id: p6ly3ls6bxhx)  No Limit Texas Hold'em (dealer: ""LingWae @ FQN9hzhzP_"") --",2026-08-28T02:26:18.355Z,178788397835500
"""LingWae @ FQN9hzhzP_"" shows a 2♣, J♠.",2026-08-28T02:26:13.633Z,178788397363300
"Undealt cards: 8♦, 10♦, 3♦ [9♣, 10♥]",2026-08-28T02:26:11.934Z,178788397193400
"-- ending hand #182 --",2026-08-28T02:26:11.751Z,178788397175102
"""the pho king @ gpP9uUffpu"" collected 120 from pot",2026-08-28T02:26:11.751Z,178788397175101
"Uncalled bet of 60 returned to ""the pho king @ gpP9uUffpu""",2026-08-28T02:26:11.751Z,178788397175100
"""LingWae @ FQN9hzhzP_"" folds",2026-08-28T02:26:10.930Z,178788397093000
"""the pho king @ gpP9uUffpu"" bets 60",2026-08-28T02:26:10.010Z,178788397001000
"""LingWae @ FQN9hzhzP_"" checks",2026-08-28T02:26:08.159Z,178788396815900
"Flop:  [8♦, 10♦, 3♦]",2026-08-28T02:26:05.965Z,178788396596500
"""LingWae @ FQN9hzhzP_"" calls 60",2026-08-28T02:26:05.150Z,178788396515000
"""the pho king @ gpP9uUffpu"" raises to 60",2026-08-28T02:25:56.646Z,178788395664600
"""LingWae @ FQN9hzhzP_"" posts a big blind of 20",2026-08-28T02:25:54.879Z,178788395487905
"""the pho king @ gpP9uUffpu"" posts a small blind of 10",2026-08-28T02:25:54.879Z,178788395487904
"Player stacks: #1 ""LingWae @ FQN9hzhzP_"" (4040) | #10 ""the pho king @ gpP9uUffpu"" (960)",2026-08-28T02:25:54.879Z,178788395487901
"-- starting hand #182 (id: b5cxgljodugh)  No Limit Texas Hold'em (dealer: ""the pho king @ gpP9uUffpu"") --",2026-08-28T02:25:54.879Z,178788395487900
"""the pho king @ gpP9uUffpu"" shows a 4♥.",2026-08-28T02:25:50.306Z,178788395030600
"""LingWae @ FQN9hzhzP_"" shows a 5♦.",2026-08-28T02:25:48.396Z,178788394839600
"Undealt cards: 5♠, 4♣, 5♣, J♣ [3♦]",2026-08-28T02:25:47.782Z,178788394778200
"-- ending hand #181 --",2026-08-28T02:25:47.575Z,178788394757502
"""LingWae @ FQN9hzhzP_"" collected 80 from pot",2026-08-28T02:25:47.575Z,178788394757501
"Uncalled bet of 50 returned to ""LingWae @ FQN9hzhzP_""",2026-08-28T02:25:47.575Z,178788394757500
"""the pho king @ gpP9uUffpu"" folds",2026-08-28T02:25:46.766Z,178788394676600
"""LingWae @ FQN9hzhzP_"" bets 50",2026-08-28T02:25:45.797Z,178788394579700
"""the pho king @ gpP9uUffpu"" checks",2026-08-28T02:25:42.417Z,178788394241700
"Turn: 5♠, 4♣, 5♣ [J♣]",2026-08-28T02:25:41.871Z,178788394187100
"""the pho king @ gpP9uUffpu"" calls 20",2026-08-28T02:25:40.983Z,178788394098300
"""LingWae @ FQN9hzhzP_"" bets 20",2026-08-28T02:25:40.046Z,178788394004600
"""the pho king @ gpP9uUffpu"" checks",2026-08-28T02:25:38.060Z,178788393806000
"Flop:  [5♠, 4♣, 5♣]",2026-08-28T02:25:36.863Z,178788393686300
"""the pho king @ gpP9uUffpu"" checks",2026-08-28T02:25:36.020Z,178788393602000
"""LingWae @ FQN9hzhzP_"" calls 20",2026-08-28T02:25:34.552Z,178788393455200
"""the pho king @ gpP9uUffpu"" posts a big blind of 20",2026-08-28T02:25:12.999Z,178788391299906
"""LingWae @ FQN9hzhzP_"" posts a small blind of 10",2026-08-28T02:25:12.999Z,178788391299905
"Player stacks: #1 ""LingWae @ FQN9hzhzP_"" (4000) | #10 ""the pho king @ gpP9uUffpu"" (1000)",2026-08-28T02:25:12.999Z,178788391299902
"-- starting hand #181 (id: hp0m1xkt9gi8)  No Limit Texas Hold'em (dealer: ""LingWae @ FQN9hzhzP_"") --",2026-08-28T02:25:12.999Z,178788391299901
"The player ""the pho king @ gpP9uUffpu"" rebought. New stack 1000.",2026-08-28T02:25:12.999Z,178788391299900
"Waiting for the game owner to approve or reject pending rebuy requests.",2026-08-28T02:25:09.008Z,178788390900801
"The player ""the pho king @ gpP9uUffpu"" requested a rebuy of 1000.",2026-08-28T02:25:09.008Z,178788390900800
"Asking to busted players the rebuy decision.",2026-08-28T02:25:03.609Z,178788390360900
"-- ending hand #180 --",2026-08-28T02:24:57.586Z,178788389758601
"""LingWae @ FQN9hzhzP_"" collected 1236 from pot with Pair, 10's (combination: 7♥, J♣, A♥, 10♠, 10♥)",2026-08-28T02:24:57.586Z,178788389758600
"River: 2♣, 7♥, 10♥, 6♦ [A♥]",2026-08-28T02:24:53.571Z,178788389357100
"Turn: 2♣, 7♥, 10♥ [6♦]",2026-08-28T02:24:49.541Z,178788388954100
"""LingWae @ FQN9hzhzP_"" shows a J♣, 10♠.",2026-08-28T02:24:45.494Z,178788388549400
"""the pho king @ gpP9uUffpu"" shows a 8♣, 4♣.",2026-08-28T02:24:45.197Z,178788388519700
"Some players choose to not run it twice.",2026-08-28T02:24:44.659Z,178788388465901
"""LingWae @ FQN9hzhzP_"" chooses to not run it twice.",2026-08-28T02:24:44.659Z,178788388465900
"""the pho king @ gpP9uUffpu"" chooses to  run it twice.",2026-08-28T02:24:43.151Z,178788388315100
"Remaining players decide whether to run it twice.",2026-08-28T02:24:42.249Z,178788388224901
"""LingWae @ FQN9hzhzP_"" calls 498",2026-08-28T02:24:42.249Z,178788388224900
"""the pho king @ gpP9uUffpu"" raises to 498 and go all in",2026-08-28T02:24:41.011Z,178788388101100
"""LingWae @ FQN9hzhzP_"" bets 120",2026-08-28T02:24:39.513Z,178788387951300
"Flop:  [2♣, 7♥, 10♥]",2026-08-28T02:24:35.490Z,178788387549000
"""the pho king @ gpP9uUffpu"" calls 120",2026-08-28T02:24:34.625Z,178788387462500
"""LingWae @ FQN9hzhzP_"" raises to 120",2026-08-28T02:24:33.214Z,178788387321400
"""the pho king @ gpP9uUffpu"" raises to 40",2026-08-28T02:24:30.866Z,178788387086600
"""LingWae @ FQN9hzhzP_"" posts a big blind of 20",2026-08-28T02:24:28.738Z,178788386873805
"""the pho king @ gpP9uUffpu"" posts a small blind of 10",2026-08-28T02:24:28.738Z,178788386873804
"Your hand is 8♣, 4♣",2026-08-28T02:24:28.738Z,178788386873803
"Player stacks: #1 ""LingWae @ FQN9hzhzP_"" (3382) | #10 ""the pho king @ gpP9uUffpu"" (618)",2026-08-28T02:24:28.738Z,178788386873801
"-- starting hand #180 (id: otnbxjgcgyww)  No Limit Texas Hold'em (dealer: ""the pho king @ gpP9uUffpu"") --",2026-08-28T02:24:28.738Z,178788386873800
"""LingWae @ FQN9hzhzP_"" shows a 3♠, 7♣.",2026-08-28T02:24:26.142Z,178788386614200
"-- ending hand #179 --",2026-08-28T02:24:25.135Z,178788386513502
"""the pho king @ gpP9uUffpu"" collected 40 from pot",2026-08-28T02:24:25.135Z,178788386513501
"Uncalled bet of 60 returned to ""the pho king @ gpP9uUffpu""",2026-08-28T02:24:25.135Z,178788386513500
"""LingWae @ FQN9hzhzP_"" folds",2026-08-28T02:24:24.302Z,178788386430200
"""the pho king @ gpP9uUffpu"" bets 60",2026-08-28T02:24:23.341Z,178788386334100
"River: K♥, 10♦, K♣, 2♥ [2♦]",2026-08-28T02:24:20.279Z,178788386027900
"""LingWae @ FQN9hzhzP_"" checks",2026-08-28T02:24:19.402Z,178788385940200
"""the pho king @ gpP9uUffpu"" checks",2026-08-28T02:24:18.098Z,178788385809800
"Turn: K♥, 10♦, K♣ [2♥]",2026-08-28T02:24:17.476Z,178788385747600
"""LingWae @ FQN9hzhzP_"" checks",2026-08-28T02:24:16.574Z,178788385657400
"""the pho king @ gpP9uUffpu"" checks",2026-08-28T02:24:15.589Z,178788385558900
"Flop:  [K♥, 10♦, K♣]",2026-08-28T02:24:10.273Z,178788385027300
"""the pho king @ gpP9uUffpu"" checks",2026-08-28T02:24:09.392Z,178788384939200
"""LingWae @ FQN9hzhzP_"" calls 20",2026-08-28T02:24:08.490Z,178788384849000
"""the pho king @ gpP9uUffpu"" posts a big blind of 20",2026-08-28T02:24:05.467Z,178788384546705
"""LingWae @ FQN9hzhzP_"" posts a small blind of 10",2026-08-28T02:24:05.467Z,178788384546704
"Player stacks: #1 ""LingWae @ FQN9hzhzP_"" (3402) | #10 ""the pho king @ gpP9uUffpu"" (598)",2026-08-28T02:24:05.467Z,178788384546701
"-- starting hand #179 (id: gfbwdna3rm79)  No Limit Texas Hold'em (dealer: ""LingWae @ FQN9hzhzP_"") --",2026-08-28T02:24:05.467Z,178788384546700
"""the pho king @ gpP9uUffpu"" shows a K♦, 6♥.",2026-08-28T02:24:00.078Z,178788384007800
"""LingWae @ FQN9hzhzP_"" shows a A♣, 3♣.",2026-08-28T02:23:59.670Z,178788383967000
"Undealt cards:  [2♣, Q♦, 6♣, 10♦, 10♠]",2026-08-28T02:23:58.390Z,178788383839000
"-- ending hand #178 --",2026-08-28T02:23:58.066Z,178788383806602
"""LingWae @ FQN9hzhzP_"" collected 40 from pot",2026-08-28T02:23:58.066Z,178788383806601
"Uncalled bet of 100 returned to ""LingWae @ FQN9hzhzP_""",2026-08-28T02:23:58.066Z,178788383806600
"""the pho king @ gpP9uUffpu"" folds",2026-08-28T02:23:57.261Z,178788383726100
"""LingWae @ FQN9hzhzP_"" raises to 120",2026-08-28T02:23:56.232Z,178788383623200
"""the pho king @ gpP9uUffpu"" calls 20",2026-08-28T02:23:53.146Z,178788383314600
"""LingWae @ FQN9hzhzP_"" posts a big blind of 20",2026-08-28T02:23:50.383Z,178788383038305
"""the pho king @ gpP9uUffpu"" posts a small blind of 10",2026-08-28T02:23:50.383Z,178788383038304
"Your hand is K♦, 6♥",2026-08-28T02:23:50.383Z,178788383038303
"Player stacks: #1 ""LingWae @ FQN9hzhzP_"" (3382) | #10 ""the pho king @ gpP9uUffpu"" (618)",2026-08-28T02:23:50.383Z,178788383038301
"-- starting hand #178 (id: 6d7scpuatzoz)  No Limit Texas Hold'em (dealer: ""the pho king @ gpP9uUffpu"") --",2026-08-28T02:23:50.383Z,178788383038300
"""LingWae @ FQN9hzhzP_"" shows a 7♣, 3♣.",2026-08-28T02:23:45.722Z,178788382572200
"-- ending hand #177 --",2026-08-28T02:23:43.843Z,178788382384302
"""the pho king @ gpP9uUffpu"" collected 80 from pot with Pair, Q's (combination: 5♠, 6♥, A♠, Q♣, Q♠)",2026-08-28T02:23:43.843Z,178788382384301
"""the pho king @ gpP9uUffpu"" shows a 4♣, A♠.",2026-08-28T02:23:43.843Z,178788382384300
"""LingWae @ FQN9hzhzP_"" calls 20",2026-08-28T02:23:43.041Z,178788382304100
"""the pho king @ gpP9uUffpu"" bets 20",2026-08-28T02:23:41.634Z,178788382163400
"River: Q♣, 5♠, 6♥, 2♥ [Q♠]",2026-08-28T02:23:40.601Z,178788382060100
"""LingWae @ FQN9hzhzP_"" checks",2026-08-28T02:23:39.789Z,178788381978900
"""the pho king @ gpP9uUffpu"" checks",2026-08-28T02:23:38.790Z,178788381879000
"Turn: Q♣, 5♠, 6♥ [2♥]",2026-08-28T02:23:38.166Z,178788381816600
"""LingWae @ FQN9hzhzP_"" checks",2026-08-28T02:23:37.278Z,178788381727800
"""the pho king @ gpP9uUffpu"" checks",2026-08-28T02:23:35.882Z,178788381588200
"Flop:  [Q♣, 5♠, 6♥]",2026-08-28T02:23:34.999Z,178788381499900
"""the pho king @ gpP9uUffpu"" checks",2026-08-28T02:23:34.193Z,178788381419300
"""LingWae @ FQN9hzhzP_"" calls 20",2026-08-28T02:23:32.917Z,178788381291700
"""the pho king @ gpP9uUffpu"" posts a big blind of 20",2026-08-28T02:23:28.759Z,178788380875905
"""LingWae @ FQN9hzhzP_"" posts a small blind of 10",2026-08-28T02:23:28.759Z,178788380875904
"Your hand is 4♣, A♠",2026-08-28T02:23:28.759Z,178788380875903
"Player stacks: #1 ""LingWae @ FQN9hzhzP_"" (3422) | #10 ""the pho king @ gpP9uUffpu"" (578)",2026-08-28T02:23:28.759Z,178788380875901
"-- starting hand #177 (id: re10we40boah)  No Limit Texas Hold'em (dealer: ""LingWae @ FQN9hzhzP_"") --",2026-08-28T02:23:28.759Z,178788380875900
"-- ending hand #176 --",2026-08-28T02:23:22.750Z,178788380275003
"""LingWae @ FQN9hzhzP_"" collected 300 from pot with Two Pair, A's & 5's (combination: 9♦, 5♠, 5♣, A♣, A♥)",2026-08-28T02:23:22.750Z,178788380275002
"""LingWae @ FQN9hzhzP_"" shows a 5♠, 2♠.",2026-08-28T02:23:22.750Z,178788380275001
"""the pho king @ gpP9uUffpu"" shows a 3♦, 10♦.",2026-08-28T02:23:22.750Z,178788380275000
"""LingWae @ FQN9hzhzP_"" calls 90",2026-08-28T02:23:21.887Z,178788380188700
"""the pho king @ gpP9uUffpu"" bets 90",2026-08-28T02:23:20.976Z,178788380097600
"""LingWae @ FQN9hzhzP_"" checks",2026-08-28T02:23:18.976Z,178788379897600
"River: 5♣, 8♠, 9♦, A♣ [A♥]",2026-08-28T02:23:17.751Z,178788379775100
"""the pho king @ gpP9uUffpu"" checks",2026-08-28T02:23:16.843Z,178788379684300
"""LingWae @ FQN9hzhzP_"" checks",2026-08-28T02:23:15.930Z,178788379593000
"Turn: 5♣, 8♠, 9♦ [A♣]",2026-08-28T02:23:14.760Z,178788379476000
"""the pho king @ gpP9uUffpu"" calls 20",2026-08-28T02:23:13.951Z,178788379395100
"""LingWae @ FQN9hzhzP_"" bets 20",2026-08-28T02:23:12.988Z,178788379298800
"Flop:  [5♣, 8♠, 9♦]",2026-08-28T02:23:09.341Z,178788378934100
"""LingWae @ FQN9hzhzP_"" calls 40",2026-08-28T02:23:08.468Z,178788378846800
"""the pho king @ gpP9uUffpu"" raises to 40",2026-08-28T02:23:07.537Z,178788378753700
"""LingWae @ FQN9hzhzP_"" posts a big blind of 20",2026-08-28T02:23:05.536Z,178788378553605
"""the pho king @ gpP9uUffpu"" posts a small blind of 10",2026-08-28T02:23:05.536Z,178788378553604
"Your hand is 3♦, 10♦",2026-08-28T02:23:05.536Z,178788378553603
"Player stacks: #1 ""LingWae @ FQN9hzhzP_"" (3272) | #10 ""the pho king @ gpP9uUffpu"" (728)",2026-08-28T02:23:05.536Z,178788378553601
"-- starting hand #176 (id: iqmdrwsftz61)  No Limit Texas Hold'em (dealer: ""the pho king @ gpP9uUffpu"") --",2026-08-28T02:23:05.536Z,178788378553600
"-- ending hand #175 --",2026-08-28T02:22:59.483Z,178788377948303
"""LingWae @ FQN9hzhzP_"" collected 80 from pot with Pair, 3's (combination: 9♠, Q♣, K♣, 3♥, 3♠)",2026-08-28T02:22:59.483Z,178788377948302
"""LingWae @ FQN9hzhzP_"" shows a K♣, 3♥.",2026-08-28T02:22:59.483Z,178788377948301
"""the pho king @ gpP9uUffpu"" shows a 8♥, 3♣.",2026-08-28T02:22:59.483Z,178788377948300
"""LingWae @ FQN9hzhzP_"" checks",2026-08-28T02:22:58.641Z,178788377864100
"""the pho king @ gpP9uUffpu"" checks",2026-08-28T02:22:57.325Z,178788377732500
"River: 7♦, 5♣, 3♠, Q♣ [9♠]",2026-08-28T02:22:57.079Z,178788377707900
"""LingWae @ FQN9hzhzP_"" checks",2026-08-28T02:22:56.200Z,178788377620000
"""the pho king @ gpP9uUffpu"" checks",2026-08-28T02:22:55.210Z,178788377521000
"Turn: 7♦, 5♣, 3♠ [Q♣]",2026-08-28T02:22:54.675Z,178788377467500
"""the pho king @ gpP9uUffpu"" calls 20",2026-08-28T02:22:53.835Z,178788377383500
"""LingWae @ FQN9hzhzP_"" bets 20",2026-08-28T02:22:52.867Z,178788377286700
"""the pho king @ gpP9uUffpu"" checks",2026-08-28T02:22:50.857Z,178788377085700
"Flop:  [7♦, 5♣, 3♠]",2026-08-28T02:22:49.273Z,178788376927300
"""the pho king @ gpP9uUffpu"" checks",2026-08-28T02:22:48.410Z,178788376841000
"""LingWae @ FQN9hzhzP_"" calls 20",2026-08-28T02:22:47.503Z,178788376750300
"""the pho king @ gpP9uUffpu"" posts a big blind of 20",2026-08-28T02:22:46.470Z,178788376647005
"""LingWae @ FQN9hzhzP_"" posts a small blind of 10",2026-08-28T02:22:46.470Z,178788376647004
"Your hand is 8♥, 3♣",2026-08-28T02:22:46.470Z,178788376647003
"Player stacks: #1 ""LingWae @ FQN9hzhzP_"" (3232) | #10 ""the pho king @ gpP9uUffpu"" (768)",2026-08-28T02:22:46.470Z,178788376647001
"-- starting hand #175 (id: ewmtvvobgykq)  No Limit Texas Hold'em (dealer: ""LingWae @ FQN9hzhzP_"") --",2026-08-28T02:22:46.470Z,178788376647000
"""LingWae @ FQN9hzhzP_"" shows a 8♠.",2026-08-28T02:22:43.458Z,178788376345800
"-- ending hand #174 --",2026-08-28T02:22:42.867Z,178788376286702
"""the pho king @ gpP9uUffpu"" collected 160 from pot",2026-08-28T02:22:42.867Z,178788376286701
"Uncalled bet of 80 returned to ""the pho king @ gpP9uUffpu""",2026-08-28T02:22:42.867Z,178788376286700
"""LingWae @ FQN9hzhzP_"" folds",2026-08-28T02:22:42.027Z,178788376202700
"""the pho king @ gpP9uUffpu"" bets 80",2026-08-28T02:22:40.778Z,178788376077800
"""LingWae @ FQN9hzhzP_"" checks",2026-08-28T02:22:38.775Z,178788375877500
"River: 10♣, 3♠, 6♥, 7♣ [J♥]",2026-08-28T02:22:37.068Z,178788375706800
"""LingWae @ FQN9hzhzP_"" calls 40",2026-08-28T02:22:36.255Z,178788375625500
"""the pho king @ gpP9uUffpu"" bets 40",2026-08-28T02:22:35.270Z,178788375527000
"""LingWae @ FQN9hzhzP_"" checks",2026-08-28T02:22:33.554Z,178788375355400
"Turn: 10♣, 3♠, 6♥ [7♣]",2026-08-28T02:22:31.666Z,178788375166600
"""the pho king @ gpP9uUffpu"" calls 20",2026-08-28T02:22:30.835Z,178788375083500
"""LingWae @ FQN9hzhzP_"" bets 20",2026-08-28T02:22:29.545Z,178788374954500
"Flop:  [10♣, 3♠, 6♥]",2026-08-28T02:22:26.463Z,178788374646300
"""LingWae @ FQN9hzhzP_"" checks",2026-08-28T02:22:25.611Z,178788374561100
"""the pho king @ gpP9uUffpu"" calls 20",2026-08-28T02:22:14.515Z,178788373451500
"""LingWae @ FQN9hzhzP_"" posts a big blind of 20",2026-08-28T02:22:13.651Z,178788373365105
"""the pho king @ gpP9uUffpu"" posts a small blind of 10",2026-08-28T02:22:13.651Z,178788373365104
"Player stacks: #1 ""LingWae @ FQN9hzhzP_"" (3312) | #10 ""the pho king @ gpP9uUffpu"" (688)",2026-08-28T02:22:13.651Z,178788373365101
"-- starting hand #174 (id: qpiblo5rcjji)  No Limit Texas Hold'em (dealer: ""the pho king @ gpP9uUffpu"") --",2026-08-28T02:22:13.651Z,178788373365100
"Undealt cards:  [5♥, 3♥, 9♠, Q♣, 10♥]",2026-08-28T02:22:07.065Z,178788372706500
"""LingWae @ FQN9hzhzP_"" shows a K♠, Q♥.",2026-08-28T02:22:06.938Z,178788372693800
"""the pho king @ gpP9uUffpu"" shows a A♣, A♠.",2026-08-28T02:22:06.686Z,178788372668600
"-- ending hand #173 --",2026-08-28T02:22:06.328Z,178788372632802
"""the pho king @ gpP9uUffpu"" collected 240 from pot",2026-08-28T02:22:06.328Z,178788372632801
"Uncalled bet of 448 returned to ""the pho king @ gpP9uUffpu""",2026-08-28T02:22:06.328Z,178788372632800
"""LingWae @ FQN9hzhzP_"" folds",2026-08-28T02:22:05.503Z,178788372550300
"""the pho king @ gpP9uUffpu"" raises to 568 and go all in",2026-08-28T02:21:55.997Z,178788371599700
"""LingWae @ FQN9hzhzP_"" raises to 120",2026-08-28T02:21:49.474Z,178788370947400
"""the pho king @ gpP9uUffpu"" posts a big blind of 20",2026-08-28T02:21:47.159Z,178788370715905
"""LingWae @ FQN9hzhzP_"" posts a small blind of 10",2026-08-28T02:21:47.159Z,178788370715904
"Your hand is A♣, A♠",2026-08-28T02:21:47.159Z,178788370715903
"Player stacks: #1 ""LingWae @ FQN9hzhzP_"" (3432) | #10 ""the pho king @ gpP9uUffpu"" (568)",2026-08-28T02:21:47.159Z,178788370715901
"-- starting hand #173 (id: a5hgipwigbs6)  No Limit Texas Hold'em (dealer: ""LingWae @ FQN9hzhzP_"") --",2026-08-28T02:21:47.159Z,178788370715900
"""the pho king @ gpP9uUffpu"" shows a 9♦, 7♣.",2026-08-28T02:21:42.134Z,178788370213400
"""LingWae @ FQN9hzhzP_"" shows a 10♦, A♦.",2026-08-28T02:21:41.236Z,178788370123600
"Undealt cards:  [K♥, 6♥, 10♥, 6♣, J♠]",2026-08-28T02:21:40.158Z,178788370015800
"-- ending hand #172 --",2026-08-28T02:21:39.852Z,178788369985202
"""LingWae @ FQN9hzhzP_"" collected 40 from pot",2026-08-28T02:21:39.852Z,178788369985201
"Uncalled bet of 100 returned to ""LingWae @ FQN9hzhzP_""",2026-08-28T02:21:39.852Z,178788369985200
"""the pho king @ gpP9uUffpu"" folds",2026-08-28T02:21:39.037Z,178788369903700
"""LingWae @ FQN9hzhzP_"" raises to 120",2026-08-28T02:21:35.436Z,178788369543600
"""the pho king @ gpP9uUffpu"" calls 20",2026-08-28T02:21:32.376Z,178788369237600
"""LingWae @ FQN9hzhzP_"" posts a big blind of 20",2026-08-28T02:21:31.393Z,178788369139305
"""the pho king @ gpP9uUffpu"" posts a small blind of 10",2026-08-28T02:21:31.393Z,178788369139304
"Your hand is 9♦, 7♣",2026-08-28T02:21:31.393Z,178788369139303
"Player stacks: #1 ""LingWae @ FQN9hzhzP_"" (3412) | #10 ""the pho king @ gpP9uUffpu"" (588)",2026-08-28T02:21:31.393Z,178788369139301
"-- starting hand #172 (id: kkrurfexjxml)  No Limit Texas Hold'em (dealer: ""the pho king @ gpP9uUffpu"") --",2026-08-28T02:21:31.393Z,178788369139300
"""the pho king @ gpP9uUffpu"" shows a 4♣, J♦.",2026-08-28T02:21:27.932Z,178788368793200
"""LingWae @ FQN9hzhzP_"" shows a J♣, 10♠.",2026-08-28T02:21:25.725Z,178788368572500
"Undealt cards:  [8♠, 5♣, A♣, 2♠, 9♥]",2026-08-28T02:21:24.728Z,178788368472800
"-- ending hand #171 --",2026-08-28T02:21:24.079Z,178788368407902
"""LingWae @ FQN9hzhzP_"" collected 40 from pot",2026-08-28T02:21:24.079Z,178788368407901
"Uncalled bet of 30 returned to ""LingWae @ FQN9hzhzP_""",2026-08-28T02:21:24.079Z,178788368407900
"""the pho king @ gpP9uUffpu"" folds",2026-08-28T02:21:23.231Z,178788368323100
"""LingWae @ FQN9hzhzP_"" raises to 50",2026-08-28T02:21:22.318Z,178788368231800
"""the pho king @ gpP9uUffpu"" posts a big blind of 20",2026-08-28T02:21:19.426Z,178788367942605
"""LingWae @ FQN9hzhzP_"" posts a small blind of 10",2026-08-28T02:21:19.426Z,178788367942604
"Your hand is 4♣, J♦",2026-08-28T02:21:19.426Z,178788367942603
"Player stacks: #1 ""LingWae @ FQN9hzhzP_"" (3392) | #10 ""the pho king @ gpP9uUffpu"" (608)",2026-08-28T02:21:19.426Z,178788367942601
"-- starting hand #171 (id: fm5qjtluzyax)  No Limit Texas Hold'em (dealer: ""LingWae @ FQN9hzhzP_"") --",2026-08-28T02:21:19.426Z,178788367942600
"""LingWae @ FQN9hzhzP_"" shows a A♦.",2026-08-28T02:21:14.948Z,178788367494800
"""LingWae @ FQN9hzhzP_"" shows a 10♣.",2026-08-28T02:21:13.232Z,178788367323200
"Undealt cards: 2♣, 7♣, 10♠ [6♠, J♦]",2026-08-28T02:21:13.220Z,178788367322000
"-- ending hand #170 --",2026-08-28T02:21:12.785Z,178788367278502
"""LingWae @ FQN9hzhzP_"" collected 40 from pot",2026-08-28T02:21:12.785Z,178788367278501
"Uncalled bet of 20 returned to ""LingWae @ FQN9hzhzP_""",2026-08-28T02:21:12.785Z,178788367278500
"""the pho king @ gpP9uUffpu"" folds",2026-08-28T02:21:11.952Z,178788367195200
"""LingWae @ FQN9hzhzP_"" bets 20",2026-08-28T02:21:09.082Z,178788366908200
"Flop:  [2♣, 7♣, 10♠]",2026-08-28T02:21:05.580Z,178788366558000
"""LingWae @ FQN9hzhzP_"" checks",2026-08-28T02:21:04.737Z,178788366473700
"""the pho king @ gpP9uUffpu"" calls 20",2026-08-28T02:21:01.464Z,178788366146400
"""LingWae @ FQN9hzhzP_"" posts a big blind of 20",2026-08-28T02:21:00.494Z,178788366049405
"""the pho king @ gpP9uUffpu"" posts a small blind of 10",2026-08-28T02:21:00.494Z,178788366049404
"Player stacks: #1 ""LingWae @ FQN9hzhzP_"" (3372) | #10 ""the pho king @ gpP9uUffpu"" (628)",2026-08-28T02:21:00.494Z,178788366049401
"-- starting hand #170 (id: juhar1dgvzcd)  No Limit Texas Hold'em (dealer: ""the pho king @ gpP9uUffpu"") --",2026-08-28T02:21:00.494Z,178788366049400
"""LingWae @ FQN9hzhzP_"" shows a J♣, J♠.",2026-08-28T02:20:57.643Z,178788365764300
"-- ending hand #169 --",2026-08-28T02:20:56.886Z,178788365688602
"""LingWae @ FQN9hzhzP_"" collected 374 from pot",2026-08-28T02:20:56.886Z,178788365688601
"Uncalled bet of 120 returned to ""LingWae @ FQN9hzhzP_""",2026-08-28T02:20:56.886Z,178788365688600
"""the pho king @ gpP9uUffpu"" folds",2026-08-28T02:20:56.078Z,178788365607800
"""LingWae @ FQN9hzhzP_"" bets 120",2026-08-28T02:20:53.637Z,178788365363700
"""the pho king @ gpP9uUffpu"" checks",2026-08-28T02:20:51.067Z,178788365106700
"River: 7♣, 2♠, Q♣, J♦ [3♥]",2026-08-28T02:20:50.281Z,178788365028100
"""the pho king @ gpP9uUffpu"" calls 67",2026-08-28T02:20:49.463Z,178788364946300
"""LingWae @ FQN9hzhzP_"" bets 67",2026-08-28T02:20:48.480Z,178788364848000
"""the pho king @ gpP9uUffpu"" checks",2026-08-28T02:20:44.814Z,178788364481400
"Turn: 7♣, 2♠, Q♣ [J♦]",2026-08-28T02:20:43.756Z,178788364375600
"""LingWae @ FQN9hzhzP_"" checks",2026-08-28T02:20:42.950Z,178788364295000
"""the pho king @ gpP9uUffpu"" checks",2026-08-28T02:20:41.749Z,178788364174900
"Flop:  [7♣, 2♠, Q♣]",2026-08-28T02:20:40.952Z,178788364095200
"""the pho king @ gpP9uUffpu"" calls 120",2026-08-28T02:20:40.098Z,178788364009800
"""LingWae @ FQN9hzhzP_"" raises to 120",2026-08-28T02:20:39.023Z,178788363902300
"""the pho king @ gpP9uUffpu"" posts a big blind of 20",2026-08-28T02:20:32.600Z,178788363260005
"""LingWae @ FQN9hzhzP_"" posts a small blind of 10",2026-08-28T02:20:32.600Z,178788363260004
"Player stacks: #1 ""LingWae @ FQN9hzhzP_"" (3185) | #10 ""the pho king @ gpP9uUffpu"" (815)",2026-08-28T02:20:32.600Z,178788363260001
"-- starting hand #169 (id: aiov2mkxdquo)  No Limit Texas Hold'em (dealer: ""LingWae @ FQN9hzhzP_"") --",2026-08-28T02:20:32.600Z,178788363260000
"-- ending hand #168 --",2026-08-28T02:20:29.654Z,178788362965402
"""LingWae @ FQN9hzhzP_"" collected 40 from pot",2026-08-28T02:20:29.654Z,178788362965401
"Uncalled bet of 20 returned to ""LingWae @ FQN9hzhzP_""",2026-08-28T02:20:29.654Z,178788362965400
"""the pho king @ gpP9uUffpu"" folds",2026-08-28T02:20:28.816Z,178788362881600
"""LingWae @ FQN9hzhzP_"" bets 20",2026-08-28T02:20:27.410Z,178788362741000
"River: 7♥, 8♣, 2♣, 4♠ [9♥]",2026-08-28T02:20:25.244Z,178788362524400
"""the pho king @ gpP9uUffpu"" checks",2026-08-28T02:20:24.431Z,178788362443100
"""LingWae @ FQN9hzhzP_"" checks",2026-08-28T02:20:23.525Z,178788362352500
"Turn: 7♥, 8♣, 2♣ [4♠]",2026-08-28T02:20:21.873Z,178788362187300
"""the pho king @ gpP9uUffpu"" checks",2026-08-28T02:20:21.041Z,178788362104100
"""LingWae @ FQN9hzhzP_"" checks",2026-08-28T02:20:19.864Z,178788361986400
"Flop:  [7♥, 8♣, 2♣]",2026-08-28T02:20:17.840Z,178788361784000
"""LingWae @ FQN9hzhzP_"" checks",2026-08-28T02:20:17.016Z,178788361701600
"""the pho king @ gpP9uUffpu"" calls 20",2026-08-28T02:20:16.102Z,178788361610200
"""LingWae @ FQN9hzhzP_"" posts a big blind of 20",2026-08-28T02:20:14.912Z,178788361491205
"""the pho king @ gpP9uUffpu"" posts a small blind of 10",2026-08-28T02:20:14.912Z,178788361491204
"Player stacks: #1 ""LingWae @ FQN9hzhzP_"" (3165) | #10 ""the pho king @ gpP9uUffpu"" (835)",2026-08-28T02:20:14.912Z,178788361491201
"-- starting hand #168 (id: wytvbzauoay4)  No Limit Texas Hold'em (dealer: ""the pho king @ gpP9uUffpu"") --",2026-08-28T02:20:14.912Z,178788361491200
"""LingWae @ FQN9hzhzP_"" shows a Q♥.",2026-08-28T02:20:13.043Z,178788361304300
"-- ending hand #167 --",2026-08-28T02:20:11.308Z,178788361130802
"""the pho king @ gpP9uUffpu"" collected 80 from pot",2026-08-28T02:20:11.308Z,178788361130801
"Uncalled bet of 180 returned to ""the pho king @ gpP9uUffpu""",2026-08-28T02:20:11.308Z,178788361130800
"""LingWae @ FQN9hzhzP_"" folds",2026-08-28T02:20:10.488Z,178788361048800
"""the pho king @ gpP9uUffpu"" bets 180",2026-08-28T02:20:09.531Z,178788360953100
"River: J♠, 7♣, 5♣, 4♥ [8♥]",2026-08-28T02:20:05.386Z,178788360538600
"""LingWae @ FQN9hzhzP_"" checks",2026-08-28T02:20:04.534Z,178788360453400
"""the pho king @ gpP9uUffpu"" checks",2026-08-28T02:20:03.625Z,178788360362500
"Turn: J♠, 7♣, 5♣ [4♥]",2026-08-28T02:20:02.597Z,178788360259700
"""the pho king @ gpP9uUffpu"" calls 20",2026-08-28T02:20:01.724Z,178788360172400
"""LingWae @ FQN9hzhzP_"" bets 20",2026-08-28T02:20:00.584Z,178788360058400
"""the pho king @ gpP9uUffpu"" checks",2026-08-28T02:19:57.250Z,178788359725000
"Flop:  [J♠, 7♣, 5♣]",2026-08-28T02:19:56.059Z,178788359605900
"""the pho king @ gpP9uUffpu"" checks",2026-08-28T02:19:55.227Z,178788359522700
"""LingWae @ FQN9hzhzP_"" calls 20",2026-08-28T02:19:53.980Z,178788359398000
"""the pho king @ gpP9uUffpu"" posts a big blind of 20",2026-08-28T02:19:52.859Z,178788359285905
"""LingWae @ FQN9hzhzP_"" posts a small blind of 10",2026-08-28T02:19:52.859Z,178788359285904
"Player stacks: #1 ""LingWae @ FQN9hzhzP_"" (3205) | #10 ""the pho king @ gpP9uUffpu"" (795)",2026-08-28T02:19:52.859Z,178788359285901
"-- starting hand #167 (id: ujsjtyca50oa)  No Limit Texas Hold'em (dealer: ""LingWae @ FQN9hzhzP_"") --",2026-08-28T02:19:52.859Z,178788359285900
"""LingWae @ FQN9hzhzP_"" shows a 5♠.",2026-08-28T02:19:48.979Z,178788358897900
"""LingWae @ FQN9hzhzP_"" shows a A♣.",2026-08-28T02:19:46.943Z,178788358694300
"Undealt cards: Q♦, K♦, A♥ [5♣, 4♥]",2026-08-28T02:19:46.585Z,178788358658500
"-- ending hand #166 --",2026-08-28T02:19:46.255Z,178788358625502
"""LingWae @ FQN9hzhzP_"" collected 40 from pot",2026-08-28T02:19:46.255Z,178788358625501
"Uncalled bet of 67 returned to ""LingWae @ FQN9hzhzP_""",2026-08-28T02:19:46.255Z,178788358625500
"""the pho king @ gpP9uUffpu"" folds",2026-08-28T02:19:45.450Z,178788358545000
"""LingWae @ FQN9hzhzP_"" bets 67",2026-08-28T02:19:44.251Z,178788358425100
"Flop:  [Q♦, K♦, A♥]",2026-08-28T02:19:41.026Z,178788358102600
"""LingWae @ FQN9hzhzP_"" checks",2026-08-28T02:19:40.122Z,178788358012200
"""the pho king @ gpP9uUffpu"" calls 20",2026-08-28T02:19:38.512Z,178788357851200
"""LingWae @ FQN9hzhzP_"" posts a big blind of 20",2026-08-28T02:19:37.620Z,178788357762005
"""the pho king @ gpP9uUffpu"" posts a small blind of 10",2026-08-28T02:19:37.620Z,178788357762004
"Player stacks: #1 ""LingWae @ FQN9hzhzP_"" (3185) | #10 ""the pho king @ gpP9uUffpu"" (815)",2026-08-28T02:19:37.620Z,178788357762001
"-- starting hand #166 (id: skqkzdtu1fsm)  No Limit Texas Hold'em (dealer: ""the pho king @ gpP9uUffpu"") --",2026-08-28T02:19:37.620Z,178788357762000
"""the pho king @ gpP9uUffpu"" shows a 10♣, 4♠.",2026-08-28T02:19:32.573Z,178788357257300
"""LingWae @ FQN9hzhzP_"" shows a A♥, A♣.",2026-08-28T02:19:31.078Z,178788357107800
"Undealt cards:  [7♠, 5♣, 5♠, 9♣, 2♣]",2026-08-28T02:19:30.535Z,178788357053500
"-- ending hand #165 --",2026-08-28T02:19:30.307Z,178788357030702
"""LingWae @ FQN9hzhzP_"" collected 40 from pot",2026-08-28T02:19:30.307Z,178788357030701
"Uncalled bet of 47 returned to ""LingWae @ FQN9hzhzP_""",2026-08-28T02:19:30.307Z,178788357030700
"""the pho king @ gpP9uUffpu"" folds",2026-08-28T02:19:29.492Z,178788356949200
"""LingWae @ FQN9hzhzP_"" raises to 67",2026-08-28T02:19:28.492Z,178788356849200
"""the pho king @ gpP9uUffpu"" posts a big blind of 20",2026-08-28T02:19:25.103Z,178788356510305
"""LingWae @ FQN9hzhzP_"" posts a small blind of 10",2026-08-28T02:19:25.103Z,178788356510304
"Your hand is 10♣, 4♠",2026-08-28T02:19:25.103Z,178788356510303
"Player stacks: #1 ""LingWae @ FQN9hzhzP_"" (3165) | #10 ""the pho king @ gpP9uUffpu"" (835)",2026-08-28T02:19:25.103Z,178788356510301
"-- starting hand #165 (id: skd0erkm53vo)  No Limit Texas Hold'em (dealer: ""LingWae @ FQN9hzhzP_"") --",2026-08-28T02:19:25.103Z,178788356510300
"-- ending hand #164 --",2026-08-28T02:19:19.099Z,178788355909903
"""LingWae @ FQN9hzhzP_"" collected 762 from pot with Pair, K's (combination: 6♥, 7♠, 8♣, K♣, K♥)",2026-08-28T02:19:19.099Z,178788355909902
"""LingWae @ FQN9hzhzP_"" shows a K♣, 7♠.",2026-08-28T02:19:19.099Z,178788355909901
"""the pho king @ gpP9uUffpu"" shows a 4♥, A♠.",2026-08-28T02:19:19.099Z,178788355909900
"""LingWae @ FQN9hzhzP_"" calls 254",2026-08-28T02:19:18.285Z,178788355828500
"""the pho king @ gpP9uUffpu"" bets 254",2026-08-28T02:19:17.317Z,178788355731700
"""LingWae @ FQN9hzhzP_"" checks",2026-08-28T02:19:15.698Z,178788355569800
"River: 8♣, K♥, 6♥, 2♥ [3♦]",2026-08-28T02:19:14.097Z,178788355409700
"""the pho king @ gpP9uUffpu"" calls 67",2026-08-28T02:19:13.274Z,178788355327400
"""LingWae @ FQN9hzhzP_"" bets 67",2026-08-28T02:19:12.326Z,178788355232600
"Turn: 8♣, K♥, 6♥ [2♥]",2026-08-28T02:19:09.094Z,178788354909400
"""the pho king @ gpP9uUffpu"" calls 20",2026-08-28T02:19:08.273Z,178788354827300
"""LingWae @ FQN9hzhzP_"" bets 20",2026-08-28T02:19:07.328Z,178788354732800
"Flop:  [8♣, K♥, 6♥]",2026-08-28T02:19:02.774Z,178788354277400
"""LingWae @ FQN9hzhzP_"" calls 40",2026-08-28T02:19:01.922Z,178788354192200
"""the pho king @ gpP9uUffpu"" raises to 40",2026-08-28T02:19:00.900Z,178788354090000
"""LingWae @ FQN9hzhzP_"" posts a big blind of 20",2026-08-28T02:18:59.784Z,178788353978405
"""the pho king @ gpP9uUffpu"" posts a small blind of 10",2026-08-28T02:18:59.784Z,178788353978404
"Your hand is 4♥, A♠",2026-08-28T02:18:59.784Z,178788353978403
"Player stacks: #1 ""LingWae @ FQN9hzhzP_"" (2784) | #10 ""the pho king @ gpP9uUffpu"" (1216)",2026-08-28T02:18:59.784Z,178788353978401
"-- starting hand #164 (id: fhnfroyhoegk)  No Limit Texas Hold'em (dealer: ""the pho king @ gpP9uUffpu"") --",2026-08-28T02:18:59.784Z,178788353978400
"""the pho king @ gpP9uUffpu"" shows a 3♠, 8♠.",2026-08-28T02:18:55.794Z,178788353579400
"""LingWae @ FQN9hzhzP_"" shows a 3♣, 8♣.",2026-08-28T02:18:54.590Z,178788353459000
"Undealt cards: K♠, 4♥, J♠ [2♦, J♥]",2026-08-28T02:18:52.759Z,178788353275900
"-- ending hand #163 --",2026-08-28T02:18:52.469Z,178788353246902
"""the pho king @ gpP9uUffpu"" collected 40 from pot",2026-08-28T02:18:52.469Z,178788353246901
"Uncalled bet of 20 returned to ""the pho king @ gpP9uUffpu""",2026-08-28T02:18:52.469Z,178788353246900
"""LingWae @ FQN9hzhzP_"" folds",2026-08-28T02:18:51.658Z,178788353165800
"""the pho king @ gpP9uUffpu"" bets 20",2026-08-28T02:18:50.736Z,178788353073600
"Flop:  [K♠, 4♥, J♠]",2026-08-28T02:18:48.605Z,178788352860500
"""the pho king @ gpP9uUffpu"" checks",2026-08-28T02:18:47.794Z,178788352779400
"""LingWae @ FQN9hzhzP_"" calls 20",2026-08-28T02:18:46.870Z,178788352687000
"""the pho king @ gpP9uUffpu"" posts a big blind of 20",2026-08-28T02:18:42.766Z,178788352276605
"""LingWae @ FQN9hzhzP_"" posts a small blind of 10",2026-08-28T02:18:42.766Z,178788352276604
"Your hand is 3♠, 8♠",2026-08-28T02:18:42.766Z,178788352276603
"Player stacks: #1 ""LingWae @ FQN9hzhzP_"" (2804) | #10 ""the pho king @ gpP9uUffpu"" (1196)",2026-08-28T02:18:42.766Z,178788352276601
"-- starting hand #163 (id: xxe9ti6mls5b)  No Limit Texas Hold'em (dealer: ""LingWae @ FQN9hzhzP_"") --",2026-08-28T02:18:42.766Z,178788352276600
"""the pho king @ gpP9uUffpu"" shows a K♠.",2026-08-28T02:18:39.153Z,178788351915300
"""the pho king @ gpP9uUffpu"" shows a 8♦.",2026-08-28T02:18:38.799Z,178788351879900
"-- ending hand #162 --",2026-08-28T02:18:36.255Z,178788351625502
"""LingWae @ FQN9hzhzP_"" collected 552 from pot with Pair, 9's (combination: 5♣, 8♣, K♥, 9♣, 9♥)",2026-08-28T02:18:36.255Z,178788351625501
"""LingWae @ FQN9hzhzP_"" shows a K♥, 9♣.",2026-08-28T02:18:36.255Z,178788351625500
"""the pho king @ gpP9uUffpu"" calls 120",2026-08-28T02:18:35.385Z,178788351538500
"""LingWae @ FQN9hzhzP_"" bets 120",2026-08-28T02:18:33.460Z,178788351346000
"River: 4♠, 9♥, 8♣, 5♣ [3♣]",2026-08-28T02:18:29.348Z,178788350934800
"""the pho king @ gpP9uUffpu"" calls 69",2026-08-28T02:18:28.522Z,178788350852200
"""LingWae @ FQN9hzhzP_"" bets 69",2026-08-28T02:18:27.354Z,178788350735400
"Turn: 4♠, 9♥, 8♣ [5♣]",2026-08-28T02:18:23.280Z,178788350328000
"""the pho king @ gpP9uUffpu"" calls 67",2026-08-28T02:18:22.478Z,178788350247800
"""LingWae @ FQN9hzhzP_"" bets 67",2026-08-28T02:18:20.863Z,178788350086300
"Flop:  [4♠, 9♥, 8♣]",2026-08-28T02:18:15.864Z,178788349586400
"""LingWae @ FQN9hzhzP_"" checks",2026-08-28T02:18:15.042Z,178788349504200
"""the pho king @ gpP9uUffpu"" calls 20",2026-08-28T02:18:14.116Z,178788349411600
"""LingWae @ FQN9hzhzP_"" posts a big blind of 20",2026-08-28T02:18:13.232Z,178788349323205
"""the pho king @ gpP9uUffpu"" posts a small blind of 10",2026-08-28T02:18:13.232Z,178788349323204
"Player stacks: #1 ""LingWae @ FQN9hzhzP_"" (2528) | #10 ""the pho king @ gpP9uUffpu"" (1472)",2026-08-28T02:18:13.232Z,178788349323201
"-- starting hand #162 (id: zkztb7mwrgt2)  No Limit Texas Hold'em (dealer: ""the pho king @ gpP9uUffpu"") --",2026-08-28T02:18:13.232Z,178788349323200
"""LingWae @ FQN9hzhzP_"" shows a 6♣.",2026-08-28T02:18:11.311Z,178788349131100
"-- ending hand #161 --",2026-08-28T02:18:09.538Z,178788348953802
"""the pho king @ gpP9uUffpu"" collected 120 from pot",2026-08-28T02:18:09.538Z,178788348953801
"Uncalled bet of 120 returned to ""the pho king @ gpP9uUffpu""",2026-08-28T02:18:09.538Z,178788348953800
"""LingWae @ FQN9hzhzP_"" folds",2026-08-28T02:18:08.733Z,178788348873300
"""the pho king @ gpP9uUffpu"" bets 120",2026-08-28T02:18:07.786Z,178788348778600
"River: 2♥, 7♠, J♠, 3♥ [4♥]",2026-08-28T02:18:05.229Z,178788348522900
"""LingWae @ FQN9hzhzP_"" checks",2026-08-28T02:18:04.387Z,178788348438700
"""the pho king @ gpP9uUffpu"" checks",2026-08-28T02:18:03.384Z,178788348338400
"Turn: 2♥, 7♠, J♠ [3♥]",2026-08-28T02:18:01.817Z,178788348181700
"""LingWae @ FQN9hzhzP_"" checks",2026-08-28T02:18:00.952Z,178788348095200
"""the pho king @ gpP9uUffpu"" checks",2026-08-28T02:17:58.906Z,178788347890600
"Flop:  [2♥, 7♠, J♠]",2026-08-28T02:17:57.676Z,178788347767600
"""LingWae @ FQN9hzhzP_"" calls 60",2026-08-28T02:17:56.872Z,178788347687200
"""the pho king @ gpP9uUffpu"" raises to 60",2026-08-28T02:17:55.935Z,178788347593500
"""LingWae @ FQN9hzhzP_"" calls 20",2026-08-28T02:17:53.637Z,178788347363700
"""the pho king @ gpP9uUffpu"" posts a big blind of 20",2026-08-28T02:17:52.181Z,178788347218105
"""LingWae @ FQN9hzhzP_"" posts a small blind of 10",2026-08-28T02:17:52.181Z,178788347218104
"Player stacks: #1 ""LingWae @ FQN9hzhzP_"" (2588) | #10 ""the pho king @ gpP9uUffpu"" (1412)",2026-08-28T02:17:52.181Z,178788347218101
"-- starting hand #161 (id: fthkyzpu2gii)  No Limit Texas Hold'em (dealer: ""LingWae @ FQN9hzhzP_"") --",2026-08-28T02:17:52.181Z,178788347218100
"""LingWae @ FQN9hzhzP_"" shows a Q♥, 10♦.",2026-08-28T02:17:47.773Z,178788346777300
"-- ending hand #160 --",2026-08-28T02:17:45.671Z,178788346567102
"""the pho king @ gpP9uUffpu"" collected 882 from pot with Pair, A's (combination: 6♠, 10♣, J♠, A♦, A♥)",2026-08-28T02:17:45.671Z,178788346567101
"""the pho king @ gpP9uUffpu"" shows a A♦, J♠.",2026-08-28T02:17:45.671Z,178788346567100
"""LingWae @ FQN9hzhzP_"" calls 194",2026-08-28T02:17:44.853Z,178788346485300
"""the pho king @ gpP9uUffpu"" raises to 194",2026-08-28T02:17:43.821Z,178788346382100
"""LingWae @ FQN9hzhzP_"" bets 67",2026-08-28T02:17:41.101Z,178788346110100
"River: 2♦, 10♣, 4♠, 6♠ [A♥]",2026-08-28T02:17:37.667Z,178788345766700
"""the pho king @ gpP9uUffpu"" calls 120",2026-08-28T02:17:36.816Z,178788345681600
"""LingWae @ FQN9hzhzP_"" bets 120",2026-08-28T02:17:35.261Z,178788345526100
"Turn: 2♦, 10♣, 4♠ [6♠]",2026-08-28T02:17:31.342Z,178788345134200
"""the pho king @ gpP9uUffpu"" calls 67",2026-08-28T02:17:30.500Z,178788345050000
"""LingWae @ FQN9hzhzP_"" bets 67",2026-08-28T02:17:29.566Z,178788344956600
"Flop:  [2♦, 10♣, 4♠]",2026-08-28T02:17:25.656Z,178788344565600
"""LingWae @ FQN9hzhzP_"" calls 60",2026-08-28T02:17:24.813Z,178788344481300
"""the pho king @ gpP9uUffpu"" raises to 60",2026-08-28T02:17:23.641Z,178788344364100
"""LingWae @ FQN9hzhzP_"" posts a big blind of 20",2026-08-28T02:17:20.202Z,178788344020205
"""the pho king @ gpP9uUffpu"" posts a small blind of 10",2026-08-28T02:17:20.202Z,178788344020204
"Your hand is A♦, J♠",2026-08-28T02:17:20.202Z,178788344020203
"Player stacks: #1 ""LingWae @ FQN9hzhzP_"" (3029) | #10 ""the pho king @ gpP9uUffpu"" (971)",2026-08-28T02:17:20.202Z,178788344020201
"-- starting hand #160 (id: duyoll4uop6e)  No Limit Texas Hold'em (dealer: ""the pho king @ gpP9uUffpu"") --",2026-08-28T02:17:20.202Z,178788344020200
"""LingWae @ FQN9hzhzP_"" shows a 4♦, 6♦.",2026-08-28T02:17:15.252Z,178788343525200
"""the pho king @ gpP9uUffpu"" shows a 9♠, 7♣.",2026-08-28T02:17:14.710Z,178788343471000
"Undealt cards: A♥, 3♥, 2♦ [9♦, 7♠]",2026-08-28T02:17:13.163Z,178788343316300
"-- ending hand #159 --",2026-08-28T02:17:12.892Z,178788343289202
"""LingWae @ FQN9hzhzP_"" collected 40 from pot",2026-08-28T02:17:12.892Z,178788343289201
"Uncalled bet of 40 returned to ""LingWae @ FQN9hzhzP_""",2026-08-28T02:17:12.892Z,178788343289200
"""the pho king @ gpP9uUffpu"" folds",2026-08-28T02:17:12.082Z,178788343208200
"""LingWae @ FQN9hzhzP_"" bets 40",2026-08-28T02:17:11.151Z,178788343115100
"""the pho king @ gpP9uUffpu"" checks",2026-08-28T02:17:06.103Z,178788342610300
"Flop:  [A♥, 3♥, 2♦]",2026-08-28T02:17:04.989Z,178788342498900
"""the pho king @ gpP9uUffpu"" checks",2026-08-28T02:17:04.179Z,178788342417900
"""LingWae @ FQN9hzhzP_"" calls 20",2026-08-28T02:17:03.199Z,178788342319900
"""the pho king @ gpP9uUffpu"" posts a big blind of 20",2026-08-28T02:17:01.523Z,178788342152305
"""LingWae @ FQN9hzhzP_"" posts a small blind of 10",2026-08-28T02:17:01.523Z,178788342152304
"Your hand is 9♠, 7♣",2026-08-28T02:17:01.523Z,178788342152303
"Player stacks: #1 ""LingWae @ FQN9hzhzP_"" (3009) | #10 ""the pho king @ gpP9uUffpu"" (991)",2026-08-28T02:17:01.523Z,178788342152301
"-- starting hand #159 (id: yeqqv4lwpwvk)  No Limit Texas Hold'em (dealer: ""LingWae @ FQN9hzhzP_"") --",2026-08-28T02:17:01.523Z,178788342152300
"""the pho king @ gpP9uUffpu"" shows a 5♣.",2026-08-28T02:17:00.236Z,178788342023600
"""LingWae @ FQN9hzhzP_"" shows a A♥.",2026-08-28T02:16:56.756Z,178788341675600
"""LingWae @ FQN9hzhzP_"" shows a 8♠.",2026-08-28T02:16:56.456Z,178788341645600
"Undealt cards: 7♠, 5♦, 4♥, 6♥ [A♦]",2026-08-28T02:16:54.500Z,178788341450000
"-- ending hand #158 --",2026-08-28T02:16:54.165Z,178788341416502
"""LingWae @ FQN9hzhzP_"" collected 80 from pot",2026-08-28T02:16:54.165Z,178788341416501
"Uncalled bet of 67 returned to ""LingWae @ FQN9hzhzP_""",2026-08-28T02:16:54.165Z,178788341416500
"""the pho king @ gpP9uUffpu"" folds",2026-08-28T02:16:53.345Z,178788341334500
"""LingWae @ FQN9hzhzP_"" bets 67",2026-08-28T02:16:52.406Z,178788341240600
"Turn: 7♠, 5♦, 4♥ [6♥]",2026-08-28T02:16:49.363Z,178788340936300
"""the pho king @ gpP9uUffpu"" checks",2026-08-28T02:16:48.541Z,178788340854100
"""LingWae @ FQN9hzhzP_"" checks",2026-08-28T02:16:47.622Z,178788340762200
"Flop:  [7♠, 5♦, 4♥]",2026-08-28T02:16:42.962Z,178788340296200
"""LingWae @ FQN9hzhzP_"" calls 40",2026-08-28T02:16:42.145Z,178788340214500
"""the pho king @ gpP9uUffpu"" raises to 40",2026-08-28T02:16:36.575Z,178788339657500
"""LingWae @ FQN9hzhzP_"" posts a big blind of 20",2026-08-28T02:16:35.294Z,178788339529405
"""the pho king @ gpP9uUffpu"" posts a small blind of 10",2026-08-28T02:16:35.294Z,178788339529404
"Player stacks: #1 ""LingWae @ FQN9hzhzP_"" (2969) | #10 ""the pho king @ gpP9uUffpu"" (1031)",2026-08-28T02:16:35.294Z,178788339529401
"-- starting hand #158 (id: bxfpsiz4ke7x)  No Limit Texas Hold'em (dealer: ""the pho king @ gpP9uUffpu"") --",2026-08-28T02:16:35.294Z,178788339529400
"""LingWae @ FQN9hzhzP_"" shows a 2♦, 3♠.",2026-08-28T02:16:32.615Z,178788339261500
"-- ending hand #157 --",2026-08-28T02:16:31.690Z,178788339169002
"""LingWae @ FQN9hzhzP_"" collected 40 from pot",2026-08-28T02:16:31.690Z,178788339169001
"Uncalled bet of 67 returned to ""LingWae @ FQN9hzhzP_""",2026-08-28T02:16:31.690Z,178788339169000
"""the pho king @ gpP9uUffpu"" folds",2026-08-28T02:16:30.880Z,178788339088000
"""LingWae @ FQN9hzhzP_"" bets 67",2026-08-28T02:16:29.582Z,178788338958200
"""the pho king @ gpP9uUffpu"" checks",2026-08-28T02:16:26.880Z,178788338688000
"River: 4♦, 4♣, A♦, A♣ [5♠]",2026-08-28T02:16:26.352Z,178788338635200
"""LingWae @ FQN9hzhzP_"" checks",2026-08-28T02:16:25.526Z,178788338552600
"""the pho king @ gpP9uUffpu"" checks",2026-08-28T02:16:24.560Z,178788338456000
"Turn: 4♦, 4♣, A♦ [A♣]",2026-08-28T02:16:23.545Z,178788338354500
"""LingWae @ FQN9hzhzP_"" checks",2026-08-28T02:16:22.694Z,178788338269400
"""the pho king @ gpP9uUffpu"" checks",2026-08-28T02:16:20.774Z,178788338077400
"Flop:  [4♦, 4♣, A♦]",2026-08-28T02:16:19.743Z,178788337974300
"""the pho king @ gpP9uUffpu"" checks",2026-08-28T02:16:18.925Z,178788337892500
"""LingWae @ FQN9hzhzP_"" calls 20",2026-08-28T02:16:17.602Z,178788337760200
"""the pho king @ gpP9uUffpu"" posts a big blind of 20",2026-08-28T02:16:07.589Z,178788336758905
"""LingWae @ FQN9hzhzP_"" posts a small blind of 10",2026-08-28T02:16:07.589Z,178788336758904
"Player stacks: #1 ""LingWae @ FQN9hzhzP_"" (2949) | #10 ""the pho king @ gpP9uUffpu"" (1051)",2026-08-28T02:16:07.589Z,178788336758901
"-- starting hand #157 (id: uomsuvdiu6p7)  No Limit Texas Hold'em (dealer: ""LingWae @ FQN9hzhzP_"") --",2026-08-28T02:16:07.589Z,178788336758900
"""the pho king @ gpP9uUffpu"" shows a 7♣, J♥.",2026-08-28T02:16:03.173Z,178788336317300
"-- ending hand #156 --",2026-08-28T02:16:01.081Z,178788336108102
"""LingWae @ FQN9hzhzP_"" collected 454 from pot with Flush, A High (combination: 3♣, 4♣, 6♣, J♣, A♣)",2026-08-28T02:16:01.081Z,178788336108101
"""LingWae @ FQN9hzhzP_"" shows a 6♣, J♣.",2026-08-28T02:16:01.081Z,178788336108100
"""the pho king @ gpP9uUffpu"" calls 120",2026-08-28T02:16:00.260Z,178788336026000
"""LingWae @ FQN9hzhzP_"" bets 120",2026-08-28T02:15:59.294Z,178788335929400
"River: 8♥, 4♣, A♣, J♠ [3♣]",2026-08-28T02:15:56.279Z,178788335627900
"""the pho king @ gpP9uUffpu"" calls 67",2026-08-28T02:15:55.398Z,178788335539800
"""LingWae @ FQN9hzhzP_"" bets 67",2026-08-28T02:15:53.867Z,178788335386700
"Turn: 8♥, 4♣, A♣ [J♠]",2026-08-28T02:15:50.875Z,178788335087500
"""the pho king @ gpP9uUffpu"" calls 20",2026-08-28T02:15:50.010Z,178788335001000
"""LingWae @ FQN9hzhzP_"" bets 20",2026-08-28T02:15:48.564Z,178788334856400
"Flop:  [8♥, 4♣, A♣]",2026-08-28T02:15:43.341Z,178788334334100
"""LingWae @ FQN9hzhzP_"" checks",2026-08-28T02:15:42.520Z,178788334252000
"""the pho king @ gpP9uUffpu"" calls 20",2026-08-28T02:15:38.194Z,178788333819400
"""LingWae @ FQN9hzhzP_"" posts a big blind of 20",2026-08-28T02:15:37.273Z,178788333727305
"""the pho king @ gpP9uUffpu"" posts a small blind of 10",2026-08-28T02:15:37.273Z,178788333727304
"Your hand is 7♣, J♥",2026-08-28T02:15:37.273Z,178788333727303
"Player stacks: #1 ""LingWae @ FQN9hzhzP_"" (2722) | #10 ""the pho king @ gpP9uUffpu"" (1278)",2026-08-28T02:15:37.273Z,178788333727301
"-- starting hand #156 (id: uowoerba6omj)  No Limit Texas Hold'em (dealer: ""the pho king @ gpP9uUffpu"") --",2026-08-28T02:15:37.273Z,178788333727300
"""the pho king @ gpP9uUffpu"" shows a A♦.",2026-08-28T02:15:35.382Z,178788333538200
"""LingWae @ FQN9hzhzP_"" shows a J♥, 7♦.",2026-08-28T02:15:35.187Z,178788333518700
"-- ending hand #155 --",2026-08-28T02:15:32.891Z,178788333289102
"""LingWae @ FQN9hzhzP_"" collected 428 from pot",2026-08-28T02:15:32.891Z,178788333289101
"Uncalled bet of 420 returned to ""LingWae @ FQN9hzhzP_""",2026-08-28T02:15:32.891Z,178788333289100
"""the pho king @ gpP9uUffpu"" folds",2026-08-28T02:15:32.078Z,178788333207800
"""LingWae @ FQN9hzhzP_"" bets 420",2026-08-28T02:15:30.377Z,178788333037700
"""the pho king @ gpP9uUffpu"" checks",2026-08-28T02:15:27.256Z,178788332725600
"River: 10♦, 10♣, 7♠, J♦ [2♠]",2026-08-28T02:15:26.157Z,178788332615700
"""the pho king @ gpP9uUffpu"" calls 67",2026-08-28T02:15:25.339Z,178788332533900
"""LingWae @ FQN9hzhzP_"" bets 67",2026-08-28T02:15:24.442Z,178788332444200
"""the pho king @ gpP9uUffpu"" checks",2026-08-28T02:15:18.251Z,178788331825100
"Turn: 10♦, 10♣, 7♠ [J♦]",2026-08-28T02:15:17.611Z,178788331761100
"""the pho king @ gpP9uUffpu"" calls 67",2026-08-28T02:15:16.777Z,178788331677700
"""LingWae @ FQN9hzhzP_"" bets 67",2026-08-28T02:15:15.574Z,178788331557400
"""the pho king @ gpP9uUffpu"" checks",2026-08-28T02:15:12.211Z,178788331221100
"Flop:  [10♦, 10♣, 7♠]",2026-08-28T02:15:11.078Z,178788331107800
"""LingWae @ FQN9hzhzP_"" calls 80",2026-08-28T02:15:10.263Z,178788331026300
"""the pho king @ gpP9uUffpu"" raises to 80",2026-08-28T02:15:07.769Z,178788330776900
"""LingWae @ FQN9hzhzP_"" raises to 40",2026-08-28T02:15:06.113Z,178788330611300
"""the pho king @ gpP9uUffpu"" posts a big blind of 20",2026-08-28T02:15:02.689Z,178788330268905
"""LingWae @ FQN9hzhzP_"" posts a small blind of 10",2026-08-28T02:15:02.689Z,178788330268904
"Player stacks: #1 ""LingWae @ FQN9hzhzP_"" (2508) | #10 ""the pho king @ gpP9uUffpu"" (1492)",2026-08-28T02:15:02.689Z,178788330268901
"-- starting hand #155 (id: jwjrm64ep8sy)  No Limit Texas Hold'em (dealer: ""LingWae @ FQN9hzhzP_"") --",2026-08-28T02:15:02.689Z,178788330268900
"""LingWae @ FQN9hzhzP_"" shows a 4♠.",2026-08-28T02:15:00.930Z,178788330093000
"-- ending hand #154 --",2026-08-28T02:14:59.061Z,178788329906102
"""the pho king @ gpP9uUffpu"" collected 80 from pot",2026-08-28T02:14:59.061Z,178788329906101
"Uncalled bet of 120 returned to ""the pho king @ gpP9uUffpu""",2026-08-28T02:14:59.061Z,178788329906100
"""LingWae @ FQN9hzhzP_"" folds",2026-08-28T02:14:58.243Z,178788329824300
"""the pho king @ gpP9uUffpu"" bets 120",2026-08-28T02:14:56.311Z,178788329631100
"""LingWae @ FQN9hzhzP_"" checks",2026-08-28T02:14:53.572Z,178788329357200
"River: 8♠, Q♦, 8♣, 5♦ [7♦]",2026-08-28T02:14:52.054Z,178788329205400
"""the pho king @ gpP9uUffpu"" checks",2026-08-28T02:14:51.181Z,178788329118100
"""LingWae @ FQN9hzhzP_"" checks",2026-08-28T02:14:50.278Z,178788329027800
"Turn: 8♠, Q♦, 8♣ [5♦]",2026-08-28T02:14:49.053Z,178788328905300
"""the pho king @ gpP9uUffpu"" calls 20",2026-08-28T02:14:48.174Z,178788328817400
"""LingWae @ FQN9hzhzP_"" bets 20",2026-08-28T02:14:47.275Z,178788328727500
"Flop:  [8♠, Q♦, 8♣]",2026-08-28T02:14:44.119Z,178788328411900
"""LingWae @ FQN9hzhzP_"" checks",2026-08-28T02:14:43.311Z,178788328331100
"""the pho king @ gpP9uUffpu"" calls 20",2026-08-28T02:14:41.456Z,178788328145600
"""LingWae @ FQN9hzhzP_"" posts a big blind of 20",2026-08-28T02:14:40.741Z,178788328074105
"""the pho king @ gpP9uUffpu"" posts a small blind of 10",2026-08-28T02:14:40.741Z,178788328074104
"Player stacks: #1 ""LingWae @ FQN9hzhzP_"" (2548) | #10 ""the pho king @ gpP9uUffpu"" (1452)",2026-08-28T02:14:40.741Z,178788328074101
"-- starting hand #154 (id: kr4elb7zx4rr)  No Limit Texas Hold'em (dealer: ""the pho king @ gpP9uUffpu"") --",2026-08-28T02:14:40.741Z,178788328074100
"""LingWae @ FQN9hzhzP_"" shows a K♣, Q♦.",2026-08-28T02:14:36.345Z,178788327634500
"""the pho king @ gpP9uUffpu"" shows a 4♣, 10♠.",2026-08-28T02:14:34.973Z,178788327497300
"Undealt cards:  [3♥, 6♦, J♣, 5♦, 5♥]",2026-08-28T02:14:33.664Z,178788327366400
"-- ending hand #153 --",2026-08-28T02:14:33.418Z,178788327341802
"""LingWae @ FQN9hzhzP_"" collected 40 from pot",2026-08-28T02:14:33.418Z,178788327341801
"Uncalled bet of 100 returned to ""LingWae @ FQN9hzhzP_""",2026-08-28T02:14:33.418Z,178788327341800
"""the pho king @ gpP9uUffpu"" folds",2026-08-28T02:14:32.572Z,178788327257200
"""LingWae @ FQN9hzhzP_"" raises to 120",2026-08-28T02:14:31.551Z,178788327155100
"""the pho king @ gpP9uUffpu"" posts a big blind of 20",2026-08-28T02:14:28.645Z,178788326864505
"""LingWae @ FQN9hzhzP_"" posts a small blind of 10",2026-08-28T02:14:28.645Z,178788326864504
"Your hand is 4♣, 10♠",2026-08-28T02:14:28.645Z,178788326864503
"Player stacks: #1 ""LingWae @ FQN9hzhzP_"" (2528) | #10 ""the pho king @ gpP9uUffpu"" (1472)",2026-08-28T02:14:28.645Z,178788326864501
"-- starting hand #153 (id: fj9wqdslnm8r)  No Limit Texas Hold'em (dealer: ""LingWae @ FQN9hzhzP_"") --",2026-08-28T02:14:28.645Z,178788326864500
"""LingWae @ FQN9hzhzP_"" shows a 7♣, 5♣.",2026-08-28T02:14:25.532Z,178788326553200
"""the pho king @ gpP9uUffpu"" shows a 9♠, 4♣.",2026-08-28T02:14:23.592Z,178788326359200
"Undealt cards:  [9♥, 4♦, 10♣, J♦, 10♠]",2026-08-28T02:14:21.582Z,178788326158200
"-- ending hand #152 --",2026-08-28T02:14:21.311Z,178788326131102
"""LingWae @ FQN9hzhzP_"" collected 40 from pot",2026-08-28T02:14:21.311Z,178788326131101
"Uncalled bet of 100 returned to ""LingWae @ FQN9hzhzP_""",2026-08-28T02:14:21.311Z,178788326131100
"""the pho king @ gpP9uUffpu"" folds",2026-08-28T02:14:20.496Z,178788326049600
"""LingWae @ FQN9hzhzP_"" raises to 120",2026-08-28T02:14:19.311Z,178788325931100
"""the pho king @ gpP9uUffpu"" calls 20",2026-08-28T02:14:15.893Z,178788325589300
"""LingWae @ FQN9hzhzP_"" posts a big blind of 20",2026-08-28T02:14:14.996Z,178788325499605
"""the pho king @ gpP9uUffpu"" posts a small blind of 10",2026-08-28T02:14:14.996Z,178788325499604
"Your hand is 9♠, 4♣",2026-08-28T02:14:14.996Z,178788325499603
"Player stacks: #1 ""LingWae @ FQN9hzhzP_"" (2508) | #10 ""the pho king @ gpP9uUffpu"" (1492)",2026-08-28T02:14:14.996Z,178788325499601
"-- starting hand #152 (id: loaclfekriwi)  No Limit Texas Hold'em (dealer: ""the pho king @ gpP9uUffpu"") --",2026-08-28T02:14:14.996Z,178788325499600
"""LingWae @ FQN9hzhzP_"" shows a Q♥.",2026-08-28T02:14:10.498Z,178788325049800
"""the pho king @ gpP9uUffpu"" shows a 9♥, 2♦.",2026-08-28T02:14:10.124Z,178788325012400
"Undealt cards:  [K♠, J♣, 7♦, 8♣, 10♥]",2026-08-28T02:14:08.681Z,178788324868100
"-- ending hand #151 --",2026-08-28T02:14:07.666Z,178788324766602
"""LingWae @ FQN9hzhzP_"" collected 40 from pot",2026-08-28T02:14:07.666Z,178788324766601
"Uncalled bet of 20 returned to ""LingWae @ FQN9hzhzP_""",2026-08-28T02:14:07.666Z,178788324766600
"""the pho king @ gpP9uUffpu"" folds",2026-08-28T02:14:06.839Z,178788324683900
"""LingWae @ FQN9hzhzP_"" raises to 40",2026-08-28T02:14:03.964Z,178788324396400
"""the pho king @ gpP9uUffpu"" posts a big blind of 20",2026-08-28T02:13:58.603Z,178788323860305
"""LingWae @ FQN9hzhzP_"" posts a small blind of 10",2026-08-28T02:13:58.603Z,178788323860304
"Your hand is 9♥, 2♦",2026-08-28T02:13:58.603Z,178788323860303
"Player stacks: #1 ""LingWae @ FQN9hzhzP_"" (2488) | #10 ""the pho king @ gpP9uUffpu"" (1512)",2026-08-28T02:13:58.603Z,178788323860301
"-- starting hand #151 (id: d9svbnsicipm)  No Limit Texas Hold'em (dealer: ""LingWae @ FQN9hzhzP_"") --",2026-08-28T02:13:58.603Z,178788323860300
"-- ending hand #150 --",2026-08-28T02:13:55.680Z,178788323568002
"""the pho king @ gpP9uUffpu"" collected 934 from pot",2026-08-28T02:13:55.680Z,178788323568001
"Uncalled bet of 578 returned to ""the pho king @ gpP9uUffpu""",2026-08-28T02:13:55.680Z,178788323568000
"""LingWae @ FQN9hzhzP_"" folds",2026-08-28T02:13:54.831Z,178788323483100
"""the pho king @ gpP9uUffpu"" bets 578 and go all in",2026-08-28T02:13:53.921Z,178788323392100
"""LingWae @ FQN9hzhzP_"" checks",2026-08-28T02:13:52.239Z,178788323223900
"River: 9♥, 3♥, 9♠, K♥ [4♥]",2026-08-28T02:13:49.872Z,178788322987200
"""LingWae @ FQN9hzhzP_"" calls 280",2026-08-28T02:13:49.034Z,178788322903400
"""the pho king @ gpP9uUffpu"" bets 280",2026-08-28T02:13:44.859Z,178788322485900
"""LingWae @ FQN9hzhzP_"" checks",2026-08-28T02:13:43.054Z,178788322305400
"Turn: 9♥, 3♥, 9♠ [K♥]",2026-08-28T02:13:41.458Z,178788322145800
"""the pho king @ gpP9uUffpu"" calls 67",2026-08-28T02:13:40.602Z,178788322060200
"""LingWae @ FQN9hzhzP_"" bets 67",2026-08-28T02:13:39.388Z,178788321938800
"Flop:  [9♥, 3♥, 9♠]",2026-08-28T02:13:35.557Z,178788321555700
"""the pho king @ gpP9uUffpu"" calls 120",2026-08-28T02:13:34.706Z,178788321470600
"""LingWae @ FQN9hzhzP_"" raises to 120",2026-08-28T02:13:32.623Z,178788321262300
"""the pho king @ gpP9uUffpu"" raises to 40",2026-08-28T02:13:30.069Z,178788321006900
"""LingWae @ FQN9hzhzP_"" posts a big blind of 20",2026-08-28T02:13:29.154Z,178788320915405
"""the pho king @ gpP9uUffpu"" posts a small blind of 10",2026-08-28T02:13:29.154Z,178788320915404
"Player stacks: #1 ""LingWae @ FQN9hzhzP_"" (2955) | #10 ""the pho king @ gpP9uUffpu"" (1045)",2026-08-28T02:13:29.154Z,178788320915401
"-- starting hand #150 (id: kuoyianxordj)  No Limit Texas Hold'em (dealer: ""the pho king @ gpP9uUffpu"") --",2026-08-28T02:13:29.154Z,178788320915400
"""LingWae @ FQN9hzhzP_"" shows a K♣, 5♣.",2026-08-28T02:13:23.964Z,178788320396400
"Undealt cards:  [5♦, A♥, A♦, 3♦, J♠]",2026-08-28T02:13:23.067Z,178788320306700
"""the pho king @ gpP9uUffpu"" shows a 7♠, 4♥.",2026-08-28T02:13:22.312Z,178788320231200
"-- ending hand #149 --",2026-08-28T02:13:21.776Z,178788320177602
"""LingWae @ FQN9hzhzP_"" collected 40 from pot",2026-08-28T02:13:21.776Z,178788320177601
"Uncalled bet of 100 returned to ""LingWae @ FQN9hzhzP_""",2026-08-28T02:13:21.776Z,178788320177600
"""the pho king @ gpP9uUffpu"" folds",2026-08-28T02:13:20.924Z,178788320092400
"""LingWae @ FQN9hzhzP_"" raises to 120",2026-08-28T02:13:20.010Z,178788320001000
"""the pho king @ gpP9uUffpu"" posts a big blind of 20",2026-08-28T02:13:15.577Z,178788319557705
"""LingWae @ FQN9hzhzP_"" posts a small blind of 10",2026-08-28T02:13:15.577Z,178788319557704
"Your hand is 7♠, 4♥",2026-08-28T02:13:15.577Z,178788319557703
"Player stacks: #1 ""LingWae @ FQN9hzhzP_"" (2935) | #10 ""the pho king @ gpP9uUffpu"" (1065)",2026-08-28T02:13:15.577Z,178788319557701
"-- starting hand #149 (id: apyxnsixqev4)  No Limit Texas Hold'em (dealer: ""LingWae @ FQN9hzhzP_"") --",2026-08-28T02:13:15.577Z,178788319557700
"""LingWae @ FQN9hzhzP_"" shows a 3♣, 8♦.",2026-08-28T02:13:10.939Z,178788319093900
"""the pho king @ gpP9uUffpu"" shows a 2♠.",2026-08-28T02:13:10.009Z,178788319000900
"Undealt cards: 10♣, 2♣, 7♥, A♦ [2♥]",2026-08-28T02:13:08.899Z,178788318889900
"-- ending hand #148 --",2026-08-28T02:13:08.236Z,178788318823601
"""the pho king @ gpP9uUffpu"" collected 40 from pot",2026-08-28T02:13:08.236Z,178788318823600
"""LingWae @ FQN9hzhzP_"" folds",2026-08-28T02:13:07.409Z,178788318740900
"Turn: 10♣, 2♣, 7♥ [A♦]",2026-08-28T02:13:05.307Z,178788318530700
"""the pho king @ gpP9uUffpu"" checks",2026-08-28T02:13:04.497Z,178788318449700
"""LingWae @ FQN9hzhzP_"" checks",2026-08-28T02:13:03.585Z,178788318358500
"Flop:  [10♣, 2♣, 7♥]",2026-08-28T02:13:01.620Z,178788318162000
"""LingWae @ FQN9hzhzP_"" checks",2026-08-28T02:13:00.769Z,178788318076900
"""the pho king @ gpP9uUffpu"" calls 20",2026-08-28T02:12:59.541Z,178788317954100
"""LingWae @ FQN9hzhzP_"" posts a big blind of 20",2026-08-28T02:12:58.676Z,178788317867605
"""the pho king @ gpP9uUffpu"" posts a small blind of 10",2026-08-28T02:12:58.676Z,178788317867604
"Player stacks: #1 ""LingWae @ FQN9hzhzP_"" (2955) | #10 ""the pho king @ gpP9uUffpu"" (1045)",2026-08-28T02:12:58.676Z,178788317867601
"-- starting hand #148 (id: yjtxxkec3snn)  No Limit Texas Hold'em (dealer: ""the pho king @ gpP9uUffpu"") --",2026-08-28T02:12:58.676Z,178788317867600
"""LingWae @ FQN9hzhzP_"" shows a 6♦, J♠.",2026-08-28T02:12:53.684Z,178788317368400
"Undealt cards:  [10♥, K♣, 9♣, 8♠, 10♣]",2026-08-28T02:12:52.560Z,178788317256000
"""the pho king @ gpP9uUffpu"" shows a 7♣, 3♦.",2026-08-28T02:12:51.538Z,178788317153800
"-- ending hand #147 --",2026-08-28T02:12:51.340Z,178788317134001
"""LingWae @ FQN9hzhzP_"" collected 40 from pot",2026-08-28T02:12:51.340Z,178788317134000
"""the pho king @ gpP9uUffpu"" folds",2026-08-28T02:12:50.476Z,178788317047600
"""LingWae @ FQN9hzhzP_"" calls 20",2026-08-28T02:12:48.884Z,178788316888400
"""the pho king @ gpP9uUffpu"" posts a big blind of 20",2026-08-28T02:12:47.675Z,178788316767505
"""LingWae @ FQN9hzhzP_"" posts a small blind of 10",2026-08-28T02:12:47.675Z,178788316767504
"Your hand is 7♣, 3♦",2026-08-28T02:12:47.675Z,178788316767503
"Player stacks: #1 ""LingWae @ FQN9hzhzP_"" (2935) | #10 ""the pho king @ gpP9uUffpu"" (1065)",2026-08-28T02:12:47.675Z,178788316767501
"-- starting hand #147 (id: xr7fsghzpgey)  No Limit Texas Hold'em (dealer: ""LingWae @ FQN9hzhzP_"") --",2026-08-28T02:12:47.675Z,178788316767500
"""the pho king @ gpP9uUffpu"" shows a 7♦, 3♥.",2026-08-28T02:12:42.743Z,178788316274300
"""LingWae @ FQN9hzhzP_"" shows a J♠.",2026-08-28T02:12:42.011Z,178788316201100
"Undealt cards: 5♦, 9♣, A♦, J♥ [6♣]",2026-08-28T02:12:40.799Z,178788316079900
"-- ending hand #146 --",2026-08-28T02:12:40.347Z,178788316034702
"""LingWae @ FQN9hzhzP_"" collected 40 from pot",2026-08-28T02:12:40.347Z,178788316034701
"Uncalled bet of 20 returned to ""LingWae @ FQN9hzhzP_""",2026-08-28T02:12:40.347Z,178788316034700
"""the pho king @ gpP9uUffpu"" folds",2026-08-28T02:12:39.530Z,178788315953000
"""LingWae @ FQN9hzhzP_"" bets 20",2026-08-28T02:12:37.542Z,178788315754200
"Turn: 5♦, 9♣, A♦ [J♥]",2026-08-28T02:12:35.458Z,178788315545800
"""the pho king @ gpP9uUffpu"" checks",2026-08-28T02:12:34.639Z,178788315463900
"""LingWae @ FQN9hzhzP_"" checks",2026-08-28T02:12:33.733Z,178788315373300
"Flop:  [5♦, 9♣, A♦]",2026-08-28T02:12:30.944Z,178788315094400
"""LingWae @ FQN9hzhzP_"" checks",2026-08-28T02:12:30.122Z,178788315012200
"""the pho king @ gpP9uUffpu"" calls 20",2026-08-28T02:12:26.608Z,178788314660800
"""LingWae @ FQN9hzhzP_"" posts a big blind of 20",2026-08-28T02:12:25.735Z,178788314573505
"""the pho king @ gpP9uUffpu"" posts a small blind of 10",2026-08-28T02:12:25.735Z,178788314573504
"Your hand is 7♦, 3♥",2026-08-28T02:12:25.735Z,178788314573503
"Player stacks: #1 ""LingWae @ FQN9hzhzP_"" (2915) | #10 ""the pho king @ gpP9uUffpu"" (1085)",2026-08-28T02:12:25.735Z,178788314573501
"-- starting hand #146 (id: p8c3eu2t5mpd)  No Limit Texas Hold'em (dealer: ""the pho king @ gpP9uUffpu"") --",2026-08-28T02:12:25.735Z,178788314573500
"""the pho king @ gpP9uUffpu"" shows a 10♥.",2026-08-28T02:12:22.640Z,178788314264000
"""LingWae @ FQN9hzhzP_"" shows a 9♠, Q♣.",2026-08-28T02:12:20.944Z,178788314094400
"Undealt cards: 4♥, 10♦, K♠, J♣ [4♠]",2026-08-28T02:12:18.870Z,178788313887000
"-- ending hand #145 --",2026-08-28T02:12:18.431Z,178788313843102
"""LingWae @ FQN9hzhzP_"" collected 80 from pot",2026-08-28T02:12:18.431Z,178788313843101
"Uncalled bet of 30 returned to ""LingWae @ FQN9hzhzP_""",2026-08-28T02:12:18.431Z,178788313843100
"""the pho king @ gpP9uUffpu"" folds",2026-08-28T02:12:17.538Z,178788313753800
"""LingWae @ FQN9hzhzP_"" bets 30",2026-08-28T02:12:13.585Z,178788313358500
"""the pho king @ gpP9uUffpu"" checks",2026-08-28T02:12:07.566Z,178788312756600
"Turn: 4♥, 10♦, K♠ [J♣]",2026-08-28T02:12:06.031Z,178788312603100
"""LingWae @ FQN9hzhzP_"" calls 20",2026-08-28T02:12:05.214Z,178788312521400
"""the pho king @ gpP9uUffpu"" bets 20",2026-08-28T02:11:47.917Z,178788310791700
"Flop:  [4♥, 10♦, K♠]",2026-08-28T02:11:46.494Z,178788310649400
"""the pho king @ gpP9uUffpu"" checks",2026-08-28T02:11:45.636Z,178788310563600
"""LingWae @ FQN9hzhzP_"" calls 20",2026-08-28T02:11:44.732Z,178788310473200
"""the pho king @ gpP9uUffpu"" posts a big blind of 20",2026-08-28T02:11:43.288Z,178788310328805
"""LingWae @ FQN9hzhzP_"" posts a small blind of 10",2026-08-28T02:11:43.288Z,178788310328804
"Player stacks: #1 ""LingWae @ FQN9hzhzP_"" (2875) | #10 ""the pho king @ gpP9uUffpu"" (1125)",2026-08-28T02:11:43.288Z,178788310328801
"-- starting hand #145 (id: b8sfdbzoghe5)  No Limit Texas Hold'em (dealer: ""LingWae @ FQN9hzhzP_"") --",2026-08-28T02:11:43.288Z,178788310328800
"""LingWae @ FQN9hzhzP_"" shows a 5♦, A♥.",2026-08-28T02:11:40.586Z,178788310058600
"-- ending hand #144 --",2026-08-28T02:11:36.720Z,178788309672002
"""the pho king @ gpP9uUffpu"" collected 320 from pot with Flush, K High (combination: 4♣, 5♣, 9♣, Q♣, K♣)",2026-08-28T02:11:36.720Z,178788309672001
"""the pho king @ gpP9uUffpu"" shows a 5♣, 9♣.",2026-08-28T02:11:36.720Z,178788309672000
"""LingWae @ FQN9hzhzP_"" calls 20",2026-08-28T02:11:35.898Z,178788309589800
"""the pho king @ gpP9uUffpu"" bets 20",2026-08-28T02:11:34.927Z,178788309492700
"""LingWae @ FQN9hzhzP_"" checks",2026-08-28T02:11:31.326Z,178788309132600
"River: 4♣, K♣, 3♦, Q♣ [3♣]",2026-08-28T02:11:29.269Z,178788308926900
"""LingWae @ FQN9hzhzP_"" calls 60",2026-08-28T02:11:28.364Z,178788308836400
"""the pho king @ gpP9uUffpu"" bets 60",2026-08-28T02:11:27.430Z,178788308743000
"""LingWae @ FQN9hzhzP_"" checks",2026-08-28T02:11:24.710Z,178788308471000
"Turn: 4♣, K♣, 3♦ [Q♣]",2026-08-28T02:11:22.464Z,178788308246400
"""LingWae @ FQN9hzhzP_"" calls 40",2026-08-28T02:11:21.650Z,178788308165000
"""the pho king @ gpP9uUffpu"" bets 40",2026-08-28T02:11:20.724Z,178788308072400
"""LingWae @ FQN9hzhzP_"" checks",2026-08-28T02:11:18.682Z,178788307868200
"Flop:  [4♣, K♣, 3♦]",2026-08-28T02:11:16.949Z,178788307694900
"""LingWae @ FQN9hzhzP_"" calls 40",2026-08-28T02:11:16.117Z,178788307611700
"""the pho king @ gpP9uUffpu"" raises to 40",2026-08-28T02:11:13.519Z,178788307351900
"""LingWae @ FQN9hzhzP_"" posts a big blind of 20",2026-08-28T02:11:12.499Z,178788307249905
"""the pho king @ gpP9uUffpu"" posts a small blind of 10",2026-08-28T02:11:12.499Z,178788307249904
"Your hand is 5♣, 9♣",2026-08-28T02:11:12.499Z,178788307249903
"Player stacks: #1 ""LingWae @ FQN9hzhzP_"" (3035) | #10 ""the pho king @ gpP9uUffpu"" (965)",2026-08-28T02:11:12.499Z,178788307249901
"-- starting hand #144 (id: ezwxraopijn6)  No Limit Texas Hold'em (dealer: ""the pho king @ gpP9uUffpu"") --",2026-08-28T02:11:12.499Z,178788307249900
"""LingWae @ FQN9hzhzP_"" shows a 9♣, J♦.",2026-08-28T02:11:10.305Z,178788307030500
"-- ending hand #143 --",2026-08-28T02:11:08.895Z,178788306889502
"""the pho king @ gpP9uUffpu"" collected 80 from pot",2026-08-28T02:11:08.895Z,178788306889501
"Uncalled bet of 100 returned to ""the pho king @ gpP9uUffpu""",2026-08-28T02:11:08.895Z,178788306889500
"""LingWae @ FQN9hzhzP_"" folds",2026-08-28T02:11:08.058Z,178788306805800
"""the pho king @ gpP9uUffpu"" bets 100",2026-08-28T02:11:01.901Z,178788306190100
"River: 6♥, 6♦, 8♣, 10♦ [8♠]",2026-08-28T02:10:59.498Z,178788305949800
"""LingWae @ FQN9hzhzP_"" calls 20",2026-08-28T02:10:58.675Z,178788305867500
"""the pho king @ gpP9uUffpu"" bets 20",2026-08-28T02:10:57.072Z,178788305707200
"Turn: 6♥, 6♦, 8♣ [10♦]",2026-08-28T02:10:55.759Z,178788305575900
"""LingWae @ FQN9hzhzP_"" checks",2026-08-28T02:10:54.950Z,178788305495000
"""the pho king @ gpP9uUffpu"" checks",2026-08-28T02:10:53.231Z,178788305323100
"Flop:  [6♥, 6♦, 8♣]",2026-08-28T02:10:51.856Z,178788305185600
"""the pho king @ gpP9uUffpu"" checks",2026-08-28T02:10:51.007Z,178788305100700
"""LingWae @ FQN9hzhzP_"" calls 20",2026-08-28T02:10:49.435Z,178788304943500
"""the pho king @ gpP9uUffpu"" posts a big blind of 20",2026-08-28T02:10:48.060Z,178788304806005
"""LingWae @ FQN9hzhzP_"" posts a small blind of 10",2026-08-28T02:10:48.060Z,178788304806004
"Player stacks: #1 ""LingWae @ FQN9hzhzP_"" (3075) | #10 ""the pho king @ gpP9uUffpu"" (925)",2026-08-28T02:10:48.060Z,178788304806001
"-- starting hand #143 (id: hc3cxnpt7ow8)  No Limit Texas Hold'em (dealer: ""LingWae @ FQN9hzhzP_"") --",2026-08-28T02:10:48.060Z,178788304806000
"""the pho king @ gpP9uUffpu"" shows a J♣, 3♥.",2026-08-28T02:10:45.096Z,178788304509600
"""LingWae @ FQN9hzhzP_"" shows a 10♥, 10♠.",2026-08-28T02:10:42.890Z,178788304289000
"Undealt cards:  [7♣, 6♠, 5♠, 2♦, 5♥]",2026-08-28T02:10:40.887Z,178788304088700
"-- ending hand #142 --",2026-08-28T02:10:40.686Z,178788304068602
"""LingWae @ FQN9hzhzP_"" collected 40 from pot",2026-08-28T02:10:40.686Z,178788304068601
"Uncalled bet of 220 returned to ""LingWae @ FQN9hzhzP_""",2026-08-28T02:10:40.686Z,178788304068600
"""the pho king @ gpP9uUffpu"" folds",2026-08-28T02:10:39.868Z,178788303986800
"""LingWae @ FQN9hzhzP_"" raises to 240",2026-08-28T02:10:38.858Z,178788303885800
"""the pho king @ gpP9uUffpu"" calls 20",2026-08-28T02:10:33.911Z,178788303391100
"""LingWae @ FQN9hzhzP_"" posts a big blind of 20",2026-08-28T02:10:33.056Z,178788303305605
"""the pho king @ gpP9uUffpu"" posts a small blind of 10",2026-08-28T02:10:33.056Z,178788303305604
"Your hand is J♣, 3♥",2026-08-28T02:10:33.056Z,178788303305603
"Player stacks: #1 ""LingWae @ FQN9hzhzP_"" (3055) | #10 ""the pho king @ gpP9uUffpu"" (945)",2026-08-28T02:10:33.056Z,178788303305601
"-- starting hand #142 (id: io5fgvigvffp)  No Limit Texas Hold'em (dealer: ""the pho king @ gpP9uUffpu"") --",2026-08-28T02:10:33.056Z,178788303305600
"""LingWae @ FQN9hzhzP_"" shows a 8♣, 6♥.",2026-08-28T02:10:28.727Z,178788302872700
"-- ending hand #141 --",2026-08-28T02:10:26.444Z,178788302644402
"""the pho king @ gpP9uUffpu"" collected 120 from pot with A High (combination: 9♥, J♥, Q♣, K♦, A♥)",2026-08-28T02:10:26.444Z,178788302644401
"""the pho king @ gpP9uUffpu"" shows a 9♥, K♦.",2026-08-28T02:10:26.444Z,178788302644400
"""LingWae @ FQN9hzhzP_"" checks",2026-08-28T02:10:25.541Z,178788302554100
"""the pho king @ gpP9uUffpu"" checks",2026-08-28T02:10:24.578Z,178788302457800
"River: 2♣, J♥, Q♣, A♥ [5♣]",2026-08-28T02:10:22.645Z,178788302264500
"""LingWae @ FQN9hzhzP_"" checks",2026-08-28T02:10:21.743Z,178788302174300
"""the pho king @ gpP9uUffpu"" checks",2026-08-28T02:10:20.735Z,178788302073500
"Turn: 2♣, J♥, Q♣ [A♥]",2026-08-28T02:10:18.433Z,178788301843300
"""LingWae @ FQN9hzhzP_"" checks",2026-08-28T02:10:17.523Z,178788301752300
"""the pho king @ gpP9uUffpu"" checks",2026-08-28T02:10:16.052Z,178788301605200
"Flop:  [2♣, J♥, Q♣]",2026-08-28T02:10:15.061Z,178788301506100
"""LingWae @ FQN9hzhzP_"" calls 60",2026-08-28T02:10:14.252Z,178788301425200
"""the pho king @ gpP9uUffpu"" raises to 60",2026-08-28T02:10:11.818Z,178788301181800
"""LingWae @ FQN9hzhzP_"" calls 20",2026-08-28T02:10:10.209Z,178788301020900
"""the pho king @ gpP9uUffpu"" posts a big blind of 20",2026-08-28T02:10:08.612Z,178788300861205
"""LingWae @ FQN9hzhzP_"" posts a small blind of 10",2026-08-28T02:10:08.612Z,178788300861204
"Your hand is 9♥, K♦",2026-08-28T02:10:08.612Z,178788300861203
"Player stacks: #1 ""LingWae @ FQN9hzhzP_"" (3115) | #10 ""the pho king @ gpP9uUffpu"" (885)",2026-08-28T02:10:08.612Z,178788300861201
"-- starting hand #141 (id: gne1pqllzkkd)  No Limit Texas Hold'em (dealer: ""LingWae @ FQN9hzhzP_"") --",2026-08-28T02:10:08.612Z,178788300861200
"""LingWae @ FQN9hzhzP_"" shows a J♦.",2026-08-28T02:10:04.193Z,178788300419300
"""the pho king @ gpP9uUffpu"" shows a A♣.",2026-08-28T02:10:03.977Z,178788300397700
"""LingWae @ FQN9hzhzP_"" shows a 8♥.",2026-08-28T02:10:03.656Z,178788300365600
"Undealt cards: 8♣, K♣, 6♦, 8♠ [6♥]",2026-08-28T02:10:01.653Z,178788300165300
"-- ending hand #140 --",2026-08-28T02:10:01.248Z,178788300124802
"""LingWae @ FQN9hzhzP_"" collected 80 from pot",2026-08-28T02:10:01.248Z,178788300124801
"Uncalled bet of 67 returned to ""LingWae @ FQN9hzhzP_""",2026-08-28T02:10:01.248Z,178788300124800
"""the pho king @ gpP9uUffpu"" folds",2026-08-28T02:10:00.367Z,178788300036700
"""LingWae @ FQN9hzhzP_"" bets 67",2026-08-28T02:09:59.416Z,178788299941600
"Turn: 8♣, K♣, 6♦ [8♠]",2026-08-28T02:09:53.872Z,178788299387200
"""the pho king @ gpP9uUffpu"" checks",2026-08-28T02:09:53.004Z,178788299300400
"""LingWae @ FQN9hzhzP_"" checks",2026-08-28T02:09:52.076Z,178788299207600
"Flop:  [8♣, K♣, 6♦]",2026-08-28T02:09:47.780Z,178788298778000
"""LingWae @ FQN9hzhzP_"" calls 40",2026-08-28T02:09:46.950Z,178788298695000
"""the pho king @ gpP9uUffpu"" raises to 40",2026-08-28T02:09:44.205Z,178788298420500
"""LingWae @ FQN9hzhzP_"" posts a big blind of 20",2026-08-28T02:09:42.578Z,178788298257805
"""the pho king @ gpP9uUffpu"" posts a small blind of 10",2026-08-28T02:09:42.578Z,178788298257804
"Player stacks: #1 ""LingWae @ FQN9hzhzP_"" (3075) | #10 ""the pho king @ gpP9uUffpu"" (925)",2026-08-28T02:09:42.578Z,178788298257801
"-- starting hand #140 (id: vlcfeid6ctac)  No Limit Texas Hold'em (dealer: ""the pho king @ gpP9uUffpu"") --",2026-08-28T02:09:42.578Z,178788298257800
"""LingWae @ FQN9hzhzP_"" shows a 9♦.",2026-08-28T02:09:41.076Z,178788298107600
"""LingWae @ FQN9hzhzP_"" shows a 4♥.",2026-08-28T02:09:38.771Z,178788297877100
"-- ending hand #139 --",2026-08-28T02:09:36.050Z,178788297605002
"""the pho king @ gpP9uUffpu"" collected 200 from pot with Pair, 6's (combination: 10♣, J♦, A♦, 6♦, 6♠)",2026-08-28T02:09:36.050Z,178788297605001
"""the pho king @ gpP9uUffpu"" shows a 10♣, A♦.",2026-08-28T02:09:36.050Z,178788297605000
"""LingWae @ FQN9hzhzP_"" checks",2026-08-28T02:09:35.221Z,178788297522100
"""the pho king @ gpP9uUffpu"" checks",2026-08-28T02:09:34.306Z,178788297430600
"River: 6♦, 3♥, 7♦, J♦ [6♠]",2026-08-28T02:09:32.718Z,178788297271800
"""LingWae @ FQN9hzhzP_"" calls 40",2026-08-28T02:09:31.899Z,178788297189900
"""the pho king @ gpP9uUffpu"" bets 40",2026-08-28T02:09:30.235Z,178788297023500
"Turn: 6♦, 3♥, 7♦ [J♦]",2026-08-28T02:09:27.279Z,178788296727900
"""LingWae @ FQN9hzhzP_"" checks",2026-08-28T02:09:26.471Z,178788296647100
"""the pho king @ gpP9uUffpu"" checks",2026-08-28T02:09:24.588Z,178788296458800
"Flop:  [6♦, 3♥, 7♦]",2026-08-28T02:09:22.473Z,178788296247300
"""LingWae @ FQN9hzhzP_"" calls 60",2026-08-28T02:09:21.631Z,178788296163100
"""the pho king @ gpP9uUffpu"" raises to 60",2026-08-28T02:09:20.161Z,178788296016100
"""LingWae @ FQN9hzhzP_"" calls 20",2026-08-28T02:09:17.824Z,178788295782400
"""the pho king @ gpP9uUffpu"" posts a big blind of 20",2026-08-28T02:09:09.254Z,178788294925405
"""LingWae @ FQN9hzhzP_"" posts a small blind of 10",2026-08-28T02:09:09.254Z,178788294925404
"Your hand is 10♣, A♦",2026-08-28T02:09:09.254Z,178788294925403
"Player stacks: #1 ""LingWae @ FQN9hzhzP_"" (3175) | #10 ""the pho king @ gpP9uUffpu"" (825)",2026-08-28T02:09:09.254Z,178788294925401
"-- starting hand #139 (id: ffzvu49hblfx)  No Limit Texas Hold'em (dealer: ""LingWae @ FQN9hzhzP_"") --",2026-08-28T02:09:09.254Z,178788294925400
"""the pho king @ gpP9uUffpu"" shows a 4♣, 7♥.",2026-08-28T02:09:03.997Z,178788294399700
"-- ending hand #138 --",2026-08-28T02:09:02.736Z,178788294273602
"""LingWae @ FQN9hzhzP_"" collected 120 from pot with Pair, 10's (combination: 5♦, 7♠, 8♣, 10♦, 10♣)",2026-08-28T02:09:02.736Z,178788294273601
"""LingWae @ FQN9hzhzP_"" shows a 10♦, 7♠.",2026-08-28T02:09:02.736Z,178788294273600
"""the pho king @ gpP9uUffpu"" calls 20",2026-08-28T02:09:01.907Z,178788294190700
"""LingWae @ FQN9hzhzP_"" bets 20",2026-08-28T02:09:00.946Z,178788294094600
"River: 8♣, 3♠, 5♦, 10♣ [4♠]",2026-08-28T02:08:59.403Z,178788293940300
"""the pho king @ gpP9uUffpu"" checks",2026-08-28T02:08:58.596Z,178788293859600
"""LingWae @ FQN9hzhzP_"" checks",2026-08-28T02:08:57.696Z,178788293769600
"Turn: 8♣, 3♠, 5♦ [10♣]",2026-08-28T02:08:52.901Z,178788293290100
"""the pho king @ gpP9uUffpu"" checks",2026-08-28T02:08:52.088Z,178788293208800
"""LingWae @ FQN9hzhzP_"" checks",2026-08-28T02:08:51.189Z,178788293118900
"Flop:  [8♣, 3♠, 5♦]",2026-08-28T02:08:48.771Z,178788292877100
"""LingWae @ FQN9hzhzP_"" calls 40",2026-08-28T02:08:47.943Z,178788292794300
"""the pho king @ gpP9uUffpu"" raises to 40",2026-08-28T02:08:47.039Z,178788292703900
"""LingWae @ FQN9hzhzP_"" posts a big blind of 20",2026-08-28T02:08:46.168Z,178788292616805
"""the pho king @ gpP9uUffpu"" posts a small blind of 10",2026-08-28T02:08:46.168Z,178788292616804
"Your hand is 4♣, 7♥",2026-08-28T02:08:46.168Z,178788292616803
"Player stacks: #1 ""LingWae @ FQN9hzhzP_"" (3115) | #10 ""the pho king @ gpP9uUffpu"" (885)",2026-08-28T02:08:46.168Z,178788292616801
"-- starting hand #138 (id: uar0u7emujno)  No Limit Texas Hold'em (dealer: ""the pho king @ gpP9uUffpu"") --",2026-08-28T02:08:46.168Z,178788292616800
"""LingWae @ FQN9hzhzP_"" shows a 9♠.",2026-08-28T02:08:41.667Z,178788292166700
"-- ending hand #137 --",2026-08-28T02:08:39.636Z,178788291963602
"""the pho king @ gpP9uUffpu"" collected 120 from pot with Two Pair, K's & Q's (combination: 6♥, Q♠, Q♦, K♦, K♠)",2026-08-28T02:08:39.636Z,178788291963601
"""the pho king @ gpP9uUffpu"" shows a 3♦, Q♠.",2026-08-28T02:08:39.636Z,178788291963600
"""LingWae @ FQN9hzhzP_"" calls 20",2026-08-28T02:08:38.784Z,178788291878400
"""the pho king @ gpP9uUffpu"" bets 20",2026-08-28T02:08:37.875Z,178788291787500
"River: K♦, 2♦, Q♦, 6♥ [K♠]",2026-08-28T02:08:35.883Z,178788291588300
"""LingWae @ FQN9hzhzP_"" calls 20",2026-08-28T02:08:35.047Z,178788291504700
"""the pho king @ gpP9uUffpu"" bets 20",2026-08-28T02:08:34.051Z,178788291405100
"Turn: K♦, 2♦, Q♦ [6♥]",2026-08-28T02:08:33.036Z,178788291303600
"""LingWae @ FQN9hzhzP_"" checks",2026-08-28T02:08:32.202Z,178788291220200
"""the pho king @ gpP9uUffpu"" checks",2026-08-28T02:08:30.103Z,178788291010300
"Flop:  [K♦, 2♦, Q♦]",2026-08-28T02:08:29.081Z,178788290908100
"""the pho king @ gpP9uUffpu"" checks",2026-08-28T02:08:28.256Z,178788290825600
"""LingWae @ FQN9hzhzP_"" calls 20",2026-08-28T02:08:27.348Z,178788290734800
"""the pho king @ gpP9uUffpu"" posts a big blind of 20",2026-08-28T02:08:24.387Z,178788290438705
"""LingWae @ FQN9hzhzP_"" posts a small blind of 10",2026-08-28T02:08:24.387Z,178788290438704
"Your hand is 3♦, Q♠",2026-08-28T02:08:24.387Z,178788290438703
"Player stacks: #1 ""LingWae @ FQN9hzhzP_"" (3175) | #10 ""the pho king @ gpP9uUffpu"" (825)",2026-08-28T02:08:24.387Z,178788290438701
"-- starting hand #137 (id: yjbpkuclkt6v)  No Limit Texas Hold'em (dealer: ""LingWae @ FQN9hzhzP_"") --",2026-08-28T02:08:24.387Z,178788290438700
"""LingWae @ FQN9hzhzP_"" shows a 2♠.",2026-08-28T02:08:22.058Z,178788290205800
"-- ending hand #136 --",2026-08-28T02:08:20.733Z,178788290073302
"""the pho king @ gpP9uUffpu"" collected 120 from pot",2026-08-28T02:08:20.733Z,178788290073301
"Uncalled bet of 120 returned to ""the pho king @ gpP9uUffpu""",2026-08-28T02:08:20.733Z,178788290073300
"""LingWae @ FQN9hzhzP_"" folds",2026-08-28T02:08:19.923Z,178788289992300
"""the pho king @ gpP9uUffpu"" bets 120",2026-08-28T02:08:17.194Z,178788289719400
"""LingWae @ FQN9hzhzP_"" checks",2026-08-28T02:08:15.021Z,178788289502100
"River: 4♣, Q♦, 5♣, K♦ [A♥]",2026-08-28T02:08:12.928Z,178788289292800
"""the pho king @ gpP9uUffpu"" checks",2026-08-28T02:08:12.080Z,178788289208000
"""LingWae @ FQN9hzhzP_"" checks",2026-08-28T02:08:11.180Z,178788289118000
"Turn: 4♣, Q♦, 5♣ [K♦]",2026-08-28T02:08:09.982Z,178788288998200
"""LingWae @ FQN9hzhzP_"" calls 40",2026-08-28T02:08:09.132Z,178788288913200
"""the pho king @ gpP9uUffpu"" raises to 40",2026-08-28T02:08:07.963Z,178788288796300
"""LingWae @ FQN9hzhzP_"" bets 20",2026-08-28T02:08:06.011Z,178788288601100
"Flop:  [4♣, Q♦, 5♣]",2026-08-28T02:08:02.869Z,178788288286900
"""LingWae @ FQN9hzhzP_"" checks",2026-08-28T02:08:01.977Z,178788288197700
"""the pho king @ gpP9uUffpu"" calls 20",2026-08-28T02:07:59.343Z,178788287934300
"""LingWae @ FQN9hzhzP_"" posts a big blind of 20",2026-08-28T02:07:57.250Z,178788287725005
"""the pho king @ gpP9uUffpu"" posts a small blind of 10",2026-08-28T02:07:57.250Z,178788287725004
"Player stacks: #1 ""LingWae @ FQN9hzhzP_"" (3235) | #10 ""the pho king @ gpP9uUffpu"" (765)",2026-08-28T02:07:57.250Z,178788287725001
"-- starting hand #136 (id: f3zh12azbrz7)  No Limit Texas Hold'em (dealer: ""the pho king @ gpP9uUffpu"") --",2026-08-28T02:07:57.250Z,178788287725000
"""LingWae @ FQN9hzhzP_"" shows a 2♥.",2026-08-28T02:07:52.053Z,178788287205300
"-- ending hand #135 --",2026-08-28T02:07:50.675Z,178788287067502
"""the pho king @ gpP9uUffpu"" collected 120 from pot with Pair, J's (combination: 10♦, Q♦, K♦, J♥, J♣)",2026-08-28T02:07:50.675Z,178788287067501
"""the pho king @ gpP9uUffpu"" shows a J♥, 4♥.",2026-08-28T02:07:50.675Z,178788287067500
"""LingWae @ FQN9hzhzP_"" calls 20",2026-08-28T02:07:49.859Z,178788286985900
"""the pho king @ gpP9uUffpu"" bets 20",2026-08-28T02:07:48.946Z,178788286894600
"River: 2♣, J♣, Q♦, 10♦ [K♦]",2026-08-28T02:07:47.829Z,178788286782900
"""LingWae @ FQN9hzhzP_"" calls 20",2026-08-28T02:07:46.960Z,178788286696000
"""the pho king @ gpP9uUffpu"" bets 20",2026-08-28T02:07:45.974Z,178788286597400
"Turn: 2♣, J♣, Q♦ [10♦]",2026-08-28T02:07:44.828Z,178788286482800
"""LingWae @ FQN9hzhzP_"" checks",2026-08-28T02:07:43.977Z,178788286397700
"""the pho king @ gpP9uUffpu"" checks",2026-08-28T02:07:42.003Z,178788286200300
"Flop:  [2♣, J♣, Q♦]",2026-08-28T02:07:41.019Z,178788286101900
"""the pho king @ gpP9uUffpu"" checks",2026-08-28T02:07:40.200Z,178788286020000
"""LingWae @ FQN9hzhzP_"" calls 20",2026-08-28T02:07:39.015Z,178788285901500
"""the pho king @ gpP9uUffpu"" posts a big blind of 20",2026-08-28T02:07:36.553Z,178788285655305
"""LingWae @ FQN9hzhzP_"" posts a small blind of 10",2026-08-28T02:07:36.553Z,178788285655304
"Your hand is J♥, 4♥",2026-08-28T02:07:36.553Z,178788285655303
"Player stacks: #1 ""LingWae @ FQN9hzhzP_"" (3295) | #10 ""the pho king @ gpP9uUffpu"" (705)",2026-08-28T02:07:36.553Z,178788285655301
"-- starting hand #135 (id: zjzzomluym7c)  No Limit Texas Hold'em (dealer: ""LingWae @ FQN9hzhzP_"") --",2026-08-28T02:07:36.553Z,178788285655300
"""the pho king @ gpP9uUffpu"" shows a 4♠, 8♠.",2026-08-28T02:07:32.741Z,178788285274100
"""LingWae @ FQN9hzhzP_"" shows a K♥, J♥.",2026-08-28T02:07:31.007Z,178788285100700
"Undealt cards:  [J♣, K♠, 9♣, A♠, 8♦]",2026-08-28T02:07:29.587Z,178788284958700
"-- ending hand #134 --",2026-08-28T02:07:29.208Z,178788284920802
"""LingWae @ FQN9hzhzP_"" collected 80 from pot",2026-08-28T02:07:29.208Z,178788284920801
"Uncalled bet of 120 returned to ""LingWae @ FQN9hzhzP_""",2026-08-28T02:07:29.208Z,178788284920800
"""the pho king @ gpP9uUffpu"" folds",2026-08-28T02:07:28.388Z,178788284838800
"""LingWae @ FQN9hzhzP_"" raises to 160",2026-08-28T02:07:27.278Z,178788284727800
"""the pho king @ gpP9uUffpu"" raises to 40",2026-08-28T02:07:24.793Z,178788284479300
"""LingWae @ FQN9hzhzP_"" posts a big blind of 20",2026-08-28T02:07:23.345Z,178788284334505
"""the pho king @ gpP9uUffpu"" posts a small blind of 10",2026-08-28T02:07:23.345Z,178788284334504
"Your hand is 4♠, 8♠",2026-08-28T02:07:23.345Z,178788284334503
"Player stacks: #1 ""LingWae @ FQN9hzhzP_"" (3255) | #10 ""the pho king @ gpP9uUffpu"" (745)",2026-08-28T02:07:23.345Z,178788284334501
"-- starting hand #134 (id: nu4fccevmofa)  No Limit Texas Hold'em (dealer: ""the pho king @ gpP9uUffpu"") --",2026-08-28T02:07:23.345Z,178788284334500
"""LingWae @ FQN9hzhzP_"" shows a 7♥, K♥.",2026-08-28T02:07:21.611Z,178788284161100
"""the pho king @ gpP9uUffpu"" shows a 2♥, K♠.",2026-08-28T02:07:19.651Z,178788283965100
"Undealt cards:  [6♣, Q♣, J♣, 3♣, K♣]",2026-08-28T02:07:16.152Z,178788283615200
"-- ending hand #133 --",2026-08-28T02:07:15.941Z,178788283594102
"""LingWae @ FQN9hzhzP_"" collected 40 from pot",2026-08-28T02:07:15.941Z,178788283594101
"Uncalled bet of 30 returned to ""LingWae @ FQN9hzhzP_""",2026-08-28T02:07:15.941Z,178788283594100
"""the pho king @ gpP9uUffpu"" folds",2026-08-28T02:07:15.040Z,178788283504000
"""LingWae @ FQN9hzhzP_"" raises to 50",2026-08-28T02:07:13.761Z,178788283376100
"""the pho king @ gpP9uUffpu"" posts a big blind of 20",2026-08-28T02:07:06.134Z,178788282613405
"""LingWae @ FQN9hzhzP_"" posts a small blind of 10",2026-08-28T02:07:06.134Z,178788282613404
"Your hand is 2♥, K♠",2026-08-28T02:07:06.134Z,178788282613403
"Player stacks: #1 ""LingWae @ FQN9hzhzP_"" (3235) | #10 ""the pho king @ gpP9uUffpu"" (765)",2026-08-28T02:07:06.134Z,178788282613401
"-- starting hand #133 (id: upsuqyrcczab)  No Limit Texas Hold'em (dealer: ""LingWae @ FQN9hzhzP_"") --",2026-08-28T02:07:06.134Z,178788282613400
"""the pho king @ gpP9uUffpu"" shows a 7♠.",2026-08-28T02:07:04.417Z,178788282441700
"""LingWae @ FQN9hzhzP_"" shows a 10♦.",2026-08-28T02:07:02.566Z,178788282256600
"-- ending hand #132 --",2026-08-28T02:07:01.768Z,178788282176802
"""LingWae @ FQN9hzhzP_"" collected 80 from pot",2026-08-28T02:07:01.768Z,178788282176801
"Uncalled bet of 67 returned to ""LingWae @ FQN9hzhzP_""",2026-08-28T02:07:01.768Z,178788282176800
"""the pho king @ gpP9uUffpu"" folds",2026-08-28T02:07:00.909Z,178788282090900
"""LingWae @ FQN9hzhzP_"" bets 67",2026-08-28T02:06:58.709Z,178788281870900
"River: 9♥, Q♠, 3♣, 7♦ [10♣]",2026-08-28T02:06:55.492Z,178788281549200
"""the pho king @ gpP9uUffpu"" checks",2026-08-28T02:06:54.679Z,178788281467900
"""LingWae @ FQN9hzhzP_"" checks",2026-08-28T02:06:53.772Z,178788281377200
"Turn: 9♥, Q♠, 3♣ [7♦]",2026-08-28T02:06:51.578Z,178788281157800
"""the pho king @ gpP9uUffpu"" checks",2026-08-28T02:06:50.759Z,178788281075900
"""LingWae @ FQN9hzhzP_"" checks",2026-08-28T02:06:49.857Z,178788280985700
"Flop:  [9♥, Q♠, 3♣]",2026-08-28T02:06:47.489Z,178788280748900
"""LingWae @ FQN9hzhzP_"" calls 40",2026-08-28T02:06:46.655Z,178788280665500
"""the pho king @ gpP9uUffpu"" raises to 40",2026-08-28T02:06:39.215Z,178788279921500
"""LingWae @ FQN9hzhzP_"" posts a big blind of 20",2026-08-28T02:06:38.019Z,178788279801905
"""the pho king @ gpP9uUffpu"" posts a small blind of 10",2026-08-28T02:06:38.019Z,178788279801904
"Player stacks: #1 ""LingWae @ FQN9hzhzP_"" (3195) | #10 ""the pho king @ gpP9uUffpu"" (805)",2026-08-28T02:06:38.019Z,178788279801901
"-- starting hand #132 (id: ggflqv3gapfb)  No Limit Texas Hold'em (dealer: ""the pho king @ gpP9uUffpu"") --",2026-08-28T02:06:38.019Z,178788279801900
"""LingWae @ FQN9hzhzP_"" shows a 7♠, 4♠.",2026-08-28T02:06:35.167Z,178788279516700
"-- ending hand #131 --",2026-08-28T02:06:34.368Z,178788279436802
"""LingWae @ FQN9hzhzP_"" collected 80 from pot",2026-08-28T02:06:34.368Z,178788279436801
"Uncalled bet of 67 returned to ""LingWae @ FQN9hzhzP_""",2026-08-28T02:06:34.368Z,178788279436800
"""the pho king @ gpP9uUffpu"" folds",2026-08-28T02:06:33.515Z,178788279351500
"""LingWae @ FQN9hzhzP_"" bets 67",2026-08-28T02:06:32.566Z,178788279256600
"""the pho king @ gpP9uUffpu"" checks",2026-08-28T02:06:30.049Z,178788279004900
"River: 3♣, 6♣, A♦, 7♦ [7♥]",2026-08-28T02:06:28.677Z,178788278867700
"""the pho king @ gpP9uUffpu"" calls 20",2026-08-28T02:06:27.860Z,178788278786000
"""LingWae @ FQN9hzhzP_"" bets 20",2026-08-28T02:06:26.885Z,178788278688500
"""the pho king @ gpP9uUffpu"" checks",2026-08-28T02:06:23.423Z,178788278342300
"Turn: 3♣, 6♣, A♦ [7♦]",2026-08-28T02:06:22.570Z,178788278257000
"""LingWae @ FQN9hzhzP_"" checks",2026-08-28T02:06:21.731Z,178788278173100
"""the pho king @ gpP9uUffpu"" checks",2026-08-28T02:06:19.391Z,178788277939100
"Flop:  [3♣, 6♣, A♦]",2026-08-28T02:06:18.364Z,178788277836400
"""the pho king @ gpP9uUffpu"" checks",2026-08-28T02:06:17.499Z,178788277749900
"""LingWae @ FQN9hzhzP_"" calls 20",2026-08-28T02:06:15.925Z,178788277592500
"""the pho king @ gpP9uUffpu"" posts a big blind of 20",2026-08-28T02:06:05.750Z,178788276575005
"""LingWae @ FQN9hzhzP_"" posts a small blind of 10",2026-08-28T02:06:05.750Z,178788276575004
"Player stacks: #1 ""LingWae @ FQN9hzhzP_"" (3155) | #10 ""the pho king @ gpP9uUffpu"" (845)",2026-08-28T02:06:05.750Z,178788276575001
"-- starting hand #131 (id: fife8ehl3r5o)  No Limit Texas Hold'em (dealer: ""LingWae @ FQN9hzhzP_"") --",2026-08-28T02:06:05.750Z,178788276575000
"-- ending hand #130 --",2026-08-28T02:05:59.662Z,178788275966202
"""LingWae @ FQN9hzhzP_"" collected 534 from pot with Three of a Kind, 8's (combination: 6♣, Q♥, 8♠, 8♦, 8♥)",2026-08-28T02:05:59.662Z,178788275966201
"""LingWae @ FQN9hzhzP_"" shows a Q♥, 8♠.",2026-08-28T02:05:59.662Z,178788275966200
"""the pho king @ gpP9uUffpu"" calls 160",2026-08-28T02:05:58.791Z,178788275879100
"""LingWae @ FQN9hzhzP_"" bets 160",2026-08-28T02:05:57.620Z,178788275762000
"River: 8♦, 8♥, 3♥, 6♣ [5♦]",2026-08-28T02:05:53.660Z,178788275366000
"""the pho king @ gpP9uUffpu"" calls 67",2026-08-28T02:05:52.839Z,178788275283900
"""LingWae @ FQN9hzhzP_"" bets 67",2026-08-28T02:05:51.934Z,178788275193400
"Turn: 8♦, 8♥, 3♥ [6♣]",2026-08-28T02:05:49.256Z,178788274925600
"""the pho king @ gpP9uUffpu"" calls 20",2026-08-28T02:05:48.432Z,178788274843200
"""LingWae @ FQN9hzhzP_"" bets 20",2026-08-28T02:05:47.518Z,178788274751800
"Flop:  [8♦, 8♥, 3♥]",2026-08-28T02:05:38.154Z,178788273815400
"""LingWae @ FQN9hzhzP_"" checks",2026-08-28T02:05:37.299Z,178788273729900
"""the pho king @ gpP9uUffpu"" calls 20",2026-08-28T02:05:34.446Z,178788273444600
"""LingWae @ FQN9hzhzP_"" posts a big blind of 20",2026-08-28T02:05:32.757Z,178788273275705
"""the pho king @ gpP9uUffpu"" posts a small blind of 10",2026-08-28T02:05:32.757Z,178788273275704
"Player stacks: #1 ""LingWae @ FQN9hzhzP_"" (2888) | #10 ""the pho king @ gpP9uUffpu"" (1112)",2026-08-28T02:05:32.757Z,178788273275701
"-- starting hand #130 (id: ltgsnnnbeeex)  No Limit Texas Hold'em (dealer: ""the pho king @ gpP9uUffpu"") --",2026-08-28T02:05:32.757Z,178788273275700
"""LingWae @ FQN9hzhzP_"" shows a 9♠.",2026-08-28T02:05:28.647Z,178788272864700
"Undealt cards: 5♥, 4♦, 9♦ [J♣, 2♦]",2026-08-28T02:05:27.582Z,178788272758200
"-- ending hand #129 --",2026-08-28T02:05:26.148Z,178788272614802
"""LingWae @ FQN9hzhzP_"" collected 40 from pot",2026-08-28T02:05:26.148Z,178788272614801
"Uncalled bet of 67 returned to ""LingWae @ FQN9hzhzP_""",2026-08-28T02:05:26.148Z,178788272614800
"""the pho king @ gpP9uUffpu"" folds",2026-08-28T02:05:25.302Z,178788272530200
"""LingWae @ FQN9hzhzP_"" bets 67",2026-08-28T02:05:23.768Z,178788272376800
"""the pho king @ gpP9uUffpu"" checks",2026-08-28T02:05:20.590Z,178788272059000
"Flop:  [5♥, 4♦, 9♦]",2026-08-28T02:05:19.270Z,178788271927000
"""the pho king @ gpP9uUffpu"" checks",2026-08-28T02:05:18.427Z,178788271842700
"""LingWae @ FQN9hzhzP_"" calls 20",2026-08-28T02:05:17.448Z,178788271744800
"""the pho king @ gpP9uUffpu"" posts a big blind of 20",2026-08-28T02:05:15.743Z,178788271574305
"""LingWae @ FQN9hzhzP_"" posts a small blind of 10",2026-08-28T02:05:15.743Z,178788271574304
"Player stacks: #1 ""LingWae @ FQN9hzhzP_"" (2868) | #10 ""the pho king @ gpP9uUffpu"" (1132)",2026-08-28T02:05:15.743Z,178788271574301
"-- starting hand #129 (id: imqjff4bdgve)  No Limit Texas Hold'em (dealer: ""LingWae @ FQN9hzhzP_"") --",2026-08-28T02:05:15.743Z,178788271574300
"""the pho king @ gpP9uUffpu"" shows a 5♦.",2026-08-28T02:05:10.826Z,178788271082600
"-- ending hand #128 --",2026-08-28T02:05:09.193Z,178788270919302
"""LingWae @ FQN9hzhzP_"" collected 388 from pot with Straight, 10 High (combination: 6♠, 7♦, 8♠, 9♣, 10♥)",2026-08-28T02:05:09.193Z,178788270919301
"""LingWae @ FQN9hzhzP_"" shows a 10♥, 2♥.",2026-08-28T02:05:09.193Z,178788270919300
"""the pho king @ gpP9uUffpu"" calls 67",2026-08-28T02:05:08.375Z,178788270837500
"""LingWae @ FQN9hzhzP_"" bets 67",2026-08-28T02:05:07.445Z,178788270744500
"River: 6♠, 7♦, 8♠, 9♣ [K♦]",2026-08-28T02:05:02.245Z,178788270224500
"""the pho king @ gpP9uUffpu"" calls 67",2026-08-28T02:05:01.368Z,178788270136800
"""LingWae @ FQN9hzhzP_"" bets 67",2026-08-28T02:05:00.306Z,178788270030600
"Turn: 6♠, 7♦, 8♠ [9♣]",2026-08-28T02:04:55.979Z,178788269597900
"""the pho king @ gpP9uUffpu"" calls 20",2026-08-28T02:04:55.156Z,178788269515600
"""LingWae @ FQN9hzhzP_"" bets 20",2026-08-28T02:04:54.035Z,178788269403500
"Flop:  [6♠, 7♦, 8♠]",2026-08-28T02:04:49.179Z,178788268917900
"""LingWae @ FQN9hzhzP_"" calls 40",2026-08-28T02:04:48.325Z,178788268832500
"""the pho king @ gpP9uUffpu"" raises to 40",2026-08-28T02:04:46.549Z,178788268654900
"""LingWae @ FQN9hzhzP_"" posts a big blind of 20",2026-08-28T02:04:45.375Z,178788268537505
"""the pho king @ gpP9uUffpu"" posts a small blind of 10",2026-08-28T02:04:45.375Z,178788268537504
"Player stacks: #1 ""LingWae @ FQN9hzhzP_"" (2674) | #10 ""the pho king @ gpP9uUffpu"" (1326)",2026-08-28T02:04:45.375Z,178788268537501
"-- starting hand #128 (id: w1t0wlytepbo)  No Limit Texas Hold'em (dealer: ""the pho king @ gpP9uUffpu"") --",2026-08-28T02:04:45.375Z,178788268537500
"-- ending hand #127 --",2026-08-28T02:04:42.375Z,178788268237502
"""the pho king @ gpP9uUffpu"" collected 80 from pot",2026-08-28T02:04:42.375Z,178788268237501
"Uncalled bet of 240 returned to ""the pho king @ gpP9uUffpu""",2026-08-28T02:04:42.375Z,178788268237500
"""LingWae @ FQN9hzhzP_"" folds",2026-08-28T02:04:41.569Z,178788268156900
"""the pho king @ gpP9uUffpu"" bets 240",2026-08-28T02:04:40.634Z,178788268063400
"River: 5♦, 8♥, 9♣, A♥ [3♦]",2026-08-28T02:04:35.797Z,178788267579700
"""LingWae @ FQN9hzhzP_"" calls 20",2026-08-28T02:04:34.978Z,178788267497800
"""the pho king @ gpP9uUffpu"" bets 20",2026-08-28T02:04:33.871Z,178788267387100
"Turn: 5♦, 8♥, 9♣ [A♥]",2026-08-28T02:04:32.371Z,178788267237100
"""LingWae @ FQN9hzhzP_"" checks",2026-08-28T02:04:31.459Z,178788267145900
"""the pho king @ gpP9uUffpu"" checks",2026-08-28T02:04:29.859Z,178788266985900
"Flop:  [5♦, 8♥, 9♣]",2026-08-28T02:04:29.258Z,178788266925800
"""the pho king @ gpP9uUffpu"" checks",2026-08-28T02:04:28.449Z,178788266844900
"""LingWae @ FQN9hzhzP_"" calls 20",2026-08-28T02:04:27.093Z,178788266709300
"""the pho king @ gpP9uUffpu"" posts a big blind of 20",2026-08-28T02:04:25.952Z,178788266595205
"""LingWae @ FQN9hzhzP_"" posts a small blind of 10",2026-08-28T02:04:25.952Z,178788266595204
"Player stacks: #1 ""LingWae @ FQN9hzhzP_"" (2714) | #10 ""the pho king @ gpP9uUffpu"" (1286)",2026-08-28T02:04:25.952Z,178788266595201
"-- starting hand #127 (id: oqa1r30gd4sc)  No Limit Texas Hold'em (dealer: ""LingWae @ FQN9hzhzP_"") --",2026-08-28T02:04:25.952Z,178788266595200
"-- ending hand #126 --",2026-08-28T02:04:19.940Z,178788265994003
"""the pho king @ gpP9uUffpu"" collected 200 from pot with Two Pair, Q's & 4's (combination: A♦, 4♠, 4♣, Q♦, Q♥)",2026-08-28T02:04:19.940Z,178788265994002
"""the pho king @ gpP9uUffpu"" shows a A♦, 4♠.",2026-08-28T02:04:19.940Z,178788265994001
"""LingWae @ FQN9hzhzP_"" shows a 6♦, A♠.",2026-08-28T02:04:19.940Z,178788265994000
"""the pho king @ gpP9uUffpu"" calls 20",2026-08-28T02:04:19.065Z,178788265906500
"""LingWae @ FQN9hzhzP_"" bets 20",2026-08-28T02:04:18.153Z,178788265815300
"River: Q♦, 5♣, Q♥, 10♦ [4♣]",2026-08-28T02:04:16.812Z,178788265681200
"""the pho king @ gpP9uUffpu"" checks",2026-08-28T02:04:16.006Z,178788265600600
"""LingWae @ FQN9hzhzP_"" checks",2026-08-28T02:04:14.764Z,178788265476400
"Turn: Q♦, 5♣, Q♥ [10♦]",2026-08-28T02:04:13.574Z,178788265357400
"""the pho king @ gpP9uUffpu"" calls 20",2026-08-28T02:04:12.733Z,178788265273300
"""LingWae @ FQN9hzhzP_"" bets 20",2026-08-28T02:04:11.758Z,178788265175800
"Flop:  [Q♦, 5♣, Q♥]",2026-08-28T02:04:08.174Z,178788264817400
"""LingWae @ FQN9hzhzP_"" calls 60",2026-08-28T02:04:07.355Z,178788264735500
"""the pho king @ gpP9uUffpu"" raises to 60",2026-08-28T02:04:06.380Z,178788264638000
"""LingWae @ FQN9hzhzP_"" posts a big blind of 20",2026-08-28T02:04:04.921Z,178788264492105
"""the pho king @ gpP9uUffpu"" posts a small blind of 10",2026-08-28T02:04:04.921Z,178788264492104
"Your hand is A♦, 4♠",2026-08-28T02:04:04.921Z,178788264492103
"Player stacks: #1 ""LingWae @ FQN9hzhzP_"" (2814) | #10 ""the pho king @ gpP9uUffpu"" (1186)",2026-08-28T02:04:04.921Z,178788264492101
"-- starting hand #126 (id: y5beeowj1gro)  No Limit Texas Hold'em (dealer: ""the pho king @ gpP9uUffpu"") --",2026-08-28T02:04:04.921Z,178788264492100
"""LingWae @ FQN9hzhzP_"" shows a 3♦, 3♠.",2026-08-28T02:04:01.583Z,178788264158300
"Undealt cards:  [5♦, Q♠, A♦, 10♠, 5♥]",2026-08-28T02:03:59.445Z,178788263944500
"-- ending hand #125 --",2026-08-28T02:03:58.271Z,178788263827102
"""LingWae @ FQN9hzhzP_"" collected 40 from pot",2026-08-28T02:03:58.271Z,178788263827101
"Uncalled bet of 220 returned to ""LingWae @ FQN9hzhzP_""",2026-08-28T02:03:58.271Z,178788263827100
"""the pho king @ gpP9uUffpu"" folds",2026-08-28T02:03:57.456Z,178788263745600
"""LingWae @ FQN9hzhzP_"" raises to 240",2026-08-28T02:03:56.521Z,178788263652100
"""the pho king @ gpP9uUffpu"" posts a big blind of 20",2026-08-28T02:03:52.266Z,178788263226605
"""LingWae @ FQN9hzhzP_"" posts a small blind of 10",2026-08-28T02:03:52.266Z,178788263226604
"Player stacks: #1 ""LingWae @ FQN9hzhzP_"" (2794) | #10 ""the pho king @ gpP9uUffpu"" (1206)",2026-08-28T02:03:52.266Z,178788263226601
"-- starting hand #125 (id: 3febwlslnjet)  No Limit Texas Hold'em (dealer: ""LingWae @ FQN9hzhzP_"") --",2026-08-28T02:03:52.266Z,178788263226600
"""the pho king @ gpP9uUffpu"" shows a 3♥, J♠.",2026-08-28T02:03:48.891Z,178788262889100
"""LingWae @ FQN9hzhzP_"" shows a 5♣, 5♥.",2026-08-28T02:03:47.464Z,178788262746400
"Undealt cards:  [K♥, 9♣, Q♦, 4♠, 5♦]",2026-08-28T02:03:45.296Z,178788262529600
"-- ending hand #124 --",2026-08-28T02:03:44.864Z,178788262486402
"""LingWae @ FQN9hzhzP_"" collected 20 from pot",2026-08-28T02:03:44.864Z,178788262486401
"Uncalled bet of 10 returned to ""LingWae @ FQN9hzhzP_""",2026-08-28T02:03:44.864Z,178788262486400
"""the pho king @ gpP9uUffpu"" folds",2026-08-28T02:03:44.026Z,178788262402600
"""LingWae @ FQN9hzhzP_"" posts a big blind of 20",2026-08-28T02:03:42.261Z,178788262226105
"""the pho king @ gpP9uUffpu"" posts a small blind of 10",2026-08-28T02:03:42.261Z,178788262226104
"Your hand is 3♥, J♠",2026-08-28T02:03:42.261Z,178788262226103
"Player stacks: #1 ""LingWae @ FQN9hzhzP_"" (2784) | #10 ""the pho king @ gpP9uUffpu"" (1216)",2026-08-28T02:03:42.261Z,178788262226101
"-- starting hand #124 (id: seiwvxcvhqr4)  No Limit Texas Hold'em (dealer: ""the pho king @ gpP9uUffpu"") --",2026-08-28T02:03:42.261Z,178788262226100
"""LingWae @ FQN9hzhzP_"" shows a 6♠.",2026-08-28T02:03:37.703Z,178788261770300
"-- ending hand #123 --",2026-08-28T02:03:35.686Z,178788261568602
"""the pho king @ gpP9uUffpu"" collected 160 from pot with Pair, 7's (combination: J♥, Q♥, K♣, 7♥, 7♣)",2026-08-28T02:03:35.686Z,178788261568601
"""the pho king @ gpP9uUffpu"" shows a 7♥, Q♥.",2026-08-28T02:03:35.686Z,178788261568600
"""LingWae @ FQN9hzhzP_"" calls 20",2026-08-28T02:03:34.868Z,178788261486800
"""the pho king @ gpP9uUffpu"" bets 20",2026-08-28T02:03:33.584Z,178788261358400
"River: K♣, J♥, 9♣, 3♥ [7♣]",2026-08-28T02:03:32.254Z,178788261225400
"""LingWae @ FQN9hzhzP_"" checks",2026-08-28T02:03:31.360Z,178788261136000
"""the pho king @ gpP9uUffpu"" checks",2026-08-28T02:03:30.438Z,178788261043800
"Turn: K♣, J♥, 9♣ [3♥]",2026-08-28T02:03:29.478Z,178788260947800
"""LingWae @ FQN9hzhzP_"" checks",2026-08-28T02:03:28.649Z,178788260864900
"""the pho king @ gpP9uUffpu"" checks",2026-08-28T02:03:27.733Z,178788260773300
"Flop:  [K♣, J♥, 9♣]",2026-08-28T02:03:25.890Z,178788260589000
"""LingWae @ FQN9hzhzP_"" calls 60",2026-08-28T02:03:25.082Z,178788260508200
"""the pho king @ gpP9uUffpu"" raises to 60",2026-08-28T02:03:23.633Z,178788260363300
"""LingWae @ FQN9hzhzP_"" calls 20",2026-08-28T02:03:21.769Z,178788260176900
"""the pho king @ gpP9uUffpu"" posts a big blind of 20",2026-08-28T02:03:12.214Z,178788259221405
"""LingWae @ FQN9hzhzP_"" posts a small blind of 10",2026-08-28T02:03:12.214Z,178788259221404
"Your hand is 7♥, Q♥",2026-08-28T02:03:12.214Z,178788259221403
"Player stacks: #1 ""LingWae @ FQN9hzhzP_"" (2864) | #10 ""the pho king @ gpP9uUffpu"" (1136)",2026-08-28T02:03:12.214Z,178788259221401
"-- starting hand #123 (id: ckb7qm3z2u5o)  No Limit Texas Hold'em (dealer: ""LingWae @ FQN9hzhzP_"") --",2026-08-28T02:03:12.214Z,178788259221400
"-- ending hand #122 --",2026-08-28T02:03:09.288Z,178788258928802
"""the pho king @ gpP9uUffpu"" collected 120 from pot",2026-08-28T02:03:09.288Z,178788258928801
"Uncalled bet of 120 returned to ""the pho king @ gpP9uUffpu""",2026-08-28T02:03:09.288Z,178788258928800
"""LingWae @ FQN9hzhzP_"" folds",2026-08-28T02:03:08.483Z,178788258848300
"""the pho king @ gpP9uUffpu"" bets 120",2026-08-28T02:03:06.148Z,178788258614800
"""LingWae @ FQN9hzhzP_"" checks",2026-08-28T02:03:04.368Z,178788258436800
"River: 4♦, 2♦, 8♣, 9♠ [4♥]",2026-08-28T02:02:54.601Z,178788257460100
"""the pho king @ gpP9uUffpu"" checks",2026-08-28T02:02:53.785Z,178788257378500
"""LingWae @ FQN9hzhzP_"" checks",2026-08-28T02:02:52.865Z,178788257286500
"Turn: 4♦, 2♦, 8♣ [9♠]",2026-08-28T02:02:51.174Z,178788257117400
"""the pho king @ gpP9uUffpu"" checks",2026-08-28T02:02:50.315Z,178788257031500
"""LingWae @ FQN9hzhzP_"" checks",2026-08-28T02:02:49.369Z,178788256936900
"Flop:  [4♦, 2♦, 8♣]",2026-08-28T02:02:43.396Z,178788256339600
"""LingWae @ FQN9hzhzP_"" calls 60",2026-08-28T02:02:42.584Z,178788256258400
"""the pho king @ gpP9uUffpu"" raises to 60",2026-08-28T02:02:38.998Z,178788255899800
"""LingWae @ FQN9hzhzP_"" posts a big blind of 20",2026-08-28T02:02:37.963Z,178788255796305
"""the pho king @ gpP9uUffpu"" posts a small blind of 10",2026-08-28T02:02:37.963Z,178788255796304
"Player stacks: #1 ""LingWae @ FQN9hzhzP_"" (2924) | #10 ""the pho king @ gpP9uUffpu"" (1076)",2026-08-28T02:02:37.963Z,178788255796301
"-- starting hand #122 (id: mgl6b2kwnre9)  No Limit Texas Hold'em (dealer: ""the pho king @ gpP9uUffpu"") --",2026-08-28T02:02:37.963Z,178788255796300
"Undealt cards:  [Q♦, 9♦, 8♠, 8♥, 2♦]",2026-08-28T02:02:33.285Z,178788255328500
"-- ending hand #121 --",2026-08-28T02:02:31.989Z,178788255198902
"""the pho king @ gpP9uUffpu"" collected 20 from pot",2026-08-28T02:02:31.989Z,178788255198901
"Uncalled bet of 10 returned to ""the pho king @ gpP9uUffpu""",2026-08-28T02:02:31.989Z,178788255198900
"""LingWae @ FQN9hzhzP_"" folds",2026-08-28T02:02:31.149Z,178788255114900
"""the pho king @ gpP9uUffpu"" posts a big blind of 20",2026-08-28T02:02:29.477Z,178788254947705
"""LingWae @ FQN9hzhzP_"" posts a small blind of 10",2026-08-28T02:02:29.477Z,178788254947704
"Player stacks: #1 ""LingWae @ FQN9hzhzP_"" (2934) | #10 ""the pho king @ gpP9uUffpu"" (1066)",2026-08-28T02:02:29.477Z,178788254947701
"-- starting hand #121 (id: ncfqqqonfvyt)  No Limit Texas Hold'em (dealer: ""LingWae @ FQN9hzhzP_"") --",2026-08-28T02:02:29.477Z,178788254947700
"-- ending hand #120 --",2026-08-28T02:02:23.471Z,178788254347103
"""the pho king @ gpP9uUffpu"" collected 40 from pot with Three of a Kind, 9's (combination: Q♣, K♦, 9♠, 9♥, 9♦)",2026-08-28T02:02:23.471Z,178788254347102
"""the pho king @ gpP9uUffpu"" shows a 3♦, Q♣.",2026-08-28T02:02:23.471Z,178788254347101
"""LingWae @ FQN9hzhzP_"" shows a 4♣, 8♥.",2026-08-28T02:02:23.471Z,178788254347100
"""the pho king @ gpP9uUffpu"" checks",2026-08-28T02:02:22.638Z,178788254263800
"""LingWae @ FQN9hzhzP_"" checks",2026-08-28T02:02:21.725Z,178788254172500
"River: 7♣, K♦, 9♠, 9♥ [9♦]",2026-08-28T02:02:17.338Z,178788253733800
"""the pho king @ gpP9uUffpu"" checks",2026-08-28T02:02:16.475Z,178788253647500
"""LingWae @ FQN9hzhzP_"" checks",2026-08-28T02:02:15.553Z,178788253555300
"Turn: 7♣, K♦, 9♠ [9♥]",2026-08-28T02:02:13.658Z,178788253365800
"""the pho king @ gpP9uUffpu"" checks",2026-08-28T02:02:12.829Z,178788253282900
"""LingWae @ FQN9hzhzP_"" checks",2026-08-28T02:02:11.922Z,178788253192200
"Flop:  [7♣, K♦, 9♠]",2026-08-28T02:02:07.320Z,178788252732000
"""LingWae @ FQN9hzhzP_"" checks",2026-08-28T02:02:06.494Z,178788252649400
"""the pho king @ gpP9uUffpu"" calls 20",2026-08-28T02:02:05.310Z,178788252531000
"""LingWae @ FQN9hzhzP_"" posts a big blind of 20",2026-08-28T02:02:03.653Z,178788252365305
"""the pho king @ gpP9uUffpu"" posts a small blind of 10",2026-08-28T02:02:03.653Z,178788252365304
"Your hand is 3♦, Q♣",2026-08-28T02:02:03.653Z,178788252365303
"Player stacks: #1 ""LingWae @ FQN9hzhzP_"" (2954) | #10 ""the pho king @ gpP9uUffpu"" (1046)",2026-08-28T02:02:03.653Z,178788252365301
"-- starting hand #120 (id: kgfmeum11lql)  No Limit Texas Hold'em (dealer: ""the pho king @ gpP9uUffpu"") --",2026-08-28T02:02:03.653Z,178788252365300
"""LingWae @ FQN9hzhzP_"" shows a 6♠.",2026-08-28T02:01:58.810Z,178788251881000
"Undealt cards: K♣, A♠, J♠ [5♣, 2♣]",2026-08-28T02:01:57.258Z,178788251725800
"-- ending hand #119 --",2026-08-28T02:01:57.033Z,178788251703302
"""LingWae @ FQN9hzhzP_"" collected 120 from pot",2026-08-28T02:01:57.033Z,178788251703301
"Uncalled bet of 90 returned to ""LingWae @ FQN9hzhzP_""",2026-08-28T02:01:57.033Z,178788251703300
"""the pho king @ gpP9uUffpu"" folds",2026-08-28T02:01:56.208Z,178788251620800
"""LingWae @ FQN9hzhzP_"" bets 90",2026-08-28T02:01:54.231Z,178788251423100
"""the pho king @ gpP9uUffpu"" checks",2026-08-28T02:01:51.973Z,178788251197300
"Flop:  [K♣, A♠, J♠]",2026-08-28T02:01:50.404Z,178788251040400
"""LingWae @ FQN9hzhzP_"" calls 60",2026-08-28T02:01:49.599Z,178788250959900
"""the pho king @ gpP9uUffpu"" raises to 60",2026-08-28T02:01:47.382Z,178788250738200
"""LingWae @ FQN9hzhzP_"" calls 20",2026-08-28T02:01:45.034Z,178788250503400
"""the pho king @ gpP9uUffpu"" posts a big blind of 20",2026-08-28T02:01:42.528Z,178788250252805
"""LingWae @ FQN9hzhzP_"" posts a small blind of 10",2026-08-28T02:01:42.528Z,178788250252804
"Player stacks: #1 ""LingWae @ FQN9hzhzP_"" (2894) | #10 ""the pho king @ gpP9uUffpu"" (1106)",2026-08-28T02:01:42.528Z,178788250252801
"-- starting hand #119 (id: jibukkdhmq1s)  No Limit Texas Hold'em (dealer: ""LingWae @ FQN9hzhzP_"") --",2026-08-28T02:01:42.528Z,178788250252800
"Undealt cards: 10♦, 8♦, 7♥ [2♣, Q♣]",2026-08-28T02:01:40.213Z,178788250021300
"""LingWae @ FQN9hzhzP_"" shows a 7♦, 8♥.",2026-08-28T02:01:37.830Z,178788249783000
"-- ending hand #118 --",2026-08-28T02:01:35.870Z,178788249587002
"""LingWae @ FQN9hzhzP_"" collected 40 from pot",2026-08-28T02:01:35.870Z,178788249587001
"Uncalled bet of 30 returned to ""LingWae @ FQN9hzhzP_""",2026-08-28T02:01:35.870Z,178788249587000
"""the pho king @ gpP9uUffpu"" folds",2026-08-28T02:01:35.031Z,178788249503100
"""LingWae @ FQN9hzhzP_"" bets 30",2026-08-28T02:01:30.936Z,178788249093600
"Flop:  [10♦, 8♦, 7♥]",2026-08-28T02:01:25.266Z,178788248526600
"""LingWae @ FQN9hzhzP_"" checks",2026-08-28T02:01:24.386Z,178788248438600
"""the pho king @ gpP9uUffpu"" calls 20",2026-08-28T02:01:22.229Z,178788248222900
"""LingWae @ FQN9hzhzP_"" posts a big blind of 20",2026-08-28T02:01:21.109Z,178788248110905
"""the pho king @ gpP9uUffpu"" posts a small blind of 10",2026-08-28T02:01:21.109Z,178788248110904
"Player stacks: #1 ""LingWae @ FQN9hzhzP_"" (2874) | #10 ""the pho king @ gpP9uUffpu"" (1126)",2026-08-28T02:01:21.109Z,178788248110901
"-- starting hand #118 (id: l5mro03kjlip)  No Limit Texas Hold'em (dealer: ""the pho king @ gpP9uUffpu"") --",2026-08-28T02:01:21.109Z,178788248110900
"-- ending hand #117 --",2026-08-28T02:01:15.060Z,178788247506003
"""LingWae @ FQN9hzhzP_"" collected 800 from pot with Straight, A High (combination: 10♠, J♣, Q♥, K♣, A♠)",2026-08-28T02:01:15.060Z,178788247506002
"""LingWae @ FQN9hzhzP_"" shows a Q♥, J♣.",2026-08-28T02:01:15.060Z,178788247506001
"""the pho king @ gpP9uUffpu"" shows a 7♠, 10♣.",2026-08-28T02:01:15.060Z,178788247506000
"""LingWae @ FQN9hzhzP_"" calls 300",2026-08-28T02:01:14.241Z,178788247424100
"""the pho king @ gpP9uUffpu"" bets 300",2026-08-28T02:01:09.297Z,178788246929700
"River: K♣, 8♠, 10♥, 10♠ [A♠]",2026-08-28T02:01:06.651Z,178788246665100
"""LingWae @ FQN9hzhzP_"" checks",2026-08-28T02:01:05.764Z,178788246576400
"""the pho king @ gpP9uUffpu"" checks",2026-08-28T02:01:04.738Z,178788246473800
"Turn: K♣, 8♠, 10♥ [10♠]",2026-08-28T02:01:04.120Z,178788246412000
"""the pho king @ gpP9uUffpu"" calls 50",2026-08-28T02:01:03.304Z,178788246330400
"""LingWae @ FQN9hzhzP_"" bets 50",2026-08-28T02:01:00.547Z,178788246054700
"""the pho king @ gpP9uUffpu"" checks",2026-08-28T02:00:56.962Z,178788245696200
"Flop:  [K♣, 8♠, 10♥]",2026-08-28T02:00:55.549Z,178788245554900
"""the pho king @ gpP9uUffpu"" calls 50",2026-08-28T02:00:54.712Z,178788245471200
"""LingWae @ FQN9hzhzP_"" raises to 50",2026-08-28T02:00:53.657Z,178788245365700
"""the pho king @ gpP9uUffpu"" posts a big blind of 20",2026-08-28T02:00:49.781Z,178788244978105
"""LingWae @ FQN9hzhzP_"" posts a small blind of 10",2026-08-28T02:00:49.781Z,178788244978104
"Your hand is 7♠, 10♣",2026-08-28T02:00:49.781Z,178788244978103
"Player stacks: #1 ""LingWae @ FQN9hzhzP_"" (2474) | #10 ""the pho king @ gpP9uUffpu"" (1526)",2026-08-28T02:00:49.781Z,178788244978101
"-- starting hand #117 (id: egnci6e4neqv)  No Limit Texas Hold'em (dealer: ""LingWae @ FQN9hzhzP_"") --",2026-08-28T02:00:49.781Z,178788244978100
"""the pho king @ gpP9uUffpu"" collected 100 from the 7-2 bounty",2026-08-28T02:00:46.866Z,178788244686601
"""LingWae @ FQN9hzhzP_"" paid 100 for the 7-2 bounty to ""the pho king @ gpP9uUffpu""",2026-08-28T02:00:46.866Z,178788244686600
"""the pho king @ gpP9uUffpu"" shows a 2♣, 7♥.",2026-08-28T02:00:42.747Z,178788244274700
"""LingWae @ FQN9hzhzP_"" shows a 5♠.",2026-08-28T02:00:42.636Z,178788244263600
"Undealt cards:  [4♣, 2♠, Q♠, 3♠, K♦]",2026-08-28T02:00:41.154Z,178788244115400
"-- ending hand #116 --",2026-08-28T02:00:39.515Z,178788243951502
"""the pho king @ gpP9uUffpu"" collected 40 from pot",2026-08-28T02:00:39.515Z,178788243951501
"Uncalled bet of 40 returned to ""the pho king @ gpP9uUffpu""",2026-08-28T02:00:39.515Z,178788243951500
"""LingWae @ FQN9hzhzP_"" folds",2026-08-28T02:00:38.688Z,178788243868800
"""the pho king @ gpP9uUffpu"" raises to 60",2026-08-28T02:00:37.367Z,178788243736700
"""LingWae @ FQN9hzhzP_"" posts a big blind of 20",2026-08-28T02:00:35.355Z,178788243535505
"""the pho king @ gpP9uUffpu"" posts a small blind of 10",2026-08-28T02:00:35.355Z,178788243535504
"Your hand is 2♣, 7♥",2026-08-28T02:00:35.355Z,178788243535503
"Player stacks: #1 ""LingWae @ FQN9hzhzP_"" (2594) | #10 ""the pho king @ gpP9uUffpu"" (1406)",2026-08-28T02:00:35.355Z,178788243535501
"-- starting hand #116 (id: ta1bftm2krjt)  No Limit Texas Hold'em (dealer: ""the pho king @ gpP9uUffpu"") --",2026-08-28T02:00:35.355Z,178788243535500
"""LingWae @ FQN9hzhzP_"" shows a 5♥, 4♥.",2026-08-28T02:00:33.944Z,178788243394400
"-- ending hand #115 --",2026-08-28T02:00:31.752Z,178788243175202
"""LingWae @ FQN9hzhzP_"" collected 134 from pot",2026-08-28T02:00:31.752Z,178788243175201
"Uncalled bet of 67 returned to ""LingWae @ FQN9hzhzP_""",2026-08-28T02:00:31.752Z,178788243175200
"""the pho king @ gpP9uUffpu"" folds",2026-08-28T02:00:30.944Z,178788243094400
"""LingWae @ FQN9hzhzP_"" bets 67",2026-08-28T02:00:29.268Z,178788242926800
"""the pho king @ gpP9uUffpu"" checks",2026-08-28T02:00:26.595Z,178788242659500
"River: A♣, Q♣, 2♦, 8♣ [3♣]",2026-08-28T02:00:25.684Z,178788242568400
"""LingWae @ FQN9hzhzP_"" checks",2026-08-28T02:00:24.859Z,178788242485900
"""the pho king @ gpP9uUffpu"" checks",2026-08-28T02:00:23.937Z,178788242393700
"Turn: A♣, Q♣, 2♦ [8♣]",2026-08-28T02:00:22.279Z,178788242227900
"""LingWae @ FQN9hzhzP_"" checks",2026-08-28T02:00:21.467Z,178788242146700
"""the pho king @ gpP9uUffpu"" checks",2026-08-28T02:00:19.521Z,178788241952100
"Flop:  [A♣, Q♣, 2♦]",2026-08-28T02:00:18.102Z,178788241810200
"""the pho king @ gpP9uUffpu"" calls 67",2026-08-28T02:00:17.280Z,178788241728000
"""LingWae @ FQN9hzhzP_"" raises to 67",2026-08-28T02:00:16.077Z,178788241607700
"""the pho king @ gpP9uUffpu"" posts a big blind of 20",2026-08-28T02:00:11.941Z,178788241194105
"""LingWae @ FQN9hzhzP_"" posts a small blind of 10",2026-08-28T02:00:11.941Z,178788241194104
"Player stacks: #1 ""LingWae @ FQN9hzhzP_"" (2527) | #10 ""the pho king @ gpP9uUffpu"" (1473)",2026-08-28T02:00:11.941Z,178788241194101
"-- starting hand #115 (id: o43hdbr3fpba)  No Limit Texas Hold'em (dealer: ""LingWae @ FQN9hzhzP_"") --",2026-08-28T02:00:11.941Z,178788241194100
"-- ending hand #114 --",2026-08-28T02:00:09.039Z,178788240903902
"""the pho king @ gpP9uUffpu"" collected 120 from pot",2026-08-28T02:00:09.039Z,178788240903901
"Uncalled bet of 120 returned to ""the pho king @ gpP9uUffpu""",2026-08-28T02:00:09.039Z,178788240903900
"""LingWae @ FQN9hzhzP_"" folds",2026-08-28T02:00:08.147Z,178788240814700
"""the pho king @ gpP9uUffpu"" bets 120",2026-08-28T02:00:07.202Z,178788240720200
"""LingWae @ FQN9hzhzP_"" checks",2026-08-28T02:00:05.000Z,178788240500000
"River: A♦, 7♥, 7♠, K♣ [8♣]",2026-08-28T02:00:02.776Z,178788240277600
"""the pho king @ gpP9uUffpu"" checks",2026-08-28T02:00:01.535Z,178788240153500
"""LingWae @ FQN9hzhzP_"" checks",2026-08-28T02:00:00.409Z,178788240040900
"Turn: A♦, 7♥, 7♠ [K♣]",2026-08-28T01:59:59.004Z,178788239900400
"""the pho king @ gpP9uUffpu"" checks",2026-08-28T01:59:58.173Z,178788239817300
"""LingWae @ FQN9hzhzP_"" checks",2026-08-28T01:59:57.255Z,178788239725500
"Flop:  [A♦, 7♥, 7♠]",2026-08-28T01:59:54.149Z,178788239414900
"""LingWae @ FQN9hzhzP_"" calls 60",2026-08-28T01:59:53.287Z,178788239328700
"""the pho king @ gpP9uUffpu"" raises to 60",2026-08-28T01:59:52.372Z,178788239237200
"""LingWae @ FQN9hzhzP_"" posts a big blind of 20",2026-08-28T01:59:50.657Z,178788239065705
"""the pho king @ gpP9uUffpu"" posts a small blind of 10",2026-08-28T01:59:50.657Z,178788239065704
"Player stacks: #1 ""LingWae @ FQN9hzhzP_"" (2587) | #10 ""the pho king @ gpP9uUffpu"" (1413)",2026-08-28T01:59:50.657Z,178788239065701
"-- starting hand #114 (id: dro6w0wnzuun)  No Limit Texas Hold'em (dealer: ""the pho king @ gpP9uUffpu"") --",2026-08-28T01:59:50.657Z,178788239065700
"""the pho king @ gpP9uUffpu"" shows a 7♦.",2026-08-28T01:59:46.524Z,178788238652400
"-- ending hand #113 --",2026-08-28T01:59:44.113Z,178788238411302
"""LingWae @ FQN9hzhzP_"" collected 268 from pot with Flush, A High (combination: 2♦, 3♦, 10♦, J♦, A♦)",2026-08-28T01:59:44.113Z,178788238411301
"""LingWae @ FQN9hzhzP_"" shows a 10♣, J♦.",2026-08-28T01:59:44.113Z,178788238411300
"""the pho king @ gpP9uUffpu"" calls 67",2026-08-28T01:59:43.279Z,178788238327900
"""LingWae @ FQN9hzhzP_"" bets 67",2026-08-28T01:59:42.361Z,178788238236100
"""the pho king @ gpP9uUffpu"" checks",2026-08-28T01:59:40.091Z,178788238009100
"River: 3♦, 2♦, A♦, 9♣ [10♦]",2026-08-28T01:59:39.377Z,178788237937700
"""LingWae @ FQN9hzhzP_"" checks",2026-08-28T01:59:38.538Z,178788237853800
"""the pho king @ gpP9uUffpu"" checks",2026-08-28T01:59:37.468Z,178788237746800
"Turn: 3♦, 2♦, A♦ [9♣]",2026-08-28T01:59:37.177Z,178788237717700
"""LingWae @ FQN9hzhzP_"" checks",2026-08-28T01:59:36.339Z,178788237633900
"""the pho king @ gpP9uUffpu"" checks",2026-08-28T01:59:35.183Z,178788237518300
"Flop:  [3♦, 2♦, A♦]",2026-08-28T01:59:34.375Z,178788237437500
"""the pho king @ gpP9uUffpu"" calls 67",2026-08-28T01:59:33.557Z,178788237355700
"""LingWae @ FQN9hzhzP_"" raises to 67",2026-08-28T01:59:32.639Z,178788237263900
"""the pho king @ gpP9uUffpu"" posts a big blind of 20",2026-08-28T01:59:28.320Z,178788236832005
"""LingWae @ FQN9hzhzP_"" posts a small blind of 10",2026-08-28T01:59:28.320Z,178788236832004
"Player stacks: #1 ""LingWae @ FQN9hzhzP_"" (2453) | #10 ""the pho king @ gpP9uUffpu"" (1547)",2026-08-28T01:59:28.320Z,178788236832001
"-- starting hand #113 (id: xriemmu7zh7r)  No Limit Texas Hold'em (dealer: ""LingWae @ FQN9hzhzP_"") --",2026-08-28T01:59:28.320Z,178788236832000
"""LingWae @ FQN9hzhzP_"" shows a A♣, 6♠.",2026-08-28T01:59:24.951Z,178788236495100
"""the pho king @ gpP9uUffpu"" shows a 7♠, 3♦.",2026-08-28T01:59:23.480Z,178788236348000
"Undealt cards: Q♠, K♣, 6♣ [3♣, 2♦]",2026-08-28T01:59:21.531Z,178788236153100
"-- ending hand #112 --",2026-08-28T01:59:21.007Z,178788236100702
"""LingWae @ FQN9hzhzP_"" collected 80 from pot",2026-08-28T01:59:21.007Z,178788236100701
"Uncalled bet of 20 returned to ""LingWae @ FQN9hzhzP_""",2026-08-28T01:59:21.007Z,178788236100700
"""the pho king @ gpP9uUffpu"" folds",2026-08-28T01:59:20.189Z,178788236018900
"""LingWae @ FQN9hzhzP_"" bets 20",2026-08-28T01:59:19.230Z,178788235923000
"Flop:  [Q♠, K♣, 6♣]",2026-08-28T01:59:16.110Z,178788235611000
"""the pho king @ gpP9uUffpu"" calls 40",2026-08-28T01:59:15.298Z,178788235529800
"""LingWae @ FQN9hzhzP_"" raises to 40",2026-08-28T01:59:13.424Z,178788235342400
"""the pho king @ gpP9uUffpu"" calls 20",2026-08-28T01:59:11.111Z,178788235111100
"""LingWae @ FQN9hzhzP_"" posts a big blind of 20",2026-08-28T01:59:09.436Z,178788234943605
"""the pho king @ gpP9uUffpu"" posts a small blind of 10",2026-08-28T01:59:09.436Z,178788234943604
"Your hand is 7♠, 3♦",2026-08-28T01:59:09.436Z,178788234943603
"Player stacks: #1 ""LingWae @ FQN9hzhzP_"" (2413) | #10 ""the pho king @ gpP9uUffpu"" (1587)",2026-08-28T01:59:09.436Z,178788234943601
"-- starting hand #112 (id: ct9tqehkoljm)  No Limit Texas Hold'em (dealer: ""the pho king @ gpP9uUffpu"") --",2026-08-28T01:59:09.436Z,178788234943600
"""LingWae @ FQN9hzhzP_"" shows a 10♠.",2026-08-28T01:59:05.503Z,178788234550300
"-- ending hand #111 --",2026-08-28T01:59:02.898Z,178788234289802
"""the pho king @ gpP9uUffpu"" collected 720 from pot with Two Pair, A's & 8's (combination: K♥, 8♥, 8♠, A♦, A♠)",2026-08-28T01:59:02.898Z,178788234289801
"""the pho king @ gpP9uUffpu"" shows a A♦, K♥.",2026-08-28T01:59:02.898Z,178788234289800
"""LingWae @ FQN9hzhzP_"" calls 240",2026-08-28T01:59:02.062Z,178788234206200
"""the pho king @ gpP9uUffpu"" bets 240",2026-08-28T01:59:00.957Z,178788234095700
"River: A♠, 8♥, 9♣, 8♠ [10♦]",2026-08-28T01:58:59.283Z,178788233928300
"""LingWae @ FQN9hzhzP_"" calls 60",2026-08-28T01:58:58.462Z,178788233846200
"""the pho king @ gpP9uUffpu"" bets 60",2026-08-28T01:58:57.543Z,178788233754300
"Turn: A♠, 8♥, 9♣ [8♠]",2026-08-28T01:58:55.679Z,178788233567900
"""LingWae @ FQN9hzhzP_"" checks",2026-08-28T01:58:54.805Z,178788233480500
"""the pho king @ gpP9uUffpu"" checks",2026-08-28T01:58:53.412Z,178788233341200
"Flop:  [A♠, 8♥, 9♣]",2026-08-28T01:58:52.073Z,178788233207300
"""LingWae @ FQN9hzhzP_"" calls 60",2026-08-28T01:58:51.214Z,178788233121400
"""the pho king @ gpP9uUffpu"" raises to 60",2026-08-28T01:58:50.214Z,178788233021400
"""LingWae @ FQN9hzhzP_"" calls 20",2026-08-28T01:58:48.537Z,178788232853700
"""the pho king @ gpP9uUffpu"" posts a big blind of 20",2026-08-28T01:58:46.916Z,178788232691605
"""LingWae @ FQN9hzhzP_"" posts a small blind of 10",2026-08-28T01:58:46.916Z,178788232691604
"Your hand is A♦, K♥",2026-08-28T01:58:46.916Z,178788232691603
"Player stacks: #1 ""LingWae @ FQN9hzhzP_"" (2773) | #10 ""the pho king @ gpP9uUffpu"" (1227)",2026-08-28T01:58:46.916Z,178788232691601
"-- starting hand #111 (id: u4mk7lgebugx)  No Limit Texas Hold'em (dealer: ""LingWae @ FQN9hzhzP_"") --",2026-08-28T01:58:46.916Z,178788232691600
"""LingWae @ FQN9hzhzP_"" shows a 6♥.",2026-08-28T01:58:42.981Z,178788232298100
"Undealt cards:  [Q♦, 7♣, 2♦, Q♠, 4♥]",2026-08-28T01:58:40.727Z,178788232072700
"-- ending hand #110 --",2026-08-28T01:58:40.313Z,178788232031302
"""LingWae @ FQN9hzhzP_"" collected 40 from pot",2026-08-28T01:58:40.313Z,178788232031301
"Uncalled bet of 47 returned to ""LingWae @ FQN9hzhzP_""",2026-08-28T01:58:40.313Z,178788232031300
"""the pho king @ gpP9uUffpu"" folds",2026-08-28T01:58:39.497Z,178788231949700
"""LingWae @ FQN9hzhzP_"" raises to 67",2026-08-28T01:58:38.129Z,178788231812900
"""the pho king @ gpP9uUffpu"" calls 20",2026-08-28T01:58:34.572Z,178788231457200
"""LingWae @ FQN9hzhzP_"" posts a big blind of 20",2026-08-28T01:58:33.774Z,178788231377405
"""the pho king @ gpP9uUffpu"" posts a small blind of 10",2026-08-28T01:58:33.774Z,178788231377404
"Player stacks: #1 ""LingWae @ FQN9hzhzP_"" (2753) | #10 ""the pho king @ gpP9uUffpu"" (1247)",2026-08-28T01:58:33.774Z,178788231377401
"-- starting hand #110 (id: dllipvqhatea)  No Limit Texas Hold'em (dealer: ""the pho king @ gpP9uUffpu"") --",2026-08-28T01:58:33.774Z,178788231377400
"""LingWae @ FQN9hzhzP_"" shows a J♣.",2026-08-28T01:58:28.779Z,178788230877900
"Undealt cards: 4♠, J♠, 4♦ [7♣, K♠]",2026-08-28T01:58:27.418Z,178788230741800
"-- ending hand #109 --",2026-08-28T01:58:27.145Z,178788230714502
"""LingWae @ FQN9hzhzP_"" collected 40 from pot",2026-08-28T01:58:27.145Z,178788230714501
"Uncalled bet of 20 returned to ""LingWae @ FQN9hzhzP_""",2026-08-28T01:58:27.145Z,178788230714500
"""the pho king @ gpP9uUffpu"" folds",2026-08-28T01:58:26.321Z,178788230632100
"""LingWae @ FQN9hzhzP_"" bets 20",2026-08-28T01:58:25.166Z,178788230516600
"""the pho king @ gpP9uUffpu"" checks",2026-08-28T01:58:22.357Z,178788230235700
"Flop:  [4♠, J♠, 4♦]",2026-08-28T01:58:21.176Z,178788230117600
"""the pho king @ gpP9uUffpu"" checks",2026-08-28T01:58:20.343Z,178788230034300
"""LingWae @ FQN9hzhzP_"" calls 20",2026-08-28T01:58:19.374Z,178788229937400
"""the pho king @ gpP9uUffpu"" posts a big blind of 20",2026-08-28T01:58:17.330Z,178788229733005
"""LingWae @ FQN9hzhzP_"" posts a small blind of 10",2026-08-28T01:58:17.330Z,178788229733004
"Player stacks: #1 ""LingWae @ FQN9hzhzP_"" (2733) | #10 ""the pho king @ gpP9uUffpu"" (1267)",2026-08-28T01:58:17.330Z,178788229733001
"-- starting hand #109 (id: ib91tniiyoep)  No Limit Texas Hold'em (dealer: ""LingWae @ FQN9hzhzP_"") --",2026-08-28T01:58:17.330Z,178788229733000
"""LingWae @ FQN9hzhzP_"" shows a 7♦, 8♦.",2026-08-28T01:58:15.202Z,178788229520200
"-- ending hand #108 --",2026-08-28T01:58:13.696Z,178788229369602
"""the pho king @ gpP9uUffpu"" collected 80 from pot",2026-08-28T01:58:13.696Z,178788229369601
"Uncalled bet of 60 returned to ""the pho king @ gpP9uUffpu""",2026-08-28T01:58:13.696Z,178788229369600
"""LingWae @ FQN9hzhzP_"" folds",2026-08-28T01:58:12.889Z,178788229288900
"""the pho king @ gpP9uUffpu"" bets 60",2026-08-28T01:58:11.959Z,178788229195900
"""LingWae @ FQN9hzhzP_"" checks",2026-08-28T01:58:09.880Z,178788228988000
"River: 10♠, 6♦, 10♦, 5♠ [A♥]",2026-08-28T01:58:08.431Z,178788228843100
"""the pho king @ gpP9uUffpu"" checks",2026-08-28T01:58:07.582Z,178788228758200
"""LingWae @ FQN9hzhzP_"" checks",2026-08-28T01:58:06.667Z,178788228666700
"Turn: 10♠, 6♦, 10♦ [5♠]",2026-08-28T01:58:03.811Z,178788228381100
"""the pho king @ gpP9uUffpu"" checks",2026-08-28T01:58:02.981Z,178788228298100
"""LingWae @ FQN9hzhzP_"" checks",2026-08-28T01:58:02.064Z,178788228206400
"Flop:  [10♠, 6♦, 10♦]",2026-08-28T01:57:58.382Z,178788227838200
"""LingWae @ FQN9hzhzP_"" calls 40",2026-08-28T01:57:57.564Z,178788227756400
"""the pho king @ gpP9uUffpu"" raises to 40",2026-08-28T01:57:56.552Z,178788227655200
"""LingWae @ FQN9hzhzP_"" posts a big blind of 20",2026-08-28T01:57:55.082Z,178788227508205
"""the pho king @ gpP9uUffpu"" posts a small blind of 10",2026-08-28T01:57:55.082Z,178788227508204
"Player stacks: #1 ""LingWae @ FQN9hzhzP_"" (2773) | #10 ""the pho king @ gpP9uUffpu"" (1227)",2026-08-28T01:57:55.082Z,178788227508201
"-- starting hand #108 (id: 7xrupq8gp2ba)  No Limit Texas Hold'em (dealer: ""the pho king @ gpP9uUffpu"") --",2026-08-28T01:57:55.082Z,178788227508200
"""LingWae @ FQN9hzhzP_"" shows a 4♠, 3♣.",2026-08-28T01:57:50.303Z,178788227030300
"Undealt cards: 6♥, 9♥, 5♦, 2♦ [6♠]",2026-08-28T01:57:48.842Z,178788226884200
"-- ending hand #107 --",2026-08-28T01:57:48.474Z,178788226847402
"""LingWae @ FQN9hzhzP_"" collected 80 from pot",2026-08-28T01:57:48.474Z,178788226847401
"Uncalled bet of 67 returned to ""LingWae @ FQN9hzhzP_""",2026-08-28T01:57:48.474Z,178788226847400
"""the pho king @ gpP9uUffpu"" folds",2026-08-28T01:57:47.662Z,178788226766200
"""LingWae @ FQN9hzhzP_"" bets 67",2026-08-28T01:57:46.032Z,178788226603200
"""the pho king @ gpP9uUffpu"" checks",2026-08-28T01:57:43.052Z,178788226305200
"Turn: 6♥, 9♥, 5♦ [2♦]",2026-08-28T01:57:41.963Z,178788226196300
"""LingWae @ FQN9hzhzP_"" calls 20",2026-08-28T01:57:41.101Z,178788226110100
"""the pho king @ gpP9uUffpu"" bets 20",2026-08-28T01:57:38.634Z,178788225863400
"Flop:  [6♥, 9♥, 5♦]",2026-08-28T01:57:36.472Z,178788225647200
"""the pho king @ gpP9uUffpu"" checks",2026-08-28T01:57:35.654Z,178788225565400
"""LingWae @ FQN9hzhzP_"" calls 20",2026-08-28T01:57:34.681Z,178788225468100
"""the pho king @ gpP9uUffpu"" posts a big blind of 20",2026-08-28T01:57:32.155Z,178788225215505
"""LingWae @ FQN9hzhzP_"" posts a small blind of 10",2026-08-28T01:57:32.155Z,178788225215504
"Player stacks: #1 ""LingWae @ FQN9hzhzP_"" (2733) | #10 ""the pho king @ gpP9uUffpu"" (1267)",2026-08-28T01:57:32.155Z,178788225215501
"-- starting hand #107 (id: pqnymu1vhkli)  No Limit Texas Hold'em (dealer: ""LingWae @ FQN9hzhzP_"") --",2026-08-28T01:57:32.155Z,178788225215500
"""the pho king @ gpP9uUffpu"" shows a 3♠, J♦.",2026-08-28T01:57:28.798Z,178788224879800
"Undealt cards:  [4♣, 2♣, 10♥, 4♥, 10♣]",2026-08-28T01:57:27.494Z,178788224749400
"""LingWae @ FQN9hzhzP_"" shows a A♣, 10♦.",2026-08-28T01:57:25.915Z,178788224591500
"-- ending hand #106 --",2026-08-28T01:57:24.826Z,178788224482602
"""LingWae @ FQN9hzhzP_"" collected 20 from pot",2026-08-28T01:57:24.826Z,178788224482601
"Uncalled bet of 10 returned to ""LingWae @ FQN9hzhzP_""",2026-08-28T01:57:24.826Z,178788224482600
"""the pho king @ gpP9uUffpu"" folds",2026-08-28T01:57:24.021Z,178788224402100
"""LingWae @ FQN9hzhzP_"" posts a big blind of 20",2026-08-28T01:57:22.336Z,178788224233605
"""the pho king @ gpP9uUffpu"" posts a small blind of 10",2026-08-28T01:57:22.336Z,178788224233604
"Your hand is 3♠, J♦",2026-08-28T01:57:22.336Z,178788224233603
"Player stacks: #1 ""LingWae @ FQN9hzhzP_"" (2723) | #10 ""the pho king @ gpP9uUffpu"" (1277)",2026-08-28T01:57:22.336Z,178788224233601
"-- starting hand #106 (id: 5zcz1zgmpbjl)  No Limit Texas Hold'em (dealer: ""the pho king @ gpP9uUffpu"") --",2026-08-28T01:57:22.336Z,178788224233600
"-- ending hand #105 --",2026-08-28T01:57:16.256Z,178788223625602
"""LingWae @ FQN9hzhzP_"" collected 254 from pot with Full House, K's over 9's (combination: 9♥, 9♦, K♦, K♥, K♠)",2026-08-28T01:57:16.256Z,178788223625601
"""LingWae @ FQN9hzhzP_"" shows a K♦, 9♥.",2026-08-28T01:57:16.256Z,178788223625600
"""the pho king @ gpP9uUffpu"" calls 67",2026-08-28T01:57:15.424Z,178788223542400
"""LingWae @ FQN9hzhzP_"" bets 67",2026-08-28T01:57:14.451Z,178788223445100
"""the pho king @ gpP9uUffpu"" checks",2026-08-28T01:57:11.687Z,178788223168700
"River: 4♠, K♥, K♠, 7♠ [9♦]",2026-08-28T01:57:10.716Z,178788223071600
"""the pho king @ gpP9uUffpu"" calls 40",2026-08-28T01:57:09.851Z,178788222985100
"""LingWae @ FQN9hzhzP_"" raises to 40",2026-08-28T01:57:08.782Z,178788222878200
"""the pho king @ gpP9uUffpu"" bets 20",2026-08-28T01:57:05.883Z,178788222588300
"Turn: 4♠, K♥, K♠ [7♠]",2026-08-28T01:57:04.617Z,178788222461700
"""LingWae @ FQN9hzhzP_"" checks",2026-08-28T01:57:03.754Z,178788222375400
"""the pho king @ gpP9uUffpu"" checks",2026-08-28T01:57:01.707Z,178788222170700
"Flop:  [4♠, K♥, K♠]",2026-08-28T01:57:00.444Z,178788222044400
"""the pho king @ gpP9uUffpu"" checks",2026-08-28T01:56:59.597Z,178788221959700
"""LingWae @ FQN9hzhzP_"" calls 20",2026-08-28T01:56:58.496Z,178788221849600
"""the pho king @ gpP9uUffpu"" posts a big blind of 20",2026-08-28T01:56:56.984Z,178788221698405
"""LingWae @ FQN9hzhzP_"" posts a small blind of 10",2026-08-28T01:56:56.984Z,178788221698404
"Player stacks: #1 ""LingWae @ FQN9hzhzP_"" (2596) | #10 ""the pho king @ gpP9uUffpu"" (1404)",2026-08-28T01:56:56.984Z,178788221698401
"-- starting hand #105 (id: uxsnfpwwgvwl)  No Limit Texas Hold'em (dealer: ""LingWae @ FQN9hzhzP_"") --",2026-08-28T01:56:56.984Z,178788221698400
"""the pho king @ gpP9uUffpu"" shows a 5♥.",2026-08-28T01:56:55.505Z,178788221550500
"""the pho king @ gpP9uUffpu"" shows a 3♠.",2026-08-28T01:56:55.233Z,178788221523300
"""LingWae @ FQN9hzhzP_"" shows a Q♣.",2026-08-28T01:56:51.782Z,178788221178200
"Undealt cards: 5♠, Q♥, 7♦, 6♦ [8♣]",2026-08-28T01:56:49.892Z,178788220989200
"-- ending hand #104 --",2026-08-28T01:56:49.660Z,178788220966002
"""LingWae @ FQN9hzhzP_"" collected 80 from pot",2026-08-28T01:56:49.660Z,178788220966001
"Uncalled bet of 67 returned to ""LingWae @ FQN9hzhzP_""",2026-08-28T01:56:49.660Z,178788220966000
"""the pho king @ gpP9uUffpu"" folds",2026-08-28T01:56:48.836Z,178788220883600
"""LingWae @ FQN9hzhzP_"" bets 67",2026-08-28T01:56:47.596Z,178788220759600
"Turn: 5♠, Q♥, 7♦ [6♦]",2026-08-28T01:56:44.991Z,178788220499100
"""the pho king @ gpP9uUffpu"" calls 20",2026-08-28T01:56:44.169Z,178788220416900
"""LingWae @ FQN9hzhzP_"" bets 20",2026-08-28T01:56:43.225Z,178788220322500
"Flop:  [5♠, Q♥, 7♦]",2026-08-28T01:56:38.790Z,178788219879000
"""LingWae @ FQN9hzhzP_"" checks",2026-08-28T01:56:37.969Z,178788219796900
"""the pho king @ gpP9uUffpu"" calls 20",2026-08-28T01:56:36.762Z,178788219676200
"""LingWae @ FQN9hzhzP_"" posts a big blind of 20",2026-08-28T01:56:34.446Z,178788219444605
"""the pho king @ gpP9uUffpu"" posts a small blind of 10",2026-08-28T01:56:34.446Z,178788219444604
"Player stacks: #1 ""LingWae @ FQN9hzhzP_"" (2556) | #10 ""the pho king @ gpP9uUffpu"" (1444)",2026-08-28T01:56:34.446Z,178788219444601
"-- starting hand #104 (id: mea402iutnjv)  No Limit Texas Hold'em (dealer: ""the pho king @ gpP9uUffpu"") --",2026-08-28T01:56:34.446Z,178788219444600
"-- ending hand #103 --",2026-08-28T01:56:28.442Z,178788218844203
"""LingWae @ FQN9hzhzP_"" collected 254 from pot with Two Pair, A's & Q's (combination: 10♥, Q♦, Q♥, A♣, A♠)",2026-08-28T01:56:28.442Z,178788218844202
"""LingWae @ FQN9hzhzP_"" shows a 10♥, A♣.",2026-08-28T01:56:28.442Z,178788218844201
"""the pho king @ gpP9uUffpu"" shows a A♦, 8♠.",2026-08-28T01:56:28.442Z,178788218844200
"""LingWae @ FQN9hzhzP_"" checks",2026-08-28T01:56:27.592Z,178788218759200
"""the pho king @ gpP9uUffpu"" checks",2026-08-28T01:56:26.469Z,178788218646900
"River: Q♦, Q♥, 3♠, A♠ [6♥]",2026-08-28T01:56:25.778Z,178788218577800
"""the pho king @ gpP9uUffpu"" calls 67",2026-08-28T01:56:24.911Z,178788218491100
"""LingWae @ FQN9hzhzP_"" bets 67",2026-08-28T01:56:23.933Z,178788218393300
"""the pho king @ gpP9uUffpu"" checks",2026-08-28T01:56:21.773Z,178788218177300
"Turn: Q♦, Q♥, 3♠ [A♠]",2026-08-28T01:56:20.641Z,178788218064100
"""LingWae @ FQN9hzhzP_"" checks",2026-08-28T01:56:19.814Z,178788217981400
"""the pho king @ gpP9uUffpu"" checks",2026-08-28T01:56:18.835Z,178788217883500
"Flop:  [Q♦, Q♥, 3♠]",2026-08-28T01:56:17.572Z,178788217757200
"""LingWae @ FQN9hzhzP_"" calls 60",2026-08-28T01:56:16.758Z,178788217675800
"""the pho king @ gpP9uUffpu"" raises to 60",2026-08-28T01:56:15.833Z,178788217583300
"""LingWae @ FQN9hzhzP_"" calls 20",2026-08-28T01:56:13.994Z,178788217399400
"""the pho king @ gpP9uUffpu"" posts a big blind of 20",2026-08-28T01:56:11.860Z,178788217186005
"""LingWae @ FQN9hzhzP_"" posts a small blind of 10",2026-08-28T01:56:11.860Z,178788217186004
"Your hand is A♦, 8♠",2026-08-28T01:56:11.860Z,178788217186003
"Player stacks: #1 ""LingWae @ FQN9hzhzP_"" (2429) | #10 ""the pho king @ gpP9uUffpu"" (1571)",2026-08-28T01:56:11.860Z,178788217186001
"-- starting hand #103 (id: bey0fux8qq05)  No Limit Texas Hold'em (dealer: ""LingWae @ FQN9hzhzP_"") --",2026-08-28T01:56:11.860Z,178788217186000
"""the pho king @ gpP9uUffpu"" shows a A♠, 3♦.",2026-08-28T01:56:07.965Z,178788216796500
"-- ending hand #102 --",2026-08-28T01:56:05.350Z,178788216535002
"""LingWae @ FQN9hzhzP_"" collected 174 from pot with Pair, Q's (combination: 9♦, 10♥, A♦, Q♥, Q♦)",2026-08-28T01:56:05.350Z,178788216535001
"""LingWae @ FQN9hzhzP_"" shows a 10♥, A♦.",2026-08-28T01:56:05.350Z,178788216535000
"""the pho king @ gpP9uUffpu"" checks",2026-08-28T01:56:04.499Z,178788216449900
"""LingWae @ FQN9hzhzP_"" checks",2026-08-28T01:56:03.531Z,178788216353100
"River: 4♥, 6♣, 9♦, Q♥ [Q♦]",2026-08-28T01:56:01.967Z,178788216196700
"""the pho king @ gpP9uUffpu"" calls 20",2026-08-28T01:56:01.102Z,178788216110200
"""LingWae @ FQN9hzhzP_"" bets 20",2026-08-28T01:55:59.974Z,178788215997400
"Turn: 4♥, 6♣, 9♦ [Q♥]",2026-08-28T01:55:57.301Z,178788215730100
"""the pho king @ gpP9uUffpu"" checks",2026-08-28T01:55:56.462Z,178788215646200
"""LingWae @ FQN9hzhzP_"" checks",2026-08-28T01:55:55.551Z,178788215555100
"Flop:  [4♥, 6♣, 9♦]",2026-08-28T01:55:52.696Z,178788215269600
"""the pho king @ gpP9uUffpu"" calls 67",2026-08-28T01:55:51.872Z,178788215187200
"""LingWae @ FQN9hzhzP_"" raises to 67",2026-08-28T01:55:49.948Z,178788214994800
"""the pho king @ gpP9uUffpu"" calls 20",2026-08-28T01:55:46.560Z,178788214656000
"""LingWae @ FQN9hzhzP_"" posts a big blind of 20",2026-08-28T01:55:45.582Z,178788214558205
"""the pho king @ gpP9uUffpu"" posts a small blind of 10",2026-08-28T01:55:45.582Z,178788214558204
"Your hand is A♠, 3♦",2026-08-28T01:55:45.582Z,178788214558203
"Player stacks: #1 ""LingWae @ FQN9hzhzP_"" (2342) | #10 ""the pho king @ gpP9uUffpu"" (1658)",2026-08-28T01:55:45.582Z,178788214558201
"-- starting hand #102 (id: xpiwdsnuc6rj)  No Limit Texas Hold'em (dealer: ""the pho king @ gpP9uUffpu"") --",2026-08-28T01:55:45.582Z,178788214558200
"Undealt cards:  [J♣, A♠, A♥, A♦, 6♠]",2026-08-28T01:55:41.388Z,178788214138800
"-- ending hand #101 --",2026-08-28T01:55:39.675Z,178788213967502
"""the pho king @ gpP9uUffpu"" collected 20 from pot",2026-08-28T01:55:39.675Z,178788213967501
"Uncalled bet of 10 returned to ""the pho king @ gpP9uUffpu""",2026-08-28T01:55:39.675Z,178788213967500
"""LingWae @ FQN9hzhzP_"" folds",2026-08-28T01:55:38.779Z,178788213877900
"""the pho king @ gpP9uUffpu"" posts a big blind of 20",2026-08-28T01:55:36.873Z,178788213687305
"""LingWae @ FQN9hzhzP_"" posts a small blind of 10",2026-08-28T01:55:36.873Z,178788213687304
"Player stacks: #1 ""LingWae @ FQN9hzhzP_"" (2352) | #10 ""the pho king @ gpP9uUffpu"" (1648)",2026-08-28T01:55:36.873Z,178788213687301
"-- starting hand #101 (id: fdtlmpvopgne)  No Limit Texas Hold'em (dealer: ""LingWae @ FQN9hzhzP_"") --",2026-08-28T01:55:36.873Z,178788213687300
"""LingWae @ FQN9hzhzP_"" shows a 5♥.",2026-08-28T01:55:34.449Z,178788213444900
"""the pho king @ gpP9uUffpu"" shows a 3♣.",2026-08-28T01:55:33.677Z,178788213367700
"-- ending hand #100 --",2026-08-28T01:55:32.553Z,178788213255302
"""the pho king @ gpP9uUffpu"" collected 160 from pot",2026-08-28T01:55:32.553Z,178788213255301
"Uncalled bet of 120 returned to ""the pho king @ gpP9uUffpu""",2026-08-28T01:55:32.553Z,178788213255300
"""LingWae @ FQN9hzhzP_"" folds",2026-08-28T01:55:31.729Z,178788213172900
"""the pho king @ gpP9uUffpu"" bets 120",2026-08-28T01:55:30.674Z,178788213067400
"""LingWae @ FQN9hzhzP_"" checks",2026-08-28T01:55:28.890Z,178788212889000
"River: 4♣, 10♣, 5♦, K♦ [Q♣]",2026-08-28T01:55:26.506Z,178788212650600
"""LingWae @ FQN9hzhzP_"" calls 20",2026-08-28T01:55:25.673Z,178788212567300
"""the pho king @ gpP9uUffpu"" bets 20",2026-08-28T01:55:24.094Z,178788212409400
"""LingWae @ FQN9hzhzP_"" checks",2026-08-28T01:55:22.238Z,178788212223800
"Turn: 4♣, 10♣, 5♦ [K♦]",2026-08-28T01:55:20.303Z,178788212030300
"""the pho king @ gpP9uUffpu"" calls 20",2026-08-28T01:55:19.480Z,178788211948000
"""LingWae @ FQN9hzhzP_"" bets 20",2026-08-28T01:55:17.732Z,178788211773200
"Flop:  [4♣, 10♣, 5♦]",2026-08-28T01:55:14.959Z,178788211495900
"""LingWae @ FQN9hzhzP_"" calls 40",2026-08-28T01:55:14.147Z,178788211414700
"""the pho king @ gpP9uUffpu"" raises to 40",2026-08-28T01:55:11.782Z,178788211178200
"""LingWae @ FQN9hzhzP_"" posts a big blind of 20",2026-08-28T01:55:10.899Z,178788211089905
"""the pho king @ gpP9uUffpu"" posts a small blind of 10",2026-08-28T01:55:10.899Z,178788211089904
"Player stacks: #1 ""LingWae @ FQN9hzhzP_"" (2432) | #10 ""the pho king @ gpP9uUffpu"" (1568)",2026-08-28T01:55:10.899Z,178788211089901
"-- starting hand #100 (id: haa9i9a7b1bg)  No Limit Texas Hold'em (dealer: ""the pho king @ gpP9uUffpu"") --",2026-08-28T01:55:10.899Z,178788211089900
"""LingWae @ FQN9hzhzP_"" shows a 8♦.",2026-08-28T01:55:06.101Z,178788210610100
"-- ending hand #99 --",2026-08-28T01:55:04.349Z,178788210434902
"""the pho king @ gpP9uUffpu"" collected 120 from pot with Pair, J's (combination: 8♣, 9♦, 10♣, J♦, J♣)",2026-08-28T01:55:04.349Z,178788210434901
"""the pho king @ gpP9uUffpu"" shows a 6♥, J♦.",2026-08-28T01:55:04.349Z,178788210434900
"""LingWae @ FQN9hzhzP_"" checks",2026-08-28T01:55:03.532Z,178788210353200
"""the pho king @ gpP9uUffpu"" checks",2026-08-28T01:55:01.952Z,178788210195200
"River: J♣, 2♣, 9♦, 10♣ [8♣]",2026-08-28T01:55:00.449Z,178788210044900
"""LingWae @ FQN9hzhzP_"" calls 40",2026-08-28T01:54:59.627Z,178788209962700
"""the pho king @ gpP9uUffpu"" bets 40",2026-08-28T01:54:57.505Z,178788209750500
"Turn: J♣, 2♣, 9♦ [10♣]",2026-08-28T01:54:55.189Z,178788209518900
"""LingWae @ FQN9hzhzP_"" checks",2026-08-28T01:54:54.287Z,178788209428700
"""the pho king @ gpP9uUffpu"" checks",2026-08-28T01:54:52.553Z,178788209255300
"Flop:  [J♣, 2♣, 9♦]",2026-08-28T01:54:51.787Z,178788209178700
"""the pho king @ gpP9uUffpu"" checks",2026-08-28T01:54:50.934Z,178788209093400
"""LingWae @ FQN9hzhzP_"" calls 20",2026-08-28T01:54:49.911Z,178788208991100
"""the pho king @ gpP9uUffpu"" posts a big blind of 20",2026-08-28T01:54:48.783Z,178788208878305
"""LingWae @ FQN9hzhzP_"" posts a small blind of 10",2026-08-28T01:54:48.783Z,178788208878304
"Your hand is 6♥, J♦",2026-08-28T01:54:48.783Z,178788208878303
"Player stacks: #1 ""LingWae @ FQN9hzhzP_"" (2492) | #10 ""the pho king @ gpP9uUffpu"" (1508)",2026-08-28T01:54:48.783Z,178788208878301
"-- starting hand #99 (id: xqevk6xm0hqm)  No Limit Texas Hold'em (dealer: ""LingWae @ FQN9hzhzP_"") --",2026-08-28T01:54:48.783Z,178788208878300
"""LingWae @ FQN9hzhzP_"" shows a 5♣, Q♣.",2026-08-28T01:54:44.286Z,178788208428600
"Undealt cards: 5♠, 2♥, A♣ [8♥, Q♠]",2026-08-28T01:54:43.175Z,178788208317500
"-- ending hand #98 --",2026-08-28T01:54:42.178Z,178788208217802
"""LingWae @ FQN9hzhzP_"" collected 120 from pot",2026-08-28T01:54:42.178Z,178788208217801
"Uncalled bet of 60 returned to ""LingWae @ FQN9hzhzP_""",2026-08-28T01:54:42.178Z,178788208217800
"""the pho king @ gpP9uUffpu"" folds",2026-08-28T01:54:41.352Z,178788208135200
"""LingWae @ FQN9hzhzP_"" bets 60",2026-08-28T01:54:40.431Z,178788208043100
"Flop:  [5♠, 2♥, A♣]",2026-08-28T01:54:35.972Z,178788207597200
"""LingWae @ FQN9hzhzP_"" calls 60",2026-08-28T01:54:35.144Z,178788207514400
"""the pho king @ gpP9uUffpu"" raises to 60",2026-08-28T01:54:33.834Z,178788207383400
"""LingWae @ FQN9hzhzP_"" posts a big blind of 20",2026-08-28T01:54:30.747Z,178788207074705
"""the pho king @ gpP9uUffpu"" posts a small blind of 10",2026-08-28T01:54:30.747Z,178788207074704
"Player stacks: #1 ""LingWae @ FQN9hzhzP_"" (2432) | #10 ""the pho king @ gpP9uUffpu"" (1568)",2026-08-28T01:54:30.747Z,178788207074701
"-- starting hand #98 (id: bkz4rkglfc14)  No Limit Texas Hold'em (dealer: ""the pho king @ gpP9uUffpu"") --",2026-08-28T01:54:30.747Z,178788207074700
"""LingWae @ FQN9hzhzP_"" shows a J♣.",2026-08-28T01:54:29.412Z,178788206941200
"""LingWae @ FQN9hzhzP_"" shows a K♠.",2026-08-28T01:54:26.053Z,178788206605300
"-- ending hand #97 --",2026-08-28T01:54:24.234Z,178788206423402
"""the pho king @ gpP9uUffpu"" collected 180 from pot with Pair, 7's (combination: 5♠, 8♠, 10♣, 7♥, 7♣)",2026-08-28T01:54:24.234Z,178788206423401
"""the pho king @ gpP9uUffpu"" shows a 7♥, 5♠.",2026-08-28T01:54:24.234Z,178788206423400
"""LingWae @ FQN9hzhzP_"" calls 40",2026-08-28T01:54:23.395Z,178788206339500
"""the pho king @ gpP9uUffpu"" bets 40",2026-08-28T01:54:22.417Z,178788206241700
"River: 4♥, 7♣, 8♠, 2♣ [10♣]",2026-08-28T01:54:20.531Z,178788206053100
"""LingWae @ FQN9hzhzP_"" checks",2026-08-28T01:54:19.633Z,178788205963300
"""the pho king @ gpP9uUffpu"" checks",2026-08-28T01:54:18.712Z,178788205871200
"Turn: 4♥, 7♣, 8♠ [2♣]",2026-08-28T01:54:18.054Z,178788205805400
"""LingWae @ FQN9hzhzP_"" checks",2026-08-28T01:54:17.207Z,178788205720700
"""the pho king @ gpP9uUffpu"" checks",2026-08-28T01:54:16.116Z,178788205611600
"Flop:  [4♥, 7♣, 8♠]",2026-08-28T01:54:15.213Z,178788205521300
"""the pho king @ gpP9uUffpu"" calls 50",2026-08-28T01:54:14.405Z,178788205440500
"""LingWae @ FQN9hzhzP_"" raises to 50",2026-08-28T01:54:13.428Z,178788205342800
"""the pho king @ gpP9uUffpu"" posts a big blind of 20",2026-08-28T01:54:10.704Z,178788205070405
"""LingWae @ FQN9hzhzP_"" posts a small blind of 10",2026-08-28T01:54:10.704Z,178788205070404
"Your hand is 7♥, 5♠",2026-08-28T01:54:10.704Z,178788205070403
"Player stacks: #1 ""LingWae @ FQN9hzhzP_"" (2522) | #10 ""the pho king @ gpP9uUffpu"" (1478)",2026-08-28T01:54:10.704Z,178788205070401
"-- starting hand #97 (id: 7pdpk9dfd20o)  No Limit Texas Hold'em (dealer: ""LingWae @ FQN9hzhzP_"") --",2026-08-28T01:54:10.704Z,178788205070400
"""LingWae @ FQN9hzhzP_"" shows a 3♦, 6♣.",2026-08-28T01:54:07.560Z,178788204756000
"-- ending hand #96 --",2026-08-28T01:54:07.010Z,178788204701002
"""the pho king @ gpP9uUffpu"" collected 80 from pot",2026-08-28T01:54:07.010Z,178788204701001
"Uncalled bet of 40 returned to ""the pho king @ gpP9uUffpu""",2026-08-28T01:54:07.010Z,178788204701000
"""LingWae @ FQN9hzhzP_"" folds",2026-08-28T01:54:06.205Z,178788204620500
"""the pho king @ gpP9uUffpu"" bets 40",2026-08-28T01:54:05.218Z,178788204521800
"""LingWae @ FQN9hzhzP_"" checks",2026-08-28T01:54:03.215Z,178788204321500
"River: K♣, A♦, 7♥, 9♥ [4♥]",2026-08-28T01:54:00.480Z,178788204048000
"""the pho king @ gpP9uUffpu"" checks",2026-08-28T01:53:59.612Z,178788203961200
"""LingWae @ FQN9hzhzP_"" checks",2026-08-28T01:53:58.682Z,178788203868200
"Turn: K♣, A♦, 7♥ [9♥]",2026-08-28T01:53:57.178Z,178788203717800
"""the pho king @ gpP9uUffpu"" checks",2026-08-28T01:53:56.338Z,178788203633800
"""LingWae @ FQN9hzhzP_"" checks",2026-08-28T01:53:55.406Z,178788203540600
"Flop:  [K♣, A♦, 7♥]",2026-08-28T01:53:53.445Z,178788203344500
"""LingWae @ FQN9hzhzP_"" calls 40",2026-08-28T01:53:52.591Z,178788203259100
"""the pho king @ gpP9uUffpu"" raises to 40",2026-08-28T01:53:50.814Z,178788203081400
"""LingWae @ FQN9hzhzP_"" posts a big blind of 20",2026-08-28T01:53:49.510Z,178788202951005
"""the pho king @ gpP9uUffpu"" posts a small blind of 10",2026-08-28T01:53:49.510Z,178788202951004
"Player stacks: #1 ""LingWae @ FQN9hzhzP_"" (2562) | #10 ""the pho king @ gpP9uUffpu"" (1438)",2026-08-28T01:53:49.510Z,178788202951001
"-- starting hand #96 (id: onrtukk48e51)  No Limit Texas Hold'em (dealer: ""the pho king @ gpP9uUffpu"") --",2026-08-28T01:53:49.510Z,178788202951000
"""LingWae @ FQN9hzhzP_"" shows a K♦.",2026-08-28T01:53:48.832Z,178788202883200
"""LingWae @ FQN9hzhzP_"" shows a 3♠.",2026-08-28T01:53:45.368Z,178788202536800
"Undealt cards: K♣, J♠, 10♥, 6♠ [2♥]",2026-08-28T01:53:43.153Z,178788202315300
"-- ending hand #95 --",2026-08-28T01:53:42.904Z,178788202290402
"""LingWae @ FQN9hzhzP_"" collected 100 from pot",2026-08-28T01:53:42.904Z,178788202290401
"Uncalled bet of 50 returned to ""LingWae @ FQN9hzhzP_""",2026-08-28T01:53:42.904Z,178788202290400
"""the pho king @ gpP9uUffpu"" folds",2026-08-28T01:53:42.071Z,178788202207100
"""LingWae @ FQN9hzhzP_"" bets 50",2026-08-28T01:53:40.795Z,178788202079500
"""the pho king @ gpP9uUffpu"" checks",2026-08-28T01:53:37.572Z,178788201757200
"Turn: K♣, J♠, 10♥ [6♠]",2026-08-28T01:53:37.098Z,178788201709800
"""the pho king @ gpP9uUffpu"" calls 30",2026-08-28T01:53:36.237Z,178788201623700
"""LingWae @ FQN9hzhzP_"" bets 30",2026-08-28T01:53:35.302Z,178788201530200
"""the pho king @ gpP9uUffpu"" checks",2026-08-28T01:53:31.422Z,178788201142200
"Flop:  [K♣, J♠, 10♥]",2026-08-28T01:53:30.170Z,178788201017000
"""the pho king @ gpP9uUffpu"" checks",2026-08-28T01:53:29.359Z,178788200935900
"""LingWae @ FQN9hzhzP_"" calls 20",2026-08-28T01:53:28.461Z,178788200846100
"""the pho king @ gpP9uUffpu"" posts a big blind of 20",2026-08-28T01:53:24.440Z,178788200444005
"""LingWae @ FQN9hzhzP_"" posts a small blind of 10",2026-08-28T01:53:24.440Z,178788200444004
"Player stacks: #1 ""LingWae @ FQN9hzhzP_"" (2512) | #10 ""the pho king @ gpP9uUffpu"" (1488)",2026-08-28T01:53:24.440Z,178788200444001
"-- starting hand #95 (id: 4ldhgflw7nzb)  No Limit Texas Hold'em (dealer: ""LingWae @ FQN9hzhzP_"") --",2026-08-28T01:53:24.440Z,178788200444000
"""LingWae @ FQN9hzhzP_"" shows a 5♣.",2026-08-28T01:53:21.908Z,178788200190800
"""LingWae @ FQN9hzhzP_"" shows a 7♣.",2026-08-28T01:53:21.455Z,178788200145500
"-- ending hand #94 --",2026-08-28T01:53:20.784Z,178788200078402
"""the pho king @ gpP9uUffpu"" collected 80 from pot",2026-08-28T01:53:20.784Z,178788200078401
"Uncalled bet of 60 returned to ""the pho king @ gpP9uUffpu""",2026-08-28T01:53:20.784Z,178788200078400
"""LingWae @ FQN9hzhzP_"" folds",2026-08-28T01:53:19.965Z,178788199996500
"""the pho king @ gpP9uUffpu"" bets 60",2026-08-28T01:53:19.027Z,178788199902700
"""LingWae @ FQN9hzhzP_"" checks",2026-08-28T01:53:17.163Z,178788199716300
"River: K♦, Q♥, 10♠, Q♠ [2♥]",2026-08-28T01:53:14.761Z,178788199476100
"""the pho king @ gpP9uUffpu"" checks",2026-08-28T01:53:13.923Z,178788199392300
"""LingWae @ FQN9hzhzP_"" checks",2026-08-28T01:53:12.516Z,178788199251600
"Turn: K♦, Q♥, 10♠ [Q♠]",2026-08-28T01:53:10.903Z,178788199090300
"""the pho king @ gpP9uUffpu"" checks",2026-08-28T01:53:10.067Z,178788199006700
"""LingWae @ FQN9hzhzP_"" checks",2026-08-28T01:53:09.168Z,178788198916800
"Flop:  [K♦, Q♥, 10♠]",2026-08-28T01:53:06.252Z,178788198625200
"""LingWae @ FQN9hzhzP_"" calls 40",2026-08-28T01:53:05.380Z,178788198538000
"""the pho king @ gpP9uUffpu"" raises to 40",2026-08-28T01:53:04.184Z,178788198418400
"""LingWae @ FQN9hzhzP_"" posts a big blind of 20",2026-08-28T01:53:01.655Z,178788198165505
"""the pho king @ gpP9uUffpu"" posts a small blind of 10",2026-08-28T01:53:01.655Z,178788198165504
"Player stacks: #1 ""LingWae @ FQN9hzhzP_"" (2552) | #10 ""the pho king @ gpP9uUffpu"" (1448)",2026-08-28T01:53:01.655Z,178788198165501
"-- starting hand #94 (id: dtrmgvjqfddn)  No Limit Texas Hold'em (dealer: ""the pho king @ gpP9uUffpu"") --",2026-08-28T01:53:01.655Z,178788198165500
"""LingWae @ FQN9hzhzP_"" shows a 9♠, 7♠.",2026-08-28T01:52:57.425Z,178788197742500
"Undealt cards: 6♠, 2♥, A♠ [9♣, 2♠]",2026-08-28T01:52:55.223Z,178788197522300
"-- ending hand #93 --",2026-08-28T01:52:55.002Z,178788197500202
"""LingWae @ FQN9hzhzP_"" collected 240 from pot",2026-08-28T01:52:55.002Z,178788197500201
"Uncalled bet of 80 returned to ""LingWae @ FQN9hzhzP_""",2026-08-28T01:52:55.002Z,178788197500200
"""the pho king @ gpP9uUffpu"" folds",2026-08-28T01:52:54.166Z,178788197416600
"""LingWae @ FQN9hzhzP_"" raises to 160",2026-08-28T01:52:52.237Z,178788197223700
"""the pho king @ gpP9uUffpu"" bets 80",2026-08-28T01:52:49.805Z,178788196980500
"Flop:  [6♠, 2♥, A♠]",2026-08-28T01:52:47.262Z,178788196726200
"""the pho king @ gpP9uUffpu"" calls 40",2026-08-28T01:52:46.451Z,178788196645100
"""LingWae @ FQN9hzhzP_"" raises to 40",2026-08-28T01:52:45.478Z,178788196547800
"""the pho king @ gpP9uUffpu"" posts a big blind of 20",2026-08-28T01:52:42.991Z,178788196299105
"""LingWae @ FQN9hzhzP_"" posts a small blind of 10",2026-08-28T01:52:42.991Z,178788196299104
"Player stacks: #1 ""LingWae @ FQN9hzhzP_"" (2432) | #10 ""the pho king @ gpP9uUffpu"" (1568)",2026-08-28T01:52:42.991Z,178788196299101
"-- starting hand #93 (id: chndycvv1jc5)  No Limit Texas Hold'em (dealer: ""LingWae @ FQN9hzhzP_"") --",2026-08-28T01:52:42.991Z,178788196299100
"-- ending hand #92 --",2026-08-28T01:52:36.946Z,178788195694603
"""the pho king @ gpP9uUffpu"" collected 120 from pot with Two Pair, 6's & 4's (combination: K♠, 4♦, 4♠, 6♣, 6♦)",2026-08-28T01:52:36.946Z,178788195694602
"""the pho king @ gpP9uUffpu"" shows a 4♦, K♠.",2026-08-28T01:52:36.946Z,178788195694601
"""LingWae @ FQN9hzhzP_"" shows a 9♣, 5♣.",2026-08-28T01:52:36.946Z,178788195694600
"""the pho king @ gpP9uUffpu"" calls 20",2026-08-28T01:52:36.061Z,178788195606100
"""LingWae @ FQN9hzhzP_"" bets 20",2026-08-28T01:52:35.161Z,178788195516100
"River: 4♠, 6♣, 10♦, 6♦ [3♠]",2026-08-28T01:52:32.457Z,178788195245700
"""the pho king @ gpP9uUffpu"" checks",2026-08-28T01:52:31.635Z,178788195163500
"""LingWae @ FQN9hzhzP_"" checks",2026-08-28T01:52:30.703Z,178788195070300
"Turn: 4♠, 6♣, 10♦ [6♦]",2026-08-28T01:52:29.055Z,178788194905500
"""the pho king @ gpP9uUffpu"" calls 20",2026-08-28T01:52:28.236Z,178788194823600
"""LingWae @ FQN9hzhzP_"" bets 20",2026-08-28T01:52:27.259Z,178788194725900
"Flop:  [4♠, 6♣, 10♦]",2026-08-28T01:52:22.751Z,178788194275100
"""LingWae @ FQN9hzhzP_"" checks",2026-08-28T01:52:21.936Z,178788194193600
"""the pho king @ gpP9uUffpu"" calls 20",2026-08-28T01:52:11.382Z,178788193138200
"""LingWae @ FQN9hzhzP_"" posts a big blind of 20",2026-08-28T01:52:10.156Z,178788193015605
"""the pho king @ gpP9uUffpu"" posts a small blind of 10",2026-08-28T01:52:10.156Z,178788193015604
"Your hand is 4♦, K♠",2026-08-28T01:52:10.156Z,178788193015603
"Player stacks: #1 ""LingWae @ FQN9hzhzP_"" (2492) | #10 ""the pho king @ gpP9uUffpu"" (1508)",2026-08-28T01:52:10.156Z,178788193015601
"-- starting hand #92 (id: 5xqcaz8ipptj)  No Limit Texas Hold'em (dealer: ""the pho king @ gpP9uUffpu"") --",2026-08-28T01:52:10.156Z,178788193015600
"""LingWae @ FQN9hzhzP_"" shows a 3♠, 3♥.",2026-08-28T01:52:05.399Z,178788192539900
"Undealt cards:  [8♥, 10♣, 6♣, 10♦, 7♠]",2026-08-28T01:52:03.904Z,178788192390400
"-- ending hand #91 --",2026-08-28T01:52:03.525Z,178788192352502
"""LingWae @ FQN9hzhzP_"" collected 40 from pot",2026-08-28T01:52:03.525Z,178788192352501
"Uncalled bet of 220 returned to ""LingWae @ FQN9hzhzP_""",2026-08-28T01:52:03.525Z,178788192352500
"""the pho king @ gpP9uUffpu"" folds",2026-08-28T01:52:02.689Z,178788192268900
"""LingWae @ FQN9hzhzP_"" raises to 240",2026-08-28T01:52:01.139Z,178788192113900
"""the pho king @ gpP9uUffpu"" posts a big blind of 20",2026-08-28T01:51:57.517Z,178788191751705
"""LingWae @ FQN9hzhzP_"" posts a small blind of 10",2026-08-28T01:51:57.517Z,178788191751704
"Player stacks: #1 ""LingWae @ FQN9hzhzP_"" (2472) | #10 ""the pho king @ gpP9uUffpu"" (1528)",2026-08-28T01:51:57.517Z,178788191751701
"-- starting hand #91 (id: vt7jyleokdhg)  No Limit Texas Hold'em (dealer: ""LingWae @ FQN9hzhzP_"") --",2026-08-28T01:51:57.517Z,178788191751700
"""LingWae @ FQN9hzhzP_"" collected 100 from the 7-2 bounty",2026-08-28T01:51:54.612Z,178788191461201
"""the pho king @ gpP9uUffpu"" paid 100 for the 7-2 bounty to ""LingWae @ FQN9hzhzP_""",2026-08-28T01:51:54.612Z,178788191461200
"""the pho king @ gpP9uUffpu"" shows a J♦, 6♣.",2026-08-28T01:51:50.802Z,178788191080200
"""LingWae @ FQN9hzhzP_"" shows a 2♦, 7♣.",2026-08-28T01:51:49.631Z,178788190963100
"Undealt cards:  [9♦, 6♥, 6♦, 4♣, 10♥]",2026-08-28T01:51:47.566Z,178788190756600
"-- ending hand #90 --",2026-08-28T01:51:47.309Z,178788190730902
"""LingWae @ FQN9hzhzP_"" collected 40 from pot",2026-08-28T01:51:47.309Z,178788190730901
"Uncalled bet of 220 returned to ""LingWae @ FQN9hzhzP_""",2026-08-28T01:51:47.309Z,178788190730900
"""the pho king @ gpP9uUffpu"" folds",2026-08-28T01:51:46.460Z,178788190646000
"""LingWae @ FQN9hzhzP_"" raises to 240",2026-08-28T01:51:45.531Z,178788190553100
"""the pho king @ gpP9uUffpu"" calls 20",2026-08-28T01:51:42.370Z,178788190237000
"""LingWae @ FQN9hzhzP_"" posts a big blind of 20",2026-08-28T01:51:41.456Z,178788190145605
"""the pho king @ gpP9uUffpu"" posts a small blind of 10",2026-08-28T01:51:41.456Z,178788190145604
"Your hand is J♦, 6♣",2026-08-28T01:51:41.456Z,178788190145603
"Player stacks: #1 ""LingWae @ FQN9hzhzP_"" (2352) | #10 ""the pho king @ gpP9uUffpu"" (1648)",2026-08-28T01:51:41.456Z,178788190145601
"-- starting hand #90 (id: y6smvvtnffod)  No Limit Texas Hold'em (dealer: ""the pho king @ gpP9uUffpu"") --",2026-08-28T01:51:41.456Z,178788190145600
"""LingWae @ FQN9hzhzP_"" shows a J♥.",2026-08-28T01:51:38.951Z,178788189895100
"""LingWae @ FQN9hzhzP_"" shows a Q♦.",2026-08-28T01:51:38.468Z,178788189846800
"-- ending hand #89 --",2026-08-28T01:51:37.851Z,178788189785102
"""the pho king @ gpP9uUffpu"" collected 80 from pot",2026-08-28T01:51:37.851Z,178788189785101
"Uncalled bet of 80 returned to ""the pho king @ gpP9uUffpu""",2026-08-28T01:51:37.851Z,178788189785100
"""LingWae @ FQN9hzhzP_"" folds",2026-08-28T01:51:37.000Z,178788189700000
"""the pho king @ gpP9uUffpu"" bets 80",2026-08-28T01:51:36.058Z,178788189605800
"River: A♥, 10♠, 7♠, 6♦ [10♣]",2026-08-28T01:51:34.055Z,178788189405500
"""LingWae @ FQN9hzhzP_"" checks",2026-08-28T01:51:33.210Z,178788189321000
"""the pho king @ gpP9uUffpu"" checks",2026-08-28T01:51:32.295Z,178788189229500
"Turn: A♥, 10♠, 7♠ [6♦]",2026-08-28T01:51:31.487Z,178788189148700
"""LingWae @ FQN9hzhzP_"" checks",2026-08-28T01:51:30.676Z,178788189067600
"""the pho king @ gpP9uUffpu"" checks",2026-08-28T01:51:28.702Z,178788188870200
"Flop:  [A♥, 10♠, 7♠]",2026-08-28T01:51:27.396Z,178788188739600
"""the pho king @ gpP9uUffpu"" calls 40",2026-08-28T01:51:26.578Z,178788188657800
"""LingWae @ FQN9hzhzP_"" raises to 40",2026-08-28T01:51:25.593Z,178788188559300
"""the pho king @ gpP9uUffpu"" posts a big blind of 20",2026-08-28T01:51:22.787Z,178788188278705
"""LingWae @ FQN9hzhzP_"" posts a small blind of 10",2026-08-28T01:51:22.787Z,178788188278704
"Player stacks: #1 ""LingWae @ FQN9hzhzP_"" (2392) | #10 ""the pho king @ gpP9uUffpu"" (1608)",2026-08-28T01:51:22.787Z,178788188278701
"-- starting hand #89 (id: 98spasqwfsog)  No Limit Texas Hold'em (dealer: ""LingWae @ FQN9hzhzP_"") --",2026-08-28T01:51:22.787Z,178788188278700
"""LingWae @ FQN9hzhzP_"" shows a 9♠.",2026-08-28T01:51:18.242Z,178788187824200
"-- ending hand #88 --",2026-08-28T01:51:16.271Z,178788187627102
"""the pho king @ gpP9uUffpu"" collected 280 from pot with Pair, J's (combination: 6♥, Q♥, K♣, J♠, J♦)",2026-08-28T01:51:16.271Z,178788187627101
"""the pho king @ gpP9uUffpu"" shows a K♣, J♠.",2026-08-28T01:51:16.271Z,178788187627100
"""LingWae @ FQN9hzhzP_"" calls 80",2026-08-28T01:51:15.403Z,178788187540300
"""the pho king @ gpP9uUffpu"" raises to 80",2026-08-28T01:51:13.143Z,178788187314300
"""LingWae @ FQN9hzhzP_"" bets 20",2026-08-28T01:51:11.111Z,178788187111100
"River: 5♥, 6♥, Q♥, 2♣ [J♦]",2026-08-28T01:51:08.982Z,178788186898200
"""the pho king @ gpP9uUffpu"" checks",2026-08-28T01:51:08.175Z,178788186817500
"""LingWae @ FQN9hzhzP_"" checks",2026-08-28T01:51:07.246Z,178788186724600
"Turn: 5♥, 6♥, Q♥ [2♣]",2026-08-28T01:51:05.381Z,178788186538100
"""the pho king @ gpP9uUffpu"" checks",2026-08-28T01:51:04.557Z,178788186455700
"""LingWae @ FQN9hzhzP_"" checks",2026-08-28T01:51:03.593Z,178788186359300
"Flop:  [5♥, 6♥, Q♥]",2026-08-28T01:50:59.389Z,178788185938900
"""LingWae @ FQN9hzhzP_"" calls 60",2026-08-28T01:50:58.560Z,178788185856000
"""the pho king @ gpP9uUffpu"" raises to 60",2026-08-28T01:50:57.646Z,178788185764600
"""LingWae @ FQN9hzhzP_"" posts a big blind of 20",2026-08-28T01:50:56.385Z,178788185638505
"""the pho king @ gpP9uUffpu"" posts a small blind of 10",2026-08-28T01:50:56.385Z,178788185638504
"Your hand is K♣, J♠",2026-08-28T01:50:56.385Z,178788185638503
"Player stacks: #1 ""LingWae @ FQN9hzhzP_"" (2532) | #10 ""the pho king @ gpP9uUffpu"" (1468)",2026-08-28T01:50:56.385Z,178788185638501
"-- starting hand #88 (id: udtja9riyrup)  No Limit Texas Hold'em (dealer: ""the pho king @ gpP9uUffpu"") --",2026-08-28T01:50:56.385Z,178788185638500
"""LingWae @ FQN9hzhzP_"" shows a J♥, J♣.",2026-08-28T01:50:51.878Z,178788185187800
"Undealt cards:  [7♠, 6♦, J♦, 5♦, 2♦]",2026-08-28T01:50:50.291Z,178788185029100
"-- ending hand #87 --",2026-08-28T01:50:49.779Z,178788184977902
"""LingWae @ FQN9hzhzP_"" collected 40 from pot",2026-08-28T01:50:49.779Z,178788184977901
"Uncalled bet of 220 returned to ""LingWae @ FQN9hzhzP_""",2026-08-28T01:50:49.779Z,178788184977900
"""the pho king @ gpP9uUffpu"" folds",2026-08-28T01:50:48.960Z,178788184896000
"""LingWae @ FQN9hzhzP_"" raises to 240",2026-08-28T01:50:46.794Z,178788184679400
"""the pho king @ gpP9uUffpu"" posts a big blind of 20",2026-08-28T01:50:42.155Z,178788184215505
"""LingWae @ FQN9hzhzP_"" posts a small blind of 10",2026-08-28T01:50:42.155Z,178788184215504
"Player stacks: #1 ""LingWae @ FQN9hzhzP_"" (2512) | #10 ""the pho king @ gpP9uUffpu"" (1488)",2026-08-28T01:50:42.155Z,178788184215501
"-- starting hand #87 (id: ob6igt2lxxnk)  No Limit Texas Hold'em (dealer: ""LingWae @ FQN9hzhzP_"") --",2026-08-28T01:50:42.155Z,178788184215500
"""LingWae @ FQN9hzhzP_"" shows a 8♣.",2026-08-28T01:50:39.807Z,178788183980700
"-- ending hand #86 --",2026-08-28T01:50:38.521Z,178788183852102
"""the pho king @ gpP9uUffpu"" collected 160 from pot",2026-08-28T01:50:38.521Z,178788183852101
"Uncalled bet of 100 returned to ""the pho king @ gpP9uUffpu""",2026-08-28T01:50:38.521Z,178788183852100
"""LingWae @ FQN9hzhzP_"" folds",2026-08-28T01:50:37.639Z,178788183763900
"""the pho king @ gpP9uUffpu"" raises to 120",2026-08-28T01:50:36.618Z,178788183661800
"""LingWae @ FQN9hzhzP_"" bets 20",2026-08-28T01:50:34.506Z,178788183450600
"River: 6♠, Q♠, 10♥, K♥ [3♣]",2026-08-28T01:50:32.313Z,178788183231300
"""the pho king @ gpP9uUffpu"" checks",2026-08-28T01:50:31.502Z,178788183150200
"""LingWae @ FQN9hzhzP_"" checks",2026-08-28T01:50:30.357Z,178788183035700
"Turn: 6♠, Q♠, 10♥ [K♥]",2026-08-28T01:50:27.775Z,178788182777500
"""the pho king @ gpP9uUffpu"" checks",2026-08-28T01:50:26.954Z,178788182695400
"""LingWae @ FQN9hzhzP_"" checks",2026-08-28T01:50:25.182Z,178788182518200
"Flop:  [6♠, Q♠, 10♥]",2026-08-28T01:50:21.907Z,178788182190700
"""LingWae @ FQN9hzhzP_"" calls 60",2026-08-28T01:50:21.077Z,178788182107700
"""the pho king @ gpP9uUffpu"" raises to 60",2026-08-28T01:50:19.115Z,178788181911500
"""LingWae @ FQN9hzhzP_"" posts a big blind of 20",2026-08-28T01:50:16.901Z,178788181690105
"""the pho king @ gpP9uUffpu"" posts a small blind of 10",2026-08-28T01:50:16.901Z,178788181690104
"Player stacks: #1 ""LingWae @ FQN9hzhzP_"" (2592) | #10 ""the pho king @ gpP9uUffpu"" (1408)",2026-08-28T01:50:16.901Z,178788181690101
"-- starting hand #86 (id: bdtimxtb266o)  No Limit Texas Hold'em (dealer: ""the pho king @ gpP9uUffpu"") --",2026-08-28T01:50:16.901Z,178788181690100
"""LingWae @ FQN9hzhzP_"" collected 100 from the 7-2 bounty",2026-08-28T01:50:13.899Z,178788181389901
"""the pho king @ gpP9uUffpu"" paid 100 for the 7-2 bounty to ""LingWae @ FQN9hzhzP_""",2026-08-28T01:50:13.899Z,178788181389900
"""the pho king @ gpP9uUffpu"" shows a 9♠, 3♣.",2026-08-28T01:50:09.295Z,178788180929500
"""LingWae @ FQN9hzhzP_"" shows a 2♥, 7♠.",2026-08-28T01:50:07.779Z,178788180777900
"Undealt cards:  [10♥, A♦, 7♦, K♦, 8♦]",2026-08-28T01:50:06.830Z,178788180683000
"-- ending hand #85 --",2026-08-28T01:50:06.518Z,178788180651802
"""LingWae @ FQN9hzhzP_"" collected 40 from pot",2026-08-28T01:50:06.518Z,178788180651801
"Uncalled bet of 100 returned to ""LingWae @ FQN9hzhzP_""",2026-08-28T01:50:06.518Z,178788180651800
"""the pho king @ gpP9uUffpu"" folds",2026-08-28T01:50:05.617Z,178788180561700
"""LingWae @ FQN9hzhzP_"" raises to 120",2026-08-28T01:50:04.211Z,178788180421100
"""the pho king @ gpP9uUffpu"" posts a big blind of 20",2026-08-28T01:50:00.584Z,178788180058405
"""LingWae @ FQN9hzhzP_"" posts a small blind of 10",2026-08-28T01:50:00.584Z,178788180058404
"Your hand is 9♠, 3♣",2026-08-28T01:50:00.584Z,178788180058403
"Player stacks: #1 ""LingWae @ FQN9hzhzP_"" (2472) | #10 ""the pho king @ gpP9uUffpu"" (1528)",2026-08-28T01:50:00.584Z,178788180058401
"-- starting hand #85 (id: qiet7krmsomd)  No Limit Texas Hold'em (dealer: ""LingWae @ FQN9hzhzP_"") --",2026-08-28T01:50:00.584Z,178788180058400
"""the pho king @ gpP9uUffpu"" shows a 3♦, 5♠.",2026-08-28T01:49:58.116Z,178788179811600
"""LingWae @ FQN9hzhzP_"" shows a 9♥.",2026-08-28T01:49:54.599Z,178788179459900
"Undealt cards: 3♠, K♥, K♦, J♣ [9♦]",2026-08-28T01:49:53.553Z,178788179355300
"-- ending hand #84 --",2026-08-28T01:49:53.212Z,178788179321202
"""the pho king @ gpP9uUffpu"" collected 80 from pot",2026-08-28T01:49:53.212Z,178788179321201
"Uncalled bet of 20 returned to ""the pho king @ gpP9uUffpu""",2026-08-28T01:49:53.212Z,178788179321200
"""LingWae @ FQN9hzhzP_"" folds",2026-08-28T01:49:52.394Z,178788179239400
"""the pho king @ gpP9uUffpu"" bets 20",2026-08-28T01:49:51.389Z,178788179138900
"""LingWae @ FQN9hzhzP_"" checks",2026-08-28T01:49:49.857Z,178788178985700
"Turn: 3♠, K♥, K♦ [J♣]",2026-08-28T01:49:48.371Z,178788178837100
"""the pho king @ gpP9uUffpu"" checks",2026-08-28T01:49:47.516Z,178788178751600
"""LingWae @ FQN9hzhzP_"" checks",2026-08-28T01:49:45.810Z,178788178581000
"Flop:  [3♠, K♥, K♦]",2026-08-28T01:49:43.998Z,178788178399800
"""LingWae @ FQN9hzhzP_"" calls 40",2026-08-28T01:49:43.196Z,178788178319600
"""the pho king @ gpP9uUffpu"" raises to 40",2026-08-28T01:49:34.613Z,178788177461300
"""LingWae @ FQN9hzhzP_"" posts a big blind of 20",2026-08-28T01:49:33.632Z,178788177363205
"""the pho king @ gpP9uUffpu"" posts a small blind of 10",2026-08-28T01:49:33.632Z,178788177363204
"Your hand is 3♦, 5♠",2026-08-28T01:49:33.632Z,178788177363203
"Player stacks: #1 ""LingWae @ FQN9hzhzP_"" (2512) | #10 ""the pho king @ gpP9uUffpu"" (1488)",2026-08-28T01:49:33.632Z,178788177363201
"-- starting hand #84 (id: oa1qtbxto0na)  No Limit Texas Hold'em (dealer: ""the pho king @ gpP9uUffpu"") --",2026-08-28T01:49:33.632Z,178788177363200
"-- ending hand #83 --",2026-08-28T01:49:27.622Z,178788176762203
"""the pho king @ gpP9uUffpu"" shows a 3♦, A♦.",2026-08-28T01:49:27.622Z,178788176762202
"""LingWae @ FQN9hzhzP_"" collected 2512 from pot with Two Pair, A's & 10's (combination: Q♦, 10♣, 10♦, A♣, A♥)",2026-08-28T01:49:27.622Z,178788176762201
"""LingWae @ FQN9hzhzP_"" shows a A♣, 10♣.",2026-08-28T01:49:27.622Z,178788176762200
"""the pho king @ gpP9uUffpu"" calls 829",2026-08-28T01:49:26.816Z,178788176681600
"""LingWae @ FQN9hzhzP_"" bets 829 and go all in",2026-08-28T01:49:25.587Z,178788176558700
"""the pho king @ gpP9uUffpu"" checks",2026-08-28T01:49:23.029Z,178788176302900
"River: 8♣, 10♦, A♥, 6♠ [Q♦]",2026-08-28T01:49:22.348Z,178788176234800
"""the pho king @ gpP9uUffpu"" calls 120",2026-08-28T01:49:21.436Z,178788176143600
"""LingWae @ FQN9hzhzP_"" bets 120",2026-08-28T01:49:20.529Z,178788176052900
"""the pho king @ gpP9uUffpu"" checks",2026-08-28T01:49:15.765Z,178788175576500
"Turn: 8♣, 10♦, A♥ [6♠]",2026-08-28T01:49:14.542Z,178788175454200
"""the pho king @ gpP9uUffpu"" calls 67",2026-08-28T01:49:13.727Z,178788175372700
"""LingWae @ FQN9hzhzP_"" bets 67",2026-08-28T01:49:11.992Z,178788175199200
"""the pho king @ gpP9uUffpu"" checks",2026-08-28T01:49:07.977Z,178788174797700
"Flop:  [8♣, 10♦, A♥]",2026-08-28T01:49:06.690Z,178788174669000
"""the pho king @ gpP9uUffpu"" calls 240",2026-08-28T01:49:05.862Z,178788174586200
"""LingWae @ FQN9hzhzP_"" raises to 240",2026-08-28T01:49:03.333Z,178788174333300
"""the pho king @ gpP9uUffpu"" posts a big blind of 20",2026-08-28T01:48:57.733Z,178788173773305
"""LingWae @ FQN9hzhzP_"" posts a small blind of 10",2026-08-28T01:48:57.733Z,178788173773304
"Your hand is 3♦, A♦",2026-08-28T01:48:57.733Z,178788173773303
"Player stacks: #1 ""LingWae @ FQN9hzhzP_"" (1256) | #10 ""the pho king @ gpP9uUffpu"" (2744)",2026-08-28T01:48:57.733Z,178788173773301
"-- starting hand #83 (id: lwr8mrmdlfpk)  No Limit Texas Hold'em (dealer: ""LingWae @ FQN9hzhzP_"") --",2026-08-28T01:48:57.733Z,178788173773300
"""LingWae @ FQN9hzhzP_"" shows a 7♥.",2026-08-28T01:48:54.147Z,178788173414700
"""the pho king @ gpP9uUffpu"" shows a 8♠.",2026-08-28T01:48:52.621Z,178788173262100
"Undealt cards:  [A♣, 9♣, 4♦, 4♠, 2♥]",2026-08-28T01:48:50.673Z,178788173067300
"-- ending hand #82 --",2026-08-28T01:48:50.393Z,178788173039302
"""LingWae @ FQN9hzhzP_"" collected 80 from pot",2026-08-28T01:48:50.393Z,178788173039301
"Uncalled bet of 200 returned to ""LingWae @ FQN9hzhzP_""",2026-08-28T01:48:50.393Z,178788173039300
"""the pho king @ gpP9uUffpu"" folds",2026-08-28T01:48:49.547Z,178788172954700
"""LingWae @ FQN9hzhzP_"" raises to 240",2026-08-28T01:48:48.529Z,178788172852900
"""the pho king @ gpP9uUffpu"" raises to 40",2026-08-28T01:48:45.083Z,178788172508300
"""LingWae @ FQN9hzhzP_"" posts a big blind of 20",2026-08-28T01:48:42.111Z,178788172211105
"""the pho king @ gpP9uUffpu"" posts a small blind of 10",2026-08-28T01:48:42.111Z,178788172211104
"Player stacks: #1 ""LingWae @ FQN9hzhzP_"" (1216) | #10 ""the pho king @ gpP9uUffpu"" (2784)",2026-08-28T01:48:42.111Z,178788172211101
"-- starting hand #82 (id: 4oaegy9gdlo8)  No Limit Texas Hold'em (dealer: ""the pho king @ gpP9uUffpu"") --",2026-08-28T01:48:42.111Z,178788172211100
"""LingWae @ FQN9hzhzP_"" shows a 4♠.",2026-08-28T01:48:37.567Z,178788171756700
"-- ending hand #81 --",2026-08-28T01:48:35.581Z,178788171558102
"""the pho king @ gpP9uUffpu"" collected 200 from pot with Pair, 8's (combination: 6♣, 9♠, A♦, 8♠, 8♣)",2026-08-28T01:48:35.581Z,178788171558101
"""the pho king @ gpP9uUffpu"" shows a 8♠, A♦.",2026-08-28T01:48:35.581Z,178788171558100
"""LingWae @ FQN9hzhzP_"" calls 40",2026-08-28T01:48:34.759Z,178788171475900
"""the pho king @ gpP9uUffpu"" bets 40",2026-08-28T01:48:33.784Z,178788171378400
"River: 9♠, 3♣, 8♣, 2♠ [6♣]",2026-08-28T01:48:31.779Z,178788171177900
"""LingWae @ FQN9hzhzP_"" checks",2026-08-28T01:48:30.976Z,178788171097600
"""the pho king @ gpP9uUffpu"" checks",2026-08-28T01:48:30.055Z,178788171005500
"Turn: 9♠, 3♣, 8♣ [2♠]",2026-08-28T01:48:29.260Z,178788170926000
"""LingWae @ FQN9hzhzP_"" checks",2026-08-28T01:48:28.448Z,178788170844800
"""the pho king @ gpP9uUffpu"" checks",2026-08-28T01:48:27.208Z,178788170720800
"Flop:  [9♠, 3♣, 8♣]",2026-08-28T01:48:25.977Z,178788170597700
"""LingWae @ FQN9hzhzP_"" calls 60",2026-08-28T01:48:25.117Z,178788170511700
"""the pho king @ gpP9uUffpu"" raises to 60",2026-08-28T01:48:24.203Z,178788170420300
"""LingWae @ FQN9hzhzP_"" calls 20",2026-08-28T01:48:22.330Z,178788170233000
"""the pho king @ gpP9uUffpu"" posts a big blind of 20",2026-08-28T01:48:20.571Z,178788170057105
"""LingWae @ FQN9hzhzP_"" posts a small blind of 10",2026-08-28T01:48:20.571Z,178788170057104
"Your hand is 8♠, A♦",2026-08-28T01:48:20.571Z,178788170057103
"Player stacks: #1 ""LingWae @ FQN9hzhzP_"" (1316) | #10 ""the pho king @ gpP9uUffpu"" (2684)",2026-08-28T01:48:20.571Z,178788170057101
"-- starting hand #81 (id: vrfxvmakmktt)  No Limit Texas Hold'em (dealer: ""LingWae @ FQN9hzhzP_"") --",2026-08-28T01:48:20.571Z,178788170057100
"Undealt cards:  [3♥, 8♦, 8♥, 10♥, Q♦]",2026-08-28T01:48:14.942Z,178788169494200
"-- ending hand #80 --",2026-08-28T01:48:14.568Z,178788169456802
"""the pho king @ gpP9uUffpu"" collected 40 from pot",2026-08-28T01:48:14.568Z,178788169456801
"Uncalled bet of 20 returned to ""the pho king @ gpP9uUffpu""",2026-08-28T01:48:14.568Z,178788169456800
"""LingWae @ FQN9hzhzP_"" folds",2026-08-28T01:48:13.665Z,178788169366500
"""the pho king @ gpP9uUffpu"" raises to 40",2026-08-28T01:48:03.414Z,178788168341400
"""LingWae @ FQN9hzhzP_"" posts a big blind of 20",2026-08-28T01:48:02.406Z,178788168240605
"""the pho king @ gpP9uUffpu"" posts a small blind of 10",2026-08-28T01:48:02.406Z,178788168240604
"Player stacks: #1 ""LingWae @ FQN9hzhzP_"" (1336) | #10 ""the pho king @ gpP9uUffpu"" (2664)",2026-08-28T01:48:02.406Z,178788168240601
"-- starting hand #80 (id: zubrmqz9uzvt)  No Limit Texas Hold'em (dealer: ""the pho king @ gpP9uUffpu"") --",2026-08-28T01:48:02.406Z,178788168240600
"""the pho king @ gpP9uUffpu"" shows a 7♣.",2026-08-28T01:47:58.662Z,178788167866200
"""LingWae @ FQN9hzhzP_"" shows a 6♣, 10♦.",2026-08-28T01:47:57.478Z,178788167747800
"""the pho king @ gpP9uUffpu"" shows a A♥.",2026-08-28T01:47:56.707Z,178788167670700
"Undealt cards:  [5♣, J♠, Q♦, A♦, K♣]",2026-08-28T01:47:55.262Z,178788167526200
"-- ending hand #79 --",2026-08-28T01:47:54.951Z,178788167495102
"""the pho king @ gpP9uUffpu"" collected 20 from pot",2026-08-28T01:47:54.951Z,178788167495101
"Uncalled bet of 10 returned to ""the pho king @ gpP9uUffpu""",2026-08-28T01:47:54.951Z,178788167495100
"""LingWae @ FQN9hzhzP_"" folds",2026-08-28T01:47:54.113Z,178788167411300
"""the pho king @ gpP9uUffpu"" posts a big blind of 20",2026-08-28T01:47:51.848Z,178788167184805
"""LingWae @ FQN9hzhzP_"" posts a small blind of 10",2026-08-28T01:47:51.848Z,178788167184804
"Player stacks: #1 ""LingWae @ FQN9hzhzP_"" (1346) | #10 ""the pho king @ gpP9uUffpu"" (2654)",2026-08-28T01:47:51.848Z,178788167184801
"-- starting hand #79 (id: 24gthjthqmoa)  No Limit Texas Hold'em (dealer: ""LingWae @ FQN9hzhzP_"") --",2026-08-28T01:47:51.848Z,178788167184800
"""LingWae @ FQN9hzhzP_"" shows a 9♣.",2026-08-28T01:47:46.955Z,178788166695500
"""the pho king @ gpP9uUffpu"" shows a 2♥.",2026-08-28T01:47:46.284Z,178788166628400
"Undealt cards:  [8♦, 10♦, 6♥, 2♠, 5♠]",2026-08-28T01:47:44.820Z,178788166482000
"-- ending hand #78 --",2026-08-28T01:47:44.524Z,178788166452402
"""the pho king @ gpP9uUffpu"" collected 40 from pot",2026-08-28T01:47:44.524Z,178788166452401
"Uncalled bet of 20 returned to ""the pho king @ gpP9uUffpu""",2026-08-28T01:47:44.524Z,178788166452400
"""LingWae @ FQN9hzhzP_"" folds",2026-08-28T01:47:43.658Z,178788166365800
"""the pho king @ gpP9uUffpu"" raises to 40",2026-08-28T01:47:42.115Z,178788166211500
"""LingWae @ FQN9hzhzP_"" posts a big blind of 20",2026-08-28T01:47:40.843Z,178788166084305
"""the pho king @ gpP9uUffpu"" posts a small blind of 10",2026-08-28T01:47:40.843Z,178788166084304
"Player stacks: #1 ""LingWae @ FQN9hzhzP_"" (1366) | #10 ""the pho king @ gpP9uUffpu"" (2634)",2026-08-28T01:47:40.843Z,178788166084301
"-- starting hand #78 (id: jldejb4yiqeg)  No Limit Texas Hold'em (dealer: ""the pho king @ gpP9uUffpu"") --",2026-08-28T01:47:40.843Z,178788166084300
"""LingWae @ FQN9hzhzP_"" shows a 5♠, 3♥.",2026-08-28T01:47:35.880Z,178788165588000
"-- ending hand #77 --",2026-08-28T01:47:34.320Z,178788165432002
"""the pho king @ gpP9uUffpu"" collected 120 from pot with Pair, 8's (combination: 5♣, 6♥, J♥, 8♠, 8♣)",2026-08-28T01:47:34.320Z,178788165432001
"""the pho king @ gpP9uUffpu"" shows a 6♥, 8♠.",2026-08-28T01:47:34.320Z,178788165432000
"""LingWae @ FQN9hzhzP_"" checks",2026-08-28T01:47:33.429Z,178788165342900
"""the pho king @ gpP9uUffpu"" checks",2026-08-28T01:47:32.474Z,178788165247400
"River: 5♣, J♥, 4♥, 8♣ [2♥]",2026-08-28T01:47:31.509Z,178788165150900
"""the pho king @ gpP9uUffpu"" calls 20",2026-08-28T01:47:30.604Z,178788165060400
"""LingWae @ FQN9hzhzP_"" bets 20",2026-08-28T01:47:29.658Z,178788164965800
"""the pho king @ gpP9uUffpu"" checks",2026-08-28T01:47:26.249Z,178788164624900
"Turn: 5♣, J♥, 4♥ [8♣]",2026-08-28T01:47:25.308Z,178788164530800
"""the pho king @ gpP9uUffpu"" calls 20",2026-08-28T01:47:24.479Z,178788164447900
"""LingWae @ FQN9hzhzP_"" bets 20",2026-08-28T01:47:23.551Z,178788164355100
"""the pho king @ gpP9uUffpu"" checks",2026-08-28T01:47:18.415Z,178788163841500
"Flop:  [5♣, J♥, 4♥]",2026-08-28T01:47:17.301Z,178788163730100
"""the pho king @ gpP9uUffpu"" checks",2026-08-28T01:47:16.467Z,178788163646700
"""LingWae @ FQN9hzhzP_"" calls 20",2026-08-28T01:47:14.051Z,178788163405100
"""the pho king @ gpP9uUffpu"" posts a big blind of 20",2026-08-28T01:47:11.297Z,178788163129705
"""LingWae @ FQN9hzhzP_"" posts a small blind of 10",2026-08-28T01:47:11.297Z,178788163129704
"Your hand is 6♥, 8♠",2026-08-28T01:47:11.297Z,178788163129703
"Player stacks: #1 ""LingWae @ FQN9hzhzP_"" (1426) | #10 ""the pho king @ gpP9uUffpu"" (2574)",2026-08-28T01:47:11.297Z,178788163129701
"-- starting hand #77 (id: pnugdb4wmfzs)  No Limit Texas Hold'em (dealer: ""LingWae @ FQN9hzhzP_"") --",2026-08-28T01:47:11.297Z,178788163129700
"""LingWae @ FQN9hzhzP_"" shows a 4♠.",2026-08-28T01:47:10.604Z,178788163060400
"""the pho king @ gpP9uUffpu"" shows a 6♠, 6♣.",2026-08-28T01:47:09.173Z,178788162917300
"""LingWae @ FQN9hzhzP_"" shows a 6♥.",2026-08-28T01:47:07.680Z,178788162768000
"-- ending hand #76 --",2026-08-28T01:47:06.913Z,178788162691302
"""the pho king @ gpP9uUffpu"" collected 80 from pot",2026-08-28T01:47:06.913Z,178788162691301
"Uncalled bet of 20 returned to ""the pho king @ gpP9uUffpu""",2026-08-28T01:47:06.913Z,178788162691300
"""LingWae @ FQN9hzhzP_"" folds",2026-08-28T01:47:06.105Z,178788162610500
"""the pho king @ gpP9uUffpu"" bets 20",2026-08-28T01:47:04.963Z,178788162496300
"""LingWae @ FQN9hzhzP_"" checks",2026-08-28T01:47:03.533Z,178788162353300
"River: J♠, 2♦, 7♣, K♣ [3♦]",2026-08-28T01:47:00.753Z,178788162075300
"""the pho king @ gpP9uUffpu"" checks",2026-08-28T01:46:59.944Z,178788161994400
"""LingWae @ FQN9hzhzP_"" checks",2026-08-28T01:46:59.048Z,178788161904800
"Turn: J♠, 2♦, 7♣ [K♣]",2026-08-28T01:46:57.679Z,178788161767900
"""the pho king @ gpP9uUffpu"" checks",2026-08-28T01:46:56.868Z,178788161686800
"""LingWae @ FQN9hzhzP_"" checks",2026-08-28T01:46:55.640Z,178788161564000
"Flop:  [J♠, 2♦, 7♣]",2026-08-28T01:46:52.677Z,178788161267700
"""LingWae @ FQN9hzhzP_"" calls 40",2026-08-28T01:46:51.837Z,178788161183700
"""the pho king @ gpP9uUffpu"" raises to 40",2026-08-28T01:46:49.410Z,178788160941000
"""LingWae @ FQN9hzhzP_"" posts a big blind of 20",2026-08-28T01:46:48.080Z,178788160808006
"""the pho king @ gpP9uUffpu"" posts a small blind of 10",2026-08-28T01:46:48.080Z,178788160808005
"Your hand is 6♠, 6♣",2026-08-28T01:46:48.080Z,178788160808004
"Player stacks: #1 ""LingWae @ FQN9hzhzP_"" (1466) | #10 ""the pho king @ gpP9uUffpu"" (2534)",2026-08-28T01:46:48.080Z,178788160808002
"-- starting hand #76 (id: how3vvkhtqb4)  No Limit Texas Hold'em (dealer: ""the pho king @ gpP9uUffpu"") --",2026-08-28T01:46:48.080Z,178788160808001
"Game Config Changes
* 7-2 bounty: 3 » 100",2026-08-28T01:46:48.080Z,178788160808000
"-- ending hand #75 --",2026-08-28T01:46:42.065Z,178788160206503
"""LingWae @ FQN9hzhzP_"" collected 80 from pot with Two Pair, Q's & 2's (combination: A♦, 2♠, 2♥, Q♦, Q♠)",2026-08-28T01:46:42.065Z,178788160206502
"""LingWae @ FQN9hzhzP_"" shows a 6♠, 2♠.",2026-08-28T01:46:42.065Z,178788160206501
"""the pho king @ gpP9uUffpu"" shows a 6♦, J♠.",2026-08-28T01:46:42.065Z,178788160206500
"""LingWae @ FQN9hzhzP_"" checks",2026-08-28T01:46:41.251Z,178788160125100
"""the pho king @ gpP9uUffpu"" checks",2026-08-28T01:46:40.150Z,178788160015000
"River: A♦, Q♦, 5♣, 2♥ [Q♠]",2026-08-28T01:46:39.136Z,178788159913600
"""the pho king @ gpP9uUffpu"" calls 20",2026-08-28T01:46:38.290Z,178788159829000
"""LingWae @ FQN9hzhzP_"" bets 20",2026-08-28T01:46:37.103Z,178788159710300
"""the pho king @ gpP9uUffpu"" checks",2026-08-28T01:46:34.930Z,178788159493000
"Turn: A♦, Q♦, 5♣ [2♥]",2026-08-28T01:46:33.565Z,178788159356500
"""LingWae @ FQN9hzhzP_"" checks",2026-08-28T01:46:32.743Z,178788159274300
"""the pho king @ gpP9uUffpu"" checks",2026-08-28T01:46:31.773Z,178788159177300
"Flop:  [A♦, Q♦, 5♣]",2026-08-28T01:46:18.644Z,178788157864400
"""the pho king @ gpP9uUffpu"" checks",2026-08-28T01:46:17.801Z,178788157780100
"""LingWae @ FQN9hzhzP_"" calls 20",2026-08-28T01:46:16.533Z,178788157653300
"""the pho king @ gpP9uUffpu"" posts a big blind of 20",2026-08-28T01:45:54.368Z,178788155436805
"""LingWae @ FQN9hzhzP_"" posts a small blind of 10",2026-08-28T01:45:54.368Z,178788155436804
"Your hand is 6♦, J♠",2026-08-28T01:45:54.368Z,178788155436803
"Player stacks: #1 ""LingWae @ FQN9hzhzP_"" (1426) | #10 ""the pho king @ gpP9uUffpu"" (2574)",2026-08-28T01:45:54.368Z,178788155436801
"-- starting hand #75 (id: waiqcxqp4ac3)  No Limit Texas Hold'em (dealer: ""LingWae @ FQN9hzhzP_"") --",2026-08-28T01:45:54.368Z,178788155436800
"""LingWae @ FQN9hzhzP_"" collected 3 from the 7-2 bounty",2026-08-28T01:45:51.454Z,178788155145401
"""the pho king @ gpP9uUffpu"" paid 3 for the 7-2 bounty to ""LingWae @ FQN9hzhzP_""",2026-08-28T01:45:51.454Z,178788155145400
"""LingWae @ FQN9hzhzP_"" shows a 2♠, 7♦.",2026-08-28T01:45:47.782Z,178788154778200
"Undealt cards: Q♥, A♣, 8♥ [9♦, 4♣]",2026-08-28T01:45:45.185Z,178788154518500
"-- ending hand #74 --",2026-08-28T01:45:44.840Z,178788154484002
"""LingWae @ FQN9hzhzP_"" collected 40 from pot",2026-08-28T01:45:44.840Z,178788154484001
"Uncalled bet of 67 returned to ""LingWae @ FQN9hzhzP_""",2026-08-28T01:45:44.840Z,178788154484000
"""the pho king @ gpP9uUffpu"" folds",2026-08-28T01:45:44.030Z,178788154403000
"""LingWae @ FQN9hzhzP_"" bets 67",2026-08-28T01:45:42.486Z,178788154248600
"Flop:  [Q♥, A♣, 8♥]",2026-08-28T01:45:39.237Z,178788153923700
"""LingWae @ FQN9hzhzP_"" checks",2026-08-28T01:45:38.432Z,178788153843200
"""the pho king @ gpP9uUffpu"" calls 20",2026-08-28T01:45:36.803Z,178788153680300
"""LingWae @ FQN9hzhzP_"" posts a big blind of 20",2026-08-28T01:45:35.669Z,178788153566905
"""the pho king @ gpP9uUffpu"" posts a small blind of 10",2026-08-28T01:45:35.669Z,178788153566904
"Player stacks: #1 ""LingWae @ FQN9hzhzP_"" (1403) | #10 ""the pho king @ gpP9uUffpu"" (2597)",2026-08-28T01:45:35.669Z,178788153566901
"-- starting hand #74 (id: flfubv4sooq3)  No Limit Texas Hold'em (dealer: ""the pho king @ gpP9uUffpu"") --",2026-08-28T01:45:35.669Z,178788153566900
"""LingWae @ FQN9hzhzP_"" shows a 9♥.",2026-08-28T01:45:34.271Z,178788153427100
"-- ending hand #73 --",2026-08-28T01:45:32.033Z,178788153203302
"""the pho king @ gpP9uUffpu"" collected 120 from pot",2026-08-28T01:45:32.033Z,178788153203301
"Uncalled bet of 120 returned to ""the pho king @ gpP9uUffpu""",2026-08-28T01:45:32.033Z,178788153203300
"""LingWae @ FQN9hzhzP_"" folds",2026-08-28T01:45:31.226Z,178788153122600
"""the pho king @ gpP9uUffpu"" bets 120",2026-08-28T01:45:30.016Z,178788153001600
"River: 10♣, A♥, 3♠, 8♠ [8♣]",2026-08-28T01:45:27.939Z,178788152793900
"""LingWae @ FQN9hzhzP_"" checks",2026-08-28T01:45:27.121Z,178788152712100
"""the pho king @ gpP9uUffpu"" checks",2026-08-28T01:45:25.737Z,178788152573700
"Turn: 10♣, A♥, 3♠ [8♠]",2026-08-28T01:45:25.141Z,178788152514100
"""LingWae @ FQN9hzhzP_"" checks",2026-08-28T01:45:24.303Z,178788152430300
"""the pho king @ gpP9uUffpu"" checks",2026-08-28T01:45:23.254Z,178788152325400
"Flop:  [10♣, A♥, 3♠]",2026-08-28T01:45:21.849Z,178788152184900
"""the pho king @ gpP9uUffpu"" calls 60",2026-08-28T01:45:21.020Z,178788152102000
"""LingWae @ FQN9hzhzP_"" raises to 60",2026-08-28T01:45:19.667Z,178788151966700
"""the pho king @ gpP9uUffpu"" posts a big blind of 20",2026-08-28T01:45:17.359Z,178788151735905
"""LingWae @ FQN9hzhzP_"" posts a small blind of 10",2026-08-28T01:45:17.359Z,178788151735904
"Player stacks: #1 ""LingWae @ FQN9hzhzP_"" (1463) | #10 ""the pho king @ gpP9uUffpu"" (2537)",2026-08-28T01:45:17.359Z,178788151735901
"-- starting hand #73 (id: 40y6et6abxhl)  No Limit Texas Hold'em (dealer: ""LingWae @ FQN9hzhzP_"") --",2026-08-28T01:45:17.359Z,178788151735900
"-- ending hand #72 --",2026-08-28T01:45:11.339Z,178788151133903
"""the pho king @ gpP9uUffpu"" collected 80 from pot with Pair, 3's (combination: 9♥, K♣, A♣, 3♠, 3♥)",2026-08-28T01:45:11.339Z,178788151133902
"""the pho king @ gpP9uUffpu"" shows a K♣, 3♠.",2026-08-28T01:45:11.339Z,178788151133901
"""LingWae @ FQN9hzhzP_"" shows a 6♥, J♦.",2026-08-28T01:45:11.339Z,178788151133900
"""the pho king @ gpP9uUffpu"" checks",2026-08-28T01:45:10.506Z,178788151050600
"""LingWae @ FQN9hzhzP_"" checks",2026-08-28T01:45:09.598Z,178788150959800
"River: 5♦, 3♥, 4♦, 9♥ [A♣]",2026-08-28T01:45:08.211Z,178788150821100
"""the pho king @ gpP9uUffpu"" checks",2026-08-28T01:45:07.389Z,178788150738900
"""LingWae @ FQN9hzhzP_"" checks",2026-08-28T01:45:06.438Z,178788150643800
"Turn: 5♦, 3♥, 4♦ [9♥]",2026-08-28T01:45:04.539Z,178788150453900
"""the pho king @ gpP9uUffpu"" calls 20",2026-08-28T01:45:03.736Z,178788150373600
"""LingWae @ FQN9hzhzP_"" bets 20",2026-08-28T01:45:02.676Z,178788150267600
"Flop:  [5♦, 3♥, 4♦]",2026-08-28T01:44:56.729Z,178788149672900
"""LingWae @ FQN9hzhzP_"" checks",2026-08-28T01:44:55.918Z,178788149591800
"""the pho king @ gpP9uUffpu"" calls 20",2026-08-28T01:44:53.619Z,178788149361900
"""LingWae @ FQN9hzhzP_"" posts a big blind of 20",2026-08-28T01:44:52.437Z,178788149243705
"""the pho king @ gpP9uUffpu"" posts a small blind of 10",2026-08-28T01:44:52.437Z,178788149243704
"Your hand is K♣, 3♠",2026-08-28T01:44:52.437Z,178788149243703
"Player stacks: #1 ""LingWae @ FQN9hzhzP_"" (1503) | #10 ""the pho king @ gpP9uUffpu"" (2497)",2026-08-28T01:44:52.437Z,178788149243701
"-- starting hand #72 (id: qdtrqhcloacp)  No Limit Texas Hold'em (dealer: ""the pho king @ gpP9uUffpu"") --",2026-08-28T01:44:52.437Z,178788149243700
"""LingWae @ FQN9hzhzP_"" shows a 3♦, 2♦.",2026-08-28T01:44:48.611Z,178788148861100
"""the pho king @ gpP9uUffpu"" shows a 9♠, 8♥.",2026-08-28T01:44:47.663Z,178788148766300
"Undealt cards: 4♥, Q♥, A♥ [A♦, 5♦]",2026-08-28T01:44:45.494Z,178788148549400
"-- ending hand #71 --",2026-08-28T01:44:45.079Z,178788148507901
"""the pho king @ gpP9uUffpu"" collected 100 from pot",2026-08-28T01:44:45.079Z,178788148507900
"""LingWae @ FQN9hzhzP_"" folds",2026-08-28T01:44:44.242Z,178788148424200
"""the pho king @ gpP9uUffpu"" checks",2026-08-28T01:44:41.202Z,178788148120200
"Flop:  [4♥, Q♥, A♥]",2026-08-28T01:44:39.633Z,178788147963300
"""the pho king @ gpP9uUffpu"" calls 50",2026-08-28T01:44:38.782Z,178788147878200
"""LingWae @ FQN9hzhzP_"" raises to 50",2026-08-28T01:44:37.875Z,178788147787500
"""the pho king @ gpP9uUffpu"" posts a big blind of 20",2026-08-28T01:44:30.260Z,178788147026005
"""LingWae @ FQN9hzhzP_"" posts a small blind of 10",2026-08-28T01:44:30.260Z,178788147026004
"Your hand is 9♠, 8♥",2026-08-28T01:44:30.260Z,178788147026003
"Player stacks: #1 ""LingWae @ FQN9hzhzP_"" (1553) | #10 ""the pho king @ gpP9uUffpu"" (2447)",2026-08-28T01:44:30.260Z,178788147026001
"-- starting hand #71 (id: 8fwlyvsc2wra)  No Limit Texas Hold'em (dealer: ""LingWae @ FQN9hzhzP_"") --",2026-08-28T01:44:30.260Z,178788147026000
"""LingWae @ FQN9hzhzP_"" shows a Q♣, 8♣.",2026-08-28T01:44:27.999Z,178788146799900
"-- ending hand #70 --",2026-08-28T01:44:23.712Z,178788146371202
"""the pho king @ gpP9uUffpu"" collected 454 from pot with Full House, A's over 10's (combination: 10♥, 10♣, A♠, A♥, A♦)",2026-08-28T01:44:23.712Z,178788146371201
"""the pho king @ gpP9uUffpu"" shows a K♣, 10♥.",2026-08-28T01:44:23.712Z,178788146371200
"""LingWae @ FQN9hzhzP_"" calls 100",2026-08-28T01:44:22.889Z,178788146288900
"""the pho king @ gpP9uUffpu"" bets 100",2026-08-28T01:44:21.824Z,178788146182400
"""LingWae @ FQN9hzhzP_"" checks",2026-08-28T01:44:18.859Z,178788145885900
"River: 4♣, A♠, 10♣, A♥ [A♦]",2026-08-28T01:44:16.193Z,178788145619300
"""the pho king @ gpP9uUffpu"" checks",2026-08-28T01:44:15.341Z,178788145534100
"""LingWae @ FQN9hzhzP_"" checks",2026-08-28T01:44:14.432Z,178788145443200
"Turn: 4♣, A♠, 10♣ [A♥]",2026-08-28T01:44:12.098Z,178788145209800
"""the pho king @ gpP9uUffpu"" calls 67",2026-08-28T01:44:11.249Z,178788145124900
"""LingWae @ FQN9hzhzP_"" bets 67",2026-08-28T01:44:09.973Z,178788144997300
"Flop:  [4♣, A♠, 10♣]",2026-08-28T01:44:02.594Z,178788144259400
"""LingWae @ FQN9hzhzP_"" calls 60",2026-08-28T01:44:01.741Z,178788144174100
"""the pho king @ gpP9uUffpu"" raises to 60",2026-08-28T01:43:55.861Z,178788143586100
"""LingWae @ FQN9hzhzP_"" posts a big blind of 20",2026-08-28T01:43:53.979Z,178788143397905
"""the pho king @ gpP9uUffpu"" posts a small blind of 10",2026-08-28T01:43:53.979Z,178788143397904
"Your hand is K♣, 10♥",2026-08-28T01:43:53.979Z,178788143397903
"Player stacks: #1 ""LingWae @ FQN9hzhzP_"" (1780) | #10 ""the pho king @ gpP9uUffpu"" (2220)",2026-08-28T01:43:53.979Z,178788143397901
"-- starting hand #70 (id: lvkrm7lslvls)  No Limit Texas Hold'em (dealer: ""the pho king @ gpP9uUffpu"") --",2026-08-28T01:43:53.979Z,178788143397900
"""the pho king @ gpP9uUffpu"" shows a 6♥, 3♦.",2026-08-28T01:43:49.407Z,178788142940700
"""LingWae @ FQN9hzhzP_"" shows a 3♠.",2026-08-28T01:43:49.023Z,178788142902300
"Undealt cards: 8♦, 8♠, 5♦ [K♣, 5♥]",2026-08-28T01:43:46.949Z,178788142694900
"-- ending hand #69 --",2026-08-28T01:43:46.672Z,178788142667202
"""LingWae @ FQN9hzhzP_"" collected 40 from pot",2026-08-28T01:43:46.672Z,178788142667201
"Uncalled bet of 20 returned to ""LingWae @ FQN9hzhzP_""",2026-08-28T01:43:46.672Z,178788142667200
"""the pho king @ gpP9uUffpu"" folds",2026-08-28T01:43:45.768Z,178788142576800
"""LingWae @ FQN9hzhzP_"" bets 20",2026-08-28T01:43:44.766Z,178788142476600
"""the pho king @ gpP9uUffpu"" checks",2026-08-28T01:43:42.265Z,178788142226500
"Flop:  [8♦, 8♠, 5♦]",2026-08-28T01:43:40.673Z,178788142067300
"""the pho king @ gpP9uUffpu"" checks",2026-08-28T01:43:39.770Z,178788141977000
"""LingWae @ FQN9hzhzP_"" calls 20",2026-08-28T01:43:38.814Z,178788141881400
"""the pho king @ gpP9uUffpu"" posts a big blind of 20",2026-08-28T01:43:36.065Z,178788141606505
"""LingWae @ FQN9hzhzP_"" posts a small blind of 10",2026-08-28T01:43:36.065Z,178788141606504
"Your hand is 6♥, 3♦",2026-08-28T01:43:36.065Z,178788141606503
"Player stacks: #1 ""LingWae @ FQN9hzhzP_"" (1760) | #10 ""the pho king @ gpP9uUffpu"" (2240)",2026-08-28T01:43:36.065Z,178788141606501
"-- starting hand #69 (id: lvkxc8a6ghoq)  No Limit Texas Hold'em (dealer: ""LingWae @ FQN9hzhzP_"") --",2026-08-28T01:43:36.065Z,178788141606500
"-- ending hand #68 --",2026-08-28T01:43:33.071Z,178788141307102
"""the pho king @ gpP9uUffpu"" collected 628 from pot",2026-08-28T01:43:33.071Z,178788141307101
"Uncalled bet of 368 returned to ""the pho king @ gpP9uUffpu""",2026-08-28T01:43:33.071Z,178788141307100
"""LingWae @ FQN9hzhzP_"" folds",2026-08-28T01:43:32.230Z,178788141223000
"""the pho king @ gpP9uUffpu"" raises to 435",2026-08-28T01:43:30.414Z,178788141041400
"""LingWae @ FQN9hzhzP_"" bets 67",2026-08-28T01:43:09.298Z,178788138929800
"River: 6♥, 10♦, 7♦, 3♥ [5♥]",2026-08-28T01:43:02.262Z,178788138226200
"""LingWae @ FQN9hzhzP_"" calls 120",2026-08-28T01:43:01.406Z,178788138140600
"""the pho king @ gpP9uUffpu"" bets 120",2026-08-28T01:42:59.738Z,178788137973800
"""LingWae @ FQN9hzhzP_"" checks",2026-08-28T01:42:57.153Z,178788137715300
"Turn: 6♥, 10♦, 7♦ [3♥]",2026-08-28T01:42:55.406Z,178788137540600
"""the pho king @ gpP9uUffpu"" calls 67",2026-08-28T01:42:54.588Z,178788137458800
"""LingWae @ FQN9hzhzP_"" bets 67",2026-08-28T01:42:53.028Z,178788137302800
"Flop:  [6♥, 10♦, 7♦]",2026-08-28T01:42:47.911Z,178788136791100
"""LingWae @ FQN9hzhzP_"" calls 60",2026-08-28T01:42:47.102Z,178788136710200
"""the pho king @ gpP9uUffpu"" raises to 60",2026-08-28T01:42:46.120Z,178788136612000
"""LingWae @ FQN9hzhzP_"" posts a big blind of 20",2026-08-28T01:42:44.249Z,178788136424905
"""the pho king @ gpP9uUffpu"" posts a small blind of 10",2026-08-28T01:42:44.249Z,178788136424904
"Player stacks: #1 ""LingWae @ FQN9hzhzP_"" (2074) | #10 ""the pho king @ gpP9uUffpu"" (1926)",2026-08-28T01:42:44.249Z,178788136424901
"-- starting hand #68 (id: tndiwfav71ee)  No Limit Texas Hold'em (dealer: ""the pho king @ gpP9uUffpu"") --",2026-08-28T01:42:44.249Z,178788136424900
"""LingWae @ FQN9hzhzP_"" shows a 8♥.",2026-08-28T01:42:41.504Z,178788136150400
"-- ending hand #67 --",2026-08-28T01:42:40.646Z,178788136064602
"""the pho king @ gpP9uUffpu"" collected 120 from pot",2026-08-28T01:42:40.646Z,178788136064601
"Uncalled bet of 80 returned to ""the pho king @ gpP9uUffpu""",2026-08-28T01:42:40.646Z,178788136064600
"""LingWae @ FQN9hzhzP_"" folds",2026-08-28T01:42:39.794Z,178788135979400
"""the pho king @ gpP9uUffpu"" bets 80",2026-08-28T01:42:38.858Z,178788135885800
"River: 7♦, K♣, 9♠, K♠ [3♥]",2026-08-28T01:42:34.790Z,178788135479000
"""LingWae @ FQN9hzhzP_"" checks",2026-08-28T01:42:33.976Z,178788135397600
"""the pho king @ gpP9uUffpu"" checks",2026-08-28T01:42:25.244Z,178788134524400
"Turn: 7♦, K♣, 9♠ [K♠]",2026-08-28T01:42:24.186Z,178788134418600
"""LingWae @ FQN9hzhzP_"" checks",2026-08-28T01:42:23.381Z,178788134338100
"""the pho king @ gpP9uUffpu"" checks",2026-08-28T01:42:22.378Z,178788134237800
"Flop:  [7♦, K♣, 9♠]",2026-08-28T01:42:20.983Z,178788134098300
"""LingWae @ FQN9hzhzP_"" calls 60",2026-08-28T01:42:20.103Z,178788134010300
"""the pho king @ gpP9uUffpu"" raises to 60",2026-08-28T01:42:19.034Z,178788133903400
"""LingWae @ FQN9hzhzP_"" calls 20",2026-08-28T01:42:16.859Z,178788133685900
"""the pho king @ gpP9uUffpu"" posts a big blind of 20",2026-08-28T01:42:14.398Z,178788133439805
"""LingWae @ FQN9hzhzP_"" posts a small blind of 10",2026-08-28T01:42:14.398Z,178788133439804
"Player stacks: #1 ""LingWae @ FQN9hzhzP_"" (2134) | #10 ""the pho king @ gpP9uUffpu"" (1866)",2026-08-28T01:42:14.398Z,178788133439801
"-- starting hand #67 (id: 3r2tdq3wfzmx)  No Limit Texas Hold'em (dealer: ""LingWae @ FQN9hzhzP_"") --",2026-08-28T01:42:14.398Z,178788133439800
"""LingWae @ FQN9hzhzP_"" shows a 7♠, K♠.",2026-08-28T01:42:09.353Z,178788132935300
"-- ending hand #66 --",2026-08-28T01:42:07.878Z,178788132787802
"""the pho king @ gpP9uUffpu"" collected 160 from pot with Pair, 8's (combination: 6♣, 7♦, J♣, 8♠, 8♦)",2026-08-28T01:42:07.878Z,178788132787801
"""the pho king @ gpP9uUffpu"" shows a 8♠, 6♣.",2026-08-28T01:42:07.878Z,178788132787800
"""LingWae @ FQN9hzhzP_"" calls 60",2026-08-28T01:42:07.030Z,178788132703000
"""the pho king @ gpP9uUffpu"" raises to 60",2026-08-28T01:42:04.453Z,178788132445300
"""LingWae @ FQN9hzhzP_"" bets 20",2026-08-28T01:42:01.865Z,178788132186500
"River: 2♥, J♣, 3♠, 8♦ [7♦]",2026-08-28T01:41:58.227Z,178788131822700
"""the pho king @ gpP9uUffpu"" checks",2026-08-28T01:41:57.361Z,178788131736100
"""LingWae @ FQN9hzhzP_"" checks",2026-08-28T01:41:56.468Z,178788131646800
"Turn: 2♥, J♣, 3♠ [8♦]",2026-08-28T01:41:53.768Z,178788131376800
"""the pho king @ gpP9uUffpu"" checks",2026-08-28T01:41:52.872Z,178788131287200
"""LingWae @ FQN9hzhzP_"" checks",2026-08-28T01:41:51.918Z,178788131191800
"Flop:  [2♥, J♣, 3♠]",2026-08-28T01:41:48.464Z,178788130846400
"""LingWae @ FQN9hzhzP_"" checks",2026-08-28T01:41:47.647Z,178788130764700
"""the pho king @ gpP9uUffpu"" calls 20",2026-08-28T01:41:44.399Z,178788130439900
"""LingWae @ FQN9hzhzP_"" posts a big blind of 20",2026-08-28T01:41:43.154Z,178788130315405
"""the pho king @ gpP9uUffpu"" posts a small blind of 10",2026-08-28T01:41:43.154Z,178788130315404
"Your hand is 8♠, 6♣",2026-08-28T01:41:43.154Z,178788130315403
"Player stacks: #1 ""LingWae @ FQN9hzhzP_"" (2214) | #10 ""the pho king @ gpP9uUffpu"" (1786)",2026-08-28T01:41:43.154Z,178788130315401
"-- starting hand #66 (id: hc0fcww6gqbl)  No Limit Texas Hold'em (dealer: ""the pho king @ gpP9uUffpu"") --",2026-08-28T01:41:43.154Z,178788130315400
"Undealt cards: A♥, J♣, 5♣ [3♥, 5♦]",2026-08-28T01:41:37.789Z,178788129778900
"-- ending hand #65 --",2026-08-28T01:41:37.235Z,178788129723502
"""LingWae @ FQN9hzhzP_"" collected 40 from pot",2026-08-28T01:41:37.235Z,178788129723501
"Uncalled bet of 20 returned to ""LingWae @ FQN9hzhzP_""",2026-08-28T01:41:37.235Z,178788129723500
"""the pho king @ gpP9uUffpu"" folds",2026-08-28T01:41:36.402Z,178788129640200
"""LingWae @ FQN9hzhzP_"" bets 20",2026-08-28T01:41:35.298Z,178788129529800
"""the pho king @ gpP9uUffpu"" checks",2026-08-28T01:41:29.487Z,178788128948700
"Flop:  [A♥, J♣, 5♣]",2026-08-28T01:41:27.933Z,178788128793300
"""the pho king @ gpP9uUffpu"" checks",2026-08-28T01:41:27.068Z,178788128706800
"""LingWae @ FQN9hzhzP_"" calls 20",2026-08-28T01:41:25.962Z,178788128596200
"""the pho king @ gpP9uUffpu"" posts a big blind of 20",2026-08-28T01:41:22.127Z,178788128212705
"""LingWae @ FQN9hzhzP_"" posts a small blind of 10",2026-08-28T01:41:22.127Z,178788128212704
"Player stacks: #1 ""LingWae @ FQN9hzhzP_"" (2194) | #10 ""the pho king @ gpP9uUffpu"" (1806)",2026-08-28T01:41:22.127Z,178788128212701
"-- starting hand #65 (id: uhvg4femcslx)  No Limit Texas Hold'em (dealer: ""LingWae @ FQN9hzhzP_"") --",2026-08-28T01:41:22.127Z,178788128212700
"""the pho king @ gpP9uUffpu"" shows a 8♠, 7♥.",2026-08-28T01:41:17.032Z,178788127703200
"""LingWae @ FQN9hzhzP_"" shows a 5♦.",2026-08-28T01:41:16.913Z,178788127691300
"Undealt cards: 2♣, J♣, K♣ [5♥, 3♦]",2026-08-28T01:41:15.133Z,178788127513300
"-- ending hand #64 --",2026-08-28T01:41:14.786Z,178788127478601
"""the pho king @ gpP9uUffpu"" collected 80 from pot",2026-08-28T01:41:14.786Z,178788127478600
"""LingWae @ FQN9hzhzP_"" folds",2026-08-28T01:41:13.958Z,178788127395800
"Flop:  [2♣, J♣, K♣]",2026-08-28T01:41:08.783Z,178788126878300
"""LingWae @ FQN9hzhzP_"" calls 40",2026-08-28T01:41:07.966Z,178788126796600
"""the pho king @ gpP9uUffpu"" raises to 40",2026-08-28T01:41:06.392Z,178788126639200
"""LingWae @ FQN9hzhzP_"" posts a big blind of 20",2026-08-28T01:41:04.982Z,178788126498205
"""the pho king @ gpP9uUffpu"" posts a small blind of 10",2026-08-28T01:41:04.982Z,178788126498204
"Your hand is 8♠, 7♥",2026-08-28T01:41:04.982Z,178788126498203
"Player stacks: #1 ""LingWae @ FQN9hzhzP_"" (2234) | #10 ""the pho king @ gpP9uUffpu"" (1766)",2026-08-28T01:41:04.982Z,178788126498201
"-- starting hand #64 (id: bdkfebuxn1c0)  No Limit Texas Hold'em (dealer: ""the pho king @ gpP9uUffpu"") --",2026-08-28T01:41:04.982Z,178788126498200
"""LingWae @ FQN9hzhzP_"" shows a 10♦.",2026-08-28T01:41:02.884Z,178788126288400
"Undealt cards:  [4♥, Q♥, 10♠, A♣, 9♦]",2026-08-28T01:41:00.049Z,178788126004900
"-- ending hand #63 --",2026-08-28T01:40:58.336Z,178788125833602
"""the pho king @ gpP9uUffpu"" collected 40 from pot",2026-08-28T01:40:58.336Z,178788125833601
"Uncalled bet of 40 returned to ""the pho king @ gpP9uUffpu""",2026-08-28T01:40:58.336Z,178788125833600
"""LingWae @ FQN9hzhzP_"" folds",2026-08-28T01:40:57.516Z,178788125751600
"""the pho king @ gpP9uUffpu"" raises to 60",2026-08-28T01:40:53.316Z,178788125331600
"""LingWae @ FQN9hzhzP_"" calls 20",2026-08-28T01:40:46.590Z,178788124659000
"""the pho king @ gpP9uUffpu"" posts a big blind of 20",2026-08-28T01:40:35.004Z,178788123500405
"""LingWae @ FQN9hzhzP_"" posts a small blind of 10",2026-08-28T01:40:35.004Z,178788123500404
"Player stacks: #1 ""LingWae @ FQN9hzhzP_"" (2254) | #10 ""the pho king @ gpP9uUffpu"" (1746)",2026-08-28T01:40:35.004Z,178788123500401
"-- starting hand #63 (id: hbh5ec7hnalu)  No Limit Texas Hold'em (dealer: ""LingWae @ FQN9hzhzP_"") --",2026-08-28T01:40:35.004Z,178788123500400
"""LingWae @ FQN9hzhzP_"" shows a 2♥.",2026-08-28T01:40:32.617Z,178788123261700
"-- ending hand #62 --",2026-08-28T01:40:31.325Z,178788123132502
"""LingWae @ FQN9hzhzP_"" collected 160 from pot",2026-08-28T01:40:31.325Z,178788123132501
"Uncalled bet of 67 returned to ""LingWae @ FQN9hzhzP_""",2026-08-28T01:40:31.325Z,178788123132500
"""the pho king @ gpP9uUffpu"" folds",2026-08-28T01:40:30.459Z,178788123045900
"""LingWae @ FQN9hzhzP_"" bets 67",2026-08-28T01:40:25.871Z,178788122587100
"River: Q♦, 5♣, 9♠, J♠ [10♥]",2026-08-28T01:40:21.920Z,178788122192000
"""LingWae @ FQN9hzhzP_"" calls 40",2026-08-28T01:40:21.044Z,178788122104400
"""the pho king @ gpP9uUffpu"" bets 40",2026-08-28T01:40:19.333Z,178788121933300
"""LingWae @ FQN9hzhzP_"" checks",2026-08-28T01:40:17.595Z,178788121759500
"Turn: Q♦, 5♣, 9♠ [J♠]",2026-08-28T01:40:16.310Z,178788121631000
"""the pho king @ gpP9uUffpu"" checks",2026-08-28T01:40:15.467Z,178788121546700
"""LingWae @ FQN9hzhzP_"" checks",2026-08-28T01:40:14.567Z,178788121456700
"Flop:  [Q♦, 5♣, 9♠]",2026-08-28T01:40:09.976Z,178788120997600
"""LingWae @ FQN9hzhzP_"" calls 40",2026-08-28T01:40:09.135Z,178788120913500
"""the pho king @ gpP9uUffpu"" raises to 40",2026-08-28T01:40:08.214Z,178788120821400
"""LingWae @ FQN9hzhzP_"" posts a big blind of 20",2026-08-28T01:40:05.433Z,178788120543305
"""the pho king @ gpP9uUffpu"" posts a small blind of 10",2026-08-28T01:40:05.433Z,178788120543304
"Player stacks: #1 ""LingWae @ FQN9hzhzP_"" (2174) | #10 ""the pho king @ gpP9uUffpu"" (1826)",2026-08-28T01:40:05.433Z,178788120543301
"-- starting hand #62 (id: rffhzhc9r8zu)  No Limit Texas Hold'em (dealer: ""the pho king @ gpP9uUffpu"") --",2026-08-28T01:40:05.433Z,178788120543300
"-- ending hand #61 --",2026-08-28T01:39:59.429Z,178788119942903
"""LingWae @ FQN9hzhzP_"" collected 160 from pot with Two Pair, 9's & 8's (combination: K♥, 8♠, 8♥, 9♣, 9♠)",2026-08-28T01:39:59.429Z,178788119942902
"""LingWae @ FQN9hzhzP_"" shows a K♥, 9♣.",2026-08-28T01:39:59.429Z,178788119942901
"""the pho king @ gpP9uUffpu"" shows a 4♠, A♦.",2026-08-28T01:39:59.429Z,178788119942900
"""LingWae @ FQN9hzhzP_"" calls 20",2026-08-28T01:39:58.558Z,178788119855800
"""the pho king @ gpP9uUffpu"" bets 20",2026-08-28T01:39:57.470Z,178788119747000
"River: 8♠, 6♣, 5♦, 8♥ [9♠]",2026-08-28T01:39:56.351Z,178788119635100
"""LingWae @ FQN9hzhzP_"" checks",2026-08-28T01:39:55.544Z,178788119554400
"""the pho king @ gpP9uUffpu"" checks",2026-08-28T01:39:54.516Z,178788119451600
"Turn: 8♠, 6♣, 5♦ [8♥]",2026-08-28T01:39:53.819Z,178788119381900
"""LingWae @ FQN9hzhzP_"" checks",2026-08-28T01:39:53.000Z,178788119300000
"""the pho king @ gpP9uUffpu"" checks",2026-08-28T01:39:51.053Z,178788119105300
"Flop:  [8♠, 6♣, 5♦]",2026-08-28T01:39:49.548Z,178788118954800
"""LingWae @ FQN9hzhzP_"" calls 60",2026-08-28T01:39:48.740Z,178788118874000
"""the pho king @ gpP9uUffpu"" raises to 60",2026-08-28T01:39:46.704Z,178788118670400
"""LingWae @ FQN9hzhzP_"" calls 20",2026-08-28T01:39:45.078Z,178788118507800
"""the pho king @ gpP9uUffpu"" posts a big blind of 20",2026-08-28T01:39:43.654Z,178788118365405
"""LingWae @ FQN9hzhzP_"" posts a small blind of 10",2026-08-28T01:39:43.654Z,178788118365404
"Your hand is 4♠, A♦",2026-08-28T01:39:43.654Z,178788118365403
"Player stacks: #1 ""LingWae @ FQN9hzhzP_"" (2094) | #10 ""the pho king @ gpP9uUffpu"" (1906)",2026-08-28T01:39:43.654Z,178788118365401
"-- starting hand #61 (id: qy9shfshetwv)  No Limit Texas Hold'em (dealer: ""LingWae @ FQN9hzhzP_"") --",2026-08-28T01:39:43.654Z,178788118365400
"""LingWae @ FQN9hzhzP_"" shows a 4♣, Q♣.",2026-08-28T01:39:39.237Z,178788117923700
"-- ending hand #60 --",2026-08-28T01:39:37.133Z,178788117713302
"""the pho king @ gpP9uUffpu"" collected 80 from pot with Pair, 5's (combination: 10♠, J♥, Q♠, 5♥, 5♠)",2026-08-28T01:39:37.133Z,178788117713301
"""the pho king @ gpP9uUffpu"" shows a 5♥, Q♠.",2026-08-28T01:39:37.133Z,178788117713300
"""LingWae @ FQN9hzhzP_"" calls 20",2026-08-28T01:39:36.255Z,178788117625500
"""the pho king @ gpP9uUffpu"" bets 20",2026-08-28T01:39:34.508Z,178788117450800
"""LingWae @ FQN9hzhzP_"" checks",2026-08-28T01:39:33.409Z,178788117340900
"River: 5♠, 10♠, 2♦, J♥ [6♥]",2026-08-28T01:39:30.730Z,178788117073000
"""the pho king @ gpP9uUffpu"" checks",2026-08-28T01:39:29.853Z,178788116985300
"""LingWae @ FQN9hzhzP_"" checks",2026-08-28T01:39:28.471Z,178788116847100
"Turn: 5♠, 10♠, 2♦ [J♥]",2026-08-28T01:39:26.992Z,178788116699200
"""the pho king @ gpP9uUffpu"" checks",2026-08-28T01:39:26.171Z,178788116617100
"""LingWae @ FQN9hzhzP_"" checks",2026-08-28T01:39:25.087Z,178788116508700
"Flop:  [5♠, 10♠, 2♦]",2026-08-28T01:39:23.176Z,178788116317600
"""LingWae @ FQN9hzhzP_"" checks",2026-08-28T01:39:22.283Z,178788116228300
"""the pho king @ gpP9uUffpu"" calls 20",2026-08-28T01:39:17.504Z,178788115750400
"""LingWae @ FQN9hzhzP_"" posts a big blind of 20",2026-08-28T01:39:16.585Z,178788115658505
"""the pho king @ gpP9uUffpu"" posts a small blind of 10",2026-08-28T01:39:16.585Z,178788115658504
"Your hand is 5♥, Q♠",2026-08-28T01:39:16.585Z,178788115658503
"Player stacks: #1 ""LingWae @ FQN9hzhzP_"" (2134) | #10 ""the pho king @ gpP9uUffpu"" (1866)",2026-08-28T01:39:16.585Z,178788115658501
"-- starting hand #60 (id: qiwtjbid34jw)  No Limit Texas Hold'em (dealer: ""the pho king @ gpP9uUffpu"") --",2026-08-28T01:39:16.585Z,178788115658500
"""LingWae @ FQN9hzhzP_"" shows a 3♣.",2026-08-28T01:39:12.944Z,178788115294400
"Undealt cards: 2♥, 5♣, 9♠ [Q♥, 4♣]",2026-08-28T01:39:10.259Z,178788115025900
"-- ending hand #59 --",2026-08-28T01:39:09.968Z,178788114996802
"""LingWae @ FQN9hzhzP_"" collected 40 from pot",2026-08-28T01:39:09.968Z,178788114996801
"Uncalled bet of 67 returned to ""LingWae @ FQN9hzhzP_""",2026-08-28T01:39:09.968Z,178788114996800
"""the pho king @ gpP9uUffpu"" folds",2026-08-28T01:39:09.075Z,178788114907500
"""LingWae @ FQN9hzhzP_"" bets 67",2026-08-28T01:39:08.148Z,178788114814800
"""the pho king @ gpP9uUffpu"" checks",2026-08-28T01:38:50.698Z,178788113069800
"Flop:  [2♥, 5♣, 9♠]",2026-08-28T01:38:49.186Z,178788112918600
"""the pho king @ gpP9uUffpu"" checks",2026-08-28T01:38:48.360Z,178788112836000
"""LingWae @ FQN9hzhzP_"" calls 20",2026-08-28T01:38:47.429Z,178788112742900
"""the pho king @ gpP9uUffpu"" posts a big blind of 20",2026-08-28T01:38:45.785Z,178788112578505
"""LingWae @ FQN9hzhzP_"" posts a small blind of 10",2026-08-28T01:38:45.785Z,178788112578504
"Player stacks: #1 ""LingWae @ FQN9hzhzP_"" (2114) | #10 ""the pho king @ gpP9uUffpu"" (1886)",2026-08-28T01:38:45.785Z,178788112578501
"-- starting hand #59 (id: c9v6z80x5xj0)  No Limit Texas Hold'em (dealer: ""LingWae @ FQN9hzhzP_"") --",2026-08-28T01:38:45.785Z,178788112578500
"-- ending hand #58 --",2026-08-28T01:38:39.781Z,178788111978102
"""LingWae @ FQN9hzhzP_"" collected 80 from pot with Pair, 5's (combination: 7♦, 8♣, Q♥, 5♥, 5♠)",2026-08-28T01:38:39.781Z,178788111978101
"""LingWae @ FQN9hzhzP_"" shows a 2♦, 5♥.",2026-08-28T01:38:39.781Z,178788111978100
"""the pho king @ gpP9uUffpu"" checks",2026-08-28T01:38:38.954Z,178788111895400
"""LingWae @ FQN9hzhzP_"" checks",2026-08-28T01:38:37.982Z,178788111798200
"River: 7♦, Q♥, 4♠, 5♠ [8♣]",2026-08-28T01:38:34.458Z,178788111445800
"""the pho king @ gpP9uUffpu"" calls 20",2026-08-28T01:38:33.625Z,178788111362500
"""LingWae @ FQN9hzhzP_"" bets 20",2026-08-28T01:38:32.631Z,178788111263100
"Turn: 7♦, Q♥, 4♠ [5♠]",2026-08-28T01:38:30.657Z,178788111065700
"""the pho king @ gpP9uUffpu"" checks",2026-08-28T01:38:29.788Z,178788110978800
"""LingWae @ FQN9hzhzP_"" checks",2026-08-28T01:38:28.886Z,178788110888600
"Flop:  [7♦, Q♥, 4♠]",2026-08-28T01:38:24.849Z,178788110484900
"""LingWae @ FQN9hzhzP_"" checks",2026-08-28T01:38:24.010Z,178788110401000
"""the pho king @ gpP9uUffpu"" calls 20",2026-08-28T01:38:04.938Z,178788108493800
"""LingWae @ FQN9hzhzP_"" posts a big blind of 20",2026-08-28T01:38:04.002Z,178788108400205
"""the pho king @ gpP9uUffpu"" posts a small blind of 10",2026-08-28T01:38:04.002Z,178788108400204
"Player stacks: #1 ""LingWae @ FQN9hzhzP_"" (2074) | #10 ""the pho king @ gpP9uUffpu"" (1926)",2026-08-28T01:38:04.002Z,178788108400201
"-- starting hand #58 (id: wnphtflp7gbp)  No Limit Texas Hold'em (dealer: ""the pho king @ gpP9uUffpu"") --",2026-08-28T01:38:04.002Z,178788108400200
"""the pho king @ gpP9uUffpu"" shows a 9♥, 9♠.",2026-08-28T01:37:59.080Z,178788107908000
"-- ending hand #57 --",2026-08-28T01:37:57.419Z,178788107741902
"""LingWae @ FQN9hzhzP_"" collected 1164 from pot with Full House, 10's over 2's (combination: 2♥, 2♠, 10♠, 10♣, 10♥)",2026-08-28T01:37:57.419Z,178788107741901
"""LingWae @ FQN9hzhzP_"" shows a 10♠, 2♥.",2026-08-28T01:37:57.419Z,178788107741900
"""the pho king @ gpP9uUffpu"" calls 388",2026-08-28T01:37:56.556Z,178788107655600
"""LingWae @ FQN9hzhzP_"" bets 388",2026-08-28T01:37:55.515Z,178788107551500
"""the pho king @ gpP9uUffpu"" checks",2026-08-28T01:37:50.289Z,178788107028900
"River: 5♠, 10♣, 6♥, 2♠ [10♥]",2026-08-28T01:37:44.611Z,178788106461100
"""the pho king @ gpP9uUffpu"" calls 67",2026-08-28T01:37:43.769Z,178788106376900
"""LingWae @ FQN9hzhzP_"" bets 67",2026-08-28T01:37:42.844Z,178788106284400
"""the pho king @ gpP9uUffpu"" checks",2026-08-28T01:37:39.576Z,178788105957600
"Turn: 5♠, 10♣, 6♥ [2♠]",2026-08-28T01:37:38.776Z,178788105877600
"""the pho king @ gpP9uUffpu"" calls 67",2026-08-28T01:37:37.962Z,178788105796200
"""LingWae @ FQN9hzhzP_"" bets 67",2026-08-28T01:37:36.999Z,178788105699900
"""the pho king @ gpP9uUffpu"" checks",2026-08-28T01:37:33.165Z,178788105316500
"Flop:  [5♠, 10♣, 6♥]",2026-08-28T01:37:31.668Z,178788105166800
"""LingWae @ FQN9hzhzP_"" calls 60",2026-08-28T01:37:30.829Z,178788105082900
"""the pho king @ gpP9uUffpu"" raises to 60",2026-08-28T01:37:29.258Z,178788104925800
"""LingWae @ FQN9hzhzP_"" calls 20",2026-08-28T01:37:27.496Z,178788104749600
"""the pho king @ gpP9uUffpu"" posts a big blind of 20",2026-08-28T01:37:16.052Z,178788103605205
"""LingWae @ FQN9hzhzP_"" posts a small blind of 10",2026-08-28T01:37:16.052Z,178788103605204
"Your hand is 9♥, 9♠",2026-08-28T01:37:16.052Z,178788103605203
"Player stacks: #1 ""LingWae @ FQN9hzhzP_"" (1492) | #10 ""the pho king @ gpP9uUffpu"" (2508)",2026-08-28T01:37:16.052Z,178788103605201
"-- starting hand #57 (id: gqkmtmlpmq1g)  No Limit Texas Hold'em (dealer: ""LingWae @ FQN9hzhzP_"") --",2026-08-28T01:37:16.052Z,178788103605200
"""LingWae @ FQN9hzhzP_"" shows a 7♦, 7♥.",2026-08-28T01:37:12.702Z,178788103270200
"Undealt cards: 2♠, 4♥, 9♠ [7♣, 9♥]",2026-08-28T01:37:10.336Z,178788103033600
"-- ending hand #56 --",2026-08-28T01:37:09.423Z,178788102942302
"""LingWae @ FQN9hzhzP_"" collected 480 from pot",2026-08-28T01:37:09.423Z,178788102942301
"Uncalled bet of 1012 returned to ""LingWae @ FQN9hzhzP_""",2026-08-28T01:37:09.423Z,178788102942300
"""the pho king @ gpP9uUffpu"" folds",2026-08-28T01:37:08.590Z,178788102859000
"""LingWae @ FQN9hzhzP_"" bets 1012 and go all in",2026-08-28T01:37:06.855Z,178788102685500
"Flop:  [2♠, 4♥, 9♠]",2026-08-28T01:37:00.054Z,178788102005400
"""the pho king @ gpP9uUffpu"" calls 240",2026-08-28T01:36:59.167Z,178788101916700
"""LingWae @ FQN9hzhzP_"" raises to 240",2026-08-28T01:36:58.090Z,178788101809000
"""the pho king @ gpP9uUffpu"" raises to 60",2026-08-28T01:36:53.940Z,178788101394000
"""LingWae @ FQN9hzhzP_"" posts a big blind of 20",2026-08-28T01:36:52.262Z,178788101226205
"""the pho king @ gpP9uUffpu"" posts a small blind of 10",2026-08-28T01:36:52.262Z,178788101226204
"Player stacks: #1 ""LingWae @ FQN9hzhzP_"" (1252) | #10 ""the pho king @ gpP9uUffpu"" (2748)",2026-08-28T01:36:52.262Z,178788101226201
"-- starting hand #56 (id: rxhpsuariyeq)  No Limit Texas Hold'em (dealer: ""the pho king @ gpP9uUffpu"") --",2026-08-28T01:36:52.262Z,178788101226200
"""LingWae @ FQN9hzhzP_"" shows a 2♥.",2026-08-28T01:36:49.391Z,178788100939100
"Undealt cards:  [5♦, 2♦, 5♠, 7♣, 7♠]",2026-08-28T01:36:45.872Z,178788100587200
"-- ending hand #55 --",2026-08-28T01:36:45.655Z,178788100565502
"""LingWae @ FQN9hzhzP_"" collected 40 from pot",2026-08-28T01:36:45.655Z,178788100565501
"Uncalled bet of 40 returned to ""LingWae @ FQN9hzhzP_""",2026-08-28T01:36:45.655Z,178788100565500
"""the pho king @ gpP9uUffpu"" folds",2026-08-28T01:36:44.835Z,178788100483500
"""LingWae @ FQN9hzhzP_"" raises to 60",2026-08-28T01:36:43.152Z,178788100315200
"""the pho king @ gpP9uUffpu"" posts a big blind of 20",2026-08-28T01:36:40.060Z,178788100006005
"""LingWae @ FQN9hzhzP_"" posts a small blind of 10",2026-08-28T01:36:40.060Z,178788100006004
"Player stacks: #1 ""LingWae @ FQN9hzhzP_"" (1232) | #10 ""the pho king @ gpP9uUffpu"" (2768)",2026-08-28T01:36:40.060Z,178788100006001
"-- starting hand #55 (id: zmhbphqqm3nt)  No Limit Texas Hold'em (dealer: ""LingWae @ FQN9hzhzP_"") --",2026-08-28T01:36:40.060Z,178788100006000
"""LingWae @ FQN9hzhzP_"" shows a 3♠.",2026-08-28T01:36:37.064Z,178788099706400
"-- ending hand #54 --",2026-08-28T01:36:36.456Z,178788099645602
"""the pho king @ gpP9uUffpu"" collected 40 from pot",2026-08-28T01:36:36.456Z,178788099645601
"Uncalled bet of 40 returned to ""the pho king @ gpP9uUffpu""",2026-08-28T01:36:36.456Z,178788099645600
"""LingWae @ FQN9hzhzP_"" folds",2026-08-28T01:36:35.650Z,178788099565000
"""the pho king @ gpP9uUffpu"" bets 40",2026-08-28T01:36:34.177Z,178788099417700
"""LingWae @ FQN9hzhzP_"" checks",2026-08-28T01:36:31.995Z,178788099199500
"River: 2♣, A♠, 8♠, Q♥ [J♠]",2026-08-28T01:36:30.242Z,178788099024200
"""the pho king @ gpP9uUffpu"" checks",2026-08-28T01:36:29.404Z,178788098940400
"""LingWae @ FQN9hzhzP_"" checks",2026-08-28T01:36:28.440Z,178788098844000
"Turn: 2♣, A♠, 8♠ [Q♥]",2026-08-28T01:36:26.536Z,178788098653600
"""the pho king @ gpP9uUffpu"" checks",2026-08-28T01:36:25.732Z,178788098573200
"""LingWae @ FQN9hzhzP_"" checks",2026-08-28T01:36:24.837Z,178788098483700
"Flop:  [2♣, A♠, 8♠]",2026-08-28T01:36:22.437Z,178788098243700
"""LingWae @ FQN9hzhzP_"" checks",2026-08-28T01:36:21.613Z,178788098161300
"""the pho king @ gpP9uUffpu"" calls 20",2026-08-28T01:36:18.848Z,178788097884800
"""LingWae @ FQN9hzhzP_"" posts a big blind of 20",2026-08-28T01:36:17.996Z,178788097799605
"""the pho king @ gpP9uUffpu"" posts a small blind of 10",2026-08-28T01:36:17.996Z,178788097799604
"Player stacks: #1 ""LingWae @ FQN9hzhzP_"" (1252) | #10 ""the pho king @ gpP9uUffpu"" (2748)",2026-08-28T01:36:17.996Z,178788097799601
"-- starting hand #54 (id: toopnixhhorh)  No Limit Texas Hold'em (dealer: ""the pho king @ gpP9uUffpu"") --",2026-08-28T01:36:17.996Z,178788097799600
"""LingWae @ FQN9hzhzP_"" shows a 3♦.",2026-08-28T01:36:16.066Z,178788097606600
"-- ending hand #53 --",2026-08-28T01:36:11.429Z,178788097142902
"""the pho king @ gpP9uUffpu"" collected 720 from pot with Flush, K High (combination: 3♠, 6♠, 7♠, Q♠, K♠)",2026-08-28T01:36:11.429Z,178788097142901
"""the pho king @ gpP9uUffpu"" shows a Q♠, 5♣.",2026-08-28T01:36:11.429Z,178788097142900
"""LingWae @ FQN9hzhzP_"" calls 240",2026-08-28T01:36:10.591Z,178788097059100
"""the pho king @ gpP9uUffpu"" bets 240",2026-08-28T01:36:09.647Z,178788096964700
"River: 3♠, K♠, 7♠, 6♠ [J♦]",2026-08-28T01:36:05.789Z,178788096578900
"""LingWae @ FQN9hzhzP_"" calls 100",2026-08-28T01:36:04.952Z,178788096495200
"""the pho king @ gpP9uUffpu"" raises to 100",2026-08-28T01:36:03.663Z,178788096366300
"""LingWae @ FQN9hzhzP_"" bets 30",2026-08-28T01:36:00.077Z,178788096007700
"""the pho king @ gpP9uUffpu"" checks",2026-08-28T01:35:58.098Z,178788095809800
"Turn: 3♠, K♠, 7♠ [6♠]",2026-08-28T01:35:56.178Z,178788095617800
"""LingWae @ FQN9hzhzP_"" checks",2026-08-28T01:35:55.371Z,178788095537100
"""the pho king @ gpP9uUffpu"" checks",2026-08-28T01:35:54.360Z,178788095436000
"Flop:  [3♠, K♠, 7♠]",2026-08-28T01:35:51.651Z,178788095165100
"""the pho king @ gpP9uUffpu"" checks",2026-08-28T01:35:50.824Z,178788095082400
"""LingWae @ FQN9hzhzP_"" calls 20",2026-08-28T01:35:41.278Z,178788094127800
"""the pho king @ gpP9uUffpu"" posts a big blind of 20",2026-08-28T01:35:39.029Z,178788093902906
"""LingWae @ FQN9hzhzP_"" posts a small blind of 10",2026-08-28T01:35:39.029Z,178788093902905
"Your hand is Q♠, 5♣",2026-08-28T01:35:39.029Z,178788093902904
"Player stacks: #1 ""LingWae @ FQN9hzhzP_"" (1612) | #10 ""the pho king @ gpP9uUffpu"" (2388)",2026-08-28T01:35:39.029Z,178788093902902
"-- starting hand #53 (id: sb22qf2bgynf)  No Limit Texas Hold'em (dealer: ""LingWae @ FQN9hzhzP_"") --",2026-08-28T01:35:39.029Z,178788093902901
"The admin updated the player ""LingWae @ FQN9hzhzP_"" stack from 612 to 1612.",2026-08-28T01:35:39.029Z,178788093902900
"""LingWae @ FQN9hzhzP_"" shows a 4♦, 2♦.",2026-08-28T01:35:35.143Z,178788093514300
"Undealt cards: 9♥, 6♥, 5♦ [3♣, 7♣]",2026-08-28T01:35:32.643Z,178788093264300
"-- ending hand #52 --",2026-08-28T01:35:32.392Z,178788093239202
"""the pho king @ gpP9uUffpu"" collected 120 from pot",2026-08-28T01:35:32.392Z,178788093239201
"Uncalled bet of 80 returned to ""the pho king @ gpP9uUffpu""",2026-08-28T01:35:32.392Z,178788093239200
"""LingWae @ FQN9hzhzP_"" folds",2026-08-28T01:35:31.542Z,178788093154200
"""the pho king @ gpP9uUffpu"" bets 80",2026-08-28T01:35:29.840Z,178788092984000
"""LingWae @ FQN9hzhzP_"" checks",2026-08-28T01:35:26.104Z,178788092610400
"Flop:  [9♥, 6♥, 5♦]",2026-08-28T01:35:20.459Z,178788092045900
"""LingWae @ FQN9hzhzP_"" calls 60",2026-08-28T01:35:19.584Z,178788091958400
"WARNING: the admin queued the stack change for the player ""LingWae @ FQN9hzhzP_"" adding 1000 chips in the next hand.",2026-08-28T01:35:02.622Z,178788090262200
"""the pho king @ gpP9uUffpu"" raises to 60",2026-08-28T01:35:01.003Z,178788090100300
"""LingWae @ FQN9hzhzP_"" posts a big blind of 20",2026-08-28T01:34:59.569Z,178788089956905
"""the pho king @ gpP9uUffpu"" posts a small blind of 10",2026-08-28T01:34:59.569Z,178788089956904
"Player stacks: #1 ""LingWae @ FQN9hzhzP_"" (672) | #10 ""the pho king @ gpP9uUffpu"" (2328)",2026-08-28T01:34:59.569Z,178788089956901
"-- starting hand #52 (id: lnwxtjftr1v4)  No Limit Texas Hold'em (dealer: ""the pho king @ gpP9uUffpu"") --",2026-08-28T01:34:59.569Z,178788089956900
"""LingWae @ FQN9hzhzP_"" shows a 10♠.",2026-08-28T01:34:56.807Z,178788089680700
"-- ending hand #51 --",2026-08-28T01:34:55.886Z,178788089588602
"""the pho king @ gpP9uUffpu"" collected 100 from pot",2026-08-28T01:34:55.886Z,178788089588601
"Uncalled bet of 75 returned to ""the pho king @ gpP9uUffpu""",2026-08-28T01:34:55.886Z,178788089588600
"""LingWae @ FQN9hzhzP_"" folds",2026-08-28T01:34:55.079Z,178788089507900
"""the pho king @ gpP9uUffpu"" bets 75",2026-08-28T01:34:53.041Z,178788089304100
"River: 3♠, 6♥, 4♣, 2♣ [2♠]",2026-08-28T01:34:49.992Z,178788088999200
"""LingWae @ FQN9hzhzP_"" checks",2026-08-28T01:34:49.176Z,178788088917600
"""the pho king @ gpP9uUffpu"" checks",2026-08-28T01:34:48.238Z,178788088823800
"Turn: 3♠, 6♥, 4♣ [2♣]",2026-08-28T01:34:47.765Z,178788088776500
"""LingWae @ FQN9hzhzP_"" checks",2026-08-28T01:34:46.953Z,178788088695300
"""the pho king @ gpP9uUffpu"" checks",2026-08-28T01:34:45.815Z,178788088581500
"Flop:  [3♠, 6♥, 4♣]",2026-08-28T01:34:44.873Z,178788088487300
"""the pho king @ gpP9uUffpu"" calls 50",2026-08-28T01:34:44.055Z,178788088405500
"""LingWae @ FQN9hzhzP_"" raises to 50",2026-08-28T01:34:43.117Z,178788088311700
"""the pho king @ gpP9uUffpu"" posts a big blind of 20",2026-08-28T01:34:40.958Z,178788088095805
"""LingWae @ FQN9hzhzP_"" posts a small blind of 10",2026-08-28T01:34:40.958Z,178788088095804
"Player stacks: #1 ""LingWae @ FQN9hzhzP_"" (722) | #10 ""the pho king @ gpP9uUffpu"" (2278)",2026-08-28T01:34:40.958Z,178788088095801
"-- starting hand #51 (id: fbshfyzhxl9y)  No Limit Texas Hold'em (dealer: ""LingWae @ FQN9hzhzP_"") --",2026-08-28T01:34:40.958Z,178788088095800
"-- ending hand #50 --",2026-08-28T01:34:34.952Z,178788087495203
"""the pho king @ gpP9uUffpu"" collected 214 from pot with Two Pair, 9's & 7's (combination: Q♦, 7♥, 7♦, 9♠, 9♥)",2026-08-28T01:34:34.952Z,178788087495202
"""the pho king @ gpP9uUffpu"" shows a Q♦, 7♥.",2026-08-28T01:34:34.952Z,178788087495201
"""LingWae @ FQN9hzhzP_"" shows a Q♥, 6♥.",2026-08-28T01:34:34.952Z,178788087495200
"""the pho king @ gpP9uUffpu"" calls 67",2026-08-28T01:34:34.061Z,178788087406100
"""LingWae @ FQN9hzhzP_"" bets 67",2026-08-28T01:34:33.145Z,178788087314500
"River: 7♦, 9♠, 2♥, 9♥ [10♠]",2026-08-28T01:34:27.312Z,178788086731200
"""LingWae @ FQN9hzhzP_"" calls 20",2026-08-28T01:34:26.487Z,178788086648700
"""the pho king @ gpP9uUffpu"" bets 20",2026-08-28T01:34:25.329Z,178788086532900
"""LingWae @ FQN9hzhzP_"" checks",2026-08-28T01:34:24.239Z,178788086423900
"Turn: 7♦, 9♠, 2♥ [9♥]",2026-08-28T01:34:20.443Z,178788086044300
"""the pho king @ gpP9uUffpu"" checks",2026-08-28T01:34:19.627Z,178788085962700
"""LingWae @ FQN9hzhzP_"" checks",2026-08-28T01:34:18.728Z,178788085872800
"Flop:  [7♦, 9♠, 2♥]",2026-08-28T01:34:15.837Z,178788085583700
"""LingWae @ FQN9hzhzP_"" checks",2026-08-28T01:34:15.034Z,178788085503400
"""the pho king @ gpP9uUffpu"" calls 20",2026-08-28T01:34:12.980Z,178788085298000
"""LingWae @ FQN9hzhzP_"" posts a big blind of 20",2026-08-28T01:34:12.103Z,178788085210305
"""the pho king @ gpP9uUffpu"" posts a small blind of 10",2026-08-28T01:34:12.103Z,178788085210304
"Your hand is Q♦, 7♥",2026-08-28T01:34:12.103Z,178788085210303
"Player stacks: #1 ""LingWae @ FQN9hzhzP_"" (829) | #10 ""the pho king @ gpP9uUffpu"" (2171)",2026-08-28T01:34:12.103Z,178788085210301
"-- starting hand #50 (id: ykl7csrc4t83)  No Limit Texas Hold'em (dealer: ""the pho king @ gpP9uUffpu"") --",2026-08-28T01:34:12.103Z,178788085210300
"""LingWae @ FQN9hzhzP_"" shows a 10♦.",2026-08-28T01:34:08.623Z,178788084862300
"Undealt cards: 7♥, 5♣, 7♠ [9♦, A♥]",2026-08-28T01:34:05.902Z,178788084590200
"-- ending hand #49 --",2026-08-28T01:34:05.492Z,178788084549202
"""LingWae @ FQN9hzhzP_"" collected 120 from pot",2026-08-28T01:34:05.492Z,178788084549201
"Uncalled bet of 67 returned to ""LingWae @ FQN9hzhzP_""",2026-08-28T01:34:05.492Z,178788084549200
"""the pho king @ gpP9uUffpu"" folds",2026-08-28T01:34:04.677Z,178788084467700
"""LingWae @ FQN9hzhzP_"" bets 67",2026-08-28T01:34:01.696Z,178788084169600
"""the pho king @ gpP9uUffpu"" checks",2026-08-28T01:33:57.689Z,178788083768900
"Flop:  [7♥, 5♣, 7♠]",2026-08-28T01:33:56.656Z,178788083665600
"""the pho king @ gpP9uUffpu"" calls 60",2026-08-28T01:33:55.748Z,178788083574800
"""LingWae @ FQN9hzhzP_"" raises to 60",2026-08-28T01:33:54.744Z,178788083474400
"""the pho king @ gpP9uUffpu"" posts a big blind of 20",2026-08-28T01:33:51.040Z,178788083104005
"""LingWae @ FQN9hzhzP_"" posts a small blind of 10",2026-08-28T01:33:51.040Z,178788083104004
"Player stacks: #1 ""LingWae @ FQN9hzhzP_"" (769) | #10 ""the pho king @ gpP9uUffpu"" (2231)",2026-08-28T01:33:51.040Z,178788083104001
"-- starting hand #49 (id: 5xh8etie1nb7)  No Limit Texas Hold'em (dealer: ""LingWae @ FQN9hzhzP_"") --",2026-08-28T01:33:51.040Z,178788083104000
"-- ending hand #48 --",2026-08-28T01:33:45.004Z,178788082500403
"""the pho king @ gpP9uUffpu"" collected 508 from pot with Pair, 6's (combination: 5♥, 8♦, 10♠, 6♥, 6♠)",2026-08-28T01:33:45.004Z,178788082500402
"""the pho king @ gpP9uUffpu"" shows a 6♥, 6♠.",2026-08-28T01:33:45.004Z,178788082500401
"""LingWae @ FQN9hzhzP_"" shows a A♠, Q♣.",2026-08-28T01:33:45.004Z,178788082500400
"""the pho king @ gpP9uUffpu"" checks",2026-08-28T01:33:44.196Z,178788082419600
"""LingWae @ FQN9hzhzP_"" checks",2026-08-28T01:33:43.252Z,178788082325200
"River: 3♣, 10♠, 5♥, 8♦ [4♦]",2026-08-28T01:33:40.413Z,178788082041300
"""the pho king @ gpP9uUffpu"" calls 67",2026-08-28T01:33:39.599Z,178788081959900
"""LingWae @ FQN9hzhzP_"" bets 67",2026-08-28T01:33:38.685Z,178788081868500
"Turn: 3♣, 10♠, 5♥ [8♦]",2026-08-28T01:33:34.296Z,178788081429600
"""the pho king @ gpP9uUffpu"" calls 67",2026-08-28T01:33:33.458Z,178788081345800
"""LingWae @ FQN9hzhzP_"" bets 67",2026-08-28T01:33:32.325Z,178788081232500
"Flop:  [3♣, 10♠, 5♥]",2026-08-28T01:33:24.978Z,178788080497800
"""the pho king @ gpP9uUffpu"" calls 120",2026-08-28T01:33:24.112Z,178788080411200
"""LingWae @ FQN9hzhzP_"" raises to 120",2026-08-28T01:33:22.962Z,178788080296200
"""the pho king @ gpP9uUffpu"" raises to 40",2026-08-28T01:33:20.696Z,178788080069600
"""LingWae @ FQN9hzhzP_"" posts a big blind of 20",2026-08-28T01:33:19.268Z,178788079926805
"""the pho king @ gpP9uUffpu"" posts a small blind of 10",2026-08-28T01:33:19.268Z,178788079926804
"Your hand is 6♥, 6♠",2026-08-28T01:33:19.268Z,178788079926803
"Player stacks: #1 ""LingWae @ FQN9hzhzP_"" (1023) | #10 ""the pho king @ gpP9uUffpu"" (1977)",2026-08-28T01:33:19.268Z,178788079926801
"-- starting hand #48 (id: qxvvoa4ylrsj)  No Limit Texas Hold'em (dealer: ""the pho king @ gpP9uUffpu"") --",2026-08-28T01:33:19.268Z,178788079926800
"-- ending hand #47 --",2026-08-28T01:33:13.247Z,178788079324704
"""the pho king @ gpP9uUffpu"" collected 60 from pot with Pair, 8's (combination: 5♣, 7♥, A♦, 8♦, 8♣)",2026-08-28T01:33:13.247Z,178788079324703
"""LingWae @ FQN9hzhzP_"" collected 60 from pot with Pair, 8's (combination: 5♣, 7♥, A♥, 8♦, 8♣)",2026-08-28T01:33:13.247Z,178788079324702
"""LingWae @ FQN9hzhzP_"" shows a A♥, 4♦.",2026-08-28T01:33:13.247Z,178788079324701
"""the pho king @ gpP9uUffpu"" shows a A♦, 3♠.",2026-08-28T01:33:13.247Z,178788079324700
"""LingWae @ FQN9hzhzP_"" checks",2026-08-28T01:33:12.412Z,178788079241200
"""the pho king @ gpP9uUffpu"" checks",2026-08-28T01:33:11.468Z,178788079146800
"River: 5♣, 8♦, 2♦, 7♥ [8♣]",2026-08-28T01:33:09.383Z,178788078938300
"""LingWae @ FQN9hzhzP_"" checks",2026-08-28T01:33:08.562Z,178788078856200
"""the pho king @ gpP9uUffpu"" checks",2026-08-28T01:33:07.553Z,178788078755300
"Turn: 5♣, 8♦, 2♦ [7♥]",2026-08-28T01:33:02.906Z,178788078290600
"""LingWae @ FQN9hzhzP_"" calls 20",2026-08-28T01:33:02.070Z,178788078207000
"""the pho king @ gpP9uUffpu"" bets 20",2026-08-28T01:32:58.170Z,178788077817000
"Flop:  [5♣, 8♦, 2♦]",2026-08-28T01:32:56.163Z,178788077616300
"""the pho king @ gpP9uUffpu"" calls 40",2026-08-28T01:32:55.331Z,178788077533100
"""LingWae @ FQN9hzhzP_"" raises to 40",2026-08-28T01:32:54.176Z,178788077417600
"""the pho king @ gpP9uUffpu"" posts a big blind of 20",2026-08-28T01:32:51.361Z,178788077136105
"""LingWae @ FQN9hzhzP_"" posts a small blind of 10",2026-08-28T01:32:51.361Z,178788077136104
"Your hand is A♦, 3♠",2026-08-28T01:32:51.361Z,178788077136103
"Player stacks: #1 ""LingWae @ FQN9hzhzP_"" (1023) | #10 ""the pho king @ gpP9uUffpu"" (1977)",2026-08-28T01:32:51.361Z,178788077136101
"-- starting hand #47 (id: rmxg4ttmmu9u)  No Limit Texas Hold'em (dealer: ""LingWae @ FQN9hzhzP_"") --",2026-08-28T01:32:51.361Z,178788077136100
"-- ending hand #46 --",2026-08-28T01:32:45.353Z,178788076535303
"""the pho king @ gpP9uUffpu"" collected 400 from pot with Pair, K's (combination: 6♠, 7♦, 8♦, K♥, K♣)",2026-08-28T01:32:45.353Z,178788076535302
"""the pho king @ gpP9uUffpu"" shows a K♥, 6♠.",2026-08-28T01:32:45.353Z,178788076535301
"""LingWae @ FQN9hzhzP_"" shows a 10♥, Q♥.",2026-08-28T01:32:45.353Z,178788076535300
"""the pho king @ gpP9uUffpu"" calls 20",2026-08-28T01:32:44.521Z,178788076452100
"""LingWae @ FQN9hzhzP_"" bets 20",2026-08-28T01:32:43.587Z,178788076358700
"River: K♣, 7♦, 5♠, 8♦ [3♠]",2026-08-28T01:32:38.551Z,178788075855100
"""the pho king @ gpP9uUffpu"" checks",2026-08-28T01:32:37.669Z,178788075766900
"""LingWae @ FQN9hzhzP_"" checks",2026-08-28T01:32:36.567Z,178788075656700
"Turn: K♣, 7♦, 5♠ [8♦]",2026-08-28T01:32:35.182Z,178788075518200
"""the pho king @ gpP9uUffpu"" calls 120",2026-08-28T01:32:34.358Z,178788075435800
"""LingWae @ FQN9hzhzP_"" bets 120",2026-08-28T01:32:33.316Z,178788075331600
"Flop:  [K♣, 7♦, 5♠]",2026-08-28T01:32:30.749Z,178788075074900
"""the pho king @ gpP9uUffpu"" calls 60",2026-08-28T01:32:29.876Z,178788074987600
"""LingWae @ FQN9hzhzP_"" raises to 60",2026-08-28T01:32:28.645Z,178788074864500
"""the pho king @ gpP9uUffpu"" calls 20",2026-08-28T01:32:21.307Z,178788074130700
"""LingWae @ FQN9hzhzP_"" posts a big blind of 20",2026-08-28T01:32:20.354Z,178788074035405
"""the pho king @ gpP9uUffpu"" posts a small blind of 10",2026-08-28T01:32:20.354Z,178788074035404
"Your hand is K♥, 6♠",2026-08-28T01:32:20.354Z,178788074035403
"Player stacks: #1 ""LingWae @ FQN9hzhzP_"" (1223) | #10 ""the pho king @ gpP9uUffpu"" (1777)",2026-08-28T01:32:20.354Z,178788074035401
"-- starting hand #46 (id: 5kfaosgpaxd6)  No Limit Texas Hold'em (dealer: ""the pho king @ gpP9uUffpu"") --",2026-08-28T01:32:20.354Z,178788074035400
"""LingWae @ FQN9hzhzP_"" shows a 3♣, 7♦.",2026-08-28T01:32:16.562Z,178788073656200
"""the pho king @ gpP9uUffpu"" shows a A♣, K♠.",2026-08-28T01:32:14.132Z,178788073413200
"Undealt cards:  [A♦, 2♥, 2♦, Q♦, 10♦]",2026-08-28T01:32:13.294Z,178788073329400
"-- ending hand #45 --",2026-08-28T01:32:12.944Z,178788073294402
"""the pho king @ gpP9uUffpu"" collected 20 from pot",2026-08-28T01:32:12.944Z,178788073294401
"Uncalled bet of 10 returned to ""the pho king @ gpP9uUffpu""",2026-08-28T01:32:12.944Z,178788073294400
"""LingWae @ FQN9hzhzP_"" folds",2026-08-28T01:32:12.095Z,178788073209500
"""the pho king @ gpP9uUffpu"" posts a big blind of 20",2026-08-28T01:32:04.437Z,178788072443705
"""LingWae @ FQN9hzhzP_"" posts a small blind of 10",2026-08-28T01:32:04.437Z,178788072443704
"Your hand is A♣, K♠",2026-08-28T01:32:04.437Z,178788072443703
"Player stacks: #1 ""LingWae @ FQN9hzhzP_"" (1233) | #10 ""the pho king @ gpP9uUffpu"" (1767)",2026-08-28T01:32:04.437Z,178788072443701
"-- starting hand #45 (id: wqbfhiibeaek)  No Limit Texas Hold'em (dealer: ""LingWae @ FQN9hzhzP_"") --",2026-08-28T01:32:04.437Z,178788072443700
"""LingWae @ FQN9hzhzP_"" shows a K♠.",2026-08-28T01:32:01.842Z,178788072184200
"-- ending hand #44 --",2026-08-28T01:32:00.805Z,178788072080502
"""the pho king @ gpP9uUffpu"" collected 160 from pot",2026-08-28T01:32:00.805Z,178788072080501
"Uncalled bet of 320 returned to ""the pho king @ gpP9uUffpu""",2026-08-28T01:32:00.805Z,178788072080500
"""LingWae @ FQN9hzhzP_"" folds",2026-08-28T01:31:59.954Z,178788071995400
"""the pho king @ gpP9uUffpu"" bets 320",2026-08-28T01:31:51.629Z,178788071162900
"""LingWae @ FQN9hzhzP_"" checks",2026-08-28T01:31:45.288Z,178788070528800
"River: A♥, 10♥, A♦, A♠ [9♦]",2026-08-28T01:31:43.579Z,178788070357900
"""the pho king @ gpP9uUffpu"" calls 20",2026-08-28T01:31:42.702Z,178788070270200
"""LingWae @ FQN9hzhzP_"" bets 20",2026-08-28T01:31:41.075Z,178788070107500
"Turn: A♥, 10♥, A♦ [A♠]",2026-08-28T01:31:38.243Z,178788069824300
"""the pho king @ gpP9uUffpu"" calls 20",2026-08-28T01:31:37.395Z,178788069739500
"""LingWae @ FQN9hzhzP_"" bets 20",2026-08-28T01:31:36.438Z,178788069643800
"Flop:  [A♥, 10♥, A♦]",2026-08-28T01:31:32.771Z,178788069277100
"""LingWae @ FQN9hzhzP_"" calls 40",2026-08-28T01:31:31.928Z,178788069192800
"""the pho king @ gpP9uUffpu"" raises to 40",2026-08-28T01:31:30.946Z,178788069094600
"""LingWae @ FQN9hzhzP_"" posts a big blind of 20",2026-08-28T01:31:29.399Z,178788068939905
"""the pho king @ gpP9uUffpu"" posts a small blind of 10",2026-08-28T01:31:29.399Z,178788068939904
"Player stacks: #1 ""LingWae @ FQN9hzhzP_"" (1313) | #10 ""the pho king @ gpP9uUffpu"" (1687)",2026-08-28T01:31:29.399Z,178788068939901
"-- starting hand #44 (id: 4s8bpenpxow7)  No Limit Texas Hold'em (dealer: ""the pho king @ gpP9uUffpu"") --",2026-08-28T01:31:29.399Z,178788068939900
"""LingWae @ FQN9hzhzP_"" shows a 8♦.",2026-08-28T01:31:24.681Z,178788068468100
"Undealt cards: A♥, Q♦, 5♥ [Q♥, 4♣]",2026-08-28T01:31:23.021Z,178788068302100
"-- ending hand #43 --",2026-08-28T01:31:22.768Z,178788068276802
"""LingWae @ FQN9hzhzP_"" collected 40 from pot",2026-08-28T01:31:22.768Z,178788068276801
"Uncalled bet of 20 returned to ""LingWae @ FQN9hzhzP_""",2026-08-28T01:31:22.768Z,178788068276800
"""the pho king @ gpP9uUffpu"" folds",2026-08-28T01:31:21.889Z,178788068188900
"""LingWae @ FQN9hzhzP_"" bets 20",2026-08-28T01:31:20.711Z,178788068071100
"""the pho king @ gpP9uUffpu"" checks",2026-08-28T01:31:17.963Z,178788067796300
"Flop:  [A♥, Q♦, 5♥]",2026-08-28T01:31:16.959Z,178788067695900
"""the pho king @ gpP9uUffpu"" checks",2026-08-28T01:31:16.072Z,178788067607200
"""LingWae @ FQN9hzhzP_"" calls 20",2026-08-28T01:31:10.508Z,178788067050800
"""the pho king @ gpP9uUffpu"" posts a big blind of 20",2026-08-28T01:31:08.785Z,178788066878505
"""LingWae @ FQN9hzhzP_"" posts a small blind of 10",2026-08-28T01:31:08.785Z,178788066878504
"Player stacks: #1 ""LingWae @ FQN9hzhzP_"" (1293) | #10 ""the pho king @ gpP9uUffpu"" (1707)",2026-08-28T01:31:08.785Z,178788066878501
"-- starting hand #43 (id: kkjyao9cxxy4)  No Limit Texas Hold'em (dealer: ""LingWae @ FQN9hzhzP_"") --",2026-08-28T01:31:08.785Z,178788066878500
"-- ending hand #42 --",2026-08-28T01:31:02.759Z,178788066275903
"""the pho king @ gpP9uUffpu"" collected 374 from pot with Two Pair, 8's & 7's (combination: 10♠, 7♣, 7♦, 8♠, 8♣)",2026-08-28T01:31:02.759Z,178788066275902
"""the pho king @ gpP9uUffpu"" shows a 7♣, 7♦.",2026-08-28T01:31:02.759Z,178788066275901
"""LingWae @ FQN9hzhzP_"" shows a 9♦, Q♦.",2026-08-28T01:31:02.759Z,178788066275900
"""the pho king @ gpP9uUffpu"" calls 20",2026-08-28T01:31:01.924Z,178788066192400
"""LingWae @ FQN9hzhzP_"" bets 20",2026-08-28T01:31:00.946Z,178788066094600
"River: 6♣, 10♠, 3♦, 8♠ [8♣]",2026-08-28T01:30:55.403Z,178788065540300
"""the pho king @ gpP9uUffpu"" checks",2026-08-28T01:30:54.581Z,178788065458100
"""LingWae @ FQN9hzhzP_"" checks",2026-08-28T01:30:53.630Z,178788065363000
"Turn: 6♣, 10♠, 3♦ [8♠]",2026-08-28T01:30:52.092Z,178788065209200
"""the pho king @ gpP9uUffpu"" calls 67",2026-08-28T01:30:51.226Z,178788065122600
"""LingWae @ FQN9hzhzP_"" bets 67",2026-08-28T01:30:50.238Z,178788065023800
"Flop:  [6♣, 10♠, 3♦]",2026-08-28T01:30:43.975Z,178788064397500
"""the pho king @ gpP9uUffpu"" calls 100",2026-08-28T01:30:43.161Z,178788064316100
"""LingWae @ FQN9hzhzP_"" raises to 100",2026-08-28T01:30:42.158Z,178788064215800
"""the pho king @ gpP9uUffpu"" raises to 60",2026-08-28T01:30:39.534Z,178788063953400
"""LingWae @ FQN9hzhzP_"" posts a big blind of 20",2026-08-28T01:30:37.451Z,178788063745105
"""the pho king @ gpP9uUffpu"" posts a small blind of 10",2026-08-28T01:30:37.451Z,178788063745104
"Your hand is 7♣, 7♦",2026-08-28T01:30:37.451Z,178788063745103
"Player stacks: #1 ""LingWae @ FQN9hzhzP_"" (1480) | #10 ""the pho king @ gpP9uUffpu"" (1520)",2026-08-28T01:30:37.451Z,178788063745101
"-- starting hand #42 (id: xikmkwkfpxhk)  No Limit Texas Hold'em (dealer: ""the pho king @ gpP9uUffpu"") --",2026-08-28T01:30:37.451Z,178788063745100
"""the pho king @ gpP9uUffpu"" shows a 10♥.",2026-08-28T01:30:35.964Z,178788063596400
"""LingWae @ FQN9hzhzP_"" shows a 6♣.",2026-08-28T01:30:33.858Z,178788063385800
"-- ending hand #41 --",2026-08-28T01:30:33.143Z,178788063314302
"""the pho king @ gpP9uUffpu"" collected 40 from pot",2026-08-28T01:30:33.143Z,178788063314301
"Uncalled bet of 30 returned to ""the pho king @ gpP9uUffpu""",2026-08-28T01:30:33.143Z,178788063314300
"""LingWae @ FQN9hzhzP_"" folds",2026-08-28T01:30:32.316Z,178788063231600
"""the pho king @ gpP9uUffpu"" bets 30",2026-08-28T01:30:30.611Z,178788063061100
"River: 9♣, Q♠, 2♦, 3♠ [Q♣]",2026-08-28T01:30:28.146Z,178788062814600
"""LingWae @ FQN9hzhzP_"" checks",2026-08-28T01:30:27.334Z,178788062733400
"""the pho king @ gpP9uUffpu"" checks",2026-08-28T01:30:25.971Z,178788062597100
"Turn: 9♣, Q♠, 2♦ [3♠]",2026-08-28T01:30:25.136Z,178788062513600
"""LingWae @ FQN9hzhzP_"" checks",2026-08-28T01:30:24.291Z,178788062429100
"""the pho king @ gpP9uUffpu"" checks",2026-08-28T01:30:22.588Z,178788062258800
"Flop:  [9♣, Q♠, 2♦]",2026-08-28T01:30:21.439Z,178788062143900
"""the pho king @ gpP9uUffpu"" checks",2026-08-28T01:30:20.626Z,178788062062600
"""LingWae @ FQN9hzhzP_"" calls 20",2026-08-28T01:30:19.670Z,178788061967000
"""the pho king @ gpP9uUffpu"" posts a big blind of 20",2026-08-28T01:30:17.441Z,178788061744105
"""LingWae @ FQN9hzhzP_"" posts a small blind of 10",2026-08-28T01:30:17.441Z,178788061744104
"Player stacks: #1 ""LingWae @ FQN9hzhzP_"" (1500) | #10 ""the pho king @ gpP9uUffpu"" (1500)",2026-08-28T01:30:17.441Z,178788061744101
"-- starting hand #41 (id: c8mnsqgj6uor)  No Limit Texas Hold'em (dealer: ""LingWae @ FQN9hzhzP_"") --",2026-08-28T01:30:17.441Z,178788061744100
"""LingWae @ FQN9hzhzP_"" shows a 8♣.",2026-08-28T01:30:13.420Z,178788061342000
"Undealt cards: K♣, A♣, K♥, 7♥ [8♥]",2026-08-28T01:30:11.099Z,178788061109900
"-- ending hand #40 --",2026-08-28T01:30:10.839Z,178788061083902
"""the pho king @ gpP9uUffpu"" collected 40 from pot",2026-08-28T01:30:10.839Z,178788061083901
"Uncalled bet of 30 returned to ""the pho king @ gpP9uUffpu""",2026-08-28T01:30:10.839Z,178788061083900
"""LingWae @ FQN9hzhzP_"" folds",2026-08-28T01:30:10.019Z,178788061001900
"""the pho king @ gpP9uUffpu"" bets 30",2026-08-28T01:30:07.034Z,178788060703400
"""LingWae @ FQN9hzhzP_"" checks",2026-08-28T01:30:04.280Z,178788060428000
"Turn: K♣, A♣, K♥ [7♥]",2026-08-28T01:30:02.336Z,178788060233600
"""the pho king @ gpP9uUffpu"" checks",2026-08-28T01:30:01.281Z,178788060128100
"""LingWae @ FQN9hzhzP_"" checks",2026-08-28T01:30:00.286Z,178788060028600
"Flop:  [K♣, A♣, K♥]",2026-08-28T01:29:58.161Z,178788059816100
"""LingWae @ FQN9hzhzP_"" checks",2026-08-28T01:29:57.300Z,178788059730000
"""the pho king @ gpP9uUffpu"" calls 20",2026-08-28T01:29:51.876Z,178788059187600
"""LingWae @ FQN9hzhzP_"" posts a big blind of 20",2026-08-28T01:29:50.753Z,178788059075305
"""the pho king @ gpP9uUffpu"" posts a small blind of 10",2026-08-28T01:29:50.753Z,178788059075304
"Player stacks: #1 ""LingWae @ FQN9hzhzP_"" (1520) | #10 ""the pho king @ gpP9uUffpu"" (1480)",2026-08-28T01:29:50.753Z,178788059075301
"-- starting hand #40 (id: scelif1rkodd)  No Limit Texas Hold'em (dealer: ""the pho king @ gpP9uUffpu"") --",2026-08-28T01:29:50.753Z,178788059075300
"""LingWae @ FQN9hzhzP_"" shows a 9♣.",2026-08-28T01:29:47.953Z,178788058795300
"-- ending hand #39 --",2026-08-28T01:29:47.098Z,178788058709802
"""the pho king @ gpP9uUffpu"" collected 120 from pot",2026-08-28T01:29:47.098Z,178788058709801
"Uncalled bet of 60 returned to ""the pho king @ gpP9uUffpu""",2026-08-28T01:29:47.098Z,178788058709800
"""LingWae @ FQN9hzhzP_"" folds",2026-08-28T01:29:46.257Z,178788058625700
"""the pho king @ gpP9uUffpu"" bets 60",2026-08-28T01:29:45.157Z,178788058515700
"River: 10♥, K♠, Q♠, 7♠ [7♦]",2026-08-28T01:29:43.095Z,178788058309500
"""LingWae @ FQN9hzhzP_"" calls 40",2026-08-28T01:29:42.251Z,178788058225100
"""the pho king @ gpP9uUffpu"" bets 40",2026-08-28T01:29:41.168Z,178788058116800
"Turn: 10♥, K♠, Q♠ [7♠]",2026-08-28T01:29:38.246Z,178788057824600
"""LingWae @ FQN9hzhzP_"" checks",2026-08-28T01:29:37.403Z,178788057740300
"""the pho king @ gpP9uUffpu"" checks",2026-08-28T01:29:35.922Z,178788057592200
"Flop:  [10♥, K♠, Q♠]",2026-08-28T01:29:34.644Z,178788057464400
"""the pho king @ gpP9uUffpu"" checks",2026-08-28T01:29:33.820Z,178788057382000
"""LingWae @ FQN9hzhzP_"" calls 20",2026-08-28T01:29:32.053Z,178788057205300
"""the pho king @ gpP9uUffpu"" posts a big blind of 20",2026-08-28T01:29:29.745Z,178788056974505
"""LingWae @ FQN9hzhzP_"" posts a small blind of 10",2026-08-28T01:29:29.745Z,178788056974504
"Player stacks: #1 ""LingWae @ FQN9hzhzP_"" (1580) | #10 ""the pho king @ gpP9uUffpu"" (1420)",2026-08-28T01:29:29.745Z,178788056974501
"-- starting hand #39 (id: ikbmibpr3zvq)  No Limit Texas Hold'em (dealer: ""LingWae @ FQN9hzhzP_"") --",2026-08-28T01:29:29.745Z,178788056974500
"-- ending hand #38 --",2026-08-28T01:29:23.741Z,178788056374102
"""LingWae @ FQN9hzhzP_"" collected 600 from pot with Three of a Kind, 4's (combination: J♠, K♣, 4♣, 4♠, 4♦)",2026-08-28T01:29:23.741Z,178788056374101
"""LingWae @ FQN9hzhzP_"" shows a K♣, 4♣.",2026-08-28T01:29:23.741Z,178788056374100
"""the pho king @ gpP9uUffpu"" calls 180",2026-08-28T01:29:22.891Z,178788056289100
"""LingWae @ FQN9hzhzP_"" bets 180",2026-08-28T01:29:08.746Z,178788054874600
"River: 4♠, 7♥, J♠, 4♦ [9♦]",2026-08-28T01:29:05.319Z,178788054531900
"""the pho king @ gpP9uUffpu"" calls 60",2026-08-28T01:29:04.477Z,178788054447700
"""LingWae @ FQN9hzhzP_"" bets 60",2026-08-28T01:29:00.152Z,178788054015200
"Turn: 4♠, 7♥, J♠ [4♦]",2026-08-28T01:28:57.790Z,178788053779000
"""the pho king @ gpP9uUffpu"" calls 20",2026-08-28T01:28:56.982Z,178788053698200
"""LingWae @ FQN9hzhzP_"" bets 20",2026-08-28T01:28:55.778Z,178788053577800
"Flop:  [4♠, 7♥, J♠]",2026-08-28T01:28:51.673Z,178788053167300
"""LingWae @ FQN9hzhzP_"" calls 40",2026-08-28T01:28:50.865Z,178788053086500
"""the pho king @ gpP9uUffpu"" raises to 40",2026-08-28T01:28:49.900Z,178788052990000
"""LingWae @ FQN9hzhzP_"" posts a big blind of 20",2026-08-28T01:28:48.785Z,178788052878505
"""the pho king @ gpP9uUffpu"" posts a small blind of 10",2026-08-28T01:28:48.785Z,178788052878504
"Player stacks: #1 ""LingWae @ FQN9hzhzP_"" (1280) | #10 ""the pho king @ gpP9uUffpu"" (1720)",2026-08-28T01:28:48.785Z,178788052878501
"-- starting hand #38 (id: c5uxyyerllpq)  No Limit Texas Hold'em (dealer: ""the pho king @ gpP9uUffpu"") --",2026-08-28T01:28:48.785Z,178788052878500
"""LingWae @ FQN9hzhzP_"" shows a 8♦.",2026-08-28T01:28:47.548Z,178788052754800
"""LingWae @ FQN9hzhzP_"" shows a 7♦.",2026-08-28T01:28:44.599Z,178788052459900
"Undealt cards: Q♣, 2♥, 7♣ [J♣, J♦]",2026-08-28T01:28:42.445Z,178788052244500
"-- ending hand #37 --",2026-08-28T01:28:42.171Z,178788052217102
"""LingWae @ FQN9hzhzP_"" collected 100 from pot",2026-08-28T01:28:42.171Z,178788052217101
"Uncalled bet of 75 returned to ""LingWae @ FQN9hzhzP_""",2026-08-28T01:28:42.171Z,178788052217100
"""the pho king @ gpP9uUffpu"" folds",2026-08-28T01:28:41.287Z,178788052128700
"""LingWae @ FQN9hzhzP_"" bets 75",2026-08-28T01:28:40.129Z,178788052012900
"""the pho king @ gpP9uUffpu"" checks",2026-08-28T01:28:37.507Z,178788051750700
"Flop:  [Q♣, 2♥, 7♣]",2026-08-28T01:28:36.164Z,178788051616400
"""the pho king @ gpP9uUffpu"" calls 50",2026-08-28T01:28:35.345Z,178788051534500
"""LingWae @ FQN9hzhzP_"" raises to 50",2026-08-28T01:28:34.276Z,178788051427600
"""the pho king @ gpP9uUffpu"" posts a big blind of 20",2026-08-28T01:28:32.161Z,178788051216105
"""LingWae @ FQN9hzhzP_"" posts a small blind of 10",2026-08-28T01:28:32.161Z,178788051216104
"Player stacks: #1 ""LingWae @ FQN9hzhzP_"" (1230) | #10 ""the pho king @ gpP9uUffpu"" (1770)",2026-08-28T01:28:32.161Z,178788051216101
"-- starting hand #37 (id: ovxulvv5lmvg)  No Limit Texas Hold'em (dealer: ""LingWae @ FQN9hzhzP_"") --",2026-08-28T01:28:32.161Z,178788051216100
"""LingWae @ FQN9hzhzP_"" shows a 3♦.",2026-08-28T01:28:28.889Z,178788050888900
"-- ending hand #36 --",2026-08-28T01:28:25.639Z,178788050563902
"""the pho king @ gpP9uUffpu"" collected 200 from pot with Pair, Q's (combination: 9♣, 10♣, A♥, Q♣, Q♠)",2026-08-28T01:28:25.639Z,178788050563901
"""the pho king @ gpP9uUffpu"" shows a 5♣, Q♣.",2026-08-28T01:28:25.639Z,178788050563900
"""LingWae @ FQN9hzhzP_"" calls 40",2026-08-28T01:28:24.817Z,178788050481700
"""the pho king @ gpP9uUffpu"" bets 40",2026-08-28T01:28:23.428Z,178788050342800
"""LingWae @ FQN9hzhzP_"" checks",2026-08-28T01:28:20.692Z,178788050069200
"River: 9♣, Q♠, A♥, 7♥ [10♣]",2026-08-28T01:28:18.215Z,178788049821500
"""the pho king @ gpP9uUffpu"" checks",2026-08-28T01:28:17.357Z,178788049735700
"""LingWae @ FQN9hzhzP_"" checks",2026-08-28T01:28:16.450Z,178788049645000
"Turn: 9♣, Q♠, A♥ [7♥]",2026-08-28T01:28:13.842Z,178788049384200
"""the pho king @ gpP9uUffpu"" checks",2026-08-28T01:28:13.029Z,178788049302900
"""LingWae @ FQN9hzhzP_"" checks",2026-08-28T01:28:12.063Z,178788049206300
"Flop:  [9♣, Q♠, A♥]",2026-08-28T01:28:08.725Z,178788048872500
"""the pho king @ gpP9uUffpu"" calls 60",2026-08-28T01:28:07.845Z,178788048784500
"""LingWae @ FQN9hzhzP_"" raises to 60",2026-08-28T01:28:06.624Z,178788048662400
"""the pho king @ gpP9uUffpu"" raises to 40",2026-08-28T01:27:51.896Z,178788047189600
"""LingWae @ FQN9hzhzP_"" posts a big blind of 20",2026-08-28T01:27:50.681Z,178788047068105
"""the pho king @ gpP9uUffpu"" posts a small blind of 10",2026-08-28T01:27:50.681Z,178788047068104
"Your hand is 5♣, Q♣",2026-08-28T01:27:50.681Z,178788047068103
"Player stacks: #1 ""LingWae @ FQN9hzhzP_"" (1330) | #10 ""the pho king @ gpP9uUffpu"" (1670)",2026-08-28T01:27:50.681Z,178788047068101
"-- starting hand #36 (id: k2fxclven0lg)  No Limit Texas Hold'em (dealer: ""the pho king @ gpP9uUffpu"") --",2026-08-28T01:27:50.681Z,178788047068100
"-- ending hand #35 --",2026-08-28T01:27:44.662Z,178788046466203
"""LingWae @ FQN9hzhzP_"" collected 120 from pot with Two Pair, Q's & 3's (combination: A♦, 3♣, 3♠, Q♥, Q♠)",2026-08-28T01:27:44.662Z,178788046466202
"""LingWae @ FQN9hzhzP_"" shows a Q♥, Q♠.",2026-08-28T01:27:44.662Z,178788046466201
"""the pho king @ gpP9uUffpu"" shows a K♣, 9♠.",2026-08-28T01:27:44.662Z,178788046466200
"""LingWae @ FQN9hzhzP_"" checks",2026-08-28T01:27:43.781Z,178788046378100
"""the pho king @ gpP9uUffpu"" checks",2026-08-28T01:27:42.574Z,178788046257400
"River: A♦, 3♣, 10♦, 4♦ [3♠]",2026-08-28T01:27:41.752Z,178788046175200
"""LingWae @ FQN9hzhzP_"" checks",2026-08-28T01:27:40.906Z,178788046090600
"""the pho king @ gpP9uUffpu"" checks",2026-08-28T01:27:39.679Z,178788045967900
"Turn: A♦, 3♣, 10♦ [4♦]",2026-08-28T01:27:39.345Z,178788045934500
"""LingWae @ FQN9hzhzP_"" checks",2026-08-28T01:27:38.539Z,178788045853900
"""the pho king @ gpP9uUffpu"" checks",2026-08-28T01:27:37.276Z,178788045727600
"Flop:  [A♦, 3♣, 10♦]",2026-08-28T01:27:36.463Z,178788045646300
"""the pho king @ gpP9uUffpu"" calls 60",2026-08-28T01:27:35.652Z,178788045565200
"""LingWae @ FQN9hzhzP_"" raises to 60",2026-08-28T01:27:34.679Z,178788045467900
"""the pho king @ gpP9uUffpu"" posts a big blind of 20",2026-08-28T01:27:10.121Z,178788043012105
"""LingWae @ FQN9hzhzP_"" posts a small blind of 10",2026-08-28T01:27:10.121Z,178788043012104
"Your hand is K♣, 9♠",2026-08-28T01:27:10.121Z,178788043012103
"Player stacks: #1 ""LingWae @ FQN9hzhzP_"" (1270) | #10 ""the pho king @ gpP9uUffpu"" (1730)",2026-08-28T01:27:10.121Z,178788043012101
"-- starting hand #35 (id: 2b1l302ujml3)  No Limit Texas Hold'em (dealer: ""LingWae @ FQN9hzhzP_"") --",2026-08-28T01:27:10.121Z,178788043012100
"""LingWae @ FQN9hzhzP_"" shows a 6♥.",2026-08-28T01:27:06.725Z,178788042672500
"Undealt cards: 3♥, J♠, A♥, Q♣ [2♥]",2026-08-28T01:27:05.354Z,178788042535400
"-- ending hand #34 --",2026-08-28T01:27:03.515Z,178788042351502
"""the pho king @ gpP9uUffpu"" collected 80 from pot",2026-08-28T01:27:03.515Z,178788042351501
"Uncalled bet of 40 returned to ""the pho king @ gpP9uUffpu""",2026-08-28T01:27:03.515Z,178788042351500
"""LingWae @ FQN9hzhzP_"" folds",2026-08-28T01:27:02.682Z,178788042268200
"""the pho king @ gpP9uUffpu"" bets 40",2026-08-28T01:27:00.827Z,178788042082700
"""LingWae @ FQN9hzhzP_"" checks",2026-08-28T01:26:57.982Z,178788041798200
"Turn: 3♥, J♠, A♥ [Q♣]",2026-08-28T01:26:55.661Z,178788041566100
"""the pho king @ gpP9uUffpu"" checks",2026-08-28T01:26:54.802Z,178788041480200
"""LingWae @ FQN9hzhzP_"" checks",2026-08-28T01:26:53.456Z,178788041345600
"Flop:  [3♥, J♠, A♥]",2026-08-28T01:26:50.658Z,178788041065800
"""LingWae @ FQN9hzhzP_"" calls 40",2026-08-28T01:26:49.820Z,178788040982000
"""the pho king @ gpP9uUffpu"" raises to 40",2026-08-28T01:26:48.691Z,178788040869100
"""LingWae @ FQN9hzhzP_"" posts a big blind of 20",2026-08-28T01:26:46.695Z,178788040669505
"""the pho king @ gpP9uUffpu"" posts a small blind of 10",2026-08-28T01:26:46.695Z,178788040669504
"Player stacks: #1 ""LingWae @ FQN9hzhzP_"" (1310) | #10 ""the pho king @ gpP9uUffpu"" (1690)",2026-08-28T01:26:46.695Z,178788040669501
"-- starting hand #34 (id: gs3iyokdtzds)  No Limit Texas Hold'em (dealer: ""the pho king @ gpP9uUffpu"") --",2026-08-28T01:26:46.695Z,178788040669500
"""LingWae @ FQN9hzhzP_"" shows a 8♥.",2026-08-28T01:26:41.611Z,178788040161100
"Undealt cards: 7♣, 8♠, A♠ [A♥, 2♦]",2026-08-28T01:26:40.697Z,178788040069700
"-- ending hand #33 --",2026-08-28T01:26:40.057Z,178788040005702
"""LingWae @ FQN9hzhzP_"" collected 40 from pot",2026-08-28T01:26:40.057Z,178788040005701
"Uncalled bet of 30 returned to ""LingWae @ FQN9hzhzP_""",2026-08-28T01:26:40.057Z,178788040005700
"""the pho king @ gpP9uUffpu"" folds",2026-08-28T01:26:39.210Z,178788039921000
"""LingWae @ FQN9hzhzP_"" bets 30",2026-08-28T01:26:33.352Z,178788039335200
"""the pho king @ gpP9uUffpu"" checks",2026-08-28T01:26:29.758Z,178788038975800
"Flop:  [7♣, 8♠, A♠]",2026-08-28T01:26:28.454Z,178788038845400
"""the pho king @ gpP9uUffpu"" checks",2026-08-28T01:26:27.610Z,178788038761000
"""LingWae @ FQN9hzhzP_"" calls 20",2026-08-28T01:26:26.671Z,178788038667100
"""the pho king @ gpP9uUffpu"" posts a big blind of 20",2026-08-28T01:26:24.963Z,178788038496305
"""LingWae @ FQN9hzhzP_"" posts a small blind of 10",2026-08-28T01:26:24.963Z,178788038496304
"Player stacks: #1 ""LingWae @ FQN9hzhzP_"" (1290) | #10 ""the pho king @ gpP9uUffpu"" (1710)",2026-08-28T01:26:24.963Z,178788038496301
"-- starting hand #33 (id: shxvafkh2xf4)  No Limit Texas Hold'em (dealer: ""LingWae @ FQN9hzhzP_"") --",2026-08-28T01:26:24.963Z,178788038496300
"""the pho king @ gpP9uUffpu"" shows a 8♠.",2026-08-28T01:26:23.652Z,178788038365200
"""LingWae @ FQN9hzhzP_"" shows a K♥, K♣.",2026-08-28T01:26:20.191Z,178788038019100
"Undealt cards:  [4♣, A♥, 2♥, 8♣, 4♥]",2026-08-28T01:26:17.946Z,178788037794600
"-- ending hand #32 --",2026-08-28T01:26:17.655Z,178788037765502
"""LingWae @ FQN9hzhzP_"" collected 40 from pot",2026-08-28T01:26:17.655Z,178788037765501
"Uncalled bet of 1250 returned to ""LingWae @ FQN9hzhzP_""",2026-08-28T01:26:17.655Z,178788037765500
"""the pho king @ gpP9uUffpu"" folds",2026-08-28T01:26:16.813Z,178788037681300
"""LingWae @ FQN9hzhzP_"" raises to 1270 and go all in",2026-08-28T01:26:15.763Z,178788037576300
"""the pho king @ gpP9uUffpu"" calls 20",2026-08-28T01:26:06.546Z,178788036654600
"""LingWae @ FQN9hzhzP_"" posts a big blind of 20",2026-08-28T01:26:05.592Z,178788036559205
"""the pho king @ gpP9uUffpu"" posts a small blind of 10",2026-08-28T01:26:05.592Z,178788036559204
"Player stacks: #1 ""LingWae @ FQN9hzhzP_"" (1270) | #10 ""the pho king @ gpP9uUffpu"" (1730)",2026-08-28T01:26:05.592Z,178788036559201
"-- starting hand #32 (id: cqohwjpfxdup)  No Limit Texas Hold'em (dealer: ""the pho king @ gpP9uUffpu"") --",2026-08-28T01:26:05.592Z,178788036559200
"""LingWae @ FQN9hzhzP_"" shows a 2♣.",2026-08-28T01:26:01.137Z,178788036113700
"""the pho king @ gpP9uUffpu"" shows a K♦.",2026-08-28T01:26:00.953Z,178788036095300
"Undealt cards: 5♥, J♥, 3♣ [7♠, A♣]",2026-08-28T01:25:58.689Z,178788035868900
"-- ending hand #31 --",2026-08-28T01:25:58.274Z,178788035827402
"""LingWae @ FQN9hzhzP_"" collected 40 from pot",2026-08-28T01:25:58.274Z,178788035827401
"Uncalled bet of 40 returned to ""LingWae @ FQN9hzhzP_""",2026-08-28T01:25:58.274Z,178788035827400
"""the pho king @ gpP9uUffpu"" folds",2026-08-28T01:25:57.428Z,178788035742800
"""LingWae @ FQN9hzhzP_"" bets 40",2026-08-28T01:25:56.464Z,178788035646400
"""the pho king @ gpP9uUffpu"" checks",2026-08-28T01:25:52.405Z,178788035240500
"Flop:  [5♥, J♥, 3♣]",2026-08-28T01:25:48.365Z,178788034836500
"""the pho king @ gpP9uUffpu"" checks",2026-08-28T01:25:47.522Z,178788034752200
"""LingWae @ FQN9hzhzP_"" calls 20",2026-08-28T01:25:46.202Z,178788034620200
"""the pho king @ gpP9uUffpu"" posts a big blind of 20",2026-08-28T01:25:44.167Z,178788034416705
"""LingWae @ FQN9hzhzP_"" posts a small blind of 10",2026-08-28T01:25:44.167Z,178788034416704
"Player stacks: #1 ""LingWae @ FQN9hzhzP_"" (1250) | #10 ""the pho king @ gpP9uUffpu"" (1750)",2026-08-28T01:25:44.167Z,178788034416701
"-- starting hand #31 (id: szkfpyakduko)  No Limit Texas Hold'em (dealer: ""LingWae @ FQN9hzhzP_"") --",2026-08-28T01:25:44.167Z,178788034416700
"""the pho king @ gpP9uUffpu"" shows a Q♦.",2026-08-28T01:25:39.717Z,178788033971700
"""LingWae @ FQN9hzhzP_"" shows a 6♣, A♣.",2026-08-28T01:25:38.993Z,178788033899300
"Undealt cards:  [10♦, A♥, J♣, 10♥, K♣]",2026-08-28T01:25:37.645Z,178788033764500
"-- ending hand #30 --",2026-08-28T01:25:36.862Z,178788033686202
"""LingWae @ FQN9hzhzP_"" collected 80 from pot",2026-08-28T01:25:36.862Z,178788033686201
"Uncalled bet of 1170 returned to ""LingWae @ FQN9hzhzP_""",2026-08-28T01:25:36.862Z,178788033686200
"""the pho king @ gpP9uUffpu"" folds",2026-08-28T01:25:36.026Z,178788033602600
"""LingWae @ FQN9hzhzP_"" raises to 1210 and go all in",2026-08-28T01:25:34.539Z,178788033453900
"""the pho king @ gpP9uUffpu"" raises to 40",2026-08-28T01:25:32.456Z,178788033245600
"""LingWae @ FQN9hzhzP_"" posts a big blind of 20",2026-08-28T01:25:31.258Z,178788033125805
"""the pho king @ gpP9uUffpu"" posts a small blind of 10",2026-08-28T01:25:31.258Z,178788033125804
"Player stacks: #1 ""LingWae @ FQN9hzhzP_"" (1210) | #10 ""the pho king @ gpP9uUffpu"" (1790)",2026-08-28T01:25:31.258Z,178788033125801
"-- starting hand #30 (id: ylce6pkiledl)  No Limit Texas Hold'em (dealer: ""the pho king @ gpP9uUffpu"") --",2026-08-28T01:25:31.258Z,178788033125800
"""LingWae @ FQN9hzhzP_"" shows a 9♠.",2026-08-28T01:25:27.669Z,178788032766900
"Undealt cards: 5♣, 9♦, 10♥ [9♥, J♥]",2026-08-28T01:25:25.754Z,178788032575400
"""LingWae @ FQN9hzhzP_"" shows a 4♥.",2026-08-28T01:25:25.261Z,178788032526100
"-- ending hand #29 --",2026-08-28T01:25:24.650Z,178788032465002
"""LingWae @ FQN9hzhzP_"" collected 40 from pot",2026-08-28T01:25:24.650Z,178788032465001
"Uncalled bet of 40 returned to ""LingWae @ FQN9hzhzP_""",2026-08-28T01:25:24.650Z,178788032465000
"""the pho king @ gpP9uUffpu"" folds",2026-08-28T01:25:23.829Z,178788032382900
"""LingWae @ FQN9hzhzP_"" bets 40",2026-08-28T01:25:22.184Z,178788032218400
"""the pho king @ gpP9uUffpu"" checks",2026-08-28T01:25:18.317Z,178788031831700
"Flop:  [5♣, 9♦, 10♥]",2026-08-28T01:25:17.048Z,178788031704800
"""the pho king @ gpP9uUffpu"" checks",2026-08-28T01:25:16.219Z,178788031621900
"""LingWae @ FQN9hzhzP_"" calls 20",2026-08-28T01:25:15.196Z,178788031519600
"""the pho king @ gpP9uUffpu"" posts a big blind of 20",2026-08-28T01:25:12.537Z,178788031253705
"""LingWae @ FQN9hzhzP_"" posts a small blind of 10",2026-08-28T01:25:12.537Z,178788031253704
"Player stacks: #1 ""LingWae @ FQN9hzhzP_"" (1190) | #10 ""the pho king @ gpP9uUffpu"" (1810)",2026-08-28T01:25:12.537Z,178788031253701
"-- starting hand #29 (id: p0morsuyy8h7)  No Limit Texas Hold'em (dealer: ""LingWae @ FQN9hzhzP_"") --",2026-08-28T01:25:12.537Z,178788031253700
"""LingWae @ FQN9hzhzP_"" shows a 8♠.",2026-08-28T01:25:10.103Z,178788031010300
"""LingWae @ FQN9hzhzP_"" shows a 7♦.",2026-08-28T01:25:07.587Z,178788030758700
"""the pho king @ gpP9uUffpu"" shows a 3♥, 2♦.",2026-08-28T01:25:06.441Z,178788030644100
"Undealt cards: 6♣, 7♥, K♣ [8♦, A♦]",2026-08-28T01:25:05.549Z,178788030554900
"-- ending hand #28 --",2026-08-28T01:25:05.222Z,178788030522202
"""LingWae @ FQN9hzhzP_"" collected 40 from pot",2026-08-28T01:25:05.222Z,178788030522201
"Uncalled bet of 30 returned to ""LingWae @ FQN9hzhzP_""",2026-08-28T01:25:05.222Z,178788030522200
"""the pho king @ gpP9uUffpu"" folds",2026-08-28T01:25:04.400Z,178788030440000
"""LingWae @ FQN9hzhzP_"" bets 30",2026-08-28T01:25:03.501Z,178788030350100
"Flop:  [6♣, 7♥, K♣]",2026-08-28T01:24:58.067Z,178788029806700
"""LingWae @ FQN9hzhzP_"" checks",2026-08-28T01:24:57.242Z,178788029724200
"""the pho king @ gpP9uUffpu"" calls 20",2026-08-28T01:24:54.252Z,178788029425200
"""LingWae @ FQN9hzhzP_"" posts a big blind of 20",2026-08-28T01:24:53.360Z,178788029336005
"""the pho king @ gpP9uUffpu"" posts a small blind of 10",2026-08-28T01:24:53.360Z,178788029336004
"Your hand is 3♥, 2♦",2026-08-28T01:24:53.360Z,178788029336003
"Player stacks: #1 ""LingWae @ FQN9hzhzP_"" (1170) | #10 ""the pho king @ gpP9uUffpu"" (1830)",2026-08-28T01:24:53.360Z,178788029336001
"-- starting hand #28 (id: vbotoluuukb7)  No Limit Texas Hold'em (dealer: ""the pho king @ gpP9uUffpu"") --",2026-08-28T01:24:53.360Z,178788029336000
"""LingWae @ FQN9hzhzP_"" shows a A♣.",2026-08-28T01:24:48.971Z,178788028897100
"Undealt cards: K♠, K♦, 8♣ [4♦, 7♥]",2026-08-28T01:24:47.120Z,178788028712000
"-- ending hand #27 --",2026-08-28T01:24:46.754Z,178788028675402
"""LingWae @ FQN9hzhzP_"" collected 40 from pot",2026-08-28T01:24:46.754Z,178788028675401
"Uncalled bet of 30 returned to ""LingWae @ FQN9hzhzP_""",2026-08-28T01:24:46.754Z,178788028675400
"""the pho king @ gpP9uUffpu"" folds",2026-08-28T01:24:45.926Z,178788028592600
"""LingWae @ FQN9hzhzP_"" bets 30",2026-08-28T01:24:44.885Z,178788028488500
"""the pho king @ gpP9uUffpu"" checks",2026-08-28T01:24:36.809Z,178788027680900
"Flop:  [K♠, K♦, 8♣]",2026-08-28T01:24:35.646Z,178788027564600
"""the pho king @ gpP9uUffpu"" checks",2026-08-28T01:24:34.807Z,178788027480700
"""LingWae @ FQN9hzhzP_"" calls 20",2026-08-28T01:24:30.605Z,178788027060500
"""the pho king @ gpP9uUffpu"" posts a big blind of 20",2026-08-28T01:24:27.434Z,178788026743405
"""LingWae @ FQN9hzhzP_"" posts a small blind of 10",2026-08-28T01:24:27.434Z,178788026743404
"Player stacks: #1 ""LingWae @ FQN9hzhzP_"" (1150) | #10 ""the pho king @ gpP9uUffpu"" (1850)",2026-08-28T01:24:27.434Z,178788026743401
"-- starting hand #27 (id: 2tuko7epdvku)  No Limit Texas Hold'em (dealer: ""LingWae @ FQN9hzhzP_"") --",2026-08-28T01:24:27.434Z,178788026743400
"""LingWae @ FQN9hzhzP_"" shows a 5♦.",2026-08-28T01:24:22.152Z,178788026215200
"Undealt cards: 5♣, 7♣, 5♥ [6♠, A♠]",2026-08-28T01:24:21.164Z,178788026116400
"-- ending hand #26 --",2026-08-28T01:24:20.771Z,178788026077102
"""LingWae @ FQN9hzhzP_"" collected 480 from pot",2026-08-28T01:24:20.771Z,178788026077101
"Uncalled bet of 670 returned to ""LingWae @ FQN9hzhzP_""",2026-08-28T01:24:20.771Z,178788026077100
"""the pho king @ gpP9uUffpu"" folds",2026-08-28T01:24:19.962Z,178788025996200
"""LingWae @ FQN9hzhzP_"" raises to 850 and go all in",2026-08-28T01:24:18.724Z,178788025872400
"""the pho king @ gpP9uUffpu"" raises to 180",2026-08-28T01:24:16.871Z,178788025687100
"""LingWae @ FQN9hzhzP_"" bets 60",2026-08-28T01:24:13.410Z,178788025341000
"Flop:  [5♣, 7♣, 5♥]",2026-08-28T01:24:09.335Z,178788024933500
"""the pho king @ gpP9uUffpu"" calls 60",2026-08-28T01:24:08.515Z,178788024851500
"""LingWae @ FQN9hzhzP_"" raises to 60",2026-08-28T01:24:06.484Z,178788024648400
"""the pho king @ gpP9uUffpu"" calls 20",2026-08-28T01:24:03.606Z,178788024360600
"""LingWae @ FQN9hzhzP_"" posts a big blind of 20",2026-08-28T01:24:02.443Z,178788024244305
"""the pho king @ gpP9uUffpu"" posts a small blind of 10",2026-08-28T01:24:02.443Z,178788024244304
"Player stacks: #1 ""LingWae @ FQN9hzhzP_"" (910) | #10 ""the pho king @ gpP9uUffpu"" (2090)",2026-08-28T01:24:02.443Z,178788024244301
"-- starting hand #26 (id: u8ri1obz2bhv)  No Limit Texas Hold'em (dealer: ""the pho king @ gpP9uUffpu"") --",2026-08-28T01:24:02.443Z,178788024244300
"-- ending hand #25 --",2026-08-28T01:23:56.375Z,178788023637503
"""LingWae @ FQN9hzhzP_"" collected 40 from pot with Pair, 5's (combination: 7♠, 9♠, J♦, 5♠, 5♦)",2026-08-28T01:23:56.375Z,178788023637502
"""LingWae @ FQN9hzhzP_"" shows a 2♦, J♦.",2026-08-28T01:23:56.375Z,178788023637501
"""the pho king @ gpP9uUffpu"" shows a 10♣, 2♣.",2026-08-28T01:23:56.375Z,178788023637500
"""LingWae @ FQN9hzhzP_"" checks",2026-08-28T01:23:55.530Z,178788023553000
"""the pho king @ gpP9uUffpu"" checks",2026-08-28T01:23:54.595Z,178788023459500
"River: 6♠, 5♠, 9♠, 5♦ [7♠]",2026-08-28T01:23:53.856Z,178788023385600
"""LingWae @ FQN9hzhzP_"" checks",2026-08-28T01:23:53.042Z,178788023304200
"""the pho king @ gpP9uUffpu"" checks",2026-08-28T01:23:51.746Z,178788023174600
"Turn: 6♠, 5♠, 9♠ [5♦]",2026-08-28T01:23:51.573Z,178788023157300
"""LingWae @ FQN9hzhzP_"" checks",2026-08-28T01:23:50.759Z,178788023075900
"""the pho king @ gpP9uUffpu"" checks",2026-08-28T01:23:49.544Z,178788022954400
"Flop:  [6♠, 5♠, 9♠]",2026-08-28T01:23:48.683Z,178788022868300
"""the pho king @ gpP9uUffpu"" checks",2026-08-28T01:23:47.872Z,178788022787200
"""LingWae @ FQN9hzhzP_"" calls 20",2026-08-28T01:23:46.909Z,178788022690900
"""the pho king @ gpP9uUffpu"" posts a big blind of 20",2026-08-28T01:23:43.274Z,178788022327405
"""LingWae @ FQN9hzhzP_"" posts a small blind of 10",2026-08-28T01:23:43.274Z,178788022327404
"Your hand is 10♣, 2♣",2026-08-28T01:23:43.274Z,178788022327403
"Player stacks: #1 ""LingWae @ FQN9hzhzP_"" (890) | #10 ""the pho king @ gpP9uUffpu"" (2110)",2026-08-28T01:23:43.274Z,178788022327401
"-- starting hand #25 (id: rjw3hpli1gd9)  No Limit Texas Hold'em (dealer: ""LingWae @ FQN9hzhzP_"") --",2026-08-28T01:23:43.274Z,178788022327400
"""LingWae @ FQN9hzhzP_"" shows a 7♥.",2026-08-28T01:23:40.165Z,178788022016500
"Undealt cards: 9♥, J♦, 6♥ [8♣, 4♠]",2026-08-28T01:23:36.980Z,178788021698000
"-- ending hand #24 --",2026-08-28T01:23:36.668Z,178788021666802
"""LingWae @ FQN9hzhzP_"" collected 100 from pot",2026-08-28T01:23:36.668Z,178788021666801
"Uncalled bet of 75 returned to ""LingWae @ FQN9hzhzP_""",2026-08-28T01:23:36.668Z,178788021666800
"""the pho king @ gpP9uUffpu"" folds",2026-08-28T01:23:35.843Z,178788021584300
"""LingWae @ FQN9hzhzP_"" bets 75",2026-08-28T01:23:34.111Z,178788021411100
"Flop:  [9♥, J♦, 6♥]",2026-08-28T01:23:28.806Z,178788020880600
"""the pho king @ gpP9uUffpu"" calls 50",2026-08-28T01:23:27.994Z,178788020799400
"""LingWae @ FQN9hzhzP_"" raises to 50",2026-08-28T01:23:26.815Z,178788020681500
"""the pho king @ gpP9uUffpu"" calls 20",2026-08-28T01:23:23.070Z,178788020307000
"""LingWae @ FQN9hzhzP_"" posts a big blind of 20",2026-08-28T01:23:22.158Z,178788020215805
"""the pho king @ gpP9uUffpu"" posts a small blind of 10",2026-08-28T01:23:22.158Z,178788020215804
"Player stacks: #1 ""LingWae @ FQN9hzhzP_"" (840) | #10 ""the pho king @ gpP9uUffpu"" (2160)",2026-08-28T01:23:22.158Z,178788020215801
"-- starting hand #24 (id: ddhzefvt5enj)  No Limit Texas Hold'em (dealer: ""the pho king @ gpP9uUffpu"") --",2026-08-28T01:23:22.158Z,178788020215800
"""LingWae @ FQN9hzhzP_"" shows a 7♥, J♦.",2026-08-28T01:23:16.075Z,178788019607500
"Undealt cards:  [5♠, 3♦, 3♥, 5♣, 8♣]",2026-08-28T01:23:15.768Z,178788019576800
"-- ending hand #23 --",2026-08-28T01:23:15.553Z,178788019555302
"""the pho king @ gpP9uUffpu"" collected 40 from pot",2026-08-28T01:23:15.553Z,178788019555301
"Uncalled bet of 40 returned to ""the pho king @ gpP9uUffpu""",2026-08-28T01:23:15.553Z,178788019555300
"""LingWae @ FQN9hzhzP_"" folds",2026-08-28T01:23:14.639Z,178788019463900
"""the pho king @ gpP9uUffpu"" raises to 60",2026-08-28T01:23:11.534Z,178788019153400
"""LingWae @ FQN9hzhzP_"" calls 20",2026-08-28T01:23:08.422Z,178788018842200
"""the pho king @ gpP9uUffpu"" posts a big blind of 20",2026-08-28T01:23:06.413Z,178788018641305
"""LingWae @ FQN9hzhzP_"" posts a small blind of 10",2026-08-28T01:23:06.413Z,178788018641304
"Player stacks: #1 ""LingWae @ FQN9hzhzP_"" (860) | #10 ""the pho king @ gpP9uUffpu"" (2140)",2026-08-28T01:23:06.413Z,178788018641301
"-- starting hand #23 (id: essb4hnzm9v5)  No Limit Texas Hold'em (dealer: ""LingWae @ FQN9hzhzP_"") --",2026-08-28T01:23:06.413Z,178788018641300
"""LingWae @ FQN9hzhzP_"" shows a A♦, 5♦.",2026-08-28T01:23:04.331Z,178788018433100
"-- ending hand #22 --",2026-08-28T01:22:59.905Z,178788017990502
"""the pho king @ gpP9uUffpu"" collected 280 from pot with Two Pair, 5's & 4's (combination: J♦, 4♥, 4♦, 5♠, 5♥)",2026-08-28T01:22:59.905Z,178788017990501
"""the pho king @ gpP9uUffpu"" shows a 4♥, 5♠.",2026-08-28T01:22:59.905Z,178788017990500
"""LingWae @ FQN9hzhzP_"" calls 70",2026-08-28T01:22:59.046Z,178788017904600
"""the pho king @ gpP9uUffpu"" bets 70",2026-08-28T01:22:56.774Z,178788017677400
"""LingWae @ FQN9hzhzP_"" checks",2026-08-28T01:22:54.435Z,178788017443500
"River: 5♥, 9♥, J♦, 10♣ [4♦]",2026-08-28T01:22:49.701Z,178788016970100
"""the pho king @ gpP9uUffpu"" calls 20",2026-08-28T01:22:48.894Z,178788016889400
"""LingWae @ FQN9hzhzP_"" bets 20",2026-08-28T01:22:47.805Z,178788016780500
"Turn: 5♥, 9♥, J♦ [10♣]",2026-08-28T01:22:45.682Z,178788016568200
"""the pho king @ gpP9uUffpu"" checks",2026-08-28T01:22:44.856Z,178788016485600
"""LingWae @ FQN9hzhzP_"" checks",2026-08-28T01:22:43.939Z,178788016393900
"Flop:  [5♥, 9♥, J♦]",2026-08-28T01:22:41.153Z,178788016115300
"""the pho king @ gpP9uUffpu"" calls 50",2026-08-28T01:22:40.344Z,178788016034400
"""LingWae @ FQN9hzhzP_"" raises to 50",2026-08-28T01:22:39.190Z,178788015919000
"""the pho king @ gpP9uUffpu"" calls 20",2026-08-28T01:22:35.100Z,178788015510000
"""LingWae @ FQN9hzhzP_"" posts a big blind of 20",2026-08-28T01:22:31.556Z,178788015155607
"""the pho king @ gpP9uUffpu"" posts a small blind of 10",2026-08-28T01:22:31.556Z,178788015155606
"Your hand is 4♥, 5♠",2026-08-28T01:22:31.556Z,178788015155605
"Player stacks: #1 ""LingWae @ FQN9hzhzP_"" (1000) | #10 ""the pho king @ gpP9uUffpu"" (2000)",2026-08-28T01:22:31.556Z,178788015155603
"-- starting hand #22 (id: xyxxt96te2my)  No Limit Texas Hold'em (dealer: ""the pho king @ gpP9uUffpu"") --",2026-08-28T01:22:31.556Z,178788015155602
"The player ""LingWae @ FQN9hzhzP_"" rebought. New stack 1000.",2026-08-28T01:22:31.556Z,178788015155601
"The player ""LingWae @ FQN9hzhzP_"" requested a rebuy of 1000.",2026-08-28T01:22:31.556Z,178788015155600
"Asking to busted players the rebuy decision.",2026-08-28T01:22:27.271Z,178788014727100
"-- ending hand #21 --",2026-08-28T01:22:21.255Z,178788014125501
"""the pho king @ gpP9uUffpu"" collected 566 from pot with Straight, J High (combination: 7♠, 8♦, 9♥, 10♠, J♣)",2026-08-28T01:22:21.255Z,178788014125500
"River: 8♦, J♣, 10♠, A♣ [A♠]",2026-08-28T01:22:17.245Z,178788013724500
"Turn: 8♦, J♣, 10♠ [A♣]",2026-08-28T01:22:13.166Z,178788013316600
"""LingWae @ FQN9hzhzP_"" shows a 9♠, 10♦.",2026-08-28T01:22:09.131Z,178788012913100
"""the pho king @ gpP9uUffpu"" shows a 7♠, 9♥.",2026-08-28T01:22:08.838Z,178788012883800
"Some players choose to not run it twice.",2026-08-28T01:22:08.264Z,178788012826401
"""LingWae @ FQN9hzhzP_"" chooses to not run it twice.",2026-08-28T01:22:08.264Z,178788012826400
"""the pho king @ gpP9uUffpu"" chooses to  run it twice.",2026-08-28T01:22:07.332Z,178788012733200
"Remaining players decide whether to run it twice.",2026-08-28T01:22:06.686Z,178788012668601
"""the pho king @ gpP9uUffpu"" calls 263",2026-08-28T01:22:06.686Z,178788012668600
"""LingWae @ FQN9hzhzP_"" raises to 263 and go all in",2026-08-28T01:22:05.782Z,178788012578200
"""the pho king @ gpP9uUffpu"" raises to 120",2026-08-28T01:22:02.488Z,178788012248800
"""LingWae @ FQN9hzhzP_"" bets 40",2026-08-28T01:21:59.717Z,178788011971700
"""the pho king @ gpP9uUffpu"" checks",2026-08-28T01:21:54.965Z,178788011496500
"Flop:  [8♦, J♣, 10♠]",2026-08-28T01:21:52.788Z,178788011278800
"""the pho king @ gpP9uUffpu"" checks",2026-08-28T01:21:51.965Z,178788011196500
"""LingWae @ FQN9hzhzP_"" calls 20",2026-08-28T01:21:51.041Z,178788011104100
"""the pho king @ gpP9uUffpu"" posts a big blind of 20",2026-08-28T01:21:46.747Z,178788010674705
"""LingWae @ FQN9hzhzP_"" posts a small blind of 10",2026-08-28T01:21:46.747Z,178788010674704
"Your hand is 7♠, 9♥",2026-08-28T01:21:46.747Z,178788010674703
"Player stacks: #1 ""LingWae @ FQN9hzhzP_"" (283) | #10 ""the pho king @ gpP9uUffpu"" (1717)",2026-08-28T01:21:46.747Z,178788010674701
"-- starting hand #21 (id: vf5kijr0jhhe)  No Limit Texas Hold'em (dealer: ""LingWae @ FQN9hzhzP_"") --",2026-08-28T01:21:46.747Z,178788010674700
"""LingWae @ FQN9hzhzP_"" shows a K♥, J♥.",2026-08-28T01:21:41.944Z,178788010194400
"""the pho king @ gpP9uUffpu"" shows a 8♦, 7♠.",2026-08-28T01:21:40.526Z,178788010052600
"Undealt cards:  [3♠, 4♥, 10♦, K♦, 5♦]",2026-08-28T01:21:39.710Z,178788009971000
"-- ending hand #20 --",2026-08-28T01:21:39.443Z,178788009944302
"""LingWae @ FQN9hzhzP_"" collected 40 from pot",2026-08-28T01:21:39.443Z,178788009944301
"Uncalled bet of 243 returned to ""LingWae @ FQN9hzhzP_""",2026-08-28T01:21:39.443Z,178788009944300
"""the pho king @ gpP9uUffpu"" folds",2026-08-28T01:21:38.587Z,178788009858700
"""LingWae @ FQN9hzhzP_"" raises to 263 and go all in",2026-08-28T01:21:36.063Z,178788009606300
"""the pho king @ gpP9uUffpu"" calls 20",2026-08-28T01:21:33.922Z,178788009392200
"""LingWae @ FQN9hzhzP_"" posts a big blind of 20",2026-08-28T01:21:32.673Z,178788009267305
"""the pho king @ gpP9uUffpu"" posts a small blind of 10",2026-08-28T01:21:32.673Z,178788009267304
"Your hand is 8♦, 7♠",2026-08-28T01:21:32.673Z,178788009267303
"Player stacks: #1 ""LingWae @ FQN9hzhzP_"" (263) | #10 ""the pho king @ gpP9uUffpu"" (1737)",2026-08-28T01:21:32.673Z,178788009267301
"-- starting hand #20 (id: ybqx8uul1a9v)  No Limit Texas Hold'em (dealer: ""the pho king @ gpP9uUffpu"") --",2026-08-28T01:21:32.673Z,178788009267300
"""LingWae @ FQN9hzhzP_"" shows a 6♣.",2026-08-28T01:21:29.446Z,178788008944600
"-- ending hand #19 --",2026-08-28T01:21:26.164Z,178788008616402
"""the pho king @ gpP9uUffpu"" collected 920 from pot with Pair, K's (combination: 6♠, 9♠, Q♥, K♣, K♥)",2026-08-28T01:21:26.164Z,178788008616401
"""the pho king @ gpP9uUffpu"" shows a Q♥, K♣.",2026-08-28T01:21:26.164Z,178788008616400
"""LingWae @ FQN9hzhzP_"" calls 210",2026-08-28T01:21:25.343Z,178788008534300
"""the pho king @ gpP9uUffpu"" bets 210",2026-08-28T01:21:23.191Z,178788008319100
"River: 3♠, 6♠, K♥, 9♠ [2♦]",2026-08-28T01:21:19.158Z,178788007915800
"""the pho king @ gpP9uUffpu"" calls 190",2026-08-28T01:21:18.344Z,178788007834400
"""LingWae @ FQN9hzhzP_"" raises to 190",2026-08-28T01:21:16.617Z,178788007661700
"""the pho king @ gpP9uUffpu"" bets 40",2026-08-28T01:21:12.720Z,178788007272000
"Turn: 3♠, 6♠, K♥ [9♠]",2026-08-28T01:21:10.292Z,178788007029200
"""LingWae @ FQN9hzhzP_"" checks",2026-08-28T01:21:09.457Z,178788006945700
"""the pho king @ gpP9uUffpu"" checks",2026-08-28T01:21:08.223Z,178788006822300
"Flop:  [3♠, 6♠, K♥]",2026-08-28T01:21:06.851Z,178788006685100
"""the pho king @ gpP9uUffpu"" calls 60",2026-08-28T01:21:06.039Z,178788006603900
"""LingWae @ FQN9hzhzP_"" raises to 60",2026-08-28T01:21:04.918Z,178788006491800
"""the pho king @ gpP9uUffpu"" posts a big blind of 20",2026-08-28T01:21:00.883Z,178788006088305
"""LingWae @ FQN9hzhzP_"" posts a small blind of 10",2026-08-28T01:21:00.883Z,178788006088304
"Your hand is Q♥, K♣",2026-08-28T01:21:00.883Z,178788006088303
"Player stacks: #1 ""LingWae @ FQN9hzhzP_"" (723) | #10 ""the pho king @ gpP9uUffpu"" (1277)",2026-08-28T01:21:00.883Z,178788006088301
"-- starting hand #19 (id: ik6a0rujrfvn)  No Limit Texas Hold'em (dealer: ""LingWae @ FQN9hzhzP_"") --",2026-08-28T01:21:00.883Z,178788006088300
"-- ending hand #18 --",2026-08-28T01:20:54.862Z,178788005486203
"""the pho king @ gpP9uUffpu"" collected 240 from pot with Two Pair, 10's & 4's (combination: J♣, 4♣, 4♥, 10♦, 10♥)",2026-08-28T01:20:54.862Z,178788005486202
"""the pho king @ gpP9uUffpu"" shows a 4♣, 4♥.",2026-08-28T01:20:54.862Z,178788005486201
"""LingWae @ FQN9hzhzP_"" shows a 7♠, Q♠.",2026-08-28T01:20:54.862Z,178788005486200
"""the pho king @ gpP9uUffpu"" calls 60",2026-08-28T01:20:54.047Z,178788005404700
"""LingWae @ FQN9hzhzP_"" bets 60",2026-08-28T01:20:53.122Z,178788005312200
"River: 3♣, 2♠, 10♦, J♣ [10♥]",2026-08-28T01:20:48.492Z,178788004849200
"""the pho king @ gpP9uUffpu"" checks",2026-08-28T01:20:47.660Z,178788004766000
"""LingWae @ FQN9hzhzP_"" checks",2026-08-28T01:20:46.712Z,178788004671200
"Turn: 3♣, 2♠, 10♦ [J♣]",2026-08-28T01:20:43.207Z,178788004320700
"""the pho king @ gpP9uUffpu"" calls 20",2026-08-28T01:20:42.371Z,178788004237100
"""LingWae @ FQN9hzhzP_"" bets 20",2026-08-28T01:20:41.180Z,178788004118000
"Flop:  [3♣, 2♠, 10♦]",2026-08-28T01:20:37.005Z,178788003700500
"""the pho king @ gpP9uUffpu"" calls 40",2026-08-28T01:20:36.176Z,178788003617600
"""LingWae @ FQN9hzhzP_"" raises to 40",2026-08-28T01:20:35.251Z,178788003525100
"""the pho king @ gpP9uUffpu"" calls 20",2026-08-28T01:20:31.822Z,178788003182200
"""LingWae @ FQN9hzhzP_"" posts a big blind of 20",2026-08-28T01:20:30.682Z,178788003068205
"""the pho king @ gpP9uUffpu"" posts a small blind of 10",2026-08-28T01:20:30.682Z,178788003068204
"Your hand is 4♣, 4♥",2026-08-28T01:20:30.682Z,178788003068203
"Player stacks: #1 ""LingWae @ FQN9hzhzP_"" (843) | #10 ""the pho king @ gpP9uUffpu"" (1157)",2026-08-28T01:20:30.682Z,178788003068201
"-- starting hand #18 (id: hne2skq2jdyp)  No Limit Texas Hold'em (dealer: ""the pho king @ gpP9uUffpu"") --",2026-08-28T01:20:30.682Z,178788003068200
"""the pho king @ gpP9uUffpu"" shows a 4♠.",2026-08-28T01:20:27.282Z,178788002728200
"Undealt cards: 2♣, 7♠, 6♥, Q♠ [10♠]",2026-08-28T01:20:24.446Z,178788002444600
"-- ending hand #17 --",2026-08-28T01:20:24.077Z,178788002407702
"""LingWae @ FQN9hzhzP_"" collected 120 from pot",2026-08-28T01:20:24.077Z,178788002407701
"Uncalled bet of 60 returned to ""LingWae @ FQN9hzhzP_""",2026-08-28T01:20:24.077Z,178788002407700
"""the pho king @ gpP9uUffpu"" folds",2026-08-28T01:20:23.261Z,178788002326100
"""LingWae @ FQN9hzhzP_"" bets 60",2026-08-28T01:20:21.903Z,178788002190300
"""the pho king @ gpP9uUffpu"" checks",2026-08-28T01:20:19.263Z,178788001926300
"Turn: 2♣, 7♠, 6♥ [Q♠]",2026-08-28T01:20:17.390Z,178788001739000
"""the pho king @ gpP9uUffpu"" calls 40",2026-08-28T01:20:16.534Z,178788001653400
"""LingWae @ FQN9hzhzP_"" raises to 40",2026-08-28T01:20:14.733Z,178788001473300
"""the pho king @ gpP9uUffpu"" bets 20",2026-08-28T01:20:11.713Z,178788001171300
"Flop:  [2♣, 7♠, 6♥]",2026-08-28T01:20:08.243Z,178788000824300
"""the pho king @ gpP9uUffpu"" checks",2026-08-28T01:20:07.426Z,178788000742600
"""LingWae @ FQN9hzhzP_"" calls 20",2026-08-28T01:20:05.279Z,178788000527900
"""the pho king @ gpP9uUffpu"" posts a big blind of 20",2026-08-28T01:20:03.122Z,178788000312205
"""LingWae @ FQN9hzhzP_"" posts a small blind of 10",2026-08-28T01:20:03.122Z,178788000312204
"Player stacks: #1 ""LingWae @ FQN9hzhzP_"" (783) | #10 ""the pho king @ gpP9uUffpu"" (1217)",2026-08-28T01:20:03.122Z,178788000312201
"-- starting hand #17 (id: qupbxim6hvuy)  No Limit Texas Hold'em (dealer: ""LingWae @ FQN9hzhzP_"") --",2026-08-28T01:20:03.122Z,178788000312200
"-- ending hand #16 --",2026-08-28T01:19:57.081Z,178787999708103
"""the pho king @ gpP9uUffpu"" collected 494 from pot with Pair, 9's (combination: 10♥, J♦, Q♠, 9♥, 9♣)",2026-08-28T01:19:57.081Z,178787999708102
"""the pho king @ gpP9uUffpu"" shows a 10♥, 9♥.",2026-08-28T01:19:57.081Z,178787999708101
"""LingWae @ FQN9hzhzP_"" shows a K♣, 2♣.",2026-08-28T01:19:57.081Z,178787999708100
"""the pho king @ gpP9uUffpu"" checks",2026-08-28T01:19:56.256Z,178787999625600
"""LingWae @ FQN9hzhzP_"" checks",2026-08-28T01:19:55.303Z,178787999530300
"River: 9♣, Q♠, 3♦, J♦ [5♥]",2026-08-28T01:19:52.188Z,178787999218800
"""the pho king @ gpP9uUffpu"" calls 67",2026-08-28T01:19:51.370Z,178787999137000
"""LingWae @ FQN9hzhzP_"" bets 67",2026-08-28T01:19:49.972Z,178787998997200
"Turn: 9♣, Q♠, 3♦ [J♦]",2026-08-28T01:19:35.605Z,178787997560500
"""the pho king @ gpP9uUffpu"" checks",2026-08-28T01:19:34.798Z,178787997479800
"""LingWae @ FQN9hzhzP_"" checks",2026-08-28T01:19:33.828Z,178787997382800
"Flop:  [9♣, Q♠, 3♦]",2026-08-28T01:19:30.803Z,178787997080300
"""the pho king @ gpP9uUffpu"" calls 180",2026-08-28T01:19:29.954Z,178787996995400
"""LingWae @ FQN9hzhzP_"" raises to 180",2026-08-28T01:19:28.353Z,178787996835300
"""the pho king @ gpP9uUffpu"" raises to 60",2026-08-28T01:19:25.493Z,178787996549300
"""LingWae @ FQN9hzhzP_"" posts a big blind of 20",2026-08-28T01:19:23.889Z,178787996388905
"""the pho king @ gpP9uUffpu"" posts a small blind of 10",2026-08-28T01:19:23.889Z,178787996388904
"Your hand is 10♥, 9♥",2026-08-28T01:19:23.889Z,178787996388903
"Player stacks: #1 ""LingWae @ FQN9hzhzP_"" (1030) | #10 ""the pho king @ gpP9uUffpu"" (970)",2026-08-28T01:19:23.889Z,178787996388901
"-- starting hand #16 (id: 8gj7ukcc1wtn)  No Limit Texas Hold'em (dealer: ""the pho king @ gpP9uUffpu"") --",2026-08-28T01:19:23.889Z,178787996388900
"""LingWae @ FQN9hzhzP_"" shows a 7♥, 5♥.",2026-08-28T01:19:18.756Z,178787995875600
"Undealt cards: 6♠, 9♦, 2♣, Q♠ [A♠]",2026-08-28T01:19:17.416Z,178787995741600
"-- ending hand #15 --",2026-08-28T01:19:17.199Z,178787995719902
"""the pho king @ gpP9uUffpu"" collected 100 from pot",2026-08-28T01:19:17.199Z,178787995719901
"Uncalled bet of 40 returned to ""the pho king @ gpP9uUffpu""",2026-08-28T01:19:17.199Z,178787995719900
"""LingWae @ FQN9hzhzP_"" folds",2026-08-28T01:19:16.394Z,178787995639400
"""the pho king @ gpP9uUffpu"" bets 40",2026-08-28T01:19:15.060Z,178787995506000
"Turn: 6♠, 9♦, 2♣ [Q♠]",2026-08-28T01:19:12.917Z,178787995291700
"""LingWae @ FQN9hzhzP_"" checks",2026-08-28T01:19:12.097Z,178787995209700
"""the pho king @ gpP9uUffpu"" checks",2026-08-28T01:19:11.153Z,178787995115300
"Flop:  [6♠, 9♦, 2♣]",2026-08-28T01:19:09.737Z,178787994973700
"""the pho king @ gpP9uUffpu"" calls 50",2026-08-28T01:19:08.917Z,178787994891700
"""LingWae @ FQN9hzhzP_"" raises to 50",2026-08-28T01:19:07.966Z,178787994796600
"""the pho king @ gpP9uUffpu"" posts a big blind of 20",2026-08-28T01:19:04.674Z,178787994467405
"""LingWae @ FQN9hzhzP_"" posts a small blind of 10",2026-08-28T01:19:04.674Z,178787994467404
"Player stacks: #1 ""LingWae @ FQN9hzhzP_"" (1080) | #10 ""the pho king @ gpP9uUffpu"" (920)",2026-08-28T01:19:04.674Z,178787994467401
"-- starting hand #15 (id: vvogpgrmk0hq)  No Limit Texas Hold'em (dealer: ""LingWae @ FQN9hzhzP_"") --",2026-08-28T01:19:04.674Z,178787994467400
"""LingWae @ FQN9hzhzP_"" shows a A♣, Q♠.",2026-08-28T01:18:59.820Z,178787993982000
"Undealt cards:  [6♥, 9♥, J♠, 4♥, Q♣]",2026-08-28T01:18:59.787Z,178787993978700
"-- ending hand #14 --",2026-08-28T01:18:58.059Z,178787993805902
"""LingWae @ FQN9hzhzP_"" collected 20 from pot",2026-08-28T01:18:58.059Z,178787993805901
"Uncalled bet of 10 returned to ""LingWae @ FQN9hzhzP_""",2026-08-28T01:18:58.059Z,178787993805900
"""the pho king @ gpP9uUffpu"" folds",2026-08-28T01:18:57.225Z,178787993722500
"""LingWae @ FQN9hzhzP_"" posts a big blind of 20",2026-08-28T01:18:55.178Z,178787993517805
"""the pho king @ gpP9uUffpu"" posts a small blind of 10",2026-08-28T01:18:55.178Z,178787993517804
"Player stacks: #1 ""LingWae @ FQN9hzhzP_"" (1070) | #10 ""the pho king @ gpP9uUffpu"" (930)",2026-08-28T01:18:55.178Z,178787993517801
"-- starting hand #14 (id: 3crr2hdmjy37)  No Limit Texas Hold'em (dealer: ""the pho king @ gpP9uUffpu"") --",2026-08-28T01:18:55.178Z,178787993517800
"-- ending hand #13 --",2026-08-28T01:18:49.170Z,178787992917003
"""LingWae @ FQN9hzhzP_"" collected 80 from pot with Two Pair, 10's & 6's (combination: K♠, 6♣, 6♠, 10♣, 10♦)",2026-08-28T01:18:49.170Z,178787992917002
"""LingWae @ FQN9hzhzP_"" shows a 6♣, K♠.",2026-08-28T01:18:49.170Z,178787992917001
"""the pho king @ gpP9uUffpu"" shows a 7♣, K♣.",2026-08-28T01:18:49.170Z,178787992917000
"""LingWae @ FQN9hzhzP_"" checks",2026-08-28T01:18:48.343Z,178787992834300
"""the pho king @ gpP9uUffpu"" checks",2026-08-28T01:18:47.369Z,178787992736900
"River: 10♣, 4♠, 6♠, Q♠ [10♦]",2026-08-28T01:18:45.575Z,178787992557500
"""LingWae @ FQN9hzhzP_"" checks",2026-08-28T01:18:44.759Z,178787992475900
"""the pho king @ gpP9uUffpu"" checks",2026-08-28T01:18:43.569Z,178787992356900
"Turn: 10♣, 4♠, 6♠ [Q♠]",2026-08-28T01:18:42.769Z,178787992276900
"""LingWae @ FQN9hzhzP_"" checks",2026-08-28T01:18:41.954Z,178787992195400
"""the pho king @ gpP9uUffpu"" checks",2026-08-28T01:18:40.827Z,178787992082700
"Flop:  [10♣, 4♠, 6♠]",2026-08-28T01:18:39.161Z,178787991916100
"""the pho king @ gpP9uUffpu"" calls 40",2026-08-28T01:18:38.283Z,178787991828300
"""LingWae @ FQN9hzhzP_"" raises to 40",2026-08-28T01:18:36.752Z,178787991675200
"""the pho king @ gpP9uUffpu"" posts a big blind of 20",2026-08-28T01:18:33.958Z,178787991395805
"""LingWae @ FQN9hzhzP_"" posts a small blind of 10",2026-08-28T01:18:33.958Z,178787991395804
"Your hand is 7♣, K♣",2026-08-28T01:18:33.958Z,178787991395803
"Player stacks: #1 ""LingWae @ FQN9hzhzP_"" (1030) | #10 ""the pho king @ gpP9uUffpu"" (970)",2026-08-28T01:18:33.958Z,178787991395801
"-- starting hand #13 (id: tekfhwlltgtm)  No Limit Texas Hold'em (dealer: ""LingWae @ FQN9hzhzP_"") --",2026-08-28T01:18:33.958Z,178787991395800
"-- ending hand #12 --",2026-08-28T01:18:27.949Z,178787990794903
"""the pho king @ gpP9uUffpu"" collected 160 from pot with Pair, 6's (combination: 7♥, 8♦, 10♣, 6♣, 6♦)",2026-08-28T01:18:27.949Z,178787990794902
"""the pho king @ gpP9uUffpu"" shows a 6♣, 8♦.",2026-08-28T01:18:27.949Z,178787990794901
"""LingWae @ FQN9hzhzP_"" shows a 9♦, J♦.",2026-08-28T01:18:27.949Z,178787990794900
"""the pho king @ gpP9uUffpu"" calls 20",2026-08-28T01:18:27.089Z,178787990708900
"""LingWae @ FQN9hzhzP_"" bets 20",2026-08-28T01:18:26.129Z,178787990612900
"River: 10♣, 7♥, 4♠, 6♦ [2♥]",2026-08-28T01:18:23.231Z,178787990323100
"""the pho king @ gpP9uUffpu"" checks",2026-08-28T01:18:22.422Z,178787990242200
"""LingWae @ FQN9hzhzP_"" checks",2026-08-28T01:18:21.495Z,178787990149500
"Turn: 10♣, 7♥, 4♠ [6♦]",2026-08-28T01:18:13.908Z,178787989390800
"""LingWae @ FQN9hzhzP_"" calls 20",2026-08-28T01:18:13.008Z,178787989300800
"""the pho king @ gpP9uUffpu"" bets 20",2026-08-28T01:18:11.377Z,178787989137700
"""LingWae @ FQN9hzhzP_"" checks",2026-08-28T01:18:09.254Z,178787988925400
"Flop:  [10♣, 7♥, 4♠]",2026-08-28T01:18:06.507Z,178787988650700
"""the pho king @ gpP9uUffpu"" calls 40",2026-08-28T01:18:05.647Z,178787988564700
"""LingWae @ FQN9hzhzP_"" raises to 40",2026-08-28T01:18:02.726Z,178787988272600
"""the pho king @ gpP9uUffpu"" calls 20",2026-08-28T01:17:58.964Z,178787987896400
"""LingWae @ FQN9hzhzP_"" posts a big blind of 20",2026-08-28T01:17:57.108Z,178787987710805
"""the pho king @ gpP9uUffpu"" posts a small blind of 10",2026-08-28T01:17:57.108Z,178787987710804
"Your hand is 6♣, 8♦",2026-08-28T01:17:57.108Z,178787987710803
"Player stacks: #1 ""LingWae @ FQN9hzhzP_"" (1110) | #10 ""the pho king @ gpP9uUffpu"" (890)",2026-08-28T01:17:57.108Z,178787987710801
"-- starting hand #12 (id: wwnlxvv3cvwa)  No Limit Texas Hold'em (dealer: ""the pho king @ gpP9uUffpu"") --",2026-08-28T01:17:57.108Z,178787987710800
"""LingWae @ FQN9hzhzP_"" shows a 6♦, 9♥.",2026-08-28T01:17:54.477Z,178787987447700
"-- ending hand #11 --",2026-08-28T01:17:53.488Z,178787987348802
"""the pho king @ gpP9uUffpu"" collected 160 from pot",2026-08-28T01:17:53.488Z,178787987348801
"Uncalled bet of 140 returned to ""the pho king @ gpP9uUffpu""",2026-08-28T01:17:53.488Z,178787987348800
"""LingWae @ FQN9hzhzP_"" folds",2026-08-28T01:17:52.644Z,178787987264400
"""the pho king @ gpP9uUffpu"" bets 140",2026-08-28T01:17:51.551Z,178787987155100
"River: Q♥, 5♠, 7♦, 7♠ [5♥]",2026-08-28T01:17:45.175Z,178787986517500
"""LingWae @ FQN9hzhzP_"" calls 60",2026-08-28T01:17:44.348Z,178787986434800
"""the pho king @ gpP9uUffpu"" raises to 60",2026-08-28T01:17:42.248Z,178787986224800
"""LingWae @ FQN9hzhzP_"" bets 20",2026-08-28T01:17:38.831Z,178787985883100
"""the pho king @ gpP9uUffpu"" checks",2026-08-28T01:17:36.844Z,178787985684400
"Turn: Q♥, 5♠, 7♦ [7♠]",2026-08-28T01:17:35.080Z,178787985508000
"""LingWae @ FQN9hzhzP_"" checks",2026-08-28T01:17:34.167Z,178787985416700
"""the pho king @ gpP9uUffpu"" checks",2026-08-28T01:17:32.070Z,178787985207000
"Flop:  [Q♥, 5♠, 7♦]",2026-08-28T01:17:30.470Z,178787985047000
"""the pho king @ gpP9uUffpu"" checks",2026-08-28T01:17:29.589Z,178787984958900
"""LingWae @ FQN9hzhzP_"" calls 20",2026-08-28T01:17:28.693Z,178787984869300
"""the pho king @ gpP9uUffpu"" posts a big blind of 20",2026-08-28T01:17:24.265Z,178787984426505
"""LingWae @ FQN9hzhzP_"" posts a small blind of 10",2026-08-28T01:17:24.265Z,178787984426504
"Player stacks: #1 ""LingWae @ FQN9hzhzP_"" (1190) | #10 ""the pho king @ gpP9uUffpu"" (810)",2026-08-28T01:17:24.265Z,178787984426501
"-- starting hand #11 (id: ung42npjzws3)  No Limit Texas Hold'em (dealer: ""LingWae @ FQN9hzhzP_"") --",2026-08-28T01:17:24.265Z,178787984426500
"-- ending hand #10 --",2026-08-28T01:17:18.260Z,178787983826003
"""LingWae @ FQN9hzhzP_"" collected 200 from pot with Flush, Q High (combination: 5♠, 6♠, 8♠, J♠, Q♠)",2026-08-28T01:17:18.260Z,178787983826002
"""LingWae @ FQN9hzhzP_"" shows a 6♥, 5♠.",2026-08-28T01:17:18.260Z,178787983826001
"""the pho king @ gpP9uUffpu"" shows a 3♥, 2♣.",2026-08-28T01:17:18.260Z,178787983826000
"""LingWae @ FQN9hzhzP_"" calls 80",2026-08-28T01:17:17.412Z,178787983741200
"""the pho king @ gpP9uUffpu"" raises to 80",2026-08-28T01:17:16.244Z,178787983624400
"""LingWae @ FQN9hzhzP_"" bets 20",2026-08-28T01:17:13.586Z,178787983358600
"River: 8♦, 6♠, J♠, 8♠ [Q♠]",2026-08-28T01:17:08.489Z,178787982848900
"""the pho king @ gpP9uUffpu"" checks",2026-08-28T01:17:07.680Z,178787982768000
"""LingWae @ FQN9hzhzP_"" checks",2026-08-28T01:17:06.545Z,178787982654500
"Turn: 8♦, 6♠, J♠ [8♠]",2026-08-28T01:17:03.461Z,178787982346100
"""the pho king @ gpP9uUffpu"" checks",2026-08-28T01:17:02.598Z,178787982259800
"""LingWae @ FQN9hzhzP_"" checks",2026-08-28T01:17:01.378Z,178787982137800
"Flop:  [8♦, 6♠, J♠]",2026-08-28T01:16:57.979Z,178787981797900
"""LingWae @ FQN9hzhzP_"" checks",2026-08-28T01:16:57.166Z,178787981716600
"""the pho king @ gpP9uUffpu"" calls 20",2026-08-28T01:16:54.677Z,178787981467700
"""LingWae @ FQN9hzhzP_"" posts a big blind of 20",2026-08-28T01:16:53.371Z,178787981337105
"""the pho king @ gpP9uUffpu"" posts a small blind of 10",2026-08-28T01:16:53.371Z,178787981337104
"Your hand is 3♥, 2♣",2026-08-28T01:16:53.371Z,178787981337103
"Player stacks: #1 ""LingWae @ FQN9hzhzP_"" (1090) | #10 ""the pho king @ gpP9uUffpu"" (910)",2026-08-28T01:16:53.371Z,178787981337101
"-- starting hand #10 (id: esj8jdopxjzk)  No Limit Texas Hold'em (dealer: ""the pho king @ gpP9uUffpu"") --",2026-08-28T01:16:53.371Z,178787981337100
"""LingWae @ FQN9hzhzP_"" shows a 3♦, Q♦.",2026-08-28T01:16:50.857Z,178787981085700
"-- ending hand #9 --",2026-08-28T01:16:49.734Z,178787980973402
"""LingWae @ FQN9hzhzP_"" collected 100 from pot",2026-08-28T01:16:49.734Z,178787980973401
"Uncalled bet of 100 returned to ""LingWae @ FQN9hzhzP_""",2026-08-28T01:16:49.734Z,178787980973400
"""the pho king @ gpP9uUffpu"" folds",2026-08-28T01:16:48.913Z,178787980891300
"""LingWae @ FQN9hzhzP_"" bets 100",2026-08-28T01:16:42.018Z,178787980201800
"""the pho king @ gpP9uUffpu"" checks",2026-08-28T01:16:39.113Z,178787979911300
"River: K♠, 4♣, Q♥, 2♠ [3♠]",2026-08-28T01:16:36.959Z,178787979695900
"""LingWae @ FQN9hzhzP_"" checks",2026-08-28T01:16:36.136Z,178787979613600
"""the pho king @ gpP9uUffpu"" checks",2026-08-28T01:16:34.480Z,178787979448000
"Turn: K♠, 4♣, Q♥ [2♠]",2026-08-28T01:16:33.559Z,178787979355900
"""the pho king @ gpP9uUffpu"" calls 30",2026-08-28T01:16:32.723Z,178787979272300
"""LingWae @ FQN9hzhzP_"" bets 30",2026-08-28T01:16:31.713Z,178787979171300
"""the pho king @ gpP9uUffpu"" checks",2026-08-28T01:16:27.831Z,178787978783100
"Flop:  [K♠, 4♣, Q♥]",2026-08-28T01:16:26.711Z,178787978671100
"""the pho king @ gpP9uUffpu"" checks",2026-08-28T01:16:25.866Z,178787978586600
"""LingWae @ FQN9hzhzP_"" calls 20",2026-08-28T01:16:24.484Z,178787978448400
"""the pho king @ gpP9uUffpu"" posts a big blind of 20",2026-08-28T01:16:20.904Z,178787978090405
"""LingWae @ FQN9hzhzP_"" posts a small blind of 10",2026-08-28T01:16:20.904Z,178787978090404
"Player stacks: #1 ""LingWae @ FQN9hzhzP_"" (1040) | #10 ""the pho king @ gpP9uUffpu"" (960)",2026-08-28T01:16:20.904Z,178787978090401
"-- starting hand #9 (id: c0djzd71zyaj)  No Limit Texas Hold'em (dealer: ""LingWae @ FQN9hzhzP_"") --",2026-08-28T01:16:20.904Z,178787978090400
"""LingWae @ FQN9hzhzP_"" shows a A♦, A♥.",2026-08-28T01:16:15.652Z,178787977565200
"Undealt cards:  [3♣, 6♣, 8♥, 8♠, 6♥]",2026-08-28T01:16:14.841Z,178787977484100
"-- ending hand #8 --",2026-08-28T01:16:14.298Z,178787977429802
"""LingWae @ FQN9hzhzP_"" collected 40 from pot",2026-08-28T01:16:14.298Z,178787977429801
"Uncalled bet of 40 returned to ""LingWae @ FQN9hzhzP_""",2026-08-28T01:16:14.298Z,178787977429800
"""the pho king @ gpP9uUffpu"" folds",2026-08-28T01:16:13.434Z,178787977343400
"""LingWae @ FQN9hzhzP_"" raises to 60",2026-08-28T01:16:12.505Z,178787977250500
"""the pho king @ gpP9uUffpu"" calls 20",2026-08-28T01:16:02.225Z,178787976222500
"""LingWae @ FQN9hzhzP_"" posts a big blind of 20",2026-08-28T01:16:00.087Z,178787976008705
"""the pho king @ gpP9uUffpu"" posts a small blind of 10",2026-08-28T01:16:00.087Z,178787976008704
"Player stacks: #1 ""LingWae @ FQN9hzhzP_"" (1020) | #10 ""the pho king @ gpP9uUffpu"" (980)",2026-08-28T01:16:00.087Z,178787976008701
"-- starting hand #8 (id: vwkxrtomhgrl)  No Limit Texas Hold'em (dealer: ""the pho king @ gpP9uUffpu"") --",2026-08-28T01:16:00.087Z,178787976008700
"""LingWae @ FQN9hzhzP_"" shows a 7♣.",2026-08-28T01:15:55.553Z,178787975555300
"Undealt cards: Q♠, 2♦, 4♠, 3♦ [A♠]",2026-08-28T01:15:53.751Z,178787975375100
"-- ending hand #7 --",2026-08-28T01:15:53.473Z,178787975347302
"""the pho king @ gpP9uUffpu"" collected 40 from pot",2026-08-28T01:15:53.473Z,178787975347301
"Uncalled bet of 40 returned to ""the pho king @ gpP9uUffpu""",2026-08-28T01:15:53.473Z,178787975347300
"""LingWae @ FQN9hzhzP_"" folds",2026-08-28T01:15:52.647Z,178787975264700
"""the pho king @ gpP9uUffpu"" bets 40",2026-08-28T01:15:51.370Z,178787975137000
"Turn: Q♠, 2♦, 4♠ [3♦]",2026-08-28T01:15:49.043Z,178787974904300
"""LingWae @ FQN9hzhzP_"" checks",2026-08-28T01:15:48.224Z,178787974822400
"""the pho king @ gpP9uUffpu"" checks",2026-08-28T01:15:47.092Z,178787974709200
"Flop:  [Q♠, 2♦, 4♠]",2026-08-28T01:15:45.770Z,178787974577000
"""the pho king @ gpP9uUffpu"" checks",2026-08-28T01:15:44.940Z,178787974494000
"""LingWae @ FQN9hzhzP_"" calls 20",2026-08-28T01:15:44.017Z,178787974401700
"""the pho king @ gpP9uUffpu"" posts a big blind of 20",2026-08-28T01:15:41.971Z,178787974197105
"""LingWae @ FQN9hzhzP_"" posts a small blind of 10",2026-08-28T01:15:41.971Z,178787974197104
"Player stacks: #1 ""LingWae @ FQN9hzhzP_"" (1040) | #10 ""the pho king @ gpP9uUffpu"" (960)",2026-08-28T01:15:41.971Z,178787974197101
"-- starting hand #7 (id: gjqscgr8fhj4)  No Limit Texas Hold'em (dealer: ""LingWae @ FQN9hzhzP_"") --",2026-08-28T01:15:41.971Z,178787974197100
"""LingWae @ FQN9hzhzP_"" shows a 3♦.",2026-08-28T01:15:37.110Z,178787973711000
"Undealt cards: 7♥, K♠, 3♣ [7♦, 5♥]",2026-08-28T01:15:35.606Z,178787973560600
"-- ending hand #6 --",2026-08-28T01:15:35.365Z,178787973536502
"""LingWae @ FQN9hzhzP_"" collected 40 from pot",2026-08-28T01:15:35.365Z,178787973536501
"Uncalled bet of 20 returned to ""LingWae @ FQN9hzhzP_""",2026-08-28T01:15:35.365Z,178787973536500
"""the pho king @ gpP9uUffpu"" folds",2026-08-28T01:15:34.526Z,178787973452600
"""LingWae @ FQN9hzhzP_"" bets 20",2026-08-28T01:15:33.614Z,178787973361400
"Flop:  [7♥, K♠, 3♣]",2026-08-28T01:15:30.962Z,178787973096200
"""LingWae @ FQN9hzhzP_"" checks",2026-08-28T01:15:30.136Z,178787973013600
"Game Config Changes
* Spectator Mode: on » off",2026-08-28T01:15:26.245Z,178787972624500
"""the pho king @ gpP9uUffpu"" calls 20",2026-08-28T01:15:16.654Z,178787971665400
"""LingWae @ FQN9hzhzP_"" posts a big blind of 20",2026-08-28T01:15:15.033Z,178787971503305
"""the pho king @ gpP9uUffpu"" posts a small blind of 10",2026-08-28T01:15:15.033Z,178787971503304
"Player stacks: #1 ""LingWae @ FQN9hzhzP_"" (1020) | #10 ""the pho king @ gpP9uUffpu"" (980)",2026-08-28T01:15:15.033Z,178787971503301
"-- starting hand #6 (id: jegeevb9uyd8)  No Limit Texas Hold'em (dealer: ""the pho king @ gpP9uUffpu"") --",2026-08-28T01:15:15.033Z,178787971503300
"-- ending hand #5 --",2026-08-28T01:15:09.020Z,178787970902002
"""the pho king @ gpP9uUffpu"" collected 40 from pot with Pair, 3's (combination: 8♥, 10♦, Q♠, 3♠, 3♣)",2026-08-28T01:15:09.020Z,178787970902001
"""the pho king @ gpP9uUffpu"" shows a Q♠, 3♠.",2026-08-28T01:15:09.020Z,178787970902000
"""LingWae @ FQN9hzhzP_"" checks",2026-08-28T01:15:08.180Z,178787970818000
"""the pho king @ gpP9uUffpu"" checks",2026-08-28T01:15:02.617Z,178787970261700
"River: 8♥, 3♣, 10♦, 6♦ [7♠]",2026-08-28T01:15:00.194Z,178787970019400
"""LingWae @ FQN9hzhzP_"" checks",2026-08-28T01:14:59.317Z,178787969931700
"""the pho king @ gpP9uUffpu"" checks",2026-08-28T01:14:56.641Z,178787969664100
"Turn: 8♥, 3♣, 10♦ [6♦]",2026-08-28T01:14:55.371Z,178787969537100
"""LingWae @ FQN9hzhzP_"" checks",2026-08-28T01:14:54.540Z,178787969454000
"""the pho king @ gpP9uUffpu"" checks",2026-08-28T01:14:50.463Z,178787969046300
"Flop:  [8♥, 3♣, 10♦]",2026-08-28T01:14:49.368Z,178787968936800
"""the pho king @ gpP9uUffpu"" checks",2026-08-28T01:14:48.526Z,178787968852600
"""LingWae @ FQN9hzhzP_"" calls 20",2026-08-28T01:14:46.154Z,178787968615400
"""the pho king @ gpP9uUffpu"" posts a big blind of 20",2026-08-28T01:14:40.865Z,178787968086505
"""LingWae @ FQN9hzhzP_"" posts a small blind of 10",2026-08-28T01:14:40.865Z,178787968086504
"Your hand is Q♠, 3♠",2026-08-28T01:14:40.865Z,178787968086503
"Player stacks: #1 ""LingWae @ FQN9hzhzP_"" (1040) | #10 ""the pho king @ gpP9uUffpu"" (960)",2026-08-28T01:14:40.865Z,178787968086501
"-- starting hand #5 (id: ct4grqkrk76g)  No Limit Texas Hold'em (dealer: ""LingWae @ FQN9hzhzP_"") --",2026-08-28T01:14:40.865Z,178787968086500
"Undealt cards:  [4♦, 4♠, 10♠, 10♣, K♣]",2026-08-28T01:14:35.301Z,178787967530100
"-- ending hand #4 --",2026-08-28T01:14:34.961Z,178787967496102
"""LingWae @ FQN9hzhzP_"" collected 120 from pot",2026-08-28T01:14:34.961Z,178787967496101
"Uncalled bet of 920 returned to ""LingWae @ FQN9hzhzP_""",2026-08-28T01:14:34.961Z,178787967496100
"""the pho king @ gpP9uUffpu"" folds",2026-08-28T01:14:34.093Z,178787967409300
"""LingWae @ FQN9hzhzP_"" raises to 980 and go all in",2026-08-28T01:14:32.063Z,178787967206300
"""the pho king @ gpP9uUffpu"" raises to 60",2026-08-28T01:14:29.963Z,178787966996300
"""LingWae @ FQN9hzhzP_"" posts a big blind of 20",2026-08-28T01:14:28.421Z,178787966842105
"""the pho king @ gpP9uUffpu"" posts a small blind of 10",2026-08-28T01:14:28.421Z,178787966842104
"Player stacks: #1 ""LingWae @ FQN9hzhzP_"" (980) | #10 ""the pho king @ gpP9uUffpu"" (1020)",2026-08-28T01:14:28.421Z,178787966842101
"-- starting hand #4 (id: s3bobtpeipwh)  No Limit Texas Hold'em (dealer: ""the pho king @ gpP9uUffpu"") --",2026-08-28T01:14:28.421Z,178787966842100
"""LingWae @ FQN9hzhzP_"" shows a 5♣.",2026-08-28T01:14:23.555Z,178787966355500
"Undealt cards: J♥, Q♣, 2♣ [K♦, 6♥]",2026-08-28T01:14:22.022Z,178787966202200
"-- ending hand #3 --",2026-08-28T01:14:21.801Z,178787966180102
"""LingWae @ FQN9hzhzP_"" collected 80 from pot",2026-08-28T01:14:21.801Z,178787966180101
"Uncalled bet of 40 returned to ""LingWae @ FQN9hzhzP_""",2026-08-28T01:14:21.801Z,178787966180100
"""the pho king @ gpP9uUffpu"" folds",2026-08-28T01:14:20.968Z,178787966096800
"""LingWae @ FQN9hzhzP_"" raises to 60",2026-08-28T01:14:19.079Z,178787965907900
"""the pho king @ gpP9uUffpu"" bets 20",2026-08-28T01:14:16.548Z,178787965654800
"Flop:  [J♥, Q♣, 2♣]",2026-08-28T01:14:14.226Z,178787965422600
"""the pho king @ gpP9uUffpu"" checks",2026-08-28T01:14:13.422Z,178787965342200
"""LingWae @ FQN9hzhzP_"" calls 20",2026-08-28T01:14:12.476Z,178787965247600
"""the pho king @ gpP9uUffpu"" posts a big blind of 20",2026-08-28T01:14:04.977Z,178787964497705
"""LingWae @ FQN9hzhzP_"" posts a small blind of 10",2026-08-28T01:14:04.977Z,178787964497704
"Player stacks: #1 ""LingWae @ FQN9hzhzP_"" (940) | #10 ""the pho king @ gpP9uUffpu"" (1060)",2026-08-28T01:14:04.977Z,178787964497701
"-- starting hand #3 (id: xznbozmb5cz4)  No Limit Texas Hold'em (dealer: ""LingWae @ FQN9hzhzP_"") --",2026-08-28T01:14:04.977Z,178787964497700
"""LingWae @ FQN9hzhzP_"" shows a 5♣.",2026-08-28T01:14:02.266Z,178787964226600
"-- ending hand #2 --",2026-08-28T01:14:01.343Z,178787964134302
"""the pho king @ gpP9uUffpu"" collected 120 from pot",2026-08-28T01:14:01.343Z,178787964134301
"Uncalled bet of 40 returned to ""the pho king @ gpP9uUffpu""",2026-08-28T01:14:01.343Z,178787964134300
"""LingWae @ FQN9hzhzP_"" folds",2026-08-28T01:14:00.452Z,178787964045200
"""the pho king @ gpP9uUffpu"" bets 40",2026-08-28T01:13:58.341Z,178787963834100
"""LingWae @ FQN9hzhzP_"" checks",2026-08-28T01:13:56.402Z,178787963640200
"River: Q♦, 9♥, J♠, 2♠ [6♦]",2026-08-28T01:13:54.480Z,178787963448000
"""the pho king @ gpP9uUffpu"" checks",2026-08-28T01:13:53.590Z,178787963359000
"""LingWae @ FQN9hzhzP_"" checks",2026-08-28T01:13:52.647Z,178787963264700
"Turn: Q♦, 9♥, J♠ [2♠]",2026-08-28T01:13:49.978Z,178787962997800
"""the pho king @ gpP9uUffpu"" checks",2026-08-28T01:13:49.142Z,178787962914200
"""LingWae @ FQN9hzhzP_"" checks",2026-08-28T01:13:48.071Z,178787962807100
"Flop:  [Q♦, 9♥, J♠]",2026-08-28T01:13:45.977Z,178787962597700
"""LingWae @ FQN9hzhzP_"" calls 60",2026-08-28T01:13:45.147Z,178787962514700
"""the pho king @ gpP9uUffpu"" raises to 60",2026-08-28T01:13:43.212Z,178787962321200
"""LingWae @ FQN9hzhzP_"" posts a big blind of 20",2026-08-28T01:13:41.080Z,178787962108005
"""the pho king @ gpP9uUffpu"" posts a small blind of 10",2026-08-28T01:13:41.080Z,178787962108004
"Player stacks: #1 ""LingWae @ FQN9hzhzP_"" (1000) | #10 ""the pho king @ gpP9uUffpu"" (1000)",2026-08-28T01:13:41.080Z,178787962108001
"-- starting hand #2 (id: ypvblux0y7u2)  No Limit Texas Hold'em (dealer: ""the pho king @ gpP9uUffpu"") --",2026-08-28T01:13:41.080Z,178787962108000
"-- ending hand #1 --",2026-08-28T01:13:35.066Z,178787961506604
"""the pho king @ gpP9uUffpu"" collected 60 from pot with Two Pair, Q's & 2's (combination: 9♥, 2♥, 2♠, Q♠, Q♣)",2026-08-28T01:13:35.066Z,178787961506603
"""LingWae @ FQN9hzhzP_"" collected 60 from pot with Two Pair, Q's & 2's (combination: 9♥, 2♥, 2♠, Q♠, Q♣)",2026-08-28T01:13:35.066Z,178787961506602
"""LingWae @ FQN9hzhzP_"" shows a 6♦, 8♥.",2026-08-28T01:13:35.066Z,178787961506601
"""the pho king @ gpP9uUffpu"" shows a 5♠, 7♠.",2026-08-28T01:13:35.066Z,178787961506600
"""LingWae @ FQN9hzhzP_"" calls 40",2026-08-28T01:13:34.198Z,178787961419800
"""the pho king @ gpP9uUffpu"" bets 40",2026-08-28T01:13:32.255Z,178787961225500
"River: 2♥, 9♥, 2♠, Q♠ [Q♣]",2026-08-28T01:13:29.263Z,178787960926300
"""LingWae @ FQN9hzhzP_"" checks",2026-08-28T01:13:28.427Z,178787960842700
"""the pho king @ gpP9uUffpu"" checks",2026-08-28T01:13:27.092Z,178787960709200
"Turn: 2♥, 9♥, 2♠ [Q♠]",2026-08-28T01:13:25.052Z,178787960505200
"""LingWae @ FQN9hzhzP_"" checks",2026-08-28T01:13:24.201Z,178787960420100
"""the pho king @ gpP9uUffpu"" checks",2026-08-28T01:13:21.160Z,178787960116000
"Flop:  [2♥, 9♥, 2♠]",2026-08-28T01:13:19.701Z,178787959970100
"""the pho king @ gpP9uUffpu"" checks",2026-08-28T01:13:18.868Z,178787959886800
"""LingWae @ FQN9hzhzP_"" calls 20",2026-08-28T01:13:15.123Z,178787959512300
"""the pho king @ gpP9uUffpu"" posts a big blind of 20",2026-08-28T01:13:09.816Z,178787958981607
"""LingWae @ FQN9hzhzP_"" posts a small blind of 10",2026-08-28T01:13:09.816Z,178787958981606
"Your hand is 5♠, 7♠",2026-08-28T01:13:09.816Z,178787958981605
"Player stacks: #1 ""LingWae @ FQN9hzhzP_"" (1000) | #10 ""the pho king @ gpP9uUffpu"" (1000)",2026-08-28T01:13:09.816Z,178787958981603
"The player ""the pho king @ gpP9uUffpu"" joined the game with a stack of 1000.",2026-08-28T01:13:09.816Z,178787958981602
"The player ""LingWae @ FQN9hzhzP_"" joined the game with a stack of 1000.",2026-08-28T01:13:09.816Z,178787958981601
"-- starting hand #1 (id: vlehcbc9onai)  No Limit Texas Hold'em (dealer: ""LingWae @ FQN9hzhzP_"") --",2026-08-28T01:13:09.816Z,178787958981600
"The admin approved the player ""the pho king @ gpP9uUffpu"" participation with a stack of 1000.",2026-08-28T01:13:01.913Z,178787958191300
"The player ""the pho king @ gpP9uUffpu"" requested a seat.",2026-08-28T01:13:00.198Z,178787958019800
"Game Config Changes
* Allow Rebuy: off » on",2026-08-28T01:12:28.882Z,178787954888200
"Game Config Changes
* Spectator Mode: off » on
* Allow Straddle: off » on
* Nit Minimum Players: off » 3
* Allow Rebuy: off » off
* Rabbit Hunt: off » on
* Allow Run it Twice: no » ask players
* 7-2 bounty: off » 3",2026-08-28T01:12:07.189Z,178787952718900
"The admin approved the player ""LingWae @ FQN9hzhzP_"" participation with a stack of 1000.",2026-08-28T01:11:11.178Z,178787947117801
"The player ""LingWae @ FQN9hzhzP_"" requested a seat.",2026-08-28T01:11:11.178Z,178787947117800
