entry,at,order
"""fish @ oMsP5L3lJa"" checks",2026-09-02T08:01:36.668Z,178833609666801
"River: A♣, 6♥, 6♦, 10♦ [J♠]",2026-09-02T08:01:36.668Z,178833609666800
"""LingWae @ FQN9hzhzP_"" checks",2026-09-02T08:01:35.840Z,178833609584000
"""fish @ oMsP5L3lJa"" checks",2026-09-02T08:01:34.092Z,178833609409201
"Turn: A♣, 6♥, 6♦ [10♦]",2026-09-02T08:01:34.092Z,178833609409200
"""LingWae @ FQN9hzhzP_"" checks",2026-09-02T08:01:33.283Z,178833609328300
"""fish @ oMsP5L3lJa"" checks",2026-09-02T08:01:29.256Z,178833608925600
"Flop:  [A♣, 6♥, 6♦]",2026-09-02T08:01:25.485Z,178833608548500
"""fish @ oMsP5L3lJa"" checks",2026-09-02T08:01:24.683Z,178833608468300
"""LingWae @ FQN9hzhzP_"" calls 10",2026-09-02T08:01:23.698Z,178833608369800
"""fish @ oMsP5L3lJa"" posts a big blind of 10",2026-09-02T08:01:02.465Z,178833606246506
"""LingWae @ FQN9hzhzP_"" posts a small blind of 5",2026-09-02T08:01:02.465Z,178833606246505
"Player stacks: #2 ""LingWae @ FQN9hzhzP_"" (3099) | #5 ""fish @ oMsP5L3lJa"" (4389)",2026-09-02T08:01:02.465Z,178833606246502
"-- starting hand #261 (id: xg3kudgvjmli)  No Limit Texas Hold'em (dealer: ""LingWae @ FQN9hzhzP_"") --",2026-09-02T08:01:02.465Z,178833606246501
"The player ""bick and dalls @ gpP9uUffpu"" quits the game with a stack of 0.",2026-09-02T08:01:02.465Z,178833606246500
"-- ending hand #260 --",2026-09-02T08:00:56.360Z,178833605636003
"""LingWae @ FQN9hzhzP_"" collected 2196 from pot with Three of a Kind, 8's (combination: Q♠, K♣, 8♥, 8♠, 8♣)",2026-09-02T08:00:56.360Z,178833605636002
"""LingWae @ FQN9hzhzP_"" shows a Q♠, 8♥.",2026-09-02T08:00:56.360Z,178833605636001
"""bick and dalls @ gpP9uUffpu"" shows a 5♦, J♣.",2026-09-02T08:00:56.360Z,178833605636000
"""fish @ oMsP5L3lJa"" calls 652",2026-09-02T08:00:55.463Z,178833605546300
"""LingWae @ FQN9hzhzP_"" calls 652",2026-09-02T08:00:47.805Z,178833604780500
"""bick and dalls @ gpP9uUffpu"" bets 652 and go all in",2026-09-02T08:00:46.739Z,178833604673900
"River: K♣, 5♠, 8♠, 8♣ [7♦]",2026-09-02T08:00:44.623Z,178833604462300
"""fish @ oMsP5L3lJa"" calls 60",2026-09-02T08:00:43.811Z,178833604381100
"""LingWae @ FQN9hzhzP_"" calls 60",2026-09-02T08:00:42.684Z,178833604268400
"""bick and dalls @ gpP9uUffpu"" bets 60",2026-09-02T08:00:41.263Z,178833604126300
"Turn: K♣, 5♠, 8♠ [8♣]",2026-09-02T08:00:39.550Z,178833603955000
"""fish @ oMsP5L3lJa"" calls 10",2026-09-02T08:00:38.662Z,178833603866200
"""LingWae @ FQN9hzhzP_"" calls 10",2026-09-02T08:00:37.708Z,178833603770800
"""bick and dalls @ gpP9uUffpu"" bets 10",2026-09-02T08:00:35.220Z,178833603522000
"Flop:  [K♣, 5♠, 8♠]",2026-09-02T08:00:34.143Z,178833603414300
"""LingWae @ FQN9hzhzP_"" checks",2026-09-02T08:00:33.307Z,178833603330700
"""bick and dalls @ gpP9uUffpu"" calls 10",2026-09-02T08:00:30.252Z,178833603025200
"""fish @ oMsP5L3lJa"" calls 10",2026-09-02T08:00:28.855Z,178833602885500
"""LingWae @ FQN9hzhzP_"" posts a big blind of 10",2026-09-02T08:00:26.741Z,178833602674106
"""bick and dalls @ gpP9uUffpu"" posts a small blind of 5",2026-09-02T08:00:26.741Z,178833602674105
"Your hand is 5♦, J♣",2026-09-02T08:00:26.741Z,178833602674102
"Player stacks: #1 ""bick and dalls @ gpP9uUffpu"" (732) | #2 ""LingWae @ FQN9hzhzP_"" (1635) | #5 ""fish @ oMsP5L3lJa"" (5121)",2026-09-02T08:00:26.741Z,178833602674101
"-- starting hand #260 (id: m0akjeqprpds)  No Limit Texas Hold'em (dealer: ""fish @ oMsP5L3lJa"") --",2026-09-02T08:00:26.741Z,178833602674100
"-- ending hand #259 --",2026-09-02T08:00:23.734Z,178833602373402
"""bick and dalls @ gpP9uUffpu"" collected 30 from pot",2026-09-02T08:00:23.734Z,178833602373401
"Uncalled bet of 702 returned to ""bick and dalls @ gpP9uUffpu""",2026-09-02T08:00:23.734Z,178833602373400
"""fish @ oMsP5L3lJa"" folds",2026-09-02T08:00:22.908Z,178833602290800
"""LingWae @ FQN9hzhzP_"" folds",2026-09-02T08:00:20.328Z,178833602032800
"""bick and dalls @ gpP9uUffpu"" bets 702 and go all in",2026-09-02T08:00:17.478Z,178833601747800
"""fish @ oMsP5L3lJa"" checks",2026-09-02T08:00:14.553Z,178833601455300
"River: 10♥, 2♣, 10♦, 10♠ [8♠]",2026-09-02T08:00:13.128Z,178833601312800
"""LingWae @ FQN9hzhzP_"" checks",2026-09-02T08:00:12.310Z,178833601231000
"""bick and dalls @ gpP9uUffpu"" checks",2026-09-02T08:00:11.099Z,178833601109900
"""fish @ oMsP5L3lJa"" checks",2026-09-02T08:00:10.166Z,178833601016600
"Turn: 10♥, 2♣, 10♦ [10♠]",2026-09-02T08:00:02.495Z,178833600249500
"""LingWae @ FQN9hzhzP_"" checks",2026-09-02T08:00:01.558Z,178833600155800
"""bick and dalls @ gpP9uUffpu"" checks",2026-09-02T08:00:00.513Z,178833600051300
"""fish @ oMsP5L3lJa"" checks",2026-09-02T07:59:59.508Z,178833599950800
"Flop:  [10♥, 2♣, 10♦]",2026-09-02T07:59:57.370Z,178833599737000
"""bick and dalls @ gpP9uUffpu"" checks",2026-09-02T07:59:56.469Z,178833599646900
"""fish @ oMsP5L3lJa"" calls 10",2026-09-02T07:59:55.564Z,178833599556400
"""LingWae @ FQN9hzhzP_"" calls 10",2026-09-02T07:59:53.530Z,178833599353000
"""bick and dalls @ gpP9uUffpu"" posts a big blind of 10",2026-09-02T07:59:46.961Z,178833598696106
"""fish @ oMsP5L3lJa"" posts a small blind of 5",2026-09-02T07:59:46.961Z,178833598696105
"Player stacks: #1 ""bick and dalls @ gpP9uUffpu"" (712) | #2 ""LingWae @ FQN9hzhzP_"" (1645) | #5 ""fish @ oMsP5L3lJa"" (5131)",2026-09-02T07:59:46.961Z,178833598696101
"-- starting hand #259 (id: fam2afpnhisq)  No Limit Texas Hold'em (dealer: ""LingWae @ FQN9hzhzP_"") --",2026-09-02T07:59:46.961Z,178833598696100
"""LingWae @ FQN9hzhzP_"" shows a J♠, 5♦.",2026-09-02T07:59:42.186Z,178833598218600
"Undealt cards:  [A♥, K♦, Q♦, 9♥, 10♣]",2026-09-02T07:59:40.371Z,178833598037100
"""fish @ oMsP5L3lJa"" shows a K♥, K♣.",2026-09-02T07:59:40.228Z,178833598022800
"-- ending hand #258 --",2026-09-02T07:59:39.558Z,178833597955802
"""fish @ oMsP5L3lJa"" collected 90 from pot",2026-09-02T07:59:39.558Z,178833597955801
"Uncalled bet of 90 returned to ""fish @ oMsP5L3lJa""",2026-09-02T07:59:39.558Z,178833597955800
"""LingWae @ FQN9hzhzP_"" folds",2026-09-02T07:59:38.694Z,178833597869400
"""bick and dalls @ gpP9uUffpu"" folds",2026-09-02T07:59:36.397Z,178833597639700
"""fish @ oMsP5L3lJa"" raises to 120",2026-09-02T07:59:34.543Z,178833597454300
"""LingWae @ FQN9hzhzP_"" calls 30",2026-09-02T07:59:32.687Z,178833597268700
"""bick and dalls @ gpP9uUffpu"" raises to 30",2026-09-02T07:59:29.940Z,178833596994000
"""fish @ oMsP5L3lJa"" posts a big blind of 10",2026-09-02T07:59:28.354Z,178833596835406
"""LingWae @ FQN9hzhzP_"" posts a small blind of 5",2026-09-02T07:59:28.354Z,178833596835405
"Player stacks: #1 ""bick and dalls @ gpP9uUffpu"" (742) | #2 ""LingWae @ FQN9hzhzP_"" (1675) | #5 ""fish @ oMsP5L3lJa"" (5071)",2026-09-02T07:59:28.354Z,178833596835401
"-- starting hand #258 (id: ret0vtshdkwu)  No Limit Texas Hold'em (dealer: ""bick and dalls @ gpP9uUffpu"") --",2026-09-02T07:59:28.354Z,178833596835400
"-- ending hand #257 --",2026-09-02T07:59:25.353Z,178833596535302
"""bick and dalls @ gpP9uUffpu"" collected 250 from pot",2026-09-02T07:59:25.353Z,178833596535301
"Uncalled bet of 250 returned to ""bick and dalls @ gpP9uUffpu""",2026-09-02T07:59:25.353Z,178833596535300
"""fish @ oMsP5L3lJa"" folds",2026-09-02T07:59:24.393Z,178833596439300
"""LingWae @ FQN9hzhzP_"" folds",2026-09-02T07:59:19.869Z,178833595986900
"""bick and dalls @ gpP9uUffpu"" raises to 300",2026-09-02T07:59:07.389Z,178833594738900
"""fish @ oMsP5L3lJa"" bets 50",2026-09-02T07:59:02.735Z,178833594273500
"""LingWae @ FQN9hzhzP_"" checks",2026-09-02T07:59:00.407Z,178833594040700
"""bick and dalls @ gpP9uUffpu"" checks",2026-09-02T07:58:58.387Z,178833593838700
"River: A♦, 3♦, 10♠, Q♠ [A♣]",2026-09-02T07:58:57.506Z,178833593750600
"""fish @ oMsP5L3lJa"" checks",2026-09-02T07:58:56.599Z,178833593659900
"""LingWae @ FQN9hzhzP_"" checks",2026-09-02T07:58:55.588Z,178833593558800
"""bick and dalls @ gpP9uUffpu"" checks",2026-09-02T07:58:53.990Z,178833593399000
"Turn: A♦, 3♦, 10♠ [Q♠]",2026-09-02T07:58:53.121Z,178833593312100
"""fish @ oMsP5L3lJa"" checks",2026-09-02T07:58:52.303Z,178833593230300
"""LingWae @ FQN9hzhzP_"" checks",2026-09-02T07:58:49.997Z,178833592999700
"""bick and dalls @ gpP9uUffpu"" checks",2026-09-02T07:58:48.930Z,178833592893000
"Flop:  [A♦, 3♦, 10♠]",2026-09-02T07:58:42.319Z,178833592231900
"""fish @ oMsP5L3lJa"" calls 50",2026-09-02T07:58:41.508Z,178833592150800
"""LingWae @ FQN9hzhzP_"" calls 50",2026-09-02T07:58:40.174Z,178833592017400
"""bick and dalls @ gpP9uUffpu"" raises to 50",2026-09-02T07:58:38.651Z,178833591865100
"""fish @ oMsP5L3lJa"" calls 10",2026-09-02T07:58:34.143Z,178833591414300
"""LingWae @ FQN9hzhzP_"" posts a big blind of 10",2026-09-02T07:58:32.686Z,178833591268606
"""bick and dalls @ gpP9uUffpu"" posts a small blind of 5",2026-09-02T07:58:32.686Z,178833591268605
"Player stacks: #1 ""bick and dalls @ gpP9uUffpu"" (592) | #2 ""LingWae @ FQN9hzhzP_"" (1725) | #5 ""fish @ oMsP5L3lJa"" (5171)",2026-09-02T07:58:32.686Z,178833591268601
"-- starting hand #257 (id: vbfbhj9luav7)  No Limit Texas Hold'em (dealer: ""fish @ oMsP5L3lJa"") --",2026-09-02T07:58:32.686Z,178833591268600
"""LingWae @ FQN9hzhzP_"" shows a 9♦.",2026-09-02T07:58:29.319Z,178833590931900
"""fish @ oMsP5L3lJa"" shows a Q♥.",2026-09-02T07:58:29.117Z,178833590911700
"-- ending hand #256 --",2026-09-02T07:58:28.282Z,178833590828202
"""fish @ oMsP5L3lJa"" collected 90 from pot",2026-09-02T07:58:28.282Z,178833590828201
"Uncalled bet of 90 returned to ""fish @ oMsP5L3lJa""",2026-09-02T07:58:28.282Z,178833590828200
"""LingWae @ FQN9hzhzP_"" folds",2026-09-02T07:58:27.445Z,178833590744500
"""fish @ oMsP5L3lJa"" bets 90",2026-09-02T07:58:26.139Z,178833590613900
"River: J♦, 10♥, 2♥, J♥ [9♥]",2026-09-02T07:58:24.079Z,178833590407900
"""LingWae @ FQN9hzhzP_"" checks",2026-09-02T07:58:23.186Z,178833590318600
"""fish @ oMsP5L3lJa"" checks",2026-09-02T07:58:22.273Z,178833590227300
"Turn: J♦, 10♥, 2♥ [J♥]",2026-09-02T07:58:21.270Z,178833590127000
"""LingWae @ FQN9hzhzP_"" calls 30",2026-09-02T07:58:20.363Z,178833590036300
"""bick and dalls @ gpP9uUffpu"" folds",2026-09-02T07:58:19.377Z,178833589937700
"""fish @ oMsP5L3lJa"" bets 30",2026-09-02T07:58:16.857Z,178833589685700
"Flop:  [J♦, 10♥, 2♥]",2026-09-02T07:58:13.874Z,178833589387400
"""bick and dalls @ gpP9uUffpu"" checks",2026-09-02T07:58:13.050Z,178833589305000
"""fish @ oMsP5L3lJa"" calls 10",2026-09-02T07:58:12.037Z,178833589203700
"""LingWae @ FQN9hzhzP_"" calls 10",2026-09-02T07:58:10.580Z,178833589058000
"""bick and dalls @ gpP9uUffpu"" posts a big blind of 10",2026-09-02T07:58:09.245Z,178833588924506
"""fish @ oMsP5L3lJa"" posts a small blind of 5",2026-09-02T07:58:09.245Z,178833588924505
"Player stacks: #1 ""bick and dalls @ gpP9uUffpu"" (602) | #2 ""LingWae @ FQN9hzhzP_"" (1765) | #5 ""fish @ oMsP5L3lJa"" (5121)",2026-09-02T07:58:09.245Z,178833588924501
"-- starting hand #256 (id: vrlgqviwso06)  No Limit Texas Hold'em (dealer: ""LingWae @ FQN9hzhzP_"") --",2026-09-02T07:58:09.245Z,178833588924500
"""fish @ oMsP5L3lJa"" shows a J♠.",2026-09-02T07:58:06.944Z,178833588694400
"""LingWae @ FQN9hzhzP_"" shows a K♦.",2026-09-02T07:58:05.912Z,178833588591200
"-- ending hand #255 --",2026-09-02T07:58:04.847Z,178833588484702
"""fish @ oMsP5L3lJa"" collected 120 from pot",2026-09-02T07:58:04.847Z,178833588484701
"Uncalled bet of 60 returned to ""fish @ oMsP5L3lJa""",2026-09-02T07:58:04.847Z,178833588484700
"""bick and dalls @ gpP9uUffpu"" folds",2026-09-02T07:58:03.959Z,178833588395900
"""fish @ oMsP5L3lJa"" bets 60",2026-09-02T07:58:00.579Z,178833588057900
"""LingWae @ FQN9hzhzP_"" folds",2026-09-02T07:57:58.765Z,178833587876500
"River: 2♦, 9♠, 3♣, 2♥ [Q♦]",2026-09-02T07:57:54.597Z,178833587459700
"""bick and dalls @ gpP9uUffpu"" checks",2026-09-02T07:57:53.776Z,178833587377600
"""fish @ oMsP5L3lJa"" checks",2026-09-02T07:57:52.863Z,178833587286300
"""LingWae @ FQN9hzhzP_"" checks",2026-09-02T07:57:51.874Z,178833587187400
"Turn: 2♦, 9♠, 3♣ [2♥]",2026-09-02T07:57:48.742Z,178833586874200
"""bick and dalls @ gpP9uUffpu"" checks",2026-09-02T07:57:47.896Z,178833586789600
"""fish @ oMsP5L3lJa"" checks",2026-09-02T07:57:46.950Z,178833586695000
"""LingWae @ FQN9hzhzP_"" checks",2026-09-02T07:57:45.484Z,178833586548400
"Flop:  [2♦, 9♠, 3♣]",2026-09-02T07:57:42.195Z,178833586219500
"""fish @ oMsP5L3lJa"" calls 40",2026-09-02T07:57:41.366Z,178833586136600
"""LingWae @ FQN9hzhzP_"" calls 40",2026-09-02T07:57:39.145Z,178833585914500
"""bick and dalls @ gpP9uUffpu"" raises to 40",2026-09-02T07:57:37.838Z,178833585783800
"""fish @ oMsP5L3lJa"" posts a big blind of 10",2026-09-02T07:57:34.994Z,178833585499406
"""LingWae @ FQN9hzhzP_"" posts a small blind of 5",2026-09-02T07:57:34.994Z,178833585499405
"Player stacks: #1 ""bick and dalls @ gpP9uUffpu"" (642) | #2 ""LingWae @ FQN9hzhzP_"" (1805) | #5 ""fish @ oMsP5L3lJa"" (5041)",2026-09-02T07:57:34.994Z,178833585499401
"-- starting hand #255 (id: cbtv9om4jlwd)  No Limit Texas Hold'em (dealer: ""bick and dalls @ gpP9uUffpu"") --",2026-09-02T07:57:34.994Z,178833585499400
"-- ending hand #254 --",2026-09-02T07:57:28.987Z,178833584898702
"""bick and dalls @ gpP9uUffpu"" collected 130 from pot with Two Pair, 6's & 5's (combination: K♠, 5♣, 5♦, 6♠, 6♣)",2026-09-02T07:57:28.987Z,178833584898701
"""bick and dalls @ gpP9uUffpu"" shows a 5♣, 9♠.",2026-09-02T07:57:28.987Z,178833584898700
"""fish @ oMsP5L3lJa"" calls 20",2026-09-02T07:57:28.178Z,178833584817800
"""LingWae @ FQN9hzhzP_"" folds",2026-09-02T07:57:27.181Z,178833584718100
"""bick and dalls @ gpP9uUffpu"" bets 20",2026-09-02T07:57:25.681Z,178833584568100
"River: 2♣, K♠, 5♦, 6♠ [6♣]",2026-09-02T07:57:22.180Z,178833584218000
"""fish @ oMsP5L3lJa"" calls 10",2026-09-02T07:57:21.339Z,178833584133900
"""LingWae @ FQN9hzhzP_"" calls 10",2026-09-02T07:57:20.405Z,178833584040500
"""bick and dalls @ gpP9uUffpu"" bets 10",2026-09-02T07:57:18.337Z,178833583833700
"Turn: 2♣, K♠, 5♦ [6♠]",2026-09-02T07:57:16.651Z,178833583665100
"""fish @ oMsP5L3lJa"" calls 10",2026-09-02T07:57:15.834Z,178833583583400
"""LingWae @ FQN9hzhzP_"" calls 10",2026-09-02T07:57:13.299Z,178833583329900
"""bick and dalls @ gpP9uUffpu"" bets 10",2026-09-02T07:57:11.303Z,178833583130300
"Flop:  [2♣, K♠, 5♦]",2026-09-02T07:57:09.776Z,178833582977600
"""LingWae @ FQN9hzhzP_"" checks",2026-09-02T07:57:08.966Z,178833582896600
"""bick and dalls @ gpP9uUffpu"" calls 10",2026-09-02T07:57:05.888Z,178833582588800
"""fish @ oMsP5L3lJa"" calls 10",2026-09-02T07:57:04.335Z,178833582433500
"""LingWae @ FQN9hzhzP_"" posts a big blind of 10",2026-09-02T07:57:02.705Z,178833582270506
"""bick and dalls @ gpP9uUffpu"" posts a small blind of 5",2026-09-02T07:57:02.705Z,178833582270505
"Your hand is 5♣, 9♠",2026-09-02T07:57:02.705Z,178833582270502
"Player stacks: #1 ""bick and dalls @ gpP9uUffpu"" (562) | #2 ""LingWae @ FQN9hzhzP_"" (1835) | #5 ""fish @ oMsP5L3lJa"" (5091)",2026-09-02T07:57:02.705Z,178833582270501
"-- starting hand #254 (id: n1orumg8oaxs)  No Limit Texas Hold'em (dealer: ""fish @ oMsP5L3lJa"") --",2026-09-02T07:57:02.705Z,178833582270500
"-- ending hand #253 --",2026-09-02T07:56:56.671Z,178833581667103
"""fish @ oMsP5L3lJa"" collected 761 from pot with Two Pair, K's & Q's (combination: 10♣, Q♠, Q♣, K♣, K♥)",2026-09-02T07:56:56.671Z,178833581667102
"""fish @ oMsP5L3lJa"" shows a 2♣, K♣.",2026-09-02T07:56:56.671Z,178833581667101
"""bick and dalls @ gpP9uUffpu"" shows a 9♣, 6♦.",2026-09-02T07:56:56.671Z,178833581667100
"""fish @ oMsP5L3lJa"" calls 212",2026-09-02T07:56:55.781Z,178833581578100
"""bick and dalls @ gpP9uUffpu"" bets 212",2026-09-02T07:56:49.672Z,178833580967200
"""fish @ oMsP5L3lJa"" checks",2026-09-02T07:56:47.277Z,178833580727700
"River: 10♣, Q♠, K♥, Q♣ [4♦]",2026-09-02T07:56:46.061Z,178833580606100
"""fish @ oMsP5L3lJa"" calls 131",2026-09-02T07:56:45.219Z,178833580521900
"""LingWae @ FQN9hzhzP_"" folds",2026-09-02T07:56:43.700Z,178833580370000
"""bick and dalls @ gpP9uUffpu"" raises to 131",2026-09-02T07:56:42.292Z,178833580229200
"""fish @ oMsP5L3lJa"" bets 30",2026-09-02T07:56:40.263Z,178833580026300
"Turn: 10♣, Q♠, K♥ [Q♣]",2026-09-02T07:56:36.057Z,178833579605700
"""LingWae @ FQN9hzhzP_"" calls 15",2026-09-02T07:56:35.231Z,178833579523100
"""bick and dalls @ gpP9uUffpu"" calls 15",2026-09-02T07:56:34.323Z,178833579432300
"""fish @ oMsP5L3lJa"" bets 15",2026-09-02T07:56:32.931Z,178833579293100
"Flop:  [10♣, Q♠, K♥]",2026-09-02T07:56:29.250Z,178833578925000
"""bick and dalls @ gpP9uUffpu"" checks",2026-09-02T07:56:28.355Z,178833578835500
"""fish @ oMsP5L3lJa"" calls 10",2026-09-02T07:56:27.381Z,178833578738100
"""LingWae @ FQN9hzhzP_"" calls 10",2026-09-02T07:56:26.098Z,178833578609800
"""bick and dalls @ gpP9uUffpu"" posts a big blind of 10",2026-09-02T07:56:24.693Z,178833578469306
"""fish @ oMsP5L3lJa"" posts a small blind of 5",2026-09-02T07:56:24.693Z,178833578469305
"Your hand is 9♣, 6♦",2026-09-02T07:56:24.693Z,178833578469302
"Player stacks: #1 ""bick and dalls @ gpP9uUffpu"" (930) | #2 ""LingWae @ FQN9hzhzP_"" (1860) | #5 ""fish @ oMsP5L3lJa"" (4698)",2026-09-02T07:56:24.693Z,178833578469301
"-- starting hand #253 (id: 1glo1ektma7i)  No Limit Texas Hold'em (dealer: ""LingWae @ FQN9hzhzP_"") --",2026-09-02T07:56:24.693Z,178833578469300
"""LingWae @ FQN9hzhzP_"" shows a 5♣.",2026-09-02T07:56:21.418Z,178833578141800
"-- ending hand #252 --",2026-09-02T07:56:21.047Z,178833578104702
"""fish @ oMsP5L3lJa"" collected 60 from pot",2026-09-02T07:56:21.047Z,178833578104701
"Uncalled bet of 60 returned to ""fish @ oMsP5L3lJa""",2026-09-02T07:56:21.047Z,178833578104700
"""LingWae @ FQN9hzhzP_"" folds",2026-09-02T07:56:20.186Z,178833578018600
"""fish @ oMsP5L3lJa"" bets 60",2026-09-02T07:56:19.277Z,178833577927700
"""LingWae @ FQN9hzhzP_"" checks",2026-09-02T07:56:17.695Z,178833577769500
"River: 8♠, 2♣, 7♠, J♠ [6♦]",2026-09-02T07:56:16.244Z,178833577624400
"""fish @ oMsP5L3lJa"" checks",2026-09-02T07:56:15.330Z,178833577533000
"""LingWae @ FQN9hzhzP_"" checks",2026-09-02T07:56:14.360Z,178833577436000
"Turn: 8♠, 2♣, 7♠ [J♠]",2026-09-02T07:56:10.844Z,178833577084400
"""LingWae @ FQN9hzhzP_"" calls 20",2026-09-02T07:56:10.014Z,178833577001400
"""fish @ oMsP5L3lJa"" bets 20",2026-09-02T07:56:05.979Z,178833576597900
"""LingWae @ FQN9hzhzP_"" checks",2026-09-02T07:56:04.431Z,178833576443100
"Flop:  [8♠, 2♣, 7♠]",2026-09-02T07:56:01.235Z,178833576123500
"""fish @ oMsP5L3lJa"" checks",2026-09-02T07:56:00.364Z,178833576036400
"""LingWae @ FQN9hzhzP_"" calls 10",2026-09-02T07:55:59.112Z,178833575911200
"""bick and dalls @ gpP9uUffpu"" folds",2026-09-02T07:55:54.943Z,178833575494300
"""fish @ oMsP5L3lJa"" posts a big blind of 10",2026-09-02T07:55:53.743Z,178833575374306
"""LingWae @ FQN9hzhzP_"" posts a small blind of 5",2026-09-02T07:55:53.743Z,178833575374305
"Player stacks: #1 ""bick and dalls @ gpP9uUffpu"" (930) | #2 ""LingWae @ FQN9hzhzP_"" (1890) | #5 ""fish @ oMsP5L3lJa"" (4668)",2026-09-02T07:55:53.743Z,178833575374301
"-- starting hand #252 (id: uix4siwba6bq)  No Limit Texas Hold'em (dealer: ""bick and dalls @ gpP9uUffpu"") --",2026-09-02T07:55:53.743Z,178833575374300
"""LingWae @ FQN9hzhzP_"" shows a 10♦.",2026-09-02T07:55:51.112Z,178833575111200
"-- ending hand #251 --",2026-09-02T07:55:50.064Z,178833575006402
"""LingWae @ FQN9hzhzP_"" collected 225 from pot",2026-09-02T07:55:50.064Z,178833575006401
"Uncalled bet of 168 returned to ""LingWae @ FQN9hzhzP_""",2026-09-02T07:55:50.064Z,178833575006400
"""bick and dalls @ gpP9uUffpu"" folds",2026-09-02T07:55:49.214Z,178833574921400
"""fish @ oMsP5L3lJa"" folds",2026-09-02T07:55:48.165Z,178833574816500
"""LingWae @ FQN9hzhzP_"" raises to 243",2026-09-02T07:55:47.058Z,178833574705800
"""bick and dalls @ gpP9uUffpu"" bets 75",2026-09-02T07:55:44.094Z,178833574409400
"River: 10♠, 10♣, 2♣, 5♦ [7♣]",2026-09-02T07:55:41.211Z,178833574121100
"""fish @ oMsP5L3lJa"" checks",2026-09-02T07:55:40.382Z,178833574038200
"""LingWae @ FQN9hzhzP_"" checks",2026-09-02T07:55:39.132Z,178833573913200
"""bick and dalls @ gpP9uUffpu"" checks",2026-09-02T07:55:37.664Z,178833573766400
"Turn: 10♠, 10♣, 2♣ [5♦]",2026-09-02T07:55:36.422Z,178833573642200
"""fish @ oMsP5L3lJa"" checks",2026-09-02T07:55:35.595Z,178833573559500
"""LingWae @ FQN9hzhzP_"" checks",2026-09-02T07:55:33.835Z,178833573383500
"""bick and dalls @ gpP9uUffpu"" checks",2026-09-02T07:55:29.920Z,178833572992000
"Flop:  [10♠, 10♣, 2♣]",2026-09-02T07:55:27.640Z,178833572764000
"""LingWae @ FQN9hzhzP_"" calls 25",2026-09-02T07:55:26.829Z,178833572682900
"""bick and dalls @ gpP9uUffpu"" calls 25",2026-09-02T07:55:21.468Z,178833572146800
"""fish @ oMsP5L3lJa"" raises to 25",2026-09-02T07:55:19.685Z,178833571968500
"""LingWae @ FQN9hzhzP_"" posts a big blind of 10",2026-09-02T07:55:15.723Z,178833571572306
"""bick and dalls @ gpP9uUffpu"" posts a small blind of 5",2026-09-02T07:55:15.723Z,178833571572305
"Player stacks: #1 ""bick and dalls @ gpP9uUffpu"" (1030) | #2 ""LingWae @ FQN9hzhzP_"" (1765) | #5 ""fish @ oMsP5L3lJa"" (4693)",2026-09-02T07:55:15.723Z,178833571572301
"-- starting hand #251 (id: fuolathweubl)  No Limit Texas Hold'em (dealer: ""fish @ oMsP5L3lJa"") --",2026-09-02T07:55:15.723Z,178833571572300
"""fish @ oMsP5L3lJa"" shows a 6♦.",2026-09-02T07:55:12.449Z,178833571244900
"-- ending hand #250 --",2026-09-02T07:55:09.187Z,178833570918703
"""LingWae @ FQN9hzhzP_"" collected 187 from pot with Pair, 5's (combination: 10♥, J♥, A♠, 5♥, 5♣)",2026-09-02T07:55:09.187Z,178833570918702
"""LingWae @ FQN9hzhzP_"" shows a A♠, 10♥.",2026-09-02T07:55:09.187Z,178833570918701
"""bick and dalls @ gpP9uUffpu"" shows a 4♠, 9♠.",2026-09-02T07:55:09.187Z,178833570918700
"""LingWae @ FQN9hzhzP_"" checks",2026-09-02T07:55:08.325Z,178833570832500
"""bick and dalls @ gpP9uUffpu"" checks",2026-09-02T07:55:03.298Z,178833570329800
"River: 5♥, 5♣, J♥, 6♥ [3♠]",2026-09-02T07:54:59.856Z,178833569985600
"""LingWae @ FQN9hzhzP_"" calls 56",2026-09-02T07:54:58.989Z,178833569898900
"""bick and dalls @ gpP9uUffpu"" bets 56",2026-09-02T07:54:58.061Z,178833569806100
"Turn: 5♥, 5♣, J♥ [6♥]",2026-09-02T07:54:53.653Z,178833569365300
"""LingWae @ FQN9hzhzP_"" checks",2026-09-02T07:54:52.751Z,178833569275100
"""bick and dalls @ gpP9uUffpu"" checks",2026-09-02T07:54:51.756Z,178833569175600
"Flop:  [5♥, 5♣, J♥]",2026-09-02T07:54:50.286Z,178833569028600
"""bick and dalls @ gpP9uUffpu"" calls 35",2026-09-02T07:54:49.457Z,178833568945700
"""fish @ oMsP5L3lJa"" folds",2026-09-02T07:54:48.073Z,178833568807300
"""LingWae @ FQN9hzhzP_"" raises to 35",2026-09-02T07:54:46.583Z,178833568658300
"""bick and dalls @ gpP9uUffpu"" posts a big blind of 10",2026-09-02T07:54:38.649Z,178833567864906
"""fish @ oMsP5L3lJa"" posts a small blind of 5",2026-09-02T07:54:38.649Z,178833567864905
"Your hand is 4♠, 9♠",2026-09-02T07:54:38.649Z,178833567864902
"Player stacks: #1 ""bick and dalls @ gpP9uUffpu"" (1121) | #2 ""LingWae @ FQN9hzhzP_"" (1669) | #5 ""fish @ oMsP5L3lJa"" (4698)",2026-09-02T07:54:38.649Z,178833567864901
"-- starting hand #250 (id: fbqh0ub5cjkq)  No Limit Texas Hold'em (dealer: ""LingWae @ FQN9hzhzP_"") --",2026-09-02T07:54:38.649Z,178833567864900
"-- ending hand #249 --",2026-09-02T07:54:32.638Z,178833567263803
"""bick and dalls @ gpP9uUffpu"" collected 210 from pot with Two Pair, 8's & 2's (combination: K♠, 2♥, 2♦, 8♠, 8♣)",2026-09-02T07:54:32.638Z,178833567263802
"""bick and dalls @ gpP9uUffpu"" shows a 8♠, 8♣.",2026-09-02T07:54:32.638Z,178833567263801
"""fish @ oMsP5L3lJa"" shows a J♠, 10♦.",2026-09-02T07:54:32.638Z,178833567263800
"""LingWae @ FQN9hzhzP_"" folds",2026-09-02T07:54:31.700Z,178833567170000
"""bick and dalls @ gpP9uUffpu"" calls 30",2026-09-02T07:54:30.346Z,178833567034600
"""fish @ oMsP5L3lJa"" bets 30",2026-09-02T07:54:29.402Z,178833566940200
"""LingWae @ FQN9hzhzP_"" checks",2026-09-02T07:54:27.200Z,178833566720000
"River: 3♣, K♠, 2♥, 2♦ [9♦]",2026-09-02T07:54:25.271Z,178833566527100
"""bick and dalls @ gpP9uUffpu"" checks",2026-09-02T07:54:24.457Z,178833566445700
"""fish @ oMsP5L3lJa"" checks",2026-09-02T07:54:22.952Z,178833566295200
"""LingWae @ FQN9hzhzP_"" checks",2026-09-02T07:54:22.061Z,178833566206100
"Turn: 3♣, K♠, 2♥ [2♦]",2026-09-02T07:54:19.419Z,178833565941900
"""bick and dalls @ gpP9uUffpu"" checks",2026-09-02T07:54:18.503Z,178833565850300
"""fish @ oMsP5L3lJa"" checks",2026-09-02T07:54:16.901Z,178833565690100
"""LingWae @ FQN9hzhzP_"" checks",2026-09-02T07:54:15.899Z,178833565589900
"Flop:  [3♣, K♠, 2♥]",2026-09-02T07:54:11.014Z,178833565101400
"""fish @ oMsP5L3lJa"" calls 50",2026-09-02T07:54:10.176Z,178833565017600
"""LingWae @ FQN9hzhzP_"" calls 50",2026-09-02T07:54:09.109Z,178833564910900
"""bick and dalls @ gpP9uUffpu"" raises to 50",2026-09-02T07:54:08.137Z,178833564813700
"""fish @ oMsP5L3lJa"" posts a big blind of 10",2026-09-02T07:54:04.811Z,178833564481106
"""LingWae @ FQN9hzhzP_"" posts a small blind of 5",2026-09-02T07:54:04.811Z,178833564481105
"Your hand is 8♠, 8♣",2026-09-02T07:54:04.811Z,178833564481102
"Player stacks: #1 ""bick and dalls @ gpP9uUffpu"" (991) | #2 ""LingWae @ FQN9hzhzP_"" (1719) | #5 ""fish @ oMsP5L3lJa"" (4778)",2026-09-02T07:54:04.811Z,178833564481101
"-- starting hand #249 (id: lesfvmgltovn)  No Limit Texas Hold'em (dealer: ""bick and dalls @ gpP9uUffpu"") --",2026-09-02T07:54:04.811Z,178833564481100
"-- ending hand #248 --",2026-09-02T07:53:58.785Z,178833563878502
"""LingWae @ FQN9hzhzP_"" collected 445 from pot with Pair, 8's (combination: 7♠, Q♠, K♠, 8♣, 8♦)",2026-09-02T07:53:58.785Z,178833563878501
"""LingWae @ FQN9hzhzP_"" shows a K♠, Q♠.",2026-09-02T07:53:58.785Z,178833563878500
"""fish @ oMsP5L3lJa"" checks",2026-09-02T07:53:57.964Z,178833563796400
"""LingWae @ FQN9hzhzP_"" checks",2026-09-02T07:53:56.712Z,178833563671200
"River: 7♠, 8♣, 5♠, 8♦ [4♥]",2026-09-02T07:53:54.784Z,178833563478400
"""fish @ oMsP5L3lJa"" calls 10",2026-09-02T07:53:53.979Z,178833563397900
"""LingWae @ FQN9hzhzP_"" bets 10",2026-09-02T07:53:52.427Z,178833563242700
"Turn: 7♠, 8♣, 5♠ [8♦]",2026-09-02T07:53:48.979Z,178833562897900
"""LingWae @ FQN9hzhzP_"" calls 100",2026-09-02T07:53:48.132Z,178833562813200
"""fish @ oMsP5L3lJa"" bets 100",2026-09-02T07:53:47.219Z,178833562721900
"""LingWae @ FQN9hzhzP_"" checks",2026-09-02T07:53:45.045Z,178833562504500
"Flop:  [7♠, 8♣, 5♠]",2026-09-02T07:53:40.578Z,178833562057800
"""bick and dalls @ gpP9uUffpu"" folds",2026-09-02T07:53:39.728Z,178833561972800
"""fish @ oMsP5L3lJa"" calls 100",2026-09-02T07:53:38.785Z,178833561878500
"""LingWae @ FQN9hzhzP_"" raises to 100",2026-09-02T07:53:37.576Z,178833561757600
"""bick and dalls @ gpP9uUffpu"" calls 25",2026-09-02T07:53:34.152Z,178833561415200
"""fish @ oMsP5L3lJa"" raises to 25",2026-09-02T07:53:33.189Z,178833561318900
"""LingWae @ FQN9hzhzP_"" posts a big blind of 10",2026-09-02T07:53:30.372Z,178833561037206
"""bick and dalls @ gpP9uUffpu"" posts a small blind of 5",2026-09-02T07:53:30.372Z,178833561037205
"Player stacks: #1 ""bick and dalls @ gpP9uUffpu"" (1016) | #2 ""LingWae @ FQN9hzhzP_"" (1484) | #5 ""fish @ oMsP5L3lJa"" (4988)",2026-09-02T07:53:30.372Z,178833561037201
"-- starting hand #248 (id: j7ukrzfrwrsr)  No Limit Texas Hold'em (dealer: ""fish @ oMsP5L3lJa"") --",2026-09-02T07:53:30.372Z,178833561037200
"""fish @ oMsP5L3lJa"" shows a 10♠.",2026-09-02T07:53:26.046Z,178833560604600
"""LingWae @ FQN9hzhzP_"" shows a 5♠, 4♠.",2026-09-02T07:53:24.455Z,178833560445500
"Undealt cards: K♥, 3♥, 2♣, 10♥ [A♠]",2026-09-02T07:53:24.435Z,178833560443500
"-- ending hand #247 --",2026-09-02T07:53:22.970Z,178833560297002
"""fish @ oMsP5L3lJa"" collected 209 from pot",2026-09-02T07:53:22.970Z,178833560297001
"Uncalled bet of 100 returned to ""fish @ oMsP5L3lJa""",2026-09-02T07:53:22.970Z,178833560297000
"""LingWae @ FQN9hzhzP_"" folds",2026-09-02T07:53:22.133Z,178833560213300
"""fish @ oMsP5L3lJa"" bets 100",2026-09-02T07:53:20.515Z,178833560051500
"Turn: K♥, 3♥, 2♣ [10♥]",2026-09-02T07:53:17.568Z,178833559756800
"""bick and dalls @ gpP9uUffpu"" folds",2026-09-02T07:53:16.742Z,178833559674200
"""fish @ oMsP5L3lJa"" calls 52",2026-09-02T07:53:15.499Z,178833559549900
"""LingWae @ FQN9hzhzP_"" bets 52",2026-09-02T07:53:10.580Z,178833559058000
"""bick and dalls @ gpP9uUffpu"" checks",2026-09-02T07:53:07.562Z,178833558756200
"""fish @ oMsP5L3lJa"" checks",2026-09-02T07:53:06.089Z,178833558608900
"Flop:  [K♥, 3♥, 2♣]",2026-09-02T07:53:04.356Z,178833558435600
"""bick and dalls @ gpP9uUffpu"" calls 35",2026-09-02T07:53:03.506Z,178833558350600
"""fish @ oMsP5L3lJa"" calls 35",2026-09-02T07:53:02.586Z,178833558258600
"""LingWae @ FQN9hzhzP_"" raises to 35",2026-09-02T07:53:00.336Z,178833558033600
"""bick and dalls @ gpP9uUffpu"" posts a big blind of 10",2026-09-02T07:52:57.678Z,178833557767806
"""fish @ oMsP5L3lJa"" posts a small blind of 5",2026-09-02T07:52:57.678Z,178833557767805
"Player stacks: #1 ""bick and dalls @ gpP9uUffpu"" (1051) | #2 ""LingWae @ FQN9hzhzP_"" (1571) | #5 ""fish @ oMsP5L3lJa"" (4866)",2026-09-02T07:52:57.678Z,178833557767801
"-- starting hand #247 (id: c8yqxlzx66nd)  No Limit Texas Hold'em (dealer: ""LingWae @ FQN9hzhzP_"") --",2026-09-02T07:52:57.678Z,178833557767800
"""LingWae @ FQN9hzhzP_"" shows a 3♣, 3♦.",2026-09-02T07:52:52.331Z,178833557233100
"-- ending hand #246 --",2026-09-02T07:52:51.074Z,178833557107404
"""fish @ oMsP5L3lJa"" collected 311 from pot with Pair, K's (combination: 6♦, 7♣, 10♠, K♦, K♣)",2026-09-02T07:52:51.074Z,178833557107403
"""bick and dalls @ gpP9uUffpu"" collected 311 from pot with Pair, K's (combination: 6♦, 7♣, 10♠, K♠, K♣)",2026-09-02T07:52:51.074Z,178833557107402
"""fish @ oMsP5L3lJa"" shows a 2♦, K♦.",2026-09-02T07:52:51.074Z,178833557107401
"""bick and dalls @ gpP9uUffpu"" shows a K♠, 2♠.",2026-09-02T07:52:51.074Z,178833557107400
"""fish @ oMsP5L3lJa"" calls 111",2026-09-02T07:52:50.162Z,178833557016200
"""bick and dalls @ gpP9uUffpu"" bets 111",2026-09-02T07:52:49.221Z,178833556922100
"""fish @ oMsP5L3lJa"" checks",2026-09-02T07:52:46.819Z,178833556681900
"River: 6♦, K♣, 7♣, 10♠ [5♥]",2026-09-02T07:52:45.705Z,178833556570500
"""fish @ oMsP5L3lJa"" calls 90",2026-09-02T07:52:44.891Z,178833556489100
"""LingWae @ FQN9hzhzP_"" folds",2026-09-02T07:52:43.934Z,178833556393400
"""bick and dalls @ gpP9uUffpu"" raises to 90",2026-09-02T07:52:41.995Z,178833556199500
"""fish @ oMsP5L3lJa"" calls 10",2026-09-02T07:52:39.619Z,178833555961900
"""LingWae @ FQN9hzhzP_"" bets 10",2026-09-02T07:52:38.287Z,178833555828700
"Turn: 6♦, K♣, 7♣ [10♠]",2026-09-02T07:52:35.660Z,178833555566000
"""LingWae @ FQN9hzhzP_"" calls 40",2026-09-02T07:52:34.790Z,178833555479000
"""bick and dalls @ gpP9uUffpu"" calls 40",2026-09-02T07:52:31.980Z,178833555198000
"""fish @ oMsP5L3lJa"" bets 40",2026-09-02T07:52:31.015Z,178833555101500
"""LingWae @ FQN9hzhzP_"" checks",2026-09-02T07:52:28.246Z,178833554824600
"Flop:  [6♦, K♣, 7♣]",2026-09-02T07:52:25.902Z,178833554590200
"""fish @ oMsP5L3lJa"" calls 30",2026-09-02T07:52:25.094Z,178833554509400
"""LingWae @ FQN9hzhzP_"" calls 30",2026-09-02T07:52:21.528Z,178833554152800
"""bick and dalls @ gpP9uUffpu"" raises to 30",2026-09-02T07:52:12.439Z,178833553243900
"""fish @ oMsP5L3lJa"" posts a big blind of 10",2026-09-02T07:52:10.335Z,178833553033506
"""LingWae @ FQN9hzhzP_"" posts a small blind of 5",2026-09-02T07:52:10.335Z,178833553033505
"Your hand is K♠, 2♠",2026-09-02T07:52:10.335Z,178833553033502
"Player stacks: #1 ""bick and dalls @ gpP9uUffpu"" (1011) | #2 ""LingWae @ FQN9hzhzP_"" (1651) | #5 ""fish @ oMsP5L3lJa"" (4826)",2026-09-02T07:52:10.335Z,178833553033501
"-- starting hand #246 (id: sw6nj6d819zk)  No Limit Texas Hold'em (dealer: ""bick and dalls @ gpP9uUffpu"") --",2026-09-02T07:52:10.335Z,178833553033500
"""LingWae @ FQN9hzhzP_"" shows a 8♠, 4♥.",2026-09-02T07:52:08.258Z,178833552825800
"-- ending hand #245 --",2026-09-02T07:52:06.710Z,178833552671002
"""fish @ oMsP5L3lJa"" collected 325 from pot",2026-09-02T07:52:06.710Z,178833552671001
"Uncalled bet of 150 returned to ""fish @ oMsP5L3lJa""",2026-09-02T07:52:06.710Z,178833552671000
"""bick and dalls @ gpP9uUffpu"" folds",2026-09-02T07:52:05.894Z,178833552589400
"""fish @ oMsP5L3lJa"" bets 150",2026-09-02T07:52:04.239Z,178833552423900
"""bick and dalls @ gpP9uUffpu"" checks",2026-09-02T07:52:00.851Z,178833552085100
"River: J♣, 7♠, A♣, 6♦ [Q♠]",2026-09-02T07:51:57.734Z,178833551773400
"""fish @ oMsP5L3lJa"" calls 80",2026-09-02T07:51:56.868Z,178833551686800
"""bick and dalls @ gpP9uUffpu"" bets 80",2026-09-02T07:51:55.474Z,178833551547400
"Turn: J♣, 7♠, A♣ [6♦]",2026-09-02T07:51:51.530Z,178833551153000
"""fish @ oMsP5L3lJa"" calls 30",2026-09-02T07:51:50.695Z,178833551069500
"""LingWae @ FQN9hzhzP_"" folds",2026-09-02T07:51:49.584Z,178833550958400
"""bick and dalls @ gpP9uUffpu"" bets 30",2026-09-02T07:51:47.061Z,178833550706100
"Flop:  [J♣, 7♠, A♣]",2026-09-02T07:51:44.664Z,178833550466400
"""LingWae @ FQN9hzhzP_"" calls 35",2026-09-02T07:51:43.816Z,178833550381600
"""bick and dalls @ gpP9uUffpu"" calls 35",2026-09-02T07:51:42.871Z,178833550287100
"""fish @ oMsP5L3lJa"" raises to 35",2026-09-02T07:51:41.828Z,178833550182800
"""LingWae @ FQN9hzhzP_"" posts a big blind of 10",2026-09-02T07:51:39.451Z,178833549945106
"""bick and dalls @ gpP9uUffpu"" posts a small blind of 5",2026-09-02T07:51:39.451Z,178833549945105
"Player stacks: #1 ""bick and dalls @ gpP9uUffpu"" (1156) | #2 ""LingWae @ FQN9hzhzP_"" (1686) | #5 ""fish @ oMsP5L3lJa"" (4646)",2026-09-02T07:51:39.451Z,178833549945101
"-- starting hand #245 (id: mb0qveus2jip)  No Limit Texas Hold'em (dealer: ""fish @ oMsP5L3lJa"") --",2026-09-02T07:51:39.451Z,178833549945100
"""bick and dalls @ gpP9uUffpu"" shows a 4♠, A♥.",2026-09-02T07:51:34.837Z,178833549483700
"""LingWae @ FQN9hzhzP_"" shows a 9♠, K♣.",2026-09-02T07:51:34.783Z,178833549478300
"-- ending hand #244 --",2026-09-02T07:51:32.447Z,178833549244702
"""fish @ oMsP5L3lJa"" collected 510 from pot with Two Pair, K's & 5's (combination: A♦, 5♣, 5♥, K♦, K♥)",2026-09-02T07:51:32.447Z,178833549244701
"""fish @ oMsP5L3lJa"" shows a 5♣, K♦.",2026-09-02T07:51:32.447Z,178833549244700
"""LingWae @ FQN9hzhzP_"" calls 100",2026-09-02T07:51:31.587Z,178833549158700
"""bick and dalls @ gpP9uUffpu"" calls 100",2026-09-02T07:51:29.596Z,178833548959600
"""fish @ oMsP5L3lJa"" bets 100",2026-09-02T07:51:28.454Z,178833548845400
"River: A♦, Q♦, K♥, 7♣ [5♥]",2026-09-02T07:51:24.900Z,178833548490000
"""fish @ oMsP5L3lJa"" calls 30",2026-09-02T07:51:24.053Z,178833548405300
"""LingWae @ FQN9hzhzP_"" calls 30",2026-09-02T07:51:22.568Z,178833548256800
"""bick and dalls @ gpP9uUffpu"" bets 30",2026-09-02T07:51:15.610Z,178833547561000
"""fish @ oMsP5L3lJa"" checks",2026-09-02T07:51:12.983Z,178833547298300
"Turn: A♦, Q♦, K♥ [7♣]",2026-09-02T07:51:11.893Z,178833547189300
"""LingWae @ FQN9hzhzP_"" calls 30",2026-09-02T07:51:11.066Z,178833547106600
"""bick and dalls @ gpP9uUffpu"" calls 30",2026-09-02T07:51:10.119Z,178833547011900
"""fish @ oMsP5L3lJa"" bets 30",2026-09-02T07:51:09.195Z,178833546919500
"Flop:  [A♦, Q♦, K♥]",2026-09-02T07:51:05.290Z,178833546529000
"""bick and dalls @ gpP9uUffpu"" checks",2026-09-02T07:51:04.469Z,178833546446900
"""fish @ oMsP5L3lJa"" calls 10",2026-09-02T07:51:03.547Z,178833546354700
"""LingWae @ FQN9hzhzP_"" calls 10",2026-09-02T07:51:02.052Z,178833546205200
"""bick and dalls @ gpP9uUffpu"" posts a big blind of 10",2026-09-02T07:50:55.426Z,178833545542606
"""fish @ oMsP5L3lJa"" posts a small blind of 5",2026-09-02T07:50:55.426Z,178833545542605
"Your hand is 4♠, A♥",2026-09-02T07:50:55.426Z,178833545542602
"Player stacks: #1 ""bick and dalls @ gpP9uUffpu"" (1326) | #2 ""LingWae @ FQN9hzhzP_"" (1856) | #5 ""fish @ oMsP5L3lJa"" (4306)",2026-09-02T07:50:55.426Z,178833545542601
"-- starting hand #244 (id: tpeuwgvhzzth)  No Limit Texas Hold'em (dealer: ""LingWae @ FQN9hzhzP_"") --",2026-09-02T07:50:55.426Z,178833545542600
"""LingWae @ FQN9hzhzP_"" shows a 5♠.",2026-09-02T07:50:52.621Z,178833545262100
"-- ending hand #243 --",2026-09-02T07:50:51.769Z,178833545176902
"""LingWae @ FQN9hzhzP_"" collected 270 from pot",2026-09-02T07:50:51.769Z,178833545176901
"Uncalled bet of 202 returned to ""LingWae @ FQN9hzhzP_""",2026-09-02T07:50:51.769Z,178833545176900
"""bick and dalls @ gpP9uUffpu"" folds",2026-09-02T07:50:50.926Z,178833545092600
"""fish @ oMsP5L3lJa"" folds",2026-09-02T07:50:49.980Z,178833544998000
"""LingWae @ FQN9hzhzP_"" raises to 292",2026-09-02T07:50:48.238Z,178833544823800
"""bick and dalls @ gpP9uUffpu"" bets 90",2026-09-02T07:50:43.146Z,178833544314600
"""fish @ oMsP5L3lJa"" checks",2026-09-02T07:50:41.472Z,178833544147200
"""LingWae @ FQN9hzhzP_"" checks",2026-09-02T07:50:40.349Z,178833544034900
"River: A♣, 2♦, 2♠, 5♥ [5♦]",2026-09-02T07:50:37.471Z,178833543747100
"""bick and dalls @ gpP9uUffpu"" checks",2026-09-02T07:50:36.663Z,178833543666300
"""fish @ oMsP5L3lJa"" checks",2026-09-02T07:50:35.723Z,178833543572300
"""LingWae @ FQN9hzhzP_"" checks",2026-09-02T07:50:34.707Z,178833543470700
"Turn: A♣, 2♦, 2♠ [5♥]",2026-09-02T07:50:31.809Z,178833543180900
"""bick and dalls @ gpP9uUffpu"" checks",2026-09-02T07:50:30.979Z,178833543097900
"""fish @ oMsP5L3lJa"" checks",2026-09-02T07:50:29.444Z,178833542944400
"""LingWae @ FQN9hzhzP_"" checks",2026-09-02T07:50:28.484Z,178833542848400
"Flop:  [A♣, 2♦, 2♠]",2026-09-02T07:50:25.753Z,178833542575300
"""fish @ oMsP5L3lJa"" calls 30",2026-09-02T07:50:24.861Z,178833542486100
"""LingWae @ FQN9hzhzP_"" calls 30",2026-09-02T07:50:23.112Z,178833542311200
"""bick and dalls @ gpP9uUffpu"" raises to 30",2026-09-02T07:50:19.427Z,178833541942700
"""fish @ oMsP5L3lJa"" posts a big blind of 10",2026-09-02T07:50:13.800Z,178833541380006
"""LingWae @ FQN9hzhzP_"" posts a small blind of 5",2026-09-02T07:50:13.800Z,178833541380005
"Player stacks: #1 ""bick and dalls @ gpP9uUffpu"" (1446) | #2 ""LingWae @ FQN9hzhzP_"" (1706) | #5 ""fish @ oMsP5L3lJa"" (4336)",2026-09-02T07:50:13.800Z,178833541380001
"-- starting hand #243 (id: dzw4vkouhiis)  No Limit Texas Hold'em (dealer: ""bick and dalls @ gpP9uUffpu"") --",2026-09-02T07:50:13.800Z,178833541380000
"""fish @ oMsP5L3lJa"" shows a K♥.",2026-09-02T07:50:08.214Z,178833540821400
"""bick and dalls @ gpP9uUffpu"" shows a 7♥.",2026-09-02T07:50:07.905Z,178833540790500
"Undealt cards: 5♥, 10♦, 8♥, 6♥ [9♥]",2026-09-02T07:50:06.814Z,178833540681400
"""LingWae @ FQN9hzhzP_"" shows a J♥.",2026-09-02T07:50:06.604Z,178833540660400
"-- ending hand #242 --",2026-09-02T07:50:05.793Z,178833540579302
"""LingWae @ FQN9hzhzP_"" collected 409 from pot",2026-09-02T07:50:05.793Z,178833540579301
"Uncalled bet of 1297 returned to ""LingWae @ FQN9hzhzP_""",2026-09-02T07:50:05.793Z,178833540579300
"""fish @ oMsP5L3lJa"" folds",2026-09-02T07:50:04.940Z,178833540494000
"""LingWae @ FQN9hzhzP_"" raises to 1397 and go all in",2026-09-02T07:49:53.408Z,178833539340800
"""fish @ oMsP5L3lJa"" bets 100",2026-09-02T07:49:51.662Z,178833539166200
"""LingWae @ FQN9hzhzP_"" checks",2026-09-02T07:49:50.021Z,178833539002100
"Turn: 5♥, 10♦, 8♥ [6♥]",2026-09-02T07:49:48.465Z,178833538846500
"""fish @ oMsP5L3lJa"" checks",2026-09-02T07:49:47.662Z,178833538766200
"""LingWae @ FQN9hzhzP_"" checks",2026-09-02T07:49:46.430Z,178833538643000
"Flop:  [5♥, 10♦, 8♥]",2026-09-02T07:49:44.369Z,178833538436900
"""bick and dalls @ gpP9uUffpu"" folds",2026-09-02T07:49:43.474Z,178833538347400
"""fish @ oMsP5L3lJa"" calls 87",2026-09-02T07:49:42.556Z,178833538255600
"""LingWae @ FQN9hzhzP_"" raises to 87",2026-09-02T07:49:41.390Z,178833538139000
"""bick and dalls @ gpP9uUffpu"" calls 35",2026-09-02T07:49:37.952Z,178833537795200
"""fish @ oMsP5L3lJa"" raises to 35",2026-09-02T07:49:36.883Z,178833537688300
"""LingWae @ FQN9hzhzP_"" posts a big blind of 10",2026-09-02T07:49:34.564Z,178833537456406
"""bick and dalls @ gpP9uUffpu"" posts a small blind of 5",2026-09-02T07:49:34.564Z,178833537456405
"Player stacks: #1 ""bick and dalls @ gpP9uUffpu"" (1481) | #2 ""LingWae @ FQN9hzhzP_"" (1484) | #5 ""fish @ oMsP5L3lJa"" (4523)",2026-09-02T07:49:34.564Z,178833537456401
"-- starting hand #242 (id: 15tv6cc9xcqx)  No Limit Texas Hold'em (dealer: ""fish @ oMsP5L3lJa"") --",2026-09-02T07:49:34.564Z,178833537456400
"-- ending hand #241 --",2026-09-02T07:49:28.459Z,178833536845904
"""fish @ oMsP5L3lJa"" collected 656 from pot with Full House, 5's over 7's (combination: 7♦, 7♠, 5♦, 5♥, 5♣)",2026-09-02T07:49:28.459Z,178833536845903
"""bick and dalls @ gpP9uUffpu"" collected 655 from pot with Full House, 5's over 7's (combination: 7♣, 7♠, 5♦, 5♥, 5♣)",2026-09-02T07:49:28.459Z,178833536845902
"""fish @ oMsP5L3lJa"" shows a K♣, 7♦.",2026-09-02T07:49:28.459Z,178833536845901
"""bick and dalls @ gpP9uUffpu"" shows a 2♥, 7♣.",2026-09-02T07:49:28.459Z,178833536845900
"""fish @ oMsP5L3lJa"" calls 333",2026-09-02T07:49:27.611Z,178833536761100
"""LingWae @ FQN9hzhzP_"" folds",2026-09-02T07:49:25.472Z,178833536547200
"""bick and dalls @ gpP9uUffpu"" bets 333",2026-09-02T07:49:24.407Z,178833536440700
"""fish @ oMsP5L3lJa"" checks",2026-09-02T07:49:21.847Z,178833536184700
"River: 5♦, 5♥, 7♠, 5♣ [J♥]",2026-09-02T07:49:20.357Z,178833536035700
"""fish @ oMsP5L3lJa"" calls 129",2026-09-02T07:49:19.497Z,178833535949700
"""LingWae @ FQN9hzhzP_"" calls 129",2026-09-02T07:49:13.870Z,178833535387000
"""bick and dalls @ gpP9uUffpu"" bets 129",2026-09-02T07:49:12.114Z,178833535211400
"""fish @ oMsP5L3lJa"" checks",2026-09-02T07:49:09.100Z,178833534910000
"Turn: 5♦, 5♥, 7♠ [5♣]",2026-09-02T07:49:06.448Z,178833534644800
"""LingWae @ FQN9hzhzP_"" calls 50",2026-09-02T07:49:05.561Z,178833534556100
"""bick and dalls @ gpP9uUffpu"" calls 50",2026-09-02T07:49:04.559Z,178833534455900
"""fish @ oMsP5L3lJa"" bets 50",2026-09-02T07:49:01.824Z,178833534182400
"Flop:  [5♦, 5♥, 7♠]",2026-09-02T07:48:58.893Z,178833533889300
"""bick and dalls @ gpP9uUffpu"" calls 36",2026-09-02T07:48:58.078Z,178833533807800
"""fish @ oMsP5L3lJa"" calls 36",2026-09-02T07:48:56.313Z,178833533631300
"""LingWae @ FQN9hzhzP_"" raises to 36",2026-09-02T07:48:53.526Z,178833533352600
"""bick and dalls @ gpP9uUffpu"" posts a big blind of 10",2026-09-02T07:48:47.595Z,178833532759506
"""fish @ oMsP5L3lJa"" posts a small blind of 5",2026-09-02T07:48:47.595Z,178833532759505
"Your hand is 2♥, 7♣",2026-09-02T07:48:47.595Z,178833532759502
"Player stacks: #1 ""bick and dalls @ gpP9uUffpu"" (1374) | #2 ""LingWae @ FQN9hzhzP_"" (1699) | #5 ""fish @ oMsP5L3lJa"" (4415)",2026-09-02T07:48:47.595Z,178833532759501
"-- starting hand #241 (id: nulbdompvgbc)  No Limit Texas Hold'em (dealer: ""LingWae @ FQN9hzhzP_"") --",2026-09-02T07:48:47.595Z,178833532759500
"""fish @ oMsP5L3lJa"" shows a 2♥.",2026-09-02T07:48:44.811Z,178833532481100
"""LingWae @ FQN9hzhzP_"" shows a 5♣.",2026-09-02T07:48:43.995Z,178833532399500
"-- ending hand #240 --",2026-09-02T07:48:43.250Z,178833532325002
"""fish @ oMsP5L3lJa"" collected 150 from pot",2026-09-02T07:48:43.250Z,178833532325001
"Uncalled bet of 240 returned to ""fish @ oMsP5L3lJa""",2026-09-02T07:48:43.250Z,178833532325000
"""bick and dalls @ gpP9uUffpu"" folds",2026-09-02T07:48:42.428Z,178833532242800
"""fish @ oMsP5L3lJa"" raises to 270",2026-09-02T07:48:33.303Z,178833531330300
"""LingWae @ FQN9hzhzP_"" folds",2026-09-02T07:48:30.680Z,178833531068000
"""bick and dalls @ gpP9uUffpu"" raises to 30",2026-09-02T07:48:28.521Z,178833530852100
"""fish @ oMsP5L3lJa"" bets 10",2026-09-02T07:48:25.445Z,178833530544500
"""LingWae @ FQN9hzhzP_"" checks",2026-09-02T07:48:23.404Z,178833530340400
"River: 5♥, 9♣, 10♣, 6♦ [10♠]",2026-09-02T07:48:19.579Z,178833529957900
"""bick and dalls @ gpP9uUffpu"" checks",2026-09-02T07:48:18.682Z,178833529868200
"""fish @ oMsP5L3lJa"" checks",2026-09-02T07:48:17.762Z,178833529776200
"""LingWae @ FQN9hzhzP_"" checks",2026-09-02T07:48:16.215Z,178833529621500
"Turn: 5♥, 9♣, 10♣ [6♦]",2026-09-02T07:48:12.782Z,178833529278200
"""bick and dalls @ gpP9uUffpu"" checks",2026-09-02T07:48:11.952Z,178833529195200
"""fish @ oMsP5L3lJa"" checks",2026-09-02T07:48:10.945Z,178833529094500
"""LingWae @ FQN9hzhzP_"" checks",2026-09-02T07:48:09.727Z,178833528972700
"Flop:  [5♥, 9♣, 10♣]",2026-09-02T07:48:05.171Z,178833528517100
"""fish @ oMsP5L3lJa"" calls 30",2026-09-02T07:48:04.311Z,178833528431100
"""LingWae @ FQN9hzhzP_"" calls 30",2026-09-02T07:48:01.857Z,178833528185700
"""bick and dalls @ gpP9uUffpu"" raises to 30",2026-09-02T07:47:58.463Z,178833527846300
"""fish @ oMsP5L3lJa"" posts a big blind of 10",2026-09-02T07:47:56.572Z,178833527657206
"""LingWae @ FQN9hzhzP_"" posts a small blind of 5",2026-09-02T07:47:56.572Z,178833527657205
"Player stacks: #1 ""bick and dalls @ gpP9uUffpu"" (1434) | #2 ""LingWae @ FQN9hzhzP_"" (1729) | #5 ""fish @ oMsP5L3lJa"" (4325)",2026-09-02T07:47:56.572Z,178833527657201
"-- starting hand #240 (id: 97lohdeioe49)  No Limit Texas Hold'em (dealer: ""bick and dalls @ gpP9uUffpu"") --",2026-09-02T07:47:56.572Z,178833527657200
"""LingWae @ FQN9hzhzP_"" shows a Q♥.",2026-09-02T07:47:54.972Z,178833527497200
"""LingWae @ FQN9hzhzP_"" shows a 9♥.",2026-09-02T07:47:52.463Z,178833527246300
"Undealt cards: 3♦, 9♠, 2♠ [4♠, A♦]",2026-09-02T07:47:50.374Z,178833527037400
"-- ending hand #239 --",2026-09-02T07:47:49.969Z,178833526996902
"""LingWae @ FQN9hzhzP_"" collected 284 from pot",2026-09-02T07:47:49.969Z,178833526996901
"Uncalled bet of 213 returned to ""LingWae @ FQN9hzhzP_""",2026-09-02T07:47:49.969Z,178833526996900
"""bick and dalls @ gpP9uUffpu"" folds",2026-09-02T07:47:49.123Z,178833526912300
"""fish @ oMsP5L3lJa"" folds",2026-09-02T07:47:47.677Z,178833526767700
"""LingWae @ FQN9hzhzP_"" raises to 280",2026-09-02T07:47:46.372Z,178833526637200
"""bick and dalls @ gpP9uUffpu"" bets 67",2026-09-02T07:47:43.215Z,178833526321500
"Flop:  [3♦, 9♠, 2♠]",2026-09-02T07:47:39.559Z,178833525955900
"""fish @ oMsP5L3lJa"" calls 50",2026-09-02T07:47:38.748Z,178833525874800
"""LingWae @ FQN9hzhzP_"" calls 50",2026-09-02T07:47:37.852Z,178833525785200
"""bick and dalls @ gpP9uUffpu"" raises to 50",2026-09-02T07:47:35.513Z,178833525551300
"""fish @ oMsP5L3lJa"" calls 10",2026-09-02T07:47:33.012Z,178833525301200
"""LingWae @ FQN9hzhzP_"" posts a big blind of 10",2026-09-02T07:47:31.488Z,178833525148806
"""bick and dalls @ gpP9uUffpu"" posts a small blind of 5",2026-09-02T07:47:31.488Z,178833525148805
"Player stacks: #1 ""bick and dalls @ gpP9uUffpu"" (1551) | #2 ""LingWae @ FQN9hzhzP_"" (1562) | #5 ""fish @ oMsP5L3lJa"" (4375)",2026-09-02T07:47:31.488Z,178833525148801
"-- starting hand #239 (id: jekqxe7dcqdj)  No Limit Texas Hold'em (dealer: ""fish @ oMsP5L3lJa"") --",2026-09-02T07:47:31.488Z,178833525148800
"-- ending hand #238 --",2026-09-02T07:47:28.553Z,178833524855302
"""LingWae @ FQN9hzhzP_"" collected 260 from pot",2026-09-02T07:47:28.553Z,178833524855301
"Uncalled bet of 195 returned to ""LingWae @ FQN9hzhzP_""",2026-09-02T07:47:28.553Z,178833524855300
"""bick and dalls @ gpP9uUffpu"" folds",2026-09-02T07:47:27.684Z,178833524768400
"""fish @ oMsP5L3lJa"" folds",2026-09-02T07:47:25.907Z,178833524590700
"""LingWae @ FQN9hzhzP_"" raises to 235",2026-09-02T07:47:24.612Z,178833524461200
"""bick and dalls @ gpP9uUffpu"" bets 40",2026-09-02T07:47:18.065Z,178833523806500
"""fish @ oMsP5L3lJa"" checks",2026-09-02T07:47:14.668Z,178833523466800
"River: J♥, 7♠, 9♦, 7♦ [5♣]",2026-09-02T07:47:13.650Z,178833523365000
"""LingWae @ FQN9hzhzP_"" checks",2026-09-02T07:47:12.758Z,178833523275800
"""bick and dalls @ gpP9uUffpu"" checks",2026-09-02T07:47:04.379Z,178833522437900
"""fish @ oMsP5L3lJa"" checks",2026-09-02T07:47:03.407Z,178833522340700
"Turn: J♥, 7♠, 9♦ [7♦]",2026-09-02T07:47:01.048Z,178833522104800
"""LingWae @ FQN9hzhzP_"" calls 50",2026-09-02T07:47:00.195Z,178833522019500
"""bick and dalls @ gpP9uUffpu"" calls 50",2026-09-02T07:46:58.671Z,178833521867100
"""fish @ oMsP5L3lJa"" raises to 50",2026-09-02T07:46:57.103Z,178833521710300
"""LingWae @ FQN9hzhzP_"" calls 10",2026-09-02T07:46:54.232Z,178833521423200
"""bick and dalls @ gpP9uUffpu"" bets 10",2026-09-02T07:46:53.257Z,178833521325700
"""fish @ oMsP5L3lJa"" checks",2026-09-02T07:46:51.523Z,178833521152300
"Flop:  [J♥, 7♠, 9♦]",2026-09-02T07:46:50.186Z,178833521018600
"""bick and dalls @ gpP9uUffpu"" checks",2026-09-02T07:46:49.339Z,178833520933900
"""fish @ oMsP5L3lJa"" calls 10",2026-09-02T07:46:48.415Z,178833520841500
"""LingWae @ FQN9hzhzP_"" calls 10",2026-09-02T07:46:47.002Z,178833520700200
"""bick and dalls @ gpP9uUffpu"" posts a big blind of 10",2026-09-02T07:46:45.178Z,178833520517806
"""fish @ oMsP5L3lJa"" posts a small blind of 5",2026-09-02T07:46:45.178Z,178833520517805
"Player stacks: #1 ""bick and dalls @ gpP9uUffpu"" (1651) | #2 ""LingWae @ FQN9hzhzP_"" (1402) | #5 ""fish @ oMsP5L3lJa"" (4435)",2026-09-02T07:46:45.178Z,178833520517801
"-- starting hand #238 (id: bsij45uexqu3)  No Limit Texas Hold'em (dealer: ""LingWae @ FQN9hzhzP_"") --",2026-09-02T07:46:45.178Z,178833520517800
"-- ending hand #237 --",2026-09-02T07:46:39.064Z,178833519906403
"""bick and dalls @ gpP9uUffpu"" collected 180 from pot with Two Pair, K's & J's (combination: 6♦, J♣, J♠, K♦, K♥)",2026-09-02T07:46:39.064Z,178833519906402
"""bick and dalls @ gpP9uUffpu"" shows a J♣, 6♦.",2026-09-02T07:46:39.064Z,178833519906401
"""fish @ oMsP5L3lJa"" shows a Q♠, 10♥.",2026-09-02T07:46:39.064Z,178833519906400
"""bick and dalls @ gpP9uUffpu"" calls 45",2026-09-02T07:46:38.234Z,178833519823400
"""fish @ oMsP5L3lJa"" bets 45",2026-09-02T07:46:36.634Z,178833519663400
"River: 3♥, 2♥, J♠, K♦ [K♥]",2026-09-02T07:46:33.976Z,178833519397600
"""fish @ oMsP5L3lJa"" calls 30",2026-09-02T07:46:33.062Z,178833519306200
"""LingWae @ FQN9hzhzP_"" folds",2026-09-02T07:46:32.142Z,178833519214200
"""bick and dalls @ gpP9uUffpu"" bets 30",2026-09-02T07:46:30.513Z,178833519051300
"""fish @ oMsP5L3lJa"" checks",2026-09-02T07:46:27.562Z,178833518756200
"""LingWae @ FQN9hzhzP_"" checks",2026-09-02T07:46:26.527Z,178833518652700
"Turn: 3♥, 2♥, J♠ [K♦]",2026-09-02T07:46:23.773Z,178833518377300
"""bick and dalls @ gpP9uUffpu"" checks",2026-09-02T07:46:22.927Z,178833518292700
"""fish @ oMsP5L3lJa"" checks",2026-09-02T07:46:21.610Z,178833518161000
"""LingWae @ FQN9hzhzP_"" checks",2026-09-02T07:46:20.639Z,178833518063900
"Flop:  [3♥, 2♥, J♠]",2026-09-02T07:46:13.043Z,178833517304300
"""fish @ oMsP5L3lJa"" checks",2026-09-02T07:46:12.206Z,178833517220600
"""LingWae @ FQN9hzhzP_"" calls 10",2026-09-02T07:46:10.970Z,178833517097000
"""bick and dalls @ gpP9uUffpu"" calls 10",2026-09-02T07:46:06.503Z,178833516650300
"""fish @ oMsP5L3lJa"" posts a big blind of 10",2026-09-02T07:46:05.120Z,178833516512006
"""LingWae @ FQN9hzhzP_"" posts a small blind of 5",2026-09-02T07:46:05.120Z,178833516512005
"Your hand is J♣, 6♦",2026-09-02T07:46:05.120Z,178833516512002
"Player stacks: #1 ""bick and dalls @ gpP9uUffpu"" (1556) | #2 ""LingWae @ FQN9hzhzP_"" (1412) | #5 ""fish @ oMsP5L3lJa"" (4520)",2026-09-02T07:46:05.120Z,178833516512001
"-- starting hand #237 (id: 28xt4rggracg)  No Limit Texas Hold'em (dealer: ""bick and dalls @ gpP9uUffpu"") --",2026-09-02T07:46:05.120Z,178833516512000
"""LingWae @ FQN9hzhzP_"" shows a A♦.",2026-09-02T07:46:02.263Z,178833516226300
"""bick and dalls @ gpP9uUffpu"" shows a J♦.",2026-09-02T07:46:02.182Z,178833516218200
"-- ending hand #236 --",2026-09-02T07:46:00.765Z,178833516076502
"""bick and dalls @ gpP9uUffpu"" collected 374 from pot",2026-09-02T07:46:00.765Z,178833516076501
"Uncalled bet of 1182 returned to ""bick and dalls @ gpP9uUffpu""",2026-09-02T07:46:00.765Z,178833516076500
"""LingWae @ FQN9hzhzP_"" folds",2026-09-02T07:45:59.923Z,178833515992300
"""bick and dalls @ gpP9uUffpu"" raises to 1294 and go all in",2026-09-02T07:45:54.573Z,178833515457300
"""fish @ oMsP5L3lJa"" folds",2026-09-02T07:45:52.781Z,178833515278100
"""LingWae @ FQN9hzhzP_"" bets 112",2026-09-02T07:45:51.094Z,178833515109400
"""bick and dalls @ gpP9uUffpu"" checks",2026-09-02T07:45:47.671Z,178833514767100
"River: Q♥, 7♦, K♥, 3♣ [A♠]",2026-09-02T07:45:44.721Z,178833514472100
"""fish @ oMsP5L3lJa"" checks",2026-09-02T07:45:43.898Z,178833514389800
"""LingWae @ FQN9hzhzP_"" checks",2026-09-02T07:45:42.833Z,178833514283300
"""bick and dalls @ gpP9uUffpu"" checks",2026-09-02T07:45:40.258Z,178833514025800
"Turn: Q♥, 7♦, K♥ [3♣]",2026-09-02T07:45:38.962Z,178833513896200
"""fish @ oMsP5L3lJa"" checks",2026-09-02T07:45:38.128Z,178833513812800
"""LingWae @ FQN9hzhzP_"" checks",2026-09-02T07:45:36.587Z,178833513658700
"""bick and dalls @ gpP9uUffpu"" checks",2026-09-02T07:45:34.153Z,178833513415300
"Flop:  [Q♥, 7♦, K♥]",2026-09-02T07:45:30.048Z,178833513004800
"""fish @ oMsP5L3lJa"" calls 50",2026-09-02T07:45:29.191Z,178833512919100
"""LingWae @ FQN9hzhzP_"" calls 50",2026-09-02T07:45:27.904Z,178833512790400
"""bick and dalls @ gpP9uUffpu"" raises to 50",2026-09-02T07:45:26.385Z,178833512638500
"""fish @ oMsP5L3lJa"" calls 10",2026-09-02T07:45:23.038Z,178833512303800
"""LingWae @ FQN9hzhzP_"" posts a big blind of 10",2026-09-02T07:45:21.845Z,178833512184506
"""bick and dalls @ gpP9uUffpu"" posts a small blind of 5",2026-09-02T07:45:21.845Z,178833512184505
"Player stacks: #1 ""bick and dalls @ gpP9uUffpu"" (1344) | #2 ""LingWae @ FQN9hzhzP_"" (1574) | #5 ""fish @ oMsP5L3lJa"" (4570)",2026-09-02T07:45:21.845Z,178833512184501
"-- starting hand #236 (id: bng7bltsgev9)  No Limit Texas Hold'em (dealer: ""fish @ oMsP5L3lJa"") --",2026-09-02T07:45:21.845Z,178833512184500
"""LingWae @ FQN9hzhzP_"" shows a Q♦, 3♦.",2026-09-02T07:45:19.258Z,178833511925800
"-- ending hand #235 --",2026-09-02T07:45:18.240Z,178833511824002
"""LingWae @ FQN9hzhzP_"" collected 561 from pot",2026-09-02T07:45:18.240Z,178833511824001
"Uncalled bet of 1013 returned to ""LingWae @ FQN9hzhzP_""",2026-09-02T07:45:18.240Z,178833511824000
"""fish @ oMsP5L3lJa"" folds",2026-09-02T07:45:17.361Z,178833511736100
"""LingWae @ FQN9hzhzP_"" bets 1013 and go all in",2026-09-02T07:45:02.237Z,178833510223700
"""fish @ oMsP5L3lJa"" checks",2026-09-02T07:44:58.243Z,178833509824300
"River: A♠, Q♠, 4♦, 3♣ [5♣]",2026-09-02T07:44:57.045Z,178833509704500
"""fish @ oMsP5L3lJa"" calls 168",2026-09-02T07:44:56.206Z,178833509620600
"""LingWae @ FQN9hzhzP_"" bets 168",2026-09-02T07:44:54.490Z,178833509449000
"""fish @ oMsP5L3lJa"" checks",2026-09-02T07:44:50.993Z,178833509099300
"Turn: A♠, Q♠, 4♦ [3♣]",2026-09-02T07:44:49.963Z,178833508996300
"""LingWae @ FQN9hzhzP_"" calls 30",2026-09-02T07:44:49.154Z,178833508915400
"""bick and dalls @ gpP9uUffpu"" folds",2026-09-02T07:44:47.749Z,178833508774900
"""fish @ oMsP5L3lJa"" bets 30",2026-09-02T07:44:44.957Z,178833508495700
"Flop:  [A♠, Q♠, 4♦]",2026-09-02T07:44:40.467Z,178833508046700
"""bick and dalls @ gpP9uUffpu"" calls 55",2026-09-02T07:44:39.658Z,178833507965800
"""fish @ oMsP5L3lJa"" calls 55",2026-09-02T07:44:36.915Z,178833507691500
"""LingWae @ FQN9hzhzP_"" raises to 55",2026-09-02T07:44:35.138Z,178833507513800
"""bick and dalls @ gpP9uUffpu"" posts a big blind of 10",2026-09-02T07:44:27.150Z,178833506715006
"""fish @ oMsP5L3lJa"" posts a small blind of 5",2026-09-02T07:44:27.150Z,178833506715005
"Player stacks: #1 ""bick and dalls @ gpP9uUffpu"" (1399) | #2 ""LingWae @ FQN9hzhzP_"" (1266) | #5 ""fish @ oMsP5L3lJa"" (4823)",2026-09-02T07:44:27.150Z,178833506715001
"-- starting hand #235 (id: cyr4ot7ayjfl)  No Limit Texas Hold'em (dealer: ""LingWae @ FQN9hzhzP_"") --",2026-09-02T07:44:27.150Z,178833506715000
"-- ending hand #234 --",2026-09-02T07:44:21.056Z,178833506105603
"""fish @ oMsP5L3lJa"" collected 2430 from pot with Two Pair, J's & 10's (combination: Q♣, 10♦, 10♣, J♠, J♣)",2026-09-02T07:44:21.056Z,178833506105602
"""fish @ oMsP5L3lJa"" shows a J♠, 10♦.",2026-09-02T07:44:21.056Z,178833506105601
"""bick and dalls @ gpP9uUffpu"" shows a 10♠, 4♥.",2026-09-02T07:44:21.056Z,178833506105600
"""fish @ oMsP5L3lJa"" calls 1080",2026-09-02T07:44:20.208Z,178833506020800
"""bick and dalls @ gpP9uUffpu"" raises to 1080",2026-09-02T07:44:19.100Z,178833505910000
"""fish @ oMsP5L3lJa"" bets 270",2026-09-02T07:44:15.317Z,178833505531700
"River: J♣, 10♣, 9♥, 5♦ [Q♣]",2026-09-02T07:44:12.175Z,178833505217500
"""bick and dalls @ gpP9uUffpu"" calls 90",2026-09-02T07:44:11.354Z,178833505135400
"""fish @ oMsP5L3lJa"" bets 90",2026-09-02T07:44:10.413Z,178833505041300
"Turn: J♣, 10♣, 9♥ [5♦]",2026-09-02T07:44:08.250Z,178833504825000
"""LingWae @ FQN9hzhzP_"" folds",2026-09-02T07:44:07.402Z,178833504740200
"""bick and dalls @ gpP9uUffpu"" calls 30",2026-09-02T07:44:05.475Z,178833504547500
"""fish @ oMsP5L3lJa"" bets 30",2026-09-02T07:44:04.542Z,178833504454200
"""LingWae @ FQN9hzhzP_"" checks",2026-09-02T07:44:02.526Z,178833504252600
"Flop:  [J♣, 10♣, 9♥]",2026-09-02T07:44:00.891Z,178833504089100
"""fish @ oMsP5L3lJa"" checks",2026-09-02T07:44:00.075Z,178833504007500
"""LingWae @ FQN9hzhzP_"" calls 10",2026-09-02T07:43:58.857Z,178833503885700
"""bick and dalls @ gpP9uUffpu"" calls 10",2026-09-02T07:43:57.913Z,178833503791300
"""fish @ oMsP5L3lJa"" posts a big blind of 10",2026-09-02T07:43:56.484Z,178833503648406
"""LingWae @ FQN9hzhzP_"" posts a small blind of 5",2026-09-02T07:43:56.484Z,178833503648405
"Your hand is 10♠, 4♥",2026-09-02T07:43:56.484Z,178833503648402
"Player stacks: #1 ""bick and dalls @ gpP9uUffpu"" (2609) | #2 ""LingWae @ FQN9hzhzP_"" (1276) | #5 ""fish @ oMsP5L3lJa"" (3603)",2026-09-02T07:43:56.484Z,178833503648401
"-- starting hand #234 (id: s4ofcvudcwef)  No Limit Texas Hold'em (dealer: ""bick and dalls @ gpP9uUffpu"") --",2026-09-02T07:43:56.484Z,178833503648400
"""fish @ oMsP5L3lJa"" shows a 9♠.",2026-09-02T07:43:54.851Z,178833503485100
"""LingWae @ FQN9hzhzP_"" shows a 6♣, 10♦.",2026-09-02T07:43:51.933Z,178833503193300
"Undealt cards: 3♦, A♠, 3♥, K♣ [5♥]",2026-09-02T07:43:50.708Z,178833503070800
"-- ending hand #233 --",2026-09-02T07:43:49.149Z,178833502914902
"""bick and dalls @ gpP9uUffpu"" collected 135 from pot",2026-09-02T07:43:49.149Z,178833502914901
"Uncalled bet of 45 returned to ""bick and dalls @ gpP9uUffpu""",2026-09-02T07:43:49.149Z,178833502914900
"""fish @ oMsP5L3lJa"" folds",2026-09-02T07:43:48.308Z,178833502830800
"""LingWae @ FQN9hzhzP_"" folds",2026-09-02T07:43:46.601Z,178833502660100
"""bick and dalls @ gpP9uUffpu"" bets 45",2026-09-02T07:43:45.179Z,178833502517900
"Turn: 3♦, A♠, 3♥ [K♣]",2026-09-02T07:43:42.739Z,178833502273900
"""fish @ oMsP5L3lJa"" checks",2026-09-02T07:43:41.870Z,178833502187000
"""LingWae @ FQN9hzhzP_"" checks",2026-09-02T07:43:40.369Z,178833502036900
"""bick and dalls @ gpP9uUffpu"" checks",2026-09-02T07:43:39.422Z,178833501942200
"Flop:  [3♦, A♠, 3♥]",2026-09-02T07:43:37.468Z,178833501746800
"""fish @ oMsP5L3lJa"" calls 45",2026-09-02T07:43:36.560Z,178833501656000
"""LingWae @ FQN9hzhzP_"" calls 45",2026-09-02T07:43:35.531Z,178833501553100
"""bick and dalls @ gpP9uUffpu"" raises to 45",2026-09-02T07:43:34.387Z,178833501438700
"""fish @ oMsP5L3lJa"" calls 10",2026-09-02T07:43:31.563Z,178833501156300
"""LingWae @ FQN9hzhzP_"" posts a big blind of 10",2026-09-02T07:43:29.686Z,178833500968606
"""bick and dalls @ gpP9uUffpu"" posts a small blind of 5",2026-09-02T07:43:29.686Z,178833500968605
"Player stacks: #1 ""bick and dalls @ gpP9uUffpu"" (2519) | #2 ""LingWae @ FQN9hzhzP_"" (1321) | #5 ""fish @ oMsP5L3lJa"" (3648)",2026-09-02T07:43:29.686Z,178833500968601
"-- starting hand #233 (id: c0elmyacxrbz)  No Limit Texas Hold'em (dealer: ""fish @ oMsP5L3lJa"") --",2026-09-02T07:43:29.686Z,178833500968600
"""LingWae @ FQN9hzhzP_"" shows a A♦.",2026-09-02T07:43:28.117Z,178833500811700
"-- ending hand #232 --",2026-09-02T07:43:26.081Z,178833500608102
"""fish @ oMsP5L3lJa"" collected 405 from pot",2026-09-02T07:43:26.081Z,178833500608101
"Uncalled bet of 200 returned to ""fish @ oMsP5L3lJa""",2026-09-02T07:43:26.081Z,178833500608100
"""bick and dalls @ gpP9uUffpu"" folds",2026-09-02T07:43:25.235Z,178833500523500
"""fish @ oMsP5L3lJa"" bets 200",2026-09-02T07:43:23.766Z,178833500376600
"River: 9♣, K♦, 6♥, Q♠ [J♥]",2026-09-02T07:43:22.031Z,178833500203100
"""bick and dalls @ gpP9uUffpu"" calls 100",2026-09-02T07:43:21.163Z,178833500116300
"""fish @ oMsP5L3lJa"" bets 100",2026-09-02T07:43:19.883Z,178833499988300
"Turn: 9♣, K♦, 6♥ [Q♠]",2026-09-02T07:43:17.429Z,178833499742900
"""LingWae @ FQN9hzhzP_"" folds",2026-09-02T07:43:16.552Z,178833499655200
"""bick and dalls @ gpP9uUffpu"" calls 50",2026-09-02T07:43:14.317Z,178833499431700
"""fish @ oMsP5L3lJa"" bets 50",2026-09-02T07:43:11.990Z,178833499199000
"Flop:  [9♣, K♦, 6♥]",2026-09-02T07:43:08.717Z,178833498871700
"""LingWae @ FQN9hzhzP_"" calls 35",2026-09-02T07:43:07.897Z,178833498789700
"""bick and dalls @ gpP9uUffpu"" calls 35",2026-09-02T07:43:05.131Z,178833498513100
"""fish @ oMsP5L3lJa"" raises to 35",2026-09-02T07:43:04.156Z,178833498415600
"""LingWae @ FQN9hzhzP_"" calls 10",2026-09-02T07:43:01.726Z,178833498172600
"""bick and dalls @ gpP9uUffpu"" posts a big blind of 10",2026-09-02T07:42:58.780Z,178833497878006
"""fish @ oMsP5L3lJa"" posts a small blind of 5",2026-09-02T07:42:58.780Z,178833497878005
"Player stacks: #1 ""bick and dalls @ gpP9uUffpu"" (2704) | #2 ""LingWae @ FQN9hzhzP_"" (1356) | #5 ""fish @ oMsP5L3lJa"" (3428)",2026-09-02T07:42:58.780Z,178833497878001
"-- starting hand #232 (id: 4sdczlyz0por)  No Limit Texas Hold'em (dealer: ""LingWae @ FQN9hzhzP_"") --",2026-09-02T07:42:58.780Z,178833497878000
"Undealt cards:  [A♦, K♠, 3♥, 4♠, 2♠]",2026-09-02T07:42:53.142Z,178833497314200
"-- ending hand #231 --",2026-09-02T07:42:52.776Z,178833497277602
"""LingWae @ FQN9hzhzP_"" collected 110 from pot",2026-09-02T07:42:52.776Z,178833497277601
"Uncalled bet of 1246 returned to ""LingWae @ FQN9hzhzP_""",2026-09-02T07:42:52.776Z,178833497277600
"""bick and dalls @ gpP9uUffpu"" folds",2026-09-02T07:42:51.857Z,178833497185700
"""fish @ oMsP5L3lJa"" folds",2026-09-02T07:42:38.255Z,178833495825500
"""LingWae @ FQN9hzhzP_"" raises to 1296 and go all in",2026-09-02T07:42:37.298Z,178833495729800
"""bick and dalls @ gpP9uUffpu"" raises to 50",2026-09-02T07:42:26.360Z,178833494636000
"""fish @ oMsP5L3lJa"" posts a big blind of 10",2026-09-02T07:42:22.359Z,178833494235906
"""LingWae @ FQN9hzhzP_"" posts a small blind of 5",2026-09-02T07:42:22.359Z,178833494235905
"Player stacks: #1 ""bick and dalls @ gpP9uUffpu"" (2754) | #2 ""LingWae @ FQN9hzhzP_"" (1296) | #5 ""fish @ oMsP5L3lJa"" (3438)",2026-09-02T07:42:22.359Z,178833494235901
"-- starting hand #231 (id: zv5fcrvuijqy)  No Limit Texas Hold'em (dealer: ""bick and dalls @ gpP9uUffpu"") --",2026-09-02T07:42:22.359Z,178833494235900
"""fish @ oMsP5L3lJa"" shows a 6♦.",2026-09-02T07:42:19.013Z,178833493901300
"Undealt cards: 6♠, 10♣, 7♦, 3♥ [Q♥]",2026-09-02T07:42:16.892Z,178833493689200
"""LingWae @ FQN9hzhzP_"" shows a 7♠.",2026-09-02T07:42:16.587Z,178833493658700
"-- ending hand #230 --",2026-09-02T07:42:14.959Z,178833493495902
"""fish @ oMsP5L3lJa"" collected 240 from pot",2026-09-02T07:42:14.959Z,178833493495901
"Uncalled bet of 100 returned to ""fish @ oMsP5L3lJa""",2026-09-02T07:42:14.959Z,178833493495900
"""LingWae @ FQN9hzhzP_"" folds",2026-09-02T07:42:14.123Z,178833493412300
"""fish @ oMsP5L3lJa"" bets 100",2026-09-02T07:42:10.025Z,178833493002500
"""LingWae @ FQN9hzhzP_"" checks",2026-09-02T07:42:07.515Z,178833492751500
"Turn: 6♠, 10♣, 7♦ [3♥]",2026-09-02T07:42:04.753Z,178833492475300
"""bick and dalls @ gpP9uUffpu"" folds",2026-09-02T07:42:03.934Z,178833492393400
"""fish @ oMsP5L3lJa"" calls 72",2026-09-02T07:42:03.011Z,178833492301100
"""LingWae @ FQN9hzhzP_"" bets 72",2026-09-02T07:42:00.497Z,178833492049700
"""bick and dalls @ gpP9uUffpu"" checks",2026-09-02T07:41:54.599Z,178833491459900
"Flop:  [6♠, 10♣, 7♦]",2026-09-02T07:41:53.347Z,178833491334700
"""bick and dalls @ gpP9uUffpu"" calls 32",2026-09-02T07:41:52.542Z,178833491254200
"""fish @ oMsP5L3lJa"" calls 32",2026-09-02T07:41:51.571Z,178833491157100
"""LingWae @ FQN9hzhzP_"" raises to 32",2026-09-02T07:41:49.252Z,178833490925200
"""bick and dalls @ gpP9uUffpu"" calls 10",2026-09-02T07:41:46.225Z,178833490622500
"""fish @ oMsP5L3lJa"" calls 10",2026-09-02T07:41:44.845Z,178833490484500
"""LingWae @ FQN9hzhzP_"" posts a big blind of 10",2026-09-02T07:41:43.880Z,178833490388006
"""bick and dalls @ gpP9uUffpu"" posts a small blind of 5",2026-09-02T07:41:43.880Z,178833490388005
"Player stacks: #1 ""bick and dalls @ gpP9uUffpu"" (2786) | #2 ""LingWae @ FQN9hzhzP_"" (1400) | #5 ""fish @ oMsP5L3lJa"" (3302)",2026-09-02T07:41:43.880Z,178833490388001
"-- starting hand #230 (id: gmm9enoe93ea)  No Limit Texas Hold'em (dealer: ""fish @ oMsP5L3lJa"") --",2026-09-02T07:41:43.880Z,178833490388000
"""LingWae @ FQN9hzhzP_"" shows a K♥, 6♥.",2026-09-02T07:41:40.629Z,178833490062900
"Undealt cards: 10♣, 5♣, 10♥, 8♠ [5♦]",2026-09-02T07:41:38.118Z,178833489811800
"""bick and dalls @ gpP9uUffpu"" shows a 2♣, 7♠.",2026-09-02T07:41:37.426Z,178833489742600
"-- ending hand #229 --",2026-09-02T07:41:36.541Z,178833489654102
"""bick and dalls @ gpP9uUffpu"" collected 284 from pot",2026-09-02T07:41:36.541Z,178833489654101
"Uncalled bet of 150 returned to ""bick and dalls @ gpP9uUffpu""",2026-09-02T07:41:36.541Z,178833489654100
"""LingWae @ FQN9hzhzP_"" folds",2026-09-02T07:41:35.715Z,178833489571500
"""bick and dalls @ gpP9uUffpu"" bets 150",2026-09-02T07:41:32.603Z,178833489260300
"Turn: 10♣, 5♣, 10♥ [8♠]",2026-09-02T07:41:29.724Z,178833488972400
"""fish @ oMsP5L3lJa"" folds",2026-09-02T07:41:28.875Z,178833488887500
"""LingWae @ FQN9hzhzP_"" calls 67",2026-09-02T07:41:27.737Z,178833488773700
"""bick and dalls @ gpP9uUffpu"" bets 67",2026-09-02T07:41:26.002Z,178833488600200
"""fish @ oMsP5L3lJa"" checks",2026-09-02T07:41:23.297Z,178833488329700
"Flop:  [10♣, 5♣, 10♥]",2026-09-02T07:41:21.871Z,178833488187100
"""bick and dalls @ gpP9uUffpu"" calls 50",2026-09-02T07:41:21.033Z,178833488103300
"""fish @ oMsP5L3lJa"" calls 50",2026-09-02T07:41:20.109Z,178833488010900
"""LingWae @ FQN9hzhzP_"" raises to 50",2026-09-02T07:41:18.415Z,178833487841500
"""bick and dalls @ gpP9uUffpu"" posts a big blind of 10",2026-09-02T07:41:13.782Z,178833487378206
"""fish @ oMsP5L3lJa"" posts a small blind of 5",2026-09-02T07:41:13.782Z,178833487378205
"Your hand is 2♣, 7♠",2026-09-02T07:41:13.782Z,178833487378202
"Player stacks: #1 ""bick and dalls @ gpP9uUffpu"" (2619) | #2 ""LingWae @ FQN9hzhzP_"" (1517) | #5 ""fish @ oMsP5L3lJa"" (3352)",2026-09-02T07:41:13.782Z,178833487378201
"-- starting hand #229 (id: lthvnyrnfiwv)  No Limit Texas Hold'em (dealer: ""LingWae @ FQN9hzhzP_"") --",2026-09-02T07:41:13.782Z,178833487378200
"-- ending hand #228 --",2026-09-02T07:41:07.712Z,178833486771201
"""LingWae @ FQN9hzhzP_"" collected 1517 from pot with Straight, Q High (combination: 8♠, 9♦, 10♠, J♦, Q♠)",2026-09-02T07:41:07.712Z,178833486771200
"River: 10♠, Q♠, 4♠, 9♦ [2♥]",2026-09-02T07:41:03.705Z,178833486370500
"""fish @ oMsP5L3lJa"" shows a Q♦, K♠.",2026-09-02T07:40:59.685Z,178833485968501
"""LingWae @ FQN9hzhzP_"" shows a J♦, 8♠.",2026-09-02T07:40:59.685Z,178833485968500
"Some players choose to not run it twice.",2026-09-02T07:40:58.878Z,178833485887801
"""fish @ oMsP5L3lJa"" chooses to not run it twice.",2026-09-02T07:40:58.878Z,178833485887800
"Remaining players decide whether to run it twice.",2026-09-02T07:40:57.884Z,178833485788401
"""fish @ oMsP5L3lJa"" calls 656",2026-09-02T07:40:57.884Z,178833485788400
"""LingWae @ FQN9hzhzP_"" bets 656 and go all in",2026-09-02T07:40:52.195Z,178833485219500
"Turn: 10♠, Q♠, 4♠ [9♦]",2026-09-02T07:40:48.914Z,178833484891400
"""LingWae @ FQN9hzhzP_"" calls 50",2026-09-02T07:40:48.098Z,178833484809800
"""bick and dalls @ gpP9uUffpu"" folds",2026-09-02T07:40:47.185Z,178833484718500
"""fish @ oMsP5L3lJa"" bets 50",2026-09-02T07:40:46.019Z,178833484601900
"""LingWae @ FQN9hzhzP_"" checks",2026-09-02T07:40:43.116Z,178833484311600
"Flop:  [10♠, Q♠, 4♠]",2026-09-02T07:40:39.591Z,178833483959100
"""LingWae @ FQN9hzhzP_"" calls 35",2026-09-02T07:40:38.750Z,178833483875000
"""bick and dalls @ gpP9uUffpu"" calls 35",2026-09-02T07:40:37.833Z,178833483783300
"""fish @ oMsP5L3lJa"" raises to 35",2026-09-02T07:40:35.729Z,178833483572900
"""LingWae @ FQN9hzhzP_"" calls 10",2026-09-02T07:40:33.716Z,178833483371600
"""bick and dalls @ gpP9uUffpu"" calls 10",2026-09-02T07:40:31.443Z,178833483144300
"""fish @ oMsP5L3lJa"" posts a big blind of 10",2026-09-02T07:40:30.249Z,178833483024906
"""LingWae @ FQN9hzhzP_"" posts a small blind of 5",2026-09-02T07:40:30.249Z,178833483024905
"Player stacks: #1 ""bick and dalls @ gpP9uUffpu"" (2654) | #2 ""LingWae @ FQN9hzhzP_"" (741) | #5 ""fish @ oMsP5L3lJa"" (4093)",2026-09-02T07:40:30.249Z,178833483024901
"-- starting hand #228 (id: cezk9vzarr1i)  No Limit Texas Hold'em (dealer: ""bick and dalls @ gpP9uUffpu"") --",2026-09-02T07:40:30.249Z,178833483024900
"""fish @ oMsP5L3lJa"" shows a J♥.",2026-09-02T07:40:25.384Z,178833482538400
"Undealt cards: 2♦, K♣, 10♥, 9♦ [6♣]",2026-09-02T07:40:23.824Z,178833482382400
"-- ending hand #227 --",2026-09-02T07:40:23.582Z,178833482358202
"""fish @ oMsP5L3lJa"" collected 325 from pot",2026-09-02T07:40:23.582Z,178833482358201
"Uncalled bet of 200 returned to ""fish @ oMsP5L3lJa""",2026-09-02T07:40:23.582Z,178833482358200
"""bick and dalls @ gpP9uUffpu"" folds",2026-09-02T07:40:22.694Z,178833482269400
"""fish @ oMsP5L3lJa"" bets 200",2026-09-02T07:40:19.909Z,178833481990900
"""bick and dalls @ gpP9uUffpu"" checks",2026-09-02T07:40:17.173Z,178833481717300
"Turn: 2♦, K♣, 10♥ [9♦]",2026-09-02T07:40:16.176Z,178833481617600
"""LingWae @ FQN9hzhzP_"" folds",2026-09-02T07:40:15.269Z,178833481526900
"""bick and dalls @ gpP9uUffpu"" calls 80",2026-09-02T07:40:14.282Z,178833481428200
"""fish @ oMsP5L3lJa"" bets 80",2026-09-02T07:40:13.276Z,178833481327600
"""LingWae @ FQN9hzhzP_"" checks",2026-09-02T07:40:11.466Z,178833481146600
"""bick and dalls @ gpP9uUffpu"" checks",2026-09-02T07:40:10.545Z,178833481054500
"Flop:  [2♦, K♣, 10♥]",2026-09-02T07:40:08.369Z,178833480836900
"""bick and dalls @ gpP9uUffpu"" calls 55",2026-09-02T07:40:07.502Z,178833480750200
"""fish @ oMsP5L3lJa"" calls 55",2026-09-02T07:40:06.591Z,178833480659100
"""LingWae @ FQN9hzhzP_"" raises to 55",2026-09-02T07:40:05.628Z,178833480562800
"""bick and dalls @ gpP9uUffpu"" calls 10",2026-09-02T07:40:03.598Z,178833480359800
"""fish @ oMsP5L3lJa"" calls 10",2026-09-02T07:40:01.366Z,178833480136600
"""LingWae @ FQN9hzhzP_"" posts a big blind of 10",2026-09-02T07:39:59.224Z,178833479922406
"""bick and dalls @ gpP9uUffpu"" posts a small blind of 5",2026-09-02T07:39:59.224Z,178833479922405
"Player stacks: #1 ""bick and dalls @ gpP9uUffpu"" (2789) | #2 ""LingWae @ FQN9hzhzP_"" (796) | #5 ""fish @ oMsP5L3lJa"" (3903)",2026-09-02T07:39:59.224Z,178833479922401
"-- starting hand #227 (id: io1ndgsqibnx)  No Limit Texas Hold'em (dealer: ""fish @ oMsP5L3lJa"") --",2026-09-02T07:39:59.224Z,178833479922400
"Undealt cards: A♥, 5♠, 8♥ [Q♦, 5♣]",2026-09-02T07:39:54.093Z,178833479409300
"-- ending hand #226 --",2026-09-02T07:39:53.288Z,178833479328802
"""LingWae @ FQN9hzhzP_"" collected 30 from pot",2026-09-02T07:39:53.288Z,178833479328801
"Uncalled bet of 36 returned to ""LingWae @ FQN9hzhzP_""",2026-09-02T07:39:53.288Z,178833479328800
"""fish @ oMsP5L3lJa"" folds",2026-09-02T07:39:52.453Z,178833479245300
"""LingWae @ FQN9hzhzP_"" bets 36",2026-09-02T07:39:50.342Z,178833479034200
"""bick and dalls @ gpP9uUffpu"" folds",2026-09-02T07:39:46.155Z,178833478615500
"""fish @ oMsP5L3lJa"" checks",2026-09-02T07:39:44.886Z,178833478488600
"Flop:  [A♥, 5♠, 8♥]",2026-09-02T07:39:43.413Z,178833478341300
"""bick and dalls @ gpP9uUffpu"" checks",2026-09-02T07:39:42.588Z,178833478258800
"""fish @ oMsP5L3lJa"" calls 10",2026-09-02T07:39:41.639Z,178833478163900
"""LingWae @ FQN9hzhzP_"" calls 10",2026-09-02T07:39:40.658Z,178833478065800
"""bick and dalls @ gpP9uUffpu"" posts a big blind of 10",2026-09-02T07:39:38.806Z,178833477880606
"""fish @ oMsP5L3lJa"" posts a small blind of 5",2026-09-02T07:39:38.806Z,178833477880605
"Player stacks: #1 ""bick and dalls @ gpP9uUffpu"" (2799) | #2 ""LingWae @ FQN9hzhzP_"" (776) | #5 ""fish @ oMsP5L3lJa"" (3913)",2026-09-02T07:39:38.806Z,178833477880601
"-- starting hand #226 (id: dpvbndj41dns)  No Limit Texas Hold'em (dealer: ""LingWae @ FQN9hzhzP_"") --",2026-09-02T07:39:38.806Z,178833477880600
"Undealt cards: 6♣, Q♥, 8♣ [J♠, 10♥]",2026-09-02T07:39:33.631Z,178833477363100
"-- ending hand #225 --",2026-09-02T07:39:32.872Z,178833477287202
"""LingWae @ FQN9hzhzP_"" collected 144 from pot",2026-09-02T07:39:32.872Z,178833477287201
"Uncalled bet of 632 returned to ""LingWae @ FQN9hzhzP_""",2026-09-02T07:39:32.872Z,178833477287200
"""bick and dalls @ gpP9uUffpu"" folds",2026-09-02T07:39:32.008Z,178833477200800
"""LingWae @ FQN9hzhzP_"" bets 632 and go all in",2026-09-02T07:39:31.090Z,178833477109000
"Flop:  [6♣, Q♥, 8♣]",2026-09-02T07:39:27.397Z,178833476739700
"""bick and dalls @ gpP9uUffpu"" calls 67",2026-09-02T07:39:26.498Z,178833476649800
"""fish @ oMsP5L3lJa"" folds",2026-09-02T07:39:25.495Z,178833476549500
"""LingWae @ FQN9hzhzP_"" raises to 67",2026-09-02T07:39:24.487Z,178833476448700
"""bick and dalls @ gpP9uUffpu"" calls 10",2026-09-02T07:39:20.315Z,178833476031500
"""fish @ oMsP5L3lJa"" posts a big blind of 10",2026-09-02T07:39:19.468Z,178833475946806
"""LingWae @ FQN9hzhzP_"" posts a small blind of 5",2026-09-02T07:39:19.468Z,178833475946805
"Player stacks: #1 ""bick and dalls @ gpP9uUffpu"" (2866) | #2 ""LingWae @ FQN9hzhzP_"" (699) | #5 ""fish @ oMsP5L3lJa"" (3923)",2026-09-02T07:39:19.468Z,178833475946801
"-- starting hand #225 (id: ww6s3ooroxos)  No Limit Texas Hold'em (dealer: ""bick and dalls @ gpP9uUffpu"") --",2026-09-02T07:39:19.468Z,178833475946800
"Undealt cards: 10♥, 6♠, K♥ [A♦, 8♠]",2026-09-02T07:39:15.072Z,178833475507200
"""fish @ oMsP5L3lJa"" shows a 10♦.",2026-09-02T07:39:13.587Z,178833475358700
"-- ending hand #224 --",2026-09-02T07:39:12.862Z,178833475286202
"""fish @ oMsP5L3lJa"" collected 60 from pot",2026-09-02T07:39:12.862Z,178833475286201
"Uncalled bet of 30 returned to ""fish @ oMsP5L3lJa""",2026-09-02T07:39:12.862Z,178833475286200
"""LingWae @ FQN9hzhzP_"" folds",2026-09-02T07:39:12.009Z,178833475200900
"""fish @ oMsP5L3lJa"" bets 30",2026-09-02T07:39:10.253Z,178833475025300
"""LingWae @ FQN9hzhzP_"" checks",2026-09-02T07:39:08.550Z,178833474855000
"""bick and dalls @ gpP9uUffpu"" folds",2026-09-02T07:39:06.972Z,178833474697200
"Flop:  [10♥, 6♠, K♥]",2026-09-02T07:39:05.075Z,178833474507500
"""bick and dalls @ gpP9uUffpu"" calls 20",2026-09-02T07:39:04.265Z,178833474426500
"""fish @ oMsP5L3lJa"" calls 20",2026-09-02T07:39:03.356Z,178833474335600
"""LingWae @ FQN9hzhzP_"" raises to 20",2026-09-02T07:39:01.888Z,178833474188800
"""bick and dalls @ gpP9uUffpu"" calls 10",2026-09-02T07:38:59.647Z,178833473964700
"""fish @ oMsP5L3lJa"" calls 10",2026-09-02T07:38:58.649Z,178833473864900
"""LingWae @ FQN9hzhzP_"" posts a big blind of 10",2026-09-02T07:38:57.448Z,178833473744806
"""bick and dalls @ gpP9uUffpu"" posts a small blind of 5",2026-09-02T07:38:57.448Z,178833473744805
"Player stacks: #1 ""bick and dalls @ gpP9uUffpu"" (2886) | #2 ""LingWae @ FQN9hzhzP_"" (719) | #5 ""fish @ oMsP5L3lJa"" (3883)",2026-09-02T07:38:57.448Z,178833473744801
"-- starting hand #224 (id: bu5eeodbqbs7)  No Limit Texas Hold'em (dealer: ""fish @ oMsP5L3lJa"") --",2026-09-02T07:38:57.448Z,178833473744800
"""LingWae @ FQN9hzhzP_"" shows a 4♦.",2026-09-02T07:38:52.534Z,178833473253400
"-- ending hand #223 --",2026-09-02T07:38:50.943Z,178833473094304
"""fish @ oMsP5L3lJa"" collected 45 from pot with Two Pair, K's & 3's (combination: Q♥, 3♠, 3♦, K♥, K♦)",2026-09-02T07:38:50.943Z,178833473094303
"""bick and dalls @ gpP9uUffpu"" collected 45 from pot with Two Pair, K's & 3's (combination: Q♥, 3♣, 3♦, K♥, K♦)",2026-09-02T07:38:50.943Z,178833473094302
"""bick and dalls @ gpP9uUffpu"" shows a 7♥, 3♣.",2026-09-02T07:38:50.943Z,178833473094301
"""fish @ oMsP5L3lJa"" shows a 8♥, 3♠.",2026-09-02T07:38:50.943Z,178833473094300
"""LingWae @ FQN9hzhzP_"" folds",2026-09-02T07:38:50.063Z,178833473006300
"""bick and dalls @ gpP9uUffpu"" calls 30",2026-09-02T07:38:48.592Z,178833472859200
"""fish @ oMsP5L3lJa"" bets 30",2026-09-02T07:38:46.621Z,178833472662100
"River: K♥, 3♦, Q♥, J♣ [K♦]",2026-09-02T07:38:43.828Z,178833472382800
"""LingWae @ FQN9hzhzP_"" checks",2026-09-02T07:38:43.010Z,178833472301000
"""bick and dalls @ gpP9uUffpu"" checks",2026-09-02T07:38:42.068Z,178833472206800
"""fish @ oMsP5L3lJa"" checks",2026-09-02T07:38:40.644Z,178833472064400
"Turn: K♥, 3♦, Q♥ [J♣]",2026-09-02T07:38:39.027Z,178833471902700
"""LingWae @ FQN9hzhzP_"" checks",2026-09-02T07:38:38.175Z,178833471817500
"""bick and dalls @ gpP9uUffpu"" checks",2026-09-02T07:38:29.525Z,178833470952500
"""fish @ oMsP5L3lJa"" checks",2026-09-02T07:38:28.500Z,178833470850000
"Flop:  [K♥, 3♦, Q♥]",2026-09-02T07:38:25.611Z,178833470561100
"""bick and dalls @ gpP9uUffpu"" checks",2026-09-02T07:38:24.720Z,178833470472000
"""fish @ oMsP5L3lJa"" calls 10",2026-09-02T07:38:23.690Z,178833470369000
"""LingWae @ FQN9hzhzP_"" calls 10",2026-09-02T07:38:22.532Z,178833470253200
"""bick and dalls @ gpP9uUffpu"" posts a big blind of 10",2026-09-02T07:38:16.409Z,178833469640906
"""fish @ oMsP5L3lJa"" posts a small blind of 5",2026-09-02T07:38:16.409Z,178833469640905
"Your hand is 7♥, 3♣",2026-09-02T07:38:16.409Z,178833469640902
"Player stacks: #1 ""bick and dalls @ gpP9uUffpu"" (2881) | #2 ""LingWae @ FQN9hzhzP_"" (729) | #5 ""fish @ oMsP5L3lJa"" (3878)",2026-09-02T07:38:16.409Z,178833469640901
"-- starting hand #223 (id: asssidxva6nx)  No Limit Texas Hold'em (dealer: ""LingWae @ FQN9hzhzP_"") --",2026-09-02T07:38:16.409Z,178833469640900
"""LingWae @ FQN9hzhzP_"" shows a 6♥, A♦.",2026-09-02T07:38:14.075Z,178833469407500
"""bick and dalls @ gpP9uUffpu"" shows a 5♥, A♣.",2026-09-02T07:38:12.528Z,178833469252800
"-- ending hand #222 --",2026-09-02T07:38:12.067Z,178833469206702
"""fish @ oMsP5L3lJa"" collected 1540 from pot",2026-09-02T07:38:12.067Z,178833469206701
"Uncalled bet of 700 returned to ""fish @ oMsP5L3lJa""",2026-09-02T07:38:12.067Z,178833469206700
"""bick and dalls @ gpP9uUffpu"" folds",2026-09-02T07:38:11.223Z,178833469122300
"""fish @ oMsP5L3lJa"" bets 700",2026-09-02T07:38:05.541Z,178833468554100
"River: J♥, A♥, 2♠, 5♦ [J♠]",2026-09-02T07:38:02.864Z,178833468286400
"""fish @ oMsP5L3lJa"" calls 511",2026-09-02T07:38:02.003Z,178833468200300
"""LingWae @ FQN9hzhzP_"" folds",2026-09-02T07:38:01.034Z,178833468103400
"""bick and dalls @ gpP9uUffpu"" raises to 511",2026-09-02T07:37:58.291Z,178833467829100
"""fish @ oMsP5L3lJa"" calls 167",2026-09-02T07:37:55.182Z,178833467518200
"""LingWae @ FQN9hzhzP_"" bets 167",2026-09-02T07:37:51.109Z,178833467110900
"Turn: J♥, A♥, 2♠ [5♦]",2026-09-02T07:37:45.750Z,178833466575000
"""bick and dalls @ gpP9uUffpu"" calls 67",2026-09-02T07:37:44.885Z,178833466488500
"""fish @ oMsP5L3lJa"" calls 67",2026-09-02T07:37:43.958Z,178833466395800
"""LingWae @ FQN9hzhzP_"" bets 67",2026-09-02T07:37:42.690Z,178833466269000
"Flop:  [J♥, A♥, 2♠]",2026-09-02T07:37:38.236Z,178833465823600
"""fish @ oMsP5L3lJa"" calls 50",2026-09-02T07:37:37.421Z,178833465742100
"""LingWae @ FQN9hzhzP_"" calls 50",2026-09-02T07:37:34.915Z,178833465491500
"""bick and dalls @ gpP9uUffpu"" raises to 50",2026-09-02T07:37:27.115Z,178833464711500
"""fish @ oMsP5L3lJa"" posts a big blind of 10",2026-09-02T07:37:24.736Z,178833464473606
"""LingWae @ FQN9hzhzP_"" posts a small blind of 5",2026-09-02T07:37:24.736Z,178833464473605
"Your hand is 5♥, A♣",2026-09-02T07:37:24.736Z,178833464473602
"Player stacks: #1 ""bick and dalls @ gpP9uUffpu"" (3509) | #2 ""LingWae @ FQN9hzhzP_"" (1013) | #5 ""fish @ oMsP5L3lJa"" (2966)",2026-09-02T07:37:24.736Z,178833464473601
"-- starting hand #222 (id: vo2vduzvicrs)  No Limit Texas Hold'em (dealer: ""bick and dalls @ gpP9uUffpu"") --",2026-09-02T07:37:24.736Z,178833464473600
"""bick and dalls @ gpP9uUffpu"" shows a 7♠, 2♣.",2026-09-02T07:37:21.442Z,178833464144200
"""LingWae @ FQN9hzhzP_"" shows a K♥, Q♥.",2026-09-02T07:37:20.863Z,178833464086300
"-- ending hand #221 --",2026-09-02T07:37:20.417Z,178833464041702
"""fish @ oMsP5L3lJa"" collected 2220 from pot",2026-09-02T07:37:20.417Z,178833464041701
"Uncalled bet of 746 returned to ""fish @ oMsP5L3lJa""",2026-09-02T07:37:20.417Z,178833464041700
"""LingWae @ FQN9hzhzP_"" folds",2026-09-02T07:37:19.587Z,178833463958700
"""fish @ oMsP5L3lJa"" bets 746 and go all in",2026-09-02T07:37:18.364Z,178833463836400
"""LingWae @ FQN9hzhzP_"" checks",2026-09-02T07:37:16.132Z,178833463613200
"River: 9♠, 6♦, J♥, A♦ [7♦]",2026-09-02T07:37:13.289Z,178833463328900
"""LingWae @ FQN9hzhzP_"" calls 780",2026-09-02T07:37:12.452Z,178833463245200
"""bick and dalls @ gpP9uUffpu"" folds",2026-09-02T07:37:11.002Z,178833463100200
"""fish @ oMsP5L3lJa"" raises to 780",2026-09-02T07:37:08.723Z,178833462872300
"""LingWae @ FQN9hzhzP_"" calls 360",2026-09-02T07:37:03.604Z,178833462360400
"""bick and dalls @ gpP9uUffpu"" raises to 360",2026-09-02T07:37:01.178Z,178833462117800
"""fish @ oMsP5L3lJa"" raises to 120",2026-09-02T07:36:57.449Z,178833461744900
"""LingWae @ FQN9hzhzP_"" calls 44",2026-09-02T07:36:54.926Z,178833461492600
"""bick and dalls @ gpP9uUffpu"" bets 44",2026-09-02T07:36:51.779Z,178833461177900
"Turn: 9♠, 6♦, J♥ [A♦]",2026-09-02T07:36:49.762Z,178833460976200
"""fish @ oMsP5L3lJa"" calls 33",2026-09-02T07:36:48.928Z,178833460892800
"""LingWae @ FQN9hzhzP_"" calls 33",2026-09-02T07:36:47.916Z,178833460791600
"""bick and dalls @ gpP9uUffpu"" bets 33",2026-09-02T07:36:46.662Z,178833460666200
"Flop:  [9♠, 6♦, J♥]",2026-09-02T07:36:43.757Z,178833460375700
"""fish @ oMsP5L3lJa"" calls 67",2026-09-02T07:36:42.878Z,178833460287800
"""LingWae @ FQN9hzhzP_"" calls 67",2026-09-02T07:36:40.007Z,178833460000700
"""bick and dalls @ gpP9uUffpu"" raises to 67",2026-09-02T07:36:38.006Z,178833459800600
"""fish @ oMsP5L3lJa"" calls 10",2026-09-02T07:36:34.387Z,178833459438700
"""LingWae @ FQN9hzhzP_"" posts a big blind of 10",2026-09-02T07:36:33.146Z,178833459314606
"""bick and dalls @ gpP9uUffpu"" posts a small blind of 5",2026-09-02T07:36:33.146Z,178833459314605
"Your hand is 7♠, 2♣",2026-09-02T07:36:33.146Z,178833459314602
"Player stacks: #1 ""bick and dalls @ gpP9uUffpu"" (3969) | #2 ""LingWae @ FQN9hzhzP_"" (1893) | #5 ""fish @ oMsP5L3lJa"" (1626)",2026-09-02T07:36:33.146Z,178833459314601
"-- starting hand #221 (id: q18wdywoqqee)  No Limit Texas Hold'em (dealer: ""fish @ oMsP5L3lJa"") --",2026-09-02T07:36:33.146Z,178833459314600
"-- ending hand #220 --",2026-09-02T07:36:27.139Z,178833458713903
"""LingWae @ FQN9hzhzP_"" collected 989 from pot with Two Pair, 9's & 3's (combination: K♠, 3♣, 3♠, 9♦, 9♣)",2026-09-02T07:36:27.139Z,178833458713902
"""LingWae @ FQN9hzhzP_"" shows a 9♦, K♠.",2026-09-02T07:36:27.139Z,178833458713901
"""fish @ oMsP5L3lJa"" shows a 10♦, A♥.",2026-09-02T07:36:27.139Z,178833458713900
"""LingWae @ FQN9hzhzP_"" calls 250",2026-09-02T07:36:26.231Z,178833458623100
"""fish @ oMsP5L3lJa"" bets 250",2026-09-02T07:36:25.197Z,178833458519700
"River: 5♦, 3♣, 3♠, 9♣ [Q♥]",2026-09-02T07:36:21.736Z,178833458173600
"""bick and dalls @ gpP9uUffpu"" folds",2026-09-02T07:36:20.838Z,178833458083800
"""fish @ oMsP5L3lJa"" calls 167",2026-09-02T07:36:19.921Z,178833457992100
"""LingWae @ FQN9hzhzP_"" raises to 167",2026-09-02T07:36:18.505Z,178833457850500
"""bick and dalls @ gpP9uUffpu"" calls 50",2026-09-02T07:36:15.679Z,178833457567900
"""fish @ oMsP5L3lJa"" bets 50",2026-09-02T07:36:14.201Z,178833457420100
"Turn: 5♦, 3♣, 3♠ [9♣]",2026-09-02T07:36:12.106Z,178833457210600
"""LingWae @ FQN9hzhzP_"" checks",2026-09-02T07:36:11.288Z,178833457128800
"""bick and dalls @ gpP9uUffpu"" checks",2026-09-02T07:36:10.326Z,178833457032600
"""fish @ oMsP5L3lJa"" checks",2026-09-02T07:36:09.414Z,178833456941400
"Flop:  [5♦, 3♣, 3♠]",2026-09-02T07:36:07.823Z,178833456782300
"""bick and dalls @ gpP9uUffpu"" calls 35",2026-09-02T07:36:07.011Z,178833456701100
"""fish @ oMsP5L3lJa"" calls 35",2026-09-02T07:36:06.073Z,178833456607300
"""LingWae @ FQN9hzhzP_"" raises to 35",2026-09-02T07:36:04.787Z,178833456478700
"""bick and dalls @ gpP9uUffpu"" posts a big blind of 10",2026-09-02T07:35:59.979Z,178833455997906
"""fish @ oMsP5L3lJa"" posts a small blind of 5",2026-09-02T07:35:59.979Z,178833455997905
"Player stacks: #1 ""bick and dalls @ gpP9uUffpu"" (4054) | #2 ""LingWae @ FQN9hzhzP_"" (1356) | #5 ""fish @ oMsP5L3lJa"" (2078)",2026-09-02T07:35:59.979Z,178833455997901
"-- starting hand #220 (id: zrlt7jsqlto6)  No Limit Texas Hold'em (dealer: ""LingWae @ FQN9hzhzP_"") --",2026-09-02T07:35:59.979Z,178833455997900
"""LingWae @ FQN9hzhzP_"" shows a 5♠.",2026-09-02T07:35:54.826Z,178833455482600
"Undealt cards: J♦, J♥, 5♣, Q♥ [4♠]",2026-09-02T07:35:53.991Z,178833455399100
"-- ending hand #219 --",2026-09-02T07:35:53.339Z,178833455333902
"""bick and dalls @ gpP9uUffpu"" collected 660 from pot",2026-09-02T07:35:53.339Z,178833455333901
"Uncalled bet of 660 returned to ""bick and dalls @ gpP9uUffpu""",2026-09-02T07:35:53.339Z,178833455333900
"""LingWae @ FQN9hzhzP_"" folds",2026-09-02T07:35:52.490Z,178833455249000
"""bick and dalls @ gpP9uUffpu"" bets 660",2026-09-02T07:35:50.180Z,178833455018000
"""LingWae @ FQN9hzhzP_"" checks",2026-09-02T07:35:48.395Z,178833454839500
"Turn: J♦, J♥, 5♣ [Q♥]",2026-09-02T07:35:45.736Z,178833454573600
"""bick and dalls @ gpP9uUffpu"" calls 264",2026-09-02T07:35:44.891Z,178833454489100
"""fish @ oMsP5L3lJa"" folds",2026-09-02T07:35:43.530Z,178833454353000
"""LingWae @ FQN9hzhzP_"" raises to 264",2026-09-02T07:35:42.531Z,178833454253100
"""bick and dalls @ gpP9uUffpu"" bets 132",2026-09-02T07:35:39.942Z,178833453994200
"""fish @ oMsP5L3lJa"" checks",2026-09-02T07:35:38.264Z,178833453826400
"""LingWae @ FQN9hzhzP_"" checks",2026-09-02T07:35:36.745Z,178833453674500
"Flop:  [J♦, J♥, 5♣]",2026-09-02T07:35:33.526Z,178833453352600
"""fish @ oMsP5L3lJa"" calls 44",2026-09-02T07:35:32.693Z,178833453269300
"""LingWae @ FQN9hzhzP_"" calls 44",2026-09-02T07:35:31.496Z,178833453149600
"""bick and dalls @ gpP9uUffpu"" raises to 44",2026-09-02T07:35:20.612Z,178833452061200
"""fish @ oMsP5L3lJa"" posts a big blind of 10",2026-09-02T07:35:17.780Z,178833451778006
"""LingWae @ FQN9hzhzP_"" posts a small blind of 5",2026-09-02T07:35:17.780Z,178833451778005
"Player stacks: #1 ""bick and dalls @ gpP9uUffpu"" (3702) | #2 ""LingWae @ FQN9hzhzP_"" (1664) | #5 ""fish @ oMsP5L3lJa"" (2122)",2026-09-02T07:35:17.780Z,178833451778001
"-- starting hand #219 (id: vfd8efj3wwdd)  No Limit Texas Hold'em (dealer: ""bick and dalls @ gpP9uUffpu"") --",2026-09-02T07:35:17.780Z,178833451778000
"-- ending hand #218 --",2026-09-02T07:35:11.716Z,178833451171603
"""LingWae @ FQN9hzhzP_"" collected 158 from pot with Two Pair, Q's & J's (combination: A♦, J♥, J♦, Q♥, Q♣)",2026-09-02T07:35:11.716Z,178833451171602
"""LingWae @ FQN9hzhzP_"" shows a Q♥, Q♣.",2026-09-02T07:35:11.716Z,178833451171601
"""bick and dalls @ gpP9uUffpu"" shows a 6♣, 4♥.",2026-09-02T07:35:11.716Z,178833451171600
"""fish @ oMsP5L3lJa"" folds",2026-09-02T07:35:10.898Z,178833451089800
"""LingWae @ FQN9hzhzP_"" calls 64",2026-09-02T07:35:09.929Z,178833450992900
"""bick and dalls @ gpP9uUffpu"" bets 64",2026-09-02T07:35:08.488Z,178833450848800
"River: 5♠, A♦, K♥, J♥ [J♦]",2026-09-02T07:35:03.713Z,178833450371300
"""fish @ oMsP5L3lJa"" checks",2026-09-02T07:35:02.854Z,178833450285400
"""LingWae @ FQN9hzhzP_"" checks",2026-09-02T07:35:00.834Z,178833450083400
"""bick and dalls @ gpP9uUffpu"" checks",2026-09-02T07:34:59.492Z,178833449949200
"Turn: 5♠, A♦, K♥ [J♥]",2026-09-02T07:34:58.274Z,178833449827400
"""fish @ oMsP5L3lJa"" checks",2026-09-02T07:34:57.447Z,178833449744700
"""LingWae @ FQN9hzhzP_"" checks",2026-09-02T07:34:56.366Z,178833449636600
"""bick and dalls @ gpP9uUffpu"" checks",2026-09-02T07:34:55.370Z,178833449537000
"Flop:  [5♠, A♦, K♥]",2026-09-02T07:34:53.871Z,178833449387100
"""LingWae @ FQN9hzhzP_"" checks",2026-09-02T07:34:52.976Z,178833449297600
"""bick and dalls @ gpP9uUffpu"" calls 10",2026-09-02T07:34:48.912Z,178833448891200
"""fish @ oMsP5L3lJa"" calls 10",2026-09-02T07:34:47.442Z,178833448744200
"""LingWae @ FQN9hzhzP_"" posts a big blind of 10",2026-09-02T07:34:46.259Z,178833448625906
"""bick and dalls @ gpP9uUffpu"" posts a small blind of 5",2026-09-02T07:34:46.259Z,178833448625905
"Your hand is 6♣, 4♥",2026-09-02T07:34:46.259Z,178833448625902
"Player stacks: #1 ""bick and dalls @ gpP9uUffpu"" (3776) | #2 ""LingWae @ FQN9hzhzP_"" (1580) | #5 ""fish @ oMsP5L3lJa"" (2132)",2026-09-02T07:34:46.259Z,178833448625901
"-- starting hand #218 (id: 7hpbq4jdbn8k)  No Limit Texas Hold'em (dealer: ""fish @ oMsP5L3lJa"") --",2026-09-02T07:34:46.259Z,178833448625900
"-- ending hand #217 --",2026-09-02T07:34:43.258Z,178833448325802
"""fish @ oMsP5L3lJa"" collected 120 from pot",2026-09-02T07:34:43.258Z,178833448325801
"Uncalled bet of 120 returned to ""fish @ oMsP5L3lJa""",2026-09-02T07:34:43.258Z,178833448325800
"""LingWae @ FQN9hzhzP_"" folds",2026-09-02T07:34:42.396Z,178833448239600
"""bick and dalls @ gpP9uUffpu"" folds",2026-09-02T07:34:41.083Z,178833448108300
"""fish @ oMsP5L3lJa"" bets 120",2026-09-02T07:34:39.427Z,178833447942700
"River: 5♦, 3♠, K♠, A♠ [K♥]",2026-09-02T07:34:37.458Z,178833447745800
"""LingWae @ FQN9hzhzP_"" calls 30",2026-09-02T07:34:36.592Z,178833447659200
"""bick and dalls @ gpP9uUffpu"" calls 30",2026-09-02T07:34:35.592Z,178833447559200
"""fish @ oMsP5L3lJa"" bets 30",2026-09-02T07:34:34.304Z,178833447430400
"Turn: 5♦, 3♠, K♠ [A♠]",2026-09-02T07:34:32.451Z,178833447245100
"""LingWae @ FQN9hzhzP_"" checks",2026-09-02T07:34:31.639Z,178833447163900
"""bick and dalls @ gpP9uUffpu"" checks",2026-09-02T07:34:28.586Z,178833446858600
"""fish @ oMsP5L3lJa"" checks",2026-09-02T07:34:27.598Z,178833446759800
"Flop:  [5♦, 3♠, K♠]",2026-09-02T07:34:25.649Z,178833446564900
"""bick and dalls @ gpP9uUffpu"" checks",2026-09-02T07:34:24.812Z,178833446481200
"""fish @ oMsP5L3lJa"" calls 10",2026-09-02T07:34:22.744Z,178833446274400
"""LingWae @ FQN9hzhzP_"" calls 10",2026-09-02T07:34:21.574Z,178833446157400
"""bick and dalls @ gpP9uUffpu"" posts a big blind of 10",2026-09-02T07:34:20.068Z,178833446006806
"""fish @ oMsP5L3lJa"" posts a small blind of 5",2026-09-02T07:34:20.068Z,178833446006805
"Player stacks: #1 ""bick and dalls @ gpP9uUffpu"" (3816) | #2 ""LingWae @ FQN9hzhzP_"" (1620) | #5 ""fish @ oMsP5L3lJa"" (2052)",2026-09-02T07:34:20.068Z,178833446006801
"-- starting hand #217 (id: 2xu9grqczutw)  No Limit Texas Hold'em (dealer: ""LingWae @ FQN9hzhzP_"") --",2026-09-02T07:34:20.068Z,178833446006800
"""bick and dalls @ gpP9uUffpu"" shows a 9♣, 6♣.",2026-09-02T07:34:16.642Z,178833445664200
"-- ending hand #216 --",2026-09-02T07:34:16.440Z,178833445644002
"""fish @ oMsP5L3lJa"" collected 1145 from pot",2026-09-02T07:34:16.440Z,178833445644001
"Uncalled bet of 572 returned to ""fish @ oMsP5L3lJa""",2026-09-02T07:34:16.440Z,178833445644000
"""bick and dalls @ gpP9uUffpu"" folds",2026-09-02T07:34:15.563Z,178833445556300
"""fish @ oMsP5L3lJa"" bets 572",2026-09-02T07:34:11.205Z,178833445120500
"River: 5♣, 10♥, Q♥, 4♦ [K♦]",2026-09-02T07:34:03.093Z,178833444309300
"""bick and dalls @ gpP9uUffpu"" calls 480",2026-09-02T07:34:02.273Z,178833444227300
"""fish @ oMsP5L3lJa"" raises to 480",2026-09-02T07:34:00.941Z,178833444094100
"""bick and dalls @ gpP9uUffpu"" bets 138",2026-09-02T07:33:57.636Z,178833443763600
"""fish @ oMsP5L3lJa"" checks",2026-09-02T07:33:55.807Z,178833443580700
"Turn: 5♣, 10♥, Q♥ [4♦]",2026-09-02T07:33:54.482Z,178833443448200
"""bick and dalls @ gpP9uUffpu"" calls 60",2026-09-02T07:33:53.664Z,178833443366400
"""fish @ oMsP5L3lJa"" bets 60",2026-09-02T07:33:52.683Z,178833443268300
"Flop:  [5♣, 10♥, Q♥]",2026-09-02T07:33:48.551Z,178833442855100
"""fish @ oMsP5L3lJa"" calls 30",2026-09-02T07:33:47.719Z,178833442771900
"""LingWae @ FQN9hzhzP_"" folds",2026-09-02T07:33:43.092Z,178833442309200
"""bick and dalls @ gpP9uUffpu"" raises to 30",2026-09-02T07:33:40.284Z,178833442028400
"""fish @ oMsP5L3lJa"" posts a big blind of 10",2026-09-02T07:33:39.076Z,178833441907606
"""LingWae @ FQN9hzhzP_"" posts a small blind of 5",2026-09-02T07:33:39.076Z,178833441907605
"Your hand is 9♣, 6♣",2026-09-02T07:33:39.076Z,178833441907602
"Player stacks: #1 ""bick and dalls @ gpP9uUffpu"" (4386) | #2 ""LingWae @ FQN9hzhzP_"" (1625) | #5 ""fish @ oMsP5L3lJa"" (1477)",2026-09-02T07:33:39.076Z,178833441907601
"-- starting hand #216 (id: khlzbtuqmslv)  No Limit Texas Hold'em (dealer: ""bick and dalls @ gpP9uUffpu"") --",2026-09-02T07:33:39.076Z,178833441907600
"""LingWae @ FQN9hzhzP_"" shows a Q♦.",2026-09-02T07:33:36.567Z,178833441656700
"""LingWae @ FQN9hzhzP_"" shows a 10♠.",2026-09-02T07:33:34.440Z,178833441444000
"""bick and dalls @ gpP9uUffpu"" shows a 10♦.",2026-09-02T07:33:33.941Z,178833441394100
"Undealt cards: 9♦, 5♣, Q♠, 8♠ [3♠]",2026-09-02T07:33:32.007Z,178833441200700
"-- ending hand #215 --",2026-09-02T07:33:31.737Z,178833441173702
"""LingWae @ FQN9hzhzP_"" collected 456 from pot",2026-09-02T07:33:31.737Z,178833441173701
"Uncalled bet of 228 returned to ""LingWae @ FQN9hzhzP_""",2026-09-02T07:33:31.737Z,178833441173700
"""fish @ oMsP5L3lJa"" folds",2026-09-02T07:33:30.883Z,178833441088300
"""LingWae @ FQN9hzhzP_"" bets 228",2026-09-02T07:33:24.730Z,178833440473000
"Turn: 9♦, 5♣, Q♠ [8♠]",2026-09-02T07:33:21.067Z,178833440106700
"""fish @ oMsP5L3lJa"" calls 180",2026-09-02T07:33:20.199Z,178833440019900
"""LingWae @ FQN9hzhzP_"" raises to 180",2026-09-02T07:33:19.285Z,178833439928500
"""fish @ oMsP5L3lJa"" bets 90",2026-09-02T07:33:15.478Z,178833439547800
"""LingWae @ FQN9hzhzP_"" checks",2026-09-02T07:33:13.417Z,178833439341700
"""bick and dalls @ gpP9uUffpu"" folds",2026-09-02T07:33:11.235Z,178833439123500
"Flop:  [9♦, 5♣, Q♠]",2026-09-02T07:33:09.063Z,178833438906300
"""bick and dalls @ gpP9uUffpu"" calls 32",2026-09-02T07:33:08.210Z,178833438821000
"""fish @ oMsP5L3lJa"" calls 32",2026-09-02T07:33:07.277Z,178833438727700
"""LingWae @ FQN9hzhzP_"" raises to 32",2026-09-02T07:33:05.539Z,178833438553900
"""bick and dalls @ gpP9uUffpu"" calls 10",2026-09-02T07:33:02.378Z,178833438237800
"""fish @ oMsP5L3lJa"" calls 10",2026-09-02T07:33:01.254Z,178833438125400
"""LingWae @ FQN9hzhzP_"" posts a big blind of 10",2026-09-02T07:32:59.391Z,178833437939106
"""bick and dalls @ gpP9uUffpu"" posts a small blind of 5",2026-09-02T07:32:59.391Z,178833437939105
"Player stacks: #1 ""bick and dalls @ gpP9uUffpu"" (4418) | #2 ""LingWae @ FQN9hzhzP_"" (1381) | #5 ""fish @ oMsP5L3lJa"" (1689)",2026-09-02T07:32:59.391Z,178833437939101
"-- starting hand #215 (id: ze944h6v0r1m)  No Limit Texas Hold'em (dealer: ""fish @ oMsP5L3lJa"") --",2026-09-02T07:32:59.391Z,178833437939100
"""LingWae @ FQN9hzhzP_"" shows a 6♣, 5♦.",2026-09-02T07:32:56.821Z,178833437682100
"-- ending hand #214 --",2026-09-02T07:32:55.782Z,178833437578202
"""bick and dalls @ gpP9uUffpu"" collected 30 from pot",2026-09-02T07:32:55.782Z,178833437578201
"Uncalled bet of 210 returned to ""bick and dalls @ gpP9uUffpu""",2026-09-02T07:32:55.782Z,178833437578200
"""LingWae @ FQN9hzhzP_"" folds",2026-09-02T07:32:54.915Z,178833437491500
"""bick and dalls @ gpP9uUffpu"" bets 210",2026-09-02T07:32:48.804Z,178833436880400
"""fish @ oMsP5L3lJa"" folds",2026-09-02T07:32:45.977Z,178833436597700
"River: 10♣, A♥, Q♣, K♣ [8♦]",2026-09-02T07:32:43.023Z,178833436302300
"""LingWae @ FQN9hzhzP_"" checks",2026-09-02T07:32:42.186Z,178833436218600
"""bick and dalls @ gpP9uUffpu"" checks",2026-09-02T07:32:40.109Z,178833436010900
"""fish @ oMsP5L3lJa"" checks",2026-09-02T07:32:38.718Z,178833435871800
"Turn: 10♣, A♥, Q♣ [K♣]",2026-09-02T07:32:37.220Z,178833435722000
"""LingWae @ FQN9hzhzP_"" checks",2026-09-02T07:32:36.415Z,178833435641500
"""bick and dalls @ gpP9uUffpu"" checks",2026-09-02T07:32:31.650Z,178833435165000
"""fish @ oMsP5L3lJa"" checks",2026-09-02T07:32:30.374Z,178833435037400
"Flop:  [10♣, A♥, Q♣]",2026-09-02T07:32:28.812Z,178833434881200
"""bick and dalls @ gpP9uUffpu"" checks",2026-09-02T07:32:27.984Z,178833434798400
"""fish @ oMsP5L3lJa"" calls 10",2026-09-02T07:32:26.312Z,178833434631200
"""LingWae @ FQN9hzhzP_"" calls 10",2026-09-02T07:32:24.891Z,178833434489100
"""bick and dalls @ gpP9uUffpu"" posts a big blind of 10",2026-09-02T07:32:23.240Z,178833434324006
"""fish @ oMsP5L3lJa"" posts a small blind of 5",2026-09-02T07:32:23.240Z,178833434324005
"Player stacks: #1 ""bick and dalls @ gpP9uUffpu"" (4398) | #2 ""LingWae @ FQN9hzhzP_"" (1391) | #5 ""fish @ oMsP5L3lJa"" (1699)",2026-09-02T07:32:23.240Z,178833434324001
"-- starting hand #214 (id: njpqmc2axzxk)  No Limit Texas Hold'em (dealer: ""LingWae @ FQN9hzhzP_"") --",2026-09-02T07:32:23.240Z,178833434324000
"-- ending hand #213 --",2026-09-02T07:32:17.235Z,178833433723502
"""fish @ oMsP5L3lJa"" collected 360 from pot with Flush, A High (combination: 2♦, 8♦, 9♦, 10♦, A♦)",2026-09-02T07:32:17.235Z,178833433723501
"""fish @ oMsP5L3lJa"" shows a A♦, 8♦.",2026-09-02T07:32:17.235Z,178833433723500
"""LingWae @ FQN9hzhzP_"" folds",2026-09-02T07:32:16.409Z,178833433640900
"""bick and dalls @ gpP9uUffpu"" calls 120",2026-09-02T07:32:13.732Z,178833433373200
"""fish @ oMsP5L3lJa"" bets 120",2026-09-02T07:32:12.623Z,178833433262300
"""LingWae @ FQN9hzhzP_"" checks",2026-09-02T07:32:10.464Z,178833433046400
"River: Q♥, 10♦, 5♠, 2♦ [9♦]",2026-09-02T07:32:05.393Z,178833432539300
"""LingWae @ FQN9hzhzP_"" calls 30",2026-09-02T07:32:04.530Z,178833432453000
"""bick and dalls @ gpP9uUffpu"" calls 30",2026-09-02T07:32:03.411Z,178833432341100
"""fish @ oMsP5L3lJa"" bets 30",2026-09-02T07:32:02.328Z,178833432232800
"""LingWae @ FQN9hzhzP_"" checks",2026-09-02T07:32:00.468Z,178833432046800
"Turn: Q♥, 10♦, 5♠ [2♦]",2026-09-02T07:31:58.556Z,178833431855600
"""bick and dalls @ gpP9uUffpu"" checks",2026-09-02T07:31:57.701Z,178833431770100
"""fish @ oMsP5L3lJa"" checks",2026-09-02T07:31:56.777Z,178833431677700
"""LingWae @ FQN9hzhzP_"" checks",2026-09-02T07:31:54.930Z,178833431493000
"Flop:  [Q♥, 10♦, 5♠]",2026-09-02T07:31:53.150Z,178833431315000
"""fish @ oMsP5L3lJa"" checks",2026-09-02T07:31:52.283Z,178833431228300
"""LingWae @ FQN9hzhzP_"" calls 10",2026-09-02T07:31:50.334Z,178833431033400
"""bick and dalls @ gpP9uUffpu"" calls 10",2026-09-02T07:31:48.817Z,178833430881700
"""fish @ oMsP5L3lJa"" posts a big blind of 10",2026-09-02T07:31:47.944Z,178833430794406
"""LingWae @ FQN9hzhzP_"" posts a small blind of 5",2026-09-02T07:31:47.944Z,178833430794405
"Player stacks: #1 ""bick and dalls @ gpP9uUffpu"" (4558) | #2 ""LingWae @ FQN9hzhzP_"" (1431) | #5 ""fish @ oMsP5L3lJa"" (1499)",2026-09-02T07:31:47.944Z,178833430794401
"-- starting hand #213 (id: 5b12sxkcwmzz)  No Limit Texas Hold'em (dealer: ""bick and dalls @ gpP9uUffpu"") --",2026-09-02T07:31:47.944Z,178833430794400
"""LingWae @ FQN9hzhzP_"" shows a A♥, Q♦.",2026-09-02T07:31:42.734Z,178833430273400
"""fish @ oMsP5L3lJa"" shows a Q♣.",2026-09-02T07:31:41.354Z,178833430135400
"Undealt cards: 3♣, J♥, 6♦ [2♣, J♣]",2026-09-02T07:31:40.945Z,178833430094500
"-- ending hand #212 --",2026-09-02T07:31:40.504Z,178833430050402
"""fish @ oMsP5L3lJa"" collected 426 from pot",2026-09-02T07:31:40.504Z,178833430050401
"Uncalled bet of 250 returned to ""fish @ oMsP5L3lJa""",2026-09-02T07:31:40.504Z,178833430050400
"""LingWae @ FQN9hzhzP_"" folds",2026-09-02T07:31:39.601Z,178833429960100
"""bick and dalls @ gpP9uUffpu"" folds",2026-09-02T07:31:38.650Z,178833429865000
"""fish @ oMsP5L3lJa"" bets 250",2026-09-02T07:31:34.555Z,178833429455500
"""LingWae @ FQN9hzhzP_"" checks",2026-09-02T07:31:32.864Z,178833429286400
"""bick and dalls @ gpP9uUffpu"" checks",2026-09-02T07:31:31.933Z,178833429193300
"Flop:  [3♣, J♥, 6♦]",2026-09-02T07:31:29.696Z,178833428969600
"""bick and dalls @ gpP9uUffpu"" calls 142",2026-09-02T07:31:28.801Z,178833428880100
"""fish @ oMsP5L3lJa"" calls 142",2026-09-02T07:31:27.882Z,178833428788200
"""LingWae @ FQN9hzhzP_"" raises to 142",2026-09-02T07:31:26.333Z,178833428633300
"""bick and dalls @ gpP9uUffpu"" raises to 44",2026-09-02T07:31:23.554Z,178833428355400
"""fish @ oMsP5L3lJa"" calls 10",2026-09-02T07:31:21.091Z,178833428109100
"""LingWae @ FQN9hzhzP_"" posts a big blind of 10",2026-09-02T07:31:18.292Z,178833427829206
"""bick and dalls @ gpP9uUffpu"" posts a small blind of 5",2026-09-02T07:31:18.292Z,178833427829205
"Player stacks: #1 ""bick and dalls @ gpP9uUffpu"" (4700) | #2 ""LingWae @ FQN9hzhzP_"" (1573) | #5 ""fish @ oMsP5L3lJa"" (1215)",2026-09-02T07:31:18.292Z,178833427829201
"-- starting hand #212 (id: xis0jyoyudry)  No Limit Texas Hold'em (dealer: ""fish @ oMsP5L3lJa"") --",2026-09-02T07:31:18.292Z,178833427829200
"-- ending hand #211 --",2026-09-02T07:31:12.174Z,178833427217403
"""LingWae @ FQN9hzhzP_"" collected 30 from pot with Two Pair, K's & 4's (combination: 10♣, 4♦, 4♥, K♠, K♣)",2026-09-02T07:31:12.174Z,178833427217402
"""LingWae @ FQN9hzhzP_"" shows a 5♦, K♠.",2026-09-02T07:31:12.174Z,178833427217401
"""fish @ oMsP5L3lJa"" shows a 8♣, 3♦.",2026-09-02T07:31:12.174Z,178833427217400
"""LingWae @ FQN9hzhzP_"" checks",2026-09-02T07:31:11.353Z,178833427135300
"""fish @ oMsP5L3lJa"" checks",2026-09-02T07:31:09.969Z,178833426996900
"River: 9♥, 4♦, 4♥, K♣ [10♣]",2026-09-02T07:31:09.089Z,178833426908900
"""LingWae @ FQN9hzhzP_"" checks",2026-09-02T07:31:08.186Z,178833426818600
"""fish @ oMsP5L3lJa"" checks",2026-09-02T07:31:07.226Z,178833426722600
"Turn: 9♥, 4♦, 4♥ [K♣]",2026-09-02T07:31:06.288Z,178833426628800
"""LingWae @ FQN9hzhzP_"" checks",2026-09-02T07:31:05.386Z,178833426538600
"""bick and dalls @ gpP9uUffpu"" folds",2026-09-02T07:31:04.435Z,178833426443500
"""fish @ oMsP5L3lJa"" checks",2026-09-02T07:31:03.508Z,178833426350800
"Flop:  [9♥, 4♦, 4♥]",2026-09-02T07:30:58.449Z,178833425844900
"""bick and dalls @ gpP9uUffpu"" checks",2026-09-02T07:30:57.561Z,178833425756100
"""fish @ oMsP5L3lJa"" calls 10",2026-09-02T07:30:56.539Z,178833425653900
"""LingWae @ FQN9hzhzP_"" calls 10",2026-09-02T07:30:55.500Z,178833425550000
"""bick and dalls @ gpP9uUffpu"" posts a big blind of 10",2026-09-02T07:30:54.046Z,178833425404606
"""fish @ oMsP5L3lJa"" posts a small blind of 5",2026-09-02T07:30:54.046Z,178833425404605
"Player stacks: #1 ""bick and dalls @ gpP9uUffpu"" (4710) | #2 ""LingWae @ FQN9hzhzP_"" (1553) | #5 ""fish @ oMsP5L3lJa"" (1225)",2026-09-02T07:30:54.046Z,178833425404601
"-- starting hand #211 (id: 7nwxjc9kuzzz)  No Limit Texas Hold'em (dealer: ""LingWae @ FQN9hzhzP_"") --",2026-09-02T07:30:54.046Z,178833425404600
"Undealt cards: Q♥, J♦, A♠, A♦ [K♠]",2026-09-02T07:30:48.811Z,178833424881100
"-- ending hand #210 --",2026-09-02T07:30:48.041Z,178833424804102
"""bick and dalls @ gpP9uUffpu"" collected 99 from pot",2026-09-02T07:30:48.041Z,178833424804101
"Uncalled bet of 33 returned to ""bick and dalls @ gpP9uUffpu""",2026-09-02T07:30:48.041Z,178833424804100
"""fish @ oMsP5L3lJa"" folds",2026-09-02T07:30:47.172Z,178833424717200
"""LingWae @ FQN9hzhzP_"" folds",2026-09-02T07:30:46.268Z,178833424626800
"""bick and dalls @ gpP9uUffpu"" bets 33",2026-09-02T07:30:44.955Z,178833424495500
"""fish @ oMsP5L3lJa"" checks",2026-09-02T07:30:43.184Z,178833424318400
"""LingWae @ FQN9hzhzP_"" checks",2026-09-02T07:30:42.076Z,178833424207600
"Turn: Q♥, J♦, A♠ [A♦]",2026-09-02T07:30:40.437Z,178833424043700
"""bick and dalls @ gpP9uUffpu"" checks",2026-09-02T07:30:39.506Z,178833423950600
"""fish @ oMsP5L3lJa"" checks",2026-09-02T07:30:38.559Z,178833423855900
"""LingWae @ FQN9hzhzP_"" checks",2026-09-02T07:30:37.611Z,178833423761100
"Flop:  [Q♥, J♦, A♠]",2026-09-02T07:30:34.397Z,178833423439700
"""fish @ oMsP5L3lJa"" calls 33",2026-09-02T07:30:33.490Z,178833423349000
"""LingWae @ FQN9hzhzP_"" calls 33",2026-09-02T07:30:32.500Z,178833423250000
"""bick and dalls @ gpP9uUffpu"" raises to 33",2026-09-02T07:30:29.617Z,178833422961700
"""fish @ oMsP5L3lJa"" posts a big blind of 10",2026-09-02T07:30:27.594Z,178833422759406
"""LingWae @ FQN9hzhzP_"" posts a small blind of 5",2026-09-02T07:30:27.594Z,178833422759405
"Player stacks: #1 ""bick and dalls @ gpP9uUffpu"" (4644) | #2 ""LingWae @ FQN9hzhzP_"" (1586) | #5 ""fish @ oMsP5L3lJa"" (1258)",2026-09-02T07:30:27.594Z,178833422759401
"-- starting hand #210 (id: mt5bi87j5z6x)  No Limit Texas Hold'em (dealer: ""bick and dalls @ gpP9uUffpu"") --",2026-09-02T07:30:27.594Z,178833422759400
"""LingWae @ FQN9hzhzP_"" shows a Q♥, K♠.",2026-09-02T07:30:23.382Z,178833422338200
"-- ending hand #209 --",2026-09-02T07:30:21.027Z,178833422102702
"""bick and dalls @ gpP9uUffpu"" collected 148 from pot with Pair, 2's (combination: 8♠, 10♥, A♦, 2♥, 2♠)",2026-09-02T07:30:21.027Z,178833422102701
"""bick and dalls @ gpP9uUffpu"" shows a 2♥, 2♠.",2026-09-02T07:30:21.027Z,178833422102700
"""LingWae @ FQN9hzhzP_"" calls 22",2026-09-02T07:30:20.212Z,178833422021200
"""bick and dalls @ gpP9uUffpu"" bets 22",2026-09-02T07:30:11.340Z,178833421134000
"River: 10♥, A♦, 6♠, 8♠ [5♦]",2026-09-02T07:30:10.387Z,178833421038700
"""fish @ oMsP5L3lJa"" folds",2026-09-02T07:30:09.550Z,178833420955000
"""LingWae @ FQN9hzhzP_"" calls 22",2026-09-02T07:30:07.553Z,178833420755300
"""bick and dalls @ gpP9uUffpu"" bets 22",2026-09-02T07:30:06.649Z,178833420664900
"Turn: 10♥, A♦, 6♠ [8♠]",2026-09-02T07:30:04.619Z,178833420461900
"""fish @ oMsP5L3lJa"" calls 10",2026-09-02T07:30:03.784Z,178833420378400
"""LingWae @ FQN9hzhzP_"" calls 10",2026-09-02T07:30:02.721Z,178833420272100
"""bick and dalls @ gpP9uUffpu"" bets 10",2026-09-02T07:30:00.428Z,178833420042800
"Flop:  [10♥, A♦, 6♠]",2026-09-02T07:29:59.341Z,178833419934100
"""LingWae @ FQN9hzhzP_"" checks",2026-09-02T07:29:58.460Z,178833419846000
"""bick and dalls @ gpP9uUffpu"" calls 10",2026-09-02T07:29:56.387Z,178833419638700
"""fish @ oMsP5L3lJa"" calls 10",2026-09-02T07:29:54.800Z,178833419480000
"""LingWae @ FQN9hzhzP_"" posts a big blind of 10",2026-09-02T07:29:53.641Z,178833419364106
"""bick and dalls @ gpP9uUffpu"" posts a small blind of 5",2026-09-02T07:29:53.641Z,178833419364105
"Your hand is 2♥, 2♠",2026-09-02T07:29:53.641Z,178833419364102
"Player stacks: #1 ""bick and dalls @ gpP9uUffpu"" (4560) | #2 ""LingWae @ FQN9hzhzP_"" (1650) | #5 ""fish @ oMsP5L3lJa"" (1278)",2026-09-02T07:29:53.641Z,178833419364101
"-- starting hand #209 (id: 9bvnmwqspnlf)  No Limit Texas Hold'em (dealer: ""fish @ oMsP5L3lJa"") --",2026-09-02T07:29:53.641Z,178833419364100
"-- ending hand #208 --",2026-09-02T07:29:47.604Z,178833418760403
"""bick and dalls @ gpP9uUffpu"" collected 240 from pot with Two Pair, A's & Q's (combination: 10♥, Q♦, Q♣, A♦, A♠)",2026-09-02T07:29:47.604Z,178833418760402
"""bick and dalls @ gpP9uUffpu"" shows a 2♣, Q♦.",2026-09-02T07:29:47.604Z,178833418760401
"""fish @ oMsP5L3lJa"" shows a 6♦, 8♦.",2026-09-02T07:29:47.604Z,178833418760400
"""LingWae @ FQN9hzhzP_"" calls 60",2026-09-02T07:29:46.698Z,178833418669800
"""bick and dalls @ gpP9uUffpu"" calls 60",2026-09-02T07:29:45.694Z,178833418569400
"""fish @ oMsP5L3lJa"" bets 60",2026-09-02T07:29:44.554Z,178833418455400
"River: 10♥, 9♣, Q♣, A♦ [A♠]",2026-09-02T07:29:42.003Z,178833418200300
"""LingWae @ FQN9hzhzP_"" checks",2026-09-02T07:29:41.096Z,178833418109600
"""bick and dalls @ gpP9uUffpu"" checks",2026-09-02T07:29:40.166Z,178833418016600
"""fish @ oMsP5L3lJa"" checks",2026-09-02T07:29:38.991Z,178833417899100
"Turn: 10♥, 9♣, Q♣ [A♦]",2026-09-02T07:29:37.599Z,178833417759900
"""fish @ oMsP5L3lJa"" calls 10",2026-09-02T07:29:36.679Z,178833417667900
"""LingWae @ FQN9hzhzP_"" calls 10",2026-09-02T07:29:35.680Z,178833417568000
"""bick and dalls @ gpP9uUffpu"" bets 10",2026-09-02T07:29:34.401Z,178833417440100
"""fish @ oMsP5L3lJa"" checks",2026-09-02T07:29:33.021Z,178833417302100
"Flop:  [10♥, 9♣, Q♣]",2026-09-02T07:29:30.197Z,178833417019700
"""bick and dalls @ gpP9uUffpu"" checks",2026-09-02T07:29:29.307Z,178833416930700
"""fish @ oMsP5L3lJa"" calls 10",2026-09-02T07:29:28.295Z,178833416829500
"""LingWae @ FQN9hzhzP_"" calls 10",2026-09-02T07:29:26.651Z,178833416665100
"""bick and dalls @ gpP9uUffpu"" posts a big blind of 10",2026-09-02T07:29:23.849Z,178833416384906
"""fish @ oMsP5L3lJa"" posts a small blind of 5",2026-09-02T07:29:23.849Z,178833416384905
"Your hand is 2♣, Q♦",2026-09-02T07:29:23.849Z,178833416384902
"Player stacks: #1 ""bick and dalls @ gpP9uUffpu"" (4400) | #2 ""LingWae @ FQN9hzhzP_"" (1730) | #5 ""fish @ oMsP5L3lJa"" (1358)",2026-09-02T07:29:23.849Z,178833416384901
"-- starting hand #208 (id: w7cephmp1fxc)  No Limit Texas Hold'em (dealer: ""LingWae @ FQN9hzhzP_"") --",2026-09-02T07:29:23.849Z,178833416384900
"-- ending hand #207 --",2026-09-02T07:29:17.843Z,178833415784301
"""bick and dalls @ gpP9uUffpu"" collected 4400 from pot with Flush, A High (combination: 2♥, 4♥, 8♥, K♥, A♥)",2026-09-02T07:29:17.843Z,178833415784300
"River: A♥, 2♥, 4♥, 8♥ [J♣]",2026-09-02T07:29:13.812Z,178833415381200
"""LingWae @ FQN9hzhzP_"" shows a Q♥, 6♣.",2026-09-02T07:29:09.790Z,178833414979000
"""bick and dalls @ gpP9uUffpu"" shows a K♥, Q♣.",2026-09-02T07:29:09.756Z,178833414975600
"Some players choose to not run it twice.",2026-09-02T07:29:08.944Z,178833414894401
"""LingWae @ FQN9hzhzP_"" chooses to not run it twice.",2026-09-02T07:29:08.944Z,178833414894400
"Remaining players decide whether to run it twice.",2026-09-02T07:29:08.017Z,178833414801701
"""LingWae @ FQN9hzhzP_"" calls 1275",2026-09-02T07:29:08.017Z,178833414801700
"""bick and dalls @ gpP9uUffpu"" bets 1275 and go all in",2026-09-02T07:29:06.332Z,178833414633200
"""LingWae @ FQN9hzhzP_"" checks",2026-09-02T07:29:04.670Z,178833414467000
"Turn: A♥, 2♥, 4♥ [8♥]",2026-09-02T07:29:02.267Z,178833414226700
"""fish @ oMsP5L3lJa"" folds",2026-09-02T07:29:01.412Z,178833414141200
"""LingWae @ FQN9hzhzP_"" calls 600",2026-09-02T07:29:00.073Z,178833414007300
"""bick and dalls @ gpP9uUffpu"" raises to 600",2026-09-02T07:28:56.331Z,178833413633100
"""fish @ oMsP5L3lJa"" bets 200",2026-09-02T07:28:54.112Z,178833413411200
"""LingWae @ FQN9hzhzP_"" checks",2026-09-02T07:28:51.456Z,178833413145600
"Flop:  [A♥, 2♥, 4♥]",2026-09-02T07:28:47.676Z,178833412767600
"""LingWae @ FQN9hzhzP_"" calls 150",2026-09-02T07:28:46.815Z,178833412681500
"""bick and dalls @ gpP9uUffpu"" calls 150",2026-09-02T07:28:44.264Z,178833412426400
"""fish @ oMsP5L3lJa"" raises to 150",2026-09-02T07:28:42.161Z,178833412216100
"""LingWae @ FQN9hzhzP_"" calls 50",2026-09-02T07:28:38.737Z,178833411873700
"""bick and dalls @ gpP9uUffpu"" raises to 50",2026-09-02T07:28:37.021Z,178833411702100
"""fish @ oMsP5L3lJa"" posts a big blind of 10",2026-09-02T07:28:34.671Z,178833411467106
"""LingWae @ FQN9hzhzP_"" posts a small blind of 5",2026-09-02T07:28:34.671Z,178833411467105
"Your hand is K♥, Q♣",2026-09-02T07:28:34.671Z,178833411467102
"Player stacks: #1 ""bick and dalls @ gpP9uUffpu"" (2025) | #2 ""LingWae @ FQN9hzhzP_"" (3755) | #5 ""fish @ oMsP5L3lJa"" (1708)",2026-09-02T07:28:34.671Z,178833411467101
"-- starting hand #207 (id: gmtczg1sijzh)  No Limit Texas Hold'em (dealer: ""bick and dalls @ gpP9uUffpu"") --",2026-09-02T07:28:34.671Z,178833411467100
"-- ending hand #206 --",2026-09-02T07:28:28.666Z,178833410866602
"""bick and dalls @ gpP9uUffpu"" collected 915 from pot with Three of a Kind, 7's (combination: 5♣, K♥, 7♠, 7♣, 7♦)",2026-09-02T07:28:28.666Z,178833410866601
"""bick and dalls @ gpP9uUffpu"" shows a 7♠, 2♠.",2026-09-02T07:28:28.666Z,178833410866600
"""fish @ oMsP5L3lJa"" calls 390",2026-09-02T07:28:27.826Z,178833410782600
"""bick and dalls @ gpP9uUffpu"" raises to 390",2026-09-02T07:28:12.145Z,178833409214500
"""fish @ oMsP5L3lJa"" raises to 210",2026-09-02T07:28:02.912Z,178833408291200
"""bick and dalls @ gpP9uUffpu"" bets 72",2026-09-02T07:28:00.929Z,178833408092900
"River: 7♣, 7♦, 5♣, K♥ [4♠]",2026-09-02T07:27:57.455Z,178833407745500
"""LingWae @ FQN9hzhzP_"" folds",2026-09-02T07:27:56.587Z,178833407658700
"""bick and dalls @ gpP9uUffpu"" calls 30",2026-09-02T07:27:54.913Z,178833407491300
"""fish @ oMsP5L3lJa"" bets 30",2026-09-02T07:27:53.259Z,178833407325900
"""LingWae @ FQN9hzhzP_"" checks",2026-09-02T07:27:51.420Z,178833407142000
"""bick and dalls @ gpP9uUffpu"" checks",2026-09-02T07:27:50.421Z,178833407042100
"Turn: 7♣, 7♦, 5♣ [K♥]",2026-09-02T07:27:48.751Z,178833406875100
"""fish @ oMsP5L3lJa"" checks",2026-09-02T07:27:47.933Z,178833406793300
"""LingWae @ FQN9hzhzP_"" checks",2026-09-02T07:27:46.935Z,178833406693500
"""bick and dalls @ gpP9uUffpu"" checks",2026-09-02T07:27:41.826Z,178833406182600
"Flop:  [7♣, 7♦, 5♣]",2026-09-02T07:27:40.153Z,178833406015300
"""bick and dalls @ gpP9uUffpu"" calls 25",2026-09-02T07:27:39.342Z,178833405934200
"""fish @ oMsP5L3lJa"" calls 25",2026-09-02T07:27:38.371Z,178833405837100
"""LingWae @ FQN9hzhzP_"" raises to 25",2026-09-02T07:27:37.345Z,178833405734500
"""bick and dalls @ gpP9uUffpu"" calls 10",2026-09-02T07:27:32.735Z,178833405273500
"""fish @ oMsP5L3lJa"" calls 10",2026-09-02T07:27:31.281Z,178833405128100
"""LingWae @ FQN9hzhzP_"" posts a big blind of 10",2026-09-02T07:27:29.492Z,178833404949206
"""bick and dalls @ gpP9uUffpu"" posts a small blind of 5",2026-09-02T07:27:29.492Z,178833404949205
"Your hand is 7♠, 2♠",2026-09-02T07:27:29.492Z,178833404949202
"Player stacks: #1 ""bick and dalls @ gpP9uUffpu"" (1555) | #2 ""LingWae @ FQN9hzhzP_"" (3780) | #5 ""fish @ oMsP5L3lJa"" (2153)",2026-09-02T07:27:29.492Z,178833404949201
"-- starting hand #206 (id: 9czflylxkpji)  No Limit Texas Hold'em (dealer: ""fish @ oMsP5L3lJa"") --",2026-09-02T07:27:29.492Z,178833404949200
"-- ending hand #205 --",2026-09-02T07:27:23.489Z,178833404348903
"""LingWae @ FQN9hzhzP_"" collected 251 from pot with Pair, K's (combination: 8♥, J♦, A♠, K♦, K♣)",2026-09-02T07:27:23.489Z,178833404348902
"""LingWae @ FQN9hzhzP_"" shows a K♦, J♦.",2026-09-02T07:27:23.489Z,178833404348901
"""bick and dalls @ gpP9uUffpu"" shows a 10♦, K♠.",2026-09-02T07:27:23.489Z,178833404348900
"""LingWae @ FQN9hzhzP_"" calls 55",2026-09-02T07:27:22.622Z,178833404262200
"""bick and dalls @ gpP9uUffpu"" bets 55",2026-09-02T07:27:19.333Z,178833403933300
"River: A♠, 4♠, 7♠, K♣ [8♥]",2026-09-02T07:27:16.599Z,178833403659900
"""LingWae @ FQN9hzhzP_"" calls 33",2026-09-02T07:27:15.761Z,178833403576100
"""bick and dalls @ gpP9uUffpu"" bets 33",2026-09-02T07:27:14.053Z,178833403405300
"Turn: A♠, 4♠, 7♠ [K♣]",2026-09-02T07:27:11.888Z,178833403188800
"""LingWae @ FQN9hzhzP_"" checks",2026-09-02T07:27:11.032Z,178833403103200
"""bick and dalls @ gpP9uUffpu"" checks",2026-09-02T07:27:10.114Z,178833403011400
"Flop:  [A♠, 4♠, 7♠]",2026-09-02T07:27:08.593Z,178833402859300
"""bick and dalls @ gpP9uUffpu"" calls 35",2026-09-02T07:27:07.739Z,178833402773900
"""fish @ oMsP5L3lJa"" folds",2026-09-02T07:27:04.509Z,178833402450900
"""LingWae @ FQN9hzhzP_"" raises to 35",2026-09-02T07:27:03.091Z,178833402309100
"""bick and dalls @ gpP9uUffpu"" posts a big blind of 10",2026-09-02T07:26:58.870Z,178833401887006
"""fish @ oMsP5L3lJa"" posts a small blind of 5",2026-09-02T07:26:58.870Z,178833401887005
"Your hand is 10♦, K♠",2026-09-02T07:26:58.870Z,178833401887002
"Player stacks: #1 ""bick and dalls @ gpP9uUffpu"" (1678) | #2 ""LingWae @ FQN9hzhzP_"" (3652) | #5 ""fish @ oMsP5L3lJa"" (2158)",2026-09-02T07:26:58.870Z,178833401887001
"-- starting hand #205 (id: oigmcdqnruns)  No Limit Texas Hold'em (dealer: ""LingWae @ FQN9hzhzP_"") --",2026-09-02T07:26:58.870Z,178833401887000
"""LingWae @ FQN9hzhzP_"" shows a 8♥, 5♠.",2026-09-02T07:26:54.246Z,178833401424600
"-- ending hand #204 --",2026-09-02T07:26:52.302Z,178833401230202
"""fish @ oMsP5L3lJa"" collected 240 from pot with Pair, A's (combination: 6♣, 8♦, J♣, A♦, A♥)",2026-09-02T07:26:52.302Z,178833401230201
"""fish @ oMsP5L3lJa"" shows a 4♦, A♦.",2026-09-02T07:26:52.302Z,178833401230200
"""LingWae @ FQN9hzhzP_"" calls 60",2026-09-02T07:26:51.489Z,178833401148900
"""fish @ oMsP5L3lJa"" bets 60",2026-09-02T07:26:49.729Z,178833400972900
"""LingWae @ FQN9hzhzP_"" checks",2026-09-02T07:26:47.656Z,178833400765600
"River: 8♦, A♥, 3♥, J♣ [6♣]",2026-09-02T07:26:46.064Z,178833400606400
"""fish @ oMsP5L3lJa"" checks",2026-09-02T07:26:45.176Z,178833400517600
"""LingWae @ FQN9hzhzP_"" checks",2026-09-02T07:26:44.241Z,178833400424100
"Turn: 8♦, A♥, 3♥ [J♣]",2026-09-02T07:26:42.898Z,178833400289800
"""LingWae @ FQN9hzhzP_"" calls 30",2026-09-02T07:26:42.080Z,178833400208000
"""bick and dalls @ gpP9uUffpu"" folds",2026-09-02T07:26:40.064Z,178833400006400
"""fish @ oMsP5L3lJa"" bets 30",2026-09-02T07:26:32.727Z,178833399272700
"""LingWae @ FQN9hzhzP_"" checks",2026-09-02T07:26:30.409Z,178833399040900
"Flop:  [8♦, A♥, 3♥]",2026-09-02T07:26:26.604Z,178833398660400
"""bick and dalls @ gpP9uUffpu"" calls 20",2026-09-02T07:26:25.731Z,178833398573100
"""fish @ oMsP5L3lJa"" calls 20",2026-09-02T07:26:24.589Z,178833398458900
"""LingWae @ FQN9hzhzP_"" raises to 20",2026-09-02T07:26:23.073Z,178833398307300
"""bick and dalls @ gpP9uUffpu"" calls 10",2026-09-02T07:26:20.271Z,178833398027100
"""fish @ oMsP5L3lJa"" posts a big blind of 10",2026-09-02T07:26:19.406Z,178833397940606
"""LingWae @ FQN9hzhzP_"" posts a small blind of 5",2026-09-02T07:26:19.406Z,178833397940605
"Player stacks: #1 ""bick and dalls @ gpP9uUffpu"" (1698) | #2 ""LingWae @ FQN9hzhzP_"" (3762) | #5 ""fish @ oMsP5L3lJa"" (2028)",2026-09-02T07:26:19.406Z,178833397940601
"-- starting hand #204 (id: 3nqw6tayeqvh)  No Limit Texas Hold'em (dealer: ""bick and dalls @ gpP9uUffpu"") --",2026-09-02T07:26:19.406Z,178833397940600
"Undealt cards: J♠, 7♣, 10♦, J♥ [3♣]",2026-09-02T07:26:14.544Z,178833397454400
"""LingWae @ FQN9hzhzP_"" shows a 8♥, 6♥.",2026-09-02T07:26:14.167Z,178833397416700
"-- ending hand #203 --",2026-09-02T07:26:12.796Z,178833397279602
"""fish @ oMsP5L3lJa"" collected 210 from pot",2026-09-02T07:26:12.796Z,178833397279601
"Uncalled bet of 200 returned to ""fish @ oMsP5L3lJa""",2026-09-02T07:26:12.796Z,178833397279600
"""LingWae @ FQN9hzhzP_"" folds",2026-09-02T07:26:11.979Z,178833397197900
"""fish @ oMsP5L3lJa"" bets 200",2026-09-02T07:26:10.788Z,178833397078800
"""LingWae @ FQN9hzhzP_"" checks",2026-09-02T07:26:09.069Z,178833396906900
"Turn: J♠, 7♣, 10♦ [J♥]",2026-09-02T07:26:07.045Z,178833396704500
"""LingWae @ FQN9hzhzP_"" calls 50",2026-09-02T07:26:06.209Z,178833396620900
"""fish @ oMsP5L3lJa"" bets 50",2026-09-02T07:26:04.627Z,178833396462700
"""LingWae @ FQN9hzhzP_"" checks",2026-09-02T07:26:01.868Z,178833396186800
"Flop:  [J♠, 7♣, 10♦]",2026-09-02T07:25:59.789Z,178833395978900
"""bick and dalls @ gpP9uUffpu"" folds",2026-09-02T07:25:58.976Z,178833395897600
"""fish @ oMsP5L3lJa"" calls 50",2026-09-02T07:25:58.022Z,178833395802200
"""LingWae @ FQN9hzhzP_"" raises to 50",2026-09-02T07:25:56.635Z,178833395663500
"""bick and dalls @ gpP9uUffpu"" calls 10",2026-09-02T07:25:53.154Z,178833395315400
"""fish @ oMsP5L3lJa"" calls 10",2026-09-02T07:25:51.463Z,178833395146300
"""LingWae @ FQN9hzhzP_"" posts a big blind of 10",2026-09-02T07:25:50.185Z,178833395018506
"""bick and dalls @ gpP9uUffpu"" posts a small blind of 5",2026-09-02T07:25:50.185Z,178833395018505
"Player stacks: #1 ""bick and dalls @ gpP9uUffpu"" (1708) | #2 ""LingWae @ FQN9hzhzP_"" (3862) | #5 ""fish @ oMsP5L3lJa"" (1918)",2026-09-02T07:25:50.185Z,178833395018501
"-- starting hand #203 (id: quau2si2smm5)  No Limit Texas Hold'em (dealer: ""fish @ oMsP5L3lJa"") --",2026-09-02T07:25:50.185Z,178833395018500
"-- ending hand #202 --",2026-09-02T07:25:47.260Z,178833394726002
"""fish @ oMsP5L3lJa"" collected 120 from pot",2026-09-02T07:25:47.260Z,178833394726001
"Uncalled bet of 60 returned to ""fish @ oMsP5L3lJa""",2026-09-02T07:25:47.260Z,178833394726000
"""LingWae @ FQN9hzhzP_"" folds",2026-09-02T07:25:46.445Z,178833394644500
"""bick and dalls @ gpP9uUffpu"" folds",2026-09-02T07:25:45.532Z,178833394553200
"""fish @ oMsP5L3lJa"" bets 60",2026-09-02T07:25:43.916Z,178833394391600
"River: K♠, 9♦, Q♦, 7♣ [2♠]",2026-09-02T07:25:41.458Z,178833394145800
"""LingWae @ FQN9hzhzP_"" calls 30",2026-09-02T07:25:40.655Z,178833394065500
"""bick and dalls @ gpP9uUffpu"" calls 30",2026-09-02T07:25:39.694Z,178833393969400
"""fish @ oMsP5L3lJa"" bets 30",2026-09-02T07:25:38.518Z,178833393851800
"Turn: K♠, 9♦, Q♦ [7♣]",2026-09-02T07:25:35.944Z,178833393594400
"""LingWae @ FQN9hzhzP_"" checks",2026-09-02T07:25:35.110Z,178833393511000
"""bick and dalls @ gpP9uUffpu"" checks",2026-09-02T07:25:28.754Z,178833392875400
"""fish @ oMsP5L3lJa"" checks",2026-09-02T07:25:27.776Z,178833392777600
"Flop:  [K♠, 9♦, Q♦]",2026-09-02T07:25:24.136Z,178833392413600
"""bick and dalls @ gpP9uUffpu"" checks",2026-09-02T07:25:23.246Z,178833392324600
"""fish @ oMsP5L3lJa"" calls 10",2026-09-02T07:25:21.958Z,178833392195800
"""LingWae @ FQN9hzhzP_"" calls 10",2026-09-02T07:25:20.022Z,178833392002200
"""bick and dalls @ gpP9uUffpu"" posts a big blind of 10",2026-09-02T07:25:11.518Z,178833391151806
"""fish @ oMsP5L3lJa"" posts a small blind of 5",2026-09-02T07:25:11.518Z,178833391151805
"Player stacks: #1 ""bick and dalls @ gpP9uUffpu"" (1748) | #2 ""LingWae @ FQN9hzhzP_"" (3902) | #5 ""fish @ oMsP5L3lJa"" (1838)",2026-09-02T07:25:11.518Z,178833391151801
"-- starting hand #202 (id: tomnzi4blhh4)  No Limit Texas Hold'em (dealer: ""LingWae @ FQN9hzhzP_"") --",2026-09-02T07:25:11.518Z,178833391151800
"-- ending hand #201 --",2026-09-02T07:25:05.512Z,178833390551202
"""LingWae @ FQN9hzhzP_"" collected 1050 from pot with Full House, 5's over 4's (combination: 4♦, 4♠, 5♠, 5♦, 5♥)",2026-09-02T07:25:05.512Z,178833390551201
"""LingWae @ FQN9hzhzP_"" shows a 4♦, 5♠.",2026-09-02T07:25:05.512Z,178833390551200
"""fish @ oMsP5L3lJa"" calls 495",2026-09-02T07:25:04.651Z,178833390465100
"""LingWae @ FQN9hzhzP_"" raises to 495",2026-09-02T07:25:03.557Z,178833390355700
"""bick and dalls @ gpP9uUffpu"" folds",2026-09-02T07:24:59.960Z,178833389996000
"""fish @ oMsP5L3lJa"" raises to 180",2026-09-02T07:24:58.750Z,178833389875000
"""LingWae @ FQN9hzhzP_"" bets 67",2026-09-02T07:24:52.634Z,178833389263400
"River: 5♦, 5♥, 4♠, 3♦ [6♥]",2026-09-02T07:24:47.458Z,178833388745800
"""bick and dalls @ gpP9uUffpu"" checks",2026-09-02T07:24:46.633Z,178833388663300
"""fish @ oMsP5L3lJa"" checks",2026-09-02T07:24:45.550Z,178833388555000
"""LingWae @ FQN9hzhzP_"" checks",2026-09-02T07:24:44.618Z,178833388461800
"Turn: 5♦, 5♥, 4♠ [3♦]",2026-09-02T07:24:42.894Z,178833388289400
"""bick and dalls @ gpP9uUffpu"" checks",2026-09-02T07:24:42.076Z,178833388207600
"""fish @ oMsP5L3lJa"" checks",2026-09-02T07:24:41.168Z,178833388116800
"""LingWae @ FQN9hzhzP_"" checks",2026-09-02T07:24:40.195Z,178833388019500
"Flop:  [5♦, 5♥, 4♠]",2026-09-02T07:24:36.768Z,178833387676800
"""bick and dalls @ gpP9uUffpu"" calls 20",2026-09-02T07:24:35.909Z,178833387590900
"""fish @ oMsP5L3lJa"" calls 20",2026-09-02T07:24:33.809Z,178833387380900
"""LingWae @ FQN9hzhzP_"" raises to 20",2026-09-02T07:24:32.203Z,178833387220300
"""bick and dalls @ gpP9uUffpu"" calls 10",2026-09-02T07:24:30.217Z,178833387021700
"""fish @ oMsP5L3lJa"" posts a big blind of 10",2026-09-02T07:24:27.848Z,178833386784806
"""LingWae @ FQN9hzhzP_"" posts a small blind of 5",2026-09-02T07:24:27.848Z,178833386784805
"Player stacks: #1 ""bick and dalls @ gpP9uUffpu"" (1768) | #2 ""LingWae @ FQN9hzhzP_"" (3367) | #5 ""fish @ oMsP5L3lJa"" (2353)",2026-09-02T07:24:27.848Z,178833386784801
"-- starting hand #201 (id: k8neawaudymd)  No Limit Texas Hold'em (dealer: ""bick and dalls @ gpP9uUffpu"") --",2026-09-02T07:24:27.848Z,178833386784800
"""fish @ oMsP5L3lJa"" shows a A♠.",2026-09-02T07:24:23.119Z,178833386311900
"""LingWae @ FQN9hzhzP_"" shows a Q♦, 8♦.",2026-09-02T07:24:22.700Z,178833386270000
"-- ending hand #200 --",2026-09-02T07:24:20.480Z,178833386048002
"""fish @ oMsP5L3lJa"" collected 144 from pot",2026-09-02T07:24:20.480Z,178833386048001
"Uncalled bet of 70 returned to ""fish @ oMsP5L3lJa""",2026-09-02T07:24:20.480Z,178833386048000
"""LingWae @ FQN9hzhzP_"" folds",2026-09-02T07:24:19.669Z,178833385966900
"""fish @ oMsP5L3lJa"" bets 70",2026-09-02T07:24:17.593Z,178833385759300
"""LingWae @ FQN9hzhzP_"" checks",2026-09-02T07:24:15.337Z,178833385533700
"Flop:  [5♣, K♠, 9♦]",2026-09-02T07:24:13.471Z,178833385347100
"""bick and dalls @ gpP9uUffpu"" folds",2026-09-02T07:24:12.655Z,178833385265500
"""fish @ oMsP5L3lJa"" calls 67",2026-09-02T07:24:11.724Z,178833385172400
"""LingWae @ FQN9hzhzP_"" raises to 67",2026-09-02T07:24:10.574Z,178833385057400
"""bick and dalls @ gpP9uUffpu"" calls 10",2026-09-02T07:24:07.967Z,178833384796700
"""fish @ oMsP5L3lJa"" calls 10",2026-09-02T07:24:07.056Z,178833384705600
"""LingWae @ FQN9hzhzP_"" posts a big blind of 10",2026-09-02T07:24:04.430Z,178833384443006
"""bick and dalls @ gpP9uUffpu"" posts a small blind of 5",2026-09-02T07:24:04.430Z,178833384443005
"Player stacks: #1 ""bick and dalls @ gpP9uUffpu"" (1778) | #2 ""LingWae @ FQN9hzhzP_"" (3434) | #5 ""fish @ oMsP5L3lJa"" (2276)",2026-09-02T07:24:04.430Z,178833384443001
"-- starting hand #200 (id: rll5czx2wach)  No Limit Texas Hold'em (dealer: ""fish @ oMsP5L3lJa"") --",2026-09-02T07:24:04.430Z,178833384443000
"""LingWae @ FQN9hzhzP_"" shows a 6♣, J♣.",2026-09-02T07:24:00.222Z,178833384022200
"-- ending hand #199 --",2026-09-02T07:23:57.885Z,178833383788502
"""fish @ oMsP5L3lJa"" collected 90 from pot with Pair, K's (combination: 5♥, 6♥, 10♣, K♣, K♠)",2026-09-02T07:23:57.885Z,178833383788501
"""fish @ oMsP5L3lJa"" shows a K♣, 10♣.",2026-09-02T07:23:57.885Z,178833383788500
"""LingWae @ FQN9hzhzP_"" checks",2026-09-02T07:23:56.980Z,178833383698000
"""fish @ oMsP5L3lJa"" checks",2026-09-02T07:23:56.030Z,178833383603000
"River: 4♣, 6♥, K♠, 2♠ [5♥]",2026-09-02T07:23:55.283Z,178833383528300
"""LingWae @ FQN9hzhzP_"" checks",2026-09-02T07:23:54.469Z,178833383446900
"""fish @ oMsP5L3lJa"" checks",2026-09-02T07:23:53.307Z,178833383330700
"Turn: 4♣, 6♥, K♠ [2♠]",2026-09-02T07:23:52.080Z,178833383208000
"""LingWae @ FQN9hzhzP_"" calls 30",2026-09-02T07:23:51.175Z,178833383117500
"""bick and dalls @ gpP9uUffpu"" folds",2026-09-02T07:23:50.230Z,178833383023000
"""fish @ oMsP5L3lJa"" bets 30",2026-09-02T07:23:48.456Z,178833382845600
"Flop:  [4♣, 6♥, K♠]",2026-09-02T07:23:45.473Z,178833382547300
"""bick and dalls @ gpP9uUffpu"" checks",2026-09-02T07:23:44.577Z,178833382457700
"""fish @ oMsP5L3lJa"" calls 10",2026-09-02T07:23:43.652Z,178833382365200
"""LingWae @ FQN9hzhzP_"" calls 10",2026-09-02T07:23:42.752Z,178833382275200
"""bick and dalls @ gpP9uUffpu"" posts a big blind of 10",2026-09-02T07:23:37.070Z,178833381707006
"""fish @ oMsP5L3lJa"" posts a small blind of 5",2026-09-02T07:23:37.070Z,178833381707005
"Player stacks: #1 ""bick and dalls @ gpP9uUffpu"" (1788) | #2 ""LingWae @ FQN9hzhzP_"" (3474) | #5 ""fish @ oMsP5L3lJa"" (2226)",2026-09-02T07:23:37.070Z,178833381707001
"-- starting hand #199 (id: cujbmrvomd0u)  No Limit Texas Hold'em (dealer: ""LingWae @ FQN9hzhzP_"") --",2026-09-02T07:23:37.070Z,178833381707000
"""LingWae @ FQN9hzhzP_"" shows a A♣.",2026-09-02T07:23:35.871Z,178833381587100
"""bick and dalls @ gpP9uUffpu"" shows a 9♣.",2026-09-02T07:23:34.677Z,178833381467700
"""fish @ oMsP5L3lJa"" shows a 2♦.",2026-09-02T07:23:34.594Z,178833381459400
"""LingWae @ FQN9hzhzP_"" shows a 9♠.",2026-09-02T07:23:32.546Z,178833381254600
"-- ending hand #198 --",2026-09-02T07:23:32.066Z,178833381206602
"""bick and dalls @ gpP9uUffpu"" collected 210 from pot",2026-09-02T07:23:32.066Z,178833381206601
"Uncalled bet of 60 returned to ""bick and dalls @ gpP9uUffpu""",2026-09-02T07:23:32.066Z,178833381206600
"""LingWae @ FQN9hzhzP_"" folds",2026-09-02T07:23:31.156Z,178833381115600
"""bick and dalls @ gpP9uUffpu"" raises to 70",2026-09-02T07:23:29.633Z,178833380963300
"""LingWae @ FQN9hzhzP_"" bets 10",2026-09-02T07:23:25.981Z,178833380598100
"River: 8♠, 2♥, 4♠, 10♣ [J♠]",2026-09-02T07:23:16.876Z,178833379687600
"""LingWae @ FQN9hzhzP_"" calls 40",2026-09-02T07:23:16.045Z,178833379604500
"""bick and dalls @ gpP9uUffpu"" bets 40",2026-09-02T07:23:15.135Z,178833379513500
"""LingWae @ FQN9hzhzP_"" checks",2026-09-02T07:23:12.844Z,178833379284400
"Turn: 8♠, 2♥, 4♠ [10♣]",2026-09-02T07:23:08.872Z,178833378887200
"""bick and dalls @ gpP9uUffpu"" checks",2026-09-02T07:23:08.030Z,178833378803000
"""LingWae @ FQN9hzhzP_"" checks",2026-09-02T07:23:06.826Z,178833378682600
"Flop:  [8♠, 2♥, 4♠]",2026-09-02T07:23:05.011Z,178833378501100
"""fish @ oMsP5L3lJa"" folds",2026-09-02T07:23:04.102Z,178833378410200
"""LingWae @ FQN9hzhzP_"" calls 50",2026-09-02T07:23:03.166Z,178833378316600
"""bick and dalls @ gpP9uUffpu"" raises to 50",2026-09-02T07:23:02.215Z,178833378221500
"""fish @ oMsP5L3lJa"" posts a big blind of 10",2026-09-02T07:22:59.988Z,178833377998806
"""LingWae @ FQN9hzhzP_"" posts a small blind of 5",2026-09-02T07:22:59.988Z,178833377998805
"Player stacks: #1 ""bick and dalls @ gpP9uUffpu"" (1678) | #2 ""LingWae @ FQN9hzhzP_"" (3574) | #5 ""fish @ oMsP5L3lJa"" (2236)",2026-09-02T07:22:59.988Z,178833377998801
"-- starting hand #198 (id: oghnvlmwtqns)  No Limit Texas Hold'em (dealer: ""bick and dalls @ gpP9uUffpu"") --",2026-09-02T07:22:59.988Z,178833377998800
"Undealt cards: A♣, K♣, 3♠ [K♥, 5♥]",2026-09-02T07:22:59.745Z,178833377974500
"""LingWae @ FQN9hzhzP_"" shows a 2♥, A♥.",2026-09-02T07:22:56.728Z,178833377672800
"-- ending hand #197 --",2026-09-02T07:22:53.384Z,178833377338402
"""LingWae @ FQN9hzhzP_"" collected 201 from pot",2026-09-02T07:22:53.384Z,178833377338401
"Uncalled bet of 167 returned to ""LingWae @ FQN9hzhzP_""",2026-09-02T07:22:53.384Z,178833377338400
"""bick and dalls @ gpP9uUffpu"" folds",2026-09-02T07:22:52.569Z,178833377256900
"""fish @ oMsP5L3lJa"" folds",2026-09-02T07:22:49.351Z,178833376935100
"""LingWae @ FQN9hzhzP_"" bets 167",2026-09-02T07:22:48.318Z,178833376831800
"""bick and dalls @ gpP9uUffpu"" checks",2026-09-02T07:22:41.800Z,178833376180000
"Flop:  [A♣, K♣, 3♠]",2026-09-02T07:22:40.018Z,178833376001800
"""bick and dalls @ gpP9uUffpu"" calls 67",2026-09-02T07:22:39.182Z,178833375918200
"""fish @ oMsP5L3lJa"" calls 67",2026-09-02T07:22:37.023Z,178833375702300
"""LingWae @ FQN9hzhzP_"" raises to 67",2026-09-02T07:22:35.107Z,178833375510700
"""bick and dalls @ gpP9uUffpu"" calls 10",2026-09-02T07:22:32.549Z,178833375254900
"""fish @ oMsP5L3lJa"" calls 10",2026-09-02T07:22:28.229Z,178833374822900
"""LingWae @ FQN9hzhzP_"" posts a big blind of 10",2026-09-02T07:22:26.876Z,178833374687606
"""bick and dalls @ gpP9uUffpu"" posts a small blind of 5",2026-09-02T07:22:26.876Z,178833374687605
"Player stacks: #1 ""bick and dalls @ gpP9uUffpu"" (1745) | #2 ""LingWae @ FQN9hzhzP_"" (3440) | #5 ""fish @ oMsP5L3lJa"" (2303)",2026-09-02T07:22:26.876Z,178833374687601
"-- starting hand #197 (id: ijls8t450r2l)  No Limit Texas Hold'em (dealer: ""fish @ oMsP5L3lJa"") --",2026-09-02T07:22:26.876Z,178833374687600
"""bick and dalls @ gpP9uUffpu"" shows a K♣.",2026-09-02T07:22:23.229Z,178833374322900
"-- ending hand #196 --",2026-09-02T07:22:20.361Z,178833374036102
"""fish @ oMsP5L3lJa"" collected 260 from pot with Straight, A High (combination: 10♥, J♠, Q♦, K♠, A♠)",2026-09-02T07:22:20.361Z,178833374036101
"""fish @ oMsP5L3lJa"" shows a 10♥, J♣.",2026-09-02T07:22:20.361Z,178833374036100
"""bick and dalls @ gpP9uUffpu"" calls 50",2026-09-02T07:22:19.502Z,178833373950200
"""fish @ oMsP5L3lJa"" raises to 50",2026-09-02T07:22:17.358Z,178833373735800
"""bick and dalls @ gpP9uUffpu"" bets 10",2026-09-02T07:22:15.775Z,178833373577500
"""fish @ oMsP5L3lJa"" checks",2026-09-02T07:22:14.683Z,178833373468300
"River: J♠, A♠, 7♦, K♠ [Q♦]",2026-09-02T07:22:13.865Z,178833373386500
"""fish @ oMsP5L3lJa"" calls 50",2026-09-02T07:22:13.030Z,178833373303000
"""bick and dalls @ gpP9uUffpu"" raises to 50",2026-09-02T07:22:11.987Z,178833373198700
"""fish @ oMsP5L3lJa"" raises to 30",2026-09-02T07:22:09.762Z,178833372976200
"""LingWae @ FQN9hzhzP_"" folds",2026-09-02T07:22:08.020Z,178833372802000
"""bick and dalls @ gpP9uUffpu"" bets 10",2026-09-02T07:22:06.522Z,178833372652200
"""fish @ oMsP5L3lJa"" checks",2026-09-02T07:22:04.281Z,178833372428100
"Turn: J♠, A♠, 7♦ [K♠]",2026-09-02T07:22:03.261Z,178833372326100
"""LingWae @ FQN9hzhzP_"" checks",2026-09-02T07:22:02.409Z,178833372240900
"""bick and dalls @ gpP9uUffpu"" checks",2026-09-02T07:22:00.586Z,178833372058600
"""fish @ oMsP5L3lJa"" checks",2026-09-02T07:21:59.569Z,178833371956900
"Flop:  [J♠, A♠, 7♦]",2026-09-02T07:21:58.084Z,178833371808400
"""bick and dalls @ gpP9uUffpu"" calls 20",2026-09-02T07:21:57.184Z,178833371718400
"""fish @ oMsP5L3lJa"" calls 20",2026-09-02T07:21:56.161Z,178833371616100
"""LingWae @ FQN9hzhzP_"" raises to 20",2026-09-02T07:21:55.190Z,178833371519000
"""bick and dalls @ gpP9uUffpu"" posts a big blind of 10",2026-09-02T07:21:52.877Z,178833371287706
"""fish @ oMsP5L3lJa"" posts a small blind of 5",2026-09-02T07:21:52.877Z,178833371287705
"Player stacks: #1 ""bick and dalls @ gpP9uUffpu"" (1865) | #2 ""LingWae @ FQN9hzhzP_"" (3460) | #5 ""fish @ oMsP5L3lJa"" (2163)",2026-09-02T07:21:52.877Z,178833371287701
"-- starting hand #196 (id: mhkfiypvfb7p)  No Limit Texas Hold'em (dealer: ""LingWae @ FQN9hzhzP_"") --",2026-09-02T07:21:52.877Z,178833371287700
"""LingWae @ FQN9hzhzP_"" shows a 10♠.",2026-09-02T07:21:49.903Z,178833370990300
"Undealt cards: 4♥, 4♦, J♠ [5♦, A♠]",2026-09-02T07:21:46.394Z,178833370639400
"-- ending hand #195 --",2026-09-02T07:21:46.149Z,178833370614902
"""bick and dalls @ gpP9uUffpu"" collected 90 from pot",2026-09-02T07:21:46.149Z,178833370614901
"Uncalled bet of 40 returned to ""bick and dalls @ gpP9uUffpu""",2026-09-02T07:21:46.149Z,178833370614900
"""fish @ oMsP5L3lJa"" folds",2026-09-02T07:21:45.327Z,178833370532700
"""LingWae @ FQN9hzhzP_"" folds",2026-09-02T07:21:43.994Z,178833370399400
"""bick and dalls @ gpP9uUffpu"" bets 40",2026-09-02T07:21:42.169Z,178833370216900
"""fish @ oMsP5L3lJa"" checks",2026-09-02T07:21:39.759Z,178833369975900
"""LingWae @ FQN9hzhzP_"" checks",2026-09-02T07:21:38.773Z,178833369877300
"Flop:  [4♥, 4♦, J♠]",2026-09-02T07:21:36.268Z,178833369626800
"""bick and dalls @ gpP9uUffpu"" calls 30",2026-09-02T07:21:35.371Z,178833369537100
"""fish @ oMsP5L3lJa"" calls 30",2026-09-02T07:21:34.388Z,178833369438800
"""LingWae @ FQN9hzhzP_"" raises to 30",2026-09-02T07:21:33.484Z,178833369348400
"""bick and dalls @ gpP9uUffpu"" calls 10",2026-09-02T07:21:30.684Z,178833369068400
"""fish @ oMsP5L3lJa"" posts a big blind of 10",2026-09-02T07:21:29.868Z,178833368986806
"""LingWae @ FQN9hzhzP_"" posts a small blind of 5",2026-09-02T07:21:29.868Z,178833368986805
"Player stacks: #1 ""bick and dalls @ gpP9uUffpu"" (1805) | #2 ""LingWae @ FQN9hzhzP_"" (3490) | #5 ""fish @ oMsP5L3lJa"" (2193)",2026-09-02T07:21:29.868Z,178833368986801
"-- starting hand #195 (id: ybgc5xyqfkmd)  No Limit Texas Hold'em (dealer: ""bick and dalls @ gpP9uUffpu"") --",2026-09-02T07:21:29.868Z,178833368986800
"""LingWae @ FQN9hzhzP_"" shows a 10♦, A♠.",2026-09-02T07:21:24.462Z,178833368446200
"-- ending hand #194 --",2026-09-02T07:21:23.264Z,178833368326402
"""bick and dalls @ gpP9uUffpu"" collected 165 from pot with Pair, 7's (combination: Q♥, K♥, A♦, 7♠, 7♣)",2026-09-02T07:21:23.264Z,178833368326401
"""bick and dalls @ gpP9uUffpu"" shows a A♦, 7♠.",2026-09-02T07:21:23.264Z,178833368326400
"""fish @ oMsP5L3lJa"" checks",2026-09-02T07:21:22.363Z,178833368236300
"""LingWae @ FQN9hzhzP_"" checks",2026-09-02T07:21:21.333Z,178833368133300
"""bick and dalls @ gpP9uUffpu"" checks",2026-09-02T07:21:19.698Z,178833367969800
"River: 7♣, 9♠, Q♥, K♥ [3♣]",2026-09-02T07:21:18.893Z,178833367889300
"""fish @ oMsP5L3lJa"" checks",2026-09-02T07:21:18.069Z,178833367806900
"""LingWae @ FQN9hzhzP_"" checks",2026-09-02T07:21:16.793Z,178833367679300
"""bick and dalls @ gpP9uUffpu"" checks",2026-09-02T07:21:14.144Z,178833367414400
"Turn: 7♣, 9♠, Q♥ [K♥]",2026-09-02T07:21:12.892Z,178833367289200
"""fish @ oMsP5L3lJa"" checks",2026-09-02T07:21:12.073Z,178833367207300
"""LingWae @ FQN9hzhzP_"" checks",2026-09-02T07:21:09.091Z,178833366909100
"""bick and dalls @ gpP9uUffpu"" checks",2026-09-02T07:21:05.467Z,178833366546700
"Flop:  [7♣, 9♠, Q♥]",2026-09-02T07:21:04.322Z,178833366432200
"""fish @ oMsP5L3lJa"" calls 55",2026-09-02T07:21:03.496Z,178833366349600
"""LingWae @ FQN9hzhzP_"" calls 55",2026-09-02T07:21:00.372Z,178833366037200
"""bick and dalls @ gpP9uUffpu"" raises to 55",2026-09-02T07:20:57.854Z,178833365785400
"""fish @ oMsP5L3lJa"" calls 10",2026-09-02T07:20:55.364Z,178833365536400
"""LingWae @ FQN9hzhzP_"" posts a big blind of 10",2026-09-02T07:20:53.828Z,178833365382806
"""bick and dalls @ gpP9uUffpu"" posts a small blind of 5",2026-09-02T07:20:53.828Z,178833365382805
"Your hand is A♦, 7♠",2026-09-02T07:20:53.828Z,178833365382802
"Player stacks: #1 ""bick and dalls @ gpP9uUffpu"" (1695) | #2 ""LingWae @ FQN9hzhzP_"" (3545) | #5 ""fish @ oMsP5L3lJa"" (2248)",2026-09-02T07:20:53.828Z,178833365382801
"-- starting hand #194 (id: qhhjbeluu1qy)  No Limit Texas Hold'em (dealer: ""fish @ oMsP5L3lJa"") --",2026-09-02T07:20:53.828Z,178833365382800
"""LingWae @ FQN9hzhzP_"" shows a 10♠, A♠.",2026-09-02T07:20:52.358Z,178833365235800
"""bick and dalls @ gpP9uUffpu"" shows a 5♠.",2026-09-02T07:20:50.405Z,178833365040500
"-- ending hand #193 --",2026-09-02T07:20:49.486Z,178833364948602
"""bick and dalls @ gpP9uUffpu"" collected 1165 from pot",2026-09-02T07:20:49.486Z,178833364948601
"Uncalled bet of 530 returned to ""bick and dalls @ gpP9uUffpu""",2026-09-02T07:20:49.486Z,178833364948600
"""fish @ oMsP5L3lJa"" folds",2026-09-02T07:20:48.659Z,178833364865900
"""bick and dalls @ gpP9uUffpu"" raises to 1030 and go all in",2026-09-02T07:20:46.506Z,178833364650600
"""fish @ oMsP5L3lJa"" raises to 500",2026-09-02T07:20:44.354Z,178833364435400
"""LingWae @ FQN9hzhzP_"" folds",2026-09-02T07:20:36.592Z,178833363659200
"""bick and dalls @ gpP9uUffpu"" raises to 165",2026-09-02T07:20:34.923Z,178833363492300
"""fish @ oMsP5L3lJa"" bets 30",2026-09-02T07:20:30.420Z,178833363042000
"River: 9♦, 9♥, K♥, 8♦ [5♦]",2026-09-02T07:20:25.972Z,178833362597200
"""LingWae @ FQN9hzhzP_"" checks",2026-09-02T07:20:25.125Z,178833362512500
"""bick and dalls @ gpP9uUffpu"" checks",2026-09-02T07:20:21.449Z,178833362144900
"""fish @ oMsP5L3lJa"" checks",2026-09-02T07:20:20.269Z,178833362026900
"Turn: 9♦, 9♥, K♥ [8♦]",2026-09-02T07:20:18.970Z,178833361897000
"""LingWae @ FQN9hzhzP_"" checks",2026-09-02T07:20:18.150Z,178833361815000
"""bick and dalls @ gpP9uUffpu"" checks",2026-09-02T07:20:16.823Z,178833361682300
"""fish @ oMsP5L3lJa"" checks",2026-09-02T07:20:14.838Z,178833361483800
"Flop:  [9♦, 9♥, K♥]",2026-09-02T07:20:12.854Z,178833361285400
"""fish @ oMsP5L3lJa"" calls 55",2026-09-02T07:20:12.048Z,178833361204800
"""LingWae @ FQN9hzhzP_"" calls 55",2026-09-02T07:20:11.090Z,178833361109000
"""bick and dalls @ gpP9uUffpu"" raises to 55",2026-09-02T07:20:09.271Z,178833360927100
"""fish @ oMsP5L3lJa"" calls 10",2026-09-02T07:20:06.940Z,178833360694000
"""LingWae @ FQN9hzhzP_"" calls 10",2026-09-02T07:20:05.973Z,178833360597300
"""bick and dalls @ gpP9uUffpu"" posts a big blind of 10",2026-09-02T07:19:58.172Z,178833359817206
"""fish @ oMsP5L3lJa"" posts a small blind of 5",2026-09-02T07:19:58.172Z,178833359817205
"Player stacks: #1 ""bick and dalls @ gpP9uUffpu"" (1085) | #2 ""LingWae @ FQN9hzhzP_"" (3600) | #5 ""fish @ oMsP5L3lJa"" (2803)",2026-09-02T07:19:58.172Z,178833359817201
"-- starting hand #193 (id: ag1hsln4nqj2)  No Limit Texas Hold'em (dealer: ""LingWae @ FQN9hzhzP_"") --",2026-09-02T07:19:58.172Z,178833359817200
"""bick and dalls @ gpP9uUffpu"" shows a K♦, J♣.",2026-09-02T07:19:56.754Z,178833359675400
"-- ending hand #192 --",2026-09-02T07:19:51.643Z,178833359164302
"""LingWae @ FQN9hzhzP_"" collected 1710 from pot with Full House, 9's over 5's (combination: 5♦, 5♠, 9♦, 9♠, 9♣)",2026-09-02T07:19:51.643Z,178833359164301
"""LingWae @ FQN9hzhzP_"" shows a 9♦, 5♦.",2026-09-02T07:19:51.643Z,178833359164300
"""fish @ oMsP5L3lJa"" calls 513",2026-09-02T07:19:50.824Z,178833359082400
"""LingWae @ FQN9hzhzP_"" bets 513",2026-09-02T07:19:46.263Z,178833358626300
"River: 9♠, 9♣, 3♠, K♥ [5♠]",2026-09-02T07:19:40.347Z,178833358034700
"""fish @ oMsP5L3lJa"" calls 200",2026-09-02T07:19:39.484Z,178833357948400
"""LingWae @ FQN9hzhzP_"" raises to 200",2026-09-02T07:19:38.329Z,178833357832900
"""fish @ oMsP5L3lJa"" bets 100",2026-09-02T07:19:36.475Z,178833357647500
"""LingWae @ FQN9hzhzP_"" checks",2026-09-02T07:19:34.408Z,178833357440800
"Turn: 9♠, 9♣, 3♠ [K♥]",2026-09-02T07:19:31.946Z,178833357194600
"""bick and dalls @ gpP9uUffpu"" folds",2026-09-02T07:19:31.075Z,178833357107500
"""fish @ oMsP5L3lJa"" calls 67",2026-09-02T07:19:30.097Z,178833357009700
"""LingWae @ FQN9hzhzP_"" bets 67",2026-09-02T07:19:28.450Z,178833356845000
"Flop:  [9♠, 9♣, 3♠]",2026-09-02T07:19:23.824Z,178833356382400
"""fish @ oMsP5L3lJa"" calls 50",2026-09-02T07:19:22.978Z,178833356297800
"""LingWae @ FQN9hzhzP_"" calls 50",2026-09-02T07:19:21.559Z,178833356155900
"""bick and dalls @ gpP9uUffpu"" raises to 50",2026-09-02T07:19:19.635Z,178833355963500
"""fish @ oMsP5L3lJa"" posts a big blind of 10",2026-09-02T07:19:17.141Z,178833355714106
"""LingWae @ FQN9hzhzP_"" posts a small blind of 5",2026-09-02T07:19:17.141Z,178833355714105
"Your hand is K♦, J♣",2026-09-02T07:19:17.141Z,178833355714102
"Player stacks: #1 ""bick and dalls @ gpP9uUffpu"" (1135) | #2 ""LingWae @ FQN9hzhzP_"" (2720) | #5 ""fish @ oMsP5L3lJa"" (3633)",2026-09-02T07:19:17.141Z,178833355714101
"-- starting hand #192 (id: ql9qqeq80nok)  No Limit Texas Hold'em (dealer: ""bick and dalls @ gpP9uUffpu"") --",2026-09-02T07:19:17.141Z,178833355714100
"-- ending hand #191 --",2026-09-02T07:19:11.052Z,178833355105202
"""LingWae @ FQN9hzhzP_"" collected 694 from pot with Three of a Kind, 4's (combination: 10♣, Q♦, 4♣, 4♠, 4♥)",2026-09-02T07:19:11.052Z,178833355105201
"""LingWae @ FQN9hzhzP_"" shows a 4♣, 10♣.",2026-09-02T07:19:11.052Z,178833355105200
"""bick and dalls @ gpP9uUffpu"" calls 167",2026-09-02T07:19:10.245Z,178833355024500
"""fish @ oMsP5L3lJa"" folds",2026-09-02T07:19:04.023Z,178833354402300
"""LingWae @ FQN9hzhzP_"" bets 167",2026-09-02T07:19:02.619Z,178833354261900
"""bick and dalls @ gpP9uUffpu"" checks",2026-09-02T07:18:58.058Z,178833353805800
"River: 4♠, 8♦, 5♠, 4♥ [Q♦]",2026-09-02T07:18:54.872Z,178833353487200
"""bick and dalls @ gpP9uUffpu"" calls 90",2026-09-02T07:18:54.048Z,178833353404800
"""fish @ oMsP5L3lJa"" calls 90",2026-09-02T07:18:52.303Z,178833353230300
"""LingWae @ FQN9hzhzP_"" raises to 90",2026-09-02T07:18:51.242Z,178833353124200
"""bick and dalls @ gpP9uUffpu"" bets 45",2026-09-02T07:18:48.968Z,178833352896800
"Turn: 4♠, 8♦, 5♠ [4♥]",2026-09-02T07:18:45.751Z,178833352575100
"""fish @ oMsP5L3lJa"" checks",2026-09-02T07:18:44.914Z,178833352491400
"""LingWae @ FQN9hzhzP_"" checks",2026-09-02T07:18:43.088Z,178833352308800
"""bick and dalls @ gpP9uUffpu"" checks",2026-09-02T07:18:40.885Z,178833352088500
"Flop:  [4♠, 8♦, 5♠]",2026-09-02T07:18:38.858Z,178833351885800
"""bick and dalls @ gpP9uUffpu"" calls 30",2026-09-02T07:18:37.957Z,178833351795700
"""fish @ oMsP5L3lJa"" calls 30",2026-09-02T07:18:37.028Z,178833351702800
"""LingWae @ FQN9hzhzP_"" raises to 30",2026-09-02T07:18:35.043Z,178833351504300
"""bick and dalls @ gpP9uUffpu"" calls 10",2026-09-02T07:18:21.361Z,178833350136100
"""fish @ oMsP5L3lJa"" calls 10",2026-09-02T07:18:19.535Z,178833349953500
"""LingWae @ FQN9hzhzP_"" posts a big blind of 10",2026-09-02T07:18:18.252Z,178833349825206
"""bick and dalls @ gpP9uUffpu"" posts a small blind of 5",2026-09-02T07:18:18.252Z,178833349825205
"Player stacks: #1 ""bick and dalls @ gpP9uUffpu"" (1422) | #2 ""LingWae @ FQN9hzhzP_"" (2313) | #5 ""fish @ oMsP5L3lJa"" (3753)",2026-09-02T07:18:18.252Z,178833349825201
"-- starting hand #191 (id: vftkz7wdlf87)  No Limit Texas Hold'em (dealer: ""fish @ oMsP5L3lJa"") --",2026-09-02T07:18:18.252Z,178833349825200
"-- ending hand #190 --",2026-09-02T07:18:12.244Z,178833349224402
"""LingWae @ FQN9hzhzP_"" collected 364 from pot with Straight, J High (combination: 7♦, 8♥, 9♦, 10♣, J♣)",2026-09-02T07:18:12.244Z,178833349224401
"""LingWae @ FQN9hzhzP_"" shows a 7♦, 10♣.",2026-09-02T07:18:12.244Z,178833349224400
"""fish @ oMsP5L3lJa"" calls 167",2026-09-02T07:18:11.373Z,178833349137300
"""LingWae @ FQN9hzhzP_"" raises to 167",2026-09-02T07:18:10.396Z,178833349039600
"""bick and dalls @ gpP9uUffpu"" folds",2026-09-02T07:18:04.332Z,178833348433200
"""fish @ oMsP5L3lJa"" bets 30",2026-09-02T07:17:56.572Z,178833347657200
"River: J♣, 6♣, A♥, 8♥ [9♦]",2026-09-02T07:17:53.770Z,178833347377000
"""LingWae @ FQN9hzhzP_"" checks",2026-09-02T07:17:52.936Z,178833347293600
"""bick and dalls @ gpP9uUffpu"" checks",2026-09-02T07:17:51.107Z,178833347110700
"""fish @ oMsP5L3lJa"" checks",2026-09-02T07:17:45.917Z,178833346591700
"Turn: J♣, 6♣, A♥ [8♥]",2026-09-02T07:17:44.876Z,178833346487600
"""LingWae @ FQN9hzhzP_"" checks",2026-09-02T07:17:43.971Z,178833346397100
"""bick and dalls @ gpP9uUffpu"" checks",2026-09-02T07:17:43.013Z,178833346301300
"""fish @ oMsP5L3lJa"" checks",2026-09-02T07:17:36.828Z,178833345682800
"Flop:  [J♣, 6♣, A♥]",2026-09-02T07:17:34.056Z,178833345405600
"""bick and dalls @ gpP9uUffpu"" checks",2026-09-02T07:17:33.209Z,178833345320900
"""fish @ oMsP5L3lJa"" calls 10",2026-09-02T07:17:32.271Z,178833345227100
"""LingWae @ FQN9hzhzP_"" calls 10",2026-09-02T07:17:30.418Z,178833345041800
"""bick and dalls @ gpP9uUffpu"" posts a big blind of 10",2026-09-02T07:17:28.565Z,178833344856506
"""fish @ oMsP5L3lJa"" posts a small blind of 5",2026-09-02T07:17:28.565Z,178833344856505
"Player stacks: #1 ""bick and dalls @ gpP9uUffpu"" (1432) | #2 ""LingWae @ FQN9hzhzP_"" (2126) | #5 ""fish @ oMsP5L3lJa"" (3930)",2026-09-02T07:17:28.565Z,178833344856501
"-- starting hand #190 (id: ebmjuzdkpecb)  No Limit Texas Hold'em (dealer: ""LingWae @ FQN9hzhzP_"") --",2026-09-02T07:17:28.565Z,178833344856500
"-- ending hand #189 --",2026-09-02T07:17:22.500Z,178833344250002
"""bick and dalls @ gpP9uUffpu"" collected 550 from pot with Pair, Q's (combination: 6♥, 10♣, J♦, Q♥, Q♣)",2026-09-02T07:17:22.500Z,178833344250001
"""bick and dalls @ gpP9uUffpu"" shows a Q♥, 10♣.",2026-09-02T07:17:22.500Z,178833344250000
"""fish @ oMsP5L3lJa"" calls 125",2026-09-02T07:17:21.677Z,178833344167700
"""LingWae @ FQN9hzhzP_"" folds",2026-09-02T07:17:08.645Z,178833342864500
"""bick and dalls @ gpP9uUffpu"" bets 125",2026-09-02T07:17:06.604Z,178833342660400
"""fish @ oMsP5L3lJa"" checks",2026-09-02T07:17:03.454Z,178833342345400
"""LingWae @ FQN9hzhzP_"" checks",2026-09-02T07:17:02.374Z,178833342237400
"River: J♦, 2♠, 6♥, 5♥ [Q♣]",2026-09-02T07:17:00.463Z,178833342046300
"""bick and dalls @ gpP9uUffpu"" checks",2026-09-02T07:16:59.587Z,178833341958700
"""fish @ oMsP5L3lJa"" checks",2026-09-02T07:16:56.155Z,178833341615500
"""LingWae @ FQN9hzhzP_"" checks",2026-09-02T07:16:55.163Z,178833341516300
"Turn: J♦, 2♠, 6♥ [5♥]",2026-09-02T07:16:49.342Z,178833340934200
"""LingWae @ FQN9hzhzP_"" calls 60",2026-09-02T07:16:48.525Z,178833340852500
"""bick and dalls @ gpP9uUffpu"" calls 60",2026-09-02T07:16:45.198Z,178833340519800
"""fish @ oMsP5L3lJa"" bets 60",2026-09-02T07:16:42.188Z,178833340218800
"""LingWae @ FQN9hzhzP_"" checks",2026-09-02T07:16:39.915Z,178833339991500
"Flop:  [J♦, 2♠, 6♥]",2026-09-02T07:16:35.856Z,178833339585600
"""fish @ oMsP5L3lJa"" calls 40",2026-09-02T07:16:34.942Z,178833339494200
"""LingWae @ FQN9hzhzP_"" calls 40",2026-09-02T07:16:33.162Z,178833339316200
"""bick and dalls @ gpP9uUffpu"" raises to 40",2026-09-02T07:16:32.193Z,178833339219300
"""fish @ oMsP5L3lJa"" posts a big blind of 10",2026-09-02T07:16:30.254Z,178833339025406
"""LingWae @ FQN9hzhzP_"" posts a small blind of 5",2026-09-02T07:16:30.254Z,178833339025405
"Your hand is Q♥, 10♣",2026-09-02T07:16:30.254Z,178833339025402
"Player stacks: #1 ""bick and dalls @ gpP9uUffpu"" (1107) | #2 ""LingWae @ FQN9hzhzP_"" (2226) | #5 ""fish @ oMsP5L3lJa"" (4155)",2026-09-02T07:16:30.254Z,178833339025401
"-- starting hand #189 (id: evtlxmogibpq)  No Limit Texas Hold'em (dealer: ""bick and dalls @ gpP9uUffpu"") --",2026-09-02T07:16:30.254Z,178833339025400
"-- ending hand #188 --",2026-09-02T07:16:27.255Z,178833338725502
"""LingWae @ FQN9hzhzP_"" collected 224 from pot",2026-09-02T07:16:27.255Z,178833338725501
"Uncalled bet of 356 returned to ""LingWae @ FQN9hzhzP_""",2026-09-02T07:16:27.255Z,178833338725500
"""fish @ oMsP5L3lJa"" folds",2026-09-02T07:16:26.436Z,178833338643600
"""LingWae @ FQN9hzhzP_"" bets 356",2026-09-02T07:16:20.504Z,178833338050400
"River: 8♦, J♣, A♠, K♠ [5♠]",2026-09-02T07:16:13.602Z,178833337360200
"""bick and dalls @ gpP9uUffpu"" folds",2026-09-02T07:16:12.678Z,178833337267800
"""fish @ oMsP5L3lJa"" calls 67",2026-09-02T07:16:11.571Z,178833337157100
"""LingWae @ FQN9hzhzP_"" bets 67",2026-09-02T07:16:09.862Z,178833336986200
"""bick and dalls @ gpP9uUffpu"" checks",2026-09-02T07:16:06.102Z,178833336610200
"Turn: 8♦, J♣, A♠ [K♠]",2026-09-02T07:16:05.222Z,178833336522200
"""fish @ oMsP5L3lJa"" checks",2026-09-02T07:16:04.417Z,178833336441700
"""LingWae @ FQN9hzhzP_"" checks",2026-09-02T07:16:02.792Z,178833336279200
"""bick and dalls @ gpP9uUffpu"" checks",2026-09-02T07:16:01.132Z,178833336113200
"Flop:  [8♦, J♣, A♠]",2026-09-02T07:15:57.447Z,178833335744700
"""fish @ oMsP5L3lJa"" calls 30",2026-09-02T07:15:56.635Z,178833335663500
"""LingWae @ FQN9hzhzP_"" calls 30",2026-09-02T07:15:55.188Z,178833335518800
"""bick and dalls @ gpP9uUffpu"" raises to 30",2026-09-02T07:15:51.338Z,178833335133800
"""fish @ oMsP5L3lJa"" calls 10",2026-09-02T07:15:45.060Z,178833334506000
"""LingWae @ FQN9hzhzP_"" posts a big blind of 10",2026-09-02T07:15:43.637Z,178833334363706
"""bick and dalls @ gpP9uUffpu"" posts a small blind of 5",2026-09-02T07:15:43.637Z,178833334363705
"Player stacks: #1 ""bick and dalls @ gpP9uUffpu"" (1137) | #2 ""LingWae @ FQN9hzhzP_"" (2099) | #5 ""fish @ oMsP5L3lJa"" (4252)",2026-09-02T07:15:43.637Z,178833334363701
"-- starting hand #188 (id: vorbn7pqkprc)  No Limit Texas Hold'em (dead button) --",2026-09-02T07:15:43.637Z,178833334363700
"""bick and dalls @ gpP9uUffpu"" shows a 3♥, Q♥.",2026-09-02T07:15:39.578Z,178833333957800
"-- ending hand #187 --",2026-09-02T07:15:37.111Z,178833333711102
"""fish @ oMsP5L3lJa"" collected 1800 from pot with Flush, A High (combination: 2♥, 5♥, 6♥, 9♥, A♥)",2026-09-02T07:15:37.111Z,178833333711101
"""fish @ oMsP5L3lJa"" shows a 6♥, A♥.",2026-09-02T07:15:37.111Z,178833333711100
"""bick and dalls @ gpP9uUffpu"" calls 750",2026-09-02T07:15:36.303Z,178833333630300
"""fish @ oMsP5L3lJa"" raises to 750",2026-09-02T07:15:34.375Z,178833333437500
"""LingWae @ FQN9hzhzP_"" folds",2026-09-02T07:15:29.286Z,178833332928600
"""bick and dalls @ gpP9uUffpu"" bets 367",2026-09-02T07:15:27.026Z,178833332702600
"River: 9♥, 2♥, 4♦, 5♥ [6♣]",2026-09-02T07:15:20.376Z,178833332037600
"""fish @ oMsP5L3lJa"" calls 60",2026-09-02T07:15:19.501Z,178833331950100
"""LingWae @ FQN9hzhzP_"" calls 60",2026-09-02T07:15:16.861Z,178833331686100
"""bick and dalls @ gpP9uUffpu"" bets 60",2026-09-02T07:15:15.622Z,178833331562200
"Turn: 9♥, 2♥, 4♦ [5♥]",2026-09-02T07:15:11.168Z,178833331116800
"""fish @ oMsP5L3lJa"" calls 30",2026-09-02T07:15:10.319Z,178833331031900
"""LingWae @ FQN9hzhzP_"" calls 30",2026-09-02T07:15:09.008Z,178833330900800
"""bick and dalls @ gpP9uUffpu"" bets 30",2026-09-02T07:15:07.805Z,178833330780500
"Flop:  [9♥, 2♥, 4♦]",2026-09-02T07:15:04.769Z,178833330476900
"""bick and dalls @ gpP9uUffpu"" checks",2026-09-02T07:15:03.937Z,178833330393700
"""fish @ oMsP5L3lJa"" calls 10",2026-09-02T07:14:57.204Z,178833329720400
"""LingWae @ FQN9hzhzP_"" calls 10",2026-09-02T07:14:54.404Z,178833329440400
"""bick and dalls @ gpP9uUffpu"" posts a big blind of 10",2026-09-02T07:14:52.739Z,178833329273907
"Dead Small Blind",2026-09-02T07:14:52.739Z,178833329273906
"Your hand is 3♥, Q♥",2026-09-02T07:14:52.739Z,178833329273903
"Player stacks: #1 ""bick and dalls @ gpP9uUffpu"" (1987) | #2 ""LingWae @ FQN9hzhzP_"" (2199) | #5 ""fish @ oMsP5L3lJa"" (3302)",2026-09-02T07:14:52.739Z,178833329273902
"-- starting hand #187 (id: aeqmegwyvbxt)  No Limit Texas Hold'em (dealer: ""fish @ oMsP5L3lJa"") --",2026-09-02T07:14:52.739Z,178833329273901
"The player ""fishidishi @ L0mhqQt-8H"" quits the game with a stack of 0.",2026-09-02T07:14:52.739Z,178833329273900
"-- ending hand #186 --",2026-09-02T07:14:46.733Z,178833328673301
"""fish @ oMsP5L3lJa"" collected 988 from pot with Full House, 4's over A's (combination: A♠, A♥, 4♣, 4♦, 4♥)",2026-09-02T07:14:46.733Z,178833328673300
"River: 4♦, 4♥, J♦, 5♣ [A♥]",2026-09-02T07:14:42.704Z,178833328270400
"""fishidishi @ L0mhqQt-8H"" shows a J♠, 10♠.",2026-09-02T07:14:38.699Z,178833327869901
"""fish @ oMsP5L3lJa"" shows a 4♣, A♠.",2026-09-02T07:14:38.699Z,178833327869900
"Some players choose to not run it twice.",2026-09-02T07:14:37.872Z,178833327787201
"""fish @ oMsP5L3lJa"" chooses to not run it twice.",2026-09-02T07:14:37.872Z,178833327787200
"Remaining players decide whether to run it twice.",2026-09-02T07:14:36.619Z,178833327661901
"""fish @ oMsP5L3lJa"" calls 404",2026-09-02T07:14:36.619Z,178833327661900
"""fishidishi @ L0mhqQt-8H"" bets 404 and go all in",2026-09-02T07:14:35.346Z,178833327534600
"""fish @ oMsP5L3lJa"" checks",2026-09-02T07:14:32.291Z,178833327229100
"Turn: 4♦, 4♥, J♦ [5♣]",2026-09-02T07:14:31.314Z,178833327131400
"""bick and dalls @ gpP9uUffpu"" folds",2026-09-02T07:14:30.476Z,178833327047600
"""fishidishi @ L0mhqQt-8H"" calls 60",2026-09-02T07:14:29.552Z,178833326955200
"""fish @ oMsP5L3lJa"" bets 60",2026-09-02T07:14:27.202Z,178833326720200
"Flop:  [4♦, 4♥, J♦]",2026-09-02T07:14:23.776Z,178833326377600
"""fishidishi @ L0mhqQt-8H"" calls 20",2026-09-02T07:14:22.960Z,178833326296000
"""fish @ oMsP5L3lJa"" calls 20",2026-09-02T07:14:20.918Z,178833326091800
"""LingWae @ FQN9hzhzP_"" folds",2026-09-02T07:14:19.816Z,178833325981600
"""bick and dalls @ gpP9uUffpu"" raises to 20",2026-09-02T07:14:18.129Z,178833325812900
"""fishidishi @ L0mhqQt-8H"" posts a big blind of 10",2026-09-02T07:14:16.695Z,178833325669507
"""fish @ oMsP5L3lJa"" posts a small blind of 5",2026-09-02T07:14:16.695Z,178833325669506
"Player stacks: #1 ""bick and dalls @ gpP9uUffpu"" (2007) | #2 ""LingWae @ FQN9hzhzP_"" (2199) | #5 ""fish @ oMsP5L3lJa"" (2798) | #10 ""fishidishi @ L0mhqQt-8H"" (484)",2026-09-02T07:14:16.695Z,178833325669501
"-- starting hand #186 (id: posx7brl5o7x)  No Limit Texas Hold'em (dealer: ""LingWae @ FQN9hzhzP_"") --",2026-09-02T07:14:16.695Z,178833325669500
"""LingWae @ FQN9hzhzP_"" shows a A♥.",2026-09-02T07:14:13.678Z,178833325367800
"Undealt cards: 5♦, 3♥, 2♦, 10♥ [4♣]",2026-09-02T07:14:10.651Z,178833325065100
"-- ending hand #185 --",2026-09-02T07:14:10.083Z,178833325008302
"""LingWae @ FQN9hzhzP_"" collected 340 from pot",2026-09-02T07:14:10.083Z,178833325008301
"Uncalled bet of 255 returned to ""LingWae @ FQN9hzhzP_""",2026-09-02T07:14:10.083Z,178833325008300
"""bick and dalls @ gpP9uUffpu"" folds",2026-09-02T07:14:09.186Z,178833324918600
"""LingWae @ FQN9hzhzP_"" bets 255",2026-09-02T07:14:05.153Z,178833324515300
"Turn: 5♦, 3♥, 2♦ [10♥]",2026-09-02T07:14:01.682Z,178833324168200
"""bick and dalls @ gpP9uUffpu"" checks",2026-09-02T07:14:00.719Z,178833324071900
"""LingWae @ FQN9hzhzP_"" checks",2026-09-02T07:13:57.082Z,178833323708200
"Flop:  [5♦, 3♥, 2♦]",2026-09-02T07:13:47.556Z,178833322755600
"""bick and dalls @ gpP9uUffpu"" calls 165",2026-09-02T07:13:46.728Z,178833322672800
"""fish @ oMsP5L3lJa"" folds",2026-09-02T07:13:45.491Z,178833322549100
"""LingWae @ FQN9hzhzP_"" raises to 165",2026-09-02T07:13:43.862Z,178833322386200
"""bick and dalls @ gpP9uUffpu"" raises to 55",2026-09-02T07:13:39.868Z,178833321986800
"""fishidishi @ L0mhqQt-8H"" folds",2026-09-02T07:13:37.444Z,178833321744400
"""fish @ oMsP5L3lJa"" posts a big blind of 10",2026-09-02T07:13:35.947Z,178833321594707
"""LingWae @ FQN9hzhzP_"" posts a small blind of 5",2026-09-02T07:13:35.947Z,178833321594706
"Player stacks: #1 ""bick and dalls @ gpP9uUffpu"" (2172) | #2 ""LingWae @ FQN9hzhzP_"" (2024) | #5 ""fish @ oMsP5L3lJa"" (2808) | #10 ""fishidishi @ L0mhqQt-8H"" (484)",2026-09-02T07:13:35.947Z,178833321594701
"-- starting hand #185 (id: sekoklyevdjc)  No Limit Texas Hold'em (dealer: ""bick and dalls @ gpP9uUffpu"") --",2026-09-02T07:13:35.947Z,178833321594700
"""LingWae @ FQN9hzhzP_"" shows a J♠.",2026-09-02T07:13:32.047Z,178833321204700
"Undealt cards: 5♣, 9♥, 3♣, K♠ [4♥]",2026-09-02T07:13:29.766Z,178833320976600
"-- ending hand #184 --",2026-09-02T07:13:29.336Z,178833320933602
"""LingWae @ FQN9hzhzP_"" collected 160 from pot",2026-09-02T07:13:29.336Z,178833320933601
"Uncalled bet of 167 returned to ""LingWae @ FQN9hzhzP_""",2026-09-02T07:13:29.336Z,178833320933600
"""bick and dalls @ gpP9uUffpu"" folds",2026-09-02T07:13:28.527Z,178833320852700
"""fishidishi @ L0mhqQt-8H"" folds",2026-09-02T07:13:26.997Z,178833320699700
"""fish @ oMsP5L3lJa"" folds",2026-09-02T07:13:26.023Z,178833320602300
"""LingWae @ FQN9hzhzP_"" bets 167",2026-09-02T07:13:24.896Z,178833320489600
"""bick and dalls @ gpP9uUffpu"" checks",2026-09-02T07:13:21.046Z,178833320104600
"Turn: 5♣, 9♥, 3♣ [K♠]",2026-09-02T07:13:19.087Z,178833319908700
"""fishidishi @ L0mhqQt-8H"" checks",2026-09-02T07:13:18.135Z,178833319813500
"""fish @ oMsP5L3lJa"" checks",2026-09-02T07:13:16.777Z,178833319677700
"""LingWae @ FQN9hzhzP_"" checks",2026-09-02T07:13:15.777Z,178833319577700
"""bick and dalls @ gpP9uUffpu"" checks",2026-09-02T07:13:13.772Z,178833319377200
"Flop:  [5♣, 9♥, 3♣]",2026-09-02T07:13:10.526Z,178833319052600
"""fish @ oMsP5L3lJa"" calls 40",2026-09-02T07:13:09.712Z,178833318971200
"""LingWae @ FQN9hzhzP_"" calls 40",2026-09-02T07:13:08.531Z,178833318853100
"""bick and dalls @ gpP9uUffpu"" calls 40",2026-09-02T07:13:06.787Z,178833318678700
"""fishidishi @ L0mhqQt-8H"" raises to 40",2026-09-02T07:13:05.796Z,178833318579600
"""fish @ oMsP5L3lJa"" calls 10",2026-09-02T07:13:02.435Z,178833318243500
"""LingWae @ FQN9hzhzP_"" posts a big blind of 10",2026-09-02T07:13:00.660Z,178833318066007
"""bick and dalls @ gpP9uUffpu"" posts a small blind of 5",2026-09-02T07:13:00.660Z,178833318066006
"Player stacks: #1 ""bick and dalls @ gpP9uUffpu"" (2212) | #2 ""LingWae @ FQN9hzhzP_"" (1904) | #5 ""fish @ oMsP5L3lJa"" (2848) | #10 ""fishidishi @ L0mhqQt-8H"" (524)",2026-09-02T07:13:00.660Z,178833318066001
"-- starting hand #184 (id: e8wvpzimkn6i)  No Limit Texas Hold'em (dealer: ""fishidishi @ L0mhqQt-8H"") --",2026-09-02T07:13:00.660Z,178833318066000
"""LingWae @ FQN9hzhzP_"" shows a K♣, K♠.",2026-09-02T07:12:56.656Z,178833317665600
"""bick and dalls @ gpP9uUffpu"" shows a A♥.",2026-09-02T07:12:55.354Z,178833317535400
"Undealt cards: 2♥, 4♠, 3♥, 4♥ [9♥]",2026-09-02T07:12:54.287Z,178833317428700
"-- ending hand #183 --",2026-09-02T07:12:53.263Z,178833317326302
"""LingWae @ FQN9hzhzP_"" collected 371 from pot",2026-09-02T07:12:53.263Z,178833317326301
"Uncalled bet of 371 returned to ""LingWae @ FQN9hzhzP_""",2026-09-02T07:12:53.263Z,178833317326300
"""fish @ oMsP5L3lJa"" folds",2026-09-02T07:12:52.455Z,178833317245500
"""LingWae @ FQN9hzhzP_"" bets 371",2026-09-02T07:12:51.527Z,178833317152700
"Turn: 2♥, 4♠, 3♥ [4♥]",2026-09-02T07:12:47.861Z,178833316786100
"""fish @ oMsP5L3lJa"" calls 111",2026-09-02T07:12:47.040Z,178833316704000
"""LingWae @ FQN9hzhzP_"" bets 111",2026-09-02T07:12:45.623Z,178833316562300
"Flop:  [2♥, 4♠, 3♥]",2026-09-02T07:12:41.380Z,178833316138000
"""bick and dalls @ gpP9uUffpu"" folds",2026-09-02T07:12:40.564Z,178833316056400
"""fishidishi @ L0mhqQt-8H"" folds",2026-09-02T07:12:39.588Z,178833315958800
"""fish @ oMsP5L3lJa"" calls 67",2026-09-02T07:12:38.640Z,178833315864000
"""LingWae @ FQN9hzhzP_"" raises to 67",2026-09-02T07:12:37.271Z,178833315727100
"""bick and dalls @ gpP9uUffpu"" posts a big blind of 10",2026-09-02T07:12:32.565Z,178833315256507
"""fishidishi @ L0mhqQt-8H"" posts a small blind of 5",2026-09-02T07:12:32.565Z,178833315256506
"Player stacks: #1 ""bick and dalls @ gpP9uUffpu"" (2222) | #2 ""LingWae @ FQN9hzhzP_"" (1711) | #5 ""fish @ oMsP5L3lJa"" (3026) | #10 ""fishidishi @ L0mhqQt-8H"" (529)",2026-09-02T07:12:32.565Z,178833315256501
"-- starting hand #183 (id: etq0iyqsdu9c)  No Limit Texas Hold'em (dealer: ""fish @ oMsP5L3lJa"") --",2026-09-02T07:12:32.565Z,178833315256500
"-- ending hand #182 --",2026-09-02T07:12:29.610Z,178833314961002
"""fish @ oMsP5L3lJa"" collected 370 from pot",2026-09-02T07:12:29.610Z,178833314961001
"Uncalled bet of 250 returned to ""fish @ oMsP5L3lJa""",2026-09-02T07:12:29.610Z,178833314961000
"""LingWae @ FQN9hzhzP_"" folds",2026-09-02T07:12:28.778Z,178833314877800
"""fishidishi @ L0mhqQt-8H"" folds",2026-09-02T07:12:26.686Z,178833314668600
"""fish @ oMsP5L3lJa"" bets 250",2026-09-02T07:12:24.738Z,178833314473800
"River: J♥, 10♦, 5♣, 4♣ [7♣]",2026-09-02T07:12:21.161Z,178833314116100
"""LingWae @ FQN9hzhzP_"" checks",2026-09-02T07:12:20.272Z,178833314027200
"""fishidishi @ L0mhqQt-8H"" checks",2026-09-02T07:12:19.261Z,178833313926100
"""fish @ oMsP5L3lJa"" checks",2026-09-02T07:12:17.970Z,178833313797000
"Turn: J♥, 10♦, 5♣ [4♣]",2026-09-02T07:12:16.452Z,178833313645200
"""fish @ oMsP5L3lJa"" calls 80",2026-09-02T07:12:15.638Z,178833313563800
"""LingWae @ FQN9hzhzP_"" calls 80",2026-09-02T07:12:14.654Z,178833313465400
"""fishidishi @ L0mhqQt-8H"" raises to 80",2026-09-02T07:12:13.714Z,178833313371400
"""fish @ oMsP5L3lJa"" bets 40",2026-09-02T07:12:11.593Z,178833313159300
"Flop:  [J♥, 10♦, 5♣]",2026-09-02T07:12:07.354Z,178833312735400
"""LingWae @ FQN9hzhzP_"" calls 40",2026-09-02T07:12:06.449Z,178833312644900
"""bick and dalls @ gpP9uUffpu"" folds",2026-09-02T07:12:04.207Z,178833312420700
"""fishidishi @ L0mhqQt-8H"" calls 40",2026-09-02T07:12:03.142Z,178833312314200
"""fish @ oMsP5L3lJa"" raises to 40",2026-09-02T07:12:01.609Z,178833312160900
"""LingWae @ FQN9hzhzP_"" calls 10",2026-09-02T07:11:59.586Z,178833311958600
"""bick and dalls @ gpP9uUffpu"" calls 10",2026-09-02T07:11:58.648Z,178833311864800
"""fishidishi @ L0mhqQt-8H"" posts a big blind of 10",2026-09-02T07:11:56.443Z,178833311644307
"""fish @ oMsP5L3lJa"" posts a small blind of 5",2026-09-02T07:11:56.443Z,178833311644306
"Player stacks: #1 ""bick and dalls @ gpP9uUffpu"" (2232) | #2 ""LingWae @ FQN9hzhzP_"" (1831) | #5 ""fish @ oMsP5L3lJa"" (2776) | #10 ""fishidishi @ L0mhqQt-8H"" (649)",2026-09-02T07:11:56.443Z,178833311644301
"-- starting hand #182 (id: oeasuz7xuqh2)  No Limit Texas Hold'em (dealer: ""LingWae @ FQN9hzhzP_"") --",2026-09-02T07:11:56.443Z,178833311644300
"-- ending hand #181 --",2026-09-02T07:11:50.342Z,178833311034203
"""bick and dalls @ gpP9uUffpu"" collected 442 from pot with Pair, 9's (combination: 7♠, 8♥, A♣, 9♥, 9♣)",2026-09-02T07:11:50.342Z,178833311034202
"""bick and dalls @ gpP9uUffpu"" shows a 9♥, 7♠.",2026-09-02T07:11:50.342Z,178833311034201
"""LingWae @ FQN9hzhzP_"" shows a K♠, Q♥.",2026-09-02T07:11:50.342Z,178833311034200
"""bick and dalls @ gpP9uUffpu"" calls 10",2026-09-02T07:11:49.534Z,178833310953400
"""LingWae @ FQN9hzhzP_"" bets 10",2026-09-02T07:11:46.901Z,178833310690100
"River: 6♦, 2♥, 9♣, A♣ [8♥]",2026-09-02T07:11:35.072Z,178833309507200
"""bick and dalls @ gpP9uUffpu"" checks",2026-09-02T07:11:34.258Z,178833309425800
"""LingWae @ FQN9hzhzP_"" checks",2026-09-02T07:11:30.575Z,178833309057500
"Turn: 6♦, 2♥, 9♣ [A♣]",2026-09-02T07:11:22.567Z,178833308256700
"""fishidishi @ L0mhqQt-8H"" folds",2026-09-02T07:11:21.693Z,178833308169300
"""fish @ oMsP5L3lJa"" folds",2026-09-02T07:11:19.861Z,178833307986100
"""LingWae @ FQN9hzhzP_"" calls 111",2026-09-02T07:11:18.829Z,178833307882900
"""bick and dalls @ gpP9uUffpu"" bets 111",2026-09-02T07:11:15.194Z,178833307519400
"""fishidishi @ L0mhqQt-8H"" checks",2026-09-02T07:11:12.607Z,178833307260700
"""fish @ oMsP5L3lJa"" checks",2026-09-02T07:11:11.306Z,178833307130600
"""LingWae @ FQN9hzhzP_"" checks",2026-09-02T07:11:10.291Z,178833307029100
"Flop:  [6♦, 2♥, 9♣]",2026-09-02T07:11:06.557Z,178833306655700
"""bick and dalls @ gpP9uUffpu"" calls 50",2026-09-02T07:11:05.666Z,178833306566600
"""fishidishi @ L0mhqQt-8H"" calls 50",2026-09-02T07:11:04.709Z,178833306470900
"""fish @ oMsP5L3lJa"" calls 50",2026-09-02T07:11:03.720Z,178833306372000
"""LingWae @ FQN9hzhzP_"" raises to 50",2026-09-02T07:11:01.411Z,178833306141100
"""bick and dalls @ gpP9uUffpu"" calls 10",2026-09-02T07:10:58.257Z,178833305825700
"""fishidishi @ L0mhqQt-8H"" calls 10",2026-09-02T07:10:55.929Z,178833305592900
"""fish @ oMsP5L3lJa"" posts a big blind of 10",2026-09-02T07:10:54.181Z,178833305418107
"""LingWae @ FQN9hzhzP_"" posts a small blind of 5",2026-09-02T07:10:54.181Z,178833305418106
"Your hand is 9♥, 7♠",2026-09-02T07:10:54.181Z,178833305418102
"Player stacks: #1 ""bick and dalls @ gpP9uUffpu"" (1961) | #2 ""LingWae @ FQN9hzhzP_"" (2002) | #5 ""fish @ oMsP5L3lJa"" (2826) | #10 ""fishidishi @ L0mhqQt-8H"" (699)",2026-09-02T07:10:54.181Z,178833305418101
"-- starting hand #181 (id: uiwr59alduqh)  No Limit Texas Hold'em (dealer: ""bick and dalls @ gpP9uUffpu"") --",2026-09-02T07:10:54.181Z,178833305418100
"""LingWae @ FQN9hzhzP_"" shows a 8♠, 7♥.",2026-09-02T07:10:50.499Z,178833305049900
"""fish @ oMsP5L3lJa"" shows a 3♠.",2026-09-02T07:10:47.860Z,178833304786000
"Undealt cards: 3♣, A♠, 5♠ [5♣, 9♦]",2026-09-02T07:10:47.154Z,178833304715400
"-- ending hand #180 --",2026-09-02T07:10:46.876Z,178833304687602
"""fish @ oMsP5L3lJa"" collected 120 from pot",2026-09-02T07:10:46.876Z,178833304687601
"Uncalled bet of 60 returned to ""fish @ oMsP5L3lJa""",2026-09-02T07:10:46.876Z,178833304687600
"""LingWae @ FQN9hzhzP_"" folds",2026-09-02T07:10:46.070Z,178833304607000
"""bick and dalls @ gpP9uUffpu"" folds",2026-09-02T07:10:44.175Z,178833304417500
"""fishidishi @ L0mhqQt-8H"" folds",2026-09-02T07:10:42.009Z,178833304200900
"""fish @ oMsP5L3lJa"" bets 60",2026-09-02T07:10:40.587Z,178833304058700
"""LingWae @ FQN9hzhzP_"" checks",2026-09-02T07:10:38.304Z,178833303830400
"""bick and dalls @ gpP9uUffpu"" checks",2026-09-02T07:10:36.467Z,178833303646700
"Flop:  [3♣, A♠, 5♠]",2026-09-02T07:10:34.264Z,178833303426400
"""bick and dalls @ gpP9uUffpu"" calls 30",2026-09-02T07:10:33.371Z,178833303337100
"""fishidishi @ L0mhqQt-8H"" calls 30",2026-09-02T07:10:32.426Z,178833303242600
"""fish @ oMsP5L3lJa"" calls 30",2026-09-02T07:10:31.505Z,178833303150500
"""LingWae @ FQN9hzhzP_"" raises to 30",2026-09-02T07:10:30.053Z,178833303005300
"""bick and dalls @ gpP9uUffpu"" calls 10",2026-09-02T07:10:25.824Z,178833302582400
"""fishidishi @ L0mhqQt-8H"" calls 10",2026-09-02T07:10:24.871Z,178833302487100
"""fish @ oMsP5L3lJa"" calls 10",2026-09-02T07:10:23.940Z,178833302394000
"""LingWae @ FQN9hzhzP_"" posts a big blind of 10",2026-09-02T07:10:21.850Z,178833302185007
"""bick and dalls @ gpP9uUffpu"" posts a small blind of 5",2026-09-02T07:10:21.850Z,178833302185006
"Player stacks: #1 ""bick and dalls @ gpP9uUffpu"" (1991) | #2 ""LingWae @ FQN9hzhzP_"" (2032) | #5 ""fish @ oMsP5L3lJa"" (2736) | #10 ""fishidishi @ L0mhqQt-8H"" (729)",2026-09-02T07:10:21.850Z,178833302185001
"-- starting hand #180 (id: jc8ivqbmokbt)  No Limit Texas Hold'em (dealer: ""fishidishi @ L0mhqQt-8H"") --",2026-09-02T07:10:21.850Z,178833302185000
"""LingWae @ FQN9hzhzP_"" shows a 5♠, Q♥.",2026-09-02T07:10:17.041Z,178833301704100
"Undealt cards: 5♦, 5♣, A♣ [9♥, 2♠]",2026-09-02T07:10:16.007Z,178833301600700
"""bick and dalls @ gpP9uUffpu"" shows a 6♠, A♥.",2026-09-02T07:10:15.171Z,178833301517100
"-- ending hand #179 --",2026-09-02T07:10:14.509Z,178833301450902
"""LingWae @ FQN9hzhzP_"" collected 571 from pot",2026-09-02T07:10:14.509Z,178833301450901
"Uncalled bet of 428 returned to ""LingWae @ FQN9hzhzP_""",2026-09-02T07:10:14.509Z,178833301450900
"""fish @ oMsP5L3lJa"" folds",2026-09-02T07:10:13.615Z,178833301361500
"""LingWae @ FQN9hzhzP_"" raises to 608",2026-09-02T07:10:04.253Z,178833300425300
"""bick and dalls @ gpP9uUffpu"" folds",2026-09-02T07:10:00.697Z,178833300069700
"""fish @ oMsP5L3lJa"" raises to 180",2026-09-02T07:09:56.965Z,178833299696500
"""LingWae @ FQN9hzhzP_"" bets 67",2026-09-02T07:09:54.744Z,178833299474400
"""bick and dalls @ gpP9uUffpu"" checks",2026-09-02T07:09:47.146Z,178833298714600
"Flop:  [5♦, 5♣, A♣]",2026-09-02T07:09:45.073Z,178833298507300
"""fishidishi @ L0mhqQt-8H"" folds",2026-09-02T07:09:44.242Z,178833298424200
"""fish @ oMsP5L3lJa"" calls 67",2026-09-02T07:09:43.144Z,178833298314400
"""LingWae @ FQN9hzhzP_"" calls 67",2026-09-02T07:09:42.124Z,178833298212400
"""bick and dalls @ gpP9uUffpu"" raises to 67",2026-09-02T07:09:41.016Z,178833298101600
"""fishidishi @ L0mhqQt-8H"" calls 10",2026-09-02T07:09:38.956Z,178833297895600
"""fish @ oMsP5L3lJa"" calls 10",2026-09-02T07:09:37.981Z,178833297798100
"""LingWae @ FQN9hzhzP_"" calls 10",2026-09-02T07:09:36.095Z,178833297609500
"""bick and dalls @ gpP9uUffpu"" posts a big blind of 10",2026-09-02T07:09:34.053Z,178833297405307
"""fishidishi @ L0mhqQt-8H"" posts a small blind of 5",2026-09-02T07:09:34.053Z,178833297405306
"Your hand is 6♠, A♥",2026-09-02T07:09:34.053Z,178833297405302
"Player stacks: #1 ""bick and dalls @ gpP9uUffpu"" (2058) | #2 ""LingWae @ FQN9hzhzP_"" (1708) | #5 ""fish @ oMsP5L3lJa"" (2983) | #10 ""fishidishi @ L0mhqQt-8H"" (739)",2026-09-02T07:09:34.053Z,178833297405301
"-- starting hand #179 (id: esumyvmamv9d)  No Limit Texas Hold'em (dealer: ""fish @ oMsP5L3lJa"") --",2026-09-02T07:09:34.053Z,178833297405300
"""LingWae @ FQN9hzhzP_"" shows a 8♦, 3♣.",2026-09-02T07:09:29.260Z,178833296926000
"-- ending hand #178 --",2026-09-02T07:09:27.449Z,178833296744903
"""fishidishi @ L0mhqQt-8H"" collected 120 from pot with Pair, 10's (combination: 8♣, J♦, K♥, 10♣, 10♠)",2026-09-02T07:09:27.449Z,178833296744902
"""fishidishi @ L0mhqQt-8H"" shows a K♥, 10♣.",2026-09-02T07:09:27.449Z,178833296744901
"""fish @ oMsP5L3lJa"" shows a Q♥, 4♠.",2026-09-02T07:09:27.449Z,178833296744900
"""fishidishi @ L0mhqQt-8H"" checks",2026-09-02T07:09:26.458Z,178833296645800
"""fish @ oMsP5L3lJa"" checks",2026-09-02T07:09:25.428Z,178833296542800
"River: 10♠, 7♣, 3♦, 8♣ [J♦]",2026-09-02T07:09:24.595Z,178833296459500
"""fishidishi @ L0mhqQt-8H"" checks",2026-09-02T07:09:23.698Z,178833296369800
"""fish @ oMsP5L3lJa"" checks",2026-09-02T07:09:22.704Z,178833296270400
"Turn: 10♠, 7♣, 3♦ [8♣]",2026-09-02T07:09:21.600Z,178833296160000
"""bick and dalls @ gpP9uUffpu"" folds",2026-09-02T07:09:20.787Z,178833296078700
"""fishidishi @ L0mhqQt-8H"" calls 40",2026-09-02T07:09:19.818Z,178833295981800
"""fish @ oMsP5L3lJa"" raises to 40",2026-09-02T07:09:18.775Z,178833295877500
"""bick and dalls @ gpP9uUffpu"" calls 10",2026-09-02T07:09:16.747Z,178833295674700
"""fishidishi @ L0mhqQt-8H"" bets 10",2026-09-02T07:09:15.826Z,178833295582600
"""fish @ oMsP5L3lJa"" checks",2026-09-02T07:09:14.395Z,178833295439500
"Flop:  [10♠, 7♣, 3♦]",2026-09-02T07:09:12.789Z,178833295278900
"""fishidishi @ L0mhqQt-8H"" checks",2026-09-02T07:09:11.844Z,178833295184400
"""fish @ oMsP5L3lJa"" calls 10",2026-09-02T07:09:10.832Z,178833295083200
"""LingWae @ FQN9hzhzP_"" folds",2026-09-02T07:09:08.029Z,178833294802900
"""bick and dalls @ gpP9uUffpu"" calls 10",2026-09-02T07:09:01.042Z,178833294104200
"""fishidishi @ L0mhqQt-8H"" posts a big blind of 10",2026-09-02T07:08:58.744Z,178833293874407
"""fish @ oMsP5L3lJa"" posts a small blind of 5",2026-09-02T07:08:58.744Z,178833293874406
"Player stacks: #1 ""bick and dalls @ gpP9uUffpu"" (2078) | #2 ""LingWae @ FQN9hzhzP_"" (1708) | #5 ""fish @ oMsP5L3lJa"" (3033) | #10 ""fishidishi @ L0mhqQt-8H"" (669)",2026-09-02T07:08:58.744Z,178833293874401
"-- starting hand #178 (id: 6k6sh3umv4wy)  No Limit Texas Hold'em (dealer: ""LingWae @ FQN9hzhzP_"") --",2026-09-02T07:08:58.744Z,178833293874400
"""bick and dalls @ gpP9uUffpu"" shows a 4♥.",2026-09-02T07:08:55.683Z,178833293568300
"Undealt cards: K♥, A♠, 7♥ [4♦, 8♥]",2026-09-02T07:08:54.374Z,178833293437400
"""LingWae @ FQN9hzhzP_"" shows a 4♠.",2026-09-02T07:08:53.397Z,178833293339700
"""fish @ oMsP5L3lJa"" shows a 5♣.",2026-09-02T07:08:53.123Z,178833293312300
"-- ending hand #177 --",2026-09-02T07:08:50.738Z,178833293073802
"""bick and dalls @ gpP9uUffpu"" collected 35 from pot",2026-09-02T07:08:50.738Z,178833293073801
"Uncalled bet of 26 returned to ""bick and dalls @ gpP9uUffpu""",2026-09-02T07:08:50.738Z,178833293073800
"""fishidishi @ L0mhqQt-8H"" folds",2026-09-02T07:08:49.828Z,178833292982800
"""fish @ oMsP5L3lJa"" folds",2026-09-02T07:08:48.920Z,178833292892000
"""bick and dalls @ gpP9uUffpu"" bets 26",2026-09-02T07:08:47.639Z,178833292763900
"""fishidishi @ L0mhqQt-8H"" checks",2026-09-02T07:08:44.744Z,178833292474400
"""fish @ oMsP5L3lJa"" checks",2026-09-02T07:08:43.123Z,178833292312300
"Flop:  [K♥, A♠, 7♥]",2026-09-02T07:08:41.504Z,178833292150400
"""fish @ oMsP5L3lJa"" checks",2026-09-02T07:08:40.613Z,178833292061300
"""LingWae @ FQN9hzhzP_"" folds",2026-09-02T07:08:39.003Z,178833291900300
"""bick and dalls @ gpP9uUffpu"" calls 10",2026-09-02T07:08:38.081Z,178833291808100
"""fishidishi @ L0mhqQt-8H"" calls 10",2026-09-02T07:08:35.823Z,178833291582300
"""fish @ oMsP5L3lJa"" posts a big blind of 10",2026-09-02T07:08:34.111Z,178833291411107
"""LingWae @ FQN9hzhzP_"" posts a small blind of 5",2026-09-02T07:08:34.111Z,178833291411106
"Player stacks: #1 ""bick and dalls @ gpP9uUffpu"" (2053) | #2 ""LingWae @ FQN9hzhzP_"" (1713) | #5 ""fish @ oMsP5L3lJa"" (3043) | #10 ""fishidishi @ L0mhqQt-8H"" (679)",2026-09-02T07:08:34.111Z,178833291411101
"-- starting hand #177 (id: foojwqnx3jog)  No Limit Texas Hold'em (dealer: ""bick and dalls @ gpP9uUffpu"") --",2026-09-02T07:08:34.111Z,178833291411100
"""fishidishi @ L0mhqQt-8H"" shows a 3♥, A♥.",2026-09-02T07:08:29.449Z,178833290944900
"Undealt cards: Q♦, 3♦, K♥, 10♦ [9♦]",2026-09-02T07:08:28.610Z,178833290861000
"""LingWae @ FQN9hzhzP_"" shows a 4♦, 8♦.",2026-09-02T07:08:27.846Z,178833290784600
"-- ending hand #176 --",2026-09-02T07:08:26.703Z,178833290670302
"""LingWae @ FQN9hzhzP_"" collected 470 from pot",2026-09-02T07:08:26.703Z,178833290670301
"Uncalled bet of 1243 returned to ""LingWae @ FQN9hzhzP_""",2026-09-02T07:08:26.703Z,178833290670300
"""fishidishi @ L0mhqQt-8H"" folds",2026-09-02T07:08:25.828Z,178833290582800
"""LingWae @ FQN9hzhzP_"" raises to 1393 and go all in",2026-09-02T07:08:24.305Z,178833290430500
"""fishidishi @ L0mhqQt-8H"" bets 150",2026-09-02T07:08:22.629Z,178833290262900
"""LingWae @ FQN9hzhzP_"" checks",2026-09-02T07:08:18.894Z,178833289889400
"Turn: Q♦, 3♦, K♥ [10♦]",2026-09-02T07:08:15.555Z,178833289555500
"""fishidishi @ L0mhqQt-8H"" calls 45",2026-09-02T07:08:14.748Z,178833289474800
"""fish @ oMsP5L3lJa"" folds",2026-09-02T07:08:13.240Z,178833289324000
"""LingWae @ FQN9hzhzP_"" bets 45",2026-09-02T07:08:10.847Z,178833289084700
"""bick and dalls @ gpP9uUffpu"" folds",2026-09-02T07:08:06.342Z,178833288634200
"Flop:  [Q♦, 3♦, K♥]",2026-09-02T07:08:04.312Z,178833288431200
"""bick and dalls @ gpP9uUffpu"" calls 20",2026-09-02T07:08:03.486Z,178833288348600
"""fishidishi @ L0mhqQt-8H"" calls 20",2026-09-02T07:08:02.543Z,178833288254300
"""fish @ oMsP5L3lJa"" calls 20",2026-09-02T07:08:01.341Z,178833288134100
"""LingWae @ FQN9hzhzP_"" raises to 20",2026-09-02T07:07:59.756Z,178833287975600
"""bick and dalls @ gpP9uUffpu"" calls 10",2026-09-02T07:07:57.002Z,178833287700200
"""fishidishi @ L0mhqQt-8H"" calls 10",2026-09-02T07:07:54.366Z,178833287436600
"""fish @ oMsP5L3lJa"" calls 10",2026-09-02T07:07:53.239Z,178833287323900
"""LingWae @ FQN9hzhzP_"" posts a big blind of 10",2026-09-02T07:07:51.687Z,178833287168707
"""bick and dalls @ gpP9uUffpu"" posts a small blind of 5",2026-09-02T07:07:51.687Z,178833287168706
"Player stacks: #1 ""bick and dalls @ gpP9uUffpu"" (2073) | #2 ""LingWae @ FQN9hzhzP_"" (1458) | #5 ""fish @ oMsP5L3lJa"" (3063) | #10 ""fishidishi @ L0mhqQt-8H"" (894)",2026-09-02T07:07:51.687Z,178833287168701
"-- starting hand #176 (id: bi7v48npmzzv)  No Limit Texas Hold'em (dealer: ""fishidishi @ L0mhqQt-8H"") --",2026-09-02T07:07:51.687Z,178833287168700
"-- ending hand #175 --",2026-09-02T07:07:45.666Z,178833286566603
"""LingWae @ FQN9hzhzP_"" collected 130 from pot with Two Pair, A's & Q's (combination: 9♠, Q♥, Q♣, A♥, A♣)",2026-09-02T07:07:45.666Z,178833286566602
"""LingWae @ FQN9hzhzP_"" shows a 9♠, A♥.",2026-09-02T07:07:45.666Z,178833286566601
"""bick and dalls @ gpP9uUffpu"" shows a 2♠, 8♦.",2026-09-02T07:07:45.666Z,178833286566600
"""fish @ oMsP5L3lJa"" folds",2026-09-02T07:07:44.799Z,178833286479900
"""LingWae @ FQN9hzhzP_"" calls 10",2026-09-02T07:07:42.593Z,178833286259300
"""bick and dalls @ gpP9uUffpu"" bets 10",2026-09-02T07:07:41.514Z,178833286151400
"River: Q♥, 5♠, Q♣, 2♦ [A♣]",2026-09-02T07:07:40.459Z,178833286045900
"""fish @ oMsP5L3lJa"" checks",2026-09-02T07:07:39.566Z,178833285956600
"""LingWae @ FQN9hzhzP_"" checks",2026-09-02T07:07:37.756Z,178833285775600
"""bick and dalls @ gpP9uUffpu"" checks",2026-09-02T07:07:36.819Z,178833285681900
"Turn: Q♥, 5♠, Q♣ [2♦]",2026-09-02T07:07:35.258Z,178833285525800
"""fish @ oMsP5L3lJa"" checks",2026-09-02T07:07:34.387Z,178833285438700
"""LingWae @ FQN9hzhzP_"" checks",2026-09-02T07:07:33.143Z,178833285314300
"""bick and dalls @ gpP9uUffpu"" checks",2026-09-02T07:07:32.139Z,178833285213900
"Flop:  [Q♥, 5♠, Q♣]",2026-09-02T07:07:29.043Z,178833284904300
"""bick and dalls @ gpP9uUffpu"" calls 35",2026-09-02T07:07:28.207Z,178833284820700
"""fishidishi @ L0mhqQt-8H"" folds",2026-09-02T07:07:27.277Z,178833284727700
"""fish @ oMsP5L3lJa"" calls 35",2026-09-02T07:07:25.670Z,178833284567000
"""LingWae @ FQN9hzhzP_"" raises to 35",2026-09-02T07:07:23.708Z,178833284370800
"""bick and dalls @ gpP9uUffpu"" posts a big blind of 10",2026-09-02T07:07:20.423Z,178833284042307
"""fishidishi @ L0mhqQt-8H"" posts a small blind of 5",2026-09-02T07:07:20.423Z,178833284042306
"Your hand is 2♠, 8♦",2026-09-02T07:07:20.423Z,178833284042302
"Player stacks: #1 ""bick and dalls @ gpP9uUffpu"" (2118) | #2 ""LingWae @ FQN9hzhzP_"" (1373) | #5 ""fish @ oMsP5L3lJa"" (3098) | #10 ""fishidishi @ L0mhqQt-8H"" (899)",2026-09-02T07:07:20.423Z,178833284042301
"-- starting hand #175 (id: plwezoqueepq)  No Limit Texas Hold'em (dealer: ""fish @ oMsP5L3lJa"") --",2026-09-02T07:07:20.423Z,178833284042300
"""fishidishi @ L0mhqQt-8H"" shows a A♥.",2026-09-02T07:07:12.113Z,178833283211300
"-- ending hand #174 --",2026-09-02T07:07:11.818Z,178833283181802
"""bick and dalls @ gpP9uUffpu"" collected 1059 from pot with Flush, A High on the second run  (combination: 2♠, 4♠, 8♠, 9♠, A♠)",2026-09-02T07:07:11.818Z,178833283181801
"""bick and dalls @ gpP9uUffpu"" collected 1059 from pot with Flush, A High (combination: 2♠, 4♠, 9♠, K♠, A♠)",2026-09-02T07:07:11.818Z,178833283181800
"River (second run): 9♦, 2♠, 4♠, A♣ [8♠]",2026-09-02T07:07:07.816Z,178833282781600
"River: 9♦, 2♠, 4♠, A♣ [K♠]",2026-09-02T07:07:03.795Z,178833282379500
"""LingWae @ FQN9hzhzP_"" shows a 9♥, 7♣.",2026-09-02T07:06:59.766Z,178833281976601
"Uncalled bet of 207 returned to ""LingWae @ FQN9hzhzP_""",2026-09-02T07:06:59.766Z,178833281976600
"""bick and dalls @ gpP9uUffpu"" shows a 9♠, A♠.",2026-09-02T07:06:59.572Z,178833281957200
"All players in hand choose to run it twice.",2026-09-02T07:06:58.943Z,178833281894301
"""LingWae @ FQN9hzhzP_"" chooses to  run it twice.",2026-09-02T07:06:58.943Z,178833281894300
"""bick and dalls @ gpP9uUffpu"" chooses to  run it twice.",2026-09-02T07:06:58.566Z,178833281856600
"Remaining players decide whether to run it twice.",2026-09-02T07:06:57.778Z,178833281777801
"""bick and dalls @ gpP9uUffpu"" calls 804 and go all in",2026-09-02T07:06:57.778Z,178833281777800
"""LingWae @ FQN9hzhzP_"" raises to 1011",2026-09-02T07:06:56.810Z,178833281681000
"""bick and dalls @ gpP9uUffpu"" bets 167",2026-09-02T07:06:29.301Z,178833278930100
"Turn: 9♦, 2♠, 4♠ [A♣]",2026-09-02T07:06:26.059Z,178833278605900
"""bick and dalls @ gpP9uUffpu"" calls 167",2026-09-02T07:06:25.213Z,178833278521300
"""fishidishi @ L0mhqQt-8H"" folds",2026-09-02T07:06:23.850Z,178833278385000
"""fish @ oMsP5L3lJa"" folds",2026-09-02T07:06:22.870Z,178833278287000
"""LingWae @ FQN9hzhzP_"" raises to 167",2026-09-02T07:06:21.751Z,178833278175100
"""bick and dalls @ gpP9uUffpu"" bets 44",2026-09-02T07:06:19.546Z,178833277954600
"""fishidishi @ L0mhqQt-8H"" checks",2026-09-02T07:06:17.655Z,178833277765500
"""fish @ oMsP5L3lJa"" checks",2026-09-02T07:06:15.711Z,178833277571100
"Flop:  [9♦, 2♠, 4♠]",2026-09-02T07:06:13.356Z,178833277335600
"""fishidishi @ L0mhqQt-8H"" calls 44",2026-09-02T07:06:12.549Z,178833277254900
"""fish @ oMsP5L3lJa"" calls 44",2026-09-02T07:06:11.563Z,178833277156300
"""LingWae @ FQN9hzhzP_"" calls 44",2026-09-02T07:06:10.350Z,178833277035000
"""bick and dalls @ gpP9uUffpu"" raises to 44",2026-09-02T07:06:09.382Z,178833276938200
"""fishidishi @ L0mhqQt-8H"" posts a big blind of 10",2026-09-02T07:06:06.519Z,178833276651907
"""fish @ oMsP5L3lJa"" posts a small blind of 5",2026-09-02T07:06:06.519Z,178833276651906
"Your hand is 9♠, A♠",2026-09-02T07:06:06.519Z,178833276651902
"Player stacks: #1 ""bick and dalls @ gpP9uUffpu"" (1015) | #2 ""LingWae @ FQN9hzhzP_"" (2388) | #5 ""fish @ oMsP5L3lJa"" (3142) | #10 ""fishidishi @ L0mhqQt-8H"" (943)",2026-09-02T07:06:06.519Z,178833276651901
"-- starting hand #174 (id: jh9efw7j2own)  No Limit Texas Hold'em (dealer: ""LingWae @ FQN9hzhzP_"") --",2026-09-02T07:06:06.519Z,178833276651900
"""bick and dalls @ gpP9uUffpu"" shows a 3♥, A♥.",2026-09-02T07:06:02.015Z,178833276201500
"-- ending hand #173 --",2026-09-02T07:05:59.972Z,178833275997203
"""fishidishi @ L0mhqQt-8H"" collected 145 from pot with Three of a Kind, 5's (combination: Q♦, K♥, 5♦, 5♠, 5♥)",2026-09-02T07:05:59.972Z,178833275997202
"""fishidishi @ L0mhqQt-8H"" shows a Q♦, 5♦.",2026-09-02T07:05:59.972Z,178833275997201
"""LingWae @ FQN9hzhzP_"" shows a 8♥, 6♥.",2026-09-02T07:05:59.972Z,178833275997200
"""bick and dalls @ gpP9uUffpu"" checks",2026-09-02T07:05:59.154Z,178833275915400
"""fishidishi @ L0mhqQt-8H"" checks",2026-09-02T07:05:57.721Z,178833275772100
"""LingWae @ FQN9hzhzP_"" checks",2026-09-02T07:05:55.851Z,178833275585100
"River: 2♦, 3♠, K♥, 5♠ [5♥]",2026-09-02T07:05:43.191Z,178833274319100
"""LingWae @ FQN9hzhzP_"" calls 10",2026-09-02T07:05:42.371Z,178833274237100
"""bick and dalls @ gpP9uUffpu"" calls 10",2026-09-02T07:05:38.398Z,178833273839800
"""fishidishi @ L0mhqQt-8H"" bets 10",2026-09-02T07:05:37.114Z,178833273711400
"""LingWae @ FQN9hzhzP_"" checks",2026-09-02T07:05:36.021Z,178833273602100
"Turn: 2♦, 3♠, K♥ [5♠]",2026-09-02T07:05:34.296Z,178833273429600
"""bick and dalls @ gpP9uUffpu"" checks",2026-09-02T07:05:33.465Z,178833273346500
"""fishidishi @ L0mhqQt-8H"" checks",2026-09-02T07:05:32.548Z,178833273254800
"""LingWae @ FQN9hzhzP_"" checks",2026-09-02T07:05:31.176Z,178833273117600
"Flop:  [2♦, 3♠, K♥]",2026-09-02T07:05:29.150Z,178833272915000
"""fishidishi @ L0mhqQt-8H"" calls 35",2026-09-02T07:05:28.326Z,178833272832600
"""fish @ oMsP5L3lJa"" folds",2026-09-02T07:05:26.726Z,178833272672600
"""LingWae @ FQN9hzhzP_"" calls 35",2026-09-02T07:05:24.083Z,178833272408300
"""bick and dalls @ gpP9uUffpu"" raises to 35",2026-09-02T07:05:22.445Z,178833272244500
"""fishidishi @ L0mhqQt-8H"" calls 10",2026-09-02T07:05:19.019Z,178833271901900
"""fish @ oMsP5L3lJa"" posts a big blind of 10",2026-09-02T07:05:16.676Z,178833271667607
"""LingWae @ FQN9hzhzP_"" posts a small blind of 5",2026-09-02T07:05:16.676Z,178833271667606
"Your hand is 3♥, A♥",2026-09-02T07:05:16.676Z,178833271667602
"Player stacks: #1 ""bick and dalls @ gpP9uUffpu"" (1060) | #2 ""LingWae @ FQN9hzhzP_"" (2433) | #5 ""fish @ oMsP5L3lJa"" (3152) | #10 ""fishidishi @ L0mhqQt-8H"" (843)",2026-09-02T07:05:16.676Z,178833271667601
"-- starting hand #173 (id: x1fervsgmtpa)  No Limit Texas Hold'em (dealer: ""bick and dalls @ gpP9uUffpu"") --",2026-09-02T07:05:16.676Z,178833271667600
"-- ending hand #172 --",2026-09-02T07:05:10.668Z,178833271066803
"""fishidishi @ L0mhqQt-8H"" shows a J♦, 9♠.",2026-09-02T07:05:10.668Z,178833271066802
"""bick and dalls @ gpP9uUffpu"" collected 1060 from pot with Two Pair, K's & 5's (combination: J♠, 5♠, 5♦, K♠, K♥)",2026-09-02T07:05:10.668Z,178833271066801
"""bick and dalls @ gpP9uUffpu"" shows a K♠, 5♠.",2026-09-02T07:05:10.668Z,178833271066800
"""fishidishi @ L0mhqQt-8H"" calls 280",2026-09-02T07:05:09.813Z,178833270981300
"""bick and dalls @ gpP9uUffpu"" bets 280 and go all in",2026-09-02T07:04:59.125Z,178833269912500
"River: 3♥, 5♦, 3♣, K♥ [J♠]",2026-09-02T07:04:56.193Z,178833269619300
"""fish @ oMsP5L3lJa"" folds",2026-09-02T07:04:55.278Z,178833269527800
"""LingWae @ FQN9hzhzP_"" folds",2026-09-02T07:04:54.331Z,178833269433100
"""bick and dalls @ gpP9uUffpu"" calls 150",2026-09-02T07:04:52.196Z,178833269219600
"""fishidishi @ L0mhqQt-8H"" bets 150",2026-09-02T07:04:48.598Z,178833268859800
"""fish @ oMsP5L3lJa"" checks",2026-09-02T07:04:45.388Z,178833268538800
"""LingWae @ FQN9hzhzP_"" checks",2026-09-02T07:04:44.296Z,178833268429600
"""bick and dalls @ gpP9uUffpu"" checks",2026-09-02T07:04:43.067Z,178833268306700
"Turn: 3♥, 5♦, 3♣ [K♥]",2026-09-02T07:04:40.982Z,178833268098200
"""fish @ oMsP5L3lJa"" calls 10",2026-09-02T07:04:40.169Z,178833268016900
"""LingWae @ FQN9hzhzP_"" calls 10",2026-09-02T07:04:39.028Z,178833267902800
"""bick and dalls @ gpP9uUffpu"" calls 10",2026-09-02T07:04:37.608Z,178833267760800
"""fishidishi @ L0mhqQt-8H"" bets 10",2026-09-02T07:04:35.644Z,178833267564400
"""fish @ oMsP5L3lJa"" checks",2026-09-02T07:04:32.627Z,178833267262700
"""LingWae @ FQN9hzhzP_"" checks",2026-09-02T07:04:31.458Z,178833267145800
"""bick and dalls @ gpP9uUffpu"" checks",2026-09-02T07:04:29.334Z,178833266933400
"Flop:  [3♥, 5♦, 3♣]",2026-09-02T07:04:27.176Z,178833266717600
"""LingWae @ FQN9hzhzP_"" calls 40",2026-09-02T07:04:26.271Z,178833266627100
"""bick and dalls @ gpP9uUffpu"" calls 40",2026-09-02T07:04:25.323Z,178833266532300
"""fishidishi @ L0mhqQt-8H"" calls 40",2026-09-02T07:04:23.278Z,178833266327800
"""fish @ oMsP5L3lJa"" raises to 40",2026-09-02T07:04:22.289Z,178833266228900
"""LingWae @ FQN9hzhzP_"" posts a big blind of 10",2026-09-02T07:04:19.568Z,178833265956807
"""bick and dalls @ gpP9uUffpu"" posts a small blind of 5",2026-09-02T07:04:19.568Z,178833265956806
"Your hand is K♠, 5♠",2026-09-02T07:04:19.568Z,178833265956802
"Player stacks: #1 ""bick and dalls @ gpP9uUffpu"" (480) | #2 ""LingWae @ FQN9hzhzP_"" (2483) | #5 ""fish @ oMsP5L3lJa"" (3202) | #10 ""fishidishi @ L0mhqQt-8H"" (1323)",2026-09-02T07:04:19.568Z,178833265956801
"-- starting hand #172 (id: ujxtsyg4ravw)  No Limit Texas Hold'em (dealer: ""fishidishi @ L0mhqQt-8H"") --",2026-09-02T07:04:19.568Z,178833265956800
"""fish @ oMsP5L3lJa"" shows a 6♦.",2026-09-02T07:04:17.285Z,178833265728500
"""LingWae @ FQN9hzhzP_"" shows a 4♦, 4♣.",2026-09-02T07:04:16.436Z,178833265643600
"-- ending hand #171 --",2026-09-02T07:04:15.165Z,178833265516502
"""fish @ oMsP5L3lJa"" collected 95 from pot",2026-09-02T07:04:15.165Z,178833265516501
"Uncalled bet of 90 returned to ""fish @ oMsP5L3lJa""",2026-09-02T07:04:15.165Z,178833265516500
"""LingWae @ FQN9hzhzP_"" folds",2026-09-02T07:04:14.335Z,178833265433500
"""fish @ oMsP5L3lJa"" bets 90",2026-09-02T07:04:10.844Z,178833265084400
"""LingWae @ FQN9hzhzP_"" checks",2026-09-02T07:04:08.960Z,178833264896000
"River: A♥, 7♠, 10♠, 3♦ [10♣]",2026-09-02T07:04:07.155Z,178833264715500
"""fish @ oMsP5L3lJa"" checks",2026-09-02T07:04:06.303Z,178833264630300
"""LingWae @ FQN9hzhzP_"" checks",2026-09-02T07:04:05.235Z,178833264523500
"Turn: A♥, 7♠, 10♠ [3♦]",2026-09-02T07:04:03.754Z,178833264375400
"""LingWae @ FQN9hzhzP_"" calls 30",2026-09-02T07:04:02.863Z,178833264286300
"""bick and dalls @ gpP9uUffpu"" folds",2026-09-02T07:04:01.882Z,178833264188200
"""fish @ oMsP5L3lJa"" bets 30",2026-09-02T07:03:59.922Z,178833263992200
"""LingWae @ FQN9hzhzP_"" checks",2026-09-02T07:03:57.523Z,178833263752300
"""bick and dalls @ gpP9uUffpu"" checks",2026-09-02T07:03:56.587Z,178833263658700
"Flop:  [A♥, 7♠, 10♠]",2026-09-02T07:03:54.179Z,178833263417900
"""bick and dalls @ gpP9uUffpu"" checks",2026-09-02T07:03:53.335Z,178833263333500
"""fishidishi @ L0mhqQt-8H"" folds",2026-09-02T07:03:51.775Z,178833263177500
"""fish @ oMsP5L3lJa"" calls 10",2026-09-02T07:03:50.828Z,178833263082800
"""LingWae @ FQN9hzhzP_"" calls 10",2026-09-02T07:03:49.803Z,178833262980300
"""bick and dalls @ gpP9uUffpu"" posts a big blind of 10",2026-09-02T07:03:46.877Z,178833262687707
"""fishidishi @ L0mhqQt-8H"" posts a small blind of 5",2026-09-02T07:03:46.877Z,178833262687706
"Player stacks: #1 ""bick and dalls @ gpP9uUffpu"" (490) | #2 ""LingWae @ FQN9hzhzP_"" (2523) | #5 ""fish @ oMsP5L3lJa"" (3147) | #10 ""fishidishi @ L0mhqQt-8H"" (1328)",2026-09-02T07:03:46.877Z,178833262687701
"-- starting hand #171 (id: igdgpppe5zmg)  No Limit Texas Hold'em (dealer: ""fish @ oMsP5L3lJa"") --",2026-09-02T07:03:46.877Z,178833262687700
"""fishidishi @ L0mhqQt-8H"" shows a 5♠, Q♠.",2026-09-02T07:03:41.440Z,178833262144000
"-- ending hand #170 --",2026-09-02T07:03:40.359Z,178833262035902
"""fish @ oMsP5L3lJa"" collected 180 from pot with Straight, Q High (combination: 8♠, 9♥, 10♣, J♠, Q♦)",2026-09-02T07:03:40.359Z,178833262035901
"""fish @ oMsP5L3lJa"" shows a 9♥, Q♦.",2026-09-02T07:03:40.359Z,178833262035900
"""fishidishi @ L0mhqQt-8H"" calls 60",2026-09-02T07:03:39.487Z,178833261948700
"""fish @ oMsP5L3lJa"" bets 60",2026-09-02T07:03:37.112Z,178833261711200
"River: J♣, J♠, 10♣, 8♠ [4♦]",2026-09-02T07:03:35.161Z,178833261516100
"""fishidishi @ L0mhqQt-8H"" checks",2026-09-02T07:03:34.346Z,178833261434600
"""fish @ oMsP5L3lJa"" checks",2026-09-02T07:03:33.413Z,178833261341300
"Turn: J♣, J♠, 10♣ [8♠]",2026-09-02T07:03:31.853Z,178833261185300
"""fish @ oMsP5L3lJa"" calls 10",2026-09-02T07:03:30.994Z,178833261099400
"""LingWae @ FQN9hzhzP_"" folds",2026-09-02T07:03:28.931Z,178833260893100
"""bick and dalls @ gpP9uUffpu"" folds",2026-09-02T07:03:26.384Z,178833260638400
"""fishidishi @ L0mhqQt-8H"" bets 10",2026-09-02T07:03:25.408Z,178833260540800
"""fish @ oMsP5L3lJa"" checks",2026-09-02T07:03:23.134Z,178833260313400
"Flop:  [J♣, J♠, 10♣]",2026-09-02T07:03:20.555Z,178833260055500
"""fishidishi @ L0mhqQt-8H"" checks",2026-09-02T07:03:19.655Z,178833259965500
"""fish @ oMsP5L3lJa"" calls 10",2026-09-02T07:03:18.459Z,178833259845900
"""LingWae @ FQN9hzhzP_"" calls 10",2026-09-02T07:03:14.141Z,178833259414100
"""bick and dalls @ gpP9uUffpu"" calls 10",2026-09-02T07:03:12.406Z,178833259240600
"""fishidishi @ L0mhqQt-8H"" posts a big blind of 10",2026-09-02T07:03:11.350Z,178833259135009
"""fish @ oMsP5L3lJa"" posts a small blind of 5",2026-09-02T07:03:11.350Z,178833259135008
"Player stacks: #1 ""bick and dalls @ gpP9uUffpu"" (500) | #2 ""LingWae @ FQN9hzhzP_"" (2533) | #5 ""fish @ oMsP5L3lJa"" (3047) | #10 ""fishidishi @ L0mhqQt-8H"" (1408)",2026-09-02T07:03:11.350Z,178833259135003
"-- starting hand #170 (id: wjkhhdugahvq)  No Limit Texas Hold'em (dealer: ""LingWae @ FQN9hzhzP_"") --",2026-09-02T07:03:11.350Z,178833259135002
"The player ""bick and dalls @ gpP9uUffpu"" joined the game with a stack of 500.",2026-09-02T07:03:11.350Z,178833259135001
"The admin updated the player ""fish @ oMsP5L3lJa"" stack from 5547 to 3047.",2026-09-02T07:03:11.350Z,178833259135000
"""LingWae @ FQN9hzhzP_"" shows a Q♥, 6♣.",2026-09-02T07:03:06.873Z,178833258687300
"Undealt cards: 6♠, 3♠, 9♠ [5♥, 4♠]",2026-09-02T07:03:06.553Z,178833258655300
"""fishidishi @ L0mhqQt-8H"" shows a J♦, 2♠.",2026-09-02T07:03:05.450Z,178833258545000
"-- ending hand #169 --",2026-09-02T07:03:04.038Z,178833258403802
"""fishidishi @ L0mhqQt-8H"" collected 30 from pot",2026-09-02T07:03:04.038Z,178833258403801
"Uncalled bet of 10 returned to ""fishidishi @ L0mhqQt-8H""",2026-09-02T07:03:04.038Z,178833258403800
"""fish @ oMsP5L3lJa"" folds",2026-09-02T07:03:03.214Z,178833258321400
"""LingWae @ FQN9hzhzP_"" folds",2026-09-02T07:03:00.835Z,178833258083500
"""fishidishi @ L0mhqQt-8H"" bets 10",2026-09-02T07:02:57.785Z,178833257778500
"""fish @ oMsP5L3lJa"" checks",2026-09-02T07:02:56.524Z,178833257652400
"""LingWae @ FQN9hzhzP_"" checks",2026-09-02T07:02:53.466Z,178833257346600
"Flop:  [6♠, 3♠, 9♠]",2026-09-02T07:02:46.550Z,178833256655000
"""fish @ oMsP5L3lJa"" checks",2026-09-02T07:02:45.687Z,178833256568700
"""LingWae @ FQN9hzhzP_"" calls 10",2026-09-02T07:02:42.456Z,178833256245600
"WARNING: the admin queued the stack change for the player ""fish @ oMsP5L3lJa"" removing 2500 chips in the next hand.",2026-09-02T07:02:39.787Z,178833255978700
"""fishidishi @ L0mhqQt-8H"" calls 10",2026-09-02T07:02:37.417Z,178833255741700
"The admin approved the player ""bick and dalls @ gpP9uUffpu"" participation with a stack of 500.",2026-09-02T07:02:32.360Z,178833255236001
"The player ""bick and dalls @ gpP9uUffpu"" requested a seat.",2026-09-02T07:02:32.360Z,178833255236000
"""fish @ oMsP5L3lJa"" posts a big blind of 10",2026-09-02T07:02:29.169Z,178833254916907
"""LingWae @ FQN9hzhzP_"" posts a small blind of 5",2026-09-02T07:02:29.169Z,178833254916906
"Player stacks: #2 ""LingWae @ FQN9hzhzP_"" (2543) | #5 ""fish @ oMsP5L3lJa"" (5557) | #10 ""fishidishi @ L0mhqQt-8H"" (1388)",2026-09-02T07:02:29.169Z,178833254916902
"-- starting hand #169 (id: gwafc1w8diho)  No Limit Texas Hold'em (dead button) --",2026-09-02T07:02:29.169Z,178833254916901
"The player ""bick and dalls @ gpP9uUffpu"" quits the game with a stack of 0.",2026-09-02T07:02:29.169Z,178833254916900
"-- ending hand #168 --",2026-09-02T07:02:23.140Z,178833254314001
"""fish @ oMsP5L3lJa"" collected 2296 from pot with Two Pair, J's & 8's (combination: A♣, 8♣, 8♥, J♠, J♣)",2026-09-02T07:02:23.140Z,178833254314000
"River: J♣, 5♦, 8♣, 2♣ [8♥]",2026-09-02T07:02:19.059Z,178833253905900
"""fish @ oMsP5L3lJa"" shows a A♣, J♠.",2026-09-02T07:02:14.969Z,178833253496900
"""bick and dalls @ gpP9uUffpu"" shows a 7♠, 9♣.",2026-09-02T07:02:14.582Z,178833253458200
"Some players choose to not run it twice.",2026-09-02T07:02:14.117Z,178833253411701
"""fish @ oMsP5L3lJa"" chooses to not run it twice.",2026-09-02T07:02:14.117Z,178833253411700
"""bick and dalls @ gpP9uUffpu"" chooses to  run it twice.",2026-09-02T07:02:13.906Z,178833253390600
"Remaining players decide whether to run it twice.",2026-09-02T07:02:12.826Z,178833253282601
"""fish @ oMsP5L3lJa"" calls 771",2026-09-02T07:02:12.826Z,178833253282600
"""bick and dalls @ gpP9uUffpu"" bets 771 and go all in",2026-09-02T07:02:09.508Z,178833252950800
"Turn: J♣, 5♦, 8♣ [2♣]",2026-09-02T07:02:07.508Z,178833252750800
"""fish @ oMsP5L3lJa"" calls 297",2026-09-02T07:02:06.600Z,178833252660000
"""LingWae @ FQN9hzhzP_"" folds",2026-09-02T07:02:03.689Z,178833252368900
"""bick and dalls @ gpP9uUffpu"" raises to 297",2026-09-02T07:01:58.727Z,178833251872700
"""fishidishi @ L0mhqQt-8H"" folds",2026-09-02T07:01:54.352Z,178833251435200
"""fish @ oMsP5L3lJa"" bets 99",2026-09-02T07:01:52.994Z,178833251299400
"""LingWae @ FQN9hzhzP_"" checks",2026-09-02T07:01:51.012Z,178833251101200
"""bick and dalls @ gpP9uUffpu"" checks",2026-09-02T07:01:41.956Z,178833250195600
"Flop:  [J♣, 5♦, 8♣]",2026-09-02T07:01:39.480Z,178833249948000
"""LingWae @ FQN9hzhzP_"" calls 40",2026-09-02T07:01:38.584Z,178833249858400
"""bick and dalls @ gpP9uUffpu"" calls 40",2026-09-02T07:01:37.583Z,178833249758300
"""fishidishi @ L0mhqQt-8H"" calls 40",2026-09-02T07:01:36.606Z,178833249660600
"""fish @ oMsP5L3lJa"" raises to 40",2026-09-02T07:01:35.073Z,178833249507300
"""LingWae @ FQN9hzhzP_"" posts a big blind of 10",2026-09-02T07:01:31.481Z,178833249148107
"""bick and dalls @ gpP9uUffpu"" posts a small blind of 5",2026-09-02T07:01:31.481Z,178833249148106
"Your hand is 7♠, 9♣",2026-09-02T07:01:31.481Z,178833249148102
"Player stacks: #1 ""bick and dalls @ gpP9uUffpu"" (1108) | #2 ""LingWae @ FQN9hzhzP_"" (2583) | #5 ""fish @ oMsP5L3lJa"" (4369) | #10 ""fishidishi @ L0mhqQt-8H"" (1428)",2026-09-02T07:01:31.481Z,178833249148101
"-- starting hand #168 (id: bel5nzj88llc)  No Limit Texas Hold'em (dealer: ""fishidishi @ L0mhqQt-8H"") --",2026-09-02T07:01:31.481Z,178833249148100
"""bick and dalls @ gpP9uUffpu"" shows a 10♠.",2026-09-02T07:01:27.455Z,178833248745500
"""LingWae @ FQN9hzhzP_"" shows a 7♣, 5♦.",2026-09-02T07:01:27.063Z,178833248706300
"Undealt cards: J♠, 6♠, 9♣, 8♣ [K♥]",2026-09-02T07:01:25.850Z,178833248585000
"-- ending hand #167 --",2026-09-02T07:01:24.076Z,178833248407602
"""LingWae @ FQN9hzhzP_"" collected 100 from pot",2026-09-02T07:01:24.076Z,178833248407601
"Uncalled bet of 167 returned to ""LingWae @ FQN9hzhzP_""",2026-09-02T07:01:24.076Z,178833248407600
"""fishidishi @ L0mhqQt-8H"" folds",2026-09-02T07:01:23.195Z,178833248319500
"""fish @ oMsP5L3lJa"" folds",2026-09-02T07:01:22.175Z,178833248217500
"""LingWae @ FQN9hzhzP_"" bets 167",2026-09-02T07:01:13.148Z,178833247314800
"""fishidishi @ L0mhqQt-8H"" checks",2026-09-02T07:01:09.787Z,178833246978700
"Turn: J♠, 6♠, 9♣ [8♣]",2026-09-02T07:01:08.281Z,178833246828100
"""fish @ oMsP5L3lJa"" checks",2026-09-02T07:01:07.385Z,178833246738500
"""LingWae @ FQN9hzhzP_"" checks",2026-09-02T07:01:06.324Z,178833246632400
"""fishidishi @ L0mhqQt-8H"" checks",2026-09-02T07:00:57.570Z,178833245757000
"Flop:  [J♠, 6♠, 9♣]",2026-09-02T07:00:55.758Z,178833245575800
"""fish @ oMsP5L3lJa"" calls 30",2026-09-02T07:00:54.940Z,178833245494000
"""LingWae @ FQN9hzhzP_"" calls 30",2026-09-02T07:00:53.853Z,178833245385300
"""bick and dalls @ gpP9uUffpu"" folds",2026-09-02T07:00:52.856Z,178833245285600
"""fishidishi @ L0mhqQt-8H"" raises to 30",2026-09-02T07:00:51.831Z,178833245183100
"""fish @ oMsP5L3lJa"" calls 10",2026-09-02T07:00:49.897Z,178833244989700
"""LingWae @ FQN9hzhzP_"" calls 10",2026-09-02T07:00:48.393Z,178833244839300
"""bick and dalls @ gpP9uUffpu"" posts a big blind of 10",2026-09-02T07:00:46.986Z,178833244698607
"""fishidishi @ L0mhqQt-8H"" posts a small blind of 5",2026-09-02T07:00:46.986Z,178833244698606
"Player stacks: #1 ""bick and dalls @ gpP9uUffpu"" (1118) | #2 ""LingWae @ FQN9hzhzP_"" (2513) | #5 ""fish @ oMsP5L3lJa"" (4399) | #10 ""fishidishi @ L0mhqQt-8H"" (1458)",2026-09-02T07:00:46.986Z,178833244698601
"-- starting hand #167 (id: eqahxv5jk1co)  No Limit Texas Hold'em (dealer: ""fish @ oMsP5L3lJa"") --",2026-09-02T07:00:46.986Z,178833244698600
"-- ending hand #166 --",2026-09-02T07:00:40.950Z,178833244095003
"""bick and dalls @ gpP9uUffpu"" collected 130 from pot with Pair, Q's (combination: J♠, K♣, A♦, Q♦, Q♥)",2026-09-02T07:00:40.950Z,178833244095002
"""bick and dalls @ gpP9uUffpu"" shows a J♠, A♦.",2026-09-02T07:00:40.950Z,178833244095001
"""fish @ oMsP5L3lJa"" shows a 5♠, A♣.",2026-09-02T07:00:40.950Z,178833244095000
"""bick and dalls @ gpP9uUffpu"" checks",2026-09-02T07:00:40.135Z,178833244013500
"""fish @ oMsP5L3lJa"" checks",2026-09-02T07:00:38.817Z,178833243881700
"River: 6♣, 7♣, Q♦, K♣ [Q♥]",2026-09-02T07:00:37.546Z,178833243754600
"""fish @ oMsP5L3lJa"" calls 10",2026-09-02T07:00:36.665Z,178833243666500
"""bick and dalls @ gpP9uUffpu"" bets 10",2026-09-02T07:00:35.167Z,178833243516700
"""fish @ oMsP5L3lJa"" checks",2026-09-02T07:00:33.627Z,178833243362700
"Turn: 6♣, 7♣, Q♦ [K♣]",2026-09-02T07:00:32.744Z,178833243274400
"""bick and dalls @ gpP9uUffpu"" checks",2026-09-02T07:00:31.845Z,178833243184500
"""fish @ oMsP5L3lJa"" checks",2026-09-02T07:00:30.830Z,178833243083000
"Flop:  [6♣, 7♣, Q♦]",2026-09-02T07:00:28.744Z,178833242874400
"""fishidishi @ L0mhqQt-8H"" folds",2026-09-02T07:00:27.928Z,178833242792800
"""fish @ oMsP5L3lJa"" calls 50",2026-09-02T07:00:26.755Z,178833242675500
"""LingWae @ FQN9hzhzP_"" folds",2026-09-02T07:00:25.763Z,178833242576300
"""bick and dalls @ gpP9uUffpu"" raises to 50",2026-09-02T07:00:21.279Z,178833242127900
"""fishidishi @ L0mhqQt-8H"" posts a big blind of 10",2026-09-02T07:00:18.163Z,178833241816307
"""fish @ oMsP5L3lJa"" posts a small blind of 5",2026-09-02T07:00:18.163Z,178833241816306
"Your hand is J♠, A♦",2026-09-02T07:00:18.163Z,178833241816302
"Player stacks: #1 ""bick and dalls @ gpP9uUffpu"" (1048) | #2 ""LingWae @ FQN9hzhzP_"" (2513) | #5 ""fish @ oMsP5L3lJa"" (4459) | #10 ""fishidishi @ L0mhqQt-8H"" (1468)",2026-09-02T07:00:18.163Z,178833241816301
"-- starting hand #166 (id: bmotdhoml28n)  No Limit Texas Hold'em (dealer: ""LingWae @ FQN9hzhzP_"") --",2026-09-02T07:00:18.163Z,178833241816300
"-- ending hand #165 --",2026-09-02T07:00:12.156Z,178833241215603
"""LingWae @ FQN9hzhzP_"" collected 492 from pot with Pair, K's (combination: 8♦, 9♠, Q♣, K♥, K♣)",2026-09-02T07:00:12.156Z,178833241215602
"""LingWae @ FQN9hzhzP_"" shows a 7♥, K♥.",2026-09-02T07:00:12.156Z,178833241215601
"""bick and dalls @ gpP9uUffpu"" shows a 8♣, 2♣.",2026-09-02T07:00:12.156Z,178833241215600
"""LingWae @ FQN9hzhzP_"" calls 164",2026-09-02T07:00:11.335Z,178833241133500
"""bick and dalls @ gpP9uUffpu"" bets 164",2026-09-02T07:00:09.791Z,178833240979100
"""LingWae @ FQN9hzhzP_"" checks",2026-09-02T07:00:06.499Z,178833240649900
"River: K♣, Q♣, 8♦, 6♥ [9♠]",2026-09-02T07:00:02.794Z,178833240279400
"""bick and dalls @ gpP9uUffpu"" checks",2026-09-02T07:00:01.755Z,178833240175500
"""LingWae @ FQN9hzhzP_"" checks",2026-09-02T06:59:59.585Z,178833239958500
"Turn: K♣, Q♣, 8♦ [6♥]",2026-09-02T06:59:57.379Z,178833239737900
"""bick and dalls @ gpP9uUffpu"" calls 67",2026-09-02T06:59:56.552Z,178833239655200
"""fish @ oMsP5L3lJa"" folds",2026-09-02T06:59:55.400Z,178833239540000
"""LingWae @ FQN9hzhzP_"" bets 67",2026-09-02T06:59:48.516Z,178833238851600
"Flop:  [K♣, Q♣, 8♦]",2026-09-02T06:59:43.373Z,178833238337300
"""fish @ oMsP5L3lJa"" checks",2026-09-02T06:59:42.512Z,178833238251200
"""LingWae @ FQN9hzhzP_"" calls 10",2026-09-02T06:59:41.142Z,178833238114200
"""bick and dalls @ gpP9uUffpu"" calls 10",2026-09-02T06:59:40.216Z,178833238021600
"""fishidishi @ L0mhqQt-8H"" folds",2026-09-02T06:59:31.762Z,178833237176200
"""fish @ oMsP5L3lJa"" posts a big blind of 10",2026-09-02T06:59:30.574Z,178833237057407
"""LingWae @ FQN9hzhzP_"" posts a small blind of 5",2026-09-02T06:59:30.574Z,178833237057406
"Your hand is 8♣, 2♣",2026-09-02T06:59:30.574Z,178833237057402
"Player stacks: #1 ""bick and dalls @ gpP9uUffpu"" (1289) | #2 ""LingWae @ FQN9hzhzP_"" (2262) | #5 ""fish @ oMsP5L3lJa"" (4469) | #10 ""fishidishi @ L0mhqQt-8H"" (1468)",2026-09-02T06:59:30.574Z,178833237057401
"-- starting hand #165 (id: zfa6o8qddbyn)  No Limit Texas Hold'em (dealer: ""bick and dalls @ gpP9uUffpu"") --",2026-09-02T06:59:30.574Z,178833237057400
"""LingWae @ FQN9hzhzP_"" shows a 9♦, K♥.",2026-09-02T06:59:26.949Z,178833236694900
"""fishidishi @ L0mhqQt-8H"" shows a Q♣, 10♣.",2026-09-02T06:59:25.105Z,178833236510500
"-- ending hand #164 --",2026-09-02T06:59:23.565Z,178833236356502
"""fish @ oMsP5L3lJa"" collected 2643 from pot with Straight, J High (combination: 7♥, 8♠, 9♣, 10♠, J♥)",2026-09-02T06:59:23.565Z,178833236356501
"""fish @ oMsP5L3lJa"" shows a J♥, 10♠.",2026-09-02T06:59:23.565Z,178833236356500
"""LingWae @ FQN9hzhzP_"" calls 750",2026-09-02T06:59:22.730Z,178833236273000
"""bick and dalls @ gpP9uUffpu"" folds",2026-09-02T06:59:20.858Z,178833236085800
"""fishidishi @ L0mhqQt-8H"" calls 750",2026-09-02T06:59:19.816Z,178833235981600
"""fish @ oMsP5L3lJa"" raises to 750",2026-09-02T06:59:17.344Z,178833235734400
"""LingWae @ FQN9hzhzP_"" bets 367",2026-09-02T06:58:59.626Z,178833233962600
"""bick and dalls @ gpP9uUffpu"" checks",2026-09-02T06:58:56.320Z,178833233632000
"River: 8♠, 7♥, 9♥, 6♣ [9♣]",2026-09-02T06:58:51.659Z,178833233165900
"""fishidishi @ L0mhqQt-8H"" checks",2026-09-02T06:58:50.803Z,178833233080300
"""fish @ oMsP5L3lJa"" checks",2026-09-02T06:58:48.924Z,178833232892400
"""LingWae @ FQN9hzhzP_"" checks",2026-09-02T06:58:46.898Z,178833232689800
"""bick and dalls @ gpP9uUffpu"" checks",2026-09-02T06:58:33.774Z,178833231377400
"Turn: 8♠, 7♥, 9♥ [6♣]",2026-09-02T06:58:31.126Z,178833231112600
"""bick and dalls @ gpP9uUffpu"" calls 67",2026-09-02T06:58:30.245Z,178833231024500
"""fishidishi @ L0mhqQt-8H"" calls 67",2026-09-02T06:58:28.007Z,178833230800700
"""fish @ oMsP5L3lJa"" calls 67",2026-09-02T06:58:26.516Z,178833230651600
"""LingWae @ FQN9hzhzP_"" raises to 67",2026-09-02T06:58:24.104Z,178833230410400
"""bick and dalls @ gpP9uUffpu"" bets 10",2026-09-02T06:58:20.308Z,178833230030800
"Flop:  [8♠, 7♥, 9♥]",2026-09-02T06:58:16.520Z,178833229652000
"""fish @ oMsP5L3lJa"" calls 30",2026-09-02T06:58:15.683Z,178833229568300
"""LingWae @ FQN9hzhzP_"" calls 30",2026-09-02T06:58:13.382Z,178833229338200
"""bick and dalls @ gpP9uUffpu"" calls 30",2026-09-02T06:58:11.819Z,178833229181900
"""fishidishi @ L0mhqQt-8H"" raises to 30",2026-09-02T06:58:09.587Z,178833228958700
"""fish @ oMsP5L3lJa"" checks",2026-09-02T06:58:07.640Z,178833228764000
"""fish @ oMsP5L3lJa"" posts a missed big blind of 10",2026-09-02T06:58:05.502Z,178833228550210
"""fish @ oMsP5L3lJa"" posts a missing small blind of 5",2026-09-02T06:58:05.502Z,178833228550209
"""LingWae @ FQN9hzhzP_"" posts a big blind of 10",2026-09-02T06:58:05.502Z,178833228550208
"""bick and dalls @ gpP9uUffpu"" posts a small blind of 5",2026-09-02T06:58:05.502Z,178833228550207
"Player stacks: #1 ""bick and dalls @ gpP9uUffpu"" (1386) | #2 ""LingWae @ FQN9hzhzP_"" (3109) | #5 ""fish @ oMsP5L3lJa"" (2678) | #10 ""fishidishi @ L0mhqQt-8H"" (2315)",2026-09-02T06:58:05.502Z,178833228550202
"-- starting hand #164 (id: sozglo909yus)  No Limit Texas Hold'em (dealer: ""fishidishi @ L0mhqQt-8H"") --",2026-09-02T06:58:05.502Z,178833228550201
"The player ""fish @ oMsP5L3lJa"" joined the game with a stack of 2678.",2026-09-02T06:58:05.502Z,178833228550200
"-- ending hand #163 --",2026-09-02T06:58:02.522Z,178833228252202
"""LingWae @ FQN9hzhzP_"" collected 582 from pot",2026-09-02T06:58:02.522Z,178833228252201
"Uncalled bet of 367 returned to ""LingWae @ FQN9hzhzP_""",2026-09-02T06:58:02.522Z,178833228252200
"""bick and dalls @ gpP9uUffpu"" folds",2026-09-02T06:58:01.676Z,178833228167600
"""fishidishi @ L0mhqQt-8H"" folds",2026-09-02T06:57:38.798Z,178833225879800
"""LingWae @ FQN9hzhzP_"" bets 367",2026-09-02T06:57:37.584Z,178833225758400
"""bick and dalls @ gpP9uUffpu"" checks",2026-09-02T06:57:32.434Z,178833225243400
"""fishidishi @ L0mhqQt-8H"" checks",2026-09-02T06:57:30.899Z,178833225089900
"River: 10♥, 10♦, 6♦, 4♥ [7♦]",2026-09-02T06:57:29.168Z,178833224916800
"""fishidishi @ L0mhqQt-8H"" calls 150",2026-09-02T06:57:28.351Z,178833224835100
"""LingWae @ FQN9hzhzP_"" calls 150",2026-09-02T06:57:25.661Z,178833224566100
"""bick and dalls @ gpP9uUffpu"" raises to 150",2026-09-02T06:57:24.731Z,178833224473100
"""fishidishi @ L0mhqQt-8H"" bets 30",2026-09-02T06:57:22.169Z,178833224216900
"Turn: 10♥, 10♦, 6♦ [4♥]",2026-09-02T06:57:19.839Z,178833223983900
"""LingWae @ FQN9hzhzP_"" checks",2026-09-02T06:57:18.990Z,178833223899000
"""bick and dalls @ gpP9uUffpu"" checks",2026-09-02T06:57:18.011Z,178833223801100
"The player ""fish @ oMsP5L3lJa"" sit back with the stack of 2678.",2026-09-02T06:57:16.905Z,178833223690500
"""fishidishi @ L0mhqQt-8H"" checks",2026-09-02T06:57:15.551Z,178833223555100
"Flop:  [10♥, 10♦, 6♦]",2026-09-02T06:57:13.648Z,178833223364800
"""fishidishi @ L0mhqQt-8H"" calls 44",2026-09-02T06:57:12.811Z,178833223281100
"""LingWae @ FQN9hzhzP_"" calls 44",2026-09-02T06:57:11.490Z,178833223149000
"""bick and dalls @ gpP9uUffpu"" raises to 44",2026-09-02T06:57:09.227Z,178833222922700
"The admin updated the player ""fish @ oMsP5L3lJa"" stack from 4678 to 2678.",2026-09-02T06:57:04.920Z,178833222492000
"""fishidishi @ L0mhqQt-8H"" calls 10",2026-09-02T06:57:02.138Z,178833222213800
"""LingWae @ FQN9hzhzP_"" calls 10",2026-09-02T06:57:00.660Z,178833222066000
"""bick and dalls @ gpP9uUffpu"" posts a big blind of 10",2026-09-02T06:56:55.958Z,178833221595806
"""fishidishi @ L0mhqQt-8H"" posts a small blind of 5",2026-09-02T06:56:55.958Z,178833221595805
"Player stacks: #1 ""bick and dalls @ gpP9uUffpu"" (1580) | #2 ""LingWae @ FQN9hzhzP_"" (2721) | #10 ""fishidishi @ L0mhqQt-8H"" (2509)",2026-09-02T06:56:55.958Z,178833221595801
"-- starting hand #163 (id: mxaadusj4esa)  No Limit Texas Hold'em (dealer: ""LingWae @ FQN9hzhzP_"") --",2026-09-02T06:56:55.958Z,178833221595800
"""bick and dalls @ gpP9uUffpu"" shows a 8♦.",2026-09-02T06:56:54.966Z,178833221496600
"""bick and dalls @ gpP9uUffpu"" shows a Q♠.",2026-09-02T06:56:54.532Z,178833221453200
"""LingWae @ FQN9hzhzP_"" shows a Q♥.",2026-09-02T06:56:51.876Z,178833221187600
"""LingWae @ FQN9hzhzP_"" shows a A♠.",2026-09-02T06:56:51.467Z,178833221146700
"Undealt cards: 8♣, A♣, 3♥ [3♠, Q♦]",2026-09-02T06:56:49.316Z,178833220931600
"-- ending hand #162 --",2026-09-02T06:56:48.645Z,178833220864502
"""LingWae @ FQN9hzhzP_"" collected 30 from pot",2026-09-02T06:56:48.645Z,178833220864501
"Uncalled bet of 67 returned to ""LingWae @ FQN9hzhzP_""",2026-09-02T06:56:48.645Z,178833220864500
"""bick and dalls @ gpP9uUffpu"" folds",2026-09-02T06:56:47.808Z,178833220780800
"""fishidishi @ L0mhqQt-8H"" folds",2026-09-02T06:56:46.853Z,178833220685300
"""LingWae @ FQN9hzhzP_"" bets 67",2026-09-02T06:56:45.876Z,178833220587600
"Flop:  [8♣, A♣, 3♥]",2026-09-02T06:56:39.704Z,178833219970400
"""fishidishi @ L0mhqQt-8H"" checks",2026-09-02T06:56:38.798Z,178833219879800
"""LingWae @ FQN9hzhzP_"" calls 10",2026-09-02T06:56:36.779Z,178833219677900
"""bick and dalls @ gpP9uUffpu"" calls 10",2026-09-02T06:56:26.144Z,178833218614400
"""fishidishi @ L0mhqQt-8H"" posts a big blind of 10",2026-09-02T06:56:23.986Z,178833218398606
"""LingWae @ FQN9hzhzP_"" posts a small blind of 5",2026-09-02T06:56:23.986Z,178833218398605
"Player stacks: #1 ""bick and dalls @ gpP9uUffpu"" (1590) | #2 ""LingWae @ FQN9hzhzP_"" (2701) | #10 ""fishidishi @ L0mhqQt-8H"" (2519)",2026-09-02T06:56:23.986Z,178833218398601
"-- starting hand #162 (id: dpjcxplsde5g)  No Limit Texas Hold'em (dealer: ""bick and dalls @ gpP9uUffpu"") --",2026-09-02T06:56:23.986Z,178833218398600
"-- ending hand #161 --",2026-09-02T06:56:17.979Z,178833217797903
"""fishidishi @ L0mhqQt-8H"" collected 180 from pot with Pair, 10's (combination: 7♣, 8♣, Q♦, 10♠, 10♦)",2026-09-02T06:56:17.979Z,178833217797902
"""fishidishi @ L0mhqQt-8H"" shows a 7♣, 10♠.",2026-09-02T06:56:17.979Z,178833217797901
"""LingWae @ FQN9hzhzP_"" shows a J♠, A♥.",2026-09-02T06:56:17.979Z,178833217797900
"""fishidishi @ L0mhqQt-8H"" checks",2026-09-02T06:56:17.136Z,178833217713600
"""LingWae @ FQN9hzhzP_"" checks",2026-09-02T06:56:16.013Z,178833217601300
"River: 10♦, Q♦, 8♣, 6♠ [4♣]",2026-09-02T06:56:13.778Z,178833217377800
"""fishidishi @ L0mhqQt-8H"" checks",2026-09-02T06:56:12.963Z,178833217296300
"""LingWae @ FQN9hzhzP_"" checks",2026-09-02T06:56:11.143Z,178833217114300
"Turn: 10♦, Q♦, 8♣ [6♠]",2026-09-02T06:56:09.478Z,178833216947800
"""bick and dalls @ gpP9uUffpu"" folds",2026-09-02T06:56:08.600Z,178833216860000
"""fishidishi @ L0mhqQt-8H"" calls 45",2026-09-02T06:56:07.596Z,178833216759600
"""LingWae @ FQN9hzhzP_"" bets 45",2026-09-02T06:56:06.610Z,178833216661000
"""bick and dalls @ gpP9uUffpu"" checks",2026-09-02T06:55:55.534Z,178833215553400
"Flop:  [10♦, Q♦, 8♣]",2026-09-02T06:55:53.585Z,178833215358500
"""LingWae @ FQN9hzhzP_"" calls 30",2026-09-02T06:55:52.776Z,178833215277600
"""bick and dalls @ gpP9uUffpu"" calls 30",2026-09-02T06:55:51.806Z,178833215180600
"""fishidishi @ L0mhqQt-8H"" raises to 30",2026-09-02T06:55:50.136Z,178833215013600
"""LingWae @ FQN9hzhzP_"" posts a big blind of 10",2026-09-02T06:55:46.139Z,178833214613906
"""bick and dalls @ gpP9uUffpu"" posts a small blind of 5",2026-09-02T06:55:46.139Z,178833214613905
"Player stacks: #1 ""bick and dalls @ gpP9uUffpu"" (1620) | #2 ""LingWae @ FQN9hzhzP_"" (2776) | #10 ""fishidishi @ L0mhqQt-8H"" (2414)",2026-09-02T06:55:46.139Z,178833214613901
"-- starting hand #161 (id: rup4yh4szf0i)  No Limit Texas Hold'em (dealer: ""fishidishi @ L0mhqQt-8H"") --",2026-09-02T06:55:46.139Z,178833214613900
"""LingWae @ FQN9hzhzP_"" shows a 8♦, 6♠.",2026-09-02T06:55:44.603Z,178833214460300
"-- ending hand #160 --",2026-09-02T06:55:42.476Z,178833214247602
"""LingWae @ FQN9hzhzP_"" collected 110 from pot",2026-09-02T06:55:42.476Z,178833214247601
"Uncalled bet of 167 returned to ""LingWae @ FQN9hzhzP_""",2026-09-02T06:55:42.476Z,178833214247600
"""fishidishi @ L0mhqQt-8H"" folds",2026-09-02T06:55:41.659Z,178833214165900
"""LingWae @ FQN9hzhzP_"" bets 167",2026-09-02T06:55:40.015Z,178833214001500
"""fishidishi @ L0mhqQt-8H"" checks",2026-09-02T06:55:37.770Z,178833213777000
"River: 6♥, 10♣, 5♦, 2♣ [8♣]",2026-09-02T06:55:34.872Z,178833213487200
"""fishidishi @ L0mhqQt-8H"" calls 20",2026-09-02T06:55:33.990Z,178833213399000
"""LingWae @ FQN9hzhzP_"" raises to 20",2026-09-02T06:55:32.560Z,178833213256000
"""fishidishi @ L0mhqQt-8H"" bets 10",2026-09-02T06:55:30.019Z,178833213001900
"Turn: 6♥, 10♣, 5♦ [2♣]",2026-09-02T06:55:27.839Z,178833212783900
"""LingWae @ FQN9hzhzP_"" checks",2026-09-02T06:55:26.979Z,178833212697900
"""fishidishi @ L0mhqQt-8H"" checks",2026-09-02T06:55:25.175Z,178833212517500
"Flop:  [6♥, 10♣, 5♦]",2026-09-02T06:55:23.359Z,178833212335900
"""LingWae @ FQN9hzhzP_"" calls 30",2026-09-02T06:55:22.496Z,178833212249600
"""bick and dalls @ gpP9uUffpu"" folds",2026-09-02T06:55:18.365Z,178833211836500
"""fishidishi @ L0mhqQt-8H"" raises to 30",2026-09-02T06:55:17.255Z,178833211725500
"""LingWae @ FQN9hzhzP_"" calls 10",2026-09-02T06:55:15.493Z,178833211549300
"""bick and dalls @ gpP9uUffpu"" posts a big blind of 10",2026-09-02T06:55:14.084Z,178833211408406
"""fishidishi @ L0mhqQt-8H"" posts a small blind of 5",2026-09-02T06:55:14.084Z,178833211408405
"Player stacks: #1 ""bick and dalls @ gpP9uUffpu"" (1630) | #2 ""LingWae @ FQN9hzhzP_"" (2716) | #10 ""fishidishi @ L0mhqQt-8H"" (2464)",2026-09-02T06:55:14.084Z,178833211408401
"-- starting hand #160 (id: 4ztkgsa15ptw)  No Limit Texas Hold'em (dealer: ""LingWae @ FQN9hzhzP_"") --",2026-09-02T06:55:14.084Z,178833211408400
"-- ending hand #159 --",2026-09-02T06:55:08.055Z,178833210805502
"""LingWae @ FQN9hzhzP_"" collected 484 from pot with Two Pair, A's & 7's (combination: 10♣, 7♠, 7♥, A♥, A♦)",2026-09-02T06:55:08.055Z,178833210805501
"""LingWae @ FQN9hzhzP_"" shows a 3♣, A♥.",2026-09-02T06:55:08.055Z,178833210805500
"""bick and dalls @ gpP9uUffpu"" checks",2026-09-02T06:55:07.220Z,178833210722000
"""LingWae @ FQN9hzhzP_"" checks",2026-09-02T06:55:03.720Z,178833210372000
"River: 10♣, 6♠, A♦, 7♠ [7♥]",2026-09-02T06:54:59.768Z,178833209976800
"""bick and dalls @ gpP9uUffpu"" checks",2026-09-02T06:54:58.927Z,178833209892700
"""LingWae @ FQN9hzhzP_"" checks",2026-09-02T06:54:57.675Z,178833209767500
"Turn: 10♣, 6♠, A♦ [7♠]",2026-09-02T06:54:53.760Z,178833209376000
"""bick and dalls @ gpP9uUffpu"" calls 167",2026-09-02T06:54:52.948Z,178833209294800
"""fishidishi @ L0mhqQt-8H"" folds",2026-09-02T06:54:51.995Z,178833209199500
"""LingWae @ FQN9hzhzP_"" bets 167",2026-09-02T06:54:49.340Z,178833208934000
"Flop:  [10♣, 6♠, A♦]",2026-09-02T06:54:39.946Z,178833207994600
"""fishidishi @ L0mhqQt-8H"" calls 50",2026-09-02T06:54:39.100Z,178833207910000
"""LingWae @ FQN9hzhzP_"" calls 50",2026-09-02T06:54:36.879Z,178833207687900
"""bick and dalls @ gpP9uUffpu"" raises to 50",2026-09-02T06:54:35.639Z,178833207563900
"""fishidishi @ L0mhqQt-8H"" posts a big blind of 10",2026-09-02T06:54:33.631Z,178833207363106
"""LingWae @ FQN9hzhzP_"" posts a small blind of 5",2026-09-02T06:54:33.631Z,178833207363105
"Player stacks: #1 ""bick and dalls @ gpP9uUffpu"" (1847) | #2 ""LingWae @ FQN9hzhzP_"" (2449) | #10 ""fishidishi @ L0mhqQt-8H"" (2514)",2026-09-02T06:54:33.631Z,178833207363101
"-- starting hand #159 (id: zmeaysymdk4k)  No Limit Texas Hold'em (dealer: ""bick and dalls @ gpP9uUffpu"") --",2026-09-02T06:54:33.631Z,178833207363100
"""LingWae @ FQN9hzhzP_"" shows a A♠, K♠.",2026-09-02T06:54:29.969Z,178833206996900
"Undealt cards:  [8♣, A♥, 9♣, J♠, 2♥]",2026-09-02T06:54:27.393Z,178833206739300
"-- ending hand #158 --",2026-09-02T06:54:27.025Z,178833206702502
"""LingWae @ FQN9hzhzP_"" collected 90 from pot",2026-09-02T06:54:27.025Z,178833206702501
"Uncalled bet of 2359 returned to ""LingWae @ FQN9hzhzP_""",2026-09-02T06:54:27.025Z,178833206702500
"""bick and dalls @ gpP9uUffpu"" folds",2026-09-02T06:54:26.167Z,178833206616700
"""fishidishi @ L0mhqQt-8H"" folds",2026-09-02T06:54:25.248Z,178833206524800
"""LingWae @ FQN9hzhzP_"" raises to 2389 and go all in",2026-09-02T06:54:20.655Z,178833206065500
"""bick and dalls @ gpP9uUffpu"" calls 30",2026-09-02T06:54:18.527Z,178833205852700
"""fishidishi @ L0mhqQt-8H"" raises to 30",2026-09-02T06:54:17.045Z,178833205704500
"""LingWae @ FQN9hzhzP_"" posts a big blind of 10",2026-09-02T06:54:14.117Z,178833205411706
"""bick and dalls @ gpP9uUffpu"" posts a small blind of 5",2026-09-02T06:54:14.117Z,178833205411705
"Player stacks: #1 ""bick and dalls @ gpP9uUffpu"" (1877) | #2 ""LingWae @ FQN9hzhzP_"" (2389) | #10 ""fishidishi @ L0mhqQt-8H"" (2544)",2026-09-02T06:54:14.117Z,178833205411701
"-- starting hand #158 (id: 7b9e9ccbiiqj)  No Limit Texas Hold'em (dealer: ""fishidishi @ L0mhqQt-8H"") --",2026-09-02T06:54:14.117Z,178833205411700
"""LingWae @ FQN9hzhzP_"" shows a 6♠.",2026-09-02T06:54:10.867Z,178833205086700
"""LingWae @ FQN9hzhzP_"" shows a 9♣.",2026-09-02T06:54:09.352Z,178833204935200
"Undealt cards: 3♣, 2♣, 6♥, 10♥ [2♥]",2026-09-02T06:54:08.283Z,178833204828300
"-- ending hand #157 --",2026-09-02T06:54:07.515Z,178833204751502
"""bick and dalls @ gpP9uUffpu"" collected 752 from pot",2026-09-02T06:54:07.515Z,178833204751501
"Uncalled bet of 1125 returned to ""bick and dalls @ gpP9uUffpu""",2026-09-02T06:54:07.515Z,178833204751500
"""LingWae @ FQN9hzhzP_"" folds",2026-09-02T06:54:06.637Z,178833204663700
"""bick and dalls @ gpP9uUffpu"" bets 1125 and go all in",2026-09-02T06:54:04.044Z,178833204404400
"Turn: 3♣, 2♣, 6♥ [10♥]",2026-09-02T06:54:02.600Z,178833204260000
"""LingWae @ FQN9hzhzP_"" calls 321",2026-09-02T06:54:01.771Z,178833204177100
"""bick and dalls @ gpP9uUffpu"" raises to 321",2026-09-02T06:53:50.990Z,178833203099000
"""LingWae @ FQN9hzhzP_"" raises to 189",2026-09-02T06:53:48.403Z,178833202840300
"""bick and dalls @ gpP9uUffpu"" bets 67",2026-09-02T06:53:45.447Z,178833202544700
"Flop:  [3♣, 2♣, 6♥]",2026-09-02T06:53:41.458Z,178833202145800
"""fishidishi @ L0mhqQt-8H"" folds",2026-09-02T06:53:40.643Z,178833202064300
"""LingWae @ FQN9hzhzP_"" calls 50",2026-09-02T06:53:39.062Z,178833201906200
"""bick and dalls @ gpP9uUffpu"" raises to 50",2026-09-02T06:53:37.421Z,178833201742100
"""fishidishi @ L0mhqQt-8H"" calls 10",2026-09-02T06:53:34.624Z,178833201462400
"""LingWae @ FQN9hzhzP_"" calls 10",2026-09-02T06:53:31.897Z,178833201189700
"""bick and dalls @ gpP9uUffpu"" posts a big blind of 10",2026-09-02T06:53:30.108Z,178833201010806
"""fishidishi @ L0mhqQt-8H"" posts a small blind of 5",2026-09-02T06:53:30.108Z,178833201010805
"Player stacks: #1 ""bick and dalls @ gpP9uUffpu"" (1496) | #2 ""LingWae @ FQN9hzhzP_"" (2760) | #10 ""fishidishi @ L0mhqQt-8H"" (2554)",2026-09-02T06:53:30.108Z,178833201010801
"-- starting hand #157 (id: ovzafsiqbxua)  No Limit Texas Hold'em (dealer: ""LingWae @ FQN9hzhzP_"") --",2026-09-02T06:53:30.108Z,178833201010800
"-- ending hand #156 --",2026-09-02T06:53:24.051Z,178833200405103
"""fishidishi @ L0mhqQt-8H"" collected 1750 from pot with Pair, Q's (combination: 8♣, J♥, A♣, Q♣, Q♦)",2026-09-02T06:53:24.051Z,178833200405102
"""fishidishi @ L0mhqQt-8H"" shows a Q♣, J♥.",2026-09-02T06:53:24.051Z,178833200405101
"""bick and dalls @ gpP9uUffpu"" shows a J♣, 10♠.",2026-09-02T06:53:24.051Z,178833200405100
"""fishidishi @ L0mhqQt-8H"" calls 750",2026-09-02T06:53:23.136Z,178833200313600
"""bick and dalls @ gpP9uUffpu"" raises to 750",2026-09-02T06:53:14.084Z,178833199408400
"""fishidishi @ L0mhqQt-8H"" bets 250",2026-09-02T06:53:11.272Z,178833199127200
"River: 8♣, 5♣, A♣, 6♦ [Q♦]",2026-09-02T06:53:08.191Z,178833198819100
"""bick and dalls @ gpP9uUffpu"" checks",2026-09-02T06:53:07.302Z,178833198730200
"""fishidishi @ L0mhqQt-8H"" checks",2026-09-02T06:53:06.343Z,178833198634300
"Turn: 8♣, 5♣, A♣ [6♦]",2026-09-02T06:53:03.893Z,178833198389300
"""bick and dalls @ gpP9uUffpu"" calls 50",2026-09-02T06:53:03.049Z,178833198304900
"""fishidishi @ L0mhqQt-8H"" bets 50",2026-09-02T06:53:00.469Z,178833198046900
"""LingWae @ FQN9hzhzP_"" folds",2026-09-02T06:52:57.853Z,178833197785300
"Flop:  [8♣, 5♣, A♣]",2026-09-02T06:52:53.253Z,178833197325300
"""fishidishi @ L0mhqQt-8H"" calls 50",2026-09-02T06:52:52.383Z,178833197238300
"""LingWae @ FQN9hzhzP_"" calls 50",2026-09-02T06:52:51.458Z,178833197145800
"""bick and dalls @ gpP9uUffpu"" raises to 50",2026-09-02T06:52:50.486Z,178833197048600
"""fishidishi @ L0mhqQt-8H"" posts a big blind of 10",2026-09-02T06:52:47.474Z,178833196747407
"""LingWae @ FQN9hzhzP_"" posts a small blind of 5",2026-09-02T06:52:47.474Z,178833196747406
"Your hand is J♣, 10♠",2026-09-02T06:52:47.474Z,178833196747403
"Player stacks: #1 ""bick and dalls @ gpP9uUffpu"" (2346) | #2 ""LingWae @ FQN9hzhzP_"" (2810) | #10 ""fishidishi @ L0mhqQt-8H"" (1654)",2026-09-02T06:52:47.474Z,178833196747402
"-- starting hand #156 (id: cnqpxdol5k4t)  No Limit Texas Hold'em (dealer: ""bick and dalls @ gpP9uUffpu"") --",2026-09-02T06:52:47.474Z,178833196747401
"The admin updated the player ""LingWae @ FQN9hzhzP_"" stack from 1310 to 2810.",2026-09-02T06:52:47.474Z,178833196747400
"""fishidishi @ L0mhqQt-8H"" shows a Q♦, 7♦.",2026-09-02T06:52:45.153Z,178833196515300
"""bick and dalls @ gpP9uUffpu"" shows a A♥, 7♠.",2026-09-02T06:52:42.090Z,178833196209000
"Undealt cards: 7♥, 3♣, 4♥, J♣ [Q♣]",2026-09-02T06:52:41.323Z,178833196132300
"""LingWae @ FQN9hzhzP_"" shows a 7♣, 4♠.",2026-09-02T06:52:40.067Z,178833196006700
"-- ending hand #155 --",2026-09-02T06:52:39.463Z,178833195946302
"""LingWae @ FQN9hzhzP_"" collected 600 from pot",2026-09-02T06:52:39.463Z,178833195946301
"Uncalled bet of 710 returned to ""LingWae @ FQN9hzhzP_""",2026-09-02T06:52:39.463Z,178833195946300
"""bick and dalls @ gpP9uUffpu"" folds",2026-09-02T06:52:38.631Z,178833195863100
"""fishidishi @ L0mhqQt-8H"" folds",2026-09-02T06:52:31.238Z,178833195123800
"""LingWae @ FQN9hzhzP_"" raises to 890 and go all in",2026-09-02T06:52:30.121Z,178833195012100
"""bick and dalls @ gpP9uUffpu"" bets 180",2026-09-02T06:52:28.043Z,178833194804300
"Turn: 7♥, 3♣, 4♥ [J♣]",2026-09-02T06:52:23.815Z,178833194381500
"""bick and dalls @ gpP9uUffpu"" calls 50",2026-09-02T06:52:22.931Z,178833194293100
"""fishidishi @ L0mhqQt-8H"" calls 50",2026-09-02T06:52:21.945Z,178833194194500
"""LingWae @ FQN9hzhzP_"" raises to 50",2026-09-02T06:52:20.946Z,178833194094600
"""bick and dalls @ gpP9uUffpu"" bets 25",2026-09-02T06:52:19.283Z,178833193928300
"Flop:  [7♥, 3♣, 4♥]",2026-09-02T06:52:16.610Z,178833193661000
"""LingWae @ FQN9hzhzP_"" calls 30",2026-09-02T06:52:15.707Z,178833193570700
"""bick and dalls @ gpP9uUffpu"" calls 30",2026-09-02T06:52:14.719Z,178833193471900
"WARNING: the admin queued the stack change for the player ""LingWae @ FQN9hzhzP_"" adding 1500 chips in the next hand.",2026-09-02T06:52:11.552Z,178833193155200
"""fishidishi @ L0mhqQt-8H"" raises to 30",2026-09-02T06:52:04.048Z,178833192404800
"""LingWae @ FQN9hzhzP_"" posts a big blind of 10",2026-09-02T06:51:56.476Z,178833191647606
"""bick and dalls @ gpP9uUffpu"" posts a small blind of 5",2026-09-02T06:51:56.476Z,178833191647605
"Your hand is A♥, 7♠",2026-09-02T06:51:56.476Z,178833191647602
"Player stacks: #1 ""bick and dalls @ gpP9uUffpu"" (2606) | #2 ""LingWae @ FQN9hzhzP_"" (970) | #10 ""fishidishi @ L0mhqQt-8H"" (1734)",2026-09-02T06:51:56.476Z,178833191647601
"-- starting hand #155 (id: 2hhgsmtj4hv3)  No Limit Texas Hold'em (dealer: ""fishidishi @ L0mhqQt-8H"") --",2026-09-02T06:51:56.476Z,178833191647600
"""LingWae @ FQN9hzhzP_"" shows a 8♦.",2026-09-02T06:51:52.986Z,178833191298600
"Undealt cards: 8♣, K♦, 7♥ [4♥, 8♠]",2026-09-02T06:51:50.815Z,178833191081500
"-- ending hand #154 --",2026-09-02T06:51:49.868Z,178833190986802
"""bick and dalls @ gpP9uUffpu"" collected 20 from pot",2026-09-02T06:51:49.868Z,178833190986801
"Uncalled bet of 30 returned to ""bick and dalls @ gpP9uUffpu""",2026-09-02T06:51:49.868Z,178833190986800
"""fishidishi @ L0mhqQt-8H"" folds",2026-09-02T06:51:49.027Z,178833190902700
"""bick and dalls @ gpP9uUffpu"" bets 30",2026-09-02T06:51:44.386Z,178833190438600
"""fishidishi @ L0mhqQt-8H"" checks",2026-09-02T06:51:41.653Z,178833190165300
"Flop:  [8♣, K♦, 7♥]",2026-09-02T06:51:36.283Z,178833189628300
"""bick and dalls @ gpP9uUffpu"" checks",2026-09-02T06:51:35.451Z,178833189545100
"""fishidishi @ L0mhqQt-8H"" calls 10",2026-09-02T06:51:34.266Z,178833189426600
"""LingWae @ FQN9hzhzP_"" folds",2026-09-02T06:51:23.646Z,178833188364600
"""bick and dalls @ gpP9uUffpu"" posts a big blind of 10",2026-09-02T06:51:21.638Z,178833188163807
"""fishidishi @ L0mhqQt-8H"" posts a small blind of 5",2026-09-02T06:51:21.638Z,178833188163806
"Player stacks: #1 ""bick and dalls @ gpP9uUffpu"" (2596) | #2 ""LingWae @ FQN9hzhzP_"" (970) | #10 ""fishidishi @ L0mhqQt-8H"" (1744)",2026-09-02T06:51:21.638Z,178833188163802
"-- starting hand #154 (id: zggxnsyjyp6z)  No Limit Texas Hold'em (dealer: ""LingWae @ FQN9hzhzP_"") --",2026-09-02T06:51:21.638Z,178833188163801
"The player ""fishidishi @ L0mhqQt-8H"" joined the game with a stack of 1744.",2026-09-02T06:51:21.638Z,178833188163800
"The admin approved the player ""fishidishi @ L0mhqQt-8H"" participation with a stack of 1744.",2026-09-02T06:51:19.993Z,178833187999300
"""LingWae @ FQN9hzhzP_"" shows a 9♠, 5♥.",2026-09-02T06:51:16.124Z,178833187612400
"Undealt cards: A♣, A♠, J♠ [Q♥, 8♠]",2026-09-02T06:51:15.402Z,178833187540200
"""bick and dalls @ gpP9uUffpu"" shows a A♥, 7♦.",2026-09-02T06:51:14.915Z,178833187491500
"The player ""fishidishi @ L0mhqQt-8H"" requested a seat.",2026-09-02T06:51:14.527Z,178833187452700
"-- ending hand #153 --",2026-09-02T06:51:14.241Z,178833187424101
"""bick and dalls @ gpP9uUffpu"" collected 66 from pot",2026-09-02T06:51:14.241Z,178833187424100
"""LingWae @ FQN9hzhzP_"" folds",2026-09-02T06:51:13.430Z,178833187343000
"Flop:  [A♣, A♠, J♠]",2026-09-02T06:51:11.249Z,178833187124900
"""LingWae @ FQN9hzhzP_"" calls 33",2026-09-02T06:51:10.437Z,178833187043700
"""bick and dalls @ gpP9uUffpu"" raises to 33",2026-09-02T06:51:09.349Z,178833186934900
"""LingWae @ FQN9hzhzP_"" posts a big blind of 10",2026-09-02T06:51:07.592Z,178833186759205
"""bick and dalls @ gpP9uUffpu"" posts a small blind of 5",2026-09-02T06:51:07.592Z,178833186759204
"Your hand is A♥, 7♦",2026-09-02T06:51:07.592Z,178833186759202
"Player stacks: #1 ""bick and dalls @ gpP9uUffpu"" (2563) | #2 ""LingWae @ FQN9hzhzP_"" (1003)",2026-09-02T06:51:07.592Z,178833186759201
"-- starting hand #153 (id: gw5bc6lixmib)  No Limit Texas Hold'em (dealer: ""bick and dalls @ gpP9uUffpu"") --",2026-09-02T06:51:07.592Z,178833186759200
"""bick and dalls @ gpP9uUffpu"" shows a 2♦, 7♥.",2026-09-02T06:51:05.642Z,178833186564200
"""LingWae @ FQN9hzhzP_"" shows a 2♠, 3♦.",2026-09-02T06:51:04.355Z,178833186435500
"Undealt cards: 10♥, 10♣, 6♣ [K♣, 6♥]",2026-09-02T06:51:01.074Z,178833186107400
"-- ending hand #152 --",2026-09-02T06:51:00.234Z,178833186023402
"""bick and dalls @ gpP9uUffpu"" collected 20 from pot",2026-09-02T06:51:00.234Z,178833186023401
"Uncalled bet of 40 returned to ""bick and dalls @ gpP9uUffpu""",2026-09-02T06:51:00.234Z,178833186023400
"""LingWae @ FQN9hzhzP_"" folds",2026-09-02T06:50:59.402Z,178833185940200
"""bick and dalls @ gpP9uUffpu"" bets 40",2026-09-02T06:50:58.120Z,178833185812000
"Flop:  [10♥, 10♣, 6♣]",2026-09-02T06:50:55.081Z,178833185508100
"""bick and dalls @ gpP9uUffpu"" checks",2026-09-02T06:50:54.231Z,178833185423100
"""LingWae @ FQN9hzhzP_"" calls 10",2026-09-02T06:50:53.126Z,178833185312600
"""bick and dalls @ gpP9uUffpu"" posts a big blind of 10",2026-09-02T06:50:51.763Z,178833185176305
"""LingWae @ FQN9hzhzP_"" posts a small blind of 5",2026-09-02T06:50:51.763Z,178833185176304
"Your hand is 2♦, 7♥",2026-09-02T06:50:51.763Z,178833185176302
"Player stacks: #1 ""bick and dalls @ gpP9uUffpu"" (2553) | #2 ""LingWae @ FQN9hzhzP_"" (1013)",2026-09-02T06:50:51.763Z,178833185176301
"-- starting hand #152 (id: wbmv4flt5nsj)  No Limit Texas Hold'em (dealer: ""LingWae @ FQN9hzhzP_"") --",2026-09-02T06:50:51.763Z,178833185176300
"""LingWae @ FQN9hzhzP_"" shows a 5♥, 6♠.",2026-09-02T06:50:48.645Z,178833184864500
"-- ending hand #151 --",2026-09-02T06:50:48.074Z,178833184807402
"""bick and dalls @ gpP9uUffpu"" collected 190 from pot",2026-09-02T06:50:48.074Z,178833184807401
"Uncalled bet of 67 returned to ""bick and dalls @ gpP9uUffpu""",2026-09-02T06:50:48.074Z,178833184807400
"""LingWae @ FQN9hzhzP_"" folds",2026-09-02T06:50:47.241Z,178833184724100
"""bick and dalls @ gpP9uUffpu"" bets 67",2026-09-02T06:50:45.392Z,178833184539200
"""LingWae @ FQN9hzhzP_"" checks",2026-09-02T06:50:42.171Z,178833184217100
"River: 6♥, 8♠, Q♦, 3♠ [4♠]",2026-09-02T06:50:29.747Z,178833182974700
"""LingWae @ FQN9hzhzP_"" calls 35",2026-09-02T06:50:28.882Z,178833182888200
"""bick and dalls @ gpP9uUffpu"" bets 35",2026-09-02T06:50:26.808Z,178833182680800
"""LingWae @ FQN9hzhzP_"" checks",2026-09-02T06:50:24.837Z,178833182483700
"Turn: 6♥, 8♠, Q♦ [3♠]",2026-09-02T06:50:23.351Z,178833182335100
"""LingWae @ FQN9hzhzP_"" calls 30",2026-09-02T06:50:22.541Z,178833182254100
"""bick and dalls @ gpP9uUffpu"" bets 30",2026-09-02T06:50:21.597Z,178833182159700
"""LingWae @ FQN9hzhzP_"" checks",2026-09-02T06:50:19.351Z,178833181935100
"Flop:  [6♥, 8♠, Q♦]",2026-09-02T06:50:12.339Z,178833181233900
"""LingWae @ FQN9hzhzP_"" calls 30",2026-09-02T06:50:11.534Z,178833181153400
"""bick and dalls @ gpP9uUffpu"" raises to 30",2026-09-02T06:50:10.621Z,178833181062100
"""LingWae @ FQN9hzhzP_"" posts a big blind of 10",2026-09-02T06:50:08.639Z,178833180863905
"""bick and dalls @ gpP9uUffpu"" posts a small blind of 5",2026-09-02T06:50:08.639Z,178833180863904
"Player stacks: #1 ""bick and dalls @ gpP9uUffpu"" (2458) | #2 ""LingWae @ FQN9hzhzP_"" (1108)",2026-09-02T06:50:08.639Z,178833180863901
"-- starting hand #151 (id: c9skvayyye2n)  No Limit Texas Hold'em (dealer: ""bick and dalls @ gpP9uUffpu"") --",2026-09-02T06:50:08.639Z,178833180863900
"""LingWae @ FQN9hzhzP_"" shows a 2♥.",2026-09-02T06:50:05.741Z,178833180574100
"""bick and dalls @ gpP9uUffpu"" shows a 4♥, 9♥.",2026-09-02T06:50:04.738Z,178833180473800
"""LingWae @ FQN9hzhzP_"" shows a 6♠.",2026-09-02T06:50:03.450Z,178833180345000
"Undealt cards:  [8♠, 3♥, K♥, 7♦, J♣]",2026-09-02T06:50:01.758Z,178833180175800
"-- ending hand #150 --",2026-09-02T06:50:01.326Z,178833180132602
"""bick and dalls @ gpP9uUffpu"" collected 10 from pot",2026-09-02T06:50:01.326Z,178833180132601
"Uncalled bet of 5 returned to ""bick and dalls @ gpP9uUffpu""",2026-09-02T06:50:01.326Z,178833180132600
"""LingWae @ FQN9hzhzP_"" folds",2026-09-02T06:50:00.454Z,178833180045400
"""bick and dalls @ gpP9uUffpu"" posts a big blind of 10",2026-09-02T06:49:53.580Z,178833179358005
"""LingWae @ FQN9hzhzP_"" posts a small blind of 5",2026-09-02T06:49:53.580Z,178833179358004
"Your hand is 4♥, 9♥",2026-09-02T06:49:53.580Z,178833179358002
"Player stacks: #1 ""bick and dalls @ gpP9uUffpu"" (2453) | #2 ""LingWae @ FQN9hzhzP_"" (1113)",2026-09-02T06:49:53.580Z,178833179358001
"-- starting hand #150 (id: 5x4fm6pn9gyf)  No Limit Texas Hold'em (dealer: ""LingWae @ FQN9hzhzP_"") --",2026-09-02T06:49:53.580Z,178833179358000
"""bick and dalls @ gpP9uUffpu"" shows a 5♠, 3♦.",2026-09-02T06:49:51.855Z,178833179185500
"""LingWae @ FQN9hzhzP_"" shows a 9♣, 8♣.",2026-09-02T06:49:51.372Z,178833179137200
"-- ending hand #149 --",2026-09-02T06:49:49.271Z,178833178927102
"""LingWae @ FQN9hzhzP_"" collected 500 from pot",2026-09-02T06:49:49.271Z,178833178927101
"Uncalled bet of 613 returned to ""LingWae @ FQN9hzhzP_""",2026-09-02T06:49:49.271Z,178833178927100
"""bick and dalls @ gpP9uUffpu"" folds",2026-09-02T06:49:48.410Z,178833178841000
"""LingWae @ FQN9hzhzP_"" raises to 763 and go all in",2026-09-02T06:49:44.704Z,178833178470400
"""bick and dalls @ gpP9uUffpu"" bets 150",2026-09-02T06:49:42.809Z,178833178280900
"""LingWae @ FQN9hzhzP_"" checks",2026-09-02T06:49:40.027Z,178833178002700
"River: 8♠, J♠, Q♠, 2♥ [9♦]",2026-09-02T06:49:39.383Z,178833177938300
"""bick and dalls @ gpP9uUffpu"" checks",2026-09-02T06:49:38.568Z,178833177856800
"""LingWae @ FQN9hzhzP_"" checks",2026-09-02T06:49:37.596Z,178833177759600
"Turn: 8♠, J♠, Q♠ [2♥]",2026-09-02T06:49:36.467Z,178833177646700
"""bick and dalls @ gpP9uUffpu"" checks",2026-09-02T06:49:35.593Z,178833177559300
"""LingWae @ FQN9hzhzP_"" checks",2026-09-02T06:49:34.571Z,178833177457100
"Flop:  [8♠, J♠, Q♠]",2026-09-02T06:49:30.062Z,178833177006200
"""bick and dalls @ gpP9uUffpu"" calls 100",2026-09-02T06:49:29.247Z,178833176924700
"""LingWae @ FQN9hzhzP_"" raises to 100",2026-09-02T06:49:27.841Z,178833176784100
"""bick and dalls @ gpP9uUffpu"" calls 10",2026-09-02T06:49:23.374Z,178833176337400
"""LingWae @ FQN9hzhzP_"" posts a big blind of 10",2026-09-02T06:49:20.142Z,178833176014205
"""bick and dalls @ gpP9uUffpu"" posts a small blind of 5",2026-09-02T06:49:20.142Z,178833176014204
"Your hand is 5♠, 3♦",2026-09-02T06:49:20.142Z,178833176014202
"Player stacks: #1 ""bick and dalls @ gpP9uUffpu"" (2703) | #2 ""LingWae @ FQN9hzhzP_"" (863)",2026-09-02T06:49:20.142Z,178833176014201
"-- starting hand #149 (id: siqvuotvomv8)  No Limit Texas Hold'em (dealer: ""bick and dalls @ gpP9uUffpu"") --",2026-09-02T06:49:20.142Z,178833176014200
"""LingWae @ FQN9hzhzP_"" shows a 4♦.",2026-09-02T06:49:16.304Z,178833175630400
"""bick and dalls @ gpP9uUffpu"" shows a 2♥.",2026-09-02T06:49:15.061Z,178833175506100
"Undealt cards: 8♥, 7♠, 5♣, 6♣ [2♦]",2026-09-02T06:49:12.980Z,178833175298000
"-- ending hand #148 --",2026-09-02T06:49:12.772Z,178833175277202
"""LingWae @ FQN9hzhzP_"" collected 170 from pot",2026-09-02T06:49:12.772Z,178833175277201
"Uncalled bet of 117 returned to ""LingWae @ FQN9hzhzP_""",2026-09-02T06:49:12.772Z,178833175277200
"""bick and dalls @ gpP9uUffpu"" folds",2026-09-02T06:49:11.956Z,178833175195600
"""LingWae @ FQN9hzhzP_"" raises to 157",2026-09-02T06:49:10.828Z,178833175082800
"""bick and dalls @ gpP9uUffpu"" bets 40",2026-09-02T06:49:07.557Z,178833174755700
"Turn: 8♥, 7♠, 5♣ [6♣]",2026-09-02T06:49:03.181Z,178833174318100
"""LingWae @ FQN9hzhzP_"" checks",2026-09-02T06:49:02.327Z,178833174232700
"""bick and dalls @ gpP9uUffpu"" checks",2026-09-02T06:48:50.764Z,178833173076400
"Flop:  [8♥, 7♠, 5♣]",2026-09-02T06:48:49.457Z,178833172945700
"""bick and dalls @ gpP9uUffpu"" calls 45",2026-09-02T06:48:48.639Z,178833172863900
"""LingWae @ FQN9hzhzP_"" raises to 45",2026-09-02T06:48:46.191Z,178833172619100
"""bick and dalls @ gpP9uUffpu"" posts a big blind of 10",2026-09-02T06:48:42.692Z,178833172269205
"""LingWae @ FQN9hzhzP_"" posts a small blind of 5",2026-09-02T06:48:42.692Z,178833172269204
"Player stacks: #1 ""bick and dalls @ gpP9uUffpu"" (2788) | #2 ""LingWae @ FQN9hzhzP_"" (778)",2026-09-02T06:48:42.692Z,178833172269201
"-- starting hand #148 (id: akiet22falvw)  No Limit Texas Hold'em (dealer: ""LingWae @ FQN9hzhzP_"") --",2026-09-02T06:48:42.692Z,178833172269200
"""LingWae @ FQN9hzhzP_"" shows a 9♣, K♦.",2026-09-02T06:48:37.208Z,178833171720800
"-- ending hand #147 --",2026-09-02T06:48:36.171Z,178833171617102
"""bick and dalls @ gpP9uUffpu"" collected 20 from pot with Two Pair, J's & 6's (combination: A♠, 6♠, 6♥, J♥, J♦)",2026-09-02T06:48:36.171Z,178833171617101
"""bick and dalls @ gpP9uUffpu"" shows a J♥, 6♠.",2026-09-02T06:48:36.171Z,178833171617100
"""bick and dalls @ gpP9uUffpu"" checks",2026-09-02T06:48:35.357Z,178833171535700
"""LingWae @ FQN9hzhzP_"" checks",2026-09-02T06:48:33.629Z,178833171362900
"River: 6♥, 3♥, 10♠, A♠ [J♦]",2026-09-02T06:48:33.236Z,178833171323600
"""bick and dalls @ gpP9uUffpu"" checks",2026-09-02T06:48:32.426Z,178833171242600
"""LingWae @ FQN9hzhzP_"" checks",2026-09-02T06:48:31.403Z,178833171140300
"Turn: 6♥, 3♥, 10♠ [A♠]",2026-09-02T06:48:30.163Z,178833171016300
"""bick and dalls @ gpP9uUffpu"" checks",2026-09-02T06:48:29.336Z,178833170933600
"""LingWae @ FQN9hzhzP_"" checks",2026-09-02T06:48:28.237Z,178833170823700
"Flop:  [6♥, 3♥, 10♠]",2026-09-02T06:48:25.480Z,178833170548000
"""LingWae @ FQN9hzhzP_"" checks",2026-09-02T06:48:24.638Z,178833170463800
"""bick and dalls @ gpP9uUffpu"" calls 10",2026-09-02T06:48:19.011Z,178833169901100
"""LingWae @ FQN9hzhzP_"" posts a big blind of 10",2026-09-02T06:48:17.826Z,178833169782605
"""bick and dalls @ gpP9uUffpu"" posts a small blind of 5",2026-09-02T06:48:17.826Z,178833169782604
"Your hand is J♥, 6♠",2026-09-02T06:48:17.826Z,178833169782602
"Player stacks: #1 ""bick and dalls @ gpP9uUffpu"" (2778) | #2 ""LingWae @ FQN9hzhzP_"" (788)",2026-09-02T06:48:17.826Z,178833169782601
"-- starting hand #147 (id: mmj5r8zzdlh6)  No Limit Texas Hold'em (dealer: ""bick and dalls @ gpP9uUffpu"") --",2026-09-02T06:48:17.826Z,178833169782600
"""bick and dalls @ gpP9uUffpu"" shows a 5♥, 2♣.",2026-09-02T06:48:13.243Z,178833169324300
"""LingWae @ FQN9hzhzP_"" shows a 10♠.",2026-09-02T06:48:13.076Z,178833169307600
"Undealt cards:  [A♣, 3♦, 10♦, 8♠, 4♠]",2026-09-02T06:48:11.854Z,178833169185400
"-- ending hand #146 --",2026-09-02T06:48:10.422Z,178833169042202
"""bick and dalls @ gpP9uUffpu"" collected 10 from pot",2026-09-02T06:48:10.422Z,178833169042201
"Uncalled bet of 5 returned to ""bick and dalls @ gpP9uUffpu""",2026-09-02T06:48:10.422Z,178833169042200
"""LingWae @ FQN9hzhzP_"" folds",2026-09-02T06:48:09.589Z,178833168958900
"""bick and dalls @ gpP9uUffpu"" posts a big blind of 10",2026-09-02T06:48:06.217Z,178833168621705
"""LingWae @ FQN9hzhzP_"" posts a small blind of 5",2026-09-02T06:48:06.217Z,178833168621704
"Your hand is 5♥, 2♣",2026-09-02T06:48:06.217Z,178833168621702
"Player stacks: #1 ""bick and dalls @ gpP9uUffpu"" (2773) | #2 ""LingWae @ FQN9hzhzP_"" (793)",2026-09-02T06:48:06.217Z,178833168621701
"-- starting hand #146 (id: hes0cvcowouh)  No Limit Texas Hold'em (dealer: ""LingWae @ FQN9hzhzP_"") --",2026-09-02T06:48:06.217Z,178833168621700
"""LingWae @ FQN9hzhzP_"" shows a 9♥, K♠.",2026-09-02T06:48:01.478Z,178833168147800
"Undealt cards: 2♥, 10♥, 9♦ [Q♠, J♥]",2026-09-02T06:48:00.127Z,178833168012700
"""bick and dalls @ gpP9uUffpu"" shows a 8♥, 6♥.",2026-09-02T06:47:59.355Z,178833167935500
"-- ending hand #145 --",2026-09-02T06:47:58.863Z,178833167886301
"""bick and dalls @ gpP9uUffpu"" collected 44 from pot",2026-09-02T06:47:58.863Z,178833167886300
"""LingWae @ FQN9hzhzP_"" folds",2026-09-02T06:47:58.052Z,178833167805200
"Flop:  [2♥, 10♥, 9♦]",2026-09-02T06:47:55.662Z,178833167566200
"""LingWae @ FQN9hzhzP_"" calls 22",2026-09-02T06:47:54.838Z,178833167483800
"""bick and dalls @ gpP9uUffpu"" raises to 22",2026-09-02T06:47:53.870Z,178833167387000
"""LingWae @ FQN9hzhzP_"" posts a big blind of 10",2026-09-02T06:47:45.151Z,178833166515105
"""bick and dalls @ gpP9uUffpu"" posts a small blind of 5",2026-09-02T06:47:45.151Z,178833166515104
"Your hand is 8♥, 6♥",2026-09-02T06:47:45.151Z,178833166515102
"Player stacks: #1 ""bick and dalls @ gpP9uUffpu"" (2751) | #2 ""LingWae @ FQN9hzhzP_"" (815)",2026-09-02T06:47:45.151Z,178833166515101
"-- starting hand #145 (id: dt2b7q7rmnb6)  No Limit Texas Hold'em (dealer: ""bick and dalls @ gpP9uUffpu"") --",2026-09-02T06:47:45.151Z,178833166515100
"""LingWae @ FQN9hzhzP_"" shows a J♠.",2026-09-02T06:47:41.164Z,178833166116400
"""LingWae @ FQN9hzhzP_"" shows a 4♥.",2026-09-02T06:47:40.568Z,178833166056800
"-- ending hand #144 --",2026-09-02T06:47:38.537Z,178833165853702
"""bick and dalls @ gpP9uUffpu"" collected 374 from pot with Two Pair, 8's & 3's (combination: Q♦, 3♦, 3♣, 8♥, 8♠)",2026-09-02T06:47:38.537Z,178833165853701
"""bick and dalls @ gpP9uUffpu"" shows a 5♠, 8♥.",2026-09-02T06:47:38.537Z,178833165853700
"""LingWae @ FQN9hzhzP_"" calls 10",2026-09-02T06:47:37.634Z,178833165763400
"""bick and dalls @ gpP9uUffpu"" bets 10",2026-09-02T06:47:36.670Z,178833165667000
"River: 4♦, 8♠, 3♦, Q♦ [3♣]",2026-09-02T06:47:35.177Z,178833165517700
"""LingWae @ FQN9hzhzP_"" checks",2026-09-02T06:47:34.341Z,178833165434100
"""bick and dalls @ gpP9uUffpu"" checks",2026-09-02T06:47:33.221Z,178833165322100
"Turn: 4♦, 8♠, 3♦ [Q♦]",2026-09-02T06:47:32.141Z,178833165214100
"""bick and dalls @ gpP9uUffpu"" calls 167",2026-09-02T06:47:31.219Z,178833165121900
"""LingWae @ FQN9hzhzP_"" raises to 167",2026-09-02T06:47:28.488Z,178833164848800
"""bick and dalls @ gpP9uUffpu"" bets 10",2026-09-02T06:47:26.393Z,178833164639300
"Flop:  [4♦, 8♠, 3♦]",2026-09-02T06:47:24.895Z,178833164489500
"""bick and dalls @ gpP9uUffpu"" checks",2026-09-02T06:47:24.024Z,178833164402400
"""LingWae @ FQN9hzhzP_"" calls 10",2026-09-02T06:47:21.641Z,178833164164100
"""bick and dalls @ gpP9uUffpu"" posts a big blind of 10",2026-09-02T06:47:20.388Z,178833164038805
"""LingWae @ FQN9hzhzP_"" posts a small blind of 5",2026-09-02T06:47:20.388Z,178833164038804
"Your hand is 5♠, 8♥",2026-09-02T06:47:20.388Z,178833164038802
"Player stacks: #1 ""bick and dalls @ gpP9uUffpu"" (2564) | #2 ""LingWae @ FQN9hzhzP_"" (1002)",2026-09-02T06:47:20.388Z,178833164038801
"-- starting hand #144 (id: tafm7wntsbhq)  No Limit Texas Hold'em (dealer: ""LingWae @ FQN9hzhzP_"") --",2026-09-02T06:47:20.388Z,178833164038800
"-- ending hand #143 --",2026-09-02T06:47:14.384Z,178833163438401
"""bick and dalls @ gpP9uUffpu"" collected 2564 from pot with Three of a Kind, A's (combination: 9♦, 10♠, A♦, A♥, A♣)",2026-09-02T06:47:14.384Z,178833163438400
"River: 9♦, 5♦, A♣, 2♠ [10♠]",2026-09-02T06:47:10.380Z,178833163038000
"Turn: 9♦, 5♦, A♣ [2♠]",2026-09-02T06:47:06.353Z,178833162635300
"""LingWae @ FQN9hzhzP_"" shows a 5♠, 5♣.",2026-09-02T06:47:02.304Z,178833162230400
"""bick and dalls @ gpP9uUffpu"" shows a A♦, A♥.",2026-09-02T06:47:02.248Z,178833162224800
"Some players choose to not run it twice.",2026-09-02T06:47:01.478Z,178833162147801
"""LingWae @ FQN9hzhzP_"" chooses to not run it twice.",2026-09-02T06:47:01.478Z,178833162147800
"""bick and dalls @ gpP9uUffpu"" chooses to  run it twice.",2026-09-02T06:47:00.612Z,178833162061200
"Remaining players decide whether to run it twice.",2026-09-02T06:46:59.991Z,178833161999101
"""bick and dalls @ gpP9uUffpu"" calls 52 and go all in",2026-09-02T06:46:59.991Z,178833161999100
"""LingWae @ FQN9hzhzP_"" bets 52",2026-09-02T06:46:59.063Z,178833161906300
"Flop:  [9♦, 5♦, A♣]",2026-09-02T06:46:54.213Z,178833161421300
"""bick and dalls @ gpP9uUffpu"" calls 1230",2026-09-02T06:46:53.405Z,178833161340500
"""LingWae @ FQN9hzhzP_"" raises to 1230",2026-09-02T06:46:51.657Z,178833161165700
"""bick and dalls @ gpP9uUffpu"" raises to 67",2026-09-02T06:46:42.561Z,178833160256100
"""LingWae @ FQN9hzhzP_"" posts a big blind of 10",2026-09-02T06:46:40.037Z,178833160003705
"""bick and dalls @ gpP9uUffpu"" posts a small blind of 5",2026-09-02T06:46:40.037Z,178833160003704
"Your hand is A♦, A♥",2026-09-02T06:46:40.037Z,178833160003702
"Player stacks: #1 ""bick and dalls @ gpP9uUffpu"" (1282) | #2 ""LingWae @ FQN9hzhzP_"" (2284)",2026-09-02T06:46:40.037Z,178833160003701
"-- starting hand #143 (id: zlypxofsmvrz)  No Limit Texas Hold'em (dealer: ""bick and dalls @ gpP9uUffpu"") --",2026-09-02T06:46:40.037Z,178833160003700
"""LingWae @ FQN9hzhzP_"" shows a 10♠.",2026-09-02T06:46:36.521Z,178833159652100
"Undealt cards: A♦, 10♣, A♣, 2♥ [Q♥]",2026-09-02T06:46:33.629Z,178833159362900
"-- ending hand #142 --",2026-09-02T06:46:33.396Z,178833159339602
"""LingWae @ FQN9hzhzP_"" collected 268 from pot",2026-09-02T06:46:33.396Z,178833159339601
"Uncalled bet of 167 returned to ""LingWae @ FQN9hzhzP_""",2026-09-02T06:46:33.396Z,178833159339600
"""bick and dalls @ gpP9uUffpu"" folds",2026-09-02T06:46:32.503Z,178833159250300
"""LingWae @ FQN9hzhzP_"" bets 167",2026-09-02T06:46:29.959Z,178833158995900
"""bick and dalls @ gpP9uUffpu"" checks",2026-09-02T06:46:26.906Z,178833158690600
"Turn: A♦, 10♣, A♣ [2♥]",2026-09-02T06:46:24.994Z,178833158499400
"""LingWae @ FQN9hzhzP_"" calls 67",2026-09-02T06:46:24.093Z,178833158409300
"""bick and dalls @ gpP9uUffpu"" bets 67",2026-09-02T06:46:23.146Z,178833158314600
"Flop:  [A♦, 10♣, A♣]",2026-09-02T06:46:19.855Z,178833157985500
"""LingWae @ FQN9hzhzP_"" calls 67",2026-09-02T06:46:19.005Z,178833157900500
"""bick and dalls @ gpP9uUffpu"" raises to 67",2026-09-02T06:46:17.388Z,178833157738800
"""LingWae @ FQN9hzhzP_"" calls 10",2026-09-02T06:46:14.458Z,178833157445800
"""bick and dalls @ gpP9uUffpu"" posts a big blind of 10",2026-09-02T06:46:13.174Z,178833157317405
"""LingWae @ FQN9hzhzP_"" posts a small blind of 5",2026-09-02T06:46:13.174Z,178833157317404
"Player stacks: #1 ""bick and dalls @ gpP9uUffpu"" (1416) | #2 ""LingWae @ FQN9hzhzP_"" (2150)",2026-09-02T06:46:13.174Z,178833157317401
"-- starting hand #142 (id: eyapflgcuj9y)  No Limit Texas Hold'em (dealer: ""LingWae @ FQN9hzhzP_"") --",2026-09-02T06:46:13.174Z,178833157317400
"Undealt cards: K♣, A♥, 4♥ [10♠, 9♥]",2026-09-02T06:46:07.544Z,178833156754400
"-- ending hand #141 --",2026-09-02T06:46:07.172Z,178833156717202
"""LingWae @ FQN9hzhzP_"" collected 50 from pot",2026-09-02T06:46:07.172Z,178833156717201
"Uncalled bet of 50 returned to ""LingWae @ FQN9hzhzP_""",2026-09-02T06:46:07.172Z,178833156717200
"""bick and dalls @ gpP9uUffpu"" folds",2026-09-02T06:46:06.258Z,178833156625800
"""LingWae @ FQN9hzhzP_"" bets 50",2026-09-02T06:46:04.927Z,178833156492700
"Flop:  [K♣, A♥, 4♥]",2026-09-02T06:46:01.037Z,178833156103700
"""bick and dalls @ gpP9uUffpu"" calls 25",2026-09-02T06:46:00.183Z,178833156018300
"""LingWae @ FQN9hzhzP_"" raises to 25",2026-09-02T06:45:58.470Z,178833155847000
"""bick and dalls @ gpP9uUffpu"" calls 10",2026-09-02T06:45:55.961Z,178833155596100
"""LingWae @ FQN9hzhzP_"" posts a big blind of 10",2026-09-02T06:45:53.809Z,178833155380906
"""bick and dalls @ gpP9uUffpu"" posts a small blind of 5",2026-09-02T06:45:53.809Z,178833155380905
"Player stacks: #1 ""bick and dalls @ gpP9uUffpu"" (1441) | #2 ""LingWae @ FQN9hzhzP_"" (2125)",2026-09-02T06:45:53.809Z,178833155380902
"-- starting hand #141 (id: xt3mew7gig8t)  No Limit Texas Hold'em (dealer: ""bick and dalls @ gpP9uUffpu"") --",2026-09-02T06:45:53.809Z,178833155380901
"The player ""fishidishie @ ILQFEWJ0SW"" quits the game with a stack of 1744.",2026-09-02T06:45:53.809Z,178833155380900
"""LingWae @ FQN9hzhzP_"" shows a 5♠.",2026-09-02T06:45:51.015Z,178833155101500
"Undealt cards:  [8♦, A♠, K♠, 3♠, A♦]",2026-09-02T06:45:49.556Z,178833154955600
"""LingWae @ FQN9hzhzP_"" shows a 3♣.",2026-09-02T06:45:49.264Z,178833154926400
"-- ending hand #140 --",2026-09-02T06:45:47.176Z,178833154717602
"""bick and dalls @ gpP9uUffpu"" collected 20 from pot",2026-09-02T06:45:47.176Z,178833154717601
"Uncalled bet of 15 returned to ""bick and dalls @ gpP9uUffpu""",2026-09-02T06:45:47.176Z,178833154717600
"""LingWae @ FQN9hzhzP_"" folds",2026-09-02T06:45:46.368Z,178833154636800
"""bick and dalls @ gpP9uUffpu"" raises to 25",2026-09-02T06:45:42.966Z,178833154296600
"""fishidishie @ ILQFEWJ0SW"" folds",2026-09-02T06:45:38.412Z,178833153841200
"""LingWae @ FQN9hzhzP_"" posts a big blind of 10",2026-09-02T06:45:37.598Z,178833153759806
"""bick and dalls @ gpP9uUffpu"" posts a small blind of 5",2026-09-02T06:45:37.598Z,178833153759805
"Player stacks: #1 ""bick and dalls @ gpP9uUffpu"" (1431) | #2 ""LingWae @ FQN9hzhzP_"" (2135) | #10 ""fishidishie @ ILQFEWJ0SW"" (1744)",2026-09-02T06:45:37.598Z,178833153759801
"-- starting hand #140 (id: 5wjzldb1zhtq)  No Limit Texas Hold'em (dealer: ""fishidishie @ ILQFEWJ0SW"") --",2026-09-02T06:45:37.598Z,178833153759800
"-- ending hand #139 --",2026-09-02T06:45:31.556Z,178833153155603
"""LingWae @ FQN9hzhzP_"" collected 454 from pot with Pair, Q's (combination: 7♦, 8♦, 9♥, Q♦, Q♣)",2026-09-02T06:45:31.556Z,178833153155602
"""LingWae @ FQN9hzhzP_"" shows a 9♥, Q♦.",2026-09-02T06:45:31.556Z,178833153155601
"""bick and dalls @ gpP9uUffpu"" shows a Q♠, 6♠.",2026-09-02T06:45:31.556Z,178833153155600
"""LingWae @ FQN9hzhzP_"" calls 10",2026-09-02T06:45:30.650Z,178833153065000
"""bick and dalls @ gpP9uUffpu"" bets 10",2026-09-02T06:45:29.673Z,178833152967300
"River: Q♣, 7♦, 2♠, 5♥ [8♦]",2026-09-02T06:45:27.955Z,178833152795500
"""LingWae @ FQN9hzhzP_"" checks",2026-09-02T06:45:27.085Z,178833152708500
"""bick and dalls @ gpP9uUffpu"" checks",2026-09-02T06:45:25.740Z,178833152574000
"Turn: Q♣, 7♦, 2♠ [5♥]",2026-09-02T06:45:24.989Z,178833152498900
"""bick and dalls @ gpP9uUffpu"" calls 202",2026-09-02T06:45:24.166Z,178833152416600
"""fishidishie @ ILQFEWJ0SW"" folds",2026-09-02T06:45:22.393Z,178833152239300
"""LingWae @ FQN9hzhzP_"" raises to 202",2026-09-02T06:45:19.688Z,178833151968800
"""bick and dalls @ gpP9uUffpu"" bets 72",2026-09-02T06:45:17.361Z,178833151736100
"""fishidishie @ ILQFEWJ0SW"" checks",2026-09-02T06:45:13.909Z,178833151390900
"Flop:  [Q♣, 7♦, 2♠]",2026-09-02T06:45:11.812Z,178833151181200
"""bick and dalls @ gpP9uUffpu"" checks",2026-09-02T06:45:10.995Z,178833151099500
"""fishidishie @ ILQFEWJ0SW"" calls 10",2026-09-02T06:45:08.816Z,178833150881600
"""LingWae @ FQN9hzhzP_"" calls 10",2026-09-02T06:45:06.858Z,178833150685800
"""bick and dalls @ gpP9uUffpu"" posts a big blind of 10",2026-09-02T06:45:05.388Z,178833150538806
"""fishidishie @ ILQFEWJ0SW"" posts a small blind of 5",2026-09-02T06:45:05.388Z,178833150538805
"Your hand is Q♠, 6♠",2026-09-02T06:45:05.388Z,178833150538802
"Player stacks: #1 ""bick and dalls @ gpP9uUffpu"" (1653) | #2 ""LingWae @ FQN9hzhzP_"" (1903) | #10 ""fishidishie @ ILQFEWJ0SW"" (1754)",2026-09-02T06:45:05.388Z,178833150538801
"-- starting hand #139 (id: dr6rsazjp3o3)  No Limit Texas Hold'em (dealer: ""LingWae @ FQN9hzhzP_"") --",2026-09-02T06:45:05.388Z,178833150538800
"""fishidishie @ ILQFEWJ0SW"" shows a Q♠, 10♥.",2026-09-02T06:45:01.227Z,178833150122700
"""LingWae @ FQN9hzhzP_"" shows a 4♥, Q♦.",2026-09-02T06:44:59.821Z,178833149982100
"Undealt cards: 4♦, 6♦, Q♥, K♠ [6♣]",2026-09-02T06:44:59.253Z,178833149925300
"-- ending hand #138 --",2026-09-02T06:44:58.051Z,178833149805102
"""LingWae @ FQN9hzhzP_"" collected 450 from pot",2026-09-02T06:44:58.051Z,178833149805101
"Uncalled bet of 1453 returned to ""LingWae @ FQN9hzhzP_""",2026-09-02T06:44:58.051Z,178833149805100
"""fishidishie @ ILQFEWJ0SW"" folds",2026-09-02T06:44:57.234Z,178833149723400
"""LingWae @ FQN9hzhzP_"" bets 1453 and go all in",2026-09-02T06:44:52.102Z,178833149210200
"Turn: 4♦, 6♦, Q♥ [K♠]",2026-09-02T06:44:49.951Z,178833148995100
"""bick and dalls @ gpP9uUffpu"" folds",2026-09-02T06:44:49.102Z,178833148910200
"""fishidishie @ ILQFEWJ0SW"" calls 150",2026-09-02T06:44:47.724Z,178833148772400
"""LingWae @ FQN9hzhzP_"" bets 150",2026-09-02T06:44:46.828Z,178833148682800
"Flop:  [4♦, 6♦, Q♥]",2026-09-02T06:44:41.751Z,178833148175100
"""fishidishie @ ILQFEWJ0SW"" calls 50",2026-09-02T06:44:40.944Z,178833148094400
"""LingWae @ FQN9hzhzP_"" calls 50",2026-09-02T06:44:40.020Z,178833148002000
"""bick and dalls @ gpP9uUffpu"" raises to 50",2026-09-02T06:44:37.980Z,178833147798000
"""fishidishie @ ILQFEWJ0SW"" posts a big blind of 10",2026-09-02T06:44:36.148Z,178833147614806
"""LingWae @ FQN9hzhzP_"" posts a small blind of 5",2026-09-02T06:44:36.148Z,178833147614805
"Player stacks: #1 ""bick and dalls @ gpP9uUffpu"" (1703) | #2 ""LingWae @ FQN9hzhzP_"" (1653) | #10 ""fishidishie @ ILQFEWJ0SW"" (1954)",2026-09-02T06:44:36.148Z,178833147614801
"-- starting hand #138 (id: auzwsz75kzjx)  No Limit Texas Hold'em (dealer: ""bick and dalls @ gpP9uUffpu"") --",2026-09-02T06:44:36.148Z,178833147614800
"""bick and dalls @ gpP9uUffpu"" shows a 6♥, Q♦.",2026-09-02T06:44:32.220Z,178833147222000
"""LingWae @ FQN9hzhzP_"" shows a 9♥, K♥.",2026-09-02T06:44:30.952Z,178833147095200
"-- ending hand #137 --",2026-09-02T06:44:29.142Z,178833146914202
"""fishidishie @ ILQFEWJ0SW"" collected 125 from pot with Two Pair, Q's & 10's (combination: J♦, 10♦, 10♣, Q♣, Q♠)",2026-09-02T06:44:29.142Z,178833146914201
"""fishidishie @ ILQFEWJ0SW"" shows a J♦, 10♦.",2026-09-02T06:44:29.142Z,178833146914200
"""LingWae @ FQN9hzhzP_"" calls 30",2026-09-02T06:44:28.303Z,178833146830300
"""fishidishie @ ILQFEWJ0SW"" bets 30",2026-09-02T06:44:24.013Z,178833146401300
"""LingWae @ FQN9hzhzP_"" checks",2026-09-02T06:44:22.324Z,178833146232400
"River: 5♣, 10♣, Q♣, 6♣ [Q♠]",2026-09-02T06:44:20.938Z,178833146093800
"""fishidishie @ ILQFEWJ0SW"" checks",2026-09-02T06:44:20.049Z,178833146004900
"""LingWae @ FQN9hzhzP_"" checks",2026-09-02T06:44:18.736Z,178833145873600
"Turn: 5♣, 10♣, Q♣ [6♣]",2026-09-02T06:44:17.138Z,178833145713800
"""fishidishie @ ILQFEWJ0SW"" checks",2026-09-02T06:44:16.284Z,178833145628400
"""LingWae @ FQN9hzhzP_"" checks",2026-09-02T06:44:08.589Z,178833144858900
"Flop:  [5♣, 10♣, Q♣]",2026-09-02T06:44:06.154Z,178833144615400
"""LingWae @ FQN9hzhzP_"" calls 30",2026-09-02T06:44:05.283Z,178833144528300
"""bick and dalls @ gpP9uUffpu"" folds",2026-09-02T06:44:04.286Z,178833144428600
"""fishidishie @ ILQFEWJ0SW"" raises to 30",2026-09-02T06:44:00.932Z,178833144093200
"""LingWae @ FQN9hzhzP_"" posts a big blind of 10",2026-09-02T06:43:59.372Z,178833143937206
"""bick and dalls @ gpP9uUffpu"" posts a small blind of 5",2026-09-02T06:43:59.372Z,178833143937205
"Your hand is 6♥, Q♦",2026-09-02T06:43:59.372Z,178833143937202
"Player stacks: #1 ""bick and dalls @ gpP9uUffpu"" (1708) | #2 ""LingWae @ FQN9hzhzP_"" (1713) | #10 ""fishidishie @ ILQFEWJ0SW"" (1889)",2026-09-02T06:43:59.372Z,178833143937201
"-- starting hand #137 (id: p6kclvvgkxad)  No Limit Texas Hold'em (dealer: ""fishidishie @ ILQFEWJ0SW"") --",2026-09-02T06:43:59.372Z,178833143937200
"-- ending hand #136 --",2026-09-02T06:43:53.298Z,178833143329804
"""fishidishie @ ILQFEWJ0SW"" collected 75 from pot with Pair, 9's (combination: J♠, Q♣, K♣, 9♣, 9♦)",2026-09-02T06:43:53.298Z,178833143329803
"""LingWae @ FQN9hzhzP_"" collected 75 from pot with Pair, 9's (combination: J♣, Q♣, K♦, 9♣, 9♦)",2026-09-02T06:43:53.298Z,178833143329802
"""LingWae @ FQN9hzhzP_"" shows a J♣, K♦.",2026-09-02T06:43:53.298Z,178833143329801
"""fishidishie @ ILQFEWJ0SW"" shows a J♠, K♣.",2026-09-02T06:43:53.298Z,178833143329800
"""LingWae @ FQN9hzhzP_"" checks",2026-09-02T06:43:52.473Z,178833143247300
"""fishidishie @ ILQFEWJ0SW"" checks",2026-09-02T06:43:51.273Z,178833143127300
"River: 9♣, 4♣, 2♦, Q♣ [9♦]",2026-09-02T06:43:49.861Z,178833142986100
"""LingWae @ FQN9hzhzP_"" calls 30",2026-09-02T06:43:49.001Z,178833142900100
"""bick and dalls @ gpP9uUffpu"" folds",2026-09-02T06:43:48.000Z,178833142800000
"""fishidishie @ ILQFEWJ0SW"" bets 30",2026-09-02T06:43:44.887Z,178833142488700
"Turn: 9♣, 4♣, 2♦ [Q♣]",2026-09-02T06:43:42.060Z,178833142206000
"""LingWae @ FQN9hzhzP_"" checks",2026-09-02T06:43:41.179Z,178833142117900
"""bick and dalls @ gpP9uUffpu"" checks",2026-09-02T06:43:40.256Z,178833142025600
"""fishidishie @ ILQFEWJ0SW"" checks",2026-09-02T06:43:38.619Z,178833141861900
"Flop:  [9♣, 4♣, 2♦]",2026-09-02T06:43:37.249Z,178833141724900
"""LingWae @ FQN9hzhzP_"" calls 30",2026-09-02T06:43:36.355Z,178833141635500
"""bick and dalls @ gpP9uUffpu"" calls 30",2026-09-02T06:43:35.366Z,178833141536600
"""fishidishie @ ILQFEWJ0SW"" raises to 30",2026-09-02T06:43:34.289Z,178833141428900
"""LingWae @ FQN9hzhzP_"" calls 10",2026-09-02T06:43:32.234Z,178833141223400
"""bick and dalls @ gpP9uUffpu"" posts a big blind of 10",2026-09-02T06:43:27.665Z,178833140766506
"""fishidishie @ ILQFEWJ0SW"" posts a small blind of 5",2026-09-02T06:43:27.665Z,178833140766505
"Player stacks: #1 ""bick and dalls @ gpP9uUffpu"" (1738) | #2 ""LingWae @ FQN9hzhzP_"" (1698) | #10 ""fishidishie @ ILQFEWJ0SW"" (1874)",2026-09-02T06:43:27.665Z,178833140766501
"-- starting hand #136 (id: gbdpfpvqjda6)  No Limit Texas Hold'em (dealer: ""LingWae @ FQN9hzhzP_"") --",2026-09-02T06:43:27.665Z,178833140766500
"-- ending hand #135 --",2026-09-02T06:43:21.642Z,178833140164203
"""LingWae @ FQN9hzhzP_"" collected 300 from pot with Two Pair, A's & 10's (combination: J♣, 10♥, 10♦, A♠, A♦)",2026-09-02T06:43:21.642Z,178833140164202
"""LingWae @ FQN9hzhzP_"" shows a 4♦, 10♥.",2026-09-02T06:43:21.642Z,178833140164201
"""bick and dalls @ gpP9uUffpu"" shows a 9♠, 4♠.",2026-09-02T06:43:21.642Z,178833140164200
"""LingWae @ FQN9hzhzP_"" calls 40",2026-09-02T06:43:20.825Z,178833140082500
"""bick and dalls @ gpP9uUffpu"" bets 40",2026-09-02T06:43:15.904Z,178833139590400
"""LingWae @ FQN9hzhzP_"" checks",2026-09-02T06:43:13.567Z,178833139356700
"River: 3♦, A♠, A♦, J♣ [10♦]",2026-09-02T06:43:07.729Z,178833138772900
"""LingWae @ FQN9hzhzP_"" calls 30",2026-09-02T06:43:06.882Z,178833138688200
"""bick and dalls @ gpP9uUffpu"" bets 30",2026-09-02T06:43:04.321Z,178833138432100
"""LingWae @ FQN9hzhzP_"" checks",2026-09-02T06:43:01.718Z,178833138171800
"Turn: 3♦, A♠, A♦ [J♣]",2026-09-02T06:42:59.563Z,178833137956300
"""LingWae @ FQN9hzhzP_"" calls 20",2026-09-02T06:42:58.750Z,178833137875000
"""bick and dalls @ gpP9uUffpu"" bets 20",2026-09-02T06:42:57.442Z,178833137744200
"""LingWae @ FQN9hzhzP_"" checks",2026-09-02T06:42:53.351Z,178833137335100
"Flop:  [3♦, A♠, A♦]",2026-09-02T06:42:51.555Z,178833137155500
"""fishidishie @ ILQFEWJ0SW"" folds",2026-09-02T06:42:50.695Z,178833137069500
"""LingWae @ FQN9hzhzP_"" calls 55",2026-09-02T06:42:47.776Z,178833136777600
"""bick and dalls @ gpP9uUffpu"" raises to 55",2026-09-02T06:42:44.983Z,178833136498300
"""fishidishie @ ILQFEWJ0SW"" posts a big blind of 10",2026-09-02T06:42:41.259Z,178833136125906
"""LingWae @ FQN9hzhzP_"" posts a small blind of 5",2026-09-02T06:42:41.259Z,178833136125905
"Your hand is 9♠, 4♠",2026-09-02T06:42:41.259Z,178833136125902
"Player stacks: #1 ""bick and dalls @ gpP9uUffpu"" (1883) | #2 ""LingWae @ FQN9hzhzP_"" (1543) | #10 ""fishidishie @ ILQFEWJ0SW"" (1884)",2026-09-02T06:42:41.259Z,178833136125901
"-- starting hand #135 (id: qkl60pnnymyz)  No Limit Texas Hold'em (dealer: ""bick and dalls @ gpP9uUffpu"") --",2026-09-02T06:42:41.259Z,178833136125900
"-- ending hand #134 --",2026-09-02T06:42:38.348Z,178833135834802
"""bick and dalls @ gpP9uUffpu"" collected 134 from pot",2026-09-02T06:42:38.348Z,178833135834801
"Uncalled bet of 134 returned to ""bick and dalls @ gpP9uUffpu""",2026-09-02T06:42:38.348Z,178833135834800
"""LingWae @ FQN9hzhzP_"" folds",2026-09-02T06:42:37.518Z,178833135751800
"""bick and dalls @ gpP9uUffpu"" bets 134",2026-09-02T06:42:36.272Z,178833135627200
"River: 4♦, 8♥, 5♠, A♠ [K♥]",2026-09-02T06:42:33.146Z,178833135314600
"""LingWae @ FQN9hzhzP_"" checks",2026-09-02T06:42:32.331Z,178833135233100
"""bick and dalls @ gpP9uUffpu"" checks",2026-09-02T06:42:31.257Z,178833135125700
"Turn: 4♦, 8♥, 5♠ [A♠]",2026-09-02T06:42:29.740Z,178833134974000
"""LingWae @ FQN9hzhzP_"" checks",2026-09-02T06:42:28.836Z,178833134883600
"""bick and dalls @ gpP9uUffpu"" checks",2026-09-02T06:42:27.830Z,178833134783000
"Flop:  [4♦, 8♥, 5♠]",2026-09-02T06:42:24.137Z,178833134413700
"""LingWae @ FQN9hzhzP_"" calls 67",2026-09-02T06:42:23.233Z,178833134323300
"""bick and dalls @ gpP9uUffpu"" raises to 67",2026-09-02T06:42:22.259Z,178833134225900
"""fishidishie @ ILQFEWJ0SW"" folds",2026-09-02T06:42:20.485Z,178833134048500
"""LingWae @ FQN9hzhzP_"" posts a big blind of 10",2026-09-02T06:42:18.968Z,178833133896806
"""bick and dalls @ gpP9uUffpu"" posts a small blind of 5",2026-09-02T06:42:18.968Z,178833133896805
"Player stacks: #1 ""bick and dalls @ gpP9uUffpu"" (1816) | #2 ""LingWae @ FQN9hzhzP_"" (1610) | #10 ""fishidishie @ ILQFEWJ0SW"" (1884)",2026-09-02T06:42:18.968Z,178833133896801
"-- starting hand #134 (id: fdbab5fbvbog)  No Limit Texas Hold'em (dealer: ""fishidishie @ ILQFEWJ0SW"") --",2026-09-02T06:42:18.968Z,178833133896800
"""LingWae @ FQN9hzhzP_"" shows a J♦.",2026-09-02T06:42:15.066Z,178833133506600
"Undealt cards: 9♥, J♣, 9♠, 8♠ [6♣]",2026-09-02T06:42:12.602Z,178833133260200
"-- ending hand #133 --",2026-09-02T06:42:12.363Z,178833133236302
"""LingWae @ FQN9hzhzP_"" collected 112 from pot",2026-09-02T06:42:12.363Z,178833133236301
"Uncalled bet of 167 returned to ""LingWae @ FQN9hzhzP_""",2026-09-02T06:42:12.363Z,178833133236300
"""bick and dalls @ gpP9uUffpu"" folds",2026-09-02T06:42:11.544Z,178833133154400
"""LingWae @ FQN9hzhzP_"" bets 167",2026-09-02T06:42:09.844Z,178833132984400
"""bick and dalls @ gpP9uUffpu"" checks",2026-09-02T06:42:06.221Z,178833132622100
"Turn: 9♥, J♣, 9♠ [8♠]",2026-09-02T06:42:05.496Z,178833132549600
"""bick and dalls @ gpP9uUffpu"" calls 36",2026-09-02T06:42:04.646Z,178833132464600
"""fishidishie @ ILQFEWJ0SW"" folds",2026-09-02T06:42:02.841Z,178833132284100
"""LingWae @ FQN9hzhzP_"" raises to 36",2026-09-02T06:42:01.362Z,178833132136200
"""bick and dalls @ gpP9uUffpu"" calls 10",2026-09-02T06:41:58.842Z,178833131884200
"""fishidishie @ ILQFEWJ0SW"" bets 10",2026-09-02T06:41:57.329Z,178833131732900
"Flop:  [9♥, J♣, 9♠]",2026-09-02T06:41:54.761Z,178833131476100
"""bick and dalls @ gpP9uUffpu"" checks",2026-09-02T06:41:53.943Z,178833131394300
"""fishidishie @ ILQFEWJ0SW"" calls 10",2026-09-02T06:41:52.943Z,178833131294300
"""LingWae @ FQN9hzhzP_"" calls 10",2026-09-02T06:41:51.977Z,178833131197700
"""bick and dalls @ gpP9uUffpu"" posts a big blind of 10",2026-09-02T06:41:48.959Z,178833130895906
"""fishidishie @ ILQFEWJ0SW"" posts a small blind of 5",2026-09-02T06:41:48.959Z,178833130895905
"Player stacks: #1 ""bick and dalls @ gpP9uUffpu"" (1862) | #2 ""LingWae @ FQN9hzhzP_"" (1544) | #10 ""fishidishie @ ILQFEWJ0SW"" (1904)",2026-09-02T06:41:48.959Z,178833130895901
"-- starting hand #133 (id: gobwv6rlp48c)  No Limit Texas Hold'em (dealer: ""LingWae @ FQN9hzhzP_"") --",2026-09-02T06:41:48.959Z,178833130895900
"-- ending hand #132 --",2026-09-02T06:41:46.045Z,178833130604501
"""LingWae @ FQN9hzhzP_"" collected 220 from pot",2026-09-02T06:41:46.045Z,178833130604500
"""bick and dalls @ gpP9uUffpu"" folds",2026-09-02T06:41:45.242Z,178833130524200
"""LingWae @ FQN9hzhzP_"" checks",2026-09-02T06:41:42.836Z,178833130283600
"River: A♣, 6♥, 8♣, 3♣ [6♦]",2026-09-02T06:41:40.155Z,178833130015500
"""bick and dalls @ gpP9uUffpu"" checks",2026-09-02T06:41:39.343Z,178833129934300
"""LingWae @ FQN9hzhzP_"" checks",2026-09-02T06:41:38.358Z,178833129835800
"Turn: A♣, 6♥, 8♣ [3♣]",2026-09-02T06:41:32.616Z,178833129261600
"""LingWae @ FQN9hzhzP_"" calls 55",2026-09-02T06:41:31.768Z,178833129176800
"""bick and dalls @ gpP9uUffpu"" bets 55",2026-09-02T06:41:30.548Z,178833129054800
"""LingWae @ FQN9hzhzP_"" checks",2026-09-02T06:41:28.247Z,178833128824700
"Flop:  [A♣, 6♥, 8♣]",2026-09-02T06:41:26.068Z,178833128606800
"""fishidishie @ ILQFEWJ0SW"" folds",2026-09-02T06:41:25.252Z,178833128525200
"""LingWae @ FQN9hzhzP_"" calls 50",2026-09-02T06:41:24.324Z,178833128432400
"""bick and dalls @ gpP9uUffpu"" raises to 50",2026-09-02T06:41:17.328Z,178833127732800
"""fishidishie @ ILQFEWJ0SW"" posts a big blind of 10",2026-09-02T06:41:13.997Z,178833127399706
"""LingWae @ FQN9hzhzP_"" posts a small blind of 5",2026-09-02T06:41:13.997Z,178833127399705
"Player stacks: #1 ""bick and dalls @ gpP9uUffpu"" (1967) | #2 ""LingWae @ FQN9hzhzP_"" (1429) | #10 ""fishidishie @ ILQFEWJ0SW"" (1914)",2026-09-02T06:41:13.997Z,178833127399701
"-- starting hand #132 (id: 6l4k7w9cqyba)  No Limit Texas Hold'em (dealer: ""bick and dalls @ gpP9uUffpu"") --",2026-09-02T06:41:13.997Z,178833127399700
"""bick and dalls @ gpP9uUffpu"" shows a 8♣.",2026-09-02T06:41:12.419Z,178833127241900
"""LingWae @ FQN9hzhzP_"" shows a 8♥.",2026-09-02T06:41:10.496Z,178833127049600
"-- ending hand #131 --",2026-09-02T06:41:09.653Z,178833126965302
"""bick and dalls @ gpP9uUffpu"" collected 162 from pot",2026-09-02T06:41:09.653Z,178833126965301
"Uncalled bet of 81 returned to ""bick and dalls @ gpP9uUffpu""",2026-09-02T06:41:09.653Z,178833126965300
"""LingWae @ FQN9hzhzP_"" folds",2026-09-02T06:41:08.838Z,178833126883800
"""bick and dalls @ gpP9uUffpu"" bets 81",2026-09-02T06:41:06.575Z,178833126657500
"River: 8♠, 7♣, K♦, A♠ [5♠]",2026-09-02T06:41:02.995Z,178833126299500
"""LingWae @ FQN9hzhzP_"" checks",2026-09-02T06:41:02.170Z,178833126217000
"""bick and dalls @ gpP9uUffpu"" checks",2026-09-02T06:41:01.207Z,178833126120700
"Turn: 8♠, 7♣, K♦ [A♠]",2026-09-02T06:40:59.912Z,178833125991200
"""bick and dalls @ gpP9uUffpu"" calls 36",2026-09-02T06:40:59.083Z,178833125908300
"""fishidishie @ ILQFEWJ0SW"" folds",2026-09-02T06:40:58.166Z,178833125816600
"""LingWae @ FQN9hzhzP_"" raises to 36",2026-09-02T06:40:53.860Z,178833125386000
"""bick and dalls @ gpP9uUffpu"" bets 10",2026-09-02T06:40:48.866Z,178833124886600
"Flop:  [8♠, 7♣, K♦]",2026-09-02T06:40:46.958Z,178833124695800
"""LingWae @ FQN9hzhzP_"" calls 30",2026-09-02T06:40:46.147Z,178833124614700
"""bick and dalls @ gpP9uUffpu"" calls 30",2026-09-02T06:40:43.523Z,178833124352300
"""fishidishie @ ILQFEWJ0SW"" raises to 30",2026-09-02T06:40:42.482Z,178833124248200
"""LingWae @ FQN9hzhzP_"" posts a big blind of 10",2026-09-02T06:40:40.097Z,178833124009706
"""bick and dalls @ gpP9uUffpu"" posts a small blind of 5",2026-09-02T06:40:40.097Z,178833124009705
"Player stacks: #1 ""bick and dalls @ gpP9uUffpu"" (1871) | #2 ""LingWae @ FQN9hzhzP_"" (1495) | #10 ""fishidishie @ ILQFEWJ0SW"" (1944)",2026-09-02T06:40:40.097Z,178833124009701
"-- starting hand #131 (id: iuutywg5cz0s)  No Limit Texas Hold'em (dealer: ""fishidishie @ ILQFEWJ0SW"") --",2026-09-02T06:40:40.097Z,178833124009700
"""bick and dalls @ gpP9uUffpu"" shows a 2♥.",2026-09-02T06:40:38.641Z,178833123864100
"""LingWae @ FQN9hzhzP_"" shows a 9♠.",2026-09-02T06:40:34.957Z,178833123495700
"Undealt cards: 10♦, 4♦, 8♦ [5♦, 9♣]",2026-09-02T06:40:34.245Z,178833123424500
"-- ending hand #130 --",2026-09-02T06:40:32.793Z,178833123279302
"""bick and dalls @ gpP9uUffpu"" collected 25 from pot",2026-09-02T06:40:32.793Z,178833123279301
"Uncalled bet of 67 returned to ""bick and dalls @ gpP9uUffpu""",2026-09-02T06:40:32.793Z,178833123279300
"""LingWae @ FQN9hzhzP_"" folds",2026-09-02T06:40:31.968Z,178833123196800
"""bick and dalls @ gpP9uUffpu"" bets 67",2026-09-02T06:40:30.405Z,178833123040500
"Flop:  [10♦, 4♦, 8♦]",2026-09-02T06:40:27.142Z,178833122714200
"""bick and dalls @ gpP9uUffpu"" checks",2026-09-02T06:40:26.302Z,178833122630200
"""fishidishie @ ILQFEWJ0SW"" folds",2026-09-02T06:40:25.374Z,178833122537400
"""LingWae @ FQN9hzhzP_"" calls 10",2026-09-02T06:40:24.477Z,178833122447700
"""bick and dalls @ gpP9uUffpu"" posts a big blind of 10",2026-09-02T06:40:23.088Z,178833122308806
"""fishidishie @ ILQFEWJ0SW"" posts a small blind of 5",2026-09-02T06:40:23.088Z,178833122308805
"Player stacks: #1 ""bick and dalls @ gpP9uUffpu"" (1856) | #2 ""LingWae @ FQN9hzhzP_"" (1505) | #10 ""fishidishie @ ILQFEWJ0SW"" (1949)",2026-09-02T06:40:23.088Z,178833122308801
"-- starting hand #130 (id: ootttagprqku)  No Limit Texas Hold'em (dealer: ""LingWae @ FQN9hzhzP_"") --",2026-09-02T06:40:23.088Z,178833122308800
"""bick and dalls @ gpP9uUffpu"" shows a J♠, J♦.",2026-09-02T06:40:19.161Z,178833121916100
"""fishidishie @ ILQFEWJ0SW"" shows a 5♥.",2026-09-02T06:40:18.455Z,178833121845500
"""LingWae @ FQN9hzhzP_"" shows a 5♦.",2026-09-02T06:40:16.952Z,178833121695200
"Undealt cards: 5♠, 7♥, 10♦ [J♥, 3♦]",2026-09-02T06:40:15.914Z,178833121591400
"-- ending hand #129 --",2026-09-02T06:40:15.074Z,178833121507402
"""bick and dalls @ gpP9uUffpu"" collected 231 from pot",2026-09-02T06:40:15.074Z,178833121507401
"Uncalled bet of 57 returned to ""bick and dalls @ gpP9uUffpu""",2026-09-02T06:40:15.074Z,178833121507400
"""fishidishie @ ILQFEWJ0SW"" folds",2026-09-02T06:40:14.246Z,178833121424600
"""LingWae @ FQN9hzhzP_"" folds",2026-09-02T06:40:12.698Z,178833121269800
"""bick and dalls @ gpP9uUffpu"" raises to 67",2026-09-02T06:40:10.947Z,178833121094700
"""fishidishie @ ILQFEWJ0SW"" calls 10",2026-09-02T06:40:07.746Z,178833120774600
"""LingWae @ FQN9hzhzP_"" bets 10",2026-09-02T06:40:06.830Z,178833120683000
"Flop:  [5♠, 7♥, 10♦]",2026-09-02T06:39:58.625Z,178833119862500
"""fishidishie @ ILQFEWJ0SW"" calls 67",2026-09-02T06:39:57.813Z,178833119781300
"""LingWae @ FQN9hzhzP_"" calls 67",2026-09-02T06:39:54.799Z,178833119479900
"""bick and dalls @ gpP9uUffpu"" raises to 67",2026-09-02T06:39:52.747Z,178833119274700
"""fishidishie @ ILQFEWJ0SW"" posts a big blind of 10",2026-09-02T06:39:48.015Z,178833118801506
"""LingWae @ FQN9hzhzP_"" posts a small blind of 5",2026-09-02T06:39:48.015Z,178833118801505
"Your hand is J♠, J♦",2026-09-02T06:39:48.015Z,178833118801502
"Player stacks: #1 ""bick and dalls @ gpP9uUffpu"" (1702) | #2 ""LingWae @ FQN9hzhzP_"" (1582) | #10 ""fishidishie @ ILQFEWJ0SW"" (2026)",2026-09-02T06:39:48.015Z,178833118801501
"-- starting hand #129 (id: dgjpefg6f3sj)  No Limit Texas Hold'em (dealer: ""bick and dalls @ gpP9uUffpu"") --",2026-09-02T06:39:48.015Z,178833118801500
"-- ending hand #128 --",2026-09-02T06:39:41.969Z,178833118196901
"""LingWae @ FQN9hzhzP_"" collected 1582 from pot with Two Pair, 8's & 7's (combination: J♣, 7♥, 7♣, 8♣, 8♥)",2026-09-02T06:39:41.969Z,178833118196900
"River: 7♣, 6♣, 8♥, J♣ [10♥]",2026-09-02T06:39:37.964Z,178833117796400
"Turn: 7♣, 6♣, 8♥ [J♣]",2026-09-02T06:39:33.957Z,178833117395700
"""fishidishie @ ILQFEWJ0SW"" shows a A♠.",2026-09-02T06:39:29.884Z,178833116988401
"""LingWae @ FQN9hzhzP_"" shows a 8♣, 7♥.",2026-09-02T06:39:29.884Z,178833116988400
"""fishidishie @ ILQFEWJ0SW"" shows a A♦.",2026-09-02T06:39:29.568Z,178833116956800
"Some players choose to not run it twice.",2026-09-02T06:39:29.042Z,178833116904201
"""LingWae @ FQN9hzhzP_"" chooses to not run it twice.",2026-09-02T06:39:29.042Z,178833116904200
"Remaining players decide whether to run it twice.",2026-09-02T06:39:27.676Z,178833116767601
"""bick and dalls @ gpP9uUffpu"" folds",2026-09-02T06:39:27.676Z,178833116767600
"""fishidishie @ ILQFEWJ0SW"" calls 566",2026-09-02T06:39:24.907Z,178833116490700
"""LingWae @ FQN9hzhzP_"" bets 566 and go all in",2026-09-02T06:39:23.956Z,178833116395600
"""bick and dalls @ gpP9uUffpu"" checks",2026-09-02T06:39:22.087Z,178833116208700
"Flop:  [7♣, 6♣, 8♥]",2026-09-02T06:39:20.003Z,178833116000300
"""LingWae @ FQN9hzhzP_"" calls 150",2026-09-02T06:39:19.124Z,178833115912400
"""bick and dalls @ gpP9uUffpu"" calls 150",2026-09-02T06:39:18.070Z,178833115807000
"""fishidishie @ ILQFEWJ0SW"" raises to 150",2026-09-02T06:39:12.824Z,178833115282400
"""LingWae @ FQN9hzhzP_"" calls 50",2026-09-02T06:39:10.318Z,178833115031800
"""bick and dalls @ gpP9uUffpu"" raises to 50",2026-09-02T06:38:59.460Z,178833113946000
"""fishidishie @ ILQFEWJ0SW"" calls 10",2026-09-02T06:38:56.385Z,178833113638500
"""LingWae @ FQN9hzhzP_"" posts a big blind of 10",2026-09-02T06:38:54.556Z,178833113455606
"""bick and dalls @ gpP9uUffpu"" posts a small blind of 5",2026-09-02T06:38:54.556Z,178833113455605
"Player stacks: #1 ""bick and dalls @ gpP9uUffpu"" (1852) | #2 ""LingWae @ FQN9hzhzP_"" (716) | #10 ""fishidishie @ ILQFEWJ0SW"" (2742)",2026-09-02T06:38:54.556Z,178833113455601
"-- starting hand #128 (id: fe7stumebr5y)  No Limit Texas Hold'em (dealer: ""fishidishie @ ILQFEWJ0SW"") --",2026-09-02T06:38:54.556Z,178833113455600
"Undealt cards: 2♥, 5♥, J♠ [4♠, 7♠]",2026-09-02T06:38:50.030Z,178833113003000
"-- ending hand #127 --",2026-09-02T06:38:48.588Z,178833112858802
"""bick and dalls @ gpP9uUffpu"" collected 201 from pot",2026-09-02T06:38:48.588Z,178833112858801
"Uncalled bet of 67 returned to ""bick and dalls @ gpP9uUffpu""",2026-09-02T06:38:48.588Z,178833112858800
"""fishidishie @ ILQFEWJ0SW"" folds",2026-09-02T06:38:47.773Z,178833112777300
"""LingWae @ FQN9hzhzP_"" folds",2026-09-02T06:38:43.722Z,178833112372200
"""bick and dalls @ gpP9uUffpu"" bets 67",2026-09-02T06:38:41.250Z,178833112125000
"""fishidishie @ ILQFEWJ0SW"" checks",2026-09-02T06:38:39.015Z,178833111901500
"Flop:  [2♥, 5♥, J♠]",2026-09-02T06:38:36.656Z,178833111665600
"""fishidishie @ ILQFEWJ0SW"" calls 67",2026-09-02T06:38:35.814Z,178833111581400
"""LingWae @ FQN9hzhzP_"" calls 67",2026-09-02T06:38:34.878Z,178833111487800
"""bick and dalls @ gpP9uUffpu"" raises to 67",2026-09-02T06:38:28.877Z,178833110887700
"""fishidishie @ ILQFEWJ0SW"" calls 10",2026-09-02T06:38:25.324Z,178833110532400
"""LingWae @ FQN9hzhzP_"" calls 10",2026-09-02T06:38:24.035Z,178833110403500
"""bick and dalls @ gpP9uUffpu"" posts a big blind of 10",2026-09-02T06:38:22.361Z,178833110236106
"""fishidishie @ ILQFEWJ0SW"" posts a small blind of 5",2026-09-02T06:38:22.361Z,178833110236105
"Player stacks: #1 ""bick and dalls @ gpP9uUffpu"" (1718) | #2 ""LingWae @ FQN9hzhzP_"" (783) | #10 ""fishidishie @ ILQFEWJ0SW"" (2809)",2026-09-02T06:38:22.361Z,178833110236101
"-- starting hand #127 (id: 50folswmx42t)  No Limit Texas Hold'em (dealer: ""LingWae @ FQN9hzhzP_"") --",2026-09-02T06:38:22.361Z,178833110236100
"-- ending hand #126 --",2026-09-02T06:38:16.321Z,178833109632103
"""LingWae @ FQN9hzhzP_"" collected 150 from pot with Pair, 9's (combination: 7♠, J♣, Q♣, 9♦, 9♠)",2026-09-02T06:38:16.321Z,178833109632102
"""LingWae @ FQN9hzhzP_"" shows a 3♠, 9♦.",2026-09-02T06:38:16.321Z,178833109632101
"""fishidishie @ ILQFEWJ0SW"" shows a 4♠, 8♥.",2026-09-02T06:38:16.321Z,178833109632100
"""LingWae @ FQN9hzhzP_"" calls 50",2026-09-02T06:38:15.422Z,178833109542200
"""fishidishie @ ILQFEWJ0SW"" bets 50",2026-09-02T06:38:14.412Z,178833109441200
"""LingWae @ FQN9hzhzP_"" checks",2026-09-02T06:38:12.153Z,178833109215300
"River: 7♠, 5♦, 9♠, Q♣ [J♣]",2026-09-02T06:38:11.515Z,178833109151500
"""fishidishie @ ILQFEWJ0SW"" checks",2026-09-02T06:38:10.628Z,178833109062800
"""LingWae @ FQN9hzhzP_"" checks",2026-09-02T06:38:09.647Z,178833108964700
"Turn: 7♠, 5♦, 9♠ [Q♣]",2026-09-02T06:38:08.207Z,178833108820700
"""fishidishie @ ILQFEWJ0SW"" calls 15",2026-09-02T06:38:07.401Z,178833108740100
"""LingWae @ FQN9hzhzP_"" bets 15",2026-09-02T06:38:06.407Z,178833108640700
"Flop:  [7♠, 5♦, 9♠]",2026-09-02T06:38:02.408Z,178833108240800
"""fishidishie @ ILQFEWJ0SW"" checks",2026-09-02T06:38:01.559Z,178833108155900
"""LingWae @ FQN9hzhzP_"" calls 10",2026-09-02T06:38:00.510Z,178833108051000
"""bick and dalls @ gpP9uUffpu"" folds",2026-09-02T06:37:59.211Z,178833107921100
"""fishidishie @ ILQFEWJ0SW"" posts a big blind of 10",2026-09-02T06:37:57.482Z,178833107748206
"""LingWae @ FQN9hzhzP_"" posts a small blind of 5",2026-09-02T06:37:57.482Z,178833107748205
"Player stacks: #1 ""bick and dalls @ gpP9uUffpu"" (1718) | #2 ""LingWae @ FQN9hzhzP_"" (708) | #10 ""fishidishie @ ILQFEWJ0SW"" (2884)",2026-09-02T06:37:57.482Z,178833107748201
"-- starting hand #126 (id: vl5uzyezcvft)  No Limit Texas Hold'em (dealer: ""bick and dalls @ gpP9uUffpu"") --",2026-09-02T06:37:57.482Z,178833107748200
"""bick and dalls @ gpP9uUffpu"" shows a 8♥.",2026-09-02T06:37:54.341Z,178833107434100
"""LingWae @ FQN9hzhzP_"" shows a 7♥.",2026-09-02T06:37:52.547Z,178833107254700
"Undealt cards: Q♠, 5♥, 3♦ [8♠, 6♥]",2026-09-02T06:37:51.958Z,178833107195800
"-- ending hand #125 --",2026-09-02T06:37:50.145Z,178833107014502
"""bick and dalls @ gpP9uUffpu"" collected 270 from pot",2026-09-02T06:37:50.145Z,178833107014501
"Uncalled bet of 67 returned to ""bick and dalls @ gpP9uUffpu""",2026-09-02T06:37:50.145Z,178833107014500
"""fishidishie @ ILQFEWJ0SW"" folds",2026-09-02T06:37:49.301Z,178833106930100
"""LingWae @ FQN9hzhzP_"" folds",2026-09-02T06:37:46.517Z,178833106651700
"""bick and dalls @ gpP9uUffpu"" bets 67",2026-09-02T06:37:44.187Z,178833106418700
"Flop:  [Q♠, 5♥, 3♦]",2026-09-02T06:37:40.674Z,178833106067400
"""fishidishie @ ILQFEWJ0SW"" calls 90",2026-09-02T06:37:39.820Z,178833105982000
"""LingWae @ FQN9hzhzP_"" calls 90",2026-09-02T06:37:38.882Z,178833105888200
"""bick and dalls @ gpP9uUffpu"" raises to 90",2026-09-02T06:37:34.743Z,178833105474300
"""fishidishie @ ILQFEWJ0SW"" raises to 30",2026-09-02T06:37:27.556Z,178833104755600
"""LingWae @ FQN9hzhzP_"" posts a big blind of 10",2026-09-02T06:37:25.746Z,178833104574606
"""bick and dalls @ gpP9uUffpu"" posts a small blind of 5",2026-09-02T06:37:25.746Z,178833104574605
"Player stacks: #1 ""bick and dalls @ gpP9uUffpu"" (1538) | #2 ""LingWae @ FQN9hzhzP_"" (798) | #10 ""fishidishie @ ILQFEWJ0SW"" (2974)",2026-09-02T06:37:25.746Z,178833104574601
"-- starting hand #125 (id: 9c5zfddcrtn2)  No Limit Texas Hold'em (dealer: ""fishidishie @ ILQFEWJ0SW"") --",2026-09-02T06:37:25.746Z,178833104574600
"-- ending hand #124 --",2026-09-02T06:37:17.713Z,178833103771302
"""LingWae @ FQN9hzhzP_"" collected 798 from pot with Pair, A's on the second run  (combination: 8♦, 9♠, K♦, A♠, A♣)",2026-09-02T06:37:17.713Z,178833103771301
"""bick and dalls @ gpP9uUffpu"" collected 798 from pot with Flush, A High (combination: 2♦, 6♦, 9♦, Q♦, A♦)",2026-09-02T06:37:17.713Z,178833103771300
"River (second run): 8♦, K♦, 2♣, 7♦ [9♠]",2026-09-02T06:37:13.651Z,178833103365100
"Turn (second run): 8♦, K♦, 2♣ [7♦]",2026-09-02T06:37:09.508Z,178833102950800
"Flop (second run):  [8♦, K♦, 2♣]",2026-09-02T06:37:05.494Z,178833102549400
"River: 6♦, 2♦, 9♦, Q♦ [2♥]",2026-09-02T06:37:01.487Z,178833102148700
"Turn: 6♦, 2♦, 9♦ [Q♦]",2026-09-02T06:36:57.474Z,178833101747400
"Flop:  [6♦, 2♦, 9♦]",2026-09-02T06:36:53.459Z,178833101345900
"""LingWae @ FQN9hzhzP_"" shows a A♠, A♣.",2026-09-02T06:36:49.414Z,178833100941400
"""bick and dalls @ gpP9uUffpu"" shows a A♦, Q♠.",2026-09-02T06:36:48.963Z,178833100896300
"All players in hand choose to run it twice.",2026-09-02T06:36:48.510Z,178833100851001
"""LingWae @ FQN9hzhzP_"" chooses to  run it twice.",2026-09-02T06:36:48.510Z,178833100851000
"""bick and dalls @ gpP9uUffpu"" chooses to  run it twice.",2026-09-02T06:36:47.518Z,178833100751800
"Remaining players decide whether to run it twice.",2026-09-02T06:36:46.203Z,178833100620301
"""bick and dalls @ gpP9uUffpu"" calls 793",2026-09-02T06:36:46.203Z,178833100620300
"""fishidishie @ ILQFEWJ0SW"" folds",2026-09-02T06:36:42.785Z,178833100278500
"""LingWae @ FQN9hzhzP_"" raises to 793 and go all in",2026-09-02T06:36:41.107Z,178833100110700
"""bick and dalls @ gpP9uUffpu"" raises to 67",2026-09-02T06:36:39.078Z,178833099907800
"""fishidishie @ ILQFEWJ0SW"" calls 10",2026-09-02T06:36:36.533Z,178833099653300
"""LingWae @ FQN9hzhzP_"" calls 10",2026-09-02T06:36:33.172Z,178833099317200
"""bick and dalls @ gpP9uUffpu"" posts a big blind of 10",2026-09-02T06:36:29.585Z,178833098958506
"""fishidishie @ ILQFEWJ0SW"" posts a small blind of 5",2026-09-02T06:36:29.585Z,178833098958505
"Your hand is A♦, Q♠",2026-09-02T06:36:29.585Z,178833098958502
"Player stacks: #1 ""bick and dalls @ gpP9uUffpu"" (1533) | #2 ""LingWae @ FQN9hzhzP_"" (793) | #10 ""fishidishie @ ILQFEWJ0SW"" (2984)",2026-09-02T06:36:29.585Z,178833098958501
"-- starting hand #124 (id: bd6g35jf88th)  No Limit Texas Hold'em (dealer: ""LingWae @ FQN9hzhzP_"") --",2026-09-02T06:36:29.585Z,178833098958500
"""LingWae @ FQN9hzhzP_"" shows a 10♥.",2026-09-02T06:36:26.460Z,178833098646000
"""LingWae @ FQN9hzhzP_"" shows a Q♣.",2026-09-02T06:36:24.698Z,178833098469800
"-- ending hand #123 --",2026-09-02T06:36:22.981Z,178833098298102
"""fishidishie @ ILQFEWJ0SW"" collected 591 from pot with Straight, 8 High (combination: 4♥, 5♥, 6♦, 7♦, 8♠)",2026-09-02T06:36:22.981Z,178833098298101
"""fishidishie @ ILQFEWJ0SW"" shows a 8♠, A♥.",2026-09-02T06:36:22.981Z,178833098298100
"""LingWae @ FQN9hzhzP_"" calls 150",2026-09-02T06:36:22.078Z,178833098207800
"""bick and dalls @ gpP9uUffpu"" folds",2026-09-02T06:36:21.077Z,178833098107700
"""fishidishie @ ILQFEWJ0SW"" bets 150",2026-09-02T06:36:19.283Z,178833097928300
"""LingWae @ FQN9hzhzP_"" checks",2026-09-02T06:36:16.693Z,178833097669300
"River: 7♦, 5♥, 10♠, 6♦ [4♥]",2026-09-02T06:36:13.777Z,178833097377700
"""bick and dalls @ gpP9uUffpu"" calls 67",2026-09-02T06:36:12.860Z,178833097286000
"""fishidishie @ ILQFEWJ0SW"" calls 67",2026-09-02T06:36:11.208Z,178833097120800
"""LingWae @ FQN9hzhzP_"" bets 67",2026-09-02T06:36:07.287Z,178833096728700
"Turn: 7♦, 5♥, 10♠ [6♦]",2026-09-02T06:36:03.776Z,178833096377600
"""bick and dalls @ gpP9uUffpu"" checks",2026-09-02T06:36:02.914Z,178833096291400
"""fishidishie @ ILQFEWJ0SW"" checks",2026-09-02T06:36:01.851Z,178833096185100
"""LingWae @ FQN9hzhzP_"" checks",2026-09-02T06:36:00.110Z,178833096011000
"Flop:  [7♦, 5♥, 10♠]",2026-09-02T06:35:53.484Z,178833095348400
"""fishidishie @ ILQFEWJ0SW"" calls 30",2026-09-02T06:35:52.577Z,178833095257700
"""LingWae @ FQN9hzhzP_"" calls 30",2026-09-02T06:35:51.583Z,178833095158300
"""bick and dalls @ gpP9uUffpu"" raises to 30",2026-09-02T06:35:50.646Z,178833095064600
"""fishidishie @ ILQFEWJ0SW"" posts a big blind of 10",2026-09-02T06:35:47.481Z,178833094748106
"""LingWae @ FQN9hzhzP_"" posts a small blind of 5",2026-09-02T06:35:47.481Z,178833094748105
"Player stacks: #1 ""bick and dalls @ gpP9uUffpu"" (1630) | #2 ""LingWae @ FQN9hzhzP_"" (1040) | #10 ""fishidishie @ ILQFEWJ0SW"" (2640)",2026-09-02T06:35:47.481Z,178833094748101
"-- starting hand #123 (id: quvcrsrltcyy)  No Limit Texas Hold'em (dealer: ""bick and dalls @ gpP9uUffpu"") --",2026-09-02T06:35:47.481Z,178833094748100
"""LingWae @ FQN9hzhzP_"" shows a J♥.",2026-09-02T06:35:41.978Z,178833094197800
"""fishidishie @ ILQFEWJ0SW"" shows a 5♠.",2026-09-02T06:35:40.563Z,178833094056300
"Undealt cards: K♣, 9♥, K♠, 2♠ [J♣]",2026-09-02T06:35:40.492Z,178833094049200
"-- ending hand #122 --",2026-09-02T06:35:40.076Z,178833094007602
"""fishidishie @ ILQFEWJ0SW"" collected 30 from pot",2026-09-02T06:35:40.076Z,178833094007601
"Uncalled bet of 90 returned to ""fishidishie @ ILQFEWJ0SW""",2026-09-02T06:35:40.076Z,178833094007600
"""LingWae @ FQN9hzhzP_"" folds",2026-09-02T06:35:39.173Z,178833093917300
"""bick and dalls @ gpP9uUffpu"" folds",2026-09-02T06:35:38.214Z,178833093821400
"""fishidishie @ ILQFEWJ0SW"" bets 90",2026-09-02T06:35:35.412Z,178833093541200
"""LingWae @ FQN9hzhzP_"" checks",2026-09-02T06:35:33.633Z,178833093363300
"""bick and dalls @ gpP9uUffpu"" checks",2026-09-02T06:35:31.822Z,178833093182200
"Turn: K♣, 9♥, K♠ [2♠]",2026-09-02T06:35:29.470Z,178833092947000
"""fishidishie @ ILQFEWJ0SW"" checks",2026-09-02T06:35:28.583Z,178833092858300
"""LingWae @ FQN9hzhzP_"" checks",2026-09-02T06:35:26.794Z,178833092679400
"""bick and dalls @ gpP9uUffpu"" checks",2026-09-02T06:35:25.690Z,178833092569000
"Flop:  [K♣, 9♥, K♠]",2026-09-02T06:35:24.266Z,178833092426600
"""LingWae @ FQN9hzhzP_"" checks",2026-09-02T06:35:23.411Z,178833092341100
"""bick and dalls @ gpP9uUffpu"" calls 10",2026-09-02T06:35:22.482Z,178833092248200
"""fishidishie @ ILQFEWJ0SW"" calls 10",2026-09-02T06:35:19.546Z,178833091954600
"""LingWae @ FQN9hzhzP_"" posts a big blind of 10",2026-09-02T06:35:15.104Z,178833091510406
"""bick and dalls @ gpP9uUffpu"" posts a small blind of 5",2026-09-02T06:35:15.104Z,178833091510405
"Player stacks: #1 ""bick and dalls @ gpP9uUffpu"" (1640) | #2 ""LingWae @ FQN9hzhzP_"" (1050) | #10 ""fishidishie @ ILQFEWJ0SW"" (2620)",2026-09-02T06:35:15.104Z,178833091510401
"-- starting hand #122 (id: zikt7m6xo3us)  No Limit Texas Hold'em (dealer: ""fishidishie @ ILQFEWJ0SW"") --",2026-09-02T06:35:15.104Z,178833091510400
"""LingWae @ FQN9hzhzP_"" shows a 4♦.",2026-09-02T06:35:10.883Z,178833091088300
"-- ending hand #121 --",2026-09-02T06:35:08.454Z,178833090845402
"""bick and dalls @ gpP9uUffpu"" collected 150 from pot",2026-09-02T06:35:08.454Z,178833090845401
"Uncalled bet of 50 returned to ""bick and dalls @ gpP9uUffpu""",2026-09-02T06:35:08.454Z,178833090845400
"""fishidishie @ ILQFEWJ0SW"" folds",2026-09-02T06:35:07.626Z,178833090762600
"""LingWae @ FQN9hzhzP_"" folds",2026-09-02T06:35:05.751Z,178833090575100
"""bick and dalls @ gpP9uUffpu"" bets 50",2026-09-02T06:34:49.465Z,178833088946500
"""fishidishie @ ILQFEWJ0SW"" checks",2026-09-02T06:34:40.593Z,178833088059300
"Flop:  [A♦, 2♠, 2♣]",2026-09-02T06:34:39.133Z,178833087913300
"""fishidishie @ ILQFEWJ0SW"" calls 50",2026-09-02T06:34:38.175Z,178833087817500
"""LingWae @ FQN9hzhzP_"" calls 50",2026-09-02T06:34:37.030Z,178833087703000
"""bick and dalls @ gpP9uUffpu"" raises to 50",2026-09-02T06:34:35.973Z,178833087597300
"""fishidishie @ ILQFEWJ0SW"" calls 10",2026-09-02T06:34:32.694Z,178833087269400
"""LingWae @ FQN9hzhzP_"" calls 10",2026-09-02T06:34:30.530Z,178833087053000
"""bick and dalls @ gpP9uUffpu"" posts a big blind of 10",2026-09-02T06:34:28.895Z,178833086889507
"""fishidishie @ ILQFEWJ0SW"" posts a small blind of 5",2026-09-02T06:34:28.895Z,178833086889506
"Player stacks: #1 ""bick and dalls @ gpP9uUffpu"" (1540) | #2 ""LingWae @ FQN9hzhzP_"" (1100) | #10 ""fishidishie @ ILQFEWJ0SW"" (2670)",2026-09-02T06:34:28.895Z,178833086889502
"-- starting hand #121 (id: hs8svtfmjvhz)  No Limit Texas Hold'em (dead button) --",2026-09-02T06:34:28.895Z,178833086889501
"The player ""fish @ oMsP5L3lJa"" stand up with the stack of 4678.",2026-09-02T06:34:28.895Z,178833086889500
"-- ending hand #120 --",2026-09-02T06:34:20.886Z,178833086088602
"""fishidishie @ ILQFEWJ0SW"" collected 1335 from pot with Full House, A's over K's on the second run  (combination: K♣, K♥, A♥, A♠, A♣)",2026-09-02T06:34:20.886Z,178833086088601
"""fishidishie @ ILQFEWJ0SW"" collected 1335 from pot with Full House, A's over K's (combination: K♣, K♥, A♥, A♠, A♣)",2026-09-02T06:34:20.886Z,178833086088600
"River (second run): A♥, A♠, A♣, Q♣ [4♣]",2026-09-02T06:34:16.738Z,178833085673800
"Turn (second run): A♥, A♠, A♣ [Q♣]",2026-09-02T06:34:12.709Z,178833085270900
"River: A♥, A♠, A♣, 8♦ [7♠]",2026-09-02T06:34:08.688Z,178833084868800
"Turn: A♥, A♠, A♣ [8♦]",2026-09-02T06:34:04.680Z,178833084468000
"""fishidishie @ ILQFEWJ0SW"" shows a K♣, K♥.",2026-09-02T06:34:00.648Z,178833084064801
"Uncalled bet of 1540 returned to ""bick and dalls @ gpP9uUffpu""",2026-09-02T06:34:00.648Z,178833084064800
"""bick and dalls @ gpP9uUffpu"" shows a 3♠, 4♠.",2026-09-02T06:34:00.237Z,178833084023700
"All players in hand choose to run it twice.",2026-09-02T06:33:59.772Z,178833083977201
"""fishidishie @ ILQFEWJ0SW"" chooses to  run it twice.",2026-09-02T06:33:59.772Z,178833083977200
"""bick and dalls @ gpP9uUffpu"" chooses to  run it twice.",2026-09-02T06:33:59.425Z,178833083942500
"Remaining players decide whether to run it twice.",2026-09-02T06:33:58.210Z,178833083821001
"""fishidishie @ ILQFEWJ0SW"" calls 1085 and go all in",2026-09-02T06:33:58.210Z,178833083821000
"""LingWae @ FQN9hzhzP_"" folds",2026-09-02T06:33:43.004Z,178833082300400
"""bick and dalls @ gpP9uUffpu"" bets 2625 and go all in",2026-09-02T06:33:42.032Z,178833082203200
"""fishidishie @ ILQFEWJ0SW"" checks",2026-09-02T06:33:35.308Z,178833081530800
"Flop:  [A♥, A♠, A♣]",2026-09-02T06:33:30.222Z,178833081022200
"""fish @ oMsP5L3lJa"" folds",2026-09-02T06:33:29.402Z,178833080940200
"""LingWae @ FQN9hzhzP_"" calls 150",2026-09-02T06:33:27.668Z,178833080766800
"""bick and dalls @ gpP9uUffpu"" calls 150",2026-09-02T06:33:26.116Z,178833080611600
"""fishidishie @ ILQFEWJ0SW"" raises to 150",2026-09-02T06:33:24.199Z,178833080419900
"""fish @ oMsP5L3lJa"" calls 50",2026-09-02T06:33:21.462Z,178833080146200
"""LingWae @ FQN9hzhzP_"" calls 50",2026-09-02T06:33:19.524Z,178833079952400
"""bick and dalls @ gpP9uUffpu"" raises to 50",2026-09-02T06:33:18.315Z,178833079831500
"""fishidishie @ ILQFEWJ0SW"" posts a big blind of 10",2026-09-02T06:33:13.678Z,178833079367807
"""fish @ oMsP5L3lJa"" posts a small blind of 5",2026-09-02T06:33:13.678Z,178833079367806
"Your hand is 3♠, 4♠",2026-09-02T06:33:13.678Z,178833079367802
"Player stacks: #1 ""bick and dalls @ gpP9uUffpu"" (2775) | #2 ""LingWae @ FQN9hzhzP_"" (1250) | #5 ""fish @ oMsP5L3lJa"" (4728) | #10 ""fishidishie @ ILQFEWJ0SW"" (1235)",2026-09-02T06:33:13.678Z,178833079367801
"-- starting hand #120 (id: tcaraqubjds2)  No Limit Texas Hold'em (dealer: ""LingWae @ FQN9hzhzP_"") --",2026-09-02T06:33:13.678Z,178833079367800
"""bick and dalls @ gpP9uUffpu"" shows a 2♣.",2026-09-02T06:33:09.313Z,178833078931300
"Undealt cards: 5♦, 7♣, 2♦, A♥ [J♠]",2026-09-02T06:33:08.289Z,178833078828900
"""LingWae @ FQN9hzhzP_"" shows a J♣.",2026-09-02T06:33:07.899Z,178833078789900
"-- ending hand #119 --",2026-09-02T06:33:06.348Z,178833078634802
"""bick and dalls @ gpP9uUffpu"" collected 110 from pot",2026-09-02T06:33:06.348Z,178833078634801
"Uncalled bet of 67 returned to ""bick and dalls @ gpP9uUffpu""",2026-09-02T06:33:06.348Z,178833078634800
"""LingWae @ FQN9hzhzP_"" folds",2026-09-02T06:33:05.501Z,178833078550100
"""bick and dalls @ gpP9uUffpu"" bets 67",2026-09-02T06:33:04.347Z,178833078434700
"""LingWae @ FQN9hzhzP_"" checks",2026-09-02T06:33:00.611Z,178833078061100
"Turn: 5♦, 7♣, 2♦ [A♥]",2026-09-02T06:32:58.779Z,178833077877900
"""bick and dalls @ gpP9uUffpu"" checks",2026-09-02T06:32:57.931Z,178833077793100
"""LingWae @ FQN9hzhzP_"" checks",2026-09-02T06:32:56.269Z,178833077626900
"Flop:  [5♦, 7♣, 2♦]",2026-09-02T06:32:33.500Z,178833075350000
"""fish @ oMsP5L3lJa"" folds",2026-09-02T06:32:32.697Z,178833075269700
"""LingWae @ FQN9hzhzP_"" calls 50",2026-09-02T06:32:21.669Z,178833074166900
"""bick and dalls @ gpP9uUffpu"" raises to 50",2026-09-02T06:32:20.705Z,178833074070500
"""fishidishie @ ILQFEWJ0SW"" folds",2026-09-02T06:32:18.341Z,178833073834100
"""fish @ oMsP5L3lJa"" posts a big blind of 10",2026-09-02T06:32:17.490Z,178833073749008
"""LingWae @ FQN9hzhzP_"" posts a small blind of 5",2026-09-02T06:32:17.490Z,178833073749007
"Player stacks: #1 ""bick and dalls @ gpP9uUffpu"" (2715) | #2 ""LingWae @ FQN9hzhzP_"" (1300) | #5 ""fish @ oMsP5L3lJa"" (4738) | #10 ""fishidishie @ ILQFEWJ0SW"" (1235)",2026-09-02T06:32:17.490Z,178833073749002
"-- starting hand #119 (id: awmwypepebck)  No Limit Texas Hold'em (dealer: ""bick and dalls @ gpP9uUffpu"") --",2026-09-02T06:32:17.490Z,178833073749001
"The admin updated the player ""fish @ oMsP5L3lJa"" stack from 5238 to 4738.",2026-09-02T06:32:17.490Z,178833073749000
"""fishidishie @ ILQFEWJ0SW"" shows a 2♠.",2026-09-02T06:32:15.049Z,178833073504900
"-- ending hand #118 --",2026-09-02T06:32:13.873Z,178833073387302
"""fishidishie @ ILQFEWJ0SW"" collected 335 from pot",2026-09-02T06:32:13.873Z,178833073387301
"Uncalled bet of 335 returned to ""fishidishie @ ILQFEWJ0SW""",2026-09-02T06:32:13.873Z,178833073387300
"""fish @ oMsP5L3lJa"" folds",2026-09-02T06:32:13.024Z,178833073302400
"""LingWae @ FQN9hzhzP_"" folds",2026-09-02T06:32:05.743Z,178833072574300
"""fishidishie @ ILQFEWJ0SW"" bets 335",2026-09-02T06:32:02.405Z,178833072240500
"""fish @ oMsP5L3lJa"" checks",2026-09-02T06:31:55.984Z,178833071598400
"""LingWae @ FQN9hzhzP_"" checks",2026-09-02T06:31:54.819Z,178833071481900
"River: 6♦, 5♥, 6♣, 9♣ [K♦]",2026-09-02T06:31:53.298Z,178833071329800
"""fishidishie @ ILQFEWJ0SW"" calls 10",2026-09-02T06:31:52.460Z,178833071246000
"""fish @ oMsP5L3lJa"" calls 10",2026-09-02T06:31:51.488Z,178833071148800
"""LingWae @ FQN9hzhzP_"" bets 10",2026-09-02T06:31:49.648Z,178833070964800
"Turn: 6♦, 5♥, 6♣ [9♣]",2026-09-02T06:31:42.243Z,178833070224300
"""fish @ oMsP5L3lJa"" calls 60",2026-09-02T06:31:41.426Z,178833070142600
"""LingWae @ FQN9hzhzP_"" calls 60",2026-09-02T06:31:39.592Z,178833069959200
"WARNING: the admin queued the stack change for the player ""fish @ oMsP5L3lJa"" removing 500 chips in the next hand.",2026-09-02T06:31:38.858Z,178833069885800
"""fishidishie @ ILQFEWJ0SW"" bets 60",2026-09-02T06:31:37.416Z,178833069741600
"""fish @ oMsP5L3lJa"" checks",2026-09-02T06:31:33.854Z,178833069385400
"""LingWae @ FQN9hzhzP_"" checks",2026-09-02T06:31:29.474Z,178833068947400
"Flop:  [6♦, 5♥, 6♣]",2026-09-02T06:31:26.101Z,178833068610100
"""fish @ oMsP5L3lJa"" calls 40",2026-09-02T06:31:25.280Z,178833068528000
"""LingWae @ FQN9hzhzP_"" calls 40",2026-09-02T06:31:21.071Z,178833068107100
"""bick and dalls @ gpP9uUffpu"" folds",2026-09-02T06:31:18.447Z,178833067844700
"""fishidishie @ ILQFEWJ0SW"" raises to 40",2026-09-02T06:31:15.634Z,178833067563400
"""fish @ oMsP5L3lJa"" calls 10",2026-09-02T06:31:13.990Z,178833067399000
"""LingWae @ FQN9hzhzP_"" posts a big blind of 10",2026-09-02T06:31:10.590Z,178833067059007
"""bick and dalls @ gpP9uUffpu"" posts a small blind of 5",2026-09-02T06:31:10.590Z,178833067059006
"Player stacks: #1 ""bick and dalls @ gpP9uUffpu"" (2720) | #2 ""LingWae @ FQN9hzhzP_"" (1410) | #5 ""fish @ oMsP5L3lJa"" (5348) | #10 ""fishidishie @ ILQFEWJ0SW"" (1010)",2026-09-02T06:31:10.590Z,178833067059001
"-- starting hand #118 (id: 1tbybckhrcqe)  No Limit Texas Hold'em (dealer: ""fishidishie @ ILQFEWJ0SW"") --",2026-09-02T06:31:10.590Z,178833067059000
"-- ending hand #117 --",2026-09-02T06:31:07.641Z,178833066764102
"""fishidishie @ ILQFEWJ0SW"" collected 260 from pot",2026-09-02T06:31:07.641Z,178833066764101
"Uncalled bet of 130 returned to ""fishidishie @ ILQFEWJ0SW""",2026-09-02T06:31:07.641Z,178833066764100
"""LingWae @ FQN9hzhzP_"" folds",2026-09-02T06:31:06.823Z,178833066682300
"""fishidishie @ ILQFEWJ0SW"" bets 130",2026-09-02T06:31:05.319Z,178833066531900
"River: 3♥, A♠, 3♣, K♣ [8♥]",2026-09-02T06:31:02.887Z,178833066288700
"""LingWae @ FQN9hzhzP_"" checks",2026-09-02T06:31:02.064Z,178833066206400
"""fishidishie @ ILQFEWJ0SW"" checks",2026-09-02T06:31:00.892Z,178833066089200
"Turn: 3♥, A♠, 3♣ [K♣]",2026-09-02T06:30:58.457Z,178833065845700
"""fish @ oMsP5L3lJa"" folds",2026-09-02T06:30:57.629Z,178833065762900
"""LingWae @ FQN9hzhzP_"" calls 50",2026-09-02T06:30:52.981Z,178833065298100
"""bick and dalls @ gpP9uUffpu"" folds",2026-09-02T06:30:50.875Z,178833065087500
"""fishidishie @ ILQFEWJ0SW"" bets 50",2026-09-02T06:30:43.480Z,178833064348000
"Flop:  [3♥, A♠, 3♣]",2026-09-02T06:30:39.155Z,178833063915500
"""fish @ oMsP5L3lJa"" calls 40",2026-09-02T06:30:38.275Z,178833063827500
"""LingWae @ FQN9hzhzP_"" calls 40",2026-09-02T06:30:37.080Z,178833063708000
"""bick and dalls @ gpP9uUffpu"" calls 40",2026-09-02T06:30:35.992Z,178833063599200
"""fishidishie @ ILQFEWJ0SW"" raises to 40",2026-09-02T06:30:34.729Z,178833063472900
"""fish @ oMsP5L3lJa"" calls 20",2026-09-02T06:30:28.843Z,178833062884300
"""LingWae @ FQN9hzhzP_"" raises to 20",2026-09-02T06:30:23.046Z,178833062304600
"""bick and dalls @ gpP9uUffpu"" posts a big blind of 10",2026-09-02T06:30:18.591Z,178833061859108
"""fishidishie @ ILQFEWJ0SW"" posts a small blind of 5",2026-09-02T06:30:18.591Z,178833061859107
"Player stacks: #1 ""bick and dalls @ gpP9uUffpu"" (2760) | #2 ""LingWae @ FQN9hzhzP_"" (1500) | #5 ""fish @ oMsP5L3lJa"" (5388) | #10 ""fishidishie @ ILQFEWJ0SW"" (840)",2026-09-02T06:30:18.591Z,178833061859102
"-- starting hand #117 (id: wfzgci10xmg1)  No Limit Texas Hold'em (dealer: ""fish @ oMsP5L3lJa"") --",2026-09-02T06:30:18.591Z,178833061859101
"The player ""LingWae @ FQN9hzhzP_"" joined the game with a stack of 1500.",2026-09-02T06:30:18.591Z,178833061859100
"-- ending hand #116 --",2026-09-02T06:30:12.583Z,178833061258302
"""fish @ oMsP5L3lJa"" collected 4250 from pot with Straight, K High (combination: 9♥, 10♦, J♦, Q♣, K♥)",2026-09-02T06:30:12.583Z,178833061258301
"""fish @ oMsP5L3lJa"" shows a Q♣, J♦.",2026-09-02T06:30:12.583Z,178833061258300
"""bick and dalls @ gpP9uUffpu"" calls 1800",2026-09-02T06:30:11.648Z,178833061164800
"""fish @ oMsP5L3lJa"" raises to 1800",2026-09-02T06:30:09.836Z,178833060983600
"""bick and dalls @ gpP9uUffpu"" raises to 984",2026-09-02T06:29:45.048Z,178833058504800
"""fish @ oMsP5L3lJa"" bets 487",2026-09-02T06:29:41.308Z,178833058130800
"River: 9♥, K♥, 10♦, 8♠ [6♠]",2026-09-02T06:29:25.894Z,178833056589400
"""bick and dalls @ gpP9uUffpu"" calls 140",2026-09-02T06:29:25.084Z,178833056508400
"""fish @ oMsP5L3lJa"" bets 140",2026-09-02T06:29:23.610Z,178833056361000
"Turn: 9♥, K♥, 10♦ [8♠]",2026-09-02T06:29:19.247Z,178833055924700
"""bick and dalls @ gpP9uUffpu"" calls 90",2026-09-02T06:29:18.393Z,178833055839300
"""fish @ oMsP5L3lJa"" bets 90",2026-09-02T06:29:16.265Z,178833055626500
"Flop:  [9♥, K♥, 10♦]",2026-09-02T06:29:12.286Z,178833055228600
"""bick and dalls @ gpP9uUffpu"" calls 90",2026-09-02T06:29:11.444Z,178833055144400
"""fishidishie @ ILQFEWJ0SW"" folds",2026-09-02T06:29:09.935Z,178833054993500
"""fish @ oMsP5L3lJa"" raises to 90",2026-09-02T06:29:08.986Z,178833054898600
"""bick and dalls @ gpP9uUffpu"" raises to 30",2026-09-02T06:29:04.446Z,178833054444600
"""fishidishie @ ILQFEWJ0SW"" posts a big blind of 10",2026-09-02T06:29:01.843Z,178833054184307
"""fish @ oMsP5L3lJa"" posts a small blind of 5",2026-09-02T06:29:01.843Z,178833054184306
"Player stacks: #1 ""bick and dalls @ gpP9uUffpu"" (4880) | #5 ""fish @ oMsP5L3lJa"" (3258) | #10 ""fishidishie @ ILQFEWJ0SW"" (850)",2026-09-02T06:29:01.843Z,178833054184302
"-- starting hand #116 (id: uq5cpebkpo09)  No Limit Texas Hold'em (dealer: ""bick and dalls @ gpP9uUffpu"") --",2026-09-02T06:29:01.843Z,178833054184301
"The admin updated the player ""bick and dalls @ gpP9uUffpu"" stack from 6880 to 4880.",2026-09-02T06:29:01.843Z,178833054184300
"-- ending hand #115 --",2026-09-02T06:28:58.867Z,178833053886702
"""fish @ oMsP5L3lJa"" collected 360 from pot",2026-09-02T06:28:58.867Z,178833053886701
"Uncalled bet of 180 returned to ""fish @ oMsP5L3lJa""",2026-09-02T06:28:58.867Z,178833053886700
"""fishidishie @ ILQFEWJ0SW"" folds",2026-09-02T06:28:58.061Z,178833053806100
"""fish @ oMsP5L3lJa"" raises to 270",2026-09-02T06:28:57.037Z,178833053703700
"""fishidishie @ ILQFEWJ0SW"" bets 90",2026-09-02T06:28:53.007Z,178833053300700
"""fish @ oMsP5L3lJa"" checks",2026-09-02T06:28:49.682Z,178833052968200
"River: K♥, 10♣, 7♦, J♣ [5♠]",2026-09-02T06:28:47.234Z,178833052723400
"""bick and dalls @ gpP9uUffpu"" folds",2026-09-02T06:28:46.381Z,178833052638100
"""fishidishie @ ILQFEWJ0SW"" calls 45",2026-09-02T06:28:44.701Z,178833052470100
"""fish @ oMsP5L3lJa"" bets 45",2026-09-02T06:28:43.714Z,178833052371400
"""bick and dalls @ gpP9uUffpu"" checks",2026-09-02T06:28:41.752Z,178833052175200
"Turn: K♥, 10♣, 7♦ [J♣]",2026-09-02T06:28:39.023Z,178833051902300
"""fishidishie @ ILQFEWJ0SW"" checks",2026-09-02T06:28:38.196Z,178833051819600
"""fish @ oMsP5L3lJa"" checks",2026-09-02T06:28:35.748Z,178833051574800
"""bick and dalls @ gpP9uUffpu"" checks",2026-09-02T06:28:34.081Z,178833051408100
"Flop:  [K♥, 10♣, 7♦]",2026-09-02T06:28:32.075Z,178833051207500
"""fish @ oMsP5L3lJa"" calls 30",2026-09-02T06:28:31.249Z,178833051124900
"""bick and dalls @ gpP9uUffpu"" calls 30",2026-09-02T06:28:29.206Z,178833050920600
"The admin approved the player ""LingWae @ FQN9hzhzP_"" participation with a stack of 1500.",2026-09-02T06:28:26.898Z,178833050689800
"The player ""LingWae @ FQN9hzhzP_"" requested a seat.",2026-09-02T06:28:24.749Z,178833050474900
"WARNING: the admin queued the stack change for the player ""bick and dalls @ gpP9uUffpu"" removing 2000 chips in the next hand.",2026-09-02T06:28:22.720Z,178833050272000
"""fishidishie @ ILQFEWJ0SW"" raises to 30",2026-09-02T06:28:20.449Z,178833050044900
"""fish @ oMsP5L3lJa"" posts a big blind of 10",2026-09-02T06:28:18.869Z,178833049886907
"""bick and dalls @ gpP9uUffpu"" posts a small blind of 5",2026-09-02T06:28:18.869Z,178833049886906
"Player stacks: #1 ""bick and dalls @ gpP9uUffpu"" (6910) | #5 ""fish @ oMsP5L3lJa"" (3063) | #10 ""fishidishie @ ILQFEWJ0SW"" (1015)",2026-09-02T06:28:18.869Z,178833049886902
"-- starting hand #115 (id: eleqfp5osjwl)  No Limit Texas Hold'em (dealer: ""fishidishie @ ILQFEWJ0SW"") --",2026-09-02T06:28:18.869Z,178833049886901
"The player ""LingWae @ FQN9hzhzP_"" quits the game with a stack of 0.",2026-09-02T06:28:18.869Z,178833049886900
"-- ending hand #114 --",2026-09-02T06:28:10.859Z,178833049085902
"""bick and dalls @ gpP9uUffpu"" collected 2106 from pot with Pair, K's on the second run  (combination: 8♠, 10♦, J♣, K♥, K♦)",2026-09-02T06:28:10.859Z,178833049085901
"""bick and dalls @ gpP9uUffpu"" collected 2106 from pot with Two Pair, K's & 3's (combination: Q♠, 3♠, 3♦, K♥, K♦)",2026-09-02T06:28:10.859Z,178833049085900
"River (second run): J♣, 10♦, 8♠, 4♠ [7♦]",2026-09-02T06:28:06.838Z,178833048683800
"Turn (second run): J♣, 10♦, 8♠ [4♠]",2026-09-02T06:28:02.796Z,178833048279600
"Flop (second run):  [J♣, 10♦, 8♠]",2026-09-02T06:27:58.752Z,178833047875200
"River: 3♠, 2♠, 10♠, Q♠ [3♦]",2026-09-02T06:27:54.646Z,178833047464600
"Turn: 3♠, 2♠, 10♠ [Q♠]",2026-09-02T06:27:50.561Z,178833047056100
"Flop:  [3♠, 2♠, 10♠]",2026-09-02T06:27:46.549Z,178833046654900
"""LingWae @ FQN9hzhzP_"" shows a A♦, Q♦.",2026-09-02T06:27:42.504Z,178833046250400
"""bick and dalls @ gpP9uUffpu"" shows a K♥, K♦.",2026-09-02T06:27:42.092Z,178833046209200
"All players in hand choose to run it twice.",2026-09-02T06:27:41.643Z,178833046164301
"""LingWae @ FQN9hzhzP_"" chooses to  run it twice.",2026-09-02T06:27:41.643Z,178833046164300
"""bick and dalls @ gpP9uUffpu"" chooses to  run it twice.",2026-09-02T06:27:41.577Z,178833046157700
"Remaining players decide whether to run it twice.",2026-09-02T06:27:40.296Z,178833046029601
"""bick and dalls @ gpP9uUffpu"" calls 2096",2026-09-02T06:27:40.296Z,178833046029600
"""fishidishie @ ILQFEWJ0SW"" folds",2026-09-02T06:27:39.391Z,178833045939100
"""fish @ oMsP5L3lJa"" folds",2026-09-02T06:27:38.477Z,178833045847700
"""LingWae @ FQN9hzhzP_"" raises to 2096 and go all in",2026-09-02T06:27:37.280Z,178833045728000
"""bick and dalls @ gpP9uUffpu"" raises to 67",2026-09-02T06:27:35.176Z,178833045517600
"""fishidishie @ ILQFEWJ0SW"" calls 10",2026-09-02T06:27:32.691Z,178833045269100
"""fish @ oMsP5L3lJa"" calls 10",2026-09-02T06:27:30.812Z,178833045081200
"""LingWae @ FQN9hzhzP_"" calls 10",2026-09-02T06:27:29.550Z,178833044955000
"""bick and dalls @ gpP9uUffpu"" posts a big blind of 10",2026-09-02T06:27:26.748Z,178833044674807
"""fishidishie @ ILQFEWJ0SW"" posts a small blind of 5",2026-09-02T06:27:26.748Z,178833044674806
"Your hand is K♥, K♦",2026-09-02T06:27:26.748Z,178833044674802
"Player stacks: #1 ""bick and dalls @ gpP9uUffpu"" (4794) | #2 ""LingWae @ FQN9hzhzP_"" (2096) | #5 ""fish @ oMsP5L3lJa"" (3073) | #10 ""fishidishie @ ILQFEWJ0SW"" (1025)",2026-09-02T06:27:26.748Z,178833044674801
"-- starting hand #114 (id: gdukfoosxc9l)  No Limit Texas Hold'em (dealer: ""fish @ oMsP5L3lJa"") --",2026-09-02T06:27:26.748Z,178833044674800
"""LingWae @ FQN9hzhzP_"" shows a J♦.",2026-09-02T06:27:24.425Z,178833044442500
"Undealt cards:  [10♦, K♣, 10♥, K♥, 4♠]",2026-09-02T06:27:21.447Z,178833044144700
"-- ending hand #113 --",2026-09-02T06:27:20.097Z,178833044009702
"""bick and dalls @ gpP9uUffpu"" collected 80 from pot",2026-09-02T06:27:20.097Z,178833044009701
"Uncalled bet of 90 returned to ""bick and dalls @ gpP9uUffpu""",2026-09-02T06:27:20.097Z,178833044009700
"""fishidishie @ ILQFEWJ0SW"" folds",2026-09-02T06:27:19.271Z,178833043927100
"""fish @ oMsP5L3lJa"" folds",2026-09-02T06:27:18.321Z,178833043832100
"""LingWae @ FQN9hzhzP_"" folds",2026-09-02T06:27:17.322Z,178833043732200
"""bick and dalls @ gpP9uUffpu"" raises to 120",2026-09-02T06:27:15.886Z,178833043588600
"""fishidishie @ ILQFEWJ0SW"" raises to 30",2026-09-02T06:27:12.499Z,178833043249900
"""fish @ oMsP5L3lJa"" calls 10",2026-09-02T06:27:10.460Z,178833043046000
"""LingWae @ FQN9hzhzP_"" calls 10",2026-09-02T06:27:07.249Z,178833042724900
"""bick and dalls @ gpP9uUffpu"" calls 10",2026-09-02T06:27:06.205Z,178833042620500
"""fishidishie @ ILQFEWJ0SW"" posts a big blind of 10",2026-09-02T06:27:04.691Z,178833042469107
"""fish @ oMsP5L3lJa"" posts a small blind of 5",2026-09-02T06:27:04.691Z,178833042469106
"Player stacks: #1 ""bick and dalls @ gpP9uUffpu"" (4744) | #2 ""LingWae @ FQN9hzhzP_"" (2106) | #5 ""fish @ oMsP5L3lJa"" (3083) | #10 ""fishidishie @ ILQFEWJ0SW"" (1055)",2026-09-02T06:27:04.691Z,178833042469101
"-- starting hand #113 (id: crzuwowljbds)  No Limit Texas Hold'em (dealer: ""LingWae @ FQN9hzhzP_"") --",2026-09-02T06:27:04.691Z,178833042469100
"""LingWae @ FQN9hzhzP_"" shows a 8♥, 8♦.",2026-09-02T06:27:01.148Z,178833042114800
"Undealt cards:  [9♦, J♦, 3♠, J♥, 6♠]",2026-09-02T06:26:59.047Z,178833041904700
"-- ending hand #112 --",2026-09-02T06:26:58.082Z,178833041808202
"""LingWae @ FQN9hzhzP_"" collected 100 from pot",2026-09-02T06:26:58.082Z,178833041808201
"Uncalled bet of 2006 returned to ""LingWae @ FQN9hzhzP_""",2026-09-02T06:26:58.082Z,178833041808200
"""bick and dalls @ gpP9uUffpu"" folds",2026-09-02T06:26:57.267Z,178833041726700
"""fishidishie @ ILQFEWJ0SW"" folds",2026-09-02T06:26:56.340Z,178833041634000
"""fish @ oMsP5L3lJa"" folds",2026-09-02T06:26:55.354Z,178833041535400
"""LingWae @ FQN9hzhzP_"" raises to 2036 and go all in",2026-09-02T06:26:53.955Z,178833041395500
"""bick and dalls @ gpP9uUffpu"" calls 30",2026-09-02T06:26:49.399Z,178833040939900
"""fishidishie @ ILQFEWJ0SW"" raises to 30",2026-09-02T06:26:48.342Z,178833040834200
"""fish @ oMsP5L3lJa"" posts a big blind of 10",2026-09-02T06:26:46.275Z,178833040627507
"""LingWae @ FQN9hzhzP_"" posts a small blind of 5",2026-09-02T06:26:46.275Z,178833040627506
"Player stacks: #1 ""bick and dalls @ gpP9uUffpu"" (4774) | #2 ""LingWae @ FQN9hzhzP_"" (2036) | #5 ""fish @ oMsP5L3lJa"" (3093) | #10 ""fishidishie @ ILQFEWJ0SW"" (1085)",2026-09-02T06:26:46.275Z,178833040627501
"-- starting hand #112 (id: 0hzdkefqgk18)  No Limit Texas Hold'em (dealer: ""bick and dalls @ gpP9uUffpu"") --",2026-09-02T06:26:46.275Z,178833040627500
"""bick and dalls @ gpP9uUffpu"" shows a A♣, 4♠.",2026-09-02T06:26:41.043Z,178833040104300
"""LingWae @ FQN9hzhzP_"" shows a K♥, Q♥.",2026-09-02T06:26:40.315Z,178833040031500
"""fishidishie @ ILQFEWJ0SW"" shows a 8♠, 9♥.",2026-09-02T06:26:40.051Z,178833040005100
"Undealt cards:  [2♣, 10♠, 7♦, 5♦, 6♠]",2026-09-02T06:26:38.919Z,178833039891900
"-- ending hand #111 --",2026-09-02T06:26:38.250Z,178833039825002
"""LingWae @ FQN9hzhzP_"" collected 250 from pot",2026-09-02T06:26:38.250Z,178833039825001
"Uncalled bet of 1786 returned to ""LingWae @ FQN9hzhzP_""",2026-09-02T06:26:38.250Z,178833039825000
"""bick and dalls @ gpP9uUffpu"" folds",2026-09-02T06:26:37.420Z,178833039742000
"""fishidishie @ ILQFEWJ0SW"" folds",2026-09-02T06:26:36.089Z,178833039608900
"""fish @ oMsP5L3lJa"" folds",2026-09-02T06:26:34.215Z,178833039421500
"""LingWae @ FQN9hzhzP_"" raises to 1856 and go all in",2026-09-02T06:26:19.211Z,178833037921100
"""bick and dalls @ gpP9uUffpu"" calls 70",2026-09-02T06:26:15.222Z,178833037522200
"""fishidishie @ ILQFEWJ0SW"" raises to 70",2026-09-02T06:26:14.275Z,178833037427500
"""fish @ oMsP5L3lJa"" raises to 40",2026-09-02T06:26:12.741Z,178833037274100
"""LingWae @ FQN9hzhzP_"" posts a big blind of 10",2026-09-02T06:26:10.424Z,178833037042407
"""bick and dalls @ gpP9uUffpu"" posts a small blind of 5",2026-09-02T06:26:10.424Z,178833037042406
"Your hand is A♣, 4♠",2026-09-02T06:26:10.424Z,178833037042402
"Player stacks: #1 ""bick and dalls @ gpP9uUffpu"" (4844) | #2 ""LingWae @ FQN9hzhzP_"" (1856) | #5 ""fish @ oMsP5L3lJa"" (3133) | #10 ""fishidishie @ ILQFEWJ0SW"" (1155)",2026-09-02T06:26:10.424Z,178833037042401
"-- starting hand #111 (id: 7vav5besnhtj)  No Limit Texas Hold'em (dealer: ""fishidishie @ ILQFEWJ0SW"") --",2026-09-02T06:26:10.424Z,178833037042400
"-- ending hand #110 --",2026-09-02T06:26:07.424Z,178833036742402
"""LingWae @ FQN9hzhzP_"" collected 120 from pot",2026-09-02T06:26:07.424Z,178833036742401
"Uncalled bet of 167 returned to ""LingWae @ FQN9hzhzP_""",2026-09-02T06:26:07.424Z,178833036742400
"""fishidishie @ ILQFEWJ0SW"" folds",2026-09-02T06:26:06.531Z,178833036653100
"""LingWae @ FQN9hzhzP_"" bets 167",2026-09-02T06:26:05.585Z,178833036558500
"""fishidishie @ ILQFEWJ0SW"" checks",2026-09-02T06:26:03.369Z,178833036336900
"River: A♠, K♥, Q♠, 3♣ [8♣]",2026-09-02T06:26:01.178Z,178833036117800
"""LingWae @ FQN9hzhzP_"" checks",2026-09-02T06:26:00.370Z,178833036037000
"""fishidishie @ ILQFEWJ0SW"" checks",2026-09-02T06:25:59.399Z,178833035939900
"Turn: A♠, K♥, Q♠ [3♣]",2026-09-02T06:25:57.574Z,178833035757400
"""fishidishie @ ILQFEWJ0SW"" calls 40",2026-09-02T06:25:56.676Z,178833035667600
"""fish @ oMsP5L3lJa"" folds",2026-09-02T06:25:55.427Z,178833035542700
"""LingWae @ FQN9hzhzP_"" raises to 40",2026-09-02T06:25:54.463Z,178833035446300
"""bick and dalls @ gpP9uUffpu"" folds",2026-09-02T06:25:52.178Z,178833035217800
"""fishidishie @ ILQFEWJ0SW"" bets 20",2026-09-02T06:25:49.947Z,178833034994700
"Flop:  [A♠, K♥, Q♠]",2026-09-02T06:25:46.365Z,178833034636500
"""bick and dalls @ gpP9uUffpu"" checks",2026-09-02T06:25:45.511Z,178833034551100
"""fishidishie @ ILQFEWJ0SW"" calls 10",2026-09-02T06:25:40.976Z,178833034097600
"""fish @ oMsP5L3lJa"" calls 10",2026-09-02T06:25:39.962Z,178833033996200
"""LingWae @ FQN9hzhzP_"" calls 10",2026-09-02T06:25:36.610Z,178833033661000
"""bick and dalls @ gpP9uUffpu"" posts a big blind of 10",2026-09-02T06:25:32.544Z,178833033254408
"""fishidishie @ ILQFEWJ0SW"" posts a small blind of 5",2026-09-02T06:25:32.544Z,178833033254407
"Player stacks: #1 ""bick and dalls @ gpP9uUffpu"" (4854) | #2 ""LingWae @ FQN9hzhzP_"" (1786) | #5 ""fish @ oMsP5L3lJa"" (3143) | #10 ""fishidishie @ ILQFEWJ0SW"" (1205)",2026-09-02T06:25:32.544Z,178833033254402
"-- starting hand #110 (id: hx2wunbs2j6g)  No Limit Texas Hold'em (dealer: ""fish @ oMsP5L3lJa"") --",2026-09-02T06:25:32.544Z,178833033254401
"The admin updated the player ""bick and dalls @ gpP9uUffpu"" stack from 5004 to 4854.",2026-09-02T06:25:32.544Z,178833033254400
"""fishidishie @ ILQFEWJ0SW"" shows a 5♥, Q♣.",2026-09-02T06:25:29.671Z,178833032967100
"-- ending hand #109 --",2026-09-02T06:25:28.852Z,178833032885202
"""fishidishie @ ILQFEWJ0SW"" collected 305 from pot",2026-09-02T06:25:28.852Z,178833032885201
"Uncalled bet of 600 returned to ""fishidishie @ ILQFEWJ0SW""",2026-09-02T06:25:28.852Z,178833032885200
"""LingWae @ FQN9hzhzP_"" folds",2026-09-02T06:25:28.015Z,178833032801500
"""bick and dalls @ gpP9uUffpu"" folds",2026-09-02T06:25:25.037Z,178833032503700
"""fishidishie @ ILQFEWJ0SW"" bets 600",2026-09-02T06:25:14.751Z,178833031475100
"River: 4♠, 10♥, 7♥, 2♦ [10♣]",2026-09-02T06:25:09.518Z,178833030951800
"""LingWae @ FQN9hzhzP_"" checks",2026-09-02T06:25:08.662Z,178833030866200
"""bick and dalls @ gpP9uUffpu"" checks",2026-09-02T06:25:07.746Z,178833030774600
"""fishidishie @ ILQFEWJ0SW"" checks",2026-09-02T06:25:06.211Z,178833030621100
"Turn: 4♠, 10♥, 7♥ [2♦]",2026-09-02T06:25:02.640Z,178833030264000
"""LingWae @ FQN9hzhzP_"" calls 70",2026-09-02T06:25:01.784Z,178833030178400
"""bick and dalls @ gpP9uUffpu"" calls 70",2026-09-02T06:25:00.184Z,178833030018400
"""fishidishie @ ILQFEWJ0SW"" bets 70",2026-09-02T06:24:54.917Z,178833029491700
"WARNING: the admin queued the stack change for the player ""bick and dalls @ gpP9uUffpu"" removing 150 chips in the next hand.",2026-09-02T06:24:51.129Z,178833029112900
"Flop:  [4♠, 10♥, 7♥]",2026-09-02T06:24:50.666Z,178833029066600
"""fishidishie @ ILQFEWJ0SW"" calls 30",2026-09-02T06:24:49.817Z,178833028981700
"""fish @ oMsP5L3lJa"" folds",2026-09-02T06:24:48.831Z,178833028883100
"""LingWae @ FQN9hzhzP_"" calls 30",2026-09-02T06:24:47.772Z,178833028777200
"""bick and dalls @ gpP9uUffpu"" raises to 30",2026-09-02T06:24:46.557Z,178833028655700
"""fishidishie @ ILQFEWJ0SW"" posts a big blind of 10",2026-09-02T06:24:43.596Z,178833028359608
"""fish @ oMsP5L3lJa"" posts a small blind of 5",2026-09-02T06:24:43.596Z,178833028359607
"Player stacks: #1 ""bick and dalls @ gpP9uUffpu"" (5104) | #2 ""LingWae @ FQN9hzhzP_"" (1886) | #5 ""fish @ oMsP5L3lJa"" (3148) | #10 ""fishidishie @ ILQFEWJ0SW"" (1000)",2026-09-02T06:24:43.596Z,178833028359602
"-- starting hand #109 (id: dyhvjizdhne5)  No Limit Texas Hold'em (dealer: ""LingWae @ FQN9hzhzP_"") --",2026-09-02T06:24:43.596Z,178833028359601
"The admin updated the player ""bick and dalls @ gpP9uUffpu"" stack from 5304 to 5104.",2026-09-02T06:24:43.596Z,178833028359600
"-- ending hand #108 --",2026-09-02T06:24:37.490Z,178833027749003
"""bick and dalls @ gpP9uUffpu"" collected 164 from pot with Two Pair, K's & J's (combination: A♣, J♦, J♥, K♠, K♣)",2026-09-02T06:24:37.490Z,178833027749002
"""bick and dalls @ gpP9uUffpu"" shows a J♦, J♥.",2026-09-02T06:24:37.490Z,178833027749001
"""LingWae @ FQN9hzhzP_"" shows a 4♥, 10♦.",2026-09-02T06:24:37.490Z,178833027749000
"""bick and dalls @ gpP9uUffpu"" checks",2026-09-02T06:24:36.671Z,178833027667100
"""LingWae @ FQN9hzhzP_"" checks",2026-09-02T06:24:35.656Z,178833027565600
"River: 7♦, K♠, A♣, Q♣ [K♣]",2026-09-02T06:24:32.789Z,178833027278900
"""bick and dalls @ gpP9uUffpu"" calls 10",2026-09-02T06:24:31.891Z,178833027189100
"""LingWae @ FQN9hzhzP_"" bets 10",2026-09-02T06:24:30.928Z,178833027092800
"Turn: 7♦, K♠, A♣ [Q♣]",2026-09-02T06:24:25.584Z,178833026558400
"""bick and dalls @ gpP9uUffpu"" checks",2026-09-02T06:24:24.757Z,178833026475700
"""LingWae @ FQN9hzhzP_"" checks",2026-09-02T06:24:22.498Z,178833026249800
"WARNING: the admin queued the stack change for the player ""bick and dalls @ gpP9uUffpu"" removing 200 chips in the next hand.",2026-09-02T06:24:22.140Z,178833026214000
"Flop:  [7♦, K♠, A♣]",2026-09-02T06:24:19.980Z,178833025998000
"""fish @ oMsP5L3lJa"" folds",2026-09-02T06:24:19.146Z,178833025914600
"""LingWae @ FQN9hzhzP_"" calls 67",2026-09-02T06:24:18.067Z,178833025806700
"""bick and dalls @ gpP9uUffpu"" raises to 67",2026-09-02T06:24:16.486Z,178833025648600
"""fishidishie @ ILQFEWJ0SW"" folds",2026-09-02T06:24:13.223Z,178833025322300
"""fish @ oMsP5L3lJa"" posts a big blind of 10",2026-09-02T06:24:10.832Z,178833025083208
"""LingWae @ FQN9hzhzP_"" posts a small blind of 5",2026-09-02T06:24:10.832Z,178833025083207
"Your hand is J♦, J♥",2026-09-02T06:24:10.832Z,178833025083203
"Player stacks: #1 ""bick and dalls @ gpP9uUffpu"" (5217) | #2 ""LingWae @ FQN9hzhzP_"" (1963) | #5 ""fish @ oMsP5L3lJa"" (3158) | #10 ""fishidishie @ ILQFEWJ0SW"" (1000)",2026-09-02T06:24:10.832Z,178833025083202
"-- starting hand #108 (id: g4lmcpyqaaxj)  No Limit Texas Hold'em (dealer: ""bick and dalls @ gpP9uUffpu"") --",2026-09-02T06:24:10.832Z,178833025083201
"The player ""fishidishie @ ILQFEWJ0SW"" joined the game with a stack of 1000.",2026-09-02T06:24:10.832Z,178833025083200
"""bick and dalls @ gpP9uUffpu"" shows a 8♣.",2026-09-02T06:24:06.424Z,178833024642400
"""LingWae @ FQN9hzhzP_"" shows a K♦.",2026-09-02T06:24:04.529Z,178833024452900
"Undealt cards: 9♥, 2♥, 7♦, K♣ [8♦]",2026-09-02T06:24:04.501Z,178833024450100
"-- ending hand #107 --",2026-09-02T06:24:03.475Z,178833024347502
"""bick and dalls @ gpP9uUffpu"" collected 335 from pot",2026-09-02T06:24:03.475Z,178833024347501
"Uncalled bet of 111 returned to ""bick and dalls @ gpP9uUffpu""",2026-09-02T06:24:03.475Z,178833024347500
"""fish @ oMsP5L3lJa"" folds",2026-09-02T06:24:02.645Z,178833024264500
"""bick and dalls @ gpP9uUffpu"" bets 111",2026-09-02T06:23:59.820Z,178833023982000
"Turn: 9♥, 2♥, 7♦ [K♣]",2026-09-02T06:23:57.043Z,178833023704300
"""fish @ oMsP5L3lJa"" calls 67",2026-09-02T06:23:56.196Z,178833023619600
"""LingWae @ FQN9hzhzP_"" folds",2026-09-02T06:23:54.907Z,178833023490700
"""bick and dalls @ gpP9uUffpu"" bets 67",2026-09-02T06:23:53.688Z,178833023368800
"Flop:  [9♥, 2♥, 7♦]",2026-09-02T06:23:49.496Z,178833022949600
"""fish @ oMsP5L3lJa"" calls 67",2026-09-02T06:23:48.655Z,178833022865500
"""LingWae @ FQN9hzhzP_"" calls 67",2026-09-02T06:23:47.338Z,178833022733800
"""bick and dalls @ gpP9uUffpu"" raises to 67",2026-09-02T06:23:46.408Z,178833022640800
"""fish @ oMsP5L3lJa"" calls 10",2026-09-02T06:23:42.650Z,178833022265000
"""LingWae @ FQN9hzhzP_"" posts a big blind of 10",2026-09-02T06:23:40.760Z,178833022076006
"""bick and dalls @ gpP9uUffpu"" posts a small blind of 5",2026-09-02T06:23:40.760Z,178833022076005
"Player stacks: #1 ""bick and dalls @ gpP9uUffpu"" (5016) | #2 ""LingWae @ FQN9hzhzP_"" (2030) | #5 ""fish @ oMsP5L3lJa"" (3292)",2026-09-02T06:23:40.760Z,178833022076001
"-- starting hand #107 (id: pucabkaenuld)  No Limit Texas Hold'em (dealer: ""fish @ oMsP5L3lJa"") --",2026-09-02T06:23:40.760Z,178833022076000
"""LingWae @ FQN9hzhzP_"" shows a 10♥, K♣.",2026-09-02T06:23:37.217Z,178833021721700
"""bick and dalls @ gpP9uUffpu"" shows a 2♥, 8♥.",2026-09-02T06:23:36.105Z,178833021610500
"Undealt cards: 6♣, 8♠, 5♣, 5♥ [A♣]",2026-09-02T06:23:35.408Z,178833021540800
"-- ending hand #106 --",2026-09-02T06:23:33.420Z,178833021342002
"""bick and dalls @ gpP9uUffpu"" collected 105 from pot",2026-09-02T06:23:33.420Z,178833021342001
"Uncalled bet of 90 returned to ""bick and dalls @ gpP9uUffpu""",2026-09-02T06:23:33.420Z,178833021342000
"""LingWae @ FQN9hzhzP_"" folds",2026-09-02T06:23:32.566Z,178833021256600
"""bick and dalls @ gpP9uUffpu"" bets 90",2026-09-02T06:23:26.098Z,178833020609800
"Turn: 6♣, 8♠, 5♣ [5♥]",2026-09-02T06:23:23.147Z,178833020314700
"""LingWae @ FQN9hzhzP_"" checks",2026-09-02T06:23:22.311Z,178833020231100
"""bick and dalls @ gpP9uUffpu"" checks",2026-09-02T06:23:21.352Z,178833020135200
"The admin approved the player ""fishidishie @ ILQFEWJ0SW"" participation with a stack of 1000.",2026-09-02T06:23:19.113Z,178833019911300
"Flop:  [6♣, 8♠, 5♣]",2026-09-02T06:23:17.006Z,178833019700600
"""bick and dalls @ gpP9uUffpu"" calls 50",2026-09-02T06:23:16.193Z,178833019619300
"The player ""fishidishie @ ILQFEWJ0SW"" requested a seat.",2026-09-02T06:23:15.389Z,178833019538900
"""fish @ oMsP5L3lJa"" folds",2026-09-02T06:23:14.983Z,178833019498300
"""LingWae @ FQN9hzhzP_"" raises to 50",2026-09-02T06:23:13.273Z,178833019327300
"""bick and dalls @ gpP9uUffpu"" posts a big blind of 10",2026-09-02T06:23:10.010Z,178833019001007
"""fish @ oMsP5L3lJa"" posts a small blind of 5",2026-09-02T06:23:10.010Z,178833019001006
"Your hand is 2♥, 8♥",2026-09-02T06:23:10.010Z,178833019001003
"Player stacks: #1 ""bick and dalls @ gpP9uUffpu"" (4961) | #2 ""LingWae @ FQN9hzhzP_"" (2080) | #5 ""fish @ oMsP5L3lJa"" (3297)",2026-09-02T06:23:10.010Z,178833019001002
"-- starting hand #106 (id: dn1ijod4gdci)  No Limit Texas Hold'em (dealer: ""LingWae @ FQN9hzhzP_"") --",2026-09-02T06:23:10.010Z,178833019001001
"The admin updated the player ""bick and dalls @ gpP9uUffpu"" stack from 5111 to 4961.",2026-09-02T06:23:10.010Z,178833019001000
"""LingWae @ FQN9hzhzP_"" shows a 3♦.",2026-09-02T06:23:05.937Z,178833018593700
"Undealt cards: 4♥, 6♦, 10♥ [7♣, 7♦]",2026-09-02T06:23:03.806Z,178833018380600
"-- ending hand #105 --",2026-09-02T06:23:03.402Z,178833018340202
"""LingWae @ FQN9hzhzP_"" collected 120 from pot",2026-09-02T06:23:03.402Z,178833018340201
"Uncalled bet of 67 returned to ""LingWae @ FQN9hzhzP_""",2026-09-02T06:23:03.402Z,178833018340200
"""bick and dalls @ gpP9uUffpu"" folds",2026-09-02T06:23:02.578Z,178833018257800
"""fish @ oMsP5L3lJa"" folds",2026-09-02T06:23:01.603Z,178833018160300
"""LingWae @ FQN9hzhzP_"" bets 67",2026-09-02T06:22:59.982Z,178833017998200
"Flop:  [4♥, 6♦, 10♥]",2026-09-02T06:22:52.860Z,178833017286000
"""fish @ oMsP5L3lJa"" calls 40",2026-09-02T06:22:52.004Z,178833017200400
"WARNING: the admin queued the stack change for the player ""bick and dalls @ gpP9uUffpu"" removing 150 chips in the next hand.",2026-09-02T06:22:50.848Z,178833017084800
"""LingWae @ FQN9hzhzP_"" calls 40",2026-09-02T06:22:48.083Z,178833016808300
"""bick and dalls @ gpP9uUffpu"" raises to 40",2026-09-02T06:22:46.740Z,178833016674000
"""fish @ oMsP5L3lJa"" posts a big blind of 10",2026-09-02T06:22:44.050Z,178833016405008
"""LingWae @ FQN9hzhzP_"" posts a small blind of 5",2026-09-02T06:22:44.050Z,178833016405007
"Player stacks: #1 ""bick and dalls @ gpP9uUffpu"" (5151) | #2 ""LingWae @ FQN9hzhzP_"" (2000) | #5 ""fish @ oMsP5L3lJa"" (3337)",2026-09-02T06:22:44.050Z,178833016405003
"-- starting hand #105 (id: aerwongefguv)  No Limit Texas Hold'em (dealer: ""bick and dalls @ gpP9uUffpu"") --",2026-09-02T06:22:44.050Z,178833016405002
"The player ""LingWae @ FQN9hzhzP_"" joined the game with a stack of 2000.",2026-09-02T06:22:44.050Z,178833016405001
"The admin updated the player ""bick and dalls @ gpP9uUffpu"" stack from 5651 to 5151.",2026-09-02T06:22:44.050Z,178833016405000
"Undealt cards: 3♦, Q♣, 6♥, 2♣ [7♣]",2026-09-02T06:22:39.444Z,178833015944400
"""bick and dalls @ gpP9uUffpu"" shows a 7♦, 2♦.",2026-09-02T06:22:38.679Z,178833015867900
"-- ending hand #104 --",2026-09-02T06:22:37.410Z,178833015741002
"""bick and dalls @ gpP9uUffpu"" collected 288 from pot",2026-09-02T06:22:37.410Z,178833015741001
"Uncalled bet of 222 returned to ""bick and dalls @ gpP9uUffpu""",2026-09-02T06:22:37.410Z,178833015741000
"""fish @ oMsP5L3lJa"" folds",2026-09-02T06:22:36.600Z,178833015660000
"""bick and dalls @ gpP9uUffpu"" bets 222",2026-09-02T06:22:24.771Z,178833014477100
"Turn: 3♦, Q♣, 6♥ [2♣]",2026-09-02T06:22:21.743Z,178833014174300
"""fish @ oMsP5L3lJa"" calls 72",2026-09-02T06:22:20.913Z,178833014091300
"""bick and dalls @ gpP9uUffpu"" bets 72",2026-09-02T06:22:19.773Z,178833013977300
"Flop:  [3♦, Q♣, 6♥]",2026-09-02T06:22:16.394Z,178833013639400
"""fish @ oMsP5L3lJa"" calls 72",2026-09-02T06:22:15.566Z,178833013556600
"""bick and dalls @ gpP9uUffpu"" raises to 72",2026-09-02T06:22:09.586Z,178833012958600
"The admin approved the player ""LingWae @ FQN9hzhzP_"" participation with a stack of 2000.",2026-09-02T06:22:05.362Z,178833012536200
"The player ""LingWae @ FQN9hzhzP_"" requested a seat.",2026-09-02T06:22:02.634Z,178833012263400
"WARNING: the admin queued the stack change for the player ""bick and dalls @ gpP9uUffpu"" removing 500 chips in the next hand.",2026-09-02T06:22:02.393Z,178833012239300
"""fish @ oMsP5L3lJa"" calls 10",2026-09-02T06:22:00.692Z,178833012069200
"""bick and dalls @ gpP9uUffpu"" posts a big blind of 10",2026-09-02T06:21:58.427Z,178833011842706
"""fish @ oMsP5L3lJa"" posts a small blind of 5",2026-09-02T06:21:58.427Z,178833011842705
"Your hand is 7♦, 2♦",2026-09-02T06:21:58.427Z,178833011842703
"Player stacks: #1 ""bick and dalls @ gpP9uUffpu"" (5507) | #5 ""fish @ oMsP5L3lJa"" (3481)",2026-09-02T06:21:58.427Z,178833011842702
"-- starting hand #104 (id: wrjtemgvhomv)  No Limit Texas Hold'em (dealer: ""fish @ oMsP5L3lJa"") --",2026-09-02T06:21:58.427Z,178833011842701
"The player ""LingWae @ FQN9hzhzP_"" quits the game with a stack of 0.",2026-09-02T06:21:58.427Z,178833011842700
"-- ending hand #103 --",2026-09-02T06:21:50.376Z,178833011037602
"""bick and dalls @ gpP9uUffpu"" collected 1252 from pot with Straight, 10 High on the second run  (combination: 6♠, 7♦, 8♦, 9♣, 10♣)",2026-09-02T06:21:50.376Z,178833011037601
"""bick and dalls @ gpP9uUffpu"" collected 1253 from pot with Straight, 10 High (combination: 6♠, 7♦, 8♦, 9♣, 10♣)",2026-09-02T06:21:50.376Z,178833011037600
"River (second run): 6♠, K♠, 8♦, 10♣ [Q♣]",2026-09-02T06:21:46.370Z,178833010637000
"River: 6♠, K♠, 8♦, 10♣ [A♦]",2026-09-02T06:21:42.246Z,178833010224600
"""LingWae @ FQN9hzhzP_"" shows a K♦, 9♦.",2026-09-02T06:21:38.229Z,178833009822900
"""bick and dalls @ gpP9uUffpu"" shows a 9♣, 7♦.",2026-09-02T06:21:38.068Z,178833009806800
"All players in hand choose to run it twice.",2026-09-02T06:21:37.416Z,178833009741601
"""LingWae @ FQN9hzhzP_"" chooses to  run it twice.",2026-09-02T06:21:37.416Z,178833009741600
"""bick and dalls @ gpP9uUffpu"" chooses to  run it twice.",2026-09-02T06:21:36.715Z,178833009671500
"Remaining players decide whether to run it twice.",2026-09-02T06:21:36.107Z,178833009610701
"""bick and dalls @ gpP9uUffpu"" calls 1155",2026-09-02T06:21:36.107Z,178833009610700
"""LingWae @ FQN9hzhzP_"" raises to 1155 and go all in",2026-09-02T06:21:35.170Z,178833009517000
"""bick and dalls @ gpP9uUffpu"" raises to 510",2026-09-02T06:21:29.937Z,178833008993700
"""LingWae @ FQN9hzhzP_"" bets 167",2026-09-02T06:21:26.039Z,178833008603900
"""bick and dalls @ gpP9uUffpu"" checks",2026-09-02T06:21:23.967Z,178833008396700
"Turn: 6♠, K♠, 8♦ [10♣]",2026-09-02T06:21:22.419Z,178833008241900
"""bick and dalls @ gpP9uUffpu"" calls 67",2026-09-02T06:21:21.611Z,178833008161100
"""LingWae @ FQN9hzhzP_"" bets 67",2026-09-02T06:21:20.207Z,178833008020700
"""bick and dalls @ gpP9uUffpu"" checks",2026-09-02T06:21:17.409Z,178833007740900
"Flop:  [6♠, K♠, 8♦]",2026-09-02T06:21:14.926Z,178833007492600
"""bick and dalls @ gpP9uUffpu"" calls 28",2026-09-02T06:21:14.070Z,178833007407000
"""fish @ oMsP5L3lJa"" folds",2026-09-02T06:21:13.151Z,178833007315100
"""LingWae @ FQN9hzhzP_"" raises to 28",2026-09-02T06:21:07.312Z,178833006731200
"""bick and dalls @ gpP9uUffpu"" posts a big blind of 10",2026-09-02T06:21:04.810Z,178833006481006
"""fish @ oMsP5L3lJa"" posts a small blind of 5",2026-09-02T06:21:04.810Z,178833006481005
"Your hand is 9♣, 7♦",2026-09-02T06:21:04.810Z,178833006481002
"Player stacks: #1 ""bick and dalls @ gpP9uUffpu"" (4252) | #2 ""LingWae @ FQN9hzhzP_"" (1250) | #5 ""fish @ oMsP5L3lJa"" (3486)",2026-09-02T06:21:04.810Z,178833006481001
"-- starting hand #103 (id: a7gwsagtztl9)  No Limit Texas Hold'em (dealer: ""LingWae @ FQN9hzhzP_"") --",2026-09-02T06:21:04.810Z,178833006481000
"Undealt cards: 8♥, 3♠, A♣, 6♣ [8♦]",2026-09-02T06:21:00.270Z,178833006027000
"-- ending hand #102 --",2026-09-02T06:20:58.871Z,178833005887102
"""bick and dalls @ gpP9uUffpu"" collected 870 from pot",2026-09-02T06:20:58.871Z,178833005887101
"Uncalled bet of 222 returned to ""bick and dalls @ gpP9uUffpu""",2026-09-02T06:20:58.871Z,178833005887100
"""fish @ oMsP5L3lJa"" folds",2026-09-02T06:20:58.064Z,178833005806400
"""bick and dalls @ gpP9uUffpu"" bets 222",2026-09-02T06:20:54.927Z,178833005492700
"""fish @ oMsP5L3lJa"" checks",2026-09-02T06:20:51.753Z,178833005175300
"Turn: 8♥, 3♠, A♣ [6♣]",2026-09-02T06:20:50.345Z,178833005034500
"""fish @ oMsP5L3lJa"" calls 300",2026-09-02T06:20:49.493Z,178833004949300
"""LingWae @ FQN9hzhzP_"" folds",2026-09-02T06:20:47.084Z,178833004708400
"""bick and dalls @ gpP9uUffpu"" raises to 300",2026-09-02T06:20:45.705Z,178833004570500
"""fish @ oMsP5L3lJa"" bets 100",2026-09-02T06:20:38.221Z,178833003822100
"""LingWae @ FQN9hzhzP_"" checks",2026-09-02T06:20:33.648Z,178833003364800
"Flop:  [8♥, 3♠, A♣]",2026-09-02T06:20:31.061Z,178833003106100
"""LingWae @ FQN9hzhzP_"" calls 90",2026-09-02T06:20:30.185Z,178833003018500
"""bick and dalls @ gpP9uUffpu"" calls 90",2026-09-02T06:20:28.230Z,178833002823000
"""fish @ oMsP5L3lJa"" raises to 90",2026-09-02T06:20:23.605Z,178833002360500
"""LingWae @ FQN9hzhzP_"" calls 30",2026-09-02T06:20:13.378Z,178833001337800
"""bick and dalls @ gpP9uUffpu"" raises to 30",2026-09-02T06:20:12.375Z,178833001237500
"""fish @ oMsP5L3lJa"" posts a big blind of 10",2026-09-02T06:20:08.763Z,178833000876306
"""LingWae @ FQN9hzhzP_"" posts a small blind of 5",2026-09-02T06:20:08.763Z,178833000876305
"Player stacks: #1 ""bick and dalls @ gpP9uUffpu"" (3772) | #2 ""LingWae @ FQN9hzhzP_"" (1340) | #5 ""fish @ oMsP5L3lJa"" (3876)",2026-09-02T06:20:08.763Z,178833000876301
"-- starting hand #102 (id: fhvlieib6vs3)  No Limit Texas Hold'em (dealer: ""bick and dalls @ gpP9uUffpu"") --",2026-09-02T06:20:08.763Z,178833000876300
"-- ending hand #101 --",2026-09-02T06:20:02.650Z,178833000265003
"""fish @ oMsP5L3lJa"" collected 1140 from pot with Three of a Kind, 6's (combination: 8♣, Q♥, 6♠, 6♥, 6♣)",2026-09-02T06:20:02.650Z,178833000265002
"""fish @ oMsP5L3lJa"" shows a 6♠, 4♣.",2026-09-02T06:20:02.650Z,178833000265001
"""LingWae @ FQN9hzhzP_"" shows a 4♥, Q♠.",2026-09-02T06:20:02.650Z,178833000265000
"""fish @ oMsP5L3lJa"" checks",2026-09-02T06:20:01.640Z,178833000164000
"""LingWae @ FQN9hzhzP_"" checks",2026-09-02T06:20:00.380Z,178833000038000
"River: 5♥, Q♥, 6♥, 6♣ [8♣]",2026-09-02T06:19:56.482Z,178832999648200
"""fish @ oMsP5L3lJa"" calls 465",2026-09-02T06:19:55.669Z,178832999566900
"""LingWae @ FQN9hzhzP_"" raises to 465",2026-09-02T06:19:54.020Z,178832999402000
"""fish @ oMsP5L3lJa"" raises to 180",2026-09-02T06:19:49.261Z,178832998926100
"""LingWae @ FQN9hzhzP_"" bets 67",2026-09-02T06:19:46.571Z,178832998657100
"Turn: 5♥, Q♥, 6♥ [6♣]",2026-09-02T06:19:41.467Z,178832998146700
"""fish @ oMsP5L3lJa"" calls 90",2026-09-02T06:19:40.608Z,178832998060800
"""LingWae @ FQN9hzhzP_"" raises to 90",2026-09-02T06:19:39.080Z,178832997908000
"""bick and dalls @ gpP9uUffpu"" folds",2026-09-02T06:19:36.480Z,178832997648000
"""fish @ oMsP5L3lJa"" bets 30",2026-09-02T06:19:34.026Z,178832997402600
"""LingWae @ FQN9hzhzP_"" checks",2026-09-02T06:19:29.046Z,178832996904600
"""bick and dalls @ gpP9uUffpu"" checks",2026-09-02T06:19:25.977Z,178832996597700
"Flop:  [5♥, Q♥, 6♥]",2026-09-02T06:19:24.178Z,178832996417800
"""LingWae @ FQN9hzhzP_"" checks",2026-09-02T06:19:23.280Z,178832996328000
"""bick and dalls @ gpP9uUffpu"" calls 10",2026-09-02T06:19:21.994Z,178832996199400
"""fish @ oMsP5L3lJa"" calls 10",2026-09-02T06:19:19.858Z,178832995985800
"""LingWae @ FQN9hzhzP_"" posts a big blind of 10",2026-09-02T06:19:17.461Z,178832995746106
"""bick and dalls @ gpP9uUffpu"" posts a small blind of 5",2026-09-02T06:19:17.461Z,178832995746105
"Player stacks: #1 ""bick and dalls @ gpP9uUffpu"" (3782) | #2 ""LingWae @ FQN9hzhzP_"" (1905) | #5 ""fish @ oMsP5L3lJa"" (3301)",2026-09-02T06:19:17.461Z,178832995746101
"-- starting hand #101 (id: zjpzv0gorhq3)  No Limit Texas Hold'em (dealer: ""fish @ oMsP5L3lJa"") --",2026-09-02T06:19:17.461Z,178832995746100
"-- ending hand #100 --",2026-09-02T06:19:11.459Z,178832995145902
"""LingWae @ FQN9hzhzP_"" collected 90 from pot with Flush, A High (combination: 5♦, 7♦, 8♦, 9♦, A♦)",2026-09-02T06:19:11.459Z,178832995145901
"""LingWae @ FQN9hzhzP_"" shows a 8♦, A♣.",2026-09-02T06:19:11.459Z,178832995145900
"""bick and dalls @ gpP9uUffpu"" calls 30",2026-09-02T06:19:10.608Z,178832995060800
"""fish @ oMsP5L3lJa"" folds",2026-09-02T06:19:09.183Z,178832994918300
"""LingWae @ FQN9hzhzP_"" bets 30",2026-09-02T06:19:06.734Z,178832994673400
"""bick and dalls @ gpP9uUffpu"" checks",2026-09-02T06:19:00.956Z,178832994095600
"""fish @ oMsP5L3lJa"" checks",2026-09-02T06:18:55.561Z,178832993556100
"River: 9♣, 5♦, 7♦, 9♦ [A♦]",2026-09-02T06:18:51.198Z,178832993119800
"""LingWae @ FQN9hzhzP_"" checks",2026-09-02T06:18:50.296Z,178832993029600
"""bick and dalls @ gpP9uUffpu"" checks",2026-09-02T06:18:49.266Z,178832992926600
"""fish @ oMsP5L3lJa"" checks",2026-09-02T06:18:47.416Z,178832992741600
"Turn: 9♣, 5♦, 7♦ [9♦]",2026-09-02T06:18:46.214Z,178832992621400
"""LingWae @ FQN9hzhzP_"" checks",2026-09-02T06:18:45.411Z,178832992541100
"""bick and dalls @ gpP9uUffpu"" checks",2026-09-02T06:18:44.166Z,178832992416600
"""fish @ oMsP5L3lJa"" checks",2026-09-02T06:18:43.098Z,178832992309800
"Flop:  [9♣, 5♦, 7♦]",2026-09-02T06:18:39.584Z,178832991958400
"""bick and dalls @ gpP9uUffpu"" checks",2026-09-02T06:18:38.734Z,178832991873400
"""fish @ oMsP5L3lJa"" calls 10",2026-09-02T06:18:37.805Z,178832991780500
"""LingWae @ FQN9hzhzP_"" calls 10",2026-09-02T06:18:36.648Z,178832991664800
"""bick and dalls @ gpP9uUffpu"" posts a big blind of 10",2026-09-02T06:18:34.207Z,178832991420706
"""fish @ oMsP5L3lJa"" posts a small blind of 5",2026-09-02T06:18:34.207Z,178832991420705
"Player stacks: #1 ""bick and dalls @ gpP9uUffpu"" (3822) | #2 ""LingWae @ FQN9hzhzP_"" (1855) | #5 ""fish @ oMsP5L3lJa"" (3311)",2026-09-02T06:18:34.207Z,178832991420701
"-- starting hand #100 (id: zauva8f7t1gc)  No Limit Texas Hold'em (dealer: ""LingWae @ FQN9hzhzP_"") --",2026-09-02T06:18:34.207Z,178832991420700
"""LingWae @ FQN9hzhzP_"" shows a 9♥.",2026-09-02T06:18:29.597Z,178832990959700
"Undealt cards: 6♠, 3♥, 4♥ [9♦, 2♥]",2026-09-02T06:18:29.469Z,178832990946900
"-- ending hand #99 --",2026-09-02T06:18:27.579Z,178832990757902
"""bick and dalls @ gpP9uUffpu"" collected 110 from pot",2026-09-02T06:18:27.579Z,178832990757901
"Uncalled bet of 90 returned to ""bick and dalls @ gpP9uUffpu""",2026-09-02T06:18:27.579Z,178832990757900
"""LingWae @ FQN9hzhzP_"" folds",2026-09-02T06:18:26.716Z,178832990671600
"""bick and dalls @ gpP9uUffpu"" bets 90",2026-09-02T06:18:24.496Z,178832990449600
"""LingWae @ FQN9hzhzP_"" checks",2026-09-02T06:18:22.218Z,178832990221800
"Flop:  [6♠, 3♥, 4♥]",2026-09-02T06:18:18.573Z,178832989857300
"""fish @ oMsP5L3lJa"" folds",2026-09-02T06:18:17.726Z,178832989772600
"""LingWae @ FQN9hzhzP_"" calls 50",2026-09-02T06:18:15.152Z,178832989515200
"""bick and dalls @ gpP9uUffpu"" raises to 50",2026-09-02T06:18:11.237Z,178832989123700
"""fish @ oMsP5L3lJa"" posts a big blind of 10",2026-09-02T06:18:08.366Z,178832988836606
"""LingWae @ FQN9hzhzP_"" posts a small blind of 5",2026-09-02T06:18:08.366Z,178832988836605
"Player stacks: #1 ""bick and dalls @ gpP9uUffpu"" (3762) | #2 ""LingWae @ FQN9hzhzP_"" (1905) | #5 ""fish @ oMsP5L3lJa"" (3321)",2026-09-02T06:18:08.366Z,178832988836601
"-- starting hand #99 (id: lcinrydbirby)  No Limit Texas Hold'em (dealer: ""bick and dalls @ gpP9uUffpu"") --",2026-09-02T06:18:08.366Z,178832988836600
"""LingWae @ FQN9hzhzP_"" shows a J♦.",2026-09-02T06:18:05.527Z,178832988552700
"Undealt cards: K♣, A♣, J♣ [K♠, Q♥]",2026-09-02T06:18:04.414Z,178832988441400
"""LingWae @ FQN9hzhzP_"" shows a 10♣.",2026-09-02T06:18:04.154Z,178832988415400
"-- ending hand #98 --",2026-09-02T06:18:01.639Z,178832988163902
"""LingWae @ FQN9hzhzP_"" collected 270 from pot",2026-09-02T06:18:01.639Z,178832988163901
"Uncalled bet of 90 returned to ""LingWae @ FQN9hzhzP_""",2026-09-02T06:18:01.639Z,178832988163900
"""fish @ oMsP5L3lJa"" folds",2026-09-02T06:18:00.761Z,178832988076100
"""LingWae @ FQN9hzhzP_"" raises to 180",2026-09-02T06:17:57.907Z,178832987790700
"""bick and dalls @ gpP9uUffpu"" folds",2026-09-02T06:17:54.119Z,178832987411900
"""fish @ oMsP5L3lJa"" bets 90",2026-09-02T06:17:45.246Z,178832986524600
"""LingWae @ FQN9hzhzP_"" checks",2026-09-02T06:17:41.384Z,178832986138400
"""bick and dalls @ gpP9uUffpu"" checks",2026-09-02T06:17:39.669Z,178832985966900
"Flop:  [K♣, A♣, J♣]",2026-09-02T06:17:37.056Z,178832985705600
"""LingWae @ FQN9hzhzP_"" calls 30",2026-09-02T06:17:36.152Z,178832985615200
"""bick and dalls @ gpP9uUffpu"" calls 30",2026-09-02T06:17:35.219Z,178832985521900
"""fish @ oMsP5L3lJa"" raises to 30",2026-09-02T06:17:32.681Z,178832985268100
"""LingWae @ FQN9hzhzP_"" posts a big blind of 10",2026-09-02T06:17:26.802Z,178832984680206
"""bick and dalls @ gpP9uUffpu"" posts a small blind of 5",2026-09-02T06:17:26.802Z,178832984680205
"Player stacks: #1 ""bick and dalls @ gpP9uUffpu"" (3792) | #2 ""LingWae @ FQN9hzhzP_"" (1755) | #5 ""fish @ oMsP5L3lJa"" (3441)",2026-09-02T06:17:26.802Z,178832984680201
"-- starting hand #98 (id: l7al3weiecgg)  No Limit Texas Hold'em (dealer: ""fish @ oMsP5L3lJa"") --",2026-09-02T06:17:26.802Z,178832984680200
"-- ending hand #97 --",2026-09-02T06:17:20.793Z,178832984079304
"""fish @ oMsP5L3lJa"" collected 174 from pot with Pair, 3's (combination: J♥, Q♦, K♦, 3♥, 3♦)",2026-09-02T06:17:20.793Z,178832984079303
"""LingWae @ FQN9hzhzP_"" collected 174 from pot with Pair, 3's (combination: J♣, Q♦, K♦, 3♥, 3♦)",2026-09-02T06:17:20.793Z,178832984079302
"""LingWae @ FQN9hzhzP_"" shows a J♣, 9♣.",2026-09-02T06:17:20.793Z,178832984079301
"""fish @ oMsP5L3lJa"" shows a J♥, 10♣.",2026-09-02T06:17:20.793Z,178832984079300
"""LingWae @ FQN9hzhzP_"" checks",2026-09-02T06:17:19.953Z,178832983995300
"""bick and dalls @ gpP9uUffpu"" checks",2026-09-02T06:17:10.492Z,178832983049200
"""fish @ oMsP5L3lJa"" checks",2026-09-02T06:17:06.599Z,178832982659900
"River: K♦, 4♥, 3♥, Q♦ [3♦]",2026-09-02T06:17:04.986Z,178832982498600
"""fish @ oMsP5L3lJa"" calls 66",2026-09-02T06:17:04.090Z,178832982409000
"""LingWae @ FQN9hzhzP_"" calls 66",2026-09-02T06:17:03.092Z,178832982309200
"""bick and dalls @ gpP9uUffpu"" bets 66",2026-09-02T06:17:01.858Z,178832982185800
"""fish @ oMsP5L3lJa"" checks",2026-09-02T06:16:58.968Z,178832981896800
"Turn: K♦, 4♥, 3♥ [Q♦]",2026-09-02T06:16:57.964Z,178832981796400
"""LingWae @ FQN9hzhzP_"" checks",2026-09-02T06:16:57.064Z,178832981706400
"""bick and dalls @ gpP9uUffpu"" checks",2026-09-02T06:16:56.082Z,178832981608200
"""fish @ oMsP5L3lJa"" checks",2026-09-02T06:16:53.895Z,178832981389500
"Flop:  [K♦, 4♥, 3♥]",2026-09-02T06:16:52.360Z,178832981236000
"""fish @ oMsP5L3lJa"" calls 50",2026-09-02T06:16:51.468Z,178832981146800
"""LingWae @ FQN9hzhzP_"" calls 50",2026-09-02T06:16:50.458Z,178832981045800
"""bick and dalls @ gpP9uUffpu"" raises to 50",2026-09-02T06:16:49.273Z,178832980927300
"""fish @ oMsP5L3lJa"" calls 10",2026-09-02T06:16:47.382Z,178832980738200
"""LingWae @ FQN9hzhzP_"" calls 10",2026-09-02T06:16:45.594Z,178832980559400
"""bick and dalls @ gpP9uUffpu"" posts a big blind of 10",2026-09-02T06:16:37.796Z,178832979779606
"""fish @ oMsP5L3lJa"" posts a small blind of 5",2026-09-02T06:16:37.796Z,178832979779605
"Player stacks: #1 ""bick and dalls @ gpP9uUffpu"" (3908) | #2 ""LingWae @ FQN9hzhzP_"" (1697) | #5 ""fish @ oMsP5L3lJa"" (3383)",2026-09-02T06:16:37.796Z,178832979779601
"-- starting hand #97 (id: fjjnnfrcm6kj)  No Limit Texas Hold'em (dealer: ""LingWae @ FQN9hzhzP_"") --",2026-09-02T06:16:37.796Z,178832979779600
"-- ending hand #96 --",2026-09-02T06:16:31.754Z,178832979175403
"""LingWae @ FQN9hzhzP_"" collected 850 from pot with Pair, J's (combination: 9♠, Q♥, A♠, J♥, J♣)",2026-09-02T06:16:31.754Z,178832979175402
"""LingWae @ FQN9hzhzP_"" shows a J♥, A♠.",2026-09-02T06:16:31.754Z,178832979175401
"""fish @ oMsP5L3lJa"" shows a 9♣, A♥.",2026-09-02T06:16:31.754Z,178832979175400
"""LingWae @ FQN9hzhzP_"" calls 200",2026-09-02T06:16:30.946Z,178832979094600
"""fish @ oMsP5L3lJa"" bets 200",2026-09-02T06:16:13.646Z,178832977364600
"""LingWae @ FQN9hzhzP_"" checks",2026-09-02T06:16:11.762Z,178832977176200
"River: 9♠, 3♣, 6♦, Q♥ [J♣]",2026-09-02T06:16:08.695Z,178832976869500
"""fish @ oMsP5L3lJa"" checks",2026-09-02T06:16:07.824Z,178832976782400
"""LingWae @ FQN9hzhzP_"" checks",2026-09-02T06:16:06.659Z,178832976665900
"Turn: 9♠, 3♣, 6♦ [Q♥]",2026-09-02T06:16:01.192Z,178832976119200
"""LingWae @ FQN9hzhzP_"" calls 150",2026-09-02T06:16:00.280Z,178832976028000
"""bick and dalls @ gpP9uUffpu"" folds",2026-09-02T06:15:58.095Z,178832975809500
"""fish @ oMsP5L3lJa"" bets 150",2026-09-02T06:15:56.321Z,178832975632100
"""LingWae @ FQN9hzhzP_"" checks",2026-09-02T06:15:52.385Z,178832975238500
"Flop:  [9♠, 3♣, 6♦]",2026-09-02T06:15:48.971Z,178832974897100
"""bick and dalls @ gpP9uUffpu"" calls 50",2026-09-02T06:15:48.072Z,178832974807200
"""fish @ oMsP5L3lJa"" calls 50",2026-09-02T06:15:47.163Z,178832974716300
"""LingWae @ FQN9hzhzP_"" raises to 50",2026-09-02T06:15:42.056Z,178832974205600
"""bick and dalls @ gpP9uUffpu"" raises to 30",2026-09-02T06:15:39.069Z,178832973906900
"""fish @ oMsP5L3lJa"" posts a big blind of 10",2026-09-02T06:15:37.164Z,178832973716407
"""LingWae @ FQN9hzhzP_"" posts a small blind of 5",2026-09-02T06:15:37.164Z,178832973716406
"Player stacks: #1 ""bick and dalls @ gpP9uUffpu"" (3958) | #2 ""LingWae @ FQN9hzhzP_"" (1247) | #5 ""fish @ oMsP5L3lJa"" (3783)",2026-09-02T06:15:37.164Z,178832973716402
"-- starting hand #96 (id: roafffbnshsx)  No Limit Texas Hold'em (dealer: ""bick and dalls @ gpP9uUffpu"") --",2026-09-02T06:15:37.164Z,178832973716401
"The admin updated the player ""LingWae @ FQN9hzhzP_"" stack from 747 to 1247.",2026-09-02T06:15:37.164Z,178832973716400
"""fish @ oMsP5L3lJa"" shows a 5♣.",2026-09-02T06:15:34.650Z,178832973465000
"-- ending hand #95 --",2026-09-02T06:15:33.457Z,178832973345702
"""bick and dalls @ gpP9uUffpu"" collected 75 from pot",2026-09-02T06:15:33.457Z,178832973345701
"Uncalled bet of 10 returned to ""bick and dalls @ gpP9uUffpu""",2026-09-02T06:15:33.457Z,178832973345700
"""fish @ oMsP5L3lJa"" folds",2026-09-02T06:15:32.630Z,178832973263000
"""LingWae @ FQN9hzhzP_"" folds",2026-09-02T06:15:31.190Z,178832973119000
"WARNING: the admin queued the stack change for the player ""LingWae @ FQN9hzhzP_"" adding 500 chips in the next hand.",2026-09-02T06:15:30.699Z,178832973069900
"""bick and dalls @ gpP9uUffpu"" bets 10",2026-09-02T06:15:27.336Z,178832972733600
"River: 4♥, 6♥, A♦, Q♦ [6♠]",2026-09-02T06:15:24.755Z,178832972475500
"""fish @ oMsP5L3lJa"" checks",2026-09-02T06:15:23.847Z,178832972384700
"""LingWae @ FQN9hzhzP_"" checks",2026-09-02T06:15:22.461Z,178832972246100
"""bick and dalls @ gpP9uUffpu"" checks",2026-09-02T06:15:20.075Z,178832972007500
"Turn: 4♥, 6♥, A♦ [Q♦]",2026-09-02T06:15:18.396Z,178832971839600
"""fish @ oMsP5L3lJa"" checks",2026-09-02T06:15:17.564Z,178832971756400
"""LingWae @ FQN9hzhzP_"" checks",2026-09-02T06:15:16.389Z,178832971638900
"""bick and dalls @ gpP9uUffpu"" checks",2026-09-02T06:15:13.059Z,178832971305900
"Flop:  [4♥, 6♥, A♦]",2026-09-02T06:15:10.747Z,178832971074700
"""LingWae @ FQN9hzhzP_"" calls 25",2026-09-02T06:15:09.855Z,178832970985500
"""bick and dalls @ gpP9uUffpu"" calls 25",2026-09-02T06:15:08.399Z,178832970839900
"""fish @ oMsP5L3lJa"" raises to 25",2026-09-02T06:15:06.627Z,178832970662700
"""LingWae @ FQN9hzhzP_"" posts a big blind of 10",2026-09-02T06:14:57.883Z,178832969788306
"""bick and dalls @ gpP9uUffpu"" posts a small blind of 5",2026-09-02T06:14:57.883Z,178832969788305
"Player stacks: #1 ""bick and dalls @ gpP9uUffpu"" (3908) | #2 ""LingWae @ FQN9hzhzP_"" (772) | #5 ""fish @ oMsP5L3lJa"" (3808)",2026-09-02T06:14:57.883Z,178832969788301
"-- starting hand #95 (id: gshpykjvgm4z)  No Limit Texas Hold'em (dealer: ""fish @ oMsP5L3lJa"") --",2026-09-02T06:14:57.883Z,178832969788300
"-- ending hand #94 --",2026-09-02T06:14:51.868Z,178832969186803
"""bick and dalls @ gpP9uUffpu"" collected 1101 from pot with Three of a Kind, 4's (combination: 7♥, K♣, 4♠, 4♣, 4♦)",2026-09-02T06:14:51.868Z,178832969186802
"""bick and dalls @ gpP9uUffpu"" shows a 4♠, 7♥.",2026-09-02T06:14:51.868Z,178832969186801
"""fish @ oMsP5L3lJa"" shows a 8♦, J♥.",2026-09-02T06:14:51.868Z,178832969186800
"""bick and dalls @ gpP9uUffpu"" calls 450",2026-09-02T06:14:50.959Z,178832969095900
"""fish @ oMsP5L3lJa"" raises to 450",2026-09-02T06:14:34.947Z,178832967494700
"""LingWae @ FQN9hzhzP_"" folds",2026-09-02T06:14:32.261Z,178832967226100
"""bick and dalls @ gpP9uUffpu"" raises to 150",2026-09-02T06:14:30.673Z,178832967067300
"""fish @ oMsP5L3lJa"" bets 50",2026-09-02T06:14:27.312Z,178832966731200
"River: K♣, 4♣, 3♦, 2♦ [4♦]",2026-09-02T06:14:24.458Z,178832966445800
"""LingWae @ FQN9hzhzP_"" checks",2026-09-02T06:14:23.630Z,178832966363000
"""bick and dalls @ gpP9uUffpu"" checks",2026-09-02T06:14:22.604Z,178832966260400
"""fish @ oMsP5L3lJa"" checks",2026-09-02T06:14:21.144Z,178832966114400
"Turn: K♣, 4♣, 3♦ [2♦]",2026-09-02T06:14:20.249Z,178832966024900
"""LingWae @ FQN9hzhzP_"" checks",2026-09-02T06:14:19.317Z,178832965931700
"""bick and dalls @ gpP9uUffpu"" checks",2026-09-02T06:14:18.358Z,178832965835800
"""fish @ oMsP5L3lJa"" checks",2026-09-02T06:14:16.513Z,178832965651300
"Flop:  [K♣, 4♣, 3♦]",2026-09-02T06:14:14.891Z,178832965489100
"""bick and dalls @ gpP9uUffpu"" calls 67",2026-09-02T06:14:14.070Z,178832965407000
"""fish @ oMsP5L3lJa"" calls 67",2026-09-02T06:14:12.766Z,178832965276600
"""LingWae @ FQN9hzhzP_"" raises to 67",2026-09-02T06:14:09.643Z,178832964964300
"""bick and dalls @ gpP9uUffpu"" posts a big blind of 10",2026-09-02T06:14:01.897Z,178832964189706
"""fish @ oMsP5L3lJa"" posts a small blind of 5",2026-09-02T06:14:01.897Z,178832964189705
"Your hand is 4♠, 7♥",2026-09-02T06:14:01.897Z,178832964189702
"Player stacks: #1 ""bick and dalls @ gpP9uUffpu"" (3324) | #2 ""LingWae @ FQN9hzhzP_"" (839) | #5 ""fish @ oMsP5L3lJa"" (4325)",2026-09-02T06:14:01.897Z,178832964189701
"-- starting hand #94 (id: z7dfl3qz1mzc)  No Limit Texas Hold'em (dealer: ""LingWae @ FQN9hzhzP_"") --",2026-09-02T06:14:01.897Z,178832964189700
"""LingWae @ FQN9hzhzP_"" shows a J♦, 9♠.",2026-09-02T06:13:58.589Z,178832963858900
"""bick and dalls @ gpP9uUffpu"" shows a 8♥.",2026-09-02T06:13:56.549Z,178832963654900
"""fish @ oMsP5L3lJa"" shows a 6♥.",2026-09-02T06:13:54.386Z,178832963438600
"Undealt cards: 10♥, 3♣, 2♦, Q♦ [Q♠]",2026-09-02T06:13:54.038Z,178832963403800
"-- ending hand #93 --",2026-09-02T06:13:53.809Z,178832963380902
"""LingWae @ FQN9hzhzP_"" collected 30 from pot",2026-09-02T06:13:53.809Z,178832963380901
"Uncalled bet of 25 returned to ""LingWae @ FQN9hzhzP_""",2026-09-02T06:13:53.809Z,178832963380900
"""bick and dalls @ gpP9uUffpu"" folds",2026-09-02T06:13:52.937Z,178832963293700
"""fish @ oMsP5L3lJa"" folds",2026-09-02T06:13:51.933Z,178832963193300
"""LingWae @ FQN9hzhzP_"" bets 25",2026-09-02T06:13:49.444Z,178832962944400
"Turn: 10♥, 3♣, 2♦ [Q♦]",2026-09-02T06:13:37.396Z,178832961739600
"""bick and dalls @ gpP9uUffpu"" checks",2026-09-02T06:13:36.532Z,178832961653200
"""fish @ oMsP5L3lJa"" checks",2026-09-02T06:13:33.224Z,178832961322400
"""LingWae @ FQN9hzhzP_"" checks",2026-09-02T06:13:31.746Z,178832961174600
"Flop:  [10♥, 3♣, 2♦]",2026-09-02T06:13:29.987Z,178832960998700
"""fish @ oMsP5L3lJa"" checks",2026-09-02T06:13:29.138Z,178832960913800
"""LingWae @ FQN9hzhzP_"" calls 10",2026-09-02T06:13:27.538Z,178832960753800
"""bick and dalls @ gpP9uUffpu"" calls 10",2026-09-02T06:13:26.626Z,178832960662600
"""fish @ oMsP5L3lJa"" posts a big blind of 10",2026-09-02T06:13:23.639Z,178832960363906
"""LingWae @ FQN9hzhzP_"" posts a small blind of 5",2026-09-02T06:13:23.639Z,178832960363905
"Player stacks: #1 ""bick and dalls @ gpP9uUffpu"" (3334) | #2 ""LingWae @ FQN9hzhzP_"" (819) | #5 ""fish @ oMsP5L3lJa"" (4335)",2026-09-02T06:13:23.639Z,178832960363901
"-- starting hand #93 (id: c6f5u72uipmb)  No Limit Texas Hold'em (dealer: ""bick and dalls @ gpP9uUffpu"") --",2026-09-02T06:13:23.639Z,178832960363900
"Undealt cards: 3♦, A♦, 2♣, 7♥ [2♠]",2026-09-02T06:13:18.868Z,178832959886800
"-- ending hand #92 --",2026-09-02T06:13:17.693Z,178832959769302
"""bick and dalls @ gpP9uUffpu"" collected 165 from pot",2026-09-02T06:13:17.693Z,178832959769301
"Uncalled bet of 110 returned to ""bick and dalls @ gpP9uUffpu""",2026-09-02T06:13:17.693Z,178832959769300
"""fish @ oMsP5L3lJa"" folds",2026-09-02T06:13:16.871Z,178832959687100
"""LingWae @ FQN9hzhzP_"" folds",2026-09-02T06:13:13.395Z,178832959339500
"""bick and dalls @ gpP9uUffpu"" bets 110",2026-09-02T06:13:12.084Z,178832959208400
"Turn: 3♦, A♦, 2♣ [7♥]",2026-09-02T06:13:07.477Z,178832958747700
"""fish @ oMsP5L3lJa"" calls 30",2026-09-02T06:13:06.654Z,178832958665400
"""LingWae @ FQN9hzhzP_"" calls 30",2026-09-02T06:13:02.639Z,178832958263900
"""bick and dalls @ gpP9uUffpu"" bets 30",2026-09-02T06:13:01.588Z,178832958158800
"Flop:  [3♦, A♦, 2♣]",2026-09-02T06:12:57.260Z,178832957726000
"""LingWae @ FQN9hzhzP_"" calls 25",2026-09-02T06:12:56.439Z,178832957643900
"""bick and dalls @ gpP9uUffpu"" calls 25",2026-09-02T06:12:55.473Z,178832957547300
"""fish @ oMsP5L3lJa"" raises to 25",2026-09-02T06:12:54.420Z,178832957442000
"""LingWae @ FQN9hzhzP_"" posts a big blind of 10",2026-09-02T06:12:50.731Z,178832957073106
"""bick and dalls @ gpP9uUffpu"" posts a small blind of 5",2026-09-02T06:12:50.731Z,178832957073105
"Player stacks: #1 ""bick and dalls @ gpP9uUffpu"" (3224) | #2 ""LingWae @ FQN9hzhzP_"" (874) | #5 ""fish @ oMsP5L3lJa"" (4390)",2026-09-02T06:12:50.731Z,178832957073101
"-- starting hand #92 (id: usgctiv04jiy)  No Limit Texas Hold'em (dealer: ""fish @ oMsP5L3lJa"") --",2026-09-02T06:12:50.731Z,178832957073100
"-- ending hand #91 --",2026-09-02T06:12:47.801Z,178832956780102
"""LingWae @ FQN9hzhzP_"" collected 50 from pot",2026-09-02T06:12:47.801Z,178832956780101
"Uncalled bet of 67 returned to ""LingWae @ FQN9hzhzP_""",2026-09-02T06:12:47.801Z,178832956780100
"""bick and dalls @ gpP9uUffpu"" folds",2026-09-02T06:12:46.999Z,178832956699900
"""LingWae @ FQN9hzhzP_"" bets 67",2026-09-02T06:12:44.646Z,178832956464600
"""bick and dalls @ gpP9uUffpu"" checks",2026-09-02T06:12:41.699Z,178832956169900
"River: 4♣, 10♥, 10♠, 6♣ [5♦]",2026-09-02T06:12:37.523Z,178832955752300
"""fish @ oMsP5L3lJa"" folds",2026-09-02T06:12:36.670Z,178832955667000
"""LingWae @ FQN9hzhzP_"" calls 10",2026-09-02T06:12:34.323Z,178832955432300
"""bick and dalls @ gpP9uUffpu"" bets 10",2026-09-02T06:12:33.354Z,178832955335400
"""fish @ oMsP5L3lJa"" checks",2026-09-02T06:12:31.292Z,178832955129200
"Turn: 4♣, 10♥, 10♠ [6♣]",2026-09-02T06:12:29.923Z,178832954992300
"""LingWae @ FQN9hzhzP_"" checks",2026-09-02T06:12:29.105Z,178832954910500
"""bick and dalls @ gpP9uUffpu"" checks",2026-09-02T06:12:27.478Z,178832954747800
"""fish @ oMsP5L3lJa"" checks",2026-09-02T06:12:26.152Z,178832954615200
"Flop:  [4♣, 10♥, 10♠]",2026-09-02T06:12:23.820Z,178832954382000
"""bick and dalls @ gpP9uUffpu"" checks",2026-09-02T06:12:22.972Z,178832954297200
"""fish @ oMsP5L3lJa"" calls 10",2026-09-02T06:12:21.298Z,178832954129800
"""LingWae @ FQN9hzhzP_"" calls 10",2026-09-02T06:12:16.749Z,178832953674900
"""bick and dalls @ gpP9uUffpu"" posts a big blind of 10",2026-09-02T06:12:14.886Z,178832953488606
"""fish @ oMsP5L3lJa"" posts a small blind of 5",2026-09-02T06:12:14.886Z,178832953488605
"Player stacks: #1 ""bick and dalls @ gpP9uUffpu"" (3244) | #2 ""LingWae @ FQN9hzhzP_"" (844) | #5 ""fish @ oMsP5L3lJa"" (4400)",2026-09-02T06:12:14.886Z,178832953488601
"-- starting hand #91 (id: esidqcky2ypu)  No Limit Texas Hold'em (dealer: ""LingWae @ FQN9hzhzP_"") --",2026-09-02T06:12:14.886Z,178832953488600
"-- ending hand #90 --",2026-09-02T06:12:11.970Z,178832953197002
"""bick and dalls @ gpP9uUffpu"" collected 390 from pot",2026-09-02T06:12:11.970Z,178832953197001
"Uncalled bet of 444 returned to ""bick and dalls @ gpP9uUffpu""",2026-09-02T06:12:11.970Z,178832953197000
"""fish @ oMsP5L3lJa"" folds",2026-09-02T06:12:11.132Z,178832953113200
"""LingWae @ FQN9hzhzP_"" folds",2026-09-02T06:11:49.243Z,178832950924300
"""bick and dalls @ gpP9uUffpu"" bets 444",2026-09-02T06:11:46.256Z,178832950625600
"""fish @ oMsP5L3lJa"" checks",2026-09-02T06:11:41.314Z,178832950131400
"""LingWae @ FQN9hzhzP_"" checks",2026-09-02T06:11:38.960Z,178832949896000
"River: A♦, 9♠, Q♥, 7♦ [5♦]",2026-09-02T06:11:28.637Z,178832948863700
"""bick and dalls @ gpP9uUffpu"" checks",2026-09-02T06:11:27.824Z,178832948782400
"""fish @ oMsP5L3lJa"" checks",2026-09-02T06:11:26.372Z,178832948637200
"""LingWae @ FQN9hzhzP_"" checks",2026-09-02T06:11:25.424Z,178832948542400
"Turn: A♦, 9♠, Q♥ [7♦]",2026-09-02T06:11:21.545Z,178832948154500
"""LingWae @ FQN9hzhzP_"" calls 10",2026-09-02T06:11:20.702Z,178832948070200
"""bick and dalls @ gpP9uUffpu"" calls 10",2026-09-02T06:11:19.572Z,178832947957200
"""fish @ oMsP5L3lJa"" bets 10",2026-09-02T06:11:18.416Z,178832947841600
"""LingWae @ FQN9hzhzP_"" checks",2026-09-02T06:11:14.899Z,178832947489900
"Flop:  [A♦, 9♠, Q♥]",2026-09-02T06:11:11.141Z,178832947114100
"""LingWae @ FQN9hzhzP_"" calls 120",2026-09-02T06:11:10.336Z,178832947033600
"""bick and dalls @ gpP9uUffpu"" calls 120",2026-09-02T06:11:09.414Z,178832946941400
"""fish @ oMsP5L3lJa"" raises to 120",2026-09-02T06:11:06.179Z,178832946617900
"""LingWae @ FQN9hzhzP_"" calls 40",2026-09-02T06:11:02.851Z,178832946285100
"""bick and dalls @ gpP9uUffpu"" raises to 40",2026-09-02T06:10:57.264Z,178832945726400
"""fish @ oMsP5L3lJa"" posts a big blind of 10",2026-09-02T06:10:52.782Z,178832945278206
"""LingWae @ FQN9hzhzP_"" posts a small blind of 5",2026-09-02T06:10:52.782Z,178832945278205
"Player stacks: #1 ""bick and dalls @ gpP9uUffpu"" (2984) | #2 ""LingWae @ FQN9hzhzP_"" (974) | #5 ""fish @ oMsP5L3lJa"" (4530)",2026-09-02T06:10:52.782Z,178832945278201
"-- starting hand #90 (id: wu0msuhwbxbw)  No Limit Texas Hold'em (dealer: ""bick and dalls @ gpP9uUffpu"") --",2026-09-02T06:10:52.782Z,178832945278200
"""LingWae @ FQN9hzhzP_"" shows a J♠.",2026-09-02T06:10:51.386Z,178832945138600
"""fish @ oMsP5L3lJa"" shows a 8♣.",2026-09-02T06:10:49.928Z,178832944992800
"""LingWae @ FQN9hzhzP_"" shows a 2♦.",2026-09-02T06:10:48.241Z,178832944824100
"Undealt cards: 3♦, J♥, 5♦ [7♦, 10♠]",2026-09-02T06:10:46.170Z,178832944617000
"-- ending hand #89 --",2026-09-02T06:10:45.459Z,178832944545902
"""LingWae @ FQN9hzhzP_"" collected 75 from pot",2026-09-02T06:10:45.459Z,178832944545901
"Uncalled bet of 67 returned to ""LingWae @ FQN9hzhzP_""",2026-09-02T06:10:45.459Z,178832944545900
"""fish @ oMsP5L3lJa"" folds",2026-09-02T06:10:44.597Z,178832944459700
"""LingWae @ FQN9hzhzP_"" bets 67",2026-09-02T06:10:43.427Z,178832944342700
"Flop:  [3♦, J♥, 5♦]",2026-09-02T06:10:39.551Z,178832943955100
"""LingWae @ FQN9hzhzP_"" calls 35",2026-09-02T06:10:38.663Z,178832943866300
"""bick and dalls @ gpP9uUffpu"" folds",2026-09-02T06:10:35.453Z,178832943545300
"""fish @ oMsP5L3lJa"" raises to 35",2026-09-02T06:10:33.582Z,178832943358200
"""LingWae @ FQN9hzhzP_"" posts a big blind of 10",2026-09-02T06:10:30.558Z,178832943055806
"""bick and dalls @ gpP9uUffpu"" posts a small blind of 5",2026-09-02T06:10:30.558Z,178832943055805
"Player stacks: #1 ""bick and dalls @ gpP9uUffpu"" (2989) | #2 ""LingWae @ FQN9hzhzP_"" (934) | #5 ""fish @ oMsP5L3lJa"" (4565)",2026-09-02T06:10:30.558Z,178832943055801
"-- starting hand #89 (id: opmn7tfnimz8)  No Limit Texas Hold'em (dealer: ""fish @ oMsP5L3lJa"") --",2026-09-02T06:10:30.558Z,178832943055800
"""LingWae @ FQN9hzhzP_"" shows a 2♠.",2026-09-02T06:10:26.396Z,178832942639600
"-- ending hand #88 --",2026-09-02T06:10:24.047Z,178832942404702
"""fish @ oMsP5L3lJa"" collected 240 from pot with Pair, 10's (combination: 6♣, K♣, A♣, 10♣, 10♥)",2026-09-02T06:10:24.047Z,178832942404701
"""fish @ oMsP5L3lJa"" shows a 10♣, 10♥.",2026-09-02T06:10:24.047Z,178832942404700
"""LingWae @ FQN9hzhzP_"" checks",2026-09-02T06:10:23.209Z,178832942320900
"""bick and dalls @ gpP9uUffpu"" checks",2026-09-02T06:10:21.528Z,178832942152800
"""fish @ oMsP5L3lJa"" checks",2026-09-02T06:10:16.095Z,178832941609500
"River: 6♣, A♣, 2♥, K♣ [4♥]",2026-09-02T06:10:14.356Z,178832941435600
"""LingWae @ FQN9hzhzP_"" checks",2026-09-02T06:10:13.531Z,178832941353100
"""bick and dalls @ gpP9uUffpu"" checks",2026-09-02T06:10:12.288Z,178832941228800
"""fish @ oMsP5L3lJa"" checks",2026-09-02T06:10:09.921Z,178832940992100
"Turn: 6♣, A♣, 2♥ [K♣]",2026-09-02T06:10:08.123Z,178832940812300
"""LingWae @ FQN9hzhzP_"" calls 40",2026-09-02T06:10:07.271Z,178832940727100
"""bick and dalls @ gpP9uUffpu"" calls 40",2026-09-02T06:10:05.853Z,178832940585300
"""fish @ oMsP5L3lJa"" bets 40",2026-09-02T06:10:03.374Z,178832940337400
"Flop:  [6♣, A♣, 2♥]",2026-09-02T06:09:59.655Z,178832939965500
"""LingWae @ FQN9hzhzP_"" calls 40",2026-09-02T06:09:58.847Z,178832939884700
"""bick and dalls @ gpP9uUffpu"" calls 40",2026-09-02T06:09:57.921Z,178832939792100
"""fish @ oMsP5L3lJa"" raises to 40",2026-09-02T06:09:56.851Z,178832939685100
"""LingWae @ FQN9hzhzP_"" calls 10",2026-09-02T06:09:53.218Z,178832939321800
"""bick and dalls @ gpP9uUffpu"" posts a big blind of 10",2026-09-02T06:09:50.145Z,178832939014506
"""fish @ oMsP5L3lJa"" posts a small blind of 5",2026-09-02T06:09:50.145Z,178832939014505
"Player stacks: #1 ""bick and dalls @ gpP9uUffpu"" (3069) | #2 ""LingWae @ FQN9hzhzP_"" (1014) | #5 ""fish @ oMsP5L3lJa"" (4405)",2026-09-02T06:09:50.145Z,178832939014501
"-- starting hand #88 (id: abbczomn4oju)  No Limit Texas Hold'em (dealer: ""LingWae @ FQN9hzhzP_"") --",2026-09-02T06:09:50.145Z,178832939014500
"""LingWae @ FQN9hzhzP_"" shows a 9♣.",2026-09-02T06:09:47.399Z,178832938739900
"""LingWae @ FQN9hzhzP_"" shows a 3♠.",2026-09-02T06:09:47.049Z,178832938704900
"-- ending hand #87 --",2026-09-02T06:09:46.541Z,178832938654102
"""fish @ oMsP5L3lJa"" collected 284 from pot",2026-09-02T06:09:46.541Z,178832938654101
"Uncalled bet of 143 returned to ""fish @ oMsP5L3lJa""",2026-09-02T06:09:46.541Z,178832938654100
"""LingWae @ FQN9hzhzP_"" folds",2026-09-02T06:09:45.711Z,178832938571100
"""bick and dalls @ gpP9uUffpu"" folds",2026-09-02T06:09:42.171Z,178832938217100
"""fish @ oMsP5L3lJa"" raises to 210",2026-09-02T06:09:40.307Z,178832938030700
"""LingWae @ FQN9hzhzP_"" bets 67",2026-09-02T06:09:35.441Z,178832937544100
"River: 4♠, 5♦, 10♥, 2♠ [9♠]",2026-09-02T06:09:29.099Z,178832936909900
"""LingWae @ FQN9hzhzP_"" calls 40",2026-09-02T06:09:28.279Z,178832936827900
"""bick and dalls @ gpP9uUffpu"" calls 40",2026-09-02T06:09:26.885Z,178832936688500
"""fish @ oMsP5L3lJa"" raises to 40",2026-09-02T06:09:25.925Z,178832936592500
"""LingWae @ FQN9hzhzP_"" bets 10",2026-09-02T06:09:24.075Z,178832936407500
"Turn: 4♠, 5♦, 10♥ [2♠]",2026-09-02T06:09:19.960Z,178832935996000
"""bick and dalls @ gpP9uUffpu"" checks",2026-09-02T06:09:19.095Z,178832935909500
"""fish @ oMsP5L3lJa"" checks",2026-09-02T06:09:17.386Z,178832935738600
"""LingWae @ FQN9hzhzP_"" checks",2026-09-02T06:09:15.835Z,178832935583500
"Flop:  [4♠, 5♦, 10♥]",2026-09-02T06:09:11.889Z,178832935188900
"""fish @ oMsP5L3lJa"" checks",2026-09-02T06:09:11.082Z,178832935108200
"""LingWae @ FQN9hzhzP_"" calls 10",2026-09-02T06:09:09.667Z,178832934966700
"""bick and dalls @ gpP9uUffpu"" calls 10",2026-09-02T06:09:08.445Z,178832934844500
"""fish @ oMsP5L3lJa"" posts a big blind of 10",2026-09-02T06:09:05.952Z,178832934595206
"""LingWae @ FQN9hzhzP_"" posts a small blind of 5",2026-09-02T06:09:05.952Z,178832934595205
"Player stacks: #1 ""bick and dalls @ gpP9uUffpu"" (3119) | #2 ""LingWae @ FQN9hzhzP_"" (1131) | #5 ""fish @ oMsP5L3lJa"" (4238)",2026-09-02T06:09:05.952Z,178832934595201
"-- starting hand #87 (id: zzrkih1juvvk)  No Limit Texas Hold'em (dealer: ""bick and dalls @ gpP9uUffpu"") --",2026-09-02T06:09:05.952Z,178832934595200
"""LingWae @ FQN9hzhzP_"" shows a Q♥, J♦.",2026-09-02T06:09:01.004Z,178832934100400
"Undealt cards: K♥, K♦, 2♠, 9♦ [7♠]",2026-09-02T06:09:00.673Z,178832934067300
"-- ending hand #86 --",2026-09-02T06:08:59.336Z,178832933933602
"""bick and dalls @ gpP9uUffpu"" collected 180 from pot",2026-09-02T06:08:59.336Z,178832933933601
"Uncalled bet of 90 returned to ""bick and dalls @ gpP9uUffpu""",2026-09-02T06:08:59.336Z,178832933933600
"""fish @ oMsP5L3lJa"" folds",2026-09-02T06:08:58.493Z,178832933849300
"""LingWae @ FQN9hzhzP_"" folds",2026-09-02T06:08:57.447Z,178832933744700
"""bick and dalls @ gpP9uUffpu"" raises to 135",2026-09-02T06:08:55.115Z,178832933511500
"""fish @ oMsP5L3lJa"" bets 45",2026-09-02T06:08:51.907Z,178832933190700
"""LingWae @ FQN9hzhzP_"" checks",2026-09-02T06:08:49.455Z,178832932945500
"""bick and dalls @ gpP9uUffpu"" checks",2026-09-02T06:08:47.453Z,178832932745300
"Turn: K♥, K♦, 2♠ [9♦]",2026-09-02T06:08:45.838Z,178832932583800
"""fish @ oMsP5L3lJa"" checks",2026-09-02T06:08:44.975Z,178832932497500
"""LingWae @ FQN9hzhzP_"" checks",2026-09-02T06:08:43.830Z,178832932383000
"""bick and dalls @ gpP9uUffpu"" checks",2026-09-02T06:08:42.004Z,178832932200400
"Flop:  [K♥, K♦, 2♠]",2026-09-02T06:08:40.080Z,178832932008000
"""LingWae @ FQN9hzhzP_"" calls 30",2026-09-02T06:08:39.270Z,178832931927000
"""bick and dalls @ gpP9uUffpu"" calls 30",2026-09-02T06:08:37.384Z,178832931738400
"""fish @ oMsP5L3lJa"" raises to 30",2026-09-02T06:08:35.433Z,178832931543300
"""LingWae @ FQN9hzhzP_"" posts a big blind of 10",2026-09-02T06:08:31.967Z,178832931196706
"""bick and dalls @ gpP9uUffpu"" posts a small blind of 5",2026-09-02T06:08:31.967Z,178832931196705
"Player stacks: #1 ""bick and dalls @ gpP9uUffpu"" (3014) | #2 ""LingWae @ FQN9hzhzP_"" (1161) | #5 ""fish @ oMsP5L3lJa"" (4313)",2026-09-02T06:08:31.967Z,178832931196701
"-- starting hand #86 (id: dxlqnzbwy13f)  No Limit Texas Hold'em (dealer: ""fish @ oMsP5L3lJa"") --",2026-09-02T06:08:31.967Z,178832931196700
"""LingWae @ FQN9hzhzP_"" shows a J♠, 10♣.",2026-09-02T06:08:27.572Z,178832930757200
"Undealt cards: K♣, A♦, Q♥, 6♥ [3♥]",2026-09-02T06:08:26.399Z,178832930639900
"-- ending hand #85 --",2026-09-02T06:08:25.363Z,178832930536302
"""LingWae @ FQN9hzhzP_"" collected 274 from pot",2026-09-02T06:08:25.363Z,178832930536301
"Uncalled bet of 82 returned to ""LingWae @ FQN9hzhzP_""",2026-09-02T06:08:25.363Z,178832930536300
"""bick and dalls @ gpP9uUffpu"" folds",2026-09-02T06:08:24.559Z,178832930455900
"""LingWae @ FQN9hzhzP_"" raises to 164",2026-09-02T06:08:19.289Z,178832929928900
"""bick and dalls @ gpP9uUffpu"" bets 82",2026-09-02T06:08:17.501Z,178832929750100
"Turn: K♣, A♦, Q♥ [6♥]",2026-09-02T06:08:14.753Z,178832929475300
"""LingWae @ FQN9hzhzP_"" checks",2026-09-02T06:08:13.926Z,178832929392600
"""bick and dalls @ gpP9uUffpu"" checks",2026-09-02T06:08:12.914Z,178832929291400
"Flop:  [K♣, A♦, Q♥]",2026-09-02T06:08:06.776Z,178832928677600
"""fish @ oMsP5L3lJa"" folds",2026-09-02T06:08:05.932Z,178832928593200
"""LingWae @ FQN9hzhzP_"" calls 50",2026-09-02T06:08:04.041Z,178832928404100
"""bick and dalls @ gpP9uUffpu"" raises to 50",2026-09-02T06:08:02.271Z,178832928227100
"""fish @ oMsP5L3lJa"" calls 10",2026-09-02T06:08:00.000Z,178832928000000
"""LingWae @ FQN9hzhzP_"" calls 10",2026-09-02T06:07:58.216Z,178832927821600
"""bick and dalls @ gpP9uUffpu"" posts a big blind of 10",2026-09-02T06:07:54.706Z,178832927470606
"""fish @ oMsP5L3lJa"" posts a small blind of 5",2026-09-02T06:07:54.706Z,178832927470605
"Player stacks: #1 ""bick and dalls @ gpP9uUffpu"" (3146) | #2 ""LingWae @ FQN9hzhzP_"" (1019) | #5 ""fish @ oMsP5L3lJa"" (4323)",2026-09-02T06:07:54.706Z,178832927470601
"-- starting hand #85 (id: kifudhuebmmj)  No Limit Texas Hold'em (dealer: ""LingWae @ FQN9hzhzP_"") --",2026-09-02T06:07:54.706Z,178832927470600
"""bick and dalls @ gpP9uUffpu"" shows a K♥, K♠.",2026-09-02T06:07:50.426Z,178832927042600
"-- ending hand #84 --",2026-09-02T06:07:48.188Z,178832926818804
"""fish @ oMsP5L3lJa"" collected 1019 from pot with Straight, Q High (combination: 8♥, 9♥, 10♦, J♦, Q♠)",2026-09-02T06:07:48.188Z,178832926818803
"""LingWae @ FQN9hzhzP_"" collected 1019 from pot with Straight, Q High (combination: 8♥, 9♣, 10♦, J♦, Q♠)",2026-09-02T06:07:48.188Z,178832926818802
"""fish @ oMsP5L3lJa"" shows a 9♥, 3♥.",2026-09-02T06:07:48.188Z,178832926818801
"""LingWae @ FQN9hzhzP_"" shows a J♥, 9♣.",2026-09-02T06:07:48.188Z,178832926818800
"""fish @ oMsP5L3lJa"" calls 776",2026-09-02T06:07:47.346Z,178832926734600
"""LingWae @ FQN9hzhzP_"" raises to 776 and go all in",2026-09-02T06:07:45.980Z,178832926598000
"""bick and dalls @ gpP9uUffpu"" folds",2026-09-02T06:07:43.850Z,178832926385000
"""fish @ oMsP5L3lJa"" raises to 400",2026-09-02T06:07:41.707Z,178832926170700
"""LingWae @ FQN9hzhzP_"" bets 167",2026-09-02T06:07:21.083Z,178832924108300
"River: Q♠, J♦, 10♦, 7♦ [8♥]",2026-09-02T06:07:14.083Z,178832923408300
"""bick and dalls @ gpP9uUffpu"" checks",2026-09-02T06:07:13.268Z,178832923326800
"""fish @ oMsP5L3lJa"" checks",2026-09-02T06:07:12.301Z,178832923230100
"""LingWae @ FQN9hzhzP_"" checks",2026-09-02T06:07:09.792Z,178832922979200
"Turn: Q♠, J♦, 10♦ [7♦]",2026-09-02T06:07:07.361Z,178832922736100
"""fish @ oMsP5L3lJa"" calls 112",2026-09-02T06:07:06.511Z,178832922651100
"""LingWae @ FQN9hzhzP_"" calls 112",2026-09-02T06:07:04.458Z,178832922445800
"""bick and dalls @ gpP9uUffpu"" bets 112",2026-09-02T06:07:01.511Z,178832922151100
"""fish @ oMsP5L3lJa"" checks",2026-09-02T06:06:53.510Z,178832921351000
"""LingWae @ FQN9hzhzP_"" checks",2026-09-02T06:06:51.229Z,178832921122900
"Flop:  [Q♠, J♦, 10♦]",2026-09-02T06:06:41.756Z,178832920175600
"""fish @ oMsP5L3lJa"" calls 50",2026-09-02T06:06:40.921Z,178832920092100
"""LingWae @ FQN9hzhzP_"" calls 50",2026-09-02T06:06:37.506Z,178832919750600
"""bick and dalls @ gpP9uUffpu"" raises to 50",2026-09-02T06:06:33.275Z,178832919327500
"""fish @ oMsP5L3lJa"" posts a big blind of 10",2026-09-02T06:06:29.195Z,178832918919506
"""LingWae @ FQN9hzhzP_"" posts a small blind of 5",2026-09-02T06:06:29.195Z,178832918919505
"Your hand is K♥, K♠",2026-09-02T06:06:29.195Z,178832918919502
"Player stacks: #1 ""bick and dalls @ gpP9uUffpu"" (3308) | #2 ""LingWae @ FQN9hzhzP_"" (938) | #5 ""fish @ oMsP5L3lJa"" (4242)",2026-09-02T06:06:29.195Z,178832918919501
"-- starting hand #84 (id: yifocz4iloyu)  No Limit Texas Hold'em (dealer: ""bick and dalls @ gpP9uUffpu"") --",2026-09-02T06:06:29.195Z,178832918919500
"-- ending hand #83 --",2026-09-02T06:06:23.149Z,178832918314902
"""LingWae @ FQN9hzhzP_"" collected 632 from pot with Two Pair, A's & 10's (combination: 8♦, 10♣, 10♠, A♣, A♦)",2026-09-02T06:06:23.149Z,178832918314901
"""LingWae @ FQN9hzhzP_"" shows a A♣, 8♦.",2026-09-02T06:06:23.149Z,178832918314900
"""fish @ oMsP5L3lJa"" calls 167",2026-09-02T06:06:22.324Z,178832918232400
"""LingWae @ FQN9hzhzP_"" bets 167",2026-09-02T06:06:21.252Z,178832918125200
"River: A♦, 5♣, 10♣, 3♥ [10♠]",2026-09-02T06:06:15.940Z,178832917594000
"""fish @ oMsP5L3lJa"" calls 67",2026-09-02T06:06:15.092Z,178832917509200
"""LingWae @ FQN9hzhzP_"" bets 67",2026-09-02T06:06:14.142Z,178832917414200
"Turn: A♦, 5♣, 10♣ [3♥]",2026-09-02T06:06:11.537Z,178832917153700
"""bick and dalls @ gpP9uUffpu"" folds",2026-09-02T06:06:10.651Z,178832917065100
"""fish @ oMsP5L3lJa"" calls 67",2026-09-02T06:06:09.706Z,178832916970600
"""LingWae @ FQN9hzhzP_"" bets 67",2026-09-02T06:06:07.979Z,178832916797900
"""bick and dalls @ gpP9uUffpu"" checks",2026-09-02T06:06:05.767Z,178832916576700
"Flop:  [A♦, 5♣, 10♣]",2026-09-02T06:06:03.394Z,178832916339400
"""LingWae @ FQN9hzhzP_"" checks",2026-09-02T06:06:02.545Z,178832916254500
"""bick and dalls @ gpP9uUffpu"" calls 10",2026-09-02T06:06:01.582Z,178832916158200
"""fish @ oMsP5L3lJa"" calls 10",2026-09-02T06:05:58.299Z,178832915829900
"""LingWae @ FQN9hzhzP_"" posts a big blind of 10",2026-09-02T06:05:54.492Z,178832915449206
"""bick and dalls @ gpP9uUffpu"" posts a small blind of 5",2026-09-02T06:05:54.492Z,178832915449205
"Player stacks: #1 ""bick and dalls @ gpP9uUffpu"" (3318) | #2 ""LingWae @ FQN9hzhzP_"" (617) | #5 ""fish @ oMsP5L3lJa"" (4553)",2026-09-02T06:05:54.492Z,178832915449201
"-- starting hand #83 (id: vy1a0yzratm1)  No Limit Texas Hold'em (dealer: ""fish @ oMsP5L3lJa"") --",2026-09-02T06:05:54.492Z,178832915449200
"-- ending hand #82 --",2026-09-02T06:05:51.489Z,178832915148902
"""fish @ oMsP5L3lJa"" collected 360 from pot",2026-09-02T06:05:51.489Z,178832915148901
"Uncalled bet of 120 returned to ""fish @ oMsP5L3lJa""",2026-09-02T06:05:51.489Z,178832915148900
"""bick and dalls @ gpP9uUffpu"" folds",2026-09-02T06:05:50.589Z,178832915058900
"""fish @ oMsP5L3lJa"" bets 120",2026-09-02T06:05:40.749Z,178832914074900
"River: A♠, 10♥, 7♠, 2♠ [Q♠]",2026-09-02T06:05:37.082Z,178832913708200
"""bick and dalls @ gpP9uUffpu"" checks",2026-09-02T06:05:36.261Z,178832913626100
"""fish @ oMsP5L3lJa"" checks",2026-09-02T06:05:33.799Z,178832913379900
"Turn: A♠, 10♥, 7♠ [2♠]",2026-09-02T06:05:32.078Z,178832913207800
"""LingWae @ FQN9hzhzP_"" folds",2026-09-02T06:05:31.172Z,178832913117200
"""bick and dalls @ gpP9uUffpu"" calls 120",2026-09-02T06:05:23.016Z,178832912301600
"""fish @ oMsP5L3lJa"" bets 120",2026-09-02T06:05:21.867Z,178832912186700
"Flop:  [A♠, 10♥, 7♠]",2026-09-02T06:05:17.031Z,178832911703100
"""LingWae @ FQN9hzhzP_"" calls 40",2026-09-02T06:05:16.196Z,178832911619600
"""bick and dalls @ gpP9uUffpu"" calls 40",2026-09-02T06:05:15.278Z,178832911527800
"""fish @ oMsP5L3lJa"" raises to 40",2026-09-02T06:05:13.888Z,178832911388800
"""LingWae @ FQN9hzhzP_"" calls 10",2026-09-02T06:05:11.334Z,178832911133400
"""bick and dalls @ gpP9uUffpu"" posts a big blind of 10",2026-09-02T06:05:07.426Z,178832910742606
"""fish @ oMsP5L3lJa"" posts a small blind of 5",2026-09-02T06:05:07.426Z,178832910742605
"Player stacks: #1 ""bick and dalls @ gpP9uUffpu"" (3478) | #2 ""LingWae @ FQN9hzhzP_"" (657) | #5 ""fish @ oMsP5L3lJa"" (4353)",2026-09-02T06:05:07.426Z,178832910742601
"-- starting hand #82 (id: au4fq5juuhon)  No Limit Texas Hold'em (dealer: ""LingWae @ FQN9hzhzP_"") --",2026-09-02T06:05:07.426Z,178832910742600
"""LingWae @ FQN9hzhzP_"" shows a 9♠.",2026-09-02T06:05:05.731Z,178832910573100
"-- ending hand #81 --",2026-09-02T06:05:03.817Z,178832910381702
"""LingWae @ FQN9hzhzP_"" collected 140 from pot",2026-09-02T06:05:03.817Z,178832910381701
"Uncalled bet of 67 returned to ""LingWae @ FQN9hzhzP_""",2026-09-02T06:05:03.817Z,178832910381700
"""bick and dalls @ gpP9uUffpu"" folds",2026-09-02T06:05:02.990Z,178832910299000
"""LingWae @ FQN9hzhzP_"" bets 67",2026-09-02T06:04:58.531Z,178832909853100
"River: 10♦, 10♠, J♥, A♠ [K♦]",2026-09-02T06:04:55.959Z,178832909595900
"""bick and dalls @ gpP9uUffpu"" checks",2026-09-02T06:04:55.070Z,178832909507000
"""LingWae @ FQN9hzhzP_"" checks",2026-09-02T06:04:54.106Z,178832909410600
"Turn: 10♦, 10♠, J♥ [A♠]",2026-09-02T06:04:52.155Z,178832909215500
"""bick and dalls @ gpP9uUffpu"" calls 35",2026-09-02T06:04:51.264Z,178832909126400
"""LingWae @ FQN9hzhzP_"" bets 35",2026-09-02T06:04:50.255Z,178832909025500
"Flop:  [10♦, 10♠, J♥]",2026-09-02T06:04:45.555Z,178832908555500
"""fish @ oMsP5L3lJa"" folds",2026-09-02T06:04:44.663Z,178832908466300
"""LingWae @ FQN9hzhzP_"" calls 30",2026-09-02T06:04:43.688Z,178832908368800
"""bick and dalls @ gpP9uUffpu"" raises to 30",2026-09-02T06:04:41.810Z,178832908181000
"""fish @ oMsP5L3lJa"" posts a big blind of 10",2026-09-02T06:04:40.501Z,178832908050106
"""LingWae @ FQN9hzhzP_"" posts a small blind of 5",2026-09-02T06:04:40.501Z,178832908050105
"Player stacks: #1 ""bick and dalls @ gpP9uUffpu"" (3543) | #2 ""LingWae @ FQN9hzhzP_"" (582) | #5 ""fish @ oMsP5L3lJa"" (4363)",2026-09-02T06:04:40.501Z,178832908050101
"-- starting hand #81 (id: lorfkulrnxjo)  No Limit Texas Hold'em (dealer: ""bick and dalls @ gpP9uUffpu"") --",2026-09-02T06:04:40.501Z,178832908050100
"""LingWae @ FQN9hzhzP_"" shows a 6♣.",2026-09-02T06:04:37.775Z,178832907777500
"Undealt cards:  [3♣, 8♥, 7♦, 3♦, K♠]",2026-09-02T06:04:34.045Z,178832907404500
"-- ending hand #80 --",2026-09-02T06:04:33.841Z,178832907384102
"""LingWae @ FQN9hzhzP_"" collected 30 from pot",2026-09-02T06:04:33.841Z,178832907384101
"Uncalled bet of 57 returned to ""LingWae @ FQN9hzhzP_""",2026-09-02T06:04:33.841Z,178832907384100
"""bick and dalls @ gpP9uUffpu"" folds",2026-09-02T06:04:33.034Z,178832907303400
"""fish @ oMsP5L3lJa"" folds",2026-09-02T06:04:32.081Z,178832907208100
"""LingWae @ FQN9hzhzP_"" raises to 67",2026-09-02T06:04:30.218Z,178832907021800
"""bick and dalls @ gpP9uUffpu"" calls 10",2026-09-02T06:04:26.601Z,178832906660100
"""fish @ oMsP5L3lJa"" calls 10",2026-09-02T06:04:25.426Z,178832906542600
"""LingWae @ FQN9hzhzP_"" posts a big blind of 10",2026-09-02T06:04:23.794Z,178832906379406
"""bick and dalls @ gpP9uUffpu"" posts a small blind of 5",2026-09-02T06:04:23.794Z,178832906379405
"Player stacks: #1 ""bick and dalls @ gpP9uUffpu"" (3553) | #2 ""LingWae @ FQN9hzhzP_"" (562) | #5 ""fish @ oMsP5L3lJa"" (4373)",2026-09-02T06:04:23.794Z,178832906379401
"-- starting hand #80 (id: dgyjkdjoben9)  No Limit Texas Hold'em (dealer: ""fish @ oMsP5L3lJa"") --",2026-09-02T06:04:23.794Z,178832906379400
"Undealt cards: Q♦, A♣, 3♥, 7♦ [Q♠]",2026-09-02T06:04:18.924Z,178832905892400
"-- ending hand #79 --",2026-09-02T06:04:17.837Z,178832905783702
"""bick and dalls @ gpP9uUffpu"" collected 80 from pot",2026-09-02T06:04:17.837Z,178832905783701
"Uncalled bet of 60 returned to ""bick and dalls @ gpP9uUffpu""",2026-09-02T06:04:17.837Z,178832905783700
"""fish @ oMsP5L3lJa"" folds",2026-09-02T06:04:16.998Z,178832905699800
"""bick and dalls @ gpP9uUffpu"" bets 60",2026-09-02T06:04:16.046Z,178832905604600
"""fish @ oMsP5L3lJa"" checks",2026-09-02T06:04:13.232Z,178832905323200
"Turn: Q♦, A♣, 3♥ [7♦]",2026-09-02T06:04:12.187Z,178832905218700
"""bick and dalls @ gpP9uUffpu"" checks",2026-09-02T06:04:11.331Z,178832905133100
"""fish @ oMsP5L3lJa"" checks",2026-09-02T06:04:07.886Z,178832904788600
"Flop:  [Q♦, A♣, 3♥]",2026-09-02T06:04:05.887Z,178832904588700
"""fish @ oMsP5L3lJa"" calls 40",2026-09-02T06:04:05.035Z,178832904503500
"""bick and dalls @ gpP9uUffpu"" raises to 40",2026-09-02T06:04:02.902Z,178832904290200
"""fish @ oMsP5L3lJa"" calls 10",2026-09-02T06:04:00.579Z,178832904057900
"""LingWae @ FQN9hzhzP_"" folds",2026-09-02T06:03:59.235Z,178832903923500
"""bick and dalls @ gpP9uUffpu"" posts a big blind of 10",2026-09-02T06:03:56.687Z,178832903668706
"""fish @ oMsP5L3lJa"" posts a small blind of 5",2026-09-02T06:03:56.687Z,178832903668705
"Player stacks: #1 ""bick and dalls @ gpP9uUffpu"" (3513) | #2 ""LingWae @ FQN9hzhzP_"" (562) | #5 ""fish @ oMsP5L3lJa"" (4413)",2026-09-02T06:03:56.687Z,178832903668701
"-- starting hand #79 (id: f8ioy4qtmnwn)  No Limit Texas Hold'em (dealer: ""LingWae @ FQN9hzhzP_"") --",2026-09-02T06:03:56.687Z,178832903668700
"""LingWae @ FQN9hzhzP_"" shows a 2♥.",2026-09-02T06:03:54.419Z,178832903441900
"-- ending hand #78 --",2026-09-02T06:03:53.076Z,178832903307602
"""bick and dalls @ gpP9uUffpu"" collected 110 from pot",2026-09-02T06:03:53.076Z,178832903307601
"Uncalled bet of 160 returned to ""bick and dalls @ gpP9uUffpu""",2026-09-02T06:03:53.076Z,178832903307600
"""LingWae @ FQN9hzhzP_"" folds",2026-09-02T06:03:52.267Z,178832903226700
"""bick and dalls @ gpP9uUffpu"" bets 160",2026-09-02T06:03:51.310Z,178832903131000
"""LingWae @ FQN9hzhzP_"" checks",2026-09-02T06:03:48.315Z,178832902831500
"River: 5♥, 10♥, Q♠, A♥ [3♦]",2026-09-02T06:03:46.387Z,178832902638700
"""fish @ oMsP5L3lJa"" folds",2026-09-02T06:03:45.571Z,178832902557100
"""LingWae @ FQN9hzhzP_"" calls 40",2026-09-02T06:03:42.755Z,178832902275500
"""bick and dalls @ gpP9uUffpu"" bets 40",2026-09-02T06:03:41.288Z,178832902128800
"""fish @ oMsP5L3lJa"" checks",2026-09-02T06:03:39.214Z,178832901921400
"""LingWae @ FQN9hzhzP_"" checks",2026-09-02T06:03:37.946Z,178832901794600
"Turn: 5♥, 10♥, Q♠ [A♥]",2026-09-02T06:03:36.342Z,178832901634200
"""bick and dalls @ gpP9uUffpu"" checks",2026-09-02T06:03:35.524Z,178832901552400
"""fish @ oMsP5L3lJa"" checks",2026-09-02T06:03:32.780Z,178832901278000
"""LingWae @ FQN9hzhzP_"" checks",2026-09-02T06:03:30.375Z,178832901037500
"Flop:  [5♥, 10♥, Q♠]",2026-09-02T06:03:25.813Z,178832900581300
"""fish @ oMsP5L3lJa"" checks",2026-09-02T06:03:24.996Z,178832900499600
"""LingWae @ FQN9hzhzP_"" calls 10",2026-09-02T06:03:23.154Z,178832900315400
"""bick and dalls @ gpP9uUffpu"" calls 10",2026-09-02T06:03:21.156Z,178832900115600
"""fish @ oMsP5L3lJa"" posts a big blind of 10",2026-09-02T06:03:18.971Z,178832899897106
"""LingWae @ FQN9hzhzP_"" posts a small blind of 5",2026-09-02T06:03:18.971Z,178832899897105
"Player stacks: #1 ""bick and dalls @ gpP9uUffpu"" (3453) | #2 ""LingWae @ FQN9hzhzP_"" (612) | #5 ""fish @ oMsP5L3lJa"" (4423)",2026-09-02T06:03:18.971Z,178832899897101
"-- starting hand #78 (id: is3g2odntnac)  No Limit Texas Hold'em (dealer: ""bick and dalls @ gpP9uUffpu"") --",2026-09-02T06:03:18.971Z,178832899897100
"""LingWae @ FQN9hzhzP_"" shows a K♠.",2026-09-02T06:03:16.332Z,178832899633200
"-- ending hand #77 --",2026-09-02T06:03:15.330Z,178832899533002
"""fish @ oMsP5L3lJa"" collected 380 from pot",2026-09-02T06:03:15.330Z,178832899533001
"Uncalled bet of 50 returned to ""fish @ oMsP5L3lJa""",2026-09-02T06:03:15.330Z,178832899533000
"""LingWae @ FQN9hzhzP_"" folds",2026-09-02T06:03:14.523Z,178832899452300
"""fish @ oMsP5L3lJa"" raises to 60",2026-09-02T06:03:11.550Z,178832899155000
"""LingWae @ FQN9hzhzP_"" bets 10",2026-09-02T06:03:07.111Z,178832898711100
"River: 9♠, A♠, 4♥, Q♠ [8♦]",2026-09-02T06:02:59.098Z,178832897909800
"""LingWae @ FQN9hzhzP_"" calls 120",2026-09-02T06:02:58.288Z,178832897828800
"""bick and dalls @ gpP9uUffpu"" folds",2026-09-02T06:02:57.372Z,178832897737200
"""fish @ oMsP5L3lJa"" bets 120",2026-09-02T06:02:48.787Z,178832896878700
"""LingWae @ FQN9hzhzP_"" checks",2026-09-02T06:02:47.021Z,178832896702100
"""bick and dalls @ gpP9uUffpu"" checks",2026-09-02T06:02:44.730Z,178832896473000
"Turn: 9♠, A♠, 4♥ [Q♠]",2026-09-02T06:02:42.977Z,178832896297700
"""LingWae @ FQN9hzhzP_"" calls 30",2026-09-02T06:02:42.163Z,178832896216300
"""bick and dalls @ gpP9uUffpu"" calls 30",2026-09-02T06:02:41.181Z,178832896118100
"""fish @ oMsP5L3lJa"" bets 30",2026-09-02T06:02:39.298Z,178832895929800
"""LingWae @ FQN9hzhzP_"" checks",2026-09-02T06:02:37.183Z,178832895718300
"""bick and dalls @ gpP9uUffpu"" checks",2026-09-02T06:02:36.261Z,178832895626100
"Flop:  [9♠, A♠, 4♥]",2026-09-02T06:02:33.050Z,178832895305000
"""LingWae @ FQN9hzhzP_"" checks",2026-09-02T06:02:32.181Z,178832895218100
"""bick and dalls @ gpP9uUffpu"" calls 10",2026-09-02T06:02:31.272Z,178832895127200
"""fish @ oMsP5L3lJa"" calls 10",2026-09-02T06:02:30.343Z,178832895034300
"""LingWae @ FQN9hzhzP_"" posts a big blind of 10",2026-09-02T06:02:27.970Z,178832894797006
"""bick and dalls @ gpP9uUffpu"" posts a small blind of 5",2026-09-02T06:02:27.970Z,178832894797005
"Player stacks: #1 ""bick and dalls @ gpP9uUffpu"" (3493) | #2 ""LingWae @ FQN9hzhzP_"" (782) | #5 ""fish @ oMsP5L3lJa"" (4213)",2026-09-02T06:02:27.970Z,178832894797001
"-- starting hand #77 (id: yjgxomn9o3sn)  No Limit Texas Hold'em (dealer: ""fish @ oMsP5L3lJa"") --",2026-09-02T06:02:27.970Z,178832894797000
"Undealt cards:  [J♥, 9♠, Q♠, 9♥, 2♠]",2026-09-02T06:02:22.772Z,178832894277200
"-- ending hand #76 --",2026-09-02T06:02:22.018Z,178832894201802
"""LingWae @ FQN9hzhzP_"" collected 25 from pot",2026-09-02T06:02:22.018Z,178832894201801
"Uncalled bet of 90 returned to ""LingWae @ FQN9hzhzP_""",2026-09-02T06:02:22.018Z,178832894201800
"""bick and dalls @ gpP9uUffpu"" folds",2026-09-02T06:02:21.177Z,178832894117700
"""fish @ oMsP5L3lJa"" folds",2026-09-02T06:02:19.628Z,178832893962800
"""LingWae @ FQN9hzhzP_"" raises to 100",2026-09-02T06:02:18.561Z,178832893856100
"""bick and dalls @ gpP9uUffpu"" posts a big blind of 10",2026-09-02T06:02:15.046Z,178832893504606
"""fish @ oMsP5L3lJa"" posts a small blind of 5",2026-09-02T06:02:15.046Z,178832893504605
"Player stacks: #1 ""bick and dalls @ gpP9uUffpu"" (3503) | #2 ""LingWae @ FQN9hzhzP_"" (767) | #5 ""fish @ oMsP5L3lJa"" (4218)",2026-09-02T06:02:15.046Z,178832893504601
"-- starting hand #76 (id: bo4qkphysxcr)  No Limit Texas Hold'em (dealer: ""LingWae @ FQN9hzhzP_"") --",2026-09-02T06:02:15.046Z,178832893504600
"""bick and dalls @ gpP9uUffpu"" shows a 10♣.",2026-09-02T06:02:11.960Z,178832893196000
"Undealt cards:  [5♦, 7♠, J♦, 7♥, 5♣]",2026-09-02T06:02:08.979Z,178832892897900
"-- ending hand #75 --",2026-09-02T06:02:08.436Z,178832892843602
"""LingWae @ FQN9hzhzP_"" collected 70 from pot",2026-09-02T06:02:08.436Z,178832892843601
"Uncalled bet of 697 returned to ""LingWae @ FQN9hzhzP_""",2026-09-02T06:02:08.436Z,178832892843600
"""bick and dalls @ gpP9uUffpu"" folds",2026-09-02T06:02:07.620Z,178832892762000
"""fish @ oMsP5L3lJa"" folds",2026-09-02T06:02:06.537Z,178832892653700
"""LingWae @ FQN9hzhzP_"" raises to 727 and go all in",2026-09-02T06:02:04.456Z,178832892445600
"""bick and dalls @ gpP9uUffpu"" raises to 30",2026-09-02T06:02:02.525Z,178832892252500
"""fish @ oMsP5L3lJa"" posts a big blind of 10",2026-09-02T06:01:59.603Z,178832891960306
"""LingWae @ FQN9hzhzP_"" posts a small blind of 5",2026-09-02T06:01:59.603Z,178832891960305
"Player stacks: #1 ""bick and dalls @ gpP9uUffpu"" (3533) | #2 ""LingWae @ FQN9hzhzP_"" (727) | #5 ""fish @ oMsP5L3lJa"" (4228)",2026-09-02T06:01:59.603Z,178832891960301
"-- starting hand #75 (id: ixxv5fo2ostz)  No Limit Texas Hold'em (dealer: ""bick and dalls @ gpP9uUffpu"") --",2026-09-02T06:01:59.603Z,178832891960300
"Undealt cards: 10♠, 4♥, 5♦ [Q♣, A♣]",2026-09-02T06:01:54.007Z,178832891400700
"-- ending hand #74 --",2026-09-02T06:01:53.694Z,178832891369402
"""LingWae @ FQN9hzhzP_"" collected 75 from pot",2026-09-02T06:01:53.694Z,178832891369401
"Uncalled bet of 652 returned to ""LingWae @ FQN9hzhzP_""",2026-09-02T06:01:53.694Z,178832891369400
"""bick and dalls @ gpP9uUffpu"" folds",2026-09-02T06:01:52.815Z,178832891281500
"""fish @ oMsP5L3lJa"" folds",2026-09-02T06:01:51.317Z,178832891131700
"""LingWae @ FQN9hzhzP_"" bets 652 and go all in",2026-09-02T06:01:44.984Z,178832890498400
"""bick and dalls @ gpP9uUffpu"" checks",2026-09-02T06:01:42.117Z,178832890211700
"Flop:  [10♠, 4♥, 5♦]",2026-09-02T06:01:39.948Z,178832889994800
"""LingWae @ FQN9hzhzP_"" calls 25",2026-09-02T06:01:39.140Z,178832889914000
"""bick and dalls @ gpP9uUffpu"" calls 25",2026-09-02T06:01:37.461Z,178832889746100
"""fish @ oMsP5L3lJa"" raises to 25",2026-09-02T06:01:34.647Z,178832889464700
"""LingWae @ FQN9hzhzP_"" posts a big blind of 10",2026-09-02T06:01:26.266Z,178832888626606
"""bick and dalls @ gpP9uUffpu"" posts a small blind of 5",2026-09-02T06:01:26.266Z,178832888626605
"Player stacks: #1 ""bick and dalls @ gpP9uUffpu"" (3558) | #2 ""LingWae @ FQN9hzhzP_"" (677) | #5 ""fish @ oMsP5L3lJa"" (4253)",2026-09-02T06:01:26.266Z,178832888626601
"-- starting hand #74 (id: wuzwunkhvznk)  No Limit Texas Hold'em (dealer: ""fish @ oMsP5L3lJa"") --",2026-09-02T06:01:26.266Z,178832888626600
"-- ending hand #73 --",2026-09-02T06:01:20.191Z,178832888019103
"""fish @ oMsP5L3lJa"" collected 825 from pot with Three of a Kind, J's (combination: 8♥, 10♠, J♣, J♦, J♠)",2026-09-02T06:01:20.191Z,178832888019102
"""fish @ oMsP5L3lJa"" shows a 5♣, J♣.",2026-09-02T06:01:20.191Z,178832888019101
"""LingWae @ FQN9hzhzP_"" shows a 8♦, 7♣.",2026-09-02T06:01:20.191Z,178832888019100
"""fish @ oMsP5L3lJa"" calls 300",2026-09-02T06:01:19.379Z,178832887937900
"""LingWae @ FQN9hzhzP_"" raises to 300",2026-09-02T06:01:18.352Z,178832887835200
"""bick and dalls @ gpP9uUffpu"" folds",2026-09-02T06:01:13.331Z,178832887333100
"""fish @ oMsP5L3lJa"" bets 150",2026-09-02T06:01:04.315Z,178832886431500
"River: 8♥, J♦, 4♠, 10♠ [J♠]",2026-09-02T06:01:01.382Z,178832886138200
"""LingWae @ FQN9hzhzP_"" calls 50",2026-09-02T06:01:00.559Z,178832886055900
"""bick and dalls @ gpP9uUffpu"" calls 50",2026-09-02T06:00:59.654Z,178832885965400
"""fish @ oMsP5L3lJa"" bets 50",2026-09-02T06:00:57.787Z,178832885778700
"Turn: 8♥, J♦, 4♠ [10♠]",2026-09-02T06:00:52.172Z,178832885217200
"""LingWae @ FQN9hzhzP_"" calls 15",2026-09-02T06:00:51.325Z,178832885132500
"""bick and dalls @ gpP9uUffpu"" calls 15",2026-09-02T06:00:49.805Z,178832884980500
"""fish @ oMsP5L3lJa"" bets 15",2026-09-02T06:00:46.750Z,178832884675000
"Flop:  [8♥, J♦, 4♠]",2026-09-02T06:00:41.601Z,178832884160100
"""bick and dalls @ gpP9uUffpu"" checks",2026-09-02T06:00:40.795Z,178832884079500
"""fish @ oMsP5L3lJa"" calls 10",2026-09-02T06:00:39.250Z,178832883925000
"""LingWae @ FQN9hzhzP_"" calls 10",2026-09-02T06:00:33.644Z,178832883364400
"""bick and dalls @ gpP9uUffpu"" posts a big blind of 10",2026-09-02T06:00:30.794Z,178832883079409
"""fish @ oMsP5L3lJa"" posts a small blind of 5",2026-09-02T06:00:30.794Z,178832883079408
"Player stacks: #1 ""bick and dalls @ gpP9uUffpu"" (3633) | #2 ""LingWae @ FQN9hzhzP_"" (1052) | #5 ""fish @ oMsP5L3lJa"" (3803)",2026-09-02T06:00:30.794Z,178832883079404
"-- starting hand #73 (id: jz6zy35epddc)  No Limit Texas Hold'em (dealer: ""LingWae @ FQN9hzhzP_"") --",2026-09-02T06:00:30.794Z,178832883079403
"The game's big blind was changed from 5 to 10.",2026-09-02T06:00:30.794Z,178832883079402
"The game's small blind was changed from 2 to 5.",2026-09-02T06:00:30.794Z,178832883079401
"Game Config Changes
* Blind Schedule: L1: 2/5 » L1: 5/10
* Restart Blind Schedule at Level: none » 1",2026-09-02T06:00:30.794Z,178832883079400
"-- ending hand #72 --",2026-09-02T06:00:24.781Z,178832882478103
"""bick and dalls @ gpP9uUffpu"" collected 2135 from pot with Two Pair, 9's & 8's (combination: 10♥, 8♥, 8♦, 9♣, 9♥)",2026-09-02T06:00:24.781Z,178832882478102
"""bick and dalls @ gpP9uUffpu"" shows a 9♣, 8♥.",2026-09-02T06:00:24.781Z,178832882478101
"""fish @ oMsP5L3lJa"" shows a K♦, K♠.",2026-09-02T06:00:24.781Z,178832882478100
"""bick and dalls @ gpP9uUffpu"" checks",2026-09-02T06:00:23.959Z,178832882395900
"""fish @ oMsP5L3lJa"" checks",2026-09-02T06:00:20.554Z,178832882055400
"River: 10♥, 2♠, 8♦, 9♥ [7♣]",2026-09-02T06:00:18.545Z,178832881854500
"""LingWae @ FQN9hzhzP_"" folds",2026-09-02T06:00:17.595Z,178832881759500
"""bick and dalls @ gpP9uUffpu"" calls 700",2026-09-02T06:00:16.563Z,178832881656300
"""fish @ oMsP5L3lJa"" bets 700",2026-09-02T06:00:07.849Z,178832880784900
"""LingWae @ FQN9hzhzP_"" checks",2026-09-02T05:59:58.427Z,178832879842700
"Turn: 10♥, 2♠, 8♦ [9♥]",2026-09-02T05:59:52.808Z,178832879280800
"""LingWae @ FQN9hzhzP_"" calls 180",2026-09-02T05:59:51.991Z,178832879199100
"""bick and dalls @ gpP9uUffpu"" calls 180",2026-09-02T05:59:51.040Z,178832879104000
"""fish @ oMsP5L3lJa"" raises to 180",2026-09-02T05:59:48.684Z,178832878868400
"""LingWae @ FQN9hzhzP_"" bets 67",2026-09-02T05:59:46.123Z,178832878612300
"Flop:  [10♥, 2♠, 8♦]",2026-09-02T05:59:41.268Z,178832878126800
"""LingWae @ FQN9hzhzP_"" calls 65",2026-09-02T05:59:40.460Z,178832878046000
"""bick and dalls @ gpP9uUffpu"" calls 65",2026-09-02T05:59:39.401Z,178832877940100
"""fish @ oMsP5L3lJa"" raises to 65",2026-09-02T05:59:36.457Z,178832877645700
"""LingWae @ FQN9hzhzP_"" calls 20",2026-09-02T05:59:25.574Z,178832876557400
"""bick and dalls @ gpP9uUffpu"" raises to 20",2026-09-02T05:59:21.810Z,178832876181000
"""fish @ oMsP5L3lJa"" posts a big blind of 5",2026-09-02T05:59:17.939Z,178832875793906
"""LingWae @ FQN9hzhzP_"" posts a small blind of 2",2026-09-02T05:59:17.939Z,178832875793905
"Your hand is 9♣, 8♥",2026-09-02T05:59:17.939Z,178832875793902
"Player stacks: #1 ""bick and dalls @ gpP9uUffpu"" (2443) | #2 ""LingWae @ FQN9hzhzP_"" (1297) | #5 ""fish @ oMsP5L3lJa"" (4748)",2026-09-02T05:59:17.939Z,178832875793901
"-- starting hand #72 (id: 5hsmbvyx8wzq)  No Limit Texas Hold'em (dealer: ""bick and dalls @ gpP9uUffpu"") --",2026-09-02T05:59:17.939Z,178832875793900
"""LingWae @ FQN9hzhzP_"" shows a 9♥, 6♦.",2026-09-02T05:59:12.776Z,178832875277600
"-- ending hand #71 --",2026-09-02T05:59:11.373Z,178832875137302
"""bick and dalls @ gpP9uUffpu"" collected 903 from pot with Flush, K High (combination: 3♥, 7♥, 8♥, 10♥, K♥)",2026-09-02T05:59:11.373Z,178832875137301
"""bick and dalls @ gpP9uUffpu"" shows a K♥, 10♦.",2026-09-02T05:59:11.373Z,178832875137300
"""LingWae @ FQN9hzhzP_"" calls 294",2026-09-02T05:59:10.548Z,178832875054800
"""bick and dalls @ gpP9uUffpu"" raises to 294",2026-09-02T05:58:56.234Z,178832873623400
"""fish @ oMsP5L3lJa"" folds",2026-09-02T05:58:44.454Z,178832872445400
"""LingWae @ FQN9hzhzP_"" raises to 167",2026-09-02T05:58:39.396Z,178832871939600
"""bick and dalls @ gpP9uUffpu"" bets 45",2026-09-02T05:58:36.723Z,178832871672300
"River: 8♥, 3♥, K♦, 7♥ [10♥]",2026-09-02T05:58:31.383Z,178832871138300
"""LingWae @ FQN9hzhzP_"" calls 60",2026-09-02T05:58:30.561Z,178832871056100
"""bick and dalls @ gpP9uUffpu"" calls 60",2026-09-02T05:58:29.608Z,178832870960800
"""fish @ oMsP5L3lJa"" bets 60",2026-09-02T05:58:28.555Z,178832870855500
"""LingWae @ FQN9hzhzP_"" checks",2026-09-02T05:58:25.652Z,178832870565200
"""bick and dalls @ gpP9uUffpu"" checks",2026-09-02T05:58:19.267Z,178832869926700
"Turn: 8♥, 3♥, K♦ [7♥]",2026-09-02T05:58:17.642Z,178832869764200
"""fish @ oMsP5L3lJa"" checks",2026-09-02T05:58:16.785Z,178832869678500
"""LingWae @ FQN9hzhzP_"" checks",2026-09-02T05:58:15.591Z,178832869559100
"""bick and dalls @ gpP9uUffpu"" checks",2026-09-02T05:58:12.136Z,178832869213600
"Flop:  [8♥, 3♥, K♦]",2026-09-02T05:58:09.867Z,178832868986700
"""fish @ oMsP5L3lJa"" calls 45",2026-09-02T05:58:09.041Z,178832868904100
"""LingWae @ FQN9hzhzP_"" calls 45",2026-09-02T05:58:07.753Z,178832868775300
"""bick and dalls @ gpP9uUffpu"" raises to 45",2026-09-02T05:58:05.702Z,178832868570200
"""fish @ oMsP5L3lJa"" raises to 15",2026-09-02T05:58:00.618Z,178832868061800
"""LingWae @ FQN9hzhzP_"" posts a big blind of 5",2026-09-02T05:57:57.547Z,178832867754706
"""bick and dalls @ gpP9uUffpu"" posts a small blind of 2",2026-09-02T05:57:57.547Z,178832867754705
"Your hand is K♥, 10♦",2026-09-02T05:57:57.547Z,178832867754702
"Player stacks: #1 ""bick and dalls @ gpP9uUffpu"" (1939) | #2 ""LingWae @ FQN9hzhzP_"" (1696) | #5 ""fish @ oMsP5L3lJa"" (4853)",2026-09-02T05:57:57.547Z,178832867754701
"-- starting hand #71 (id: ngu2ui8gurnz)  No Limit Texas Hold'em (dealer: ""fish @ oMsP5L3lJa"") --",2026-09-02T05:57:57.547Z,178832867754700
"""LingWae @ FQN9hzhzP_"" shows a 8♠, Q♠.",2026-09-02T05:57:56.303Z,178832867630300
"-- ending hand #70 --",2026-09-02T05:57:53.945Z,178832867394502
"""bick and dalls @ gpP9uUffpu"" collected 150 from pot",2026-09-02T05:57:53.945Z,178832867394501
"Uncalled bet of 175 returned to ""bick and dalls @ gpP9uUffpu""",2026-09-02T05:57:53.945Z,178832867394500
"""fish @ oMsP5L3lJa"" folds",2026-09-02T05:57:53.092Z,178832867309200
"""bick and dalls @ gpP9uUffpu"" bets 175",2026-09-02T05:57:52.151Z,178832867215100
"""fish @ oMsP5L3lJa"" checks",2026-09-02T05:57:44.282Z,178832866428200
"River: 3♥, 7♠, 5♦, 10♣ [5♣]",2026-09-02T05:57:42.141Z,178832866214100
"""fish @ oMsP5L3lJa"" calls 45",2026-09-02T05:57:41.335Z,178832866133500
"""LingWae @ FQN9hzhzP_"" folds",2026-09-02T05:57:40.283Z,178832866028300
"""bick and dalls @ gpP9uUffpu"" bets 45",2026-09-02T05:57:37.071Z,178832865707100
"""fish @ oMsP5L3lJa"" checks",2026-09-02T05:57:33.029Z,178832865302900
"Turn: 3♥, 7♠, 5♦ [10♣]",2026-09-02T05:57:31.449Z,178832865144900
"""fish @ oMsP5L3lJa"" calls 15",2026-09-02T05:57:30.592Z,178832865059200
"""LingWae @ FQN9hzhzP_"" calls 15",2026-09-02T05:57:29.278Z,178832864927800
"""bick and dalls @ gpP9uUffpu"" bets 15",2026-09-02T05:57:28.372Z,178832864837200
"""fish @ oMsP5L3lJa"" checks",2026-09-02T05:57:24.878Z,178832864487800
"Flop:  [3♥, 7♠, 5♦]",2026-09-02T05:57:20.577Z,178832864057700
"""bick and dalls @ gpP9uUffpu"" checks",2026-09-02T05:57:19.751Z,178832863975100
"""fish @ oMsP5L3lJa"" calls 5",2026-09-02T05:57:18.582Z,178832863858200
"""LingWae @ FQN9hzhzP_"" calls 5",2026-09-02T05:57:16.539Z,178832863653900
"""bick and dalls @ gpP9uUffpu"" posts a big blind of 5",2026-09-02T05:57:10.013Z,178832863001306
"""fish @ oMsP5L3lJa"" posts a small blind of 2",2026-09-02T05:57:10.013Z,178832863001305
"Player stacks: #1 ""bick and dalls @ gpP9uUffpu"" (1854) | #2 ""LingWae @ FQN9hzhzP_"" (1716) | #5 ""fish @ oMsP5L3lJa"" (4918)",2026-09-02T05:57:10.013Z,178832863001301
"-- starting hand #70 (id: 8ltlmhupovnn)  No Limit Texas Hold'em (dealer: ""LingWae @ FQN9hzhzP_"") --",2026-09-02T05:57:10.013Z,178832863001300
"""LingWae @ FQN9hzhzP_"" shows a 7♣.",2026-09-02T05:57:07.696Z,178832862769600
"-- ending hand #69 --",2026-09-02T05:57:06.379Z,178832862637902
"""LingWae @ FQN9hzhzP_"" collected 381 from pot",2026-09-02T05:57:06.379Z,178832862637901
"Uncalled bet of 167 returned to ""LingWae @ FQN9hzhzP_""",2026-09-02T05:57:06.379Z,178832862637900
"""bick and dalls @ gpP9uUffpu"" folds",2026-09-02T05:57:05.569Z,178832862556900
"""fish @ oMsP5L3lJa"" folds",2026-09-02T05:57:03.789Z,178832862378900
"""LingWae @ FQN9hzhzP_"" bets 167",2026-09-02T05:56:53.816Z,178832861381600
"River: 5♣, 8♦, 4♦, 4♣ [5♠]",2026-09-02T05:56:48.771Z,178832860877100
"""bick and dalls @ gpP9uUffpu"" calls 67",2026-09-02T05:56:47.894Z,178832860789400
"""fish @ oMsP5L3lJa"" calls 67",2026-09-02T05:56:46.121Z,178832860612100
"""LingWae @ FQN9hzhzP_"" bets 67",2026-09-02T05:56:44.573Z,178832860457300
"Turn: 5♣, 8♦, 4♦ [4♣]",2026-09-02T05:56:39.425Z,178832859942500
"""bick and dalls @ gpP9uUffpu"" calls 55",2026-09-02T05:56:38.571Z,178832859857100
"""fish @ oMsP5L3lJa"" calls 55",2026-09-02T05:56:37.488Z,178832859748800
"""LingWae @ FQN9hzhzP_"" bets 55",2026-09-02T05:56:35.330Z,178832859533000
"Flop:  [5♣, 8♦, 4♦]",2026-09-02T05:56:28.217Z,178832858821700
"""fish @ oMsP5L3lJa"" checks",2026-09-02T05:56:27.388Z,178832858738800
"""LingWae @ FQN9hzhzP_"" calls 5",2026-09-02T05:56:25.913Z,178832858591300
"""bick and dalls @ gpP9uUffpu"" calls 5",2026-09-02T05:56:24.961Z,178832858496100
"""fish @ oMsP5L3lJa"" posts a big blind of 5",2026-09-02T05:56:22.954Z,178832858295407
"""LingWae @ FQN9hzhzP_"" posts a small blind of 2",2026-09-02T05:56:22.954Z,178832858295406
"Player stacks: #1 ""bick and dalls @ gpP9uUffpu"" (1981) | #2 ""LingWae @ FQN9hzhzP_"" (1462) | #5 ""fish @ oMsP5L3lJa"" (5045)",2026-09-02T05:56:22.954Z,178832858295402
"-- starting hand #69 (id: dhjgiojzsreg)  No Limit Texas Hold'em (dealer: ""bick and dalls @ gpP9uUffpu"") --",2026-09-02T05:56:22.954Z,178832858295401
"The admin updated the player ""fish @ oMsP5L3lJa"" stack from 5057 to 5045.",2026-09-02T05:56:22.954Z,178832858295400
"-- ending hand #68 --",2026-09-02T05:56:16.855Z,178832857685502
"""fish @ oMsP5L3lJa"" collected 75 from pot with Pair, 4's (combination: 10♦, Q♥, K♠, 4♦, 4♥)",2026-09-02T05:56:16.855Z,178832857685501
"""fish @ oMsP5L3lJa"" shows a 6♥, 4♦.",2026-09-02T05:56:16.855Z,178832857685500
"""LingWae @ FQN9hzhzP_"" folds",2026-09-02T05:56:16.045Z,178832857604500
"""bick and dalls @ gpP9uUffpu"" calls 30",2026-09-02T05:56:15.105Z,178832857510500
"""fish @ oMsP5L3lJa"" bets 30",2026-09-02T05:56:13.185Z,178832857318500
"""LingWae @ FQN9hzhzP_"" checks",2026-09-02T05:56:09.952Z,178832856995200
"""bick and dalls @ gpP9uUffpu"" checks",2026-09-02T05:56:08.926Z,178832856892600
"River: K♠, 10♦, 5♦, Q♥ [4♥]",2026-09-02T05:56:04.545Z,178832856454500
"""fish @ oMsP5L3lJa"" checks",2026-09-02T05:56:03.709Z,178832856370900
"""LingWae @ FQN9hzhzP_"" checks",2026-09-02T05:56:02.274Z,178832856227400
"""bick and dalls @ gpP9uUffpu"" checks",2026-09-02T05:56:00.890Z,178832856089000
"Turn: K♠, 10♦, 5♦ [Q♥]",2026-09-02T05:55:56.898Z,178832855689800
"""fish @ oMsP5L3lJa"" checks",2026-09-02T05:55:55.992Z,178832855599200
"""LingWae @ FQN9hzhzP_"" checks",2026-09-02T05:55:53.041Z,178832855304100
"""bick and dalls @ gpP9uUffpu"" checks",2026-09-02T05:55:48.601Z,178832854860100
"WARNING: the admin queued the stack change for the player ""fish @ oMsP5L3lJa"" removing 12 chips in the next hand.",2026-09-02T05:55:46.427Z,178832854642700
"Flop:  [K♠, 10♦, 5♦]",2026-09-02T05:55:43.691Z,178832854369100
"""LingWae @ FQN9hzhzP_"" checks",2026-09-02T05:55:42.869Z,178832854286900
"""bick and dalls @ gpP9uUffpu"" calls 5",2026-09-02T05:55:41.957Z,178832854195700
"""fish @ oMsP5L3lJa"" calls 5",2026-09-02T05:55:40.398Z,178832854039800
"""LingWae @ FQN9hzhzP_"" posts a big blind of 5",2026-09-02T05:55:38.890Z,178832853889006
"""bick and dalls @ gpP9uUffpu"" posts a small blind of 2",2026-09-02T05:55:38.890Z,178832853889005
"Player stacks: #1 ""bick and dalls @ gpP9uUffpu"" (2016) | #2 ""LingWae @ FQN9hzhzP_"" (1467) | #5 ""fish @ oMsP5L3lJa"" (5017)",2026-09-02T05:55:38.890Z,178832853889001
"-- starting hand #68 (id: qkbeld0cpfp2)  No Limit Texas Hold'em (dealer: ""fish @ oMsP5L3lJa"") --",2026-09-02T05:55:38.890Z,178832853889000
"""LingWae @ FQN9hzhzP_"" shows a 5♦, A♣.",2026-09-02T05:55:35.716Z,178832853571600
"-- ending hand #67 --",2026-09-02T05:55:32.289Z,178832853228902
"""fish @ oMsP5L3lJa"" collected 221 from pot with Two Pair, 9's & 2's (combination: A♥, 2♣, 2♥, 9♦, 9♥)",2026-09-02T05:55:32.289Z,178832853228901
"""fish @ oMsP5L3lJa"" shows a 2♣, 9♦.",2026-09-02T05:55:32.289Z,178832853228900
"""LingWae @ FQN9hzhzP_"" checks",2026-09-02T05:55:31.442Z,178832853144200
"""fish @ oMsP5L3lJa"" checks",2026-09-02T05:55:29.704Z,178832852970400
"River: J♠, 9♥, A♥, 2♥ [Q♣]",2026-09-02T05:55:27.308Z,178832852730800
"""fish @ oMsP5L3lJa"" calls 67",2026-09-02T05:55:26.500Z,178832852650000
"""LingWae @ FQN9hzhzP_"" bets 67",2026-09-02T05:55:25.132Z,178832852513200
"""fish @ oMsP5L3lJa"" checks",2026-09-02T05:55:22.530Z,178832852253000
"Turn: J♠, 9♥, A♥ [2♥]",2026-09-02T05:55:17.289Z,178832851728900
"""fish @ oMsP5L3lJa"" calls 36",2026-09-02T05:55:16.481Z,178832851648100
"""LingWae @ FQN9hzhzP_"" raises to 36",2026-09-02T05:55:14.314Z,178832851431400
"""bick and dalls @ gpP9uUffpu"" folds",2026-09-02T05:55:11.211Z,178832851121100
"""fish @ oMsP5L3lJa"" bets 10",2026-09-02T05:55:07.638Z,178832850763800
"Flop:  [J♠, 9♥, A♥]",2026-09-02T05:55:03.256Z,178832850325600
"""bick and dalls @ gpP9uUffpu"" checks",2026-09-02T05:55:02.347Z,178832850234700
"""fish @ oMsP5L3lJa"" calls 5",2026-09-02T05:55:00.497Z,178832850049700
"""LingWae @ FQN9hzhzP_"" calls 5",2026-09-02T05:54:59.143Z,178832849914300
"""bick and dalls @ gpP9uUffpu"" posts a big blind of 5",2026-09-02T05:54:58.106Z,178832849810606
"""fish @ oMsP5L3lJa"" posts a small blind of 2",2026-09-02T05:54:58.106Z,178832849810605
"Player stacks: #1 ""bick and dalls @ gpP9uUffpu"" (2021) | #2 ""LingWae @ FQN9hzhzP_"" (1575) | #5 ""fish @ oMsP5L3lJa"" (4904)",2026-09-02T05:54:58.106Z,178832849810601
"-- starting hand #67 (id: vbz7nej5bhxk)  No Limit Texas Hold'em (dealer: ""LingWae @ FQN9hzhzP_"") --",2026-09-02T05:54:58.106Z,178832849810600
"-- ending hand #66 --",2026-09-02T05:54:52.078Z,178832849207803
"""bick and dalls @ gpP9uUffpu"" collected 60 from pot with Two Pair, Q's & 2's (combination: A♠, 2♥, 2♣, Q♥, Q♠)",2026-09-02T05:54:52.078Z,178832849207802
"""bick and dalls @ gpP9uUffpu"" shows a 2♥, 4♠.",2026-09-02T05:54:52.078Z,178832849207801
"""LingWae @ FQN9hzhzP_"" shows a 3♠, 4♣.",2026-09-02T05:54:52.078Z,178832849207800
"""bick and dalls @ gpP9uUffpu"" checks",2026-09-02T05:54:51.239Z,178832849123900
"""fish @ oMsP5L3lJa"" folds",2026-09-02T05:54:47.929Z,178832848792900
"""LingWae @ FQN9hzhzP_"" checks",2026-09-02T05:54:46.011Z,178832848601100
"River: 6♥, Q♥, A♠, Q♠ [2♣]",2026-09-02T05:54:37.180Z,178832847718000
"""bick and dalls @ gpP9uUffpu"" checks",2026-09-02T05:54:36.364Z,178832847636400
"""fish @ oMsP5L3lJa"" checks",2026-09-02T05:54:35.103Z,178832847510300
"""LingWae @ FQN9hzhzP_"" checks",2026-09-02T05:54:33.641Z,178832847364100
"Turn: 6♥, Q♥, A♠ [Q♠]",2026-09-02T05:54:30.663Z,178832847066300
"""bick and dalls @ gpP9uUffpu"" checks",2026-09-02T05:54:29.792Z,178832846979200
"""fish @ oMsP5L3lJa"" checks",2026-09-02T05:54:28.479Z,178832846847900
"""LingWae @ FQN9hzhzP_"" checks",2026-09-02T05:54:27.007Z,178832846700700
"Flop:  [6♥, Q♥, A♠]",2026-09-02T05:54:20.460Z,178832846046000
"""LingWae @ FQN9hzhzP_"" calls 20",2026-09-02T05:54:19.560Z,178832845956000
"""bick and dalls @ gpP9uUffpu"" calls 20",2026-09-02T05:54:18.611Z,178832845861100
"""fish @ oMsP5L3lJa"" raises to 20",2026-09-02T05:54:17.159Z,178832845715900
"""LingWae @ FQN9hzhzP_"" calls 5",2026-09-02T05:54:15.180Z,178832845518000
"""bick and dalls @ gpP9uUffpu"" calls 5",2026-09-02T05:54:13.160Z,178832845316000
"""fish @ oMsP5L3lJa"" posts a big blind of 5",2026-09-02T05:54:11.652Z,178832845165206
"""LingWae @ FQN9hzhzP_"" posts a small blind of 2",2026-09-02T05:54:11.652Z,178832845165205
"Your hand is 2♥, 4♠",2026-09-02T05:54:11.652Z,178832845165202
"Player stacks: #1 ""bick and dalls @ gpP9uUffpu"" (1981) | #2 ""LingWae @ FQN9hzhzP_"" (1595) | #5 ""fish @ oMsP5L3lJa"" (4924)",2026-09-02T05:54:11.652Z,178832845165201
"-- starting hand #66 (id: p0p96xnb5bah)  No Limit Texas Hold'em (dealer: ""bick and dalls @ gpP9uUffpu"") --",2026-09-02T05:54:11.652Z,178832845165200
"""LingWae @ FQN9hzhzP_"" shows a 4♥, 8♥.",2026-09-02T05:54:09.757Z,178832844975700
"-- ending hand #65 --",2026-09-02T05:54:05.081Z,178832844508103
"""fish @ oMsP5L3lJa"" collected 150 from pot with Pair, J's (combination: 7♣, Q♠, K♥, J♥, J♦)",2026-09-02T05:54:05.081Z,178832844508102
"""fish @ oMsP5L3lJa"" shows a 6♠, J♥.",2026-09-02T05:54:05.081Z,178832844508101
"""bick and dalls @ gpP9uUffpu"" shows a 8♠, 9♦.",2026-09-02T05:54:05.081Z,178832844508100
"""fish @ oMsP5L3lJa"" checks",2026-09-02T05:54:04.256Z,178832844425600
"""LingWae @ FQN9hzhzP_"" checks",2026-09-02T05:54:01.667Z,178832844166700
"""bick and dalls @ gpP9uUffpu"" checks",2026-09-02T05:53:56.201Z,178832843620100
"River: 7♣, J♦, K♥, Q♠ [3♣]",2026-09-02T05:53:54.042Z,178832843404200
"""fish @ oMsP5L3lJa"" checks",2026-09-02T05:53:53.155Z,178832843315500
"""LingWae @ FQN9hzhzP_"" checks",2026-09-02T05:53:51.912Z,178832843191200
"""bick and dalls @ gpP9uUffpu"" checks",2026-09-02T05:53:49.905Z,178832842990500
"Turn: 7♣, J♦, K♥ [Q♠]",2026-09-02T05:53:47.491Z,178832842749100
"""LingWae @ FQN9hzhzP_"" calls 30",2026-09-02T05:53:46.680Z,178832842668000
"""bick and dalls @ gpP9uUffpu"" calls 30",2026-09-02T05:53:45.362Z,178832842536200
"""fish @ oMsP5L3lJa"" bets 30",2026-09-02T05:53:44.432Z,178832842443200
"""LingWae @ FQN9hzhzP_"" checks",2026-09-02T05:53:41.208Z,178832842120800
"""bick and dalls @ gpP9uUffpu"" checks",2026-09-02T05:53:40.304Z,178832842030400
"Flop:  [7♣, J♦, K♥]",2026-09-02T05:53:38.243Z,178832841824300
"""fish @ oMsP5L3lJa"" calls 20",2026-09-02T05:53:37.439Z,178832841743900
"""LingWae @ FQN9hzhzP_"" calls 20",2026-09-02T05:53:36.095Z,178832841609500
"""bick and dalls @ gpP9uUffpu"" raises to 20",2026-09-02T05:53:34.258Z,178832841425800
"""fish @ oMsP5L3lJa"" calls 5",2026-09-02T05:53:32.075Z,178832841207500
"""LingWae @ FQN9hzhzP_"" posts a big blind of 5",2026-09-02T05:53:30.372Z,178832841037206
"""bick and dalls @ gpP9uUffpu"" posts a small blind of 2",2026-09-02T05:53:30.372Z,178832841037205
"Your hand is 8♠, 9♦",2026-09-02T05:53:30.372Z,178832841037202
"Player stacks: #1 ""bick and dalls @ gpP9uUffpu"" (2031) | #2 ""LingWae @ FQN9hzhzP_"" (1645) | #5 ""fish @ oMsP5L3lJa"" (4824)",2026-09-02T05:53:30.372Z,178832841037201
"-- starting hand #65 (id: cjc3twuabuhm)  No Limit Texas Hold'em (dealer: ""fish @ oMsP5L3lJa"") --",2026-09-02T05:53:30.372Z,178832841037200
"""LingWae @ FQN9hzhzP_"" shows a Q♣, A♠.",2026-09-02T05:53:24.873Z,178832840487300
"-- ending hand #64 --",2026-09-02T05:53:23.851Z,178832840385102
"""fish @ oMsP5L3lJa"" collected 645 from pot with Pair, 10's (combination: 7♦, 9♦, K♥, 10♣, 10♥)",2026-09-02T05:53:23.851Z,178832840385101
"""fish @ oMsP5L3lJa"" shows a 10♣, 10♥.",2026-09-02T05:53:23.851Z,178832840385100
"""LingWae @ FQN9hzhzP_"" checks",2026-09-02T05:53:23.042Z,178832840304200
"""fish @ oMsP5L3lJa"" checks",2026-09-02T05:53:21.859Z,178832840185900
"River: 2♦, 9♦, 3♣, K♥ [7♦]",2026-09-02T05:53:20.768Z,178832840076800
"""LingWae @ FQN9hzhzP_"" checks",2026-09-02T05:53:19.964Z,178832839996400
"""fish @ oMsP5L3lJa"" checks",2026-09-02T05:53:18.377Z,178832839837700
"Turn: 2♦, 9♦, 3♣ [K♥]",2026-09-02T05:53:17.044Z,178832839704400
"""LingWae @ FQN9hzhzP_"" calls 200",2026-09-02T05:53:16.182Z,178832839618200
"""fish @ oMsP5L3lJa"" bets 200",2026-09-02T05:53:14.465Z,178832839446500
"Flop:  [2♦, 9♦, 3♣]",2026-09-02T05:53:11.287Z,178832839128700
"""fish @ oMsP5L3lJa"" calls 120",2026-09-02T05:53:10.470Z,178832839047000
"""LingWae @ FQN9hzhzP_"" raises to 120",2026-09-02T05:53:08.734Z,178832838873400
"""bick and dalls @ gpP9uUffpu"" folds",2026-09-02T05:53:03.790Z,178832838379000
"""fish @ oMsP5L3lJa"" raises to 60",2026-09-02T05:53:01.252Z,178832838125200
"""LingWae @ FQN9hzhzP_"" raises to 20",2026-09-02T05:52:55.062Z,178832837506200
"""bick and dalls @ gpP9uUffpu"" posts a big blind of 5",2026-09-02T05:52:51.617Z,178832837161706
"""fish @ oMsP5L3lJa"" posts a small blind of 2",2026-09-02T05:52:51.617Z,178832837161705
"Player stacks: #1 ""bick and dalls @ gpP9uUffpu"" (2036) | #2 ""LingWae @ FQN9hzhzP_"" (1965) | #5 ""fish @ oMsP5L3lJa"" (4499)",2026-09-02T05:52:51.617Z,178832837161701
"-- starting hand #64 (id: atgdvl1g8kuy)  No Limit Texas Hold'em (dealer: ""LingWae @ FQN9hzhzP_"") --",2026-09-02T05:52:51.617Z,178832837161700
"-- ending hand #63 --",2026-09-02T05:52:45.612Z,178832836561202
"""fish @ oMsP5L3lJa"" collected 739 from pot with Two Pair, Q's & 8's (combination: A♦, 8♠, 8♦, Q♣, Q♦)",2026-09-02T05:52:45.612Z,178832836561201
"""fish @ oMsP5L3lJa"" shows a 8♠, Q♣.",2026-09-02T05:52:45.612Z,178832836561200
"""bick and dalls @ gpP9uUffpu"" checks",2026-09-02T05:52:44.768Z,178832836476800
"""fish @ oMsP5L3lJa"" checks",2026-09-02T05:52:42.727Z,178832836272700
"River: 8♦, 2♦, 5♣, Q♦ [A♦]",2026-09-02T05:52:40.897Z,178832836089700
"""fish @ oMsP5L3lJa"" calls 167",2026-09-02T05:52:40.076Z,178832836007600
"""bick and dalls @ gpP9uUffpu"" bets 167",2026-09-02T05:52:37.162Z,178832835716200
"""fish @ oMsP5L3lJa"" checks",2026-09-02T05:52:31.354Z,178832835135400
"Turn: 8♦, 2♦, 5♣ [Q♦]",2026-09-02T05:52:29.806Z,178832834980600
"""fish @ oMsP5L3lJa"" calls 150",2026-09-02T05:52:28.958Z,178832834895800
"""LingWae @ FQN9hzhzP_"" folds",2026-09-02T05:52:25.793Z,178832834579300
"""bick and dalls @ gpP9uUffpu"" raises to 150",2026-09-02T05:52:24.770Z,178832834477000
"""fish @ oMsP5L3lJa"" bets 50",2026-09-02T05:52:20.493Z,178832834049300
"""LingWae @ FQN9hzhzP_"" checks",2026-09-02T05:52:17.459Z,178832833745900
"Flop:  [8♦, 2♦, 5♣]",2026-09-02T05:52:14.020Z,178832833402000
"""bick and dalls @ gpP9uUffpu"" calls 35",2026-09-02T05:52:13.211Z,178832833321100
"""fish @ oMsP5L3lJa"" calls 35",2026-09-02T05:52:12.239Z,178832833223900
"""LingWae @ FQN9hzhzP_"" raises to 35",2026-09-02T05:52:07.890Z,178832832789000
"""bick and dalls @ gpP9uUffpu"" raises to 20",2026-09-02T05:52:05.414Z,178832832541400
"""fish @ oMsP5L3lJa"" posts a big blind of 5",2026-09-02T05:52:02.504Z,178832832250407
"""LingWae @ FQN9hzhzP_"" posts a small blind of 2",2026-09-02T05:52:02.504Z,178832832250406
"Player stacks: #1 ""bick and dalls @ gpP9uUffpu"" (2388) | #2 ""LingWae @ FQN9hzhzP_"" (2000) | #5 ""fish @ oMsP5L3lJa"" (4112)",2026-09-02T05:52:02.504Z,178832832250402
"-- starting hand #63 (id: xmqq2vw1noqo)  No Limit Texas Hold'em (dealer: ""bick and dalls @ gpP9uUffpu"") --",2026-09-02T05:52:02.504Z,178832832250401
"The player ""LingWae @ FQN9hzhzP_"" joined the game with a stack of 2000.",2026-09-02T05:52:02.504Z,178832832250400
"Undealt cards: 3♦, 8♣, 5♦ [5♠, 8♦]",2026-09-02T05:51:56.789Z,178832831678900
"-- ending hand #62 --",2026-09-02T05:51:56.568Z,178832831656802
"""fish @ oMsP5L3lJa"" collected 10 from pot",2026-09-02T05:51:56.568Z,178832831656801
"Uncalled bet of 10 returned to ""fish @ oMsP5L3lJa""",2026-09-02T05:51:56.568Z,178832831656800
"""bick and dalls @ gpP9uUffpu"" folds",2026-09-02T05:51:55.749Z,178832831574900
"""fish @ oMsP5L3lJa"" bets 10",2026-09-02T05:51:53.506Z,178832831350600
"""bick and dalls @ gpP9uUffpu"" checks",2026-09-02T05:51:48.569Z,178832830856900
"The admin approved the player ""LingWae @ FQN9hzhzP_"" participation with a stack of 2000.",2026-09-02T05:51:46.354Z,178832830635400
"The player ""LingWae @ FQN9hzhzP_"" requested a seat.",2026-09-02T05:51:43.078Z,178832830307800
"Flop:  [3♦, 8♣, 5♦]",2026-09-02T05:51:42.956Z,178832830295600
"""bick and dalls @ gpP9uUffpu"" checks",2026-09-02T05:51:42.079Z,178832830207900
"""fish @ oMsP5L3lJa"" calls 5",2026-09-02T05:51:40.705Z,178832830070500
"""bick and dalls @ gpP9uUffpu"" posts a big blind of 5",2026-09-02T05:51:38.551Z,178832829855106
"""fish @ oMsP5L3lJa"" posts a small blind of 2",2026-09-02T05:51:38.551Z,178832829855105
"Player stacks: #1 ""bick and dalls @ gpP9uUffpu"" (2393) | #5 ""fish @ oMsP5L3lJa"" (4107)",2026-09-02T05:51:38.551Z,178832829855102
"-- starting hand #62 (id: xfnvnt22ql0e)  No Limit Texas Hold'em (dealer: ""fish @ oMsP5L3lJa"") --",2026-09-02T05:51:38.551Z,178832829855101
"The player ""LingWae @ FQN9hzhzP_"" quits the game with a stack of 0.",2026-09-02T05:51:38.551Z,178832829855100
"""bick and dalls @ gpP9uUffpu"" shows a 4♣, 7♦.",2026-09-02T05:51:35.396Z,178832829539600
"-- ending hand #61 --",2026-09-02T05:51:31.926Z,178832829192603
"""fish @ oMsP5L3lJa"" collected 1887 from pot with Two Pair, 10's & 2's (combination: 8♥, 2♥, 2♣, 10♦, 10♥)",2026-09-02T05:51:31.926Z,178832829192602
"""fish @ oMsP5L3lJa"" shows a 2♥, 10♦.",2026-09-02T05:51:31.926Z,178832829192601
"""LingWae @ FQN9hzhzP_"" shows a Q♦, Q♣.",2026-09-02T05:51:31.926Z,178832829192600
"""fish @ oMsP5L3lJa"" calls 541",2026-09-02T05:51:31.072Z,178832829107200
"""LingWae @ FQN9hzhzP_"" bets 541 and go all in",2026-09-02T05:51:30.010Z,178832829001000
"""fish @ oMsP5L3lJa"" checks",2026-09-02T05:51:27.978Z,178832828797800
"River: 2♣, 6♣, 10♥, 8♥ [5♠]",2026-09-02T05:51:25.776Z,178832828577600
"""bick and dalls @ gpP9uUffpu"" folds",2026-09-02T05:51:24.973Z,178832828497300
"""fish @ oMsP5L3lJa"" calls 300",2026-09-02T05:51:23.373Z,178832828337300
"""LingWae @ FQN9hzhzP_"" raises to 300",2026-09-02T05:51:08.213Z,178832826821300
"""bick and dalls @ gpP9uUffpu"" calls 100",2026-09-02T05:51:04.330Z,178832826433000
"""fish @ oMsP5L3lJa"" bets 100",2026-09-02T05:50:59.403Z,178832825940300
"Turn: 2♣, 6♣, 10♥ [8♥]",2026-09-02T05:50:54.467Z,178832825446700
"""bick and dalls @ gpP9uUffpu"" calls 30",2026-09-02T05:50:53.605Z,178832825360500
"""fish @ oMsP5L3lJa"" calls 30",2026-09-02T05:50:52.054Z,178832825205400
"""LingWae @ FQN9hzhzP_"" raises to 30",2026-09-02T05:50:49.419Z,178832824941900
"""bick and dalls @ gpP9uUffpu"" calls 15",2026-09-02T05:50:47.596Z,178832824759600
"""fish @ oMsP5L3lJa"" bets 15",2026-09-02T05:50:45.878Z,178832824587800
"Flop:  [2♣, 6♣, 10♥]",2026-09-02T05:50:37.861Z,178832823786100
"""bick and dalls @ gpP9uUffpu"" checks",2026-09-02T05:50:36.971Z,178832823697100
"""fish @ oMsP5L3lJa"" calls 5",2026-09-02T05:50:35.973Z,178832823597300
"""LingWae @ FQN9hzhzP_"" calls 5",2026-09-02T05:50:32.154Z,178832823215400
"""bick and dalls @ gpP9uUffpu"" posts a big blind of 5",2026-09-02T05:50:30.460Z,178832823046006
"""fish @ oMsP5L3lJa"" posts a small blind of 2",2026-09-02T05:50:30.460Z,178832823046005
"Your hand is 4♣, 7♦",2026-09-02T05:50:30.460Z,178832823046002
"Player stacks: #1 ""bick and dalls @ gpP9uUffpu"" (2528) | #2 ""LingWae @ FQN9hzhzP_"" (876) | #5 ""fish @ oMsP5L3lJa"" (3096)",2026-09-02T05:50:30.460Z,178832823046001
"-- starting hand #61 (id: 3km6gxuqbpwx)  No Limit Texas Hold'em (dealer: ""LingWae @ FQN9hzhzP_"") --",2026-09-02T05:50:30.460Z,178832823046000
"Undealt cards: 8♦, 9♣, Q♠ [7♥, 6♦]",2026-09-02T05:50:24.886Z,178832822488600
"-- ending hand #60 --",2026-09-02T05:50:24.449Z,178832822444901
"""fish @ oMsP5L3lJa"" collected 12 from pot",2026-09-02T05:50:24.449Z,178832822444900
"""bick and dalls @ gpP9uUffpu"" folds",2026-09-02T05:50:23.609Z,178832822360900
"""fish @ oMsP5L3lJa"" checks",2026-09-02T05:50:21.368Z,178832822136800
"Flop:  [8♦, 9♣, Q♠]",2026-09-02T05:50:19.447Z,178832821944700
"""fish @ oMsP5L3lJa"" checks",2026-09-02T05:50:18.622Z,178832821862200
"""LingWae @ FQN9hzhzP_"" folds",2026-09-02T05:50:16.559Z,178832821655900
"""bick and dalls @ gpP9uUffpu"" calls 5",2026-09-02T05:50:14.912Z,178832821491200
"""fish @ oMsP5L3lJa"" posts a big blind of 5",2026-09-02T05:50:12.087Z,178832821208706
"""LingWae @ FQN9hzhzP_"" posts a small blind of 2",2026-09-02T05:50:12.087Z,178832821208705
"Player stacks: #1 ""bick and dalls @ gpP9uUffpu"" (2533) | #2 ""LingWae @ FQN9hzhzP_"" (878) | #5 ""fish @ oMsP5L3lJa"" (3089)",2026-09-02T05:50:12.087Z,178832821208701
"-- starting hand #60 (id: ljhiydxmgcaz)  No Limit Texas Hold'em (dealer: ""bick and dalls @ gpP9uUffpu"") --",2026-09-02T05:50:12.087Z,178832821208700
"-- ending hand #59 --",2026-09-02T05:50:06.077Z,178832820607704
"""LingWae @ FQN9hzhzP_"" collected 140 from pot with Two Pair, 8's & 6's (combination: K♦, 6♣, 6♥, 8♠, 8♣)",2026-09-02T05:50:06.077Z,178832820607703
"""bick and dalls @ gpP9uUffpu"" collected 140 from pot with Two Pair, 8's & 6's (combination: K♦, 6♣, 6♥, 8♦, 8♣)",2026-09-02T05:50:06.077Z,178832820607702
"""LingWae @ FQN9hzhzP_"" shows a 8♠, Q♥.",2026-09-02T05:50:06.077Z,178832820607701
"""bick and dalls @ gpP9uUffpu"" shows a 8♦, 2♣.",2026-09-02T05:50:06.077Z,178832820607700
"""LingWae @ FQN9hzhzP_"" calls 80",2026-09-02T05:50:05.244Z,178832820524400
"""bick and dalls @ gpP9uUffpu"" bets 80",2026-09-02T05:50:03.958Z,178832820395800
"River: K♦, 8♣, 6♣, 5♠ [6♥]",2026-09-02T05:49:56.165Z,178832819616500
"""bick and dalls @ gpP9uUffpu"" calls 30",2026-09-02T05:49:55.277Z,178832819527700
"""LingWae @ FQN9hzhzP_"" bets 30",2026-09-02T05:49:52.029Z,178832819202900
"""bick and dalls @ gpP9uUffpu"" checks",2026-09-02T05:49:49.466Z,178832818946600
"Turn: K♦, 8♣, 6♣ [5♠]",2026-09-02T05:49:47.962Z,178832818796200
"""bick and dalls @ gpP9uUffpu"" calls 15",2026-09-02T05:49:47.084Z,178832818708400
"""fish @ oMsP5L3lJa"" folds",2026-09-02T05:49:45.395Z,178832818539500
"""LingWae @ FQN9hzhzP_"" bets 15",2026-09-02T05:49:37.401Z,178832817740100
"""bick and dalls @ gpP9uUffpu"" checks",2026-09-02T05:49:33.988Z,178832817398800
"Flop:  [K♦, 8♣, 6♣]",2026-09-02T05:49:31.015Z,178832817101500
"""bick and dalls @ gpP9uUffpu"" calls 10",2026-09-02T05:49:30.207Z,178832817020700
"""fish @ oMsP5L3lJa"" calls 10",2026-09-02T05:49:27.563Z,178832816756300
"""LingWae @ FQN9hzhzP_"" raises to 10",2026-09-02T05:49:25.608Z,178832816560800
"""bick and dalls @ gpP9uUffpu"" calls 5",2026-09-02T05:49:23.873Z,178832816387300
"""fish @ oMsP5L3lJa"" calls 5",2026-09-02T05:49:22.102Z,178832816210200
"""LingWae @ FQN9hzhzP_"" posts a big blind of 5",2026-09-02T05:49:20.183Z,178832816018306
"""bick and dalls @ gpP9uUffpu"" posts a small blind of 2",2026-09-02T05:49:20.183Z,178832816018305
"Your hand is 8♦, 2♣",2026-09-02T05:49:20.183Z,178832816018302
"Player stacks: #1 ""bick and dalls @ gpP9uUffpu"" (2528) | #2 ""LingWae @ FQN9hzhzP_"" (873) | #5 ""fish @ oMsP5L3lJa"" (3099)",2026-09-02T05:49:20.183Z,178832816018301
"-- starting hand #59 (id: febofcsaatq3)  No Limit Texas Hold'em (dealer: ""fish @ oMsP5L3lJa"") --",2026-09-02T05:49:20.183Z,178832816018300
"""fish @ oMsP5L3lJa"" shows a 4♥.",2026-09-02T05:49:17.862Z,178832815786200
"-- ending hand #58 --",2026-09-02T05:49:16.545Z,178832815654502
"""fish @ oMsP5L3lJa"" collected 135 from pot",2026-09-02T05:49:16.545Z,178832815654501
"Uncalled bet of 60 returned to ""fish @ oMsP5L3lJa""",2026-09-02T05:49:16.545Z,178832815654500
"""bick and dalls @ gpP9uUffpu"" folds",2026-09-02T05:49:15.702Z,178832815570200
"""fish @ oMsP5L3lJa"" raises to 120",2026-09-02T05:48:59.489Z,178832813948900
"""LingWae @ FQN9hzhzP_"" folds",2026-09-02T05:48:55.267Z,178832813526700
"""bick and dalls @ gpP9uUffpu"" raises to 60",2026-09-02T05:48:54.043Z,178832813404300
"""fish @ oMsP5L3lJa"" bets 15",2026-09-02T05:48:50.282Z,178832813028200
"River: A♦, Q♠, 2♦, 7♠ [K♦]",2026-09-02T05:48:47.949Z,178832812794900
"""LingWae @ FQN9hzhzP_"" checks",2026-09-02T05:48:47.134Z,178832812713400
"""bick and dalls @ gpP9uUffpu"" checks",2026-09-02T05:48:45.894Z,178832812589400
"""fish @ oMsP5L3lJa"" checks",2026-09-02T05:48:43.902Z,178832812390200
"Turn: A♦, Q♠, 2♦ [7♠]",2026-09-02T05:48:42.884Z,178832812288400
"""LingWae @ FQN9hzhzP_"" checks",2026-09-02T05:48:41.976Z,178832812197600
"""bick and dalls @ gpP9uUffpu"" checks",2026-09-02T05:48:40.981Z,178832812098100
"""fish @ oMsP5L3lJa"" checks",2026-09-02T05:48:39.976Z,178832811997600
"Flop:  [A♦, Q♠, 2♦]",2026-09-02T05:48:38.282Z,178832811828200
"""bick and dalls @ gpP9uUffpu"" checks",2026-09-02T05:48:37.416Z,178832811741600
"""fish @ oMsP5L3lJa"" calls 5",2026-09-02T05:48:36.486Z,178832811648600
"""LingWae @ FQN9hzhzP_"" calls 5",2026-09-02T05:48:35.183Z,178832811518300
"""bick and dalls @ gpP9uUffpu"" posts a big blind of 5",2026-09-02T05:48:34.081Z,178832811408106
"""fish @ oMsP5L3lJa"" posts a small blind of 2",2026-09-02T05:48:34.081Z,178832811408105
"Player stacks: #1 ""bick and dalls @ gpP9uUffpu"" (2593) | #2 ""LingWae @ FQN9hzhzP_"" (878) | #5 ""fish @ oMsP5L3lJa"" (3029)",2026-09-02T05:48:34.081Z,178832811408101
"-- starting hand #58 (id: ko8lg4wau3zw)  No Limit Texas Hold'em (dealer: ""LingWae @ FQN9hzhzP_"") --",2026-09-02T05:48:34.081Z,178832811408100
"""LingWae @ FQN9hzhzP_"" shows a 2♣.",2026-09-02T05:48:29.673Z,178832810967300
"Undealt cards:  [7♦, 9♦, A♥, 4♣, 4♦]",2026-09-02T05:48:28.728Z,178832810872800
"-- ending hand #57 --",2026-09-02T05:48:27.475Z,178832810747502
"""bick and dalls @ gpP9uUffpu"" collected 12 from pot",2026-09-02T05:48:27.475Z,178832810747501
"Uncalled bet of 15 returned to ""bick and dalls @ gpP9uUffpu""",2026-09-02T05:48:27.475Z,178832810747500
"""fish @ oMsP5L3lJa"" folds",2026-09-02T05:48:26.634Z,178832810663400
"""LingWae @ FQN9hzhzP_"" folds",2026-09-02T05:48:25.583Z,178832810558300
"""bick and dalls @ gpP9uUffpu"" raises to 20",2026-09-02T05:48:24.464Z,178832810446400
"""fish @ oMsP5L3lJa"" posts a big blind of 5",2026-09-02T05:48:20.916Z,178832810091606
"""LingWae @ FQN9hzhzP_"" posts a small blind of 2",2026-09-02T05:48:20.916Z,178832810091605
"Player stacks: #1 ""bick and dalls @ gpP9uUffpu"" (2586) | #2 ""LingWae @ FQN9hzhzP_"" (880) | #5 ""fish @ oMsP5L3lJa"" (3034)",2026-09-02T05:48:20.916Z,178832810091601
"-- starting hand #57 (id: ebmfrqqgkltw)  No Limit Texas Hold'em (dealer: ""bick and dalls @ gpP9uUffpu"") --",2026-09-02T05:48:20.916Z,178832810091600
"-- ending hand #56 --",2026-09-02T05:48:14.870Z,178832809487002
"""fish @ oMsP5L3lJa"" collected 165 from pot with Two Pair, K's & 7's (combination: A♠, 7♥, 7♦, K♥, K♠)",2026-09-02T05:48:14.870Z,178832809487001
"""fish @ oMsP5L3lJa"" shows a K♥, 2♥.",2026-09-02T05:48:14.870Z,178832809487000
"""LingWae @ FQN9hzhzP_"" folds",2026-09-02T05:48:13.967Z,178832809396700
"""bick and dalls @ gpP9uUffpu"" calls 30",2026-09-02T05:48:13.025Z,178832809302500
"""fish @ oMsP5L3lJa"" bets 30",2026-09-02T05:48:08.370Z,178832808837000
"""LingWae @ FQN9hzhzP_"" checks",2026-09-02T05:48:04.969Z,178832808496900
"""bick and dalls @ gpP9uUffpu"" checks",2026-09-02T05:48:03.990Z,178832808399000
"River: A♠, 8♦, 7♥, K♠ [7♦]",2026-09-02T05:48:01.078Z,178832808107800
"""bick and dalls @ gpP9uUffpu"" calls 5",2026-09-02T05:48:00.235Z,178832808023500
"""fish @ oMsP5L3lJa"" calls 5",2026-09-02T05:47:59.239Z,178832807923900
"""LingWae @ FQN9hzhzP_"" bets 5",2026-09-02T05:47:55.465Z,178832807546500
"""bick and dalls @ gpP9uUffpu"" checks",2026-09-02T05:47:53.039Z,178832807303900
"Turn: A♠, 8♦, 7♥ [K♠]",2026-09-02T05:47:49.487Z,178832806948700
"""fish @ oMsP5L3lJa"" checks",2026-09-02T05:47:48.649Z,178832806864900
"""LingWae @ FQN9hzhzP_"" checks",2026-09-02T05:47:45.997Z,178832806599700
"""bick and dalls @ gpP9uUffpu"" checks",2026-09-02T05:47:45.080Z,178832806508000
"Flop:  [A♠, 8♦, 7♥]",2026-09-02T05:47:40.783Z,178832806078300
"""fish @ oMsP5L3lJa"" calls 30",2026-09-02T05:47:39.897Z,178832805989700
"""LingWae @ FQN9hzhzP_"" calls 30",2026-09-02T05:47:38.192Z,178832805819200
"""bick and dalls @ gpP9uUffpu"" raises to 30",2026-09-02T05:47:36.081Z,178832805608100
"""fish @ oMsP5L3lJa"" calls 5",2026-09-02T05:47:33.334Z,178832805333400
"""LingWae @ FQN9hzhzP_"" posts a big blind of 5",2026-09-02T05:47:30.777Z,178832805077706
"""bick and dalls @ gpP9uUffpu"" posts a small blind of 2",2026-09-02T05:47:30.777Z,178832805077705
"Player stacks: #1 ""bick and dalls @ gpP9uUffpu"" (2651) | #2 ""LingWae @ FQN9hzhzP_"" (915) | #5 ""fish @ oMsP5L3lJa"" (2934)",2026-09-02T05:47:30.777Z,178832805077701
"-- starting hand #56 (id: dzlzar1wauhn)  No Limit Texas Hold'em (dealer: ""fish @ oMsP5L3lJa"") --",2026-09-02T05:47:30.777Z,178832805077700
"""LingWae @ FQN9hzhzP_"" shows a Q♥, 10♥.",2026-09-02T05:47:25.144Z,178832804514400
"-- ending hand #55 --",2026-09-02T05:47:24.195Z,178832804419502
"""bick and dalls @ gpP9uUffpu"" collected 92 from pot with Pair, 7's (combination: 9♠, K♦, A♣, 7♠, 7♣)",2026-09-02T05:47:24.195Z,178832804419501
"""bick and dalls @ gpP9uUffpu"" shows a A♣, K♦.",2026-09-02T05:47:24.195Z,178832804419500
"""LingWae @ FQN9hzhzP_"" checks",2026-09-02T05:47:23.379Z,178832804337900
"""bick and dalls @ gpP9uUffpu"" checks",2026-09-02T05:47:22.348Z,178832804234800
"River: 5♥, 8♠, 7♠, 9♠ [7♣]",2026-09-02T05:47:14.865Z,178832803486500
"""LingWae @ FQN9hzhzP_"" checks",2026-09-02T05:47:14.059Z,178832803405900
"""bick and dalls @ gpP9uUffpu"" checks",2026-09-02T05:47:09.186Z,178832802918600
"Turn: 5♥, 8♠, 7♠ [9♠]",2026-09-02T05:47:05.752Z,178832802575200
"""LingWae @ FQN9hzhzP_"" checks",2026-09-02T05:47:04.944Z,178832802494400
"""bick and dalls @ gpP9uUffpu"" checks",2026-09-02T05:47:02.947Z,178832802294700
"Flop:  [5♥, 8♠, 7♠]",2026-09-02T05:46:59.312Z,178832801931200
"""LingWae @ FQN9hzhzP_"" calls 45",2026-09-02T05:46:58.422Z,178832801842200
"""bick and dalls @ gpP9uUffpu"" raises to 45",2026-09-02T05:46:55.264Z,178832801526400
"""fish @ oMsP5L3lJa"" folds",2026-09-02T05:46:51.935Z,178832801193500
"""LingWae @ FQN9hzhzP_"" raises to 10",2026-09-02T05:46:46.081Z,178832800608100
"""bick and dalls @ gpP9uUffpu"" posts a big blind of 5",2026-09-02T05:46:41.899Z,178832800189906
"""fish @ oMsP5L3lJa"" posts a small blind of 2",2026-09-02T05:46:41.899Z,178832800189905
"Your hand is A♣, K♦",2026-09-02T05:46:41.899Z,178832800189902
"Player stacks: #1 ""bick and dalls @ gpP9uUffpu"" (2604) | #2 ""LingWae @ FQN9hzhzP_"" (960) | #5 ""fish @ oMsP5L3lJa"" (2936)",2026-09-02T05:46:41.899Z,178832800189901
"-- starting hand #55 (id: ksppd05le4gt)  No Limit Texas Hold'em (dealer: ""LingWae @ FQN9hzhzP_"") --",2026-09-02T05:46:41.899Z,178832800189900
"Undealt cards: 7♦, 10♠, 10♦, 5♦ [7♠]",2026-09-02T05:46:37.664Z,178832799766400
"-- ending hand #54 --",2026-09-02T05:46:35.898Z,178832799589802
"""bick and dalls @ gpP9uUffpu"" collected 75 from pot",2026-09-02T05:46:35.898Z,178832799589801
"Uncalled bet of 35 returned to ""bick and dalls @ gpP9uUffpu""",2026-09-02T05:46:35.898Z,178832799589800
"""LingWae @ FQN9hzhzP_"" folds",2026-09-02T05:46:35.035Z,178832799503500
"""bick and dalls @ gpP9uUffpu"" bets 35",2026-09-02T05:46:29.966Z,178832798996600
"""LingWae @ FQN9hzhzP_"" checks",2026-09-02T05:46:27.168Z,178832798716800
"Turn: 7♦, 10♠, 10♦ [5♦]",2026-09-02T05:46:23.689Z,178832798368900
"""LingWae @ FQN9hzhzP_"" calls 15",2026-09-02T05:46:22.830Z,178832798283000
"""bick and dalls @ gpP9uUffpu"" bets 15",2026-09-02T05:46:21.675Z,178832798167500
"""LingWae @ FQN9hzhzP_"" checks",2026-09-02T05:46:19.044Z,178832797904400
"Flop:  [7♦, 10♠, 10♦]",2026-09-02T05:46:17.482Z,178832797748200
"""fish @ oMsP5L3lJa"" folds",2026-09-02T05:46:16.663Z,178832797666300
"""LingWae @ FQN9hzhzP_"" calls 20",2026-09-02T05:46:15.252Z,178832797525200
"""bick and dalls @ gpP9uUffpu"" raises to 20",2026-09-02T05:46:14.138Z,178832797413800
"""fish @ oMsP5L3lJa"" posts a big blind of 5",2026-09-02T05:46:10.477Z,178832797047706
"""LingWae @ FQN9hzhzP_"" posts a small blind of 2",2026-09-02T05:46:10.477Z,178832797047705
"Player stacks: #1 ""bick and dalls @ gpP9uUffpu"" (2564) | #2 ""LingWae @ FQN9hzhzP_"" (995) | #5 ""fish @ oMsP5L3lJa"" (2941)",2026-09-02T05:46:10.477Z,178832797047701
"-- starting hand #54 (id: lficpb2qwmbx)  No Limit Texas Hold'em (dealer: ""bick and dalls @ gpP9uUffpu"") --",2026-09-02T05:46:10.477Z,178832797047700
"Undealt cards: Q♠, Q♥, A♥ [4♦, 10♦]",2026-09-02T05:46:04.813Z,178832796481300
"-- ending hand #53 --",2026-09-02T05:46:04.504Z,178832796450402
"""fish @ oMsP5L3lJa"" collected 15 from pot",2026-09-02T05:46:04.504Z,178832796450401
"Uncalled bet of 15 returned to ""fish @ oMsP5L3lJa""",2026-09-02T05:46:04.504Z,178832796450400
"""LingWae @ FQN9hzhzP_"" folds",2026-09-02T05:46:03.682Z,178832796368200
"""bick and dalls @ gpP9uUffpu"" folds",2026-09-02T05:46:01.604Z,178832796160400
"""fish @ oMsP5L3lJa"" bets 15",2026-09-02T05:45:58.612Z,178832795861200
"""LingWae @ FQN9hzhzP_"" checks",2026-09-02T05:45:56.638Z,178832795663800
"""bick and dalls @ gpP9uUffpu"" checks",2026-09-02T05:45:55.692Z,178832795569200
"Flop:  [Q♠, Q♥, A♥]",2026-09-02T05:45:53.139Z,178832795313900
"""LingWae @ FQN9hzhzP_"" checks",2026-09-02T05:45:52.294Z,178832795229400
"""bick and dalls @ gpP9uUffpu"" calls 5",2026-09-02T05:45:51.260Z,178832795126000
"""fish @ oMsP5L3lJa"" calls 5",2026-09-02T05:45:48.397Z,178832794839700
"""LingWae @ FQN9hzhzP_"" posts a big blind of 5",2026-09-02T05:45:46.935Z,178832794693507
"""bick and dalls @ gpP9uUffpu"" posts a small blind of 2",2026-09-02T05:45:46.935Z,178832794693506
"Player stacks: #1 ""bick and dalls @ gpP9uUffpu"" (2569) | #2 ""LingWae @ FQN9hzhzP_"" (1000) | #5 ""fish @ oMsP5L3lJa"" (2931)",2026-09-02T05:45:46.935Z,178832794693502
"-- starting hand #53 (id: vi0ygnu2g2xt)  No Limit Texas Hold'em (dealer: ""fish @ oMsP5L3lJa"") --",2026-09-02T05:45:46.935Z,178832794693501
"The player ""LingWae @ FQN9hzhzP_"" joined the game with a stack of 1000.",2026-09-02T05:45:46.935Z,178832794693500
"-- ending hand #52 --",2026-09-02T05:45:40.929Z,178832794092902
"""fish @ oMsP5L3lJa"" collected 70 from pot with Straight, K High (combination: 9♥, 10♥, J♠, Q♠, K♦)",2026-09-02T05:45:40.929Z,178832794092901
"""fish @ oMsP5L3lJa"" shows a 4♣, 9♥.",2026-09-02T05:45:40.929Z,178832794092900
"""bick and dalls @ gpP9uUffpu"" calls 30",2026-09-02T05:45:40.089Z,178832794008900
"""fish @ oMsP5L3lJa"" bets 30",2026-09-02T05:45:38.830Z,178832793883000
"River: 10♥, K♦, Q♥, Q♠ [J♠]",2026-09-02T05:45:35.369Z,178832793536900
"""bick and dalls @ gpP9uUffpu"" checks",2026-09-02T05:45:34.562Z,178832793456200
"""fish @ oMsP5L3lJa"" checks",2026-09-02T05:45:32.971Z,178832793297100
"Turn: 10♥, K♦, Q♥ [Q♠]",2026-09-02T05:45:31.441Z,178832793144100
"""bick and dalls @ gpP9uUffpu"" checks",2026-09-02T05:45:30.617Z,178832793061700
"The admin approved the player ""LingWae @ FQN9hzhzP_"" participation with a stack of 1000.",2026-09-02T05:45:29.051Z,178832792905100
"""fish @ oMsP5L3lJa"" checks",2026-09-02T05:45:28.249Z,178832792824900
"Flop:  [10♥, K♦, Q♥]",2026-09-02T05:45:25.236Z,178832792523600
"""fish @ oMsP5L3lJa"" checks",2026-09-02T05:45:24.410Z,178832792441000
"The player ""LingWae @ FQN9hzhzP_"" requested a seat.",2026-09-02T05:45:23.450Z,178832792345000
"""bick and dalls @ gpP9uUffpu"" calls 5",2026-09-02T05:45:20.433Z,178832792043300
"""fish @ oMsP5L3lJa"" posts a big blind of 5",2026-09-02T05:45:14.160Z,178832791416006
"""bick and dalls @ gpP9uUffpu"" posts a small blind of 2",2026-09-02T05:45:14.160Z,178832791416005
"Player stacks: #1 ""bick and dalls @ gpP9uUffpu"" (2604) | #5 ""fish @ oMsP5L3lJa"" (2896)",2026-09-02T05:45:14.160Z,178832791416002
"-- starting hand #52 (id: 7wsguhu4guqz)  No Limit Texas Hold'em (dealer: ""bick and dalls @ gpP9uUffpu"") --",2026-09-02T05:45:14.160Z,178832791416001
"The player ""LingWae @ FQN9hzhzP_"" quits the game with a stack of 0.",2026-09-02T05:45:14.160Z,178832791416000
"-- ending hand #51 --",2026-09-02T05:45:08.118Z,178832790811804
"""LingWae @ FQN9hzhzP_"" shows a 8♠, 8♦.",2026-09-02T05:45:08.118Z,178832790811803
"""fish @ oMsP5L3lJa"" collected 1350 from pot with Straight, 5 High (combination: A♣, 2♦, 3♦, 4♠, 5♦)",2026-09-02T05:45:08.118Z,178832790811802
"""fish @ oMsP5L3lJa"" shows a 5♦, 2♦.",2026-09-02T05:45:08.118Z,178832790811801
"Uncalled bet of 25 returned to ""fish @ oMsP5L3lJa""",2026-09-02T05:45:08.118Z,178832790811800
"""LingWae @ FQN9hzhzP_"" calls 375 and go all in",2026-09-02T05:45:07.272Z,178832790727200
"""bick and dalls @ gpP9uUffpu"" folds",2026-09-02T05:45:05.353Z,178832790535300
"""fish @ oMsP5L3lJa"" bets 400",2026-09-02T05:45:00.670Z,178832790067000
"""LingWae @ FQN9hzhzP_"" checks",2026-09-02T05:44:41.261Z,178832788126100
"""bick and dalls @ gpP9uUffpu"" checks",2026-09-02T05:44:39.425Z,178832787942500
"River: 4♠, 3♦, 9♣, A♣ [7♦]",2026-09-02T05:44:37.372Z,178832787737200
"""LingWae @ FQN9hzhzP_"" calls 120",2026-09-02T05:44:36.508Z,178832787650800
"""bick and dalls @ gpP9uUffpu"" calls 120",2026-09-02T05:44:35.209Z,178832787520900
"""fish @ oMsP5L3lJa"" bets 120",2026-09-02T05:44:33.475Z,178832787347500
"""LingWae @ FQN9hzhzP_"" checks",2026-09-02T05:44:30.615Z,178832787061500
"""bick and dalls @ gpP9uUffpu"" checks",2026-09-02T05:44:27.706Z,178832786770600
"Turn: 4♠, 3♦, 9♣ [A♣]",2026-09-02T05:44:25.963Z,178832786596300
"""bick and dalls @ gpP9uUffpu"" calls 60",2026-09-02T05:44:25.128Z,178832786512800
"""fish @ oMsP5L3lJa"" calls 60",2026-09-02T05:44:23.009Z,178832786300900
"""LingWae @ FQN9hzhzP_"" raises to 60",2026-09-02T05:44:21.864Z,178832786186400
"""bick and dalls @ gpP9uUffpu"" calls 30",2026-09-02T05:44:20.275Z,178832786027500
"""fish @ oMsP5L3lJa"" bets 30",2026-09-02T05:44:17.772Z,178832785777200
"""LingWae @ FQN9hzhzP_"" checks",2026-09-02T05:44:14.727Z,178832785472700
"""bick and dalls @ gpP9uUffpu"" checks",2026-09-02T05:44:12.569Z,178832785256900
"Flop:  [4♠, 3♦, 9♣]",2026-09-02T05:44:09.885Z,178832784988500
"""fish @ oMsP5L3lJa"" calls 20",2026-09-02T05:44:09.045Z,178832784904500
"""LingWae @ FQN9hzhzP_"" calls 20",2026-09-02T05:44:07.383Z,178832784738300
"""bick and dalls @ gpP9uUffpu"" raises to 20",2026-09-02T05:44:04.200Z,178832784420000
"""fish @ oMsP5L3lJa"" calls 5",2026-09-02T05:44:00.350Z,178832784035000
"""LingWae @ FQN9hzhzP_"" posts a big blind of 5",2026-09-02T05:43:56.996Z,178832783699606
"""bick and dalls @ gpP9uUffpu"" posts a small blind of 2",2026-09-02T05:43:56.996Z,178832783699605
"Player stacks: #1 ""bick and dalls @ gpP9uUffpu"" (2804) | #2 ""LingWae @ FQN9hzhzP_"" (575) | #5 ""fish @ oMsP5L3lJa"" (2121)",2026-09-02T05:43:56.996Z,178832783699601
"-- starting hand #51 (id: 2i3v70ceu48n)  No Limit Texas Hold'em (dealer: ""fish @ oMsP5L3lJa"") --",2026-09-02T05:43:56.996Z,178832783699600
"-- ending hand #50 --",2026-09-02T05:43:50.993Z,178832783099303
"""bick and dalls @ gpP9uUffpu"" collected 269 from pot with Pair, A's (combination: 9♠, Q♦, K♠, A♠, A♥)",2026-09-02T05:43:50.993Z,178832783099302
"""bick and dalls @ gpP9uUffpu"" shows a Q♦, K♠.",2026-09-02T05:43:50.993Z,178832783099301
"""fish @ oMsP5L3lJa"" shows a Q♣, J♠.",2026-09-02T05:43:50.993Z,178832783099300
"""bick and dalls @ gpP9uUffpu"" checks",2026-09-02T05:43:50.178Z,178832783017800
"""fish @ oMsP5L3lJa"" checks",2026-09-02T05:43:44.913Z,178832782491300
"River: 9♠, 4♣, A♠, 8♠ [A♥]",2026-09-02T05:43:42.578Z,178832782257800
"""fish @ oMsP5L3lJa"" calls 67",2026-09-02T05:43:41.763Z,178832782176300
"""LingWae @ FQN9hzhzP_"" folds",2026-09-02T05:43:39.745Z,178832781974500
"""bick and dalls @ gpP9uUffpu"" bets 67",2026-09-02T05:43:37.758Z,178832781775800
"""fish @ oMsP5L3lJa"" checks",2026-09-02T05:43:30.090Z,178832781009000
"Turn: 9♠, 4♣, A♠ [8♠]",2026-09-02T05:43:28.564Z,178832780856400
"""LingWae @ FQN9hzhzP_"" checks",2026-09-02T05:43:27.706Z,178832780770600
"""bick and dalls @ gpP9uUffpu"" checks",2026-09-02T05:43:26.084Z,178832780608400
"""fish @ oMsP5L3lJa"" checks",2026-09-02T05:43:20.975Z,178832780097500
"Flop:  [9♠, 4♣, A♠]",2026-09-02T05:43:17.820Z,178832779782000
"""fish @ oMsP5L3lJa"" calls 45",2026-09-02T05:43:16.966Z,178832779696600
"""LingWae @ FQN9hzhzP_"" calls 45",2026-09-02T05:43:15.685Z,178832779568500
"""bick and dalls @ gpP9uUffpu"" raises to 45",2026-09-02T05:43:13.190Z,178832779319000
"""fish @ oMsP5L3lJa"" calls 15",2026-09-02T05:43:09.301Z,178832778930100
"""LingWae @ FQN9hzhzP_"" raises to 15",2026-09-02T05:43:07.535Z,178832778753500
"""bick and dalls @ gpP9uUffpu"" posts a big blind of 5",2026-09-02T05:43:03.888Z,178832778388806
"""fish @ oMsP5L3lJa"" posts a small blind of 2",2026-09-02T05:43:03.888Z,178832778388805
"Your hand is Q♦, K♠",2026-09-02T05:43:03.888Z,178832778388802
"Player stacks: #1 ""bick and dalls @ gpP9uUffpu"" (2647) | #2 ""LingWae @ FQN9hzhzP_"" (620) | #5 ""fish @ oMsP5L3lJa"" (2233)",2026-09-02T05:43:03.888Z,178832778388801
"-- starting hand #50 (id: p9avtil0wzjd)  No Limit Texas Hold'em (dealer: ""LingWae @ FQN9hzhzP_"") --",2026-09-02T05:43:03.888Z,178832778388800
"""LingWae @ FQN9hzhzP_"" shows a 6♦, 7♥.",2026-09-02T05:43:00.821Z,178832778082100
"-- ending hand #49 --",2026-09-02T05:43:00.276Z,178832778027602
"""fish @ oMsP5L3lJa"" collected 60 from pot",2026-09-02T05:43:00.276Z,178832778027601
"Uncalled bet of 30 returned to ""fish @ oMsP5L3lJa""",2026-09-02T05:43:00.276Z,178832778027600
"""LingWae @ FQN9hzhzP_"" folds",2026-09-02T05:42:59.399Z,178832777939900
"""bick and dalls @ gpP9uUffpu"" folds",2026-09-02T05:42:56.235Z,178832777623500
"""fish @ oMsP5L3lJa"" bets 30",2026-09-02T05:42:54.510Z,178832777451000
"""LingWae @ FQN9hzhzP_"" checks",2026-09-02T05:42:51.580Z,178832777158000
"River: 9♦, K♠, Q♠, 8♦ [4♠]",2026-09-02T05:42:44.462Z,178832776446200
"""bick and dalls @ gpP9uUffpu"" calls 5",2026-09-02T05:42:43.565Z,178832776356500
"""fish @ oMsP5L3lJa"" calls 5",2026-09-02T05:42:42.623Z,178832776262300
"""LingWae @ FQN9hzhzP_"" bets 5",2026-09-02T05:42:41.162Z,178832776116200
"Turn: 9♦, K♠, Q♠ [8♦]",2026-09-02T05:42:35.858Z,178832775585800
"""LingWae @ FQN9hzhzP_"" calls 10",2026-09-02T05:42:34.981Z,178832775498100
"""bick and dalls @ gpP9uUffpu"" calls 10",2026-09-02T05:42:34.039Z,178832775403900
"""fish @ oMsP5L3lJa"" bets 10",2026-09-02T05:42:32.903Z,178832775290300
"""LingWae @ FQN9hzhzP_"" checks",2026-09-02T05:42:30.454Z,178832775045400
"Flop:  [9♦, K♠, Q♠]",2026-09-02T05:42:27.071Z,178832774707100
"""fish @ oMsP5L3lJa"" checks",2026-09-02T05:42:26.223Z,178832774622300
"""LingWae @ FQN9hzhzP_"" calls 5",2026-09-02T05:42:22.035Z,178832774203500
"""bick and dalls @ gpP9uUffpu"" calls 5",2026-09-02T05:42:21.126Z,178832774112600
"""fish @ oMsP5L3lJa"" posts a big blind of 5",2026-09-02T05:42:19.336Z,178832773933606
"""LingWae @ FQN9hzhzP_"" posts a small blind of 2",2026-09-02T05:42:19.336Z,178832773933605
"Player stacks: #1 ""bick and dalls @ gpP9uUffpu"" (2667) | #2 ""LingWae @ FQN9hzhzP_"" (640) | #5 ""fish @ oMsP5L3lJa"" (2193)",2026-09-02T05:42:19.336Z,178832773933601
"-- starting hand #49 (id: 9lo1xrqyqnx1)  No Limit Texas Hold'em (dealer: ""bick and dalls @ gpP9uUffpu"") --",2026-09-02T05:42:19.336Z,178832773933600
"-- ending hand #48 --",2026-09-02T05:42:13.331Z,178832773333101
"""bick and dalls @ gpP9uUffpu"" collected 2667 from pot with Straight, 9 High (combination: 5♣, 6♦, 7♣, 8♦, 9♥)",2026-09-02T05:42:13.331Z,178832773333100
"River: 7♣, 5♥, A♣, 9♥ [5♣]",2026-09-02T05:42:09.329Z,178832772932900
"""fish @ oMsP5L3lJa"" shows a A♦, 4♣.",2026-09-02T05:42:05.327Z,178832772532701
"Uncalled bet of 2193 returned to ""fish @ oMsP5L3lJa""",2026-09-02T05:42:05.327Z,178832772532700
"""bick and dalls @ gpP9uUffpu"" shows a 6♦, 8♦.",2026-09-02T05:42:04.936Z,178832772493600
"Some players choose to not run it twice.",2026-09-02T05:42:04.508Z,178832772450801
"""fish @ oMsP5L3lJa"" chooses to not run it twice.",2026-09-02T05:42:04.508Z,178832772450800
"""bick and dalls @ gpP9uUffpu"" chooses to  run it twice.",2026-09-02T05:42:04.035Z,178832772403500
"Remaining players decide whether to run it twice.",2026-09-02T05:42:03.330Z,178832772333001
"""bick and dalls @ gpP9uUffpu"" calls 1041 and go all in",2026-09-02T05:42:03.330Z,178832772333000
"""fish @ oMsP5L3lJa"" raises to 3234 and go all in",2026-09-02T05:42:02.223Z,178832772222300
"""bick and dalls @ gpP9uUffpu"" bets 292",2026-09-02T05:41:58.928Z,178832771892800
"Turn: 7♣, 5♥, A♣ [9♥]",2026-09-02T05:41:54.971Z,178832771497100
"""fish @ oMsP5L3lJa"" calls 270",2026-09-02T05:41:54.152Z,178832771415200
"""bick and dalls @ gpP9uUffpu"" raises to 270",2026-09-02T05:41:52.137Z,178832771213700
"""fish @ oMsP5L3lJa"" raises to 90",2026-09-02T05:41:47.467Z,178832770746700
"""LingWae @ FQN9hzhzP_"" folds",2026-09-02T05:41:43.791Z,178832770379100
"""bick and dalls @ gpP9uUffpu"" bets 30",2026-09-02T05:41:42.246Z,178832770224600
"Flop:  [7♣, 5♥, A♣]",2026-09-02T05:41:37.994Z,178832769799400
"""fish @ oMsP5L3lJa"" calls 15",2026-09-02T05:41:37.178Z,178832769717800
"""LingWae @ FQN9hzhzP_"" calls 15",2026-09-02T05:41:35.739Z,178832769573900
"""bick and dalls @ gpP9uUffpu"" raises to 15",2026-09-02T05:41:34.822Z,178832769482200
"""fish @ oMsP5L3lJa"" calls 5",2026-09-02T05:41:32.236Z,178832769223600
"""LingWae @ FQN9hzhzP_"" posts a big blind of 5",2026-09-02T05:41:30.152Z,178832769015206
"""bick and dalls @ gpP9uUffpu"" posts a small blind of 2",2026-09-02T05:41:30.152Z,178832769015205
"Your hand is 6♦, 8♦",2026-09-02T05:41:30.152Z,178832769015202
"Player stacks: #1 ""bick and dalls @ gpP9uUffpu"" (1326) | #2 ""LingWae @ FQN9hzhzP_"" (655) | #5 ""fish @ oMsP5L3lJa"" (3519)",2026-09-02T05:41:30.152Z,178832769015201
"-- starting hand #48 (id: hyunvdclsr7s)  No Limit Texas Hold'em (dealer: ""fish @ oMsP5L3lJa"") --",2026-09-02T05:41:30.152Z,178832769015200
"""LingWae @ FQN9hzhzP_"" shows a 10♦, 7♣.",2026-09-02T05:41:26.682Z,178832768668200
"-- ending hand #47 --",2026-09-02T05:41:23.637Z,178832768363702
"""fish @ oMsP5L3lJa"" collected 305 from pot with Pair, 8's (combination: 5♦, 7♦, J♥, 8♥, 8♠)",2026-09-02T05:41:23.637Z,178832768363701
"""fish @ oMsP5L3lJa"" shows a 8♥, J♥.",2026-09-02T05:41:23.637Z,178832768363700
"""LingWae @ FQN9hzhzP_"" checks",2026-09-02T05:41:22.809Z,178832768280900
"""fish @ oMsP5L3lJa"" checks",2026-09-02T05:41:20.312Z,178832768031200
"River: 8♠, 3♥, 7♦, 4♥ [5♦]",2026-09-02T05:41:18.280Z,178832767828000
"""fish @ oMsP5L3lJa"" calls 100",2026-09-02T05:41:17.476Z,178832767747600
"""LingWae @ FQN9hzhzP_"" raises to 100",2026-09-02T05:41:13.614Z,178832767361400
"""bick and dalls @ gpP9uUffpu"" folds",2026-09-02T05:41:11.538Z,178832767153800
"""fish @ oMsP5L3lJa"" bets 50",2026-09-02T05:41:04.844Z,178832766484400
"Turn: 8♠, 3♥, 7♦ [4♥]",2026-09-02T05:41:00.262Z,178832766026200
"""bick and dalls @ gpP9uUffpu"" calls 30",2026-09-02T05:40:59.407Z,178832765940700
"""fish @ oMsP5L3lJa"" calls 30",2026-09-02T05:40:58.379Z,178832765837900
"""LingWae @ FQN9hzhzP_"" raises to 30",2026-09-02T05:40:56.093Z,178832765609300
"""bick and dalls @ gpP9uUffpu"" calls 15",2026-09-02T05:40:53.544Z,178832765354400
"""fish @ oMsP5L3lJa"" bets 15",2026-09-02T05:40:52.514Z,178832765251400
"Flop:  [8♠, 3♥, 7♦]",2026-09-02T05:40:48.651Z,178832764865100
"""bick and dalls @ gpP9uUffpu"" checks",2026-09-02T05:40:47.823Z,178832764782300
"""fish @ oMsP5L3lJa"" calls 5",2026-09-02T05:40:46.651Z,178832764665100
"""LingWae @ FQN9hzhzP_"" calls 5",2026-09-02T05:40:44.620Z,178832764462000
"""bick and dalls @ gpP9uUffpu"" posts a big blind of 5",2026-09-02T05:40:41.788Z,178832764178806
"""fish @ oMsP5L3lJa"" posts a small blind of 2",2026-09-02T05:40:41.788Z,178832764178805
"Player stacks: #1 ""bick and dalls @ gpP9uUffpu"" (1361) | #2 ""LingWae @ FQN9hzhzP_"" (790) | #5 ""fish @ oMsP5L3lJa"" (3349)",2026-09-02T05:40:41.788Z,178832764178801
"-- starting hand #47 (id: uzlgoc9czad7)  No Limit Texas Hold'em (dealer: ""LingWae @ FQN9hzhzP_"") --",2026-09-02T05:40:41.788Z,178832764178800
"-- ending hand #46 --",2026-09-02T05:40:35.778Z,178832763577803
"""bick and dalls @ gpP9uUffpu"" collected 385 from pot with Two Pair, K's & 8's (combination: J♣, 8♣, 8♦, K♦, K♥)",2026-09-02T05:40:35.778Z,178832763577802
"""bick and dalls @ gpP9uUffpu"" shows a 8♣, J♣.",2026-09-02T05:40:35.778Z,178832763577801
"""LingWae @ FQN9hzhzP_"" shows a 8♠, 9♠.",2026-09-02T05:40:35.778Z,178832763577800
"""bick and dalls @ gpP9uUffpu"" checks",2026-09-02T05:40:34.941Z,178832763494100
"""LingWae @ FQN9hzhzP_"" checks",2026-09-02T05:40:32.814Z,178832763281400
"River: 8♦, K♦, 7♠, K♥ [10♠]",2026-09-02T05:40:29.504Z,178832762950400
"""bick and dalls @ gpP9uUffpu"" calls 134",2026-09-02T05:40:28.694Z,178832762869400
"""LingWae @ FQN9hzhzP_"" raises to 134",2026-09-02T05:40:24.949Z,178832762494900
"""bick and dalls @ gpP9uUffpu"" bets 67",2026-09-02T05:40:22.381Z,178832762238100
"""LingWae @ FQN9hzhzP_"" checks",2026-09-02T05:40:18.833Z,178832761883300
"Turn: 8♦, K♦, 7♠ [K♥]",2026-09-02T05:40:17.491Z,178832761749100
"""LingWae @ FQN9hzhzP_"" calls 36",2026-09-02T05:40:16.661Z,178832761666100
"""bick and dalls @ gpP9uUffpu"" bets 36",2026-09-02T05:40:15.734Z,178832761573400
"""LingWae @ FQN9hzhzP_"" checks",2026-09-02T05:40:09.475Z,178832760947500
"Flop:  [8♦, K♦, 7♠]",2026-09-02T05:40:06.080Z,178832760608000
"""fish @ oMsP5L3lJa"" folds",2026-09-02T05:40:05.217Z,178832760521700
"""LingWae @ FQN9hzhzP_"" calls 20",2026-09-02T05:40:02.377Z,178832760237700
"""bick and dalls @ gpP9uUffpu"" raises to 20",2026-09-02T05:40:01.299Z,178832760129900
"""fish @ oMsP5L3lJa"" posts a big blind of 5",2026-09-02T05:39:58.586Z,178832759858606
"""LingWae @ FQN9hzhzP_"" posts a small blind of 2",2026-09-02T05:39:58.586Z,178832759858605
"Your hand is 8♣, J♣",2026-09-02T05:39:58.586Z,178832759858602
"Player stacks: #1 ""bick and dalls @ gpP9uUffpu"" (1166) | #2 ""LingWae @ FQN9hzhzP_"" (980) | #5 ""fish @ oMsP5L3lJa"" (3354)",2026-09-02T05:39:58.586Z,178832759858601
"-- starting hand #46 (id: qutuw297jjay)  No Limit Texas Hold'em (dealer: ""bick and dalls @ gpP9uUffpu"") --",2026-09-02T05:39:58.586Z,178832759858600
"-- ending hand #45 --",2026-09-02T05:39:55.670Z,178832759567002
"""bick and dalls @ gpP9uUffpu"" collected 55 from pot",2026-09-02T05:39:55.670Z,178832759567001
"Uncalled bet of 110 returned to ""bick and dalls @ gpP9uUffpu""",2026-09-02T05:39:55.670Z,178832759567000
"""LingWae @ FQN9hzhzP_"" folds",2026-09-02T05:39:54.850Z,178832759485000
"""bick and dalls @ gpP9uUffpu"" bets 110",2026-09-02T05:39:50.029Z,178832759002900
"River: J♣, 4♥, K♥, 3♣ [5♦]",2026-09-02T05:39:44.383Z,178832758438300
"""LingWae @ FQN9hzhzP_"" checks",2026-09-02T05:39:43.537Z,178832758353700
"""bick and dalls @ gpP9uUffpu"" checks",2026-09-02T05:39:42.226Z,178832758222600
"Turn: J♣, 4♥, K♥ [3♣]",2026-09-02T05:39:40.578Z,178832758057800
"""bick and dalls @ gpP9uUffpu"" calls 5",2026-09-02T05:39:39.736Z,178832757973600
"""fish @ oMsP5L3lJa"" folds",2026-09-02T05:39:37.329Z,178832757732900
"""LingWae @ FQN9hzhzP_"" bets 5",2026-09-02T05:39:33.093Z,178832757309300
"""bick and dalls @ gpP9uUffpu"" checks",2026-09-02T05:39:29.468Z,178832756946800
"Flop:  [J♣, 4♥, K♥]",2026-09-02T05:39:27.103Z,178832756710300
"""LingWae @ FQN9hzhzP_"" calls 15",2026-09-02T05:39:26.272Z,178832756627200
"""bick and dalls @ gpP9uUffpu"" calls 15",2026-09-02T05:39:25.362Z,178832756536200
"""fish @ oMsP5L3lJa"" raises to 15",2026-09-02T05:39:23.294Z,178832756329400
"""LingWae @ FQN9hzhzP_"" posts a big blind of 5",2026-09-02T05:39:16.356Z,178832755635607
"""bick and dalls @ gpP9uUffpu"" posts a small blind of 2",2026-09-02T05:39:16.356Z,178832755635606
"Player stacks: #1 ""bick and dalls @ gpP9uUffpu"" (1131) | #2 ""LingWae @ FQN9hzhzP_"" (1000) | #5 ""fish @ oMsP5L3lJa"" (3369)",2026-09-02T05:39:16.356Z,178832755635602
"-- starting hand #45 (id: s4ddat6m1v3o)  No Limit Texas Hold'em (dealer: ""fish @ oMsP5L3lJa"") --",2026-09-02T05:39:16.356Z,178832755635601
"The player ""LingWae @ FQN9hzhzP_"" joined the game with a stack of 1000.",2026-09-02T05:39:16.356Z,178832755635600
"-- ending hand #44 --",2026-09-02T05:39:10.349Z,178832755034903
"""bick and dalls @ gpP9uUffpu"" collected 580 from pot with Flush, Q High (combination: 4♥, 5♥, 8♥, J♥, Q♥)",2026-09-02T05:39:10.349Z,178832755034902
"""bick and dalls @ gpP9uUffpu"" shows a J♥, K♣.",2026-09-02T05:39:10.349Z,178832755034901
"""fish @ oMsP5L3lJa"" shows a 9♦, 6♦.",2026-09-02T05:39:10.349Z,178832755034900
"""bick and dalls @ gpP9uUffpu"" calls 150",2026-09-02T05:39:09.522Z,178832754952200
"""fish @ oMsP5L3lJa"" bets 150",2026-09-02T05:39:07.892Z,178832754789200
"River: 5♥, Q♥, 8♥, 4♥ [2♥]",2026-09-02T05:39:00.149Z,178832754014900
"""bick and dalls @ gpP9uUffpu"" calls 120",2026-09-02T05:38:59.305Z,178832753930500
"""fish @ oMsP5L3lJa"" raises to 120",2026-09-02T05:38:51.493Z,178832753149300
"""bick and dalls @ gpP9uUffpu"" raises to 40",2026-09-02T05:38:49.078Z,178832752907800
"""fish @ oMsP5L3lJa"" bets 20",2026-09-02T05:38:42.055Z,178832752205500
"Turn: 5♥, Q♥, 8♥ [4♥]",2026-09-02T05:38:36.075Z,178832751607500
"""bick and dalls @ gpP9uUffpu"" checks",2026-09-02T05:38:35.260Z,178832751526000
"""fish @ oMsP5L3lJa"" checks",2026-09-02T05:38:33.157Z,178832751315700
"The admin approved the player ""LingWae @ FQN9hzhzP_"" participation with a stack of 1000.",2026-09-02T05:38:32.368Z,178832751236800
"Flop:  [5♥, Q♥, 8♥]",2026-09-02T05:38:29.574Z,178832750957400
"""fish @ oMsP5L3lJa"" calls 20",2026-09-02T05:38:28.731Z,178832750873100
"The player ""LingWae @ FQN9hzhzP_"" requested a seat.",2026-09-02T05:38:26.887Z,178832750688700
"""bick and dalls @ gpP9uUffpu"" raises to 20",2026-09-02T05:38:24.955Z,178832750495500
"""fish @ oMsP5L3lJa"" posts a big blind of 5",2026-09-02T05:38:22.464Z,178832750246406
"""bick and dalls @ gpP9uUffpu"" posts a small blind of 2",2026-09-02T05:38:22.464Z,178832750246405
"Your hand is J♥, K♣",2026-09-02T05:38:22.464Z,178832750246403
"Player stacks: #1 ""bick and dalls @ gpP9uUffpu"" (841) | #5 ""fish @ oMsP5L3lJa"" (3659)",2026-09-02T05:38:22.464Z,178832750246402
"-- starting hand #44 (id: f1p4tlxwtef8)  No Limit Texas Hold'em (dealer: ""bick and dalls @ gpP9uUffpu"") --",2026-09-02T05:38:22.464Z,178832750246401
"The player ""LingWae @ FQN9hzhzP_"" quits the game with a stack of 0.",2026-09-02T05:38:22.464Z,178832750246400
"-- ending hand #43 --",2026-09-02T05:38:16.442Z,178832749644201
"""fish @ oMsP5L3lJa"" collected 2050 from pot with Two Pair, J's & 10's (combination: 7♦, 10♦, 10♠, J♠, J♦)",2026-09-02T05:38:16.442Z,178832749644200
"River: 6♦, 10♠, 7♦, J♦ [3♠]",2026-09-02T05:38:12.406Z,178832749240600
"""fish @ oMsP5L3lJa"" shows a J♠, 10♦.",2026-09-02T05:38:08.401Z,178832748840101
"""LingWae @ FQN9hzhzP_"" shows a A♣, 2♣.",2026-09-02T05:38:08.401Z,178832748840100
"Some players choose to not run it twice.",2026-09-02T05:38:07.595Z,178832748759501
"""fish @ oMsP5L3lJa"" chooses to not run it twice.",2026-09-02T05:38:07.595Z,178832748759500
"""LingWae @ FQN9hzhzP_"" chooses to  run it twice.",2026-09-02T05:38:07.207Z,178832748720700
"Remaining players decide whether to run it twice.",2026-09-02T05:38:05.863Z,178832748586301
"""fish @ oMsP5L3lJa"" calls 912",2026-09-02T05:38:05.863Z,178832748586300
"""LingWae @ FQN9hzhzP_"" raises to 912 and go all in",2026-09-02T05:38:04.737Z,178832748473700
"""fish @ oMsP5L3lJa"" bets 100",2026-09-02T05:38:02.832Z,178832748283200
"""LingWae @ FQN9hzhzP_"" checks",2026-09-02T05:38:00.724Z,178832748072400
"Turn: 6♦, 10♠, 7♦ [J♦]",2026-09-02T05:37:58.685Z,178832747868500
"""fish @ oMsP5L3lJa"" calls 67",2026-09-02T05:37:57.857Z,178832747785700
"""LingWae @ FQN9hzhzP_"" bets 67",2026-09-02T05:37:56.569Z,178832747656900
"Flop:  [6♦, 10♠, 7♦]",2026-09-02T05:37:52.212Z,178832747221200
"""fish @ oMsP5L3lJa"" calls 45",2026-09-02T05:37:51.389Z,178832747138900
"""LingWae @ FQN9hzhzP_"" raises to 45",2026-09-02T05:37:49.693Z,178832746969300
"""bick and dalls @ gpP9uUffpu"" folds",2026-09-02T05:37:45.069Z,178832746506900
"""fish @ oMsP5L3lJa"" raises to 15",2026-09-02T05:37:43.510Z,178832746351000
"""LingWae @ FQN9hzhzP_"" posts a big blind of 5",2026-09-02T05:37:40.202Z,178832746020206
"""bick and dalls @ gpP9uUffpu"" posts a small blind of 2",2026-09-02T05:37:40.202Z,178832746020205
"Player stacks: #1 ""bick and dalls @ gpP9uUffpu"" (843) | #2 ""LingWae @ FQN9hzhzP_"" (1024) | #5 ""fish @ oMsP5L3lJa"" (2633)",2026-09-02T05:37:40.202Z,178832746020201
"-- starting hand #43 (id: umu3xtpte8fs)  No Limit Texas Hold'em (dealer: ""fish @ oMsP5L3lJa"") --",2026-09-02T05:37:40.202Z,178832746020200
"-- ending hand #42 --",2026-09-02T05:37:34.140Z,178832745414003
"""fish @ oMsP5L3lJa"" collected 1285 from pot with Two Pair, 6's & 3's (combination: J♥, 3♠, 3♣, 6♠, 6♣)",2026-09-02T05:37:34.140Z,178832745414002
"""fish @ oMsP5L3lJa"" shows a 6♠, 3♠.",2026-09-02T05:37:34.140Z,178832745414001
"""LingWae @ FQN9hzhzP_"" shows a J♠, K♠.",2026-09-02T05:37:34.140Z,178832745414000
"""bick and dalls @ gpP9uUffpu"" folds",2026-09-02T05:37:33.305Z,178832745330500
"""fish @ oMsP5L3lJa"" calls 480",2026-09-02T05:37:31.142Z,178832745114200
"""LingWae @ FQN9hzhzP_"" raises to 480",2026-09-02T05:37:06.845Z,178832742684500
"""bick and dalls @ gpP9uUffpu"" calls 160",2026-09-02T05:37:03.285Z,178832742328500
"""fish @ oMsP5L3lJa"" bets 160",2026-09-02T05:36:56.485Z,178832741648500
"River: 3♣, 10♦, 6♣, 5♥ [J♥]",2026-09-02T05:36:54.152Z,178832741415200
"""LingWae @ FQN9hzhzP_"" calls 40",2026-09-02T05:36:53.300Z,178832741330000
"""bick and dalls @ gpP9uUffpu"" calls 40",2026-09-02T05:36:52.390Z,178832741239000
"""fish @ oMsP5L3lJa"" bets 40",2026-09-02T05:36:50.646Z,178832741064600
"Turn: 3♣, 10♦, 6♣ [5♥]",2026-09-02T05:36:48.598Z,178832740859800
"""LingWae @ FQN9hzhzP_"" calls 10",2026-09-02T05:36:47.786Z,178832740778600
"""bick and dalls @ gpP9uUffpu"" calls 10",2026-09-02T05:36:46.802Z,178832740680200
"""fish @ oMsP5L3lJa"" bets 10",2026-09-02T05:36:45.317Z,178832740531700
"Flop:  [3♣, 10♦, 6♣]",2026-09-02T05:36:41.486Z,178832740148600
"""bick and dalls @ gpP9uUffpu"" checks",2026-09-02T05:36:40.633Z,178832740063300
"""fish @ oMsP5L3lJa"" calls 5",2026-09-02T05:36:38.264Z,178832739826400
"""LingWae @ FQN9hzhzP_"" calls 5",2026-09-02T05:36:35.704Z,178832739570400
"""bick and dalls @ gpP9uUffpu"" posts a big blind of 5",2026-09-02T05:36:31.389Z,178832739138906
"""fish @ oMsP5L3lJa"" posts a small blind of 2",2026-09-02T05:36:31.389Z,178832739138905
"Player stacks: #1 ""bick and dalls @ gpP9uUffpu"" (1058) | #2 ""LingWae @ FQN9hzhzP_"" (1559) | #5 ""fish @ oMsP5L3lJa"" (1883)",2026-09-02T05:36:31.389Z,178832739138901
"-- starting hand #42 (id: nmf1d6cupink)  No Limit Texas Hold'em (dealer: ""LingWae @ FQN9hzhzP_"") --",2026-09-02T05:36:31.389Z,178832739138900
"-- ending hand #41 --",2026-09-02T05:36:25.374Z,178832738537403
"""bick and dalls @ gpP9uUffpu"" collected 280 from pot with Two Pair, A's & 8's (combination: 10♥, 8♥, 8♠, A♦, A♥)",2026-09-02T05:36:25.374Z,178832738537402
"""bick and dalls @ gpP9uUffpu"" shows a A♦, 8♥.",2026-09-02T05:36:25.374Z,178832738537401
"""fish @ oMsP5L3lJa"" shows a 4♦, 6♦.",2026-09-02T05:36:25.374Z,178832738537400
"""bick and dalls @ gpP9uUffpu"" calls 70",2026-09-02T05:36:24.571Z,178832738457100
"""fish @ oMsP5L3lJa"" bets 70",2026-09-02T05:36:21.644Z,178832738164400
"River: 7♥, 3♣, 10♥, 8♠ [A♥]",2026-09-02T05:36:17.973Z,178832737797300
"""bick and dalls @ gpP9uUffpu"" checks",2026-09-02T05:36:17.158Z,178832737715800
"""fish @ oMsP5L3lJa"" checks",2026-09-02T05:36:15.054Z,178832737505400
"Turn: 7♥, 3♣, 10♥ [8♠]",2026-09-02T05:36:13.458Z,178832737345800
"""fish @ oMsP5L3lJa"" calls 40",2026-09-02T05:36:12.626Z,178832737262600
"""LingWae @ FQN9hzhzP_"" folds",2026-09-02T05:36:10.259Z,178832737025900
"""bick and dalls @ gpP9uUffpu"" bets 40",2026-09-02T05:36:08.457Z,178832736845700
"""fish @ oMsP5L3lJa"" checks",2026-09-02T05:36:04.861Z,178832736486100
"""LingWae @ FQN9hzhzP_"" checks",2026-09-02T05:36:03.387Z,178832736338700
"Flop:  [7♥, 3♣, 10♥]",2026-09-02T05:35:58.372Z,178832735837200
"""fish @ oMsP5L3lJa"" calls 20",2026-09-02T05:35:57.526Z,178832735752600
"""LingWae @ FQN9hzhzP_"" calls 20",2026-09-02T05:35:55.148Z,178832735514800
"""bick and dalls @ gpP9uUffpu"" raises to 20",2026-09-02T05:35:51.914Z,178832735191400
"""fish @ oMsP5L3lJa"" posts a big blind of 5",2026-09-02T05:35:48.563Z,178832734856306
"""LingWae @ FQN9hzhzP_"" posts a small blind of 2",2026-09-02T05:35:48.563Z,178832734856305
"Your hand is A♦, 8♥",2026-09-02T05:35:48.563Z,178832734856302
"Player stacks: #1 ""bick and dalls @ gpP9uUffpu"" (908) | #2 ""LingWae @ FQN9hzhzP_"" (1579) | #5 ""fish @ oMsP5L3lJa"" (2013)",2026-09-02T05:35:48.563Z,178832734856301
"-- starting hand #41 (id: 1dezxiqgidbv)  No Limit Texas Hold'em (dealer: ""bick and dalls @ gpP9uUffpu"") --",2026-09-02T05:35:48.563Z,178832734856300
"""bick and dalls @ gpP9uUffpu"" shows a 4♣.",2026-09-02T05:35:46.027Z,178832734602700
"-- ending hand #40 --",2026-09-02T05:35:41.988Z,178832734198802
"""LingWae @ FQN9hzhzP_"" collected 235 from pot with Pair, A's (combination: 7♦, 10♠, Q♦, A♣, A♥)",2026-09-02T05:35:41.988Z,178832734198801
"""LingWae @ FQN9hzhzP_"" shows a Q♦, A♣.",2026-09-02T05:35:41.988Z,178832734198800
"""fish @ oMsP5L3lJa"" calls 80",2026-09-02T05:35:41.175Z,178832734117500
"""LingWae @ FQN9hzhzP_"" raises to 80",2026-09-02T05:35:13.827Z,178832731382700
"""bick and dalls @ gpP9uUffpu"" folds",2026-09-02T05:35:11.344Z,178832731134400
"""fish @ oMsP5L3lJa"" bets 40",2026-09-02T05:35:07.441Z,178832730744100
"""LingWae @ FQN9hzhzP_"" checks",2026-09-02T05:35:05.216Z,178832730521600
"""bick and dalls @ gpP9uUffpu"" checks",2026-09-02T05:35:02.989Z,178832730298900
"River: 7♦, 10♠, A♥, 5♦ [4♠]",2026-09-02T05:34:58.141Z,178832729814100
"""fish @ oMsP5L3lJa"" checks",2026-09-02T05:34:57.333Z,178832729733300
"""LingWae @ FQN9hzhzP_"" checks",2026-09-02T05:34:56.177Z,178832729617700
"""bick and dalls @ gpP9uUffpu"" checks",2026-09-02T05:34:53.906Z,178832729390600
"Turn: 7♦, 10♠, A♥ [5♦]",2026-09-02T05:34:51.819Z,178832729181900
"""bick and dalls @ gpP9uUffpu"" calls 20",2026-09-02T05:34:50.991Z,178832729099100
"""fish @ oMsP5L3lJa"" calls 20",2026-09-02T05:34:49.325Z,178832728932500
"""LingWae @ FQN9hzhzP_"" raises to 20",2026-09-02T05:34:47.936Z,178832728793600
"""bick and dalls @ gpP9uUffpu"" calls 10",2026-09-02T05:34:45.846Z,178832728584600
"""fish @ oMsP5L3lJa"" bets 10",2026-09-02T05:34:41.074Z,178832728107400
"""LingWae @ FQN9hzhzP_"" checks",2026-09-02T05:34:38.043Z,178832727804300
"""bick and dalls @ gpP9uUffpu"" checks",2026-09-02T05:34:16.046Z,178832725604600
"Flop:  [7♦, 10♠, A♥]",2026-09-02T05:34:12.986Z,178832725298600
"""LingWae @ FQN9hzhzP_"" checks",2026-09-02T05:34:12.109Z,178832725210900
"""bick and dalls @ gpP9uUffpu"" calls 5",2026-09-02T05:34:10.338Z,178832725033800
"""fish @ oMsP5L3lJa"" calls 5",2026-09-02T05:34:07.971Z,178832724797100
"""LingWae @ FQN9hzhzP_"" posts a big blind of 5",2026-09-02T05:34:06.198Z,178832724619806
"""bick and dalls @ gpP9uUffpu"" posts a small blind of 2",2026-09-02T05:34:06.198Z,178832724619805
"Player stacks: #1 ""bick and dalls @ gpP9uUffpu"" (933) | #2 ""LingWae @ FQN9hzhzP_"" (1449) | #5 ""fish @ oMsP5L3lJa"" (2118)",2026-09-02T05:34:06.198Z,178832724619801
"-- starting hand #40 (id: acky76ertplx)  No Limit Texas Hold'em (dealer: ""fish @ oMsP5L3lJa"") --",2026-09-02T05:34:06.198Z,178832724619800
"-- ending hand #39 --",2026-09-02T05:34:00.183Z,178832724018302
"""LingWae @ FQN9hzhzP_"" collected 249 from pot with Straight, 9 High (combination: 5♥, 6♣, 7♠, 8♣, 9♠)",2026-09-02T05:34:00.183Z,178832724018301
"""LingWae @ FQN9hzhzP_"" shows a 9♠, Q♥.",2026-09-02T05:34:00.183Z,178832724018300
"""fish @ oMsP5L3lJa"" calls 67",2026-09-02T05:33:59.281Z,178832723928100
"""LingWae @ FQN9hzhzP_"" bets 67",2026-09-02T05:33:52.060Z,178832723206000
"""fish @ oMsP5L3lJa"" checks",2026-09-02T05:33:48.736Z,178832722873600
"River: 6♣, 5♥, 8♣, 7♦ [7♠]",2026-09-02T05:33:46.447Z,178832722644700
"""bick and dalls @ gpP9uUffpu"" folds",2026-09-02T05:33:45.632Z,178832722563200
"""fish @ oMsP5L3lJa"" calls 45",2026-09-02T05:33:44.342Z,178832722434200
"""LingWae @ FQN9hzhzP_"" raises to 45",2026-09-02T05:33:38.105Z,178832721810500
"""bick and dalls @ gpP9uUffpu"" calls 10",2026-09-02T05:33:35.220Z,178832721522000
"""fish @ oMsP5L3lJa"" bets 10",2026-09-02T05:33:31.537Z,178832721153700
"Turn: 6♣, 5♥, 8♣ [7♦]",2026-09-02T05:33:28.418Z,178832720841800
"""LingWae @ FQN9hzhzP_"" checks",2026-09-02T05:33:27.567Z,178832720756700
"""bick and dalls @ gpP9uUffpu"" checks",2026-09-02T05:33:26.224Z,178832720622400
"""fish @ oMsP5L3lJa"" checks",2026-09-02T05:33:24.385Z,178832720438500
"Flop:  [6♣, 5♥, 8♣]",2026-09-02T05:33:21.615Z,178832720161500
"""bick and dalls @ gpP9uUffpu"" checks",2026-09-02T05:33:20.781Z,178832720078100
"""fish @ oMsP5L3lJa"" calls 5",2026-09-02T05:33:18.776Z,178832719877600
"""LingWae @ FQN9hzhzP_"" calls 5",2026-09-02T05:33:17.515Z,178832719751500
"""bick and dalls @ gpP9uUffpu"" posts a big blind of 5",2026-09-02T05:33:16.312Z,178832719631206
"""fish @ oMsP5L3lJa"" posts a small blind of 2",2026-09-02T05:33:16.312Z,178832719631205
"Player stacks: #1 ""bick and dalls @ gpP9uUffpu"" (948) | #2 ""LingWae @ FQN9hzhzP_"" (1317) | #5 ""fish @ oMsP5L3lJa"" (2235)",2026-09-02T05:33:16.312Z,178832719631201
"-- starting hand #39 (id: eobdnjpv5evo)  No Limit Texas Hold'em (dealer: ""LingWae @ FQN9hzhzP_"") --",2026-09-02T05:33:16.312Z,178832719631200
"""LingWae @ FQN9hzhzP_"" shows a A♥, Q♣.",2026-09-02T05:33:13.511Z,178832719351100
"-- ending hand #38 --",2026-09-02T05:33:12.708Z,178832719270802
"""fish @ oMsP5L3lJa"" collected 120 from pot",2026-09-02T05:33:12.708Z,178832719270801
"Uncalled bet of 120 returned to ""fish @ oMsP5L3lJa""",2026-09-02T05:33:12.708Z,178832719270800
"""LingWae @ FQN9hzhzP_"" folds",2026-09-02T05:33:11.828Z,178832719182800
"""bick and dalls @ gpP9uUffpu"" folds",2026-09-02T05:33:10.912Z,178832719091200
"""fish @ oMsP5L3lJa"" bets 120",2026-09-02T05:32:45.716Z,178832716571600
"""LingWae @ FQN9hzhzP_"" checks",2026-09-02T05:32:43.316Z,178832716331600
"River: 10♥, 4♠, 6♠, 8♥ [2♠]",2026-09-02T05:32:38.872Z,178832715887200
"""bick and dalls @ gpP9uUffpu"" calls 5",2026-09-02T05:32:38.067Z,178832715806700
"""fish @ oMsP5L3lJa"" calls 5",2026-09-02T05:32:37.158Z,178832715715800
"""LingWae @ FQN9hzhzP_"" bets 5",2026-09-02T05:32:34.779Z,178832715477900
"Turn: 10♥, 4♠, 6♠ [8♥]",2026-09-02T05:32:27.960Z,178832714796000
"""LingWae @ FQN9hzhzP_"" calls 20",2026-09-02T05:32:27.149Z,178832714714900
"""bick and dalls @ gpP9uUffpu"" calls 20",2026-09-02T05:32:21.055Z,178832714105500
"""fish @ oMsP5L3lJa"" bets 20",2026-09-02T05:32:19.166Z,178832713916600
"""LingWae @ FQN9hzhzP_"" checks",2026-09-02T05:32:16.530Z,178832713653000
"Flop:  [10♥, 4♠, 6♠]",2026-09-02T05:32:13.605Z,178832713360500
"""fish @ oMsP5L3lJa"" calls 15",2026-09-02T05:32:12.780Z,178832713278000
"""LingWae @ FQN9hzhzP_"" calls 15",2026-09-02T05:32:11.655Z,178832713165500
"""bick and dalls @ gpP9uUffpu"" raises to 15",2026-09-02T05:32:10.168Z,178832713016800
"""fish @ oMsP5L3lJa"" posts a big blind of 5",2026-09-02T05:32:08.159Z,178832712815906
"""LingWae @ FQN9hzhzP_"" posts a small blind of 2",2026-09-02T05:32:08.159Z,178832712815905
"Player stacks: #1 ""bick and dalls @ gpP9uUffpu"" (988) | #2 ""LingWae @ FQN9hzhzP_"" (1357) | #5 ""fish @ oMsP5L3lJa"" (2155)",2026-09-02T05:32:08.159Z,178832712815901
"-- starting hand #38 (id: cuqgvnqren8g)  No Limit Texas Hold'em (dealer: ""bick and dalls @ gpP9uUffpu"") --",2026-09-02T05:32:08.159Z,178832712815900
"-- ending hand #37 --",2026-09-02T05:32:02.142Z,178832712214203
"""bick and dalls @ gpP9uUffpu"" collected 95 from pot with Pair, J's (combination: 9♥, K♠, A♠, J♣, J♦)",2026-09-02T05:32:02.142Z,178832712214202
"""bick and dalls @ gpP9uUffpu"" shows a J♣, 6♥.",2026-09-02T05:32:02.142Z,178832712214201
"""fish @ oMsP5L3lJa"" shows a 4♣, 5♥.",2026-09-02T05:32:02.142Z,178832712214200
"""bick and dalls @ gpP9uUffpu"" calls 30",2026-09-02T05:32:01.255Z,178832712125500
"""fish @ oMsP5L3lJa"" bets 30",2026-09-02T05:31:59.038Z,178832711903800
"""bick and dalls @ gpP9uUffpu"" checks",2026-09-02T05:31:56.951Z,178832711695100
"River: A♠, J♦, 9♥, 4♠ [K♠]",2026-09-02T05:31:55.052Z,178832711505200
"""LingWae @ FQN9hzhzP_"" folds",2026-09-02T05:31:54.188Z,178832711418800
"""bick and dalls @ gpP9uUffpu"" calls 10",2026-09-02T05:31:51.917Z,178832711191700
"""fish @ oMsP5L3lJa"" bets 10",2026-09-02T05:31:50.311Z,178832711031100
"""LingWae @ FQN9hzhzP_"" checks",2026-09-02T05:31:48.242Z,178832710824200
"""bick and dalls @ gpP9uUffpu"" checks",2026-09-02T05:31:47.010Z,178832710701000
"Turn: A♠, J♦, 9♥ [4♠]",2026-09-02T05:31:45.647Z,178832710564700
"""fish @ oMsP5L3lJa"" checks",2026-09-02T05:31:44.842Z,178832710484200
"""LingWae @ FQN9hzhzP_"" checks",2026-09-02T05:31:42.974Z,178832710297400
"""bick and dalls @ gpP9uUffpu"" checks",2026-09-02T05:31:41.077Z,178832710107700
"Flop:  [A♠, J♦, 9♥]",2026-09-02T05:31:38.845Z,178832709884500
"""LingWae @ FQN9hzhzP_"" checks",2026-09-02T05:31:37.978Z,178832709797800
"""bick and dalls @ gpP9uUffpu"" calls 5",2026-09-02T05:31:36.637Z,178832709663700
"""fish @ oMsP5L3lJa"" calls 5",2026-09-02T05:31:35.058Z,178832709505800
"""LingWae @ FQN9hzhzP_"" posts a big blind of 5",2026-09-02T05:31:32.444Z,178832709244406
"""bick and dalls @ gpP9uUffpu"" posts a small blind of 2",2026-09-02T05:31:32.444Z,178832709244405
"Your hand is J♣, 6♥",2026-09-02T05:31:32.444Z,178832709244402
"Player stacks: #1 ""bick and dalls @ gpP9uUffpu"" (938) | #2 ""LingWae @ FQN9hzhzP_"" (1362) | #5 ""fish @ oMsP5L3lJa"" (2200)",2026-09-02T05:31:32.444Z,178832709244401
"-- starting hand #37 (id: moubcuhxteem)  No Limit Texas Hold'em (dealer: ""fish @ oMsP5L3lJa"") --",2026-09-02T05:31:32.444Z,178832709244400
"""fish @ oMsP5L3lJa"" shows a 6♠.",2026-09-02T05:31:26.162Z,178832708616200
"""LingWae @ FQN9hzhzP_"" shows a 3♥, 2♦.",2026-09-02T05:31:26.116Z,178832708611600
"Undealt cards: K♥, 9♠, 8♣ [A♣, 2♠]",2026-09-02T05:31:25.781Z,178832708578100
"-- ending hand #36 --",2026-09-02T05:31:25.065Z,178832708506502
"""fish @ oMsP5L3lJa"" collected 15 from pot",2026-09-02T05:31:25.065Z,178832708506501
"Uncalled bet of 10 returned to ""fish @ oMsP5L3lJa""",2026-09-02T05:31:25.065Z,178832708506500
"""LingWae @ FQN9hzhzP_"" folds",2026-09-02T05:31:24.258Z,178832708425800
"""bick and dalls @ gpP9uUffpu"" folds",2026-09-02T05:31:22.629Z,178832708262900
"""fish @ oMsP5L3lJa"" bets 10",2026-09-02T05:31:21.055Z,178832708105500
"Flop:  [K♥, 9♠, 8♣]",2026-09-02T05:31:15.689Z,178832707568900
"""bick and dalls @ gpP9uUffpu"" checks",2026-09-02T05:31:14.871Z,178832707487100
"""fish @ oMsP5L3lJa"" calls 5",2026-09-02T05:31:12.946Z,178832707294600
"""LingWae @ FQN9hzhzP_"" calls 5",2026-09-02T05:31:12.028Z,178832707202800
"""bick and dalls @ gpP9uUffpu"" posts a big blind of 5",2026-09-02T05:31:09.637Z,178832706963706
"""fish @ oMsP5L3lJa"" posts a small blind of 2",2026-09-02T05:31:09.637Z,178832706963705
"Player stacks: #1 ""bick and dalls @ gpP9uUffpu"" (943) | #2 ""LingWae @ FQN9hzhzP_"" (1367) | #5 ""fish @ oMsP5L3lJa"" (2190)",2026-09-02T05:31:09.637Z,178832706963701
"-- starting hand #36 (id: yx2wutlm20y9)  No Limit Texas Hold'em (dealer: ""LingWae @ FQN9hzhzP_"") --",2026-09-02T05:31:09.637Z,178832706963700
"""fish @ oMsP5L3lJa"" shows a 7♥.",2026-09-02T05:31:06.005Z,178832706600500
"""LingWae @ FQN9hzhzP_"" shows a K♥, 5♦.",2026-09-02T05:31:05.565Z,178832706556500
"""bick and dalls @ gpP9uUffpu"" shows a 4♥.",2026-09-02T05:31:03.879Z,178832706387900
"Undealt cards: 3♠, 8♥, A♠ [A♣, 4♦]",2026-09-02T05:31:01.957Z,178832706195700
"-- ending hand #35 --",2026-09-02T05:31:01.605Z,178832706160502
"""LingWae @ FQN9hzhzP_"" collected 45 from pot",2026-09-02T05:31:01.605Z,178832706160501
"Uncalled bet of 30 returned to ""LingWae @ FQN9hzhzP_""",2026-09-02T05:31:01.605Z,178832706160500
"""bick and dalls @ gpP9uUffpu"" folds",2026-09-02T05:31:00.773Z,178832706077300
"""fish @ oMsP5L3lJa"" folds",2026-09-02T05:30:55.619Z,178832705561900
"""LingWae @ FQN9hzhzP_"" raises to 45",2026-09-02T05:30:53.731Z,178832705373100
"""bick and dalls @ gpP9uUffpu"" bets 15",2026-09-02T05:30:46.785Z,178832704678500
"""fish @ oMsP5L3lJa"" checks",2026-09-02T05:30:45.051Z,178832704505100
"""LingWae @ FQN9hzhzP_"" checks",2026-09-02T05:30:43.745Z,178832704374500
"Flop:  [3♠, 8♥, A♠]",2026-09-02T05:30:37.049Z,178832703704900
"""fish @ oMsP5L3lJa"" checks",2026-09-02T05:30:36.233Z,178832703623300
"""LingWae @ FQN9hzhzP_"" calls 5",2026-09-02T05:30:34.491Z,178832703449100
"""bick and dalls @ gpP9uUffpu"" calls 5",2026-09-02T05:30:31.944Z,178832703194400
"""fish @ oMsP5L3lJa"" posts a big blind of 5",2026-09-02T05:30:29.650Z,178832702965006
"""LingWae @ FQN9hzhzP_"" posts a small blind of 2",2026-09-02T05:30:29.650Z,178832702965005
"Player stacks: #1 ""bick and dalls @ gpP9uUffpu"" (963) | #2 ""LingWae @ FQN9hzhzP_"" (1342) | #5 ""fish @ oMsP5L3lJa"" (2195)",2026-09-02T05:30:29.650Z,178832702965001
"-- starting hand #35 (id: 7cglqbn7dmxj)  No Limit Texas Hold'em (dealer: ""bick and dalls @ gpP9uUffpu"") --",2026-09-02T05:30:29.650Z,178832702965000
"-- ending hand #34 --",2026-09-02T05:30:23.646Z,178832702364602
"""LingWae @ FQN9hzhzP_"" collected 165 from pot with Three of a Kind, 2's (combination: 9♥, A♦, 2♣, 2♦, 2♠)",2026-09-02T05:30:23.646Z,178832702364601
"""LingWae @ FQN9hzhzP_"" shows a A♦, 9♥.",2026-09-02T05:30:23.646Z,178832702364600
"""fish @ oMsP5L3lJa"" checks",2026-09-02T05:30:22.828Z,178832702282800
"""LingWae @ FQN9hzhzP_"" checks",2026-09-02T05:30:18.681Z,178832701868100
"River: 2♣, 2♦, 2♠, 6♠ [5♠]",2026-09-02T05:30:16.370Z,178832701637000
"""LingWae @ FQN9hzhzP_"" calls 40",2026-09-02T05:30:15.490Z,178832701549000
"""fish @ oMsP5L3lJa"" bets 40",2026-09-02T05:30:13.762Z,178832701376200
"""LingWae @ FQN9hzhzP_"" checks",2026-09-02T05:30:11.667Z,178832701166700
"Turn: 2♣, 2♦, 2♠ [6♠]",2026-09-02T05:30:07.641Z,178832700764100
"""LingWae @ FQN9hzhzP_"" calls 20",2026-09-02T05:30:06.838Z,178832700683800
"""bick and dalls @ gpP9uUffpu"" folds",2026-09-02T05:30:05.242Z,178832700524200
"""fish @ oMsP5L3lJa"" bets 20",2026-09-02T05:29:49.067Z,178832698906700
"""LingWae @ FQN9hzhzP_"" checks",2026-09-02T05:29:46.467Z,178832698646700
"""bick and dalls @ gpP9uUffpu"" checks",2026-09-02T05:29:45.205Z,178832698520500
"Flop:  [2♣, 2♦, 2♠]",2026-09-02T05:29:37.698Z,178832697769800
"""fish @ oMsP5L3lJa"" calls 15",2026-09-02T05:29:36.882Z,178832697688200
"""LingWae @ FQN9hzhzP_"" calls 15",2026-09-02T05:29:35.787Z,178832697578700
"""bick and dalls @ gpP9uUffpu"" raises to 15",2026-09-02T05:29:32.187Z,178832697218700
"""fish @ oMsP5L3lJa"" calls 5",2026-09-02T05:29:29.379Z,178832696937900
"""LingWae @ FQN9hzhzP_"" posts a big blind of 5",2026-09-02T05:29:26.597Z,178832696659706
"""bick and dalls @ gpP9uUffpu"" posts a small blind of 2",2026-09-02T05:29:26.597Z,178832696659705
"Player stacks: #1 ""bick and dalls @ gpP9uUffpu"" (978) | #2 ""LingWae @ FQN9hzhzP_"" (1252) | #5 ""fish @ oMsP5L3lJa"" (2270)",2026-09-02T05:29:26.597Z,178832696659701
"-- starting hand #34 (id: lwcyqp4fgrtb)  No Limit Texas Hold'em (dealer: ""fish @ oMsP5L3lJa"") --",2026-09-02T05:29:26.597Z,178832696659700
"""bick and dalls @ gpP9uUffpu"" shows a 7♣.",2026-09-02T05:29:25.213Z,178832696521300
"""LingWae @ FQN9hzhzP_"" shows a 3♠, 3♣.",2026-09-02T05:29:23.059Z,178832696305900
"-- ending hand #33 --",2026-09-02T05:29:22.277Z,178832696227702
"""bick and dalls @ gpP9uUffpu"" collected 160 from pot",2026-09-02T05:29:22.277Z,178832696227701
"Uncalled bet of 50 returned to ""bick and dalls @ gpP9uUffpu""",2026-09-02T05:29:22.277Z,178832696227700
"""LingWae @ FQN9hzhzP_"" folds",2026-09-02T05:29:21.473Z,178832696147300
"""bick and dalls @ gpP9uUffpu"" bets 50",2026-09-02T05:29:11.074Z,178832695107400
"River: 6♠, 8♦, 2♥, 5♠ [J♣]",2026-09-02T05:29:04.089Z,178832694408900
"""fish @ oMsP5L3lJa"" folds",2026-09-02T05:29:03.281Z,178832694328100
"""LingWae @ FQN9hzhzP_"" calls 35",2026-09-02T05:29:02.171Z,178832694217100
"""bick and dalls @ gpP9uUffpu"" bets 35",2026-09-02T05:29:00.277Z,178832694027700
"""fish @ oMsP5L3lJa"" checks",2026-09-02T05:28:56.804Z,178832693680400
"Turn: 6♠, 8♦, 2♥ [5♠]",2026-09-02T05:28:55.155Z,178832693515500
"""fish @ oMsP5L3lJa"" calls 15",2026-09-02T05:28:54.276Z,178832693427600
"""LingWae @ FQN9hzhzP_"" calls 15",2026-09-02T05:28:52.384Z,178832693238400
"""bick and dalls @ gpP9uUffpu"" bets 15",2026-09-02T05:28:50.703Z,178832693070300
"""fish @ oMsP5L3lJa"" checks",2026-09-02T05:28:48.303Z,178832692830300
"Flop:  [6♠, 8♦, 2♥]",2026-09-02T05:28:45.810Z,178832692581000
"""LingWae @ FQN9hzhzP_"" calls 15",2026-09-02T05:28:44.967Z,178832692496700
"""bick and dalls @ gpP9uUffpu"" calls 15",2026-09-02T05:28:44.053Z,178832692405300
"""fish @ oMsP5L3lJa"" raises to 15",2026-09-02T05:28:43.106Z,178832692310600
"""LingWae @ FQN9hzhzP_"" calls 5",2026-09-02T05:28:41.179Z,178832692117900
"""bick and dalls @ gpP9uUffpu"" posts a big blind of 5",2026-09-02T05:28:36.806Z,178832691680607
"""fish @ oMsP5L3lJa"" posts a small blind of 2",2026-09-02T05:28:36.806Z,178832691680606
"Player stacks: #1 ""bick and dalls @ gpP9uUffpu"" (883) | #2 ""LingWae @ FQN9hzhzP_"" (1317) | #5 ""fish @ oMsP5L3lJa"" (2300)",2026-09-02T05:28:36.806Z,178832691680602
"-- starting hand #33 (id: ffos7rt3ji0r)  No Limit Texas Hold'em (dealer: ""LingWae @ FQN9hzhzP_"") --",2026-09-02T05:28:36.806Z,178832691680601
"The admin updated the player ""bick and dalls @ gpP9uUffpu"" stack from 383 to 883.",2026-09-02T05:28:36.806Z,178832691680600
"Undealt cards: J♦, 3♥, 10♦, 5♥ [2♥]",2026-09-02T05:28:31.736Z,178832691173600
"-- ending hand #32 --",2026-09-02T05:28:30.858Z,178832691085802
"""fish @ oMsP5L3lJa"" collected 10 from pot",2026-09-02T05:28:30.858Z,178832691085801
"Uncalled bet of 20 returned to ""fish @ oMsP5L3lJa""",2026-09-02T05:28:30.858Z,178832691085800
"""LingWae @ FQN9hzhzP_"" folds",2026-09-02T05:28:30.034Z,178832691003400
"""fish @ oMsP5L3lJa"" bets 20",2026-09-02T05:28:27.700Z,178832690770000
"""LingWae @ FQN9hzhzP_"" checks",2026-09-02T05:28:25.478Z,178832690547800
"Turn: J♦, 3♥, 10♦ [5♥]",2026-09-02T05:28:22.855Z,178832690285500
"""fish @ oMsP5L3lJa"" checks",2026-09-02T05:28:22.051Z,178832690205100
"""LingWae @ FQN9hzhzP_"" checks",2026-09-02T05:28:20.479Z,178832690047900
"WARNING: the admin queued the stack change for the player ""bick and dalls @ gpP9uUffpu"" adding 500 chips in the next hand.",2026-09-02T05:28:11.314Z,178832689131400
"Flop:  [J♦, 3♥, 10♦]",2026-09-02T05:28:10.936Z,178832689093600
"""fish @ oMsP5L3lJa"" checks",2026-09-02T05:28:10.108Z,178832689010800
"""LingWae @ FQN9hzhzP_"" calls 5",2026-09-02T05:28:07.498Z,178832688749800
"""bick and dalls @ gpP9uUffpu"" folds",2026-09-02T05:28:05.656Z,178832688565600
"""fish @ oMsP5L3lJa"" posts a big blind of 5",2026-09-02T05:28:04.728Z,178832688472806
"""LingWae @ FQN9hzhzP_"" posts a small blind of 2",2026-09-02T05:28:04.728Z,178832688472805
"Player stacks: #1 ""bick and dalls @ gpP9uUffpu"" (383) | #2 ""LingWae @ FQN9hzhzP_"" (1322) | #5 ""fish @ oMsP5L3lJa"" (2295)",2026-09-02T05:28:04.728Z,178832688472801
"-- starting hand #32 (id: gqhlrfgbvxlk)  No Limit Texas Hold'em (dealer: ""bick and dalls @ gpP9uUffpu"") --",2026-09-02T05:28:04.728Z,178832688472800
"""LingWae @ FQN9hzhzP_"" shows a 7♠, 2♥.",2026-09-02T05:27:59.763Z,178832687976300
"Undealt cards:  [8♥, 4♠, K♦, J♠, 9♦]",2026-09-02T05:27:59.637Z,178832687963700
"-- ending hand #31 --",2026-09-02T05:27:58.101Z,178832687810102
"""fish @ oMsP5L3lJa"" collected 12 from pot",2026-09-02T05:27:58.101Z,178832687810101
"Uncalled bet of 10 returned to ""fish @ oMsP5L3lJa""",2026-09-02T05:27:58.101Z,178832687810100
"""LingWae @ FQN9hzhzP_"" folds",2026-09-02T05:27:57.279Z,178832687727900
"""bick and dalls @ gpP9uUffpu"" folds",2026-09-02T05:27:54.817Z,178832687481700
"""fish @ oMsP5L3lJa"" raises to 15",2026-09-02T05:27:51.821Z,178832687182100
"""LingWae @ FQN9hzhzP_"" posts a big blind of 5",2026-09-02T05:27:46.358Z,178832686635806
"""bick and dalls @ gpP9uUffpu"" posts a small blind of 2",2026-09-02T05:27:46.358Z,178832686635805
"Player stacks: #1 ""bick and dalls @ gpP9uUffpu"" (385) | #2 ""LingWae @ FQN9hzhzP_"" (1327) | #5 ""fish @ oMsP5L3lJa"" (2288)",2026-09-02T05:27:46.358Z,178832686635801
"-- starting hand #31 (id: oxtgi2lmi6jf)  No Limit Texas Hold'em (dealer: ""fish @ oMsP5L3lJa"") --",2026-09-02T05:27:46.358Z,178832686635800
"-- ending hand #30 --",2026-09-02T05:27:40.353Z,178832686035303
"""LingWae @ FQN9hzhzP_"" collected 255 from pot with Pair, K's (combination: 10♥, J♣, Q♥, K♣, K♦)",2026-09-02T05:27:40.353Z,178832686035302
"""LingWae @ FQN9hzhzP_"" shows a K♣, Q♥.",2026-09-02T05:27:40.353Z,178832686035301
"""bick and dalls @ gpP9uUffpu"" shows a 6♠, Q♠.",2026-09-02T05:27:40.353Z,178832686035300
"""fish @ oMsP5L3lJa"" folds",2026-09-02T05:27:39.512Z,178832685951200
"""LingWae @ FQN9hzhzP_"" calls 90",2026-09-02T05:27:37.871Z,178832685787100
"""bick and dalls @ gpP9uUffpu"" bets 90",2026-09-02T05:27:36.670Z,178832685667000
"""fish @ oMsP5L3lJa"" checks",2026-09-02T05:27:32.496Z,178832685249600
"River: K♦, 3♥, J♣, 10♥ [4♥]",2026-09-02T05:27:30.857Z,178832685085700
"""bick and dalls @ gpP9uUffpu"" calls 20",2026-09-02T05:27:30.050Z,178832685005000
"""fish @ oMsP5L3lJa"" calls 20",2026-09-02T05:27:29.117Z,178832684911700
"""LingWae @ FQN9hzhzP_"" raises to 20",2026-09-02T05:27:23.612Z,178832684361200
"""bick and dalls @ gpP9uUffpu"" bets 10",2026-09-02T05:27:20.605Z,178832684060500
"""fish @ oMsP5L3lJa"" checks",2026-09-02T05:27:18.028Z,178832683802800
"Turn: K♦, 3♥, J♣ [10♥]",2026-09-02T05:27:15.494Z,178832683549400
"""LingWae @ FQN9hzhzP_"" checks",2026-09-02T05:27:14.641Z,178832683464100
"""bick and dalls @ gpP9uUffpu"" checks",2026-09-02T05:27:12.321Z,178832683232100
"""fish @ oMsP5L3lJa"" checks",2026-09-02T05:27:09.740Z,178832682974000
"Flop:  [K♦, 3♥, J♣]",2026-09-02T05:27:04.625Z,178832682462500
"""bick and dalls @ gpP9uUffpu"" checks",2026-09-02T05:27:03.764Z,178832682376400
"""fish @ oMsP5L3lJa"" calls 5",2026-09-02T05:27:02.460Z,178832682246000
"""LingWae @ FQN9hzhzP_"" calls 5",2026-09-02T05:26:59.947Z,178832681994700
"""bick and dalls @ gpP9uUffpu"" posts a big blind of 5",2026-09-02T05:26:57.059Z,178832681705907
"""fish @ oMsP5L3lJa"" posts a small blind of 2",2026-09-02T05:26:57.059Z,178832681705906
"Your hand is 6♠, Q♠",2026-09-02T05:26:57.059Z,178832681705903
"Player stacks: #1 ""bick and dalls @ gpP9uUffpu"" (500) | #2 ""LingWae @ FQN9hzhzP_"" (1187) | #5 ""fish @ oMsP5L3lJa"" (2313)",2026-09-02T05:26:57.059Z,178832681705902
"-- starting hand #30 (id: lletwchzffci)  No Limit Texas Hold'em (dealer: ""LingWae @ FQN9hzhzP_"") --",2026-09-02T05:26:57.059Z,178832681705901
"The player ""bick and dalls @ gpP9uUffpu"" joined the game with a stack of 500.",2026-09-02T05:26:57.059Z,178832681705900
"Undealt cards: 8♠, 8♦, 3♣ [J♣, 7♠]",2026-09-02T05:26:53.102Z,178832681310200
"""LingWae @ FQN9hzhzP_"" shows a 4♥, 4♠.",2026-09-02T05:26:52.523Z,178832681252300
"-- ending hand #29 --",2026-09-02T05:26:50.455Z,178832681045502
"""LingWae @ FQN9hzhzP_"" collected 240 from pot",2026-09-02T05:26:50.455Z,178832681045501
"Uncalled bet of 947 returned to ""LingWae @ FQN9hzhzP_""",2026-09-02T05:26:50.455Z,178832681045500
"""fish @ oMsP5L3lJa"" folds",2026-09-02T05:26:49.622Z,178832680962200
"""LingWae @ FQN9hzhzP_"" bets 947 and go all in",2026-09-02T05:26:43.607Z,178832680360700
"Flop:  [8♠, 8♦, 3♣]",2026-09-02T05:26:39.392Z,178832679939200
"""fish @ oMsP5L3lJa"" calls 120",2026-09-02T05:26:38.582Z,178832679858200
"""LingWae @ FQN9hzhzP_"" raises to 120",2026-09-02T05:26:37.021Z,178832679702100
"""fish @ oMsP5L3lJa"" raises to 20",2026-09-02T05:26:32.258Z,178832679225800
"The admin approved the player ""bick and dalls @ gpP9uUffpu"" participation with a stack of 500.",2026-09-02T05:26:26.327Z,178832678632701
"The player ""bick and dalls @ gpP9uUffpu"" requested a seat.",2026-09-02T05:26:26.327Z,178832678632700
"""LingWae @ FQN9hzhzP_"" posts a big blind of 5",2026-09-02T05:26:22.382Z,178832678238206
"""fish @ oMsP5L3lJa"" posts a small blind of 2",2026-09-02T05:26:22.382Z,178832678238205
"Player stacks: #2 ""LingWae @ FQN9hzhzP_"" (1067) | #5 ""fish @ oMsP5L3lJa"" (2433)",2026-09-02T05:26:22.382Z,178832678238202
"-- starting hand #29 (id: pyi0sipakqmg)  No Limit Texas Hold'em (dealer: ""fish @ oMsP5L3lJa"") --",2026-09-02T05:26:22.382Z,178832678238201
"The player ""bick and dalls @ gpP9uUffpu"" quits the game with a stack of 0.",2026-09-02T05:26:22.382Z,178832678238200
"""LingWae @ FQN9hzhzP_"" shows a 5♦, Q♦.",2026-09-02T05:26:17.382Z,178832677738200
"-- ending hand #28 --",2026-09-02T05:26:15.854Z,178832677585403
"""fish @ oMsP5L3lJa"" collected 1248 from pot with Two Pair, K's & 4's (combination: Q♥, 4♣, 4♥, K♣, K♦)",2026-09-02T05:26:15.854Z,178832677585402
"""fish @ oMsP5L3lJa"" shows a 7♣, K♣.",2026-09-02T05:26:15.854Z,178832677585401
"""bick and dalls @ gpP9uUffpu"" shows a 10♥, A♥.",2026-09-02T05:26:15.854Z,178832677585400
"""fish @ oMsP5L3lJa"" calls 504",2026-09-02T05:26:15.050Z,178832677505000
"""LingWae @ FQN9hzhzP_"" folds",2026-09-02T05:26:13.446Z,178832677344600
"""bick and dalls @ gpP9uUffpu"" raises to 504 and go all in",2026-09-02T05:26:12.247Z,178832677224700
"""fish @ oMsP5L3lJa"" bets 100",2026-09-02T05:26:06.598Z,178832676659800
"River: Q♥, 4♣, 3♦, K♦ [4♥]",2026-09-02T05:26:01.539Z,178832676153900
"""LingWae @ FQN9hzhzP_"" calls 60",2026-09-02T05:26:00.633Z,178832676063300
"""bick and dalls @ gpP9uUffpu"" calls 60",2026-09-02T05:25:59.542Z,178832675954200
"""fish @ oMsP5L3lJa"" bets 60",2026-09-02T05:25:58.206Z,178832675820600
"Turn: Q♥, 4♣, 3♦ [K♦]",2026-09-02T05:25:55.296Z,178832675529600
"""LingWae @ FQN9hzhzP_"" checks",2026-09-02T05:25:54.474Z,178832675447400
"""bick and dalls @ gpP9uUffpu"" checks",2026-09-02T05:25:53.556Z,178832675355600
"""fish @ oMsP5L3lJa"" checks",2026-09-02T05:25:51.811Z,178832675181100
"Flop:  [Q♥, 4♣, 3♦]",2026-09-02T05:25:49.691Z,178832674969100
"""fish @ oMsP5L3lJa"" calls 20",2026-09-02T05:25:48.876Z,178832674887600
"""LingWae @ FQN9hzhzP_"" calls 20",2026-09-02T05:25:42.935Z,178832674293500
"""bick and dalls @ gpP9uUffpu"" raises to 20",2026-09-02T05:25:36.971Z,178832673697100
"""fish @ oMsP5L3lJa"" calls 5",2026-09-02T05:25:35.140Z,178832673514000
"""LingWae @ FQN9hzhzP_"" calls 5",2026-09-02T05:25:31.898Z,178832673189800
"""bick and dalls @ gpP9uUffpu"" posts a big blind of 5",2026-09-02T05:25:20.882Z,178832672088206
"""fish @ oMsP5L3lJa"" posts a small blind of 2",2026-09-02T05:25:20.882Z,178832672088205
"Your hand is 10♥, A♥",2026-09-02T05:25:20.882Z,178832672088204
"Player stacks: #2 ""LingWae @ FQN9hzhzP_"" (1147) | #5 ""fish @ oMsP5L3lJa"" (1769) | #10 ""bick and dalls @ gpP9uUffpu"" (584)",2026-09-02T05:25:20.882Z,178832672088201
"-- starting hand #28 (id: r6waat1rptmk)  No Limit Texas Hold'em (dealer: ""LingWae @ FQN9hzhzP_"") --",2026-09-02T05:25:20.882Z,178832672088200
"""LingWae @ FQN9hzhzP_"" shows a 3♣, 8♠.",2026-09-02T05:25:16.547Z,178832671654700
"Undealt cards: 3♠, J♥, 7♣, 6♣ [3♦]",2026-09-02T05:25:15.024Z,178832671502400
"""fish @ oMsP5L3lJa"" shows a 7♥, 2♠.",2026-09-02T05:25:14.343Z,178832671434300
"-- ending hand #27 --",2026-09-02T05:25:13.478Z,178832671347802
"""fish @ oMsP5L3lJa"" collected 787 from pot",2026-09-02T05:25:13.478Z,178832671347801
"Uncalled bet of 300 returned to ""fish @ oMsP5L3lJa""",2026-09-02T05:25:13.478Z,178832671347800
"""LingWae @ FQN9hzhzP_"" folds",2026-09-02T05:25:12.607Z,178832671260700
"""fish @ oMsP5L3lJa"" bets 300",2026-09-02T05:25:02.530Z,178832670253000
"""LingWae @ FQN9hzhzP_"" checks",2026-09-02T05:25:00.095Z,178832670009500
"Turn: 3♠, J♥, 7♣ [6♣]",2026-09-02T05:24:50.708Z,178832669070800
"""fish @ oMsP5L3lJa"" calls 336",2026-09-02T05:24:49.899Z,178832668989900
"""LingWae @ FQN9hzhzP_"" raises to 336",2026-09-02T05:24:46.787Z,178832668678700
"""fish @ oMsP5L3lJa"" bets 100",2026-09-02T05:24:43.098Z,178832668309800
"""LingWae @ FQN9hzhzP_"" checks",2026-09-02T05:24:40.683Z,178832668068300
"Flop:  [3♠, J♥, 7♣]",2026-09-02T05:24:35.435Z,178832667543500
"""LingWae @ FQN9hzhzP_"" calls 50",2026-09-02T05:24:34.579Z,178832667457900
"""bick and dalls @ gpP9uUffpu"" folds",2026-09-02T05:24:32.655Z,178832667265500
"""fish @ oMsP5L3lJa"" raises to 50",2026-09-02T05:24:29.741Z,178832666974100
"""LingWae @ FQN9hzhzP_"" calls 15",2026-09-02T05:24:23.854Z,178832666385400
"""bick and dalls @ gpP9uUffpu"" raises to 15",2026-09-02T05:24:20.727Z,178832666072700
"""fish @ oMsP5L3lJa"" posts a big blind of 5",2026-09-02T05:24:16.750Z,178832665675006
"""LingWae @ FQN9hzhzP_"" posts a small blind of 2",2026-09-02T05:24:16.750Z,178832665675005
"Player stacks: #2 ""LingWae @ FQN9hzhzP_"" (1533) | #5 ""fish @ oMsP5L3lJa"" (1368) | #10 ""bick and dalls @ gpP9uUffpu"" (599)",2026-09-02T05:24:16.750Z,178832665675001
"-- starting hand #27 (id: lff9lnsz9khr)  No Limit Texas Hold'em (dealer: ""bick and dalls @ gpP9uUffpu"") --",2026-09-02T05:24:16.750Z,178832665675000
"""LingWae @ FQN9hzhzP_"" shows a 2♣, 6♥.",2026-09-02T05:24:15.506Z,178832665550600
"-- ending hand #26 --",2026-09-02T05:24:13.144Z,178832665314402
"""fish @ oMsP5L3lJa"" collected 12 from pot",2026-09-02T05:24:13.144Z,178832665314401
"Uncalled bet of 50 returned to ""fish @ oMsP5L3lJa""",2026-09-02T05:24:13.144Z,178832665314400
"""LingWae @ FQN9hzhzP_"" folds",2026-09-02T05:24:12.318Z,178832665231800
"""fish @ oMsP5L3lJa"" bets 50",2026-09-02T05:24:11.256Z,178832665125600
"""LingWae @ FQN9hzhzP_"" checks",2026-09-02T05:24:08.976Z,178832664897600
"River: 3♥, Q♠, 3♣, 5♠ [5♦]",2026-09-02T05:24:06.379Z,178832664637900
"""fish @ oMsP5L3lJa"" checks",2026-09-02T05:24:05.542Z,178832664554200
"""LingWae @ FQN9hzhzP_"" checks",2026-09-02T05:24:04.399Z,178832664439900
"Turn: 3♥, Q♠, 3♣ [5♠]",2026-09-02T05:24:02.549Z,178832664254900
"""fish @ oMsP5L3lJa"" checks",2026-09-02T05:24:01.667Z,178832664166700
"""LingWae @ FQN9hzhzP_"" checks",2026-09-02T05:24:00.264Z,178832664026400
"Flop:  [3♥, Q♠, 3♣]",2026-09-02T05:23:58.561Z,178832663856100
"""LingWae @ FQN9hzhzP_"" checks",2026-09-02T05:23:57.726Z,178832663772600
"""bick and dalls @ gpP9uUffpu"" folds",2026-09-02T05:23:55.792Z,178832663579200
"""fish @ oMsP5L3lJa"" calls 5",2026-09-02T05:23:54.830Z,178832663483000
"""LingWae @ FQN9hzhzP_"" posts a big blind of 5",2026-09-02T05:23:49.359Z,178832662935906
"""bick and dalls @ gpP9uUffpu"" posts a small blind of 2",2026-09-02T05:23:49.359Z,178832662935905
"Player stacks: #2 ""LingWae @ FQN9hzhzP_"" (1538) | #5 ""fish @ oMsP5L3lJa"" (1361) | #10 ""bick and dalls @ gpP9uUffpu"" (601)",2026-09-02T05:23:49.359Z,178832662935901
"-- starting hand #26 (id: e9yscdn3f5hd)  No Limit Texas Hold'em (dealer: ""fish @ oMsP5L3lJa"") --",2026-09-02T05:23:49.359Z,178832662935900
"Undealt cards: 7♦, 6♦, 4♠, 3♦ [10♦]",2026-09-02T05:23:45.357Z,178832662535700
"""LingWae @ FQN9hzhzP_"" shows a 7♥, A♣.",2026-09-02T05:23:44.875Z,178832662487500
"-- ending hand #25 --",2026-09-02T05:23:42.752Z,178832662275202
"""LingWae @ FQN9hzhzP_"" collected 69 from pot",2026-09-02T05:23:42.752Z,178832662275201
"Uncalled bet of 17 returned to ""LingWae @ FQN9hzhzP_""",2026-09-02T05:23:42.752Z,178832662275200
"""fish @ oMsP5L3lJa"" folds",2026-09-02T05:23:41.923Z,178832662192300
"""LingWae @ FQN9hzhzP_"" bets 17",2026-09-02T05:23:32.836Z,178832661283600
"""fish @ oMsP5L3lJa"" checks",2026-09-02T05:23:25.981Z,178832660598100
"Turn: 7♦, 6♦, 4♠ [3♦]",2026-09-02T05:23:24.598Z,178832660459800
"""fish @ oMsP5L3lJa"" calls 17",2026-09-02T05:23:23.774Z,178832660377400
"""LingWae @ FQN9hzhzP_"" bets 17",2026-09-02T05:23:21.069Z,178832660106900
"""fish @ oMsP5L3lJa"" checks",2026-09-02T05:23:16.578Z,178832659657800
"Flop:  [7♦, 6♦, 4♠]",2026-09-02T05:23:14.459Z,178832659445900
"""LingWae @ FQN9hzhzP_"" calls 15",2026-09-02T05:23:13.653Z,178832659365300
"""bick and dalls @ gpP9uUffpu"" folds",2026-09-02T05:23:11.759Z,178832659175900
"""fish @ oMsP5L3lJa"" raises to 15",2026-09-02T05:23:10.815Z,178832659081500
"""LingWae @ FQN9hzhzP_"" calls 5",2026-09-02T05:23:08.631Z,178832658863100
"""bick and dalls @ gpP9uUffpu"" posts a big blind of 5",2026-09-02T05:23:06.290Z,178832658629006
"""fish @ oMsP5L3lJa"" posts a small blind of 2",2026-09-02T05:23:06.290Z,178832658629005
"Player stacks: #2 ""LingWae @ FQN9hzhzP_"" (1501) | #5 ""fish @ oMsP5L3lJa"" (1393) | #10 ""bick and dalls @ gpP9uUffpu"" (606)",2026-09-02T05:23:06.290Z,178832658629001
"-- starting hand #25 (id: k1u7jf2isyz2)  No Limit Texas Hold'em (dealer: ""LingWae @ FQN9hzhzP_"") --",2026-09-02T05:23:06.290Z,178832658629000
"""LingWae @ FQN9hzhzP_"" shows a A♣, J♥.",2026-09-02T05:23:01.088Z,178832658108800
"Undealt cards: 9♠, Q♠, 9♣ [5♥, 9♥]",2026-09-02T05:23:00.866Z,178832658086600
"-- ending hand #24 --",2026-09-02T05:22:59.676Z,178832657967602
"""fish @ oMsP5L3lJa"" collected 135 from pot",2026-09-02T05:22:59.676Z,178832657967601
"Uncalled bet of 130 returned to ""fish @ oMsP5L3lJa""",2026-09-02T05:22:59.676Z,178832657967600
"""LingWae @ FQN9hzhzP_"" folds",2026-09-02T05:22:58.850Z,178832657885000
"""bick and dalls @ gpP9uUffpu"" folds",2026-09-02T05:22:53.724Z,178832657372400
"""fish @ oMsP5L3lJa"" bets 130",2026-09-02T05:22:50.999Z,178832657099900
"""LingWae @ FQN9hzhzP_"" checks",2026-09-02T05:22:47.710Z,178832656771000
"Flop:  [9♠, Q♠, 9♣]",2026-09-02T05:22:41.964Z,178832656196400
"""LingWae @ FQN9hzhzP_"" calls 45",2026-09-02T05:22:41.098Z,178832656109800
"""bick and dalls @ gpP9uUffpu"" calls 45",2026-09-02T05:22:40.184Z,178832656018400
"""fish @ oMsP5L3lJa"" raises to 45",2026-09-02T05:22:38.351Z,178832655835100
"""LingWae @ FQN9hzhzP_"" calls 15",2026-09-02T05:22:32.420Z,178832655242000
"""bick and dalls @ gpP9uUffpu"" raises to 15",2026-09-02T05:22:30.263Z,178832655026300
"""fish @ oMsP5L3lJa"" posts a big blind of 5",2026-09-02T05:22:28.183Z,178832654818306
"""LingWae @ FQN9hzhzP_"" posts a small blind of 2",2026-09-02T05:22:28.183Z,178832654818305
"Player stacks: #2 ""LingWae @ FQN9hzhzP_"" (1546) | #5 ""fish @ oMsP5L3lJa"" (1303) | #10 ""bick and dalls @ gpP9uUffpu"" (651)",2026-09-02T05:22:28.183Z,178832654818301
"-- starting hand #24 (id: mwcenzw40zw5)  No Limit Texas Hold'em (dealer: ""bick and dalls @ gpP9uUffpu"") --",2026-09-02T05:22:28.183Z,178832654818300
"""LingWae @ FQN9hzhzP_"" shows a Q♥, Q♣.",2026-09-02T05:22:23.380Z,178832654338000
"Undealt cards:  [K♦, 8♠, 7♦, J♠, 4♥]",2026-09-02T05:22:22.983Z,178832654298300
"-- ending hand #23 --",2026-09-02T05:22:21.576Z,178832654157602
"""LingWae @ FQN9hzhzP_"" collected 32 from pot",2026-09-02T05:22:21.576Z,178832654157601
"Uncalled bet of 105 returned to ""LingWae @ FQN9hzhzP_""",2026-09-02T05:22:21.576Z,178832654157600
"""fish @ oMsP5L3lJa"" folds",2026-09-02T05:22:20.759Z,178832654075900
"""LingWae @ FQN9hzhzP_"" raises to 120",2026-09-02T05:22:15.091Z,178832653509100
"""bick and dalls @ gpP9uUffpu"" folds",2026-09-02T05:22:10.109Z,178832653010900
"""fish @ oMsP5L3lJa"" raises to 15",2026-09-02T05:22:07.928Z,178832652792800
"""LingWae @ FQN9hzhzP_"" posts a big blind of 5",2026-09-02T05:22:03.513Z,178832652351306
"""bick and dalls @ gpP9uUffpu"" posts a small blind of 2",2026-09-02T05:22:03.513Z,178832652351305
"Player stacks: #2 ""LingWae @ FQN9hzhzP_"" (1529) | #5 ""fish @ oMsP5L3lJa"" (1318) | #10 ""bick and dalls @ gpP9uUffpu"" (653)",2026-09-02T05:22:03.513Z,178832652351301
"-- starting hand #23 (id: 1qm2ipwdfggy)  No Limit Texas Hold'em (dealer: ""fish @ oMsP5L3lJa"") --",2026-09-02T05:22:03.513Z,178832652351300
"""LingWae @ FQN9hzhzP_"" shows a 5♦, 9♦.",2026-09-02T05:21:58.034Z,178832651803400
"-- ending hand #22 --",2026-09-02T05:21:56.935Z,178832651693503
"""bick and dalls @ gpP9uUffpu"" collected 165 from pot with Two Pair, Q's & 6's (combination: A♦, 6♦, 6♠, Q♥, Q♠)",2026-09-02T05:21:56.935Z,178832651693502
"""bick and dalls @ gpP9uUffpu"" shows a Q♥, Q♠.",2026-09-02T05:21:56.935Z,178832651693501
"""fish @ oMsP5L3lJa"" shows a 7♣, 2♠.",2026-09-02T05:21:56.935Z,178832651693500
"""bick and dalls @ gpP9uUffpu"" calls 20",2026-09-02T05:21:56.122Z,178832651612200
"""fish @ oMsP5L3lJa"" bets 20",2026-09-02T05:21:50.684Z,178832651068400
"River: A♦, 9♥, 6♦, 6♠ [10♦]",2026-09-02T05:21:46.976Z,178832650697600
"""bick and dalls @ gpP9uUffpu"" checks",2026-09-02T05:21:46.114Z,178832650611400
"""fish @ oMsP5L3lJa"" checks",2026-09-02T05:21:39.016Z,178832649901600
"Turn: A♦, 9♥, 6♦ [6♠]",2026-09-02T05:21:37.970Z,178832649797000
"""bick and dalls @ gpP9uUffpu"" checks",2026-09-02T05:21:37.152Z,178832649715200
"""fish @ oMsP5L3lJa"" checks",2026-09-02T05:21:34.919Z,178832649491900
"Flop:  [A♦, 9♥, 6♦]",2026-09-02T05:21:32.280Z,178832649228000
"""fish @ oMsP5L3lJa"" calls 60",2026-09-02T05:21:31.450Z,178832649145000
"""LingWae @ FQN9hzhzP_"" folds",2026-09-02T05:21:30.354Z,178832649035400
"""bick and dalls @ gpP9uUffpu"" raises to 60",2026-09-02T05:21:29.029Z,178832648902900
"""fish @ oMsP5L3lJa"" raises to 20",2026-09-02T05:21:26.185Z,178832648618500
"""LingWae @ FQN9hzhzP_"" calls 5",2026-09-02T05:21:21.937Z,178832648193700
"""bick and dalls @ gpP9uUffpu"" posts a big blind of 5",2026-09-02T05:21:17.685Z,178832647768506
"""fish @ oMsP5L3lJa"" posts a small blind of 2",2026-09-02T05:21:17.685Z,178832647768505
"Your hand is Q♥, Q♠",2026-09-02T05:21:17.685Z,178832647768504
"Player stacks: #2 ""LingWae @ FQN9hzhzP_"" (1534) | #5 ""fish @ oMsP5L3lJa"" (1398) | #10 ""bick and dalls @ gpP9uUffpu"" (568)",2026-09-02T05:21:17.685Z,178832647768501
"-- starting hand #22 (id: nrr94wcphdhb)  No Limit Texas Hold'em (dealer: ""LingWae @ FQN9hzhzP_"") --",2026-09-02T05:21:17.685Z,178832647768500
"-- ending hand #21 --",2026-09-02T05:21:11.653Z,178832647165304
"""bick and dalls @ gpP9uUffpu"" collected 120 from pot with Two Pair, J's & 4's (combination: K♥, 4♣, 4♥, J♣, J♠)",2026-09-02T05:21:11.653Z,178832647165303
"""bick and dalls @ gpP9uUffpu"" shows a K♥, J♣.",2026-09-02T05:21:11.653Z,178832647165302
"""fish @ oMsP5L3lJa"" shows a 7♦, A♣.",2026-09-02T05:21:11.653Z,178832647165301
"""LingWae @ FQN9hzhzP_"" shows a A♦, 10♥.",2026-09-02T05:21:11.653Z,178832647165300
"""bick and dalls @ gpP9uUffpu"" checks",2026-09-02T05:21:10.819Z,178832647081900
"""fish @ oMsP5L3lJa"" checks",2026-09-02T05:21:07.642Z,178832646764200
"""LingWae @ FQN9hzhzP_"" checks",2026-09-02T05:21:06.140Z,178832646614000
"River: J♠, 4♣, 3♦, 4♥ [3♥]",2026-09-02T05:21:02.797Z,178832646279700
"""bick and dalls @ gpP9uUffpu"" checks",2026-09-02T05:21:01.921Z,178832646192100
"""fish @ oMsP5L3lJa"" checks",2026-09-02T05:20:59.597Z,178832645959700
"""LingWae @ FQN9hzhzP_"" checks",2026-09-02T05:20:57.157Z,178832645715700
"Turn: J♠, 4♣, 3♦ [4♥]",2026-09-02T05:20:45.359Z,178832644535900
"""fish @ oMsP5L3lJa"" calls 20",2026-09-02T05:20:44.524Z,178832644452400
"""LingWae @ FQN9hzhzP_"" calls 20",2026-09-02T05:20:40.594Z,178832644059400
"""bick and dalls @ gpP9uUffpu"" bets 20",2026-09-02T05:20:25.302Z,178832642530200
"""fish @ oMsP5L3lJa"" checks",2026-09-02T05:20:23.356Z,178832642335600
"""LingWae @ FQN9hzhzP_"" checks",2026-09-02T05:20:20.356Z,178832642035600
"Flop:  [J♠, 4♣, 3♦]",2026-09-02T05:20:16.743Z,178832641674300
"""fish @ oMsP5L3lJa"" calls 20",2026-09-02T05:20:15.923Z,178832641592300
"""LingWae @ FQN9hzhzP_"" calls 20",2026-09-02T05:20:12.874Z,178832641287400
"""bick and dalls @ gpP9uUffpu"" raises to 20",2026-09-02T05:20:10.481Z,178832641048100
"""fish @ oMsP5L3lJa"" posts a big blind of 5",2026-09-02T05:20:06.737Z,178832640673707
"""LingWae @ FQN9hzhzP_"" posts a small blind of 2",2026-09-02T05:20:06.737Z,178832640673706
"Your hand is K♥, J♣",2026-09-02T05:20:06.737Z,178832640673705
"Player stacks: #2 ""LingWae @ FQN9hzhzP_"" (1574) | #5 ""fish @ oMsP5L3lJa"" (1438) | #10 ""bick and dalls @ gpP9uUffpu"" (488)",2026-09-02T05:20:06.737Z,178832640673702
"-- starting hand #21 (id: zpvwyjvtvls6)  No Limit Texas Hold'em (dead button) --",2026-09-02T05:20:06.737Z,178832640673701
"The player ""6767 @ 3eHJYCMqYM"" quits the game with a stack of 0.",2026-09-02T05:20:06.737Z,178832640673700
"-- ending hand #20 --",2026-09-02T05:20:00.726Z,178832640072601
"""fish @ oMsP5L3lJa"" collected 767 from pot with Two Pair, 5's & 2's (combination: J♦, 2♦, 2♠, 5♦, 5♥)",2026-09-02T05:20:00.726Z,178832640072600
"River: 7♣, 3♥, 2♦, 2♠ [J♦]",2026-09-02T05:19:56.684Z,178832639668400
"Turn: 7♣, 3♥, 2♦ [2♠]",2026-09-02T05:19:52.652Z,178832639265200
"Flop:  [7♣, 3♥, 2♦]",2026-09-02T05:19:48.570Z,178832638857000
"""fish @ oMsP5L3lJa"" shows a 5♦, 5♥.",2026-09-02T05:19:44.566Z,178832638456601
"""6767 @ 3eHJYCMqYM"" shows a Q♣, 9♠.",2026-09-02T05:19:44.566Z,178832638456600
"Some players choose to not run it twice.",2026-09-02T05:19:43.728Z,178832638372801
"""fish @ oMsP5L3lJa"" chooses to not run it twice.",2026-09-02T05:19:43.728Z,178832638372800
"Remaining players decide whether to run it twice.",2026-09-02T05:19:42.022Z,178832638202201
"""fish @ oMsP5L3lJa"" calls 351",2026-09-02T05:19:42.022Z,178832638202200
"""6767 @ 3eHJYCMqYM"" raises to 351 and go all in",2026-09-02T05:19:40.589Z,178832638058900
"""bick and dalls @ gpP9uUffpu"" folds",2026-09-02T05:19:33.417Z,178832637341700
"""fish @ oMsP5L3lJa"" raises to 240",2026-09-02T05:19:30.856Z,178832637085600
"""LingWae @ FQN9hzhzP_"" folds",2026-09-02T05:19:14.700Z,178832635470000
"""6767 @ 3eHJYCMqYM"" raises to 114",2026-09-02T05:19:12.902Z,178832635290200
"""bick and dalls @ gpP9uUffpu"" raises to 60",2026-09-02T05:19:03.265Z,178832634326500
"""fish @ oMsP5L3lJa"" raises to 20",2026-09-02T05:18:58.712Z,178832633871200
"""LingWae @ FQN9hzhzP_"" posts a big blind of 5",2026-09-02T05:18:54.776Z,178832633477607
"""6767 @ 3eHJYCMqYM"" posts a small blind of 2",2026-09-02T05:18:54.776Z,178832633477606
"Player stacks: #1 ""6767 @ 3eHJYCMqYM"" (351) | #2 ""LingWae @ FQN9hzhzP_"" (1579) | #5 ""fish @ oMsP5L3lJa"" (1022) | #10 ""bick and dalls @ gpP9uUffpu"" (548)",2026-09-02T05:18:54.776Z,178832633477601
"-- starting hand #20 (id: 1oc0u5dxdqk3)  No Limit Texas Hold'em (dealer: ""bick and dalls @ gpP9uUffpu"") --",2026-09-02T05:18:54.776Z,178832633477600
"Undealt cards: 3♠, 2♦, 10♥ [6♠, 9♦]",2026-09-02T05:18:54.664Z,178832633466400
"-- ending hand #19 --",2026-09-02T05:18:48.776Z,178832632877602
"""fish @ oMsP5L3lJa"" collected 37 from pot",2026-09-02T05:18:48.776Z,178832632877601
"Uncalled bet of 30 returned to ""fish @ oMsP5L3lJa""",2026-09-02T05:18:48.776Z,178832632877600
"""LingWae @ FQN9hzhzP_"" folds",2026-09-02T05:18:47.911Z,178832632791100
"""fish @ oMsP5L3lJa"" bets 30",2026-09-02T05:18:38.345Z,178832631834500
"""LingWae @ FQN9hzhzP_"" checks",2026-09-02T05:18:34.416Z,178832631441600
"Flop:  [3♠, 2♦, 10♥]",2026-09-02T05:18:31.361Z,178832631136100
"""LingWae @ FQN9hzhzP_"" calls 15",2026-09-02T05:18:30.551Z,178832631055100
"""6767 @ 3eHJYCMqYM"" folds",2026-09-02T05:18:28.088Z,178832630808800
"""bick and dalls @ gpP9uUffpu"" folds",2026-09-02T05:18:25.950Z,178832630595000
"""fish @ oMsP5L3lJa"" raises to 15",2026-09-02T05:18:23.697Z,178832630369700
"""LingWae @ FQN9hzhzP_"" calls 5",2026-09-02T05:18:19.054Z,178832629905400
"""6767 @ 3eHJYCMqYM"" posts a big blind of 5",2026-09-02T05:18:11.791Z,178832629179107
"""bick and dalls @ gpP9uUffpu"" posts a small blind of 2",2026-09-02T05:18:11.791Z,178832629179106
"Player stacks: #1 ""6767 @ 3eHJYCMqYM"" (356) | #2 ""LingWae @ FQN9hzhzP_"" (1594) | #5 ""fish @ oMsP5L3lJa"" (1000) | #10 ""bick and dalls @ gpP9uUffpu"" (550)",2026-09-02T05:18:11.791Z,178832629179101
"-- starting hand #19 (id: z7pqtghnfecg)  No Limit Texas Hold'em (dealer: ""fish @ oMsP5L3lJa"") --",2026-09-02T05:18:11.791Z,178832629179100
"""6767 @ 3eHJYCMqYM"" shows a A♣, Q♣.",2026-09-02T05:18:07.771Z,178832628777100
"Undealt cards: 8♠, 3♦, K♦, K♠ [Q♦]",2026-09-02T05:18:07.363Z,178832628736300
"-- ending hand #18 --",2026-09-02T05:18:05.151Z,178832628515102
"""6767 @ 3eHJYCMqYM"" collected 220 from pot",2026-09-02T05:18:05.151Z,178832628515101
"Uncalled bet of 136 returned to ""6767 @ 3eHJYCMqYM""",2026-09-02T05:18:05.151Z,178832628515100
"""fish @ oMsP5L3lJa"" folds",2026-09-02T05:18:04.230Z,178832628423000
"""6767 @ 3eHJYCMqYM"" bets 136 and go all in",2026-09-02T05:17:47.180Z,178832626718000
"""fish @ oMsP5L3lJa"" checks",2026-09-02T05:17:42.283Z,178832626228300
"Turn: 8♠, 3♦, K♦ [K♠]",2026-09-02T05:17:40.741Z,178832626074100
"""6767 @ 3eHJYCMqYM"" calls 40",2026-09-02T05:17:39.930Z,178832625993000
"""fish @ oMsP5L3lJa"" bets 40",2026-09-02T05:17:36.781Z,178832625678100
"Flop:  [8♠, 3♦, K♦]",2026-09-02T05:17:30.879Z,178832625087900
"""fish @ oMsP5L3lJa"" calls 65",2026-09-02T05:17:29.979Z,178832624997900
"""LingWae @ FQN9hzhzP_"" folds",2026-09-02T05:17:27.463Z,178832624746300
"""6767 @ 3eHJYCMqYM"" raises to 65",2026-09-02T05:17:25.911Z,178832624591100
"""bick and dalls @ gpP9uUffpu"" folds",2026-09-02T05:17:20.986Z,178832624098600
"""fish @ oMsP5L3lJa"" raises to 20",2026-09-02T05:17:19.949Z,178832623994900
"""LingWae @ FQN9hzhzP_"" calls 5",2026-09-02T05:17:15.934Z,178832623593400
"""6767 @ 3eHJYCMqYM"" calls 5",2026-09-02T05:17:14.162Z,178832623416200
"""bick and dalls @ gpP9uUffpu"" posts a big blind of 5",2026-09-02T05:17:02.234Z,178832622223407
"""fish @ oMsP5L3lJa"" posts a small blind of 2",2026-09-02T05:17:02.234Z,178832622223406
"Player stacks: #1 ""6767 @ 3eHJYCMqYM"" (241) | #2 ""LingWae @ FQN9hzhzP_"" (1599) | #5 ""fish @ oMsP5L3lJa"" (1105) | #10 ""bick and dalls @ gpP9uUffpu"" (555)",2026-09-02T05:17:02.234Z,178832622223401
"-- starting hand #18 (id: hs2viqdux21c)  No Limit Texas Hold'em (dealer: ""LingWae @ FQN9hzhzP_"") --",2026-09-02T05:17:02.234Z,178832622223400
"-- ending hand #17 --",2026-09-02T05:16:56.193Z,178832621619303
"""6767 @ 3eHJYCMqYM"" collected 35 from pot with Pair, K's (combination: 8♥, 9♠, 10♦, K♠, K♥)",2026-09-02T05:16:56.193Z,178832621619302
"""6767 @ 3eHJYCMqYM"" shows a K♠, K♥.",2026-09-02T05:16:56.193Z,178832621619301
"""LingWae @ FQN9hzhzP_"" shows a 4♠, Q♠.",2026-09-02T05:16:56.193Z,178832621619300
"""6767 @ 3eHJYCMqYM"" checks",2026-09-02T05:16:55.375Z,178832621537500
"""LingWae @ FQN9hzhzP_"" checks",2026-09-02T05:16:53.483Z,178832621348300
"River: 10♦, 4♣, 8♥, 9♠ [5♠]",2026-09-02T05:16:51.305Z,178832621130500
"""6767 @ 3eHJYCMqYM"" checks",2026-09-02T05:16:50.468Z,178832621046800
"""LingWae @ FQN9hzhzP_"" checks",2026-09-02T05:16:49.450Z,178832620945000
"Turn: 10♦, 4♣, 8♥ [9♠]",2026-09-02T05:16:46.301Z,178832620630100
"""6767 @ 3eHJYCMqYM"" checks",2026-09-02T05:16:45.465Z,178832620546500
"""LingWae @ FQN9hzhzP_"" checks",2026-09-02T05:16:43.525Z,178832620352500
"Flop:  [10♦, 4♣, 8♥]",2026-09-02T05:16:40.609Z,178832620060900
"""fish @ oMsP5L3lJa"" folds",2026-09-02T05:16:39.787Z,178832619978700
"""LingWae @ FQN9hzhzP_"" calls 15",2026-09-02T05:16:38.467Z,178832619846700
"""6767 @ 3eHJYCMqYM"" raises to 15",2026-09-02T05:16:36.540Z,178832619654000
"""bick and dalls @ gpP9uUffpu"" folds",2026-09-02T05:16:28.518Z,178832618851800
"""fish @ oMsP5L3lJa"" posts a big blind of 5",2026-09-02T05:16:26.378Z,178832618637807
"""LingWae @ FQN9hzhzP_"" posts a small blind of 2",2026-09-02T05:16:26.378Z,178832618637806
"Player stacks: #1 ""6767 @ 3eHJYCMqYM"" (221) | #2 ""LingWae @ FQN9hzhzP_"" (1614) | #5 ""fish @ oMsP5L3lJa"" (1110) | #10 ""bick and dalls @ gpP9uUffpu"" (555)",2026-09-02T05:16:26.378Z,178832618637801
"-- starting hand #17 (id: dfllmpvpudbx)  No Limit Texas Hold'em (dealer: ""6767 @ 3eHJYCMqYM"") --",2026-09-02T05:16:26.378Z,178832618637800
"""LingWae @ FQN9hzhzP_"" shows a 8♥, 6♦.",2026-09-02T05:16:21.572Z,178832618157200
"Undealt cards: 7♦, 7♠, 7♥ [2♣, A♣]",2026-09-02T05:16:21.413Z,178832618141300
"-- ending hand #16 --",2026-09-02T05:16:19.767Z,178832617976702
"""bick and dalls @ gpP9uUffpu"" collected 80 from pot",2026-09-02T05:16:19.767Z,178832617976701
"Uncalled bet of 60 returned to ""bick and dalls @ gpP9uUffpu""",2026-09-02T05:16:19.767Z,178832617976700
"""LingWae @ FQN9hzhzP_"" folds",2026-09-02T05:16:18.963Z,178832617896300
"""6767 @ 3eHJYCMqYM"" folds",2026-09-02T05:16:17.544Z,178832617754400
"""bick and dalls @ gpP9uUffpu"" bets 60",2026-09-02T05:16:14.371Z,178832617437100
"""LingWae @ FQN9hzhzP_"" checks",2026-09-02T05:16:10.947Z,178832617094700
"""6767 @ 3eHJYCMqYM"" checks",2026-09-02T05:16:08.251Z,178832616825100
"Flop:  [7♦, 7♠, 7♥]",2026-09-02T05:16:02.336Z,178832616233600
"""fish @ oMsP5L3lJa"" folds",2026-09-02T05:16:01.516Z,178832616151600
"""LingWae @ FQN9hzhzP_"" calls 25",2026-09-02T05:15:56.594Z,178832615659400
"""6767 @ 3eHJYCMqYM"" calls 25",2026-09-02T05:15:52.976Z,178832615297600
"""bick and dalls @ gpP9uUffpu"" raises to 25",2026-09-02T05:15:45.492Z,178832614549200
"""fish @ oMsP5L3lJa"" calls 5",2026-09-02T05:15:43.138Z,178832614313800
"""LingWae @ FQN9hzhzP_"" posts a big blind of 5",2026-09-02T05:15:39.052Z,178832613905208
"""6767 @ 3eHJYCMqYM"" posts a small blind of 2",2026-09-02T05:15:39.052Z,178832613905207
"Player stacks: #1 ""6767 @ 3eHJYCMqYM"" (246) | #2 ""LingWae @ FQN9hzhzP_"" (1639) | #5 ""fish @ oMsP5L3lJa"" (1115) | #10 ""bick and dalls @ gpP9uUffpu"" (500)",2026-09-02T05:15:39.052Z,178832613905202
"-- starting hand #16 (id: 6t4rrfitefkx)  No Limit Texas Hold'em (dead button) --",2026-09-02T05:15:39.052Z,178832613905201
"The player ""bick and dalls @ gpP9uUffpu"" joined the game with a stack of 500.",2026-09-02T05:15:39.052Z,178832613905200
"-- ending hand #15 --",2026-09-02T05:15:33.047Z,178832613304703
"""LingWae @ FQN9hzhzP_"" collected 503 from pot with Three of a Kind, 7's (combination: 9♠, K♣, 7♦, 7♥, 7♣)",2026-09-02T05:15:33.047Z,178832613304702
"""LingWae @ FQN9hzhzP_"" shows a 8♥, 7♦.",2026-09-02T05:15:33.047Z,178832613304701
"""6767 @ 3eHJYCMqYM"" shows a J♥, 10♠.",2026-09-02T05:15:33.047Z,178832613304700
"""LingWae @ FQN9hzhzP_"" checks",2026-09-02T05:15:32.244Z,178832613224400
"""6767 @ 3eHJYCMqYM"" checks",2026-09-02T05:15:27.163Z,178832612716300
"River: 4♣, 7♥, 9♠, 7♣ [K♣]",2026-09-02T05:15:05.564Z,178832610556400
"""6767 @ 3eHJYCMqYM"" calls 150",2026-09-02T05:15:04.698Z,178832610469800
"""LingWae @ FQN9hzhzP_"" bets 150",2026-09-02T05:14:49.024Z,178832608902400
"""6767 @ 3eHJYCMqYM"" checks",2026-09-02T05:14:45.412Z,178832608541200
"Turn: 4♣, 7♥, 9♠ [7♣]",2026-09-02T05:14:36.281Z,178832607628100
"""fish @ oMsP5L3lJa"" folds",2026-09-02T05:14:35.430Z,178832607543000
"""LingWae @ FQN9hzhzP_"" calls 64",2026-09-02T05:14:33.404Z,178832607340400
"""6767 @ 3eHJYCMqYM"" raises to 64",2026-09-02T05:14:28.096Z,178832606809600
"""fish @ oMsP5L3lJa"" calls 15",2026-09-02T05:14:21.418Z,178832606141800
"""LingWae @ FQN9hzhzP_"" raises to 15",2026-09-02T05:14:16.469Z,178832605646900
"""6767 @ 3eHJYCMqYM"" bets 5",2026-09-02T05:14:13.841Z,178832605384100
"Flop:  [4♣, 7♥, 9♠]",2026-09-02T05:14:06.791Z,178832604679100
"""LingWae @ FQN9hzhzP_"" calls 20",2026-09-02T05:14:05.895Z,178832604589500
"""6767 @ 3eHJYCMqYM"" calls 20",2026-09-02T05:14:03.890Z,178832604389000
"""fish @ oMsP5L3lJa"" raises to 20",2026-09-02T05:14:02.432Z,178832604243200
"""LingWae @ FQN9hzhzP_"" calls 5",2026-09-02T05:13:58.760Z,178832603876000
"The admin approved the player ""bick and dalls @ gpP9uUffpu"" participation with a stack of 500.",2026-09-02T05:13:54.696Z,178832603469601
"The player ""bick and dalls @ gpP9uUffpu"" requested a seat.",2026-09-02T05:13:54.696Z,178832603469600
"""6767 @ 3eHJYCMqYM"" posts a big blind of 5",2026-09-02T05:13:50.658Z,178832603065807
"Dead Small Blind",2026-09-02T05:13:50.658Z,178832603065806
"Player stacks: #1 ""6767 @ 3eHJYCMqYM"" (480) | #2 ""LingWae @ FQN9hzhzP_"" (1370) | #5 ""fish @ oMsP5L3lJa"" (1150)",2026-09-02T05:13:50.658Z,178832603065802
"-- starting hand #15 (id: ubvrndu4ni37)  No Limit Texas Hold'em (dealer: ""fish @ oMsP5L3lJa"") --",2026-09-02T05:13:50.658Z,178832603065801
"The player ""bick and dalls @ gpP9uUffpu"" quits the game with a stack of 0.",2026-09-02T05:13:50.658Z,178832603065800
"-- ending hand #14 --",2026-09-02T05:13:44.626Z,178832602462601
"""LingWae @ FQN9hzhzP_"" collected 715 from pot with Two Pair, 6's & 3's (combination: K♠, 3♠, 3♥, 6♠, 6♥)",2026-09-02T05:13:44.626Z,178832602462600
"River: J♠, K♠, 3♥, 8♥ [6♥]",2026-09-02T05:13:40.589Z,178832602058900
"Turn: J♠, K♠, 3♥ [8♥]",2026-09-02T05:13:36.505Z,178832601650500
"""bick and dalls @ gpP9uUffpu"" shows a Q♠, 10♣.",2026-09-02T05:13:32.457Z,178832601245701
"""LingWae @ FQN9hzhzP_"" shows a 3♠, 6♠.",2026-09-02T05:13:32.457Z,178832601245700
"Some players choose to not run it twice.",2026-09-02T05:13:31.628Z,178832601162801
"""LingWae @ FQN9hzhzP_"" chooses to not run it twice.",2026-09-02T05:13:31.628Z,178832601162800
"Remaining players decide whether to run it twice.",2026-09-02T05:13:30.176Z,178832601017601
"""LingWae @ FQN9hzhzP_"" calls 325",2026-09-02T05:13:30.176Z,178832601017600
"""bick and dalls @ gpP9uUffpu"" raises to 325 and go all in",2026-09-02T05:13:29.120Z,178832600912000
"""LingWae @ FQN9hzhzP_"" raises to 180",2026-09-02T05:13:26.543Z,178832600654300
"""bick and dalls @ gpP9uUffpu"" raises to 90",2026-09-02T05:13:20.182Z,178832600018200
"""LingWae @ FQN9hzhzP_"" raises to 30",2026-09-02T05:13:16.652Z,178832599665200
"""6767 @ 3eHJYCMqYM"" folds",2026-09-02T05:13:11.015Z,178832599101500
"""bick and dalls @ gpP9uUffpu"" bets 15",2026-09-02T05:13:08.246Z,178832598824600
"Flop:  [J♠, K♠, 3♥]",2026-09-02T05:13:04.760Z,178832598476000
"""fish @ oMsP5L3lJa"" folds",2026-09-02T05:13:03.927Z,178832598392700
"""LingWae @ FQN9hzhzP_"" calls 20",2026-09-02T05:13:02.836Z,178832598283600
"""6767 @ 3eHJYCMqYM"" calls 20",2026-09-02T05:13:01.043Z,178832598104300
"""bick and dalls @ gpP9uUffpu"" raises to 20",2026-09-02T05:12:57.963Z,178832597796300
"""fish @ oMsP5L3lJa"" calls 5",2026-09-02T05:12:55.387Z,178832597538700
"""LingWae @ FQN9hzhzP_"" calls 5",2026-09-02T05:12:52.113Z,178832597211300
"""6767 @ 3eHJYCMqYM"" calls 5",2026-09-02T05:12:51.009Z,178832597100900
"""bick and dalls @ gpP9uUffpu"" posts a big blind of 5",2026-09-02T05:12:47.784Z,178832596778408
"""fish @ oMsP5L3lJa"" posts a small blind of 2",2026-09-02T05:12:47.784Z,178832596778407
"Your hand is Q♠, 10♣",2026-09-02T05:12:47.784Z,178832596778406
"Player stacks: #1 ""6767 @ 3eHJYCMqYM"" (500) | #2 ""LingWae @ FQN9hzhzP_"" (1000) | #5 ""fish @ oMsP5L3lJa"" (1155) | #10 ""bick and dalls @ gpP9uUffpu"" (345)",2026-09-02T05:12:47.784Z,178832596778402
"-- starting hand #14 (id: z2oxvg1twnmp)  No Limit Texas Hold'em (dealer: ""LingWae @ FQN9hzhzP_"") --",2026-09-02T05:12:47.784Z,178832596778401
"The player ""6767 @ 3eHJYCMqYM"" joined the game with a stack of 500.",2026-09-02T05:12:47.784Z,178832596778400
"-- ending hand #13 --",2026-09-02T05:12:41.781Z,178832596178102
"""fish @ oMsP5L3lJa"" collected 325 from pot with Two Pair, K's & 5's (combination: A♥, 5♠, 5♦, K♠, K♦)",2026-09-02T05:12:41.781Z,178832596178101
"""fish @ oMsP5L3lJa"" shows a 5♠, K♠.",2026-09-02T05:12:41.781Z,178832596178100
"""bick and dalls @ gpP9uUffpu"" calls 120",2026-09-02T05:12:40.978Z,178832596097800
"""fish @ oMsP5L3lJa"" raises to 120",2026-09-02T05:12:38.810Z,178832595881000
"""bick and dalls @ gpP9uUffpu"" bets 20",2026-09-02T05:12:32.163Z,178832595216300
"""fish @ oMsP5L3lJa"" checks",2026-09-02T05:12:27.180Z,178832594718000
"River: 3♥, 5♦, K♦, 10♣ [A♥]",2026-09-02T05:12:25.505Z,178832594550500
"""bick and dalls @ gpP9uUffpu"" checks",2026-09-02T05:12:24.680Z,178832594468000
"""fish @ oMsP5L3lJa"" checks",2026-09-02T05:12:22.874Z,178832594287400
"Turn: 3♥, 5♦, K♦ [10♣]",2026-09-02T05:12:21.270Z,178832594127000
"""LingWae @ FQN9hzhzP_"" folds",2026-09-02T05:12:20.424Z,178832594042400
"""bick and dalls @ gpP9uUffpu"" calls 20",2026-09-02T05:12:18.214Z,178832593821400
"The admin approved the player ""6767 @ 3eHJYCMqYM"" participation with a stack of 500.",2026-09-02T05:12:15.693Z,178832593569300
"""fish @ oMsP5L3lJa"" bets 20",2026-09-02T05:12:14.001Z,178832593400100
"The player ""6767 @ 3eHJYCMqYM"" requested a seat.",2026-09-02T05:12:12.096Z,178832593209600
"""LingWae @ FQN9hzhzP_"" checks",2026-09-02T05:12:08.569Z,178832592856900
"Flop:  [3♥, 5♦, K♦]",2026-09-02T05:12:03.293Z,178832592329300
"""fish @ oMsP5L3lJa"" calls 15",2026-09-02T05:12:02.461Z,178832592246100
"""LingWae @ FQN9hzhzP_"" calls 15",2026-09-02T05:12:00.555Z,178832592055500
"""bick and dalls @ gpP9uUffpu"" raises to 15",2026-09-02T05:11:56.611Z,178832591661100
"""fish @ oMsP5L3lJa"" posts a big blind of 5",2026-09-02T05:11:53.112Z,178832591311207
"""LingWae @ FQN9hzhzP_"" posts a small blind of 2",2026-09-02T05:11:53.112Z,178832591311206
"Player stacks: #2 ""LingWae @ FQN9hzhzP_"" (1015) | #5 ""fish @ oMsP5L3lJa"" (985) | #10 ""bick and dalls @ gpP9uUffpu"" (500)",2026-09-02T05:11:53.112Z,178832591311202
"-- starting hand #13 (id: wnmxggwx8qmj)  No Limit Texas Hold'em (dead button) --",2026-09-02T05:11:53.112Z,178832591311201
"The player ""6767 @ 3eHJYCMqYM"" quits the game with a stack of 0.",2026-09-02T05:11:53.112Z,178832591311200
"-- ending hand #12 --",2026-09-02T05:11:47.105Z,178832590710501
"""LingWae @ FQN9hzhzP_"" collected 265 from pot with Two Pair, Q's & 2's (combination: 7♠, 2♠, 2♣, Q♠, Q♣)",2026-09-02T05:11:47.105Z,178832590710500
"River: 2♠, Q♣, 5♠, 7♠ [2♣]",2026-09-02T05:11:43.086Z,178832590308600
"""LingWae @ FQN9hzhzP_"" shows a 6♥, Q♠.",2026-09-02T05:11:39.080Z,178832589908001
"""6767 @ 3eHJYCMqYM"" shows a 7♣, 5♦.",2026-09-02T05:11:39.080Z,178832589908000
"Some players choose to not run it twice.",2026-09-02T05:11:38.236Z,178832589823601
"""LingWae @ FQN9hzhzP_"" chooses to not run it twice.",2026-09-02T05:11:38.236Z,178832589823600
"Remaining players decide whether to run it twice.",2026-09-02T05:11:36.694Z,178832589669401
"""LingWae @ FQN9hzhzP_"" calls 110",2026-09-02T05:11:36.694Z,178832589669400
"""6767 @ 3eHJYCMqYM"" raises to 110 and go all in",2026-09-02T05:11:34.442Z,178832589444200
"""LingWae @ FQN9hzhzP_"" raises to 105",2026-09-02T05:11:29.600Z,178832588960000
"""6767 @ 3eHJYCMqYM"" bets 45",2026-09-02T05:11:25.846Z,178832588584600
"Turn: 2♠, Q♣, 5♠ [7♠]",2026-09-02T05:11:16.064Z,178832587606400
"""6767 @ 3eHJYCMqYM"" calls 15",2026-09-02T05:11:15.236Z,178832587523600
"""fish @ oMsP5L3lJa"" folds",2026-09-02T05:11:07.762Z,178832586776200
"""LingWae @ FQN9hzhzP_"" raises to 15",2026-09-02T05:11:06.590Z,178832586659000
"""6767 @ 3eHJYCMqYM"" bets 5",2026-09-02T05:11:03.940Z,178832586394000
"Flop:  [2♠, Q♣, 5♠]",2026-09-02T05:10:59.160Z,178832585916000
"""LingWae @ FQN9hzhzP_"" checks",2026-09-02T05:10:58.331Z,178832585833100
"""6767 @ 3eHJYCMqYM"" calls 5",2026-09-02T05:10:55.191Z,178832585519100
"""bick and dalls @ gpP9uUffpu"" folds",2026-09-02T05:10:50.837Z,178832585083700
"""fish @ oMsP5L3lJa"" calls 5",2026-09-02T05:10:48.994Z,178832584899400
"""LingWae @ FQN9hzhzP_"" posts a big blind of 5",2026-09-02T05:10:45.466Z,178832584546607
"""6767 @ 3eHJYCMqYM"" posts a small blind of 2",2026-09-02T05:10:45.466Z,178832584546606
"Player stacks: #1 ""6767 @ 3eHJYCMqYM"" (130) | #2 ""LingWae @ FQN9hzhzP_"" (880) | #5 ""fish @ oMsP5L3lJa"" (990) | #10 ""bick and dalls @ gpP9uUffpu"" (500)",2026-09-02T05:10:45.466Z,178832584546601
"-- starting hand #12 (id: dheuh4k4n6yx)  No Limit Texas Hold'em (dealer: ""bick and dalls @ gpP9uUffpu"") --",2026-09-02T05:10:45.466Z,178832584546600
"""LingWae @ FQN9hzhzP_"" shows a J♠, 4♦.",2026-09-02T05:10:40.368Z,178832584036800
"-- ending hand #11 --",2026-09-02T05:10:38.954Z,178832583895402
"""bick and dalls @ gpP9uUffpu"" collected 60 from pot with Two Pair, 9's & 6's (combination: 10♠, 6♣, 6♥, 9♣, 9♦)",2026-09-02T05:10:38.954Z,178832583895401
"""bick and dalls @ gpP9uUffpu"" shows a 9♣, 5♣.",2026-09-02T05:10:38.954Z,178832583895400
"""fish @ oMsP5L3lJa"" checks",2026-09-02T05:10:38.074Z,178832583807400
"""LingWae @ FQN9hzhzP_"" checks",2026-09-02T05:10:36.828Z,178832583682800
"""bick and dalls @ gpP9uUffpu"" checks",2026-09-02T05:10:35.665Z,178832583566500
"River: 9♦, 4♠, 6♣, 6♥ [10♠]",2026-09-02T05:10:32.606Z,178832583260600
"""fish @ oMsP5L3lJa"" checks",2026-09-02T05:10:31.803Z,178832583180300
"""LingWae @ FQN9hzhzP_"" checks",2026-09-02T05:10:29.117Z,178832582911700
"""bick and dalls @ gpP9uUffpu"" checks",2026-09-02T05:10:25.188Z,178832582518800
"Turn: 9♦, 4♠, 6♣ [6♥]",2026-09-02T05:10:23.750Z,178832582375000
"""fish @ oMsP5L3lJa"" checks",2026-09-02T05:10:22.891Z,178832582289100
"""LingWae @ FQN9hzhzP_"" checks",2026-09-02T05:10:20.546Z,178832582054600
"""6767 @ 3eHJYCMqYM"" folds",2026-09-02T05:10:18.693Z,178832581869300
"""bick and dalls @ gpP9uUffpu"" checks",2026-09-02T05:10:16.343Z,178832581634300
"Flop:  [9♦, 4♠, 6♣]",2026-09-02T05:10:13.122Z,178832581312200
"""LingWae @ FQN9hzhzP_"" calls 15",2026-09-02T05:10:12.316Z,178832581231600
"""6767 @ 3eHJYCMqYM"" calls 15",2026-09-02T05:10:10.219Z,178832581021900
"""bick and dalls @ gpP9uUffpu"" calls 15",2026-09-02T05:10:08.810Z,178832580881000
"""fish @ oMsP5L3lJa"" raises to 15",2026-09-02T05:10:05.365Z,178832580536500
"""LingWae @ FQN9hzhzP_"" calls 5",2026-09-02T05:10:02.959Z,178832580295900
"""6767 @ 3eHJYCMqYM"" posts a big blind of 5",2026-09-02T05:09:55.645Z,178832579564507
"""bick and dalls @ gpP9uUffpu"" posts a small blind of 2",2026-09-02T05:09:55.645Z,178832579564506
"Your hand is 9♣, 5♣",2026-09-02T05:09:55.645Z,178832579564505
"Player stacks: #1 ""6767 @ 3eHJYCMqYM"" (145) | #2 ""LingWae @ FQN9hzhzP_"" (895) | #5 ""fish @ oMsP5L3lJa"" (1005) | #10 ""bick and dalls @ gpP9uUffpu"" (455)",2026-09-02T05:09:55.645Z,178832579564501
"-- starting hand #11 (id: tnbobg7kclob)  No Limit Texas Hold'em (dealer: ""fish @ oMsP5L3lJa"") --",2026-09-02T05:09:55.645Z,178832579564500
"-- ending hand #10 --",2026-09-02T05:09:49.635Z,178832578963502
"""LingWae @ FQN9hzhzP_"" collected 320 from pot with Pair, 10's (combination: 5♣, J♦, K♠, 10♦, 10♣)",2026-09-02T05:09:49.635Z,178832578963501
"""LingWae @ FQN9hzhzP_"" shows a J♦, 10♦.",2026-09-02T05:09:49.635Z,178832578963500
"""6767 @ 3eHJYCMqYM"" calls 80",2026-09-02T05:09:48.789Z,178832578878900
"""LingWae @ FQN9hzhzP_"" bets 80",2026-09-02T05:09:33.635Z,178832577363500
"""6767 @ 3eHJYCMqYM"" checks",2026-09-02T05:09:29.579Z,178832576957900
"River: 5♣, 3♠, 4♦, 10♣ [K♠]",2026-09-02T05:09:24.936Z,178832576493600
"""6767 @ 3eHJYCMqYM"" calls 60",2026-09-02T05:09:24.128Z,178832576412800
"""bick and dalls @ gpP9uUffpu"" folds",2026-09-02T05:09:20.328Z,178832576032800
"""fish @ oMsP5L3lJa"" folds",2026-09-02T05:09:07.680Z,178832574768000
"""LingWae @ FQN9hzhzP_"" raises to 60",2026-09-02T05:09:05.617Z,178832574561700
"""6767 @ 3eHJYCMqYM"" raises to 40",2026-09-02T05:09:02.065Z,178832574206500
"""bick and dalls @ gpP9uUffpu"" bets 20",2026-09-02T05:08:53.260Z,178832573326000
"""fish @ oMsP5L3lJa"" checks",2026-09-02T05:08:48.960Z,178832572896000
"Turn: 5♣, 3♠, 4♦ [10♣]",2026-09-02T05:08:46.758Z,178832572675800
"""LingWae @ FQN9hzhzP_"" checks",2026-09-02T05:08:45.897Z,178832572589700
"""6767 @ 3eHJYCMqYM"" checks",2026-09-02T05:08:44.992Z,178832572499200
"""bick and dalls @ gpP9uUffpu"" checks",2026-09-02T05:08:38.668Z,178832571866800
"""fish @ oMsP5L3lJa"" checks",2026-09-02T05:08:37.156Z,178832571715600
"Flop:  [5♣, 3♠, 4♦]",2026-09-02T05:08:33.367Z,178832571336700
"""bick and dalls @ gpP9uUffpu"" checks",2026-09-02T05:08:32.559Z,178832571255900
"""fish @ oMsP5L3lJa"" calls 5",2026-09-02T05:08:29.338Z,178832570933800
"""LingWae @ FQN9hzhzP_"" calls 5",2026-09-02T05:08:27.075Z,178832570707500
"""6767 @ 3eHJYCMqYM"" calls 5",2026-09-02T05:08:24.192Z,178832570419200
"""bick and dalls @ gpP9uUffpu"" posts a big blind of 5",2026-09-02T05:08:17.558Z,178832569755807
"""fish @ oMsP5L3lJa"" posts a small blind of 2",2026-09-02T05:08:17.558Z,178832569755806
"Player stacks: #1 ""6767 @ 3eHJYCMqYM"" (290) | #2 ""LingWae @ FQN9hzhzP_"" (720) | #5 ""fish @ oMsP5L3lJa"" (1010) | #10 ""bick and dalls @ gpP9uUffpu"" (480)",2026-09-02T05:08:17.558Z,178832569755801
"-- starting hand #10 (id: tgsu8guc56jj)  No Limit Texas Hold'em (dealer: ""LingWae @ FQN9hzhzP_"") --",2026-09-02T05:08:17.558Z,178832569755800
"-- ending hand #9 --",2026-09-02T05:08:11.554Z,178832569155404
"""LingWae @ FQN9hzhzP_"" collected 135 from pot with Two Pair, J's & 6's (combination: Q♣, 6♣, 6♦, J♣, J♠)",2026-09-02T05:08:11.554Z,178832569155403
"""LingWae @ FQN9hzhzP_"" shows a J♣, 5♦.",2026-09-02T05:08:11.554Z,178832569155402
"""6767 @ 3eHJYCMqYM"" shows a 8♦, 2♠.",2026-09-02T05:08:11.554Z,178832569155401
"""fish @ oMsP5L3lJa"" shows a 4♥, 8♠.",2026-09-02T05:08:11.554Z,178832569155400
"""LingWae @ FQN9hzhzP_"" calls 25",2026-09-02T05:08:10.717Z,178832569071700
"""6767 @ 3eHJYCMqYM"" calls 25",2026-09-02T05:08:05.363Z,178832568536300
"""fish @ oMsP5L3lJa"" raises to 25",2026-09-02T05:08:02.247Z,178832568224700
"""LingWae @ FQN9hzhzP_"" bets 5",2026-09-02T05:07:58.803Z,178832567880300
"River: 2♦, Q♣, J♠, 6♣ [6♦]",2026-09-02T05:07:53.581Z,178832567358100
"""LingWae @ FQN9hzhzP_"" calls 15",2026-09-02T05:07:52.753Z,178832567275300
"""6767 @ 3eHJYCMqYM"" calls 15",2026-09-02T05:07:51.585Z,178832567158500
"""fish @ oMsP5L3lJa"" bets 15",2026-09-02T05:07:47.417Z,178832566741700
"""LingWae @ FQN9hzhzP_"" checks",2026-09-02T05:07:43.910Z,178832566391000
"Turn: 2♦, Q♣, J♠ [6♣]",2026-09-02T05:07:39.690Z,178832565969000
"""6767 @ 3eHJYCMqYM"" checks",2026-09-02T05:07:38.868Z,178832565886800
"""fish @ oMsP5L3lJa"" checks",2026-09-02T05:07:37.911Z,178832565791100
"""LingWae @ FQN9hzhzP_"" checks",2026-09-02T05:07:35.691Z,178832565569100
"Flop:  [2♦, Q♣, J♠]",2026-09-02T05:07:29.047Z,178832564904700
"""fish @ oMsP5L3lJa"" checks",2026-09-02T05:07:28.223Z,178832564822300
"""LingWae @ FQN9hzhzP_"" calls 5",2026-09-02T05:07:26.315Z,178832564631500
"""6767 @ 3eHJYCMqYM"" calls 5",2026-09-02T05:07:23.644Z,178832564364400
"""bick and dalls @ gpP9uUffpu"" folds",2026-09-02T05:07:18.610Z,178832563861000
"""fish @ oMsP5L3lJa"" posts a big blind of 5",2026-09-02T05:07:16.559Z,178832563655907
"""LingWae @ FQN9hzhzP_"" posts a small blind of 2",2026-09-02T05:07:16.559Z,178832563655906
"Player stacks: #1 ""6767 @ 3eHJYCMqYM"" (335) | #2 ""LingWae @ FQN9hzhzP_"" (630) | #5 ""fish @ oMsP5L3lJa"" (1055) | #10 ""bick and dalls @ gpP9uUffpu"" (480)",2026-09-02T05:07:16.559Z,178832563655901
"-- starting hand #9 (id: vgnburoxarbw)  No Limit Texas Hold'em (dealer: ""6767 @ 3eHJYCMqYM"") --",2026-09-02T05:07:16.559Z,178832563655900
"-- ending hand #8 --",2026-09-02T05:07:10.554Z,178832563055403
"""LingWae @ FQN9hzhzP_"" collected 135 from pot with Two Pair, 8's & 2's (combination: 7♦, 2♣, 2♦, 8♥, 8♦)",2026-09-02T05:07:10.554Z,178832563055402
"""LingWae @ FQN9hzhzP_"" shows a 6♠, 8♥.",2026-09-02T05:07:10.554Z,178832563055401
"""6767 @ 3eHJYCMqYM"" shows a J♠, 6♣.",2026-09-02T05:07:10.554Z,178832563055400
"""LingWae @ FQN9hzhzP_"" checks",2026-09-02T05:07:09.675Z,178832562967500
"""6767 @ 3eHJYCMqYM"" checks",2026-09-02T05:07:08.678Z,178832562867800
"River: 2♣, 8♦, 2♦, 5♥ [7♦]",2026-09-02T05:06:56.808Z,178832561680800
"""LingWae @ FQN9hzhzP_"" checks",2026-09-02T05:06:56.001Z,178832561600100
"""6767 @ 3eHJYCMqYM"" checks",2026-09-02T05:06:54.885Z,178832561488500
"Turn: 2♣, 8♦, 2♦ [5♥]",2026-09-02T05:06:44.055Z,178832560405500
"""bick and dalls @ gpP9uUffpu"" folds",2026-09-02T05:06:43.180Z,178832560318000
"""LingWae @ FQN9hzhzP_"" calls 30",2026-09-02T05:06:41.148Z,178832560114800
"""6767 @ 3eHJYCMqYM"" raises to 30",2026-09-02T05:06:39.470Z,178832559947000
"""bick and dalls @ gpP9uUffpu"" calls 15",2026-09-02T05:06:24.116Z,178832558411600
"""fish @ oMsP5L3lJa"" folds",2026-09-02T05:06:22.793Z,178832558279300
"""LingWae @ FQN9hzhzP_"" raises to 15",2026-09-02T05:06:17.948Z,178832557794800
"""6767 @ 3eHJYCMqYM"" bets 5",2026-09-02T05:06:14.864Z,178832557486400
"Flop:  [2♣, 8♦, 2♦]",2026-09-02T05:06:06.032Z,178832556603200
"""LingWae @ FQN9hzhzP_"" calls 15",2026-09-02T05:06:05.185Z,178832556518500
"""6767 @ 3eHJYCMqYM"" calls 15",2026-09-02T05:06:02.300Z,178832556230000
"""bick and dalls @ gpP9uUffpu"" calls 15",2026-09-02T05:05:49.377Z,178832554937700
"""fish @ oMsP5L3lJa"" raises to 15",2026-09-02T05:05:46.668Z,178832554666800
"""LingWae @ FQN9hzhzP_"" posts a big blind of 5",2026-09-02T05:05:43.169Z,178832554316907
"""6767 @ 3eHJYCMqYM"" posts a small blind of 2",2026-09-02T05:05:43.169Z,178832554316906
"Player stacks: #1 ""6767 @ 3eHJYCMqYM"" (380) | #2 ""LingWae @ FQN9hzhzP_"" (540) | #5 ""fish @ oMsP5L3lJa"" (1070) | #10 ""bick and dalls @ gpP9uUffpu"" (510)",2026-09-02T05:05:43.169Z,178832554316901
"-- starting hand #8 (id: uyamlcdsbyeg)  No Limit Texas Hold'em (dealer: ""bick and dalls @ gpP9uUffpu"") --",2026-09-02T05:05:43.169Z,178832554316900
"""LingWae @ FQN9hzhzP_"" shows a 9♦, 5♥.",2026-09-02T05:05:39.045Z,178832553904500
"-- ending hand #7 --",2026-09-02T05:05:36.559Z,178832553655904
"""bick and dalls @ gpP9uUffpu"" collected 30 from pot with A High (combination: 8♣, 9♠, Q♥, K♣, A♥)",2026-09-02T05:05:36.559Z,178832553655903
"""fish @ oMsP5L3lJa"" collected 30 from pot with A High (combination: 8♣, 9♣, Q♥, K♠, A♥)",2026-09-02T05:05:36.559Z,178832553655902
"""fish @ oMsP5L3lJa"" shows a K♠, 9♣.",2026-09-02T05:05:36.559Z,178832553655901
"""bick and dalls @ gpP9uUffpu"" shows a K♣, 9♠.",2026-09-02T05:05:36.559Z,178832553655900
"""fish @ oMsP5L3lJa"" checks",2026-09-02T05:05:35.724Z,178832553572400
"""LingWae @ FQN9hzhzP_"" checks",2026-09-02T05:05:34.045Z,178832553404500
"""6767 @ 3eHJYCMqYM"" checks",2026-09-02T05:05:32.765Z,178832553276500
"""bick and dalls @ gpP9uUffpu"" checks",2026-09-02T05:05:29.432Z,178832552943200
"River: 8♣, Q♥, A♥, 6♦ [3♠]",2026-09-02T05:05:24.050Z,178832552405000
"""fish @ oMsP5L3lJa"" checks",2026-09-02T05:05:23.175Z,178832552317500
"""LingWae @ FQN9hzhzP_"" checks",2026-09-02T05:05:21.946Z,178832552194600
"""6767 @ 3eHJYCMqYM"" checks",2026-09-02T05:05:16.969Z,178832551696900
"""bick and dalls @ gpP9uUffpu"" checks",2026-09-02T05:05:12.396Z,178832551239600
"Turn: 8♣, Q♥, A♥ [6♦]",2026-09-02T05:05:10.713Z,178832551071300
"""fish @ oMsP5L3lJa"" checks",2026-09-02T05:05:09.872Z,178832550987200
"""LingWae @ FQN9hzhzP_"" checks",2026-09-02T05:05:08.540Z,178832550854000
"""6767 @ 3eHJYCMqYM"" checks",2026-09-02T05:05:07.583Z,178832550758300
"""bick and dalls @ gpP9uUffpu"" checks",2026-09-02T05:05:02.675Z,178832550267500
"Flop:  [8♣, Q♥, A♥]",2026-09-02T05:04:59.610Z,178832549961000
"""LingWae @ FQN9hzhzP_"" calls 15",2026-09-02T05:04:58.789Z,178832549878900
"""6767 @ 3eHJYCMqYM"" calls 15",2026-09-02T05:04:57.588Z,178832549758800
"""bick and dalls @ gpP9uUffpu"" calls 15",2026-09-02T05:04:54.114Z,178832549411400
"""fish @ oMsP5L3lJa"" raises to 15",2026-09-02T05:04:52.225Z,178832549222500
"""LingWae @ FQN9hzhzP_"" calls 5",2026-09-02T05:04:41.372Z,178832548137200
"""6767 @ 3eHJYCMqYM"" posts a big blind of 5",2026-09-02T05:04:39.045Z,178832547904507
"""bick and dalls @ gpP9uUffpu"" posts a small blind of 2",2026-09-02T05:04:39.045Z,178832547904506
"Your hand is K♣, 9♠",2026-09-02T05:04:39.045Z,178832547904505
"Player stacks: #1 ""6767 @ 3eHJYCMqYM"" (395) | #2 ""LingWae @ FQN9hzhzP_"" (555) | #5 ""fish @ oMsP5L3lJa"" (1055) | #10 ""bick and dalls @ gpP9uUffpu"" (495)",2026-09-02T05:04:39.045Z,178832547904501
"-- starting hand #7 (id: llfhugi2enda)  No Limit Texas Hold'em (dealer: ""fish @ oMsP5L3lJa"") --",2026-09-02T05:04:39.045Z,178832547904500
"""LingWae @ FQN9hzhzP_"" shows a 10♥, J♥.",2026-09-02T05:04:34.469Z,178832547446900
"Undealt cards: 4♣, 4♠, 2♠ [3♦, 9♣]",2026-09-02T05:04:33.845Z,178832547384500
"-- ending hand #6 --",2026-09-02T05:04:32.387Z,178832547238702
"""LingWae @ FQN9hzhzP_"" collected 150 from pot",2026-09-02T05:04:32.387Z,178832547238701
"Uncalled bet of 405 returned to ""LingWae @ FQN9hzhzP_""",2026-09-02T05:04:32.387Z,178832547238700
"""fish @ oMsP5L3lJa"" folds",2026-09-02T05:04:31.557Z,178832547155700
"""LingWae @ FQN9hzhzP_"" raises to 455 and go all in",2026-09-02T05:04:02.271Z,178832544227100
"""6767 @ 3eHJYCMqYM"" folds",2026-09-02T05:04:00.030Z,178832544003000
"""fish @ oMsP5L3lJa"" bets 50",2026-09-02T05:03:53.422Z,178832543342200
"Flop:  [4♣, 4♠, 2♠]",2026-09-02T05:03:45.267Z,178832542526700
"""6767 @ 3eHJYCMqYM"" calls 15",2026-09-02T05:03:44.436Z,178832542443600
"""bick and dalls @ gpP9uUffpu"" folds",2026-09-02T05:03:38.428Z,178832541842800
"""fish @ oMsP5L3lJa"" calls 15",2026-09-02T05:03:36.585Z,178832541658500
"""LingWae @ FQN9hzhzP_"" raises to 15",2026-09-02T05:03:34.463Z,178832541446300
"""6767 @ 3eHJYCMqYM"" calls 5",2026-09-02T05:03:31.608Z,178832541160800
"""bick and dalls @ gpP9uUffpu"" posts a big blind of 5",2026-09-02T05:03:23.572Z,178832540357207
"""fish @ oMsP5L3lJa"" posts a small blind of 2",2026-09-02T05:03:23.572Z,178832540357206
"Player stacks: #1 ""6767 @ 3eHJYCMqYM"" (410) | #2 ""LingWae @ FQN9hzhzP_"" (470) | #5 ""fish @ oMsP5L3lJa"" (1120) | #10 ""bick and dalls @ gpP9uUffpu"" (500)",2026-09-02T05:03:23.572Z,178832540357201
"-- starting hand #6 (id: rav25silnlqu)  No Limit Texas Hold'em (dealer: ""LingWae @ FQN9hzhzP_"") --",2026-09-02T05:03:23.572Z,178832540357200
"""LingWae @ FQN9hzhzP_"" shows a 4♣, 2♣.",2026-09-02T05:03:20.192Z,178832540019200
"-- ending hand #5 --",2026-09-02T05:03:17.040Z,178832539704002
"""fish @ oMsP5L3lJa"" collected 95 from pot with Three of a Kind, 7's (combination: 9♣, J♠, 7♥, 7♠, 7♣)",2026-09-02T05:03:17.040Z,178832539704001
"""fish @ oMsP5L3lJa"" shows a 7♥, J♠.",2026-09-02T05:03:17.040Z,178832539704000
"""LingWae @ FQN9hzhzP_"" calls 30",2026-09-02T05:03:16.234Z,178832539623400
"""fish @ oMsP5L3lJa"" bets 30",2026-09-02T05:03:15.020Z,178832539502000
"""LingWae @ FQN9hzhzP_"" checks",2026-09-02T05:03:13.028Z,178832539302800
"River: 7♠, 2♥, 7♣, 6♦ [9♣]",2026-09-02T05:03:10.895Z,178832539089500
"""fish @ oMsP5L3lJa"" checks",2026-09-02T05:03:10.088Z,178832539008800
"""LingWae @ FQN9hzhzP_"" checks",2026-09-02T05:03:07.766Z,178832538776600
"Turn: 7♠, 2♥, 7♣ [6♦]",2026-09-02T05:03:04.993Z,178832538499300
"""6767 @ 3eHJYCMqYM"" folds",2026-09-02T05:03:04.172Z,178832538417200
"""fish @ oMsP5L3lJa"" calls 10",2026-09-02T05:03:02.109Z,178832538210900
"""LingWae @ FQN9hzhzP_"" bets 10",2026-09-02T05:02:57.937Z,178832537793700
"Flop:  [7♠, 2♥, 7♣]",2026-09-02T05:02:46.750Z,178832536675000
"""fish @ oMsP5L3lJa"" checks",2026-09-02T05:02:45.935Z,178832536593500
"""LingWae @ FQN9hzhzP_"" calls 5",2026-09-02T05:02:43.948Z,178832536394800
"""6767 @ 3eHJYCMqYM"" calls 5",2026-09-02T05:02:42.384Z,178832536238400
"""bick and dalls @ gpP9uUffpu"" folds",2026-09-02T05:02:38.635Z,178832535863500
"""fish @ oMsP5L3lJa"" posts a big blind of 5",2026-09-02T05:02:37.558Z,178832535755808
"""LingWae @ FQN9hzhzP_"" posts a small blind of 2",2026-09-02T05:02:37.558Z,178832535755807
"Player stacks: #1 ""6767 @ 3eHJYCMqYM"" (415) | #2 ""LingWae @ FQN9hzhzP_"" (515) | #5 ""fish @ oMsP5L3lJa"" (1070) | #10 ""bick and dalls @ gpP9uUffpu"" (500)",2026-09-02T05:02:37.558Z,178832535755802
"-- starting hand #5 (id: vjlv4hkujcoc)  No Limit Texas Hold'em (dealer: ""6767 @ 3eHJYCMqYM"") --",2026-09-02T05:02:37.558Z,178832535755801
"The player ""bick and dalls @ gpP9uUffpu"" joined the game with a stack of 500.",2026-09-02T05:02:37.558Z,178832535755800
"""LingWae @ FQN9hzhzP_"" shows a 9♦, 2♣.",2026-09-02T05:02:34.184Z,178832535418400
"-- ending hand #4 --",2026-09-02T05:02:30.940Z,178832535094002
"""6767 @ 3eHJYCMqYM"" collected 10 from pot",2026-09-02T05:02:30.940Z,178832535094001
"Uncalled bet of 5 returned to ""6767 @ 3eHJYCMqYM""",2026-09-02T05:02:30.940Z,178832535094000
"""LingWae @ FQN9hzhzP_"" folds",2026-09-02T05:02:30.126Z,178832535012600
"""6767 @ 3eHJYCMqYM"" bets 5",2026-09-02T05:02:28.030Z,178832534803000
"Turn: 4♠, 9♠, Q♠ [A♠]",2026-09-02T05:02:20.227Z,178832534022700
"""LingWae @ FQN9hzhzP_"" checks",2026-09-02T05:02:19.365Z,178832533936500
"""6767 @ 3eHJYCMqYM"" checks",2026-09-02T05:02:15.847Z,178832533584700
"Flop:  [4♠, 9♠, Q♠]",2026-09-02T05:02:02.291Z,178832532229100
"""LingWae @ FQN9hzhzP_"" checks",2026-09-02T05:02:01.418Z,178832532141800
"""6767 @ 3eHJYCMqYM"" calls 5",2026-09-02T05:02:00.302Z,178832532030200
"""fish @ oMsP5L3lJa"" folds",2026-09-02T05:01:57.622Z,178832531762200
"The admin approved the player ""bick and dalls @ gpP9uUffpu"" participation with a stack of 500.",2026-09-02T05:01:51.909Z,178832531190901
"The player ""bick and dalls @ gpP9uUffpu"" requested a seat.",2026-09-02T05:01:51.909Z,178832531190900
"""LingWae @ FQN9hzhzP_"" posts a big blind of 5",2026-09-02T05:01:48.454Z,178832530845408
"""6767 @ 3eHJYCMqYM"" posts a small blind of 2",2026-09-02T05:01:48.454Z,178832530845407
"Player stacks: #1 ""6767 @ 3eHJYCMqYM"" (410) | #2 ""LingWae @ FQN9hzhzP_"" (520) | #5 ""fish @ oMsP5L3lJa"" (1070)",2026-09-02T05:01:48.454Z,178832530845403
"-- starting hand #4 (id: v5hrtx0mlfmd)  No Limit Texas Hold'em (dead button) --",2026-09-02T05:01:48.454Z,178832530845402
"The player ""bick and dalls @ gpP9uUffpu"" quits the game with a stack of 0.",2026-09-02T05:01:48.454Z,178832530845401
"Game Config Changes
* Rabbit Hunt: off » on
* Allow Run it Twice: no » ask players",2026-09-02T05:01:48.454Z,178832530845400
"-- ending hand #3 --",2026-09-02T05:01:42.448Z,178832530244803
"""fish @ oMsP5L3lJa"" collected 1030 from pot with Straight, Q High (combination: 8♠, 9♣, 10♥, J♦, Q♣)",2026-09-02T05:01:42.448Z,178832530244802
"""fish @ oMsP5L3lJa"" shows a 9♣, 10♥.",2026-09-02T05:01:42.448Z,178832530244801
"""bick and dalls @ gpP9uUffpu"" shows a Q♦, 8♦.",2026-09-02T05:01:42.448Z,178832530244800
"""fish @ oMsP5L3lJa"" calls 325",2026-09-02T05:01:41.622Z,178832530162200
"""bick and dalls @ gpP9uUffpu"" bets 325 and go all in",2026-09-02T05:01:40.350Z,178832530035000
"River: A♦, Q♣, 8♠, J♦ [6♥]",2026-09-02T05:01:38.977Z,178832529897700
"""fish @ oMsP5L3lJa"" calls 150",2026-09-02T05:01:38.098Z,178832529809800
"""bick and dalls @ gpP9uUffpu"" raises to 150",2026-09-02T05:01:24.153Z,178832528415300
"""fish @ oMsP5L3lJa"" raises to 60",2026-09-02T05:01:15.984Z,178832527598400
"""LingWae @ FQN9hzhzP_"" folds",2026-09-02T05:01:10.974Z,178832527097400
"""6767 @ 3eHJYCMqYM"" folds",2026-09-02T05:01:08.990Z,178832526899000
"""bick and dalls @ gpP9uUffpu"" bets 20",2026-09-02T05:01:05.716Z,178832526571600
"Turn: A♦, Q♣, 8♠ [J♦]",2026-09-02T05:01:01.974Z,178832526197400
"""fish @ oMsP5L3lJa"" checks",2026-09-02T05:01:01.111Z,178832526111100
"""LingWae @ FQN9hzhzP_"" checks",2026-09-02T05:00:56.546Z,178832525654600
"""6767 @ 3eHJYCMqYM"" checks",2026-09-02T05:00:54.174Z,178832525417400
"""bick and dalls @ gpP9uUffpu"" checks",2026-09-02T05:00:42.959Z,178832524295900
"Flop:  [A♦, Q♣, 8♠]",2026-09-02T05:00:38.485Z,178832523848500
"""fish @ oMsP5L3lJa"" calls 20",2026-09-02T05:00:37.674Z,178832523767400
"""LingWae @ FQN9hzhzP_"" calls 20",2026-09-02T05:00:34.421Z,178832523442100
"""6767 @ 3eHJYCMqYM"" calls 20",2026-09-02T05:00:31.845Z,178832523184500
"""bick and dalls @ gpP9uUffpu"" raises to 20",2026-09-02T05:00:23.089Z,178832522308900
"""fish @ oMsP5L3lJa"" calls 5",2026-09-02T05:00:19.890Z,178832521989000
"""LingWae @ FQN9hzhzP_"" calls 5",2026-09-02T05:00:11.859Z,178832521185900
"""6767 @ 3eHJYCMqYM"" posts a big blind of 5",2026-09-02T05:00:05.299Z,178832520529907
"""bick and dalls @ gpP9uUffpu"" posts a small blind of 2",2026-09-02T05:00:05.299Z,178832520529906
"Your hand is Q♦, 8♦",2026-09-02T05:00:05.299Z,178832520529905
"Player stacks: #1 ""6767 @ 3eHJYCMqYM"" (430) | #2 ""LingWae @ FQN9hzhzP_"" (540) | #5 ""fish @ oMsP5L3lJa"" (535) | #9 ""bick and dalls @ gpP9uUffpu"" (495)",2026-09-02T05:00:05.299Z,178832520529901
"-- starting hand #3 (id: 3aiffpnjovui)  No Limit Texas Hold'em (dealer: ""fish @ oMsP5L3lJa"") --",2026-09-02T05:00:05.299Z,178832520529900
"""LingWae @ FQN9hzhzP_"" shows a 3♣.",2026-09-02T05:00:03.273Z,178832520327300
"""LingWae @ FQN9hzhzP_"" shows a 10♠.",2026-09-02T05:00:02.760Z,178832520276000
"-- ending hand #2 --",2026-09-02T05:00:01.684Z,178832520168402
"""LingWae @ FQN9hzhzP_"" collected 65 from pot",2026-09-02T05:00:01.684Z,178832520168401
"Uncalled bet of 65 returned to ""LingWae @ FQN9hzhzP_""",2026-09-02T05:00:01.684Z,178832520168400
"""6767 @ 3eHJYCMqYM"" folds",2026-09-02T05:00:00.787Z,178832520078700
"""fish @ oMsP5L3lJa"" folds",2026-09-02T04:59:56.129Z,178832519612900
"""LingWae @ FQN9hzhzP_"" bets 65",2026-09-02T04:59:39.274Z,178832517927400
"""6767 @ 3eHJYCMqYM"" checks",2026-09-02T04:59:36.512Z,178832517651200
"""fish @ oMsP5L3lJa"" checks",2026-09-02T04:59:33.968Z,178832517396800
"Flop:  [4♣, 8♣, 10♣]",2026-09-02T04:59:25.339Z,178832516533900
"""LingWae @ FQN9hzhzP_"" calls 20",2026-09-02T04:59:24.465Z,178832516446500
"""6767 @ 3eHJYCMqYM"" calls 20",2026-09-02T04:59:23.302Z,178832516330200
"""bick and dalls @ gpP9uUffpu"" folds",2026-09-02T04:59:20.226Z,178832516022600
"""fish @ oMsP5L3lJa"" raises to 20",2026-09-02T04:59:17.864Z,178832515786400
"""LingWae @ FQN9hzhzP_"" calls 5",2026-09-02T04:59:15.703Z,178832515570300
"""6767 @ 3eHJYCMqYM"" calls 5",2026-09-02T04:59:12.566Z,178832515256600
"""bick and dalls @ gpP9uUffpu"" posts a big blind of 5",2026-09-02T04:59:03.238Z,178832514323807
"""fish @ oMsP5L3lJa"" posts a small blind of 2",2026-09-02T04:59:03.238Z,178832514323806
"Player stacks: #1 ""6767 @ 3eHJYCMqYM"" (450) | #2 ""LingWae @ FQN9hzhzP_"" (495) | #5 ""fish @ oMsP5L3lJa"" (555) | #9 ""bick and dalls @ gpP9uUffpu"" (500)",2026-09-02T04:59:03.238Z,178832514323801
"-- starting hand #2 (id: nbicoxpkgghw)  No Limit Texas Hold'em (dealer: ""LingWae @ FQN9hzhzP_"") --",2026-09-02T04:59:03.238Z,178832514323800
"""LingWae @ FQN9hzhzP_"" shows a 5♦, 3♣.",2026-09-02T04:59:01.995Z,178832514199500
"-- ending hand #1 --",2026-09-02T04:58:59.613Z,178832513961302
"""fish @ oMsP5L3lJa"" collected 105 from pot",2026-09-02T04:58:59.613Z,178832513961301
"Uncalled bet of 57 returned to ""fish @ oMsP5L3lJa""",2026-09-02T04:58:59.613Z,178832513961300
"""6767 @ 3eHJYCMqYM"" folds",2026-09-02T04:58:58.805Z,178832513880500
"""fish @ oMsP5L3lJa"" bets 57",2026-09-02T04:58:53.021Z,178832513302100
"River: Q♥, 9♦, 7♣, 2♥ [8♠]",2026-09-02T04:58:50.178Z,178832513017800
"""fish @ oMsP5L3lJa"" calls 5",2026-09-02T04:58:49.346Z,178832512934600
"""6767 @ 3eHJYCMqYM"" bets 5",2026-09-02T04:58:48.028Z,178832512802800
"""fish @ oMsP5L3lJa"" checks",2026-09-02T04:58:34.005Z,178832511400500
"Turn: Q♥, 9♦, 7♣ [2♥]",2026-09-02T04:58:32.761Z,178832511276100
"""6767 @ 3eHJYCMqYM"" calls 25",2026-09-02T04:58:31.873Z,178832511187300
"""fish @ oMsP5L3lJa"" bets 25",2026-09-02T04:58:27.857Z,178832510785700
"Flop:  [Q♥, 9♦, 7♣]",2026-09-02T04:58:22.753Z,178832510275300
"""LingWae @ FQN9hzhzP_"" folds",2026-09-02T04:58:21.824Z,178832510182400
"""6767 @ 3eHJYCMqYM"" calls 20",2026-09-02T04:58:18.922Z,178832509892200
"""fish @ oMsP5L3lJa"" raises to 20",2026-09-02T04:58:10.120Z,178832509012000
"""LingWae @ FQN9hzhzP_"" calls 5",2026-09-02T04:58:04.543Z,178832508454300
"""6767 @ 3eHJYCMqYM"" calls 5",2026-09-02T04:57:57.955Z,178832507795500
"""bick and dalls @ gpP9uUffpu"" folds",2026-09-02T04:57:52.722Z,178832507272200
"""fish @ oMsP5L3lJa"" posts a big blind of 5",2026-09-02T04:57:51.152Z,178832507115211
"""LingWae @ FQN9hzhzP_"" posts a small blind of 2",2026-09-02T04:57:51.152Z,178832507115210
"Player stacks: #1 ""6767 @ 3eHJYCMqYM"" (500) | #2 ""LingWae @ FQN9hzhzP_"" (500) | #5 ""fish @ oMsP5L3lJa"" (500) | #9 ""bick and dalls @ gpP9uUffpu"" (500)",2026-09-02T04:57:51.152Z,178832507115205
"The player ""bick and dalls @ gpP9uUffpu"" joined the game with a stack of 500.",2026-09-02T04:57:51.152Z,178832507115204
"The player ""fish @ oMsP5L3lJa"" joined the game with a stack of 500.",2026-09-02T04:57:51.152Z,178832507115203
"The player ""LingWae @ FQN9hzhzP_"" joined the game with a stack of 500.",2026-09-02T04:57:51.152Z,178832507115202
"The player ""6767 @ 3eHJYCMqYM"" joined the game with a stack of 500.",2026-09-02T04:57:51.152Z,178832507115201
"-- starting hand #1 (id: 0owl9mhmadsq)  No Limit Texas Hold'em (dealer: ""6767 @ 3eHJYCMqYM"") --",2026-09-02T04:57:51.152Z,178832507115200
"The admin approved the player ""LingWae @ FQN9hzhzP_"" participation with a stack of 500.",2026-09-02T04:57:47.886Z,178832506788600
"The player ""LingWae @ FQN9hzhzP_"" requested a seat.",2026-09-02T04:57:44.942Z,178832506494200
"The admin approved the player ""fish @ oMsP5L3lJa"" participation with a stack of 500.",2026-09-02T04:57:25.753Z,178832504575300
"The player ""fish @ oMsP5L3lJa"" requested a seat.",2026-09-02T04:57:22.328Z,178832504232800
"The admin approved the player ""6767 @ 3eHJYCMqYM"" participation with a stack of 500.",2026-09-02T04:57:18.520Z,178832503852000
"The player ""6767 @ 3eHJYCMqYM"" requested a seat.",2026-09-02T04:57:15.934Z,178832503593400
"The game's big blind was changed from 10 to 5.",2026-09-02T04:57:02.434Z,178832502243401
"Game Config Changes
* Blind Schedule: L1: 2/10 » L1: 2/5
* Restart Blind Schedule at Level: none » 1",2026-09-02T04:57:02.434Z,178832502243400
"The game's small blind was changed from 5 to 2.",2026-09-02T04:57:00.756Z,178832502075601
"Game Config Changes
* Blind Schedule: L1: 5/10 » L1: 2/10
* Restart Blind Schedule at Level: none » 1",2026-09-02T04:57:00.756Z,178832502075600
"The admin updated the player ""bick and dalls @ gpP9uUffpu"" stack from 1000 to 500.",2026-09-02T04:56:56.565Z,178832501656501
"WARNING: the admin queued the stack change for the player ""bick and dalls @ gpP9uUffpu"" removing 500 chips in the next hand.",2026-09-02T04:56:56.565Z,178832501656500
"The game's big blind was changed from 20 to 10.",2026-09-02T04:34:01.411Z,178832364141101
"Game Config Changes
* Blind Schedule: L1: 5/20 » L1: 5/10
* Restart Blind Schedule at Level: none » 1",2026-09-02T04:34:01.411Z,178832364141100
"The game's ante was changed from 0 to 0.",2026-09-02T04:33:59.735Z,178832363973502
"The game's small blind was changed from 10 to 5.",2026-09-02T04:33:59.735Z,178832363973501
"Game Config Changes
* Nit Minimum Players: off » 3
* Allow Rebuy: off » off
* Blind Schedule: L1: 10/20 » L1: 5/20
* Restart Blind Schedule at Level: none » 1",2026-09-02T04:33:59.735Z,178832363973500
"The admin approved the player ""bick and dalls @ gpP9uUffpu"" participation with a stack of 1000.",2026-09-02T04:33:56.295Z,178832363629501
"The player ""bick and dalls @ gpP9uUffpu"" requested a seat.",2026-09-02T04:33:56.295Z,178832363629500
