entry,at,order
"The player ""gurt @ gpP9uUffpu"" passed the room ownership to ""Henry @ FQN9hzhzP_"".",2026-08-29T09:51:49.648Z,178799710964800
"The player ""gurt @ gpP9uUffpu"" quits the game with a stack of 0.",2026-08-29T09:45:49.523Z,178799674952300
"-- ending hand #374 --",2026-08-29T09:45:43.518Z,178799674351801
"""Henry @ FQN9hzhzP_"" collected 5922 from pot with Two Pair, J's & 9's (combination: Q♥, 9♠, 9♥, J♥, J♦)",2026-08-29T09:45:43.518Z,178799674351800
"River: J♦, 9♥, Q♥, 2♦ [5♠]",2026-08-29T09:45:39.496Z,178799673949600
"""Henry @ FQN9hzhzP_"" shows a J♥, 9♠.",2026-08-29T09:45:35.444Z,178799673544400
"""gurt @ gpP9uUffpu"" shows a Q♣, 7♦.",2026-08-29T09:45:34.939Z,178799673493900
"Some players choose to not run it twice.",2026-08-29T09:45:34.529Z,178799673452901
"""Henry @ FQN9hzhzP_"" chooses to not run it twice.",2026-08-29T09:45:34.529Z,178799673452900
"""gurt @ gpP9uUffpu"" chooses to  run it twice.",2026-08-29T09:45:33.957Z,178799673395700
"Remaining players decide whether to run it twice.",2026-08-29T09:45:33.164Z,178799673316401
"""Henry @ FQN9hzhzP_"" calls 2093",2026-08-29T09:45:33.164Z,178799673316400
"""gurt @ gpP9uUffpu"" raises to 2093 and go all in",2026-08-29T09:45:31.719Z,178799673171900
"""Henry @ FQN9hzhzP_"" bets 560",2026-08-29T09:45:30.239Z,178799673023900
"Turn: J♦, 9♥, Q♥ [2♦]",2026-08-29T09:45:26.636Z,178799672663600
"""gurt @ gpP9uUffpu"" calls 818",2026-08-29T09:45:25.725Z,178799672572500
"""Henry @ FQN9hzhzP_"" raises to 818",2026-08-29T09:45:24.722Z,178799672472200
"""gurt @ gpP9uUffpu"" raises to 384",2026-08-29T09:45:20.561Z,178799672056100
"""Henry @ FQN9hzhzP_"" bets 167",2026-08-29T09:45:13.478Z,178799671347800
"Flop:  [J♦, 9♥, Q♥]",2026-08-29T09:45:08.016Z,178799670801600
"""Henry @ FQN9hzhzP_"" checks",2026-08-29T09:45:07.192Z,178799670719200
"""gurt @ gpP9uUffpu"" calls 50",2026-08-29T09:45:04.633Z,178799670463300
"""Henry @ FQN9hzhzP_"" posts a big blind of 50",2026-08-29T09:45:03.811Z,178799670381105
"""gurt @ gpP9uUffpu"" posts a small blind of 25",2026-08-29T09:45:03.811Z,178799670381104
"Your hand is Q♣, 7♦",2026-08-29T09:45:03.811Z,178799670381103
"Player stacks: #1 ""Henry @ FQN9hzhzP_"" (7966) | #2 ""gurt @ gpP9uUffpu"" (2961)",2026-08-29T09:45:03.811Z,178799670381101
"-- starting hand #374 (id: tkmhlawwi3ig)  No Limit Texas Hold'em (dealer: ""gurt @ gpP9uUffpu"") --",2026-08-29T09:45:03.811Z,178799670381100
"""gurt @ gpP9uUffpu"" shows a 6♣, Q♥.",2026-08-29T09:44:59.797Z,178799669979700
"""Henry @ FQN9hzhzP_"" shows a 7♥, 2♠.",2026-08-29T09:44:57.667Z,178799669766700
"Undealt cards:  [4♥, 2♦, A♦, A♥, 10♣]",2026-08-29T09:44:56.797Z,178799669679700
"-- ending hand #373 --",2026-08-29T09:44:56.369Z,178799669636902
"""gurt @ gpP9uUffpu"" collected 50 from pot",2026-08-29T09:44:56.369Z,178799669636901
"Uncalled bet of 25 returned to ""gurt @ gpP9uUffpu""",2026-08-29T09:44:56.369Z,178799669636900
"""Henry @ FQN9hzhzP_"" folds",2026-08-29T09:44:55.468Z,178799669546800
"""gurt @ gpP9uUffpu"" posts a big blind of 50",2026-08-29T09:44:54.245Z,178799669424505
"""Henry @ FQN9hzhzP_"" posts a small blind of 25",2026-08-29T09:44:54.245Z,178799669424504
"Your hand is 6♣, Q♥",2026-08-29T09:44:54.245Z,178799669424503
"Player stacks: #1 ""Henry @ FQN9hzhzP_"" (7991) | #2 ""gurt @ gpP9uUffpu"" (2936)",2026-08-29T09:44:54.245Z,178799669424501
"-- starting hand #373 (id: v38ozmsgjhho)  No Limit Texas Hold'em (dealer: ""Henry @ FQN9hzhzP_"") --",2026-08-29T09:44:54.245Z,178799669424500
"""Henry @ FQN9hzhzP_"" shows a J♠, 2♦.",2026-08-29T09:44:50.184Z,178799669018400
"Undealt cards:  [10♥, A♥, 6♥, 10♦, 7♣]",2026-08-29T09:44:47.894Z,178799668789400
"-- ending hand #372 --",2026-08-29T09:44:47.630Z,178799668763002
"""gurt @ gpP9uUffpu"" collected 100 from pot",2026-08-29T09:44:47.630Z,178799668763001
"Uncalled bet of 100 returned to ""gurt @ gpP9uUffpu""",2026-08-29T09:44:47.630Z,178799668763000
"""Henry @ FQN9hzhzP_"" folds",2026-08-29T09:44:46.823Z,178799668682300
"""gurt @ gpP9uUffpu"" raises to 150",2026-08-29T09:44:45.121Z,178799668512100
"""Henry @ FQN9hzhzP_"" posts a big blind of 50",2026-08-29T09:44:43.367Z,178799668336705
"""gurt @ gpP9uUffpu"" posts a small blind of 25",2026-08-29T09:44:43.367Z,178799668336704
"Player stacks: #1 ""Henry @ FQN9hzhzP_"" (8041) | #2 ""gurt @ gpP9uUffpu"" (2886)",2026-08-29T09:44:43.367Z,178799668336701
"-- starting hand #372 (id: qssxqnvu8vrd)  No Limit Texas Hold'em (dealer: ""gurt @ gpP9uUffpu"") --",2026-08-29T09:44:43.367Z,178799668336700
"""Henry @ FQN9hzhzP_"" shows a 10♠, 9♦.",2026-08-29T09:44:38.386Z,178799667838600
"Undealt cards: J♠, Q♠, Q♣ [10♦, Q♦]",2026-08-29T09:44:36.931Z,178799667693100
"-- ending hand #371 --",2026-08-29T09:44:36.759Z,178799667675902
"""Henry @ FQN9hzhzP_"" collected 100 from pot",2026-08-29T09:44:36.759Z,178799667675901
"Uncalled bet of 67 returned to ""Henry @ FQN9hzhzP_""",2026-08-29T09:44:36.759Z,178799667675900
"""gurt @ gpP9uUffpu"" folds",2026-08-29T09:44:35.853Z,178799667585300
"""Henry @ FQN9hzhzP_"" bets 67",2026-08-29T09:44:34.931Z,178799667493100
"""gurt @ gpP9uUffpu"" checks",2026-08-29T09:44:29.332Z,178799666933200
"Flop:  [J♠, Q♠, Q♣]",2026-08-29T09:44:28.554Z,178799666855400
"""gurt @ gpP9uUffpu"" checks",2026-08-29T09:44:27.639Z,178799666763900
"""Henry @ FQN9hzhzP_"" calls 50",2026-08-29T09:44:23.975Z,178799666397500
"""gurt @ gpP9uUffpu"" posts a big blind of 50",2026-08-29T09:44:22.191Z,178799666219105
"""Henry @ FQN9hzhzP_"" posts a small blind of 25",2026-08-29T09:44:22.191Z,178799666219104
"Player stacks: #1 ""Henry @ FQN9hzhzP_"" (7991) | #2 ""gurt @ gpP9uUffpu"" (2936)",2026-08-29T09:44:22.191Z,178799666219101
"-- starting hand #371 (id: unlpmc1hcwww)  No Limit Texas Hold'em (dealer: ""Henry @ FQN9hzhzP_"") --",2026-08-29T09:44:22.191Z,178799666219100
"Undealt cards: 5♣, 2♦, K♣ [10♣, K♥]",2026-08-29T09:44:16.532Z,178799665653200
"-- ending hand #370 --",2026-08-29T09:44:16.287Z,178799665628702
"""Henry @ FQN9hzhzP_"" collected 100 from pot",2026-08-29T09:44:16.287Z,178799665628701
"Uncalled bet of 67 returned to ""Henry @ FQN9hzhzP_""",2026-08-29T09:44:16.287Z,178799665628700
"""gurt @ gpP9uUffpu"" folds",2026-08-29T09:44:15.431Z,178799665543100
"""Henry @ FQN9hzhzP_"" bets 67",2026-08-29T09:44:14.343Z,178799665434300
"Flop:  [5♣, 2♦, K♣]",2026-08-29T09:44:10.081Z,178799665008100
"""Henry @ FQN9hzhzP_"" checks",2026-08-29T09:44:09.242Z,178799664924200
"""gurt @ gpP9uUffpu"" calls 50",2026-08-29T09:44:07.131Z,178799664713100
"""Henry @ FQN9hzhzP_"" posts a big blind of 50",2026-08-29T09:44:06.182Z,178799664618205
"""gurt @ gpP9uUffpu"" posts a small blind of 25",2026-08-29T09:44:06.182Z,178799664618204
"Player stacks: #1 ""Henry @ FQN9hzhzP_"" (7941) | #2 ""gurt @ gpP9uUffpu"" (2986)",2026-08-29T09:44:06.182Z,178799664618201
"-- starting hand #370 (id: nofcykxugrxu)  No Limit Texas Hold'em (dealer: ""gurt @ gpP9uUffpu"") --",2026-08-29T09:44:06.182Z,178799664618200
"""Henry @ FQN9hzhzP_"" shows a 4♠, J♥.",2026-08-29T09:44:02.714Z,178799664271400
"""gurt @ gpP9uUffpu"" shows a 3♠, 6♣.",2026-08-29T09:44:00.822Z,178799664082200
"Undealt cards:  [8♥, K♣, 5♣, 9♣, 8♠]",2026-08-29T09:43:59.095Z,178799663909500
"-- ending hand #369 --",2026-08-29T09:43:58.860Z,178799663886002
"""gurt @ gpP9uUffpu"" collected 50 from pot",2026-08-29T09:43:58.860Z,178799663886001
"Uncalled bet of 25 returned to ""gurt @ gpP9uUffpu""",2026-08-29T09:43:58.860Z,178799663886000
"""Henry @ FQN9hzhzP_"" folds",2026-08-29T09:43:58.025Z,178799663802500
"""gurt @ gpP9uUffpu"" posts a big blind of 50",2026-08-29T09:43:56.657Z,178799663665705
"""Henry @ FQN9hzhzP_"" posts a small blind of 25",2026-08-29T09:43:56.657Z,178799663665704
"Your hand is 3♠, 6♣",2026-08-29T09:43:56.657Z,178799663665703
"Player stacks: #1 ""Henry @ FQN9hzhzP_"" (7966) | #2 ""gurt @ gpP9uUffpu"" (2961)",2026-08-29T09:43:56.657Z,178799663665701
"-- starting hand #369 (id: ovfbgq8hc9az)  No Limit Texas Hold'em (dealer: ""Henry @ FQN9hzhzP_"") --",2026-08-29T09:43:56.657Z,178799663665700
"""gurt @ gpP9uUffpu"" shows a 4♣.",2026-08-29T09:43:53.472Z,178799663347200
"""Henry @ FQN9hzhzP_"" shows a 7♠, 6♣.",2026-08-29T09:43:52.710Z,178799663271000
"-- ending hand #368 --",2026-08-29T09:43:52.255Z,178799663225502
"""gurt @ gpP9uUffpu"" collected 100 from pot",2026-08-29T09:43:52.255Z,178799663225501
"Uncalled bet of 100 returned to ""gurt @ gpP9uUffpu""",2026-08-29T09:43:52.255Z,178799663225500
"""Henry @ FQN9hzhzP_"" folds",2026-08-29T09:43:51.350Z,178799663135000
"""gurt @ gpP9uUffpu"" bets 100",2026-08-29T09:43:50.378Z,178799663037800
"""Henry @ FQN9hzhzP_"" checks",2026-08-29T09:43:48.503Z,178799662850300
"River: 3♠, 8♦, J♦, 4♥ [Q♠]",2026-08-29T09:43:47.254Z,178799662725400
"""gurt @ gpP9uUffpu"" checks",2026-08-29T09:43:46.345Z,178799662634500
"""Henry @ FQN9hzhzP_"" checks",2026-08-29T09:43:45.423Z,178799662542300
"Turn: 3♠, 8♦, J♦ [4♥]",2026-08-29T09:43:44.056Z,178799662405600
"""gurt @ gpP9uUffpu"" checks",2026-08-29T09:43:43.229Z,178799662322900
"""Henry @ FQN9hzhzP_"" checks",2026-08-29T09:43:42.310Z,178799662231000
"Flop:  [3♠, 8♦, J♦]",2026-08-29T09:43:40.054Z,178799662005400
"""Henry @ FQN9hzhzP_"" checks",2026-08-29T09:43:39.164Z,178799661916400
"""gurt @ gpP9uUffpu"" calls 50",2026-08-29T09:43:37.475Z,178799661747500
"""Henry @ FQN9hzhzP_"" posts a big blind of 50",2026-08-29T09:43:36.655Z,178799661665505
"""gurt @ gpP9uUffpu"" posts a small blind of 25",2026-08-29T09:43:36.655Z,178799661665504
"Player stacks: #1 ""Henry @ FQN9hzhzP_"" (8016) | #2 ""gurt @ gpP9uUffpu"" (2911)",2026-08-29T09:43:36.655Z,178799661665501
"-- starting hand #368 (id: iyz1irbdyp78)  No Limit Texas Hold'em (dealer: ""gurt @ gpP9uUffpu"") --",2026-08-29T09:43:36.655Z,178799661665500
"-- ending hand #367 --",2026-08-29T09:43:30.590Z,178799661059003
"""Henry @ FQN9hzhzP_"" collected 500 from pot with Pair, 10's (combination: 7♠, Q♣, K♥, 10♦, 10♣)",2026-08-29T09:43:30.590Z,178799661059002
"""Henry @ FQN9hzhzP_"" shows a 2♦, 10♦.",2026-08-29T09:43:30.590Z,178799661059001
"""gurt @ gpP9uUffpu"" shows a 9♥, A♣.",2026-08-29T09:43:30.590Z,178799661059000
"""Henry @ FQN9hzhzP_"" checks",2026-08-29T09:43:29.763Z,178799660976300
"""gurt @ gpP9uUffpu"" checks",2026-08-29T09:43:28.626Z,178799660862600
"River: Q♣, 7♠, 4♦, K♥ [10♣]",2026-08-29T09:43:27.852Z,178799660785200
"""Henry @ FQN9hzhzP_"" checks",2026-08-29T09:43:27.020Z,178799660702000
"""gurt @ gpP9uUffpu"" checks",2026-08-29T09:43:26.067Z,178799660606700
"Turn: Q♣, 7♠, 4♦ [K♥]",2026-08-29T09:43:25.052Z,178799660505200
"""Henry @ FQN9hzhzP_"" checks",2026-08-29T09:43:24.229Z,178799660422900
"""gurt @ gpP9uUffpu"" checks",2026-08-29T09:43:23.296Z,178799660329600
"Flop:  [Q♣, 7♠, 4♦]",2026-08-29T09:43:21.914Z,178799660191400
"""Henry @ FQN9hzhzP_"" calls 250",2026-08-29T09:43:21.048Z,178799660104800
"""gurt @ gpP9uUffpu"" raises to 250",2026-08-29T09:43:18.424Z,178799659842400
"""Henry @ FQN9hzhzP_"" raises to 100",2026-08-29T09:43:16.493Z,178799659649300
"""gurt @ gpP9uUffpu"" posts a big blind of 50",2026-08-29T09:43:12.248Z,178799659224805
"""Henry @ FQN9hzhzP_"" posts a small blind of 25",2026-08-29T09:43:12.248Z,178799659224804
"Your hand is 9♥, A♣",2026-08-29T09:43:12.248Z,178799659224803
"Player stacks: #1 ""Henry @ FQN9hzhzP_"" (7766) | #2 ""gurt @ gpP9uUffpu"" (3161)",2026-08-29T09:43:12.248Z,178799659224801
"-- starting hand #367 (id: cdnrllirqbcf)  No Limit Texas Hold'em (dealer: ""Henry @ FQN9hzhzP_"") --",2026-08-29T09:43:12.248Z,178799659224800
"""gurt @ gpP9uUffpu"" shows a J♣.",2026-08-29T09:43:11.039Z,178799659103900
"Undealt cards:  [6♠, 8♠, 4♣, J♠, A♥]",2026-08-29T09:43:05.912Z,178799658591200
"-- ending hand #366 --",2026-08-29T09:43:05.579Z,178799658557902
"""gurt @ gpP9uUffpu"" collected 100 from pot",2026-08-29T09:43:05.579Z,178799658557901
"Uncalled bet of 100 returned to ""gurt @ gpP9uUffpu""",2026-08-29T09:43:05.579Z,178799658557900
"""Henry @ FQN9hzhzP_"" folds",2026-08-29T09:43:04.748Z,178799658474800
"""gurt @ gpP9uUffpu"" raises to 150",2026-08-29T09:43:03.032Z,178799658303200
"""Henry @ FQN9hzhzP_"" posts a big blind of 50",2026-08-29T09:43:01.495Z,178799658149505
"""gurt @ gpP9uUffpu"" posts a small blind of 25",2026-08-29T09:43:01.495Z,178799658149504
"Player stacks: #1 ""Henry @ FQN9hzhzP_"" (7816) | #2 ""gurt @ gpP9uUffpu"" (3111)",2026-08-29T09:43:01.495Z,178799658149501
"-- starting hand #366 (id: 0wcdkjtoi9h6)  No Limit Texas Hold'em (dealer: ""gurt @ gpP9uUffpu"") --",2026-08-29T09:43:01.495Z,178799658149500
"""Henry @ FQN9hzhzP_"" shows a 2♠, Q♠.",2026-08-29T09:42:56.985Z,178799657698500
"-- ending hand #365 --",2026-08-29T09:42:54.961Z,178799657496102
"""gurt @ gpP9uUffpu"" collected 1134 from pot with Pair, 6's (combination: J♣, Q♦, K♦, 6♥, 6♠)",2026-08-29T09:42:54.961Z,178799657496101
"""gurt @ gpP9uUffpu"" shows a Q♦, K♦.",2026-08-29T09:42:54.961Z,178799657496100
"""Henry @ FQN9hzhzP_"" checks",2026-08-29T09:42:54.072Z,178799657407200
"""gurt @ gpP9uUffpu"" checks",2026-08-29T09:42:52.665Z,178799657266500
"River: 6♥, 7♣, J♣, 8♥ [6♠]",2026-08-29T09:42:38.654Z,178799655865400
"""Henry @ FQN9hzhzP_"" checks",2026-08-29T09:42:37.838Z,178799655783800
"""gurt @ gpP9uUffpu"" checks",2026-08-29T09:42:34.648Z,178799655464800
"Turn: 6♥, 7♣, J♣ [8♥]",2026-08-29T09:42:33.851Z,178799655385100
"""gurt @ gpP9uUffpu"" calls 267",2026-08-29T09:42:32.973Z,178799655297300
"""Henry @ FQN9hzhzP_"" bets 267",2026-08-29T09:42:31.160Z,178799655116000
"""gurt @ gpP9uUffpu"" checks",2026-08-29T09:42:20.651Z,178799654065100
"Flop:  [6♥, 7♣, J♣]",2026-08-29T09:42:19.335Z,178799653933500
"""Henry @ FQN9hzhzP_"" calls 300",2026-08-29T09:42:18.448Z,178799653844800
"""gurt @ gpP9uUffpu"" raises to 300",2026-08-29T09:42:15.187Z,178799653518700
"""Henry @ FQN9hzhzP_"" raises to 100",2026-08-29T09:42:13.043Z,178799653304300
"""gurt @ gpP9uUffpu"" posts a big blind of 50",2026-08-29T09:42:08.930Z,178799652893005
"""Henry @ FQN9hzhzP_"" posts a small blind of 25",2026-08-29T09:42:08.930Z,178799652893004
"Your hand is Q♦, K♦",2026-08-29T09:42:08.930Z,178799652893003
"Player stacks: #1 ""Henry @ FQN9hzhzP_"" (8383) | #2 ""gurt @ gpP9uUffpu"" (2544)",2026-08-29T09:42:08.930Z,178799652893001
"-- starting hand #365 (id: bhnyyzcyeuy4)  No Limit Texas Hold'em (dealer: ""Henry @ FQN9hzhzP_"") --",2026-08-29T09:42:08.930Z,178799652893000
"""Henry @ FQN9hzhzP_"" shows a 5♠, 4♠.",2026-08-29T09:42:05.749Z,178799652574900
"-- ending hand #364 --",2026-08-29T09:42:05.235Z,178799652523502
"""gurt @ gpP9uUffpu"" collected 600 from pot",2026-08-29T09:42:05.235Z,178799652523501
"Uncalled bet of 600 returned to ""gurt @ gpP9uUffpu""",2026-08-29T09:42:05.235Z,178799652523500
"""Henry @ FQN9hzhzP_"" folds",2026-08-29T09:42:04.372Z,178799652437200
"""gurt @ gpP9uUffpu"" bets 600",2026-08-29T09:42:03.384Z,178799652338400
"""Henry @ FQN9hzhzP_"" checks",2026-08-29T09:42:00.916Z,178799652091600
"River: 3♠, 10♣, A♣, 9♥ [J♦]",2026-08-29T09:41:59.692Z,178799651969200
"""Henry @ FQN9hzhzP_"" calls 100",2026-08-29T09:41:58.885Z,178799651888500
"""gurt @ gpP9uUffpu"" bets 100",2026-08-29T09:41:57.483Z,178799651748300
"""Henry @ FQN9hzhzP_"" checks",2026-08-29T09:41:56.015Z,178799651601500
"Turn: 3♠, 10♣, A♣ [9♥]",2026-08-29T09:41:54.488Z,178799651448800
"""Henry @ FQN9hzhzP_"" calls 50",2026-08-29T09:41:53.681Z,178799651368100
"""gurt @ gpP9uUffpu"" bets 50",2026-08-29T09:41:52.725Z,178799651272500
"""Henry @ FQN9hzhzP_"" checks",2026-08-29T09:41:51.171Z,178799651117100
"Flop:  [3♠, 10♣, A♣]",2026-08-29T09:41:48.782Z,178799650878200
"""Henry @ FQN9hzhzP_"" calls 150",2026-08-29T09:41:47.964Z,178799650796400
"""gurt @ gpP9uUffpu"" raises to 150",2026-08-29T09:41:46.467Z,178799650646700
"""Henry @ FQN9hzhzP_"" posts a big blind of 50",2026-08-29T09:41:44.482Z,178799650448205
"""gurt @ gpP9uUffpu"" posts a small blind of 25",2026-08-29T09:41:44.482Z,178799650448204
"Player stacks: #1 ""Henry @ FQN9hzhzP_"" (8683) | #2 ""gurt @ gpP9uUffpu"" (2244)",2026-08-29T09:41:44.482Z,178799650448201
"-- starting hand #364 (id: iuvjuanmbywr)  No Limit Texas Hold'em (dealer: ""gurt @ gpP9uUffpu"") --",2026-08-29T09:41:44.482Z,178799650448200
"""gurt @ gpP9uUffpu"" shows a A♦.",2026-08-29T09:41:42.016Z,178799650201600
"""Henry @ FQN9hzhzP_"" shows a 4♠.",2026-08-29T09:41:40.212Z,178799650021200
"Undealt cards:  [6♦, 4♣, 4♥, 3♠, 10♠]",2026-08-29T09:41:37.417Z,178799649741700
"-- ending hand #363 --",2026-08-29T09:41:37.171Z,178799649717102
"""gurt @ gpP9uUffpu"" collected 50 from pot",2026-08-29T09:41:37.171Z,178799649717101
"Uncalled bet of 25 returned to ""gurt @ gpP9uUffpu""",2026-08-29T09:41:37.171Z,178799649717100
"""Henry @ FQN9hzhzP_"" folds",2026-08-29T09:41:36.294Z,178799649629400
"""gurt @ gpP9uUffpu"" posts a big blind of 50",2026-08-29T09:41:32.970Z,178799649297005
"""Henry @ FQN9hzhzP_"" posts a small blind of 25",2026-08-29T09:41:32.970Z,178799649297004
"Player stacks: #1 ""Henry @ FQN9hzhzP_"" (8708) | #2 ""gurt @ gpP9uUffpu"" (2219)",2026-08-29T09:41:32.970Z,178799649297001
"-- starting hand #363 (id: lbpyayrfnqtf)  No Limit Texas Hold'em (dealer: ""Henry @ FQN9hzhzP_"") --",2026-08-29T09:41:32.970Z,178799649297000
"""Henry @ FQN9hzhzP_"" shows a K♦.",2026-08-29T09:41:31.609Z,178799649160900
"""Henry @ FQN9hzhzP_"" shows a 8♠.",2026-08-29T09:41:30.884Z,178799649088400
"-- ending hand #362 --",2026-08-29T09:41:29.367Z,178799648936702
"""Henry @ FQN9hzhzP_"" collected 100 from pot",2026-08-29T09:41:29.367Z,178799648936701
"Uncalled bet of 50 returned to ""Henry @ FQN9hzhzP_""",2026-08-29T09:41:29.367Z,178799648936700
"""gurt @ gpP9uUffpu"" folds",2026-08-29T09:41:28.471Z,178799648847100
"""Henry @ FQN9hzhzP_"" bets 50",2026-08-29T09:41:27.423Z,178799648742300
"River: 3♠, 6♦, 3♣, 9♠ [J♥]",2026-08-29T09:41:25.965Z,178799648596500
"""gurt @ gpP9uUffpu"" checks",2026-08-29T09:41:25.101Z,178799648510100
"""Henry @ FQN9hzhzP_"" checks",2026-08-29T09:41:24.190Z,178799648419000
"Turn: 3♠, 6♦, 3♣ [9♠]",2026-08-29T09:41:22.861Z,178799648286100
"""gurt @ gpP9uUffpu"" checks",2026-08-29T09:41:22.054Z,178799648205400
"""Henry @ FQN9hzhzP_"" checks",2026-08-29T09:41:21.099Z,178799648109900
"Flop:  [3♠, 6♦, 3♣]",2026-08-29T09:41:19.162Z,178799647916200
"""Henry @ FQN9hzhzP_"" checks",2026-08-29T09:41:18.344Z,178799647834400
"""gurt @ gpP9uUffpu"" calls 50",2026-08-29T09:41:17.317Z,178799647731700
"""Henry @ FQN9hzhzP_"" posts a big blind of 50",2026-08-29T09:41:16.406Z,178799647640605
"""gurt @ gpP9uUffpu"" posts a small blind of 25",2026-08-29T09:41:16.406Z,178799647640604
"Player stacks: #1 ""Henry @ FQN9hzhzP_"" (8658) | #2 ""gurt @ gpP9uUffpu"" (2269)",2026-08-29T09:41:16.406Z,178799647640601
"-- starting hand #362 (id: v8w6pepwsc78)  No Limit Texas Hold'em (dealer: ""gurt @ gpP9uUffpu"") --",2026-08-29T09:41:16.406Z,178799647640600
"""Henry @ FQN9hzhzP_"" shows a 6♣, A♥.",2026-08-29T09:41:12.492Z,178799647249200
"Undealt cards:  [Q♦, 2♣, 9♣, 7♣, 2♠]",2026-08-29T09:41:10.497Z,178799647049700
"-- ending hand #361 --",2026-08-29T09:41:09.758Z,178799646975802
"""gurt @ gpP9uUffpu"" collected 100 from pot",2026-08-29T09:41:09.758Z,178799646975801
"Uncalled bet of 150 returned to ""gurt @ gpP9uUffpu""",2026-08-29T09:41:09.758Z,178799646975800
"""Henry @ FQN9hzhzP_"" folds",2026-08-29T09:41:08.924Z,178799646892400
"""gurt @ gpP9uUffpu"" raises to 200",2026-08-29T09:41:06.109Z,178799646610900
"""Henry @ FQN9hzhzP_"" calls 50",2026-08-29T09:41:03.570Z,178799646357000
"""gurt @ gpP9uUffpu"" posts a big blind of 50",2026-08-29T09:41:02.058Z,178799646205805
"""Henry @ FQN9hzhzP_"" posts a small blind of 25",2026-08-29T09:41:02.058Z,178799646205804
"Player stacks: #1 ""Henry @ FQN9hzhzP_"" (8708) | #2 ""gurt @ gpP9uUffpu"" (2219)",2026-08-29T09:41:02.058Z,178799646205801
"-- starting hand #361 (id: 5fb1u0smgsji)  No Limit Texas Hold'em (dealer: ""Henry @ FQN9hzhzP_"") --",2026-08-29T09:41:02.058Z,178799646205800
"Undealt cards: 4♥, K♥, 3♦ [2♣, 7♦]",2026-08-29T09:40:56.300Z,178799645630000
"-- ending hand #360 --",2026-08-29T09:40:56.119Z,178799645611901
"""gurt @ gpP9uUffpu"" collected 300 from pot",2026-08-29T09:40:56.119Z,178799645611900
"""Henry @ FQN9hzhzP_"" folds",2026-08-29T09:40:55.239Z,178799645523900
"Flop:  [4♥, K♥, 3♦]",2026-08-29T09:40:46.515Z,178799644651500
"""Henry @ FQN9hzhzP_"" calls 150",2026-08-29T09:40:45.683Z,178799644568300
"""gurt @ gpP9uUffpu"" raises to 150",2026-08-29T09:40:38.300Z,178799643830000
"""Henry @ FQN9hzhzP_"" posts a big blind of 50",2026-08-29T09:40:37.121Z,178799643712105
"""gurt @ gpP9uUffpu"" posts a small blind of 25",2026-08-29T09:40:37.121Z,178799643712104
"Player stacks: #1 ""Henry @ FQN9hzhzP_"" (8858) | #2 ""gurt @ gpP9uUffpu"" (2069)",2026-08-29T09:40:37.121Z,178799643712101
"-- starting hand #360 (id: aevz7qerwpcw)  No Limit Texas Hold'em (dealer: ""gurt @ gpP9uUffpu"") --",2026-08-29T09:40:37.121Z,178799643712100
"-- ending hand #359 --",2026-08-29T09:40:31.081Z,178799643108103
"""Henry @ FQN9hzhzP_"" collected 1034 from pot with Two Pair, 10's & 7's (combination: A♦, 7♦, 7♠, 10♥, 10♦)",2026-08-29T09:40:31.081Z,178799643108102
"""Henry @ FQN9hzhzP_"" shows a 10♥, 10♦.",2026-08-29T09:40:31.081Z,178799643108101
"""gurt @ gpP9uUffpu"" shows a 5♠, 8♠.",2026-08-29T09:40:31.081Z,178799643108100
"""Henry @ FQN9hzhzP_"" calls 150",2026-08-29T09:40:30.207Z,178799643020700
"""gurt @ gpP9uUffpu"" bets 150",2026-08-29T09:40:29.219Z,178799642921900
"River: 5♦, 8♣, 7♦, 7♠ [A♦]",2026-08-29T09:40:26.311Z,178799642631100
"""Henry @ FQN9hzhzP_"" checks",2026-08-29T09:40:25.495Z,178799642549500
"""gurt @ gpP9uUffpu"" checks",2026-08-29T09:40:24.004Z,178799642400400
"Turn: 5♦, 8♣, 7♦ [7♠]",2026-08-29T09:40:22.674Z,178799642267400
"""gurt @ gpP9uUffpu"" calls 167",2026-08-29T09:40:21.843Z,178799642184300
"""Henry @ FQN9hzhzP_"" bets 167",2026-08-29T09:40:18.383Z,178799641838300
"""gurt @ gpP9uUffpu"" checks",2026-08-29T09:40:15.971Z,178799641597100
"Flop:  [5♦, 8♣, 7♦]",2026-08-29T09:40:13.173Z,178799641317300
"""gurt @ gpP9uUffpu"" calls 200",2026-08-29T09:40:12.360Z,178799641236000
"""Henry @ FQN9hzhzP_"" raises to 200",2026-08-29T09:40:11.415Z,178799641141500
"""gurt @ gpP9uUffpu"" posts a big blind of 50",2026-08-29T09:40:04.486Z,178799640448605
"""Henry @ FQN9hzhzP_"" posts a small blind of 25",2026-08-29T09:40:04.486Z,178799640448604
"Your hand is 5♠, 8♠",2026-08-29T09:40:04.486Z,178799640448603
"Player stacks: #1 ""Henry @ FQN9hzhzP_"" (8341) | #2 ""gurt @ gpP9uUffpu"" (2586)",2026-08-29T09:40:04.486Z,178799640448601
"-- starting hand #359 (id: egnqrr7lcwh3)  No Limit Texas Hold'em (dealer: ""Henry @ FQN9hzhzP_"") --",2026-08-29T09:40:04.486Z,178799640448600
"""Henry @ FQN9hzhzP_"" shows a 3♦, 3♥.",2026-08-29T09:39:59.351Z,178799639935100
"-- ending hand #358 --",2026-08-29T09:39:57.978Z,178799639797802
"""gurt @ gpP9uUffpu"" collected 200 from pot with Pair, 5's (combination: 10♣, J♣, Q♠, 5♣, 5♠)",2026-08-29T09:39:57.978Z,178799639797801
"""gurt @ gpP9uUffpu"" shows a 5♣, 10♣.",2026-08-29T09:39:57.978Z,178799639797800
"""Henry @ FQN9hzhzP_"" calls 50",2026-08-29T09:39:57.152Z,178799639715200
"""gurt @ gpP9uUffpu"" bets 50",2026-08-29T09:39:56.078Z,178799639607800
"""Henry @ FQN9hzhzP_"" checks",2026-08-29T09:39:52.681Z,178799639268100
"River: 9♥, J♣, 6♦, 5♠ [Q♠]",2026-08-29T09:39:51.087Z,178799639108700
"""gurt @ gpP9uUffpu"" checks",2026-08-29T09:39:50.260Z,178799639026000
"""Henry @ FQN9hzhzP_"" checks",2026-08-29T09:39:49.304Z,178799638930400
"Turn: 9♥, J♣, 6♦ [5♠]",2026-08-29T09:39:47.886Z,178799638788600
"""gurt @ gpP9uUffpu"" checks",2026-08-29T09:39:47.049Z,178799638704900
"""Henry @ FQN9hzhzP_"" checks",2026-08-29T09:39:46.086Z,178799638608600
"Flop:  [9♥, J♣, 6♦]",2026-08-29T09:39:44.027Z,178799638402700
"""Henry @ FQN9hzhzP_"" checks",2026-08-29T09:39:43.212Z,178799638321200
"""gurt @ gpP9uUffpu"" calls 50",2026-08-29T09:39:39.647Z,178799637964700
"""Henry @ FQN9hzhzP_"" posts a big blind of 50",2026-08-29T09:39:38.679Z,178799637867905
"""gurt @ gpP9uUffpu"" posts a small blind of 25",2026-08-29T09:39:38.679Z,178799637867904
"Your hand is 5♣, 10♣",2026-08-29T09:39:38.679Z,178799637867903
"Player stacks: #1 ""Henry @ FQN9hzhzP_"" (8441) | #2 ""gurt @ gpP9uUffpu"" (2486)",2026-08-29T09:39:38.679Z,178799637867901
"-- starting hand #358 (id: bmaypa9x9lyj)  No Limit Texas Hold'em (dealer: ""gurt @ gpP9uUffpu"") --",2026-08-29T09:39:38.679Z,178799637867900
"Undealt cards:  [A♣, 10♠, 3♦, 3♥, 5♣]",2026-08-29T09:39:33.786Z,178799637378600
"-- ending hand #357 --",2026-08-29T09:39:32.751Z,178799637275102
"""gurt @ gpP9uUffpu"" collected 100 from pot",2026-08-29T09:39:32.751Z,178799637275101
"Uncalled bet of 100 returned to ""gurt @ gpP9uUffpu""",2026-08-29T09:39:32.751Z,178799637275100
"""Henry @ FQN9hzhzP_"" folds",2026-08-29T09:39:31.914Z,178799637191400
"""gurt @ gpP9uUffpu"" raises to 150",2026-08-29T09:39:30.744Z,178799637074400
"""Henry @ FQN9hzhzP_"" calls 50",2026-08-29T09:39:28.366Z,178799636836600
"""gurt @ gpP9uUffpu"" posts a big blind of 50",2026-08-29T09:39:22.131Z,178799636213105
"""Henry @ FQN9hzhzP_"" posts a small blind of 25",2026-08-29T09:39:22.131Z,178799636213104
"Player stacks: #1 ""Henry @ FQN9hzhzP_"" (8491) | #2 ""gurt @ gpP9uUffpu"" (2436)",2026-08-29T09:39:22.131Z,178799636213101
"-- starting hand #357 (id: jxxrsqbpbm2v)  No Limit Texas Hold'em (dealer: ""Henry @ FQN9hzhzP_"") --",2026-08-29T09:39:22.131Z,178799636213100
"""Henry @ FQN9hzhzP_"" shows a A♣, Q♥.",2026-08-29T09:39:16.587Z,178799635658700
"Undealt cards: 2♦, 6♣, 6♥, A♥ [J♦]",2026-08-29T09:39:15.819Z,178799635581900
"-- ending hand #356 --",2026-08-29T09:39:15.526Z,178799635552602
"""Henry @ FQN9hzhzP_"" collected 334 from pot",2026-08-29T09:39:15.526Z,178799635552601
"Uncalled bet of 167 returned to ""Henry @ FQN9hzhzP_""",2026-08-29T09:39:15.526Z,178799635552600
"""gurt @ gpP9uUffpu"" folds",2026-08-29T09:39:14.697Z,178799635469700
"""Henry @ FQN9hzhzP_"" bets 167",2026-08-29T09:39:13.744Z,178799635374400
"Turn: 2♦, 6♣, 6♥ [A♥]",2026-08-29T09:39:10.861Z,178799635086100
"""gurt @ gpP9uUffpu"" checks",2026-08-29T09:39:10.016Z,178799635001600
"""Henry @ FQN9hzhzP_"" checks",2026-08-29T09:39:09.065Z,178799634906500
"Flop:  [2♦, 6♣, 6♥]",2026-08-29T09:39:04.257Z,178799634425700
"""gurt @ gpP9uUffpu"" calls 167",2026-08-29T09:39:03.454Z,178799634345400
"""Henry @ FQN9hzhzP_"" raises to 167",2026-08-29T09:39:02.437Z,178799634243700
"""gurt @ gpP9uUffpu"" calls 50",2026-08-29T09:38:59.153Z,178799633915300
"""Henry @ FQN9hzhzP_"" posts a big blind of 50",2026-08-29T09:38:58.159Z,178799633815905
"""gurt @ gpP9uUffpu"" posts a small blind of 25",2026-08-29T09:38:58.159Z,178799633815904
"Player stacks: #1 ""Henry @ FQN9hzhzP_"" (8324) | #2 ""gurt @ gpP9uUffpu"" (2603)",2026-08-29T09:38:58.159Z,178799633815901
"-- starting hand #356 (id: ncoiosfudpsl)  No Limit Texas Hold'em (dealer: ""gurt @ gpP9uUffpu"") --",2026-08-29T09:38:58.159Z,178799633815900
"""Henry @ FQN9hzhzP_"" shows a Q♠.",2026-08-29T09:38:57.522Z,178799633752200
"""Henry @ FQN9hzhzP_"" shows a 4♣.",2026-08-29T09:38:53.146Z,178799633314600
"Undealt cards: 4♦, 6♦, 2♠ [9♦, 6♥]",2026-08-29T09:38:51.737Z,178799633173700
"-- ending hand #355 --",2026-08-29T09:38:51.551Z,178799633155102
"""Henry @ FQN9hzhzP_"" collected 100 from pot",2026-08-29T09:38:51.551Z,178799633155101
"Uncalled bet of 67 returned to ""Henry @ FQN9hzhzP_""",2026-08-29T09:38:51.551Z,178799633155100
"""gurt @ gpP9uUffpu"" folds",2026-08-29T09:38:50.705Z,178799633070500
"""Henry @ FQN9hzhzP_"" bets 67",2026-08-29T09:38:49.769Z,178799632976900
"""gurt @ gpP9uUffpu"" checks",2026-08-29T09:38:44.758Z,178799632475800
"Flop:  [4♦, 6♦, 2♠]",2026-08-29T09:38:43.811Z,178799632381100
"""gurt @ gpP9uUffpu"" checks",2026-08-29T09:38:42.979Z,178799632297900
"""Henry @ FQN9hzhzP_"" calls 50",2026-08-29T09:38:42.072Z,178799632207200
"""gurt @ gpP9uUffpu"" posts a big blind of 50",2026-08-29T09:38:14.891Z,178799629489105
"""Henry @ FQN9hzhzP_"" posts a small blind of 25",2026-08-29T09:38:14.891Z,178799629489104
"Player stacks: #1 ""Henry @ FQN9hzhzP_"" (8274) | #2 ""gurt @ gpP9uUffpu"" (2653)",2026-08-29T09:38:14.891Z,178799629489101
"-- starting hand #355 (id: uj42znrvywdm)  No Limit Texas Hold'em (dealer: ""Henry @ FQN9hzhzP_"") --",2026-08-29T09:38:14.891Z,178799629489100
"""gurt @ gpP9uUffpu"" shows a Q♦.",2026-08-29T09:38:12.657Z,178799629265700
"""gurt @ gpP9uUffpu"" shows a 7♠.",2026-08-29T09:38:12.311Z,178799629231100
"""Henry @ FQN9hzhzP_"" shows a 9♥, 10♣.",2026-08-29T09:38:09.712Z,178799628971200
"Undealt cards: J♦, 8♠, 2♣ [4♠, 3♣]",2026-08-29T09:38:07.874Z,178799628787400
"-- ending hand #354 --",2026-08-29T09:38:07.581Z,178799628758102
"""Henry @ FQN9hzhzP_"" collected 200 from pot",2026-08-29T09:38:07.581Z,178799628758101
"Uncalled bet of 167 returned to ""Henry @ FQN9hzhzP_""",2026-08-29T09:38:07.581Z,178799628758100
"""gurt @ gpP9uUffpu"" folds",2026-08-29T09:38:06.760Z,178799628676000
"""Henry @ FQN9hzhzP_"" bets 167",2026-08-29T09:38:05.851Z,178799628585100
"Flop:  [J♦, 8♠, 2♣]",2026-08-29T09:38:00.642Z,178799628064200
"""Henry @ FQN9hzhzP_"" calls 100",2026-08-29T09:37:59.836Z,178799627983600
"""gurt @ gpP9uUffpu"" raises to 100",2026-08-29T09:37:57.632Z,178799627763200
"""Henry @ FQN9hzhzP_"" posts a big blind of 50",2026-08-29T09:37:56.458Z,178799627645805
"""gurt @ gpP9uUffpu"" posts a small blind of 25",2026-08-29T09:37:56.458Z,178799627645804
"Player stacks: #1 ""Henry @ FQN9hzhzP_"" (8174) | #2 ""gurt @ gpP9uUffpu"" (2753)",2026-08-29T09:37:56.458Z,178799627645801
"-- starting hand #354 (id: zieokifmx47q)  No Limit Texas Hold'em (dealer: ""gurt @ gpP9uUffpu"") --",2026-08-29T09:37:56.458Z,178799627645800
"-- ending hand #353 --",2026-08-29T09:37:50.435Z,178799627043503
"""Henry @ FQN9hzhzP_"" collected 2504 from pot with Pair, J's (combination: 9♣, 10♠, K♣, J♠, J♦)",2026-08-29T09:37:50.435Z,178799627043502
"""Henry @ FQN9hzhzP_"" shows a 10♠, J♠.",2026-08-29T09:37:50.435Z,178799627043501
"""gurt @ gpP9uUffpu"" shows a 6♦, 8♦.",2026-08-29T09:37:50.435Z,178799627043500
"""Henry @ FQN9hzhzP_"" calls 751",2026-08-29T09:37:49.600Z,178799626960000
"""gurt @ gpP9uUffpu"" bets 751",2026-08-29T09:37:48.083Z,178799626808300
"River: 4♠, J♦, 5♣, 9♣ [K♣]",2026-08-29T09:37:45.372Z,178799626537200
"""gurt @ gpP9uUffpu"" calls 167",2026-08-29T09:37:44.515Z,178799626451500
"""Henry @ FQN9hzhzP_"" bets 167",2026-08-29T09:37:43.275Z,178799626327500
"""gurt @ gpP9uUffpu"" checks",2026-08-29T09:37:41.010Z,178799626101000
"Turn: 4♠, J♦, 5♣ [9♣]",2026-08-29T09:37:40.157Z,178799626015700
"""gurt @ gpP9uUffpu"" calls 167",2026-08-29T09:37:39.251Z,178799625925100
"""Henry @ FQN9hzhzP_"" bets 167",2026-08-29T09:37:38.343Z,178799625834300
"""gurt @ gpP9uUffpu"" checks",2026-08-29T09:37:36.174Z,178799625617400
"Flop:  [4♠, J♦, 5♣]",2026-08-29T09:37:34.947Z,178799625494700
"""gurt @ gpP9uUffpu"" calls 167",2026-08-29T09:37:34.104Z,178799625410400
"""Henry @ FQN9hzhzP_"" raises to 167",2026-08-29T09:37:33.156Z,178799625315600
"""gurt @ gpP9uUffpu"" posts a big blind of 50",2026-08-29T09:37:30.749Z,178799625074905
"""Henry @ FQN9hzhzP_"" posts a small blind of 25",2026-08-29T09:37:30.749Z,178799625074904
"Your hand is 6♦, 8♦",2026-08-29T09:37:30.749Z,178799625074903
"Player stacks: #1 ""Henry @ FQN9hzhzP_"" (6922) | #2 ""gurt @ gpP9uUffpu"" (4005)",2026-08-29T09:37:30.749Z,178799625074901
"-- starting hand #353 (id: uqujhdgofogr)  No Limit Texas Hold'em (dealer: ""Henry @ FQN9hzhzP_"") --",2026-08-29T09:37:30.749Z,178799625074900
"""gurt @ gpP9uUffpu"" shows a 10♥, 6♠.",2026-08-29T09:37:28.490Z,178799624849000
"""Henry @ FQN9hzhzP_"" shows a J♣.",2026-08-29T09:37:25.731Z,178799624573100
"Undealt cards:  [J♠, 2♥, 7♣, 8♦, 7♠]",2026-08-29T09:37:23.775Z,178799624377500
"-- ending hand #352 --",2026-08-29T09:37:23.399Z,178799624339901
"""gurt @ gpP9uUffpu"" collected 100 from pot",2026-08-29T09:37:23.399Z,178799624339900
"""Henry @ FQN9hzhzP_"" folds",2026-08-29T09:37:22.595Z,178799624259500
"""gurt @ gpP9uUffpu"" calls 50",2026-08-29T09:37:21.645Z,178799624164500
"""Henry @ FQN9hzhzP_"" posts a big blind of 50",2026-08-29T09:37:20.208Z,178799624020805
"""gurt @ gpP9uUffpu"" posts a small blind of 25",2026-08-29T09:37:20.208Z,178799624020804
"Your hand is 10♥, 6♠",2026-08-29T09:37:20.208Z,178799624020803
"Player stacks: #1 ""Henry @ FQN9hzhzP_"" (6972) | #2 ""gurt @ gpP9uUffpu"" (3955)",2026-08-29T09:37:20.208Z,178799624020801
"-- starting hand #352 (id: nyvjg2qyr4gg)  No Limit Texas Hold'em (dealer: ""gurt @ gpP9uUffpu"") --",2026-08-29T09:37:20.208Z,178799624020800
"""Henry @ FQN9hzhzP_"" shows a 5♣.",2026-08-29T09:37:17.811Z,178799623781100
"-- ending hand #351 --",2026-08-29T09:37:16.596Z,178799623659602
"""gurt @ gpP9uUffpu"" collected 1000 from pot",2026-08-29T09:37:16.596Z,178799623659601
"Uncalled bet of 1000 returned to ""gurt @ gpP9uUffpu""",2026-08-29T09:37:16.596Z,178799623659600
"""Henry @ FQN9hzhzP_"" folds",2026-08-29T09:37:15.752Z,178799623575200
"""gurt @ gpP9uUffpu"" bets 1000",2026-08-29T09:37:14.677Z,178799623467700
"River: 6♥, 8♦, 7♠, J♠ [7♣]",2026-08-29T09:37:12.291Z,178799623229100
"""Henry @ FQN9hzhzP_"" calls 250",2026-08-29T09:37:11.410Z,178799623141000
"""gurt @ gpP9uUffpu"" bets 250",2026-08-29T09:37:09.536Z,178799622953600
"Turn: 6♥, 8♦, 7♠ [J♠]",2026-08-29T09:37:07.587Z,178799622758700
"""Henry @ FQN9hzhzP_"" calls 100",2026-08-29T09:37:06.699Z,178799622669900
"""gurt @ gpP9uUffpu"" bets 100",2026-08-29T09:37:05.558Z,178799622555800
"Flop:  [6♥, 8♦, 7♠]",2026-08-29T09:37:02.786Z,178799622278600
"""Henry @ FQN9hzhzP_"" calls 150",2026-08-29T09:37:01.926Z,178799622192600
"""gurt @ gpP9uUffpu"" raises to 150",2026-08-29T09:37:00.139Z,178799622013900
"""Henry @ FQN9hzhzP_"" calls 50",2026-08-29T09:36:57.333Z,178799621733300
"""gurt @ gpP9uUffpu"" posts a big blind of 50",2026-08-29T09:36:55.390Z,178799621539005
"""Henry @ FQN9hzhzP_"" posts a small blind of 25",2026-08-29T09:36:55.390Z,178799621539004
"Player stacks: #1 ""Henry @ FQN9hzhzP_"" (7472) | #2 ""gurt @ gpP9uUffpu"" (3455)",2026-08-29T09:36:55.390Z,178799621539001
"-- starting hand #351 (id: yglfehvowkdi)  No Limit Texas Hold'em (dealer: ""Henry @ FQN9hzhzP_"") --",2026-08-29T09:36:55.390Z,178799621539000
"Undealt cards:  [4♣, 8♥, Q♥, A♦, 7♥]",2026-08-29T09:36:49.189Z,178799620918900
"""Henry @ FQN9hzhzP_"" shows a Q♠, Q♣.",2026-08-29T09:36:48.464Z,178799620846400
"""gurt @ gpP9uUffpu"" shows a 7♣, 5♠.",2026-08-29T09:36:48.376Z,178799620837600
"-- ending hand #350 --",2026-08-29T09:36:47.988Z,178799620798802
"""Henry @ FQN9hzhzP_"" collected 300 from pot",2026-08-29T09:36:47.988Z,178799620798801
"Uncalled bet of 850 returned to ""Henry @ FQN9hzhzP_""",2026-08-29T09:36:47.988Z,178799620798800
"""gurt @ gpP9uUffpu"" folds",2026-08-29T09:36:47.156Z,178799620715600
"""Henry @ FQN9hzhzP_"" raises to 1000",2026-08-29T09:36:45.615Z,178799620561500
"""gurt @ gpP9uUffpu"" raises to 150",2026-08-29T09:36:43.091Z,178799620309100
"""Henry @ FQN9hzhzP_"" posts a big blind of 50",2026-08-29T09:36:41.987Z,178799620198705
"""gurt @ gpP9uUffpu"" posts a small blind of 25",2026-08-29T09:36:41.987Z,178799620198704
"Your hand is 7♣, 5♠",2026-08-29T09:36:41.987Z,178799620198703
"Player stacks: #1 ""Henry @ FQN9hzhzP_"" (7322) | #2 ""gurt @ gpP9uUffpu"" (3605)",2026-08-29T09:36:41.987Z,178799620198701
"-- starting hand #350 (id: 7zgoz1idigd9)  No Limit Texas Hold'em (dealer: ""gurt @ gpP9uUffpu"") --",2026-08-29T09:36:41.987Z,178799620198700
"""gurt @ gpP9uUffpu"" shows a K♠.",2026-08-29T09:36:38.199Z,178799619819900
"-- ending hand #349 --",2026-08-29T09:36:35.443Z,178799619544302
"""Henry @ FQN9hzhzP_"" collected 5408 from pot with Flush, K High (combination: 2♣, 6♣, 9♣, Q♣, K♣)",2026-08-29T09:36:35.443Z,178799619544301
"""Henry @ FQN9hzhzP_"" shows a 9♣, Q♣.",2026-08-29T09:36:35.443Z,178799619544300
"""gurt @ gpP9uUffpu"" calls 1953",2026-08-29T09:36:34.590Z,178799619459000
"""Henry @ FQN9hzhzP_"" raises to 1953",2026-08-29T09:36:21.864Z,178799618186400
"""gurt @ gpP9uUffpu"" bets 601",2026-08-29T09:36:16.578Z,178799617657800
"River: 5♥, Q♥, 6♣, K♣ [2♣]",2026-08-29T09:36:12.613Z,178799617261300
"""Henry @ FQN9hzhzP_"" checks",2026-08-29T09:36:11.706Z,178799617170600
"""gurt @ gpP9uUffpu"" checks",2026-08-29T09:36:10.231Z,178799617023100
"Turn: 5♥, Q♥, 6♣ [K♣]",2026-08-29T09:36:09.302Z,178799616930200
"""gurt @ gpP9uUffpu"" calls 467",2026-08-29T09:36:08.477Z,178799616847700
"""Henry @ FQN9hzhzP_"" raises to 467",2026-08-29T09:36:06.985Z,178799616698500
"""gurt @ gpP9uUffpu"" bets 150",2026-08-29T09:36:04.695Z,178799616469500
"Flop:  [5♥, Q♥, 6♣]",2026-08-29T09:36:02.305Z,178799616230500
"""Henry @ FQN9hzhzP_"" calls 284",2026-08-29T09:36:01.458Z,178799616145800
"""gurt @ gpP9uUffpu"" raises to 284",2026-08-29T09:36:00.432Z,178799616043200
"""Henry @ FQN9hzhzP_"" raises to 167",2026-08-29T09:35:58.305Z,178799615830500
"""gurt @ gpP9uUffpu"" posts a big blind of 50",2026-08-29T09:35:55.890Z,178799615589005
"""Henry @ FQN9hzhzP_"" posts a small blind of 25",2026-08-29T09:35:55.890Z,178799615589004
"Player stacks: #1 ""Henry @ FQN9hzhzP_"" (4618) | #2 ""gurt @ gpP9uUffpu"" (6309)",2026-08-29T09:35:55.890Z,178799615589001
"-- starting hand #349 (id: 47qfgnh7otjr)  No Limit Texas Hold'em (dealer: ""Henry @ FQN9hzhzP_"") --",2026-08-29T09:35:55.890Z,178799615589000
"Undealt cards: 4♥, 2♦, 10♦, 9♠ [7♥]",2026-08-29T09:35:50.048Z,178799615004800
"-- ending hand #348 --",2026-08-29T09:35:49.889Z,178799614988902
"""Henry @ FQN9hzhzP_"" collected 300 from pot",2026-08-29T09:35:49.889Z,178799614988901
"Uncalled bet of 167 returned to ""Henry @ FQN9hzhzP_""",2026-08-29T09:35:49.889Z,178799614988900
"""gurt @ gpP9uUffpu"" folds",2026-08-29T09:35:49.003Z,178799614900300
"""Henry @ FQN9hzhzP_"" bets 167",2026-08-29T09:35:47.341Z,178799614734100
"Turn: 4♥, 2♦, 10♦ [9♠]",2026-08-29T09:35:42.888Z,178799614288800
"""gurt @ gpP9uUffpu"" calls 100",2026-08-29T09:35:42.039Z,178799614203900
"""Henry @ FQN9hzhzP_"" bets 100",2026-08-29T09:35:40.264Z,178799614026400
"Flop:  [4♥, 2♦, 10♦]",2026-08-29T09:35:36.483Z,178799613648300
"""Henry @ FQN9hzhzP_"" checks",2026-08-29T09:35:35.623Z,178799613562300
"""gurt @ gpP9uUffpu"" calls 50",2026-08-29T09:35:33.543Z,178799613354300
"""Henry @ FQN9hzhzP_"" posts a big blind of 50",2026-08-29T09:35:32.684Z,178799613268405
"""gurt @ gpP9uUffpu"" posts a small blind of 25",2026-08-29T09:35:32.684Z,178799613268404
"Player stacks: #1 ""Henry @ FQN9hzhzP_"" (4468) | #2 ""gurt @ gpP9uUffpu"" (6459)",2026-08-29T09:35:32.684Z,178799613268401
"-- starting hand #348 (id: fdmlfgqjykvr)  No Limit Texas Hold'em (dealer: ""gurt @ gpP9uUffpu"") --",2026-08-29T09:35:32.684Z,178799613268400
"Undealt cards:  [4♠, 5♠, A♦, 10♣, J♦]",2026-08-29T09:35:27.458Z,178799612745800
"-- ending hand #347 --",2026-08-29T09:35:26.677Z,178799612667702
"""gurt @ gpP9uUffpu"" collected 50 from pot",2026-08-29T09:35:26.677Z,178799612667701
"Uncalled bet of 25 returned to ""gurt @ gpP9uUffpu""",2026-08-29T09:35:26.677Z,178799612667700
"""Henry @ FQN9hzhzP_"" folds",2026-08-29T09:35:25.741Z,178799612574100
"""gurt @ gpP9uUffpu"" posts a big blind of 50",2026-08-29T09:35:14.872Z,178799611487208
"""Henry @ FQN9hzhzP_"" posts a small blind of 25",2026-08-29T09:35:14.872Z,178799611487207
"Player stacks: #1 ""Henry @ FQN9hzhzP_"" (4493) | #2 ""gurt @ gpP9uUffpu"" (6434)",2026-08-29T09:35:14.872Z,178799611487204
"-- starting hand #347 (id: p4id6m3ntmv9)  No Limit Texas Hold'em (dealer: ""Henry @ FQN9hzhzP_"") --",2026-08-29T09:35:14.872Z,178799611487203
"The game's big blind was changed from 10 to 50.",2026-08-29T09:35:14.872Z,178799611487202
"The game's small blind was changed from 5 to 25.",2026-08-29T09:35:14.872Z,178799611487201
"Game Config Changes
* Blind Schedule: L1: 5/10 » L1: 25/50
* Restart Blind Schedule at Level: none » 1",2026-08-29T09:35:14.872Z,178799611487200
"""Henry @ FQN9hzhzP_"" shows a 4♥.",2026-08-29T09:35:10.537Z,178799611053700
"Undealt cards:  [9♥, Q♠, 5♥, 7♦, 10♥]",2026-08-29T09:35:08.500Z,178799610850000
"-- ending hand #346 --",2026-08-29T09:35:08.259Z,178799610825901
"""gurt @ gpP9uUffpu"" collected 20 from pot",2026-08-29T09:35:08.259Z,178799610825900
"""Henry @ FQN9hzhzP_"" folds",2026-08-29T09:35:07.355Z,178799610735500
"""gurt @ gpP9uUffpu"" calls 10",2026-08-29T09:35:06.377Z,178799610637700
"""Henry @ FQN9hzhzP_"" posts a big blind of 10",2026-08-29T09:35:03.075Z,178799610307505
"""gurt @ gpP9uUffpu"" posts a small blind of 5",2026-08-29T09:35:03.075Z,178799610307504
"Player stacks: #1 ""Henry @ FQN9hzhzP_"" (4503) | #2 ""gurt @ gpP9uUffpu"" (6424)",2026-08-29T09:35:03.075Z,178799610307501
"-- starting hand #346 (id: murkclvypl35)  No Limit Texas Hold'em (dealer: ""gurt @ gpP9uUffpu"") --",2026-08-29T09:35:03.075Z,178799610307500
"""Henry @ FQN9hzhzP_"" shows a 6♦.",2026-08-29T09:34:59.181Z,178799609918100
"Undealt cards:  [8♠, A♠, 6♠, 9♦, 2♠]",2026-08-29T09:34:56.683Z,178799609668300
"-- ending hand #345 --",2026-08-29T09:34:56.387Z,178799609638702
"""gurt @ gpP9uUffpu"" collected 10 from pot",2026-08-29T09:34:56.387Z,178799609638701
"Uncalled bet of 5 returned to ""gurt @ gpP9uUffpu""",2026-08-29T09:34:56.387Z,178799609638700
"""Henry @ FQN9hzhzP_"" folds",2026-08-29T09:34:55.584Z,178799609558400
"""gurt @ gpP9uUffpu"" posts a big blind of 10",2026-08-29T09:34:53.386Z,178799609338605
"""Henry @ FQN9hzhzP_"" posts a small blind of 5",2026-08-29T09:34:53.386Z,178799609338604
"Player stacks: #1 ""Henry @ FQN9hzhzP_"" (4508) | #2 ""gurt @ gpP9uUffpu"" (6419)",2026-08-29T09:34:53.386Z,178799609338601
"-- starting hand #345 (id: wqli2yx9fiwe)  No Limit Texas Hold'em (dealer: ""Henry @ FQN9hzhzP_"") --",2026-08-29T09:34:53.386Z,178799609338600
"""gurt @ gpP9uUffpu"" shows a 4♥.",2026-08-29T09:34:50.384Z,178799609038400
"""Henry @ FQN9hzhzP_"" shows a 3♣, 2♦.",2026-08-29T09:34:46.625Z,178799608662500
"Undealt cards:  [J♥, K♠, 4♠, 6♦, 7♦]",2026-08-29T09:34:46.320Z,178799608632000
"-- ending hand #344 --",2026-08-29T09:34:46.057Z,178799608605702
"""gurt @ gpP9uUffpu"" collected 20 from pot",2026-08-29T09:34:46.057Z,178799608605701
"Uncalled bet of 40 returned to ""gurt @ gpP9uUffpu""",2026-08-29T09:34:46.057Z,178799608605700
"""Henry @ FQN9hzhzP_"" folds",2026-08-29T09:34:45.229Z,178799608522900
"""gurt @ gpP9uUffpu"" raises to 50",2026-08-29T09:34:43.730Z,178799608373000
"""Henry @ FQN9hzhzP_"" posts a big blind of 10",2026-08-29T09:34:42.301Z,178799608230105
"""gurt @ gpP9uUffpu"" posts a small blind of 5",2026-08-29T09:34:42.301Z,178799608230104
"Player stacks: #1 ""Henry @ FQN9hzhzP_"" (4518) | #2 ""gurt @ gpP9uUffpu"" (6409)",2026-08-29T09:34:42.301Z,178799608230101
"-- starting hand #344 (id: lrlfxugtvdnd)  No Limit Texas Hold'em (dealer: ""gurt @ gpP9uUffpu"") --",2026-08-29T09:34:42.301Z,178799608230100
"""Henry @ FQN9hzhzP_"" shows a 6♣.",2026-08-29T09:34:38.885Z,178799607888500
"Undealt cards:  [3♣, 9♥, 7♦, J♠, J♥]",2026-08-29T09:34:36.051Z,178799607605100
"-- ending hand #343 --",2026-08-29T09:34:35.698Z,178799607569802
"""gurt @ gpP9uUffpu"" collected 10 from pot",2026-08-29T09:34:35.698Z,178799607569801
"Uncalled bet of 5 returned to ""gurt @ gpP9uUffpu""",2026-08-29T09:34:35.698Z,178799607569800
"""Henry @ FQN9hzhzP_"" folds",2026-08-29T09:34:34.870Z,178799607487000
"""gurt @ gpP9uUffpu"" posts a big blind of 10",2026-08-29T09:34:31.170Z,178799607117005
"""Henry @ FQN9hzhzP_"" posts a small blind of 5",2026-08-29T09:34:31.170Z,178799607117004
"Player stacks: #1 ""Henry @ FQN9hzhzP_"" (4523) | #2 ""gurt @ gpP9uUffpu"" (6404)",2026-08-29T09:34:31.170Z,178799607117001
"-- starting hand #343 (id: wjhj7ej7kcxl)  No Limit Texas Hold'em (dealer: ""Henry @ FQN9hzhzP_"") --",2026-08-29T09:34:31.170Z,178799607117000
"""Henry @ FQN9hzhzP_"" shows a 2♥, 7♣.",2026-08-29T09:34:25.948Z,178799606594800
"Undealt cards:  [8♥, 10♣, 3♠, 9♦, 10♥]",2026-08-29T09:34:25.541Z,178799606554100
"-- ending hand #342 --",2026-08-29T09:34:24.558Z,178799606455802
"""gurt @ gpP9uUffpu"" collected 20 from pot",2026-08-29T09:34:24.558Z,178799606455801
"Uncalled bet of 40 returned to ""gurt @ gpP9uUffpu""",2026-08-29T09:34:24.558Z,178799606455800
"""Henry @ FQN9hzhzP_"" folds",2026-08-29T09:34:23.756Z,178799606375600
"""gurt @ gpP9uUffpu"" raises to 50",2026-08-29T09:34:18.545Z,178799605854500
"""Henry @ FQN9hzhzP_"" posts a big blind of 10",2026-08-29T09:34:16.755Z,178799605675505
"""gurt @ gpP9uUffpu"" posts a small blind of 5",2026-08-29T09:34:16.755Z,178799605675504
"Player stacks: #1 ""Henry @ FQN9hzhzP_"" (4533) | #2 ""gurt @ gpP9uUffpu"" (6394)",2026-08-29T09:34:16.755Z,178799605675501
"-- starting hand #342 (id: clchc0qbr3ix)  No Limit Texas Hold'em (dealer: ""gurt @ gpP9uUffpu"") --",2026-08-29T09:34:16.755Z,178799605675500
"-- ending hand #341 --",2026-08-29T09:34:13.839Z,178799605383902
"""Henry @ FQN9hzhzP_"" collected 434 from pot",2026-08-29T09:34:13.839Z,178799605383901
"Uncalled bet of 117 returned to ""Henry @ FQN9hzhzP_""",2026-08-29T09:34:13.839Z,178799605383900
"""gurt @ gpP9uUffpu"" folds",2026-08-29T09:34:12.970Z,178799605297000
"""Henry @ FQN9hzhzP_"" raises to 167",2026-08-29T09:34:09.977Z,178799604997700
"""gurt @ gpP9uUffpu"" bets 50",2026-08-29T09:34:07.790Z,178799604779000
"River: 5♠, 9♦, 8♥, Q♦ [10♠]",2026-08-29T09:34:05.640Z,178799604564000
"""Henry @ FQN9hzhzP_"" calls 50",2026-08-29T09:34:04.799Z,178799604479900
"""gurt @ gpP9uUffpu"" bets 50",2026-08-29T09:34:03.867Z,178799604386700
"Turn: 5♠, 9♦, 8♥ [Q♦]",2026-08-29T09:34:02.031Z,178799604203100
"""Henry @ FQN9hzhzP_"" calls 50",2026-08-29T09:34:01.095Z,178799604109500
"""gurt @ gpP9uUffpu"" bets 50",2026-08-29T09:34:00.130Z,178799604013000
"Flop:  [5♠, 9♦, 8♥]",2026-08-29T09:33:56.766Z,178799603676600
"""gurt @ gpP9uUffpu"" calls 67",2026-08-29T09:33:55.894Z,178799603589400
"""Henry @ FQN9hzhzP_"" raises to 67",2026-08-29T09:33:54.984Z,178799603498400
"""gurt @ gpP9uUffpu"" posts a big blind of 10",2026-08-29T09:33:51.468Z,178799603146805
"""Henry @ FQN9hzhzP_"" posts a small blind of 5",2026-08-29T09:33:51.468Z,178799603146804
"Player stacks: #1 ""Henry @ FQN9hzhzP_"" (4316) | #2 ""gurt @ gpP9uUffpu"" (6611)",2026-08-29T09:33:51.468Z,178799603146801
"-- starting hand #341 (id: bhue8gl19wol)  No Limit Texas Hold'em (dealer: ""Henry @ FQN9hzhzP_"") --",2026-08-29T09:33:51.468Z,178799603146800
"""gurt @ gpP9uUffpu"" shows a J♠, Q♥.",2026-08-29T09:33:47.945Z,178799602794500
"""Henry @ FQN9hzhzP_"" shows a 2♣, 7♣.",2026-08-29T09:33:45.237Z,178799602523700
"Undealt cards: 3♣, 4♥, K♣ [A♠, 6♠]",2026-08-29T09:33:44.431Z,178799602443100
"-- ending hand #340 --",2026-08-29T09:33:44.156Z,178799602415602
"""Henry @ FQN9hzhzP_"" collected 200 from pot",2026-08-29T09:33:44.156Z,178799602415601
"Uncalled bet of 167 returned to ""Henry @ FQN9hzhzP_""",2026-08-29T09:33:44.156Z,178799602415600
"""gurt @ gpP9uUffpu"" folds",2026-08-29T09:33:43.353Z,178799602335300
"""Henry @ FQN9hzhzP_"" bets 167",2026-08-29T09:33:42.401Z,178799602240100
"Flop:  [3♣, 4♥, K♣]",2026-08-29T09:33:37.350Z,178799601735000
"""Henry @ FQN9hzhzP_"" calls 100",2026-08-29T09:33:36.459Z,178799601645900
"""gurt @ gpP9uUffpu"" raises to 100",2026-08-29T09:33:35.278Z,178799601527800
"""Henry @ FQN9hzhzP_"" posts a big blind of 10",2026-08-29T09:33:33.459Z,178799601345905
"""gurt @ gpP9uUffpu"" posts a small blind of 5",2026-08-29T09:33:33.459Z,178799601345904
"Your hand is J♠, Q♥",2026-08-29T09:33:33.459Z,178799601345903
"Player stacks: #1 ""Henry @ FQN9hzhzP_"" (4216) | #2 ""gurt @ gpP9uUffpu"" (6711)",2026-08-29T09:33:33.459Z,178799601345901
"-- starting hand #340 (id: tqj8tlmjpdsm)  No Limit Texas Hold'em (dealer: ""gurt @ gpP9uUffpu"") --",2026-08-29T09:33:33.459Z,178799601345900
"""Henry @ FQN9hzhzP_"" shows a 7♦, 5♠.",2026-08-29T09:33:31.317Z,178799601131700
"""gurt @ gpP9uUffpu"" shows a Q♠, Q♦.",2026-08-29T09:33:29.104Z,178799600910400
"Undealt cards:  [6♣, 9♠, 4♦, 5♦, K♦]",2026-08-29T09:33:27.713Z,178799600771300
"-- ending hand #339 --",2026-08-29T09:33:26.142Z,178799600614202
"""gurt @ gpP9uUffpu"" collected 10 from pot",2026-08-29T09:33:26.142Z,178799600614201
"Uncalled bet of 5 returned to ""gurt @ gpP9uUffpu""",2026-08-29T09:33:26.142Z,178799600614200
"""Henry @ FQN9hzhzP_"" folds",2026-08-29T09:33:25.265Z,178799600526500
"""gurt @ gpP9uUffpu"" posts a big blind of 10",2026-08-29T09:33:23.765Z,178799600376505
"""Henry @ FQN9hzhzP_"" posts a small blind of 5",2026-08-29T09:33:23.765Z,178799600376504
"Your hand is Q♠, Q♦",2026-08-29T09:33:23.765Z,178799600376503
"Player stacks: #1 ""Henry @ FQN9hzhzP_"" (4221) | #2 ""gurt @ gpP9uUffpu"" (6706)",2026-08-29T09:33:23.765Z,178799600376501
"-- starting hand #339 (id: f00u8zw90q3u)  No Limit Texas Hold'em (dealer: ""Henry @ FQN9hzhzP_"") --",2026-08-29T09:33:23.765Z,178799600376500
"""Henry @ FQN9hzhzP_"" shows a A♦, K♥.",2026-08-29T09:33:21.183Z,178799600118300
"-- ending hand #338 --",2026-08-29T09:33:20.141Z,178799600014102
"""gurt @ gpP9uUffpu"" collected 1020 from pot",2026-08-29T09:33:20.141Z,178799600014101
"Uncalled bet of 250 returned to ""gurt @ gpP9uUffpu""",2026-08-29T09:33:20.141Z,178799600014100
"""Henry @ FQN9hzhzP_"" folds",2026-08-29T09:33:19.334Z,178799599933400
"""gurt @ gpP9uUffpu"" bets 250",2026-08-29T09:33:17.481Z,178799599748100
"""Henry @ FQN9hzhzP_"" checks",2026-08-29T09:33:14.847Z,178799599484700
"River: 5♥, 10♦, 7♠, J♠ [3♥]",2026-08-29T09:33:01.292Z,178799598129200
"""Henry @ FQN9hzhzP_"" calls 150",2026-08-29T09:33:00.435Z,178799598043500
"""gurt @ gpP9uUffpu"" bets 150",2026-08-29T09:32:59.514Z,178799597951400
"""Henry @ FQN9hzhzP_"" checks",2026-08-29T09:32:56.749Z,178799597674900
"Turn: 5♥, 10♦, 7♠ [J♠]",2026-08-29T09:32:55.080Z,178799597508000
"""gurt @ gpP9uUffpu"" checks",2026-08-29T09:32:54.271Z,178799597427100
"""Henry @ FQN9hzhzP_"" checks",2026-08-29T09:32:53.355Z,178799597335500
"Flop:  [5♥, 10♦, 7♠]",2026-08-29T09:32:46.074Z,178799596607400
"""gurt @ gpP9uUffpu"" calls 360",2026-08-29T09:32:45.246Z,178799596524600
"""Henry @ FQN9hzhzP_"" raises to 360",2026-08-29T09:32:44.121Z,178799596412100
"""gurt @ gpP9uUffpu"" raises to 90",2026-08-29T09:32:40.023Z,178799596002300
"""Henry @ FQN9hzhzP_"" posts a big blind of 10",2026-08-29T09:32:38.158Z,178799595815805
"""gurt @ gpP9uUffpu"" posts a small blind of 5",2026-08-29T09:32:38.158Z,178799595815804
"Player stacks: #1 ""Henry @ FQN9hzhzP_"" (4731) | #2 ""gurt @ gpP9uUffpu"" (6196)",2026-08-29T09:32:38.158Z,178799595815801
"-- starting hand #338 (id: b9hkaiopdwwi)  No Limit Texas Hold'em (dealer: ""gurt @ gpP9uUffpu"") --",2026-08-29T09:32:38.158Z,178799595815800
"""Henry @ FQN9hzhzP_"" shows a 4♦.",2026-08-29T09:32:34.845Z,178799595484500
"""Henry @ FQN9hzhzP_"" shows a 2♥.",2026-08-29T09:32:34.622Z,178799595462200
"Undealt cards:  [3♥, 9♠, 9♦, J♥, 7♣]",2026-08-29T09:32:31.970Z,178799595197000
"-- ending hand #337 --",2026-08-29T09:32:31.555Z,178799595155502
"""gurt @ gpP9uUffpu"" collected 10 from pot",2026-08-29T09:32:31.555Z,178799595155501
"Uncalled bet of 5 returned to ""gurt @ gpP9uUffpu""",2026-08-29T09:32:31.555Z,178799595155500
"""Henry @ FQN9hzhzP_"" folds",2026-08-29T09:32:30.721Z,178799595072100
"""gurt @ gpP9uUffpu"" posts a big blind of 10",2026-08-29T09:32:29.155Z,178799594915505
"""Henry @ FQN9hzhzP_"" posts a small blind of 5",2026-08-29T09:32:29.155Z,178799594915504
"Player stacks: #1 ""Henry @ FQN9hzhzP_"" (4736) | #2 ""gurt @ gpP9uUffpu"" (6191)",2026-08-29T09:32:29.155Z,178799594915501
"-- starting hand #337 (id: grmvepwadrko)  No Limit Texas Hold'em (dealer: ""Henry @ FQN9hzhzP_"") --",2026-08-29T09:32:29.155Z,178799594915500
"-- ending hand #336 --",2026-08-29T09:32:23.078Z,178799594307802
"""Henry @ FQN9hzhzP_"" collected 200 from pot with Two Pair, K's & 4's (combination: 10♦, 4♦, 4♣, K♦, K♠)",2026-08-29T09:32:23.078Z,178799594307801
"""Henry @ FQN9hzhzP_"" shows a 4♦, 10♦.",2026-08-29T09:32:23.078Z,178799594307800
"""gurt @ gpP9uUffpu"" calls 34",2026-08-29T09:32:22.271Z,178799594227100
"""Henry @ FQN9hzhzP_"" bets 34",2026-08-29T09:32:20.700Z,178799594070000
"River: K♦, 4♣, 9♣, K♠ [5♣]",2026-08-29T09:32:17.926Z,178799593792600
"""gurt @ gpP9uUffpu"" calls 46",2026-08-29T09:32:17.114Z,178799593711400
"""Henry @ FQN9hzhzP_"" bets 46",2026-08-29T09:32:15.866Z,178799593586600
"Turn: K♦, 4♣, 9♣ [K♠]",2026-08-29T09:32:12.039Z,178799593203900
"""gurt @ gpP9uUffpu"" checks",2026-08-29T09:32:11.219Z,178799593121900
"""Henry @ FQN9hzhzP_"" checks",2026-08-29T09:32:10.297Z,178799593029700
"Flop:  [K♦, 4♣, 9♣]",2026-08-29T09:32:08.056Z,178799592805600
"""Henry @ FQN9hzhzP_"" calls 20",2026-08-29T09:32:07.218Z,178799592721800
"""gurt @ gpP9uUffpu"" raises to 20",2026-08-29T09:32:06.264Z,178799592626400
"""Henry @ FQN9hzhzP_"" posts a big blind of 10",2026-08-29T09:32:05.118Z,178799592511805
"""gurt @ gpP9uUffpu"" posts a small blind of 5",2026-08-29T09:32:05.118Z,178799592511804
"Player stacks: #1 ""Henry @ FQN9hzhzP_"" (4636) | #2 ""gurt @ gpP9uUffpu"" (6291)",2026-08-29T09:32:05.118Z,178799592511801
"-- starting hand #336 (id: 2jq2g05kvqrp)  No Limit Texas Hold'em (dealer: ""gurt @ gpP9uUffpu"") --",2026-08-29T09:32:05.118Z,178799592511800
"""Henry @ FQN9hzhzP_"" shows a 10♦.",2026-08-29T09:32:02.238Z,178799592223800
"Undealt cards:  [8♣, A♣, K♣, 7♠, 5♠]",2026-08-29T09:31:58.720Z,178799591872000
"-- ending hand #335 --",2026-08-29T09:31:58.482Z,178799591848202
"""Henry @ FQN9hzhzP_"" collected 20 from pot",2026-08-29T09:31:58.482Z,178799591848201
"Uncalled bet of 157 returned to ""Henry @ FQN9hzhzP_""",2026-08-29T09:31:58.482Z,178799591848200
"""gurt @ gpP9uUffpu"" folds",2026-08-29T09:31:57.628Z,178799591762800
"""Henry @ FQN9hzhzP_"" raises to 167",2026-08-29T09:31:55.515Z,178799591551500
"""gurt @ gpP9uUffpu"" posts a big blind of 10",2026-08-29T09:31:52.983Z,178799591298305
"""Henry @ FQN9hzhzP_"" posts a small blind of 5",2026-08-29T09:31:52.983Z,178799591298304
"Player stacks: #1 ""Henry @ FQN9hzhzP_"" (4626) | #2 ""gurt @ gpP9uUffpu"" (6301)",2026-08-29T09:31:52.983Z,178799591298301
"-- starting hand #335 (id: ctm1jygwdogo)  No Limit Texas Hold'em (dealer: ""Henry @ FQN9hzhzP_"") --",2026-08-29T09:31:52.983Z,178799591298300
"""gurt @ gpP9uUffpu"" shows a K♠.",2026-08-29T09:31:49.371Z,178799590937100
"""Henry @ FQN9hzhzP_"" shows a 9♦, K♥.",2026-08-29T09:31:49.030Z,178799590903000
"Undealt cards: 6♠, 3♥, J♠ [7♦, A♣]",2026-08-29T09:31:46.249Z,178799590624900
"-- ending hand #334 --",2026-08-29T09:31:45.668Z,178799590566802
"""gurt @ gpP9uUffpu"" collected 514 from pot",2026-08-29T09:31:45.668Z,178799590566801
"Uncalled bet of 227 returned to ""gurt @ gpP9uUffpu""",2026-08-29T09:31:45.668Z,178799590566800
"""Henry @ FQN9hzhzP_"" folds",2026-08-29T09:31:44.833Z,178799590483300
"""gurt @ gpP9uUffpu"" raises to 394",2026-08-29T09:31:42.610Z,178799590261000
"""Henry @ FQN9hzhzP_"" bets 167",2026-08-29T09:31:28.178Z,178799588817800
"Flop:  [6♠, 3♥, J♠]",2026-08-29T09:31:20.218Z,178799588021800
"""Henry @ FQN9hzhzP_"" calls 90",2026-08-29T09:31:19.410Z,178799587941000
"""gurt @ gpP9uUffpu"" raises to 90",2026-08-29T09:31:17.766Z,178799587776600
"""Henry @ FQN9hzhzP_"" posts a big blind of 10",2026-08-29T09:31:15.545Z,178799587554505
"""gurt @ gpP9uUffpu"" posts a small blind of 5",2026-08-29T09:31:15.545Z,178799587554504
"Player stacks: #1 ""Henry @ FQN9hzhzP_"" (4883) | #2 ""gurt @ gpP9uUffpu"" (6044)",2026-08-29T09:31:15.545Z,178799587554501
"-- starting hand #334 (id: mwd6fbn5yvug)  No Limit Texas Hold'em (dealer: ""gurt @ gpP9uUffpu"") --",2026-08-29T09:31:15.545Z,178799587554500
"""gurt @ gpP9uUffpu"" shows a 5♠, J♦.",2026-08-29T09:31:12.958Z,178799587295800
"""Henry @ FQN9hzhzP_"" shows a 7♦, 6♥.",2026-08-29T09:31:11.361Z,178799587136100
"Undealt cards:  [K♥, 4♦, Q♥, 5♥, J♥]",2026-08-29T09:31:08.412Z,178799586841200
"-- ending hand #333 --",2026-08-29T09:31:08.143Z,178799586814302
"""Henry @ FQN9hzhzP_"" collected 20 from pot",2026-08-29T09:31:08.143Z,178799586814301
"Uncalled bet of 46 returned to ""Henry @ FQN9hzhzP_""",2026-08-29T09:31:08.143Z,178799586814300
"""gurt @ gpP9uUffpu"" folds",2026-08-29T09:31:07.283Z,178799586728300
"""Henry @ FQN9hzhzP_"" raises to 56",2026-08-29T09:31:05.741Z,178799586574100
"""gurt @ gpP9uUffpu"" posts a big blind of 10",2026-08-29T09:31:02.128Z,178799586212805
"""Henry @ FQN9hzhzP_"" posts a small blind of 5",2026-08-29T09:31:02.128Z,178799586212804
"Your hand is 5♠, J♦",2026-08-29T09:31:02.128Z,178799586212803
"Player stacks: #1 ""Henry @ FQN9hzhzP_"" (4873) | #2 ""gurt @ gpP9uUffpu"" (6054)",2026-08-29T09:31:02.128Z,178799586212801
"-- starting hand #333 (id: x69qz704afpu)  No Limit Texas Hold'em (dealer: ""Henry @ FQN9hzhzP_"") --",2026-08-29T09:31:02.128Z,178799586212800
"""Henry @ FQN9hzhzP_"" shows a 4♣, K♠.",2026-08-29T09:30:58.368Z,178799585836800
"Undealt cards: 8♣, 9♠, 10♣, 5♣ [3♦]",2026-08-29T09:30:55.691Z,178799585569100
"-- ending hand #332 --",2026-08-29T09:30:55.481Z,178799585548102
"""gurt @ gpP9uUffpu"" collected 212 from pot",2026-08-29T09:30:55.481Z,178799585548101
"Uncalled bet of 212 returned to ""gurt @ gpP9uUffpu""",2026-08-29T09:30:55.481Z,178799585548100
"""Henry @ FQN9hzhzP_"" folds",2026-08-29T09:30:54.634Z,178799585463400
"""gurt @ gpP9uUffpu"" bets 212",2026-08-29T09:30:53.384Z,178799585338400
"""Henry @ FQN9hzhzP_"" checks",2026-08-29T09:30:51.646Z,178799585164600
"Turn: 8♣, 9♠, 10♣ [5♣]",2026-08-29T09:30:49.475Z,178799584947500
"""gurt @ gpP9uUffpu"" calls 56",2026-08-29T09:30:48.658Z,178799584865800
"""Henry @ FQN9hzhzP_"" bets 56",2026-08-29T09:30:47.686Z,178799584768600
"Flop:  [8♣, 9♠, 10♣]",2026-08-29T09:30:42.761Z,178799584276100
"""Henry @ FQN9hzhzP_"" calls 50",2026-08-29T09:30:41.896Z,178799584189600
"""gurt @ gpP9uUffpu"" raises to 50",2026-08-29T09:30:38.638Z,178799583863800
"""Henry @ FQN9hzhzP_"" posts a big blind of 10",2026-08-29T09:30:34.953Z,178799583495305
"""gurt @ gpP9uUffpu"" posts a small blind of 5",2026-08-29T09:30:34.953Z,178799583495304
"Player stacks: #1 ""Henry @ FQN9hzhzP_"" (4979) | #2 ""gurt @ gpP9uUffpu"" (5948)",2026-08-29T09:30:34.953Z,178799583495301
"-- starting hand #332 (id: augjefwfxlq8)  No Limit Texas Hold'em (dealer: ""gurt @ gpP9uUffpu"") --",2026-08-29T09:30:34.953Z,178799583495300
"""Henry @ FQN9hzhzP_"" shows a 8♦, K♦.",2026-08-29T09:30:30.674Z,178799583067400
"-- ending hand #331 --",2026-08-29T09:30:28.438Z,178799582843802
"""gurt @ gpP9uUffpu"" collected 1014 from pot with Straight, 8 High (combination: 4♠, 5♣, 6♦, 7♥, 8♣)",2026-08-29T09:30:28.438Z,178799582843801
"""gurt @ gpP9uUffpu"" shows a 5♣, 4♦.",2026-08-29T09:30:28.438Z,178799582843800
"""Henry @ FQN9hzhzP_"" calls 338",2026-08-29T09:30:27.556Z,178799582755600
"""gurt @ gpP9uUffpu"" bets 338",2026-08-29T09:30:26.469Z,178799582646900
"River: 6♦, 4♠, 2♦, 7♥ [8♣]",2026-08-29T09:30:23.457Z,178799582345700
"""gurt @ gpP9uUffpu"" calls 67",2026-08-29T09:30:22.636Z,178799582263600
"""Henry @ FQN9hzhzP_"" bets 67",2026-08-29T09:30:21.732Z,178799582173200
"""gurt @ gpP9uUffpu"" checks",2026-08-29T09:30:18.071Z,178799581807100
"Turn: 6♦, 4♠, 2♦ [7♥]",2026-08-29T09:30:17.344Z,178799581734400
"""gurt @ gpP9uUffpu"" calls 35",2026-08-29T09:30:16.499Z,178799581649900
"""Henry @ FQN9hzhzP_"" bets 35",2026-08-29T09:30:15.597Z,178799581559700
"""gurt @ gpP9uUffpu"" checks",2026-08-29T09:30:12.807Z,178799581280700
"Flop:  [6♦, 4♠, 2♦]",2026-08-29T09:30:11.339Z,178799581133900
"""gurt @ gpP9uUffpu"" calls 67",2026-08-29T09:30:10.435Z,178799581043500
"""Henry @ FQN9hzhzP_"" raises to 67",2026-08-29T09:30:09.493Z,178799580949300
"""gurt @ gpP9uUffpu"" posts a big blind of 10",2026-08-29T09:30:04.999Z,178799580499905
"""Henry @ FQN9hzhzP_"" posts a small blind of 5",2026-08-29T09:30:04.999Z,178799580499904
"Your hand is 5♣, 4♦",2026-08-29T09:30:04.999Z,178799580499903
"Player stacks: #1 ""Henry @ FQN9hzhzP_"" (5486) | #2 ""gurt @ gpP9uUffpu"" (5441)",2026-08-29T09:30:04.999Z,178799580499901
"-- starting hand #331 (id: ywmryxx5zp6h)  No Limit Texas Hold'em (dealer: ""Henry @ FQN9hzhzP_"") --",2026-08-29T09:30:04.999Z,178799580499900
"""Henry @ FQN9hzhzP_"" shows a K♠, 4♥.",2026-08-29T09:30:00.940Z,178799580094000
"Undealt cards:  [10♦, 5♠, 8♣, J♠, A♥]",2026-08-29T09:29:58.531Z,178799579853100
"-- ending hand #330 --",2026-08-29T09:29:58.335Z,178799579833502
"""gurt @ gpP9uUffpu"" collected 20 from pot",2026-08-29T09:29:58.335Z,178799579833501
"Uncalled bet of 90 returned to ""gurt @ gpP9uUffpu""",2026-08-29T09:29:58.335Z,178799579833500
"""Henry @ FQN9hzhzP_"" folds",2026-08-29T09:29:57.469Z,178799579746900
"""gurt @ gpP9uUffpu"" raises to 100",2026-08-29T09:29:50.249Z,178799579024900
"""Henry @ FQN9hzhzP_"" posts a big blind of 10",2026-08-29T09:29:46.861Z,178799578686105
"""gurt @ gpP9uUffpu"" posts a small blind of 5",2026-08-29T09:29:46.861Z,178799578686104
"Player stacks: #1 ""Henry @ FQN9hzhzP_"" (5496) | #2 ""gurt @ gpP9uUffpu"" (5431)",2026-08-29T09:29:46.861Z,178799578686101
"-- starting hand #330 (id: 29ftu9u4lkqx)  No Limit Texas Hold'em (dealer: ""gurt @ gpP9uUffpu"") --",2026-08-29T09:29:46.861Z,178799578686100
"-- ending hand #329 --",2026-08-29T09:29:40.800Z,178799578080003
"""Henry @ FQN9hzhzP_"" collected 20 from pot with Pair, K's (combination: 9♦, 10♥, A♦, K♥, K♣)",2026-08-29T09:29:40.800Z,178799578080002
"""Henry @ FQN9hzhzP_"" shows a 9♦, 4♣.",2026-08-29T09:29:40.800Z,178799578080001
"""gurt @ gpP9uUffpu"" shows a 4♥, 6♣.",2026-08-29T09:29:40.800Z,178799578080000
"""Henry @ FQN9hzhzP_"" checks",2026-08-29T09:29:39.897Z,178799577989700
"""gurt @ gpP9uUffpu"" checks",2026-08-29T09:29:38.930Z,178799577893000
"River: A♦, K♥, 3♥, 10♥ [K♣]",2026-08-29T09:29:38.058Z,178799577805800
"""Henry @ FQN9hzhzP_"" checks",2026-08-29T09:29:37.225Z,178799577722500
"""gurt @ gpP9uUffpu"" checks",2026-08-29T09:29:36.221Z,178799577622100
"Turn: A♦, K♥, 3♥ [10♥]",2026-08-29T09:29:35.456Z,178799577545600
"""Henry @ FQN9hzhzP_"" checks",2026-08-29T09:29:34.627Z,178799577462700
"""gurt @ gpP9uUffpu"" checks",2026-08-29T09:29:33.630Z,178799577363000
"Flop:  [A♦, K♥, 3♥]",2026-08-29T09:29:32.397Z,178799577239700
"""gurt @ gpP9uUffpu"" checks",2026-08-29T09:29:31.586Z,178799577158600
"""Henry @ FQN9hzhzP_"" calls 10",2026-08-29T09:29:30.684Z,178799577068400
"""gurt @ gpP9uUffpu"" posts a big blind of 10",2026-08-29T09:29:19.288Z,178799575928805
"""Henry @ FQN9hzhzP_"" posts a small blind of 5",2026-08-29T09:29:19.288Z,178799575928804
"Your hand is 4♥, 6♣",2026-08-29T09:29:19.288Z,178799575928803
"Player stacks: #1 ""Henry @ FQN9hzhzP_"" (5486) | #2 ""gurt @ gpP9uUffpu"" (5441)",2026-08-29T09:29:19.288Z,178799575928801
"-- starting hand #329 (id: 6l49kou20ui5)  No Limit Texas Hold'em (dealer: ""Henry @ FQN9hzhzP_"") --",2026-08-29T09:29:19.288Z,178799575928800
"""gurt @ gpP9uUffpu"" shows a 2♥.",2026-08-29T09:29:18.242Z,178799575824200
"""gurt @ gpP9uUffpu"" shows a J♦.",2026-08-29T09:29:15.744Z,178799575574400
"""Henry @ FQN9hzhzP_"" shows a Q♦.",2026-08-29T09:29:13.595Z,178799575359500
"Undealt cards: 4♣, A♠, 10♠, J♠ [Q♠]",2026-08-29T09:29:12.248Z,178799575224800
"-- ending hand #328 --",2026-08-29T09:29:11.982Z,178799575198202
"""gurt @ gpP9uUffpu"" collected 112 from pot",2026-08-29T09:29:11.982Z,178799575198201
"Uncalled bet of 70 returned to ""gurt @ gpP9uUffpu""",2026-08-29T09:29:11.982Z,178799575198200
"""Henry @ FQN9hzhzP_"" folds",2026-08-29T09:29:11.171Z,178799575117100
"""gurt @ gpP9uUffpu"" bets 70",2026-08-29T09:29:10.251Z,178799575025100
"""Henry @ FQN9hzhzP_"" checks",2026-08-29T09:29:06.480Z,178799574648000
"Turn: 4♣, A♠, 10♠ [J♠]",2026-08-29T09:29:05.009Z,178799574500900
"""Henry @ FQN9hzhzP_"" calls 10",2026-08-29T09:29:04.194Z,178799574419400
"""gurt @ gpP9uUffpu"" bets 10",2026-08-29T09:29:02.702Z,178799574270200
"""Henry @ FQN9hzhzP_"" checks",2026-08-29T09:29:01.228Z,178799574122800
"Flop:  [4♣, A♠, 10♠]",2026-08-29T09:28:58.766Z,178799573876600
"""gurt @ gpP9uUffpu"" calls 46",2026-08-29T09:28:57.863Z,178799573786300
"""Henry @ FQN9hzhzP_"" raises to 46",2026-08-29T09:28:56.750Z,178799573675000
"""gurt @ gpP9uUffpu"" raises to 20",2026-08-29T09:28:51.651Z,178799573165100
"""Henry @ FQN9hzhzP_"" posts a big blind of 10",2026-08-29T09:28:50.374Z,178799573037405
"""gurt @ gpP9uUffpu"" posts a small blind of 5",2026-08-29T09:28:50.374Z,178799573037404
"Player stacks: #1 ""Henry @ FQN9hzhzP_"" (5542) | #2 ""gurt @ gpP9uUffpu"" (5385)",2026-08-29T09:28:50.374Z,178799573037401
"-- starting hand #328 (id: ypbbbmqqcprv)  No Limit Texas Hold'em (dealer: ""gurt @ gpP9uUffpu"") --",2026-08-29T09:28:50.374Z,178799573037400
"-- ending hand #327 --",2026-08-29T09:28:44.350Z,178799572435003
"""Henry @ FQN9hzhzP_"" collected 224 from pot with Two Pair, K's & 2's (combination: 10♠, 2♦, 2♠, K♣, K♠)",2026-08-29T09:28:44.350Z,178799572435002
"""Henry @ FQN9hzhzP_"" shows a K♣, 6♣.",2026-08-29T09:28:44.350Z,178799572435001
"""gurt @ gpP9uUffpu"" shows a A♥, 3♥.",2026-08-29T09:28:44.350Z,178799572435000
"""Henry @ FQN9hzhzP_"" checks",2026-08-29T09:28:43.458Z,178799572345800
"""gurt @ gpP9uUffpu"" checks",2026-08-29T09:28:39.037Z,178799571903700
"River: 2♦, 2♠, 10♠, 8♠ [K♠]",2026-08-29T09:28:37.994Z,178799571799400
"""Henry @ FQN9hzhzP_"" checks",2026-08-29T09:28:37.184Z,178799571718400
"""gurt @ gpP9uUffpu"" checks",2026-08-29T09:28:35.795Z,178799571579500
"Turn: 2♦, 2♠, 10♠ [8♠]",2026-08-29T09:28:35.095Z,178799571509500
"""gurt @ gpP9uUffpu"" calls 45",2026-08-29T09:28:34.189Z,178799571418900
"""Henry @ FQN9hzhzP_"" bets 45",2026-08-29T09:28:33.278Z,178799571327800
"""gurt @ gpP9uUffpu"" checks",2026-08-29T09:28:29.832Z,178799570983200
"Flop:  [2♦, 2♠, 10♠]",2026-08-29T09:28:28.095Z,178799570809500
"""gurt @ gpP9uUffpu"" calls 67",2026-08-29T09:28:27.188Z,178799570718800
"""Henry @ FQN9hzhzP_"" raises to 67",2026-08-29T09:28:26.243Z,178799570624300
"""gurt @ gpP9uUffpu"" posts a big blind of 10",2026-08-29T09:28:23.695Z,178799570369505
"""Henry @ FQN9hzhzP_"" posts a small blind of 5",2026-08-29T09:28:23.695Z,178799570369504
"Your hand is A♥, 3♥",2026-08-29T09:28:23.695Z,178799570369503
"Player stacks: #1 ""Henry @ FQN9hzhzP_"" (5430) | #2 ""gurt @ gpP9uUffpu"" (5497)",2026-08-29T09:28:23.695Z,178799570369501
"-- starting hand #327 (id: sgugx6kd0v72)  No Limit Texas Hold'em (dealer: ""Henry @ FQN9hzhzP_"") --",2026-08-29T09:28:23.695Z,178799570369500
"""Henry @ FQN9hzhzP_"" shows a 2♦, K♦.",2026-08-29T09:28:18.815Z,178799569881500
"Undealt cards: J♥, K♠, 6♠ [A♥, J♣]",2026-08-29T09:28:17.485Z,178799569748500
"-- ending hand #326 --",2026-08-29T09:28:17.088Z,178799569708802
"""Henry @ FQN9hzhzP_"" collected 100 from pot",2026-08-29T09:28:17.088Z,178799569708801
"Uncalled bet of 34 returned to ""Henry @ FQN9hzhzP_""",2026-08-29T09:28:17.088Z,178799569708800
"""gurt @ gpP9uUffpu"" folds",2026-08-29T09:28:16.182Z,178799569618200
"""Henry @ FQN9hzhzP_"" bets 34",2026-08-29T09:28:15.188Z,178799569518800
"Flop:  [J♥, K♠, 6♠]",2026-08-29T09:28:10.775Z,178799569077500
"""Henry @ FQN9hzhzP_"" calls 50",2026-08-29T09:28:09.932Z,178799568993200
"""gurt @ gpP9uUffpu"" raises to 50",2026-08-29T09:28:08.763Z,178799568876300
"""Henry @ FQN9hzhzP_"" posts a big blind of 10",2026-08-29T09:28:06.972Z,178799568697205
"""gurt @ gpP9uUffpu"" posts a small blind of 5",2026-08-29T09:28:06.972Z,178799568697204
"Player stacks: #1 ""Henry @ FQN9hzhzP_"" (5380) | #2 ""gurt @ gpP9uUffpu"" (5547)",2026-08-29T09:28:06.972Z,178799568697201
"-- starting hand #326 (id: 84rreycih9kh)  No Limit Texas Hold'em (dealer: ""gurt @ gpP9uUffpu"") --",2026-08-29T09:28:06.972Z,178799568697200
"""Henry @ FQN9hzhzP_"" shows a 9♣.",2026-08-29T09:28:03.905Z,178799568390500
"-- ending hand #325 --",2026-08-29T09:28:03.297Z,178799568329702
"""Henry @ FQN9hzhzP_"" collected 40 from pot",2026-08-29T09:28:03.297Z,178799568329701
"Uncalled bet of 35 returned to ""Henry @ FQN9hzhzP_""",2026-08-29T09:28:03.297Z,178799568329700
"""gurt @ gpP9uUffpu"" folds",2026-08-29T09:28:02.378Z,178799568237800
"""Henry @ FQN9hzhzP_"" raises to 45",2026-08-29T09:28:00.786Z,178799568078600
"""gurt @ gpP9uUffpu"" bets 10",2026-08-29T09:27:58.182Z,178799567818200
"River: A♥, 7♠, K♠, 2♠ [9♦]",2026-08-29T09:27:57.542Z,178799567754200
"""Henry @ FQN9hzhzP_"" checks",2026-08-29T09:27:56.638Z,178799567663800
"""gurt @ gpP9uUffpu"" checks",2026-08-29T09:27:55.664Z,178799567566400
"Turn: A♥, 7♠, K♠ [2♠]",2026-08-29T09:27:55.169Z,178799567516900
"""Henry @ FQN9hzhzP_"" checks",2026-08-29T09:27:54.363Z,178799567436300
"""gurt @ gpP9uUffpu"" checks",2026-08-29T09:27:53.329Z,178799567332900
"Flop:  [A♥, 7♠, K♠]",2026-08-29T09:27:51.938Z,178799567193800
"""gurt @ gpP9uUffpu"" checks",2026-08-29T09:27:51.070Z,178799567107000
"""Henry @ FQN9hzhzP_"" calls 10",2026-08-29T09:27:49.458Z,178799566945800
"""gurt @ gpP9uUffpu"" posts a big blind of 10",2026-08-29T09:27:43.699Z,178799566369905
"""Henry @ FQN9hzhzP_"" posts a small blind of 5",2026-08-29T09:27:43.699Z,178799566369904
"Player stacks: #1 ""Henry @ FQN9hzhzP_"" (5360) | #2 ""gurt @ gpP9uUffpu"" (5567)",2026-08-29T09:27:43.699Z,178799566369901
"-- starting hand #325 (id: et5lwivfveoy)  No Limit Texas Hold'em (dealer: ""Henry @ FQN9hzhzP_"") --",2026-08-29T09:27:43.699Z,178799566369900
"-- ending hand #324 --",2026-08-29T09:27:37.694Z,178799565769403
"""Henry @ FQN9hzhzP_"" collected 328 from pot with Two Pair, 8's & 5's (combination: 6♣, 5♥, 5♠, 8♠, 8♥)",2026-08-29T09:27:37.694Z,178799565769402
"""Henry @ FQN9hzhzP_"" shows a 6♣, 5♥.",2026-08-29T09:27:37.694Z,178799565769401
"""gurt @ gpP9uUffpu"" shows a 6♦, 3♥.",2026-08-29T09:27:37.694Z,178799565769400
"""Henry @ FQN9hzhzP_"" calls 69",2026-08-29T09:27:36.820Z,178799565682000
"""gurt @ gpP9uUffpu"" bets 69",2026-08-29T09:27:35.898Z,178799565589800
"""Henry @ FQN9hzhzP_"" checks",2026-08-29T09:27:31.574Z,178799565157400
"River: 8♠, 4♣, 4♥, 5♠ [8♥]",2026-08-29T09:27:29.293Z,178799564929300
"""gurt @ gpP9uUffpu"" calls 45",2026-08-29T09:27:28.404Z,178799564840400
"""Henry @ FQN9hzhzP_"" bets 45",2026-08-29T09:27:27.107Z,178799564710700
"Turn: 8♠, 4♣, 4♥ [5♠]",2026-08-29T09:27:19.948Z,178799563994800
"""gurt @ gpP9uUffpu"" checks",2026-08-29T09:27:19.144Z,178799563914400
"""Henry @ FQN9hzhzP_"" checks",2026-08-29T09:27:15.534Z,178799563553400
"Flop:  [8♠, 4♣, 4♥]",2026-08-29T09:27:12.079Z,178799563207900
"""Henry @ FQN9hzhzP_"" calls 50",2026-08-29T09:27:11.187Z,178799563118700
"""gurt @ gpP9uUffpu"" raises to 50",2026-08-29T09:27:10.234Z,178799563023400
"""Henry @ FQN9hzhzP_"" posts a big blind of 10",2026-08-29T09:27:08.902Z,178799562890205
"""gurt @ gpP9uUffpu"" posts a small blind of 5",2026-08-29T09:27:08.902Z,178799562890204
"Your hand is 6♦, 3♥",2026-08-29T09:27:08.902Z,178799562890203
"Player stacks: #1 ""Henry @ FQN9hzhzP_"" (5196) | #2 ""gurt @ gpP9uUffpu"" (5731)",2026-08-29T09:27:08.902Z,178799562890201
"-- starting hand #324 (id: qqyantbauiqx)  No Limit Texas Hold'em (dealer: ""gurt @ gpP9uUffpu"") --",2026-08-29T09:27:08.902Z,178799562890200
"-- ending hand #323 --",2026-08-29T09:27:02.883Z,178799562288303
"""Henry @ FQN9hzhzP_"" collected 112 from pot with Pair, 6's (combination: 8♠, 10♥, K♣, 6♦, 6♣)",2026-08-29T09:27:02.883Z,178799562288302
"""Henry @ FQN9hzhzP_"" shows a K♣, 4♥.",2026-08-29T09:27:02.883Z,178799562288301
"""gurt @ gpP9uUffpu"" shows a J♥, 9♣.",2026-08-29T09:27:02.883Z,178799562288300
"""Henry @ FQN9hzhzP_"" checks",2026-08-29T09:27:01.981Z,178799562198100
"""gurt @ gpP9uUffpu"" checks",2026-08-29T09:27:00.871Z,178799562087100
"River: 5♣, 10♥, 6♦, 6♣ [8♠]",2026-08-29T09:27:00.687Z,178799562068700
"""Henry @ FQN9hzhzP_"" checks",2026-08-29T09:26:59.862Z,178799561986200
"""gurt @ gpP9uUffpu"" checks",2026-08-29T09:26:58.631Z,178799561863100
"Turn: 5♣, 10♥, 6♦ [6♣]",2026-08-29T09:26:58.441Z,178799561844100
"""Henry @ FQN9hzhzP_"" checks",2026-08-29T09:26:57.536Z,178799561753600
"""gurt @ gpP9uUffpu"" checks",2026-08-29T09:26:56.582Z,178799561658200
"Flop:  [5♣, 10♥, 6♦]",2026-08-29T09:26:55.039Z,178799561503900
"""gurt @ gpP9uUffpu"" calls 56",2026-08-29T09:26:54.134Z,178799561413400
"""Henry @ FQN9hzhzP_"" raises to 56",2026-08-29T09:26:53.223Z,178799561322300
"""gurt @ gpP9uUffpu"" posts a big blind of 10",2026-08-29T09:26:50.824Z,178799561082405
"""Henry @ FQN9hzhzP_"" posts a small blind of 5",2026-08-29T09:26:50.824Z,178799561082404
"Your hand is J♥, 9♣",2026-08-29T09:26:50.824Z,178799561082403
"Player stacks: #1 ""Henry @ FQN9hzhzP_"" (5140) | #2 ""gurt @ gpP9uUffpu"" (5787)",2026-08-29T09:26:50.824Z,178799561082401
"-- starting hand #323 (id: hfi6aab7jhfk)  No Limit Texas Hold'em (dealer: ""Henry @ FQN9hzhzP_"") --",2026-08-29T09:26:50.824Z,178799561082400
"""Henry @ FQN9hzhzP_"" shows a 2♣, 4♠.",2026-08-29T09:26:45.231Z,178799560523100
"Undealt cards: 6♣, 8♠, Q♠, 9♣ [K♣]",2026-08-29T09:26:44.472Z,178799560447200
"-- ending hand #322 --",2026-08-29T09:26:44.197Z,178799560419702
"""gurt @ gpP9uUffpu"" collected 120 from pot",2026-08-29T09:26:44.197Z,178799560419701
"Uncalled bet of 90 returned to ""gurt @ gpP9uUffpu""",2026-08-29T09:26:44.197Z,178799560419700
"""Henry @ FQN9hzhzP_"" folds",2026-08-29T09:26:43.299Z,178799560329900
"""gurt @ gpP9uUffpu"" raises to 100",2026-08-29T09:26:42.362Z,178799560236200
"""Henry @ FQN9hzhzP_"" bets 10",2026-08-29T09:26:40.446Z,178799560044600
"Turn: 6♣, 8♠, Q♠ [9♣]",2026-08-29T09:26:37.992Z,178799559799200
"""gurt @ gpP9uUffpu"" checks",2026-08-29T09:26:37.171Z,178799559717100
"""Henry @ FQN9hzhzP_"" checks",2026-08-29T09:26:36.265Z,178799559626500
"Flop:  [6♣, 8♠, Q♠]",2026-08-29T09:26:34.060Z,178799559406000
"""Henry @ FQN9hzhzP_"" calls 50",2026-08-29T09:26:33.238Z,178799559323800
"""gurt @ gpP9uUffpu"" raises to 50",2026-08-29T09:26:32.097Z,178799559209700
"""Henry @ FQN9hzhzP_"" posts a big blind of 10",2026-08-29T09:26:30.070Z,178799559007005
"""gurt @ gpP9uUffpu"" posts a small blind of 5",2026-08-29T09:26:30.070Z,178799559007004
"Player stacks: #1 ""Henry @ FQN9hzhzP_"" (5200) | #2 ""gurt @ gpP9uUffpu"" (5727)",2026-08-29T09:26:30.070Z,178799559007001
"-- starting hand #322 (id: no0modn7u4mv)  No Limit Texas Hold'em (dealer: ""gurt @ gpP9uUffpu"") --",2026-08-29T09:26:30.070Z,178799559007000
"""Henry @ FQN9hzhzP_"" shows a 2♠.",2026-08-29T09:26:27.386Z,178799558738600
"""Henry @ FQN9hzhzP_"" shows a Q♦.",2026-08-29T09:26:26.068Z,178799558606800
"Undealt cards:  [10♠, 4♣, Q♠, J♥, 9♣]",2026-08-29T09:26:23.707Z,178799558370700
"-- ending hand #321 --",2026-08-29T09:26:23.463Z,178799558346302
"""Henry @ FQN9hzhzP_"" collected 20 from pot",2026-08-29T09:26:23.463Z,178799558346301
"Uncalled bet of 35 returned to ""Henry @ FQN9hzhzP_""",2026-08-29T09:26:23.463Z,178799558346300
"""gurt @ gpP9uUffpu"" folds",2026-08-29T09:26:22.658Z,178799558265800
"""Henry @ FQN9hzhzP_"" raises to 45",2026-08-29T09:26:21.749Z,178799558174900
"""gurt @ gpP9uUffpu"" posts a big blind of 10",2026-08-29T09:26:17.560Z,178799557756005
"""Henry @ FQN9hzhzP_"" posts a small blind of 5",2026-08-29T09:26:17.560Z,178799557756004
"Player stacks: #1 ""Henry @ FQN9hzhzP_"" (5190) | #2 ""gurt @ gpP9uUffpu"" (5737)",2026-08-29T09:26:17.560Z,178799557756001
"-- starting hand #321 (id: fpqgmnd5pzsy)  No Limit Texas Hold'em (dealer: ""Henry @ FQN9hzhzP_"") --",2026-08-29T09:26:17.560Z,178799557756000
"""gurt @ gpP9uUffpu"" shows a 9♠.",2026-08-29T09:26:13.993Z,178799557399300
"""Henry @ FQN9hzhzP_"" shows a 7♣.",2026-08-29T09:26:12.306Z,178799557230600
"Undealt cards:  [Q♣, 8♣, 7♠, 3♠, 2♦]",2026-08-29T09:26:10.442Z,178799557044200
"-- ending hand #320 --",2026-08-29T09:26:10.257Z,178799557025702
"""gurt @ gpP9uUffpu"" collected 20 from pot",2026-08-29T09:26:10.257Z,178799557025701
"Uncalled bet of 40 returned to ""gurt @ gpP9uUffpu""",2026-08-29T09:26:10.257Z,178799557025700
"""Henry @ FQN9hzhzP_"" folds",2026-08-29T09:26:09.396Z,178799556939600
"""gurt @ gpP9uUffpu"" raises to 50",2026-08-29T09:26:06.727Z,178799556672700
"""Henry @ FQN9hzhzP_"" posts a big blind of 10",2026-08-29T09:26:04.960Z,178799556496005
"""gurt @ gpP9uUffpu"" posts a small blind of 5",2026-08-29T09:26:04.960Z,178799556496004
"Player stacks: #1 ""Henry @ FQN9hzhzP_"" (5200) | #2 ""gurt @ gpP9uUffpu"" (5727)",2026-08-29T09:26:04.960Z,178799556496001
"-- starting hand #320 (id: khhpg9ffx9er)  No Limit Texas Hold'em (dealer: ""gurt @ gpP9uUffpu"") --",2026-08-29T09:26:04.960Z,178799556496000
"-- ending hand #319 --",2026-08-29T09:25:58.875Z,178799555887503
"""Henry @ FQN9hzhzP_"" collected 232 from pot with Two Pair, 10's & 3's (combination: A♦, 3♦, 3♠, 10♥, 10♠)",2026-08-29T09:25:58.875Z,178799555887502
"""Henry @ FQN9hzhzP_"" shows a 3♦, 10♥.",2026-08-29T09:25:58.875Z,178799555887501
"""gurt @ gpP9uUffpu"" shows a 9♦, Q♣.",2026-08-29T09:25:58.875Z,178799555887500
"""Henry @ FQN9hzhzP_"" checks",2026-08-29T09:25:58.022Z,178799555802200
"""gurt @ gpP9uUffpu"" checks",2026-08-29T09:25:55.562Z,178799555556200
"River: 10♠, 9♠, 6♠, A♦ [3♠]",2026-08-29T09:25:54.768Z,178799555476800
"""gurt @ gpP9uUffpu"" calls 10",2026-08-29T09:25:53.924Z,178799555392400
"""Henry @ FQN9hzhzP_"" bets 10",2026-08-29T09:25:52.655Z,178799555265500
"""gurt @ gpP9uUffpu"" checks",2026-08-29T09:25:51.424Z,178799555142400
"Turn: 10♠, 9♠, 6♠ [A♦]",2026-08-29T09:25:50.967Z,178799555096700
"""gurt @ gpP9uUffpu"" calls 56",2026-08-29T09:25:50.101Z,178799555010100
"""Henry @ FQN9hzhzP_"" bets 56",2026-08-29T09:25:49.032Z,178799554903200
"""gurt @ gpP9uUffpu"" checks",2026-08-29T09:25:41.319Z,178799554131900
"Flop:  [10♠, 9♠, 6♠]",2026-08-29T09:25:40.055Z,178799554005500
"""Henry @ FQN9hzhzP_"" calls 50",2026-08-29T09:25:39.228Z,178799553922800
"""gurt @ gpP9uUffpu"" raises to 50",2026-08-29T09:25:38.143Z,178799553814300
"""Henry @ FQN9hzhzP_"" calls 10",2026-08-29T09:25:36.344Z,178799553634400
"""gurt @ gpP9uUffpu"" posts a big blind of 10",2026-08-29T09:25:30.959Z,178799553095905
"""Henry @ FQN9hzhzP_"" posts a small blind of 5",2026-08-29T09:25:30.959Z,178799553095904
"Your hand is 9♦, Q♣",2026-08-29T09:25:30.959Z,178799553095903
"Player stacks: #1 ""Henry @ FQN9hzhzP_"" (5084) | #2 ""gurt @ gpP9uUffpu"" (5843)",2026-08-29T09:25:30.959Z,178799553095901
"-- starting hand #319 (id: ywxuhirdjlly)  No Limit Texas Hold'em (dealer: ""Henry @ FQN9hzhzP_"") --",2026-08-29T09:25:30.959Z,178799553095900
"""Henry @ FQN9hzhzP_"" shows a 8♦, 4♣.",2026-08-29T09:25:29.335Z,178799552933500
"""gurt @ gpP9uUffpu"" shows a 2♣.",2026-08-29T09:25:27.868Z,178799552786800
"-- ending hand #318 --",2026-08-29T09:25:26.649Z,178799552664901
"""gurt @ gpP9uUffpu"" collected 80 from pot",2026-08-29T09:25:26.649Z,178799552664900
"""Henry @ FQN9hzhzP_"" folds",2026-08-29T09:25:25.746Z,178799552574600
"River: A♠, A♣, 3♠, 5♠ [A♥]",2026-08-29T09:25:20.847Z,178799552084700
"""gurt @ gpP9uUffpu"" calls 10",2026-08-29T09:25:19.934Z,178799551993400
"""Henry @ FQN9hzhzP_"" bets 10",2026-08-29T09:25:19.017Z,178799551901700
"Turn: A♠, A♣, 3♠ [5♠]",2026-08-29T09:25:17.245Z,178799551724500
"""gurt @ gpP9uUffpu"" calls 10",2026-08-29T09:25:16.335Z,178799551633500
"""Henry @ FQN9hzhzP_"" bets 10",2026-08-29T09:25:15.338Z,178799551533800
"Flop:  [A♠, A♣, 3♠]",2026-08-29T09:25:12.259Z,178799551225900
"""Henry @ FQN9hzhzP_"" calls 20",2026-08-29T09:25:11.447Z,178799551144700
"""gurt @ gpP9uUffpu"" raises to 20",2026-08-29T09:25:09.165Z,178799550916500
"""Henry @ FQN9hzhzP_"" posts a big blind of 10",2026-08-29T09:25:07.899Z,178799550789905
"""gurt @ gpP9uUffpu"" posts a small blind of 5",2026-08-29T09:25:07.899Z,178799550789904
"Player stacks: #1 ""Henry @ FQN9hzhzP_"" (5124) | #2 ""gurt @ gpP9uUffpu"" (5803)",2026-08-29T09:25:07.899Z,178799550789901
"-- starting hand #318 (id: urapwrbscc8v)  No Limit Texas Hold'em (dealer: ""gurt @ gpP9uUffpu"") --",2026-08-29T09:25:07.899Z,178799550789900
"""Henry @ FQN9hzhzP_"" shows a 9♥, 2♠.",2026-08-29T09:25:04.933Z,178799550493300
"Undealt cards:  [A♠, 9♦, A♦, 3♥, A♣]",2026-08-29T09:25:01.847Z,178799550184700
"-- ending hand #317 --",2026-08-29T09:25:01.281Z,178799550128102
"""gurt @ gpP9uUffpu"" collected 10 from pot",2026-08-29T09:25:01.281Z,178799550128101
"Uncalled bet of 5 returned to ""gurt @ gpP9uUffpu""",2026-08-29T09:25:01.281Z,178799550128100
"""Henry @ FQN9hzhzP_"" folds",2026-08-29T09:25:00.438Z,178799550043800
"""gurt @ gpP9uUffpu"" posts a big blind of 10",2026-08-29T09:24:58.770Z,178799549877005
"""Henry @ FQN9hzhzP_"" posts a small blind of 5",2026-08-29T09:24:58.770Z,178799549877004
"Player stacks: #1 ""Henry @ FQN9hzhzP_"" (5129) | #2 ""gurt @ gpP9uUffpu"" (5798)",2026-08-29T09:24:58.770Z,178799549877001
"-- starting hand #317 (id: lrz5jigqn0v7)  No Limit Texas Hold'em (dealer: ""Henry @ FQN9hzhzP_"") --",2026-08-29T09:24:58.770Z,178799549877000
"Undealt cards: 7♣, 6♠, A♥, Q♣ [2♦]",2026-08-29T09:24:53.111Z,178799549311100
"-- ending hand #316 --",2026-08-29T09:24:52.769Z,178799549276902
"""gurt @ gpP9uUffpu"" collected 200 from pot",2026-08-29T09:24:52.769Z,178799549276901
"Uncalled bet of 50 returned to ""gurt @ gpP9uUffpu""",2026-08-29T09:24:52.769Z,178799549276900
"""Henry @ FQN9hzhzP_"" folds",2026-08-29T09:24:51.942Z,178799549194200
"""gurt @ gpP9uUffpu"" bets 50",2026-08-29T09:24:50.541Z,178799549054100
"""Henry @ FQN9hzhzP_"" checks",2026-08-29T09:24:48.700Z,178799548870000
"Turn: 7♣, 6♠, A♥ [Q♣]",2026-08-29T09:24:46.966Z,178799548696600
"""Henry @ FQN9hzhzP_"" calls 50",2026-08-29T09:24:46.107Z,178799548610700
"""gurt @ gpP9uUffpu"" bets 50",2026-08-29T09:24:45.016Z,178799548501600
"""Henry @ FQN9hzhzP_"" checks",2026-08-29T09:24:42.908Z,178799548290800
"Flop:  [7♣, 6♠, A♥]",2026-08-29T09:24:39.961Z,178799547996100
"""Henry @ FQN9hzhzP_"" calls 50",2026-08-29T09:24:39.115Z,178799547911500
"""gurt @ gpP9uUffpu"" raises to 50",2026-08-29T09:24:37.565Z,178799547756500
"""Henry @ FQN9hzhzP_"" posts a big blind of 10",2026-08-29T09:24:35.389Z,178799547538905
"""gurt @ gpP9uUffpu"" posts a small blind of 5",2026-08-29T09:24:35.389Z,178799547538904
"Player stacks: #1 ""Henry @ FQN9hzhzP_"" (5229) | #2 ""gurt @ gpP9uUffpu"" (5698)",2026-08-29T09:24:35.389Z,178799547538901
"-- starting hand #316 (id: 8nqm0g6g0gdz)  No Limit Texas Hold'em (dealer: ""gurt @ gpP9uUffpu"") --",2026-08-29T09:24:35.389Z,178799547538900
"-- ending hand #315 --",2026-08-29T09:24:29.359Z,178799546935903
"""Henry @ FQN9hzhzP_"" collected 510 from pot with Pair, K's (combination: 7♥, 9♥, 10♥, K♣, K♠)",2026-08-29T09:24:29.359Z,178799546935902
"""Henry @ FQN9hzhzP_"" shows a K♣, 6♠.",2026-08-29T09:24:29.359Z,178799546935901
"""gurt @ gpP9uUffpu"" shows a 10♣, 6♣.",2026-08-29T09:24:29.359Z,178799546935900
"""Henry @ FQN9hzhzP_"" calls 153",2026-08-29T09:24:28.537Z,178799546853700
"""gurt @ gpP9uUffpu"" bets 153",2026-08-29T09:24:27.588Z,178799546758800
"River: 9♥, K♠, 5♦, 7♥ [10♥]",2026-08-29T09:24:23.351Z,178799546335100
"""gurt @ gpP9uUffpu"" calls 56",2026-08-29T09:24:22.502Z,178799546250200
"""Henry @ FQN9hzhzP_"" bets 56",2026-08-29T09:24:21.556Z,178799546155600
"""gurt @ gpP9uUffpu"" checks",2026-08-29T09:24:19.270Z,178799545927000
"Turn: 9♥, K♠, 5♦ [7♥]",2026-08-29T09:24:17.950Z,178799545795000
"""Henry @ FQN9hzhzP_"" checks",2026-08-29T09:24:17.073Z,178799545707300
"""gurt @ gpP9uUffpu"" checks",2026-08-29T09:24:15.665Z,178799545566500
"Flop:  [9♥, K♠, 5♦]",2026-08-29T09:24:14.544Z,178799545454400
"""gurt @ gpP9uUffpu"" calls 46",2026-08-29T09:24:13.642Z,178799545364200
"""Henry @ FQN9hzhzP_"" raises to 46",2026-08-29T09:24:12.653Z,178799545265300
"""gurt @ gpP9uUffpu"" posts a big blind of 10",2026-08-29T09:24:10.198Z,178799545019805
"""Henry @ FQN9hzhzP_"" posts a small blind of 5",2026-08-29T09:24:10.198Z,178799545019804
"Your hand is 10♣, 6♣",2026-08-29T09:24:10.198Z,178799545019803
"Player stacks: #1 ""Henry @ FQN9hzhzP_"" (4974) | #2 ""gurt @ gpP9uUffpu"" (5953)",2026-08-29T09:24:10.198Z,178799545019801
"-- starting hand #315 (id: xjkawhzlioph)  No Limit Texas Hold'em (dealer: ""Henry @ FQN9hzhzP_"") --",2026-08-29T09:24:10.198Z,178799545019800
"""Henry @ FQN9hzhzP_"" shows a 5♣.",2026-08-29T09:24:05.768Z,178799544576800
"Undealt cards: 6♥, 6♦, 8♥ [5♦, 8♦]",2026-08-29T09:24:03.966Z,178799544396600
"-- ending hand #314 --",2026-08-29T09:24:03.569Z,178799544356901
"""gurt @ gpP9uUffpu"" collected 20 from pot",2026-08-29T09:24:03.569Z,178799544356900
"""Henry @ FQN9hzhzP_"" folds",2026-08-29T09:24:02.725Z,178799544272500
"Flop:  [6♥, 6♦, 8♥]",2026-08-29T09:24:00.668Z,178799544066800
"""Henry @ FQN9hzhzP_"" checks",2026-08-29T09:23:59.842Z,178799543984200
"""gurt @ gpP9uUffpu"" calls 10",2026-08-29T09:23:58.101Z,178799543810100
"""Henry @ FQN9hzhzP_"" posts a big blind of 10",2026-08-29T09:23:54.468Z,178799543446805
"""gurt @ gpP9uUffpu"" posts a small blind of 5",2026-08-29T09:23:54.468Z,178799543446804
"Player stacks: #1 ""Henry @ FQN9hzhzP_"" (4984) | #2 ""gurt @ gpP9uUffpu"" (5943)",2026-08-29T09:23:54.468Z,178799543446801
"-- starting hand #314 (id: mx7psbzqufaq)  No Limit Texas Hold'em (dealer: ""gurt @ gpP9uUffpu"") --",2026-08-29T09:23:54.468Z,178799543446800
"""Henry @ FQN9hzhzP_"" shows a 9♦, J♥.",2026-08-29T09:23:48.941Z,178799542894100
"-- ending hand #313 --",2026-08-29T09:23:47.865Z,178799542786502
"""gurt @ gpP9uUffpu"" collected 110 from pot with Pair, 10's (combination: Q♦, K♣, A♣, 10♦, 10♠)",2026-08-29T09:23:47.865Z,178799542786501
"""gurt @ gpP9uUffpu"" shows a 2♠, Q♦.",2026-08-29T09:23:47.865Z,178799542786500
"""Henry @ FQN9hzhzP_"" calls 10",2026-08-29T09:23:46.980Z,178799542698000
"""gurt @ gpP9uUffpu"" bets 10",2026-08-29T09:23:45.803Z,178799542580300
"River: A♣, K♣, 10♦, 10♠ [8♦]",2026-08-29T09:23:44.656Z,178799542465600
"""Henry @ FQN9hzhzP_"" checks",2026-08-29T09:23:43.761Z,178799542376100
"""gurt @ gpP9uUffpu"" checks",2026-08-29T09:23:42.770Z,178799542277000
"Turn: A♣, K♣, 10♦ [10♠]",2026-08-29T09:23:42.058Z,178799542205800
"""Henry @ FQN9hzhzP_"" checks",2026-08-29T09:23:41.232Z,178799542123200
"""gurt @ gpP9uUffpu"" checks",2026-08-29T09:23:32.083Z,178799541208300
"Flop:  [A♣, K♣, 10♦]",2026-08-29T09:23:30.646Z,178799541064600
"""gurt @ gpP9uUffpu"" calls 45",2026-08-29T09:23:29.814Z,178799540981400
"""Henry @ FQN9hzhzP_"" raises to 45",2026-08-29T09:23:28.420Z,178799540842000
"""gurt @ gpP9uUffpu"" posts a big blind of 10",2026-08-29T09:23:20.057Z,178799540005705
"""Henry @ FQN9hzhzP_"" posts a small blind of 5",2026-08-29T09:23:20.057Z,178799540005704
"Your hand is 2♠, Q♦",2026-08-29T09:23:20.057Z,178799540005703
"Player stacks: #1 ""Henry @ FQN9hzhzP_"" (5039) | #2 ""gurt @ gpP9uUffpu"" (5888)",2026-08-29T09:23:20.057Z,178799540005701
"-- starting hand #313 (id: jhxnl6x5cdg8)  No Limit Texas Hold'em (dealer: ""Henry @ FQN9hzhzP_"") --",2026-08-29T09:23:20.057Z,178799540005700
"-- ending hand #312 --",2026-08-29T09:23:14.039Z,178799539403903
"""gurt @ gpP9uUffpu"" collected 1356 from pot with Flush, A High (combination: 5♦, 6♦, 7♦, 8♦, A♦)",2026-08-29T09:23:14.039Z,178799539403902
"""gurt @ gpP9uUffpu"" shows a 5♦, 6♦.",2026-08-29T09:23:14.039Z,178799539403901
"""Henry @ FQN9hzhzP_"" shows a K♠, A♣.",2026-08-29T09:23:14.039Z,178799539403900
"""gurt @ gpP9uUffpu"" checks",2026-08-29T09:23:13.148Z,178799539314800
"""Henry @ FQN9hzhzP_"" checks",2026-08-29T09:23:12.242Z,178799539224200
"River: 9♣, 7♦, A♦, 3♦ [8♦]",2026-08-29T09:23:09.599Z,178799538959900
"""Henry @ FQN9hzhzP_"" calls 344",2026-08-29T09:23:08.722Z,178799538872200
"""gurt @ gpP9uUffpu"" raises to 344",2026-08-29T09:23:07.583Z,178799538758300
"""Henry @ FQN9hzhzP_"" bets 167",2026-08-29T09:23:04.917Z,178799538491700
"Turn: 9♣, 7♦, A♦ [3♦]",2026-08-29T09:23:00.985Z,178799538098500
"""gurt @ gpP9uUffpu"" calls 167",2026-08-29T09:23:00.149Z,178799538014900
"""Henry @ FQN9hzhzP_"" bets 167",2026-08-29T09:22:58.638Z,178799537863800
"Flop:  [9♣, 7♦, A♦]",2026-08-29T09:22:53.579Z,178799537357900
"""gurt @ gpP9uUffpu"" calls 167",2026-08-29T09:22:52.685Z,178799537268500
"""Henry @ FQN9hzhzP_"" raises to 167",2026-08-29T09:22:50.686Z,178799537068600
"""gurt @ gpP9uUffpu"" raises to 50",2026-08-29T09:22:36.951Z,178799535695100
"""Henry @ FQN9hzhzP_"" posts a big blind of 10",2026-08-29T09:22:35.429Z,178799535542905
"""gurt @ gpP9uUffpu"" posts a small blind of 5",2026-08-29T09:22:35.429Z,178799535542904
"Your hand is 5♦, 6♦",2026-08-29T09:22:35.429Z,178799535542903
"Player stacks: #1 ""Henry @ FQN9hzhzP_"" (5717) | #2 ""gurt @ gpP9uUffpu"" (5210)",2026-08-29T09:22:35.429Z,178799535542901
"-- starting hand #312 (id: qchdwq0oe6zn)  No Limit Texas Hold'em (dealer: ""gurt @ gpP9uUffpu"") --",2026-08-29T09:22:35.429Z,178799535542900
"""Henry @ FQN9hzhzP_"" shows a K♥, J♥.",2026-08-29T09:22:31.208Z,178799535120800
"Undealt cards: K♠, K♦, 8♣, 7♦ [J♣]",2026-08-29T09:22:29.143Z,178799534914300
"-- ending hand #311 --",2026-08-29T09:22:28.771Z,178799534877102
"""Henry @ FQN9hzhzP_"" collected 270 from pot",2026-08-29T09:22:28.771Z,178799534877101
"Uncalled bet of 167 returned to ""Henry @ FQN9hzhzP_""",2026-08-29T09:22:28.771Z,178799534877100
"""gurt @ gpP9uUffpu"" folds",2026-08-29T09:22:27.944Z,178799534794400
"""Henry @ FQN9hzhzP_"" bets 167",2026-08-29T09:22:27.022Z,178799534702200
"""gurt @ gpP9uUffpu"" checks",2026-08-29T09:22:19.902Z,178799533990200
"Turn: K♠, K♦, 8♣ [7♦]",2026-08-29T09:22:19.018Z,178799533901800
"""gurt @ gpP9uUffpu"" calls 90",2026-08-29T09:22:18.198Z,178799533819800
"""Henry @ FQN9hzhzP_"" raises to 90",2026-08-29T09:22:16.748Z,178799533674800
"""gurt @ gpP9uUffpu"" bets 45",2026-08-29T09:22:14.242Z,178799533424200
"Flop:  [K♠, K♦, 8♣]",2026-08-29T09:22:11.556Z,178799533155600
"""gurt @ gpP9uUffpu"" calls 45",2026-08-29T09:22:10.644Z,178799533064400
"""Henry @ FQN9hzhzP_"" raises to 45",2026-08-29T09:22:09.719Z,178799532971900
"""gurt @ gpP9uUffpu"" posts a big blind of 10",2026-08-29T09:22:06.554Z,178799532655405
"""Henry @ FQN9hzhzP_"" posts a small blind of 5",2026-08-29T09:22:06.554Z,178799532655404
"Player stacks: #1 ""Henry @ FQN9hzhzP_"" (5582) | #2 ""gurt @ gpP9uUffpu"" (5345)",2026-08-29T09:22:06.554Z,178799532655401
"-- starting hand #311 (id: obvqczgtuohf)  No Limit Texas Hold'em (dealer: ""Henry @ FQN9hzhzP_"") --",2026-08-29T09:22:06.554Z,178799532655400
"""Henry @ FQN9hzhzP_"" shows a 10♣.",2026-08-29T09:22:02.618Z,178799532261800
"Undealt cards: J♦, 3♣, A♠ [J♥, Q♠]",2026-08-29T09:22:00.313Z,178799532031300
"-- ending hand #310 --",2026-08-29T09:21:59.910Z,178799531991001
"""gurt @ gpP9uUffpu"" collected 100 from pot",2026-08-29T09:21:59.910Z,178799531991000
"""Henry @ FQN9hzhzP_"" folds",2026-08-29T09:21:59.072Z,178799531907200
"Flop:  [J♦, 3♣, A♠]",2026-08-29T09:21:56.862Z,178799531686200
"""Henry @ FQN9hzhzP_"" calls 50",2026-08-29T09:21:56.054Z,178799531605400
"""gurt @ gpP9uUffpu"" raises to 50",2026-08-29T09:21:51.004Z,178799531100400
"""Henry @ FQN9hzhzP_"" posts a big blind of 10",2026-08-29T09:21:49.705Z,178799530970505
"""gurt @ gpP9uUffpu"" posts a small blind of 5",2026-08-29T09:21:49.705Z,178799530970504
"Player stacks: #1 ""Henry @ FQN9hzhzP_"" (5632) | #2 ""gurt @ gpP9uUffpu"" (5295)",2026-08-29T09:21:49.705Z,178799530970501
"-- starting hand #310 (id: m678szlwpsyi)  No Limit Texas Hold'em (dealer: ""gurt @ gpP9uUffpu"") --",2026-08-29T09:21:49.705Z,178799530970500
"-- ending hand #309 --",2026-08-29T09:21:43.701Z,178799530370103
"""Henry @ FQN9hzhzP_"" collected 108 from pot with Two Pair, Q's & J's (combination: 10♦, J♦, J♠, Q♦, Q♥)",2026-08-29T09:21:43.701Z,178799530370102
"""Henry @ FQN9hzhzP_"" shows a 3♣, Q♦.",2026-08-29T09:21:43.701Z,178799530370101
"""gurt @ gpP9uUffpu"" shows a 9♣, 2♥.",2026-08-29T09:21:43.701Z,178799530370100
"""Henry @ FQN9hzhzP_"" checks",2026-08-29T09:21:42.893Z,178799530289300
"""gurt @ gpP9uUffpu"" checks",2026-08-29T09:21:41.499Z,178799530149900
"River: Q♥, 7♠, 10♦, J♦ [J♠]",2026-08-29T09:21:40.149Z,178799530014900
"""gurt @ gpP9uUffpu"" calls 34",2026-08-29T09:21:39.334Z,178799529933400
"""Henry @ FQN9hzhzP_"" bets 34",2026-08-29T09:21:38.381Z,178799529838100
"""gurt @ gpP9uUffpu"" checks",2026-08-29T09:21:35.938Z,178799529593800
"Turn: Q♥, 7♠, 10♦ [J♦]",2026-08-29T09:21:35.243Z,178799529524300
"""gurt @ gpP9uUffpu"" calls 10",2026-08-29T09:21:34.351Z,178799529435100
"""Henry @ FQN9hzhzP_"" bets 10",2026-08-29T09:21:33.291Z,178799529329100
"""gurt @ gpP9uUffpu"" checks",2026-08-29T09:21:30.594Z,178799529059400
"Flop:  [Q♥, 7♠, 10♦]",2026-08-29T09:21:29.491Z,178799528949100
"""gurt @ gpP9uUffpu"" checks",2026-08-29T09:21:28.684Z,178799528868400
"""Henry @ FQN9hzhzP_"" calls 10",2026-08-29T09:21:27.715Z,178799528771500
"""gurt @ gpP9uUffpu"" posts a big blind of 10",2026-08-29T09:21:02.826Z,178799526282605
"""Henry @ FQN9hzhzP_"" posts a small blind of 5",2026-08-29T09:21:02.826Z,178799526282604
"Your hand is 9♣, 2♥",2026-08-29T09:21:02.826Z,178799526282603
"Player stacks: #1 ""Henry @ FQN9hzhzP_"" (5578) | #2 ""gurt @ gpP9uUffpu"" (5349)",2026-08-29T09:21:02.826Z,178799526282601
"-- starting hand #309 (id: n18v02lbemo4)  No Limit Texas Hold'em (dealer: ""Henry @ FQN9hzhzP_"") --",2026-08-29T09:21:02.826Z,178799526282600
"Undealt cards: 9♣, K♥, 10♠, 5♥ [5♣]",2026-08-29T09:20:58.166Z,178799525816600
"-- ending hand #308 --",2026-08-29T09:20:56.888Z,178799525688802
"""gurt @ gpP9uUffpu"" collected 200 from pot",2026-08-29T09:20:56.888Z,178799525688801
"Uncalled bet of 100 returned to ""gurt @ gpP9uUffpu""",2026-08-29T09:20:56.888Z,178799525688800
"""Henry @ FQN9hzhzP_"" folds",2026-08-29T09:20:56.071Z,178799525607100
"""gurt @ gpP9uUffpu"" bets 100",2026-08-29T09:20:55.061Z,178799525506100
"""Henry @ FQN9hzhzP_"" checks",2026-08-29T09:20:52.419Z,178799525241900
"Turn: 9♣, K♥, 10♠ [5♥]",2026-08-29T09:20:49.765Z,178799524976500
"""Henry @ FQN9hzhzP_"" calls 50",2026-08-29T09:20:48.934Z,178799524893400
"""gurt @ gpP9uUffpu"" bets 50",2026-08-29T09:20:47.577Z,178799524757700
"""Henry @ FQN9hzhzP_"" checks",2026-08-29T09:20:45.314Z,178799524531400
"Flop:  [9♣, K♥, 10♠]",2026-08-29T09:20:34.478Z,178799523447800
"""Henry @ FQN9hzhzP_"" calls 50",2026-08-29T09:20:33.643Z,178799523364300
"""gurt @ gpP9uUffpu"" raises to 50",2026-08-29T09:20:17.081Z,178799521708100
"""Henry @ FQN9hzhzP_"" posts a big blind of 10",2026-08-29T09:20:15.546Z,178799521554605
"""gurt @ gpP9uUffpu"" posts a small blind of 5",2026-08-29T09:20:15.546Z,178799521554604
"Player stacks: #1 ""Henry @ FQN9hzhzP_"" (5678) | #2 ""gurt @ gpP9uUffpu"" (5249)",2026-08-29T09:20:15.546Z,178799521554601
"-- starting hand #308 (id: y2le0lxbmnpm)  No Limit Texas Hold'em (dealer: ""gurt @ gpP9uUffpu"") --",2026-08-29T09:20:15.546Z,178799521554600
"""Henry @ FQN9hzhzP_"" shows a Q♦, Q♣.",2026-08-29T09:20:11.036Z,178799521103600
"Undealt cards: 8♣, 7♣, 8♥ [10♠, 9♠]",2026-08-29T09:20:09.550Z,178799520955000
"-- ending hand #307 --",2026-08-29T09:20:08.814Z,178799520881402
"""Henry @ FQN9hzhzP_"" collected 2000 from pot",2026-08-29T09:20:08.814Z,178799520881401
"Uncalled bet of 3678 returned to ""Henry @ FQN9hzhzP_""",2026-08-29T09:20:08.814Z,178799520881400
"""gurt @ gpP9uUffpu"" folds",2026-08-29T09:20:07.987Z,178799520798700
"""Henry @ FQN9hzhzP_"" bets 3678 and go all in",2026-08-29T09:20:00.272Z,178799520027200
"""gurt @ gpP9uUffpu"" checks",2026-08-29T09:19:57.993Z,178799519799300
"Flop:  [8♣, 7♣, 8♥]",2026-08-29T09:19:54.440Z,178799519444000
"""gurt @ gpP9uUffpu"" calls 1000",2026-08-29T09:19:53.557Z,178799519355700
"""Henry @ FQN9hzhzP_"" raises to 1000",2026-08-29T09:19:51.252Z,178799519125200
"""gurt @ gpP9uUffpu"" raises to 225",2026-08-29T09:19:48.122Z,178799518812200
"""Henry @ FQN9hzhzP_"" raises to 67",2026-08-29T09:19:42.037Z,178799518203700
"""gurt @ gpP9uUffpu"" posts a big blind of 10",2026-08-29T09:19:33.218Z,178799517321805
"""Henry @ FQN9hzhzP_"" posts a small blind of 5",2026-08-29T09:19:33.218Z,178799517321804
"Player stacks: #1 ""Henry @ FQN9hzhzP_"" (4678) | #2 ""gurt @ gpP9uUffpu"" (6249)",2026-08-29T09:19:33.218Z,178799517321801
"-- starting hand #307 (id: cvhrnfeprcp8)  No Limit Texas Hold'em (dealer: ""Henry @ FQN9hzhzP_"") --",2026-08-29T09:19:33.218Z,178799517321800
"""Henry @ FQN9hzhzP_"" shows a 9♠, 9♥.",2026-08-29T09:19:28.761Z,178799516876100
"Undealt cards:  [K♠, 3♣, 5♣, 8♦, 6♦]",2026-08-29T09:19:27.518Z,178799516751800
"-- ending hand #306 --",2026-08-29T09:19:26.613Z,178799516661302
"""Henry @ FQN9hzhzP_"" collected 100 from pot",2026-08-29T09:19:26.613Z,178799516661301
"Uncalled bet of 249 returned to ""Henry @ FQN9hzhzP_""",2026-08-29T09:19:26.613Z,178799516661300
"""gurt @ gpP9uUffpu"" folds",2026-08-29T09:19:25.805Z,178799516580500
"""Henry @ FQN9hzhzP_"" raises to 299",2026-08-29T09:19:24.822Z,178799516482200
"""gurt @ gpP9uUffpu"" raises to 50",2026-08-29T09:19:19.561Z,178799515956100
"""Henry @ FQN9hzhzP_"" posts a big blind of 10",2026-08-29T09:19:17.806Z,178799515780605
"""gurt @ gpP9uUffpu"" posts a small blind of 5",2026-08-29T09:19:17.806Z,178799515780604
"Player stacks: #1 ""Henry @ FQN9hzhzP_"" (4628) | #2 ""gurt @ gpP9uUffpu"" (6299)",2026-08-29T09:19:17.806Z,178799515780601
"-- starting hand #306 (id: mgycy5yiy3uy)  No Limit Texas Hold'em (dealer: ""gurt @ gpP9uUffpu"") --",2026-08-29T09:19:17.806Z,178799515780600
"""Henry @ FQN9hzhzP_"" shows a 7♥, K♣.",2026-08-29T09:19:13.085Z,178799515308500
"-- ending hand #305 --",2026-08-29T09:19:11.297Z,178799515129702
"""gurt @ gpP9uUffpu"" collected 40 from pot with Pair, 3's (combination: J♣, Q♥, A♠, 3♣, 3♦)",2026-08-29T09:19:11.297Z,178799515129701
"""gurt @ gpP9uUffpu"" shows a 3♣, Q♥.",2026-08-29T09:19:11.297Z,178799515129700
"""Henry @ FQN9hzhzP_"" calls 10",2026-08-29T09:19:10.458Z,178799515045800
"""gurt @ gpP9uUffpu"" bets 10",2026-08-29T09:19:08.992Z,178799514899200
"River: 5♥, A♠, 6♥, 3♦ [J♣]",2026-08-29T09:19:07.196Z,178799514719600
"""Henry @ FQN9hzhzP_"" checks",2026-08-29T09:19:06.298Z,178799514629800
"""gurt @ gpP9uUffpu"" checks",2026-08-29T09:19:05.322Z,178799514532200
"Turn: 5♥, A♠, 6♥ [3♦]",2026-08-29T09:19:04.897Z,178799514489700
"""Henry @ FQN9hzhzP_"" checks",2026-08-29T09:19:04.029Z,178799514402900
"""gurt @ gpP9uUffpu"" checks",2026-08-29T09:18:57.344Z,178799513734400
"Flop:  [5♥, A♠, 6♥]",2026-08-29T09:18:56.166Z,178799513616600
"""gurt @ gpP9uUffpu"" checks",2026-08-29T09:18:55.351Z,178799513535100
"""Henry @ FQN9hzhzP_"" calls 10",2026-08-29T09:18:53.813Z,178799513381300
"""gurt @ gpP9uUffpu"" posts a big blind of 10",2026-08-29T09:18:52.565Z,178799513256505
"""Henry @ FQN9hzhzP_"" posts a small blind of 5",2026-08-29T09:18:52.565Z,178799513256504
"Your hand is 3♣, Q♥",2026-08-29T09:18:52.565Z,178799513256503
"Player stacks: #1 ""Henry @ FQN9hzhzP_"" (4648) | #2 ""gurt @ gpP9uUffpu"" (6279)",2026-08-29T09:18:52.565Z,178799513256501
"-- starting hand #305 (id: htpzhbdobnsp)  No Limit Texas Hold'em (dealer: ""Henry @ FQN9hzhzP_"") --",2026-08-29T09:18:52.565Z,178799513256500
"""Henry @ FQN9hzhzP_"" shows a J♦.",2026-08-29T09:18:47.917Z,178799512791700
"Undealt cards:  [10♥, A♣, J♣, 3♠, 7♣]",2026-08-29T09:18:46.838Z,178799512683800
"-- ending hand #304 --",2026-08-29T09:18:45.963Z,178799512596302
"""gurt @ gpP9uUffpu"" collected 20 from pot",2026-08-29T09:18:45.963Z,178799512596301
"Uncalled bet of 40 returned to ""gurt @ gpP9uUffpu""",2026-08-29T09:18:45.963Z,178799512596300
"""Henry @ FQN9hzhzP_"" folds",2026-08-29T09:18:45.124Z,178799512512400
"""gurt @ gpP9uUffpu"" raises to 50",2026-08-29T09:18:40.646Z,178799512064600
"""Henry @ FQN9hzhzP_"" posts a big blind of 10",2026-08-29T09:18:38.521Z,178799511852105
"""gurt @ gpP9uUffpu"" posts a small blind of 5",2026-08-29T09:18:38.521Z,178799511852104
"Player stacks: #1 ""Henry @ FQN9hzhzP_"" (4658) | #2 ""gurt @ gpP9uUffpu"" (6269)",2026-08-29T09:18:38.521Z,178799511852101
"-- starting hand #304 (id: wqvd9guj2ipi)  No Limit Texas Hold'em (dealer: ""gurt @ gpP9uUffpu"") --",2026-08-29T09:18:38.521Z,178799511852100
"""Henry @ FQN9hzhzP_"" shows a 8♣.",2026-08-29T09:18:36.062Z,178799511606200
"-- ending hand #303 --",2026-08-29T09:18:34.917Z,178799511491702
"""Henry @ FQN9hzhzP_"" collected 134 from pot",2026-08-29T09:18:34.917Z,178799511491701
"Uncalled bet of 167 returned to ""Henry @ FQN9hzhzP_""",2026-08-29T09:18:34.917Z,178799511491700
"""gurt @ gpP9uUffpu"" folds",2026-08-29T09:18:34.106Z,178799511410600
"""Henry @ FQN9hzhzP_"" bets 167",2026-08-29T09:18:33.071Z,178799511307100
"""gurt @ gpP9uUffpu"" checks",2026-08-29T09:18:30.647Z,178799511064700
"River: 3♣, 7♥, 2♣, 9♦ [J♥]",2026-08-29T09:18:29.915Z,178799510991500
"""Henry @ FQN9hzhzP_"" checks",2026-08-29T09:18:29.102Z,178799510910200
"""gurt @ gpP9uUffpu"" checks",2026-08-29T09:18:27.421Z,178799510742100
"Turn: 3♣, 7♥, 2♣ [9♦]",2026-08-29T09:18:26.861Z,178799510686100
"""Henry @ FQN9hzhzP_"" checks",2026-08-29T09:18:26.018Z,178799510601800
"""gurt @ gpP9uUffpu"" checks",2026-08-29T09:18:24.477Z,178799510447700
"Flop:  [3♣, 7♥, 2♣]",2026-08-29T09:18:23.259Z,178799510325900
"""gurt @ gpP9uUffpu"" calls 67",2026-08-29T09:18:22.354Z,178799510235400
"""Henry @ FQN9hzhzP_"" raises to 67",2026-08-29T09:18:21.388Z,178799510138800
"""gurt @ gpP9uUffpu"" posts a big blind of 10",2026-08-29T09:18:16.655Z,178799509665505
"""Henry @ FQN9hzhzP_"" posts a small blind of 5",2026-08-29T09:18:16.655Z,178799509665504
"Player stacks: #1 ""Henry @ FQN9hzhzP_"" (4591) | #2 ""gurt @ gpP9uUffpu"" (6336)",2026-08-29T09:18:16.655Z,178799509665501
"-- starting hand #303 (id: y4l2024bhhrz)  No Limit Texas Hold'em (dealer: ""Henry @ FQN9hzhzP_"") --",2026-08-29T09:18:16.655Z,178799509665500
"""Henry @ FQN9hzhzP_"" shows a 2♠, 5♣.",2026-08-29T09:18:14.917Z,178799509491700
"-- ending hand #302 --",2026-08-29T09:18:13.048Z,178799509304801
"""gurt @ gpP9uUffpu"" collected 180 from pot",2026-08-29T09:18:13.048Z,178799509304800
"""Henry @ FQN9hzhzP_"" folds",2026-08-29T09:18:12.143Z,178799509214300
"River: 7♣, 10♦, 4♣, 4♠ [A♦]",2026-08-29T09:18:03.238Z,178799508323800
"""Henry @ FQN9hzhzP_"" calls 45",2026-08-29T09:18:02.337Z,178799508233700
"""gurt @ gpP9uUffpu"" bets 45",2026-08-29T09:18:01.043Z,178799508104300
"""Henry @ FQN9hzhzP_"" checks",2026-08-29T09:17:58.996Z,178799507899600
"Turn: 7♣, 10♦, 4♣ [4♠]",2026-08-29T09:17:56.895Z,178799507689500
"""gurt @ gpP9uUffpu"" checks",2026-08-29T09:17:56.079Z,178799507607900
"""Henry @ FQN9hzhzP_"" checks",2026-08-29T09:17:54.888Z,178799507488800
"Flop:  [7♣, 10♦, 4♣]",2026-08-29T09:17:53.042Z,178799507304200
"""gurt @ gpP9uUffpu"" calls 45",2026-08-29T09:17:52.167Z,178799507216700
"""Henry @ FQN9hzhzP_"" raises to 45",2026-08-29T09:17:51.209Z,178799507120900
"""gurt @ gpP9uUffpu"" calls 10",2026-08-29T09:17:45.064Z,178799506506400
"""Henry @ FQN9hzhzP_"" posts a big blind of 10",2026-08-29T09:17:44.004Z,178799506400405
"""gurt @ gpP9uUffpu"" posts a small blind of 5",2026-08-29T09:17:44.004Z,178799506400404
"Player stacks: #1 ""Henry @ FQN9hzhzP_"" (4681) | #2 ""gurt @ gpP9uUffpu"" (6246)",2026-08-29T09:17:44.004Z,178799506400401
"-- starting hand #302 (id: j8carmexyltl)  No Limit Texas Hold'em (dealer: ""gurt @ gpP9uUffpu"") --",2026-08-29T09:17:44.004Z,178799506400400
"""Henry @ FQN9hzhzP_"" shows a 4♣, 9♣.",2026-08-29T09:17:41.132Z,178799506113200
"Undealt cards: 2♣, Q♠, 9♦ [2♠, Q♦]",2026-08-29T09:17:37.554Z,178799505755400
"-- ending hand #301 --",2026-08-29T09:17:37.356Z,178799505735602
"""Henry @ FQN9hzhzP_"" collected 80 from pot",2026-08-29T09:17:37.356Z,178799505735601
"Uncalled bet of 67 returned to ""Henry @ FQN9hzhzP_""",2026-08-29T09:17:37.356Z,178799505735600
"""gurt @ gpP9uUffpu"" folds",2026-08-29T09:17:36.530Z,178799505653000
"""Henry @ FQN9hzhzP_"" bets 67",2026-08-29T09:17:35.273Z,178799505527300
"""gurt @ gpP9uUffpu"" checks",2026-08-29T09:17:31.943Z,178799505194300
"Flop:  [2♣, Q♠, 9♦]",2026-08-29T09:17:31.078Z,178799505107800
"""gurt @ gpP9uUffpu"" calls 40",2026-08-29T09:17:30.227Z,178799505022700
"""Henry @ FQN9hzhzP_"" raises to 40",2026-08-29T09:17:29.150Z,178799504915000
"""gurt @ gpP9uUffpu"" posts a big blind of 10",2026-08-29T09:17:08.911Z,178799502891105
"""Henry @ FQN9hzhzP_"" posts a small blind of 5",2026-08-29T09:17:08.911Z,178799502891104
"Player stacks: #1 ""Henry @ FQN9hzhzP_"" (4641) | #2 ""gurt @ gpP9uUffpu"" (6286)",2026-08-29T09:17:08.911Z,178799502891101
"-- starting hand #301 (id: i30snkk0sukt)  No Limit Texas Hold'em (dealer: ""Henry @ FQN9hzhzP_"") --",2026-08-29T09:17:08.911Z,178799502891100
"""Henry @ FQN9hzhzP_"" shows a 3♠.",2026-08-29T09:17:07.487Z,178799502748700
"""Henry @ FQN9hzhzP_"" shows a J♣.",2026-08-29T09:17:06.764Z,178799502676400
"""gurt @ gpP9uUffpu"" shows a 9♠.",2026-08-29T09:17:05.698Z,178799502569800
"-- ending hand #300 --",2026-08-29T09:17:04.586Z,178799502458602
"""gurt @ gpP9uUffpu"" collected 582 from pot",2026-08-29T09:17:04.586Z,178799502458601
"Uncalled bet of 5704 returned to ""gurt @ gpP9uUffpu""",2026-08-29T09:17:04.586Z,178799502458600
"""Henry @ FQN9hzhzP_"" folds",2026-08-29T09:17:03.748Z,178799502374800
"""gurt @ gpP9uUffpu"" bets 5704 and go all in",2026-08-29T09:17:02.112Z,178799502211200
"""Henry @ FQN9hzhzP_"" checks",2026-08-29T09:16:59.032Z,178799501903200
"River: 10♠, J♥, K♦, 4♦ [Q♥]",2026-08-29T09:16:54.051Z,178799501405100
"""gurt @ gpP9uUffpu"" calls 167",2026-08-29T09:16:53.137Z,178799501313700
"""Henry @ FQN9hzhzP_"" bets 167",2026-08-29T09:16:50.864Z,178799501086400
"Turn: 10♠, J♥, K♦ [4♦]",2026-08-29T09:16:46.045Z,178799500604500
"""gurt @ gpP9uUffpu"" calls 34",2026-08-29T09:16:45.162Z,178799500516200
"""Henry @ FQN9hzhzP_"" bets 34",2026-08-29T09:16:44.217Z,178799500421700
"Flop:  [10♠, J♥, K♦]",2026-08-29T09:16:39.067Z,178799499906700
"""Henry @ FQN9hzhzP_"" calls 90",2026-08-29T09:16:38.261Z,178799499826100
"""gurt @ gpP9uUffpu"" raises to 90",2026-08-29T09:16:36.605Z,178799499660500
"""Henry @ FQN9hzhzP_"" posts a big blind of 10",2026-08-29T09:16:34.510Z,178799499451005
"""gurt @ gpP9uUffpu"" posts a small blind of 5",2026-08-29T09:16:34.510Z,178799499451004
"Player stacks: #1 ""Henry @ FQN9hzhzP_"" (4932) | #2 ""gurt @ gpP9uUffpu"" (5995)",2026-08-29T09:16:34.510Z,178799499451001
"-- starting hand #300 (id: t5ocbjyalubg)  No Limit Texas Hold'em (dealer: ""gurt @ gpP9uUffpu"") --",2026-08-29T09:16:34.510Z,178799499451000
"-- ending hand #299 --",2026-08-29T09:16:31.590Z,178799499159002
"""gurt @ gpP9uUffpu"" collected 40 from pot",2026-08-29T09:16:31.590Z,178799499159001
"Uncalled bet of 12 returned to ""gurt @ gpP9uUffpu""",2026-08-29T09:16:31.590Z,178799499159000
"""Henry @ FQN9hzhzP_"" folds",2026-08-29T09:16:30.756Z,178799499075600
"""gurt @ gpP9uUffpu"" bets 12",2026-08-29T09:16:29.323Z,178799498932300
"River: J♥, K♦, 2♥, J♣ [A♠]",2026-08-29T09:16:25.788Z,178799498578800
"""Henry @ FQN9hzhzP_"" calls 10",2026-08-29T09:16:24.912Z,178799498491200
"""gurt @ gpP9uUffpu"" bets 10",2026-08-29T09:16:23.740Z,178799498374000
"Turn: J♥, K♦, 2♥ [J♣]",2026-08-29T09:16:17.982Z,178799497798200
"""Henry @ FQN9hzhzP_"" checks",2026-08-29T09:16:17.143Z,178799497714300
"""gurt @ gpP9uUffpu"" checks",2026-08-29T09:16:15.910Z,178799497591000
"Flop:  [J♥, K♦, 2♥]",2026-08-29T09:16:13.697Z,178799497369700
"""gurt @ gpP9uUffpu"" checks",2026-08-29T09:16:12.879Z,178799497287900
"""Henry @ FQN9hzhzP_"" calls 10",2026-08-29T09:16:11.962Z,178799497196200
"""gurt @ gpP9uUffpu"" posts a big blind of 10",2026-08-29T09:16:08.979Z,178799496897905
"""Henry @ FQN9hzhzP_"" posts a small blind of 5",2026-08-29T09:16:08.979Z,178799496897904
"Player stacks: #1 ""Henry @ FQN9hzhzP_"" (4952) | #2 ""gurt @ gpP9uUffpu"" (5975)",2026-08-29T09:16:08.979Z,178799496897901
"-- starting hand #299 (id: m8h7xsilmcky)  No Limit Texas Hold'em (dealer: ""Henry @ FQN9hzhzP_"") --",2026-08-29T09:16:08.979Z,178799496897900
"-- ending hand #298 --",2026-08-29T09:16:02.898Z,178799496289802
"""Henry @ FQN9hzhzP_"" collected 168 from pot with Q High (combination: 5♦, 8♠, 9♣, J♦, Q♣)",2026-08-29T09:16:02.898Z,178799496289801
"""Henry @ FQN9hzhzP_"" shows a 9♣, J♦.",2026-08-29T09:16:02.898Z,178799496289800
"""gurt @ gpP9uUffpu"" checks",2026-08-29T09:16:02.046Z,178799496204600
"""Henry @ FQN9hzhzP_"" checks",2026-08-29T09:15:59.103Z,178799495910300
"River: 5♦, 4♥, Q♣, 8♠ [3♥]",2026-08-29T09:15:57.157Z,178799495715700
"""gurt @ gpP9uUffpu"" calls 34",2026-08-29T09:15:56.258Z,178799495625800
"""Henry @ FQN9hzhzP_"" bets 34",2026-08-29T09:15:55.261Z,178799495526100
"Turn: 5♦, 4♥, Q♣ [8♠]",2026-08-29T09:15:52.758Z,178799495275800
"""gurt @ gpP9uUffpu"" checks",2026-08-29T09:15:51.881Z,178799495188100
"""Henry @ FQN9hzhzP_"" checks",2026-08-29T09:15:50.974Z,178799495097400
"Flop:  [5♦, 4♥, Q♣]",2026-08-29T09:15:48.163Z,178799494816300
"""Henry @ FQN9hzhzP_"" calls 50",2026-08-29T09:15:47.346Z,178799494734600
"""gurt @ gpP9uUffpu"" raises to 50",2026-08-29T09:15:46.341Z,178799494634100
"""Henry @ FQN9hzhzP_"" posts a big blind of 10",2026-08-29T09:15:43.994Z,178799494399405
"""gurt @ gpP9uUffpu"" posts a small blind of 5",2026-08-29T09:15:43.994Z,178799494399404
"Player stacks: #1 ""Henry @ FQN9hzhzP_"" (4868) | #2 ""gurt @ gpP9uUffpu"" (6059)",2026-08-29T09:15:43.994Z,178799494399401
"-- starting hand #298 (id: 87hu2j25pzwn)  No Limit Texas Hold'em (dealer: ""gurt @ gpP9uUffpu"") --",2026-08-29T09:15:43.994Z,178799494399400
"""Henry @ FQN9hzhzP_"" shows a 9♦, J♠.",2026-08-29T09:15:41.311Z,178799494131100
"-- ending hand #297 --",2026-08-29T09:15:40.351Z,178799494035102
"""gurt @ gpP9uUffpu"" collected 376 from pot",2026-08-29T09:15:40.351Z,178799494035101
"Uncalled bet of 169 returned to ""gurt @ gpP9uUffpu""",2026-08-29T09:15:40.351Z,178799494035100
"""Henry @ FQN9hzhzP_"" folds",2026-08-29T09:15:39.407Z,178799493940700
"""gurt @ gpP9uUffpu"" bets 169",2026-08-29T09:15:37.279Z,178799493727900
"River: 2♥, 8♥, Q♦, K♣ [A♦]",2026-08-29T09:15:33.144Z,178799493314400
"""Henry @ FQN9hzhzP_"" calls 69",2026-08-29T09:15:32.266Z,178799493226600
"""gurt @ gpP9uUffpu"" bets 69",2026-08-29T09:15:30.753Z,178799493075300
"Turn: 2♥, 8♥, Q♦ [K♣]",2026-08-29T09:15:27.540Z,178799492754000
"""Henry @ FQN9hzhzP_"" calls 69",2026-08-29T09:15:26.594Z,178799492659400
"""gurt @ gpP9uUffpu"" bets 69",2026-08-29T09:15:24.597Z,178799492459700
"Flop:  [2♥, 8♥, Q♦]",2026-08-29T09:15:21.322Z,178799492132200
"""Henry @ FQN9hzhzP_"" calls 50",2026-08-29T09:15:20.423Z,178799492042300
"""gurt @ gpP9uUffpu"" raises to 50",2026-08-29T09:15:15.092Z,178799491509200
"""Henry @ FQN9hzhzP_"" calls 10",2026-08-29T09:15:12.696Z,178799491269600
"""gurt @ gpP9uUffpu"" posts a big blind of 10",2026-08-29T09:15:06.312Z,178799490631205
"""Henry @ FQN9hzhzP_"" posts a small blind of 5",2026-08-29T09:15:06.312Z,178799490631204
"Player stacks: #1 ""Henry @ FQN9hzhzP_"" (5056) | #2 ""gurt @ gpP9uUffpu"" (5871)",2026-08-29T09:15:06.312Z,178799490631201
"-- starting hand #297 (id: tn20laeuar2m)  No Limit Texas Hold'em (dealer: ""Henry @ FQN9hzhzP_"") --",2026-08-29T09:15:06.312Z,178799490631200
"""Henry @ FQN9hzhzP_"" shows a 9♦, K♥.",2026-08-29T09:15:00.907Z,178799490090700
"Undealt cards: 10♠, A♣, Q♦ [10♦, 6♥]",2026-08-29T09:15:00.040Z,178799490004000
"-- ending hand #296 --",2026-08-29T09:14:59.677Z,178799489967702
"""Henry @ FQN9hzhzP_"" collected 20 from pot",2026-08-29T09:14:59.677Z,178799489967701
"Uncalled bet of 12 returned to ""Henry @ FQN9hzhzP_""",2026-08-29T09:14:59.677Z,178799489967700
"""gurt @ gpP9uUffpu"" folds",2026-08-29T09:14:58.759Z,178799489875900
"""Henry @ FQN9hzhzP_"" bets 12",2026-08-29T09:14:57.708Z,178799489770800
"Flop:  [10♠, A♣, Q♦]",2026-08-29T09:14:50.874Z,178799489087400
"""Henry @ FQN9hzhzP_"" checks",2026-08-29T09:14:49.949Z,178799488994900
"""gurt @ gpP9uUffpu"" calls 10",2026-08-29T09:14:32.086Z,178799487208600
"""Henry @ FQN9hzhzP_"" posts a big blind of 10",2026-08-29T09:14:31.287Z,178799487128705
"""gurt @ gpP9uUffpu"" posts a small blind of 5",2026-08-29T09:14:31.287Z,178799487128704
"Player stacks: #1 ""Henry @ FQN9hzhzP_"" (5046) | #2 ""gurt @ gpP9uUffpu"" (5881)",2026-08-29T09:14:31.287Z,178799487128701
"-- starting hand #296 (id: gdxq8kfd0n4c)  No Limit Texas Hold'em (dealer: ""gurt @ gpP9uUffpu"") --",2026-08-29T09:14:31.287Z,178799487128700
"""Henry @ FQN9hzhzP_"" shows a 5♦.",2026-08-29T09:14:26.821Z,178799486682100
"Undealt cards: 7♣, 8♠, 5♥, 2♦ [7♥]",2026-08-29T09:14:24.924Z,178799486492400
"-- ending hand #295 --",2026-08-29T09:14:24.659Z,178799486465902
"""Henry @ FQN9hzhzP_"" collected 2974 from pot",2026-08-29T09:14:24.659Z,178799486465901
"Uncalled bet of 2072 returned to ""Henry @ FQN9hzhzP_""",2026-08-29T09:14:24.659Z,178799486465900
"""gurt @ gpP9uUffpu"" folds",2026-08-29T09:14:23.826Z,178799486382600
"""Henry @ FQN9hzhzP_"" raises to 2964 and go all in",2026-08-29T09:14:20.994Z,178799486099400
"""gurt @ gpP9uUffpu"" bets 892",2026-08-29T09:13:58.978Z,178799483897800
"Turn: 7♣, 8♠, 5♥ [2♦]",2026-08-29T09:13:56.485Z,178799483648500
"""gurt @ gpP9uUffpu"" calls 345",2026-08-29T09:13:55.681Z,178799483568100
"""Henry @ FQN9hzhzP_"" raises to 345",2026-08-29T09:13:53.609Z,178799483360900
"""gurt @ gpP9uUffpu"" bets 100",2026-08-29T09:13:50.739Z,178799483073900
"Flop:  [7♣, 8♠, 5♥]",2026-08-29T09:13:47.124Z,178799482712400
"""Henry @ FQN9hzhzP_"" calls 250",2026-08-29T09:13:46.317Z,178799482631700
"""gurt @ gpP9uUffpu"" raises to 250",2026-08-29T09:13:44.771Z,178799482477100
"""Henry @ FQN9hzhzP_"" raises to 67",2026-08-29T09:13:42.551Z,178799482255100
"""gurt @ gpP9uUffpu"" posts a big blind of 10",2026-08-29T09:13:33.720Z,178799481372005
"""Henry @ FQN9hzhzP_"" posts a small blind of 5",2026-08-29T09:13:33.720Z,178799481372004
"Player stacks: #1 ""Henry @ FQN9hzhzP_"" (3559) | #2 ""gurt @ gpP9uUffpu"" (7368)",2026-08-29T09:13:33.720Z,178799481372001
"-- starting hand #295 (id: 5vkczmujvkdg)  No Limit Texas Hold'em (dealer: ""Henry @ FQN9hzhzP_"") --",2026-08-29T09:13:33.720Z,178799481372000
"""Henry @ FQN9hzhzP_"" shows a 3♦, 2♥.",2026-08-29T09:13:29.473Z,178799480947300
"Undealt cards:  [5♦, Q♣, 5♥, 10♥, 7♣]",2026-08-29T09:13:28.744Z,178799480874400
"-- ending hand #294 --",2026-08-29T09:13:27.072Z,178799480707202
"""gurt @ gpP9uUffpu"" collected 20 from pot",2026-08-29T09:13:27.072Z,178799480707201
"Uncalled bet of 40 returned to ""gurt @ gpP9uUffpu""",2026-08-29T09:13:27.072Z,178799480707200
"""Henry @ FQN9hzhzP_"" folds",2026-08-29T09:13:26.203Z,178799480620300
"""gurt @ gpP9uUffpu"" raises to 50",2026-08-29T09:13:25.276Z,178799480527600
"""Henry @ FQN9hzhzP_"" posts a big blind of 10",2026-08-29T09:13:23.707Z,178799480370705
"""gurt @ gpP9uUffpu"" posts a small blind of 5",2026-08-29T09:13:23.707Z,178799480370704
"Player stacks: #1 ""Henry @ FQN9hzhzP_"" (3569) | #2 ""gurt @ gpP9uUffpu"" (7358)",2026-08-29T09:13:23.707Z,178799480370701
"-- starting hand #294 (id: hxownybz0q4f)  No Limit Texas Hold'em (dealer: ""gurt @ gpP9uUffpu"") --",2026-08-29T09:13:23.707Z,178799480370700
"-- ending hand #293 --",2026-08-29T09:13:17.667Z,178799479766703
"""Henry @ FQN9hzhzP_"" collected 202 from pot with Pair, 5's (combination: 6♠, 8♥, Q♥, 5♣, 5♦)",2026-08-29T09:13:17.667Z,178799479766702
"""Henry @ FQN9hzhzP_"" shows a 6♠, 5♣.",2026-08-29T09:13:17.667Z,178799479766701
"""gurt @ gpP9uUffpu"" shows a J♥, 7♥.",2026-08-29T09:13:17.667Z,178799479766700
"""Henry @ FQN9hzhzP_"" checks",2026-08-29T09:13:16.779Z,178799479677900
"""gurt @ gpP9uUffpu"" checks",2026-08-29T09:13:15.356Z,178799479535600
"River: 8♥, 4♣, 5♦, 2♣ [Q♥]",2026-08-29T09:13:14.661Z,178799479466100
"""gurt @ gpP9uUffpu"" calls 46",2026-08-29T09:13:13.751Z,178799479375100
"""Henry @ FQN9hzhzP_"" bets 46",2026-08-29T09:13:12.763Z,178799479276300
"""gurt @ gpP9uUffpu"" checks",2026-08-29T09:13:10.431Z,178799479043100
"Turn: 8♥, 4♣, 5♦ [2♣]",2026-08-29T09:13:09.657Z,178799478965700
"""gurt @ gpP9uUffpu"" calls 35",2026-08-29T09:13:08.813Z,178799478881300
"""Henry @ FQN9hzhzP_"" bets 35",2026-08-29T09:13:07.908Z,178799478790800
"""gurt @ gpP9uUffpu"" checks",2026-08-29T09:13:05.899Z,178799478589900
"Flop:  [8♥, 4♣, 5♦]",2026-08-29T09:13:04.497Z,178799478449700
"""gurt @ gpP9uUffpu"" calls 20",2026-08-29T09:13:03.668Z,178799478366800
"""Henry @ FQN9hzhzP_"" raises to 20",2026-08-29T09:13:02.164Z,178799478216400
"""gurt @ gpP9uUffpu"" posts a big blind of 10",2026-08-29T09:12:59.416Z,178799477941605
"""Henry @ FQN9hzhzP_"" posts a small blind of 5",2026-08-29T09:12:59.416Z,178799477941604
"Your hand is J♥, 7♥",2026-08-29T09:12:59.416Z,178799477941603
"Player stacks: #1 ""Henry @ FQN9hzhzP_"" (3468) | #2 ""gurt @ gpP9uUffpu"" (7459)",2026-08-29T09:12:59.416Z,178799477941601
"-- starting hand #293 (id: 9otrkgwq4hbq)  No Limit Texas Hold'em (dealer: ""Henry @ FQN9hzhzP_"") --",2026-08-29T09:12:59.416Z,178799477941600
"""Henry @ FQN9hzhzP_"" shows a 10♠.",2026-08-29T09:12:56.898Z,178799477689800
"""Henry @ FQN9hzhzP_"" shows a 6♠.",2026-08-29T09:12:54.854Z,178799477485400
"""gurt @ gpP9uUffpu"" shows a 6♦.",2026-08-29T09:12:53.965Z,178799477396500
"Undealt cards: 4♦, 7♥, Q♥ [8♣, 6♥]",2026-08-29T09:12:52.561Z,178799477256100
"-- ending hand #292 --",2026-08-29T09:12:52.014Z,178799477201401
"""gurt @ gpP9uUffpu"" collected 72 from pot",2026-08-29T09:12:52.014Z,178799477201400
"""Henry @ FQN9hzhzP_"" folds",2026-08-29T09:12:51.204Z,178799477120400
"Flop:  [4♦, 7♥, Q♥]",2026-08-29T09:12:49.011Z,178799476901100
"""gurt @ gpP9uUffpu"" calls 36",2026-08-29T09:12:48.157Z,178799476815700
"""Henry @ FQN9hzhzP_"" raises to 36",2026-08-29T09:12:47.214Z,178799476721400
"""gurt @ gpP9uUffpu"" calls 10",2026-08-29T09:12:45.196Z,178799476519600
"""Henry @ FQN9hzhzP_"" posts a big blind of 10",2026-08-29T09:12:43.209Z,178799476320905
"""gurt @ gpP9uUffpu"" posts a small blind of 5",2026-08-29T09:12:43.209Z,178799476320904
"Player stacks: #1 ""Henry @ FQN9hzhzP_"" (3504) | #2 ""gurt @ gpP9uUffpu"" (7423)",2026-08-29T09:12:43.209Z,178799476320901
"-- starting hand #292 (id: fmimdeq7s5fp)  No Limit Texas Hold'em (dealer: ""gurt @ gpP9uUffpu"") --",2026-08-29T09:12:43.209Z,178799476320900
"""Henry @ FQN9hzhzP_"" shows a 10♦, J♥.",2026-08-29T09:12:38.689Z,178799475868900
"Undealt cards: 10♣, K♦, 5♠ [J♦, 3♥]",2026-08-29T09:12:37.311Z,178799475731100
"-- ending hand #291 --",2026-08-29T09:12:36.595Z,178799475659502
"""Henry @ FQN9hzhzP_"" collected 92 from pot",2026-08-29T09:12:36.595Z,178799475659501
"Uncalled bet of 45 returned to ""Henry @ FQN9hzhzP_""",2026-08-29T09:12:36.595Z,178799475659500
"""gurt @ gpP9uUffpu"" folds",2026-08-29T09:12:35.685Z,178799475568500
"""Henry @ FQN9hzhzP_"" bets 45",2026-08-29T09:12:34.760Z,178799475476000
"""gurt @ gpP9uUffpu"" checks",2026-08-29T09:12:31.241Z,178799475124100
"Flop:  [10♣, K♦, 5♠]",2026-08-29T09:12:29.796Z,178799474979600
"""gurt @ gpP9uUffpu"" calls 46",2026-08-29T09:12:28.946Z,178799474894600
"""Henry @ FQN9hzhzP_"" raises to 46",2026-08-29T09:12:28.013Z,178799474801300
"""gurt @ gpP9uUffpu"" posts a big blind of 10",2026-08-29T09:12:25.793Z,178799474579305
"""Henry @ FQN9hzhzP_"" posts a small blind of 5",2026-08-29T09:12:25.793Z,178799474579304
"Player stacks: #1 ""Henry @ FQN9hzhzP_"" (3458) | #2 ""gurt @ gpP9uUffpu"" (7469)",2026-08-29T09:12:25.793Z,178799474579301
"-- starting hand #291 (id: bgaclzhqqxn2)  No Limit Texas Hold'em (dealer: ""Henry @ FQN9hzhzP_"") --",2026-08-29T09:12:25.793Z,178799474579300
"Undealt cards:  [J♠, A♣, 2♥, 2♣, J♦]",2026-08-29T09:12:20.176Z,178799474017600
"-- ending hand #290 --",2026-08-29T09:12:19.850Z,178799473985002
"""Henry @ FQN9hzhzP_"" collected 10 from pot",2026-08-29T09:12:19.850Z,178799473985001
"Uncalled bet of 5 returned to ""Henry @ FQN9hzhzP_""",2026-08-29T09:12:19.850Z,178799473985000
"""gurt @ gpP9uUffpu"" folds",2026-08-29T09:12:19.026Z,178799473902600
"""Henry @ FQN9hzhzP_"" posts a big blind of 10",2026-08-29T09:12:17.989Z,178799473798905
"""gurt @ gpP9uUffpu"" posts a small blind of 5",2026-08-29T09:12:17.989Z,178799473798904
"Player stacks: #1 ""Henry @ FQN9hzhzP_"" (3453) | #2 ""gurt @ gpP9uUffpu"" (7474)",2026-08-29T09:12:17.989Z,178799473798901
"-- starting hand #290 (id: 0bcrkh9rtxkh)  No Limit Texas Hold'em (dealer: ""gurt @ gpP9uUffpu"") --",2026-08-29T09:12:17.989Z,178799473798900
"-- ending hand #289 --",2026-08-29T09:12:15.040Z,178799473504002
"""gurt @ gpP9uUffpu"" collected 92 from pot",2026-08-29T09:12:15.040Z,178799473504001
"Uncalled bet of 69 returned to ""gurt @ gpP9uUffpu""",2026-08-29T09:12:15.040Z,178799473504000
"""Henry @ FQN9hzhzP_"" folds",2026-08-29T09:12:14.206Z,178799473420600
"""gurt @ gpP9uUffpu"" bets 69",2026-08-29T09:12:12.917Z,178799473291700
"River: 10♣, 5♠, A♥, 3♠ [4♦]",2026-08-29T09:12:10.387Z,178799473038700
"""Henry @ FQN9hzhzP_"" checks",2026-08-29T09:12:09.535Z,178799472953500
"""gurt @ gpP9uUffpu"" checks",2026-08-29T09:12:08.311Z,178799472831100
"Turn: 10♣, 5♠, A♥ [3♠]",2026-08-29T09:12:07.582Z,178799472758200
"""Henry @ FQN9hzhzP_"" checks",2026-08-29T09:12:06.684Z,178799472668400
"""gurt @ gpP9uUffpu"" checks",2026-08-29T09:12:05.351Z,178799472535100
"Flop:  [10♣, 5♠, A♥]",2026-08-29T09:12:04.381Z,178799472438100
"""gurt @ gpP9uUffpu"" calls 46",2026-08-29T09:12:03.447Z,178799472344700
"""Henry @ FQN9hzhzP_"" raises to 46",2026-08-29T09:12:02.362Z,178799472236200
"""gurt @ gpP9uUffpu"" posts a big blind of 10",2026-08-29T09:12:00.178Z,178799472017805
"""Henry @ FQN9hzhzP_"" posts a small blind of 5",2026-08-29T09:12:00.178Z,178799472017804
"Player stacks: #1 ""Henry @ FQN9hzhzP_"" (3499) | #2 ""gurt @ gpP9uUffpu"" (7428)",2026-08-29T09:12:00.178Z,178799472017801
"-- starting hand #289 (id: h56bkr74ocxn)  No Limit Texas Hold'em (dealer: ""Henry @ FQN9hzhzP_"") --",2026-08-29T09:12:00.178Z,178799472017800
"""Henry @ FQN9hzhzP_"" shows a K♥, 6♥.",2026-08-29T09:11:56.177Z,178799471617700
"Undealt cards:  [K♦, A♦, 4♣, 5♦, 4♥]",2026-08-29T09:11:53.720Z,178799471372000
"-- ending hand #288 --",2026-08-29T09:11:53.540Z,178799471354002
"""Henry @ FQN9hzhzP_"" collected 10 from pot",2026-08-29T09:11:53.540Z,178799471354001
"Uncalled bet of 5 returned to ""Henry @ FQN9hzhzP_""",2026-08-29T09:11:53.540Z,178799471354000
"""gurt @ gpP9uUffpu"" folds",2026-08-29T09:11:52.673Z,178799471267300
"""Henry @ FQN9hzhzP_"" posts a big blind of 10",2026-08-29T09:11:51.740Z,178799471174005
"""gurt @ gpP9uUffpu"" posts a small blind of 5",2026-08-29T09:11:51.740Z,178799471174004
"Player stacks: #1 ""Henry @ FQN9hzhzP_"" (3494) | #2 ""gurt @ gpP9uUffpu"" (7433)",2026-08-29T09:11:51.740Z,178799471174001
"-- starting hand #288 (id: gynsyfee97mx)  No Limit Texas Hold'em (dealer: ""gurt @ gpP9uUffpu"") --",2026-08-29T09:11:51.740Z,178799471174000
"""gurt @ gpP9uUffpu"" shows a K♣.",2026-08-29T09:11:48.186Z,178799470818600
"""Henry @ FQN9hzhzP_"" shows a 7♦.",2026-08-29T09:11:45.979Z,178799470597900
"Undealt cards: 7♣, 2♦, J♠ [7♠, K♥]",2026-08-29T09:11:44.523Z,178799470452300
"-- ending hand #287 --",2026-08-29T09:11:44.359Z,178799470435902
"""Henry @ FQN9hzhzP_"" collected 70 from pot",2026-08-29T09:11:44.359Z,178799470435901
"Uncalled bet of 40 returned to ""Henry @ FQN9hzhzP_""",2026-08-29T09:11:44.359Z,178799470435900
"""gurt @ gpP9uUffpu"" folds",2026-08-29T09:11:43.533Z,178799470353300
"""Henry @ FQN9hzhzP_"" bets 40",2026-08-29T09:11:42.332Z,178799470233200
"""gurt @ gpP9uUffpu"" checks",2026-08-29T09:11:37.268Z,178799469726800
"Flop:  [7♣, 2♦, J♠]",2026-08-29T09:11:36.121Z,178799469612100
"""gurt @ gpP9uUffpu"" calls 35",2026-08-29T09:11:35.211Z,178799469521100
"""Henry @ FQN9hzhzP_"" raises to 35",2026-08-29T09:11:34.201Z,178799469420100
"""gurt @ gpP9uUffpu"" posts a big blind of 10",2026-08-29T09:11:27.155Z,178799468715505
"""Henry @ FQN9hzhzP_"" posts a small blind of 5",2026-08-29T09:11:27.155Z,178799468715504
"Player stacks: #1 ""Henry @ FQN9hzhzP_"" (3459) | #2 ""gurt @ gpP9uUffpu"" (7468)",2026-08-29T09:11:27.155Z,178799468715501
"-- starting hand #287 (id: tbpfigzpniri)  No Limit Texas Hold'em (dealer: ""Henry @ FQN9hzhzP_"") --",2026-08-29T09:11:27.155Z,178799468715500
"""Henry @ FQN9hzhzP_"" shows a K♥.",2026-08-29T09:11:23.479Z,178799468347900
"Undealt cards:  [6♦, K♦, 4♠, 10♣, A♥]",2026-08-29T09:11:21.735Z,178799468173500
"-- ending hand #286 --",2026-08-29T09:11:20.551Z,178799468055102
"""Henry @ FQN9hzhzP_"" collected 10 from pot",2026-08-29T09:11:20.551Z,178799468055101
"Uncalled bet of 5 returned to ""Henry @ FQN9hzhzP_""",2026-08-29T09:11:20.551Z,178799468055100
"""gurt @ gpP9uUffpu"" folds",2026-08-29T09:11:19.728Z,178799467972800
"""Henry @ FQN9hzhzP_"" posts a big blind of 10",2026-08-29T09:11:18.112Z,178799467811205
"""gurt @ gpP9uUffpu"" posts a small blind of 5",2026-08-29T09:11:18.112Z,178799467811204
"Player stacks: #1 ""Henry @ FQN9hzhzP_"" (3454) | #2 ""gurt @ gpP9uUffpu"" (7473)",2026-08-29T09:11:18.112Z,178799467811201
"-- starting hand #286 (id: hcnkqvf3bj9b)  No Limit Texas Hold'em (dealer: ""gurt @ gpP9uUffpu"") --",2026-08-29T09:11:18.112Z,178799467811200
"-- ending hand #285 --",2026-08-29T09:11:12.107Z,178799467210703
"""Henry @ FQN9hzhzP_"" collected 504 from pot with Pair, 10's (combination: 6♠, 7♠, Q♦, 10♠, 10♦)",2026-08-29T09:11:12.107Z,178799467210702
"""Henry @ FQN9hzhzP_"" shows a 10♠, 4♠.",2026-08-29T09:11:12.107Z,178799467210701
"""gurt @ gpP9uUffpu"" shows a 4♦, 3♥.",2026-08-29T09:11:12.107Z,178799467210700
"""Henry @ FQN9hzhzP_"" calls 151",2026-08-29T09:11:11.211Z,178799467121100
"""gurt @ gpP9uUffpu"" bets 151",2026-08-29T09:11:10.210Z,178799467021000
"River: 7♠, 2♦, 10♦, 6♠ [Q♦]",2026-08-29T09:11:07.903Z,178799466790300
"""gurt @ gpP9uUffpu"" calls 56",2026-08-29T09:11:06.993Z,178799466699300
"""Henry @ FQN9hzhzP_"" bets 56",2026-08-29T09:11:06.044Z,178799466604400
"""gurt @ gpP9uUffpu"" checks",2026-08-29T09:11:04.306Z,178799466430600
"Turn: 7♠, 2♦, 10♦ [6♠]",2026-08-29T09:11:03.303Z,178799466330300
"""Henry @ FQN9hzhzP_"" checks",2026-08-29T09:11:02.371Z,178799466237100
"""gurt @ gpP9uUffpu"" checks",2026-08-29T09:11:00.514Z,178799466051400
"Flop:  [7♠, 2♦, 10♦]",2026-08-29T09:10:59.462Z,178799465946200
"""gurt @ gpP9uUffpu"" calls 45",2026-08-29T09:10:58.603Z,178799465860300
"""Henry @ FQN9hzhzP_"" raises to 45",2026-08-29T09:10:57.421Z,178799465742100
"""gurt @ gpP9uUffpu"" posts a big blind of 10",2026-08-29T09:10:50.571Z,178799465057105
"""Henry @ FQN9hzhzP_"" posts a small blind of 5",2026-08-29T09:10:50.571Z,178799465057104
"Your hand is 4♦, 3♥",2026-08-29T09:10:50.571Z,178799465057103
"Player stacks: #1 ""Henry @ FQN9hzhzP_"" (3202) | #2 ""gurt @ gpP9uUffpu"" (7725)",2026-08-29T09:10:50.571Z,178799465057101
"-- starting hand #285 (id: n0zsl3bjlfrl)  No Limit Texas Hold'em (dealer: ""Henry @ FQN9hzhzP_"") --",2026-08-29T09:10:50.571Z,178799465057100
"""gurt @ gpP9uUffpu"" shows a Q♠.",2026-08-29T09:10:46.492Z,178799464649200
"""Henry @ FQN9hzhzP_"" shows a 10♠.",2026-08-29T09:10:45.229Z,178799464522900
"Undealt cards: J♦, 4♦, 9♥, K♥ [10♣]",2026-08-29T09:10:43.543Z,178799464354300
"-- ending hand #284 --",2026-08-29T09:10:43.248Z,178799464324802
"""gurt @ gpP9uUffpu"" collected 250 from pot",2026-08-29T09:10:43.248Z,178799464324801
"Uncalled bet of 90 returned to ""gurt @ gpP9uUffpu""",2026-08-29T09:10:43.248Z,178799464324800
"""Henry @ FQN9hzhzP_"" folds",2026-08-29T09:10:42.378Z,178799464237800
"""gurt @ gpP9uUffpu"" raises to 135",2026-08-29T09:10:37.818Z,178799463781800
"""Henry @ FQN9hzhzP_"" bets 45",2026-08-29T09:10:35.612Z,178799463561200
"Turn: J♦, 4♦, 9♥ [K♥]",2026-08-29T09:10:28.635Z,178799462863500
"""Henry @ FQN9hzhzP_"" calls 30",2026-08-29T09:10:27.772Z,178799462777200
"""gurt @ gpP9uUffpu"" bets 30",2026-08-29T09:10:26.439Z,178799462643900
"""Henry @ FQN9hzhzP_"" checks",2026-08-29T09:10:24.361Z,178799462436100
"Flop:  [J♦, 4♦, 9♥]",2026-08-29T09:10:17.944Z,178799461794400
"""Henry @ FQN9hzhzP_"" calls 50",2026-08-29T09:10:17.092Z,178799461709200
"""gurt @ gpP9uUffpu"" raises to 50",2026-08-29T09:10:13.954Z,178799461395400
"""Henry @ FQN9hzhzP_"" posts a big blind of 10",2026-08-29T09:10:11.413Z,178799461141305
"""gurt @ gpP9uUffpu"" posts a small blind of 5",2026-08-29T09:10:11.413Z,178799461141304
"Player stacks: #1 ""Henry @ FQN9hzhzP_"" (3327) | #2 ""gurt @ gpP9uUffpu"" (7600)",2026-08-29T09:10:11.413Z,178799461141301
"-- starting hand #284 (id: widmj2sjzh2r)  No Limit Texas Hold'em (dealer: ""gurt @ gpP9uUffpu"") --",2026-08-29T09:10:11.413Z,178799461141300
"-- ending hand #283 --",2026-08-29T09:10:05.410Z,178799460541004
"""gurt @ gpP9uUffpu"" collected 134 from pot with Pair, K's (combination: 8♠, J♠, A♦, K♦, K♣)",2026-08-29T09:10:05.410Z,178799460541003
"""Henry @ FQN9hzhzP_"" collected 134 from pot with Pair, K's (combination: 8♠, J♠, A♥, K♦, K♣)",2026-08-29T09:10:05.410Z,178799460541002
"""Henry @ FQN9hzhzP_"" shows a 5♣, A♥.",2026-08-29T09:10:05.410Z,178799460541001
"""gurt @ gpP9uUffpu"" shows a 3♠, A♦.",2026-08-29T09:10:05.410Z,178799460541000
"""Henry @ FQN9hzhzP_"" checks",2026-08-29T09:10:04.602Z,178799460460200
"""gurt @ gpP9uUffpu"" checks",2026-08-29T09:10:03.591Z,178799460359100
"River: K♦, 8♠, J♠, K♣ [2♥]",2026-08-29T09:10:02.634Z,178799460263400
"""Henry @ FQN9hzhzP_"" checks",2026-08-29T09:10:01.778Z,178799460177800
"""gurt @ gpP9uUffpu"" checks",2026-08-29T09:10:00.339Z,178799460033900
"Turn: K♦, 8♠, J♠ [K♣]",2026-08-29T09:09:58.196Z,178799459819600
"""gurt @ gpP9uUffpu"" calls 67",2026-08-29T09:09:57.385Z,178799459738500
"""Henry @ FQN9hzhzP_"" raises to 67",2026-08-29T09:09:56.228Z,178799459622800
"""gurt @ gpP9uUffpu"" bets 30",2026-08-29T09:09:50.392Z,178799459039200
"Flop:  [K♦, 8♠, J♠]",2026-08-29T09:09:47.995Z,178799458799500
"""gurt @ gpP9uUffpu"" calls 67",2026-08-29T09:09:47.171Z,178799458717100
"""Henry @ FQN9hzhzP_"" raises to 67",2026-08-29T09:09:46.276Z,178799458627600
"""gurt @ gpP9uUffpu"" posts a big blind of 10",2026-08-29T09:09:35.985Z,178799457598505
"""Henry @ FQN9hzhzP_"" posts a small blind of 5",2026-08-29T09:09:35.985Z,178799457598504
"Your hand is 3♠, A♦",2026-08-29T09:09:35.985Z,178799457598503
"Player stacks: #1 ""Henry @ FQN9hzhzP_"" (3327) | #2 ""gurt @ gpP9uUffpu"" (7600)",2026-08-29T09:09:35.985Z,178799457598501
"-- starting hand #283 (id: bqq0cqmvnrd9)  No Limit Texas Hold'em (dealer: ""Henry @ FQN9hzhzP_"") --",2026-08-29T09:09:35.985Z,178799457598500
"""gurt @ gpP9uUffpu"" shows a 2♣, J♥.",2026-08-29T09:09:33.580Z,178799457358000
"""Henry @ FQN9hzhzP_"" shows a 5♠, 9♠.",2026-08-29T09:09:31.088Z,178799457108800
"Undealt cards:  [8♥, 2♦, A♠, 4♦, 7♥]",2026-08-29T09:09:29.181Z,178799456918100
"-- ending hand #282 --",2026-08-29T09:09:28.670Z,178799456867002
"""Henry @ FQN9hzhzP_"" collected 10 from pot",2026-08-29T09:09:28.670Z,178799456867001
"Uncalled bet of 5 returned to ""Henry @ FQN9hzhzP_""",2026-08-29T09:09:28.670Z,178799456867000
"""gurt @ gpP9uUffpu"" folds",2026-08-29T09:09:27.783Z,178799456778300
"""Henry @ FQN9hzhzP_"" posts a big blind of 10",2026-08-29T09:09:26.778Z,178799456677805
"""gurt @ gpP9uUffpu"" posts a small blind of 5",2026-08-29T09:09:26.778Z,178799456677804
"Your hand is 2♣, J♥",2026-08-29T09:09:26.778Z,178799456677803
"Player stacks: #1 ""Henry @ FQN9hzhzP_"" (3322) | #2 ""gurt @ gpP9uUffpu"" (7605)",2026-08-29T09:09:26.778Z,178799456677801
"-- starting hand #282 (id: qldajtjbbfbc)  No Limit Texas Hold'em (dealer: ""gurt @ gpP9uUffpu"") --",2026-08-29T09:09:26.778Z,178799456677800
"""Henry @ FQN9hzhzP_"" shows a 6♦, 9♥.",2026-08-29T09:09:22.083Z,178799456208300
"Undealt cards: 2♦, 5♦, 4♦ [J♠, 9♠]",2026-08-29T09:09:20.418Z,178799456041800
"-- ending hand #281 --",2026-08-29T09:09:20.171Z,178799456017102
"""Henry @ FQN9hzhzP_"" collected 90 from pot",2026-08-29T09:09:20.171Z,178799456017101
"Uncalled bet of 67 returned to ""Henry @ FQN9hzhzP_""",2026-08-29T09:09:20.171Z,178799456017100
"""gurt @ gpP9uUffpu"" folds",2026-08-29T09:09:19.295Z,178799455929500
"""Henry @ FQN9hzhzP_"" bets 67",2026-08-29T09:09:18.138Z,178799455813800
"""gurt @ gpP9uUffpu"" checks",2026-08-29T09:09:14.194Z,178799455419400
"Flop:  [2♦, 5♦, 4♦]",2026-08-29T09:09:12.055Z,178799455205500
"""gurt @ gpP9uUffpu"" calls 45",2026-08-29T09:09:11.174Z,178799455117400
"""Henry @ FQN9hzhzP_"" raises to 45",2026-08-29T09:09:10.262Z,178799455026200
"""gurt @ gpP9uUffpu"" posts a big blind of 10",2026-08-29T09:09:05.011Z,178799454501105
"""Henry @ FQN9hzhzP_"" posts a small blind of 5",2026-08-29T09:09:05.011Z,178799454501104
"Player stacks: #1 ""Henry @ FQN9hzhzP_"" (3277) | #2 ""gurt @ gpP9uUffpu"" (7650)",2026-08-29T09:09:05.011Z,178799454501101
"-- starting hand #281 (id: ospexdkbxfmr)  No Limit Texas Hold'em (dealer: ""Henry @ FQN9hzhzP_"") --",2026-08-29T09:09:05.011Z,178799454501100
"""gurt @ gpP9uUffpu"" shows a 6♦, 9♣.",2026-08-29T09:09:02.848Z,178799454284800
"Undealt cards:  [7♦, 2♣, 5♥, 3♦, J♠]",2026-08-29T09:08:59.010Z,178799453901000
"""Henry @ FQN9hzhzP_"" shows a 4♣, 7♣.",2026-08-29T09:08:58.387Z,178799453838700
"-- ending hand #280 --",2026-08-29T09:08:57.656Z,178799453765602
"""Henry @ FQN9hzhzP_"" collected 10 from pot",2026-08-29T09:08:57.656Z,178799453765601
"Uncalled bet of 5 returned to ""Henry @ FQN9hzhzP_""",2026-08-29T09:08:57.656Z,178799453765600
"""gurt @ gpP9uUffpu"" folds",2026-08-29T09:08:56.835Z,178799453683500
"""Henry @ FQN9hzhzP_"" posts a big blind of 10",2026-08-29T09:08:54.892Z,178799453489205
"""gurt @ gpP9uUffpu"" posts a small blind of 5",2026-08-29T09:08:54.892Z,178799453489204
"Your hand is 6♦, 9♣",2026-08-29T09:08:54.892Z,178799453489203
"Player stacks: #1 ""Henry @ FQN9hzhzP_"" (3272) | #2 ""gurt @ gpP9uUffpu"" (7655)",2026-08-29T09:08:54.892Z,178799453489201
"-- starting hand #280 (id: kyhptfbcnyvj)  No Limit Texas Hold'em (dealer: ""gurt @ gpP9uUffpu"") --",2026-08-29T09:08:54.892Z,178799453489200
"-- ending hand #279 --",2026-08-29T09:08:48.843Z,178799452884303
"""Henry @ FQN9hzhzP_"" collected 208 from pot with Pair, 3's (combination: 6♦, 9♣, 10♣, 3♠, 3♦)",2026-08-29T09:08:48.843Z,178799452884302
"""Henry @ FQN9hzhzP_"" shows a 2♥, 3♠.",2026-08-29T09:08:48.843Z,178799452884301
"""gurt @ gpP9uUffpu"" shows a 4♦, J♣.",2026-08-29T09:08:48.843Z,178799452884300
"""Henry @ FQN9hzhzP_"" checks",2026-08-29T09:08:48.014Z,178799452801400
"""gurt @ gpP9uUffpu"" checks",2026-08-29T09:08:46.782Z,178799452678200
"River: 5♠, 3♦, 9♣, 6♦ [10♣]",2026-08-29T09:08:45.840Z,178799452584000
"""gurt @ gpP9uUffpu"" calls 35",2026-08-29T09:08:44.977Z,178799452497700
"""Henry @ FQN9hzhzP_"" bets 35",2026-08-29T09:08:44.051Z,178799452405100
"""gurt @ gpP9uUffpu"" checks",2026-08-29T09:08:41.740Z,178799452174000
"Turn: 5♠, 3♦, 9♣ [6♦]",2026-08-29T09:08:40.777Z,178799452077700
"""gurt @ gpP9uUffpu"" calls 35",2026-08-29T09:08:39.954Z,178799451995400
"""Henry @ FQN9hzhzP_"" bets 35",2026-08-29T09:08:38.504Z,178799451850400
"""gurt @ gpP9uUffpu"" checks",2026-08-29T09:08:33.792Z,178799451379200
"Flop:  [5♠, 3♦, 9♣]",2026-08-29T09:08:32.829Z,178799451282900
"""gurt @ gpP9uUffpu"" calls 34",2026-08-29T09:08:32.003Z,178799451200300
"""Henry @ FQN9hzhzP_"" raises to 34",2026-08-29T09:08:30.262Z,178799451026200
"""gurt @ gpP9uUffpu"" posts a big blind of 10",2026-08-29T09:08:23.268Z,178799450326805
"""Henry @ FQN9hzhzP_"" posts a small blind of 5",2026-08-29T09:08:23.268Z,178799450326804
"Your hand is 4♦, J♣",2026-08-29T09:08:23.268Z,178799450326803
"Player stacks: #1 ""Henry @ FQN9hzhzP_"" (3168) | #2 ""gurt @ gpP9uUffpu"" (7759)",2026-08-29T09:08:23.268Z,178799450326801
"-- starting hand #279 (id: t6fqycyurxjq)  No Limit Texas Hold'em (dealer: ""Henry @ FQN9hzhzP_"") --",2026-08-29T09:08:23.268Z,178799450326800
"-- ending hand #278 --",2026-08-29T09:08:17.261Z,178799449726103
"""gurt @ gpP9uUffpu"" collected 100 from pot with Pair, 8's (combination: 10♦, Q♦, A♥, 8♠, 8♣)",2026-08-29T09:08:17.261Z,178799449726102
"""gurt @ gpP9uUffpu"" shows a A♥, 4♦.",2026-08-29T09:08:17.261Z,178799449726101
"""Henry @ FQN9hzhzP_"" shows a 4♣, J♦.",2026-08-29T09:08:17.261Z,178799449726100
"""gurt @ gpP9uUffpu"" checks",2026-08-29T09:08:16.423Z,178799449642300
"""Henry @ FQN9hzhzP_"" checks",2026-08-29T09:08:14.565Z,178799449456500
"River: 8♠, 8♣, 10♦, 7♥ [Q♦]",2026-08-29T09:08:10.405Z,178799449040500
"""gurt @ gpP9uUffpu"" checks",2026-08-29T09:08:09.548Z,178799448954800
"""Henry @ FQN9hzhzP_"" checks",2026-08-29T09:08:08.626Z,178799448862600
"Turn: 8♠, 8♣, 10♦ [7♥]",2026-08-29T09:08:06.717Z,178799448671700
"""gurt @ gpP9uUffpu"" checks",2026-08-29T09:08:05.867Z,178799448586700
"""Henry @ FQN9hzhzP_"" checks",2026-08-29T09:08:04.903Z,178799448490300
"Flop:  [8♠, 8♣, 10♦]",2026-08-29T09:07:58.578Z,178799447857800
"""Henry @ FQN9hzhzP_"" calls 50",2026-08-29T09:07:57.769Z,178799447776900
"""gurt @ gpP9uUffpu"" raises to 50",2026-08-29T09:07:53.184Z,178799447318400
"""Henry @ FQN9hzhzP_"" posts a big blind of 10",2026-08-29T09:07:51.367Z,178799447136705
"""gurt @ gpP9uUffpu"" posts a small blind of 5",2026-08-29T09:07:51.367Z,178799447136704
"Your hand is A♥, 4♦",2026-08-29T09:07:51.367Z,178799447136703
"Player stacks: #1 ""Henry @ FQN9hzhzP_"" (3218) | #2 ""gurt @ gpP9uUffpu"" (7709)",2026-08-29T09:07:51.367Z,178799447136701
"-- starting hand #278 (id: hj8j0d1lh2fu)  No Limit Texas Hold'em (dealer: ""gurt @ gpP9uUffpu"") --",2026-08-29T09:07:51.367Z,178799447136700
"""Henry @ FQN9hzhzP_"" shows a A♣, 8♠.",2026-08-29T09:07:48.034Z,178799446803400
"Undealt cards:  [J♦, 9♥, 10♣, Q♠, J♣]",2026-08-29T09:07:45.067Z,178799446506700
"-- ending hand #277 --",2026-08-29T09:07:44.761Z,178799446476102
"""Henry @ FQN9hzhzP_"" collected 20 from pot",2026-08-29T09:07:44.761Z,178799446476101
"Uncalled bet of 157 returned to ""Henry @ FQN9hzhzP_""",2026-08-29T09:07:44.761Z,178799446476100
"""gurt @ gpP9uUffpu"" folds",2026-08-29T09:07:43.937Z,178799446393700
"""Henry @ FQN9hzhzP_"" raises to 167",2026-08-29T09:07:42.507Z,178799446250700
"""gurt @ gpP9uUffpu"" posts a big blind of 10",2026-08-29T09:07:39.788Z,178799445978805
"""Henry @ FQN9hzhzP_"" posts a small blind of 5",2026-08-29T09:07:39.788Z,178799445978804
"Player stacks: #1 ""Henry @ FQN9hzhzP_"" (3208) | #2 ""gurt @ gpP9uUffpu"" (7719)",2026-08-29T09:07:39.788Z,178799445978801
"-- starting hand #277 (id: vuahcbcrbyry)  No Limit Texas Hold'em (dealer: ""Henry @ FQN9hzhzP_"") --",2026-08-29T09:07:39.788Z,178799445978800
"""Henry @ FQN9hzhzP_"" shows a K♣.",2026-08-29T09:07:35.185Z,178799445518500
"Undealt cards: K♠, 9♠, 2♦ [2♣, K♦]",2026-08-29T09:07:34.041Z,178799445404100
"-- ending hand #276 --",2026-08-29T09:07:33.186Z,178799445318602
"""Henry @ FQN9hzhzP_"" collected 334 from pot",2026-08-29T09:07:33.186Z,178799445318601
"Uncalled bet of 167 returned to ""Henry @ FQN9hzhzP_""",2026-08-29T09:07:33.186Z,178799445318600
"""gurt @ gpP9uUffpu"" folds",2026-08-29T09:07:32.367Z,178799445236700
"""Henry @ FQN9hzhzP_"" bets 167",2026-08-29T09:07:31.452Z,178799445145200
"Flop:  [K♠, 9♠, 2♦]",2026-08-29T09:07:27.469Z,178799444746900
"""gurt @ gpP9uUffpu"" calls 167",2026-08-29T09:07:26.618Z,178799444661800
"""Henry @ FQN9hzhzP_"" raises to 167",2026-08-29T09:07:24.818Z,178799444481800
"""gurt @ gpP9uUffpu"" raises to 50",2026-08-29T09:07:22.879Z,178799444287900
"""Henry @ FQN9hzhzP_"" posts a big blind of 10",2026-08-29T09:07:21.179Z,178799444117905
"""gurt @ gpP9uUffpu"" posts a small blind of 5",2026-08-29T09:07:21.179Z,178799444117904
"Player stacks: #1 ""Henry @ FQN9hzhzP_"" (3041) | #2 ""gurt @ gpP9uUffpu"" (7886)",2026-08-29T09:07:21.179Z,178799444117901
"-- starting hand #276 (id: ue9hzciugyzt)  No Limit Texas Hold'em (dealer: ""gurt @ gpP9uUffpu"") --",2026-08-29T09:07:21.179Z,178799444117900
"""Henry @ FQN9hzhzP_"" shows a 5♦, 2♦.",2026-08-29T09:07:18.568Z,178799443856800
"-- ending hand #275 --",2026-08-29T09:07:17.548Z,178799443754802
"""gurt @ gpP9uUffpu"" collected 234 from pot",2026-08-29T09:07:17.548Z,178799443754801
"Uncalled bet of 50 returned to ""gurt @ gpP9uUffpu""",2026-08-29T09:07:17.548Z,178799443754800
"""Henry @ FQN9hzhzP_"" folds",2026-08-29T09:07:16.735Z,178799443673500
"""gurt @ gpP9uUffpu"" bets 50",2026-08-29T09:07:13.386Z,178799443338600
"River: 8♠, 3♦, 4♠, J♥ [7♠]",2026-08-29T09:07:11.248Z,178799443124800
"""Henry @ FQN9hzhzP_"" checks",2026-08-29T09:07:10.440Z,178799443044000
"""gurt @ gpP9uUffpu"" checks",2026-08-29T09:07:09.440Z,178799442944000
"Turn: 8♠, 3♦, 4♠ [J♥]",2026-08-29T09:07:08.137Z,178799442813700
"""Henry @ FQN9hzhzP_"" calls 50",2026-08-29T09:07:07.230Z,178799442723000
"""gurt @ gpP9uUffpu"" bets 50",2026-08-29T09:07:03.010Z,178799442301000
"Flop:  [8♠, 3♦, 4♠]",2026-08-29T09:06:59.089Z,178799441908900
"""gurt @ gpP9uUffpu"" calls 67",2026-08-29T09:06:58.280Z,178799441828000
"""Henry @ FQN9hzhzP_"" raises to 67",2026-08-29T09:06:57.361Z,178799441736100
"""gurt @ gpP9uUffpu"" posts a big blind of 10",2026-08-29T09:06:54.140Z,178799441414005
"""Henry @ FQN9hzhzP_"" posts a small blind of 5",2026-08-29T09:06:54.140Z,178799441414004
"Player stacks: #1 ""Henry @ FQN9hzhzP_"" (3158) | #2 ""gurt @ gpP9uUffpu"" (7769)",2026-08-29T09:06:54.140Z,178799441414001
"-- starting hand #275 (id: xbls6e8dssyw)  No Limit Texas Hold'em (dealer: ""Henry @ FQN9hzhzP_"") --",2026-08-29T09:06:54.140Z,178799441414000
"""Henry @ FQN9hzhzP_"" shows a Q♣, A♣.",2026-08-29T09:06:49.510Z,178799440951000
"Undealt cards:  [5♦, 5♠, 10♣, A♠, K♦]",2026-08-29T09:06:47.778Z,178799440777800
"-- ending hand #274 --",2026-08-29T09:06:47.487Z,178799440748702
"""Henry @ FQN9hzhzP_"" collected 20 from pot",2026-08-29T09:06:47.487Z,178799440748701
"Uncalled bet of 157 returned to ""Henry @ FQN9hzhzP_""",2026-08-29T09:06:47.487Z,178799440748700
"""gurt @ gpP9uUffpu"" folds",2026-08-29T09:06:46.624Z,178799440662400
"""Henry @ FQN9hzhzP_"" raises to 167",2026-08-29T09:06:45.563Z,178799440556300
"""gurt @ gpP9uUffpu"" calls 10",2026-08-29T09:06:43.572Z,178799440357200
"""Henry @ FQN9hzhzP_"" posts a big blind of 10",2026-08-29T09:06:42.296Z,178799440229605
"""gurt @ gpP9uUffpu"" posts a small blind of 5",2026-08-29T09:06:42.296Z,178799440229604
"Player stacks: #1 ""Henry @ FQN9hzhzP_"" (3148) | #2 ""gurt @ gpP9uUffpu"" (7779)",2026-08-29T09:06:42.296Z,178799440229601
"-- starting hand #274 (id: tqker2g9ccoh)  No Limit Texas Hold'em (dealer: ""gurt @ gpP9uUffpu"") --",2026-08-29T09:06:42.296Z,178799440229600
"""Henry @ FQN9hzhzP_"" shows a 2♥, 2♣.",2026-08-29T09:06:38.205Z,178799439820500
"Undealt cards:  [J♦, 4♦, 7♣, K♠, J♠]",2026-08-29T09:06:35.978Z,178799439597800
"-- ending hand #273 --",2026-08-29T09:06:35.679Z,178799439567902
"""Henry @ FQN9hzhzP_"" collected 20 from pot",2026-08-29T09:06:35.679Z,178799439567901
"Uncalled bet of 212 returned to ""Henry @ FQN9hzhzP_""",2026-08-29T09:06:35.679Z,178799439567900
"""gurt @ gpP9uUffpu"" folds",2026-08-29T09:06:34.834Z,178799439483400
"""Henry @ FQN9hzhzP_"" raises to 222",2026-08-29T09:06:33.161Z,178799439316100
"""gurt @ gpP9uUffpu"" posts a big blind of 10",2026-08-29T09:06:30.079Z,178799439007905
"""Henry @ FQN9hzhzP_"" posts a small blind of 5",2026-08-29T09:06:30.079Z,178799439007904
"Player stacks: #1 ""Henry @ FQN9hzhzP_"" (3138) | #2 ""gurt @ gpP9uUffpu"" (7789)",2026-08-29T09:06:30.079Z,178799439007901
"-- starting hand #273 (id: f1tefxtyjjmp)  No Limit Texas Hold'em (dealer: ""Henry @ FQN9hzhzP_"") --",2026-08-29T09:06:30.079Z,178799439007900
"Undealt cards:  [10♦, J♥, 2♥, 2♣, J♦]",2026-08-29T09:06:25.882Z,178799438588200
"-- ending hand #272 --",2026-08-29T09:06:24.072Z,178799438407202
"""Henry @ FQN9hzhzP_"" collected 10 from pot",2026-08-29T09:06:24.072Z,178799438407201
"Uncalled bet of 5 returned to ""Henry @ FQN9hzhzP_""",2026-08-29T09:06:24.072Z,178799438407200
"""gurt @ gpP9uUffpu"" folds",2026-08-29T09:06:23.230Z,178799438323000
"""Henry @ FQN9hzhzP_"" posts a big blind of 10",2026-08-29T09:06:21.561Z,178799438156105
"""gurt @ gpP9uUffpu"" posts a small blind of 5",2026-08-29T09:06:21.561Z,178799438156104
"Player stacks: #1 ""Henry @ FQN9hzhzP_"" (3133) | #2 ""gurt @ gpP9uUffpu"" (7794)",2026-08-29T09:06:21.561Z,178799438156101
"-- starting hand #272 (id: ksn4gct2n06x)  No Limit Texas Hold'em (dealer: ""gurt @ gpP9uUffpu"") --",2026-08-29T09:06:21.561Z,178799438156100
"-- ending hand #271 --",2026-08-29T09:06:15.552Z,178799437555202
"""Henry @ FQN9hzhzP_"" collected 432 from pot with Full House, 2's over 4's (combination: 4♠, 4♦, 2♣, 2♦, 2♠)",2026-08-29T09:06:15.552Z,178799437555201
"""Henry @ FQN9hzhzP_"" shows a 4♠, 10♥.",2026-08-29T09:06:15.552Z,178799437555200
"""gurt @ gpP9uUffpu"" calls 167",2026-08-29T09:06:14.714Z,178799437471400
"""Henry @ FQN9hzhzP_"" bets 167",2026-08-29T09:06:13.038Z,178799437303800
"""gurt @ gpP9uUffpu"" checks",2026-08-29T09:06:08.662Z,178799436866200
"River: 2♣, 2♦, 9♥, 4♦ [2♠]",2026-08-29T09:06:06.073Z,178799436607300
"""gurt @ gpP9uUffpu"" calls 24",2026-08-29T09:06:05.217Z,178799436521700
"""Henry @ FQN9hzhzP_"" bets 24",2026-08-29T09:06:04.023Z,178799436402300
"""gurt @ gpP9uUffpu"" checks",2026-08-29T09:05:58.235Z,178799435823500
"Turn: 2♣, 2♦, 9♥ [4♦]",2026-08-29T09:05:56.992Z,178799435699200
"""Henry @ FQN9hzhzP_"" checks",2026-08-29T09:05:56.166Z,178799435616600
"""gurt @ gpP9uUffpu"" checks",2026-08-29T09:05:55.200Z,178799435520000
"Flop:  [2♣, 2♦, 9♥]",2026-08-29T09:05:53.665Z,178799435366500
"""gurt @ gpP9uUffpu"" calls 25",2026-08-29T09:05:52.799Z,178799435279900
"""Henry @ FQN9hzhzP_"" raises to 25",2026-08-29T09:05:47.655Z,178799434765500
"""gurt @ gpP9uUffpu"" posts a big blind of 10",2026-08-29T09:05:39.161Z,178799433916105
"""Henry @ FQN9hzhzP_"" posts a small blind of 5",2026-08-29T09:05:39.161Z,178799433916104
"Player stacks: #1 ""Henry @ FQN9hzhzP_"" (2917) | #2 ""gurt @ gpP9uUffpu"" (8010)",2026-08-29T09:05:39.161Z,178799433916101
"-- starting hand #271 (id: q6mwhmllkwcc)  No Limit Texas Hold'em (dealer: ""Henry @ FQN9hzhzP_"") --",2026-08-29T09:05:39.161Z,178799433916100
"""Henry @ FQN9hzhzP_"" shows a 6♦, 3♦.",2026-08-29T09:05:36.970Z,178799433697000
"-- ending hand #270 --",2026-08-29T09:05:32.657Z,178799433265702
"""gurt @ gpP9uUffpu"" collected 2538 from pot with Full House, 5's over K's (combination: K♥, K♦, 5♥, 5♦, 5♠)",2026-08-29T09:05:32.657Z,178799433265701
"""gurt @ gpP9uUffpu"" shows a 5♥, K♥.",2026-08-29T09:05:32.657Z,178799433265700
"""Henry @ FQN9hzhzP_"" calls 1013",2026-08-29T09:05:31.849Z,178799433184900
"""gurt @ gpP9uUffpu"" raises to 1013",2026-08-29T09:05:30.893Z,178799433089300
"""Henry @ FQN9hzhzP_"" bets 167",2026-08-29T09:05:10.662Z,178799431066200
"River: J♦, 5♦, A♥, 5♠ [K♦]",2026-08-29T09:05:07.639Z,178799430763900
"""Henry @ FQN9hzhzP_"" calls 110",2026-08-29T09:05:06.718Z,178799430671800
"""gurt @ gpP9uUffpu"" bets 110",2026-08-29T09:05:05.699Z,178799430569900
"""Henry @ FQN9hzhzP_"" checks",2026-08-29T09:05:02.354Z,178799430235400
"Turn: J♦, 5♦, A♥ [5♠]",2026-08-29T09:05:00.605Z,178799430060500
"""gurt @ gpP9uUffpu"" calls 46",2026-08-29T09:04:59.761Z,178799429976100
"""Henry @ FQN9hzhzP_"" bets 46",2026-08-29T09:04:58.793Z,178799429879300
"Flop:  [J♦, 5♦, A♥]",2026-08-29T09:04:53.797Z,178799429379700
"""Henry @ FQN9hzhzP_"" calls 100",2026-08-29T09:04:52.891Z,178799429289100
"""gurt @ gpP9uUffpu"" raises to 100",2026-08-29T09:04:51.121Z,178799429112100
"""Henry @ FQN9hzhzP_"" posts a big blind of 10",2026-08-29T09:04:49.267Z,178799428926705
"""gurt @ gpP9uUffpu"" posts a small blind of 5",2026-08-29T09:04:49.267Z,178799428926704
"Your hand is 5♥, K♥",2026-08-29T09:04:49.267Z,178799428926703
"Player stacks: #1 ""Henry @ FQN9hzhzP_"" (4186) | #2 ""gurt @ gpP9uUffpu"" (6741)",2026-08-29T09:04:49.267Z,178799428926701
"-- starting hand #270 (id: 6lvjjz6nh9z9)  No Limit Texas Hold'em (dealer: ""gurt @ gpP9uUffpu"") --",2026-08-29T09:04:49.267Z,178799428926700
"""gurt @ gpP9uUffpu"" shows a J♦.",2026-08-29T09:04:45.171Z,178799428517100
"Undealt cards: 9♥, 4♦, 10♦, 8♦ [7♦]",2026-08-29T09:04:43.048Z,178799428304800
"-- ending hand #269 --",2026-08-29T09:04:42.576Z,178799428257602
"""gurt @ gpP9uUffpu"" collected 68 from pot",2026-08-29T09:04:42.576Z,178799428257601
"Uncalled bet of 68 returned to ""gurt @ gpP9uUffpu""",2026-08-29T09:04:42.576Z,178799428257600
"""Henry @ FQN9hzhzP_"" folds",2026-08-29T09:04:41.744Z,178799428174400
"""gurt @ gpP9uUffpu"" bets 68",2026-08-29T09:04:39.405Z,178799427940500
"Turn: 9♥, 4♦, 10♦ [8♦]",2026-08-29T09:04:35.860Z,178799427586000
"""Henry @ FQN9hzhzP_"" checks",2026-08-29T09:04:34.994Z,178799427499400
"""gurt @ gpP9uUffpu"" checks",2026-08-29T09:04:33.880Z,178799427388000
"Flop:  [9♥, 4♦, 10♦]",2026-08-29T09:04:32.661Z,178799427266100
"""gurt @ gpP9uUffpu"" calls 34",2026-08-29T09:04:31.847Z,178799427184700
"""Henry @ FQN9hzhzP_"" raises to 34",2026-08-29T09:04:30.903Z,178799427090300
"""gurt @ gpP9uUffpu"" posts a big blind of 10",2026-08-29T09:04:28.282Z,178799426828205
"""Henry @ FQN9hzhzP_"" posts a small blind of 5",2026-08-29T09:04:28.282Z,178799426828204
"Player stacks: #1 ""Henry @ FQN9hzhzP_"" (4220) | #2 ""gurt @ gpP9uUffpu"" (6707)",2026-08-29T09:04:28.282Z,178799426828201
"-- starting hand #269 (id: uod2bh31gykj)  No Limit Texas Hold'em (dealer: ""Henry @ FQN9hzhzP_"") --",2026-08-29T09:04:28.282Z,178799426828200
"""Henry @ FQN9hzhzP_"" shows a 6♣, 9♠.",2026-08-29T09:04:26.121Z,178799426612100
"-- ending hand #268 --",2026-08-29T09:04:24.659Z,178799426465902
"""gurt @ gpP9uUffpu"" collected 602 from pot",2026-08-29T09:04:24.659Z,178799426465901
"Uncalled bet of 602 returned to ""gurt @ gpP9uUffpu""",2026-08-29T09:04:24.659Z,178799426465900
"""Henry @ FQN9hzhzP_"" folds",2026-08-29T09:04:23.812Z,178799426381200
"""gurt @ gpP9uUffpu"" raises to 669",2026-08-29T09:04:21.599Z,178799426159900
"""Henry @ FQN9hzhzP_"" bets 67",2026-08-29T09:04:19.978Z,178799425997800
"River: 9♣, 10♠, 5♣, K♦ [10♣]",2026-08-29T09:04:17.553Z,178799425755300
"""gurt @ gpP9uUffpu"" calls 67",2026-08-29T09:04:16.738Z,178799425673800
"""Henry @ FQN9hzhzP_"" bets 67",2026-08-29T09:04:15.762Z,178799425576200
"Turn: 9♣, 10♠, 5♣ [K♦]",2026-08-29T09:04:13.646Z,178799425364600
"""gurt @ gpP9uUffpu"" calls 67",2026-08-29T09:04:12.798Z,178799425279800
"""Henry @ FQN9hzhzP_"" bets 67",2026-08-29T09:04:11.437Z,178799425143700
"Flop:  [9♣, 10♠, 5♣]",2026-08-29T09:04:05.945Z,178799424594500
"""Henry @ FQN9hzhzP_"" calls 100",2026-08-29T09:04:05.109Z,178799424510900
"""gurt @ gpP9uUffpu"" raises to 100",2026-08-29T09:04:03.397Z,178799424339700
"""Henry @ FQN9hzhzP_"" posts a big blind of 10",2026-08-29T09:04:01.448Z,178799424144805
"""gurt @ gpP9uUffpu"" posts a small blind of 5",2026-08-29T09:04:01.448Z,178799424144804
"Player stacks: #1 ""Henry @ FQN9hzhzP_"" (4521) | #2 ""gurt @ gpP9uUffpu"" (6406)",2026-08-29T09:04:01.448Z,178799424144801
"-- starting hand #268 (id: wl5ubu2qficv)  No Limit Texas Hold'em (dealer: ""gurt @ gpP9uUffpu"") --",2026-08-29T09:04:01.448Z,178799424144800
"""gurt @ gpP9uUffpu"" shows a 4♠, K♣.",2026-08-29T09:03:57.508Z,178799423750800
"""Henry @ FQN9hzhzP_"" shows a A♥, 6♥.",2026-08-29T09:03:56.309Z,178799423630900
"Undealt cards:  [A♠, 7♣, 3♦, 4♣, 2♣]",2026-08-29T09:03:54.252Z,178799423425200
"-- ending hand #267 --",2026-08-29T09:03:54.073Z,178799423407302
"""Henry @ FQN9hzhzP_"" collected 20 from pot",2026-08-29T09:03:54.073Z,178799423407301
"Uncalled bet of 157 returned to ""Henry @ FQN9hzhzP_""",2026-08-29T09:03:54.073Z,178799423407300
"""gurt @ gpP9uUffpu"" folds",2026-08-29T09:03:53.206Z,178799423320600
"""Henry @ FQN9hzhzP_"" raises to 167",2026-08-29T09:03:52.023Z,178799423202300
"""gurt @ gpP9uUffpu"" posts a big blind of 10",2026-08-29T09:03:48.776Z,178799422877605
"""Henry @ FQN9hzhzP_"" posts a small blind of 5",2026-08-29T09:03:48.776Z,178799422877604
"Your hand is 4♠, K♣",2026-08-29T09:03:48.776Z,178799422877603
"Player stacks: #1 ""Henry @ FQN9hzhzP_"" (4511) | #2 ""gurt @ gpP9uUffpu"" (6416)",2026-08-29T09:03:48.776Z,178799422877601
"-- starting hand #267 (id: fuyottqomim9)  No Limit Texas Hold'em (dealer: ""Henry @ FQN9hzhzP_"") --",2026-08-29T09:03:48.776Z,178799422877600
"""gurt @ gpP9uUffpu"" shows a 2♠, 7♠.",2026-08-29T09:03:44.786Z,178799422478600
"""Henry @ FQN9hzhzP_"" shows a Q♣, J♣.",2026-08-29T09:03:43.728Z,178799422372800
"Undealt cards: 9♦, A♦, J♦ [10♦, 6♣]",2026-08-29T09:03:41.828Z,178799422182800
"-- ending hand #266 --",2026-08-29T09:03:41.464Z,178799422146402
"""Henry @ FQN9hzhzP_"" collected 500 from pot",2026-08-29T09:03:41.464Z,178799422146401
"Uncalled bet of 167 returned to ""Henry @ FQN9hzhzP_""",2026-08-29T09:03:41.464Z,178799422146400
"""gurt @ gpP9uUffpu"" folds",2026-08-29T09:03:40.633Z,178799422063300
"""Henry @ FQN9hzhzP_"" bets 167",2026-08-29T09:03:39.281Z,178799421928100
"Flop:  [9♦, A♦, J♦]",2026-08-29T09:03:33.460Z,178799421346000
"""Henry @ FQN9hzhzP_"" calls 250",2026-08-29T09:03:32.602Z,178799421260200
"""gurt @ gpP9uUffpu"" raises to 250",2026-08-29T09:03:31.366Z,178799421136600
"""Henry @ FQN9hzhzP_"" posts a big blind of 10",2026-08-29T09:03:27.747Z,178799420774705
"""gurt @ gpP9uUffpu"" posts a small blind of 5",2026-08-29T09:03:27.747Z,178799420774704
"Your hand is 2♠, 7♠",2026-08-29T09:03:27.747Z,178799420774703
"Player stacks: #1 ""Henry @ FQN9hzhzP_"" (4261) | #2 ""gurt @ gpP9uUffpu"" (6666)",2026-08-29T09:03:27.747Z,178799420774701
"-- starting hand #266 (id: qhirb3q1mnyj)  No Limit Texas Hold'em (dealer: ""gurt @ gpP9uUffpu"") --",2026-08-29T09:03:27.747Z,178799420774700
"-- ending hand #265 --",2026-08-29T09:03:21.655Z,178799420165503
"""Henry @ FQN9hzhzP_"" collected 500 from pot with Pair, 6's (combination: 8♠, 10♣, A♥, 6♠, 6♣)",2026-08-29T09:03:21.655Z,178799420165502
"""Henry @ FQN9hzhzP_"" shows a 10♣, A♥.",2026-08-29T09:03:21.655Z,178799420165501
"""gurt @ gpP9uUffpu"" shows a A♦, 9♣.",2026-08-29T09:03:21.655Z,178799420165500
"""Henry @ FQN9hzhzP_"" checks",2026-08-29T09:03:20.794Z,178799420079400
"""gurt @ gpP9uUffpu"" checks",2026-08-29T09:03:19.709Z,178799419970900
"River: 6♠, 5♣, 8♠, 6♣ [4♥]",2026-08-29T09:03:18.925Z,178799419892500
"""Henry @ FQN9hzhzP_"" checks",2026-08-29T09:03:18.116Z,178799419811600
"""gurt @ gpP9uUffpu"" checks",2026-08-29T09:03:17.147Z,178799419714700
"Turn: 6♠, 5♣, 8♠ [6♣]",2026-08-29T09:03:15.328Z,178799419532800
"""Henry @ FQN9hzhzP_"" checks",2026-08-29T09:03:14.498Z,178799419449800
"""gurt @ gpP9uUffpu"" checks",2026-08-29T09:03:13.075Z,178799419307500
"Flop:  [6♠, 5♣, 8♠]",2026-08-29T09:03:09.039Z,178799418903900
"""Henry @ FQN9hzhzP_"" calls 250",2026-08-29T09:03:08.169Z,178799418816900
"""gurt @ gpP9uUffpu"" raises to 250",2026-08-29T09:03:06.918Z,178799418691800
"""Henry @ FQN9hzhzP_"" raises to 67",2026-08-29T09:03:04.485Z,178799418448500
"""gurt @ gpP9uUffpu"" posts a big blind of 10",2026-08-29T09:02:58.137Z,178799417813705
"""Henry @ FQN9hzhzP_"" posts a small blind of 5",2026-08-29T09:02:58.137Z,178799417813704
"Your hand is A♦, 9♣",2026-08-29T09:02:58.137Z,178799417813703
"Player stacks: #1 ""Henry @ FQN9hzhzP_"" (4011) | #2 ""gurt @ gpP9uUffpu"" (6916)",2026-08-29T09:02:58.137Z,178799417813701
"-- starting hand #265 (id: itzzcwlwvz5g)  No Limit Texas Hold'em (dealer: ""Henry @ FQN9hzhzP_"") --",2026-08-29T09:02:58.137Z,178799417813700
"-- ending hand #264 --",2026-08-29T09:02:52.125Z,178799417212503
"""gurt @ gpP9uUffpu"" collected 962 from pot with Two Pair, Q's & 8's (combination: A♠, 8♠, 8♣, Q♥, Q♦)",2026-08-29T09:02:52.125Z,178799417212502
"""gurt @ gpP9uUffpu"" shows a Q♥, K♠.",2026-08-29T09:02:52.125Z,178799417212501
"""Henry @ FQN9hzhzP_"" shows a 5♥, 7♥.",2026-08-29T09:02:52.125Z,178799417212500
"""gurt @ gpP9uUffpu"" calls 167",2026-08-29T09:02:51.292Z,178799417129200
"""Henry @ FQN9hzhzP_"" bets 167",2026-08-29T09:02:50.380Z,178799417038000
"River: Q♦, 4♣, 8♠, A♠ [8♣]",2026-08-29T09:02:44.519Z,178799416451900
"""Henry @ FQN9hzhzP_"" calls 134",2026-08-29T09:02:43.704Z,178799416370400
"""gurt @ gpP9uUffpu"" raises to 134",2026-08-29T09:02:40.879Z,178799416087900
"""Henry @ FQN9hzhzP_"" bets 67",2026-08-29T09:02:38.102Z,178799415810200
"Turn: Q♦, 4♣, 8♠ [A♠]",2026-08-29T09:02:32.660Z,178799415266000
"""Henry @ FQN9hzhzP_"" calls 80",2026-08-29T09:02:31.821Z,178799415182100
"""gurt @ gpP9uUffpu"" bets 80",2026-08-29T09:02:30.380Z,178799415038000
"""Henry @ FQN9hzhzP_"" checks",2026-08-29T09:02:28.345Z,178799414834500
"Flop:  [Q♦, 4♣, 8♠]",2026-08-29T09:02:18.158Z,178799413815800
"""Henry @ FQN9hzhzP_"" calls 100",2026-08-29T09:02:17.306Z,178799413730600
"""gurt @ gpP9uUffpu"" raises to 100",2026-08-29T09:02:12.394Z,178799413239400
"""Henry @ FQN9hzhzP_"" posts a big blind of 10",2026-08-29T09:02:10.048Z,178799413004805
"""gurt @ gpP9uUffpu"" posts a small blind of 5",2026-08-29T09:02:10.048Z,178799413004804
"Your hand is Q♥, K♠",2026-08-29T09:02:10.048Z,178799413004803
"Player stacks: #1 ""Henry @ FQN9hzhzP_"" (4492) | #2 ""gurt @ gpP9uUffpu"" (6435)",2026-08-29T09:02:10.048Z,178799413004801
"-- starting hand #264 (id: mvgf0qln6z3v)  No Limit Texas Hold'em (dealer: ""gurt @ gpP9uUffpu"") --",2026-08-29T09:02:10.048Z,178799413004800
"-- ending hand #263 --",2026-08-29T09:02:04.002Z,178799412400204
"""gurt @ gpP9uUffpu"" collected 546 from pot with Two Pair, 8's & 5's (combination: K♥, 5♠, 5♣, 8♠, 8♥)",2026-08-29T09:02:04.002Z,178799412400203
"""Henry @ FQN9hzhzP_"" collected 546 from pot with Two Pair, 8's & 5's (combination: K♦, 5♠, 5♣, 8♠, 8♥)",2026-08-29T09:02:04.002Z,178799412400202
"""Henry @ FQN9hzhzP_"" shows a 3♥, K♦.",2026-08-29T09:02:04.002Z,178799412400201
"""gurt @ gpP9uUffpu"" shows a J♥, K♥.",2026-08-29T09:02:04.002Z,178799412400200
"""Henry @ FQN9hzhzP_"" checks",2026-08-29T09:02:03.151Z,178799412315100
"""gurt @ gpP9uUffpu"" checks",2026-08-29T09:01:59.765Z,178799411976500
"River: 8♠, 5♠, 5♣, 8♥ [10♥]",2026-08-29T09:01:54.297Z,178799411429700
"""Henry @ FQN9hzhzP_"" checks",2026-08-29T09:01:53.467Z,178799411346700
"""gurt @ gpP9uUffpu"" checks",2026-08-29T09:01:42.445Z,178799410244500
"Turn: 8♠, 5♠, 5♣ [8♥]",2026-08-29T09:01:41.575Z,178799410157500
"""gurt @ gpP9uUffpu"" calls 346",2026-08-29T09:01:40.667Z,178799410066700
"""Henry @ FQN9hzhzP_"" raises to 346",2026-08-29T09:01:39.151Z,178799409915100
"""gurt @ gpP9uUffpu"" bets 150",2026-08-29T09:01:35.018Z,178799409501800
"Flop:  [8♠, 5♠, 5♣]",2026-08-29T09:01:31.045Z,178799409104500
"""Henry @ FQN9hzhzP_"" calls 200",2026-08-29T09:01:30.202Z,178799409020200
"""gurt @ gpP9uUffpu"" raises to 200",2026-08-29T09:01:25.769Z,178799408576900
"""Henry @ FQN9hzhzP_"" raises to 45",2026-08-29T09:01:23.505Z,178799408350500
"""gurt @ gpP9uUffpu"" posts a big blind of 10",2026-08-29T09:01:18.965Z,178799407896505
"""Henry @ FQN9hzhzP_"" posts a small blind of 5",2026-08-29T09:01:18.965Z,178799407896504
"Your hand is J♥, K♥",2026-08-29T09:01:18.965Z,178799407896503
"Player stacks: #1 ""Henry @ FQN9hzhzP_"" (4492) | #2 ""gurt @ gpP9uUffpu"" (6435)",2026-08-29T09:01:18.965Z,178799407896501
"-- starting hand #263 (id: 0e5wkwj9dlv1)  No Limit Texas Hold'em (dealer: ""Henry @ FQN9hzhzP_"") --",2026-08-29T09:01:18.965Z,178799407896500
"""Henry @ FQN9hzhzP_"" shows a 3♦, 8♠.",2026-08-29T09:01:15.340Z,178799407534000
"Undealt cards:  [K♣, K♦, K♥, J♠, 6♦]",2026-08-29T09:01:12.738Z,178799407273800
"-- ending hand #262 --",2026-08-29T09:01:12.347Z,178799407234702
"""gurt @ gpP9uUffpu"" collected 20 from pot",2026-08-29T09:01:12.347Z,178799407234701
"Uncalled bet of 40 returned to ""gurt @ gpP9uUffpu""",2026-08-29T09:01:12.347Z,178799407234700
"""Henry @ FQN9hzhzP_"" folds",2026-08-29T09:01:11.489Z,178799407148900
"""gurt @ gpP9uUffpu"" raises to 50",2026-08-29T09:00:59.037Z,178799405903700
"""Henry @ FQN9hzhzP_"" posts a big blind of 10",2026-08-29T09:00:57.276Z,178799405727605
"""gurt @ gpP9uUffpu"" posts a small blind of 5",2026-08-29T09:00:57.276Z,178799405727604
"Player stacks: #1 ""Henry @ FQN9hzhzP_"" (4502) | #2 ""gurt @ gpP9uUffpu"" (6425)",2026-08-29T09:00:57.276Z,178799405727601
"-- starting hand #262 (id: i7qtvltgi2fj)  No Limit Texas Hold'em (dealer: ""gurt @ gpP9uUffpu"") --",2026-08-29T09:00:57.276Z,178799405727600
"""gurt @ gpP9uUffpu"" shows a K♣.",2026-08-29T09:00:55.358Z,178799405535800
"-- ending hand #261 --",2026-08-29T09:00:50.760Z,178799405076002
"""Henry @ FQN9hzhzP_"" collected 528 from pot with Straight, A High (combination: 10♦, J♦, Q♠, K♠, A♠)",2026-08-29T09:00:50.760Z,178799405076001
"""Henry @ FQN9hzhzP_"" shows a Q♠, 4♣.",2026-08-29T09:00:50.760Z,178799405076000
"""gurt @ gpP9uUffpu"" calls 167",2026-08-29T09:00:49.877Z,178799404987700
"""Henry @ FQN9hzhzP_"" raises to 167",2026-08-29T09:00:48.306Z,178799404830600
"""gurt @ gpP9uUffpu"" bets 50",2026-08-29T09:00:43.686Z,178799404368600
"River: J♦, 10♦, 7♦, K♠ [A♠]",2026-08-29T09:00:41.758Z,178799404175800
"""Henry @ FQN9hzhzP_"" calls 30",2026-08-29T09:00:40.945Z,178799404094500
"""gurt @ gpP9uUffpu"" bets 30",2026-08-29T09:00:39.939Z,178799403993900
"Turn: J♦, 10♦, 7♦ [K♠]",2026-08-29T09:00:37.420Z,178799403742000
"""Henry @ FQN9hzhzP_"" checks",2026-08-29T09:00:36.606Z,178799403660600
"""gurt @ gpP9uUffpu"" checks",2026-08-29T09:00:35.167Z,178799403516700
"Flop:  [J♦, 10♦, 7♦]",2026-08-29T09:00:33.955Z,178799403395500
"""gurt @ gpP9uUffpu"" calls 67",2026-08-29T09:00:33.115Z,178799403311500
"""Henry @ FQN9hzhzP_"" raises to 67",2026-08-29T09:00:31.996Z,178799403199600
"""gurt @ gpP9uUffpu"" posts a big blind of 10",2026-08-29T09:00:28.213Z,178799402821305
"""Henry @ FQN9hzhzP_"" posts a small blind of 5",2026-08-29T09:00:28.213Z,178799402821304
"Player stacks: #1 ""Henry @ FQN9hzhzP_"" (4238) | #2 ""gurt @ gpP9uUffpu"" (6689)",2026-08-29T09:00:28.213Z,178799402821301
"-- starting hand #261 (id: ggdt39auenpe)  No Limit Texas Hold'em (dealer: ""Henry @ FQN9hzhzP_"") --",2026-08-29T09:00:28.213Z,178799402821300
"-- ending hand #260 --",2026-08-29T09:00:22.211Z,178799402221103
"""Henry @ FQN9hzhzP_"" collected 200 from pot with Two Pair, J's & 8's (combination: Q♦, 8♥, 8♣, J♥, J♣)",2026-08-29T09:00:22.211Z,178799402221102
"""Henry @ FQN9hzhzP_"" shows a 8♥, 8♣.",2026-08-29T09:00:22.211Z,178799402221101
"""gurt @ gpP9uUffpu"" shows a 9♦, A♥.",2026-08-29T09:00:22.211Z,178799402221100
"""Henry @ FQN9hzhzP_"" calls 50",2026-08-29T09:00:21.368Z,178799402136800
"""gurt @ gpP9uUffpu"" bets 50",2026-08-29T09:00:20.428Z,178799402042800
"""Henry @ FQN9hzhzP_"" checks",2026-08-29T09:00:18.652Z,178799401865200
"River: 7♠, J♥, Q♦, 5♦ [J♣]",2026-08-29T09:00:17.212Z,178799401721200
"""gurt @ gpP9uUffpu"" checks",2026-08-29T09:00:16.366Z,178799401636600
"""Henry @ FQN9hzhzP_"" checks",2026-08-29T09:00:15.409Z,178799401540900
"Turn: 7♠, J♥, Q♦ [5♦]",2026-08-29T09:00:13.598Z,178799401359800
"""gurt @ gpP9uUffpu"" checks",2026-08-29T09:00:12.700Z,178799401270000
"""Henry @ FQN9hzhzP_"" checks",2026-08-29T09:00:11.765Z,178799401176500
"Flop:  [7♠, J♥, Q♦]",2026-08-29T08:59:50.640Z,178799399064000
"""Henry @ FQN9hzhzP_"" calls 50",2026-08-29T08:59:49.753Z,178799398975300
"""gurt @ gpP9uUffpu"" raises to 50",2026-08-29T08:59:46.242Z,178799398624200
"""Henry @ FQN9hzhzP_"" posts a big blind of 10",2026-08-29T08:59:43.839Z,178799398383905
"""gurt @ gpP9uUffpu"" posts a small blind of 5",2026-08-29T08:59:43.839Z,178799398383904
"Your hand is 9♦, A♥",2026-08-29T08:59:43.839Z,178799398383903
"Player stacks: #1 ""Henry @ FQN9hzhzP_"" (4138) | #2 ""gurt @ gpP9uUffpu"" (6789)",2026-08-29T08:59:43.839Z,178799398383901
"-- starting hand #260 (id: czmaozqzp00q)  No Limit Texas Hold'em (dealer: ""gurt @ gpP9uUffpu"") --",2026-08-29T08:59:43.839Z,178799398383900
"-- ending hand #259 --",2026-08-29T08:59:37.827Z,178799397782702
"""Henry @ FQN9hzhzP_"" collected 2052 from pot with Full House, J's over 10's (combination: 10♠, 10♥, J♠, J♣, J♦)",2026-08-29T08:59:37.827Z,178799397782701
"""Henry @ FQN9hzhzP_"" shows a J♠, 10♠.",2026-08-29T08:59:37.827Z,178799397782700
"""gurt @ gpP9uUffpu"" calls 367",2026-08-29T08:59:36.924Z,178799397692400
"""Henry @ FQN9hzhzP_"" bets 367",2026-08-29T08:59:24.162Z,178799396416200
"""gurt @ gpP9uUffpu"" checks",2026-08-29T08:59:19.580Z,178799395958000
"River: 3♥, J♣, 4♠, 10♥ [J♦]",2026-08-29T08:59:18.778Z,178799395877800
"""gurt @ gpP9uUffpu"" calls 267",2026-08-29T08:59:17.937Z,178799395793700
"""Henry @ FQN9hzhzP_"" bets 267",2026-08-29T08:59:16.905Z,178799395690500
"""gurt @ gpP9uUffpu"" checks",2026-08-29T08:59:12.782Z,178799395278200
"Turn: 3♥, J♣, 4♠ [10♥]",2026-08-29T08:59:12.175Z,178799395217500
"""gurt @ gpP9uUffpu"" calls 167",2026-08-29T08:59:11.326Z,178799395132600
"""Henry @ FQN9hzhzP_"" bets 167",2026-08-29T08:59:10.049Z,178799395004900
"""gurt @ gpP9uUffpu"" checks",2026-08-29T08:59:04.341Z,178799394434100
"Flop:  [3♥, J♣, 4♠]",2026-08-29T08:59:03.169Z,178799394316900
"""Henry @ FQN9hzhzP_"" calls 225",2026-08-29T08:59:02.289Z,178799394228900
"""gurt @ gpP9uUffpu"" raises to 225",2026-08-29T08:58:59.498Z,178799393949800
"""Henry @ FQN9hzhzP_"" raises to 67",2026-08-29T08:58:57.233Z,178799393723300
"""gurt @ gpP9uUffpu"" posts a big blind of 10",2026-08-29T08:58:53.152Z,178799393315205
"""Henry @ FQN9hzhzP_"" posts a small blind of 5",2026-08-29T08:58:53.152Z,178799393315204
"Player stacks: #1 ""Henry @ FQN9hzhzP_"" (3112) | #2 ""gurt @ gpP9uUffpu"" (7815)",2026-08-29T08:58:53.152Z,178799393315201
"-- starting hand #259 (id: t1v1pjwafcq3)  No Limit Texas Hold'em (dealer: ""Henry @ FQN9hzhzP_"") --",2026-08-29T08:58:53.152Z,178799393315200
"""Henry @ FQN9hzhzP_"" shows a 7♦, 7♠.",2026-08-29T08:58:48.648Z,178799392864800
"Undealt cards:  [Q♠, 5♦, 8♦, A♥, 7♣]",2026-08-29T08:58:47.183Z,178799392718300
"-- ending hand #258 --",2026-08-29T08:58:46.543Z,178799392654302
"""Henry @ FQN9hzhzP_"" collected 100 from pot",2026-08-29T08:58:46.543Z,178799392654301
"Uncalled bet of 727 returned to ""Henry @ FQN9hzhzP_""",2026-08-29T08:58:46.543Z,178799392654300
"""gurt @ gpP9uUffpu"" folds",2026-08-29T08:58:45.735Z,178799392573500
"""Henry @ FQN9hzhzP_"" raises to 777",2026-08-29T08:58:44.810Z,178799392481000
"""gurt @ gpP9uUffpu"" raises to 50",2026-08-29T08:58:38.855Z,178799391885500
"""Henry @ FQN9hzhzP_"" posts a big blind of 10",2026-08-29T08:58:37.339Z,178799391733905
"""gurt @ gpP9uUffpu"" posts a small blind of 5",2026-08-29T08:58:37.339Z,178799391733904
"Player stacks: #1 ""Henry @ FQN9hzhzP_"" (3062) | #2 ""gurt @ gpP9uUffpu"" (7865)",2026-08-29T08:58:37.339Z,178799391733901
"-- starting hand #258 (id: qbzwvfpbnzus)  No Limit Texas Hold'em (dealer: ""gurt @ gpP9uUffpu"") --",2026-08-29T08:58:37.339Z,178799391733900
"""gurt @ gpP9uUffpu"" shows a 4♣, 3♦.",2026-08-29T08:58:33.140Z,178799391314000
"""Henry @ FQN9hzhzP_"" shows a 5♥.",2026-08-29T08:58:31.988Z,178799391198800
"Undealt cards: 9♦, J♥, 9♣ [A♦, 6♦]",2026-08-29T08:58:30.308Z,178799391030800
"-- ending hand #257 --",2026-08-29T08:58:29.936Z,178799390993602
"""Henry @ FQN9hzhzP_"" collected 68 from pot",2026-08-29T08:58:29.936Z,178799390993601
"Uncalled bet of 67 returned to ""Henry @ FQN9hzhzP_""",2026-08-29T08:58:29.936Z,178799390993600
"""gurt @ gpP9uUffpu"" folds",2026-08-29T08:58:29.028Z,178799390902800
"""Henry @ FQN9hzhzP_"" bets 67",2026-08-29T08:58:28.091Z,178799390809100
"""gurt @ gpP9uUffpu"" checks",2026-08-29T08:58:25.478Z,178799390547800
"Flop:  [9♦, J♥, 9♣]",2026-08-29T08:58:24.583Z,178799390458300
"""gurt @ gpP9uUffpu"" calls 34",2026-08-29T08:58:23.683Z,178799390368300
"""Henry @ FQN9hzhzP_"" raises to 34",2026-08-29T08:58:22.680Z,178799390268000
"""gurt @ gpP9uUffpu"" posts a big blind of 10",2026-08-29T08:58:19.781Z,178799389978105
"""Henry @ FQN9hzhzP_"" posts a small blind of 5",2026-08-29T08:58:19.781Z,178799389978104
"Your hand is 4♣, 3♦",2026-08-29T08:58:19.781Z,178799389978103
"Player stacks: #1 ""Henry @ FQN9hzhzP_"" (3028) | #2 ""gurt @ gpP9uUffpu"" (7899)",2026-08-29T08:58:19.781Z,178799389978101
"-- starting hand #257 (id: qkgwagt4im1s)  No Limit Texas Hold'em (dealer: ""Henry @ FQN9hzhzP_"") --",2026-08-29T08:58:19.781Z,178799389978100
"Undealt cards: 8♥, 3♣, 6♦, 10♦ [3♦]",2026-08-29T08:58:14.030Z,178799389403000
"-- ending hand #256 --",2026-08-29T08:58:13.807Z,178799389380702
"""gurt @ gpP9uUffpu"" collected 552 from pot",2026-08-29T08:58:13.807Z,178799389380701
"Uncalled bet of 552 returned to ""gurt @ gpP9uUffpu""",2026-08-29T08:58:13.807Z,178799389380700
"""Henry @ FQN9hzhzP_"" folds",2026-08-29T08:58:12.991Z,178799389299100
"""gurt @ gpP9uUffpu"" raises to 738",2026-08-29T08:58:11.444Z,178799389144400
"""Henry @ FQN9hzhzP_"" raises to 186",2026-08-29T08:58:09.613Z,178799388961300
"""gurt @ gpP9uUffpu"" raises to 110",2026-08-29T08:58:06.554Z,178799388655400
"""Henry @ FQN9hzhzP_"" bets 34",2026-08-29T08:58:04.636Z,178799388463600
"Turn: 8♥, 3♣, 6♦ [10♦]",2026-08-29T08:58:01.261Z,178799388126100
"""gurt @ gpP9uUffpu"" checks",2026-08-29T08:58:00.387Z,178799388038700
"""Henry @ FQN9hzhzP_"" checks",2026-08-29T08:57:59.465Z,178799387946500
"Flop:  [8♥, 3♣, 6♦]",2026-08-29T08:57:56.168Z,178799387616800
"""Henry @ FQN9hzhzP_"" calls 90",2026-08-29T08:57:55.334Z,178799387533400
"""gurt @ gpP9uUffpu"" raises to 90",2026-08-29T08:57:54.262Z,178799387426200
"""Henry @ FQN9hzhzP_"" posts a big blind of 10",2026-08-29T08:57:52.286Z,178799387228605
"""gurt @ gpP9uUffpu"" posts a small blind of 5",2026-08-29T08:57:52.286Z,178799387228604
"Player stacks: #1 ""Henry @ FQN9hzhzP_"" (3304) | #2 ""gurt @ gpP9uUffpu"" (7623)",2026-08-29T08:57:52.286Z,178799387228601
"-- starting hand #256 (id: sksgics74mbn)  No Limit Texas Hold'em (dealer: ""gurt @ gpP9uUffpu"") --",2026-08-29T08:57:52.286Z,178799387228600
"""Henry @ FQN9hzhzP_"" shows a 4♦, 6♠.",2026-08-29T08:57:48.861Z,178799386886100
"Undealt cards: 9♠, Q♠, 3♥ [K♥, Q♣]",2026-08-29T08:57:47.800Z,178799386780000
"-- ending hand #255 --",2026-08-29T08:57:45.683Z,178799386568302
"""gurt @ gpP9uUffpu"" collected 180 from pot",2026-08-29T08:57:45.683Z,178799386568301
"Uncalled bet of 60 returned to ""gurt @ gpP9uUffpu""",2026-08-29T08:57:45.683Z,178799386568300
"""Henry @ FQN9hzhzP_"" folds",2026-08-29T08:57:44.880Z,178799386488000
"""gurt @ gpP9uUffpu"" bets 60",2026-08-29T08:57:41.698Z,178799386169800
"Flop:  [9♠, Q♠, 3♥]",2026-08-29T08:57:38.149Z,178799385814900
"""Henry @ FQN9hzhzP_"" calls 90",2026-08-29T08:57:37.322Z,178799385732200
"""gurt @ gpP9uUffpu"" raises to 90",2026-08-29T08:57:33.396Z,178799385339600
"""Henry @ FQN9hzhzP_"" calls 10",2026-08-29T08:57:31.196Z,178799385119600
"""gurt @ gpP9uUffpu"" posts a big blind of 10",2026-08-29T08:57:29.866Z,178799384986605
"""Henry @ FQN9hzhzP_"" posts a small blind of 5",2026-08-29T08:57:29.866Z,178799384986604
"Player stacks: #1 ""Henry @ FQN9hzhzP_"" (3394) | #2 ""gurt @ gpP9uUffpu"" (7533)",2026-08-29T08:57:29.866Z,178799384986601
"-- starting hand #255 (id: s9yudwg82dnf)  No Limit Texas Hold'em (dealer: ""Henry @ FQN9hzhzP_"") --",2026-08-29T08:57:29.866Z,178799384986600
"-- ending hand #254 --",2026-08-29T08:57:23.861Z,178799384386103
"""gurt @ gpP9uUffpu"" collected 120 from pot with Pair, 4's (combination: 9♥, Q♥, A♦, 4♦, 4♥)",2026-08-29T08:57:23.861Z,178799384386102
"""gurt @ gpP9uUffpu"" shows a 3♥, 4♦.",2026-08-29T08:57:23.861Z,178799384386101
"""Henry @ FQN9hzhzP_"" shows a 7♣, K♣.",2026-08-29T08:57:23.861Z,178799384386100
"""gurt @ gpP9uUffpu"" calls 10",2026-08-29T08:57:23.037Z,178799384303700
"""Henry @ FQN9hzhzP_"" bets 10",2026-08-29T08:57:22.100Z,178799384210000
"River: 4♥, 9♥, A♦, Q♥ [2♣]",2026-08-29T08:57:21.143Z,178799384114300
"""gurt @ gpP9uUffpu"" checks",2026-08-29T08:57:20.294Z,178799384029400
"""Henry @ FQN9hzhzP_"" checks",2026-08-29T08:57:19.368Z,178799383936800
"Turn: 4♥, 9♥, A♦ [Q♥]",2026-08-29T08:57:18.050Z,178799383805000
"""gurt @ gpP9uUffpu"" checks",2026-08-29T08:57:17.202Z,178799383720200
"""Henry @ FQN9hzhzP_"" checks",2026-08-29T08:57:16.173Z,178799383617300
"Flop:  [4♥, 9♥, A♦]",2026-08-29T08:57:13.343Z,178799383334300
"""Henry @ FQN9hzhzP_"" calls 50",2026-08-29T08:57:12.534Z,178799383253400
"""gurt @ gpP9uUffpu"" raises to 50",2026-08-29T08:57:05.447Z,178799382544700
"""Henry @ FQN9hzhzP_"" posts a big blind of 10",2026-08-29T08:57:02.725Z,178799382272505
"""gurt @ gpP9uUffpu"" posts a small blind of 5",2026-08-29T08:57:02.725Z,178799382272504
"Your hand is 3♥, 4♦",2026-08-29T08:57:02.725Z,178799382272503
"Player stacks: #1 ""Henry @ FQN9hzhzP_"" (3454) | #2 ""gurt @ gpP9uUffpu"" (7473)",2026-08-29T08:57:02.725Z,178799382272501
"-- starting hand #254 (id: hy83zp1jeodl)  No Limit Texas Hold'em (dealer: ""gurt @ gpP9uUffpu"") --",2026-08-29T08:57:02.725Z,178799382272500
"""Henry @ FQN9hzhzP_"" shows a 8♥, 9♠.",2026-08-29T08:56:59.771Z,178799381977100
"-- ending hand #253 --",2026-08-29T08:56:59.059Z,178799381905902
"""gurt @ gpP9uUffpu"" collected 224 from pot",2026-08-29T08:56:59.059Z,178799381905901
"Uncalled bet of 224 returned to ""gurt @ gpP9uUffpu""",2026-08-29T08:56:59.059Z,178799381905900
"""Henry @ FQN9hzhzP_"" folds",2026-08-29T08:56:58.189Z,178799381818900
"""gurt @ gpP9uUffpu"" bets 224",2026-08-29T08:56:57.181Z,178799381718100
"River: 2♣, 5♦, 10♣, 7♥ [7♠]",2026-08-29T08:56:54.369Z,178799381436900
"""Henry @ FQN9hzhzP_"" calls 90",2026-08-29T08:56:53.519Z,178799381351900
"""gurt @ gpP9uUffpu"" raises to 90",2026-08-29T08:56:52.537Z,178799381253700
"""Henry @ FQN9hzhzP_"" bets 15",2026-08-29T08:56:50.230Z,178799381023000
"""gurt @ gpP9uUffpu"" checks",2026-08-29T08:56:44.919Z,178799380491900
"Turn: 2♣, 5♦, 10♣ [7♥]",2026-08-29T08:56:44.365Z,178799380436500
"""gurt @ gpP9uUffpu"" calls 12",2026-08-29T08:56:43.494Z,178799380349400
"""Henry @ FQN9hzhzP_"" bets 12",2026-08-29T08:56:41.442Z,178799380144200
"""gurt @ gpP9uUffpu"" checks",2026-08-29T08:56:38.667Z,178799379866700
"Flop:  [2♣, 5♦, 10♣]",2026-08-29T08:56:37.360Z,178799379736000
"""gurt @ gpP9uUffpu"" checks",2026-08-29T08:56:36.490Z,178799379649000
"""Henry @ FQN9hzhzP_"" calls 10",2026-08-29T08:56:34.952Z,178799379495200
"""gurt @ gpP9uUffpu"" posts a big blind of 10",2026-08-29T08:56:32.592Z,178799379259205
"""Henry @ FQN9hzhzP_"" posts a small blind of 5",2026-08-29T08:56:32.592Z,178799379259204
"Player stacks: #1 ""Henry @ FQN9hzhzP_"" (3566) | #2 ""gurt @ gpP9uUffpu"" (7361)",2026-08-29T08:56:32.592Z,178799379259201
"-- starting hand #253 (id: e5y7jryhdqkc)  No Limit Texas Hold'em (dealer: ""Henry @ FQN9hzhzP_"") --",2026-08-29T08:56:32.592Z,178799379259200
"""gurt @ gpP9uUffpu"" shows a 2♣.",2026-08-29T08:56:29.486Z,178799378948600
"Undealt cards:  [9♠, 2♥, A♦, 4♥, 7♦]",2026-08-29T08:56:28.391Z,178799378839100
"""Henry @ FQN9hzhzP_"" shows a 5♥, 5♦.",2026-08-29T08:56:27.069Z,178799378706900
"-- ending hand #252 --",2026-08-29T08:56:25.264Z,178799378526402
"""Henry @ FQN9hzhzP_"" collected 20 from pot",2026-08-29T08:56:25.264Z,178799378526401
"Uncalled bet of 46 returned to ""Henry @ FQN9hzhzP_""",2026-08-29T08:56:25.264Z,178799378526400
"""gurt @ gpP9uUffpu"" folds",2026-08-29T08:56:24.428Z,178799378442800
"""Henry @ FQN9hzhzP_"" raises to 56",2026-08-29T08:56:23.038Z,178799378303800
"""gurt @ gpP9uUffpu"" calls 10",2026-08-29T08:56:20.432Z,178799378043200
"""Henry @ FQN9hzhzP_"" posts a big blind of 10",2026-08-29T08:56:19.064Z,178799377906405
"""gurt @ gpP9uUffpu"" posts a small blind of 5",2026-08-29T08:56:19.064Z,178799377906404
"Player stacks: #1 ""Henry @ FQN9hzhzP_"" (3556) | #2 ""gurt @ gpP9uUffpu"" (7371)",2026-08-29T08:56:19.064Z,178799377906401
"-- starting hand #252 (id: rjr1c8h0gde9)  No Limit Texas Hold'em (dealer: ""gurt @ gpP9uUffpu"") --",2026-08-29T08:56:19.064Z,178799377906400
"-- ending hand #251 --",2026-08-29T08:56:13.057Z,178799377305703
"""Henry @ FQN9hzhzP_"" collected 466 from pot with Pair, 9's (combination: 6♠, 7♠, Q♥, 9♦, 9♠)",2026-08-29T08:56:13.057Z,178799377305702
"""Henry @ FQN9hzhzP_"" shows a 9♦, 4♠.",2026-08-29T08:56:13.057Z,178799377305701
"""gurt @ gpP9uUffpu"" shows a 7♦, A♦.",2026-08-29T08:56:13.057Z,178799377305700
"""Henry @ FQN9hzhzP_"" checks",2026-08-29T08:56:12.223Z,178799377222300
"""gurt @ gpP9uUffpu"" checks",2026-08-29T08:56:11.074Z,178799377107400
"River: 2♣, 7♠, Q♥, 9♠ [6♠]",2026-08-29T08:56:10.342Z,178799377034200
"""gurt @ gpP9uUffpu"" calls 64",2026-08-29T08:56:09.469Z,178799376946900
"""Henry @ FQN9hzhzP_"" bets 64",2026-08-29T08:56:08.561Z,178799376856100
"""gurt @ gpP9uUffpu"" checks",2026-08-29T08:56:05.324Z,178799376532400
"Turn: 2♣, 7♠, Q♥ [9♠]",2026-08-29T08:56:04.778Z,178799376477800
"""gurt @ gpP9uUffpu"" calls 34",2026-08-29T08:56:03.943Z,178799376394300
"""Henry @ FQN9hzhzP_"" bets 34",2026-08-29T08:56:02.979Z,178799376297900
"""gurt @ gpP9uUffpu"" checks",2026-08-29T08:56:00.146Z,178799376014600
"Flop:  [2♣, 7♠, Q♥]",2026-08-29T08:55:58.480Z,178799375848000
"""Henry @ FQN9hzhzP_"" calls 135",2026-08-29T08:55:57.603Z,178799375760300
"""gurt @ gpP9uUffpu"" raises to 135",2026-08-29T08:55:56.233Z,178799375623300
"""Henry @ FQN9hzhzP_"" raises to 35",2026-08-29T08:55:53.870Z,178799375387000
"""gurt @ gpP9uUffpu"" posts a big blind of 10",2026-08-29T08:55:49.475Z,178799374947505
"""Henry @ FQN9hzhzP_"" posts a small blind of 5",2026-08-29T08:55:49.475Z,178799374947504
"Your hand is 7♦, A♦",2026-08-29T08:55:49.475Z,178799374947503
"Player stacks: #1 ""Henry @ FQN9hzhzP_"" (3323) | #2 ""gurt @ gpP9uUffpu"" (7604)",2026-08-29T08:55:49.475Z,178799374947501
"-- starting hand #251 (id: uizxpsdqnowb)  No Limit Texas Hold'em (dealer: ""Henry @ FQN9hzhzP_"") --",2026-08-29T08:55:49.475Z,178799374947500
"-- ending hand #250 --",2026-08-29T08:55:43.369Z,178799374336903
"""gurt @ gpP9uUffpu"" collected 100 from pot with Pair, 4's (combination: 9♦, Q♥, K♠, 4♦, 4♣)",2026-08-29T08:55:43.369Z,178799374336902
"""gurt @ gpP9uUffpu"" shows a Q♥, 9♦.",2026-08-29T08:55:43.369Z,178799374336901
"""Henry @ FQN9hzhzP_"" shows a 8♥, 7♦.",2026-08-29T08:55:43.369Z,178799374336900
"""gurt @ gpP9uUffpu"" checks",2026-08-29T08:55:42.544Z,178799374254400
"""Henry @ FQN9hzhzP_"" checks",2026-08-29T08:55:40.936Z,178799374093600
"River: 3♠, 4♦, K♠, 4♣ [2♦]",2026-08-29T08:55:39.166Z,178799373916600
"""gurt @ gpP9uUffpu"" checks",2026-08-29T08:55:38.344Z,178799373834400
"""Henry @ FQN9hzhzP_"" checks",2026-08-29T08:55:37.445Z,178799373744500
"Turn: 3♠, 4♦, K♠ [4♣]",2026-08-29T08:55:35.478Z,178799373547800
"""gurt @ gpP9uUffpu"" checks",2026-08-29T08:55:34.670Z,178799373467000
"""Henry @ FQN9hzhzP_"" checks",2026-08-29T08:55:33.418Z,178799373341800
"Flop:  [3♠, 4♦, K♠]",2026-08-29T08:55:30.161Z,178799373016100
"""Henry @ FQN9hzhzP_"" calls 50",2026-08-29T08:55:29.312Z,178799372931200
"""gurt @ gpP9uUffpu"" raises to 50",2026-08-29T08:55:23.880Z,178799372388000
"""Henry @ FQN9hzhzP_"" posts a big blind of 10",2026-08-29T08:55:21.960Z,178799372196005
"""gurt @ gpP9uUffpu"" posts a small blind of 5",2026-08-29T08:55:21.960Z,178799372196004
"Your hand is Q♥, 9♦",2026-08-29T08:55:21.960Z,178799372196003
"Player stacks: #1 ""Henry @ FQN9hzhzP_"" (3373) | #2 ""gurt @ gpP9uUffpu"" (7554)",2026-08-29T08:55:21.960Z,178799372196001
"-- starting hand #250 (id: syhc4conxbuj)  No Limit Texas Hold'em (dealer: ""gurt @ gpP9uUffpu"") --",2026-08-29T08:55:21.960Z,178799372196000
"""Henry @ FQN9hzhzP_"" shows a 4♣, K♦.",2026-08-29T08:55:20.132Z,178799372013200
"-- ending hand #249 --",2026-08-29T08:55:18.353Z,178799371835302
"""Henry @ FQN9hzhzP_"" collected 900 from pot",2026-08-29T08:55:18.353Z,178799371835301
"Uncalled bet of 342 returned to ""Henry @ FQN9hzhzP_""",2026-08-29T08:55:18.353Z,178799371835300
"""gurt @ gpP9uUffpu"" folds",2026-08-29T08:55:17.548Z,178799371754800
"""Henry @ FQN9hzhzP_"" raises to 567",2026-08-29T08:55:11.195Z,178799371119500
"""gurt @ gpP9uUffpu"" bets 225",2026-08-29T08:55:02.866Z,178799370286600
"River: 7♦, 3♣, 6♣, 7♥ [5♦]",2026-08-29T08:54:57.762Z,178799369776200
"""Henry @ FQN9hzhzP_"" checks",2026-08-29T08:54:56.886Z,178799369688600
"""gurt @ gpP9uUffpu"" checks",2026-08-29T08:54:55.683Z,178799369568300
"Turn: 7♦, 3♣, 6♣ [7♥]",2026-08-29T08:54:52.873Z,178799369287300
"""Henry @ FQN9hzhzP_"" calls 90",2026-08-29T08:54:51.999Z,178799369199900
"""gurt @ gpP9uUffpu"" bets 90",2026-08-29T08:54:50.054Z,178799369005400
"Flop:  [7♦, 3♣, 6♣]",2026-08-29T08:54:46.066Z,178799368606600
"""Henry @ FQN9hzhzP_"" calls 135",2026-08-29T08:54:45.245Z,178799368524500
"""gurt @ gpP9uUffpu"" raises to 135",2026-08-29T08:54:42.389Z,178799368238900
"""Henry @ FQN9hzhzP_"" raises to 45",2026-08-29T08:54:39.793Z,178799367979300
"""gurt @ gpP9uUffpu"" posts a big blind of 10",2026-08-29T08:54:22.848Z,178799366284805
"""Henry @ FQN9hzhzP_"" posts a small blind of 5",2026-08-29T08:54:22.848Z,178799366284804
"Player stacks: #1 ""Henry @ FQN9hzhzP_"" (2923) | #2 ""gurt @ gpP9uUffpu"" (8004)",2026-08-29T08:54:22.848Z,178799366284801
"-- starting hand #249 (id: t4lvp73b3yk9)  No Limit Texas Hold'em (dealer: ""Henry @ FQN9hzhzP_"") --",2026-08-29T08:54:22.848Z,178799366284800
"""gurt @ gpP9uUffpu"" shows a 2♥.",2026-08-29T08:54:18.291Z,178799365829100
"""Henry @ FQN9hzhzP_"" shows a 6♦, 5♠.",2026-08-29T08:54:17.378Z,178799365737800
"Undealt cards: 2♠, 7♣, J♣ [9♦, 10♥]",2026-08-29T08:54:16.314Z,178799365631400
"-- ending hand #248 --",2026-08-29T08:54:15.444Z,178799365544401
"""gurt @ gpP9uUffpu"" collected 60 from pot",2026-08-29T08:54:15.444Z,178799365544400
"""Henry @ FQN9hzhzP_"" folds",2026-08-29T08:54:14.567Z,178799365456700
"Flop:  [2♠, 7♣, J♣]",2026-08-29T08:54:11.683Z,178799365168300
"""Henry @ FQN9hzhzP_"" calls 30",2026-08-29T08:54:10.779Z,178799365077900
"""gurt @ gpP9uUffpu"" raises to 30",2026-08-29T08:53:58.850Z,178799363885000
"""Henry @ FQN9hzhzP_"" posts a big blind of 10",2026-08-29T08:53:57.390Z,178799363739005
"""gurt @ gpP9uUffpu"" posts a small blind of 5",2026-08-29T08:53:57.390Z,178799363739004
"Player stacks: #1 ""Henry @ FQN9hzhzP_"" (2953) | #2 ""gurt @ gpP9uUffpu"" (7974)",2026-08-29T08:53:57.390Z,178799363739001
"-- starting hand #248 (id: munq5rbvccjf)  No Limit Texas Hold'em (dealer: ""gurt @ gpP9uUffpu"") --",2026-08-29T08:53:57.390Z,178799363739000
"""gurt @ gpP9uUffpu"" shows a 3♠, K♣.",2026-08-29T08:53:52.847Z,178799363284700
"-- ending hand #247 --",2026-08-29T08:53:50.791Z,178799363079102
"""Henry @ FQN9hzhzP_"" collected 1380 from pot with Two Pair, 8's & 6's (combination: K♠, 6♠, 6♦, 8♥, 8♦)",2026-08-29T08:53:50.791Z,178799363079101
"""Henry @ FQN9hzhzP_"" shows a 8♥, 6♠.",2026-08-29T08:53:50.791Z,178799363079100
"""gurt @ gpP9uUffpu"" calls 346",2026-08-29T08:53:49.873Z,178799362987300
"""Henry @ FQN9hzhzP_"" bets 346",2026-08-29T08:53:48.550Z,178799362855000
"""gurt @ gpP9uUffpu"" checks",2026-08-29T08:53:44.596Z,178799362459600
"River: J♠, K♠, 9♥, 6♦ [8♦]",2026-08-29T08:53:44.067Z,178799362406700
"""gurt @ gpP9uUffpu"" calls 167",2026-08-29T08:53:43.245Z,178799362324500
"""Henry @ FQN9hzhzP_"" bets 167",2026-08-29T08:53:42.110Z,178799362211000
"""gurt @ gpP9uUffpu"" checks",2026-08-29T08:53:35.097Z,178799361509700
"Turn: J♠, K♠, 9♥ [6♦]",2026-08-29T08:53:34.168Z,178799361416800
"""gurt @ gpP9uUffpu"" calls 167",2026-08-29T08:53:33.356Z,178799361335600
"""Henry @ FQN9hzhzP_"" raises to 167",2026-08-29T08:53:32.103Z,178799361210300
"""gurt @ gpP9uUffpu"" raises to 105",2026-08-29T08:53:29.669Z,178799360966900
"""Henry @ FQN9hzhzP_"" raises to 67",2026-08-29T08:53:27.145Z,178799360714500
"""gurt @ gpP9uUffpu"" raises to 39",2026-08-29T08:53:23.835Z,178799360383500
"""Henry @ FQN9hzhzP_"" bets 13",2026-08-29T08:53:21.851Z,178799360185100
"""gurt @ gpP9uUffpu"" checks",2026-08-29T08:53:16.906Z,178799359690600
"Flop:  [J♠, K♠, 9♥]",2026-08-29T08:53:15.801Z,178799359580100
"""gurt @ gpP9uUffpu"" checks",2026-08-29T08:53:14.980Z,178799359498000
"""Henry @ FQN9hzhzP_"" calls 10",2026-08-29T08:53:12.874Z,178799359287400
"""gurt @ gpP9uUffpu"" posts a big blind of 10",2026-08-29T08:53:11.599Z,178799359159905
"""Henry @ FQN9hzhzP_"" posts a small blind of 5",2026-08-29T08:53:11.599Z,178799359159904
"Your hand is 3♠, K♣",2026-08-29T08:53:11.599Z,178799359159903
"Player stacks: #1 ""Henry @ FQN9hzhzP_"" (2263) | #2 ""gurt @ gpP9uUffpu"" (8664)",2026-08-29T08:53:11.599Z,178799359159901
"-- starting hand #247 (id: jccyyb0ancbi)  No Limit Texas Hold'em (dealer: ""Henry @ FQN9hzhzP_"") --",2026-08-29T08:53:11.599Z,178799359159900
"""Henry @ FQN9hzhzP_"" shows a J♦, 9♣.",2026-08-29T08:53:07.564Z,178799358756400
"Undealt cards: 6♥, Q♦, J♥ [4♦, 5♦]",2026-08-29T08:53:05.207Z,178799358520700
"-- ending hand #246 --",2026-08-29T08:53:04.947Z,178799358494702
"""Henry @ FQN9hzhzP_"" collected 100 from pot",2026-08-29T08:53:04.947Z,178799358494701
"Uncalled bet of 34 returned to ""Henry @ FQN9hzhzP_""",2026-08-29T08:53:04.947Z,178799358494700
"""gurt @ gpP9uUffpu"" folds",2026-08-29T08:53:04.010Z,178799358401000
"""Henry @ FQN9hzhzP_"" bets 34",2026-08-29T08:53:03.004Z,178799358300400
"Flop:  [6♥, Q♦, J♥]",2026-08-29T08:52:56.561Z,178799357656100
"""Henry @ FQN9hzhzP_"" calls 50",2026-08-29T08:52:55.703Z,178799357570300
"""gurt @ gpP9uUffpu"" raises to 50",2026-08-29T08:52:54.643Z,178799357464300
"""Henry @ FQN9hzhzP_"" posts a big blind of 10",2026-08-29T08:52:52.665Z,178799357266505
"""gurt @ gpP9uUffpu"" posts a small blind of 5",2026-08-29T08:52:52.665Z,178799357266504
"Player stacks: #1 ""Henry @ FQN9hzhzP_"" (2213) | #2 ""gurt @ gpP9uUffpu"" (8714)",2026-08-29T08:52:52.665Z,178799357266501
"-- starting hand #246 (id: 2hdhjybhsp7m)  No Limit Texas Hold'em (dealer: ""gurt @ gpP9uUffpu"") --",2026-08-29T08:52:52.665Z,178799357266500
"""Henry @ FQN9hzhzP_"" shows a 4♣.",2026-08-29T08:52:49.428Z,178799356942800
"-- ending hand #245 --",2026-08-29T08:52:48.983Z,178799356898302
"""gurt @ gpP9uUffpu"" collected 134 from pot",2026-08-29T08:52:48.983Z,178799356898301
"Uncalled bet of 134 returned to ""gurt @ gpP9uUffpu""",2026-08-29T08:52:48.983Z,178799356898300
"""Henry @ FQN9hzhzP_"" folds",2026-08-29T08:52:48.167Z,178799356816700
"""gurt @ gpP9uUffpu"" bets 134",2026-08-29T08:52:47.116Z,178799356711600
"River: 3♥, 6♥, J♦, A♠ [K♥]",2026-08-29T08:52:44.581Z,178799356458100
"""Henry @ FQN9hzhzP_"" checks",2026-08-29T08:52:43.759Z,178799356375900
"""gurt @ gpP9uUffpu"" checks",2026-08-29T08:52:42.787Z,178799356278700
"Turn: 3♥, 6♥, J♦ [A♠]",2026-08-29T08:52:40.350Z,178799356035000
"""Henry @ FQN9hzhzP_"" checks",2026-08-29T08:52:39.465Z,178799355946500
"""gurt @ gpP9uUffpu"" checks",2026-08-29T08:52:37.410Z,178799355741000
"Flop:  [3♥, 6♥, J♦]",2026-08-29T08:52:36.352Z,178799355635200
"""gurt @ gpP9uUffpu"" calls 67",2026-08-29T08:52:35.545Z,178799355554500
"""Henry @ FQN9hzhzP_"" raises to 67",2026-08-29T08:52:34.584Z,178799355458400
"""gurt @ gpP9uUffpu"" posts a big blind of 10",2026-08-29T08:52:29.570Z,178799354957005
"""Henry @ FQN9hzhzP_"" posts a small blind of 5",2026-08-29T08:52:29.570Z,178799354957004
"Player stacks: #1 ""Henry @ FQN9hzhzP_"" (2280) | #2 ""gurt @ gpP9uUffpu"" (8647)",2026-08-29T08:52:29.570Z,178799354957001
"-- starting hand #245 (id: 7cgt5zphx26d)  No Limit Texas Hold'em (dealer: ""Henry @ FQN9hzhzP_"") --",2026-08-29T08:52:29.570Z,178799354957000
"""Henry @ FQN9hzhzP_"" shows a 8♣, 5♦.",2026-08-29T08:52:24.595Z,178799354459500
"Undealt cards:  [8♦, J♣, A♣, 6♠, 5♥]",2026-08-29T08:52:24.257Z,178799354425700
"-- ending hand #244 --",2026-08-29T08:52:22.957Z,178799354295702
"""gurt @ gpP9uUffpu"" collected 20 from pot",2026-08-29T08:52:22.957Z,178799354295701
"Uncalled bet of 40 returned to ""gurt @ gpP9uUffpu""",2026-08-29T08:52:22.957Z,178799354295700
"""Henry @ FQN9hzhzP_"" folds",2026-08-29T08:52:22.147Z,178799354214700
"""gurt @ gpP9uUffpu"" raises to 50",2026-08-29T08:52:20.417Z,178799354041700
"""Henry @ FQN9hzhzP_"" posts a big blind of 10",2026-08-29T08:52:18.642Z,178799353864205
"""gurt @ gpP9uUffpu"" posts a small blind of 5",2026-08-29T08:52:18.642Z,178799353864204
"Player stacks: #1 ""Henry @ FQN9hzhzP_"" (2290) | #2 ""gurt @ gpP9uUffpu"" (8637)",2026-08-29T08:52:18.642Z,178799353864201
"-- starting hand #244 (id: shhr44nrlgxq)  No Limit Texas Hold'em (dealer: ""gurt @ gpP9uUffpu"") --",2026-08-29T08:52:18.642Z,178799353864200
"""gurt @ gpP9uUffpu"" shows a 3♥, Q♦.",2026-08-29T08:52:15.865Z,178799353586500
"""Henry @ FQN9hzhzP_"" shows a 7♦, Q♥.",2026-08-29T08:52:13.532Z,178799353353200
"Undealt cards: K♣, 4♥, 9♠, 4♣ [9♥]",2026-08-29T08:52:12.937Z,178799353293700
"-- ending hand #243 --",2026-08-29T08:52:11.337Z,178799353133702
"""Henry @ FQN9hzhzP_"" collected 360 from pot",2026-08-29T08:52:11.337Z,178799353133701
"Uncalled bet of 336 returned to ""Henry @ FQN9hzhzP_""",2026-08-29T08:52:11.337Z,178799353133700
"""gurt @ gpP9uUffpu"" folds",2026-08-29T08:52:10.462Z,178799353046200
"""Henry @ FQN9hzhzP_"" raises to 456",2026-08-29T08:52:05.889Z,178799352588900
"""gurt @ gpP9uUffpu"" bets 120",2026-08-29T08:52:03.474Z,178799352347400
"Turn: K♣, 4♥, 9♠ [4♣]",2026-08-29T08:52:01.419Z,178799352141900
"""Henry @ FQN9hzhzP_"" calls 50",2026-08-29T08:52:00.539Z,178799352053900
"""gurt @ gpP9uUffpu"" bets 50",2026-08-29T08:51:58.427Z,178799351842700
"Flop:  [K♣, 4♥, 9♠]",2026-08-29T08:51:55.481Z,178799351548100
"""gurt @ gpP9uUffpu"" checks",2026-08-29T08:51:54.657Z,178799351465700
"""Henry @ FQN9hzhzP_"" calls 10",2026-08-29T08:51:53.010Z,178799351301000
"""gurt @ gpP9uUffpu"" posts a big blind of 10",2026-08-29T08:51:51.796Z,178799351179605
"""Henry @ FQN9hzhzP_"" posts a small blind of 5",2026-08-29T08:51:51.796Z,178799351179604
"Your hand is 3♥, Q♦",2026-08-29T08:51:51.796Z,178799351179603
"Player stacks: #1 ""Henry @ FQN9hzhzP_"" (2110) | #2 ""gurt @ gpP9uUffpu"" (8817)",2026-08-29T08:51:51.796Z,178799351179601
"-- starting hand #243 (id: 4iascdgw7k8x)  No Limit Texas Hold'em (dealer: ""Henry @ FQN9hzhzP_"") --",2026-08-29T08:51:51.796Z,178799351179600
"""Henry @ FQN9hzhzP_"" shows a 6♣, 10♠.",2026-08-29T08:51:47.309Z,178799350730900
"-- ending hand #242 --",2026-08-29T08:51:45.255Z,178799350525502
"""gurt @ gpP9uUffpu"" collected 432 from pot with Full House, 8's over 4's (combination: 4♠, 4♣, 8♥, 8♦, 8♠)",2026-08-29T08:51:45.255Z,178799350525501
"""gurt @ gpP9uUffpu"" shows a 4♠, 4♣.",2026-08-29T08:51:45.255Z,178799350525500
"""Henry @ FQN9hzhzP_"" calls 80",2026-08-29T08:51:44.407Z,178799350440700
"""gurt @ gpP9uUffpu"" bets 80",2026-08-29T08:51:39.647Z,178799349964700
"""Henry @ FQN9hzhzP_"" checks",2026-08-29T08:51:37.299Z,178799349729900
"River: J♠, 8♥, 8♦, 9♥ [8♠]",2026-08-29T08:51:33.240Z,178799349324000
"""gurt @ gpP9uUffpu"" calls 35",2026-08-29T08:51:32.356Z,178799349235600
"""Henry @ FQN9hzhzP_"" bets 35",2026-08-29T08:51:31.392Z,178799349139200
"Turn: J♠, 8♥, 8♦ [9♥]",2026-08-29T08:51:28.147Z,178799348814700
"""gurt @ gpP9uUffpu"" calls 34",2026-08-29T08:51:27.327Z,178799348732700
"""Henry @ FQN9hzhzP_"" bets 34",2026-08-29T08:51:26.402Z,178799348640200
"Flop:  [J♠, 8♥, 8♦]",2026-08-29T08:51:21.737Z,178799348173700
"""gurt @ gpP9uUffpu"" calls 67",2026-08-29T08:51:20.912Z,178799348091200
"""Henry @ FQN9hzhzP_"" raises to 67",2026-08-29T08:51:20.006Z,178799348000600
"""gurt @ gpP9uUffpu"" raises to 20",2026-08-29T08:51:15.802Z,178799347580200
"""Henry @ FQN9hzhzP_"" posts a big blind of 10",2026-08-29T08:51:14.744Z,178799347474405
"""gurt @ gpP9uUffpu"" posts a small blind of 5",2026-08-29T08:51:14.744Z,178799347474404
"Your hand is 4♠, 4♣",2026-08-29T08:51:14.744Z,178799347474403
"Player stacks: #1 ""Henry @ FQN9hzhzP_"" (2326) | #2 ""gurt @ gpP9uUffpu"" (8601)",2026-08-29T08:51:14.744Z,178799347474401
"-- starting hand #242 (id: xq4qdv1vi6xa)  No Limit Texas Hold'em (dealer: ""gurt @ gpP9uUffpu"") --",2026-08-29T08:51:14.744Z,178799347474400
"""Henry @ FQN9hzhzP_"" shows a 6♦, 7♣.",2026-08-29T08:51:11.859Z,178799347185900
"-- ending hand #241 --",2026-08-29T08:51:11.097Z,178799347109702
"""Henry @ FQN9hzhzP_"" collected 40 from pot",2026-08-29T08:51:11.097Z,178799347109701
"Uncalled bet of 36 returned to ""Henry @ FQN9hzhzP_""",2026-08-29T08:51:11.097Z,178799347109700
"""gurt @ gpP9uUffpu"" folds",2026-08-29T08:51:10.221Z,178799347022100
"""Henry @ FQN9hzhzP_"" raises to 46",2026-08-29T08:51:08.261Z,178799346826100
"""gurt @ gpP9uUffpu"" bets 10",2026-08-29T08:51:06.038Z,178799346603800
"River: 10♠, 4♦, 8♥, 2♥ [9♠]",2026-08-29T08:51:04.292Z,178799346429200
"""Henry @ FQN9hzhzP_"" checks",2026-08-29T08:51:03.478Z,178799346347800
"""gurt @ gpP9uUffpu"" checks",2026-08-29T08:51:02.240Z,178799346224000
"Turn: 10♠, 4♦, 8♥ [2♥]",2026-08-29T08:50:56.141Z,178799345614100
"""Henry @ FQN9hzhzP_"" checks",2026-08-29T08:50:55.244Z,178799345524400
"""gurt @ gpP9uUffpu"" checks",2026-08-29T08:50:40.337Z,178799344033700
"Flop:  [10♠, 4♦, 8♥]",2026-08-29T08:50:38.702Z,178799343870200
"""gurt @ gpP9uUffpu"" checks",2026-08-29T08:50:37.807Z,178799343780700
"""Henry @ FQN9hzhzP_"" calls 10",2026-08-29T08:50:35.642Z,178799343564200
"""gurt @ gpP9uUffpu"" posts a big blind of 10",2026-08-29T08:50:33.898Z,178799343389805
"""Henry @ FQN9hzhzP_"" posts a small blind of 5",2026-08-29T08:50:33.898Z,178799343389804
"Player stacks: #1 ""Henry @ FQN9hzhzP_"" (2306) | #2 ""gurt @ gpP9uUffpu"" (8621)",2026-08-29T08:50:33.898Z,178799343389801
"-- starting hand #241 (id: sdyv3gnciirx)  No Limit Texas Hold'em (dealer: ""Henry @ FQN9hzhzP_"") --",2026-08-29T08:50:33.898Z,178799343389800
"Undealt cards: 10♠, 9♠, 3♥ [10♥, 7♠]",2026-08-29T08:50:28.176Z,178799342817600
"-- ending hand #240 --",2026-08-29T08:50:27.897Z,178799342789702
"""gurt @ gpP9uUffpu"" collected 112 from pot",2026-08-29T08:50:27.897Z,178799342789701
"Uncalled bet of 56 returned to ""gurt @ gpP9uUffpu""",2026-08-29T08:50:27.897Z,178799342789700
"""Henry @ FQN9hzhzP_"" folds",2026-08-29T08:50:27.067Z,178799342706700
"""gurt @ gpP9uUffpu"" raises to 66",2026-08-29T08:50:22.914Z,178799342291400
"""Henry @ FQN9hzhzP_"" bets 10",2026-08-29T08:50:19.313Z,178799341931300
"Flop:  [10♠, 9♠, 3♥]",2026-08-29T08:50:14.289Z,178799341428900
"""gurt @ gpP9uUffpu"" calls 46",2026-08-29T08:50:13.380Z,178799341338000
"""Henry @ FQN9hzhzP_"" raises to 46",2026-08-29T08:50:12.427Z,178799341242700
"""gurt @ gpP9uUffpu"" calls 10",2026-08-29T08:50:08.643Z,178799340864300
"""Henry @ FQN9hzhzP_"" posts a big blind of 10",2026-08-29T08:50:06.687Z,178799340668705
"""gurt @ gpP9uUffpu"" posts a small blind of 5",2026-08-29T08:50:06.687Z,178799340668704
"Player stacks: #1 ""Henry @ FQN9hzhzP_"" (2362) | #2 ""gurt @ gpP9uUffpu"" (8565)",2026-08-29T08:50:06.687Z,178799340668701
"-- starting hand #240 (id: xeakfbpq1p9k)  No Limit Texas Hold'em (dealer: ""gurt @ gpP9uUffpu"") --",2026-08-29T08:50:06.687Z,178799340668700
"-- ending hand #239 --",2026-08-29T08:50:00.646Z,178799340064603
"""Henry @ FQN9hzhzP_"" collected 324 from pot with Pair, 10's (combination: 4♠, 8♠, K♣, 10♥, 10♠)",2026-08-29T08:50:00.646Z,178799340064602
"""Henry @ FQN9hzhzP_"" shows a 8♠, 10♥.",2026-08-29T08:50:00.646Z,178799340064601
"""gurt @ gpP9uUffpu"" shows a 3♦, Q♦.",2026-08-29T08:50:00.646Z,178799340064600
"""Henry @ FQN9hzhzP_"" checks",2026-08-29T08:49:59.792Z,178799339979200
"""gurt @ gpP9uUffpu"" checks",2026-08-29T08:49:58.680Z,178799339868000
"River: K♣, 3♣, 10♠, 2♣ [4♠]",2026-08-29T08:49:58.185Z,178799339818500
"""gurt @ gpP9uUffpu"" calls 45",2026-08-29T08:49:57.330Z,178799339733000
"""Henry @ FQN9hzhzP_"" bets 45",2026-08-29T08:49:56.402Z,178799339640200
"""gurt @ gpP9uUffpu"" checks",2026-08-29T08:49:52.790Z,178799339279000
"Turn: K♣, 3♣, 10♠ [2♣]",2026-08-29T08:49:52.189Z,178799339218900
"""gurt @ gpP9uUffpu"" calls 67",2026-08-29T08:49:51.372Z,178799339137200
"""Henry @ FQN9hzhzP_"" bets 67",2026-08-29T08:49:50.477Z,178799339047700
"""gurt @ gpP9uUffpu"" checks",2026-08-29T08:49:47.742Z,178799338774200
"Flop:  [K♣, 3♣, 10♠]",2026-08-29T08:49:46.478Z,178799338647800
"""Henry @ FQN9hzhzP_"" calls 50",2026-08-29T08:49:45.633Z,178799338563300
"""gurt @ gpP9uUffpu"" raises to 50",2026-08-29T08:49:43.989Z,178799338398900
"""Henry @ FQN9hzhzP_"" calls 10",2026-08-29T08:49:41.613Z,178799338161300
"""gurt @ gpP9uUffpu"" posts a big blind of 10",2026-08-29T08:49:37.474Z,178799337747405
"""Henry @ FQN9hzhzP_"" posts a small blind of 5",2026-08-29T08:49:37.474Z,178799337747404
"Your hand is 3♦, Q♦",2026-08-29T08:49:37.474Z,178799337747403
"Player stacks: #1 ""Henry @ FQN9hzhzP_"" (2200) | #2 ""gurt @ gpP9uUffpu"" (8727)",2026-08-29T08:49:37.474Z,178799337747401
"-- starting hand #239 (id: kwfzhsay7drt)  No Limit Texas Hold'em (dealer: ""Henry @ FQN9hzhzP_"") --",2026-08-29T08:49:37.474Z,178799337747400
"""gurt @ gpP9uUffpu"" shows a Q♦.",2026-08-29T08:49:35.288Z,178799337528800
"""Henry @ FQN9hzhzP_"" shows a 7♣, A♦.",2026-08-29T08:49:33.695Z,178799337369500
"Undealt cards: 5♠, 6♠, 4♠, Q♣ [5♣]",2026-08-29T08:49:31.639Z,178799337163900
"-- ending hand #238 --",2026-08-29T08:49:30.169Z,178799337016902
"""gurt @ gpP9uUffpu"" collected 170 from pot",2026-08-29T08:49:30.169Z,178799337016901
"Uncalled bet of 170 returned to ""gurt @ gpP9uUffpu""",2026-08-29T08:49:30.169Z,178799337016900
"""Henry @ FQN9hzhzP_"" folds",2026-08-29T08:49:29.311Z,178799336931100
"""gurt @ gpP9uUffpu"" bets 170",2026-08-29T08:49:13.691Z,178799335369100
"""Henry @ FQN9hzhzP_"" checks",2026-08-29T08:49:11.707Z,178799335170700
"Turn: 5♠, 6♠, 4♠ [Q♣]",2026-08-29T08:49:08.067Z,178799334806700
"""gurt @ gpP9uUffpu"" calls 35",2026-08-29T08:49:07.207Z,178799334720700
"""Henry @ FQN9hzhzP_"" bets 35",2026-08-29T08:49:06.217Z,178799334621700
"Flop:  [5♠, 6♠, 4♠]",2026-08-29T08:48:56.641Z,178799333664100
"""Henry @ FQN9hzhzP_"" calls 50",2026-08-29T08:48:55.780Z,178799333578000
"""gurt @ gpP9uUffpu"" raises to 50",2026-08-29T08:48:51.284Z,178799333128400
"""Henry @ FQN9hzhzP_"" posts a big blind of 10",2026-08-29T08:48:49.555Z,178799332955505
"""gurt @ gpP9uUffpu"" posts a small blind of 5",2026-08-29T08:48:49.555Z,178799332955504
"Player stacks: #1 ""Henry @ FQN9hzhzP_"" (2285) | #2 ""gurt @ gpP9uUffpu"" (8642)",2026-08-29T08:48:49.555Z,178799332955501
"-- starting hand #238 (id: vaecaat4pyu1)  No Limit Texas Hold'em (dealer: ""gurt @ gpP9uUffpu"") --",2026-08-29T08:48:49.555Z,178799332955500
"""Henry @ FQN9hzhzP_"" shows a 2♣.",2026-08-29T08:48:46.483Z,178799332648300
"""gurt @ gpP9uUffpu"" shows a J♥.",2026-08-29T08:48:44.580Z,178799332458000
"""Henry @ FQN9hzhzP_"" shows a 5♥.",2026-08-29T08:48:43.976Z,178799332397600
"Undealt cards:  [9♠, Q♣, 5♣, 10♦, 8♦]",2026-08-29T08:48:42.906Z,178799332290600
"-- ending hand #237 --",2026-08-29T08:48:42.224Z,178799332222402
"""gurt @ gpP9uUffpu"" collected 10 from pot",2026-08-29T08:48:42.224Z,178799332222401
"Uncalled bet of 5 returned to ""gurt @ gpP9uUffpu""",2026-08-29T08:48:42.224Z,178799332222400
"""Henry @ FQN9hzhzP_"" folds",2026-08-29T08:48:41.389Z,178799332138900
"""gurt @ gpP9uUffpu"" posts a big blind of 10",2026-08-29T08:48:39.504Z,178799331950405
"""Henry @ FQN9hzhzP_"" posts a small blind of 5",2026-08-29T08:48:39.504Z,178799331950404
"Player stacks: #1 ""Henry @ FQN9hzhzP_"" (2290) | #2 ""gurt @ gpP9uUffpu"" (8637)",2026-08-29T08:48:39.504Z,178799331950401
"-- starting hand #237 (id: tuaplkdmsjmi)  No Limit Texas Hold'em (dealer: ""Henry @ FQN9hzhzP_"") --",2026-08-29T08:48:39.504Z,178799331950400
"""Henry @ FQN9hzhzP_"" shows a 10♠, 2♠.",2026-08-29T08:48:34.795Z,178799331479500
"Undealt cards:  [9♥, Q♠, 9♠, A♣, 7♠]",2026-08-29T08:48:33.096Z,178799331309600
"-- ending hand #236 --",2026-08-29T08:48:32.900Z,178799331290002
"""Henry @ FQN9hzhzP_"" collected 40 from pot",2026-08-29T08:48:32.900Z,178799331290001
"Uncalled bet of 47 returned to ""Henry @ FQN9hzhzP_""",2026-08-29T08:48:32.900Z,178799331290000
"""gurt @ gpP9uUffpu"" folds",2026-08-29T08:48:32.028Z,178799331202800
"""Henry @ FQN9hzhzP_"" raises to 67",2026-08-29T08:48:30.718Z,178799331071800
"""gurt @ gpP9uUffpu"" raises to 20",2026-08-29T08:48:28.434Z,178799330843400
"""Henry @ FQN9hzhzP_"" posts a big blind of 10",2026-08-29T08:48:26.809Z,178799330680905
"""gurt @ gpP9uUffpu"" posts a small blind of 5",2026-08-29T08:48:26.809Z,178799330680904
"Player stacks: #1 ""Henry @ FQN9hzhzP_"" (2270) | #2 ""gurt @ gpP9uUffpu"" (8657)",2026-08-29T08:48:26.809Z,178799330680901
"-- starting hand #236 (id: r9veoniuslaj)  No Limit Texas Hold'em (dealer: ""gurt @ gpP9uUffpu"") --",2026-08-29T08:48:26.809Z,178799330680900
"""Henry @ FQN9hzhzP_"" shows a J♠.",2026-08-29T08:48:23.773Z,178799330377300
"""Henry @ FQN9hzhzP_"" shows a Q♣.",2026-08-29T08:48:22.950Z,178799330295000
"Undealt cards: K♠, 8♣, Q♦ [6♠, 2♠]",2026-08-29T08:48:20.469Z,178799330046900
"-- ending hand #235 --",2026-08-29T08:48:20.145Z,178799330014502
"""Henry @ FQN9hzhzP_"" collected 268 from pot",2026-08-29T08:48:20.145Z,178799330014501
"Uncalled bet of 100 returned to ""Henry @ FQN9hzhzP_""",2026-08-29T08:48:20.145Z,178799330014500
"""gurt @ gpP9uUffpu"" folds",2026-08-29T08:48:19.314Z,178799329931400
"""Henry @ FQN9hzhzP_"" raises to 167",2026-08-29T08:48:17.344Z,178799329734400
"""gurt @ gpP9uUffpu"" bets 67",2026-08-29T08:48:14.904Z,178799329490400
"Flop:  [K♠, 8♣, Q♦]",2026-08-29T08:48:12.679Z,178799329267900
"""gurt @ gpP9uUffpu"" calls 67",2026-08-29T08:48:11.818Z,178799329181800
"""Henry @ FQN9hzhzP_"" raises to 67",2026-08-29T08:48:10.318Z,178799329031800
"""gurt @ gpP9uUffpu"" posts a big blind of 10",2026-08-29T08:48:07.330Z,178799328733005
"""Henry @ FQN9hzhzP_"" posts a small blind of 5",2026-08-29T08:48:07.330Z,178799328733004
"Player stacks: #1 ""Henry @ FQN9hzhzP_"" (2136) | #2 ""gurt @ gpP9uUffpu"" (8791)",2026-08-29T08:48:07.330Z,178799328733001
"-- starting hand #235 (id: cmsfzvipgztw)  No Limit Texas Hold'em (dealer: ""Henry @ FQN9hzhzP_"") --",2026-08-29T08:48:07.330Z,178799328733000
"-- ending hand #234 --",2026-08-29T08:48:01.286Z,178799328128604
"""gurt @ gpP9uUffpu"" collected 95 from pot with Pair, 7's (combination: 9♥, K♣, A♦, 7♥, 7♦)",2026-08-29T08:48:01.286Z,178799328128603
"""Henry @ FQN9hzhzP_"" collected 95 from pot with Pair, 7's (combination: 9♥, K♣, A♠, 7♥, 7♦)",2026-08-29T08:48:01.286Z,178799328128602
"""gurt @ gpP9uUffpu"" shows a 5♠, A♦.",2026-08-29T08:48:01.286Z,178799328128601
"""Henry @ FQN9hzhzP_"" shows a A♠, 4♦.",2026-08-29T08:48:01.286Z,178799328128600
"""gurt @ gpP9uUffpu"" calls 35",2026-08-29T08:48:00.465Z,178799328046500
"""Henry @ FQN9hzhzP_"" bets 35",2026-08-29T08:47:59.563Z,178799327956300
"River: 7♥, 7♦, 2♦, 9♥ [K♣]",2026-08-29T08:47:54.269Z,178799327426900
"""gurt @ gpP9uUffpu"" calls 10",2026-08-29T08:47:53.454Z,178799327345400
"""Henry @ FQN9hzhzP_"" bets 10",2026-08-29T08:47:52.549Z,178799327254900
"Turn: 7♥, 7♦, 2♦ [9♥]",2026-08-29T08:47:47.958Z,178799326795800
"""gurt @ gpP9uUffpu"" checks",2026-08-29T08:47:47.150Z,178799326715000
"""Henry @ FQN9hzhzP_"" checks",2026-08-29T08:47:46.038Z,178799326603800
"Flop:  [7♥, 7♦, 2♦]",2026-08-29T08:47:42.752Z,178799326275200
"""Henry @ FQN9hzhzP_"" calls 50",2026-08-29T08:47:41.870Z,178799326187000
"""gurt @ gpP9uUffpu"" raises to 50",2026-08-29T08:47:40.615Z,178799326061500
"""Henry @ FQN9hzhzP_"" posts a big blind of 10",2026-08-29T08:47:38.668Z,178799325866805
"""gurt @ gpP9uUffpu"" posts a small blind of 5",2026-08-29T08:47:38.668Z,178799325866804
"Your hand is 5♠, A♦",2026-08-29T08:47:38.668Z,178799325866803
"Player stacks: #1 ""Henry @ FQN9hzhzP_"" (2136) | #2 ""gurt @ gpP9uUffpu"" (8791)",2026-08-29T08:47:38.668Z,178799325866801
"-- starting hand #234 (id: hc94yeocmstw)  No Limit Texas Hold'em (dealer: ""gurt @ gpP9uUffpu"") --",2026-08-29T08:47:38.668Z,178799325866800
"""Henry @ FQN9hzhzP_"" shows a Q♣, 2♠.",2026-08-29T08:47:33.329Z,178799325332900
"Undealt cards: Q♦, 3♦, 7♥ [5♣, 10♠]",2026-08-29T08:47:32.459Z,178799325245900
"-- ending hand #233 --",2026-08-29T08:47:32.061Z,178799325206102
"""Henry @ FQN9hzhzP_"" collected 92 from pot",2026-08-29T08:47:32.061Z,178799325206101
"Uncalled bet of 35 returned to ""Henry @ FQN9hzhzP_""",2026-08-29T08:47:32.061Z,178799325206100
"""gurt @ gpP9uUffpu"" folds",2026-08-29T08:47:31.152Z,178799325115200
"""Henry @ FQN9hzhzP_"" bets 35",2026-08-29T08:47:30.240Z,178799325024000
"""gurt @ gpP9uUffpu"" checks",2026-08-29T08:47:27.107Z,178799324710700
"Flop:  [Q♦, 3♦, 7♥]",2026-08-29T08:47:25.258Z,178799324525800
"""gurt @ gpP9uUffpu"" calls 46",2026-08-29T08:47:24.423Z,178799324442300
"""Henry @ FQN9hzhzP_"" raises to 46",2026-08-29T08:47:23.125Z,178799324312500
"""gurt @ gpP9uUffpu"" posts a big blind of 10",2026-08-29T08:47:19.047Z,178799323904705
"""Henry @ FQN9hzhzP_"" posts a small blind of 5",2026-08-29T08:47:19.047Z,178799323904704
"Player stacks: #1 ""Henry @ FQN9hzhzP_"" (2090) | #2 ""gurt @ gpP9uUffpu"" (8837)",2026-08-29T08:47:19.047Z,178799323904701
"-- starting hand #233 (id: wudksoxvzrhd)  No Limit Texas Hold'em (dealer: ""Henry @ FQN9hzhzP_"") --",2026-08-29T08:47:19.047Z,178799323904700
"""gurt @ gpP9uUffpu"" shows a 3♣, 9♠.",2026-08-29T08:47:16.564Z,178799323656400
"""Henry @ FQN9hzhzP_"" shows a 5♠, K♦.",2026-08-29T08:47:14.253Z,178799323425300
"Undealt cards:  [10♥, 10♣, A♦, 4♠, 6♠]",2026-08-29T08:47:13.240Z,178799323324000
"-- ending hand #232 --",2026-08-29T08:47:11.646Z,178799323164602
"""Henry @ FQN9hzhzP_"" collected 20 from pot",2026-08-29T08:47:11.646Z,178799323164601
"Uncalled bet of 57 returned to ""Henry @ FQN9hzhzP_""",2026-08-29T08:47:11.646Z,178799323164600
"""gurt @ gpP9uUffpu"" folds",2026-08-29T08:47:10.792Z,178799323079200
"""Henry @ FQN9hzhzP_"" raises to 67",2026-08-29T08:47:08.876Z,178799322887600
"""gurt @ gpP9uUffpu"" calls 10",2026-08-29T08:47:06.133Z,178799322613300
"""Henry @ FQN9hzhzP_"" posts a big blind of 10",2026-08-29T08:47:04.927Z,178799322492705
"""gurt @ gpP9uUffpu"" posts a small blind of 5",2026-08-29T08:47:04.927Z,178799322492704
"Your hand is 3♣, 9♠",2026-08-29T08:47:04.927Z,178799322492703
"Player stacks: #1 ""Henry @ FQN9hzhzP_"" (2080) | #2 ""gurt @ gpP9uUffpu"" (8847)",2026-08-29T08:47:04.927Z,178799322492701
"-- starting hand #232 (id: mgv3avoqeemk)  No Limit Texas Hold'em (dealer: ""gurt @ gpP9uUffpu"") --",2026-08-29T08:47:04.927Z,178799322492700
"""Henry @ FQN9hzhzP_"" shows a K♥.",2026-08-29T08:47:01.817Z,178799322181700
"""Henry @ FQN9hzhzP_"" shows a 4♣.",2026-08-29T08:47:00.143Z,178799322014300
"Undealt cards: 8♠, 7♣, 2♣ [A♠, 8♥]",2026-08-29T08:46:59.216Z,178799321921600
"-- ending hand #231 --",2026-08-29T08:46:58.267Z,178799321826702
"""gurt @ gpP9uUffpu"" collected 100 from pot",2026-08-29T08:46:58.267Z,178799321826701
"Uncalled bet of 72 returned to ""gurt @ gpP9uUffpu""",2026-08-29T08:46:58.267Z,178799321826700
"""Henry @ FQN9hzhzP_"" folds",2026-08-29T08:46:57.426Z,178799321742600
"""gurt @ gpP9uUffpu"" bets 72",2026-08-29T08:46:55.782Z,178799321578200
"Flop:  [8♠, 7♣, 2♣]",2026-08-29T08:46:52.090Z,178799321209000
"""Henry @ FQN9hzhzP_"" calls 50",2026-08-29T08:46:51.261Z,178799321126100
"""gurt @ gpP9uUffpu"" raises to 50",2026-08-29T08:46:49.680Z,178799320968000
"""Henry @ FQN9hzhzP_"" calls 10",2026-08-29T08:46:47.318Z,178799320731800
"""gurt @ gpP9uUffpu"" posts a big blind of 10",2026-08-29T08:46:41.477Z,178799320147705
"""Henry @ FQN9hzhzP_"" posts a small blind of 5",2026-08-29T08:46:41.477Z,178799320147704
"Player stacks: #1 ""Henry @ FQN9hzhzP_"" (2130) | #2 ""gurt @ gpP9uUffpu"" (8797)",2026-08-29T08:46:41.477Z,178799320147701
"-- starting hand #231 (id: r2wyjsasdnzu)  No Limit Texas Hold'em (dealer: ""Henry @ FQN9hzhzP_"") --",2026-08-29T08:46:41.477Z,178799320147700
"""gurt @ gpP9uUffpu"" shows a 10♦.",2026-08-29T08:46:36.624Z,178799319662400
"-- ending hand #230 --",2026-08-29T08:46:34.972Z,178799319497202
"""Henry @ FQN9hzhzP_"" collected 682 from pot with Three of a Kind, 5's (combination: 10♥, A♥, 5♣, 5♠, 5♦)",2026-08-29T08:46:34.972Z,178799319497201
"""Henry @ FQN9hzhzP_"" shows a A♥, 5♣.",2026-08-29T08:46:34.972Z,178799319497200
"""gurt @ gpP9uUffpu"" calls 167",2026-08-29T08:46:34.134Z,178799319413400
"""Henry @ FQN9hzhzP_"" bets 167",2026-08-29T08:46:32.783Z,178799319278300
"River: 7♠, 3♥, 10♥, 5♠ [5♦]",2026-08-29T08:46:24.062Z,178799318406200
"""gurt @ gpP9uUffpu"" calls 67",2026-08-29T08:46:23.223Z,178799318322300
"""Henry @ FQN9hzhzP_"" bets 67",2026-08-29T08:46:22.203Z,178799318220300
"Turn: 7♠, 3♥, 10♥ [5♠]",2026-08-29T08:46:17.556Z,178799317755600
"""Henry @ FQN9hzhzP_"" calls 40",2026-08-29T08:46:16.667Z,178799317666700
"""gurt @ gpP9uUffpu"" raises to 40",2026-08-29T08:46:15.469Z,178799317546900
"""Henry @ FQN9hzhzP_"" bets 10",2026-08-29T08:46:13.729Z,178799317372900
"Flop:  [7♠, 3♥, 10♥]",2026-08-29T08:46:11.405Z,178799317140500
"""gurt @ gpP9uUffpu"" calls 67",2026-08-29T08:46:10.561Z,178799317056100
"""Henry @ FQN9hzhzP_"" raises to 67",2026-08-29T08:46:08.455Z,178799316845500
"""gurt @ gpP9uUffpu"" calls 10",2026-08-29T08:46:04.926Z,178799316492600
"""Henry @ FQN9hzhzP_"" posts a big blind of 10",2026-08-29T08:46:03.399Z,178799316339905
"""gurt @ gpP9uUffpu"" posts a small blind of 5",2026-08-29T08:46:03.399Z,178799316339904
"Player stacks: #1 ""Henry @ FQN9hzhzP_"" (1789) | #2 ""gurt @ gpP9uUffpu"" (9138)",2026-08-29T08:46:03.399Z,178799316339901
"-- starting hand #230 (id: cu8irkl70ygt)  No Limit Texas Hold'em (dealer: ""gurt @ gpP9uUffpu"") --",2026-08-29T08:46:03.399Z,178799316339900
"-- ending hand #229 --",2026-08-29T08:45:57.361Z,178799315736103
"""Henry @ FQN9hzhzP_"" collected 246 from pot with Pair, K's (combination: 6♣, 7♠, 10♠, K♥, K♦)",2026-08-29T08:45:57.361Z,178799315736102
"""Henry @ FQN9hzhzP_"" shows a 7♠, 10♠.",2026-08-29T08:45:57.361Z,178799315736101
"""gurt @ gpP9uUffpu"" shows a 7♦, 8♦.",2026-08-29T08:45:57.361Z,178799315736100
"""Henry @ FQN9hzhzP_"" checks",2026-08-29T08:45:56.454Z,178799315645400
"""gurt @ gpP9uUffpu"" checks",2026-08-29T08:45:54.646Z,178799315464600
"River: K♥, 5♠, 6♣, K♦ [2♦]",2026-08-29T08:45:52.359Z,178799315235900
"""gurt @ gpP9uUffpu"" calls 56",2026-08-29T08:45:51.496Z,178799315149600
"""Henry @ FQN9hzhzP_"" bets 56",2026-08-29T08:45:50.569Z,178799315056900
"""gurt @ gpP9uUffpu"" checks",2026-08-29T08:45:47.659Z,178799314765900
"Turn: K♥, 5♠, 6♣ [K♦]",2026-08-29T08:45:46.640Z,178799314664000
"""Henry @ FQN9hzhzP_"" checks",2026-08-29T08:45:45.833Z,178799314583300
"""gurt @ gpP9uUffpu"" checks",2026-08-29T08:45:43.189Z,178799314318900
"Flop:  [K♥, 5♠, 6♣]",2026-08-29T08:45:42.155Z,178799314215500
"""gurt @ gpP9uUffpu"" calls 67",2026-08-29T08:45:41.269Z,178799314126900
"""Henry @ FQN9hzhzP_"" raises to 67",2026-08-29T08:45:40.307Z,178799314030700
"""gurt @ gpP9uUffpu"" posts a big blind of 10",2026-08-29T08:45:34.189Z,178799313418905
"""Henry @ FQN9hzhzP_"" posts a small blind of 5",2026-08-29T08:45:34.189Z,178799313418904
"Your hand is 7♦, 8♦",2026-08-29T08:45:34.189Z,178799313418903
"Player stacks: #1 ""Henry @ FQN9hzhzP_"" (1666) | #2 ""gurt @ gpP9uUffpu"" (9261)",2026-08-29T08:45:34.189Z,178799313418901
"-- starting hand #229 (id: hsrono6ryxws)  No Limit Texas Hold'em (dealer: ""Henry @ FQN9hzhzP_"") --",2026-08-29T08:45:34.189Z,178799313418900
"-- ending hand #228 --",2026-08-29T08:45:28.148Z,178799312814803
"""gurt @ gpP9uUffpu"" collected 190 from pot with Pair, K's (combination: J♥, Q♠, A♣, K♠, K♦)",2026-08-29T08:45:28.148Z,178799312814802
"""gurt @ gpP9uUffpu"" shows a A♣, 9♥.",2026-08-29T08:45:28.148Z,178799312814801
"""Henry @ FQN9hzhzP_"" shows a 10♣, 5♣.",2026-08-29T08:45:28.148Z,178799312814800
"""gurt @ gpP9uUffpu"" checks",2026-08-29T08:45:27.249Z,178799312724900
"""Henry @ FQN9hzhzP_"" checks",2026-08-29T08:45:26.327Z,178799312632700
"River: K♠, J♥, K♦, Q♠ [7♥]",2026-08-29T08:45:24.943Z,178799312494300
"""gurt @ gpP9uUffpu"" calls 35",2026-08-29T08:45:24.018Z,178799312401800
"""Henry @ FQN9hzhzP_"" bets 35",2026-08-29T08:45:22.993Z,178799312299300
"Turn: K♠, J♥, K♦ [Q♠]",2026-08-29T08:45:20.131Z,178799312013100
"""gurt @ gpP9uUffpu"" calls 10",2026-08-29T08:45:19.274Z,178799311927400
"""Henry @ FQN9hzhzP_"" bets 10",2026-08-29T08:45:18.362Z,178799311836200
"Flop:  [K♠, J♥, K♦]",2026-08-29T08:45:13.725Z,178799311372500
"""Henry @ FQN9hzhzP_"" calls 50",2026-08-29T08:45:12.896Z,178799311289600
"""gurt @ gpP9uUffpu"" raises to 50",2026-08-29T08:45:10.993Z,178799311099300
"""Henry @ FQN9hzhzP_"" posts a big blind of 10",2026-08-29T08:45:07.918Z,178799310791805
"""gurt @ gpP9uUffpu"" posts a small blind of 5",2026-08-29T08:45:07.918Z,178799310791804
"Your hand is A♣, 9♥",2026-08-29T08:45:07.918Z,178799310791803
"Player stacks: #1 ""Henry @ FQN9hzhzP_"" (1761) | #2 ""gurt @ gpP9uUffpu"" (9166)",2026-08-29T08:45:07.918Z,178799310791801
"-- starting hand #228 (id: cxqzswn1mv0e)  No Limit Texas Hold'em (dealer: ""gurt @ gpP9uUffpu"") --",2026-08-29T08:45:07.918Z,178799310791800
"-- ending hand #227 --",2026-08-29T08:45:01.839Z,178799310183902
"""Henry @ FQN9hzhzP_"" collected 506 from pot with Straight, 8 High (combination: 4♠, 5♦, 6♥, 7♣, 8♠)",2026-08-29T08:45:01.839Z,178799310183901
"""Henry @ FQN9hzhzP_"" shows a 6♥, 8♠.",2026-08-29T08:45:01.839Z,178799310183900
"""gurt @ gpP9uUffpu"" calls 167",2026-08-29T08:45:00.868Z,178799310086800
"""Henry @ FQN9hzhzP_"" raises to 167",2026-08-29T08:44:57.954Z,178799309795400
"""gurt @ gpP9uUffpu"" bets 50",2026-08-29T08:44:55.503Z,178799309550300
"River: 4♠, 7♣, 10♥, J♦ [5♦]",2026-08-29T08:44:52.322Z,178799309232200
"""gurt @ gpP9uUffpu"" calls 36",2026-08-29T08:44:51.495Z,178799309149500
"""Henry @ FQN9hzhzP_"" raises to 36",2026-08-29T08:44:49.343Z,178799308934300
"""gurt @ gpP9uUffpu"" bets 10",2026-08-29T08:44:46.087Z,178799308608700
"Turn: 4♠, 7♣, 10♥ [J♦]",2026-08-29T08:44:44.928Z,178799308492800
"""Henry @ FQN9hzhzP_"" checks",2026-08-29T08:44:44.118Z,178799308411800
"""gurt @ gpP9uUffpu"" checks",2026-08-29T08:44:40.024Z,178799308002400
"Flop:  [4♠, 7♣, 10♥]",2026-08-29T08:44:38.904Z,178799307890400
"""Henry @ FQN9hzhzP_"" calls 50",2026-08-29T08:44:38.012Z,178799307801200
"""gurt @ gpP9uUffpu"" raises to 50",2026-08-29T08:44:36.572Z,178799307657200
"""Henry @ FQN9hzhzP_"" calls 10",2026-08-29T08:44:33.806Z,178799307380600
"""gurt @ gpP9uUffpu"" posts a big blind of 10",2026-08-29T08:44:31.719Z,178799307171905
"""Henry @ FQN9hzhzP_"" posts a small blind of 5",2026-08-29T08:44:31.719Z,178799307171904
"Player stacks: #1 ""Henry @ FQN9hzhzP_"" (1508) | #2 ""gurt @ gpP9uUffpu"" (9419)",2026-08-29T08:44:31.719Z,178799307171901
"-- starting hand #227 (id: uteuyciz4ryp)  No Limit Texas Hold'em (dealer: ""Henry @ FQN9hzhzP_"") --",2026-08-29T08:44:31.719Z,178799307171900
"-- ending hand #226 --",2026-08-29T08:44:25.717Z,178799306571703
"""Henry @ FQN9hzhzP_"" collected 160 from pot with Pair, 3's (combination: 10♦, J♦, K♥, 3♠, 3♥)",2026-08-29T08:44:25.717Z,178799306571702
"""Henry @ FQN9hzhzP_"" shows a J♦, 3♠.",2026-08-29T08:44:25.717Z,178799306571701
"""gurt @ gpP9uUffpu"" shows a 6♦, 4♣.",2026-08-29T08:44:25.717Z,178799306571700
"""Henry @ FQN9hzhzP_"" calls 30",2026-08-29T08:44:24.891Z,178799306489100
"""gurt @ gpP9uUffpu"" bets 30",2026-08-29T08:44:23.915Z,178799306391500
"""Henry @ FQN9hzhzP_"" checks",2026-08-29T08:44:21.600Z,178799306160000
"River: 3♥, 7♠, 9♦, 10♦ [K♥]",2026-08-29T08:44:19.280Z,178799305928000
"""gurt @ gpP9uUffpu"" checks",2026-08-29T08:44:18.458Z,178799305845800
"""Henry @ FQN9hzhzP_"" checks",2026-08-29T08:44:17.550Z,178799305755000
"Turn: 3♥, 7♠, 9♦ [10♦]",2026-08-29T08:44:15.077Z,178799305507700
"""gurt @ gpP9uUffpu"" checks",2026-08-29T08:44:14.202Z,178799305420200
"""Henry @ FQN9hzhzP_"" checks",2026-08-29T08:44:13.283Z,178799305328300
"Flop:  [3♥, 7♠, 9♦]",2026-08-29T08:44:09.878Z,178799304987800
"""Henry @ FQN9hzhzP_"" calls 50",2026-08-29T08:44:09.035Z,178799304903500
"""gurt @ gpP9uUffpu"" raises to 50",2026-08-29T08:44:05.855Z,178799304585500
"""Henry @ FQN9hzhzP_"" posts a big blind of 10",2026-08-29T08:44:03.475Z,178799304347505
"""gurt @ gpP9uUffpu"" posts a small blind of 5",2026-08-29T08:44:03.475Z,178799304347504
"Your hand is 6♦, 4♣",2026-08-29T08:44:03.475Z,178799304347503
"Player stacks: #1 ""Henry @ FQN9hzhzP_"" (1428) | #2 ""gurt @ gpP9uUffpu"" (9499)",2026-08-29T08:44:03.475Z,178799304347501
"-- starting hand #226 (id: cvtud0vs7ljm)  No Limit Texas Hold'em (dealer: ""gurt @ gpP9uUffpu"") --",2026-08-29T08:44:03.475Z,178799304347500
"""Henry @ FQN9hzhzP_"" shows a 2♥.",2026-08-29T08:44:00.477Z,178799304047700
"""gurt @ gpP9uUffpu"" shows a 7♦.",2026-08-29T08:43:59.802Z,178799303980200
"-- ending hand #225 --",2026-08-29T08:43:59.089Z,178799303908902
"""Henry @ FQN9hzhzP_"" collected 192 from pot",2026-08-29T08:43:59.089Z,178799303908901
"Uncalled bet of 103 returned to ""Henry @ FQN9hzhzP_""",2026-08-29T08:43:59.089Z,178799303908900
"""gurt @ gpP9uUffpu"" folds",2026-08-29T08:43:58.264Z,178799303826400
"""Henry @ FQN9hzhzP_"" raises to 167",2026-08-29T08:43:56.125Z,178799303612500
"""gurt @ gpP9uUffpu"" bets 64",2026-08-29T08:43:49.914Z,178799302991400
"River: 8♥, 9♦, 2♠, Q♠ [5♣]",2026-08-29T08:43:47.449Z,178799302744900
"""gurt @ gpP9uUffpu"" calls 12",2026-08-29T08:43:46.635Z,178799302663500
"""Henry @ FQN9hzhzP_"" bets 12",2026-08-29T08:43:43.876Z,178799302387600
"""gurt @ gpP9uUffpu"" checks",2026-08-29T08:43:40.303Z,178799302030300
"Turn: 8♥, 9♦, 2♠ [Q♠]",2026-08-29T08:43:38.642Z,178799301864200
"""gurt @ gpP9uUffpu"" calls 10",2026-08-29T08:43:37.752Z,178799301775200
"""Henry @ FQN9hzhzP_"" bets 10",2026-08-29T08:43:36.750Z,178799301675000
"""gurt @ gpP9uUffpu"" checks",2026-08-29T08:43:33.394Z,178799301339400
"Flop:  [8♥, 9♦, 2♠]",2026-08-29T08:43:30.601Z,178799301060100
"""gurt @ gpP9uUffpu"" checks",2026-08-29T08:43:29.733Z,178799300973300
"""Henry @ FQN9hzhzP_"" calls 10",2026-08-29T08:43:22.094Z,178799300209400
"""gurt @ gpP9uUffpu"" posts a big blind of 10",2026-08-29T08:43:20.598Z,178799300059805
"""Henry @ FQN9hzhzP_"" posts a small blind of 5",2026-08-29T08:43:20.598Z,178799300059804
"Player stacks: #1 ""Henry @ FQN9hzhzP_"" (1332) | #2 ""gurt @ gpP9uUffpu"" (9595)",2026-08-29T08:43:20.598Z,178799300059801
"-- starting hand #225 (id: 9mmmnwuy5n3f)  No Limit Texas Hold'em (dealer: ""Henry @ FQN9hzhzP_"") --",2026-08-29T08:43:20.598Z,178799300059800
"""Henry @ FQN9hzhzP_"" shows a 9♠.",2026-08-29T08:43:15.952Z,178799299595200
"Undealt cards: 7♠, A♥, A♦ [5♠, 10♣]",2026-08-29T08:43:14.373Z,178799299437300
"-- ending hand #224 --",2026-08-29T08:43:13.990Z,178799299399002
"""Henry @ FQN9hzhzP_"" collected 100 from pot",2026-08-29T08:43:13.990Z,178799299399001
"Uncalled bet of 67 returned to ""Henry @ FQN9hzhzP_""",2026-08-29T08:43:13.990Z,178799299399000
"""gurt @ gpP9uUffpu"" folds",2026-08-29T08:43:13.079Z,178799299307900
"""Henry @ FQN9hzhzP_"" bets 67",2026-08-29T08:43:12.077Z,178799299207700
"Flop:  [7♠, A♥, A♦]",2026-08-29T08:43:06.588Z,178799298658800
"""Henry @ FQN9hzhzP_"" calls 50",2026-08-29T08:43:05.774Z,178799298577400
"""gurt @ gpP9uUffpu"" raises to 50",2026-08-29T08:43:04.813Z,178799298481300
"""Henry @ FQN9hzhzP_"" posts a big blind of 10",2026-08-29T08:43:02.388Z,178799298238805
"""gurt @ gpP9uUffpu"" posts a small blind of 5",2026-08-29T08:43:02.388Z,178799298238804
"Player stacks: #1 ""Henry @ FQN9hzhzP_"" (1282) | #2 ""gurt @ gpP9uUffpu"" (9645)",2026-08-29T08:43:02.388Z,178799298238801
"-- starting hand #224 (id: 6myhzymwqfru)  No Limit Texas Hold'em (dealer: ""gurt @ gpP9uUffpu"") --",2026-08-29T08:43:02.388Z,178799298238800
"""Henry @ FQN9hzhzP_"" shows a 10♦, 4♠.",2026-08-29T08:42:58.306Z,178799297830600
"-- ending hand #223 --",2026-08-29T08:42:55.837Z,178799297583702
"""gurt @ gpP9uUffpu"" collected 120 from pot with Pair, 2's (combination: 9♠, K♦, A♦, 2♦, 2♣)",2026-08-29T08:42:55.837Z,178799297583701
"""gurt @ gpP9uUffpu"" shows a 6♥, A♦.",2026-08-29T08:42:55.837Z,178799297583700
"""Henry @ FQN9hzhzP_"" checks",2026-08-29T08:42:55.026Z,178799297502600
"""gurt @ gpP9uUffpu"" checks",2026-08-29T08:42:53.926Z,178799297392600
"River: 9♠, 2♦, 2♣, 5♦ [K♦]",2026-08-29T08:42:52.170Z,178799297217000
"""gurt @ gpP9uUffpu"" calls 10",2026-08-29T08:42:51.313Z,178799297131300
"""Henry @ FQN9hzhzP_"" bets 10",2026-08-29T08:42:49.922Z,178799296992200
"""gurt @ gpP9uUffpu"" checks",2026-08-29T08:42:47.614Z,178799296761400
"Turn: 9♠, 2♦, 2♣ [5♦]",2026-08-29T08:42:46.229Z,178799296622900
"""Henry @ FQN9hzhzP_"" checks",2026-08-29T08:42:45.407Z,178799296540700
"""gurt @ gpP9uUffpu"" checks",2026-08-29T08:42:44.006Z,178799296400600
"Flop:  [9♠, 2♦, 2♣]",2026-08-29T08:42:42.169Z,178799296216900
"""Henry @ FQN9hzhzP_"" calls 50",2026-08-29T08:42:41.326Z,178799296132600
"""gurt @ gpP9uUffpu"" raises to 50",2026-08-29T08:42:40.192Z,178799296019200
"""Henry @ FQN9hzhzP_"" calls 10",2026-08-29T08:42:38.049Z,178799295804900
"""gurt @ gpP9uUffpu"" posts a big blind of 10",2026-08-29T08:42:20.355Z,178799294035506
"""Henry @ FQN9hzhzP_"" posts a small blind of 5",2026-08-29T08:42:20.355Z,178799294035505
"Your hand is 6♥, A♦",2026-08-29T08:42:20.355Z,178799294035504
"Player stacks: #1 ""Henry @ FQN9hzhzP_"" (1342) | #2 ""gurt @ gpP9uUffpu"" (9585)",2026-08-29T08:42:20.355Z,178799294035502
"-- starting hand #223 (id: cmhqksb1kryq)  No Limit Texas Hold'em (dealer: ""Henry @ FQN9hzhzP_"") --",2026-08-29T08:42:20.355Z,178799294035501
"The player ""DK @ 6AN-TeA3Jk"" quits the game with a stack of 0.",2026-08-29T08:42:20.355Z,178799294035500
"""Henry @ FQN9hzhzP_"" shows a A♣, J♣.",2026-08-29T08:42:14.658Z,178799293465800
"-- ending hand #222 --",2026-08-29T08:42:11.771Z,178799293177102
"""gurt @ gpP9uUffpu"" collected 3900 from pot with Three of a Kind, 8's on the second run  (combination: Q♥, K♣, 8♥, 8♣, 8♦)",2026-08-29T08:42:11.771Z,178799293177101
"""gurt @ gpP9uUffpu"" collected 3901 from pot with Three of a Kind, 8's (combination: Q♥, K♣, 8♥, 8♣, 8♦)",2026-08-29T08:42:11.771Z,178799293177100
"River (second run): Q♥, 7♦, 8♦, K♣ [4♥]",2026-08-29T08:42:07.750Z,178799292775000
"River: Q♥, 7♦, 8♦, K♣ [3♠]",2026-08-29T08:42:03.695Z,178799292369500
"""DK @ 6AN-TeA3Jk"" shows a Q♦, K♥.",2026-08-29T08:41:59.573Z,178799291957300
"""gurt @ gpP9uUffpu"" shows a 8♥, 8♣.",2026-08-29T08:41:59.180Z,178799291918000
"All players in hand choose to run it twice.",2026-08-29T08:41:58.736Z,178799291873601
"""DK @ 6AN-TeA3Jk"" chooses to  run it twice.",2026-08-29T08:41:58.736Z,178799291873600
"""gurt @ gpP9uUffpu"" chooses to  run it twice.",2026-08-29T08:41:58.189Z,178799291818900
"Remaining players decide whether to run it twice.",2026-08-29T08:41:57.620Z,178799291762001
"""gurt @ gpP9uUffpu"" calls 3248",2026-08-29T08:41:57.620Z,178799291762000
"""DK @ 6AN-TeA3Jk"" raises to 3248 and go all in",2026-08-29T08:41:56.194Z,178799291619400
"""gurt @ gpP9uUffpu"" bets 900",2026-08-29T08:41:46.795Z,178799290679500
"Turn: Q♥, 7♦, 8♦ [K♣]",2026-08-29T08:41:43.065Z,178799290306500
"""DK @ 6AN-TeA3Jk"" calls 540",2026-08-29T08:41:42.195Z,178799290219500
"""gurt @ gpP9uUffpu"" raises to 540",2026-08-29T08:41:37.164Z,178799289716400
"""Henry @ FQN9hzhzP_"" folds",2026-08-29T08:41:34.054Z,178799289405400
"""DK @ 6AN-TeA3Jk"" raises to 160",2026-08-29T08:41:31.742Z,178799289174200
"""gurt @ gpP9uUffpu"" bets 80",2026-08-29T08:41:28.023Z,178799288802300
"""Henry @ FQN9hzhzP_"" checks",2026-08-29T08:41:24.273Z,178799288427300
"Flop:  [Q♥, 7♦, 8♦]",2026-08-29T08:41:13.246Z,178799287324600
"""gurt @ gpP9uUffpu"" calls 75",2026-08-29T08:41:12.439Z,178799287243900
"""Henry @ FQN9hzhzP_"" calls 75",2026-08-29T08:41:11.205Z,178799287120500
"""DK @ 6AN-TeA3Jk"" raises to 75",2026-08-29T08:40:58.916Z,178799285891600
"""gurt @ gpP9uUffpu"" posts a big blind of 10",2026-08-29T08:40:50.166Z,178799285016606
"""Henry @ FQN9hzhzP_"" posts a small blind of 5",2026-08-29T08:40:50.166Z,178799285016605
"Your hand is 8♥, 8♣",2026-08-29T08:40:50.166Z,178799285016603
"Player stacks: #1 ""Henry @ FQN9hzhzP_"" (1417) | #2 ""gurt @ gpP9uUffpu"" (5647) | #8 ""DK @ 6AN-TeA3Jk"" (3863)",2026-08-29T08:40:50.166Z,178799285016601
"-- starting hand #222 (id: mrcqqaues6ez)  No Limit Texas Hold'em (dealer: ""DK @ 6AN-TeA3Jk"") --",2026-08-29T08:40:50.166Z,178799285016600
"""Henry @ FQN9hzhzP_"" shows a J♥, 6♦.",2026-08-29T08:40:45.071Z,178799284507100
"""gurt @ gpP9uUffpu"" shows a K♠, Q♣.",2026-08-29T08:40:44.923Z,178799284492300
"-- ending hand #221 --",2026-08-29T08:40:43.155Z,178799284315502
"""DK @ 6AN-TeA3Jk"" collected 210 from pot with Straight, A High (combination: 10♠, J♦, Q♦, K♣, A♦)",2026-08-29T08:40:43.155Z,178799284315501
"""DK @ 6AN-TeA3Jk"" shows a 10♠, 9♥.",2026-08-29T08:40:43.155Z,178799284315500
"""gurt @ gpP9uUffpu"" checks",2026-08-29T08:40:42.251Z,178799284225100
"""Henry @ FQN9hzhzP_"" checks",2026-08-29T08:40:41.346Z,178799284134600
"""DK @ 6AN-TeA3Jk"" checks",2026-08-29T08:40:39.959Z,178799283995900
"River: J♦, A♦, Q♦, 5♣ [K♣]",2026-08-29T08:40:34.551Z,178799283455100
"""Henry @ FQN9hzhzP_"" calls 10",2026-08-29T08:40:33.653Z,178799283365300
"""DK @ 6AN-TeA3Jk"" calls 10",2026-08-29T08:40:32.689Z,178799283268900
"""gurt @ gpP9uUffpu"" bets 10",2026-08-29T08:40:31.434Z,178799283143400
"""Henry @ FQN9hzhzP_"" checks",2026-08-29T08:40:30.260Z,178799283026000
"""DK @ 6AN-TeA3Jk"" checks",2026-08-29T08:40:28.355Z,178799282835500
"Turn: J♦, A♦, Q♦ [5♣]",2026-08-29T08:40:27.151Z,178799282715100
"""Henry @ FQN9hzhzP_"" calls 10",2026-08-29T08:40:26.283Z,178799282628300
"""DK @ 6AN-TeA3Jk"" calls 10",2026-08-29T08:40:25.355Z,178799282535500
"""gurt @ gpP9uUffpu"" bets 10",2026-08-29T08:40:23.565Z,178799282356500
"""Henry @ FQN9hzhzP_"" checks",2026-08-29T08:40:21.244Z,178799282124400
"""DK @ 6AN-TeA3Jk"" checks",2026-08-29T08:40:19.704Z,178799281970400
"Flop:  [J♦, A♦, Q♦]",2026-08-29T08:40:11.157Z,178799281115700
"""Henry @ FQN9hzhzP_"" calls 50",2026-08-29T08:40:10.314Z,178799281031400
"""DK @ 6AN-TeA3Jk"" calls 50",2026-08-29T08:40:00.789Z,178799280078900
"""gurt @ gpP9uUffpu"" raises to 50",2026-08-29T08:39:57.455Z,178799279745500
"""Henry @ FQN9hzhzP_"" posts a big blind of 10",2026-08-29T08:39:54.567Z,178799279456706
"""DK @ 6AN-TeA3Jk"" posts a small blind of 5",2026-08-29T08:39:54.567Z,178799279456705
"Your hand is K♠, Q♣",2026-08-29T08:39:54.567Z,178799279456703
"Player stacks: #1 ""Henry @ FQN9hzhzP_"" (1487) | #2 ""gurt @ gpP9uUffpu"" (5717) | #8 ""DK @ 6AN-TeA3Jk"" (3723)",2026-08-29T08:39:54.567Z,178799279456701
"-- starting hand #221 (id: grhqtc2greon)  No Limit Texas Hold'em (dealer: ""gurt @ gpP9uUffpu"") --",2026-08-29T08:39:54.567Z,178799279456700
"-- ending hand #220 --",2026-08-29T08:39:48.467Z,178799278846703
"""DK @ 6AN-TeA3Jk"" collected 696 from pot with Pair, Q's (combination: 8♣, K♦, A♠, Q♠, Q♥)",2026-08-29T08:39:48.467Z,178799278846702
"""DK @ 6AN-TeA3Jk"" shows a A♠, Q♠.",2026-08-29T08:39:48.467Z,178799278846701
"""gurt @ gpP9uUffpu"" shows a 10♠, 4♣.",2026-08-29T08:39:48.467Z,178799278846700
"""DK @ 6AN-TeA3Jk"" checks",2026-08-29T08:39:47.595Z,178799278759500
"""gurt @ gpP9uUffpu"" checks",2026-08-29T08:39:39.999Z,178799277999900
"River: Q♥, 4♠, 7♦, 8♣ [K♦]",2026-08-29T08:39:39.362Z,178799277936200
"""gurt @ gpP9uUffpu"" calls 174",2026-08-29T08:39:38.549Z,178799277854900
"""DK @ 6AN-TeA3Jk"" bets 174",2026-08-29T08:39:36.777Z,178799277677700
"""gurt @ gpP9uUffpu"" checks",2026-08-29T08:39:32.751Z,178799277275100
"Turn: Q♥, 4♠, 7♦ [8♣]",2026-08-29T08:39:31.978Z,178799277197800
"""gurt @ gpP9uUffpu"" calls 75",2026-08-29T08:39:31.163Z,178799277116300
"""DK @ 6AN-TeA3Jk"" bets 75",2026-08-29T08:39:29.621Z,178799276962100
"""gurt @ gpP9uUffpu"" checks",2026-08-29T08:39:21.253Z,178799276125300
"Flop:  [Q♥, 4♠, 7♦]",2026-08-29T08:39:18.343Z,178799275834300
"""gurt @ gpP9uUffpu"" calls 88",2026-08-29T08:39:17.454Z,178799275745400
"""Henry @ FQN9hzhzP_"" folds",2026-08-29T08:39:16.154Z,178799275615400
"""DK @ 6AN-TeA3Jk"" raises to 88",2026-08-29T08:39:12.909Z,178799275290900
"""gurt @ gpP9uUffpu"" calls 22",2026-08-29T08:39:10.079Z,178799275007900
"""Henry @ FQN9hzhzP_"" raises to 22",2026-08-29T08:39:08.882Z,178799274888200
"""DK @ 6AN-TeA3Jk"" posts a big blind of 10",2026-08-29T08:39:02.646Z,178799274264606
"""gurt @ gpP9uUffpu"" posts a small blind of 5",2026-08-29T08:39:02.646Z,178799274264605
"Your hand is 10♠, 4♣",2026-08-29T08:39:02.646Z,178799274264603
"Player stacks: #1 ""Henry @ FQN9hzhzP_"" (1509) | #2 ""gurt @ gpP9uUffpu"" (6054) | #8 ""DK @ 6AN-TeA3Jk"" (3364)",2026-08-29T08:39:02.646Z,178799274264601
"-- starting hand #220 (id: 0ekv27te2ujp)  No Limit Texas Hold'em (dealer: ""Henry @ FQN9hzhzP_"") --",2026-08-29T08:39:02.646Z,178799274264600
"""DK @ 6AN-TeA3Jk"" shows a 2♣.",2026-08-29T08:38:58.839Z,178799273883900
"Undealt cards: 6♦, A♣, 10♠ [3♦, 8♥]",2026-08-29T08:38:57.642Z,178799273764200
"-- ending hand #219 --",2026-08-29T08:38:55.994Z,178799273599402
"""gurt @ gpP9uUffpu"" collected 330 from pot",2026-08-29T08:38:55.994Z,178799273599401
"Uncalled bet of 60 returned to ""gurt @ gpP9uUffpu""",2026-08-29T08:38:55.994Z,178799273599400
"""Henry @ FQN9hzhzP_"" folds",2026-08-29T08:38:55.118Z,178799273511800
"""DK @ 6AN-TeA3Jk"" folds",2026-08-29T08:38:47.678Z,178799272767800
"""gurt @ gpP9uUffpu"" bets 60",2026-08-29T08:38:45.990Z,178799272599000
"""Henry @ FQN9hzhzP_"" checks",2026-08-29T08:38:43.103Z,178799272310300
"Flop:  [6♦, A♣, 10♠]",2026-08-29T08:38:38.502Z,178799271850200
"""Henry @ FQN9hzhzP_"" calls 110",2026-08-29T08:38:37.632Z,178799271763200
"""DK @ 6AN-TeA3Jk"" calls 110",2026-08-29T08:38:36.424Z,178799271642400
"""gurt @ gpP9uUffpu"" raises to 110",2026-08-29T08:38:34.411Z,178799271441100
"""Henry @ FQN9hzhzP_"" calls 35",2026-08-29T08:38:31.976Z,178799271197600
"""DK @ 6AN-TeA3Jk"" raises to 35",2026-08-29T08:38:28.539Z,178799270853900
"""gurt @ gpP9uUffpu"" posts a big blind of 10",2026-08-29T08:38:25.695Z,178799270569506
"""Henry @ FQN9hzhzP_"" posts a small blind of 5",2026-08-29T08:38:25.695Z,178799270569505
"Player stacks: #1 ""Henry @ FQN9hzhzP_"" (1619) | #2 ""gurt @ gpP9uUffpu"" (5834) | #8 ""DK @ 6AN-TeA3Jk"" (3474)",2026-08-29T08:38:25.695Z,178799270569501
"-- starting hand #219 (id: etuwfeb8p0al)  No Limit Texas Hold'em (dealer: ""DK @ 6AN-TeA3Jk"") --",2026-08-29T08:38:25.695Z,178799270569500
"""Henry @ FQN9hzhzP_"" shows a 7♥.",2026-08-29T08:38:24.226Z,178799270422600
"""gurt @ gpP9uUffpu"" shows a 7♣, 9♥.",2026-08-29T08:38:22.637Z,178799270263700
"""Henry @ FQN9hzhzP_"" shows a 9♣.",2026-08-29T08:38:21.025Z,178799270102500
"Undealt cards: 10♥, 5♠, A♦ [K♥, K♠]",2026-08-29T08:38:19.944Z,178799269994400
"-- ending hand #218 --",2026-08-29T08:38:18.295Z,178799269829502
"""gurt @ gpP9uUffpu"" collected 105 from pot",2026-08-29T08:38:18.295Z,178799269829501
"Uncalled bet of 50 returned to ""gurt @ gpP9uUffpu""",2026-08-29T08:38:18.295Z,178799269829500
"""Henry @ FQN9hzhzP_"" folds",2026-08-29T08:38:17.453Z,178799269745300
"""gurt @ gpP9uUffpu"" bets 50",2026-08-29T08:38:14.528Z,178799269452800
"""Henry @ FQN9hzhzP_"" checks",2026-08-29T08:38:11.988Z,178799269198800
"Flop:  [10♥, 5♠, A♦]",2026-08-29T08:38:09.689Z,178799268968900
"""Henry @ FQN9hzhzP_"" calls 50",2026-08-29T08:38:08.852Z,178799268885200
"""DK @ 6AN-TeA3Jk"" folds",2026-08-29T08:38:07.109Z,178799268710900
"""gurt @ gpP9uUffpu"" raises to 50",2026-08-29T08:37:59.843Z,178799267984300
"""Henry @ FQN9hzhzP_"" posts a big blind of 10",2026-08-29T08:37:56.466Z,178799267646607
"""DK @ 6AN-TeA3Jk"" posts a small blind of 5",2026-08-29T08:37:56.466Z,178799267646606
"Your hand is 7♣, 9♥",2026-08-29T08:37:56.466Z,178799267646604
"Player stacks: #1 ""Henry @ FQN9hzhzP_"" (1669) | #2 ""gurt @ gpP9uUffpu"" (5779) | #8 ""DK @ 6AN-TeA3Jk"" (3479)",2026-08-29T08:37:56.466Z,178799267646602
"-- starting hand #218 (id: apqo6hdcixbe)  No Limit Texas Hold'em (dealer: ""gurt @ gpP9uUffpu"") --",2026-08-29T08:37:56.466Z,178799267646601
"The player ""Wizard of Ball @ L0mhqQt-8H"" quits the game with a stack of 0.",2026-08-29T08:37:56.466Z,178799267646600
"""DK @ 6AN-TeA3Jk"" shows a Q♥.",2026-08-29T08:37:48.887Z,178799266888700
"""DK @ 6AN-TeA3Jk"" shows a 4♠.",2026-08-29T08:37:48.665Z,178799266866500
"-- ending hand #217 --",2026-08-29T08:37:47.861Z,178799266786102
"""Henry @ FQN9hzhzP_"" collected 729 from pot with Three of a Kind, 9's on the second run  (combination: 7♥, Q♠, 9♣, 9♠, 9♦)",2026-08-29T08:37:47.861Z,178799266786101
"""Henry @ FQN9hzhzP_"" collected 730 from pot with Pair, 9's (combination: 10♠, K♥, A♥, 9♣, 9♠)",2026-08-29T08:37:47.861Z,178799266786100
"River (second run): 3♠, 2♥, Q♠, 9♦ [7♥]",2026-08-29T08:37:43.750Z,178799266375000
"Turn (second run): 3♠, 2♥, Q♠ [9♦]",2026-08-29T08:37:39.705Z,178799265970500
"Flop (second run):  [3♠, 2♥, Q♠]",2026-08-29T08:37:35.662Z,178799265566200
"River: 10♠, 2♠, A♥, 5♣ [K♥]",2026-08-29T08:37:31.655Z,178799265165500
"Turn: 10♠, 2♠, A♥ [5♣]",2026-08-29T08:37:27.536Z,178799264753600
"Flop:  [10♠, 2♠, A♥]",2026-08-29T08:37:23.497Z,178799264349700
"""Wizard of Ball @ L0mhqQt-8H"" shows a 6♥, 6♠.",2026-08-29T08:37:19.448Z,178799263944801
"""Henry @ FQN9hzhzP_"" shows a 9♣, 9♠.",2026-08-29T08:37:19.448Z,178799263944800
"All players in hand choose to run it twice.",2026-08-29T08:37:18.559Z,178799263855901
"""Wizard of Ball @ L0mhqQt-8H"" chooses to  run it twice.",2026-08-29T08:37:18.559Z,178799263855900
"""Henry @ FQN9hzhzP_"" chooses to  run it twice.",2026-08-29T08:37:17.054Z,178799263705400
"Remaining players decide whether to run it twice.",2026-08-29T08:37:15.384Z,178799263538401
"""DK @ 6AN-TeA3Jk"" folds",2026-08-29T08:37:15.384Z,178799263538400
"""gurt @ gpP9uUffpu"" folds",2026-08-29T08:37:14.463Z,178799263446300
"""Henry @ FQN9hzhzP_"" calls 722",2026-08-29T08:37:11.297Z,178799263129700
"""Wizard of Ball @ L0mhqQt-8H"" raises to 722 and go all in",2026-08-29T08:37:02.983Z,178799262298300
"""DK @ 6AN-TeA3Jk"" posts a big blind of 10",2026-08-29T08:36:59.578Z,178799261957807
"""gurt @ gpP9uUffpu"" posts a small blind of 5",2026-08-29T08:36:59.578Z,178799261957806
"Player stacks: #1 ""Henry @ FQN9hzhzP_"" (932) | #2 ""gurt @ gpP9uUffpu"" (5784) | #8 ""DK @ 6AN-TeA3Jk"" (3489) | #9 ""Wizard of Ball @ L0mhqQt-8H"" (722)",2026-08-29T08:36:59.578Z,178799261957801
"-- starting hand #217 (id: qe7ohdkeahdv)  No Limit Texas Hold'em (dealer: ""Henry @ FQN9hzhzP_"") --",2026-08-29T08:36:59.578Z,178799261957800
"""DK @ 6AN-TeA3Jk"" shows a 8♦.",2026-08-29T08:36:55.493Z,178799261549300
"""DK @ 6AN-TeA3Jk"" shows a 4♥.",2026-08-29T08:36:55.312Z,178799261531200
"""Henry @ FQN9hzhzP_"" shows a Q♦, Q♠.",2026-08-29T08:36:54.992Z,178799261499200
"Undealt cards:  [4♦, 5♥, 3♣, 8♠, 3♦]",2026-08-29T08:36:52.983Z,178799261298300
"-- ending hand #216 --",2026-08-29T08:36:52.180Z,178799261218002
"""Henry @ FQN9hzhzP_"" collected 110 from pot",2026-08-29T08:36:52.180Z,178799261218001
"Uncalled bet of 822 returned to ""Henry @ FQN9hzhzP_""",2026-08-29T08:36:52.180Z,178799261218000
"""Wizard of Ball @ L0mhqQt-8H"" folds",2026-08-29T08:36:51.334Z,178799261133400
"""gurt @ gpP9uUffpu"" folds",2026-08-29T08:36:50.385Z,178799261038500
"""Henry @ FQN9hzhzP_"" raises to 872 and go all in",2026-08-29T08:36:49.436Z,178799260943600
"""Wizard of Ball @ L0mhqQt-8H"" raises to 50",2026-08-29T08:36:45.771Z,178799260577100
"""DK @ 6AN-TeA3Jk"" folds",2026-08-29T08:36:43.568Z,178799260356800
"""gurt @ gpP9uUffpu"" posts a big blind of 10",2026-08-29T08:36:41.817Z,178799260181707
"""Henry @ FQN9hzhzP_"" posts a small blind of 5",2026-08-29T08:36:41.817Z,178799260181706
"Player stacks: #1 ""Henry @ FQN9hzhzP_"" (872) | #2 ""gurt @ gpP9uUffpu"" (5794) | #8 ""DK @ 6AN-TeA3Jk"" (3489) | #9 ""Wizard of Ball @ L0mhqQt-8H"" (772)",2026-08-29T08:36:41.817Z,178799260181701
"-- starting hand #216 (id: rlunpu9uxwwu)  No Limit Texas Hold'em (dealer: ""Wizard of Ball @ L0mhqQt-8H"") --",2026-08-29T08:36:41.817Z,178799260181700
"""Henry @ FQN9hzhzP_"" shows a 8♦, 5♠.",2026-08-29T08:36:38.301Z,178799259830100
"""DK @ 6AN-TeA3Jk"" shows a 5♣.",2026-08-29T08:36:37.351Z,178799259735100
"""DK @ 6AN-TeA3Jk"" shows a 7♦.",2026-08-29T08:36:37.175Z,178799259717500
"-- ending hand #215 --",2026-08-29T08:36:34.800Z,178799259480003
"""gurt @ gpP9uUffpu"" collected 2401 from pot with Pair, K's (combination: 7♣, Q♦, A♥, K♣, K♠)",2026-08-29T08:36:34.800Z,178799259480002
"""gurt @ gpP9uUffpu"" shows a K♣, A♥.",2026-08-29T08:36:34.800Z,178799259480001
"""Wizard of Ball @ L0mhqQt-8H"" shows a K♥, J♦.",2026-08-29T08:36:34.800Z,178799259480000
"""gurt @ gpP9uUffpu"" calls 800",2026-08-29T08:36:33.971Z,178799259397100
"""Henry @ FQN9hzhzP_"" folds",2026-08-29T08:36:32.396Z,178799259239600
"""Wizard of Ball @ L0mhqQt-8H"" bets 800",2026-08-29T08:36:28.138Z,178799258813800
"River: Q♦, 4♣, K♠, 5♦ [7♣]",2026-08-29T08:36:22.200Z,178799258220000
"""Wizard of Ball @ L0mhqQt-8H"" calls 167",2026-08-29T08:36:21.380Z,178799258138000
"""gurt @ gpP9uUffpu"" calls 167",2026-08-29T08:36:19.821Z,178799257982100
"""Henry @ FQN9hzhzP_"" bets 167",2026-08-29T08:36:11.271Z,178799257127100
"""Wizard of Ball @ L0mhqQt-8H"" checks",2026-08-29T08:36:05.982Z,178799256598200
"Turn: Q♦, 4♣, K♠ [5♦]",2026-08-29T08:36:04.356Z,178799256435600
"""gurt @ gpP9uUffpu"" calls 50",2026-08-29T08:36:03.454Z,178799256345400
"""Henry @ FQN9hzhzP_"" calls 50",2026-08-29T08:36:02.456Z,178799256245600
"""Wizard of Ball @ L0mhqQt-8H"" bets 50",2026-08-29T08:35:58.072Z,178799255807200
"Flop:  [Q♦, 4♣, K♠]",2026-08-29T08:35:54.941Z,178799255494100
"""Henry @ FQN9hzhzP_"" calls 50",2026-08-29T08:35:54.137Z,178799255413700
"""Wizard of Ball @ L0mhqQt-8H"" calls 50",2026-08-29T08:35:52.042Z,178799255204200
"""DK @ 6AN-TeA3Jk"" folds",2026-08-29T08:35:51.102Z,178799255110200
"""gurt @ gpP9uUffpu"" raises to 50",2026-08-29T08:35:48.868Z,178799254886800
"""Henry @ FQN9hzhzP_"" posts a big blind of 10",2026-08-29T08:35:46.855Z,178799254685507
"""Wizard of Ball @ L0mhqQt-8H"" posts a small blind of 5",2026-08-29T08:35:46.855Z,178799254685506
"Your hand is K♣, A♥",2026-08-29T08:35:46.855Z,178799254685503
"Player stacks: #1 ""Henry @ FQN9hzhzP_"" (1139) | #2 ""gurt @ gpP9uUffpu"" (4460) | #8 ""DK @ 6AN-TeA3Jk"" (3489) | #9 ""Wizard of Ball @ L0mhqQt-8H"" (1839)",2026-08-29T08:35:46.855Z,178799254685501
"-- starting hand #215 (id: 7jeglsxjn52n)  No Limit Texas Hold'em (dealer: ""DK @ 6AN-TeA3Jk"") --",2026-08-29T08:35:46.855Z,178799254685500
"""gurt @ gpP9uUffpu"" shows a 6♠.",2026-08-29T08:35:45.546Z,178799254554600
"""Henry @ FQN9hzhzP_"" shows a 7♠.",2026-08-29T08:35:44.456Z,178799254445600
"-- ending hand #214 --",2026-08-29T08:35:42.523Z,178799254252302
"""gurt @ gpP9uUffpu"" collected 433 from pot",2026-08-29T08:35:42.523Z,178799254252301
"Uncalled bet of 67 returned to ""gurt @ gpP9uUffpu""",2026-08-29T08:35:42.523Z,178799254252300
"""Henry @ FQN9hzhzP_"" folds",2026-08-29T08:35:41.706Z,178799254170600
"""gurt @ gpP9uUffpu"" raises to 134",2026-08-29T08:35:37.718Z,178799253771800
"""Henry @ FQN9hzhzP_"" bets 67",2026-08-29T08:35:35.256Z,178799253525600
"River: 9♠, 6♣, K♥, 9♥ [5♦]",2026-08-29T08:35:21.655Z,178799252165500
"""Henry @ FQN9hzhzP_"" calls 72",2026-08-29T08:35:20.830Z,178799252083000
"""gurt @ gpP9uUffpu"" raises to 72",2026-08-29T08:35:19.663Z,178799251966300
"""Henry @ FQN9hzhzP_"" bets 36",2026-08-29T08:35:16.905Z,178799251690500
"Turn: 9♠, 6♣, K♥ [9♥]",2026-08-29T08:35:12.586Z,178799251258600
"""gurt @ gpP9uUffpu"" checks",2026-08-29T08:35:11.764Z,178799251176400
"""Henry @ FQN9hzhzP_"" checks",2026-08-29T08:35:09.693Z,178799250969300
"Flop:  [9♠, 6♣, K♥]",2026-08-29T08:34:55.165Z,178799249516500
"""Wizard of Ball @ L0mhqQt-8H"" folds",2026-08-29T08:34:54.276Z,178799249427600
"""DK @ 6AN-TeA3Jk"" folds",2026-08-29T08:34:53.323Z,178799249332300
"""gurt @ gpP9uUffpu"" calls 70",2026-08-29T08:34:52.400Z,178799249240000
"""Henry @ FQN9hzhzP_"" raises to 70",2026-08-29T08:34:49.894Z,178799248989400
"""Wizard of Ball @ L0mhqQt-8H"" posts a big blind of 10",2026-08-29T08:34:44.259Z,178799248425907
"""DK @ 6AN-TeA3Jk"" posts a small blind of 5",2026-08-29T08:34:44.259Z,178799248425906
"Player stacks: #1 ""Henry @ FQN9hzhzP_"" (1348) | #2 ""gurt @ gpP9uUffpu"" (4236) | #8 ""DK @ 6AN-TeA3Jk"" (3494) | #9 ""Wizard of Ball @ L0mhqQt-8H"" (1849)",2026-08-29T08:34:44.259Z,178799248425901
"-- starting hand #214 (id: vnyrnhp9e8rr)  No Limit Texas Hold'em (dealer: ""gurt @ gpP9uUffpu"") --",2026-08-29T08:34:44.259Z,178799248425900
"""DK @ 6AN-TeA3Jk"" shows a 7♦.",2026-08-29T08:34:39.902Z,178799247990200
"""Henry @ FQN9hzhzP_"" shows a 5♦, 4♣.",2026-08-29T08:34:38.280Z,178799247828000
"-- ending hand #213 --",2026-08-29T08:34:37.250Z,178799247725002
"""gurt @ gpP9uUffpu"" collected 150 from pot with Pair, Q's (combination: 9♠, 10♣, A♦, Q♦, Q♠)",2026-08-29T08:34:37.250Z,178799247725001
"""gurt @ gpP9uUffpu"" shows a 9♠, A♦.",2026-08-29T08:34:37.250Z,178799247725000
"""Henry @ FQN9hzhzP_"" checks",2026-08-29T08:34:36.396Z,178799247639600
"""DK @ 6AN-TeA3Jk"" checks",2026-08-29T08:34:34.703Z,178799247470300
"""gurt @ gpP9uUffpu"" checks",2026-08-29T08:34:33.744Z,178799247374400
"River: 2♥, Q♦, 10♣, 8♦ [Q♠]",2026-08-29T08:34:31.916Z,178799247191600
"""Henry @ FQN9hzhzP_"" checks",2026-08-29T08:34:31.073Z,178799247107300
"""DK @ 6AN-TeA3Jk"" checks",2026-08-29T08:34:29.977Z,178799246997700
"""gurt @ gpP9uUffpu"" checks",2026-08-29T08:34:27.891Z,178799246789100
"Turn: 2♥, Q♦, 10♣ [8♦]",2026-08-29T08:34:26.113Z,178799246611300
"""Henry @ FQN9hzhzP_"" checks",2026-08-29T08:34:25.244Z,178799246524400
"""DK @ 6AN-TeA3Jk"" checks",2026-08-29T08:34:15.400Z,178799245540000
"""gurt @ gpP9uUffpu"" checks",2026-08-29T08:34:14.285Z,178799245428500
"Flop:  [2♥, Q♦, 10♣]",2026-08-29T08:34:10.976Z,178799245097600
"""Henry @ FQN9hzhzP_"" calls 50",2026-08-29T08:34:10.133Z,178799245013300
"""DK @ 6AN-TeA3Jk"" calls 50",2026-08-29T08:33:57.453Z,178799243745300
"""gurt @ gpP9uUffpu"" raises to 50",2026-08-29T08:33:55.282Z,178799243528200
"""Henry @ FQN9hzhzP_"" calls 10",2026-08-29T08:33:52.198Z,178799243219800
"""Wizard of Ball @ L0mhqQt-8H"" folds",2026-08-29T08:33:49.407Z,178799242940700
"""DK @ 6AN-TeA3Jk"" posts a big blind of 10",2026-08-29T08:33:46.173Z,178799242617307
"""gurt @ gpP9uUffpu"" posts a small blind of 5",2026-08-29T08:33:46.173Z,178799242617306
"Your hand is 9♠, A♦",2026-08-29T08:33:46.173Z,178799242617303
"Player stacks: #1 ""Henry @ FQN9hzhzP_"" (1398) | #2 ""gurt @ gpP9uUffpu"" (4136) | #8 ""DK @ 6AN-TeA3Jk"" (3544) | #9 ""Wizard of Ball @ L0mhqQt-8H"" (1849)",2026-08-29T08:33:46.173Z,178799242617301
"-- starting hand #213 (id: vtxz4laxuopw)  No Limit Texas Hold'em (dealer: ""Henry @ FQN9hzhzP_"") --",2026-08-29T08:33:46.173Z,178799242617300
"""gurt @ gpP9uUffpu"" shows a A♦, A♣.",2026-08-29T08:33:43.285Z,178799242328500
"Undealt cards: A♥, 10♦, 2♣, Q♣ [Q♠]",2026-08-29T08:33:41.077Z,178799242107700
"-- ending hand #212 --",2026-08-29T08:33:39.549Z,178799241954902
"""gurt @ gpP9uUffpu"" collected 480 from pot",2026-08-29T08:33:39.549Z,178799241954901
"Uncalled bet of 120 returned to ""gurt @ gpP9uUffpu""",2026-08-29T08:33:39.549Z,178799241954900
"""Henry @ FQN9hzhzP_"" folds",2026-08-29T08:33:38.737Z,178799241873700
"""gurt @ gpP9uUffpu"" bets 120",2026-08-29T08:33:31.359Z,178799241135900
"""Henry @ FQN9hzhzP_"" checks",2026-08-29T08:33:27.121Z,178799240712100
"Turn: A♥, 10♦, 2♣ [Q♣]",2026-08-29T08:33:18.529Z,178799239852900
"""gurt @ gpP9uUffpu"" checks",2026-08-29T08:33:17.660Z,178799239766000
"""Henry @ FQN9hzhzP_"" checks",2026-08-29T08:33:12.887Z,178799239288700
"Flop:  [A♥, 10♦, 2♣]",2026-08-29T08:33:08.319Z,178799238831900
"""Henry @ FQN9hzhzP_"" calls 210",2026-08-29T08:33:07.446Z,178799238744600
"""Wizard of Ball @ L0mhqQt-8H"" folds",2026-08-29T08:33:06.324Z,178799238632400
"""DK @ 6AN-TeA3Jk"" folds",2026-08-29T08:33:05.398Z,178799238539800
"""gurt @ gpP9uUffpu"" raises to 210",2026-08-29T08:32:52.979Z,178799237297900
"""Henry @ FQN9hzhzP_"" raises to 72",2026-08-29T08:32:46.927Z,178799236692700
"""Wizard of Ball @ L0mhqQt-8H"" calls 30",2026-08-29T08:32:24.034Z,178799234403400
"""DK @ 6AN-TeA3Jk"" raises to 30",2026-08-29T08:32:18.561Z,178799233856100
"""gurt @ gpP9uUffpu"" posts a big blind of 10",2026-08-29T08:32:08.693Z,178799232869307
"""Henry @ FQN9hzhzP_"" posts a small blind of 5",2026-08-29T08:32:08.693Z,178799232869306
"Your hand is A♦, A♣",2026-08-29T08:32:08.693Z,178799232869303
"Player stacks: #1 ""Henry @ FQN9hzhzP_"" (1608) | #2 ""gurt @ gpP9uUffpu"" (3866) | #8 ""DK @ 6AN-TeA3Jk"" (3574) | #9 ""Wizard of Ball @ L0mhqQt-8H"" (1879)",2026-08-29T08:32:08.693Z,178799232869301
"-- starting hand #212 (id: yjtx7rhvysyk)  No Limit Texas Hold'em (dealer: ""Wizard of Ball @ L0mhqQt-8H"") --",2026-08-29T08:32:08.693Z,178799232869300
"""Henry @ FQN9hzhzP_"" shows a J♦, 8♠.",2026-08-29T08:32:03.954Z,178799232395400
"-- ending hand #211 --",2026-08-29T08:32:02.182Z,178799232218202
"""DK @ 6AN-TeA3Jk"" collected 537 from pot with Pair, J's (combination: 6♠, 9♥, K♠, J♥, J♠)",2026-08-29T08:32:02.182Z,178799232218201
"""DK @ 6AN-TeA3Jk"" shows a J♥, K♠.",2026-08-29T08:32:02.182Z,178799232218200
"""gurt @ gpP9uUffpu"" calls 161",2026-08-29T08:32:01.082Z,178799232108200
"""DK @ 6AN-TeA3Jk"" bets 161",2026-08-29T08:31:51.998Z,178799231199800
"""gurt @ gpP9uUffpu"" checks",2026-08-29T08:31:45.346Z,178799230534600
"River: 9♥, 5♥, 6♠, 2♦ [J♠]",2026-08-29T08:31:40.361Z,178799230036100
"""DK @ 6AN-TeA3Jk"" checks",2026-08-29T08:31:39.454Z,178799229945400
"""gurt @ gpP9uUffpu"" checks",2026-08-29T08:31:36.751Z,178799229675100
"Turn: 9♥, 5♥, 6♠ [2♦]",2026-08-29T08:31:34.446Z,178799229444600
"""DK @ 6AN-TeA3Jk"" checks",2026-08-29T08:31:33.594Z,178799229359400
"""gurt @ gpP9uUffpu"" checks",2026-08-29T08:31:30.632Z,178799229063200
"Flop:  [9♥, 5♥, 6♠]",2026-08-29T08:31:29.157Z,178799228915700
"""gurt @ gpP9uUffpu"" calls 100",2026-08-29T08:31:28.339Z,178799228833900
"""Henry @ FQN9hzhzP_"" folds",2026-08-29T08:31:27.419Z,178799228741900
"""Wizard of Ball @ L0mhqQt-8H"" folds",2026-08-29T08:31:22.059Z,178799228205900
"""DK @ 6AN-TeA3Jk"" raises to 100",2026-08-29T08:31:21.059Z,178799228105900
"""gurt @ gpP9uUffpu"" raises to 30",2026-08-29T08:31:15.546Z,178799227554600
"""Henry @ FQN9hzhzP_"" posts a big blind of 10",2026-08-29T08:31:13.949Z,178799227394907
"""Wizard of Ball @ L0mhqQt-8H"" posts a small blind of 5",2026-08-29T08:31:13.949Z,178799227394906
"Player stacks: #1 ""Henry @ FQN9hzhzP_"" (1618) | #2 ""gurt @ gpP9uUffpu"" (4127) | #8 ""DK @ 6AN-TeA3Jk"" (3298) | #9 ""Wizard of Ball @ L0mhqQt-8H"" (1884)",2026-08-29T08:31:13.949Z,178799227394901
"-- starting hand #211 (id: bjnp2kc25nbm)  No Limit Texas Hold'em (dealer: ""DK @ 6AN-TeA3Jk"") --",2026-08-29T08:31:13.949Z,178799227394900
"""DK @ 6AN-TeA3Jk"" shows a Q♥.",2026-08-29T08:31:09.367Z,178799226936700
"""DK @ 6AN-TeA3Jk"" shows a A♣.",2026-08-29T08:31:09.185Z,178799226918500
"""Henry @ FQN9hzhzP_"" shows a 6♦, 3♦.",2026-08-29T08:31:07.270Z,178799226727000
"Undealt cards: 3♥, 5♠, 7♠, 6♠ [9♠]",2026-08-29T08:31:06.858Z,178799226685800
"-- ending hand #210 --",2026-08-29T08:31:06.612Z,178799226661202
"""Henry @ FQN9hzhzP_"" collected 513 from pot",2026-08-29T08:31:06.612Z,178799226661201
"Uncalled bet of 167 returned to ""Henry @ FQN9hzhzP_""",2026-08-29T08:31:06.612Z,178799226661200
"""DK @ 6AN-TeA3Jk"" folds",2026-08-29T08:31:05.761Z,178799226576100
"""gurt @ gpP9uUffpu"" folds",2026-08-29T08:31:04.440Z,178799226444000
"""Henry @ FQN9hzhzP_"" bets 167",2026-08-29T08:31:03.288Z,178799226328800
"""DK @ 6AN-TeA3Jk"" checks",2026-08-29T08:30:58.448Z,178799225844800
"Turn: 3♥, 5♠, 7♠ [6♠]",2026-08-29T08:30:55.975Z,178799225597500
"""Wizard of Ball @ L0mhqQt-8H"" folds",2026-08-29T08:30:55.166Z,178799225516600
"""DK @ 6AN-TeA3Jk"" calls 67",2026-08-29T08:30:54.203Z,178799225420300
"""gurt @ gpP9uUffpu"" calls 67",2026-08-29T08:30:52.978Z,178799225297800
"""Henry @ FQN9hzhzP_"" bets 67",2026-08-29T08:30:51.615Z,178799225161500
"""Wizard of Ball @ L0mhqQt-8H"" checks",2026-08-29T08:30:48.801Z,178799224880100
"""DK @ 6AN-TeA3Jk"" checks",2026-08-29T08:30:47.248Z,178799224724800
"Flop:  [3♥, 5♠, 7♠]",2026-08-29T08:30:45.066Z,178799224506600
"""gurt @ gpP9uUffpu"" calls 78",2026-08-29T08:30:44.210Z,178799224421000
"""Henry @ FQN9hzhzP_"" calls 78",2026-08-29T08:30:43.310Z,178799224331000
"""Wizard of Ball @ L0mhqQt-8H"" calls 78",2026-08-29T08:30:42.285Z,178799224228500
"""DK @ 6AN-TeA3Jk"" raises to 78",2026-08-29T08:30:40.500Z,178799224050000
"""gurt @ gpP9uUffpu"" calls 22",2026-08-29T08:30:36.583Z,178799223658300
"""Henry @ FQN9hzhzP_"" raises to 22",2026-08-29T08:30:34.727Z,178799223472700
"""Wizard of Ball @ L0mhqQt-8H"" posts a big blind of 10",2026-08-29T08:30:31.910Z,178799223191007
"""DK @ 6AN-TeA3Jk"" posts a small blind of 5",2026-08-29T08:30:31.910Z,178799223191006
"Player stacks: #1 ""Henry @ FQN9hzhzP_"" (1250) | #2 ""gurt @ gpP9uUffpu"" (4272) | #8 ""DK @ 6AN-TeA3Jk"" (3443) | #9 ""Wizard of Ball @ L0mhqQt-8H"" (1962)",2026-08-29T08:30:31.910Z,178799223191001
"-- starting hand #210 (id: hwrdif7gmd21)  No Limit Texas Hold'em (dealer: ""gurt @ gpP9uUffpu"") --",2026-08-29T08:30:31.910Z,178799223191000
"""DK @ 6AN-TeA3Jk"" shows a 10♠.",2026-08-29T08:30:28.314Z,178799222831400
"""DK @ 6AN-TeA3Jk"" shows a 9♣.",2026-08-29T08:30:28.177Z,178799222817700
"""Henry @ FQN9hzhzP_"" shows a 5♠.",2026-08-29T08:30:27.520Z,178799222752000
"""gurt @ gpP9uUffpu"" shows a 2♣, 3♦.",2026-08-29T08:30:26.760Z,178799222676000
"Undealt cards: 8♠, 5♥, 8♣ [7♦, A♣]",2026-08-29T08:30:24.895Z,178799222489500
"-- ending hand #209 --",2026-08-29T08:30:23.854Z,178799222385402
"""Henry @ FQN9hzhzP_"" collected 30 from pot",2026-08-29T08:30:23.854Z,178799222385401
"Uncalled bet of 13 returned to ""Henry @ FQN9hzhzP_""",2026-08-29T08:30:23.854Z,178799222385400
"""DK @ 6AN-TeA3Jk"" folds",2026-08-29T08:30:23.019Z,178799222301900
"""gurt @ gpP9uUffpu"" folds",2026-08-29T08:30:21.402Z,178799222140200
"""Henry @ FQN9hzhzP_"" bets 13",2026-08-29T08:30:20.495Z,178799222049500
"""DK @ 6AN-TeA3Jk"" checks",2026-08-29T08:30:16.238Z,178799221623800
"""gurt @ gpP9uUffpu"" checks",2026-08-29T08:30:13.011Z,178799221301100
"Flop:  [8♠, 5♥, 8♣]",2026-08-29T08:30:10.054Z,178799221005400
"""DK @ 6AN-TeA3Jk"" checks",2026-08-29T08:30:09.232Z,178799220923200
"""gurt @ gpP9uUffpu"" calls 10",2026-08-29T08:29:59.894Z,178799219989400
"""Henry @ FQN9hzhzP_"" calls 10",2026-08-29T08:29:58.916Z,178799219891600
"""Wizard of Ball @ L0mhqQt-8H"" folds",2026-08-29T08:29:46.699Z,178799218669900
"""DK @ 6AN-TeA3Jk"" posts a big blind of 10",2026-08-29T08:29:45.735Z,178799218573508
"""gurt @ gpP9uUffpu"" posts a small blind of 5",2026-08-29T08:29:45.735Z,178799218573507
"Your hand is 2♣, 3♦",2026-08-29T08:29:45.735Z,178799218573504
"Player stacks: #1 ""Henry @ FQN9hzhzP_"" (1230) | #2 ""gurt @ gpP9uUffpu"" (4282) | #8 ""DK @ 6AN-TeA3Jk"" (3453) | #9 ""Wizard of Ball @ L0mhqQt-8H"" (1962)",2026-08-29T08:29:45.735Z,178799218573502
"-- starting hand #209 (id: uynrjioei9wf)  No Limit Texas Hold'em (dealer: ""Henry @ FQN9hzhzP_"") --",2026-08-29T08:29:45.735Z,178799218573501
"The player ""wool ball @ Q4OMcL0rqd"" quits the game with a stack of 0.",2026-08-29T08:29:45.735Z,178799218573500
"-- ending hand #208 --",2026-08-29T08:29:39.664Z,178799217966403
"""DK @ 6AN-TeA3Jk"" collected 3265 from pot with Straight, K High (combination: 9♠, 10♦, J♣, Q♠, K♠)",2026-08-29T08:29:39.664Z,178799217966402
"""DK @ 6AN-TeA3Jk"" shows a J♣, Q♣.",2026-08-29T08:29:39.664Z,178799217966401
"""wool ball @ Q4OMcL0rqd"" shows a 5♦, Q♦.",2026-08-29T08:29:39.664Z,178799217966400
"""DK @ 6AN-TeA3Jk"" calls 1145",2026-08-29T08:29:38.818Z,178799217881800
"""wool ball @ Q4OMcL0rqd"" bets 1145 and go all in",2026-08-29T08:29:23.048Z,178799216304800
"River: Q♠, 8♠, 9♠, K♠ [10♦]",2026-08-29T08:29:18.097Z,178799215809700
"""DK @ 6AN-TeA3Jk"" checks",2026-08-29T08:29:17.284Z,178799215728400
"""wool ball @ Q4OMcL0rqd"" checks",2026-08-29T08:29:15.335Z,178799215533500
"Turn: Q♠, 8♠, 9♠ [K♠]",2026-08-29T08:29:13.093Z,178799215309300
"""wool ball @ Q4OMcL0rqd"" calls 400",2026-08-29T08:29:12.257Z,178799215225700
"""Henry @ FQN9hzhzP_"" folds",2026-08-29T08:29:07.940Z,178799214794000
"""DK @ 6AN-TeA3Jk"" raises to 400",2026-08-29T08:28:58.746Z,178799213874600
"""wool ball @ Q4OMcL0rqd"" bets 175",2026-08-29T08:28:52.610Z,178799213261000
"""Henry @ FQN9hzhzP_"" checks",2026-08-29T08:28:50.312Z,178799213031200
"Flop:  [Q♠, 8♠, 9♠]",2026-08-29T08:28:36.982Z,178799211698200
"""wool ball @ Q4OMcL0rqd"" calls 55",2026-08-29T08:28:36.162Z,178799211616200
"""gurt @ gpP9uUffpu"" folds",2026-08-29T08:28:34.842Z,178799211484200
"""Henry @ FQN9hzhzP_"" calls 55",2026-08-29T08:28:33.792Z,178799211379200
"""Wizard of Ball @ L0mhqQt-8H"" folds",2026-08-29T08:28:26.151Z,178799210615100
"""DK @ 6AN-TeA3Jk"" raises to 55",2026-08-29T08:28:25.196Z,178799210519600
"""wool ball @ Q4OMcL0rqd"" calls 10",2026-08-29T08:28:21.653Z,178799210165300
"""gurt @ gpP9uUffpu"" posts a big blind of 10",2026-08-29T08:28:20.044Z,178799210004408
"""Henry @ FQN9hzhzP_"" posts a small blind of 5",2026-08-29T08:28:20.044Z,178799210004407
"Player stacks: #1 ""Henry @ FQN9hzhzP_"" (1285) | #2 ""gurt @ gpP9uUffpu"" (4292) | #3 ""wool ball @ Q4OMcL0rqd"" (1600) | #8 ""DK @ 6AN-TeA3Jk"" (1788) | #9 ""Wizard of Ball @ L0mhqQt-8H"" (1962)",2026-08-29T08:28:20.044Z,178799210004401
"-- starting hand #208 (id: nrhoynoakbih)  No Limit Texas Hold'em (dealer: ""Wizard of Ball @ L0mhqQt-8H"") --",2026-08-29T08:28:20.044Z,178799210004400
"""Henry @ FQN9hzhzP_"" shows a 2♣.",2026-08-29T08:28:19.406Z,178799209940600
"Undealt cards: A♣, J♥, 5♥ [A♥, J♣]",2026-08-29T08:28:15.890Z,178799209589000
"""Henry @ FQN9hzhzP_"" shows a A♠.",2026-08-29T08:28:15.851Z,178799209585100
"-- ending hand #207 --",2026-08-29T08:28:13.431Z,178799209343102
"""Henry @ FQN9hzhzP_"" collected 525 from pot",2026-08-29T08:28:13.431Z,178799209343101
"Uncalled bet of 760 returned to ""Henry @ FQN9hzhzP_""",2026-08-29T08:28:13.431Z,178799209343100
"""wool ball @ Q4OMcL0rqd"" folds",2026-08-29T08:28:12.582Z,178799209258200
"""Henry @ FQN9hzhzP_"" bets 760 and go all in",2026-08-29T08:28:11.430Z,178799209143000
"Flop:  [A♣, J♥, 5♥]",2026-08-29T08:28:04.228Z,178799208422800
"""Henry @ FQN9hzhzP_"" calls 240",2026-08-29T08:28:03.334Z,178799208333400
"""DK @ 6AN-TeA3Jk"" folds",2026-08-29T08:27:54.746Z,178799207474600
"""wool ball @ Q4OMcL0rqd"" raises to 240",2026-08-29T08:27:53.582Z,178799207358200
"""Henry @ FQN9hzhzP_"" raises to 80",2026-08-29T08:27:48.190Z,178799206819000
"""Wizard of Ball @ L0mhqQt-8H"" folds",2026-08-29T08:27:32.348Z,178799205234800
"""DK @ 6AN-TeA3Jk"" calls 40",2026-08-29T08:27:31.376Z,178799205137600
"""wool ball @ Q4OMcL0rqd"" raises to 40",2026-08-29T08:27:30.028Z,178799205002800
"""gurt @ gpP9uUffpu"" folds",2026-08-29T08:27:27.207Z,178799204720700
"""Henry @ FQN9hzhzP_"" posts a big blind of 10",2026-08-29T08:27:25.451Z,178799204545109
"""Wizard of Ball @ L0mhqQt-8H"" posts a small blind of 5",2026-08-29T08:27:25.451Z,178799204545108
"Player stacks: #1 ""Henry @ FQN9hzhzP_"" (1000) | #2 ""gurt @ gpP9uUffpu"" (4292) | #3 ""wool ball @ Q4OMcL0rqd"" (1840) | #8 ""DK @ 6AN-TeA3Jk"" (1828) | #9 ""Wizard of Ball @ L0mhqQt-8H"" (1967)",2026-08-29T08:27:25.451Z,178799204545102
"-- starting hand #207 (id: dx5tjiizpmz7)  No Limit Texas Hold'em (dealer: ""DK @ 6AN-TeA3Jk"") --",2026-08-29T08:27:25.451Z,178799204545101
"The player ""Henry @ FQN9hzhzP_"" joined the game with a stack of 1000.",2026-08-29T08:27:25.451Z,178799204545100
"Undealt cards: J♠, 9♣, 7♣, 10♦ [Q♣]",2026-08-29T08:27:20.066Z,178799204006600
"-- ending hand #206 --",2026-08-29T08:27:19.545Z,178799203954502
"""wool ball @ Q4OMcL0rqd"" collected 235 from pot",2026-08-29T08:27:19.545Z,178799203954501
"Uncalled bet of 150 returned to ""wool ball @ Q4OMcL0rqd""",2026-08-29T08:27:19.545Z,178799203954500
"""gurt @ gpP9uUffpu"" folds",2026-08-29T08:27:18.716Z,178799203871600
"""wool ball @ Q4OMcL0rqd"" bets 150",2026-08-29T08:27:17.242Z,178799203724200
"""gurt @ gpP9uUffpu"" checks",2026-08-29T08:27:14.742Z,178799203474200
"The admin approved the player ""Henry @ FQN9hzhzP_"" participation with a stack of 1000.",2026-08-29T08:27:13.193Z,178799203319300
"Turn: J♠, 9♣, 7♣ [10♦]",2026-08-29T08:27:11.616Z,178799203161600
"""gurt @ gpP9uUffpu"" calls 60",2026-08-29T08:27:10.712Z,178799203071200
"""wool ball @ Q4OMcL0rqd"" bets 60",2026-08-29T08:27:06.920Z,178799202692000
"The player ""Henry @ FQN9hzhzP_"" requested a seat.",2026-08-29T08:27:06.516Z,178799202651600
"""gurt @ gpP9uUffpu"" checks",2026-08-29T08:27:04.750Z,178799202475000
"Flop:  [J♠, 9♣, 7♣]",2026-08-29T08:27:02.704Z,178799202270400
"The player ""Henry @ FQN9hzhzP_"" canceled the seat request.",2026-08-29T08:27:01.941Z,178799202194100
"""Wizard of Ball @ L0mhqQt-8H"" folds",2026-08-29T08:27:01.862Z,178799202186200
"""DK @ 6AN-TeA3Jk"" folds",2026-08-29T08:27:00.870Z,178799202087000
"The player ""Henry @ FQN9hzhzP_"" requested a seat.",2026-08-29T08:26:59.204Z,178799201920400
"""wool ball @ Q4OMcL0rqd"" calls 50",2026-08-29T08:26:56.534Z,178799201653400
"""gurt @ gpP9uUffpu"" raises to 50",2026-08-29T08:26:54.409Z,178799201440900
"""Wizard of Ball @ L0mhqQt-8H"" posts a big blind of 10",2026-08-29T08:26:51.458Z,178799201145807
"""DK @ 6AN-TeA3Jk"" posts a small blind of 5",2026-08-29T08:26:51.458Z,178799201145806
"Player stacks: #2 ""gurt @ gpP9uUffpu"" (4402) | #3 ""wool ball @ Q4OMcL0rqd"" (1715) | #8 ""DK @ 6AN-TeA3Jk"" (1833) | #9 ""Wizard of Ball @ L0mhqQt-8H"" (1977)",2026-08-29T08:26:51.458Z,178799201145801
"-- starting hand #206 (id: ewb8ridv0xqy)  No Limit Texas Hold'em (dealer: ""wool ball @ Q4OMcL0rqd"") --",2026-08-29T08:26:51.458Z,178799201145800
"-- ending hand #205 --",2026-08-29T08:26:45.453Z,178799200545302
"""DK @ 6AN-TeA3Jk"" collected 1715 from pot with Two Pair, K's & 8's (combination: 10♦, 8♦, 8♣, K♠, K♣)",2026-08-29T08:26:45.453Z,178799200545301
"""wool ball @ Q4OMcL0rqd"" collected 1715 from pot with Two Pair, K's & 8's (combination: 10♦, 8♦, 8♣, K♥, K♣)",2026-08-29T08:26:45.453Z,178799200545300
"River: K♣, 8♦, 8♣, 7♦ [10♦]",2026-08-29T08:26:41.387Z,178799200138700
"Turn: K♣, 8♦, 8♣ [7♦]",2026-08-29T08:26:37.349Z,178799199734900
"""wool ball @ Q4OMcL0rqd"" shows a K♥, 3♥.",2026-08-29T08:26:33.301Z,178799199330101
"Uncalled bet of 118 returned to ""DK @ 6AN-TeA3Jk""",2026-08-29T08:26:33.301Z,178799199330100
"""DK @ 6AN-TeA3Jk"" shows a K♠, 5♦.",2026-08-29T08:26:32.857Z,178799199285700
"Some players choose to not run it twice.",2026-08-29T08:26:32.473Z,178799199247301
"""wool ball @ Q4OMcL0rqd"" chooses to not run it twice.",2026-08-29T08:26:32.473Z,178799199247300
"Remaining players decide whether to run it twice.",2026-08-29T08:26:31.396Z,178799199139601
"""wool ball @ Q4OMcL0rqd"" calls 1705 and go all in",2026-08-29T08:26:31.396Z,178799199139600
"""DK @ 6AN-TeA3Jk"" raises to 1823 and go all in",2026-08-29T08:26:29.230Z,178799198923000
"""wool ball @ Q4OMcL0rqd"" raises to 800",2026-08-29T08:26:25.747Z,178799198574700
"""DK @ 6AN-TeA3Jk"" raises to 315",2026-08-29T08:26:14.460Z,178799197446000
"""wool ball @ Q4OMcL0rqd"" raises to 120",2026-08-29T08:26:09.397Z,178799196939700
"""DK @ 6AN-TeA3Jk"" raises to 40",2026-08-29T08:26:07.101Z,178799196710100
"""wool ball @ Q4OMcL0rqd"" bets 20",2026-08-29T08:26:04.476Z,178799196447600
"Flop:  [K♣, 8♦, 8♣]",2026-08-29T08:25:58.983Z,178799195898300
"""DK @ 6AN-TeA3Jk"" checks",2026-08-29T08:25:58.166Z,178799195816600
"""wool ball @ Q4OMcL0rqd"" calls 10",2026-08-29T08:25:53.118Z,178799195311800
"""gurt @ gpP9uUffpu"" folds",2026-08-29T08:25:49.435Z,178799194943500
"""Wizard of Ball @ L0mhqQt-8H"" folds",2026-08-29T08:25:45.845Z,178799194584500
"""DK @ 6AN-TeA3Jk"" posts a big blind of 10",2026-08-29T08:25:43.995Z,178799194399507
"""wool ball @ Q4OMcL0rqd"" posts a small blind of 5",2026-08-29T08:25:43.995Z,178799194399506
"Player stacks: #2 ""gurt @ gpP9uUffpu"" (4402) | #3 ""wool ball @ Q4OMcL0rqd"" (1715) | #8 ""DK @ 6AN-TeA3Jk"" (1833) | #9 ""Wizard of Ball @ L0mhqQt-8H"" (1977)",2026-08-29T08:25:43.995Z,178799194399501
"-- starting hand #205 (id: ssetslxgggya)  No Limit Texas Hold'em (dealer: ""gurt @ gpP9uUffpu"") --",2026-08-29T08:25:43.995Z,178799194399500
"-- ending hand #204 --",2026-08-29T08:25:37.989Z,178799193798902
"""gurt @ gpP9uUffpu"" collected 2185 from pot with Two Pair, K's & 3's (combination: J♥, 3♠, 3♦, K♠, K♦)",2026-08-29T08:25:37.989Z,178799193798901
"""gurt @ gpP9uUffpu"" shows a 8♥, K♠.",2026-08-29T08:25:37.989Z,178799193798900
"""DK @ 6AN-TeA3Jk"" calls 300",2026-08-29T08:25:37.158Z,178799193715800
"""gurt @ gpP9uUffpu"" bets 300",2026-08-29T08:25:29.027Z,178799192902700
"River: K♦, 3♠, J♥, 3♦ [4♠]",2026-08-29T08:25:24.543Z,178799192454300
"""DK @ 6AN-TeA3Jk"" checks",2026-08-29T08:25:23.627Z,178799192362700
"""gurt @ gpP9uUffpu"" checks",2026-08-29T08:25:21.694Z,178799192169400
"Turn: K♦, 3♠, J♥ [3♦]",2026-08-29T08:25:19.537Z,178799191953700
"""wool ball @ Q4OMcL0rqd"" folds",2026-08-29T08:25:18.625Z,178799191862500
"""gurt @ gpP9uUffpu"" calls 480",2026-08-29T08:25:06.633Z,178799190663300
"""DK @ 6AN-TeA3Jk"" raises to 480",2026-08-29T08:24:57.273Z,178799189727300
"""wool ball @ Q4OMcL0rqd"" bets 120",2026-08-29T08:24:49.690Z,178799188969000
"""gurt @ gpP9uUffpu"" checks",2026-08-29T08:24:46.170Z,178799188617000
"Flop:  [K♦, 3♠, J♥]",2026-08-29T08:24:44.664Z,178799188466400
"""gurt @ gpP9uUffpu"" calls 150",2026-08-29T08:24:43.753Z,178799188375300
"""Wizard of Ball @ L0mhqQt-8H"" folds",2026-08-29T08:24:42.697Z,178799188269700
"""DK @ 6AN-TeA3Jk"" calls 150",2026-08-29T08:24:39.240Z,178799187924000
"""wool ball @ Q4OMcL0rqd"" raises to 150",2026-08-29T08:24:34.688Z,178799187468800
"""gurt @ gpP9uUffpu"" calls 55",2026-08-29T08:24:30.973Z,178799187097300
"""Wizard of Ball @ L0mhqQt-8H"" calls 55",2026-08-29T08:24:29.805Z,178799186980500
"""DK @ 6AN-TeA3Jk"" raises to 55",2026-08-29T08:24:28.726Z,178799186872600
"""wool ball @ Q4OMcL0rqd"" posts a big blind of 10",2026-08-29T08:24:22.633Z,178799186263307
"""gurt @ gpP9uUffpu"" posts a small blind of 5",2026-08-29T08:24:22.633Z,178799186263306
"Your hand is 8♥, K♠",2026-08-29T08:24:22.633Z,178799186263302
"Player stacks: #2 ""gurt @ gpP9uUffpu"" (3147) | #3 ""wool ball @ Q4OMcL0rqd"" (1985) | #8 ""DK @ 6AN-TeA3Jk"" (2763) | #9 ""Wizard of Ball @ L0mhqQt-8H"" (2032)",2026-08-29T08:24:22.633Z,178799186263301
"-- starting hand #204 (id: ulwva6zcrkyz)  No Limit Texas Hold'em (dealer: ""Wizard of Ball @ L0mhqQt-8H"") --",2026-08-29T08:24:22.633Z,178799186263300
"-- ending hand #203 --",2026-08-29T08:24:16.631Z,178799185663101
"""wool ball @ Q4OMcL0rqd"" collected 1985 from pot with Three of a Kind, Q's (combination: 9♣, J♥, Q♦, Q♣, Q♠)",2026-08-29T08:24:16.631Z,178799185663100
"River: Q♣, 2♥, Q♠, 8♥ [9♣]",2026-08-29T08:24:12.594Z,178799185259400
"Turn: Q♣, 2♥, Q♠ [8♥]",2026-08-29T08:24:08.476Z,178799184847600
"""DK @ 6AN-TeA3Jk"" shows a 5♥, 5♠.",2026-08-29T08:24:04.470Z,178799184447001
"""wool ball @ Q4OMcL0rqd"" shows a Q♦, J♥.",2026-08-29T08:24:04.470Z,178799184447000
"Some players choose to not run it twice.",2026-08-29T08:24:03.650Z,178799184365001
"""wool ball @ Q4OMcL0rqd"" chooses to not run it twice.",2026-08-29T08:24:03.650Z,178799184365000
"""DK @ 6AN-TeA3Jk"" chooses to  run it twice.",2026-08-29T08:24:03.595Z,178799184359500
"Remaining players decide whether to run it twice.",2026-08-29T08:24:02.094Z,178799184209401
"""DK @ 6AN-TeA3Jk"" calls 865",2026-08-29T08:24:02.094Z,178799184209400
"""wool ball @ Q4OMcL0rqd"" raises to 865 and go all in",2026-08-29T08:23:44.793Z,178799182479300
"""DK @ 6AN-TeA3Jk"" raises to 367",2026-08-29T08:23:39.316Z,178799181931600
"""wool ball @ Q4OMcL0rqd"" bets 120",2026-08-29T08:23:31.743Z,178799181174300
"Flop:  [Q♣, 2♥, Q♠]",2026-08-29T08:23:27.184Z,178799180718400
"""DK @ 6AN-TeA3Jk"" calls 120",2026-08-29T08:23:26.332Z,178799180633200
"""wool ball @ Q4OMcL0rqd"" raises to 120",2026-08-29T08:23:24.919Z,178799180491900
"""gurt @ gpP9uUffpu"" folds",2026-08-29T08:23:21.950Z,178799180195000
"""Wizard of Ball @ L0mhqQt-8H"" folds",2026-08-29T08:23:18.538Z,178799179853800
"""DK @ 6AN-TeA3Jk"" raises to 40",2026-08-29T08:23:16.084Z,178799179608400
"""wool ball @ Q4OMcL0rqd"" calls 10",2026-08-29T08:23:12.933Z,178799179293300
"""gurt @ gpP9uUffpu"" posts a big blind of 10",2026-08-29T08:23:09.922Z,178799178992207
"""Wizard of Ball @ L0mhqQt-8H"" posts a small blind of 5",2026-08-29T08:23:09.922Z,178799178992206
"Player stacks: #2 ""gurt @ gpP9uUffpu"" (3157) | #3 ""wool ball @ Q4OMcL0rqd"" (985) | #8 ""DK @ 6AN-TeA3Jk"" (3748) | #9 ""Wizard of Ball @ L0mhqQt-8H"" (2037)",2026-08-29T08:23:09.922Z,178799178992201
"-- starting hand #203 (id: fpqg3mpaafuh)  No Limit Texas Hold'em (dealer: ""DK @ 6AN-TeA3Jk"") --",2026-08-29T08:23:09.922Z,178799178992200
"""DK @ 6AN-TeA3Jk"" shows a 3♣.",2026-08-29T08:23:06.187Z,178799178618700
"""DK @ 6AN-TeA3Jk"" shows a A♦.",2026-08-29T08:23:05.997Z,178799178599700
"-- ending hand #202 --",2026-08-29T08:23:03.328Z,178799178332802
"""wool ball @ Q4OMcL0rqd"" collected 660 from pot with Pair, A's (combination: 8♦, 10♦, K♥, A♥, A♠)",2026-08-29T08:23:03.328Z,178799178332801
"""wool ball @ Q4OMcL0rqd"" shows a A♥, K♥.",2026-08-29T08:23:03.328Z,178799178332800
"""Wizard of Ball @ L0mhqQt-8H"" calls 120",2026-08-29T08:23:02.494Z,178799178249400
"""wool ball @ Q4OMcL0rqd"" bets 120",2026-08-29T08:23:01.511Z,178799178151100
"""Wizard of Ball @ L0mhqQt-8H"" checks",2026-08-29T08:22:59.229Z,178799177922900
"River: 8♦, 7♥, 10♦, 4♦ [A♠]",2026-08-29T08:22:57.380Z,178799177738000
"""wool ball @ Q4OMcL0rqd"" checks",2026-08-29T08:22:56.545Z,178799177654500
"""Wizard of Ball @ L0mhqQt-8H"" checks",2026-08-29T08:22:54.098Z,178799177409800
"Turn: 8♦, 7♥, 10♦ [4♦]",2026-08-29T08:22:48.236Z,178799176823600
"""Wizard of Ball @ L0mhqQt-8H"" calls 150",2026-08-29T08:22:47.376Z,178799176737600
"""DK @ 6AN-TeA3Jk"" folds",2026-08-29T08:22:46.415Z,178799176641500
"""wool ball @ Q4OMcL0rqd"" raises to 150",2026-08-29T08:22:45.111Z,178799176511100
"""Wizard of Ball @ L0mhqQt-8H"" bets 50",2026-08-29T08:22:40.743Z,178799176074300
"""DK @ 6AN-TeA3Jk"" checks",2026-08-29T08:22:37.338Z,178799175733800
"Flop:  [8♦, 7♥, 10♦]",2026-08-29T08:22:31.167Z,178799175116700
"""Wizard of Ball @ L0mhqQt-8H"" calls 40",2026-08-29T08:22:30.297Z,178799175029700
"""DK @ 6AN-TeA3Jk"" calls 40",2026-08-29T08:22:25.496Z,178799174549600
"""wool ball @ Q4OMcL0rqd"" raises to 40",2026-08-29T08:22:23.679Z,178799174367900
"""gurt @ gpP9uUffpu"" folds",2026-08-29T08:22:20.397Z,178799174039700
"""Wizard of Ball @ L0mhqQt-8H"" posts a big blind of 10",2026-08-29T08:22:19.129Z,178799173912907
"""DK @ 6AN-TeA3Jk"" posts a small blind of 5",2026-08-29T08:22:19.129Z,178799173912906
"Player stacks: #2 ""gurt @ gpP9uUffpu"" (3157) | #3 ""wool ball @ Q4OMcL0rqd"" (635) | #8 ""DK @ 6AN-TeA3Jk"" (3788) | #9 ""Wizard of Ball @ L0mhqQt-8H"" (2347)",2026-08-29T08:22:19.129Z,178799173912901
"-- starting hand #202 (id: uotzzkpz9n3v)  No Limit Texas Hold'em (dealer: ""wool ball @ Q4OMcL0rqd"") --",2026-08-29T08:22:19.129Z,178799173912900
"""wool ball @ Q4OMcL0rqd"" shows a 5♦, 8♣.",2026-08-29T08:22:15.946Z,178799173594600
"""DK @ 6AN-TeA3Jk"" shows a 7♣, 2♠.",2026-08-29T08:22:11.328Z,178799173132800
"-- ending hand #201 --",2026-08-29T08:22:10.120Z,178799173012002
"""Wizard of Ball @ L0mhqQt-8H"" collected 1173 from pot with Two Pair, Q's & 9's on the second run  (combination: A♣, 9♠, 9♥, Q♦, Q♣)",2026-08-29T08:22:10.120Z,178799173012001
"""Wizard of Ball @ L0mhqQt-8H"" collected 1174 from pot with Two Pair, Q's & J's (combination: A♣, J♥, J♣, Q♦, Q♣)",2026-08-29T08:22:10.120Z,178799173012000
"River (second run): J♥, 9♠, Q♣, 9♥ [6♦]",2026-08-29T08:22:06.053Z,178799172605300
"Turn (second run): J♥, 9♠, Q♣ [9♥]",2026-08-29T08:22:02.011Z,178799172201100
"River: J♥, 9♠, Q♣, J♣ [8♠]",2026-08-29T08:21:57.991Z,178799171799100
"Turn: J♥, 9♠, Q♣ [J♣]",2026-08-29T08:21:53.921Z,178799171392100
"""Wizard of Ball @ L0mhqQt-8H"" shows a A♣, Q♦.",2026-08-29T08:21:49.881Z,178799170988100
"""gurt @ gpP9uUffpu"" shows a K♥, A♦.",2026-08-29T08:21:49.425Z,178799170942500
"All players in hand choose to run it twice.",2026-08-29T08:21:49.022Z,178799170902201
"""Wizard of Ball @ L0mhqQt-8H"" chooses to  run it twice.",2026-08-29T08:21:49.022Z,178799170902200
"""gurt @ gpP9uUffpu"" chooses to  run it twice.",2026-08-29T08:21:48.053Z,178799170805300
"Remaining players decide whether to run it twice.",2026-08-29T08:21:47.488Z,178799170748801
"""gurt @ gpP9uUffpu"" calls 451",2026-08-29T08:21:47.488Z,178799170748800
"""Wizard of Ball @ L0mhqQt-8H"" bets 451 and go all in",2026-08-29T08:21:46.582Z,178799170658200
"Flop:  [J♥, 9♠, Q♣]",2026-08-29T08:21:43.073Z,178799170307300
"""Wizard of Ball @ L0mhqQt-8H"" calls 640",2026-08-29T08:21:42.254Z,178799170225400
"""DK @ 6AN-TeA3Jk"" folds",2026-08-29T08:21:41.083Z,178799170108300
"""gurt @ gpP9uUffpu"" raises to 640",2026-08-29T08:21:39.185Z,178799169918500
"""Wizard of Ball @ L0mhqQt-8H"" calls 160",2026-08-29T08:21:34.958Z,178799169495800
"""DK @ 6AN-TeA3Jk"" raises to 160",2026-08-29T08:21:29.235Z,178799168923500
"""wool ball @ Q4OMcL0rqd"" folds",2026-08-29T08:21:21.246Z,178799168124600
"""gurt @ gpP9uUffpu"" raises to 80",2026-08-29T08:21:19.623Z,178799167962300
"""Wizard of Ball @ L0mhqQt-8H"" calls 10",2026-08-29T08:21:15.722Z,178799167572200
"""DK @ 6AN-TeA3Jk"" posts a big blind of 10",2026-08-29T08:21:13.775Z,178799167377507
"""wool ball @ Q4OMcL0rqd"" posts a small blind of 5",2026-08-29T08:21:13.775Z,178799167377506
"Your hand is K♥, A♦",2026-08-29T08:21:13.775Z,178799167377502
"Player stacks: #2 ""gurt @ gpP9uUffpu"" (4248) | #3 ""wool ball @ Q4OMcL0rqd"" (640) | #8 ""DK @ 6AN-TeA3Jk"" (3948) | #9 ""Wizard of Ball @ L0mhqQt-8H"" (1091)",2026-08-29T08:21:13.775Z,178799167377501
"-- starting hand #201 (id: hkgjtvsg5guq)  No Limit Texas Hold'em (dealer: ""gurt @ gpP9uUffpu"") --",2026-08-29T08:21:13.775Z,178799167377500
"Undealt cards: 4♥, 2♥, Q♠, 10♥ [5♥]",2026-08-29T08:21:08.295Z,178799166829500
"-- ending hand #200 --",2026-08-29T08:21:07.841Z,178799166784102
"""Wizard of Ball @ L0mhqQt-8H"" collected 640 from pot",2026-08-29T08:21:07.841Z,178799166784101
"Uncalled bet of 451 returned to ""Wizard of Ball @ L0mhqQt-8H""",2026-08-29T08:21:07.841Z,178799166784100
"""wool ball @ Q4OMcL0rqd"" folds",2026-08-29T08:21:06.984Z,178799166698400
"""Wizard of Ball @ L0mhqQt-8H"" bets 451 and go all in",2026-08-29T08:20:55.043Z,178799165504300
"""wool ball @ Q4OMcL0rqd"" checks",2026-08-29T08:20:52.347Z,178799165234700
"Turn: 4♥, 2♥, Q♠ [10♥]",2026-08-29T08:20:49.120Z,178799164912000
"""wool ball @ Q4OMcL0rqd"" calls 180",2026-08-29T08:20:48.246Z,178799164824600
"""gurt @ gpP9uUffpu"" folds",2026-08-29T08:20:46.318Z,178799164631800
"""Wizard of Ball @ L0mhqQt-8H"" raises to 180",2026-08-29T08:20:44.597Z,178799164459700
"""wool ball @ Q4OMcL0rqd"" bets 90",2026-08-29T08:20:38.294Z,178799163829400
"""gurt @ gpP9uUffpu"" checks",2026-08-29T08:20:33.924Z,178799163392400
"Flop:  [4♥, 2♥, Q♠]",2026-08-29T08:20:32.308Z,178799163230800
"""Wizard of Ball @ L0mhqQt-8H"" calls 90",2026-08-29T08:20:31.406Z,178799163140600
"""DK @ 6AN-TeA3Jk"" folds",2026-08-29T08:20:30.480Z,178799163048000
"""wool ball @ Q4OMcL0rqd"" calls 90",2026-08-29T08:20:28.851Z,178799162885100
"""gurt @ gpP9uUffpu"" raises to 90",2026-08-29T08:20:26.110Z,178799162611000
"""Wizard of Ball @ L0mhqQt-8H"" raises to 30",2026-08-29T08:20:22.562Z,178799162256200
"""DK @ 6AN-TeA3Jk"" calls 10",2026-08-29T08:20:20.179Z,178799162017900
"""wool ball @ Q4OMcL0rqd"" posts a big blind of 10",2026-08-29T08:20:10.147Z,178799161014707
"""gurt @ gpP9uUffpu"" posts a small blind of 5",2026-08-29T08:20:10.147Z,178799161014706
"Player stacks: #2 ""gurt @ gpP9uUffpu"" (4338) | #3 ""wool ball @ Q4OMcL0rqd"" (910) | #8 ""DK @ 6AN-TeA3Jk"" (3958) | #9 ""Wizard of Ball @ L0mhqQt-8H"" (721)",2026-08-29T08:20:10.147Z,178799161014701
"-- starting hand #200 (id: 3gakrxusdewz)  No Limit Texas Hold'em (dealer: ""Wizard of Ball @ L0mhqQt-8H"") --",2026-08-29T08:20:10.147Z,178799161014700
"""DK @ 6AN-TeA3Jk"" shows a 4♦.",2026-08-29T08:20:07.758Z,178799160775800
"-- ending hand #199 --",2026-08-29T08:20:06.526Z,178799160652602
"""DK @ 6AN-TeA3Jk"" collected 1520 from pot",2026-08-29T08:20:06.526Z,178799160652601
"Uncalled bet of 1200 returned to ""DK @ 6AN-TeA3Jk""",2026-08-29T08:20:06.526Z,178799160652600
"""gurt @ gpP9uUffpu"" folds",2026-08-29T08:20:05.698Z,178799160569800
"""DK @ 6AN-TeA3Jk"" bets 1200",2026-08-29T08:19:37.206Z,178799157720600
"""gurt @ gpP9uUffpu"" checks",2026-08-29T08:19:23.452Z,178799156345200
"River: 2♥, 3♦, K♥, 4♠ [9♦]",2026-08-29T08:19:21.530Z,178799156153000
"""gurt @ gpP9uUffpu"" calls 400",2026-08-29T08:19:20.697Z,178799156069700
"""DK @ 6AN-TeA3Jk"" bets 400",2026-08-29T08:19:18.192Z,178799155819200
"""gurt @ gpP9uUffpu"" checks",2026-08-29T08:19:07.705Z,178799154770500
"Turn: 2♥, 3♦, K♥ [4♠]",2026-08-29T08:19:06.233Z,178799154623300
"""wool ball @ Q4OMcL0rqd"" folds",2026-08-29T08:19:05.413Z,178799154541300
"""gurt @ gpP9uUffpu"" calls 180",2026-08-29T08:19:04.183Z,178799154418300
"""Wizard of Ball @ L0mhqQt-8H"" folds",2026-08-29T08:19:02.054Z,178799154205400
"""DK @ 6AN-TeA3Jk"" bets 180",2026-08-29T08:18:56.967Z,178799153696700
"""wool ball @ Q4OMcL0rqd"" checks",2026-08-29T08:18:53.751Z,178799153375100
"""gurt @ gpP9uUffpu"" checks",2026-08-29T08:18:52.518Z,178799153251800
"""Wizard of Ball @ L0mhqQt-8H"" checks",2026-08-29T08:18:50.910Z,178799153091000
"Flop:  [2♥, 3♦, K♥]",2026-08-29T08:18:47.970Z,178799152797000
"""DK @ 6AN-TeA3Jk"" calls 90",2026-08-29T08:18:47.147Z,178799152714700
"""wool ball @ Q4OMcL0rqd"" calls 90",2026-08-29T08:18:45.780Z,178799152578000
"""gurt @ gpP9uUffpu"" calls 90",2026-08-29T08:18:44.055Z,178799152405500
"""Wizard of Ball @ L0mhqQt-8H"" raises to 90",2026-08-29T08:18:43.074Z,178799152307400
"""DK @ 6AN-TeA3Jk"" calls 30",2026-08-29T08:18:40.615Z,178799152061500
"""wool ball @ Q4OMcL0rqd"" raises to 30",2026-08-29T08:18:38.895Z,178799151889500
"""gurt @ gpP9uUffpu"" posts a big blind of 10",2026-08-29T08:18:34.155Z,178799151415508
"""Wizard of Ball @ L0mhqQt-8H"" posts a small blind of 5",2026-08-29T08:18:34.155Z,178799151415507
"Player stacks: #2 ""gurt @ gpP9uUffpu"" (5008) | #3 ""wool ball @ Q4OMcL0rqd"" (1000) | #8 ""DK @ 6AN-TeA3Jk"" (3108) | #9 ""Wizard of Ball @ L0mhqQt-8H"" (811)",2026-08-29T08:18:34.155Z,178799151415502
"-- starting hand #199 (id: qmgusjzgbyba)  No Limit Texas Hold'em (dealer: ""DK @ 6AN-TeA3Jk"") --",2026-08-29T08:18:34.155Z,178799151415501
"The player ""wool ball @ Q4OMcL0rqd"" joined the game with a stack of 1000.",2026-08-29T08:18:34.155Z,178799151415500
"-- ending hand #198 --",2026-08-29T08:18:31.245Z,178799151124502
"""gurt @ gpP9uUffpu"" collected 600 from pot",2026-08-29T08:18:31.245Z,178799151124501
"Uncalled bet of 4408 returned to ""gurt @ gpP9uUffpu""",2026-08-29T08:18:31.245Z,178799151124500
"""Wizard of Ball @ L0mhqQt-8H"" folds",2026-08-29T08:18:30.428Z,178799151042800
"""gurt @ gpP9uUffpu"" bets 4408 and go all in",2026-08-29T08:18:29.391Z,178799150939100
"""Wizard of Ball @ L0mhqQt-8H"" checks",2026-08-29T08:18:26.785Z,178799150678500
"River: K♦, 6♥, 5♥, 2♠ [K♣]",2026-08-29T08:18:24.958Z,178799150495800
"""Wizard of Ball @ L0mhqQt-8H"" calls 150",2026-08-29T08:18:24.101Z,178799150410100
"""DK @ 6AN-TeA3Jk"" folds",2026-08-29T08:18:23.099Z,178799150309900
"""gurt @ gpP9uUffpu"" bets 150",2026-08-29T08:18:21.682Z,178799150168200
"""Wizard of Ball @ L0mhqQt-8H"" checks",2026-08-29T08:18:18.305Z,178799149830500
"""DK @ 6AN-TeA3Jk"" checks",2026-08-29T08:18:14.549Z,178799149454900
"Turn: K♦, 6♥, 5♥ [2♠]",2026-08-29T08:18:13.038Z,178799149303800
"""DK @ 6AN-TeA3Jk"" calls 70",2026-08-29T08:18:12.218Z,178799149221800
"""gurt @ gpP9uUffpu"" calls 70",2026-08-29T08:18:05.691Z,178799148569100
"""Wizard of Ball @ L0mhqQt-8H"" bets 70",2026-08-29T08:18:02.698Z,178799148269800
"""DK @ 6AN-TeA3Jk"" checks",2026-08-29T08:17:57.931Z,178799147793100
"The admin approved the player ""wool ball @ Q4OMcL0rqd"" participation with a stack of 1000.",2026-08-29T08:17:46.429Z,178799146642900
"The player ""wool ball @ Q4OMcL0rqd"" requested a seat.",2026-08-29T08:17:42.880Z,178799146288000
"Flop:  [K♦, 6♥, 5♥]",2026-08-29T08:17:40.696Z,178799146069600
"""Wizard of Ball @ L0mhqQt-8H"" calls 30",2026-08-29T08:17:39.867Z,178799145986700
"""DK @ 6AN-TeA3Jk"" calls 30",2026-08-29T08:17:38.956Z,178799145895600
"""gurt @ gpP9uUffpu"" raises to 30",2026-08-29T08:17:36.773Z,178799145677300
"""Wizard of Ball @ L0mhqQt-8H"" posts a big blind of 10",2026-08-29T08:17:33.691Z,178799145369106
"""DK @ 6AN-TeA3Jk"" posts a small blind of 5",2026-08-29T08:17:33.691Z,178799145369105
"Player stacks: #2 ""gurt @ gpP9uUffpu"" (4658) | #8 ""DK @ 6AN-TeA3Jk"" (3208) | #9 ""Wizard of Ball @ L0mhqQt-8H"" (1061)",2026-08-29T08:17:33.691Z,178799145369101
"-- starting hand #198 (id: 2jpamel4kfbv)  No Limit Texas Hold'em (dealer: ""gurt @ gpP9uUffpu"") --",2026-08-29T08:17:33.691Z,178799145369100
"""DK @ 6AN-TeA3Jk"" shows a 6♠.",2026-08-29T08:17:30.678Z,178799145067800
"Undealt cards: J♥, J♠, 8♠ [4♥, 3♥]",2026-08-29T08:17:27.499Z,178799144749900
"""gurt @ gpP9uUffpu"" shows a 2♠, 7♣.",2026-08-29T08:17:26.629Z,178799144662900
"-- ending hand #197 --",2026-08-29T08:17:26.291Z,178799144629102
"""DK @ 6AN-TeA3Jk"" collected 550 from pot",2026-08-29T08:17:26.291Z,178799144629101
"Uncalled bet of 550 returned to ""DK @ 6AN-TeA3Jk""",2026-08-29T08:17:26.291Z,178799144629100
"""gurt @ gpP9uUffpu"" folds",2026-08-29T08:17:25.470Z,178799144547000
"""DK @ 6AN-TeA3Jk"" raises to 775",2026-08-29T08:17:22.953Z,178799144295300
"""gurt @ gpP9uUffpu"" raises to 225",2026-08-29T08:17:14.678Z,178799143467800
"""DK @ 6AN-TeA3Jk"" bets 75",2026-08-29T08:17:12.356Z,178799143235600
"""gurt @ gpP9uUffpu"" checks",2026-08-29T08:17:08.166Z,178799142816600
"Flop:  [J♥, J♠, 8♠]",2026-08-29T08:17:04.748Z,178799142474800
"""DK @ 6AN-TeA3Jk"" calls 50",2026-08-29T08:17:03.895Z,178799142389500
"""gurt @ gpP9uUffpu"" raises to 50",2026-08-29T08:17:02.202Z,178799142220200
"""Wizard of Ball @ L0mhqQt-8H"" folds",2026-08-29T08:16:58.359Z,178799141835900
"""DK @ 6AN-TeA3Jk"" posts a big blind of 10",2026-08-29T08:16:56.937Z,178799141693706
"""gurt @ gpP9uUffpu"" posts a small blind of 5",2026-08-29T08:16:56.937Z,178799141693705
"Your hand is 2♠, 7♣",2026-08-29T08:16:56.937Z,178799141693702
"Player stacks: #2 ""gurt @ gpP9uUffpu"" (4933) | #8 ""DK @ 6AN-TeA3Jk"" (2933) | #9 ""Wizard of Ball @ L0mhqQt-8H"" (1061)",2026-08-29T08:16:56.937Z,178799141693701
"-- starting hand #197 (id: lldr2ui0zc12)  No Limit Texas Hold'em (dealer: ""Wizard of Ball @ L0mhqQt-8H"") --",2026-08-29T08:16:56.937Z,178799141693700
"""gurt @ gpP9uUffpu"" shows a 4♣, 2♦.",2026-08-29T08:16:53.358Z,178799141335800
"Undealt cards: 8♦, J♠, J♣ [Q♦, 8♠]",2026-08-29T08:16:52.238Z,178799141223800
"""DK @ 6AN-TeA3Jk"" shows a 3♣.",2026-08-29T08:16:51.469Z,178799141146900
"-- ending hand #196 --",2026-08-29T08:16:49.621Z,178799140962102
"""DK @ 6AN-TeA3Jk"" collected 105 from pot",2026-08-29T08:16:49.621Z,178799140962101
"Uncalled bet of 78 returned to ""DK @ 6AN-TeA3Jk""",2026-08-29T08:16:49.621Z,178799140962100
"""gurt @ gpP9uUffpu"" folds",2026-08-29T08:16:48.748Z,178799140874800
"""Wizard of Ball @ L0mhqQt-8H"" folds",2026-08-29T08:16:45.975Z,178799140597500
"""DK @ 6AN-TeA3Jk"" bets 78",2026-08-29T08:16:44.549Z,178799140454900
"""gurt @ gpP9uUffpu"" checks",2026-08-29T08:16:41.469Z,178799140146900
"""Wizard of Ball @ L0mhqQt-8H"" checks",2026-08-29T08:16:39.735Z,178799139973500
"Flop:  [8♦, J♠, J♣]",2026-08-29T08:16:36.067Z,178799139606700
"""gurt @ gpP9uUffpu"" calls 35",2026-08-29T08:16:35.226Z,178799139522600
"""Wizard of Ball @ L0mhqQt-8H"" calls 35",2026-08-29T08:16:34.292Z,178799139429200
"""DK @ 6AN-TeA3Jk"" raises to 35",2026-08-29T08:16:33.368Z,178799139336800
"""gurt @ gpP9uUffpu"" posts a big blind of 10",2026-08-29T08:16:30.912Z,178799139091206
"""Wizard of Ball @ L0mhqQt-8H"" posts a small blind of 5",2026-08-29T08:16:30.912Z,178799139091205
"Your hand is 4♣, 2♦",2026-08-29T08:16:30.912Z,178799139091202
"Player stacks: #2 ""gurt @ gpP9uUffpu"" (4968) | #8 ""DK @ 6AN-TeA3Jk"" (2863) | #9 ""Wizard of Ball @ L0mhqQt-8H"" (1096)",2026-08-29T08:16:30.912Z,178799139091201
"-- starting hand #196 (id: nhupruj46hq7)  No Limit Texas Hold'em (dealer: ""DK @ 6AN-TeA3Jk"") --",2026-08-29T08:16:30.912Z,178799139091200
"""DK @ 6AN-TeA3Jk"" shows a 7♣.",2026-08-29T08:16:27.854Z,178799138785400
"-- ending hand #195 --",2026-08-29T08:16:27.262Z,178799138726202
"""Wizard of Ball @ L0mhqQt-8H"" collected 205 from pot",2026-08-29T08:16:27.262Z,178799138726201
"Uncalled bet of 150 returned to ""Wizard of Ball @ L0mhqQt-8H""",2026-08-29T08:16:27.262Z,178799138726200
"""gurt @ gpP9uUffpu"" folds",2026-08-29T08:16:26.408Z,178799138640800
"""Wizard of Ball @ L0mhqQt-8H"" bets 150",2026-08-29T08:16:13.476Z,178799137347600
"River: J♥, 6♥, 9♣, 7♥ [7♦]",2026-08-29T08:16:09.159Z,178799136915900
"""gurt @ gpP9uUffpu"" checks",2026-08-29T08:16:08.343Z,178799136834300
"""Wizard of Ball @ L0mhqQt-8H"" checks",2026-08-29T08:16:07.386Z,178799136738600
"Turn: J♥, 6♥, 9♣ [7♥]",2026-08-29T08:16:05.759Z,178799136575900
"""gurt @ gpP9uUffpu"" calls 50",2026-08-29T08:16:04.942Z,178799136494200
"""Wizard of Ball @ L0mhqQt-8H"" bets 50",2026-08-29T08:16:03.999Z,178799136399900
"Flop:  [J♥, 6♥, 9♣]",2026-08-29T08:16:00.547Z,178799136054700
"""Wizard of Ball @ L0mhqQt-8H"" calls 50",2026-08-29T08:15:59.684Z,178799135968400
"""DK @ 6AN-TeA3Jk"" folds",2026-08-29T08:15:56.351Z,178799135635100
"""gurt @ gpP9uUffpu"" raises to 50",2026-08-29T08:15:54.870Z,178799135487000
"""Wizard of Ball @ L0mhqQt-8H"" posts a big blind of 10",2026-08-29T08:15:51.064Z,178799135106406
"""DK @ 6AN-TeA3Jk"" posts a small blind of 5",2026-08-29T08:15:51.064Z,178799135106405
"Player stacks: #2 ""gurt @ gpP9uUffpu"" (5068) | #8 ""DK @ 6AN-TeA3Jk"" (2868) | #9 ""Wizard of Ball @ L0mhqQt-8H"" (991)",2026-08-29T08:15:51.064Z,178799135106401
"-- starting hand #195 (id: wiqvbiloizcf)  No Limit Texas Hold'em (dead button) --",2026-08-29T08:15:51.064Z,178799135106400
"-- ending hand #194 --",2026-08-29T08:15:44.996Z,178799134499603
"""DK @ 6AN-TeA3Jk"" collected 400 from pot with Pair, Q's (combination: 6♥, J♥, K♥, Q♦, Q♣)",2026-08-29T08:15:44.996Z,178799134499602
"""DK @ 6AN-TeA3Jk"" shows a 3♠, Q♦.",2026-08-29T08:15:44.996Z,178799134499601
"""gurt @ gpP9uUffpu"" shows a J♠, 10♥.",2026-08-29T08:15:44.996Z,178799134499600
"""gurt @ gpP9uUffpu"" checks",2026-08-29T08:15:44.150Z,178799134415000
"""DK @ 6AN-TeA3Jk"" checks",2026-08-29T08:15:42.874Z,178799134287400
"River: J♥, 6♥, 2♣, Q♣ [K♥]",2026-08-29T08:15:38.647Z,178799133864700
"""gurt @ gpP9uUffpu"" calls 160",2026-08-29T08:15:37.801Z,178799133780100
"""DK @ 6AN-TeA3Jk"" raises to 160",2026-08-29T08:15:30.706Z,178799133070600
"""gurt @ gpP9uUffpu"" bets 40",2026-08-29T08:15:27.480Z,178799132748000
"""DK @ 6AN-TeA3Jk"" checks",2026-08-29T08:15:25.662Z,178799132566200
"Turn: J♥, 6♥, 2♣ [Q♣]",2026-08-29T08:15:23.191Z,178799132319100
"""gurt @ gpP9uUffpu"" checks",2026-08-29T08:15:22.369Z,178799132236900
"""DK @ 6AN-TeA3Jk"" checks",2026-08-29T08:15:21.270Z,178799132127000
"Flop:  [J♥, 6♥, 2♣]",2026-08-29T08:15:18.103Z,178799131810300
"""DK @ 6AN-TeA3Jk"" calls 40",2026-08-29T08:15:17.272Z,178799131727200
"""gurt @ gpP9uUffpu"" raises to 40",2026-08-29T08:15:15.332Z,178799131533200
"""Wizard of Ball @ L0mhqQt-8H"" folds",2026-08-29T08:15:11.941Z,178799131194100
"""DK @ 6AN-TeA3Jk"" posts a big blind of 10",2026-08-29T08:15:10.353Z,178799131035307
"Dead Small Blind",2026-08-29T08:15:10.353Z,178799131035306
"Your hand is J♠, 10♥",2026-08-29T08:15:10.353Z,178799131035303
"Player stacks: #2 ""gurt @ gpP9uUffpu"" (5268) | #8 ""DK @ 6AN-TeA3Jk"" (2668) | #9 ""Wizard of Ball @ L0mhqQt-8H"" (991)",2026-08-29T08:15:10.353Z,178799131035302
"-- starting hand #194 (id: txqlak33sogi)  No Limit Texas Hold'em (dealer: ""gurt @ gpP9uUffpu"") --",2026-08-29T08:15:10.353Z,178799131035301
"The player ""wool ball @ Q4OMcL0rqd"" quits the game with a stack of 0.",2026-08-29T08:15:10.353Z,178799131035300
"-- ending hand #193 --",2026-08-29T08:15:04.294Z,178799130429401
"""gurt @ gpP9uUffpu"" collected 1795 from pot with Two Pair, A's & 8's (combination: Q♦, 8♥, 8♣, A♦, A♠)",2026-08-29T08:15:04.294Z,178799130429400
"River: 8♥, 8♣, A♠, 3♥ [10♥]",2026-08-29T08:15:00.248Z,178799130024800
"Turn: 8♥, 8♣, A♠ [3♥]",2026-08-29T08:14:56.220Z,178799129622000
"""wool ball @ Q4OMcL0rqd"" shows a K♠, J♦.",2026-08-29T08:14:52.173Z,178799129217300
"""gurt @ gpP9uUffpu"" shows a A♦, Q♦.",2026-08-29T08:14:52.044Z,178799129204400
"Some players choose to not run it twice.",2026-08-29T08:14:51.352Z,178799129135201
"""wool ball @ Q4OMcL0rqd"" chooses to not run it twice.",2026-08-29T08:14:51.352Z,178799129135200
"Remaining players decide whether to run it twice.",2026-08-29T08:14:50.241Z,178799129024101
"""wool ball @ Q4OMcL0rqd"" calls 695 and go all in",2026-08-29T08:14:50.241Z,178799129024100
"""gurt @ gpP9uUffpu"" raises to 695",2026-08-29T08:14:47.922Z,178799128792200
"""DK @ 6AN-TeA3Jk"" folds",2026-08-29T08:14:44.458Z,178799128445800
"""wool ball @ Q4OMcL0rqd"" bets 200",2026-08-29T08:14:43.275Z,178799128327500
"""gurt @ gpP9uUffpu"" checks",2026-08-29T08:14:40.671Z,178799128067100
"Flop:  [8♥, 8♣, A♠]",2026-08-29T08:14:38.661Z,178799127866100
"""DK @ 6AN-TeA3Jk"" calls 135",2026-08-29T08:14:37.828Z,178799127782800
"""wool ball @ Q4OMcL0rqd"" calls 135",2026-08-29T08:14:36.622Z,178799127662200
"""gurt @ gpP9uUffpu"" raises to 135",2026-08-29T08:14:33.388Z,178799127338800
"""Wizard of Ball @ L0mhqQt-8H"" folds",2026-08-29T08:14:30.787Z,178799127078700
"""DK @ 6AN-TeA3Jk"" raises to 45",2026-08-29T08:14:29.859Z,178799126985900
"""wool ball @ Q4OMcL0rqd"" posts a big blind of 10",2026-08-29T08:14:25.890Z,178799126589008
"""gurt @ gpP9uUffpu"" posts a small blind of 5",2026-08-29T08:14:25.890Z,178799126589007
"Your hand is A♦, Q♦",2026-08-29T08:14:25.890Z,178799126589003
"Player stacks: #2 ""gurt @ gpP9uUffpu"" (4303) | #3 ""wool ball @ Q4OMcL0rqd"" (830) | #8 ""DK @ 6AN-TeA3Jk"" (2803) | #9 ""Wizard of Ball @ L0mhqQt-8H"" (991)",2026-08-29T08:14:25.890Z,178799126589002
"-- starting hand #193 (id: tu5peohuejpf)  No Limit Texas Hold'em (dealer: ""Wizard of Ball @ L0mhqQt-8H"") --",2026-08-29T08:14:25.890Z,178799126589001
"The admin updated the player ""wool ball @ Q4OMcL0rqd"" stack from 1830 to 830.",2026-08-29T08:14:25.890Z,178799126589000
"""DK @ 6AN-TeA3Jk"" shows a 5♠, 7♥.",2026-08-29T08:14:20.379Z,178799126037900
"Undealt cards: J♠, Q♠, 2♦, 2♥ [4♦]",2026-08-29T08:14:19.898Z,178799125989800
"-- ending hand #192 --",2026-08-29T08:14:19.254Z,178799125925402
"""DK @ 6AN-TeA3Jk"" collected 411 from pot",2026-08-29T08:14:19.254Z,178799125925401
"Uncalled bet of 205 returned to ""DK @ 6AN-TeA3Jk""",2026-08-29T08:14:19.254Z,178799125925400
"""gurt @ gpP9uUffpu"" folds",2026-08-29T08:14:18.410Z,178799125841000
"""DK @ 6AN-TeA3Jk"" bets 205",2026-08-29T08:14:03.985Z,178799124398500
"""gurt @ gpP9uUffpu"" checks",2026-08-29T08:13:58.590Z,178799123859000
"Turn: J♠, Q♠, 2♦ [2♥]",2026-08-29T08:13:57.387Z,178799123738700
"""gurt @ gpP9uUffpu"" calls 137",2026-08-29T08:13:56.555Z,178799123655500
"""DK @ 6AN-TeA3Jk"" bets 137",2026-08-29T08:13:51.610Z,178799123161000
"""gurt @ gpP9uUffpu"" checks",2026-08-29T08:13:43.498Z,178799122349800
"Flop:  [J♠, Q♠, 2♦]",2026-08-29T08:13:36.970Z,178799121697000
"""DK @ 6AN-TeA3Jk"" calls 66",2026-08-29T08:13:36.157Z,178799121615700
"""gurt @ gpP9uUffpu"" raises to 66",2026-08-29T08:13:27.258Z,178799120725800
"""Wizard of Ball @ L0mhqQt-8H"" folds",2026-08-29T08:13:22.324Z,178799120232400
"WARNING: the admin queued the stack change for the player ""wool ball @ Q4OMcL0rqd"" removing 1000 chips in the next hand.",2026-08-29T08:13:15.881Z,178799119588100
"""DK @ 6AN-TeA3Jk"" raises to 35",2026-08-29T08:13:10.209Z,178799119020900
"""wool ball @ Q4OMcL0rqd"" folds",2026-08-29T08:13:07.449Z,178799118744900
"""gurt @ gpP9uUffpu"" posts a big blind of 10",2026-08-29T08:13:04.805Z,178799118480507
"""Wizard of Ball @ L0mhqQt-8H"" posts a small blind of 5",2026-08-29T08:13:04.805Z,178799118480506
"Player stacks: #2 ""gurt @ gpP9uUffpu"" (4506) | #3 ""wool ball @ Q4OMcL0rqd"" (1830) | #8 ""DK @ 6AN-TeA3Jk"" (2595) | #9 ""Wizard of Ball @ L0mhqQt-8H"" (996)",2026-08-29T08:13:04.805Z,178799118480501
"-- starting hand #192 (id: clpyss6chtnb)  No Limit Texas Hold'em (dealer: ""DK @ 6AN-TeA3Jk"") --",2026-08-29T08:13:04.805Z,178799118480500
"-- ending hand #191 --",2026-08-29T08:12:58.762Z,178799117876203
"""gurt @ gpP9uUffpu"" collected 705 from pot with Two Pair, 3's & 2's (combination: K♣, 2♥, 2♠, 3♣, 3♦)",2026-08-29T08:12:58.762Z,178799117876202
"""gurt @ gpP9uUffpu"" shows a K♣, 3♣.",2026-08-29T08:12:58.762Z,178799117876201
"""Wizard of Ball @ L0mhqQt-8H"" shows a 3♠, J♠.",2026-08-29T08:12:58.762Z,178799117876200
"""gurt @ gpP9uUffpu"" checks",2026-08-29T08:12:57.945Z,178799117794500
"""Wizard of Ball @ L0mhqQt-8H"" checks",2026-08-29T08:12:56.968Z,178799117696800
"River: 2♥, 3♦, 2♠, 6♣ [4♦]",2026-08-29T08:12:55.806Z,178799117580600
"""gurt @ gpP9uUffpu"" calls 250",2026-08-29T08:12:54.967Z,178799117496700
"""Wizard of Ball @ L0mhqQt-8H"" bets 250",2026-08-29T08:12:53.918Z,178799117391800
"Turn: 2♥, 3♦, 2♠ [6♣]",2026-08-29T08:12:50.335Z,178799117033500
"""gurt @ gpP9uUffpu"" calls 50",2026-08-29T08:12:49.491Z,178799116949100
"""Wizard of Ball @ L0mhqQt-8H"" bets 50",2026-08-29T08:12:44.770Z,178799116477000
"Flop:  [2♥, 3♦, 2♠]",2026-08-29T08:12:41.136Z,178799116113600
"""Wizard of Ball @ L0mhqQt-8H"" calls 50",2026-08-29T08:12:40.322Z,178799116032200
"""DK @ 6AN-TeA3Jk"" folds",2026-08-29T08:12:39.394Z,178799115939400
"""wool ball @ Q4OMcL0rqd"" folds",2026-08-29T08:12:35.831Z,178799115583100
"""gurt @ gpP9uUffpu"" raises to 50",2026-08-29T08:12:33.427Z,178799115342700
"""Wizard of Ball @ L0mhqQt-8H"" posts a big blind of 10",2026-08-29T08:12:31.659Z,178799115165907
"""DK @ 6AN-TeA3Jk"" posts a small blind of 5",2026-08-29T08:12:31.659Z,178799115165906
"Your hand is K♣, 3♣",2026-08-29T08:12:31.659Z,178799115165902
"Player stacks: #2 ""gurt @ gpP9uUffpu"" (4151) | #3 ""wool ball @ Q4OMcL0rqd"" (1830) | #8 ""DK @ 6AN-TeA3Jk"" (2600) | #9 ""Wizard of Ball @ L0mhqQt-8H"" (1346)",2026-08-29T08:12:31.659Z,178799115165901
"-- starting hand #191 (id: i0yx8akomul4)  No Limit Texas Hold'em (dealer: ""wool ball @ Q4OMcL0rqd"") --",2026-08-29T08:12:31.659Z,178799115165900
"""gurt @ gpP9uUffpu"" shows a 7♠, 2♠.",2026-08-29T08:12:30.071Z,178799115007100
"Undealt cards: 4♦, 10♦, 2♥, K♦ [2♦]",2026-08-29T08:12:26.509Z,178799114650900
"-- ending hand #190 --",2026-08-29T08:12:25.052Z,178799114505202
"""DK @ 6AN-TeA3Jk"" collected 480 from pot",2026-08-29T08:12:25.052Z,178799114505201
"Uncalled bet of 360 returned to ""DK @ 6AN-TeA3Jk""",2026-08-29T08:12:25.052Z,178799114505200
"""wool ball @ Q4OMcL0rqd"" folds",2026-08-29T08:12:24.187Z,178799114418700
"""DK @ 6AN-TeA3Jk"" bets 360",2026-08-29T08:12:13.342Z,178799113334200
"""wool ball @ Q4OMcL0rqd"" checks",2026-08-29T08:11:58.045Z,178799111804500
"Turn: 4♦, 10♦, 2♥ [K♦]",2026-08-29T08:11:55.097Z,178799111509700
"""wool ball @ Q4OMcL0rqd"" calls 180",2026-08-29T08:11:54.278Z,178799111427800
"""gurt @ gpP9uUffpu"" folds",2026-08-29T08:11:51.280Z,178799111128000
"""DK @ 6AN-TeA3Jk"" raises to 180",2026-08-29T08:11:50.224Z,178799111022400
"""wool ball @ Q4OMcL0rqd"" bets 60",2026-08-29T08:11:46.295Z,178799110629500
"Flop:  [4♦, 10♦, 2♥]",2026-08-29T08:11:41.339Z,178799110133900
"""DK @ 6AN-TeA3Jk"" calls 40",2026-08-29T08:11:40.492Z,178799110049200
"""wool ball @ Q4OMcL0rqd"" calls 40",2026-08-29T08:11:39.263Z,178799109926300
"""gurt @ gpP9uUffpu"" raises to 40",2026-08-29T08:11:35.490Z,178799109549000
"""Wizard of Ball @ L0mhqQt-8H"" folds",2026-08-29T08:11:31.038Z,178799109103800
"""DK @ 6AN-TeA3Jk"" posts a big blind of 10",2026-08-29T08:11:29.901Z,178799108990107
"""wool ball @ Q4OMcL0rqd"" posts a small blind of 5",2026-08-29T08:11:29.901Z,178799108990106
"Your hand is 7♠, 2♠",2026-08-29T08:11:29.901Z,178799108990102
"Player stacks: #2 ""gurt @ gpP9uUffpu"" (4191) | #3 ""wool ball @ Q4OMcL0rqd"" (2050) | #8 ""DK @ 6AN-TeA3Jk"" (2340) | #9 ""Wizard of Ball @ L0mhqQt-8H"" (1346)",2026-08-29T08:11:29.901Z,178799108990101
"-- starting hand #190 (id: dg1kyem5wifm)  No Limit Texas Hold'em (dealer: ""gurt @ gpP9uUffpu"") --",2026-08-29T08:11:29.901Z,178799108990100
"-- ending hand #189 --",2026-08-29T08:11:23.895Z,178799108389501
"""wool ball @ Q4OMcL0rqd"" collected 2050 from pot with Pair, 9's (combination: 8♣, 10♣, A♥, 9♠, 9♥)",2026-08-29T08:11:23.895Z,178799108389500
"River: 3♦, A♥, 9♥, 10♣ [2♣]",2026-08-29T08:11:19.892Z,178799107989200
"Turn: 3♦, A♥, 9♥ [10♣]",2026-08-29T08:11:15.890Z,178799107589000
"""wool ball @ Q4OMcL0rqd"" shows a 8♣, 9♠.",2026-08-29T08:11:11.864Z,178799107186401
"Uncalled bet of 805 returned to ""gurt @ gpP9uUffpu""",2026-08-29T08:11:11.864Z,178799107186400
"""gurt @ gpP9uUffpu"" shows a 7♠, 5♠.",2026-08-29T08:11:11.674Z,178799107167400
"Some players choose to not run it twice.",2026-08-29T08:11:11.040Z,178799107104001
"""wool ball @ Q4OMcL0rqd"" chooses to not run it twice.",2026-08-29T08:11:11.040Z,178799107104000
"""gurt @ gpP9uUffpu"" chooses to  run it twice.",2026-08-29T08:11:10.742Z,178799107074200
"Remaining players decide whether to run it twice.",2026-08-29T08:11:09.511Z,178799106951101
"""wool ball @ Q4OMcL0rqd"" calls 955 and go all in",2026-08-29T08:11:09.511Z,178799106951100
"""gurt @ gpP9uUffpu"" raises to 1760",2026-08-29T08:11:08.077Z,178799106807700
"""wool ball @ Q4OMcL0rqd"" raises to 540",2026-08-29T08:11:04.729Z,178799106472900
"""gurt @ gpP9uUffpu"" raises to 210",2026-08-29T08:10:57.597Z,178799105759700
"""Wizard of Ball @ L0mhqQt-8H"" folds",2026-08-29T08:10:54.801Z,178799105480100
"""DK @ 6AN-TeA3Jk"" folds",2026-08-29T08:10:52.595Z,178799105259500
"""wool ball @ Q4OMcL0rqd"" bets 70",2026-08-29T08:10:50.496Z,178799105049600
"""gurt @ gpP9uUffpu"" checks",2026-08-29T08:10:44.674Z,178799104467400
"Flop:  [3♦, A♥, 9♥]",2026-08-29T08:10:43.567Z,178799104356700
"""wool ball @ Q4OMcL0rqd"" calls 35",2026-08-29T08:10:42.737Z,178799104273700
"""gurt @ gpP9uUffpu"" calls 35",2026-08-29T08:10:41.073Z,178799104107300
"""Wizard of Ball @ L0mhqQt-8H"" calls 35",2026-08-29T08:10:39.902Z,178799103990200
"""DK @ 6AN-TeA3Jk"" raises to 35",2026-08-29T08:10:38.956Z,178799103895600
"""wool ball @ Q4OMcL0rqd"" posts a big blind of 10",2026-08-29T08:10:36.153Z,178799103615307
"""gurt @ gpP9uUffpu"" posts a small blind of 5",2026-08-29T08:10:36.153Z,178799103615306
"Your hand is 7♠, 5♠",2026-08-29T08:10:36.153Z,178799103615302
"Player stacks: #2 ""gurt @ gpP9uUffpu"" (5181) | #3 ""wool ball @ Q4OMcL0rqd"" (990) | #8 ""DK @ 6AN-TeA3Jk"" (2375) | #9 ""Wizard of Ball @ L0mhqQt-8H"" (1381)",2026-08-29T08:10:36.153Z,178799103615301
"-- starting hand #189 (id: 1bvnvlwq8k4t)  No Limit Texas Hold'em (dealer: ""Wizard of Ball @ L0mhqQt-8H"") --",2026-08-29T08:10:36.153Z,178799103615300
"Undealt cards:  [J♠, Q♠, 3♣, 3♠, 9♠]",2026-08-29T08:10:30.365Z,178799103036500
"-- ending hand #188 --",2026-08-29T08:10:30.150Z,178799103015002
"""gurt @ gpP9uUffpu"" collected 35 from pot",2026-08-29T08:10:30.150Z,178799103015001
"Uncalled bet of 70 returned to ""gurt @ gpP9uUffpu""",2026-08-29T08:10:30.150Z,178799103015000
"""DK @ 6AN-TeA3Jk"" folds",2026-08-29T08:10:29.251Z,178799102925100
"""wool ball @ Q4OMcL0rqd"" folds",2026-08-29T08:10:28.292Z,178799102829200
"""gurt @ gpP9uUffpu"" raises to 80",2026-08-29T08:10:23.904Z,178799102390400
"""Wizard of Ball @ L0mhqQt-8H"" folds",2026-08-29T08:10:21.283Z,178799102128300
"""DK @ 6AN-TeA3Jk"" calls 10",2026-08-29T08:10:20.326Z,178799102032600
"""wool ball @ Q4OMcL0rqd"" calls 10",2026-08-29T08:10:14.179Z,178799101417900
"""gurt @ gpP9uUffpu"" posts a big blind of 10",2026-08-29T08:10:10.147Z,178799101014708
"""Wizard of Ball @ L0mhqQt-8H"" posts a small blind of 5",2026-08-29T08:10:10.147Z,178799101014707
"Player stacks: #2 ""gurt @ gpP9uUffpu"" (5156) | #3 ""wool ball @ Q4OMcL0rqd"" (1000) | #8 ""DK @ 6AN-TeA3Jk"" (2385) | #9 ""Wizard of Ball @ L0mhqQt-8H"" (1386)",2026-08-29T08:10:10.147Z,178799101014702
"-- starting hand #188 (id: mtzrqyvbtqex)  No Limit Texas Hold'em (dealer: ""DK @ 6AN-TeA3Jk"") --",2026-08-29T08:10:10.147Z,178799101014701
"The player ""wool ball @ Q4OMcL0rqd"" joined the game with a stack of 1000.",2026-08-29T08:10:10.147Z,178799101014700
"-- ending hand #187 --",2026-08-29T08:10:04.137Z,178799100413702
"""gurt @ gpP9uUffpu"" collected 1120 from pot with Straight, 5 High (combination: A♥, 2♠, 3♠, 4♣, 5♦)",2026-08-29T08:10:04.137Z,178799100413701
"""gurt @ gpP9uUffpu"" shows a A♥, 5♦.",2026-08-29T08:10:04.137Z,178799100413700
"""DK @ 6AN-TeA3Jk"" calls 210",2026-08-29T08:10:03.287Z,178799100328700
"The admin approved the player ""wool ball @ Q4OMcL0rqd"" participation with a stack of 1000.",2026-08-29T08:09:51.525Z,178799099152500
"""gurt @ gpP9uUffpu"" bets 210",2026-08-29T08:09:45.088Z,178799098508800
"The player ""wool ball @ Q4OMcL0rqd"" requested a seat.",2026-08-29T08:09:43.617Z,178799098361700
"""DK @ 6AN-TeA3Jk"" checks",2026-08-29T08:09:36.822Z,178799097682200
"River: 4♣, Q♥, 3♠, 2♠ [J♣]",2026-08-29T08:09:34.265Z,178799097426500
"""gurt @ gpP9uUffpu"" calls 265",2026-08-29T08:09:33.450Z,178799097345000
"""DK @ 6AN-TeA3Jk"" raises to 265",2026-08-29T08:09:21.724Z,178799096172400
"""gurt @ gpP9uUffpu"" bets 90",2026-08-29T08:09:16.693Z,178799095669300
"""DK @ 6AN-TeA3Jk"" checks",2026-08-29T08:09:12.086Z,178799095208600
"Turn: 4♣, Q♥, 3♠ [2♠]",2026-08-29T08:09:09.818Z,178799094981800
"""DK @ 6AN-TeA3Jk"" calls 30",2026-08-29T08:09:08.967Z,178799094896700
"""gurt @ gpP9uUffpu"" bets 30",2026-08-29T08:09:07.411Z,178799094741100
"""DK @ 6AN-TeA3Jk"" checks",2026-08-29T08:09:04.075Z,178799094407500
"Flop:  [4♣, Q♥, 3♠]",2026-08-29T08:09:02.197Z,178799094219700
"""Wizard of Ball @ L0mhqQt-8H"" folds",2026-08-29T08:09:01.311Z,178799094131100
"""DK @ 6AN-TeA3Jk"" calls 50",2026-08-29T08:09:00.285Z,178799094028500
"""gurt @ gpP9uUffpu"" raises to 50",2026-08-29T08:08:58.611Z,178799093861100
"""Wizard of Ball @ L0mhqQt-8H"" posts a big blind of 10",2026-08-29T08:08:56.601Z,178799093660106
"""DK @ 6AN-TeA3Jk"" posts a small blind of 5",2026-08-29T08:08:56.601Z,178799093660105
"Your hand is A♥, 5♦",2026-08-29T08:08:56.601Z,178799093660102
"Player stacks: #2 ""gurt @ gpP9uUffpu"" (4591) | #8 ""DK @ 6AN-TeA3Jk"" (2940) | #9 ""Wizard of Ball @ L0mhqQt-8H"" (1396)",2026-08-29T08:08:56.601Z,178799093660101
"-- starting hand #187 (id: ddsuncenfdin)  No Limit Texas Hold'em (dealer: ""gurt @ gpP9uUffpu"") --",2026-08-29T08:08:56.601Z,178799093660100
"-- ending hand #186 --",2026-08-29T08:08:50.574Z,178799093057402
"""gurt @ gpP9uUffpu"" collected 100 from pot with A High (combination: 5♣, 8♣, J♣, K♦, A♥)",2026-08-29T08:08:50.574Z,178799093057401
"""gurt @ gpP9uUffpu"" shows a K♦, 8♣.",2026-08-29T08:08:50.574Z,178799093057400
"""DK @ 6AN-TeA3Jk"" checks",2026-08-29T08:08:49.663Z,178799092966300
"""gurt @ gpP9uUffpu"" checks",2026-08-29T08:08:48.465Z,178799092846500
"River: 3♣, J♣, A♥, 2♠ [5♣]",2026-08-29T08:08:44.564Z,178799092456400
"""DK @ 6AN-TeA3Jk"" checks",2026-08-29T08:08:43.708Z,178799092370800
"""gurt @ gpP9uUffpu"" checks",2026-08-29T08:08:41.148Z,178799092114800
"Turn: 3♣, J♣, A♥ [2♠]",2026-08-29T08:08:35.974Z,178799091597400
"""DK @ 6AN-TeA3Jk"" checks",2026-08-29T08:08:35.161Z,178799091516100
"""gurt @ gpP9uUffpu"" checks",2026-08-29T08:08:31.695Z,178799091169500
"Flop:  [3♣, J♣, A♥]",2026-08-29T08:08:30.216Z,178799091021600
"""DK @ 6AN-TeA3Jk"" calls 50",2026-08-29T08:08:29.393Z,178799090939300
"""gurt @ gpP9uUffpu"" raises to 50",2026-08-29T08:08:27.574Z,178799090757400
"""Wizard of Ball @ L0mhqQt-8H"" folds",2026-08-29T08:08:25.418Z,178799090541800
"""DK @ 6AN-TeA3Jk"" posts a big blind of 10",2026-08-29T08:08:24.141Z,178799090414106
"""gurt @ gpP9uUffpu"" posts a small blind of 5",2026-08-29T08:08:24.141Z,178799090414105
"Your hand is K♦, 8♣",2026-08-29T08:08:24.141Z,178799090414102
"Player stacks: #2 ""gurt @ gpP9uUffpu"" (4541) | #8 ""DK @ 6AN-TeA3Jk"" (2990) | #9 ""Wizard of Ball @ L0mhqQt-8H"" (1396)",2026-08-29T08:08:24.141Z,178799090414101
"-- starting hand #186 (id: nwkji9h1rea6)  No Limit Texas Hold'em (dealer: ""Wizard of Ball @ L0mhqQt-8H"") --",2026-08-29T08:08:24.141Z,178799090414100
"""DK @ 6AN-TeA3Jk"" shows a 8♣.",2026-08-29T08:08:19.471Z,178799089947100
"Undealt cards: A♣, 3♦, J♣, Q♣ [8♦]",2026-08-29T08:08:17.584Z,178799089758400
"-- ending hand #185 --",2026-08-29T08:08:17.410Z,178799089741002
"""DK @ 6AN-TeA3Jk"" collected 135 from pot",2026-08-29T08:08:17.410Z,178799089741001
"Uncalled bet of 101 returned to ""DK @ 6AN-TeA3Jk""",2026-08-29T08:08:17.410Z,178799089741000
"""gurt @ gpP9uUffpu"" folds",2026-08-29T08:08:16.585Z,178799089658500
"""DK @ 6AN-TeA3Jk"" raises to 131",2026-08-29T08:08:14.603Z,178799089460300
"""gurt @ gpP9uUffpu"" bets 30",2026-08-29T08:08:11.084Z,178799089108400
"Turn: A♣, 3♦, J♣ [Q♣]",2026-08-29T08:08:07.803Z,178799088780300
"""DK @ 6AN-TeA3Jk"" checks",2026-08-29T08:08:06.957Z,178799088695700
"""gurt @ gpP9uUffpu"" checks",2026-08-29T08:08:04.755Z,178799088475500
"Flop:  [A♣, 3♦, J♣]",2026-08-29T08:08:02.908Z,178799088290800
"""gurt @ gpP9uUffpu"" calls 35",2026-08-29T08:08:02.027Z,178799088202700
"""Wizard of Ball @ L0mhqQt-8H"" folds",2026-08-29T08:07:57.736Z,178799087773600
"""DK @ 6AN-TeA3Jk"" raises to 35",2026-08-29T08:07:54.967Z,178799087496700
"""gurt @ gpP9uUffpu"" posts a big blind of 10",2026-08-29T08:07:47.120Z,178799086712006
"""Wizard of Ball @ L0mhqQt-8H"" posts a small blind of 5",2026-08-29T08:07:47.120Z,178799086712005
"Player stacks: #2 ""gurt @ gpP9uUffpu"" (4606) | #8 ""DK @ 6AN-TeA3Jk"" (2920) | #9 ""Wizard of Ball @ L0mhqQt-8H"" (1401)",2026-08-29T08:07:47.120Z,178799086712001
"-- starting hand #185 (id: gbsriu5i2mhn)  No Limit Texas Hold'em (dealer: ""DK @ 6AN-TeA3Jk"") --",2026-08-29T08:07:47.120Z,178799086712000
"-- ending hand #184 --",2026-08-29T08:07:41.115Z,178799086111503
"""DK @ 6AN-TeA3Jk"" collected 850 from pot with Two Pair, 10's & 3's (combination: 7♠, 3♦, 3♥, 10♦, 10♣)",2026-08-29T08:07:41.115Z,178799086111502
"""DK @ 6AN-TeA3Jk"" shows a 10♦, 10♣.",2026-08-29T08:07:41.115Z,178799086111501
"""gurt @ gpP9uUffpu"" shows a 9♥, 8♠.",2026-08-29T08:07:41.115Z,178799086111500
"""DK @ 6AN-TeA3Jk"" calls 300",2026-08-29T08:07:40.281Z,178799086028100
"""gurt @ gpP9uUffpu"" raises to 300",2026-08-29T08:07:31.841Z,178799085184100
"""DK @ 6AN-TeA3Jk"" bets 125",2026-08-29T08:07:29.450Z,178799084945000
"River: 5♦, 4♥, 3♦, 3♥ [7♠]",2026-08-29T08:07:25.858Z,178799084585800
"""gurt @ gpP9uUffpu"" checks",2026-08-29T08:07:24.994Z,178799084499400
"""DK @ 6AN-TeA3Jk"" checks",2026-08-29T08:07:24.074Z,178799084407400
"Turn: 5♦, 4♥, 3♦ [3♥]",2026-08-29T08:07:22.297Z,178799084229700
"""gurt @ gpP9uUffpu"" checks",2026-08-29T08:07:21.475Z,178799084147500
"""DK @ 6AN-TeA3Jk"" checks",2026-08-29T08:07:18.922Z,178799083892200
"Flop:  [5♦, 4♥, 3♦]",2026-08-29T08:07:16.739Z,178799083673900
"""gurt @ gpP9uUffpu"" calls 120",2026-08-29T08:07:15.910Z,178799083591000
"""Wizard of Ball @ L0mhqQt-8H"" folds",2026-08-29T08:07:14.166Z,178799083416600
"""DK @ 6AN-TeA3Jk"" raises to 120",2026-08-29T08:07:12.631Z,178799083263100
"""gurt @ gpP9uUffpu"" raises to 40",2026-08-29T08:07:07.656Z,178799082765600
"""Wizard of Ball @ L0mhqQt-8H"" posts a big blind of 10",2026-08-29T08:07:05.936Z,178799082593606
"""DK @ 6AN-TeA3Jk"" posts a small blind of 5",2026-08-29T08:07:05.936Z,178799082593605
"Your hand is 9♥, 8♠",2026-08-29T08:07:05.936Z,178799082593602
"Player stacks: #2 ""gurt @ gpP9uUffpu"" (5026) | #8 ""DK @ 6AN-TeA3Jk"" (2490) | #9 ""Wizard of Ball @ L0mhqQt-8H"" (1411)",2026-08-29T08:07:05.936Z,178799082593601
"-- starting hand #184 (id: 35quoagaqzq6)  No Limit Texas Hold'em (dealer: ""gurt @ gpP9uUffpu"") --",2026-08-29T08:07:05.936Z,178799082593600
"-- ending hand #183 --",2026-08-29T08:06:59.887Z,178799081988703
"""Wizard of Ball @ L0mhqQt-8H"" shows a 5♣, 3♣.",2026-08-29T08:06:59.887Z,178799081988702
"""DK @ 6AN-TeA3Jk"" collected 2490 from pot with Straight, A High (combination: 10♠, J♥, Q♥, K♠, A♥)",2026-08-29T08:06:59.887Z,178799081988701
"""DK @ 6AN-TeA3Jk"" shows a K♠, Q♥.",2026-08-29T08:06:59.887Z,178799081988700
"""Wizard of Ball @ L0mhqQt-8H"" calls 1020",2026-08-29T08:06:59.075Z,178799081907500
"""DK @ 6AN-TeA3Jk"" raises to 1020 and go all in",2026-08-29T08:06:58.125Z,178799081812500
"""Wizard of Ball @ L0mhqQt-8H"" raises to 674",2026-08-29T08:06:55.942Z,178799081594200
"""DK @ 6AN-TeA3Jk"" bets 337",2026-08-29T08:06:53.567Z,178799081356700
"River: J♥, 5♠, 3♥, 10♠ [A♥]",2026-08-29T08:06:47.359Z,178799080735900
"""Wizard of Ball @ L0mhqQt-8H"" checks",2026-08-29T08:06:46.550Z,178799080655000
"""DK @ 6AN-TeA3Jk"" checks",2026-08-29T08:06:44.142Z,178799080414200
"Turn: J♥, 5♠, 3♥ [10♠]",2026-08-29T08:06:41.859Z,178799080185900
"""DK @ 6AN-TeA3Jk"" calls 90",2026-08-29T08:06:41.017Z,178799080101700
"""Wizard of Ball @ L0mhqQt-8H"" bets 90",2026-08-29T08:06:39.848Z,178799079984800
"""DK @ 6AN-TeA3Jk"" checks",2026-08-29T08:06:37.554Z,178799079755400
"Flop:  [J♥, 5♠, 3♥]",2026-08-29T08:06:34.855Z,178799079485500
"""gurt @ gpP9uUffpu"" folds",2026-08-29T08:06:34.047Z,178799079404700
"""Wizard of Ball @ L0mhqQt-8H"" calls 120",2026-08-29T08:06:33.072Z,178799079307200
"""DK @ 6AN-TeA3Jk"" raises to 120",2026-08-29T08:06:31.072Z,178799079107200
"""gurt @ gpP9uUffpu"" calls 30",2026-08-29T08:06:27.535Z,178799078753500
"""Wizard of Ball @ L0mhqQt-8H"" raises to 30",2026-08-29T08:06:25.405Z,178799078540500
"""DK @ 6AN-TeA3Jk"" posts a big blind of 10",2026-08-29T08:06:23.450Z,178799078345006
"""gurt @ gpP9uUffpu"" posts a small blind of 5",2026-08-29T08:06:23.450Z,178799078345005
"Player stacks: #2 ""gurt @ gpP9uUffpu"" (5056) | #8 ""DK @ 6AN-TeA3Jk"" (1230) | #9 ""Wizard of Ball @ L0mhqQt-8H"" (2641)",2026-08-29T08:06:23.450Z,178799078345001
"-- starting hand #183 (id: ytnx8lkvxuxu)  No Limit Texas Hold'em (dealer: ""Wizard of Ball @ L0mhqQt-8H"") --",2026-08-29T08:06:23.450Z,178799078345000
"-- ending hand #182 --",2026-08-29T08:06:17.443Z,178799077744302
"""gurt @ gpP9uUffpu"" collected 30 from pot with Two Pair, 6's & 5's (combination: Q♦, 5♦, 5♠, 6♣, 6♥)",2026-08-29T08:06:17.443Z,178799077744301
"""gurt @ gpP9uUffpu"" shows a 3♠, 5♦.",2026-08-29T08:06:17.443Z,178799077744300
"""DK @ 6AN-TeA3Jk"" checks",2026-08-29T08:06:16.605Z,178799077660500
"""gurt @ gpP9uUffpu"" checks",2026-08-29T08:06:15.020Z,178799077502000
"River: 5♠, Q♦, 6♣, 8♣ [6♥]",2026-08-29T08:06:12.237Z,178799077223700
"""DK @ 6AN-TeA3Jk"" checks",2026-08-29T08:06:11.363Z,178799077136300
"""gurt @ gpP9uUffpu"" checks",2026-08-29T08:06:10.188Z,178799077018800
"""Wizard of Ball @ L0mhqQt-8H"" folds",2026-08-29T08:06:08.154Z,178799076815400
"Turn: 5♠, Q♦, 6♣ [8♣]",2026-08-29T08:06:04.429Z,178799076442900
"""DK @ 6AN-TeA3Jk"" checks",2026-08-29T08:06:03.546Z,178799076354600
"""gurt @ gpP9uUffpu"" checks",2026-08-29T08:06:02.095Z,178799076209500
"""Wizard of Ball @ L0mhqQt-8H"" checks",2026-08-29T08:06:01.001Z,178799076100100
"Flop:  [5♠, Q♦, 6♣]",2026-08-29T08:05:58.378Z,178799075837800
"""gurt @ gpP9uUffpu"" checks",2026-08-29T08:05:57.502Z,178799075750200
"""Wizard of Ball @ L0mhqQt-8H"" calls 10",2026-08-29T08:05:56.488Z,178799075648800
"""DK @ 6AN-TeA3Jk"" calls 10",2026-08-29T08:05:53.867Z,178799075386700
"""gurt @ gpP9uUffpu"" posts a big blind of 10",2026-08-29T08:05:50.276Z,178799075027606
"""Wizard of Ball @ L0mhqQt-8H"" posts a small blind of 5",2026-08-29T08:05:50.276Z,178799075027605
"Your hand is 3♠, 5♦",2026-08-29T08:05:50.276Z,178799075027602
"Player stacks: #2 ""gurt @ gpP9uUffpu"" (5036) | #8 ""DK @ 6AN-TeA3Jk"" (1240) | #9 ""Wizard of Ball @ L0mhqQt-8H"" (2651)",2026-08-29T08:05:50.276Z,178799075027601
"-- starting hand #182 (id: lyg6ics5s7dv)  No Limit Texas Hold'em (dealer: ""DK @ 6AN-TeA3Jk"") --",2026-08-29T08:05:50.276Z,178799075027600
"Undealt cards: J♠, 9♥, 7♠, 3♦ [A♦]",2026-08-29T08:05:45.341Z,178799074534100
"-- ending hand #181 --",2026-08-29T08:05:44.356Z,178799074435602
"""gurt @ gpP9uUffpu"" collected 602 from pot",2026-08-29T08:05:44.356Z,178799074435601
"Uncalled bet of 350 returned to ""gurt @ gpP9uUffpu""",2026-08-29T08:05:44.356Z,178799074435600
"""DK @ 6AN-TeA3Jk"" folds",2026-08-29T08:05:43.540Z,178799074354000
"""gurt @ gpP9uUffpu"" bets 350",2026-08-29T08:05:42.190Z,178799074219000
"""DK @ 6AN-TeA3Jk"" checks",2026-08-29T08:05:36.132Z,178799073613200
"Turn: J♠, 9♥, 7♠ [3♦]",2026-08-29T08:05:34.551Z,178799073455100
"""DK @ 6AN-TeA3Jk"" calls 246",2026-08-29T08:05:33.715Z,178799073371500
"""gurt @ gpP9uUffpu"" raises to 246",2026-08-29T08:05:31.719Z,178799073171900
"""DK @ 6AN-TeA3Jk"" bets 82",2026-08-29T08:05:24.824Z,178799072482400
"Flop:  [J♠, 9♥, 7♠]",2026-08-29T08:05:18.342Z,178799071834200
"""Wizard of Ball @ L0mhqQt-8H"" folds",2026-08-29T08:05:17.504Z,178799071750400
"""DK @ 6AN-TeA3Jk"" calls 50",2026-08-29T08:05:16.551Z,178799071655100
"""gurt @ gpP9uUffpu"" raises to 50",2026-08-29T08:05:13.682Z,178799071368200
"""Wizard of Ball @ L0mhqQt-8H"" posts a big blind of 10",2026-08-29T08:05:10.738Z,178799071073806
"""DK @ 6AN-TeA3Jk"" posts a small blind of 5",2026-08-29T08:05:10.738Z,178799071073805
"Player stacks: #2 ""gurt @ gpP9uUffpu"" (4730) | #8 ""DK @ 6AN-TeA3Jk"" (1536) | #9 ""Wizard of Ball @ L0mhqQt-8H"" (2661)",2026-08-29T08:05:10.738Z,178799071073801
"-- starting hand #181 (id: arecdsd88gad)  No Limit Texas Hold'em (dealer: ""gurt @ gpP9uUffpu"") --",2026-08-29T08:05:10.738Z,178799071073800
"-- ending hand #180 --",2026-08-29T08:05:04.732Z,178799070473203
"""gurt @ gpP9uUffpu"" collected 270 from pot with Flush, K High (combination: 2♥, 3♥, 5♥, 9♥, K♥)",2026-08-29T08:05:04.732Z,178799070473202
"""gurt @ gpP9uUffpu"" shows a 5♥, 2♥.",2026-08-29T08:05:04.732Z,178799070473201
"""Wizard of Ball @ L0mhqQt-8H"" shows a J♣, Q♣.",2026-08-29T08:05:04.732Z,178799070473200
"""DK @ 6AN-TeA3Jk"" folds",2026-08-29T08:05:03.898Z,178799070389800
"""gurt @ gpP9uUffpu"" calls 90",2026-08-29T08:05:02.979Z,178799070297900
"""Wizard of Ball @ L0mhqQt-8H"" bets 90",2026-08-29T08:05:00.656Z,178799070065600
"""DK @ 6AN-TeA3Jk"" checks",2026-08-29T08:04:58.489Z,178799069848900
"""gurt @ gpP9uUffpu"" checks",2026-08-29T08:04:57.408Z,178799069740800
"River: K♥, 9♥, 6♦, 2♣ [3♥]",2026-08-29T08:04:55.860Z,178799069586000
"""Wizard of Ball @ L0mhqQt-8H"" checks",2026-08-29T08:04:54.994Z,178799069499400
"""DK @ 6AN-TeA3Jk"" checks",2026-08-29T08:04:24.092Z,178799066409200
"""gurt @ gpP9uUffpu"" checks",2026-08-29T08:04:23.014Z,178799066301400
"Turn: K♥, 9♥, 6♦ [2♣]",2026-08-29T08:04:21.238Z,178799066123800
"""Wizard of Ball @ L0mhqQt-8H"" checks",2026-08-29T08:04:20.416Z,178799066041600
"""DK @ 6AN-TeA3Jk"" checks",2026-08-29T08:04:19.228Z,178799065922800
"""gurt @ gpP9uUffpu"" checks",2026-08-29T08:04:17.064Z,178799065706400
"Flop:  [K♥, 9♥, 6♦]",2026-08-29T08:04:15.560Z,178799065556000
"""DK @ 6AN-TeA3Jk"" calls 30",2026-08-29T08:04:14.650Z,178799065465000
"""gurt @ gpP9uUffpu"" calls 30",2026-08-29T08:04:13.605Z,178799065360500
"""Wizard of Ball @ L0mhqQt-8H"" raises to 30",2026-08-29T08:04:08.511Z,178799064851100
"""DK @ 6AN-TeA3Jk"" posts a big blind of 10",2026-08-29T08:04:06.132Z,178799064613206
"""gurt @ gpP9uUffpu"" posts a small blind of 5",2026-08-29T08:04:06.132Z,178799064613205
"Your hand is 5♥, 2♥",2026-08-29T08:04:06.132Z,178799064613202
"Player stacks: #2 ""gurt @ gpP9uUffpu"" (4580) | #8 ""DK @ 6AN-TeA3Jk"" (1566) | #9 ""Wizard of Ball @ L0mhqQt-8H"" (2781)",2026-08-29T08:04:06.132Z,178799064613201
"-- starting hand #180 (id: uqrt2agoxbev)  No Limit Texas Hold'em (dealer: ""Wizard of Ball @ L0mhqQt-8H"") --",2026-08-29T08:04:06.132Z,178799064613200
"-- ending hand #179 --",2026-08-29T08:04:00.115Z,178799064011503
"""Wizard of Ball @ L0mhqQt-8H"" collected 410 from pot with Pair, A's (combination: 8♥, J♠, K♣, A♣, A♦)",2026-08-29T08:04:00.115Z,178799064011502
"""Wizard of Ball @ L0mhqQt-8H"" shows a A♣, J♠.",2026-08-29T08:04:00.115Z,178799064011501
"""gurt @ gpP9uUffpu"" shows a J♦, 9♣.",2026-08-29T08:04:00.115Z,178799064011500
"""Wizard of Ball @ L0mhqQt-8H"" calls 140",2026-08-29T08:03:59.249Z,178799063924900
"""gurt @ gpP9uUffpu"" raises to 140",2026-08-29T08:03:58.306Z,178799063830600
"""Wizard of Ball @ L0mhqQt-8H"" bets 70",2026-08-29T08:03:55.587Z,178799063558700
"River: 8♥, 4♥, 6♦, A♦ [K♣]",2026-08-29T08:03:52.338Z,178799063233800
"""gurt @ gpP9uUffpu"" checks",2026-08-29T08:03:51.491Z,178799063149100
"""Wizard of Ball @ L0mhqQt-8H"" checks",2026-08-29T08:03:50.400Z,178799063040000
"Turn: 8♥, 4♥, 6♦ [A♦]",2026-08-29T08:03:48.786Z,178799062878600
"""gurt @ gpP9uUffpu"" checks",2026-08-29T08:03:47.947Z,178799062794700
"""Wizard of Ball @ L0mhqQt-8H"" checks",2026-08-29T08:03:47.021Z,178799062702100
"Flop:  [8♥, 4♥, 6♦]",2026-08-29T08:03:45.150Z,178799062515000
"""Wizard of Ball @ L0mhqQt-8H"" calls 60",2026-08-29T08:03:44.311Z,178799062431100
"""DK @ 6AN-TeA3Jk"" folds",2026-08-29T08:03:36.407Z,178799061640700
"""gurt @ gpP9uUffpu"" raises to 60",2026-08-29T08:03:34.987Z,178799061498700
"""Wizard of Ball @ L0mhqQt-8H"" raises to 30",2026-08-29T08:03:31.750Z,178799061175000
"""DK @ 6AN-TeA3Jk"" calls 10",2026-08-29T08:03:25.742Z,178799060574200
"""gurt @ gpP9uUffpu"" posts a big blind of 10",2026-08-29T08:03:21.613Z,178799060161306
"""Wizard of Ball @ L0mhqQt-8H"" posts a small blind of 5",2026-08-29T08:03:21.613Z,178799060161305
"Your hand is J♦, 9♣",2026-08-29T08:03:21.613Z,178799060161302
"Player stacks: #2 ""gurt @ gpP9uUffpu"" (4780) | #8 ""DK @ 6AN-TeA3Jk"" (1576) | #9 ""Wizard of Ball @ L0mhqQt-8H"" (2571)",2026-08-29T08:03:21.613Z,178799060161301
"-- starting hand #179 (id: d7n7gph93op8)  No Limit Texas Hold'em (dealer: ""DK @ 6AN-TeA3Jk"") --",2026-08-29T08:03:21.613Z,178799060161300
"""DK @ 6AN-TeA3Jk"" shows a 4♣.",2026-08-29T08:03:18.454Z,178799059845400
"""DK @ 6AN-TeA3Jk"" shows a 10♥.",2026-08-29T08:03:18.290Z,178799059829000
"-- ending hand #178 --",2026-08-29T08:03:15.090Z,178799059509002
"""Wizard of Ball @ L0mhqQt-8H"" collected 325 from pot with Pair, 5's (combination: 8♦, 9♥, 10♠, 5♦, 5♠)",2026-08-29T08:03:15.090Z,178799059509001
"""Wizard of Ball @ L0mhqQt-8H"" shows a 5♦, 8♦.",2026-08-29T08:03:15.090Z,178799059509000
"""gurt @ gpP9uUffpu"" calls 90",2026-08-29T08:03:14.253Z,178799059425300
"""Wizard of Ball @ L0mhqQt-8H"" bets 90",2026-08-29T08:03:13.303Z,178799059330300
"River: 4♠, 9♥, 3♣, 10♠ [5♠]",2026-08-29T08:03:09.004Z,178799058900400
"""gurt @ gpP9uUffpu"" checks",2026-08-29T08:03:08.178Z,178799058817800
"""Wizard of Ball @ L0mhqQt-8H"" checks",2026-08-29T08:03:07.208Z,178799058720800
"Turn: 4♠, 9♥, 3♣ [10♠]",2026-08-29T08:03:05.274Z,178799058527400
"""gurt @ gpP9uUffpu"" calls 30",2026-08-29T08:03:04.443Z,178799058444300
"""Wizard of Ball @ L0mhqQt-8H"" bets 30",2026-08-29T08:03:03.501Z,178799058350100
"Flop:  [4♠, 9♥, 3♣]",2026-08-29T08:02:59.055Z,178799057905500
"""Wizard of Ball @ L0mhqQt-8H"" calls 40",2026-08-29T08:02:58.203Z,178799057820300
"""DK @ 6AN-TeA3Jk"" folds",2026-08-29T08:02:56.158Z,178799057615800
"""gurt @ gpP9uUffpu"" raises to 40",2026-08-29T08:02:52.553Z,178799057255300
"""Wizard of Ball @ L0mhqQt-8H"" posts a big blind of 10",2026-08-29T08:02:51.252Z,178799057125206
"""DK @ 6AN-TeA3Jk"" posts a small blind of 5",2026-08-29T08:02:51.252Z,178799057125205
"Player stacks: #2 ""gurt @ gpP9uUffpu"" (4940) | #8 ""DK @ 6AN-TeA3Jk"" (1581) | #9 ""Wizard of Ball @ L0mhqQt-8H"" (2406)",2026-08-29T08:02:51.252Z,178799057125201
"-- starting hand #178 (id: y12iatyesxzk)  No Limit Texas Hold'em (dealer: ""gurt @ gpP9uUffpu"") --",2026-08-29T08:02:51.252Z,178799057125200
"-- ending hand #177 --",2026-08-29T08:02:45.175Z,178799056517502
"""gurt @ gpP9uUffpu"" collected 358 from pot with Straight, J High (combination: 7♠, 8♥, 9♥, 10♠, J♥)",2026-08-29T08:02:45.175Z,178799056517501
"""gurt @ gpP9uUffpu"" shows a K♣, 8♥.",2026-08-29T08:02:45.175Z,178799056517500
"""DK @ 6AN-TeA3Jk"" checks",2026-08-29T08:02:44.283Z,178799056428300
"""gurt @ gpP9uUffpu"" checks",2026-08-29T08:02:24.464Z,178799054446400
"River: J♥, 7♠, 10♠, 4♦ [9♥]",2026-08-29T08:02:22.963Z,178799054296300
"""gurt @ gpP9uUffpu"" calls 67",2026-08-29T08:02:22.094Z,178799054209400
"""DK @ 6AN-TeA3Jk"" bets 67",2026-08-29T08:02:21.159Z,178799054115900
"""gurt @ gpP9uUffpu"" checks",2026-08-29T08:02:16.726Z,178799053672600
"Turn: J♥, 7♠, 10♠ [4♦]",2026-08-29T08:02:15.954Z,178799053595400
"""gurt @ gpP9uUffpu"" calls 67",2026-08-29T08:02:15.052Z,178799053505200
"""Wizard of Ball @ L0mhqQt-8H"" folds",2026-08-29T08:02:14.120Z,178799053412000
"""DK @ 6AN-TeA3Jk"" bets 67",2026-08-29T08:02:13.169Z,178799053316900
"""gurt @ gpP9uUffpu"" checks",2026-08-29T08:02:10.666Z,178799053066600
"Flop:  [J♥, 7♠, 10♠]",2026-08-29T08:02:09.350Z,178799052935000
"""DK @ 6AN-TeA3Jk"" calls 30",2026-08-29T08:02:08.414Z,178799052841400
"""gurt @ gpP9uUffpu"" calls 30",2026-08-29T08:02:07.081Z,178799052708100
"""Wizard of Ball @ L0mhqQt-8H"" raises to 30",2026-08-29T08:02:06.015Z,178799052601500
"""DK @ 6AN-TeA3Jk"" posts a big blind of 10",2026-08-29T08:02:03.201Z,178799052320106
"""gurt @ gpP9uUffpu"" posts a small blind of 5",2026-08-29T08:02:03.201Z,178799052320105
"Your hand is K♣, 8♥",2026-08-29T08:02:03.201Z,178799052320102
"Player stacks: #2 ""gurt @ gpP9uUffpu"" (4746) | #8 ""DK @ 6AN-TeA3Jk"" (1745) | #9 ""Wizard of Ball @ L0mhqQt-8H"" (2436)",2026-08-29T08:02:03.201Z,178799052320101
"-- starting hand #177 (id: 8a2uwrnygyrg)  No Limit Texas Hold'em (dealer: ""Wizard of Ball @ L0mhqQt-8H"") --",2026-08-29T08:02:03.201Z,178799052320100
"-- ending hand #176 --",2026-08-29T08:01:57.149Z,178799051714903
"""DK @ 6AN-TeA3Jk"" collected 175 from pot with Two Pair, 8's & 5's (combination: Q♣, 5♦, 5♥, 8♣, 8♥)",2026-08-29T08:01:57.149Z,178799051714902
"""DK @ 6AN-TeA3Jk"" shows a 5♦, 5♥.",2026-08-29T08:01:57.149Z,178799051714901
"""gurt @ gpP9uUffpu"" shows a K♥, 6♣.",2026-08-29T08:01:57.149Z,178799051714900
"""DK @ 6AN-TeA3Jk"" calls 30",2026-08-29T08:01:56.296Z,178799051629600
"""gurt @ gpP9uUffpu"" bets 30",2026-08-29T08:01:53.327Z,178799051332700
"River: 4♥, 4♠, 8♣, Q♣ [8♥]",2026-08-29T08:01:50.482Z,178799051048200
"""DK @ 6AN-TeA3Jk"" checks",2026-08-29T08:01:49.549Z,178799050954900
"""gurt @ gpP9uUffpu"" checks",2026-08-29T08:01:48.114Z,178799050811400
"Turn: 4♥, 4♠, 8♣ [Q♣]",2026-08-29T08:01:43.079Z,178799050307900
"""DK @ 6AN-TeA3Jk"" checks",2026-08-29T08:01:42.179Z,178799050217900
"""gurt @ gpP9uUffpu"" checks",2026-08-29T08:01:41.125Z,178799050112500
"Flop:  [4♥, 4♠, 8♣]",2026-08-29T08:01:38.081Z,178799049808100
"""gurt @ gpP9uUffpu"" calls 55",2026-08-29T08:01:37.235Z,178799049723500
"""Wizard of Ball @ L0mhqQt-8H"" folds",2026-08-29T08:01:36.222Z,178799049622200
"""DK @ 6AN-TeA3Jk"" raises to 55",2026-08-29T08:01:35.281Z,178799049528100
"""gurt @ gpP9uUffpu"" posts a big blind of 10",2026-08-29T08:01:32.472Z,178799049247206
"""Wizard of Ball @ L0mhqQt-8H"" posts a small blind of 5",2026-08-29T08:01:32.472Z,178799049247205
"Your hand is K♥, 6♣",2026-08-29T08:01:32.472Z,178799049247202
"Player stacks: #2 ""gurt @ gpP9uUffpu"" (4831) | #8 ""DK @ 6AN-TeA3Jk"" (1655) | #9 ""Wizard of Ball @ L0mhqQt-8H"" (2441)",2026-08-29T08:01:32.472Z,178799049247201
"-- starting hand #176 (id: 3j4wgyv1mati)  No Limit Texas Hold'em (dealer: ""DK @ 6AN-TeA3Jk"") --",2026-08-29T08:01:32.472Z,178799049247200
"""Wizard of Ball @ L0mhqQt-8H"" shows a J♥.",2026-08-29T08:01:28.876Z,178799048887600
"Undealt cards: 3♥, 6♦, A♥, Q♥ [3♠]",2026-08-29T08:01:28.041Z,178799048804100
"""DK @ 6AN-TeA3Jk"" shows a 9♣.",2026-08-29T08:01:25.742Z,178799048574200
"-- ending hand #175 --",2026-08-29T08:01:25.105Z,178799048510502
"""Wizard of Ball @ L0mhqQt-8H"" collected 120 from pot",2026-08-29T08:01:25.105Z,178799048510501
"Uncalled bet of 50 returned to ""Wizard of Ball @ L0mhqQt-8H""",2026-08-29T08:01:25.105Z,178799048510500
"""DK @ 6AN-TeA3Jk"" folds",2026-08-29T08:01:24.283Z,178799048428300
"""Wizard of Ball @ L0mhqQt-8H"" bets 50",2026-08-29T08:01:22.620Z,178799048262000
"""DK @ 6AN-TeA3Jk"" checks",2026-08-29T08:01:19.151Z,178799047915100
"Turn: 3♥, 6♦, A♥ [Q♥]",2026-08-29T08:01:16.260Z,178799047626000
"""Wizard of Ball @ L0mhqQt-8H"" checks",2026-08-29T08:01:15.352Z,178799047535200
"""DK @ 6AN-TeA3Jk"" checks",2026-08-29T08:01:14.105Z,178799047410500
"Flop:  [3♥, 6♦, A♥]",2026-08-29T08:01:11.102Z,178799047110200
"""DK @ 6AN-TeA3Jk"" calls 60",2026-08-29T08:01:10.293Z,178799047029300
"""Wizard of Ball @ L0mhqQt-8H"" raises to 60",2026-08-29T08:01:08.798Z,178799046879800
"""DK @ 6AN-TeA3Jk"" calls 10",2026-08-29T08:01:05.527Z,178799046552700
"""gurt @ gpP9uUffpu"" folds",2026-08-29T08:01:03.541Z,178799046354100
"""Wizard of Ball @ L0mhqQt-8H"" posts a big blind of 10",2026-08-29T08:01:01.568Z,178799046156806
"""DK @ 6AN-TeA3Jk"" posts a small blind of 5",2026-08-29T08:01:01.568Z,178799046156805
"Player stacks: #2 ""gurt @ gpP9uUffpu"" (4831) | #8 ""DK @ 6AN-TeA3Jk"" (1715) | #9 ""Wizard of Ball @ L0mhqQt-8H"" (2381)",2026-08-29T08:01:01.568Z,178799046156801
"-- starting hand #175 (id: 1krs7tiler66)  No Limit Texas Hold'em (dealer: ""gurt @ gpP9uUffpu"") --",2026-08-29T08:01:01.568Z,178799046156800
"-- ending hand #174 --",2026-08-29T08:00:55.505Z,178799045550502
"""gurt @ gpP9uUffpu"" collected 260 from pot with Three of a Kind, A's (combination: 5♦, Q♥, A♥, A♦, A♠)",2026-08-29T08:00:55.505Z,178799045550501
"""gurt @ gpP9uUffpu"" shows a A♥, 3♦.",2026-08-29T08:00:55.505Z,178799045550500
"""DK @ 6AN-TeA3Jk"" checks",2026-08-29T08:00:54.699Z,178799045469900
"""gurt @ gpP9uUffpu"" checks",2026-08-29T08:00:53.428Z,178799045342800
"River: Q♥, 2♠, 5♦, A♦ [A♠]",2026-08-29T08:00:51.966Z,178799045196600
"""DK @ 6AN-TeA3Jk"" calls 120",2026-08-29T08:00:51.147Z,178799045114700
"""gurt @ gpP9uUffpu"" raises to 120",2026-08-29T08:00:49.668Z,178799044966800
"""DK @ 6AN-TeA3Jk"" bets 40",2026-08-29T08:00:47.415Z,178799044741500
"""gurt @ gpP9uUffpu"" checks",2026-08-29T08:00:43.823Z,178799044382300
"Turn: Q♥, 2♠, 5♦ [A♦]",2026-08-29T08:00:42.670Z,178799044267000
"""DK @ 6AN-TeA3Jk"" checks",2026-08-29T08:00:41.817Z,178799044181700
"""gurt @ gpP9uUffpu"" checks",2026-08-29T08:00:40.001Z,178799044000100
"Flop:  [Q♥, 2♠, 5♦]",2026-08-29T08:00:38.665Z,178799043866500
"""DK @ 6AN-TeA3Jk"" checks",2026-08-29T08:00:37.815Z,178799043781500
"""gurt @ gpP9uUffpu"" calls 10",2026-08-29T08:00:35.325Z,178799043532500
"""Wizard of Ball @ L0mhqQt-8H"" folds",2026-08-29T08:00:32.635Z,178799043263500
"""DK @ 6AN-TeA3Jk"" posts a big blind of 10",2026-08-29T08:00:31.251Z,178799043125106
"""gurt @ gpP9uUffpu"" posts a small blind of 5",2026-08-29T08:00:31.251Z,178799043125105
"Your hand is A♥, 3♦",2026-08-29T08:00:31.251Z,178799043125102
"Player stacks: #2 ""gurt @ gpP9uUffpu"" (4701) | #8 ""DK @ 6AN-TeA3Jk"" (1845) | #9 ""Wizard of Ball @ L0mhqQt-8H"" (2381)",2026-08-29T08:00:31.251Z,178799043125101
"-- starting hand #174 (id: jv8vc5sfaiqn)  No Limit Texas Hold'em (dealer: ""Wizard of Ball @ L0mhqQt-8H"") --",2026-08-29T08:00:31.251Z,178799043125100
"Undealt cards: 6♠, 10♠, K♣, Q♠ [10♣]",2026-08-29T08:00:25.585Z,178799042558500
"-- ending hand #173 --",2026-08-29T08:00:25.344Z,178799042534402
"""gurt @ gpP9uUffpu"" collected 1141 from pot",2026-08-29T08:00:25.344Z,178799042534401
"Uncalled bet of 285 returned to ""gurt @ gpP9uUffpu""",2026-08-29T08:00:25.344Z,178799042534400
"""DK @ 6AN-TeA3Jk"" folds",2026-08-29T08:00:24.527Z,178799042452700
"""gurt @ gpP9uUffpu"" raises to 570",2026-08-29T08:00:22.906Z,178799042290600
"""DK @ 6AN-TeA3Jk"" bets 285",2026-08-29T08:00:16.559Z,178799041655900
"""gurt @ gpP9uUffpu"" checks",2026-08-29T08:00:13.395Z,178799041339500
"Turn: 6♠, 10♠, K♣ [Q♠]",2026-08-29T08:00:12.277Z,178799041227700
"""gurt @ gpP9uUffpu"" calls 171",2026-08-29T08:00:11.415Z,178799041141500
"""DK @ 6AN-TeA3Jk"" bets 171",2026-08-29T08:00:09.350Z,178799040935000
"""gurt @ gpP9uUffpu"" checks",2026-08-29T08:00:06.453Z,178799040645300
"Flop:  [6♠, 10♠, K♣]",2026-08-29T08:00:03.112Z,178799040311200
"""DK @ 6AN-TeA3Jk"" calls 112",2026-08-29T08:00:02.234Z,178799040223400
"""gurt @ gpP9uUffpu"" raises to 112",2026-08-29T08:00:00.884Z,178799040088400
"""Wizard of Ball @ L0mhqQt-8H"" folds",2026-08-29T07:59:58.005Z,178799039800500
"""DK @ 6AN-TeA3Jk"" raises to 28",2026-08-29T07:59:56.906Z,178799039690600
"""gurt @ gpP9uUffpu"" posts a big blind of 10",2026-08-29T07:59:53.982Z,178799039398206
"""Wizard of Ball @ L0mhqQt-8H"" posts a small blind of 5",2026-08-29T07:59:53.982Z,178799039398205
"Player stacks: #2 ""gurt @ gpP9uUffpu"" (4128) | #8 ""DK @ 6AN-TeA3Jk"" (2413) | #9 ""Wizard of Ball @ L0mhqQt-8H"" (2386)",2026-08-29T07:59:53.982Z,178799039398201
"-- starting hand #173 (id: bu5ccqvak3c8)  No Limit Texas Hold'em (dealer: ""DK @ 6AN-TeA3Jk"") --",2026-08-29T07:59:53.982Z,178799039398200
"""gurt @ gpP9uUffpu"" shows a Q♥.",2026-08-29T07:59:49.642Z,178799038964200
"-- ending hand #172 --",2026-08-29T07:59:47.471Z,178799038747103
"""Wizard of Ball @ L0mhqQt-8H"" collected 480 from pot with Pair, A's (combination: 9♥, 10♠, J♠, A♥, A♣)",2026-08-29T07:59:47.471Z,178799038747102
"""Wizard of Ball @ L0mhqQt-8H"" shows a A♥, 5♣.",2026-08-29T07:59:47.471Z,178799038747101
"""DK @ 6AN-TeA3Jk"" shows a 8♠, K♦.",2026-08-29T07:59:47.471Z,178799038747100
"""Wizard of Ball @ L0mhqQt-8H"" checks",2026-08-29T07:59:46.626Z,178799038662600
"""DK @ 6AN-TeA3Jk"" checks",2026-08-29T07:59:44.792Z,178799038479200
"River: A♣, 10♠, 8♥, 9♥ [J♠]",2026-08-29T07:59:42.668Z,178799038266800
"""Wizard of Ball @ L0mhqQt-8H"" calls 120",2026-08-29T07:59:41.828Z,178799038182800
"""DK @ 6AN-TeA3Jk"" raises to 120",2026-08-29T07:59:40.807Z,178799038080700
"""Wizard of Ball @ L0mhqQt-8H"" bets 60",2026-08-29T07:59:38.079Z,178799037807900
"""DK @ 6AN-TeA3Jk"" checks",2026-08-29T07:59:33.893Z,178799037389300
"Turn: A♣, 10♠, 8♥ [9♥]",2026-08-29T07:59:32.154Z,178799037215400
"""Wizard of Ball @ L0mhqQt-8H"" calls 80",2026-08-29T07:59:31.335Z,178799037133500
"""DK @ 6AN-TeA3Jk"" raises to 80",2026-08-29T07:59:29.102Z,178799036910200
"""Wizard of Ball @ L0mhqQt-8H"" bets 30",2026-08-29T07:59:23.283Z,178799036328300
"""DK @ 6AN-TeA3Jk"" checks",2026-08-29T07:59:21.353Z,178799036135300
"Flop:  [A♣, 10♠, 8♥]",2026-08-29T07:59:18.579Z,178799035857900
"""Wizard of Ball @ L0mhqQt-8H"" calls 40",2026-08-29T07:59:17.752Z,178799035775200
"""DK @ 6AN-TeA3Jk"" raises to 40",2026-08-29T07:59:16.817Z,178799035681700
"""gurt @ gpP9uUffpu"" folds",2026-08-29T07:59:11.922Z,178799035192200
"""Wizard of Ball @ L0mhqQt-8H"" posts a big blind of 10",2026-08-29T07:59:11.048Z,178799035104806
"""DK @ 6AN-TeA3Jk"" posts a small blind of 5",2026-08-29T07:59:11.048Z,178799035104805
"Player stacks: #2 ""gurt @ gpP9uUffpu"" (4128) | #8 ""DK @ 6AN-TeA3Jk"" (2653) | #9 ""Wizard of Ball @ L0mhqQt-8H"" (2146)",2026-08-29T07:59:11.048Z,178799035104801
"-- starting hand #172 (id: 6oj4sn8d2zv0)  No Limit Texas Hold'em (dealer: ""gurt @ gpP9uUffpu"") --",2026-08-29T07:59:11.048Z,178799035104800
"""Wizard of Ball @ L0mhqQt-8H"" shows a 7♦, K♦.",2026-08-29T07:59:05.860Z,178799034586000
"Undealt cards: J♥, 7♥, 4♦, 9♣ [6♠]",2026-08-29T07:59:04.620Z,178799034462000
"-- ending hand #171 --",2026-08-29T07:59:04.376Z,178799034437602
"""Wizard of Ball @ L0mhqQt-8H"" collected 150 from pot",2026-08-29T07:59:04.376Z,178799034437601
"Uncalled bet of 100 returned to ""Wizard of Ball @ L0mhqQt-8H""",2026-08-29T07:59:04.376Z,178799034437600
"""gurt @ gpP9uUffpu"" folds",2026-08-29T07:59:03.554Z,178799034355400
"""Wizard of Ball @ L0mhqQt-8H"" bets 100",2026-08-29T07:59:02.649Z,178799034264900
"""gurt @ gpP9uUffpu"" checks",2026-08-29T07:58:59.597Z,178799033959700
"Turn: J♥, 7♥, 4♦ [9♣]",2026-08-29T07:58:57.395Z,178799033739500
"""DK @ 6AN-TeA3Jk"" folds",2026-08-29T07:58:56.556Z,178799033655600
"""gurt @ gpP9uUffpu"" calls 30",2026-08-29T07:58:55.624Z,178799033562400
"""Wizard of Ball @ L0mhqQt-8H"" bets 30",2026-08-29T07:58:53.922Z,178799033392200
"""DK @ 6AN-TeA3Jk"" checks",2026-08-29T07:58:51.945Z,178799033194500
"""gurt @ gpP9uUffpu"" checks",2026-08-29T07:58:50.829Z,178799033082900
"Flop:  [J♥, 7♥, 4♦]",2026-08-29T07:58:48.416Z,178799032841600
"""DK @ 6AN-TeA3Jk"" calls 30",2026-08-29T07:58:47.607Z,178799032760700
"""gurt @ gpP9uUffpu"" calls 30",2026-08-29T07:58:46.449Z,178799032644900
"""Wizard of Ball @ L0mhqQt-8H"" raises to 30",2026-08-29T07:58:43.826Z,178799032382600
"""DK @ 6AN-TeA3Jk"" posts a big blind of 10",2026-08-29T07:58:40.916Z,178799032091606
"""gurt @ gpP9uUffpu"" posts a small blind of 5",2026-08-29T07:58:40.916Z,178799032091605
"Player stacks: #2 ""gurt @ gpP9uUffpu"" (4188) | #8 ""DK @ 6AN-TeA3Jk"" (2683) | #9 ""Wizard of Ball @ L0mhqQt-8H"" (2056)",2026-08-29T07:58:40.916Z,178799032091601
"-- starting hand #171 (id: ssov9bexc8it)  No Limit Texas Hold'em (dead button) --",2026-08-29T07:58:40.916Z,178799032091600
"""gurt @ gpP9uUffpu"" shows a 8♥, 7♠.",2026-08-29T07:58:37.139Z,178799031713900
"""DK @ 6AN-TeA3Jk"" shows a 3♥.",2026-08-29T07:58:35.563Z,178799031556300
"Undealt cards: K♣, A♦, K♥ [6♠, 9♠]",2026-08-29T07:58:33.993Z,178799031399300
"-- ending hand #170 --",2026-08-29T07:58:33.564Z,178799031356402
"""DK @ 6AN-TeA3Jk"" collected 50 from pot",2026-08-29T07:58:33.564Z,178799031356401
"Uncalled bet of 50 returned to ""DK @ 6AN-TeA3Jk""",2026-08-29T07:58:33.564Z,178799031356400
"""gurt @ gpP9uUffpu"" folds",2026-08-29T07:58:32.729Z,178799031272900
"""DK @ 6AN-TeA3Jk"" bets 50",2026-08-29T07:58:29.976Z,178799030997600
"""gurt @ gpP9uUffpu"" checks",2026-08-29T07:58:27.384Z,178799030738400
"Flop:  [K♣, A♦, K♥]",2026-08-29T07:58:25.663Z,178799030566300
"""gurt @ gpP9uUffpu"" calls 25",2026-08-29T07:58:24.859Z,178799030485900
"""Wizard of Ball @ L0mhqQt-8H"" folds",2026-08-29T07:58:22.959Z,178799030295900
"""DK @ 6AN-TeA3Jk"" raises to 25",2026-08-29T07:58:22.009Z,178799030200900
"""gurt @ gpP9uUffpu"" posts a big blind of 10",2026-08-29T07:58:04.197Z,178799028419707
"Dead Small Blind",2026-08-29T07:58:04.197Z,178799028419706
"Your hand is 8♥, 7♠",2026-08-29T07:58:04.197Z,178799028419703
"Player stacks: #2 ""gurt @ gpP9uUffpu"" (4213) | #8 ""DK @ 6AN-TeA3Jk"" (2658) | #9 ""Wizard of Ball @ L0mhqQt-8H"" (2056)",2026-08-29T07:58:04.197Z,178799028419702
"-- starting hand #170 (id: qq5j5j6flgwd)  No Limit Texas Hold'em (dealer: ""Wizard of Ball @ L0mhqQt-8H"") --",2026-08-29T07:58:04.197Z,178799028419701
"The player ""Henry @ FQN9hzhzP_"" quits the game with a stack of 0.",2026-08-29T07:58:04.197Z,178799028419700
"-- ending hand #169 --",2026-08-29T07:57:56.156Z,178799027615602
"""DK @ 6AN-TeA3Jk"" collected 394 from pot with A High on the second run  (combination: 7♣, 8♦, Q♦, K♠, A♥)",2026-08-29T07:57:56.156Z,178799027615601
"""DK @ 6AN-TeA3Jk"" collected 395 from pot with Pair, A's (combination: 9♥, Q♥, K♣, A♥, A♠)",2026-08-29T07:57:56.156Z,178799027615600
"River (second run): Q♦, 8♦, 7♣, 5♦ [K♠]",2026-08-29T07:57:52.150Z,178799027215000
"Turn (second run): Q♦, 8♦, 7♣ [5♦]",2026-08-29T07:57:48.018Z,178799026801800
"Flop (second run):  [Q♦, 8♦, 7♣]",2026-08-29T07:57:44.013Z,178799026401300
"River: K♣, Q♥, 9♥, 6♠ [A♠]",2026-08-29T07:57:39.947Z,178799025994700
"Turn: K♣, Q♥, 9♥ [6♠]",2026-08-29T07:57:35.812Z,178799025581200
"Flop:  [K♣, Q♥, 9♥]",2026-08-29T07:57:31.808Z,178799025180800
"""DK @ 6AN-TeA3Jk"" shows a 2♣, A♥.",2026-08-29T07:57:27.743Z,178799024774301
"""Henry @ FQN9hzhzP_"" shows a 9♦, 10♥.",2026-08-29T07:57:27.743Z,178799024774300
"All players in hand choose to run it twice.",2026-08-29T07:57:26.895Z,178799024689501
"""Henry @ FQN9hzhzP_"" chooses to  run it twice.",2026-08-29T07:57:26.895Z,178799024689500
"""DK @ 6AN-TeA3Jk"" chooses to  run it twice.",2026-08-29T07:57:24.830Z,178799024483000
"Remaining players decide whether to run it twice.",2026-08-29T07:57:23.744Z,178799024374401
"""DK @ 6AN-TeA3Jk"" calls 377",2026-08-29T07:57:23.744Z,178799024374400
"""gurt @ gpP9uUffpu"" folds",2026-08-29T07:57:18.168Z,178799023816800
"""Henry @ FQN9hzhzP_"" raises to 377 and go all in",2026-08-29T07:57:15.750Z,178799023575000
"""Wizard of Ball @ L0mhqQt-8H"" folds",2026-08-29T07:57:13.877Z,178799023387700
"""DK @ 6AN-TeA3Jk"" calls 30",2026-08-29T07:57:12.978Z,178799023297800
"""gurt @ gpP9uUffpu"" raises to 30",2026-08-29T07:57:10.726Z,178799023072600
"""Henry @ FQN9hzhzP_"" posts a big blind of 10",2026-08-29T07:57:09.084Z,178799022908407
"""Wizard of Ball @ L0mhqQt-8H"" posts a small blind of 5",2026-08-29T07:57:09.084Z,178799022908406
"Player stacks: #1 ""Henry @ FQN9hzhzP_"" (377) | #2 ""gurt @ gpP9uUffpu"" (4243) | #8 ""DK @ 6AN-TeA3Jk"" (2246) | #9 ""Wizard of Ball @ L0mhqQt-8H"" (2061)",2026-08-29T07:57:09.084Z,178799022908401
"-- starting hand #169 (id: hqrb5czzfxq4)  No Limit Texas Hold'em (dealer: ""DK @ 6AN-TeA3Jk"") --",2026-08-29T07:57:09.084Z,178799022908400
"""Wizard of Ball @ L0mhqQt-8H"" shows a 7♦, 2♦.",2026-08-29T07:57:06.083Z,178799022608300
"""Henry @ FQN9hzhzP_"" shows a 7♣, Q♠.",2026-08-29T07:57:03.936Z,178799022393600
"Undealt cards: A♠, 5♦, 10♦ [9♥, 4♠]",2026-08-29T07:57:02.107Z,178799022210700
"-- ending hand #168 --",2026-08-29T07:57:01.681Z,178799022168102
"""Wizard of Ball @ L0mhqQt-8H"" collected 444 from pot",2026-08-29T07:57:01.681Z,178799022168101
"Uncalled bet of 153 returned to ""Wizard of Ball @ L0mhqQt-8H""",2026-08-29T07:57:01.681Z,178799022168100
"""Henry @ FQN9hzhzP_"" folds",2026-08-29T07:57:00.796Z,178799022079600
"""Wizard of Ball @ L0mhqQt-8H"" raises to 320",2026-08-29T07:56:55.909Z,178799021590900
"""gurt @ gpP9uUffpu"" folds",2026-08-29T07:56:53.438Z,178799021343800
"""Henry @ FQN9hzhzP_"" raises to 167",2026-08-29T07:56:52.526Z,178799021252600
"""Wizard of Ball @ L0mhqQt-8H"" bets 60",2026-08-29T07:56:50.407Z,178799021040700
"Flop:  [A♠, 5♦, 10♦]",2026-08-29T07:56:46.448Z,178799020644800
"""Wizard of Ball @ L0mhqQt-8H"" calls 35",2026-08-29T07:56:45.564Z,178799020556400
"""DK @ 6AN-TeA3Jk"" folds",2026-08-29T07:56:43.427Z,178799020342700
"""gurt @ gpP9uUffpu"" calls 35",2026-08-29T07:56:41.595Z,178799020159500
"""Henry @ FQN9hzhzP_"" raises to 35",2026-08-29T07:56:39.853Z,178799019985300
"""Wizard of Ball @ L0mhqQt-8H"" posts a big blind of 10",2026-08-29T07:56:31.604Z,178799019160407
"""DK @ 6AN-TeA3Jk"" posts a small blind of 5",2026-08-29T07:56:31.604Z,178799019160406
"Player stacks: #1 ""Henry @ FQN9hzhzP_"" (579) | #2 ""gurt @ gpP9uUffpu"" (4278) | #8 ""DK @ 6AN-TeA3Jk"" (2251) | #9 ""Wizard of Ball @ L0mhqQt-8H"" (1819)",2026-08-29T07:56:31.604Z,178799019160401
"-- starting hand #168 (id: phmlmaljfbdi)  No Limit Texas Hold'em (dealer: ""gurt @ gpP9uUffpu"") --",2026-08-29T07:56:31.604Z,178799019160400
"""DK @ 6AN-TeA3Jk"" shows a 4♠.",2026-08-29T07:56:27.176Z,178799018717600
"""DK @ 6AN-TeA3Jk"" shows a 3♣.",2026-08-29T07:56:26.803Z,178799018680300
"""Henry @ FQN9hzhzP_"" shows a A♥, 10♠.",2026-08-29T07:56:26.564Z,178799018656400
"Undealt cards:  [9♠, A♦, 4♦, 7♦, 6♠]",2026-08-29T07:56:24.806Z,178799018480600
"-- ending hand #167 --",2026-08-29T07:56:24.199Z,178799018419902
"""Henry @ FQN9hzhzP_"" collected 25 from pot",2026-08-29T07:56:24.199Z,178799018419901
"Uncalled bet of 554 returned to ""Henry @ FQN9hzhzP_""",2026-08-29T07:56:24.199Z,178799018419900
"""DK @ 6AN-TeA3Jk"" folds",2026-08-29T07:56:23.350Z,178799018335000
"""gurt @ gpP9uUffpu"" folds",2026-08-29T07:56:22.411Z,178799018241100
"""Henry @ FQN9hzhzP_"" raises to 564 and go all in",2026-08-29T07:56:21.374Z,178799018137400
"""Wizard of Ball @ L0mhqQt-8H"" folds",2026-08-29T07:56:16.538Z,178799017653800
"""DK @ 6AN-TeA3Jk"" posts a big blind of 10",2026-08-29T07:56:14.575Z,178799017457507
"""gurt @ gpP9uUffpu"" posts a small blind of 5",2026-08-29T07:56:14.575Z,178799017457506
"Player stacks: #1 ""Henry @ FQN9hzhzP_"" (564) | #2 ""gurt @ gpP9uUffpu"" (4283) | #8 ""DK @ 6AN-TeA3Jk"" (2261) | #9 ""Wizard of Ball @ L0mhqQt-8H"" (1819)",2026-08-29T07:56:14.575Z,178799017457501
"-- starting hand #167 (id: m9bynguvdj0t)  No Limit Texas Hold'em (dealer: ""Henry @ FQN9hzhzP_"") --",2026-08-29T07:56:14.575Z,178799017457500
"""Henry @ FQN9hzhzP_"" shows a K♣, 3♠.",2026-08-29T07:56:10.088Z,178799017008800
"""gurt @ gpP9uUffpu"" shows a 10♣, 10♥.",2026-08-29T07:56:08.787Z,178799016878700
"Undealt cards:  [8♥, 6♣, 4♣, 7♣, 4♥]",2026-08-29T07:56:08.051Z,178799016805100
"-- ending hand #166 --",2026-08-29T07:56:07.172Z,178799016717202
"""gurt @ gpP9uUffpu"" collected 740 from pot",2026-08-29T07:56:07.172Z,178799016717201
"Uncalled bet of 3543 returned to ""gurt @ gpP9uUffpu""",2026-08-29T07:56:07.172Z,178799016717200
"""Henry @ FQN9hzhzP_"" folds",2026-08-29T07:56:06.357Z,178799016635700
"""gurt @ gpP9uUffpu"" raises to 3878 and go all in",2026-08-29T07:55:48.867Z,178799014886700
"""Henry @ FQN9hzhzP_"" raises to 335",2026-08-29T07:55:45.239Z,178799014523900
"""Wizard of Ball @ L0mhqQt-8H"" folds",2026-08-29T07:55:40.019Z,178799014001900
"""DK @ 6AN-TeA3Jk"" folds",2026-08-29T07:55:39.112Z,178799013911200
"""gurt @ gpP9uUffpu"" raises to 150",2026-08-29T07:55:37.266Z,178799013726600
"""Henry @ FQN9hzhzP_"" calls 35",2026-08-29T07:55:33.887Z,178799013388700
"""Wizard of Ball @ L0mhqQt-8H"" calls 35",2026-08-29T07:55:29.462Z,178799012946200
"""DK @ 6AN-TeA3Jk"" raises to 35",2026-08-29T07:55:28.544Z,178799012854400
"""gurt @ gpP9uUffpu"" posts a big blind of 10",2026-08-29T07:55:24.475Z,178799012447507
"""Henry @ FQN9hzhzP_"" posts a small blind of 5",2026-08-29T07:55:24.475Z,178799012447506
"Your hand is 10♣, 10♥",2026-08-29T07:55:24.475Z,178799012447503
"Player stacks: #1 ""Henry @ FQN9hzhzP_"" (899) | #2 ""gurt @ gpP9uUffpu"" (3878) | #8 ""DK @ 6AN-TeA3Jk"" (2296) | #9 ""Wizard of Ball @ L0mhqQt-8H"" (1854)",2026-08-29T07:55:24.475Z,178799012447501
"-- starting hand #166 (id: lf79rs2s7mkq)  No Limit Texas Hold'em (dealer: ""Wizard of Ball @ L0mhqQt-8H"") --",2026-08-29T07:55:24.475Z,178799012447500
"-- ending hand #165 --",2026-08-29T07:55:21.469Z,178799012146902
"""gurt @ gpP9uUffpu"" collected 1200 from pot",2026-08-29T07:55:21.469Z,178799012146901
"Uncalled bet of 900 returned to ""gurt @ gpP9uUffpu""",2026-08-29T07:55:21.469Z,178799012146900
"""Wizard of Ball @ L0mhqQt-8H"" folds",2026-08-29T07:55:20.557Z,178799012055700
"""gurt @ gpP9uUffpu"" bets 900",2026-08-29T07:55:12.963Z,178799011296300
"""Wizard of Ball @ L0mhqQt-8H"" checks",2026-08-29T07:55:10.084Z,178799011008400
"River: 2♦, 10♥, 6♦, Q♣ [A♥]",2026-08-29T07:55:08.214Z,178799010821400
"""gurt @ gpP9uUffpu"" calls 400",2026-08-29T07:55:07.347Z,178799010734700
"""Wizard of Ball @ L0mhqQt-8H"" raises to 400",2026-08-29T07:55:05.606Z,178799010560600
"""gurt @ gpP9uUffpu"" raises to 150",2026-08-29T07:55:03.122Z,178799010312200
"""Wizard of Ball @ L0mhqQt-8H"" bets 30",2026-08-29T07:54:59.505Z,178799009950500
"Turn: 2♦, 10♥, 6♦ [Q♣]",2026-08-29T07:54:56.487Z,178799009648700
"""Wizard of Ball @ L0mhqQt-8H"" calls 120",2026-08-29T07:54:55.581Z,178799009558100
"""DK @ 6AN-TeA3Jk"" folds",2026-08-29T07:54:54.673Z,178799009467300
"""gurt @ gpP9uUffpu"" raises to 120",2026-08-29T07:54:52.792Z,178799009279200
"""Henry @ FQN9hzhzP_"" folds",2026-08-29T07:54:48.696Z,178799008869600
"""Wizard of Ball @ L0mhqQt-8H"" bets 30",2026-08-29T07:54:40.739Z,178799008073900
"Flop:  [2♦, 10♥, 6♦]",2026-08-29T07:54:36.873Z,178799007687300
"""Henry @ FQN9hzhzP_"" calls 40",2026-08-29T07:54:35.996Z,178799007599600
"""Wizard of Ball @ L0mhqQt-8H"" calls 40",2026-08-29T07:54:28.987Z,178799006898700
"""DK @ 6AN-TeA3Jk"" calls 40",2026-08-29T07:54:27.465Z,178799006746500
"""gurt @ gpP9uUffpu"" raises to 40",2026-08-29T07:54:26.072Z,178799006607200
"""Henry @ FQN9hzhzP_"" posts a big blind of 10",2026-08-29T07:54:23.540Z,178799006354007
"""Wizard of Ball @ L0mhqQt-8H"" posts a small blind of 5",2026-08-29T07:54:23.540Z,178799006354006
"Player stacks: #1 ""Henry @ FQN9hzhzP_"" (939) | #2 ""gurt @ gpP9uUffpu"" (3238) | #8 ""DK @ 6AN-TeA3Jk"" (2336) | #9 ""Wizard of Ball @ L0mhqQt-8H"" (2414)",2026-08-29T07:54:23.540Z,178799006354001
"-- starting hand #165 (id: idahwlkmdf9c)  No Limit Texas Hold'em (dealer: ""DK @ 6AN-TeA3Jk"") --",2026-08-29T07:54:23.540Z,178799006354000
"""Henry @ FQN9hzhzP_"" shows a Q♠, 2♦.",2026-08-29T07:54:21.063Z,178799006106300
"-- ending hand #164 --",2026-08-29T07:54:19.916Z,178799005991602
"""gurt @ gpP9uUffpu"" collected 422 from pot",2026-08-29T07:54:19.916Z,178799005991601
"Uncalled bet of 316 returned to ""gurt @ gpP9uUffpu""",2026-08-29T07:54:19.916Z,178799005991600
"""Henry @ FQN9hzhzP_"" folds",2026-08-29T07:54:19.086Z,178799005908600
"""gurt @ gpP9uUffpu"" bets 316",2026-08-29T07:54:16.503Z,178799005650300
"""Henry @ FQN9hzhzP_"" checks",2026-08-29T07:54:10.072Z,178799005007200
"River: 3♠, 3♥, 5♥, 9♣ [9♠]",2026-08-29T07:54:01.237Z,178799004123700
"""gurt @ gpP9uUffpu"" calls 146",2026-08-29T07:54:00.362Z,178799004036200
"""Henry @ FQN9hzhzP_"" raises to 146",2026-08-29T07:53:57.111Z,178799003711100
"""gurt @ gpP9uUffpu"" raises to 72",2026-08-29T07:53:40.143Z,178799002014300
"""Henry @ FQN9hzhzP_"" bets 24",2026-08-29T07:53:35.368Z,178799001536800
"Turn: 3♠, 3♥, 5♥ [9♣]",2026-08-29T07:53:32.147Z,178799001214700
"""DK @ 6AN-TeA3Jk"" folds",2026-08-29T07:53:31.323Z,178799001132300
"""gurt @ gpP9uUffpu"" calls 24",2026-08-29T07:53:27.749Z,178799000774900
"""Henry @ FQN9hzhzP_"" bets 24",2026-08-29T07:53:25.094Z,178799000509400
"""DK @ 6AN-TeA3Jk"" checks",2026-08-29T07:53:17.316Z,178798999731600
"Flop:  [3♠, 3♥, 5♥]",2026-08-29T07:53:14.643Z,178798999464300
"""Wizard of Ball @ L0mhqQt-8H"" folds",2026-08-29T07:53:13.830Z,178798999383000
"""DK @ 6AN-TeA3Jk"" calls 24",2026-08-29T07:53:12.853Z,178798999285300
"""gurt @ gpP9uUffpu"" calls 24",2026-08-29T07:53:07.071Z,178798998707100
"""Henry @ FQN9hzhzP_"" raises to 24",2026-08-29T07:53:05.606Z,178798998560600
"""Wizard of Ball @ L0mhqQt-8H"" posts a big blind of 10",2026-08-29T07:52:57.330Z,178798997733007
"""DK @ 6AN-TeA3Jk"" posts a small blind of 5",2026-08-29T07:52:57.330Z,178798997733006
"Player stacks: #1 ""Henry @ FQN9hzhzP_"" (1133) | #2 ""gurt @ gpP9uUffpu"" (3010) | #8 ""DK @ 6AN-TeA3Jk"" (2360) | #9 ""Wizard of Ball @ L0mhqQt-8H"" (2424)",2026-08-29T07:52:57.330Z,178798997733001
"-- starting hand #164 (id: ddo5jehzqglg)  No Limit Texas Hold'em (dealer: ""gurt @ gpP9uUffpu"") --",2026-08-29T07:52:57.330Z,178798997733000
"""Henry @ FQN9hzhzP_"" shows a 3♣, A♦.",2026-08-29T07:52:54.308Z,178798997430800
"-- ending hand #163 --",2026-08-29T07:52:53.707Z,178798997370701
"""DK @ 6AN-TeA3Jk"" collected 629 from pot",2026-08-29T07:52:53.707Z,178798997370700
"""gurt @ gpP9uUffpu"" folds",2026-08-29T07:52:52.883Z,178798997288300
"River: 9♠, 7♠, K♦, J♣ [5♦]",2026-08-29T07:52:49.981Z,178798996998100
"""gurt @ gpP9uUffpu"" calls 157",2026-08-29T07:52:49.161Z,178798996916100
"""Henry @ FQN9hzhzP_"" folds",2026-08-29T07:52:46.549Z,178798996654900
"""DK @ 6AN-TeA3Jk"" bets 157",2026-08-29T07:52:42.674Z,178798996267400
"""gurt @ gpP9uUffpu"" checks",2026-08-29T07:52:39.408Z,178798995940800
"Turn: 9♠, 7♠, K♦ [J♣]",2026-08-29T07:52:37.294Z,178798995729400
"""gurt @ gpP9uUffpu"" calls 63",2026-08-29T07:52:36.449Z,178798995644900
"""Henry @ FQN9hzhzP_"" calls 63",2026-08-29T07:52:35.350Z,178798995535000
"""DK @ 6AN-TeA3Jk"" bets 63",2026-08-29T07:52:28.505Z,178798994850500
"""gurt @ gpP9uUffpu"" checks",2026-08-29T07:52:24.422Z,178798994442200
"Flop:  [9♠, 7♠, K♦]",2026-08-29T07:52:21.711Z,178798994171100
"""DK @ 6AN-TeA3Jk"" calls 42",2026-08-29T07:52:20.906Z,178798994090600
"""gurt @ gpP9uUffpu"" calls 42",2026-08-29T07:52:19.807Z,178798993980700
"""Henry @ FQN9hzhzP_"" raises to 42",2026-08-29T07:52:17.580Z,178798993758000
"""Wizard of Ball @ L0mhqQt-8H"" folds",2026-08-29T07:51:59.601Z,178798991960100
"""DK @ 6AN-TeA3Jk"" posts a big blind of 10",2026-08-29T07:51:58.462Z,178798991846207
"""gurt @ gpP9uUffpu"" posts a small blind of 5",2026-08-29T07:51:58.462Z,178798991846206
"Player stacks: #1 ""Henry @ FQN9hzhzP_"" (1238) | #2 ""gurt @ gpP9uUffpu"" (3272) | #8 ""DK @ 6AN-TeA3Jk"" (1993) | #9 ""Wizard of Ball @ L0mhqQt-8H"" (2424)",2026-08-29T07:51:58.462Z,178798991846201
"-- starting hand #163 (id: feock0b0rmld)  No Limit Texas Hold'em (dealer: ""Henry @ FQN9hzhzP_"") --",2026-08-29T07:51:58.462Z,178798991846200
"""Henry @ FQN9hzhzP_"" shows a 2♦, K♥.",2026-08-29T07:51:52.369Z,178798991236900
"Undealt cards: K♦, 2♠, 3♠ [K♣, 2♣]",2026-08-29T07:51:52.102Z,178798991210200
"-- ending hand #162 --",2026-08-29T07:51:51.799Z,178798991179902
"""Henry @ FQN9hzhzP_"" collected 104 from pot",2026-08-29T07:51:51.799Z,178798991179901
"Uncalled bet of 67 returned to ""Henry @ FQN9hzhzP_""",2026-08-29T07:51:51.799Z,178798991179900
"""Wizard of Ball @ L0mhqQt-8H"" folds",2026-08-29T07:51:50.958Z,178798991095800
"""DK @ 6AN-TeA3Jk"" folds",2026-08-29T07:51:49.999Z,178798990999900
"""gurt @ gpP9uUffpu"" folds",2026-08-29T07:51:47.567Z,178798990756700
"""Henry @ FQN9hzhzP_"" bets 67",2026-08-29T07:51:45.046Z,178798990504600
"Flop:  [K♦, 2♠, 3♠]",2026-08-29T07:51:37.110Z,178798989711000
"""Wizard of Ball @ L0mhqQt-8H"" calls 26",2026-08-29T07:51:36.283Z,178798989628300
"""DK @ 6AN-TeA3Jk"" calls 26",2026-08-29T07:51:35.309Z,178798989530900
"""gurt @ gpP9uUffpu"" calls 26",2026-08-29T07:51:33.858Z,178798989385800
"""Henry @ FQN9hzhzP_"" raises to 26",2026-08-29T07:51:29.589Z,178798988958900
"""Wizard of Ball @ L0mhqQt-8H"" calls 10",2026-08-29T07:51:15.558Z,178798987555800
"""DK @ 6AN-TeA3Jk"" calls 10",2026-08-29T07:51:14.487Z,178798987448700
"""gurt @ gpP9uUffpu"" posts a big blind of 10",2026-08-29T07:51:07.145Z,178798986714507
"""Henry @ FQN9hzhzP_"" posts a small blind of 5",2026-08-29T07:51:07.145Z,178798986714506
"Player stacks: #1 ""Henry @ FQN9hzhzP_"" (1160) | #2 ""gurt @ gpP9uUffpu"" (3298) | #8 ""DK @ 6AN-TeA3Jk"" (2019) | #9 ""Wizard of Ball @ L0mhqQt-8H"" (2450)",2026-08-29T07:51:07.145Z,178798986714501
"-- starting hand #162 (id: qhduovhpkkfc)  No Limit Texas Hold'em (dealer: ""Wizard of Ball @ L0mhqQt-8H"") --",2026-08-29T07:51:07.145Z,178798986714500
"""Henry @ FQN9hzhzP_"" shows a 8♦, J♥.",2026-08-29T07:51:04.427Z,178798986442700
"-- ending hand #161 --",2026-08-29T07:51:03.542Z,178798986354202
"""DK @ 6AN-TeA3Jk"" collected 259 from pot",2026-08-29T07:51:03.542Z,178798986354201
"Uncalled bet of 183 returned to ""DK @ 6AN-TeA3Jk""",2026-08-29T07:51:03.542Z,178798986354200
"""Henry @ FQN9hzhzP_"" folds",2026-08-29T07:51:02.723Z,178798986272300
"""Wizard of Ball @ L0mhqQt-8H"" folds",2026-08-29T07:51:01.039Z,178798986103900
"""DK @ 6AN-TeA3Jk"" raises to 250",2026-08-29T07:50:59.811Z,178798985981100
"""Henry @ FQN9hzhzP_"" raises to 67",2026-08-29T07:50:49.124Z,178798984912400
"""Wizard of Ball @ L0mhqQt-8H"" bets 20",2026-08-29T07:50:44.417Z,178798984441700
"River: 3♣, 10♣, 5♠, 9♥ [4♠]",2026-08-29T07:50:39.662Z,178798983966200
"""DK @ 6AN-TeA3Jk"" checks",2026-08-29T07:50:38.834Z,178798983883400
"""Henry @ FQN9hzhzP_"" checks",2026-08-29T07:50:35.193Z,178798983519300
"""Wizard of Ball @ L0mhqQt-8H"" checks",2026-08-29T07:50:26.550Z,178798982655000
"Turn: 3♣, 10♣, 5♠ [9♥]",2026-08-29T07:50:25.053Z,178798982505300
"""DK @ 6AN-TeA3Jk"" checks",2026-08-29T07:50:24.220Z,178798982422000
"""Henry @ FQN9hzhzP_"" checks",2026-08-29T07:50:22.820Z,178798982282000
"""Wizard of Ball @ L0mhqQt-8H"" checks",2026-08-29T07:50:21.481Z,178798982148100
"Flop:  [3♣, 10♣, 5♠]",2026-08-29T07:50:17.997Z,178798981799700
"""Henry @ FQN9hzhzP_"" calls 35",2026-08-29T07:50:17.171Z,178798981717100
"""Wizard of Ball @ L0mhqQt-8H"" calls 35",2026-08-29T07:50:14.615Z,178798981461500
"""DK @ 6AN-TeA3Jk"" raises to 35",2026-08-29T07:50:10.185Z,178798981018500
"""gurt @ gpP9uUffpu"" folds",2026-08-29T07:50:07.500Z,178798980750000
"""Henry @ FQN9hzhzP_"" posts a big blind of 10",2026-08-29T07:50:05.948Z,178798980594807
"""Wizard of Ball @ L0mhqQt-8H"" posts a small blind of 5",2026-08-29T07:50:05.948Z,178798980594806
"Player stacks: #1 ""Henry @ FQN9hzhzP_"" (1262) | #2 ""gurt @ gpP9uUffpu"" (3298) | #8 ""DK @ 6AN-TeA3Jk"" (1862) | #9 ""Wizard of Ball @ L0mhqQt-8H"" (2505)",2026-08-29T07:50:05.948Z,178798980594801
"-- starting hand #161 (id: gjkloiuj33qb)  No Limit Texas Hold'em (dealer: ""DK @ 6AN-TeA3Jk"") --",2026-08-29T07:50:05.948Z,178798980594800
"""Henry @ FQN9hzhzP_"" shows a 7♥, 8♥.",2026-08-29T07:50:01.525Z,178798980152500
"Undealt cards: 10♥, A♥, 7♣, 4♠ [9♠]",2026-08-29T07:49:59.522Z,178798979952200
"-- ending hand #160 --",2026-08-29T07:49:59.277Z,178798979927702
"""Henry @ FQN9hzhzP_"" collected 283 from pot",2026-08-29T07:49:59.277Z,178798979927701
"Uncalled bet of 167 returned to ""Henry @ FQN9hzhzP_""",2026-08-29T07:49:59.277Z,178798979927700
"""gurt @ gpP9uUffpu"" folds",2026-08-29T07:49:58.438Z,178798979843800
"""Henry @ FQN9hzhzP_"" bets 167",2026-08-29T07:49:57.513Z,178798979751300
"Turn: 10♥, A♥, 7♣ [4♠]",2026-08-29T07:49:52.073Z,178798979207300
"""gurt @ gpP9uUffpu"" calls 67",2026-08-29T07:49:51.237Z,178798979123700
"""Henry @ FQN9hzhzP_"" bets 67",2026-08-29T07:49:49.606Z,178798978960600
"Flop:  [10♥, A♥, 7♣]",2026-08-29T07:49:44.928Z,178798978492800
"""Wizard of Ball @ L0mhqQt-8H"" folds",2026-08-29T07:49:44.118Z,178798978411800
"""DK @ 6AN-TeA3Jk"" folds",2026-08-29T07:49:41.752Z,178798978175200
"""gurt @ gpP9uUffpu"" calls 67",2026-08-29T07:49:40.828Z,178798978082800
"""Henry @ FQN9hzhzP_"" raises to 67",2026-08-29T07:49:38.471Z,178798977847100
"""Wizard of Ball @ L0mhqQt-8H"" posts a big blind of 10",2026-08-29T07:49:33.053Z,178798977305307
"""DK @ 6AN-TeA3Jk"" posts a small blind of 5",2026-08-29T07:49:33.053Z,178798977305306
"Player stacks: #1 ""Henry @ FQN9hzhzP_"" (1113) | #2 ""gurt @ gpP9uUffpu"" (3432) | #8 ""DK @ 6AN-TeA3Jk"" (1867) | #9 ""Wizard of Ball @ L0mhqQt-8H"" (2515)",2026-08-29T07:49:33.053Z,178798977305301
"-- starting hand #160 (id: iobaixjmx7j6)  No Limit Texas Hold'em (dealer: ""gurt @ gpP9uUffpu"") --",2026-08-29T07:49:33.053Z,178798977305300
"-- ending hand #159 --",2026-08-29T07:49:30.093Z,178798977009302
"""gurt @ gpP9uUffpu"" collected 190 from pot",2026-08-29T07:49:30.093Z,178798977009301
"Uncalled bet of 380 returned to ""gurt @ gpP9uUffpu""",2026-08-29T07:49:30.093Z,178798977009300
"""Henry @ FQN9hzhzP_"" folds",2026-08-29T07:49:29.286Z,178798976928600
"""gurt @ gpP9uUffpu"" bets 380",2026-08-29T07:49:27.403Z,178798976740300
"River: 7♠, 7♦, 6♥, J♠ [K♥]",2026-08-29T07:49:17.439Z,178798975743900
"""Henry @ FQN9hzhzP_"" calls 50",2026-08-29T07:49:16.579Z,178798975657900
"""gurt @ gpP9uUffpu"" bets 50",2026-08-29T07:49:08.552Z,178798974855200
"Turn: 7♠, 7♦, 6♥ [J♠]",2026-08-29T07:49:05.622Z,178798974562200
"""Henry @ FQN9hzhzP_"" calls 30",2026-08-29T07:49:04.804Z,178798974480400
"""DK @ 6AN-TeA3Jk"" folds",2026-08-29T07:49:03.347Z,178798974334700
"""gurt @ gpP9uUffpu"" raises to 30",2026-08-29T07:49:02.148Z,178798974214800
"""Henry @ FQN9hzhzP_"" bets 10",2026-08-29T07:48:58.594Z,178798973859400
"""DK @ 6AN-TeA3Jk"" checks",2026-08-29T07:48:55.904Z,178798973590400
"""gurt @ gpP9uUffpu"" checks",2026-08-29T07:48:54.566Z,178798973456600
"Flop:  [7♠, 7♦, 6♥]",2026-08-29T07:48:52.763Z,178798973276300
"""DK @ 6AN-TeA3Jk"" checks",2026-08-29T07:48:51.939Z,178798973193900
"""gurt @ gpP9uUffpu"" calls 10",2026-08-29T07:48:50.303Z,178798973030300
"""Henry @ FQN9hzhzP_"" calls 10",2026-08-29T07:48:48.559Z,178798972855900
"""Wizard of Ball @ L0mhqQt-8H"" folds",2026-08-29T07:48:45.660Z,178798972566000
"""DK @ 6AN-TeA3Jk"" posts a big blind of 10",2026-08-29T07:48:44.090Z,178798972409007
"""gurt @ gpP9uUffpu"" posts a small blind of 5",2026-08-29T07:48:44.090Z,178798972409006
"Player stacks: #1 ""Henry @ FQN9hzhzP_"" (1203) | #2 ""gurt @ gpP9uUffpu"" (3332) | #8 ""DK @ 6AN-TeA3Jk"" (1877) | #9 ""Wizard of Ball @ L0mhqQt-8H"" (2515)",2026-08-29T07:48:44.090Z,178798972409001
"-- starting hand #159 (id: 2hwb5so0uak5)  No Limit Texas Hold'em (dealer: ""Henry @ FQN9hzhzP_"") --",2026-08-29T07:48:44.090Z,178798972409000
"-- ending hand #158 --",2026-08-29T07:48:38.086Z,178798971808603
"""gurt @ gpP9uUffpu"" collected 540 from pot with Pair, Q's (combination: 6♥, 9♦, K♥, Q♥, Q♣)",2026-08-29T07:48:38.086Z,178798971808602
"""gurt @ gpP9uUffpu"" shows a 6♥, Q♥.",2026-08-29T07:48:38.086Z,178798971808601
"""Henry @ FQN9hzhzP_"" shows a 3♥, 4♦.",2026-08-29T07:48:38.086Z,178798971808600
"""gurt @ gpP9uUffpu"" calls 167",2026-08-29T07:48:37.270Z,178798971727000
"""Henry @ FQN9hzhzP_"" raises to 167",2026-08-29T07:48:26.891Z,178798970689100
"""gurt @ gpP9uUffpu"" bets 70",2026-08-29T07:48:22.895Z,178798970289500
"""Henry @ FQN9hzhzP_"" checks",2026-08-29T07:48:19.633Z,178798969963300
"River: 9♦, K♥, 5♦, 2♦ [Q♣]",2026-08-29T07:48:17.980Z,178798969798000
"""Wizard of Ball @ L0mhqQt-8H"" folds",2026-08-29T07:48:17.171Z,178798969717100
"""DK @ 6AN-TeA3Jk"" folds",2026-08-29T07:48:16.238Z,178798969623800
"""gurt @ gpP9uUffpu"" calls 33",2026-08-29T07:48:14.088Z,178798969408800
"""Henry @ FQN9hzhzP_"" bets 33",2026-08-29T07:48:10.181Z,178798969018100
"Turn: 9♦, K♥, 5♦ [2♦]",2026-08-29T07:48:01.607Z,178798968160700
"""Wizard of Ball @ L0mhqQt-8H"" checks",2026-08-29T07:48:00.693Z,178798968069300
"""DK @ 6AN-TeA3Jk"" checks",2026-08-29T07:47:52.578Z,178798967257800
"""gurt @ gpP9uUffpu"" checks",2026-08-29T07:47:51.468Z,178798967146800
"""Henry @ FQN9hzhzP_"" checks",2026-08-29T07:47:50.552Z,178798967055200
"Flop:  [9♦, K♥, 5♦]",2026-08-29T07:47:42.972Z,178798966297200
"""gurt @ gpP9uUffpu"" calls 35",2026-08-29T07:47:42.164Z,178798966216400
"""Henry @ FQN9hzhzP_"" calls 35",2026-08-29T07:47:41.259Z,178798966125900
"""Wizard of Ball @ L0mhqQt-8H"" calls 35",2026-08-29T07:47:35.858Z,178798965585800
"""DK @ 6AN-TeA3Jk"" raises to 35",2026-08-29T07:47:34.942Z,178798965494200
"""gurt @ gpP9uUffpu"" posts a big blind of 10",2026-08-29T07:47:32.541Z,178798965254107
"""Henry @ FQN9hzhzP_"" posts a small blind of 5",2026-08-29T07:47:32.541Z,178798965254106
"Your hand is 6♥, Q♥",2026-08-29T07:47:32.541Z,178798965254103
"Player stacks: #1 ""Henry @ FQN9hzhzP_"" (1438) | #2 ""gurt @ gpP9uUffpu"" (3027) | #8 ""DK @ 6AN-TeA3Jk"" (1912) | #9 ""Wizard of Ball @ L0mhqQt-8H"" (2550)",2026-08-29T07:47:32.541Z,178798965254101
"-- starting hand #158 (id: 6dnoxzs3d8qn)  No Limit Texas Hold'em (dealer: ""Wizard of Ball @ L0mhqQt-8H"") --",2026-08-29T07:47:32.541Z,178798965254100
"""DK @ 6AN-TeA3Jk"" shows a 6♦.",2026-08-29T07:47:28.340Z,178798964834000
"Undealt cards: 10♦, 7♥, 7♠ [6♠, 6♥]",2026-08-29T07:47:26.240Z,178798964624000
"-- ending hand #157 --",2026-08-29T07:47:25.935Z,178798964593502
"""gurt @ gpP9uUffpu"" collected 339 from pot",2026-08-29T07:47:25.935Z,178798964593501
"Uncalled bet of 60 returned to ""gurt @ gpP9uUffpu""",2026-08-29T07:47:25.935Z,178798964593500
"""Henry @ FQN9hzhzP_"" folds",2026-08-29T07:47:25.087Z,178798964508700
"""gurt @ gpP9uUffpu"" bets 60",2026-08-29T07:47:23.642Z,178798964364200
"""Henry @ FQN9hzhzP_"" checks",2026-08-29T07:47:21.323Z,178798964132300
"Flop:  [10♦, 7♥, 7♠]",2026-08-29T07:47:18.785Z,178798963878500
"""gurt @ gpP9uUffpu"" calls 167",2026-08-29T07:47:17.897Z,178798963789700
"""Henry @ FQN9hzhzP_"" raises to 167",2026-08-29T07:47:15.458Z,178798963545800
"""Wizard of Ball @ L0mhqQt-8H"" folds",2026-08-29T07:47:10.693Z,178798963069300
"""DK @ 6AN-TeA3Jk"" folds",2026-08-29T07:47:09.726Z,178798962972600
"""gurt @ gpP9uUffpu"" raises to 50",2026-08-29T07:47:08.557Z,178798962855700
"""Henry @ FQN9hzhzP_"" posts a big blind of 10",2026-08-29T07:47:05.983Z,178798962598307
"""Wizard of Ball @ L0mhqQt-8H"" posts a small blind of 5",2026-08-29T07:47:05.983Z,178798962598306
"Player stacks: #1 ""Henry @ FQN9hzhzP_"" (1605) | #2 ""gurt @ gpP9uUffpu"" (2855) | #8 ""DK @ 6AN-TeA3Jk"" (1912) | #9 ""Wizard of Ball @ L0mhqQt-8H"" (2555)",2026-08-29T07:47:05.983Z,178798962598301
"-- starting hand #157 (id: 6lqegobolbpx)  No Limit Texas Hold'em (dealer: ""DK @ 6AN-TeA3Jk"") --",2026-08-29T07:47:05.983Z,178798962598300
"""DK @ 6AN-TeA3Jk"" shows a J♦.",2026-08-29T07:47:03.174Z,178798962317400
"""Henry @ FQN9hzhzP_"" shows a Q♥, 2♣.",2026-08-29T07:47:00.981Z,178798962098100
"Undealt cards: 8♠, 10♥, J♥ [4♥, 8♦]",2026-08-29T07:46:59.971Z,178798961997100
"""gurt @ gpP9uUffpu"" shows a 7♦, 2♥.",2026-08-29T07:46:58.626Z,178798961862600
"-- ending hand #156 --",2026-08-29T07:46:57.976Z,178798961797602
"""gurt @ gpP9uUffpu"" collected 149 from pot",2026-08-29T07:46:57.976Z,178798961797601
"Uncalled bet of 50 returned to ""gurt @ gpP9uUffpu""",2026-08-29T07:46:57.976Z,178798961797600
"""Henry @ FQN9hzhzP_"" folds",2026-08-29T07:46:57.010Z,178798961701000
"""gurt @ gpP9uUffpu"" bets 50",2026-08-29T07:46:49.732Z,178798960973200
"""Henry @ FQN9hzhzP_"" checks",2026-08-29T07:46:45.989Z,178798960598900
"Flop:  [8♠, 10♥, J♥]",2026-08-29T07:46:43.163Z,178798960316300
"""Wizard of Ball @ L0mhqQt-8H"" folds",2026-08-29T07:46:42.260Z,178798960226000
"""DK @ 6AN-TeA3Jk"" folds",2026-08-29T07:46:41.258Z,178798960125800
"""gurt @ gpP9uUffpu"" calls 67",2026-08-29T07:46:40.254Z,178798960025400
"""Henry @ FQN9hzhzP_"" raises to 67",2026-08-29T07:46:39.234Z,178798959923400
"""Wizard of Ball @ L0mhqQt-8H"" posts a big blind of 10",2026-08-29T07:46:29.154Z,178798958915407
"""DK @ 6AN-TeA3Jk"" posts a small blind of 5",2026-08-29T07:46:29.154Z,178798958915406
"Your hand is 7♦, 2♥",2026-08-29T07:46:29.154Z,178798958915403
"Player stacks: #1 ""Henry @ FQN9hzhzP_"" (1672) | #2 ""gurt @ gpP9uUffpu"" (2773) | #8 ""DK @ 6AN-TeA3Jk"" (1917) | #9 ""Wizard of Ball @ L0mhqQt-8H"" (2565)",2026-08-29T07:46:29.154Z,178798958915401
"-- starting hand #156 (id: e3j92aqfmpap)  No Limit Texas Hold'em (dealer: ""gurt @ gpP9uUffpu"") --",2026-08-29T07:46:29.154Z,178798958915400
"""gurt @ gpP9uUffpu"" shows a 5♥.",2026-08-29T07:46:25.156Z,178798958515600
"""DK @ 6AN-TeA3Jk"" shows a 5♣.",2026-08-29T07:46:24.489Z,178798958448900
"Undealt cards: A♠, 3♥, 4♥, 3♣ [2♦]",2026-08-29T07:46:23.997Z,178798958399700
"""Henry @ FQN9hzhzP_"" shows a 4♦.",2026-08-29T07:46:21.989Z,178798958198900
"""Henry @ FQN9hzhzP_"" shows a A♣.",2026-08-29T07:46:21.497Z,178798958149700
"-- ending hand #155 --",2026-08-29T07:46:21.148Z,178798958114802
"""Henry @ FQN9hzhzP_"" collected 273 from pot",2026-08-29T07:46:21.148Z,178798958114801
"Uncalled bet of 67 returned to ""Henry @ FQN9hzhzP_""",2026-08-29T07:46:21.148Z,178798958114800
"""DK @ 6AN-TeA3Jk"" folds",2026-08-29T07:46:20.277Z,178798958027700
"""Henry @ FQN9hzhzP_"" bets 67",2026-08-29T07:46:18.646Z,178798957864600
"""DK @ 6AN-TeA3Jk"" checks",2026-08-29T07:46:15.413Z,178798957541300
"Turn: A♠, 3♥, 4♥ [3♣]",2026-08-29T07:46:13.897Z,178798957389700
"""DK @ 6AN-TeA3Jk"" calls 67",2026-08-29T07:46:13.058Z,178798957305800
"""Henry @ FQN9hzhzP_"" bets 67",2026-08-29T07:46:11.738Z,178798957173800
"""DK @ 6AN-TeA3Jk"" checks",2026-08-29T07:46:07.493Z,178798956749300
"Flop:  [A♠, 3♥, 4♥]",2026-08-29T07:46:04.889Z,178798956488900
"""DK @ 6AN-TeA3Jk"" calls 67",2026-08-29T07:46:04.008Z,178798956400800
"""gurt @ gpP9uUffpu"" folds",2026-08-29T07:46:02.579Z,178798956257900
"""Henry @ FQN9hzhzP_"" raises to 67",2026-08-29T07:45:59.262Z,178798955926200
"""Wizard of Ball @ L0mhqQt-8H"" folds",2026-08-29T07:45:47.128Z,178798954712800
"""DK @ 6AN-TeA3Jk"" posts a big blind of 10",2026-08-29T07:45:44.451Z,178798954445107
"""gurt @ gpP9uUffpu"" posts a small blind of 5",2026-08-29T07:45:44.451Z,178798954445106
"Player stacks: #1 ""Henry @ FQN9hzhzP_"" (1533) | #2 ""gurt @ gpP9uUffpu"" (2778) | #8 ""DK @ 6AN-TeA3Jk"" (2051) | #9 ""Wizard of Ball @ L0mhqQt-8H"" (2565)",2026-08-29T07:45:44.451Z,178798954445101
"-- starting hand #155 (id: echt9aqfxeyf)  No Limit Texas Hold'em (dealer: ""Henry @ FQN9hzhzP_"") --",2026-08-29T07:45:44.451Z,178798954445100
"-- ending hand #154 --",2026-08-29T07:45:38.438Z,178798953843805
"""Wizard of Ball @ L0mhqQt-8H"" collected 636 from pot with Two Pair, 10's & 2's (combination: Q♣, 2♦, 2♣, 10♠, 10♦)",2026-08-29T07:45:38.438Z,178798953843804
"""Wizard of Ball @ L0mhqQt-8H"" shows a 10♠, 10♦.",2026-08-29T07:45:38.438Z,178798953843803
"""DK @ 6AN-TeA3Jk"" collected 2051 from pot with Two Pair, Q's & 2's (combination: A♥, 2♦, 2♣, Q♦, Q♣)",2026-08-29T07:45:38.438Z,178798953843802
"""DK @ 6AN-TeA3Jk"" shows a A♥, Q♦.",2026-08-29T07:45:38.438Z,178798953843801
"""gurt @ gpP9uUffpu"" shows a A♠, 10♥.",2026-08-29T07:45:38.438Z,178798953843800
"""Wizard of Ball @ L0mhqQt-8H"" checks",2026-08-29T07:45:37.626Z,178798953762600
"""gurt @ gpP9uUffpu"" checks",2026-08-29T07:45:36.449Z,178798953644900
"River: J♦, Q♣, 2♦, 8♦ [2♣]",2026-08-29T07:45:27.209Z,178798952720900
"""Wizard of Ball @ L0mhqQt-8H"" checks",2026-08-29T07:45:26.306Z,178798952630600
"""gurt @ gpP9uUffpu"" checks",2026-08-29T07:45:25.128Z,178798952512800
"Turn: J♦, Q♣, 2♦ [8♦]",2026-08-29T07:45:16.400Z,178798951640000
"""DK @ 6AN-TeA3Jk"" calls 282 and go all in",2026-08-29T07:45:15.578Z,178798951557800
"""gurt @ gpP9uUffpu"" calls 600",2026-08-29T07:45:05.981Z,178798950598100
"""Wizard of Ball @ L0mhqQt-8H"" bets 600",2026-08-29T07:45:04.399Z,178798950439900
"""DK @ 6AN-TeA3Jk"" checks",2026-08-29T07:45:01.545Z,178798950154500
"""gurt @ gpP9uUffpu"" checks",2026-08-29T07:44:58.937Z,178798949893700
"Flop:  [J♦, Q♣, 2♦]",2026-08-29T07:44:56.465Z,178798949646500
"""DK @ 6AN-TeA3Jk"" calls 400",2026-08-29T07:44:55.626Z,178798949562600
"""gurt @ gpP9uUffpu"" calls 400",2026-08-29T07:44:53.876Z,178798949387600
"""Wizard of Ball @ L0mhqQt-8H"" raises to 400",2026-08-29T07:44:51.378Z,178798949137800
"""DK @ 6AN-TeA3Jk"" calls 210",2026-08-29T07:44:46.584Z,178798948658400
"""gurt @ gpP9uUffpu"" raises to 210",2026-08-29T07:44:42.566Z,178798948256600
"""Henry @ FQN9hzhzP_"" folds",2026-08-29T07:44:40.116Z,178798948011600
"""Wizard of Ball @ L0mhqQt-8H"" calls 105",2026-08-29T07:44:36.510Z,178798947651000
"""DK @ 6AN-TeA3Jk"" raises to 105",2026-08-29T07:44:35.490Z,178798947549000
"""gurt @ gpP9uUffpu"" posts a big blind of 10",2026-08-29T07:44:27.755Z,178798946775507
"""Henry @ FQN9hzhzP_"" posts a small blind of 5",2026-08-29T07:44:27.755Z,178798946775506
"Your hand is A♠, 10♥",2026-08-29T07:44:27.755Z,178798946775503
"Player stacks: #1 ""Henry @ FQN9hzhzP_"" (1538) | #2 ""gurt @ gpP9uUffpu"" (3778) | #8 ""DK @ 6AN-TeA3Jk"" (682) | #9 ""Wizard of Ball @ L0mhqQt-8H"" (2929)",2026-08-29T07:44:27.755Z,178798946775501
"-- starting hand #154 (id: evtsiic2eweq)  No Limit Texas Hold'em (dealer: ""Wizard of Ball @ L0mhqQt-8H"") --",2026-08-29T07:44:27.755Z,178798946775500
"-- ending hand #153 --",2026-08-29T07:44:21.709Z,178798946170903
"""DK @ 6AN-TeA3Jk"" collected 329 from pot with K High (combination: 6♣, 7♣, 9♣, J♦, K♣)",2026-08-29T07:44:21.709Z,178798946170902
"""DK @ 6AN-TeA3Jk"" shows a 6♣, 7♣.",2026-08-29T07:44:21.709Z,178798946170901
"""Henry @ FQN9hzhzP_"" shows a 5♠, 7♦.",2026-08-29T07:44:21.709Z,178798946170900
"""DK @ 6AN-TeA3Jk"" checks",2026-08-29T07:44:20.873Z,178798946087300
"""Henry @ FQN9hzhzP_"" checks",2026-08-29T07:44:19.688Z,178798945968800
"River: 9♣, K♣, 2♥, 4♥ [J♦]",2026-08-29T07:44:18.238Z,178798945823800
"""DK @ 6AN-TeA3Jk"" checks",2026-08-29T07:44:17.406Z,178798945740600
"""Henry @ FQN9hzhzP_"" checks",2026-08-29T07:44:16.329Z,178798945632900
"Turn: 9♣, K♣, 2♥ [4♥]",2026-08-29T07:44:12.905Z,178798945290500
"""DK @ 6AN-TeA3Jk"" checks",2026-08-29T07:44:12.056Z,178798945205600
"""Henry @ FQN9hzhzP_"" checks",2026-08-29T07:44:10.747Z,178798945074700
"Flop:  [9♣, K♣, 2♥]",2026-08-29T07:44:08.904Z,178798944890400
"""DK @ 6AN-TeA3Jk"" calls 157",2026-08-29T07:44:08.086Z,178798944808600
"""gurt @ gpP9uUffpu"" folds",2026-08-29T07:44:06.906Z,178798944690600
"""Henry @ FQN9hzhzP_"" raises to 157",2026-08-29T07:44:05.991Z,178798944599100
"""Wizard of Ball @ L0mhqQt-8H"" folds",2026-08-29T07:44:01.763Z,178798944176300
"""DK @ 6AN-TeA3Jk"" raises to 67",2026-08-29T07:44:00.795Z,178798944079500
"""gurt @ gpP9uUffpu"" calls 10",2026-08-29T07:43:56.652Z,178798943665200
"""Henry @ FQN9hzhzP_"" posts a big blind of 10",2026-08-29T07:43:54.272Z,178798943427207
"""Wizard of Ball @ L0mhqQt-8H"" posts a small blind of 5",2026-08-29T07:43:54.272Z,178798943427206
"Player stacks: #1 ""Henry @ FQN9hzhzP_"" (1695) | #2 ""gurt @ gpP9uUffpu"" (3788) | #8 ""DK @ 6AN-TeA3Jk"" (510) | #9 ""Wizard of Ball @ L0mhqQt-8H"" (2934)",2026-08-29T07:43:54.272Z,178798943427201
"-- starting hand #153 (id: n1ypqt33anau)  No Limit Texas Hold'em (dealer: ""DK @ 6AN-TeA3Jk"") --",2026-08-29T07:43:54.272Z,178798943427200
"""Henry @ FQN9hzhzP_"" shows a 7♠, 9♦.",2026-08-29T07:43:51.527Z,178798943152700
"-- ending hand #152 --",2026-08-29T07:43:50.668Z,178798943066802
"""gurt @ gpP9uUffpu"" collected 436 from pot",2026-08-29T07:43:50.668Z,178798943066801
"Uncalled bet of 90 returned to ""gurt @ gpP9uUffpu""",2026-08-29T07:43:50.668Z,178798943066800
"""Wizard of Ball @ L0mhqQt-8H"" folds",2026-08-29T07:43:49.846Z,178798942984600
"""gurt @ gpP9uUffpu"" bets 90",2026-08-29T07:43:48.862Z,178798942886200
"""Wizard of Ball @ L0mhqQt-8H"" checks",2026-08-29T07:43:43.299Z,178798942329900
"River: Q♥, 3♣, 8♣, 6♥ [J♠]",2026-08-29T07:43:40.909Z,178798942090900
"""Wizard of Ball @ L0mhqQt-8H"" calls 110",2026-08-29T07:43:40.059Z,178798942005900
"""gurt @ gpP9uUffpu"" bets 110",2026-08-29T07:43:39.139Z,178798941913900
"""Wizard of Ball @ L0mhqQt-8H"" checks",2026-08-29T07:43:35.702Z,178798941570200
"Turn: Q♥, 3♣, 8♣ [6♥]",2026-08-29T07:43:33.792Z,178798941379200
"""gurt @ gpP9uUffpu"" calls 50",2026-08-29T07:43:32.981Z,178798941298100
"""Henry @ FQN9hzhzP_"" folds",2026-08-29T07:43:31.489Z,178798941148900
"""Wizard of Ball @ L0mhqQt-8H"" bets 50",2026-08-29T07:43:25.108Z,178798940510800
"Flop:  [Q♥, 3♣, 8♣]",2026-08-29T07:43:19.844Z,178798939984400
"""Henry @ FQN9hzhzP_"" calls 37",2026-08-29T07:43:19.021Z,178798939902100
"""Wizard of Ball @ L0mhqQt-8H"" calls 37",2026-08-29T07:43:17.229Z,178798939722900
"""DK @ 6AN-TeA3Jk"" folds",2026-08-29T07:43:12.073Z,178798939207300
"""gurt @ gpP9uUffpu"" raises to 37",2026-08-29T07:43:11.134Z,178798939113400
"""Henry @ FQN9hzhzP_"" calls 10",2026-08-29T07:43:06.470Z,178798938647000
"""Wizard of Ball @ L0mhqQt-8H"" posts a big blind of 10",2026-08-29T07:43:03.166Z,178798938316607
"""DK @ 6AN-TeA3Jk"" posts a small blind of 5",2026-08-29T07:43:03.166Z,178798938316606
"Player stacks: #1 ""Henry @ FQN9hzhzP_"" (1732) | #2 ""gurt @ gpP9uUffpu"" (3549) | #8 ""DK @ 6AN-TeA3Jk"" (515) | #9 ""Wizard of Ball @ L0mhqQt-8H"" (3131)",2026-08-29T07:43:03.166Z,178798938316601
"-- starting hand #152 (id: 2jie8cxkico9)  No Limit Texas Hold'em (dealer: ""gurt @ gpP9uUffpu"") --",2026-08-29T07:43:03.166Z,178798938316600
"""Henry @ FQN9hzhzP_"" shows a 6♠, K♠.",2026-08-29T07:42:58.509Z,178798937850900
"-- ending hand #151 --",2026-08-29T07:42:56.660Z,178798937666002
"""gurt @ gpP9uUffpu"" collected 302 from pot with Two Pair, 8's & 3's (combination: J♥, 3♣, 3♦, 8♦, 8♥)",2026-08-29T07:42:56.660Z,178798937666001
"""gurt @ gpP9uUffpu"" shows a 9♣, 8♦.",2026-08-29T07:42:56.660Z,178798937666000
"""Henry @ FQN9hzhzP_"" checks",2026-08-29T07:42:55.852Z,178798937585200
"""gurt @ gpP9uUffpu"" checks",2026-08-29T07:42:54.895Z,178798937489500
"River: J♥, 8♥, 3♣, 3♦ [7♣]",2026-08-29T07:42:53.355Z,178798937335500
"""Henry @ FQN9hzhzP_"" checks",2026-08-29T07:42:52.544Z,178798937254400
"""gurt @ gpP9uUffpu"" checks",2026-08-29T07:42:46.924Z,178798936692400
"Turn: J♥, 8♥, 3♣ [3♦]",2026-08-29T07:42:44.847Z,178798936484700
"""DK @ 6AN-TeA3Jk"" folds",2026-08-29T07:42:44.014Z,178798936401400
"""gurt @ gpP9uUffpu"" calls 34",2026-08-29T07:42:43.099Z,178798936309900
"""Henry @ FQN9hzhzP_"" bets 34",2026-08-29T07:42:40.776Z,178798936077600
"""DK @ 6AN-TeA3Jk"" checks",2026-08-29T07:42:28.682Z,178798934868200
"""gurt @ gpP9uUffpu"" checks",2026-08-29T07:42:26.991Z,178798934699100
"Flop:  [J♥, 8♥, 3♣]",2026-08-29T07:42:25.060Z,178798934506000
"""DK @ 6AN-TeA3Jk"" calls 78",2026-08-29T07:42:24.254Z,178798934425400
"""gurt @ gpP9uUffpu"" calls 78",2026-08-29T07:42:22.944Z,178798934294400
"""Henry @ FQN9hzhzP_"" raises to 78",2026-08-29T07:42:21.168Z,178798934116800
"""Wizard of Ball @ L0mhqQt-8H"" folds",2026-08-29T07:42:07.203Z,178798932720300
"""DK @ 6AN-TeA3Jk"" posts a big blind of 10",2026-08-29T07:42:05.608Z,178798932560807
"""gurt @ gpP9uUffpu"" posts a small blind of 5",2026-08-29T07:42:05.608Z,178798932560806
"Your hand is 9♣, 8♦",2026-08-29T07:42:05.608Z,178798932560803
"Player stacks: #1 ""Henry @ FQN9hzhzP_"" (1844) | #2 ""gurt @ gpP9uUffpu"" (3359) | #8 ""DK @ 6AN-TeA3Jk"" (593) | #9 ""Wizard of Ball @ L0mhqQt-8H"" (3131)",2026-08-29T07:42:05.608Z,178798932560801
"-- starting hand #151 (id: 0qcungcl25xr)  No Limit Texas Hold'em (dealer: ""Henry @ FQN9hzhzP_"") --",2026-08-29T07:42:05.608Z,178798932560800
"""Henry @ FQN9hzhzP_"" shows a 8♦, 5♠.",2026-08-29T07:42:03.817Z,178798932381700
"-- ending hand #150 --",2026-08-29T07:41:59.071Z,178798931907102
"""gurt @ gpP9uUffpu"" collected 460 from pot with Two Pair, 4's & 2's (combination: J♥, 2♦, 2♠, 4♦, 4♥)",2026-08-29T07:41:59.071Z,178798931907101
"""gurt @ gpP9uUffpu"" shows a 4♦, 2♦.",2026-08-29T07:41:59.071Z,178798931907100
"""DK @ 6AN-TeA3Jk"" checks",2026-08-29T07:41:58.212Z,178798931821200
"""gurt @ gpP9uUffpu"" checks",2026-08-29T07:41:57.167Z,178798931716700
"River: J♥, 9♠, 2♠, 4♥ [3♠]",2026-08-29T07:41:55.468Z,178798931546800
"""DK @ 6AN-TeA3Jk"" checks",2026-08-29T07:41:54.666Z,178798931466600
"""gurt @ gpP9uUffpu"" checks",2026-08-29T07:41:52.999Z,178798931299900
"Turn: J♥, 9♠, 2♠ [4♥]",2026-08-29T07:41:51.589Z,178798931158900
"""gurt @ gpP9uUffpu"" calls 115",2026-08-29T07:41:50.756Z,178798931075600
"""Wizard of Ball @ L0mhqQt-8H"" folds",2026-08-29T07:41:48.410Z,178798930841000
"""DK @ 6AN-TeA3Jk"" bets 115",2026-08-29T07:41:46.727Z,178798930672700
"""gurt @ gpP9uUffpu"" checks",2026-08-29T07:41:43.966Z,178798930396600
"Flop:  [J♥, 9♠, 2♠]",2026-08-29T07:41:41.747Z,178798930174700
"""gurt @ gpP9uUffpu"" calls 75",2026-08-29T07:41:40.900Z,178798930090000
"""Henry @ FQN9hzhzP_"" folds",2026-08-29T07:41:39.783Z,178798929978300
"""Wizard of Ball @ L0mhqQt-8H"" calls 75",2026-08-29T07:41:28.600Z,178798928860000
"""DK @ 6AN-TeA3Jk"" raises to 75",2026-08-29T07:41:27.643Z,178798928764300
"""gurt @ gpP9uUffpu"" posts a big blind of 10",2026-08-29T07:41:21.172Z,178798928117207
"""Henry @ FQN9hzhzP_"" posts a small blind of 5",2026-08-29T07:41:21.172Z,178798928117206
"Your hand is 4♦, 2♦",2026-08-29T07:41:21.172Z,178798928117203
"Player stacks: #1 ""Henry @ FQN9hzhzP_"" (1849) | #2 ""gurt @ gpP9uUffpu"" (3089) | #8 ""DK @ 6AN-TeA3Jk"" (783) | #9 ""Wizard of Ball @ L0mhqQt-8H"" (3206)",2026-08-29T07:41:21.172Z,178798928117201
"-- starting hand #150 (id: vspanpagzsod)  No Limit Texas Hold'em (dealer: ""Wizard of Ball @ L0mhqQt-8H"") --",2026-08-29T07:41:21.172Z,178798928117200
"""DK @ 6AN-TeA3Jk"" shows a 8♥.",2026-08-29T07:41:18.762Z,178798927876200
"""Henry @ FQN9hzhzP_"" shows a K♦.",2026-08-29T07:41:18.665Z,178798927866500
"""Henry @ FQN9hzhzP_"" shows a 2♦.",2026-08-29T07:41:17.786Z,178798927778600
"-- ending hand #149 --",2026-08-29T07:41:16.838Z,178798927683802
"""Henry @ FQN9hzhzP_"" collected 221 from pot",2026-08-29T07:41:16.838Z,178798927683801
"Uncalled bet of 45 returned to ""Henry @ FQN9hzhzP_""",2026-08-29T07:41:16.838Z,178798927683800
"""DK @ 6AN-TeA3Jk"" folds",2026-08-29T07:41:15.980Z,178798927598000
"""Henry @ FQN9hzhzP_"" bets 45",2026-08-29T07:41:14.407Z,178798927440700
"River: Q♥, 7♠, 3♣, 2♥ [Q♦]",2026-08-29T07:41:08.918Z,178798926891800
"""Wizard of Ball @ L0mhqQt-8H"" folds",2026-08-29T07:41:08.085Z,178798926808500
"""DK @ 6AN-TeA3Jk"" calls 10",2026-08-29T07:41:07.185Z,178798926718500
"""Henry @ FQN9hzhzP_"" bets 10",2026-08-29T07:41:03.397Z,178798926339700
"""Wizard of Ball @ L0mhqQt-8H"" checks",2026-08-29T07:41:00.993Z,178798926099300
"Turn: Q♥, 7♠, 3♣ [2♥]",2026-08-29T07:40:59.175Z,178798925917500
"""DK @ 6AN-TeA3Jk"" checks",2026-08-29T07:40:58.361Z,178798925836100
"""Henry @ FQN9hzhzP_"" checks",2026-08-29T07:40:57.215Z,178798925721500
"""Wizard of Ball @ L0mhqQt-8H"" checks",2026-08-29T07:40:56.312Z,178798925631200
"Flop:  [Q♥, 7♠, 3♣]",2026-08-29T07:40:53.490Z,178798925349000
"""Wizard of Ball @ L0mhqQt-8H"" calls 67",2026-08-29T07:40:52.589Z,178798925258900
"""DK @ 6AN-TeA3Jk"" calls 67",2026-08-29T07:40:51.645Z,178798925164500
"""Henry @ FQN9hzhzP_"" raises to 67",2026-08-29T07:40:50.199Z,178798925019900
"""Wizard of Ball @ L0mhqQt-8H"" calls 35",2026-08-29T07:40:45.454Z,178798924545400
"""DK @ 6AN-TeA3Jk"" raises to 35",2026-08-29T07:40:43.588Z,178798924358800
"""gurt @ gpP9uUffpu"" folds",2026-08-29T07:40:40.050Z,178798924005000
"""Henry @ FQN9hzhzP_"" posts a big blind of 10",2026-08-29T07:40:39.081Z,178798923908107
"""Wizard of Ball @ L0mhqQt-8H"" posts a small blind of 5",2026-08-29T07:40:39.081Z,178798923908106
"Player stacks: #1 ""Henry @ FQN9hzhzP_"" (1705) | #2 ""gurt @ gpP9uUffpu"" (3089) | #8 ""DK @ 6AN-TeA3Jk"" (860) | #9 ""Wizard of Ball @ L0mhqQt-8H"" (3273)",2026-08-29T07:40:39.081Z,178798923908101
"-- starting hand #149 (id: lwrmvqghncya)  No Limit Texas Hold'em (dealer: ""DK @ 6AN-TeA3Jk"") --",2026-08-29T07:40:39.081Z,178798923908100
"""DK @ 6AN-TeA3Jk"" shows a 5♦.",2026-08-29T07:40:35.113Z,178798923511300
"Undealt cards: 6♦, Q♣, 3♦, 9♦ [10♦]",2026-08-29T07:40:34.229Z,178798923422900
"""Henry @ FQN9hzhzP_"" shows a Q♠, J♣.",2026-08-29T07:40:33.500Z,178798923350000
"-- ending hand #148 --",2026-08-29T07:40:31.705Z,178798923170502
"""Henry @ FQN9hzhzP_"" collected 153 from pot",2026-08-29T07:40:31.705Z,178798923170501
"Uncalled bet of 56 returned to ""Henry @ FQN9hzhzP_""",2026-08-29T07:40:31.705Z,178798923170500
"""DK @ 6AN-TeA3Jk"" folds",2026-08-29T07:40:30.898Z,178798923089800
"""Henry @ FQN9hzhzP_"" bets 56",2026-08-29T07:40:29.120Z,178798922912000
"""DK @ 6AN-TeA3Jk"" checks",2026-08-29T07:40:17.479Z,178798921747900
"Turn: 6♦, Q♣, 3♦ [9♦]",2026-08-29T07:40:15.944Z,178798921594400
"""DK @ 6AN-TeA3Jk"" calls 37",2026-08-29T07:40:15.097Z,178798921509700
"""gurt @ gpP9uUffpu"" folds",2026-08-29T07:40:13.630Z,178798921363000
"""Henry @ FQN9hzhzP_"" bets 37",2026-08-29T07:40:09.857Z,178798920985700
"""DK @ 6AN-TeA3Jk"" checks",2026-08-29T07:40:00.847Z,178798920084700
"Flop:  [6♦, Q♣, 3♦]",2026-08-29T07:39:58.794Z,178798919879400
"""Wizard of Ball @ L0mhqQt-8H"" folds",2026-08-29T07:39:57.955Z,178798919795500
"""DK @ 6AN-TeA3Jk"" calls 23",2026-08-29T07:39:57.006Z,178798919700600
"""gurt @ gpP9uUffpu"" calls 23",2026-08-29T07:39:55.214Z,178798919521400
"""Henry @ FQN9hzhzP_"" raises to 23",2026-08-29T07:39:52.898Z,178798919289800
"""Wizard of Ball @ L0mhqQt-8H"" posts a big blind of 10",2026-08-29T07:39:44.268Z,178798918426807
"""DK @ 6AN-TeA3Jk"" posts a small blind of 5",2026-08-29T07:39:44.268Z,178798918426806
"Player stacks: #1 ""Henry @ FQN9hzhzP_"" (1612) | #2 ""gurt @ gpP9uUffpu"" (3112) | #8 ""DK @ 6AN-TeA3Jk"" (920) | #9 ""Wizard of Ball @ L0mhqQt-8H"" (3283)",2026-08-29T07:39:44.268Z,178798918426801
"-- starting hand #148 (id: dectcll1hrcp)  No Limit Texas Hold'em (dealer: ""gurt @ gpP9uUffpu"") --",2026-08-29T07:39:44.268Z,178798918426800
"""DK @ 6AN-TeA3Jk"" shows a 2♥.",2026-08-29T07:39:40.750Z,178798918075000
"Undealt cards:  [6♣, 3♥, 5♦, 3♦, 4♣]",2026-08-29T07:39:39.576Z,178798917957600
"""Henry @ FQN9hzhzP_"" shows a K♠, 10♣.",2026-08-29T07:39:39.143Z,178798917914300
"-- ending hand #147 --",2026-08-29T07:39:36.923Z,178798917692302
"""Henry @ FQN9hzhzP_"" collected 25 from pot",2026-08-29T07:39:36.923Z,178798917692301
"Uncalled bet of 157 returned to ""Henry @ FQN9hzhzP_""",2026-08-29T07:39:36.923Z,178798917692300
"""DK @ 6AN-TeA3Jk"" folds",2026-08-29T07:39:36.098Z,178798917609800
"""gurt @ gpP9uUffpu"" folds",2026-08-29T07:39:35.175Z,178798917517500
"""Henry @ FQN9hzhzP_"" raises to 167",2026-08-29T07:39:32.995Z,178798917299500
"""Wizard of Ball @ L0mhqQt-8H"" folds",2026-08-29T07:39:19.316Z,178798915931600
"""DK @ 6AN-TeA3Jk"" posts a big blind of 10",2026-08-29T07:39:18.255Z,178798915825507
"""gurt @ gpP9uUffpu"" posts a small blind of 5",2026-08-29T07:39:18.255Z,178798915825506
"Player stacks: #1 ""Henry @ FQN9hzhzP_"" (1597) | #2 ""gurt @ gpP9uUffpu"" (3117) | #8 ""DK @ 6AN-TeA3Jk"" (930) | #9 ""Wizard of Ball @ L0mhqQt-8H"" (3283)",2026-08-29T07:39:18.255Z,178798915825501
"-- starting hand #147 (id: d0v6u0dkmiu0)  No Limit Texas Hold'em (dealer: ""Henry @ FQN9hzhzP_"") --",2026-08-29T07:39:18.255Z,178798915825500
"""Henry @ FQN9hzhzP_"" shows a A♠, 5♥.",2026-08-29T07:39:12.786Z,178798915278600
"-- ending hand #146 --",2026-08-29T07:39:11.720Z,178798915172003
"""Wizard of Ball @ L0mhqQt-8H"" collected 710 from pot with Two Pair, 5's & 2's (combination: J♦, 2♦, 2♥, 5♠, 5♣)",2026-08-29T07:39:11.720Z,178798915172002
"""Wizard of Ball @ L0mhqQt-8H"" shows a 6♣, 5♠.",2026-08-29T07:39:11.720Z,178798915172001
"""gurt @ gpP9uUffpu"" shows a 10♥, 7♣.",2026-08-29T07:39:11.720Z,178798915172000
"""Wizard of Ball @ L0mhqQt-8H"" calls 150",2026-08-29T07:39:10.885Z,178798915088500
"""gurt @ gpP9uUffpu"" bets 150",2026-08-29T07:39:09.960Z,178798914996000
"River: 2♦, 2♥, J♦, 5♣ [8♥]",2026-08-29T07:39:05.676Z,178798914567600
"""DK @ 6AN-TeA3Jk"" folds",2026-08-29T07:39:04.864Z,178798914486400
"""gurt @ gpP9uUffpu"" calls 90",2026-08-29T07:39:03.284Z,178798914328400
"""Henry @ FQN9hzhzP_"" folds",2026-08-29T07:39:02.230Z,178798914223000
"""Wizard of Ball @ L0mhqQt-8H"" raises to 90",2026-08-29T07:38:59.559Z,178798913955900
"""DK @ 6AN-TeA3Jk"" calls 25",2026-08-29T07:38:57.424Z,178798913742400
"""gurt @ gpP9uUffpu"" calls 25",2026-08-29T07:38:55.909Z,178798913590900
"""Henry @ FQN9hzhzP_"" bets 25",2026-08-29T07:38:54.084Z,178798913408400
"Turn: 2♦, 2♥, J♦ [5♣]",2026-08-29T07:38:48.055Z,178798912805500
"""Wizard of Ball @ L0mhqQt-8H"" checks",2026-08-29T07:38:47.216Z,178798912721600
"""DK @ 6AN-TeA3Jk"" checks",2026-08-29T07:38:46.159Z,178798912615900
"""gurt @ gpP9uUffpu"" checks",2026-08-29T07:38:44.845Z,178798912484500
"""Henry @ FQN9hzhzP_"" checks",2026-08-29T07:38:42.639Z,178798912263900
"Flop:  [2♦, 2♥, J♦]",2026-08-29T07:38:40.497Z,178798912049700
"""gurt @ gpP9uUffpu"" calls 45",2026-08-29T07:38:39.686Z,178798911968600
"""Henry @ FQN9hzhzP_"" calls 45",2026-08-29T07:38:38.791Z,178798911879100
"""Wizard of Ball @ L0mhqQt-8H"" calls 45",2026-08-29T07:38:36.584Z,178798911658400
"""DK @ 6AN-TeA3Jk"" raises to 45",2026-08-29T07:38:35.056Z,178798911505600
"""gurt @ gpP9uUffpu"" posts a big blind of 10",2026-08-29T07:38:30.592Z,178798911059208
"""Henry @ FQN9hzhzP_"" posts a small blind of 5",2026-08-29T07:38:30.592Z,178798911059207
"Your hand is 10♥, 7♣",2026-08-29T07:38:30.592Z,178798911059204
"Player stacks: #1 ""Henry @ FQN9hzhzP_"" (1667) | #2 ""gurt @ gpP9uUffpu"" (3402) | #8 ""DK @ 6AN-TeA3Jk"" (1000) | #9 ""Wizard of Ball @ L0mhqQt-8H"" (2858)",2026-08-29T07:38:30.592Z,178798911059202
"-- starting hand #146 (id: r4ljnarsbbmq)  No Limit Texas Hold'em (dealer: ""Wizard of Ball @ L0mhqQt-8H"") --",2026-08-29T07:38:30.592Z,178798911059201
"The player ""DK @ 6AN-TeA3Jk"" joined the game with a stack of 1000.",2026-08-29T07:38:30.592Z,178798911059200
"""gurt @ gpP9uUffpu"" shows a 7♥.",2026-08-29T07:38:29.349Z,178798910934900
"""Henry @ FQN9hzhzP_"" shows a 10♥.",2026-08-29T07:38:25.835Z,178798910583500
"Undealt cards: K♣, 8♠, 9♥, 6♥ [7♦]",2026-08-29T07:38:24.398Z,178798910439800
"-- ending hand #145 --",2026-08-29T07:38:23.252Z,178798910325202
"""Henry @ FQN9hzhzP_"" collected 534 from pot",2026-08-29T07:38:23.252Z,178798910325201
"Uncalled bet of 157 returned to ""Henry @ FQN9hzhzP_""",2026-08-29T07:38:23.252Z,178798910325200
"""Wizard of Ball @ L0mhqQt-8H"" folds",2026-08-29T07:38:22.424Z,178798910242400
"""Henry @ FQN9hzhzP_"" raises to 257",2026-08-29T07:38:20.888Z,178798910088800
"""Wizard of Ball @ L0mhqQt-8H"" bets 100",2026-08-29T07:38:15.582Z,178798909558200
"Turn: K♣, 8♠, 9♥ [6♥]",2026-08-29T07:38:09.977Z,178798908997700
"""Henry @ FQN9hzhzP_"" checks",2026-08-29T07:38:09.088Z,178798908908800
"""Wizard of Ball @ L0mhqQt-8H"" checks",2026-08-29T07:38:07.914Z,178798908791400
"Flop:  [K♣, 8♠, 9♥]",2026-08-29T07:38:06.179Z,178798908617900
"""Wizard of Ball @ L0mhqQt-8H"" calls 167",2026-08-29T07:38:05.277Z,178798908527700
"""Henry @ FQN9hzhzP_"" raises to 167",2026-08-29T07:38:04.250Z,178798908425000
"""Wizard of Ball @ L0mhqQt-8H"" calls 10",2026-08-29T07:38:01.239Z,178798908123900
"""gurt @ gpP9uUffpu"" folds",2026-08-29T07:37:58.868Z,178798907886800
"""Henry @ FQN9hzhzP_"" posts a big blind of 10",2026-08-29T07:37:56.937Z,178798907693706
"""Wizard of Ball @ L0mhqQt-8H"" posts a small blind of 5",2026-08-29T07:37:56.937Z,178798907693705
"Player stacks: #1 ""Henry @ FQN9hzhzP_"" (1400) | #2 ""gurt @ gpP9uUffpu"" (3402) | #9 ""Wizard of Ball @ L0mhqQt-8H"" (3125)",2026-08-29T07:37:56.937Z,178798907693701
"-- starting hand #145 (id: lis8sdnltvdf)  No Limit Texas Hold'em (dealer: ""gurt @ gpP9uUffpu"") --",2026-08-29T07:37:56.937Z,178798907693700
"""Henry @ FQN9hzhzP_"" shows a 2♣, 10♠.",2026-08-29T07:37:52.052Z,178798907205200
"""gurt @ gpP9uUffpu"" shows a 7♠, 8♣.",2026-08-29T07:37:51.394Z,178798907139400
"""Wizard of Ball @ L0mhqQt-8H"" shows a 8♦.",2026-08-29T07:37:50.755Z,178798907075500
"Undealt cards: K♣, J♣, 4♦ [5♥, A♦]",2026-08-29T07:37:49.301Z,178798906930100
"-- ending hand #144 --",2026-08-29T07:37:48.924Z,178798906892402
"""Wizard of Ball @ L0mhqQt-8H"" collected 90 from pot",2026-08-29T07:37:48.924Z,178798906892401
"Uncalled bet of 30 returned to ""Wizard of Ball @ L0mhqQt-8H""",2026-08-29T07:37:48.924Z,178798906892400
"""gurt @ gpP9uUffpu"" folds",2026-08-29T07:37:48.091Z,178798906809100
"""Henry @ FQN9hzhzP_"" folds",2026-08-29T07:37:47.185Z,178798906718500
"""Wizard of Ball @ L0mhqQt-8H"" bets 30",2026-08-29T07:37:42.604Z,178798906260400
"""gurt @ gpP9uUffpu"" checks",2026-08-29T07:37:39.366Z,178798905936600
"Flop:  [K♣, J♣, 4♦]",2026-08-29T07:37:37.315Z,178798905731500
"""gurt @ gpP9uUffpu"" calls 30",2026-08-29T07:37:36.458Z,178798905645800
"""Henry @ FQN9hzhzP_"" calls 30",2026-08-29T07:37:35.152Z,178798905515200
"The admin approved the player ""DK @ 6AN-TeA3Jk"" participation with a stack of 1000.",2026-08-29T07:37:31.866Z,178798905186600
"The player ""DK @ 6AN-TeA3Jk"" requested a seat.",2026-08-29T07:37:28.816Z,178798904881600
"""Wizard of Ball @ L0mhqQt-8H"" raises to 30",2026-08-29T07:37:05.192Z,178798902519200
"""gurt @ gpP9uUffpu"" calls 10",2026-08-29T07:37:02.989Z,178798902298900
"""Henry @ FQN9hzhzP_"" calls 10",2026-08-29T07:37:00.966Z,178798902096600
"""Wizard of Ball @ L0mhqQt-8H"" posts a big blind of 10",2026-08-29T07:36:58.863Z,178798901886306
"""gurt @ gpP9uUffpu"" posts a small blind of 5",2026-08-29T07:36:58.863Z,178798901886305
"Your hand is 7♠, 8♣",2026-08-29T07:36:58.863Z,178798901886303
"Player stacks: #1 ""Henry @ FQN9hzhzP_"" (1430) | #2 ""gurt @ gpP9uUffpu"" (3432) | #9 ""Wizard of Ball @ L0mhqQt-8H"" (3065)",2026-08-29T07:36:58.863Z,178798901886301
"-- starting hand #144 (id: 1zzuc8ujzmxj)  No Limit Texas Hold'em (dealer: ""Henry @ FQN9hzhzP_"") --",2026-08-29T07:36:58.863Z,178798901886300
"""gurt @ gpP9uUffpu"" shows a Q♥.",2026-08-29T07:36:57.468Z,178798901746800
"""Henry @ FQN9hzhzP_"" shows a 4♣, 4♥.",2026-08-29T07:36:53.592Z,178798901359200
"Undealt cards:  [8♣, K♣, 7♠, J♣, 3♦]",2026-08-29T07:36:51.766Z,178798901176600
"-- ending hand #143 --",2026-08-29T07:36:51.456Z,178798901145602
"""Henry @ FQN9hzhzP_"" collected 30 from pot",2026-08-29T07:36:51.456Z,178798901145601
"Uncalled bet of 1400 returned to ""Henry @ FQN9hzhzP_""",2026-08-29T07:36:51.456Z,178798901145600
"""Wizard of Ball @ L0mhqQt-8H"" folds",2026-08-29T07:36:50.553Z,178798901055300
"""gurt @ gpP9uUffpu"" folds",2026-08-29T07:36:49.565Z,178798900956500
"""Henry @ FQN9hzhzP_"" raises to 1410 and go all in",2026-08-29T07:36:44.065Z,178798900406500
"""Wizard of Ball @ L0mhqQt-8H"" calls 10",2026-08-29T07:36:41.500Z,178798900150000
"""gurt @ gpP9uUffpu"" posts a big blind of 10",2026-08-29T07:36:39.388Z,178798899938806
"""Henry @ FQN9hzhzP_"" posts a small blind of 5",2026-08-29T07:36:39.388Z,178798899938805
"Player stacks: #1 ""Henry @ FQN9hzhzP_"" (1410) | #2 ""gurt @ gpP9uUffpu"" (3442) | #9 ""Wizard of Ball @ L0mhqQt-8H"" (3075)",2026-08-29T07:36:39.388Z,178798899938801
"-- starting hand #143 (id: gs8nhx8lde0y)  No Limit Texas Hold'em (dealer: ""Wizard of Ball @ L0mhqQt-8H"") --",2026-08-29T07:36:39.388Z,178798899938800
"-- ending hand #142 --",2026-08-29T07:36:33.309Z,178798899330903
"""Henry @ FQN9hzhzP_"" shows a Q♦, 3♣.",2026-08-29T07:36:33.309Z,178798899330902
"""gurt @ gpP9uUffpu"" collected 3442 from pot with Two Pair, Q's & 10's (combination: J♥, 10♥, 10♠, Q♠, Q♣)",2026-08-29T07:36:33.309Z,178798899330901
"""gurt @ gpP9uUffpu"" shows a 10♥, Q♠.",2026-08-29T07:36:33.309Z,178798899330900
"""Henry @ FQN9hzhzP_"" calls 1250",2026-08-29T07:36:32.501Z,178798899250100
"""gurt @ gpP9uUffpu"" bets 1250 and go all in",2026-08-29T07:36:22.988Z,178798898298800
"""Henry @ FQN9hzhzP_"" checks",2026-08-29T07:36:18.946Z,178798897894600
"River: 10♠, 3♦, Q♣, J♥ [9♥]",2026-08-29T07:36:16.879Z,178798897687900
"""Henry @ FQN9hzhzP_"" calls 344",2026-08-29T07:36:16.055Z,178798897605500
"""gurt @ gpP9uUffpu"" raises to 344",2026-08-29T07:36:10.276Z,178798897027600
"""Henry @ FQN9hzhzP_"" bets 167",2026-08-29T07:36:06.868Z,178798896686800
"Turn: 10♠, 3♦, Q♣ [J♥]",2026-08-29T07:36:04.423Z,178798896442300
"""Wizard of Ball @ L0mhqQt-8H"" folds",2026-08-29T07:36:03.574Z,178798896357400
"""gurt @ gpP9uUffpu"" calls 67",2026-08-29T07:36:02.644Z,178798896264400
"""Henry @ FQN9hzhzP_"" bets 67",2026-08-29T07:36:00.158Z,178798896015800
"""Wizard of Ball @ L0mhqQt-8H"" checks",2026-08-29T07:35:56.544Z,178798895654400
"Flop:  [10♠, 3♦, Q♣]",2026-08-29T07:35:55.283Z,178798895528300
"""Henry @ FQN9hzhzP_"" calls 40",2026-08-29T07:35:54.402Z,178798895440200
"""Wizard of Ball @ L0mhqQt-8H"" calls 40",2026-08-29T07:35:51.637Z,178798895163700
"""gurt @ gpP9uUffpu"" raises to 40",2026-08-29T07:35:49.520Z,178798894952000
"""Henry @ FQN9hzhzP_"" posts a big blind of 10",2026-08-29T07:35:47.875Z,178798894787506
"""Wizard of Ball @ L0mhqQt-8H"" posts a small blind of 5",2026-08-29T07:35:47.875Z,178798894787505
"Your hand is 10♥, Q♠",2026-08-29T07:35:47.875Z,178798894787503
"Player stacks: #1 ""Henry @ FQN9hzhzP_"" (3111) | #2 ""gurt @ gpP9uUffpu"" (1701) | #9 ""Wizard of Ball @ L0mhqQt-8H"" (3115)",2026-08-29T07:35:47.875Z,178798894787501
"-- starting hand #142 (id: vctdkyve05dg)  No Limit Texas Hold'em (dealer: ""gurt @ gpP9uUffpu"") --",2026-08-29T07:35:47.875Z,178798894787500
"""gurt @ gpP9uUffpu"" shows a 7♣, A♥.",2026-08-29T07:35:45.793Z,178798894579300
"""Henry @ FQN9hzhzP_"" shows a J♠, A♣.",2026-08-29T07:35:44.014Z,178798894401400
"Undealt cards:  [K♥, 10♠, 10♣, A♦, 3♣]",2026-08-29T07:35:41.010Z,178798894101000
"-- ending hand #141 --",2026-08-29T07:35:40.473Z,178798894047302
"""Henry @ FQN9hzhzP_"" collected 25 from pot",2026-08-29T07:35:40.473Z,178798894047301
"Uncalled bet of 990 returned to ""Henry @ FQN9hzhzP_""",2026-08-29T07:35:40.473Z,178798894047300
"""Wizard of Ball @ L0mhqQt-8H"" folds",2026-08-29T07:35:39.626Z,178798893962600
"""gurt @ gpP9uUffpu"" folds",2026-08-29T07:35:38.725Z,178798893872500
"""Henry @ FQN9hzhzP_"" raises to 1000",2026-08-29T07:35:37.542Z,178798893754200
"""Wizard of Ball @ L0mhqQt-8H"" posts a big blind of 10",2026-08-29T07:35:31.270Z,178798893127007
"""gurt @ gpP9uUffpu"" posts a small blind of 5",2026-08-29T07:35:31.270Z,178798893127006
"Your hand is 7♣, A♥",2026-08-29T07:35:31.270Z,178798893127004
"Player stacks: #1 ""Henry @ FQN9hzhzP_"" (3096) | #2 ""gurt @ gpP9uUffpu"" (1706) | #9 ""Wizard of Ball @ L0mhqQt-8H"" (3125)",2026-08-29T07:35:31.270Z,178798893127002
"-- starting hand #141 (id: kzvib5fev7gu)  No Limit Texas Hold'em (dealer: ""Henry @ FQN9hzhzP_"") --",2026-08-29T07:35:31.270Z,178798893127001
"The player ""DK @ 6AN-TeA3Jk"" quits the game with a stack of 0.",2026-08-29T07:35:31.270Z,178798893127000
"""Henry @ FQN9hzhzP_"" shows a 4♣, 3♠.",2026-08-29T07:35:29.624Z,178798892962400
"-- ending hand #140 --",2026-08-29T07:35:22.691Z,178798892269102
"""Wizard of Ball @ L0mhqQt-8H"" collected 1007 from pot with Pair, A's on the second run  (combination: 5♠, 7♠, J♥, A♣, A♦)",2026-08-29T07:35:22.691Z,178798892269101
"""Wizard of Ball @ L0mhqQt-8H"" collected 1008 from pot with Pair, A's (combination: 7♠, 10♠, J♥, A♣, A♦)",2026-08-29T07:35:22.691Z,178798892269100
"River (second run): 3♦, A♦, 7♠, 5♠ [2♥]",2026-08-29T07:35:18.660Z,178798891866000
"Turn (second run): 3♦, A♦, 7♠ [5♠]",2026-08-29T07:35:14.653Z,178798891465300
"River: 3♦, A♦, 7♠, 2♠ [10♠]",2026-08-29T07:35:10.508Z,178798891050800
"Turn: 3♦, A♦, 7♠ [2♠]",2026-08-29T07:35:06.473Z,178798890647300
"""DK @ 6AN-TeA3Jk"" shows a 9♣, A♠.",2026-08-29T07:35:02.465Z,178798890246501
"""Wizard of Ball @ L0mhqQt-8H"" shows a A♣, J♥.",2026-08-29T07:35:02.465Z,178798890246500
"All players in hand choose to run it twice.",2026-08-29T07:35:01.597Z,178798890159701
"""Wizard of Ball @ L0mhqQt-8H"" chooses to  run it twice.",2026-08-29T07:35:01.597Z,178798890159700
"""DK @ 6AN-TeA3Jk"" chooses to  run it twice.",2026-08-29T07:35:00.761Z,178798890076100
"Remaining players decide whether to run it twice.",2026-08-29T07:34:59.758Z,178798889975801
"""Wizard of Ball @ L0mhqQt-8H"" calls 870",2026-08-29T07:34:59.758Z,178798889975800
"""DK @ 6AN-TeA3Jk"" raises to 870 and go all in",2026-08-29T07:34:58.828Z,178798889882800
"""Wizard of Ball @ L0mhqQt-8H"" raises to 274",2026-08-29T07:34:54.543Z,178798889454300
"""DK @ 6AN-TeA3Jk"" bets 137",2026-08-29T07:34:53.058Z,178798889305800
"""Wizard of Ball @ L0mhqQt-8H"" checks",2026-08-29T07:34:50.339Z,178798889033900
"Flop:  [3♦, A♦, 7♠]",2026-08-29T07:34:48.349Z,178798888834900
"""DK @ 6AN-TeA3Jk"" calls 130",2026-08-29T07:34:47.459Z,178798888745900
"""Wizard of Ball @ L0mhqQt-8H"" raises to 130",2026-08-29T07:34:46.025Z,178798888602500
"""gurt @ gpP9uUffpu"" folds",2026-08-29T07:34:44.799Z,178798888479900
"""Henry @ FQN9hzhzP_"" folds",2026-08-29T07:34:42.208Z,178798888220800
"""DK @ 6AN-TeA3Jk"" raises to 75",2026-08-29T07:34:39.827Z,178798887982700
"""Wizard of Ball @ L0mhqQt-8H"" raises to 20",2026-08-29T07:34:32.123Z,178798887212300
"""gurt @ gpP9uUffpu"" posts a big blind of 10",2026-08-29T07:34:29.787Z,178798886978708
"""Henry @ FQN9hzhzP_"" posts a small blind of 5",2026-08-29T07:34:29.787Z,178798886978707
"Player stacks: #1 ""Henry @ FQN9hzhzP_"" (3101) | #2 ""gurt @ gpP9uUffpu"" (1716) | #9 ""Wizard of Ball @ L0mhqQt-8H"" (2110) | #10 ""DK @ 6AN-TeA3Jk"" (1000)",2026-08-29T07:34:29.787Z,178798886978702
"-- starting hand #140 (id: bdmarjb8rren)  No Limit Texas Hold'em (dead button) --",2026-08-29T07:34:29.787Z,178798886978701
"The player ""DK @ 6AN-TeA3Jk"" joined the game with a stack of 1000.",2026-08-29T07:34:29.787Z,178798886978700
"""Henry @ FQN9hzhzP_"" shows a 5♠.",2026-08-29T07:34:26.698Z,178798886669800
"-- ending hand #139 --",2026-08-29T07:34:26.182Z,178798886618202
"""Wizard of Ball @ L0mhqQt-8H"" collected 40 from pot",2026-08-29T07:34:26.182Z,178798886618201
"Uncalled bet of 120 returned to ""Wizard of Ball @ L0mhqQt-8H""",2026-08-29T07:34:26.182Z,178798886618200
"""Henry @ FQN9hzhzP_"" folds",2026-08-29T07:34:25.365Z,178798886536500
"""Wizard of Ball @ L0mhqQt-8H"" bets 120",2026-08-29T07:34:20.118Z,178798886011800
"The admin approved the player ""DK @ 6AN-TeA3Jk"" participation with a stack of 1000.",2026-08-29T07:34:17.307Z,178798885730700
"""Henry @ FQN9hzhzP_"" checks",2026-08-29T07:34:17.225Z,178798885722500
"River: 3♠, 7♦, 10♠, 8♣ [3♦]",2026-08-29T07:34:14.923Z,178798885492300
"""Wizard of Ball @ L0mhqQt-8H"" checks",2026-08-29T07:34:14.081Z,178798885408100
"""Henry @ FQN9hzhzP_"" checks",2026-08-29T07:34:12.736Z,178798885273600
"The player ""DK @ 6AN-TeA3Jk"" requested a seat.",2026-08-29T07:34:12.604Z,178798885260400
"Turn: 3♠, 7♦, 10♠ [8♣]",2026-08-29T07:34:04.767Z,178798884476700
"""Henry @ FQN9hzhzP_"" calls 10",2026-08-29T07:34:03.960Z,178798884396000
"""Wizard of Ball @ L0mhqQt-8H"" bets 10",2026-08-29T07:33:54.399Z,178798883439900
"""Henry @ FQN9hzhzP_"" checks",2026-08-29T07:33:52.895Z,178798883289500
"Flop:  [3♠, 7♦, 10♠]",2026-08-29T07:33:51.031Z,178798883103100
"""Henry @ FQN9hzhzP_"" checks",2026-08-29T07:33:50.226Z,178798883022600
"""Wizard of Ball @ L0mhqQt-8H"" calls 10",2026-08-29T07:33:39.554Z,178798881955400
"""gurt @ gpP9uUffpu"" folds",2026-08-29T07:33:38.028Z,178798881802800
"""Henry @ FQN9hzhzP_"" posts a big blind of 10",2026-08-29T07:33:36.789Z,178798881678907
"Dead Small Blind",2026-08-29T07:33:36.789Z,178798881678906
"Player stacks: #1 ""Henry @ FQN9hzhzP_"" (3121) | #2 ""gurt @ gpP9uUffpu"" (1716) | #9 ""Wizard of Ball @ L0mhqQt-8H"" (2090)",2026-08-29T07:33:36.789Z,178798881678902
"-- starting hand #139 (id: ntk2nevy8sbd)  No Limit Texas Hold'em (dealer: ""Wizard of Ball @ L0mhqQt-8H"") --",2026-08-29T07:33:36.789Z,178798881678901
"The player ""DK @ 6AN-TeA3Jk"" quits the game with a stack of 0.",2026-08-29T07:33:36.789Z,178798881678900
"-- ending hand #138 --",2026-08-29T07:33:28.773Z,178798880877302
"""Henry @ FQN9hzhzP_"" collected 706 from pot with Two Pair, 8's & 3's on the second run  (combination: 6♠, 3♣, 3♦, 8♥, 8♠)",2026-08-29T07:33:28.773Z,178798880877301
"""Henry @ FQN9hzhzP_"" collected 706 from pot with Three of a Kind, 3's (combination: 10♠, J♥, 3♣, 3♦, 3♥)",2026-08-29T07:33:28.773Z,178798880877300
"River (second run): 8♥, 6♠, 5♦, 2♦ [8♠]",2026-08-29T07:33:24.770Z,178798880477000
"Turn (second run): 8♥, 6♠, 5♦ [2♦]",2026-08-29T07:33:20.762Z,178798880076200
"Flop (second run):  [8♥, 6♠, 5♦]",2026-08-29T07:33:16.750Z,178798879675000
"River: 10♠, J♥, 3♥, 7♥ [4♠]",2026-08-29T07:33:12.741Z,178798879274100
"Turn: 10♠, J♥, 3♥ [7♥]",2026-08-29T07:33:08.606Z,178798878860600
"Flop:  [10♠, J♥, 3♥]",2026-08-29T07:33:04.602Z,178798878460200
"""DK @ 6AN-TeA3Jk"" shows a Q♦, J♣.",2026-08-29T07:33:00.589Z,178798878058901
"""Henry @ FQN9hzhzP_"" shows a 3♣, 3♦.",2026-08-29T07:33:00.589Z,178798878058900
"All players in hand choose to run it twice.",2026-08-29T07:32:59.784Z,178798877978401
"""Henry @ FQN9hzhzP_"" chooses to  run it twice.",2026-08-29T07:32:59.784Z,178798877978400
"""DK @ 6AN-TeA3Jk"" chooses to  run it twice.",2026-08-29T07:32:59.578Z,178798877957800
"Remaining players decide whether to run it twice.",2026-08-29T07:32:58.457Z,178798877845701
"""Henry @ FQN9hzhzP_"" calls 673",2026-08-29T07:32:58.457Z,178798877845700
"""DK @ 6AN-TeA3Jk"" raises to 673 and go all in",2026-08-29T07:32:57.539Z,178798877753900
"""Wizard of Ball @ L0mhqQt-8H"" folds",2026-08-29T07:32:54.797Z,178798877479700
"""gurt @ gpP9uUffpu"" folds",2026-08-29T07:32:53.811Z,178798877381100
"""Henry @ FQN9hzhzP_"" raises to 333",2026-08-29T07:32:52.655Z,178798877265500
"""DK @ 6AN-TeA3Jk"" raises to 132",2026-08-29T07:32:50.502Z,178798877050200
"""Wizard of Ball @ L0mhqQt-8H"" calls 33",2026-08-29T07:32:47.413Z,178798876741300
"""gurt @ gpP9uUffpu"" calls 33",2026-08-29T07:32:44.903Z,178798876490300
"""Henry @ FQN9hzhzP_"" raises to 33",2026-08-29T07:32:41.743Z,178798876174300
"""DK @ 6AN-TeA3Jk"" posts a big blind of 10",2026-08-29T07:32:37.981Z,178798875798107
"""Wizard of Ball @ L0mhqQt-8H"" posts a small blind of 5",2026-08-29T07:32:37.981Z,178798875798106
"Player stacks: #1 ""Henry @ FQN9hzhzP_"" (2382) | #2 ""gurt @ gpP9uUffpu"" (1749) | #9 ""Wizard of Ball @ L0mhqQt-8H"" (2123) | #10 ""DK @ 6AN-TeA3Jk"" (673)",2026-08-29T07:32:37.981Z,178798875798101
"-- starting hand #138 (id: 7t2tzeoeppxs)  No Limit Texas Hold'em (dealer: ""gurt @ gpP9uUffpu"") --",2026-08-29T07:32:37.981Z,178798875798100
"-- ending hand #137 --",2026-08-29T07:32:31.953Z,178798875195303
"""Henry @ FQN9hzhzP_"" collected 402 from pot with Pair, 10's (combination: 4♦, K♥, A♣, 10♣, 10♠)",2026-08-29T07:32:31.953Z,178798875195302
"""Henry @ FQN9hzhzP_"" shows a A♣, 10♣.",2026-08-29T07:32:31.953Z,178798875195301
"""gurt @ gpP9uUffpu"" shows a A♠, 3♥.",2026-08-29T07:32:31.953Z,178798875195300
"""Henry @ FQN9hzhzP_"" checks",2026-08-29T07:32:31.132Z,178798875113200
"""gurt @ gpP9uUffpu"" checks",2026-08-29T07:32:29.977Z,178798874997700
"River: 10♠, K♥, 4♦, 2♥ [3♣]",2026-08-29T07:32:28.174Z,178798874817400
"""Henry @ FQN9hzhzP_"" checks",2026-08-29T07:32:27.354Z,178798874735400
"""gurt @ gpP9uUffpu"" checks",2026-08-29T07:32:26.417Z,178798874641700
"Turn: 10♠, K♥, 4♦ [2♥]",2026-08-29T07:32:25.055Z,178798874505500
"""DK @ 6AN-TeA3Jk"" folds",2026-08-29T07:32:24.250Z,178798874425000
"""Wizard of Ball @ L0mhqQt-8H"" folds",2026-08-29T07:32:23.320Z,178798874332000
"""gurt @ gpP9uUffpu"" calls 67",2026-08-29T07:32:21.499Z,178798874149900
"""Henry @ FQN9hzhzP_"" bets 67",2026-08-29T07:32:20.056Z,178798874005600
"""DK @ 6AN-TeA3Jk"" checks",2026-08-29T07:32:15.871Z,178798873587100
"""Wizard of Ball @ L0mhqQt-8H"" checks",2026-08-29T07:32:14.949Z,178798873494900
"""gurt @ gpP9uUffpu"" checks",2026-08-29T07:32:12.497Z,178798873249700
"Flop:  [10♠, K♥, 4♦]",2026-08-29T07:32:10.500Z,178798873050000
"""DK @ 6AN-TeA3Jk"" calls 67",2026-08-29T07:32:09.683Z,178798872968300
"""Wizard of Ball @ L0mhqQt-8H"" calls 67",2026-08-29T07:32:07.758Z,178798872775800
"""gurt @ gpP9uUffpu"" calls 67",2026-08-29T07:32:05.815Z,178798872581500
"""Henry @ FQN9hzhzP_"" raises to 67",2026-08-29T07:32:01.824Z,178798872182400
"""DK @ 6AN-TeA3Jk"" calls 10",2026-08-29T07:31:55.935Z,178798871593500
"""Wizard of Ball @ L0mhqQt-8H"" posts a big blind of 10",2026-08-29T07:31:53.718Z,178798871371807
"""gurt @ gpP9uUffpu"" posts a small blind of 5",2026-08-29T07:31:53.718Z,178798871371806
"Your hand is A♠, 3♥",2026-08-29T07:31:53.718Z,178798871371803
"Player stacks: #1 ""Henry @ FQN9hzhzP_"" (2114) | #2 ""gurt @ gpP9uUffpu"" (1883) | #9 ""Wizard of Ball @ L0mhqQt-8H"" (2190) | #10 ""DK @ 6AN-TeA3Jk"" (740)",2026-08-29T07:31:53.718Z,178798871371801
"-- starting hand #137 (id: fl5xry514z8a)  No Limit Texas Hold'em (dealer: ""Henry @ FQN9hzhzP_"") --",2026-08-29T07:31:53.718Z,178798871371800
"""Henry @ FQN9hzhzP_"" shows a 8♣, A♠.",2026-08-29T07:31:48.835Z,178798870883500
"-- ending hand #136 --",2026-08-29T07:31:47.112Z,178798870711201
"""DK @ 6AN-TeA3Jk"" collected 144 from pot",2026-08-29T07:31:47.112Z,178798870711200
"""Henry @ FQN9hzhzP_"" folds",2026-08-29T07:31:46.300Z,178798870630000
"Flop:  [3♥, 10♥, Q♦]",2026-08-29T07:31:43.569Z,178798870356900
"""DK @ 6AN-TeA3Jk"" calls 67",2026-08-29T07:31:42.732Z,178798870273200
"""gurt @ gpP9uUffpu"" folds",2026-08-29T07:31:41.488Z,178798870148800
"""Henry @ FQN9hzhzP_"" raises to 67",2026-08-29T07:31:40.526Z,178798870052600
"""DK @ 6AN-TeA3Jk"" raises to 30",2026-08-29T07:31:37.483Z,178798869748300
"""Wizard of Ball @ L0mhqQt-8H"" folds",2026-08-29T07:31:33.837Z,178798869383700
"""gurt @ gpP9uUffpu"" posts a big blind of 10",2026-08-29T07:31:32.394Z,178798869239407
"""Henry @ FQN9hzhzP_"" posts a small blind of 5",2026-08-29T07:31:32.394Z,178798869239406
"Player stacks: #1 ""Henry @ FQN9hzhzP_"" (2181) | #2 ""gurt @ gpP9uUffpu"" (1893) | #9 ""Wizard of Ball @ L0mhqQt-8H"" (2190) | #10 ""DK @ 6AN-TeA3Jk"" (663)",2026-08-29T07:31:32.394Z,178798869239401
"-- starting hand #136 (id: bbbnsubehbho)  No Limit Texas Hold'em (dealer: ""DK @ 6AN-TeA3Jk"") --",2026-08-29T07:31:32.394Z,178798869239400
"""Henry @ FQN9hzhzP_"" shows a 8♦, 7♦.",2026-08-29T07:31:28.321Z,178798868832100
"-- ending hand #135 --",2026-08-29T07:31:25.787Z,178798868578702
"""Henry @ FQN9hzhzP_"" collected 383 from pot",2026-08-29T07:31:25.787Z,178798868578701
"Uncalled bet of 67 returned to ""Henry @ FQN9hzhzP_""",2026-08-29T07:31:25.787Z,178798868578700
"""Wizard of Ball @ L0mhqQt-8H"" folds",2026-08-29T07:31:24.970Z,178798868497000
"""Henry @ FQN9hzhzP_"" bets 67",2026-08-29T07:31:23.941Z,178798868394100
"Turn: 3♠, 8♥, K♠ [A♥]",2026-08-29T07:31:15.493Z,178798867549300
"""Wizard of Ball @ L0mhqQt-8H"" calls 54",2026-08-29T07:31:14.685Z,178798867468500
"""gurt @ gpP9uUffpu"" folds",2026-08-29T07:31:13.559Z,178798867355900
"""Henry @ FQN9hzhzP_"" bets 54",2026-08-29T07:31:09.483Z,178798866948300
"Flop:  [3♠, 8♥, K♠]",2026-08-29T07:31:00.270Z,178798866027000
"""gurt @ gpP9uUffpu"" calls 90",2026-08-29T07:30:59.389Z,178798865938900
"""Henry @ FQN9hzhzP_"" calls 90",2026-08-29T07:30:58.471Z,178798865847100
"""DK @ 6AN-TeA3Jk"" folds",2026-08-29T07:30:55.123Z,178798865512300
"""Wizard of Ball @ L0mhqQt-8H"" raises to 90",2026-08-29T07:30:53.126Z,178798865312600
"""gurt @ gpP9uUffpu"" raises to 30",2026-08-29T07:30:51.199Z,178798865119900
"""Henry @ FQN9hzhzP_"" posts a big blind of 10",2026-08-29T07:30:48.400Z,178798864840007
"""DK @ 6AN-TeA3Jk"" posts a small blind of 5",2026-08-29T07:30:48.400Z,178798864840006
"Player stacks: #1 ""Henry @ FQN9hzhzP_"" (1942) | #2 ""gurt @ gpP9uUffpu"" (1983) | #9 ""Wizard of Ball @ L0mhqQt-8H"" (2334) | #10 ""DK @ 6AN-TeA3Jk"" (668)",2026-08-29T07:30:48.400Z,178798864840001
"-- starting hand #135 (id: myvswmaragfc)  No Limit Texas Hold'em (dealer: ""Wizard of Ball @ L0mhqQt-8H"") --",2026-08-29T07:30:48.400Z,178798864840000
"-- ending hand #134 --",2026-08-29T07:30:42.394Z,178798864239404
"""gurt @ gpP9uUffpu"" collected 74 from pot with Pair, 3's (combination: 7♦, J♣, A♣, 3♠, 3♣)",2026-08-29T07:30:42.394Z,178798864239403
"""Henry @ FQN9hzhzP_"" collected 75 from pot with Pair, 3's (combination: 7♦, J♣, A♠, 3♠, 3♣)",2026-08-29T07:30:42.394Z,178798864239402
"""gurt @ gpP9uUffpu"" shows a A♣, 6♠.",2026-08-29T07:30:42.394Z,178798864239401
"""Henry @ FQN9hzhzP_"" shows a 2♣, A♠.",2026-08-29T07:30:42.394Z,178798864239400
"""gurt @ gpP9uUffpu"" checks",2026-08-29T07:30:41.487Z,178798864148700
"""Henry @ FQN9hzhzP_"" checks",2026-08-29T07:30:40.559Z,178798864055900
"River: 3♠, J♣, 3♣, 7♦ [5♦]",2026-08-29T07:30:38.795Z,178798863879500
"""gurt @ gpP9uUffpu"" checks",2026-08-29T07:30:37.981Z,178798863798100
"""Henry @ FQN9hzhzP_"" checks",2026-08-29T07:30:37.045Z,178798863704500
"Turn: 3♠, J♣, 3♣ [7♦]",2026-08-29T07:30:32.989Z,178798863298900
"""gurt @ gpP9uUffpu"" checks",2026-08-29T07:30:32.085Z,178798863208500
"""Henry @ FQN9hzhzP_"" checks",2026-08-29T07:30:31.149Z,178798863114900
"Flop:  [3♠, J♣, 3♣]",2026-08-29T07:30:23.067Z,178798862306700
"""DK @ 6AN-TeA3Jk"" folds",2026-08-29T07:30:22.264Z,178798862226400
"""Wizard of Ball @ L0mhqQt-8H"" folds",2026-08-29T07:30:21.303Z,178798862130300
"""gurt @ gpP9uUffpu"" calls 67",2026-08-29T07:30:20.345Z,178798862034500
"""Henry @ FQN9hzhzP_"" raises to 67",2026-08-29T07:30:17.623Z,178798861762300
"""DK @ 6AN-TeA3Jk"" posts a big blind of 10",2026-08-29T07:30:13.357Z,178798861335707
"""Wizard of Ball @ L0mhqQt-8H"" posts a small blind of 5",2026-08-29T07:30:13.357Z,178798861335706
"Your hand is A♣, 6♠",2026-08-29T07:30:13.357Z,178798861335703
"Player stacks: #1 ""Henry @ FQN9hzhzP_"" (1934) | #2 ""gurt @ gpP9uUffpu"" (1976) | #9 ""Wizard of Ball @ L0mhqQt-8H"" (2339) | #10 ""DK @ 6AN-TeA3Jk"" (678)",2026-08-29T07:30:13.357Z,178798861335701
"-- starting hand #134 (id: l5zbmkwtpepp)  No Limit Texas Hold'em (dealer: ""gurt @ gpP9uUffpu"") --",2026-08-29T07:30:13.357Z,178798861335700
"""gurt @ gpP9uUffpu"" shows a 6♥.",2026-08-29T07:30:09.587Z,178798860958700
"-- ending hand #133 --",2026-08-29T07:30:06.756Z,178798860675602
"""Wizard of Ball @ L0mhqQt-8H"" collected 360 from pot with Two Pair, 10's & 8's (combination: A♦, 8♦, 8♠, 10♠, 10♣)",2026-08-29T07:30:06.756Z,178798860675601
"""Wizard of Ball @ L0mhqQt-8H"" shows a 10♠, A♦.",2026-08-29T07:30:06.756Z,178798860675600
"""gurt @ gpP9uUffpu"" calls 120",2026-08-29T07:30:05.859Z,178798860585900
"""Henry @ FQN9hzhzP_"" folds",2026-08-29T07:30:04.895Z,178798860489500
"""DK @ 6AN-TeA3Jk"" folds",2026-08-29T07:30:03.957Z,178798860395700
"""Wizard of Ball @ L0mhqQt-8H"" bets 120",2026-08-29T07:30:02.251Z,178798860225100
"""gurt @ gpP9uUffpu"" checks",2026-08-29T07:30:00.063Z,178798860006300
"River: 3♥, 8♦, 6♠, 8♠ [10♣]",2026-08-29T07:29:57.881Z,178798859788100
"""Henry @ FQN9hzhzP_"" checks",2026-08-29T07:29:57.057Z,178798859705700
"""DK @ 6AN-TeA3Jk"" checks",2026-08-29T07:29:56.148Z,178798859614800
"""Wizard of Ball @ L0mhqQt-8H"" checks",2026-08-29T07:29:55.170Z,178798859517000
"""gurt @ gpP9uUffpu"" checks",2026-08-29T07:29:54.079Z,178798859407900
"Turn: 3♥, 8♦, 6♠ [8♠]",2026-08-29T07:29:53.042Z,178798859304200
"""Henry @ FQN9hzhzP_"" checks",2026-08-29T07:29:52.226Z,178798859222600
"""DK @ 6AN-TeA3Jk"" checks",2026-08-29T07:29:50.678Z,178798859067800
"""Wizard of Ball @ L0mhqQt-8H"" checks",2026-08-29T07:29:49.498Z,178798858949800
"""gurt @ gpP9uUffpu"" checks",2026-08-29T07:29:47.168Z,178798858716800
"Flop:  [3♥, 8♦, 6♠]",2026-08-29T07:29:45.640Z,178798858564000
"""Wizard of Ball @ L0mhqQt-8H"" calls 30",2026-08-29T07:29:44.810Z,178798858481000
"""gurt @ gpP9uUffpu"" calls 30",2026-08-29T07:29:43.326Z,178798858332600
"""Henry @ FQN9hzhzP_"" calls 30",2026-08-29T07:29:42.378Z,178798858237800
"""DK @ 6AN-TeA3Jk"" raises to 30",2026-08-29T07:29:36.443Z,178798857644300
"""Wizard of Ball @ L0mhqQt-8H"" posts a big blind of 10",2026-08-29T07:29:31.347Z,178798857134707
"""gurt @ gpP9uUffpu"" posts a small blind of 5",2026-08-29T07:29:31.347Z,178798857134706
"Player stacks: #1 ""Henry @ FQN9hzhzP_"" (1964) | #2 ""gurt @ gpP9uUffpu"" (2126) | #9 ""Wizard of Ball @ L0mhqQt-8H"" (2129) | #10 ""DK @ 6AN-TeA3Jk"" (708)",2026-08-29T07:29:31.347Z,178798857134701
"-- starting hand #133 (id: ym4eljk3ejgt)  No Limit Texas Hold'em (dealer: ""Henry @ FQN9hzhzP_"") --",2026-08-29T07:29:31.347Z,178798857134700
"-- ending hand #132 --",2026-08-29T07:29:25.386Z,178798856538602
"""DK @ 6AN-TeA3Jk"" collected 299 from pot",2026-08-29T07:29:25.386Z,178798856538601
"Uncalled bet of 100 returned to ""DK @ 6AN-TeA3Jk""",2026-08-29T07:29:25.386Z,178798856538600
"""Henry @ FQN9hzhzP_"" folds",2026-08-29T07:29:24.555Z,178798856455500
"""DK @ 6AN-TeA3Jk"" raises to 167",2026-08-29T07:29:19.521Z,178798855952100
"""gurt @ gpP9uUffpu"" folds",2026-08-29T07:29:14.861Z,178798855486100
"""Henry @ FQN9hzhzP_"" bets 67",2026-08-29T07:29:12.355Z,178798855235500
"Flop:  [4♠, 5♠, K♠]",2026-08-29T07:29:07.777Z,178798854777700
"""gurt @ gpP9uUffpu"" calls 55",2026-08-29T07:29:06.918Z,178798854691800
"""Henry @ FQN9hzhzP_"" calls 55",2026-08-29T07:29:04.814Z,178798854481400
"""DK @ 6AN-TeA3Jk"" raises to 55",2026-08-29T07:29:03.527Z,178798854352700
"""Wizard of Ball @ L0mhqQt-8H"" folds",2026-08-29T07:28:59.465Z,178798853946500
"""gurt @ gpP9uUffpu"" posts a big blind of 10",2026-08-29T07:28:58.411Z,178798853841107
"""Henry @ FQN9hzhzP_"" posts a small blind of 5",2026-08-29T07:28:58.411Z,178798853841106
"Player stacks: #1 ""Henry @ FQN9hzhzP_"" (2086) | #2 ""gurt @ gpP9uUffpu"" (2181) | #9 ""Wizard of Ball @ L0mhqQt-8H"" (2129) | #10 ""DK @ 6AN-TeA3Jk"" (531)",2026-08-29T07:28:58.411Z,178798853841101
"-- starting hand #132 (id: gwx4xnz1n2lu)  No Limit Texas Hold'em (dealer: ""DK @ 6AN-TeA3Jk"") --",2026-08-29T07:28:58.411Z,178798853841100
"""Henry @ FQN9hzhzP_"" shows a 6♥.",2026-08-29T07:28:54.475Z,178798853447500
"-- ending hand #131 --",2026-08-29T07:28:51.804Z,178798853180402
"""Wizard of Ball @ L0mhqQt-8H"" collected 231 from pot",2026-08-29T07:28:51.804Z,178798853180401
"Uncalled bet of 100 returned to ""Wizard of Ball @ L0mhqQt-8H""",2026-08-29T07:28:51.804Z,178798853180400
"""Henry @ FQN9hzhzP_"" folds",2026-08-29T07:28:50.993Z,178798853099300
"""DK @ 6AN-TeA3Jk"" folds",2026-08-29T07:28:46.832Z,178798852683200
"""Wizard of Ball @ L0mhqQt-8H"" bets 100",2026-08-29T07:28:44.566Z,178798852456600
"""Henry @ FQN9hzhzP_"" checks",2026-08-29T07:28:42.038Z,178798852203800
"""DK @ 6AN-TeA3Jk"" checks",2026-08-29T07:28:41.052Z,178798852105200
"Turn: 9♥, J♣, 3♥ [2♣]",2026-08-29T07:28:39.159Z,178798851915900
"""DK @ 6AN-TeA3Jk"" calls 67",2026-08-29T07:28:38.339Z,178798851833900
"""Wizard of Ball @ L0mhqQt-8H"" calls 67",2026-08-29T07:28:36.564Z,178798851656400
"""Henry @ FQN9hzhzP_"" raises to 67",2026-08-29T07:28:35.595Z,178798851559500
"""DK @ 6AN-TeA3Jk"" calls 20",2026-08-29T07:28:33.710Z,178798851371000
"""Wizard of Ball @ L0mhqQt-8H"" bets 20",2026-08-29T07:28:32.569Z,178798851256900
"""Henry @ FQN9hzhzP_"" checks",2026-08-29T07:28:29.347Z,178798850934700
"""DK @ 6AN-TeA3Jk"" checks",2026-08-29T07:28:27.911Z,178798850791100
"Flop:  [9♥, J♣, 3♥]",2026-08-29T07:28:25.648Z,178798850564800
"""Henry @ FQN9hzhzP_"" checks",2026-08-29T07:28:24.800Z,178798850480000
"""DK @ 6AN-TeA3Jk"" calls 10",2026-08-29T07:28:23.879Z,178798850387900
"""Wizard of Ball @ L0mhqQt-8H"" calls 10",2026-08-29T07:28:22.463Z,178798850246300
"""gurt @ gpP9uUffpu"" folds",2026-08-29T07:28:21.176Z,178798850117600
"""Henry @ FQN9hzhzP_"" posts a big blind of 10",2026-08-29T07:28:19.044Z,178798849904407
"""DK @ 6AN-TeA3Jk"" posts a small blind of 5",2026-08-29T07:28:19.044Z,178798849904406
"Player stacks: #1 ""Henry @ FQN9hzhzP_"" (2163) | #2 ""gurt @ gpP9uUffpu"" (2181) | #9 ""Wizard of Ball @ L0mhqQt-8H"" (1975) | #10 ""DK @ 6AN-TeA3Jk"" (608)",2026-08-29T07:28:19.044Z,178798849904401
"-- starting hand #131 (id: fjvttieibnql)  No Limit Texas Hold'em (dealer: ""Wizard of Ball @ L0mhqQt-8H"") --",2026-08-29T07:28:19.044Z,178798849904400
"""Henry @ FQN9hzhzP_"" shows a 7♦.",2026-08-29T07:28:15.215Z,178798849521500
"Undealt cards: 6♥, A♥, 6♦ [K♦, 3♥]",2026-08-29T07:28:12.985Z,178798849298500
"-- ending hand #130 --",2026-08-29T07:28:12.442Z,178798849244202
"""gurt @ gpP9uUffpu"" collected 155 from pot",2026-08-29T07:28:12.442Z,178798849244201
"Uncalled bet of 50 returned to ""gurt @ gpP9uUffpu""",2026-08-29T07:28:12.442Z,178798849244200
"""Henry @ FQN9hzhzP_"" folds",2026-08-29T07:28:11.597Z,178798849159700
"""DK @ 6AN-TeA3Jk"" folds",2026-08-29T07:28:10.655Z,178798849065500
"""gurt @ gpP9uUffpu"" bets 50",2026-08-29T07:28:09.505Z,178798848950500
"""Henry @ FQN9hzhzP_"" checks",2026-08-29T07:28:06.606Z,178798848660600
"""DK @ 6AN-TeA3Jk"" checks",2026-08-29T07:28:05.352Z,178798848535200
"Flop:  [6♥, A♥, 6♦]",2026-08-29T07:28:02.914Z,178798848291400
"""Henry @ FQN9hzhzP_"" calls 50",2026-08-29T07:28:02.104Z,178798848210400
"""DK @ 6AN-TeA3Jk"" calls 50",2026-08-29T07:28:00.774Z,178798848077400
"""Wizard of Ball @ L0mhqQt-8H"" folds",2026-08-29T07:27:59.584Z,178798847958400
"""gurt @ gpP9uUffpu"" raises to 50",2026-08-29T07:27:58.637Z,178798847863700
"""Henry @ FQN9hzhzP_"" calls 10",2026-08-29T07:27:54.974Z,178798847497400
"""DK @ 6AN-TeA3Jk"" posts a big blind of 10",2026-08-29T07:27:45.675Z,178798846567507
"""Wizard of Ball @ L0mhqQt-8H"" posts a small blind of 5",2026-08-29T07:27:45.675Z,178798846567506
"Player stacks: #1 ""Henry @ FQN9hzhzP_"" (2213) | #2 ""gurt @ gpP9uUffpu"" (2076) | #9 ""Wizard of Ball @ L0mhqQt-8H"" (1980) | #10 ""DK @ 6AN-TeA3Jk"" (658)",2026-08-29T07:27:45.675Z,178798846567501
"-- starting hand #130 (id: enhr3bvnfmz3)  No Limit Texas Hold'em (dealer: ""gurt @ gpP9uUffpu"") --",2026-08-29T07:27:45.675Z,178798846567500
"""DK @ 6AN-TeA3Jk"" shows a 9♣.",2026-08-29T07:27:42.919Z,178798846291900
"""DK @ 6AN-TeA3Jk"" shows a K♥.",2026-08-29T07:27:42.601Z,178798846260100
"""Henry @ FQN9hzhzP_"" shows a A♥, 9♦.",2026-08-29T07:27:40.603Z,178798846060300
"-- ending hand #129 --",2026-08-29T07:27:38.346Z,178798845834602
"""Henry @ FQN9hzhzP_"" collected 697 from pot",2026-08-29T07:27:38.346Z,178798845834601
"Uncalled bet of 293 returned to ""Henry @ FQN9hzhzP_""",2026-08-29T07:27:38.346Z,178798845834600
"""DK @ 6AN-TeA3Jk"" folds",2026-08-29T07:27:37.529Z,178798845752900
"""Henry @ FQN9hzhzP_"" raises to 467",2026-08-29T07:27:31.288Z,178798845128800
"""DK @ 6AN-TeA3Jk"" bets 174",2026-08-29T07:27:23.596Z,178798844359600
"Flop:  [A♠, 4♦, 3♣]",2026-08-29T07:27:19.488Z,178798843948800
"""DK @ 6AN-TeA3Jk"" calls 167",2026-08-29T07:27:18.677Z,178798843867700
"""Wizard of Ball @ L0mhqQt-8H"" folds",2026-08-29T07:27:17.433Z,178798843743300
"""gurt @ gpP9uUffpu"" folds",2026-08-29T07:27:16.514Z,178798843651400
"""Henry @ FQN9hzhzP_"" raises to 167",2026-08-29T07:27:15.318Z,178798843531800
"""DK @ 6AN-TeA3Jk"" calls 10",2026-08-29T07:27:09.773Z,178798842977300
"""Wizard of Ball @ L0mhqQt-8H"" posts a big blind of 10",2026-08-29T07:27:07.480Z,178798842748007
"""gurt @ gpP9uUffpu"" posts a small blind of 5",2026-08-29T07:27:07.480Z,178798842748006
"Player stacks: #1 ""Henry @ FQN9hzhzP_"" (1857) | #2 ""gurt @ gpP9uUffpu"" (2081) | #9 ""Wizard of Ball @ L0mhqQt-8H"" (1990) | #10 ""DK @ 6AN-TeA3Jk"" (999)",2026-08-29T07:27:07.480Z,178798842748001
"-- starting hand #129 (id: wviajk7y5q38)  No Limit Texas Hold'em (dealer: ""Henry @ FQN9hzhzP_"") --",2026-08-29T07:27:07.480Z,178798842748000
"-- ending hand #128 --",2026-08-29T07:27:01.440Z,178798842144003
"""Wizard of Ball @ L0mhqQt-8H"" collected 1956 from pot with Two Pair, A's & Q's (combination: 10♣, Q♥, Q♠, A♥, A♦)",2026-08-29T07:27:01.440Z,178798842144002
"""Wizard of Ball @ L0mhqQt-8H"" shows a 8♥, A♥.",2026-08-29T07:27:01.440Z,178798842144001
"""Henry @ FQN9hzhzP_"" shows a J♦, 10♠.",2026-08-29T07:27:01.440Z,178798842144000
"""Wizard of Ball @ L0mhqQt-8H"" calls 467",2026-08-29T07:27:00.586Z,178798842058600
"""Henry @ FQN9hzhzP_"" bets 467",2026-08-29T07:26:59.645Z,178798841964500
"River: A♦, 8♣, 10♣, Q♥ [Q♠]",2026-08-29T07:26:56.631Z,178798841663100
"""Wizard of Ball @ L0mhqQt-8H"" calls 367",2026-08-29T07:26:55.775Z,178798841577500
"""Henry @ FQN9hzhzP_"" raises to 367",2026-08-29T07:26:54.845Z,178798841484500
"""Wizard of Ball @ L0mhqQt-8H"" raises to 134",2026-08-29T07:26:52.802Z,178798841280200
"""Henry @ FQN9hzhzP_"" bets 67",2026-08-29T07:26:50.889Z,178798841088900
"Turn: A♦, 8♣, 10♣ [Q♥]",2026-08-29T07:26:45.499Z,178798840549900
"""Wizard of Ball @ L0mhqQt-8H"" calls 67",2026-08-29T07:26:44.658Z,178798840465800
"""Henry @ FQN9hzhzP_"" bets 67",2026-08-29T07:26:41.940Z,178798840194000
"Flop:  [A♦, 8♣, 10♣]",2026-08-29T07:26:37.366Z,178798839736600
"""DK @ 6AN-TeA3Jk"" folds",2026-08-29T07:26:36.551Z,178798839655100
"""Wizard of Ball @ L0mhqQt-8H"" calls 67",2026-08-29T07:26:34.081Z,178798839408100
"""gurt @ gpP9uUffpu"" folds",2026-08-29T07:26:32.260Z,178798839226000
"""Henry @ FQN9hzhzP_"" raises to 67",2026-08-29T07:26:29.560Z,178798838956000
"""DK @ 6AN-TeA3Jk"" calls 10",2026-08-29T07:26:25.557Z,178798838555700
"""Wizard of Ball @ L0mhqQt-8H"" calls 10",2026-08-29T07:26:23.117Z,178798838311700
"""gurt @ gpP9uUffpu"" posts a big blind of 10",2026-08-29T07:26:20.619Z,178798838061907
"""Henry @ FQN9hzhzP_"" posts a small blind of 5",2026-08-29T07:26:20.619Z,178798838061906
"Player stacks: #1 ""Henry @ FQN9hzhzP_"" (2825) | #2 ""gurt @ gpP9uUffpu"" (2091) | #9 ""Wizard of Ball @ L0mhqQt-8H"" (1002) | #10 ""DK @ 6AN-TeA3Jk"" (1009)",2026-08-29T07:26:20.619Z,178798838061901
"-- starting hand #128 (id: x8kbeb1e9rrs)  No Limit Texas Hold'em (dealer: ""DK @ 6AN-TeA3Jk"") --",2026-08-29T07:26:20.619Z,178798838061900
"-- ending hand #127 --",2026-08-29T07:26:14.612Z,178798837461202
"""Henry @ FQN9hzhzP_"" collected 528 from pot with Two Pair, J's & 3's (combination: Q♥, 3♠, 3♣, J♦, J♣)",2026-08-29T07:26:14.612Z,178798837461201
"""Henry @ FQN9hzhzP_"" shows a J♦, 3♠.",2026-08-29T07:26:14.612Z,178798837461200
"""DK @ 6AN-TeA3Jk"" calls 167",2026-08-29T07:26:13.789Z,178798837378900
"""Henry @ FQN9hzhzP_"" bets 167",2026-08-29T07:26:07.280Z,178798836728000
"""DK @ 6AN-TeA3Jk"" checks",2026-08-29T07:26:05.370Z,178798836537000
"River: 4♦, 3♣, 2♠, Q♥ [J♣]",2026-08-29T07:26:03.197Z,178798836319700
"""Henry @ FQN9hzhzP_"" checks",2026-08-29T07:26:02.348Z,178798836234800
"""DK @ 6AN-TeA3Jk"" checks",2026-08-29T07:26:01.237Z,178798836123700
"Turn: 4♦, 3♣, 2♠ [Q♥]",2026-08-29T07:25:58.898Z,178798835889800
"""DK @ 6AN-TeA3Jk"" calls 67",2026-08-29T07:25:58.082Z,178798835808200
"""Henry @ FQN9hzhzP_"" bets 67",2026-08-29T07:25:56.804Z,178798835680400
"""DK @ 6AN-TeA3Jk"" checks",2026-08-29T07:25:54.867Z,178798835486700
"Flop:  [4♦, 3♣, 2♠]",2026-08-29T07:25:52.857Z,178798835285700
"""Henry @ FQN9hzhzP_"" calls 30",2026-08-29T07:25:52.034Z,178798835203400
"""DK @ 6AN-TeA3Jk"" raises to 30",2026-08-29T07:25:50.975Z,178798835097500
"""Wizard of Ball @ L0mhqQt-8H"" folds",2026-08-29T07:25:48.461Z,178798834846100
"""gurt @ gpP9uUffpu"" folds",2026-08-29T07:25:46.781Z,178798834678100
"""Henry @ FQN9hzhzP_"" posts a big blind of 10",2026-08-29T07:25:44.778Z,178798834477807
"""DK @ 6AN-TeA3Jk"" posts a small blind of 5",2026-08-29T07:25:44.778Z,178798834477806
"Player stacks: #1 ""Henry @ FQN9hzhzP_"" (2561) | #2 ""gurt @ gpP9uUffpu"" (2091) | #9 ""Wizard of Ball @ L0mhqQt-8H"" (1002) | #10 ""DK @ 6AN-TeA3Jk"" (1273)",2026-08-29T07:25:44.778Z,178798834477801
"-- starting hand #127 (id: ujmd9mnxzrvr)  No Limit Texas Hold'em (dealer: ""Wizard of Ball @ L0mhqQt-8H"") --",2026-08-29T07:25:44.778Z,178798834477800
"-- ending hand #126 --",2026-08-29T07:25:38.775Z,178798833877502
"""Henry @ FQN9hzhzP_"" collected 351 from pot with Two Pair, 9's & 4's (combination: Q♠, 4♠, 4♥, 9♣, 9♠)",2026-08-29T07:25:38.775Z,178798833877501
"""Henry @ FQN9hzhzP_"" shows a 9♣, 2♦.",2026-08-29T07:25:38.775Z,178798833877500
"""gurt @ gpP9uUffpu"" calls 67",2026-08-29T07:25:37.962Z,178798833796200
"""Henry @ FQN9hzhzP_"" bets 67",2026-08-29T07:25:36.815Z,178798833681500
"River: Q♠, 9♠, 4♠, 8♣ [4♥]",2026-08-29T07:25:33.376Z,178798833337600
"""gurt @ gpP9uUffpu"" calls 34",2026-08-29T07:25:32.524Z,178798833252400
"""Henry @ FQN9hzhzP_"" bets 34",2026-08-29T07:25:31.324Z,178798833132400
"Turn: Q♠, 9♠, 4♠ [8♣]",2026-08-29T07:25:22.168Z,178798832216800
"""gurt @ gpP9uUffpu"" checks",2026-08-29T07:25:21.299Z,178798832129900
"""Henry @ FQN9hzhzP_"" checks",2026-08-29T07:25:20.366Z,178798832036600
"Flop:  [Q♠, 9♠, 4♠]",2026-08-29T07:25:14.546Z,178798831454600
"""DK @ 6AN-TeA3Jk"" folds",2026-08-29T07:25:13.643Z,178798831364300
"""Wizard of Ball @ L0mhqQt-8H"" folds",2026-08-29T07:25:12.454Z,178798831245400
"""gurt @ gpP9uUffpu"" calls 67",2026-08-29T07:25:11.510Z,178798831151000
"""Henry @ FQN9hzhzP_"" raises to 67",2026-08-29T07:24:58.903Z,178798829890300
"""DK @ 6AN-TeA3Jk"" posts a big blind of 10",2026-08-29T07:24:52.673Z,178798829267307
"""Wizard of Ball @ L0mhqQt-8H"" posts a small blind of 5",2026-08-29T07:24:52.673Z,178798829267306
"Player stacks: #1 ""Henry @ FQN9hzhzP_"" (2378) | #2 ""gurt @ gpP9uUffpu"" (2259) | #9 ""Wizard of Ball @ L0mhqQt-8H"" (1007) | #10 ""DK @ 6AN-TeA3Jk"" (1283)",2026-08-29T07:24:52.673Z,178798829267301
"-- starting hand #126 (id: z5iijtsg4vdd)  No Limit Texas Hold'em (dealer: ""gurt @ gpP9uUffpu"") --",2026-08-29T07:24:52.673Z,178798829267300
"""Henry @ FQN9hzhzP_"" shows a J♥, 10♠.",2026-08-29T07:24:48.681Z,178798828868100
"-- ending hand #125 --",2026-08-29T07:24:46.067Z,178798828606702
"""Henry @ FQN9hzhzP_"" collected 35 from pot",2026-08-29T07:24:46.067Z,178798828606701
"Uncalled bet of 157 returned to ""Henry @ FQN9hzhzP_""",2026-08-29T07:24:46.067Z,178798828606700
"""DK @ 6AN-TeA3Jk"" folds",2026-08-29T07:24:45.234Z,178798828523400
"""Wizard of Ball @ L0mhqQt-8H"" folds",2026-08-29T07:24:42.967Z,178798828296700
"""gurt @ gpP9uUffpu"" folds",2026-08-29T07:24:41.999Z,178798828199900
"""Henry @ FQN9hzhzP_"" raises to 167",2026-08-29T07:24:39.290Z,178798827929000
"""DK @ 6AN-TeA3Jk"" calls 10",2026-08-29T07:24:37.163Z,178798827716300
"""Wizard of Ball @ L0mhqQt-8H"" posts a big blind of 10",2026-08-29T07:24:35.260Z,178798827526007
"""gurt @ gpP9uUffpu"" posts a small blind of 5",2026-08-29T07:24:35.260Z,178798827526006
"Player stacks: #1 ""Henry @ FQN9hzhzP_"" (2353) | #2 ""gurt @ gpP9uUffpu"" (2264) | #9 ""Wizard of Ball @ L0mhqQt-8H"" (1017) | #10 ""DK @ 6AN-TeA3Jk"" (1293)",2026-08-29T07:24:35.260Z,178798827526001
"-- starting hand #125 (id: xan4bxozgrbz)  No Limit Texas Hold'em (dealer: ""Henry @ FQN9hzhzP_"") --",2026-08-29T07:24:35.260Z,178798827526000
"""DK @ 6AN-TeA3Jk"" shows a 4♦.",2026-08-29T07:24:32.833Z,178798827283300
"""Henry @ FQN9hzhzP_"" shows a 4♥.",2026-08-29T07:24:31.069Z,178798827106900
"Undealt cards: 2♣, 8♥, K♥ [K♠, 9♥]",2026-08-29T07:24:30.758Z,178798827075800
"""Wizard of Ball @ L0mhqQt-8H"" shows a 10♦.",2026-08-29T07:24:29.818Z,178798826981800
"-- ending hand #124 --",2026-08-29T07:24:27.256Z,178798826725601
"""Wizard of Ball @ L0mhqQt-8H"" collected 50 from pot",2026-08-29T07:24:27.256Z,178798826725600
"""Henry @ FQN9hzhzP_"" folds",2026-08-29T07:24:26.377Z,178798826637700
"Flop:  [2♣, 8♥, K♥]",2026-08-29T07:24:23.224Z,178798826322400
"""gurt @ gpP9uUffpu"" folds",2026-08-29T07:24:22.403Z,178798826240300
"""Henry @ FQN9hzhzP_"" calls 20",2026-08-29T07:24:19.318Z,178798825931800
"""DK @ 6AN-TeA3Jk"" folds",2026-08-29T07:24:18.373Z,178798825837300
"""Wizard of Ball @ L0mhqQt-8H"" raises to 20",2026-08-29T07:24:17.128Z,178798825712800
"""gurt @ gpP9uUffpu"" posts a big blind of 10",2026-08-29T07:24:14.018Z,178798825401807
"""Henry @ FQN9hzhzP_"" posts a small blind of 5",2026-08-29T07:24:14.018Z,178798825401806
"Player stacks: #1 ""Henry @ FQN9hzhzP_"" (2373) | #2 ""gurt @ gpP9uUffpu"" (2274) | #9 ""Wizard of Ball @ L0mhqQt-8H"" (987) | #10 ""DK @ 6AN-TeA3Jk"" (1293)",2026-08-29T07:24:14.018Z,178798825401801
"-- starting hand #124 (id: oas2iki84yxr)  No Limit Texas Hold'em (dealer: ""DK @ 6AN-TeA3Jk"") --",2026-08-29T07:24:14.018Z,178798825401800
"""Henry @ FQN9hzhzP_"" shows a 3♦.",2026-08-29T07:24:09.370Z,178798824937000
"Undealt cards: 3♣, 10♥, K♦ [2♠, J♦]",2026-08-29T07:24:07.674Z,178798824767400
"-- ending hand #123 --",2026-08-29T07:24:07.412Z,178798824741202
"""Wizard of Ball @ L0mhqQt-8H"" collected 275 from pot",2026-08-29T07:24:07.412Z,178798824741201
"Uncalled bet of 100 returned to ""Wizard of Ball @ L0mhqQt-8H""",2026-08-29T07:24:07.412Z,178798824741200
"""gurt @ gpP9uUffpu"" folds",2026-08-29T07:24:06.600Z,178798824660000
"""Henry @ FQN9hzhzP_"" folds",2026-08-29T07:24:05.573Z,178798824557300
"""Wizard of Ball @ L0mhqQt-8H"" bets 100",2026-08-29T07:24:02.737Z,178798824273700
"""gurt @ gpP9uUffpu"" checks",2026-08-29T07:23:58.590Z,178798823859000
"""Henry @ FQN9hzhzP_"" checks",2026-08-29T07:23:57.661Z,178798823766100
"Flop:  [3♣, 10♥, K♦]",2026-08-29T07:23:55.093Z,178798823509300
"""gurt @ gpP9uUffpu"" calls 90",2026-08-29T07:23:54.254Z,178798823425400
"""Henry @ FQN9hzhzP_"" calls 90",2026-08-29T07:23:53.148Z,178798823314800
"""DK @ 6AN-TeA3Jk"" folds",2026-08-29T07:23:41.672Z,178798822167200
"""Wizard of Ball @ L0mhqQt-8H"" raises to 90",2026-08-29T07:23:40.449Z,178798822044900
"""gurt @ gpP9uUffpu"" raises to 50",2026-08-29T07:23:35.870Z,178798821587000
"""Henry @ FQN9hzhzP_"" posts a big blind of 10",2026-08-29T07:23:32.805Z,178798821280507
"""DK @ 6AN-TeA3Jk"" posts a small blind of 5",2026-08-29T07:23:32.805Z,178798821280506
"Player stacks: #1 ""Henry @ FQN9hzhzP_"" (2463) | #2 ""gurt @ gpP9uUffpu"" (2364) | #9 ""Wizard of Ball @ L0mhqQt-8H"" (802) | #10 ""DK @ 6AN-TeA3Jk"" (1298)",2026-08-29T07:23:32.805Z,178798821280501
"-- starting hand #123 (id: flbbkgejmyzg)  No Limit Texas Hold'em (dealer: ""Wizard of Ball @ L0mhqQt-8H"") --",2026-08-29T07:23:32.805Z,178798821280500
"-- ending hand #122 --",2026-08-29T07:23:26.801Z,178798820680103
"""DK @ 6AN-TeA3Jk"" collected 420 from pot with Two Pair, 7's & 6's (combination: J♣, 6♦, 6♥, 7♥, 7♠)",2026-08-29T07:23:26.801Z,178798820680102
"""DK @ 6AN-TeA3Jk"" shows a 6♦, 6♥.",2026-08-29T07:23:26.801Z,178798820680101
"""Wizard of Ball @ L0mhqQt-8H"" shows a 4♣, 3♣.",2026-08-29T07:23:26.801Z,178798820680100
"""gurt @ gpP9uUffpu"" checks",2026-08-29T07:23:25.989Z,178798820598900
"""DK @ 6AN-TeA3Jk"" checks",2026-08-29T07:23:24.551Z,178798820455100
"""Wizard of Ball @ L0mhqQt-8H"" checks",2026-08-29T07:23:23.466Z,178798820346600
"River: 7♥, 2♠, J♣, 7♠ [8♦]",2026-08-29T07:23:21.120Z,178798820112000
"""gurt @ gpP9uUffpu"" calls 20",2026-08-29T07:23:20.292Z,178798820029200
"""DK @ 6AN-TeA3Jk"" calls 20",2026-08-29T07:23:19.359Z,178798819935900
"""Wizard of Ball @ L0mhqQt-8H"" bets 20",2026-08-29T07:23:16.992Z,178798819699200
"Turn: 7♥, 2♠, J♣ [7♠]",2026-08-29T07:23:12.484Z,178798819248400
"""gurt @ gpP9uUffpu"" checks",2026-08-29T07:23:11.655Z,178798819165500
"""DK @ 6AN-TeA3Jk"" checks",2026-08-29T07:23:09.019Z,178798818901900
"""Wizard of Ball @ L0mhqQt-8H"" checks",2026-08-29T07:23:07.844Z,178798818784400
"Flop:  [7♥, 2♠, J♣]",2026-08-29T07:23:05.988Z,178798818598800
"""gurt @ gpP9uUffpu"" calls 120",2026-08-29T07:23:05.122Z,178798818512200
"""DK @ 6AN-TeA3Jk"" calls 120",2026-08-29T07:23:02.837Z,178798818283700
"""Wizard of Ball @ L0mhqQt-8H"" raises to 120",2026-08-29T07:23:01.253Z,178798818125300
"""gurt @ gpP9uUffpu"" calls 40",2026-08-29T07:22:57.576Z,178798817757600
"""DK @ 6AN-TeA3Jk"" raises to 40",2026-08-29T07:22:56.544Z,178798817654400
"""Wizard of Ball @ L0mhqQt-8H"" calls 10",2026-08-29T07:22:50.119Z,178798817011900
"""gurt @ gpP9uUffpu"" calls 10",2026-08-29T07:22:48.640Z,178798816864000
"""Henry @ FQN9hzhzP_"" folds",2026-08-29T07:22:46.062Z,178798816606200
"""DK @ 6AN-TeA3Jk"" posts a big blind of 10",2026-08-29T07:22:39.877Z,178798815987707
"""Wizard of Ball @ L0mhqQt-8H"" posts a small blind of 5",2026-08-29T07:22:39.877Z,178798815987706
"Player stacks: #1 ""Henry @ FQN9hzhzP_"" (2463) | #2 ""gurt @ gpP9uUffpu"" (2504) | #9 ""Wizard of Ball @ L0mhqQt-8H"" (942) | #10 ""DK @ 6AN-TeA3Jk"" (1018)",2026-08-29T07:22:39.877Z,178798815987701
"-- starting hand #122 (id: qhrynqwr2pof)  No Limit Texas Hold'em (dealer: ""gurt @ gpP9uUffpu"") --",2026-08-29T07:22:39.877Z,178798815987700
"Undealt cards: Q♦, 2♦, 9♣ [10♠, K♣]",2026-08-29T07:22:36.029Z,178798815602900
"""Henry @ FQN9hzhzP_"" shows a J♥, 4♣.",2026-08-29T07:22:35.828Z,178798815582800
"-- ending hand #121 --",2026-08-29T07:22:33.220Z,178798815322002
"""Wizard of Ball @ L0mhqQt-8H"" collected 40 from pot",2026-08-29T07:22:33.220Z,178798815322001
"Uncalled bet of 20 returned to ""Wizard of Ball @ L0mhqQt-8H""",2026-08-29T07:22:33.220Z,178798815322000
"""gurt @ gpP9uUffpu"" folds",2026-08-29T07:22:32.411Z,178798815241100
"""Henry @ FQN9hzhzP_"" folds",2026-08-29T07:22:31.499Z,178798815149900
"""DK @ 6AN-TeA3Jk"" folds",2026-08-29T07:22:26.633Z,178798814663300
"""Wizard of Ball @ L0mhqQt-8H"" bets 20",2026-08-29T07:22:23.837Z,178798814383700
"""gurt @ gpP9uUffpu"" checks",2026-08-29T07:22:21.599Z,178798814159900
"Flop:  [Q♦, 2♦, 9♣]",2026-08-29T07:22:19.911Z,178798813991100
"""Wizard of Ball @ L0mhqQt-8H"" checks",2026-08-29T07:22:19.106Z,178798813910600
"""gurt @ gpP9uUffpu"" calls 10",2026-08-29T07:22:17.644Z,178798813764400
"""Henry @ FQN9hzhzP_"" calls 10",2026-08-29T07:22:16.542Z,178798813654200
"""DK @ 6AN-TeA3Jk"" calls 10",2026-08-29T07:22:12.313Z,178798813231300
"""Wizard of Ball @ L0mhqQt-8H"" posts a big blind of 10",2026-08-29T07:22:00.978Z,178798812097807
"""gurt @ gpP9uUffpu"" posts a small blind of 5",2026-08-29T07:22:00.978Z,178798812097806
"Player stacks: #1 ""Henry @ FQN9hzhzP_"" (2473) | #2 ""gurt @ gpP9uUffpu"" (2514) | #9 ""Wizard of Ball @ L0mhqQt-8H"" (912) | #10 ""DK @ 6AN-TeA3Jk"" (1028)",2026-08-29T07:22:00.978Z,178798812097801
"-- starting hand #121 (id: owqk0tqclref)  No Limit Texas Hold'em (dealer: ""Henry @ FQN9hzhzP_"") --",2026-08-29T07:22:00.978Z,178798812097800
"-- ending hand #120 --",2026-08-29T07:21:58.062Z,178798811806202
"""Wizard of Ball @ L0mhqQt-8H"" collected 600 from pot",2026-08-29T07:21:58.062Z,178798811806201
"Uncalled bet of 312 returned to ""Wizard of Ball @ L0mhqQt-8H""",2026-08-29T07:21:58.062Z,178798811806200
"""DK @ 6AN-TeA3Jk"" folds",2026-08-29T07:21:57.251Z,178798811725100
"""Wizard of Ball @ L0mhqQt-8H"" bets 312 and go all in",2026-08-29T07:21:41.292Z,178798810129200
"River: 9♠, 7♣, A♥, J♣ [K♥]",2026-08-29T07:21:38.853Z,178798809885300
"""DK @ 6AN-TeA3Jk"" checks",2026-08-29T07:21:38.012Z,178798809801200
"""Wizard of Ball @ L0mhqQt-8H"" checks",2026-08-29T07:21:35.504Z,178798809550400
"Turn: 9♠, 7♣, A♥ [J♣]",2026-08-29T07:21:34.157Z,178798809415700
"""DK @ 6AN-TeA3Jk"" calls 240",2026-08-29T07:21:33.340Z,178798809334000
"""Wizard of Ball @ L0mhqQt-8H"" raises to 240",2026-08-29T07:21:17.994Z,178798807799400
"""gurt @ gpP9uUffpu"" folds",2026-08-29T07:21:13.983Z,178798807398300
"""DK @ 6AN-TeA3Jk"" raises to 80",2026-08-29T07:21:13.066Z,178798807306600
"""Wizard of Ball @ L0mhqQt-8H"" bets 30",2026-08-29T07:21:09.035Z,178798806903500
"""gurt @ gpP9uUffpu"" checks",2026-08-29T07:21:05.679Z,178798806567900
"""Henry @ FQN9hzhzP_"" folds",2026-08-29T07:21:04.666Z,178798806466600
"Flop:  [9♠, 7♣, A♥]",2026-08-29T07:21:01.621Z,178798806162100
"""gurt @ gpP9uUffpu"" calls 30",2026-08-29T07:21:00.744Z,178798806074400
"""Henry @ FQN9hzhzP_"" calls 30",2026-08-29T07:20:59.359Z,178798805935900
"""DK @ 6AN-TeA3Jk"" calls 30",2026-08-29T07:20:46.438Z,178798804643800
"""Wizard of Ball @ L0mhqQt-8H"" raises to 30",2026-08-29T07:20:34.758Z,178798803475800
"""gurt @ gpP9uUffpu"" posts a big blind of 10",2026-08-29T07:20:29.929Z,178798802992908
"""Henry @ FQN9hzhzP_"" posts a small blind of 5",2026-08-29T07:20:29.929Z,178798802992907
"Player stacks: #1 ""Henry @ FQN9hzhzP_"" (2503) | #2 ""gurt @ gpP9uUffpu"" (2544) | #9 ""Wizard of Ball @ L0mhqQt-8H"" (582) | #10 ""DK @ 6AN-TeA3Jk"" (1298)",2026-08-29T07:20:29.929Z,178798802992902
"-- starting hand #120 (id: qv2ziy15az3w)  No Limit Texas Hold'em (dealer: ""DK @ 6AN-TeA3Jk"") --",2026-08-29T07:20:29.929Z,178798802992901
"The admin updated the player ""Henry @ FQN9hzhzP_"" stack from 4503 to 2503.",2026-08-29T07:20:29.929Z,178798802992900
"-- ending hand #119 --",2026-08-29T07:20:21.913Z,178798802191302
"""DK @ 6AN-TeA3Jk"" collected 649 from pot with Two Pair, 9's & 5's on the second run  (combination: 6♦, 5♦, 5♠, 9♠, 9♦)",2026-08-29T07:20:21.913Z,178798802191301
"""DK @ 6AN-TeA3Jk"" collected 649 from pot with Two Pair, 9's & 5's (combination: 6♦, 5♦, 5♠, 9♠, 9♦)",2026-08-29T07:20:21.913Z,178798802191300
"River (second run): 9♦, 6♦, 2♥, 5♠ [4♣]",2026-08-29T07:20:17.898Z,178798801789800
"River: 9♦, 6♦, 2♥, 5♠ [3♣]",2026-08-29T07:20:13.844Z,178798801384400
"""DK @ 6AN-TeA3Jk"" shows a 9♠, 5♦.",2026-08-29T07:20:09.756Z,178798800975601
"""Henry @ FQN9hzhzP_"" shows a K♣, K♦.",2026-08-29T07:20:09.756Z,178798800975600
"All players in hand choose to run it twice.",2026-08-29T07:20:08.942Z,178798800894201
"""Henry @ FQN9hzhzP_"" chooses to  run it twice.",2026-08-29T07:20:08.942Z,178798800894200
"""DK @ 6AN-TeA3Jk"" chooses to  run it twice.",2026-08-29T07:20:07.413Z,178798800741300
"Remaining players decide whether to run it twice.",2026-08-29T07:20:06.414Z,178798800641401
"""Henry @ FQN9hzhzP_"" calls 572",2026-08-29T07:20:06.414Z,178798800641400
"""DK @ 6AN-TeA3Jk"" raises to 572 and go all in",2026-08-29T07:20:05.419Z,178798800541900
"""Henry @ FQN9hzhzP_"" raises to 367",2026-08-29T07:19:58.852Z,178798799885200
"""DK @ 6AN-TeA3Jk"" bets 115",2026-08-29T07:19:55.656Z,178798799565600
"Turn: 9♦, 6♦, 2♥ [5♠]",2026-08-29T07:19:50.027Z,178798799002700
"""DK @ 6AN-TeA3Jk"" calls 67",2026-08-29T07:19:49.215Z,178798798921500
"""Henry @ FQN9hzhzP_"" raises to 67",2026-08-29T07:19:47.199Z,178798798719900
"""DK @ 6AN-TeA3Jk"" bets 30",2026-08-29T07:19:42.926Z,178798798292600
"Flop:  [9♦, 6♦, 2♥]",2026-08-29T07:19:28.210Z,178798796821000
"""Henry @ FQN9hzhzP_"" checks",2026-08-29T07:19:27.376Z,178798796737600
"WARNING: the admin queued the stack change for the player ""Henry @ FQN9hzhzP_"" removing 2000 chips in the next hand.",2026-08-29T07:19:24.747Z,178798796474700
"""DK @ 6AN-TeA3Jk"" calls 10",2026-08-29T07:19:17.670Z,178798795767000
"WARNING: the admin queued the stack change for the player ""Henry @ FQN9hzhzP_"" removing 1152 chips in the next hand.",2026-08-29T07:19:15.789Z,178798795578900
"""Wizard of Ball @ L0mhqQt-8H"" folds",2026-08-29T07:19:15.720Z,178798795572000
"""gurt @ gpP9uUffpu"" folds",2026-08-29T07:19:09.640Z,178798794964000
"""Henry @ FQN9hzhzP_"" posts a big blind of 10",2026-08-29T07:19:07.747Z,178798794774708
"""DK @ 6AN-TeA3Jk"" posts a small blind of 5",2026-08-29T07:19:07.747Z,178798794774707
"Player stacks: #1 ""Henry @ FQN9hzhzP_"" (5152) | #2 ""gurt @ gpP9uUffpu"" (2544) | #9 ""Wizard of Ball @ L0mhqQt-8H"" (582) | #10 ""DK @ 6AN-TeA3Jk"" (649)",2026-08-29T07:19:07.747Z,178798794774702
"-- starting hand #119 (id: wzeoha3ayjtm)  No Limit Texas Hold'em (dealer: ""Wizard of Ball @ L0mhqQt-8H"") --",2026-08-29T07:19:07.747Z,178798794774701
"The admin updated the player ""Henry @ FQN9hzhzP_"" stack from 6225 to 5152.",2026-08-29T07:19:07.747Z,178798794774700
"-- ending hand #118 --",2026-08-29T07:19:01.666Z,178798794166602
"""Henry @ FQN9hzhzP_"" collected 229 from pot with Full House, 8's over 2's (combination: 2♥, 2♣, 8♠, 8♦, 8♥)",2026-08-29T07:19:01.666Z,178798794166601
"""Henry @ FQN9hzhzP_"" shows a J♣, 8♠.",2026-08-29T07:19:01.666Z,178798794166600
"""DK @ 6AN-TeA3Jk"" folds",2026-08-29T07:19:00.818Z,178798794081800
"""gurt @ gpP9uUffpu"" calls 67",2026-08-29T07:18:58.469Z,178798793846900
"""Henry @ FQN9hzhzP_"" bets 67",2026-08-29T07:18:56.255Z,178798793625500
"""DK @ 6AN-TeA3Jk"" checks",2026-08-29T07:18:53.301Z,178798793330100
"River: 2♥, 8♦, A♥, 2♣ [8♥]",2026-08-29T07:18:48.910Z,178798792891000
"""DK @ 6AN-TeA3Jk"" calls 10",2026-08-29T07:18:48.063Z,178798792806300
"""gurt @ gpP9uUffpu"" calls 10",2026-08-29T07:18:46.576Z,178798792657600
"""Henry @ FQN9hzhzP_"" bets 10",2026-08-29T07:18:44.205Z,178798792420500
"WARNING: the admin queued the stack change for the player ""Henry @ FQN9hzhzP_"" removing 1073 chips in the next hand.",2026-08-29T07:18:28.121Z,178798790812100
"""DK @ 6AN-TeA3Jk"" checks",2026-08-29T07:18:23.516Z,178798790351600
"Turn: 2♥, 8♦, A♥ [2♣]",2026-08-29T07:18:21.520Z,178798790152000
"""DK @ 6AN-TeA3Jk"" calls 10",2026-08-29T07:18:20.715Z,178798790071500
"""gurt @ gpP9uUffpu"" calls 10",2026-08-29T07:18:18.854Z,178798789885400
"""Henry @ FQN9hzhzP_"" bets 10",2026-08-29T07:18:10.355Z,178798789035500
"""DK @ 6AN-TeA3Jk"" checks",2026-08-29T07:18:02.322Z,178798788232200
"Flop:  [2♥, 8♦, A♥]",2026-08-29T07:17:59.058Z,178798787905800
"""DK @ 6AN-TeA3Jk"" checks",2026-08-29T07:17:58.232Z,178798787823200
"""Wizard of Ball @ L0mhqQt-8H"" folds",2026-08-29T07:17:53.208Z,178798787320800
"""gurt @ gpP9uUffpu"" calls 10",2026-08-29T07:17:52.207Z,178798787220700
"""Henry @ FQN9hzhzP_"" calls 10",2026-08-29T07:17:49.882Z,178798786988200
"""DK @ 6AN-TeA3Jk"" posts a big blind of 10",2026-08-29T07:17:36.100Z,178798785610007
"""Wizard of Ball @ L0mhqQt-8H"" posts a small blind of 5",2026-08-29T07:17:36.100Z,178798785610006
"Player stacks: #1 ""Henry @ FQN9hzhzP_"" (6093) | #2 ""gurt @ gpP9uUffpu"" (2641) | #9 ""Wizard of Ball @ L0mhqQt-8H"" (587) | #10 ""DK @ 6AN-TeA3Jk"" (679)",2026-08-29T07:17:36.100Z,178798785610001
"-- starting hand #118 (id: s64cuwwtl3o9)  No Limit Texas Hold'em (dealer: ""gurt @ gpP9uUffpu"") --",2026-08-29T07:17:36.100Z,178798785610000
"""Henry @ FQN9hzhzP_"" shows a 9♥, 3♣.",2026-08-29T07:17:30.348Z,178798785034800
"-- ending hand #117 --",2026-08-29T07:17:29.570Z,178798784957002
"""gurt @ gpP9uUffpu"" collected 500 from pot with Two Pair, A's & 4's (combination: K♠, 4♦, 4♠, A♦, A♠)",2026-08-29T07:17:29.570Z,178798784957001
"""gurt @ gpP9uUffpu"" shows a A♦, 4♦.",2026-08-29T07:17:29.570Z,178798784957000
"""DK @ 6AN-TeA3Jk"" calls 90",2026-08-29T07:17:28.739Z,178798784873900
"""gurt @ gpP9uUffpu"" bets 90",2026-08-29T07:17:23.209Z,178798784320900
"River: 5♥, A♠, 6♣, 4♠ [K♠]",2026-08-29T07:17:18.362Z,178798783836200
"""DK @ 6AN-TeA3Jk"" calls 80",2026-08-29T07:17:17.519Z,178798783751900
"""gurt @ gpP9uUffpu"" bets 80",2026-08-29T07:17:15.663Z,178798783566300
"Turn: 5♥, A♠, 6♣ [4♠]",2026-08-29T07:17:11.159Z,178798783115900
"""Henry @ FQN9hzhzP_"" folds",2026-08-29T07:17:10.280Z,178798783028000
"""DK @ 6AN-TeA3Jk"" checks",2026-08-29T07:17:03.484Z,178798782348400
"""gurt @ gpP9uUffpu"" checks",2026-08-29T07:17:02.497Z,178798782249700
"Flop:  [5♥, A♠, 6♣]",2026-08-29T07:16:59.965Z,178798781996500
"""Henry @ FQN9hzhzP_"" calls 50",2026-08-29T07:16:59.133Z,178798781913300
"""DK @ 6AN-TeA3Jk"" calls 50",2026-08-29T07:16:51.889Z,178798781188900
"""Wizard of Ball @ L0mhqQt-8H"" folds",2026-08-29T07:16:46.880Z,178798780688000
"""gurt @ gpP9uUffpu"" raises to 50",2026-08-29T07:16:45.941Z,178798780594100
"""Henry @ FQN9hzhzP_"" calls 10",2026-08-29T07:16:43.144Z,178798780314400
"""DK @ 6AN-TeA3Jk"" calls 10",2026-08-29T07:16:38.289Z,178798779828900
"""Wizard of Ball @ L0mhqQt-8H"" posts a big blind of 10",2026-08-29T07:16:35.164Z,178798779516407
"""gurt @ gpP9uUffpu"" posts a small blind of 5",2026-08-29T07:16:35.164Z,178798779516406
"Your hand is A♦, 4♦",2026-08-29T07:16:35.164Z,178798779516403
"Player stacks: #1 ""Henry @ FQN9hzhzP_"" (6143) | #2 ""gurt @ gpP9uUffpu"" (2361) | #9 ""Wizard of Ball @ L0mhqQt-8H"" (597) | #10 ""DK @ 6AN-TeA3Jk"" (899)",2026-08-29T07:16:35.164Z,178798779516401
"-- starting hand #117 (id: 1lqpvhdhbiha)  No Limit Texas Hold'em (dealer: ""Henry @ FQN9hzhzP_"") --",2026-08-29T07:16:35.164Z,178798779516400
"-- ending hand #116 --",2026-08-29T07:16:29.151Z,178798778915104
"""Henry @ FQN9hzhzP_"" collected 6143 from pot with Two Pair, 10's & 9's (combination: K♦, 9♦, 9♠, 10♣, 10♠)",2026-08-29T07:16:29.151Z,178798778915103
"""Henry @ FQN9hzhzP_"" shows a K♦, 9♦.",2026-08-29T07:16:29.151Z,178798778915102
"""Wizard of Ball @ L0mhqQt-8H"" shows a Q♣, J♠.",2026-08-29T07:16:29.151Z,178798778915101
"Uncalled bet of 597 returned to ""Wizard of Ball @ L0mhqQt-8H""",2026-08-29T07:16:29.151Z,178798778915100
"""Henry @ FQN9hzhzP_"" calls 2345 and go all in",2026-08-29T07:16:28.347Z,178798778834700
"""Wizard of Ball @ L0mhqQt-8H"" raises to 2942 and go all in",2026-08-29T07:16:09.346Z,178798776934600
"""Henry @ FQN9hzhzP_"" bets 1089",2026-08-29T07:16:05.208Z,178798776520800
"River: 9♠, 10♣, 10♠, 7♣ [5♥]",2026-08-29T07:16:02.644Z,178798776264400
"""Wizard of Ball @ L0mhqQt-8H"" calls 367",2026-08-29T07:16:01.798Z,178798776179800
"""Henry @ FQN9hzhzP_"" bets 367",2026-08-29T07:16:00.750Z,178798776075000
"Turn: 9♠, 10♣, 10♠ [7♣]",2026-08-29T07:15:58.198Z,178798775819800
"""DK @ 6AN-TeA3Jk"" folds",2026-08-29T07:15:57.319Z,178798775731900
"""Wizard of Ball @ L0mhqQt-8H"" calls 167",2026-08-29T07:15:55.742Z,178798775574200
"""Henry @ FQN9hzhzP_"" bets 167",2026-08-29T07:15:54.492Z,178798775449200
"Flop:  [9♠, 10♣, 10♠]",2026-08-29T07:15:49.791Z,178798774979100
"""Wizard of Ball @ L0mhqQt-8H"" calls 125",2026-08-29T07:15:48.927Z,178798774892700
"""gurt @ gpP9uUffpu"" folds",2026-08-29T07:15:47.960Z,178798774796000
"""Henry @ FQN9hzhzP_"" calls 125",2026-08-29T07:15:45.940Z,178798774594000
"""DK @ 6AN-TeA3Jk"" raises to 125",2026-08-29T07:15:39.972Z,178798773997200
"""Wizard of Ball @ L0mhqQt-8H"" raises to 30",2026-08-29T07:15:35.847Z,178798773584700
"""gurt @ gpP9uUffpu"" posts a big blind of 10",2026-08-29T07:15:34.077Z,178798773407707
"""Henry @ FQN9hzhzP_"" posts a small blind of 5",2026-08-29T07:15:34.077Z,178798773407706
"Player stacks: #1 ""Henry @ FQN9hzhzP_"" (3004) | #2 ""gurt @ gpP9uUffpu"" (2371) | #9 ""Wizard of Ball @ L0mhqQt-8H"" (3601) | #10 ""DK @ 6AN-TeA3Jk"" (1024)",2026-08-29T07:15:34.077Z,178798773407701
"-- starting hand #116 (id: b3owzkgfvgnn)  No Limit Texas Hold'em (dealer: ""DK @ 6AN-TeA3Jk"") --",2026-08-29T07:15:34.077Z,178798773407700
"""DK @ 6AN-TeA3Jk"" shows a 10♠.",2026-08-29T07:15:29.656Z,178798772965600
"""gurt @ gpP9uUffpu"" shows a 5♥, Q♥.",2026-08-29T07:15:28.411Z,178798772841100
"Undealt cards: Q♣, 8♥, 7♥, 6♥ [9♣]",2026-08-29T07:15:27.386Z,178798772738600
"""Henry @ FQN9hzhzP_"" shows a 7♣, Q♦.",2026-08-29T07:15:27.147Z,178798772714700
"-- ending hand #115 --",2026-08-29T07:15:26.072Z,178798772607202
"""Henry @ FQN9hzhzP_"" collected 699 from pot",2026-08-29T07:15:26.072Z,178798772607201
"Uncalled bet of 368 returned to ""Henry @ FQN9hzhzP_""",2026-08-29T07:15:26.072Z,178798772607200
"""Wizard of Ball @ L0mhqQt-8H"" folds",2026-08-29T07:15:25.245Z,178798772524500
"""Henry @ FQN9hzhzP_"" bets 368",2026-08-29T07:15:24.260Z,178798772426000
"Turn: Q♣, 8♥, 7♥ [6♥]",2026-08-29T07:15:19.165Z,178798771916500
"""Wizard of Ball @ L0mhqQt-8H"" calls 167",2026-08-29T07:15:18.352Z,178798771835200
"""Henry @ FQN9hzhzP_"" bets 167",2026-08-29T07:15:17.320Z,178798771732000
"Flop:  [Q♣, 8♥, 7♥]",2026-08-29T07:15:12.962Z,178798771296200
"""gurt @ gpP9uUffpu"" folds",2026-08-29T07:15:12.142Z,178798771214200
"""Henry @ FQN9hzhzP_"" calls 160",2026-08-29T07:15:11.233Z,178798771123300
"""DK @ 6AN-TeA3Jk"" folds",2026-08-29T07:14:58.180Z,178798769818000
"""Wizard of Ball @ L0mhqQt-8H"" raises to 160",2026-08-29T07:14:57.184Z,178798769718400
"""gurt @ gpP9uUffpu"" raises to 40",2026-08-29T07:14:54.128Z,178798769412800
"""Henry @ FQN9hzhzP_"" posts a big blind of 10",2026-08-29T07:14:44.615Z,178798768461507
"""DK @ 6AN-TeA3Jk"" posts a small blind of 5",2026-08-29T07:14:44.615Z,178798768461506
"Your hand is 5♥, Q♥",2026-08-29T07:14:44.615Z,178798768461503
"Player stacks: #1 ""Henry @ FQN9hzhzP_"" (2632) | #2 ""gurt @ gpP9uUffpu"" (2411) | #9 ""Wizard of Ball @ L0mhqQt-8H"" (3928) | #10 ""DK @ 6AN-TeA3Jk"" (1029)",2026-08-29T07:14:44.615Z,178798768461501
"-- starting hand #115 (id: uuzhjldjh3ro)  No Limit Texas Hold'em (dealer: ""Wizard of Ball @ L0mhqQt-8H"") --",2026-08-29T07:14:44.615Z,178798768461500
"""Henry @ FQN9hzhzP_"" shows a 3♣, 9♥.",2026-08-29T07:14:42.320Z,178798768232000
"-- ending hand #114 --",2026-08-29T07:14:40.958Z,178798768095802
"""Henry @ FQN9hzhzP_"" collected 380 from pot",2026-08-29T07:14:40.958Z,178798768095801
"Uncalled bet of 167 returned to ""Henry @ FQN9hzhzP_""",2026-08-29T07:14:40.958Z,178798768095800
"""DK @ 6AN-TeA3Jk"" folds",2026-08-29T07:14:40.124Z,178798768012400
"""gurt @ gpP9uUffpu"" folds",2026-08-29T07:14:39.206Z,178798767920600
"""Henry @ FQN9hzhzP_"" bets 167",2026-08-29T07:14:11.684Z,178798765168400
"""DK @ 6AN-TeA3Jk"" checks",2026-08-29T07:14:09.054Z,178798764905400
"River: 6♣, 5♣, 9♦, K♠ [3♠]",2026-08-29T07:14:06.699Z,178798764669900
"""DK @ 6AN-TeA3Jk"" calls 67",2026-08-29T07:14:05.881Z,178798764588100
"""gurt @ gpP9uUffpu"" calls 67",2026-08-29T07:14:04.793Z,178798764479300
"""Henry @ FQN9hzhzP_"" bets 67",2026-08-29T07:14:03.474Z,178798764347400
"""DK @ 6AN-TeA3Jk"" checks",2026-08-29T07:14:00.093Z,178798764009300
"Turn: 6♣, 5♣, 9♦ [K♠]",2026-08-29T07:13:56.964Z,178798763696400
"""DK @ 6AN-TeA3Jk"" calls 36",2026-08-29T07:13:56.063Z,178798763606300
"""gurt @ gpP9uUffpu"" calls 36",2026-08-29T07:13:55.003Z,178798763500300
"""Henry @ FQN9hzhzP_"" bets 36",2026-08-29T07:13:54.012Z,178798763401200
"""DK @ 6AN-TeA3Jk"" checks",2026-08-29T07:13:51.749Z,178798763174900
"Flop:  [6♣, 5♣, 9♦]",2026-08-29T07:13:49.392Z,178798762939200
"""DK @ 6AN-TeA3Jk"" calls 22",2026-08-29T07:13:48.583Z,178798762858300
"""Wizard of Ball @ L0mhqQt-8H"" folds",2026-08-29T07:13:47.326Z,178798762732600
"""gurt @ gpP9uUffpu"" calls 22",2026-08-29T07:13:46.211Z,178798762621100
"""Henry @ FQN9hzhzP_"" raises to 22",2026-08-29T07:13:43.681Z,178798762368100
"""DK @ 6AN-TeA3Jk"" posts a big blind of 10",2026-08-29T07:13:37.110Z,178798761711007
"""Wizard of Ball @ L0mhqQt-8H"" posts a small blind of 5",2026-08-29T07:13:37.110Z,178798761711006
"Player stacks: #1 ""Henry @ FQN9hzhzP_"" (2377) | #2 ""gurt @ gpP9uUffpu"" (2536) | #9 ""Wizard of Ball @ L0mhqQt-8H"" (3933) | #10 ""DK @ 6AN-TeA3Jk"" (1154)",2026-08-29T07:13:37.110Z,178798761711001
"-- starting hand #114 (id: ujqbxutlvou9)  No Limit Texas Hold'em (dealer: ""gurt @ gpP9uUffpu"") --",2026-08-29T07:13:37.110Z,178798761711000
"""Henry @ FQN9hzhzP_"" shows a J♣, 5♦.",2026-08-29T07:13:32.720Z,178798761272000
"-- ending hand #113 --",2026-08-29T07:13:30.490Z,178798761049002
"""Wizard of Ball @ L0mhqQt-8H"" collected 459 from pot with Two Pair, Q's & 7's (combination: 8♦, 7♣, 7♥, Q♦, Q♣)",2026-08-29T07:13:30.490Z,178798761049001
"""Wizard of Ball @ L0mhqQt-8H"" shows a Q♦, Q♣.",2026-08-29T07:13:30.490Z,178798761049000
"""Henry @ FQN9hzhzP_"" checks",2026-08-29T07:13:29.644Z,178798760964400
"""Wizard of Ball @ L0mhqQt-8H"" checks",2026-08-29T07:13:27.701Z,178798760770100
"River: 7♣, 7♥, 6♣, 8♦ [6♥]",2026-08-29T07:13:26.489Z,178798760648900
"""Henry @ FQN9hzhzP_"" checks",2026-08-29T07:13:25.644Z,178798760564400
"""Wizard of Ball @ L0mhqQt-8H"" checks",2026-08-29T07:13:23.174Z,178798760317400
"Turn: 7♣, 7♥, 6♣ [8♦]",2026-08-29T07:13:21.884Z,178798760188400
"""Wizard of Ball @ L0mhqQt-8H"" calls 167",2026-08-29T07:13:21.074Z,178798760107400
"""Henry @ FQN9hzhzP_"" raises to 167",2026-08-29T07:13:20.124Z,178798760012400
"""DK @ 6AN-TeA3Jk"" folds",2026-08-29T07:13:13.495Z,178798759349500
"""Wizard of Ball @ L0mhqQt-8H"" bets 60",2026-08-29T07:13:12.286Z,178798759228600
"Flop:  [7♣, 7♥, 6♣]",2026-08-29T07:13:08.323Z,178798758832300
"""Wizard of Ball @ L0mhqQt-8H"" calls 40",2026-08-29T07:13:07.507Z,178798758750700
"""gurt @ gpP9uUffpu"" folds",2026-08-29T07:13:02.872Z,178798758287200
"""Henry @ FQN9hzhzP_"" calls 40",2026-08-29T07:13:01.928Z,178798758192800
"""DK @ 6AN-TeA3Jk"" raises to 40",2026-08-29T07:13:00.110Z,178798758011000
"""Wizard of Ball @ L0mhqQt-8H"" posts a big blind of 10",2026-08-29T07:12:55.663Z,178798757566307
"""gurt @ gpP9uUffpu"" posts a small blind of 5",2026-08-29T07:12:55.663Z,178798757566306
"Player stacks: #1 ""Henry @ FQN9hzhzP_"" (2584) | #2 ""gurt @ gpP9uUffpu"" (2541) | #9 ""Wizard of Ball @ L0mhqQt-8H"" (3681) | #10 ""DK @ 6AN-TeA3Jk"" (1194)",2026-08-29T07:12:55.663Z,178798757566301
"-- starting hand #113 (id: bphqdpxuo1sa)  No Limit Texas Hold'em (dealer: ""Henry @ FQN9hzhzP_"") --",2026-08-29T07:12:55.663Z,178798757566300
"-- ending hand #112 --",2026-08-29T07:12:49.637Z,178798756963702
"""Wizard of Ball @ L0mhqQt-8H"" collected 720 from pot with Pair, A's (combination: 7♠, 10♦, J♥, A♠, A♦)",2026-08-29T07:12:49.637Z,178798756963701
"""Wizard of Ball @ L0mhqQt-8H"" shows a J♥, A♠.",2026-08-29T07:12:49.637Z,178798756963700
"""DK @ 6AN-TeA3Jk"" calls 240",2026-08-29T07:12:48.787Z,178798756878700
"""Wizard of Ball @ L0mhqQt-8H"" bets 240",2026-08-29T07:12:28.746Z,178798754874600
"River: A♦, 10♦, 3♥, 6♦ [7♠]",2026-08-29T07:12:25.562Z,178798754556200
"""DK @ 6AN-TeA3Jk"" calls 60",2026-08-29T07:12:24.730Z,178798754473000
"""Wizard of Ball @ L0mhqQt-8H"" bets 60",2026-08-29T07:12:20.416Z,178798754041600
"Turn: A♦, 10♦, 3♥ [6♦]",2026-08-29T07:12:16.256Z,178798753625600
"""DK @ 6AN-TeA3Jk"" checks",2026-08-29T07:12:15.450Z,178798753545000
"""Wizard of Ball @ L0mhqQt-8H"" checks",2026-08-29T07:12:14.233Z,178798753423300
"""gurt @ gpP9uUffpu"" folds",2026-08-29T07:12:11.712Z,178798753171200
"""Henry @ FQN9hzhzP_"" folds",2026-08-29T07:12:10.774Z,178798753077400
"Flop:  [A♦, 10♦, 3♥]",2026-08-29T07:12:00.728Z,178798752072800
"""gurt @ gpP9uUffpu"" calls 30",2026-08-29T07:11:59.850Z,178798751985000
"""Henry @ FQN9hzhzP_"" calls 30",2026-08-29T07:11:58.929Z,178798751892900
"""DK @ 6AN-TeA3Jk"" calls 30",2026-08-29T07:11:57.404Z,178798751740400
"""Wizard of Ball @ L0mhqQt-8H"" raises to 30",2026-08-29T07:11:54.929Z,178798751492900
"""gurt @ gpP9uUffpu"" posts a big blind of 10",2026-08-29T07:11:52.948Z,178798751294807
"""Henry @ FQN9hzhzP_"" posts a small blind of 5",2026-08-29T07:11:52.948Z,178798751294806
"Player stacks: #1 ""Henry @ FQN9hzhzP_"" (2614) | #2 ""gurt @ gpP9uUffpu"" (2571) | #9 ""Wizard of Ball @ L0mhqQt-8H"" (3291) | #10 ""DK @ 6AN-TeA3Jk"" (1524)",2026-08-29T07:11:52.948Z,178798751294801
"-- starting hand #112 (id: uc763st4f2ok)  No Limit Texas Hold'em (dealer: ""DK @ 6AN-TeA3Jk"") --",2026-08-29T07:11:52.948Z,178798751294800
"Undealt cards: A♠, 9♥, 3♣ [Q♦, 10♦]",2026-08-29T07:11:48.546Z,178798750854600
"""Henry @ FQN9hzhzP_"" shows a 7♠, 2♣.",2026-08-29T07:11:46.878Z,178798750687800
"-- ending hand #111 --",2026-08-29T07:11:46.319Z,178798750631902
"""DK @ 6AN-TeA3Jk"" collected 1235 from pot",2026-08-29T07:11:46.319Z,178798750631901
"Uncalled bet of 289 returned to ""DK @ 6AN-TeA3Jk""",2026-08-29T07:11:46.319Z,178798750631900
"""Henry @ FQN9hzhzP_"" folds",2026-08-29T07:11:45.424Z,178798750542400
"""DK @ 6AN-TeA3Jk"" raises to 656 and go all in",2026-08-29T07:11:43.744Z,178798750374400
"""Wizard of Ball @ L0mhqQt-8H"" folds",2026-08-29T07:11:41.286Z,178798750128600
"""Henry @ FQN9hzhzP_"" bets 367",2026-08-29T07:11:40.377Z,178798750037700
"""DK @ 6AN-TeA3Jk"" checks",2026-08-29T07:11:36.347Z,178798749634700
"Flop:  [A♠, 9♥, 3♣]",2026-08-29T07:11:34.131Z,178798749413100
"""DK @ 6AN-TeA3Jk"" calls 167",2026-08-29T07:11:33.329Z,178798749332900
"""Wizard of Ball @ L0mhqQt-8H"" calls 167",2026-08-29T07:11:30.883Z,178798749088300
"""Henry @ FQN9hzhzP_"" raises to 167",2026-08-29T07:11:29.944Z,178798748994400
"""DK @ 6AN-TeA3Jk"" calls 10",2026-08-29T07:11:27.478Z,178798748747800
"""Wizard of Ball @ L0mhqQt-8H"" calls 10",2026-08-29T07:11:26.334Z,178798748633400
"""gurt @ gpP9uUffpu"" folds",2026-08-29T07:11:24.675Z,178798748467500
"""Henry @ FQN9hzhzP_"" posts a big blind of 10",2026-08-29T07:11:23.691Z,178798748369107
"""DK @ 6AN-TeA3Jk"" posts a small blind of 5",2026-08-29T07:11:23.691Z,178798748369106
"Player stacks: #1 ""Henry @ FQN9hzhzP_"" (3148) | #2 ""gurt @ gpP9uUffpu"" (2571) | #9 ""Wizard of Ball @ L0mhqQt-8H"" (3458) | #10 ""DK @ 6AN-TeA3Jk"" (823)",2026-08-29T07:11:23.691Z,178798748369101
"-- starting hand #111 (id: aysdgwe9uwnt)  No Limit Texas Hold'em (dealer: ""Wizard of Ball @ L0mhqQt-8H"") --",2026-08-29T07:11:23.691Z,178798748369100
"""Wizard of Ball @ L0mhqQt-8H"" shows a 6♠.",2026-08-29T07:11:19.197Z,178798747919700
"Undealt cards: K♥, Q♥, 10♣, A♦ [K♦]",2026-08-29T07:11:17.275Z,178798747727500
"-- ending hand #110 --",2026-08-29T07:11:17.088Z,178798747708802
"""Wizard of Ball @ L0mhqQt-8H"" collected 290 from pot",2026-08-29T07:11:17.088Z,178798747708801
"Uncalled bet of 290 returned to ""Wizard of Ball @ L0mhqQt-8H""",2026-08-29T07:11:17.088Z,178798747708800
"""gurt @ gpP9uUffpu"" folds",2026-08-29T07:11:16.262Z,178798747626200
"""Wizard of Ball @ L0mhqQt-8H"" bets 290",2026-08-29T07:11:10.032Z,178798747003200
"Turn: K♥, Q♥, 10♣ [A♦]",2026-08-29T07:11:06.567Z,178798746656700
"""gurt @ gpP9uUffpu"" calls 90",2026-08-29T07:11:05.704Z,178798746570400
"""Wizard of Ball @ L0mhqQt-8H"" raises to 90",2026-08-29T07:11:04.582Z,178798746458200
"""gurt @ gpP9uUffpu"" bets 40",2026-08-29T07:11:02.170Z,178798746217000
"""Wizard of Ball @ L0mhqQt-8H"" checks",2026-08-29T07:10:59.068Z,178798745906800
"Flop:  [K♥, Q♥, 10♣]",2026-08-29T07:10:56.807Z,178798745680700
"""DK @ 6AN-TeA3Jk"" folds",2026-08-29T07:10:55.970Z,178798745597000
"""Wizard of Ball @ L0mhqQt-8H"" calls 50",2026-08-29T07:10:54.402Z,178798745440200
"""gurt @ gpP9uUffpu"" raises to 50",2026-08-29T07:10:53.363Z,178798745336300
"""Henry @ FQN9hzhzP_"" folds",2026-08-29T07:10:51.285Z,178798745128500
"""DK @ 6AN-TeA3Jk"" posts a big blind of 10",2026-08-29T07:10:49.203Z,178798744920307
"""Wizard of Ball @ L0mhqQt-8H"" posts a small blind of 5",2026-08-29T07:10:49.203Z,178798744920306
"Player stacks: #1 ""Henry @ FQN9hzhzP_"" (3148) | #2 ""gurt @ gpP9uUffpu"" (2711) | #9 ""Wizard of Ball @ L0mhqQt-8H"" (3308) | #10 ""DK @ 6AN-TeA3Jk"" (833)",2026-08-29T07:10:49.203Z,178798744920301
"-- starting hand #110 (id: i5ccmwu98fbp)  No Limit Texas Hold'em (dealer: ""gurt @ gpP9uUffpu"") --",2026-08-29T07:10:49.203Z,178798744920300
"""Henry @ FQN9hzhzP_"" shows a J♦, 6♥.",2026-08-29T07:10:44.634Z,178798744463400
"-- ending hand #109 --",2026-08-29T07:10:42.673Z,178798744267302
"""gurt @ gpP9uUffpu"" collected 120 from pot with Pair, 2's (combination: 6♣, 10♥, A♥, 2♣, 2♦)",2026-08-29T07:10:42.673Z,178798744267301
"""gurt @ gpP9uUffpu"" shows a 2♣, 6♣.",2026-08-29T07:10:42.673Z,178798744267300
"""Henry @ FQN9hzhzP_"" checks",2026-08-29T07:10:41.848Z,178798744184800
"""gurt @ gpP9uUffpu"" checks",2026-08-29T07:10:40.747Z,178798744074700
"River: 5♣, 2♦, 10♥, A♥ [3♦]",2026-08-29T07:10:40.070Z,178798744007000
"""gurt @ gpP9uUffpu"" calls 10",2026-08-29T07:10:39.234Z,178798743923400
"""Henry @ FQN9hzhzP_"" bets 10",2026-08-29T07:10:38.289Z,178798743828900
"""gurt @ gpP9uUffpu"" checks",2026-08-29T07:10:35.381Z,178798743538100
"Turn: 5♣, 2♦, 10♥ [A♥]",2026-08-29T07:10:34.666Z,178798743466600
"""Henry @ FQN9hzhzP_"" checks",2026-08-29T07:10:33.834Z,178798743383400
"""gurt @ gpP9uUffpu"" checks",2026-08-29T07:10:32.801Z,178798743280100
"Flop:  [5♣, 2♦, 10♥]",2026-08-29T07:10:31.426Z,178798743142600
"""Henry @ FQN9hzhzP_"" calls 40",2026-08-29T07:10:30.605Z,178798743060500
"""DK @ 6AN-TeA3Jk"" folds",2026-08-29T07:10:29.192Z,178798742919200
"""Wizard of Ball @ L0mhqQt-8H"" folds",2026-08-29T07:10:27.981Z,178798742798100
"""gurt @ gpP9uUffpu"" raises to 40",2026-08-29T07:10:27.024Z,178798742702400
"""Henry @ FQN9hzhzP_"" calls 10",2026-08-29T07:10:25.358Z,178798742535800
"""DK @ 6AN-TeA3Jk"" calls 10",2026-08-29T07:10:23.896Z,178798742389600
"""Wizard of Ball @ L0mhqQt-8H"" posts a big blind of 10",2026-08-29T07:10:21.577Z,178798742157707
"""gurt @ gpP9uUffpu"" posts a small blind of 5",2026-08-29T07:10:21.577Z,178798742157706
"Your hand is 2♣, 6♣",2026-08-29T07:10:21.577Z,178798742157703
"Player stacks: #1 ""Henry @ FQN9hzhzP_"" (3198) | #2 ""gurt @ gpP9uUffpu"" (2641) | #9 ""Wizard of Ball @ L0mhqQt-8H"" (3318) | #10 ""DK @ 6AN-TeA3Jk"" (843)",2026-08-29T07:10:21.577Z,178798742157701
"-- starting hand #109 (id: i2kqstbqoeej)  No Limit Texas Hold'em (dealer: ""Henry @ FQN9hzhzP_"") --",2026-08-29T07:10:21.577Z,178798742157700
"""Henry @ FQN9hzhzP_"" shows a Q♥, 9♥.",2026-08-29T07:10:17.783Z,178798741778300
"Undealt cards:  [A♦, 9♣, 3♠, 10♥, 6♥]",2026-08-29T07:10:15.217Z,178798741521700
"-- ending hand #108 --",2026-08-29T07:10:14.970Z,178798741497002
"""Henry @ FQN9hzhzP_"" collected 30 from pot",2026-08-29T07:10:14.970Z,178798741497001
"Uncalled bet of 157 returned to ""Henry @ FQN9hzhzP_""",2026-08-29T07:10:14.970Z,178798741497000
"""DK @ 6AN-TeA3Jk"" folds",2026-08-29T07:10:14.155Z,178798741415500
"""gurt @ gpP9uUffpu"" folds",2026-08-29T07:10:08.778Z,178798740877800
"""Henry @ FQN9hzhzP_"" raises to 167",2026-08-29T07:10:07.592Z,178798740759200
"""DK @ 6AN-TeA3Jk"" calls 10",2026-08-29T07:10:05.160Z,178798740516000
"""Wizard of Ball @ L0mhqQt-8H"" folds",2026-08-29T07:10:03.561Z,178798740356100
"""gurt @ gpP9uUffpu"" posts a big blind of 10",2026-08-29T07:10:01.829Z,178798740182907
"""Henry @ FQN9hzhzP_"" posts a small blind of 5",2026-08-29T07:10:01.829Z,178798740182906
"Player stacks: #1 ""Henry @ FQN9hzhzP_"" (3178) | #2 ""gurt @ gpP9uUffpu"" (2651) | #9 ""Wizard of Ball @ L0mhqQt-8H"" (3318) | #10 ""DK @ 6AN-TeA3Jk"" (853)",2026-08-29T07:10:01.829Z,178798740182901
"-- starting hand #108 (id: 4ajjr1bbsasm)  No Limit Texas Hold'em (dealer: ""DK @ 6AN-TeA3Jk"") --",2026-08-29T07:10:01.829Z,178798740182900
"""Henry @ FQN9hzhzP_"" shows a J♣, 3♣.",2026-08-29T07:10:00.223Z,178798740022300
"-- ending hand #107 --",2026-08-29T07:09:58.118Z,178798739811801
"""Henry @ FQN9hzhzP_"" collected 72 from pot",2026-08-29T07:09:58.118Z,178798739811800
"""DK @ 6AN-TeA3Jk"" folds",2026-08-29T07:09:57.297Z,178798739729700
"River: 10♣, Q♠, A♠, 8♥ [7♠]",2026-08-29T07:09:54.982Z,178798739498200
"""Henry @ FQN9hzhzP_"" checks",2026-08-29T07:09:54.172Z,178798739417200
"""DK @ 6AN-TeA3Jk"" checks",2026-08-29T07:09:53.241Z,178798739324100
"Turn: 10♣, Q♠, A♠ [8♥]",2026-08-29T07:09:51.914Z,178798739191400
"""Henry @ FQN9hzhzP_"" checks",2026-08-29T07:09:51.094Z,178798739109400
"""DK @ 6AN-TeA3Jk"" checks",2026-08-29T07:09:50.111Z,178798739011100
"Flop:  [10♣, Q♠, A♠]",2026-08-29T07:09:46.179Z,178798738617900
"""DK @ 6AN-TeA3Jk"" calls 36",2026-08-29T07:09:45.376Z,178798738537600
"""Henry @ FQN9hzhzP_"" raises to 36",2026-08-29T07:09:43.592Z,178798738359200
"""DK @ 6AN-TeA3Jk"" calls 10",2026-08-29T07:09:40.505Z,178798738050500
"""Wizard of Ball @ L0mhqQt-8H"" folds",2026-08-29T07:09:38.780Z,178798737878000
"""gurt @ gpP9uUffpu"" folds",2026-08-29T07:09:37.857Z,178798737785700
"""Henry @ FQN9hzhzP_"" posts a big blind of 10",2026-08-29T07:09:36.906Z,178798737690607
"""DK @ 6AN-TeA3Jk"" posts a small blind of 5",2026-08-29T07:09:36.906Z,178798737690606
"Player stacks: #1 ""Henry @ FQN9hzhzP_"" (3142) | #2 ""gurt @ gpP9uUffpu"" (2651) | #9 ""Wizard of Ball @ L0mhqQt-8H"" (3318) | #10 ""DK @ 6AN-TeA3Jk"" (889)",2026-08-29T07:09:36.906Z,178798737690601
"-- starting hand #107 (id: j7xdrkyts8wx)  No Limit Texas Hold'em (dealer: ""Wizard of Ball @ L0mhqQt-8H"") --",2026-08-29T07:09:36.906Z,178798737690600
"""Henry @ FQN9hzhzP_"" shows a J♥.",2026-08-29T07:09:33.526Z,178798737352600
"Undealt cards: 10♣, 3♦, J♣ [6♦, 7♥]",2026-08-29T07:09:30.552Z,178798737055200
"-- ending hand #106 --",2026-08-29T07:09:30.260Z,178798737026002
"""gurt @ gpP9uUffpu"" collected 1320 from pot",2026-08-29T07:09:30.260Z,178798737026001
"Uncalled bet of 250 returned to ""gurt @ gpP9uUffpu""",2026-08-29T07:09:30.260Z,178798737026000
"""DK @ 6AN-TeA3Jk"" folds",2026-08-29T07:09:29.429Z,178798736942900
"""gurt @ gpP9uUffpu"" bets 250",2026-08-29T07:09:17.889Z,178798735788900
"""DK @ 6AN-TeA3Jk"" checks",2026-08-29T07:09:11.329Z,178798735132900
"Flop:  [10♣, 3♦, J♣]",2026-08-29T07:09:07.026Z,178798734702600
"""Henry @ FQN9hzhzP_"" folds",2026-08-29T07:09:06.190Z,178798734619000
"""DK @ 6AN-TeA3Jk"" calls 560",2026-08-29T07:09:05.227Z,178798734522700
"""Wizard of Ball @ L0mhqQt-8H"" folds",2026-08-29T07:08:50.924Z,178798733092400
"""gurt @ gpP9uUffpu"" raises to 560",2026-08-29T07:08:49.381Z,178798732938100
"""Henry @ FQN9hzhzP_"" calls 140",2026-08-29T07:08:45.615Z,178798732561500
"""DK @ 6AN-TeA3Jk"" raises to 140",2026-08-29T07:08:43.845Z,178798732384500
"""Wizard of Ball @ L0mhqQt-8H"" calls 60",2026-08-29T07:08:39.791Z,178798731979100
"""gurt @ gpP9uUffpu"" raises to 60",2026-08-29T07:08:38.805Z,178798731880500
"""Henry @ FQN9hzhzP_"" calls 10",2026-08-29T07:08:36.531Z,178798731653100
"""DK @ 6AN-TeA3Jk"" posts a big blind of 10",2026-08-29T07:08:30.437Z,178798731043707
"""Wizard of Ball @ L0mhqQt-8H"" posts a small blind of 5",2026-08-29T07:08:30.437Z,178798731043706
"Player stacks: #1 ""Henry @ FQN9hzhzP_"" (3282) | #2 ""gurt @ gpP9uUffpu"" (1891) | #9 ""Wizard of Ball @ L0mhqQt-8H"" (3378) | #10 ""DK @ 6AN-TeA3Jk"" (1449)",2026-08-29T07:08:30.437Z,178798731043701
"-- starting hand #106 (id: 30lvt7lsip2g)  No Limit Texas Hold'em (dealer: ""gurt @ gpP9uUffpu"") --",2026-08-29T07:08:30.437Z,178798731043700
"""Henry @ FQN9hzhzP_"" shows a Q♠, 6♥.",2026-08-29T07:08:25.687Z,178798730568700
"-- ending hand #105 --",2026-08-29T07:08:23.881Z,178798730388102
"""DK @ 6AN-TeA3Jk"" collected 349 from pot with Two Pair, 9's & 2's (combination: J♥, 2♥, 2♣, 9♠, 9♦)",2026-08-29T07:08:23.881Z,178798730388101
"""DK @ 6AN-TeA3Jk"" shows a 2♥, 2♣.",2026-08-29T07:08:23.881Z,178798730388100
"""Henry @ FQN9hzhzP_"" checks",2026-08-29T07:08:23.049Z,178798730304900
"""DK @ 6AN-TeA3Jk"" checks",2026-08-29T07:08:22.072Z,178798730207200
"River: 7♦, 5♠, 9♠, J♥ [9♦]",2026-08-29T07:08:19.680Z,178798729968000
"""Henry @ FQN9hzhzP_"" checks",2026-08-29T07:08:18.855Z,178798729885500
"""DK @ 6AN-TeA3Jk"" checks",2026-08-29T07:08:15.507Z,178798729550700
"Turn: 7♦, 5♠, 9♠ [J♥]",2026-08-29T07:08:12.689Z,178798729268900
"""Henry @ FQN9hzhzP_"" checks",2026-08-29T07:08:11.870Z,178798729187000
"""DK @ 6AN-TeA3Jk"" checks",2026-08-29T07:08:09.873Z,178798728987300
"Flop:  [7♦, 5♠, 9♠]",2026-08-29T07:08:07.757Z,178798728775700
"""DK @ 6AN-TeA3Jk"" calls 167",2026-08-29T07:08:06.854Z,178798728685400
"""Wizard of Ball @ L0mhqQt-8H"" folds",2026-08-29T07:08:05.721Z,178798728572100
"""gurt @ gpP9uUffpu"" folds",2026-08-29T07:08:04.693Z,178798728469300
"""Henry @ FQN9hzhzP_"" raises to 167",2026-08-29T07:08:03.708Z,178798728370800
"""DK @ 6AN-TeA3Jk"" raises to 75",2026-08-29T07:07:58.959Z,178798727895900
"""Wizard of Ball @ L0mhqQt-8H"" posts a big blind of 10",2026-08-29T07:07:53.874Z,178798727387407
"""gurt @ gpP9uUffpu"" posts a small blind of 5",2026-08-29T07:07:53.874Z,178798727387406
"Player stacks: #1 ""Henry @ FQN9hzhzP_"" (3449) | #2 ""gurt @ gpP9uUffpu"" (1896) | #9 ""Wizard of Ball @ L0mhqQt-8H"" (3388) | #10 ""DK @ 6AN-TeA3Jk"" (1267)",2026-08-29T07:07:53.874Z,178798727387401
"-- starting hand #105 (id: 6jplo12ca17c)  No Limit Texas Hold'em (dealer: ""Henry @ FQN9hzhzP_"") --",2026-08-29T07:07:53.874Z,178798727387400
"""Henry @ FQN9hzhzP_"" shows a 9♥, 5♦.",2026-08-29T07:07:48.278Z,178798726827800
"-- ending hand #104 --",2026-08-29T07:07:47.356Z,178798726735602
"""DK @ 6AN-TeA3Jk"" collected 596 from pot with Flush, 9 High (combination: 3♣, 4♣, 6♣, 7♣, 9♣)",2026-08-29T07:07:47.356Z,178798726735601
"""DK @ 6AN-TeA3Jk"" shows a 9♣, K♠.",2026-08-29T07:07:47.356Z,178798726735600
"""gurt @ gpP9uUffpu"" calls 185",2026-08-29T07:07:46.466Z,178798726646600
"""Henry @ FQN9hzhzP_"" folds",2026-08-29T07:07:44.848Z,178798726484800
"""DK @ 6AN-TeA3Jk"" raises to 185",2026-08-29T07:07:42.827Z,178798726282700
"""gurt @ gpP9uUffpu"" calls 36",2026-08-29T07:07:38.477Z,178798725847700
"""Henry @ FQN9hzhzP_"" bets 36",2026-08-29T07:07:35.357Z,178798725535700
"River: 7♣, 3♣, 6♣, 4♣ [2♥]",2026-08-29T07:07:31.041Z,178798725104100
"""DK @ 6AN-TeA3Jk"" calls 10",2026-08-29T07:07:30.210Z,178798725021000
"""Wizard of Ball @ L0mhqQt-8H"" folds",2026-08-29T07:07:27.701Z,178798724770100
"""gurt @ gpP9uUffpu"" calls 10",2026-08-29T07:07:26.749Z,178798724674900
"""Henry @ FQN9hzhzP_"" bets 10",2026-08-29T07:07:25.157Z,178798724515700
"Turn: 7♣, 3♣, 6♣ [4♣]",2026-08-29T07:07:23.836Z,178798724383600
"""DK @ 6AN-TeA3Jk"" calls 10",2026-08-29T07:07:22.966Z,178798724296600
"""Wizard of Ball @ L0mhqQt-8H"" calls 10",2026-08-29T07:07:21.698Z,178798724169800
"""gurt @ gpP9uUffpu"" calls 10",2026-08-29T07:07:20.354Z,178798724035400
"""Henry @ FQN9hzhzP_"" bets 10",2026-08-29T07:07:18.883Z,178798723888300
"Flop:  [7♣, 3♣, 6♣]",2026-08-29T07:07:14.341Z,178798723434100
"""gurt @ gpP9uUffpu"" calls 30",2026-08-29T07:07:13.462Z,178798723346200
"""Henry @ FQN9hzhzP_"" calls 30",2026-08-29T07:07:09.641Z,178798722964100
"""DK @ 6AN-TeA3Jk"" calls 30",2026-08-29T07:07:08.202Z,178798722820200
"""Wizard of Ball @ L0mhqQt-8H"" raises to 30",2026-08-29T07:07:06.421Z,178798722642100
"""gurt @ gpP9uUffpu"" posts a big blind of 10",2026-08-29T07:07:03.886Z,178798722388607
"""Henry @ FQN9hzhzP_"" posts a small blind of 5",2026-08-29T07:07:03.886Z,178798722388606
"Player stacks: #1 ""Henry @ FQN9hzhzP_"" (3535) | #2 ""gurt @ gpP9uUffpu"" (2131) | #9 ""Wizard of Ball @ L0mhqQt-8H"" (3428) | #10 ""DK @ 6AN-TeA3Jk"" (906)",2026-08-29T07:07:03.886Z,178798722388601
"-- starting hand #104 (id: rqqlxf5sme1w)  No Limit Texas Hold'em (dealer: ""DK @ 6AN-TeA3Jk"") --",2026-08-29T07:07:03.886Z,178798722388600
"""gurt @ gpP9uUffpu"" shows a 7♣, Q♣.",2026-08-29T07:07:00.295Z,178798722029500
"Undealt cards: K♣, 3♠, A♠, J♥ [K♠]",2026-08-29T07:06:57.737Z,178798721773700
"""Wizard of Ball @ L0mhqQt-8H"" shows a 3♦, 6♥.",2026-08-29T07:06:57.063Z,178798721706300
"-- ending hand #103 --",2026-08-29T07:06:56.559Z,178798721655902
"""Wizard of Ball @ L0mhqQt-8H"" collected 806 from pot",2026-08-29T07:06:56.559Z,178798721655901
"Uncalled bet of 600 returned to ""Wizard of Ball @ L0mhqQt-8H""",2026-08-29T07:06:56.559Z,178798721655900
"""gurt @ gpP9uUffpu"" folds",2026-08-29T07:06:55.690Z,178798721569000
"""Wizard of Ball @ L0mhqQt-8H"" bets 600",2026-08-29T07:06:39.081Z,178798719908100
"""gurt @ gpP9uUffpu"" checks",2026-08-29T07:06:36.403Z,178798719640300
"Turn: K♣, 3♠, A♠ [J♥]",2026-08-29T07:06:32.656Z,178798719265600
"""Henry @ FQN9hzhzP_"" folds",2026-08-29T07:06:31.803Z,178798719180300
"""Wizard of Ball @ L0mhqQt-8H"" calls 150",2026-08-29T07:06:30.651Z,178798719065100
"""gurt @ gpP9uUffpu"" bets 150",2026-08-29T07:06:29.713Z,178798718971300
"""Henry @ FQN9hzhzP_"" checks",2026-08-29T07:06:26.538Z,178798718653800
"Flop:  [K♣, 3♠, A♠]",2026-08-29T07:06:24.006Z,178798718400600
"""Wizard of Ball @ L0mhqQt-8H"" calls 167",2026-08-29T07:06:23.176Z,178798718317600
"""gurt @ gpP9uUffpu"" calls 167",2026-08-29T07:06:22.040Z,178798718204000
"""Henry @ FQN9hzhzP_"" raises to 167",2026-08-29T07:06:20.177Z,178798718017700
"""DK @ 6AN-TeA3Jk"" folds",2026-08-29T07:06:17.425Z,178798717742500
"""Wizard of Ball @ L0mhqQt-8H"" calls 50",2026-08-29T07:06:16.433Z,178798717643300
"""gurt @ gpP9uUffpu"" raises to 50",2026-08-29T07:06:15.407Z,178798717540700
"""Henry @ FQN9hzhzP_"" posts a big blind of 10",2026-08-29T07:06:12.142Z,178798717214207
"""DK @ 6AN-TeA3Jk"" posts a small blind of 5",2026-08-29T07:06:12.142Z,178798717214206
"Your hand is 7♣, Q♣",2026-08-29T07:06:12.142Z,178798717214203
"Player stacks: #1 ""Henry @ FQN9hzhzP_"" (3702) | #2 ""gurt @ gpP9uUffpu"" (2448) | #9 ""Wizard of Ball @ L0mhqQt-8H"" (2939) | #10 ""DK @ 6AN-TeA3Jk"" (911)",2026-08-29T07:06:12.142Z,178798717214201
"-- starting hand #103 (id: axx3squbaudb)  No Limit Texas Hold'em (dealer: ""Wizard of Ball @ L0mhqQt-8H"") --",2026-08-29T07:06:12.142Z,178798717214200
"""Henry @ FQN9hzhzP_"" shows a 6♠, 5♣.",2026-08-29T07:06:07.314Z,178798716731400
"-- ending hand #102 --",2026-08-29T07:06:05.512Z,178798716551202
"""gurt @ gpP9uUffpu"" collected 369 from pot with Pair, 8's (combination: 7♦, J♣, Q♠, 8♣, 8♦)",2026-08-29T07:06:05.512Z,178798716551201
"""gurt @ gpP9uUffpu"" shows a J♣, 8♣.",2026-08-29T07:06:05.512Z,178798716551200
"""Henry @ FQN9hzhzP_"" calls 60",2026-08-29T07:06:04.695Z,178798716469500
"""gurt @ gpP9uUffpu"" bets 60",2026-08-29T07:06:03.784Z,178798716378400
"""Henry @ FQN9hzhzP_"" checks",2026-08-29T07:06:01.287Z,178798716128700
"River: 7♦, Q♠, 6♣, 8♦ [2♠]",2026-08-29T07:05:59.864Z,178798715986400
"""gurt @ gpP9uUffpu"" checks",2026-08-29T07:05:59.036Z,178798715903600
"""Henry @ FQN9hzhzP_"" checks",2026-08-29T07:05:57.419Z,178798715741900
"Turn: 7♦, Q♠, 6♣ [8♦]",2026-08-29T07:05:55.485Z,178798715548500
"""gurt @ gpP9uUffpu"" calls 67",2026-08-29T07:05:54.654Z,178798715465400
"""Henry @ FQN9hzhzP_"" bets 67",2026-08-29T07:05:53.752Z,178798715375200
"Flop:  [7♦, Q♠, 6♣]",2026-08-29T07:05:49.760Z,178798714976000
"""Henry @ FQN9hzhzP_"" calls 50",2026-08-29T07:05:48.919Z,178798714891900
"""DK @ 6AN-TeA3Jk"" folds",2026-08-29T07:05:47.725Z,178798714772500
"""Wizard of Ball @ L0mhqQt-8H"" folds",2026-08-29T07:05:46.184Z,178798714618400
"""gurt @ gpP9uUffpu"" raises to 50",2026-08-29T07:05:45.227Z,178798714522700
"""Henry @ FQN9hzhzP_"" calls 10",2026-08-29T07:05:41.970Z,178798714197000
"""DK @ 6AN-TeA3Jk"" posts a big blind of 10",2026-08-29T07:05:37.077Z,178798713707707
"""Wizard of Ball @ L0mhqQt-8H"" posts a small blind of 5",2026-08-29T07:05:37.077Z,178798713707706
"Your hand is J♣, 8♣",2026-08-29T07:05:37.077Z,178798713707703
"Player stacks: #1 ""Henry @ FQN9hzhzP_"" (3879) | #2 ""gurt @ gpP9uUffpu"" (2256) | #9 ""Wizard of Ball @ L0mhqQt-8H"" (2944) | #10 ""DK @ 6AN-TeA3Jk"" (921)",2026-08-29T07:05:37.077Z,178798713707701
"-- starting hand #102 (id: oesrbmbxxdzz)  No Limit Texas Hold'em (dealer: ""gurt @ gpP9uUffpu"") --",2026-08-29T07:05:37.077Z,178798713707700
"Undealt cards: 7♦, 6♦, Q♠, J♦ [5♣]",2026-08-29T07:05:33.975Z,178798713397500
"""Henry @ FQN9hzhzP_"" shows a 6♠, J♣.",2026-08-29T07:05:31.930Z,178798713193000
"-- ending hand #101 --",2026-08-29T07:05:30.460Z,178798713046002
"""Henry @ FQN9hzhzP_"" collected 454 from pot",2026-08-29T07:05:30.460Z,178798713046001
"Uncalled bet of 167 returned to ""Henry @ FQN9hzhzP_""",2026-08-29T07:05:30.460Z,178798713046000
"""Wizard of Ball @ L0mhqQt-8H"" folds",2026-08-29T07:05:29.623Z,178798712962300
"""Henry @ FQN9hzhzP_"" bets 167",2026-08-29T07:05:28.404Z,178798712840400
"""Wizard of Ball @ L0mhqQt-8H"" checks",2026-08-29T07:05:25.895Z,178798712589500
"Turn: 7♦, 6♦, Q♠ [J♦]",2026-08-29T07:05:24.456Z,178798712445600
"""Wizard of Ball @ L0mhqQt-8H"" calls 167",2026-08-29T07:05:23.573Z,178798712357300
"""gurt @ gpP9uUffpu"" folds",2026-08-29T07:05:22.615Z,178798712261500
"""Henry @ FQN9hzhzP_"" raises to 167",2026-08-29T07:05:21.686Z,178798712168600
"""Wizard of Ball @ L0mhqQt-8H"" bets 60",2026-08-29T07:05:19.750Z,178798711975000
"""gurt @ gpP9uUffpu"" checks",2026-08-29T07:05:16.666Z,178798711666600
"Flop:  [7♦, 6♦, Q♠]",2026-08-29T07:05:14.849Z,178798711484900
"""Henry @ FQN9hzhzP_"" calls 40",2026-08-29T07:05:13.976Z,178798711397600
"""Wizard of Ball @ L0mhqQt-8H"" calls 40",2026-08-29T07:05:13.058Z,178798711305800
"""gurt @ gpP9uUffpu"" raises to 40",2026-08-29T07:05:12.080Z,178798711208000
"""Henry @ FQN9hzhzP_"" calls 10",2026-08-29T07:05:09.403Z,178798710940300
"""DK @ 6AN-TeA3Jk"" folds",2026-08-29T07:05:07.716Z,178798710771600
"""Wizard of Ball @ L0mhqQt-8H"" posts a big blind of 10",2026-08-29T07:05:03.907Z,178798710390707
"""gurt @ gpP9uUffpu"" posts a small blind of 5",2026-08-29T07:05:03.907Z,178798710390706
"Player stacks: #1 ""Henry @ FQN9hzhzP_"" (3632) | #2 ""gurt @ gpP9uUffpu"" (2296) | #9 ""Wizard of Ball @ L0mhqQt-8H"" (3151) | #10 ""DK @ 6AN-TeA3Jk"" (921)",2026-08-29T07:05:03.907Z,178798710390701
"-- starting hand #101 (id: mlbfcf1k1gem)  No Limit Texas Hold'em (dealer: ""Henry @ FQN9hzhzP_"") --",2026-08-29T07:05:03.907Z,178798710390700
"""DK @ 6AN-TeA3Jk"" shows a J♣.",2026-08-29T07:05:02.262Z,178798710226200
"""Henry @ FQN9hzhzP_"" shows a 6♣, K♦.",2026-08-29T07:05:00.330Z,178798710033000
"""Wizard of Ball @ L0mhqQt-8H"" shows a 2♠, J♠.",2026-08-29T07:05:00.297Z,178798710029700
"-- ending hand #100 --",2026-08-29T07:04:58.889Z,178798709888902
"""Wizard of Ball @ L0mhqQt-8H"" collected 180 from pot",2026-08-29T07:04:58.889Z,178798709888901
"Uncalled bet of 90 returned to ""Wizard of Ball @ L0mhqQt-8H""",2026-08-29T07:04:58.889Z,178798709888900
"""DK @ 6AN-TeA3Jk"" folds",2026-08-29T07:04:58.083Z,178798709808300
"""Wizard of Ball @ L0mhqQt-8H"" bets 90",2026-08-29T07:04:56.386Z,178798709638600
"River: 7♣, A♦, 9♣, 6♠ [Q♣]",2026-08-29T07:04:53.192Z,178798709319200
"""DK @ 6AN-TeA3Jk"" checks",2026-08-29T07:04:52.364Z,178798709236400
"""Wizard of Ball @ L0mhqQt-8H"" checks",2026-08-29T07:04:51.039Z,178798709103900
"Turn: 7♣, A♦, 9♣ [6♠]",2026-08-29T07:04:48.872Z,178798708887200
"""Henry @ FQN9hzhzP_"" folds",2026-08-29T07:04:48.066Z,178798708806600
"""DK @ 6AN-TeA3Jk"" calls 30",2026-08-29T07:04:44.748Z,178798708474800
"""Wizard of Ball @ L0mhqQt-8H"" bets 30",2026-08-29T07:04:42.429Z,178798708242900
"""gurt @ gpP9uUffpu"" folds",2026-08-29T07:04:38.536Z,178798707853600
"""Henry @ FQN9hzhzP_"" checks",2026-08-29T07:04:36.964Z,178798707696400
"Flop:  [7♣, A♦, 9♣]",2026-08-29T07:04:34.885Z,178798707488500
"""gurt @ gpP9uUffpu"" calls 30",2026-08-29T07:04:34.075Z,178798707407500
"""Henry @ FQN9hzhzP_"" calls 30",2026-08-29T07:04:33.143Z,178798707314300
"""DK @ 6AN-TeA3Jk"" calls 30",2026-08-29T07:04:31.908Z,178798707190800
"""Wizard of Ball @ L0mhqQt-8H"" raises to 30",2026-08-29T07:04:30.757Z,178798707075700
"""gurt @ gpP9uUffpu"" posts a big blind of 10",2026-08-29T07:04:28.883Z,178798706888307
"""Henry @ FQN9hzhzP_"" posts a small blind of 5",2026-08-29T07:04:28.883Z,178798706888306
"Player stacks: #1 ""Henry @ FQN9hzhzP_"" (3662) | #2 ""gurt @ gpP9uUffpu"" (2326) | #9 ""Wizard of Ball @ L0mhqQt-8H"" (3031) | #10 ""DK @ 6AN-TeA3Jk"" (981)",2026-08-29T07:04:28.883Z,178798706888301
"-- starting hand #100 (id: w4hcj9slgsqo)  No Limit Texas Hold'em (dealer: ""DK @ 6AN-TeA3Jk"") --",2026-08-29T07:04:28.883Z,178798706888300
"""gurt @ gpP9uUffpu"" shows a 7♠.",2026-08-29T07:04:26.887Z,178798706688700
"""DK @ 6AN-TeA3Jk"" shows a 7♣.",2026-08-29T07:04:23.792Z,178798706379200
"Undealt cards: 6♥, A♣, 5♦ [4♥, 7♦]",2026-08-29T07:04:22.405Z,178798706240500
"""Henry @ FQN9hzhzP_"" shows a 5♠, J♥.",2026-08-29T07:04:22.227Z,178798706222700
"-- ending hand #99 --",2026-08-29T07:04:20.879Z,178798706087902
"""Henry @ FQN9hzhzP_"" collected 280 from pot",2026-08-29T07:04:20.879Z,178798706087901
"Uncalled bet of 67 returned to ""Henry @ FQN9hzhzP_""",2026-08-29T07:04:20.879Z,178798706087900
"""DK @ 6AN-TeA3Jk"" folds",2026-08-29T07:04:20.054Z,178798706005400
"""Henry @ FQN9hzhzP_"" bets 67",2026-08-29T07:04:16.752Z,178798705675200
"""DK @ 6AN-TeA3Jk"" checks",2026-08-29T07:04:13.401Z,178798705340100
"Flop:  [6♥, A♣, 5♦]",2026-08-29T07:04:10.672Z,178798705067200
"""DK @ 6AN-TeA3Jk"" calls 120",2026-08-29T07:04:09.805Z,178798704980500
"""gurt @ gpP9uUffpu"" folds",2026-08-29T07:04:08.146Z,178798704814600
"""Henry @ FQN9hzhzP_"" raises to 120",2026-08-29T07:04:06.629Z,178798704662900
"""DK @ 6AN-TeA3Jk"" calls 40",2026-08-29T07:04:04.279Z,178798704427900
"""Wizard of Ball @ L0mhqQt-8H"" folds",2026-08-29T07:04:02.883Z,178798704288300
"""gurt @ gpP9uUffpu"" raises to 40",2026-08-29T07:04:01.492Z,178798704149200
"""Henry @ FQN9hzhzP_"" posts a big blind of 10",2026-08-29T07:03:59.704Z,178798703970407
"""DK @ 6AN-TeA3Jk"" posts a small blind of 5",2026-08-29T07:03:59.704Z,178798703970406
"Player stacks: #1 ""Henry @ FQN9hzhzP_"" (3502) | #2 ""gurt @ gpP9uUffpu"" (2366) | #9 ""Wizard of Ball @ L0mhqQt-8H"" (3031) | #10 ""DK @ 6AN-TeA3Jk"" (1101)",2026-08-29T07:03:59.704Z,178798703970401
"-- starting hand #99 (id: b5wkwuunyfoe)  No Limit Texas Hold'em (dealer: ""Wizard of Ball @ L0mhqQt-8H"") --",2026-08-29T07:03:59.704Z,178798703970400
"""gurt @ gpP9uUffpu"" shows a 9♥, J♣.",2026-08-29T07:03:54.692Z,178798703469200
"""Henry @ FQN9hzhzP_"" shows a 3♥, 8♣.",2026-08-29T07:03:54.115Z,178798703411500
"-- ending hand #98 --",2026-08-29T07:03:52.699Z,178798703269904
"""DK @ 6AN-TeA3Jk"" collected 90 from pot with Two Pair, 7's & 3's (combination: J♦, 3♠, 3♦, 7♥, 7♣)",2026-08-29T07:03:52.699Z,178798703269903
"""Wizard of Ball @ L0mhqQt-8H"" collected 90 from pot with Two Pair, 7's & 3's (combination: J♠, 3♠, 3♦, 7♥, 7♣)",2026-08-29T07:03:52.699Z,178798703269902
"""DK @ 6AN-TeA3Jk"" shows a 2♣, J♦.",2026-08-29T07:03:52.699Z,178798703269901
"""Wizard of Ball @ L0mhqQt-8H"" shows a 9♦, J♠.",2026-08-29T07:03:52.699Z,178798703269900
"""gurt @ gpP9uUffpu"" folds",2026-08-29T07:03:51.854Z,178798703185400
"""DK @ 6AN-TeA3Jk"" calls 30",2026-08-29T07:03:49.311Z,178798702931100
"""Wizard of Ball @ L0mhqQt-8H"" bets 30",2026-08-29T07:03:47.820Z,178798702782000
"River: 7♥, 7♣, 10♦, 3♠ [3♦]",2026-08-29T07:03:45.166Z,178798702516600
"""gurt @ gpP9uUffpu"" checks",2026-08-29T07:03:44.338Z,178798702433800
"""DK @ 6AN-TeA3Jk"" checks",2026-08-29T07:03:43.393Z,178798702339300
"""Wizard of Ball @ L0mhqQt-8H"" checks",2026-08-29T07:03:42.466Z,178798702246600
"Turn: 7♥, 7♣, 10♦ [3♠]",2026-08-29T07:03:41.038Z,178798702103800
"""gurt @ gpP9uUffpu"" checks",2026-08-29T07:03:40.171Z,178798702017100
"""DK @ 6AN-TeA3Jk"" checks",2026-08-29T07:03:39.276Z,178798701927600
"""Wizard of Ball @ L0mhqQt-8H"" checks",2026-08-29T07:03:38.362Z,178798701836200
"Flop:  [7♥, 7♣, 10♦]",2026-08-29T07:03:35.759Z,178798701575900
"""DK @ 6AN-TeA3Jk"" calls 40",2026-08-29T07:03:34.950Z,178798701495000
"""Wizard of Ball @ L0mhqQt-8H"" calls 40",2026-08-29T07:03:33.146Z,178798701314600
"""gurt @ gpP9uUffpu"" raises to 40",2026-08-29T07:03:32.169Z,178798701216900
"""Henry @ FQN9hzhzP_"" folds",2026-08-29T07:03:29.062Z,178798700906200
"""DK @ 6AN-TeA3Jk"" posts a big blind of 10",2026-08-29T07:03:23.669Z,178798700366907
"""Wizard of Ball @ L0mhqQt-8H"" posts a small blind of 5",2026-08-29T07:03:23.669Z,178798700366906
"Your hand is 9♥, J♣",2026-08-29T07:03:23.669Z,178798700366903
"Player stacks: #1 ""Henry @ FQN9hzhzP_"" (3502) | #2 ""gurt @ gpP9uUffpu"" (2406) | #9 ""Wizard of Ball @ L0mhqQt-8H"" (3011) | #10 ""DK @ 6AN-TeA3Jk"" (1081)",2026-08-29T07:03:23.669Z,178798700366901
"-- starting hand #98 (id: uorzzffi7dn9)  No Limit Texas Hold'em (dealer: ""gurt @ gpP9uUffpu"") --",2026-08-29T07:03:23.669Z,178798700366900
"""Henry @ FQN9hzhzP_"" shows a 8♠, A♠.",2026-08-29T07:03:17.956Z,178798699795600
"""Wizard of Ball @ L0mhqQt-8H"" shows a 4♥, 4♣.",2026-08-29T07:03:17.866Z,178798699786600
"Undealt cards: Q♦, 7♣, 5♠ [J♣, 3♥]",2026-08-29T07:03:16.514Z,178798699651400
"-- ending hand #97 --",2026-08-29T07:03:16.290Z,178798699629002
"""Wizard of Ball @ L0mhqQt-8H"" collected 1411 from pot",2026-08-29T07:03:16.290Z,178798699629001
"Uncalled bet of 500 returned to ""Wizard of Ball @ L0mhqQt-8H""",2026-08-29T07:03:16.290Z,178798699629000
"""gurt @ gpP9uUffpu"" folds",2026-08-29T07:03:15.463Z,178798699546300
"""Henry @ FQN9hzhzP_"" folds",2026-08-29T07:03:08.000Z,178798698800000
"""Wizard of Ball @ L0mhqQt-8H"" bets 500",2026-08-29T07:03:03.645Z,178798698364500
"""gurt @ gpP9uUffpu"" checks",2026-08-29T07:03:00.909Z,178798698090900
"Flop:  [Q♦, 7♣, 5♠]",2026-08-29T07:02:59.257Z,178798697925700
"""Wizard of Ball @ L0mhqQt-8H"" calls 467",2026-08-29T07:02:58.428Z,178798697842800
"""gurt @ gpP9uUffpu"" calls 467",2026-08-29T07:02:57.420Z,178798697742000
"""Henry @ FQN9hzhzP_"" raises to 467",2026-08-29T07:02:54.956Z,178798697495600
"""DK @ 6AN-TeA3Jk"" folds",2026-08-29T07:02:52.789Z,178798697278900
"""Wizard of Ball @ L0mhqQt-8H"" calls 150",2026-08-29T07:02:51.633Z,178798697163300
"""gurt @ gpP9uUffpu"" raises to 150",2026-08-29T07:02:49.657Z,178798696965700
"""Henry @ FQN9hzhzP_"" raises to 36",2026-08-29T07:02:46.257Z,178798696625700
"""DK @ 6AN-TeA3Jk"" calls 10",2026-08-29T07:02:38.720Z,178798695872000
"""Wizard of Ball @ L0mhqQt-8H"" posts a big blind of 10",2026-08-29T07:02:36.410Z,178798695641007
"""gurt @ gpP9uUffpu"" posts a small blind of 5",2026-08-29T07:02:36.410Z,178798695641006
"Player stacks: #1 ""Henry @ FQN9hzhzP_"" (3969) | #2 ""gurt @ gpP9uUffpu"" (2873) | #9 ""Wizard of Ball @ L0mhqQt-8H"" (2067) | #10 ""DK @ 6AN-TeA3Jk"" (1091)",2026-08-29T07:02:36.410Z,178798695641001
"-- starting hand #97 (id: lbgw0fv2pc0b)  No Limit Texas Hold'em (dealer: ""Henry @ FQN9hzhzP_"") --",2026-08-29T07:02:36.410Z,178798695641000
"""Henry @ FQN9hzhzP_"" shows a 6♠, 7♣.",2026-08-29T07:02:33.614Z,178798695361400
"-- ending hand #96 --",2026-08-29T07:02:32.801Z,178798695280102
"""Henry @ FQN9hzhzP_"" collected 299 from pot",2026-08-29T07:02:32.801Z,178798695280101
"Uncalled bet of 167 returned to ""Henry @ FQN9hzhzP_""",2026-08-29T07:02:32.801Z,178798695280100
"""DK @ 6AN-TeA3Jk"" folds",2026-08-29T07:02:31.977Z,178798695197700
"""Henry @ FQN9hzhzP_"" bets 167",2026-08-29T07:02:25.586Z,178798694558600
"River: Q♠, 3♥, 8♠, 9♦ [5♣]",2026-08-29T07:02:20.593Z,178798694059300
"""DK @ 6AN-TeA3Jk"" calls 67",2026-08-29T07:02:19.783Z,178798693978300
"""gurt @ gpP9uUffpu"" folds",2026-08-29T07:02:18.600Z,178798693860000
"""Henry @ FQN9hzhzP_"" bets 67",2026-08-29T07:02:10.976Z,178798693097600
"Turn: Q♠, 3♥, 8♠ [9♦]",2026-08-29T07:02:06.013Z,178798692601300
"""DK @ 6AN-TeA3Jk"" checks",2026-08-29T07:02:05.188Z,178798692518800
"""gurt @ gpP9uUffpu"" checks",2026-08-29T07:02:04.119Z,178798692411900
"""Henry @ FQN9hzhzP_"" checks",2026-08-29T07:02:02.396Z,178798692239600
"Flop:  [Q♠, 3♥, 8♠]",2026-08-29T07:01:56.480Z,178798691648000
"""gurt @ gpP9uUffpu"" calls 55",2026-08-29T07:01:55.608Z,178798691560800
"""Henry @ FQN9hzhzP_"" calls 55",2026-08-29T07:01:54.689Z,178798691468900
"""DK @ 6AN-TeA3Jk"" raises to 55",2026-08-29T07:01:48.156Z,178798690815600
"""Wizard of Ball @ L0mhqQt-8H"" folds",2026-08-29T07:01:43.847Z,178798690384700
"""gurt @ gpP9uUffpu"" posts a big blind of 10",2026-08-29T07:01:42.493Z,178798690249307
"""Henry @ FQN9hzhzP_"" posts a small blind of 5",2026-08-29T07:01:42.493Z,178798690249306
"Player stacks: #1 ""Henry @ FQN9hzhzP_"" (3792) | #2 ""gurt @ gpP9uUffpu"" (2928) | #9 ""Wizard of Ball @ L0mhqQt-8H"" (2067) | #10 ""DK @ 6AN-TeA3Jk"" (1213)",2026-08-29T07:01:42.493Z,178798690249301
"-- starting hand #96 (id: nw5mgmpie9p7)  No Limit Texas Hold'em (dealer: ""DK @ 6AN-TeA3Jk"") --",2026-08-29T07:01:42.493Z,178798690249300
"""Wizard of Ball @ L0mhqQt-8H"" shows a A♥.",2026-08-29T07:01:37.530Z,178798689753000
"""Wizard of Ball @ L0mhqQt-8H"" shows a Q♣.",2026-08-29T07:01:36.980Z,178798689698000
"-- ending hand #95 --",2026-08-29T07:01:35.968Z,178798689596802
"""Henry @ FQN9hzhzP_"" collected 1322 from pot with Full House, 5's over 8's (combination: 8♦, 8♠, 5♣, 5♥, 5♠)",2026-08-29T07:01:35.968Z,178798689596801
"""Henry @ FQN9hzhzP_"" shows a 8♦, 5♣.",2026-08-29T07:01:35.968Z,178798689596800
"""Wizard of Ball @ L0mhqQt-8H"" calls 367",2026-08-29T07:01:35.160Z,178798689516000
"""Henry @ FQN9hzhzP_"" bets 367",2026-08-29T07:01:34.241Z,178798689424100
"River: Q♥, 8♠, 6♠, 5♥ [5♠]",2026-08-29T07:01:30.447Z,178798689044700
"""Wizard of Ball @ L0mhqQt-8H"" calls 167",2026-08-29T07:01:29.595Z,178798688959500
"""Henry @ FQN9hzhzP_"" bets 167",2026-08-29T07:01:28.677Z,178798688867700
"Turn: Q♥, 8♠, 6♠ [5♥]",2026-08-29T07:01:24.844Z,178798688484400
"""DK @ 6AN-TeA3Jk"" folds",2026-08-29T07:01:24.033Z,178798688403300
"""Wizard of Ball @ L0mhqQt-8H"" calls 67",2026-08-29T07:01:23.094Z,178798688309400
"""Henry @ FQN9hzhzP_"" raises to 67",2026-08-29T07:01:20.964Z,178798688096400
"""DK @ 6AN-TeA3Jk"" calls 30",2026-08-29T07:01:11.316Z,178798687131600
"""Wizard of Ball @ L0mhqQt-8H"" bets 30",2026-08-29T07:01:10.015Z,178798687001500
"""Henry @ FQN9hzhzP_"" checks",2026-08-29T07:01:03.837Z,178798686383700
"""DK @ 6AN-TeA3Jk"" checks",2026-08-29T07:01:02.101Z,178798686210100
"Flop:  [Q♥, 8♠, 6♠]",2026-08-29T07:00:59.198Z,178798685919800
"""Henry @ FQN9hzhzP_"" calls 30",2026-08-29T07:00:58.382Z,178798685838200
"""DK @ 6AN-TeA3Jk"" calls 30",2026-08-29T07:00:57.005Z,178798685700500
"""Wizard of Ball @ L0mhqQt-8H"" raises to 30",2026-08-29T07:00:55.156Z,178798685515600
"""gurt @ gpP9uUffpu"" folds",2026-08-29T07:00:53.292Z,178798685329200
"""Henry @ FQN9hzhzP_"" posts a big blind of 10",2026-08-29T07:00:52.388Z,178798685238807
"""DK @ 6AN-TeA3Jk"" posts a small blind of 5",2026-08-29T07:00:52.388Z,178798685238806
"Player stacks: #1 ""Henry @ FQN9hzhzP_"" (3101) | #2 ""gurt @ gpP9uUffpu"" (2928) | #9 ""Wizard of Ball @ L0mhqQt-8H"" (2698) | #10 ""DK @ 6AN-TeA3Jk"" (1273)",2026-08-29T07:00:52.388Z,178798685238801
"-- starting hand #95 (id: xvajm3msjbeu)  No Limit Texas Hold'em (dealer: ""Wizard of Ball @ L0mhqQt-8H"") --",2026-08-29T07:00:52.388Z,178798685238800
"""Henry @ FQN9hzhzP_"" shows a 6♠, 2♥.",2026-08-29T07:00:49.018Z,178798684901800
"-- ending hand #94 --",2026-08-29T07:00:45.858Z,178798684585803
"""gurt @ gpP9uUffpu"" collected 170 from pot with Pair, 10's (combination: 6♦, J♦, Q♠, 10♣, 10♠)",2026-08-29T07:00:45.858Z,178798684585802
"""gurt @ gpP9uUffpu"" shows a Q♠, J♦.",2026-08-29T07:00:45.858Z,178798684585801
"""Wizard of Ball @ L0mhqQt-8H"" shows a 9♣, Q♣.",2026-08-29T07:00:45.858Z,178798684585800
"""gurt @ gpP9uUffpu"" calls 30",2026-08-29T07:00:45.042Z,178798684504200
"""Wizard of Ball @ L0mhqQt-8H"" bets 30",2026-08-29T07:00:43.475Z,178798684347500
"River: 10♣, 2♦, 6♦, 4♥ [10♠]",2026-08-29T07:00:37.989Z,178798683798900
"""gurt @ gpP9uUffpu"" checks",2026-08-29T07:00:37.172Z,178798683717200
"""Wizard of Ball @ L0mhqQt-8H"" checks",2026-08-29T07:00:33.733Z,178798683373300
"Turn: 10♣, 2♦, 6♦ [4♥]",2026-08-29T07:00:32.252Z,178798683225200
"""gurt @ gpP9uUffpu"" checks",2026-08-29T07:00:31.445Z,178798683144500
"""Wizard of Ball @ L0mhqQt-8H"" checks",2026-08-29T07:00:22.598Z,178798682259800
"Flop:  [10♣, 2♦, 6♦]",2026-08-29T07:00:20.238Z,178798682023800
"""DK @ 6AN-TeA3Jk"" folds",2026-08-29T07:00:19.419Z,178798681941900
"""Wizard of Ball @ L0mhqQt-8H"" calls 50",2026-08-29T07:00:17.696Z,178798681769600
"""gurt @ gpP9uUffpu"" raises to 50",2026-08-29T07:00:16.728Z,178798681672800
"""Henry @ FQN9hzhzP_"" folds",2026-08-29T06:59:58.098Z,178798679809800
"""DK @ 6AN-TeA3Jk"" posts a big blind of 10",2026-08-29T06:59:55.703Z,178798679570307
"""Wizard of Ball @ L0mhqQt-8H"" posts a small blind of 5",2026-08-29T06:59:55.703Z,178798679570306
"Your hand is Q♠, J♦",2026-08-29T06:59:55.703Z,178798679570303
"Player stacks: #1 ""Henry @ FQN9hzhzP_"" (3101) | #2 ""gurt @ gpP9uUffpu"" (2838) | #9 ""Wizard of Ball @ L0mhqQt-8H"" (2778) | #10 ""DK @ 6AN-TeA3Jk"" (1283)",2026-08-29T06:59:55.703Z,178798679570301
"-- starting hand #94 (id: wxwzfaj9ywm3)  No Limit Texas Hold'em (dealer: ""gurt @ gpP9uUffpu"") --",2026-08-29T06:59:55.703Z,178798679570300
"""Henry @ FQN9hzhzP_"" shows a 2♠.",2026-08-29T06:59:53.988Z,178798679398800
"""Henry @ FQN9hzhzP_"" shows a 8♣.",2026-08-29T06:59:53.672Z,178798679367200
"-- ending hand #93 --",2026-08-29T06:59:52.083Z,178798679208302
"""Wizard of Ball @ L0mhqQt-8H"" collected 400 from pot",2026-08-29T06:59:52.083Z,178798679208301
"Uncalled bet of 400 returned to ""Wizard of Ball @ L0mhqQt-8H""",2026-08-29T06:59:52.083Z,178798679208300
"""gurt @ gpP9uUffpu"" folds",2026-08-29T06:59:51.211Z,178798679121100
"""Wizard of Ball @ L0mhqQt-8H"" bets 400",2026-08-29T06:59:45.013Z,178798678501300
"""gurt @ gpP9uUffpu"" checks",2026-08-29T06:59:40.968Z,178798678096800
"River: 5♠, K♦, 8♥, 6♦ [A♣]",2026-08-29T06:59:36.032Z,178798677603200
"""gurt @ gpP9uUffpu"" calls 150",2026-08-29T06:59:35.218Z,178798677521800
"""Wizard of Ball @ L0mhqQt-8H"" raises to 150",2026-08-29T06:59:34.060Z,178798677406000
"""gurt @ gpP9uUffpu"" bets 50",2026-08-29T06:59:30.517Z,178798677051700
"Turn: 5♠, K♦, 8♥ [6♦]",2026-08-29T06:59:25.826Z,178798676582600
"""Wizard of Ball @ L0mhqQt-8H"" checks",2026-08-29T06:59:25.002Z,178798676500200
"""gurt @ gpP9uUffpu"" checks",2026-08-29T06:59:23.563Z,178798676356300
"Flop:  [5♠, K♦, 8♥]",2026-08-29T06:59:22.268Z,178798676226800
"""gurt @ gpP9uUffpu"" calls 50",2026-08-29T06:59:21.445Z,178798676144500
"""Wizard of Ball @ L0mhqQt-8H"" raises to 50",2026-08-29T06:59:13.142Z,178798675314200
"""gurt @ gpP9uUffpu"" calls 10",2026-08-29T06:59:09.195Z,178798674919500
"""Henry @ FQN9hzhzP_"" folds",2026-08-29T06:59:01.278Z,178798674127800
"""DK @ 6AN-TeA3Jk"" folds",2026-08-29T06:58:51.543Z,178798673154300
"""Wizard of Ball @ L0mhqQt-8H"" posts a big blind of 10",2026-08-29T06:58:49.378Z,178798672937807
"""gurt @ gpP9uUffpu"" posts a small blind of 5",2026-08-29T06:58:49.378Z,178798672937806
"Player stacks: #1 ""Henry @ FQN9hzhzP_"" (3101) | #2 ""gurt @ gpP9uUffpu"" (3038) | #9 ""Wizard of Ball @ L0mhqQt-8H"" (2578) | #10 ""DK @ 6AN-TeA3Jk"" (1283)",2026-08-29T06:58:49.378Z,178798672937801
"-- starting hand #93 (id: xu2lgo3ueelv)  No Limit Texas Hold'em (dealer: ""Henry @ FQN9hzhzP_"") --",2026-08-29T06:58:49.378Z,178798672937800
"""Henry @ FQN9hzhzP_"" shows a 10♥, 8♣.",2026-08-29T06:58:44.556Z,178798672455600
"Undealt cards: 2♠, 8♥, 7♥ [10♦, 6♠]",2026-08-29T06:58:43.363Z,178798672336300
"-- ending hand #92 --",2026-08-29T06:58:42.767Z,178798672276702
"""Henry @ FQN9hzhzP_"" collected 480 from pot",2026-08-29T06:58:42.767Z,178798672276701
"Uncalled bet of 187 returned to ""Henry @ FQN9hzhzP_""",2026-08-29T06:58:42.767Z,178798672276700
"""Wizard of Ball @ L0mhqQt-8H"" folds",2026-08-29T06:58:41.885Z,178798672188500
"""Henry @ FQN9hzhzP_"" raises to 367",2026-08-29T06:58:38.438Z,178798671843800
"""DK @ 6AN-TeA3Jk"" folds",2026-08-29T06:58:33.765Z,178798671376500
"""Wizard of Ball @ L0mhqQt-8H"" raises to 180",2026-08-29T06:58:32.526Z,178798671252600
"""gurt @ gpP9uUffpu"" folds",2026-08-29T06:58:29.090Z,178798670909000
"""Henry @ FQN9hzhzP_"" bets 67",2026-08-29T06:58:27.300Z,178798670730000
"Flop:  [2♠, 8♥, 7♥]",2026-08-29T06:58:22.567Z,178798670256700
"""gurt @ gpP9uUffpu"" calls 30",2026-08-29T06:58:21.761Z,178798670176100
"""Henry @ FQN9hzhzP_"" calls 30",2026-08-29T06:58:20.820Z,178798670082000
"""DK @ 6AN-TeA3Jk"" calls 30",2026-08-29T06:58:18.821Z,178798669882100
"""Wizard of Ball @ L0mhqQt-8H"" raises to 30",2026-08-29T06:58:09.626Z,178798668962600
"""gurt @ gpP9uUffpu"" posts a big blind of 10",2026-08-29T06:58:05.657Z,178798668565707
"""Henry @ FQN9hzhzP_"" posts a small blind of 5",2026-08-29T06:58:05.657Z,178798668565706
"Player stacks: #1 ""Henry @ FQN9hzhzP_"" (2831) | #2 ""gurt @ gpP9uUffpu"" (3068) | #9 ""Wizard of Ball @ L0mhqQt-8H"" (2788) | #10 ""DK @ 6AN-TeA3Jk"" (1313)",2026-08-29T06:58:05.657Z,178798668565701
"-- starting hand #92 (id: udqjgziy7olo)  No Limit Texas Hold'em (dealer: ""DK @ 6AN-TeA3Jk"") --",2026-08-29T06:58:05.657Z,178798668565700
"-- ending hand #91 --",2026-08-29T06:57:59.566Z,178798667956602
"""Henry @ FQN9hzhzP_"" collected 1708 from pot with Two Pair, A's & J's (combination: K♠, J♥, J♦, A♠, A♣)",2026-08-29T06:57:59.566Z,178798667956601
"""Henry @ FQN9hzhzP_"" shows a J♥, A♠.",2026-08-29T06:57:59.566Z,178798667956600
"""DK @ 6AN-TeA3Jk"" calls 367",2026-08-29T06:57:58.724Z,178798667872400
"""Henry @ FQN9hzhzP_"" bets 367",2026-08-29T06:57:34.048Z,178798665404800
"""DK @ 6AN-TeA3Jk"" checks",2026-08-29T06:57:30.598Z,178798665059800
"River: J♦, K♠, 5♦, A♣ [2♠]",2026-08-29T06:57:28.219Z,178798664821900
"""DK @ 6AN-TeA3Jk"" calls 367",2026-08-29T06:57:27.402Z,178798664740200
"""Henry @ FQN9hzhzP_"" raises to 367",2026-08-29T06:57:24.867Z,178798664486700
"""DK @ 6AN-TeA3Jk"" raises to 167",2026-08-29T06:57:22.111Z,178798664211100
"""Henry @ FQN9hzhzP_"" bets 67",2026-08-29T06:57:18.034Z,178798663803400
"""DK @ 6AN-TeA3Jk"" checks",2026-08-29T06:57:14.007Z,178798663400700
"Turn: J♦, K♠, 5♦ [A♣]",2026-08-29T06:57:11.728Z,178798663172800
"""Henry @ FQN9hzhzP_"" checks",2026-08-29T06:57:10.910Z,178798663091000
"""DK @ 6AN-TeA3Jk"" checks",2026-08-29T06:57:09.321Z,178798662932100
"Flop:  [J♦, K♠, 5♦]",2026-08-29T06:57:06.525Z,178798662652500
"""DK @ 6AN-TeA3Jk"" calls 120",2026-08-29T06:57:05.642Z,178798662564200
"""Henry @ FQN9hzhzP_"" raises to 120",2026-08-29T06:57:04.511Z,178798662451100
"""DK @ 6AN-TeA3Jk"" raises to 60",2026-08-29T06:57:01.705Z,178798662170500
"""Wizard of Ball @ L0mhqQt-8H"" folds",2026-08-29T06:56:57.600Z,178798661760000
"""gurt @ gpP9uUffpu"" folds",2026-08-29T06:56:56.586Z,178798661658600
"""Henry @ FQN9hzhzP_"" posts a big blind of 10",2026-08-29T06:56:55.672Z,178798661567207
"""DK @ 6AN-TeA3Jk"" posts a small blind of 5",2026-08-29T06:56:55.672Z,178798661567206
"Player stacks: #1 ""Henry @ FQN9hzhzP_"" (1977) | #2 ""gurt @ gpP9uUffpu"" (3068) | #9 ""Wizard of Ball @ L0mhqQt-8H"" (2788) | #10 ""DK @ 6AN-TeA3Jk"" (2167)",2026-08-29T06:56:55.672Z,178798661567201
"-- starting hand #91 (id: a0rv2jtt2ibi)  No Limit Texas Hold'em (dealer: ""Wizard of Ball @ L0mhqQt-8H"") --",2026-08-29T06:56:55.672Z,178798661567200
"""Henry @ FQN9hzhzP_"" shows a 3♥, 3♦.",2026-08-29T06:56:50.336Z,178798661033600
"Undealt cards: 9♦, 9♥, 2♥, 7♠ [8♦]",2026-08-29T06:56:50.013Z,178798661001300
"-- ending hand #90 --",2026-08-29T06:56:49.061Z,178798660906102
"""Henry @ FQN9hzhzP_"" collected 340 from pot",2026-08-29T06:56:49.061Z,178798660906101
"Uncalled bet of 167 returned to ""Henry @ FQN9hzhzP_""",2026-08-29T06:56:49.061Z,178798660906100
"""gurt @ gpP9uUffpu"" folds",2026-08-29T06:56:48.145Z,178798660814500
"""Henry @ FQN9hzhzP_"" bets 167",2026-08-29T06:56:45.614Z,178798660561400
"Turn: 9♦, 9♥, 2♥ [7♠]",2026-08-29T06:56:42.856Z,178798660285600
"""DK @ 6AN-TeA3Jk"" folds",2026-08-29T06:56:41.954Z,178798660195400
"""gurt @ gpP9uUffpu"" calls 67",2026-08-29T06:56:37.665Z,178798659766500
"""Henry @ FQN9hzhzP_"" bets 67",2026-08-29T06:56:36.492Z,178798659649200
"""DK @ 6AN-TeA3Jk"" checks",2026-08-29T06:56:33.506Z,178798659350600
"Flop:  [9♦, 9♥, 2♥]",2026-08-29T06:56:31.449Z,178798659144900
"""DK @ 6AN-TeA3Jk"" calls 67",2026-08-29T06:56:30.582Z,178798659058200
"""Wizard of Ball @ L0mhqQt-8H"" folds",2026-08-29T06:56:28.711Z,178798658871100
"""gurt @ gpP9uUffpu"" calls 67",2026-08-29T06:56:27.514Z,178798658751400
"""Henry @ FQN9hzhzP_"" raises to 67",2026-08-29T06:56:26.360Z,178798658636000
"""DK @ 6AN-TeA3Jk"" posts a big blind of 10",2026-08-29T06:56:17.470Z,178798657747007
"""Wizard of Ball @ L0mhqQt-8H"" posts a small blind of 5",2026-08-29T06:56:17.470Z,178798657747006
"Player stacks: #1 ""Henry @ FQN9hzhzP_"" (1771) | #2 ""gurt @ gpP9uUffpu"" (3202) | #9 ""Wizard of Ball @ L0mhqQt-8H"" (2793) | #10 ""DK @ 6AN-TeA3Jk"" (2234)",2026-08-29T06:56:17.470Z,178798657747001
"-- starting hand #90 (id: 6lkub9mspy3d)  No Limit Texas Hold'em (dealer: ""gurt @ gpP9uUffpu"") --",2026-08-29T06:56:17.470Z,178798657747000
"-- ending hand #89 --",2026-08-29T06:56:11.397Z,178798657139703
"""Henry @ FQN9hzhzP_"" collected 786 from pot with Pair, 6's (combination: 7♠, 9♠, Q♠, 6♦, 6♣)",2026-08-29T06:56:11.397Z,178798657139702
"""Henry @ FQN9hzhzP_"" shows a Q♠, 6♦.",2026-08-29T06:56:11.397Z,178798657139701
"""DK @ 6AN-TeA3Jk"" shows a K♦, J♠.",2026-08-29T06:56:11.397Z,178798657139700
"""Henry @ FQN9hzhzP_"" checks",2026-08-29T06:56:10.551Z,178798657055100
"""DK @ 6AN-TeA3Jk"" checks",2026-08-29T06:56:08.817Z,178798656881700
"River: 9♠, 6♣, 7♠, 4♠ [5♥]",2026-08-29T06:56:05.462Z,178798656546200
"""DK @ 6AN-TeA3Jk"" calls 167",2026-08-29T06:56:04.648Z,178798656464800
"""Henry @ FQN9hzhzP_"" bets 167",2026-08-29T06:56:03.140Z,178798656314000
"""DK @ 6AN-TeA3Jk"" checks",2026-08-29T06:56:00.676Z,178798656067600
"Turn: 9♠, 6♣, 7♠ [4♠]",2026-08-29T06:55:58.567Z,178798655856700
"""DK @ 6AN-TeA3Jk"" calls 126",2026-08-29T06:55:57.682Z,178798655768200
"""Wizard of Ball @ L0mhqQt-8H"" folds",2026-08-29T06:55:56.350Z,178798655635000
"""Henry @ FQN9hzhzP_"" bets 126",2026-08-29T06:55:54.155Z,178798655415500
"""DK @ 6AN-TeA3Jk"" checks",2026-08-29T06:55:49.932Z,178798654993200
"""Wizard of Ball @ L0mhqQt-8H"" checks",2026-08-29T06:55:48.527Z,178798654852700
"Flop:  [9♠, 6♣, 7♠]",2026-08-29T06:55:46.444Z,178798654644400
"""Wizard of Ball @ L0mhqQt-8H"" calls 65",2026-08-29T06:55:45.624Z,178798654562400
"""gurt @ gpP9uUffpu"" folds",2026-08-29T06:55:43.874Z,178798654387400
"""Henry @ FQN9hzhzP_"" calls 65",2026-08-29T06:55:42.720Z,178798654272000
"""DK @ 6AN-TeA3Jk"" raises to 65",2026-08-29T06:55:39.426Z,178798653942600
"""Wizard of Ball @ L0mhqQt-8H"" posts a big blind of 10",2026-08-29T06:55:33.857Z,178798653385707
"""gurt @ gpP9uUffpu"" posts a small blind of 5",2026-08-29T06:55:33.857Z,178798653385706
"Player stacks: #1 ""Henry @ FQN9hzhzP_"" (1343) | #2 ""gurt @ gpP9uUffpu"" (3207) | #9 ""Wizard of Ball @ L0mhqQt-8H"" (2858) | #10 ""DK @ 6AN-TeA3Jk"" (2592)",2026-08-29T06:55:33.857Z,178798653385701
"-- starting hand #89 (id: dpql3o4qlioq)  No Limit Texas Hold'em (dealer: ""Henry @ FQN9hzhzP_"") --",2026-08-29T06:55:33.857Z,178798653385700
"-- ending hand #88 --",2026-08-29T06:55:27.851Z,178798652785103
"""Wizard of Ball @ L0mhqQt-8H"" collected 506 from pot with Two Pair, Q's & 9's (combination: K♣, 9♥, 9♠, Q♠, Q♣)",2026-08-29T06:55:27.851Z,178798652785102
"""Wizard of Ball @ L0mhqQt-8H"" shows a Q♠, K♣.",2026-08-29T06:55:27.851Z,178798652785101
"""gurt @ gpP9uUffpu"" shows a Q♥, 7♥.",2026-08-29T06:55:27.851Z,178798652785100
"""Henry @ FQN9hzhzP_"" folds",2026-08-29T06:55:27.006Z,178798652700600
"""DK @ 6AN-TeA3Jk"" folds",2026-08-29T06:55:25.855Z,178798652585500
"""Wizard of Ball @ L0mhqQt-8H"" calls 150",2026-08-29T06:55:24.850Z,178798652485000
"""gurt @ gpP9uUffpu"" raises to 150",2026-08-29T06:55:22.830Z,178798652283000
"""Henry @ FQN9hzhzP_"" bets 46",2026-08-29T06:55:14.084Z,178798651408400
"River: 4♠, 9♥, 2♠, 9♠ [Q♣]",2026-08-29T06:55:10.386Z,178798651038600
"""DK @ 6AN-TeA3Jk"" calls 10",2026-08-29T06:55:09.557Z,178798650955700
"""Wizard of Ball @ L0mhqQt-8H"" calls 10",2026-08-29T06:55:08.567Z,178798650856700
"""gurt @ gpP9uUffpu"" calls 10",2026-08-29T06:55:07.218Z,178798650721800
"""Henry @ FQN9hzhzP_"" bets 10",2026-08-29T06:55:05.733Z,178798650573300
"Turn: 4♠, 9♥, 2♠ [9♠]",2026-08-29T06:55:03.948Z,178798650394800
"""DK @ 6AN-TeA3Jk"" checks",2026-08-29T06:55:03.136Z,178798650313600
"""Wizard of Ball @ L0mhqQt-8H"" checks",2026-08-29T06:55:02.016Z,178798650201600
"""gurt @ gpP9uUffpu"" checks",2026-08-29T06:54:56.337Z,178798649633700
"""Henry @ FQN9hzhzP_"" checks",2026-08-29T06:54:54.346Z,178798649434600
"Flop:  [4♠, 9♥, 2♠]",2026-08-29T06:54:48.883Z,178798648888300
"""gurt @ gpP9uUffpu"" calls 30",2026-08-29T06:54:48.059Z,178798648805900
"""Henry @ FQN9hzhzP_"" calls 30",2026-08-29T06:54:32.834Z,178798647283400
"""DK @ 6AN-TeA3Jk"" calls 30",2026-08-29T06:54:30.798Z,178798647079800
"""Wizard of Ball @ L0mhqQt-8H"" raises to 30",2026-08-29T06:54:28.431Z,178798646843100
"""gurt @ gpP9uUffpu"" posts a big blind of 10",2026-08-29T06:54:24.464Z,178798646446407
"""Henry @ FQN9hzhzP_"" posts a small blind of 5",2026-08-29T06:54:24.464Z,178798646446406
"Your hand is Q♥, 7♥",2026-08-29T06:54:24.464Z,178798646446403
"Player stacks: #1 ""Henry @ FQN9hzhzP_"" (1429) | #2 ""gurt @ gpP9uUffpu"" (3397) | #9 ""Wizard of Ball @ L0mhqQt-8H"" (2542) | #10 ""DK @ 6AN-TeA3Jk"" (2632)",2026-08-29T06:54:24.464Z,178798646446401
"-- starting hand #88 (id: res1belcv5dz)  No Limit Texas Hold'em (dealer: ""DK @ 6AN-TeA3Jk"") --",2026-08-29T06:54:24.464Z,178798646446400
"-- ending hand #87 --",2026-08-29T06:54:18.418Z,178798645841803
"""gurt @ gpP9uUffpu"" collected 622 from pot with Two Pair, A's & 7's (combination: 9♣, 7♣, 7♠, A♠, A♣)",2026-08-29T06:54:18.418Z,178798645841802
"""gurt @ gpP9uUffpu"" shows a 5♠, A♠.",2026-08-29T06:54:18.418Z,178798645841801
"""Henry @ FQN9hzhzP_"" shows a K♦, 5♣.",2026-08-29T06:54:18.418Z,178798645841800
"""DK @ 6AN-TeA3Jk"" folds",2026-08-29T06:54:17.579Z,178798645757900
"""gurt @ gpP9uUffpu"" calls 167",2026-08-29T06:54:16.653Z,178798645665300
"""Henry @ FQN9hzhzP_"" bets 167",2026-08-29T06:54:13.679Z,178798645367900
"""DK @ 6AN-TeA3Jk"" checks",2026-08-29T06:54:08.960Z,178798644896000
"River: 7♣, 7♠, 8♦, 9♣ [A♣]",2026-08-29T06:54:05.260Z,178798644526000
"""DK @ 6AN-TeA3Jk"" calls 46",2026-08-29T06:54:04.446Z,178798644444600
"""gurt @ gpP9uUffpu"" calls 46",2026-08-29T06:54:03.346Z,178798644334600
"""Henry @ FQN9hzhzP_"" bets 46",2026-08-29T06:54:02.287Z,178798644228700
"""DK @ 6AN-TeA3Jk"" checks",2026-08-29T06:53:59.273Z,178798643927300
"Turn: 7♣, 7♠, 8♦ [9♣]",2026-08-29T06:53:55.478Z,178798643547800
"""gurt @ gpP9uUffpu"" checks",2026-08-29T06:53:54.619Z,178798643461900
"""Henry @ FQN9hzhzP_"" checks",2026-08-29T06:53:53.689Z,178798643368900
"""DK @ 6AN-TeA3Jk"" checks",2026-08-29T06:53:49.836Z,178798642983600
"Flop:  [7♣, 7♠, 8♦]",2026-08-29T06:53:48.121Z,178798642812100
"""Henry @ FQN9hzhzP_"" calls 50",2026-08-29T06:53:47.288Z,178798642728800
"""DK @ 6AN-TeA3Jk"" calls 50",2026-08-29T06:53:46.362Z,178798642636200
"""Wizard of Ball @ L0mhqQt-8H"" folds",2026-08-29T06:53:44.786Z,178798642478600
"""gurt @ gpP9uUffpu"" raises to 50",2026-08-29T06:53:41.865Z,178798642186500
"""Henry @ FQN9hzhzP_"" posts a big blind of 10",2026-08-29T06:53:39.869Z,178798641986907
"""DK @ 6AN-TeA3Jk"" posts a small blind of 5",2026-08-29T06:53:39.869Z,178798641986906
"Your hand is 5♠, A♠",2026-08-29T06:53:39.869Z,178798641986903
"Player stacks: #1 ""Henry @ FQN9hzhzP_"" (1692) | #2 ""gurt @ gpP9uUffpu"" (3038) | #9 ""Wizard of Ball @ L0mhqQt-8H"" (2542) | #10 ""DK @ 6AN-TeA3Jk"" (2728)",2026-08-29T06:53:39.869Z,178798641986901
"-- starting hand #87 (id: vdgbuu3v19a5)  No Limit Texas Hold'em (dealer: ""Wizard of Ball @ L0mhqQt-8H"") --",2026-08-29T06:53:39.869Z,178798641986900
"""Henry @ FQN9hzhzP_"" shows a 2♣.",2026-08-29T06:53:35.894Z,178798641589400
"-- ending hand #86 --",2026-08-29T06:53:33.313Z,178798641331302
"""gurt @ gpP9uUffpu"" collected 564 from pot with Three of a Kind, J's (combination: 7♣, K♠, J♠, J♥, J♣)",2026-08-29T06:53:33.313Z,178798641331301
"""gurt @ gpP9uUffpu"" shows a J♠, 6♥.",2026-08-29T06:53:33.313Z,178798641331300
"""Henry @ FQN9hzhzP_"" calls 188",2026-08-29T06:53:32.503Z,178798641250300
"""DK @ 6AN-TeA3Jk"" folds",2026-08-29T06:53:26.720Z,178798640672000
"""gurt @ gpP9uUffpu"" bets 188",2026-08-29T06:53:23.702Z,178798640370200
"""Henry @ FQN9hzhzP_"" checks",2026-08-29T06:53:18.554Z,178798639855400
"""DK @ 6AN-TeA3Jk"" checks",2026-08-29T06:53:17.494Z,178798639749400
"River: 7♣, J♥, J♣, 2♥ [K♠]",2026-08-29T06:53:14.686Z,178798639468600
"""Henry @ FQN9hzhzP_"" calls 51",2026-08-29T06:53:13.868Z,178798639386800
"""DK @ 6AN-TeA3Jk"" calls 51",2026-08-29T06:53:12.835Z,178798639283500
"""gurt @ gpP9uUffpu"" raises to 51",2026-08-29T06:53:11.722Z,178798639172200
"""Henry @ FQN9hzhzP_"" bets 17",2026-08-29T06:53:05.304Z,178798638530400
"""DK @ 6AN-TeA3Jk"" checks",2026-08-29T06:53:01.537Z,178798638153700
"Turn: 7♣, J♥, J♣ [2♥]",2026-08-29T06:52:58.186Z,178798637818600
"""gurt @ gpP9uUffpu"" checks",2026-08-29T06:52:57.360Z,178798637736000
"""Henry @ FQN9hzhzP_"" checks",2026-08-29T06:52:56.419Z,178798637641900
"""DK @ 6AN-TeA3Jk"" checks",2026-08-29T06:52:51.914Z,178798637191400
"Flop:  [7♣, J♥, J♣]",2026-08-29T06:52:44.986Z,178798636498600
"""DK @ 6AN-TeA3Jk"" checks",2026-08-29T06:52:44.182Z,178798636418200
"""Wizard of Ball @ L0mhqQt-8H"" folds",2026-08-29T06:52:41.787Z,178798636178700
"""gurt @ gpP9uUffpu"" calls 10",2026-08-29T06:52:40.856Z,178798636085600
"""Henry @ FQN9hzhzP_"" calls 10",2026-08-29T06:52:35.612Z,178798635561200
"""DK @ 6AN-TeA3Jk"" posts a big blind of 10",2026-08-29T06:52:32.958Z,178798635295807
"""Wizard of Ball @ L0mhqQt-8H"" posts a small blind of 5",2026-08-29T06:52:32.958Z,178798635295806
"Your hand is J♠, 6♥",2026-08-29T06:52:32.958Z,178798635295803
"Player stacks: #1 ""Henry @ FQN9hzhzP_"" (1941) | #2 ""gurt @ gpP9uUffpu"" (2723) | #9 ""Wizard of Ball @ L0mhqQt-8H"" (2547) | #10 ""DK @ 6AN-TeA3Jk"" (2789)",2026-08-29T06:52:32.958Z,178798635295801
"-- starting hand #86 (id: ruqsnao60n6m)  No Limit Texas Hold'em (dealer: ""gurt @ gpP9uUffpu"") --",2026-08-29T06:52:32.958Z,178798635295800
"Undealt cards: 7♠, 8♦, K♦, K♣ [6♠]",2026-08-29T06:52:30.778Z,178798635077800
"""Henry @ FQN9hzhzP_"" shows a 10♣.",2026-08-29T06:52:29.871Z,178798634987100
"""Wizard of Ball @ L0mhqQt-8H"" shows a A♠, 4♦.",2026-08-29T06:52:27.888Z,178798634788800
"""Henry @ FQN9hzhzP_"" shows a 2♠.",2026-08-29T06:52:27.873Z,178798634787300
"-- ending hand #85 --",2026-08-29T06:52:25.642Z,178798634564202
"""Wizard of Ball @ L0mhqQt-8H"" collected 994 from pot",2026-08-29T06:52:25.642Z,178798634564201
"Uncalled bet of 900 returned to ""Wizard of Ball @ L0mhqQt-8H""",2026-08-29T06:52:25.642Z,178798634564200
"""Henry @ FQN9hzhzP_"" folds",2026-08-29T06:52:24.828Z,178798634482800
"""Wizard of Ball @ L0mhqQt-8H"" bets 900",2026-08-29T06:52:23.713Z,178798634371300
"Turn: 7♠, 8♦, K♦ [K♣]",2026-08-29T06:52:18.546Z,178798633854600
"""Wizard of Ball @ L0mhqQt-8H"" calls 367",2026-08-29T06:52:17.684Z,178798633768400
"""Henry @ FQN9hzhzP_"" raises to 367",2026-08-29T06:52:13.292Z,178798633329200
"""DK @ 6AN-TeA3Jk"" folds",2026-08-29T06:52:08.873Z,178798632887300
"""Wizard of Ball @ L0mhqQt-8H"" bets 130",2026-08-29T06:52:07.769Z,178798632776900
"Flop:  [7♠, 8♦, K♦]",2026-08-29T06:52:02.835Z,178798632283500
"""gurt @ gpP9uUffpu"" folds",2026-08-29T06:52:01.993Z,178798632199300
"""Henry @ FQN9hzhzP_"" calls 80",2026-08-29T06:52:01.026Z,178798632102600
"""DK @ 6AN-TeA3Jk"" calls 80",2026-08-29T06:51:56.331Z,178798631633100
"""Wizard of Ball @ L0mhqQt-8H"" raises to 80",2026-08-29T06:51:54.293Z,178798631429300
"""gurt @ gpP9uUffpu"" calls 20",2026-08-29T06:51:51.368Z,178798631136800
"""Henry @ FQN9hzhzP_"" raises to 20",2026-08-29T06:51:50.307Z,178798631030700
"""DK @ 6AN-TeA3Jk"" calls 10",2026-08-29T06:51:44.242Z,178798630424200
"""Wizard of Ball @ L0mhqQt-8H"" posts a big blind of 10",2026-08-29T06:51:39.645Z,178798629964507
"""gurt @ gpP9uUffpu"" posts a small blind of 5",2026-08-29T06:51:39.645Z,178798629964506
"Player stacks: #1 ""Henry @ FQN9hzhzP_"" (2388) | #2 ""gurt @ gpP9uUffpu"" (2743) | #9 ""Wizard of Ball @ L0mhqQt-8H"" (2000) | #10 ""DK @ 6AN-TeA3Jk"" (2869)",2026-08-29T06:51:39.645Z,178798629964501
"-- starting hand #85 (id: b796fwzlgrvv)  No Limit Texas Hold'em (dealer: ""Henry @ FQN9hzhzP_"") --",2026-08-29T06:51:39.645Z,178798629964500
"""Henry @ FQN9hzhzP_"" shows a K♠.",2026-08-29T06:51:36.629Z,178798629662900
"""Henry @ FQN9hzhzP_"" shows a Q♣.",2026-08-29T06:51:35.594Z,178798629559400
"""gurt @ gpP9uUffpu"" shows a J♥.",2026-08-29T06:51:33.635Z,178798629363500
"""DK @ 6AN-TeA3Jk"" shows a 10♥.",2026-08-29T06:51:33.620Z,178798629362000
"Undealt cards: K♦, 8♥, 7♠ [9♠, 10♣]",2026-08-29T06:51:31.918Z,178798629191800
"-- ending hand #84 --",2026-08-29T06:51:31.640Z,178798629164002
"""Henry @ FQN9hzhzP_"" collected 144 from pot",2026-08-29T06:51:31.640Z,178798629164001
"Uncalled bet of 67 returned to ""Henry @ FQN9hzhzP_""",2026-08-29T06:51:31.640Z,178798629164000
"""DK @ 6AN-TeA3Jk"" folds",2026-08-29T06:51:30.827Z,178798629082700
"""Henry @ FQN9hzhzP_"" bets 67",2026-08-29T06:51:28.805Z,178798628880500
"Flop:  [K♦, 8♥, 7♠]",2026-08-29T06:51:25.302Z,178798628530200
"""DK @ 6AN-TeA3Jk"" calls 67",2026-08-29T06:51:24.416Z,178798628441600
"""gurt @ gpP9uUffpu"" folds",2026-08-29T06:51:23.212Z,178798628321200
"""Henry @ FQN9hzhzP_"" raises to 67",2026-08-29T06:51:21.863Z,178798628186300
"""DK @ 6AN-TeA3Jk"" calls 10",2026-08-29T06:51:18.820Z,178798627882000
"""Wizard of Ball @ L0mhqQt-8H"" folds",2026-08-29T06:51:16.739Z,178798627673900
"""gurt @ gpP9uUffpu"" posts a big blind of 10",2026-08-29T06:51:09.834Z,178798626983408
"""Henry @ FQN9hzhzP_"" posts a small blind of 5",2026-08-29T06:51:09.834Z,178798626983407
"Player stacks: #1 ""Henry @ FQN9hzhzP_"" (2311) | #2 ""gurt @ gpP9uUffpu"" (2753) | #9 ""Wizard of Ball @ L0mhqQt-8H"" (2000) | #10 ""DK @ 6AN-TeA3Jk"" (2936)",2026-08-29T06:51:09.834Z,178798626983402
"-- starting hand #84 (id: ssul7czrz5sy)  No Limit Texas Hold'em (dealer: ""DK @ 6AN-TeA3Jk"") --",2026-08-29T06:51:09.834Z,178798626983401
"The player ""Wizard of Ball @ L0mhqQt-8H"" joined the game with a stack of 2000.",2026-08-29T06:51:09.834Z,178798626983400
"-- ending hand #83 --",2026-08-29T06:51:03.788Z,178798626378804
"""DK @ 6AN-TeA3Jk"" collected 285 from pot with Pair, 6's (combination: 9♠, J♦, Q♠, 6♦, 6♥)",2026-08-29T06:51:03.788Z,178798626378803
"""DK @ 6AN-TeA3Jk"" shows a 6♦, 6♥.",2026-08-29T06:51:03.788Z,178798626378802
"""gurt @ gpP9uUffpu"" shows a K♦, 3♣.",2026-08-29T06:51:03.788Z,178798626378801
"""Henry @ FQN9hzhzP_"" shows a K♥, 3♠.",2026-08-29T06:51:03.788Z,178798626378800
"""DK @ 6AN-TeA3Jk"" calls 35",2026-08-29T06:51:02.913Z,178798626291300
"""gurt @ gpP9uUffpu"" calls 35",2026-08-29T06:50:59.688Z,178798625968800
"""Henry @ FQN9hzhzP_"" bets 35",2026-08-29T06:50:51.134Z,178798625113400
"""DK @ 6AN-TeA3Jk"" checks",2026-08-29T06:50:44.043Z,178798624404300
"River: Q♠, 5♦, 8♦, 9♠ [J♦]",2026-08-29T06:50:42.084Z,178798624208400
"""DK @ 6AN-TeA3Jk"" calls 10",2026-08-29T06:50:41.267Z,178798624126700
"""gurt @ gpP9uUffpu"" calls 10",2026-08-29T06:50:39.706Z,178798623970600
"""Henry @ FQN9hzhzP_"" bets 10",2026-08-29T06:50:36.812Z,178798623681200
"""DK @ 6AN-TeA3Jk"" checks",2026-08-29T06:50:35.315Z,178798623531500
"Turn: Q♠, 5♦, 8♦ [9♠]",2026-08-29T06:50:33.843Z,178798623384300
"""gurt @ gpP9uUffpu"" checks",2026-08-29T06:50:32.967Z,178798623296700
"""Henry @ FQN9hzhzP_"" checks",2026-08-29T06:50:32.066Z,178798623206600
"""DK @ 6AN-TeA3Jk"" checks",2026-08-29T06:50:23.989Z,178798622398900
"The admin approved the player ""Wizard of Ball @ L0mhqQt-8H"" participation with a stack of 2000.",2026-08-29T06:50:20.349Z,178798622034900
"Flop:  [Q♠, 5♦, 8♦]",2026-08-29T06:50:18.793Z,178798621879300
"""Henry @ FQN9hzhzP_"" calls 50",2026-08-29T06:50:17.979Z,178798621797900
"""DK @ 6AN-TeA3Jk"" calls 50",2026-08-29T06:50:16.791Z,178798621679100
"The player ""Wizard of Ball @ L0mhqQt-8H"" requested a seat.",2026-08-29T06:50:14.813Z,178798621481300
"""gurt @ gpP9uUffpu"" raises to 50",2026-08-29T06:50:13.493Z,178798621349300
"""Henry @ FQN9hzhzP_"" posts a big blind of 10",2026-08-29T06:50:10.789Z,178798621078906
"""DK @ 6AN-TeA3Jk"" posts a small blind of 5",2026-08-29T06:50:10.789Z,178798621078905
"Your hand is K♦, 3♣",2026-08-29T06:50:10.789Z,178798621078903
"Player stacks: #1 ""Henry @ FQN9hzhzP_"" (2406) | #2 ""gurt @ gpP9uUffpu"" (2848) | #10 ""DK @ 6AN-TeA3Jk"" (2746)",2026-08-29T06:50:10.789Z,178798621078901
"-- starting hand #83 (id: jmeoaokx8tkv)  No Limit Texas Hold'em (dealer: ""gurt @ gpP9uUffpu"") --",2026-08-29T06:50:10.789Z,178798621078900
"-- ending hand #82 --",2026-08-29T06:50:04.780Z,178798620478003
"""Henry @ FQN9hzhzP_"" collected 30 from pot with Two Pair, Q's & 9's (combination: K♠, 9♣, 9♥, Q♣, Q♠)",2026-08-29T06:50:04.780Z,178798620478002
"""Henry @ FQN9hzhzP_"" shows a 9♣, 10♥.",2026-08-29T06:50:04.780Z,178798620478001
"""gurt @ gpP9uUffpu"" shows a 10♣, 3♠.",2026-08-29T06:50:04.780Z,178798620478000
"""Henry @ FQN9hzhzP_"" checks",2026-08-29T06:50:03.887Z,178798620388700
"""DK @ 6AN-TeA3Jk"" folds",2026-08-29T06:50:02.962Z,178798620296200
"""gurt @ gpP9uUffpu"" checks",2026-08-29T06:50:01.681Z,178798620168100
"River: K♠, Q♣, 9♥, 8♣ [Q♠]",2026-08-29T06:49:59.075Z,178798619907500
"""Henry @ FQN9hzhzP_"" checks",2026-08-29T06:49:58.226Z,178798619822600
"""DK @ 6AN-TeA3Jk"" checks",2026-08-29T06:49:57.060Z,178798619706000
"""gurt @ gpP9uUffpu"" checks",2026-08-29T06:49:56.095Z,178798619609500
"Turn: K♠, Q♣, 9♥ [8♣]",2026-08-29T06:49:53.102Z,178798619310200
"""Henry @ FQN9hzhzP_"" checks",2026-08-29T06:49:52.274Z,178798619227400
"""DK @ 6AN-TeA3Jk"" checks",2026-08-29T06:49:49.965Z,178798618996500
"""gurt @ gpP9uUffpu"" checks",2026-08-29T06:49:48.019Z,178798618801900
"Flop:  [K♠, Q♣, 9♥]",2026-08-29T06:49:46.700Z,178798618670000
"""DK @ 6AN-TeA3Jk"" checks",2026-08-29T06:49:45.862Z,178798618586200
"""gurt @ gpP9uUffpu"" calls 10",2026-08-29T06:49:43.698Z,178798618369800
"""Henry @ FQN9hzhzP_"" calls 10",2026-08-29T06:49:41.602Z,178798618160200
"""DK @ 6AN-TeA3Jk"" posts a big blind of 10",2026-08-29T06:49:36.756Z,178798617675606
"""gurt @ gpP9uUffpu"" posts a small blind of 5",2026-08-29T06:49:36.756Z,178798617675605
"Your hand is 10♣, 3♠",2026-08-29T06:49:36.756Z,178798617675603
"Player stacks: #1 ""Henry @ FQN9hzhzP_"" (2386) | #2 ""gurt @ gpP9uUffpu"" (2858) | #10 ""DK @ 6AN-TeA3Jk"" (2756)",2026-08-29T06:49:36.756Z,178798617675601
"-- starting hand #82 (id: snkye8o7r7sv)  No Limit Texas Hold'em (dealer: ""Henry @ FQN9hzhzP_"") --",2026-08-29T06:49:36.756Z,178798617675600
"""DK @ 6AN-TeA3Jk"" shows a 6♥.",2026-08-29T06:49:32.629Z,178798617262900
"""DK @ 6AN-TeA3Jk"" shows a 4♠.",2026-08-29T06:49:32.462Z,178798617246200
"Undealt cards: 5♣, K♣, Q♥ [4♥, 9♥]",2026-08-29T06:49:30.736Z,178798617073600
"""Henry @ FQN9hzhzP_"" shows a 5♦, 7♥.",2026-08-29T06:49:30.270Z,178798617027000
"-- ending hand #81 --",2026-08-29T06:49:29.399Z,178798616939902
"""Henry @ FQN9hzhzP_"" collected 180 from pot",2026-08-29T06:49:29.399Z,178798616939901
"Uncalled bet of 75 returned to ""Henry @ FQN9hzhzP_""",2026-08-29T06:49:29.399Z,178798616939900
"""DK @ 6AN-TeA3Jk"" folds",2026-08-29T06:49:28.584Z,178798616858400
"""gurt @ gpP9uUffpu"" folds",2026-08-29T06:49:26.609Z,178798616660900
"""Henry @ FQN9hzhzP_"" bets 75",2026-08-29T06:49:18.016Z,178798615801600
"Flop:  [5♣, K♣, Q♥]",2026-08-29T06:49:08.530Z,178798614853000
"""Henry @ FQN9hzhzP_"" calls 60",2026-08-29T06:49:07.703Z,178798614770300
"""DK @ 6AN-TeA3Jk"" calls 60",2026-08-29T06:49:06.481Z,178798614648100
"""gurt @ gpP9uUffpu"" raises to 60",2026-08-29T06:49:03.860Z,178798614386000
"""Henry @ FQN9hzhzP_"" calls 10",2026-08-29T06:49:01.720Z,178798614172000
"""DK @ 6AN-TeA3Jk"" calls 10",2026-08-29T06:49:00.699Z,178798614069900
"""gurt @ gpP9uUffpu"" posts a big blind of 10",2026-08-29T06:48:59.079Z,178798613907906
"""Henry @ FQN9hzhzP_"" posts a small blind of 5",2026-08-29T06:48:59.079Z,178798613907905
"Player stacks: #1 ""Henry @ FQN9hzhzP_"" (2266) | #2 ""gurt @ gpP9uUffpu"" (2918) | #10 ""DK @ 6AN-TeA3Jk"" (2816)",2026-08-29T06:48:59.079Z,178798613907901
"-- starting hand #81 (id: wpz1ufixiekk)  No Limit Texas Hold'em (dealer: ""DK @ 6AN-TeA3Jk"") --",2026-08-29T06:48:59.079Z,178798613907900
"""gurt @ gpP9uUffpu"" shows a 5♥, 2♦.",2026-08-29T06:48:56.372Z,178798613637200
"""Henry @ FQN9hzhzP_"" shows a 10♣.",2026-08-29T06:48:55.286Z,178798613528600
"""DK @ 6AN-TeA3Jk"" shows a 3♥.",2026-08-29T06:48:53.617Z,178798613361700
"Undealt cards: 4♥, 4♣, J♠, 9♦ [6♠]",2026-08-29T06:48:51.555Z,178798613155500
"-- ending hand #80 --",2026-08-29T06:48:51.066Z,178798613106602
"""DK @ 6AN-TeA3Jk"" collected 120 from pot",2026-08-29T06:48:51.066Z,178798613106601
"Uncalled bet of 120 returned to ""DK @ 6AN-TeA3Jk""",2026-08-29T06:48:51.066Z,178798613106600
"""gurt @ gpP9uUffpu"" folds",2026-08-29T06:48:50.228Z,178798613022800
"""Henry @ FQN9hzhzP_"" folds",2026-08-29T06:48:46.272Z,178798612627200
"""DK @ 6AN-TeA3Jk"" bets 120",2026-08-29T06:48:39.165Z,178798611916500
"Turn: 4♥, 4♣, J♠ [9♦]",2026-08-29T06:48:35.052Z,178798611505200
"""gurt @ gpP9uUffpu"" checks",2026-08-29T06:48:34.152Z,178798611415200
"""Henry @ FQN9hzhzP_"" checks",2026-08-29T06:48:32.188Z,178798611218800
"""DK @ 6AN-TeA3Jk"" checks",2026-08-29T06:48:31.276Z,178798611127600
"Flop:  [4♥, 4♣, J♠]",2026-08-29T06:48:29.252Z,178798610925200
"""Henry @ FQN9hzhzP_"" calls 40",2026-08-29T06:48:28.389Z,178798610838900
"""DK @ 6AN-TeA3Jk"" calls 40",2026-08-29T06:48:27.480Z,178798610748000
"""gurt @ gpP9uUffpu"" raises to 40",2026-08-29T06:48:11.931Z,178798609193100
"""Henry @ FQN9hzhzP_"" posts a big blind of 10",2026-08-29T06:48:09.858Z,178798608985806
"""DK @ 6AN-TeA3Jk"" posts a small blind of 5",2026-08-29T06:48:09.858Z,178798608985805
"Your hand is 5♥, 2♦",2026-08-29T06:48:09.858Z,178798608985803
"Player stacks: #1 ""Henry @ FQN9hzhzP_"" (2306) | #2 ""gurt @ gpP9uUffpu"" (2958) | #10 ""DK @ 6AN-TeA3Jk"" (2736)",2026-08-29T06:48:09.858Z,178798608985801
"-- starting hand #80 (id: 5wh6jczj6kvj)  No Limit Texas Hold'em (dealer: ""gurt @ gpP9uUffpu"") --",2026-08-29T06:48:09.858Z,178798608985800
"""gurt @ gpP9uUffpu"" shows a 9♦, 4♥.",2026-08-29T06:48:04.628Z,178798608462800
"""Henry @ FQN9hzhzP_"" shows a Q♦, 2♣.",2026-08-29T06:48:04.533Z,178798608453300
"Undealt cards: 4♣, 8♣, Q♥, 9♠ [2♦]",2026-08-29T06:48:03.769Z,178798608376900
"-- ending hand #79 --",2026-08-29T06:48:02.483Z,178798608248302
"""DK @ 6AN-TeA3Jk"" collected 1888 from pot",2026-08-29T06:48:02.483Z,178798608248301
"Uncalled bet of 848 returned to ""DK @ 6AN-TeA3Jk""",2026-08-29T06:48:02.483Z,178798608248300
"""Henry @ FQN9hzhzP_"" folds",2026-08-29T06:48:01.589Z,178798608158900
"""DK @ 6AN-TeA3Jk"" bets 848 and go all in",2026-08-29T06:47:58.534Z,178798607853400
"Turn: 4♣, 8♣, Q♥ [9♠]",2026-08-29T06:47:51.170Z,178798607117000
"""Henry @ FQN9hzhzP_"" calls 839",2026-08-29T06:47:50.342Z,178798607034200
"""DK @ 6AN-TeA3Jk"" raises to 839",2026-08-29T06:47:22.190Z,178798604219000
"""Henry @ FQN9hzhzP_"" raises to 367",2026-08-29T06:47:17.441Z,178798603744100
"""DK @ 6AN-TeA3Jk"" bets 105",2026-08-29T06:47:14.966Z,178798603496600
"Flop:  [4♣, 8♣, Q♥]",2026-08-29T06:47:10.249Z,178798603024900
"""gurt @ gpP9uUffpu"" folds",2026-08-29T06:47:09.419Z,178798602941900
"""Henry @ FQN9hzhzP_"" calls 100",2026-08-29T06:47:08.477Z,178798602847700
"""DK @ 6AN-TeA3Jk"" raises to 100",2026-08-29T06:47:05.915Z,178798602591500
"""gurt @ gpP9uUffpu"" calls 10",2026-08-29T06:46:58.267Z,178798601826700
"""Henry @ FQN9hzhzP_"" calls 10",2026-08-29T06:46:57.248Z,178798601724800
"""DK @ 6AN-TeA3Jk"" posts a big blind of 10",2026-08-29T06:46:51.391Z,178798601139106
"""gurt @ gpP9uUffpu"" posts a small blind of 5",2026-08-29T06:46:51.391Z,178798601139105
"Your hand is 9♦, 4♥",2026-08-29T06:46:51.391Z,178798601139103
"Player stacks: #1 ""Henry @ FQN9hzhzP_"" (3245) | #2 ""gurt @ gpP9uUffpu"" (2968) | #10 ""DK @ 6AN-TeA3Jk"" (1787)",2026-08-29T06:46:51.391Z,178798601139101
"-- starting hand #79 (id: bpg27umcklps)  No Limit Texas Hold'em (dealer: ""Henry @ FQN9hzhzP_"") --",2026-08-29T06:46:51.391Z,178798601139100
"""Henry @ FQN9hzhzP_"" shows a 4♣.",2026-08-29T06:46:48.522Z,178798600852200
"-- ending hand #78 --",2026-08-29T06:46:47.761Z,178798600776102
"""DK @ 6AN-TeA3Jk"" collected 422 from pot",2026-08-29T06:46:47.761Z,178798600776101
"Uncalled bet of 422 returned to ""DK @ 6AN-TeA3Jk""",2026-08-29T06:46:47.761Z,178798600776100
"""Henry @ FQN9hzhzP_"" folds",2026-08-29T06:46:46.901Z,178798600690100
"""DK @ 6AN-TeA3Jk"" bets 422",2026-08-29T06:46:45.988Z,178798600598800
"""Henry @ FQN9hzhzP_"" checks",2026-08-29T06:46:41.751Z,178798600175100
"River: 3♣, 5♠, 6♥, J♥ [A♣]",2026-08-29T06:46:37.999Z,178798599799900
"""Henry @ FQN9hzhzP_"" calls 67",2026-08-29T06:46:37.183Z,178798599718300
"""DK @ 6AN-TeA3Jk"" raises to 67",2026-08-29T06:46:36.124Z,178798599612400
"""Henry @ FQN9hzhzP_"" bets 10",2026-08-29T06:46:32.164Z,178798599216400
"Turn: 3♣, 5♠, 6♥ [J♥]",2026-08-29T06:46:27.990Z,178798598799000
"""DK @ 6AN-TeA3Jk"" calls 72",2026-08-29T06:46:27.176Z,178798598717600
"""Henry @ FQN9hzhzP_"" bets 72",2026-08-29T06:46:20.688Z,178798598068800
"Flop:  [3♣, 5♠, 6♥]",2026-08-29T06:46:15.757Z,178798597575700
"""gurt @ gpP9uUffpu"" folds",2026-08-29T06:46:14.949Z,178798597494900
"""Henry @ FQN9hzhzP_"" calls 67",2026-08-29T06:46:14.046Z,178798597404600
"""DK @ 6AN-TeA3Jk"" raises to 67",2026-08-29T06:46:04.212Z,178798596421200
"""gurt @ gpP9uUffpu"" posts a big blind of 10",2026-08-29T06:45:58.863Z,178798595886306
"""Henry @ FQN9hzhzP_"" posts a small blind of 5",2026-08-29T06:45:58.863Z,178798595886305
"Player stacks: #1 ""Henry @ FQN9hzhzP_"" (3451) | #2 ""gurt @ gpP9uUffpu"" (2978) | #10 ""DK @ 6AN-TeA3Jk"" (1571)",2026-08-29T06:45:58.863Z,178798595886301
"-- starting hand #78 (id: bsp9hnqlhuku)  No Limit Texas Hold'em (dealer: ""DK @ 6AN-TeA3Jk"") --",2026-08-29T06:45:58.863Z,178798595886300
"""Henry @ FQN9hzhzP_"" shows a Q♦, 2♠.",2026-08-29T06:45:55.185Z,178798595518500
"Undealt cards:  [A♦, A♥, K♣, 7♦, K♥]",2026-08-29T06:45:54.343Z,178798595434300
"""DK @ 6AN-TeA3Jk"" shows a 6♠, 7♥.",2026-08-29T06:45:52.587Z,178798595258700
"-- ending hand #77 --",2026-08-29T06:45:51.544Z,178798595154402
"""DK @ 6AN-TeA3Jk"" collected 20 from pot",2026-08-29T06:45:51.544Z,178798595154401
"Uncalled bet of 57 returned to ""DK @ 6AN-TeA3Jk""",2026-08-29T06:45:51.544Z,178798595154400
"""Henry @ FQN9hzhzP_"" folds",2026-08-29T06:45:50.714Z,178798595071400
"""DK @ 6AN-TeA3Jk"" raises to 67",2026-08-29T06:45:49.182Z,178798594918200
"""gurt @ gpP9uUffpu"" folds",2026-08-29T06:45:43.776Z,178798594377600
"""Henry @ FQN9hzhzP_"" posts a big blind of 10",2026-08-29T06:45:42.657Z,178798594265706
"""DK @ 6AN-TeA3Jk"" posts a small blind of 5",2026-08-29T06:45:42.657Z,178798594265705
"Player stacks: #1 ""Henry @ FQN9hzhzP_"" (3461) | #2 ""gurt @ gpP9uUffpu"" (2978) | #10 ""DK @ 6AN-TeA3Jk"" (1561)",2026-08-29T06:45:42.657Z,178798594265701
"-- starting hand #77 (id: fpvipuvykxmv)  No Limit Texas Hold'em (dealer: ""gurt @ gpP9uUffpu"") --",2026-08-29T06:45:42.657Z,178798594265700
"""Henry @ FQN9hzhzP_"" shows a 8♦, 10♠.",2026-08-29T06:45:38.036Z,178798593803600
"-- ending hand #76 --",2026-08-29T06:45:36.057Z,178798593605702
"""DK @ 6AN-TeA3Jk"" collected 85 from pot with Two Pair, 9's & 4's (combination: K♠, 4♣, 4♦, 9♣, 9♦)",2026-08-29T06:45:36.057Z,178798593605701
"""DK @ 6AN-TeA3Jk"" shows a K♠, 10♣.",2026-08-29T06:45:36.057Z,178798593605700
"""Henry @ FQN9hzhzP_"" checks",2026-08-29T06:45:35.156Z,178798593515600
"""DK @ 6AN-TeA3Jk"" checks",2026-08-29T06:45:34.118Z,178798593411800
"River: 9♣, 9♦, 4♣, Q♥ [4♦]",2026-08-29T06:45:29.853Z,178798592985300
"""Henry @ FQN9hzhzP_"" checks",2026-08-29T06:45:28.911Z,178798592891100
"""DK @ 6AN-TeA3Jk"" checks",2026-08-29T06:45:26.487Z,178798592648700
"Turn: 9♣, 9♦, 4♣ [Q♥]",2026-08-29T06:45:25.063Z,178798592506300
"""Henry @ FQN9hzhzP_"" checks",2026-08-29T06:45:24.204Z,178798592420400
"""DK @ 6AN-TeA3Jk"" checks",2026-08-29T06:45:23.188Z,178798592318800
"Flop:  [9♣, 9♦, 4♣]",2026-08-29T06:45:21.435Z,178798592143500
"""Henry @ FQN9hzhzP_"" calls 40",2026-08-29T06:45:20.595Z,178798592059500
"""DK @ 6AN-TeA3Jk"" raises to 40",2026-08-29T06:45:18.973Z,178798591897300
"""gurt @ gpP9uUffpu"" folds",2026-08-29T06:45:12.668Z,178798591266800
"""Henry @ FQN9hzhzP_"" calls 10",2026-08-29T06:45:11.023Z,178798591102300
"""DK @ 6AN-TeA3Jk"" posts a big blind of 10",2026-08-29T06:44:57.710Z,178798589771006
"""gurt @ gpP9uUffpu"" posts a small blind of 5",2026-08-29T06:44:57.710Z,178798589771005
"Player stacks: #1 ""Henry @ FQN9hzhzP_"" (3501) | #2 ""gurt @ gpP9uUffpu"" (2983) | #10 ""DK @ 6AN-TeA3Jk"" (1516)",2026-08-29T06:44:57.710Z,178798589771001
"-- starting hand #76 (id: u3rzhjpndse4)  No Limit Texas Hold'em (dealer: ""Henry @ FQN9hzhzP_"") --",2026-08-29T06:44:57.710Z,178798589771000
"""gurt @ gpP9uUffpu"" shows a 2♠.",2026-08-29T06:44:53.434Z,178798589343400
"-- ending hand #75 --",2026-08-29T06:44:51.176Z,178798589117602
"""Henry @ FQN9hzhzP_"" collected 370 from pot with Pair, 5's (combination: 7♦, 8♣, 10♠, 5♦, 5♥)",2026-08-29T06:44:51.176Z,178798589117601
"""Henry @ FQN9hzhzP_"" shows a 6♥, 5♦.",2026-08-29T06:44:51.176Z,178798589117600
"""gurt @ gpP9uUffpu"" calls 67",2026-08-29T06:44:50.351Z,178798589035100
"""Henry @ FQN9hzhzP_"" bets 67",2026-08-29T06:44:49.421Z,178798588942100
"River: 8♣, 7♦, 2♣, 5♥ [10♠]",2026-08-29T06:44:47.061Z,178798588706100
"""gurt @ gpP9uUffpu"" calls 67",2026-08-29T06:44:46.194Z,178798588619400
"""Henry @ FQN9hzhzP_"" bets 67",2026-08-29T06:44:45.037Z,178798588503700
"Turn: 8♣, 7♦, 2♣ [5♥]",2026-08-29T06:44:41.855Z,178798588185500
"""DK @ 6AN-TeA3Jk"" folds",2026-08-29T06:44:40.979Z,178798588097900
"""gurt @ gpP9uUffpu"" calls 36",2026-08-29T06:44:39.523Z,178798587952300
"""Henry @ FQN9hzhzP_"" bets 36",2026-08-29T06:44:38.150Z,178798587815000
"Flop:  [8♣, 7♦, 2♣]",2026-08-29T06:44:31.894Z,178798587189400
"""gurt @ gpP9uUffpu"" checks",2026-08-29T06:44:31.053Z,178798587105300
"""Henry @ FQN9hzhzP_"" calls 10",2026-08-29T06:44:24.523Z,178798586452300
"""DK @ 6AN-TeA3Jk"" calls 10",2026-08-29T06:44:18.248Z,178798585824800
"""gurt @ gpP9uUffpu"" posts a big blind of 10",2026-08-29T06:44:15.686Z,178798585568606
"""Henry @ FQN9hzhzP_"" posts a small blind of 5",2026-08-29T06:44:15.686Z,178798585568605
"Player stacks: #1 ""Henry @ FQN9hzhzP_"" (3311) | #2 ""gurt @ gpP9uUffpu"" (3163) | #10 ""DK @ 6AN-TeA3Jk"" (1526)",2026-08-29T06:44:15.686Z,178798585568601
"-- starting hand #75 (id: vbwzkhzwni7i)  No Limit Texas Hold'em (dealer: ""DK @ 6AN-TeA3Jk"") --",2026-08-29T06:44:15.686Z,178798585568600
"""Henry @ FQN9hzhzP_"" shows a Q♥, K♥.",2026-08-29T06:44:12.645Z,178798585264500
"-- ending hand #74 --",2026-08-29T06:44:12.015Z,178798585201502
"""Henry @ FQN9hzhzP_"" collected 402 from pot",2026-08-29T06:44:12.015Z,178798585201501
"Uncalled bet of 201 returned to ""Henry @ FQN9hzhzP_""",2026-08-29T06:44:12.015Z,178798585201500
"""DK @ 6AN-TeA3Jk"" folds",2026-08-29T06:44:11.131Z,178798585113100
"""gurt @ gpP9uUffpu"" folds",2026-08-29T06:44:10.161Z,178798585016100
"""Henry @ FQN9hzhzP_"" bets 201",2026-08-29T06:44:02.570Z,178798584257000
"""DK @ 6AN-TeA3Jk"" checks",2026-08-29T06:43:59.082Z,178798583908200
"River: 7♥, 2♣, 3♠, 9♥ [7♣]",2026-08-29T06:43:52.975Z,178798583297500
"""DK @ 6AN-TeA3Jk"" calls 67",2026-08-29T06:43:52.112Z,178798583211200
"""gurt @ gpP9uUffpu"" calls 67",2026-08-29T06:43:50.265Z,178798583026500
"""Henry @ FQN9hzhzP_"" bets 67",2026-08-29T06:43:49.177Z,178798582917700
"""DK @ 6AN-TeA3Jk"" checks",2026-08-29T06:43:47.232Z,178798582723200
"Turn: 7♥, 2♣, 3♠ [9♥]",2026-08-29T06:43:41.990Z,178798582199000
"""gurt @ gpP9uUffpu"" checks",2026-08-29T06:43:41.169Z,178798582116900
"""Henry @ FQN9hzhzP_"" checks",2026-08-29T06:43:39.273Z,178798581927300
"""DK @ 6AN-TeA3Jk"" checks",2026-08-29T06:43:37.600Z,178798581760000
"Flop:  [7♥, 2♣, 3♠]",2026-08-29T06:43:34.853Z,178798581485300
"""DK @ 6AN-TeA3Jk"" calls 67",2026-08-29T06:43:34.023Z,178798581402300
"""gurt @ gpP9uUffpu"" calls 67",2026-08-29T06:43:32.778Z,178798581277800
"""Henry @ FQN9hzhzP_"" raises to 67",2026-08-29T06:43:30.227Z,178798581022700
"""DK @ 6AN-TeA3Jk"" calls 30",2026-08-29T06:43:27.271Z,178798580727100
"""gurt @ gpP9uUffpu"" raises to 30",2026-08-29T06:43:20.058Z,178798580005800
"""Henry @ FQN9hzhzP_"" posts a big blind of 10",2026-08-29T06:43:18.436Z,178798579843606
"""DK @ 6AN-TeA3Jk"" posts a small blind of 5",2026-08-29T06:43:18.436Z,178798579843605
"Player stacks: #1 ""Henry @ FQN9hzhzP_"" (3043) | #2 ""gurt @ gpP9uUffpu"" (3297) | #10 ""DK @ 6AN-TeA3Jk"" (1660)",2026-08-29T06:43:18.436Z,178798579843601
"-- starting hand #74 (id: 5klvvrxeshtq)  No Limit Texas Hold'em (dealer: ""gurt @ gpP9uUffpu"") --",2026-08-29T06:43:18.436Z,178798579843600
"""Henry @ FQN9hzhzP_"" shows a Q♠, 6♠.",2026-08-29T06:43:15.204Z,178798579520400
"""DK @ 6AN-TeA3Jk"" shows a A♠.",2026-08-29T06:43:14.199Z,178798579419900
"Undealt cards: 10♦, 10♥, 8♥, 3♣ [K♠]",2026-08-29T06:43:12.110Z,178798579211000
"-- ending hand #73 --",2026-08-29T06:43:11.104Z,178798579110402
"""gurt @ gpP9uUffpu"" collected 750 from pot",2026-08-29T06:43:11.104Z,178798579110401
"Uncalled bet of 180 returned to ""gurt @ gpP9uUffpu""",2026-08-29T06:43:11.104Z,178798579110400
"""Henry @ FQN9hzhzP_"" folds",2026-08-29T06:43:10.280Z,178798579028000
"""DK @ 6AN-TeA3Jk"" folds",2026-08-29T06:43:08.267Z,178798578826700
"""gurt @ gpP9uUffpu"" raises to 360",2026-08-29T06:43:07.248Z,178798578724800
"""Henry @ FQN9hzhzP_"" raises to 180",2026-08-29T06:43:00.199Z,178798578019900
"""DK @ 6AN-TeA3Jk"" calls 90",2026-08-29T06:42:55.975Z,178798577597500
"""gurt @ gpP9uUffpu"" bets 90",2026-08-29T06:42:53.993Z,178798577399300
"Turn: 10♦, 10♥, 8♥ [3♣]",2026-08-29T06:42:50.447Z,178798577044700
"""Henry @ FQN9hzhzP_"" checks",2026-08-29T06:42:49.622Z,178798576962200
"""DK @ 6AN-TeA3Jk"" checks",2026-08-29T06:42:47.301Z,178798576730100
"""gurt @ gpP9uUffpu"" checks",2026-08-29T06:42:44.784Z,178798576478400
"Flop:  [10♦, 10♥, 8♥]",2026-08-29T06:42:43.592Z,178798576359200
"""gurt @ gpP9uUffpu"" calls 100",2026-08-29T06:42:42.771Z,178798576277100
"""Henry @ FQN9hzhzP_"" calls 100",2026-08-29T06:42:41.865Z,178798576186500
"""DK @ 6AN-TeA3Jk"" raises to 100",2026-08-29T06:42:38.278Z,178798575827800
"""gurt @ gpP9uUffpu"" raises to 40",2026-08-29T06:42:34.131Z,178798575413100
"""Henry @ FQN9hzhzP_"" calls 10",2026-08-29T06:42:31.662Z,178798575166200
"""DK @ 6AN-TeA3Jk"" posts a big blind of 10",2026-08-29T06:42:28.663Z,178798574866306
"""gurt @ gpP9uUffpu"" posts a small blind of 5",2026-08-29T06:42:28.663Z,178798574866305
"Player stacks: #1 ""Henry @ FQN9hzhzP_"" (3323) | #2 ""gurt @ gpP9uUffpu"" (2827) | #10 ""DK @ 6AN-TeA3Jk"" (1850)",2026-08-29T06:42:28.663Z,178798574866301
"-- starting hand #73 (id: 7zxi9vy7myfa)  No Limit Texas Hold'em (dealer: ""Henry @ FQN9hzhzP_"") --",2026-08-29T06:42:28.663Z,178798574866300
"""Henry @ FQN9hzhzP_"" shows a 2♥.",2026-08-29T06:42:22.867Z,178798574286700
"-- ending hand #72 --",2026-08-29T06:42:22.123Z,178798574212302
"""gurt @ gpP9uUffpu"" collected 65 from pot with Straight, 7 High (combination: 3♦, 4♥, 5♦, 6♣, 7♣)",2026-08-29T06:42:22.123Z,178798574212301
"""gurt @ gpP9uUffpu"" shows a 7♣, 2♣.",2026-08-29T06:42:22.123Z,178798574212300
"""DK @ 6AN-TeA3Jk"" checks",2026-08-29T06:42:21.311Z,178798574131100
"""gurt @ gpP9uUffpu"" checks",2026-08-29T06:42:18.812Z,178798573881200
"River: J♣, 6♣, 4♥, 5♦ [3♦]",2026-08-29T06:42:17.172Z,178798573717200
"""DK @ 6AN-TeA3Jk"" checks",2026-08-29T06:42:16.344Z,178798573634400
"""gurt @ gpP9uUffpu"" checks",2026-08-29T06:42:15.105Z,178798573510500
"Turn: J♣, 6♣, 4♥ [5♦]",2026-08-29T06:42:07.751Z,178798572775100
"""DK @ 6AN-TeA3Jk"" checks",2026-08-29T06:42:06.908Z,178798572690800
"""gurt @ gpP9uUffpu"" checks",2026-08-29T06:42:04.894Z,178798572489400
"Flop:  [J♣, 6♣, 4♥]",2026-08-29T06:42:01.628Z,178798572162800
"""DK @ 6AN-TeA3Jk"" calls 30",2026-08-29T06:42:00.718Z,178798572071800
"""gurt @ gpP9uUffpu"" raises to 30",2026-08-29T06:41:59.448Z,178798571944800
"""Henry @ FQN9hzhzP_"" folds",2026-08-29T06:41:57.148Z,178798571714800
"""DK @ 6AN-TeA3Jk"" calls 10",2026-08-29T06:41:56.203Z,178798571620300
"""gurt @ gpP9uUffpu"" posts a big blind of 10",2026-08-29T06:41:53.849Z,178798571384906
"""Henry @ FQN9hzhzP_"" posts a small blind of 5",2026-08-29T06:41:53.849Z,178798571384905
"Your hand is 7♣, 2♣",2026-08-29T06:41:53.849Z,178798571384903
"Player stacks: #1 ""Henry @ FQN9hzhzP_"" (3328) | #2 ""gurt @ gpP9uUffpu"" (2792) | #10 ""DK @ 6AN-TeA3Jk"" (1880)",2026-08-29T06:41:53.849Z,178798571384901
"-- starting hand #72 (id: xp0aaakkiiqr)  No Limit Texas Hold'em (dealer: ""DK @ 6AN-TeA3Jk"") --",2026-08-29T06:41:53.849Z,178798571384900
"""gurt @ gpP9uUffpu"" shows a 3♦.",2026-08-29T06:41:51.966Z,178798571196600
"""Henry @ FQN9hzhzP_"" shows a 8♦.",2026-08-29T06:41:49.946Z,178798570994600
"-- ending hand #71 --",2026-08-29T06:41:49.493Z,178798570949302
"""gurt @ gpP9uUffpu"" collected 360 from pot",2026-08-29T06:41:49.493Z,178798570949301
"Uncalled bet of 120 returned to ""gurt @ gpP9uUffpu""",2026-08-29T06:41:49.493Z,178798570949300
"""Henry @ FQN9hzhzP_"" folds",2026-08-29T06:41:48.673Z,178798570867300
"""DK @ 6AN-TeA3Jk"" folds",2026-08-29T06:41:47.758Z,178798570775800
"""gurt @ gpP9uUffpu"" bets 120",2026-08-29T06:41:46.803Z,178798570680300
"""Henry @ FQN9hzhzP_"" checks",2026-08-29T06:41:41.536Z,178798570153600
"""DK @ 6AN-TeA3Jk"" checks",2026-08-29T06:41:40.320Z,178798570032000
"River: 3♣, 7♦, 10♥, 9♥ [7♠]",2026-08-29T06:41:37.998Z,178798569799800
"""Henry @ FQN9hzhzP_"" calls 90",2026-08-29T06:41:37.183Z,178798569718300
"""DK @ 6AN-TeA3Jk"" calls 90",2026-08-29T06:41:36.171Z,178798569617100
"""gurt @ gpP9uUffpu"" raises to 90",2026-08-29T06:41:34.204Z,178798569420400
"""Henry @ FQN9hzhzP_"" bets 13",2026-08-29T06:41:26.456Z,178798568645600
"""DK @ 6AN-TeA3Jk"" checks",2026-08-29T06:41:21.583Z,178798568158300
"Turn: 3♣, 7♦, 10♥ [9♥]",2026-08-29T06:41:19.366Z,178798567936600
"""gurt @ gpP9uUffpu"" checks",2026-08-29T06:41:18.550Z,178798567855000
"""Henry @ FQN9hzhzP_"" checks",2026-08-29T06:41:17.194Z,178798567719400
"""DK @ 6AN-TeA3Jk"" checks",2026-08-29T06:41:15.779Z,178798567577900
"Flop:  [3♣, 7♦, 10♥]",2026-08-29T06:41:11.560Z,178798567156000
"""Henry @ FQN9hzhzP_"" calls 30",2026-08-29T06:41:10.707Z,178798567070700
"""DK @ 6AN-TeA3Jk"" calls 30",2026-08-29T06:41:03.732Z,178798566373200
"""gurt @ gpP9uUffpu"" raises to 30",2026-08-29T06:40:53.355Z,178798565335500
"""Henry @ FQN9hzhzP_"" posts a big blind of 10",2026-08-29T06:40:51.871Z,178798565187107
"""DK @ 6AN-TeA3Jk"" posts a small blind of 5",2026-08-29T06:40:51.871Z,178798565187106
"Player stacks: #1 ""Henry @ FQN9hzhzP_"" (3448) | #2 ""gurt @ gpP9uUffpu"" (2552) | #10 ""DK @ 6AN-TeA3Jk"" (2000)",2026-08-29T06:40:51.871Z,178798565187102
"-- starting hand #71 (id: outwzyhjvbhp)  No Limit Texas Hold'em (dealer: ""gurt @ gpP9uUffpu"") --",2026-08-29T06:40:51.871Z,178798565187101
"The player ""DK @ 6AN-TeA3Jk"" joined the game with a stack of 2000.",2026-08-29T06:40:51.871Z,178798565187100
"""Henry @ FQN9hzhzP_"" shows a 8♠.",2026-08-29T06:40:49.868Z,178798564986800
"""Henry @ FQN9hzhzP_"" shows a 9♥.",2026-08-29T06:40:46.473Z,178798564647300
"Undealt cards: 9♠, 7♠, 3♥ [5♠, K♠]",2026-08-29T06:40:45.579Z,178798564557900
"-- ending hand #70 --",2026-08-29T06:40:45.267Z,178798564526702
"""Henry @ FQN9hzhzP_"" collected 80 from pot",2026-08-29T06:40:45.267Z,178798564526701
"Uncalled bet of 67 returned to ""Henry @ FQN9hzhzP_""",2026-08-29T06:40:45.267Z,178798564526700
"""gurt @ gpP9uUffpu"" folds",2026-08-29T06:40:44.456Z,178798564445600
"""Henry @ FQN9hzhzP_"" bets 67",2026-08-29T06:40:42.893Z,178798564289300
"""gurt @ gpP9uUffpu"" checks",2026-08-29T06:40:40.036Z,178798564003600
"Flop:  [9♠, 7♠, 3♥]",2026-08-29T06:40:38.311Z,178798563831100
"""Henry @ FQN9hzhzP_"" calls 40",2026-08-29T06:40:37.461Z,178798563746100
"""gurt @ gpP9uUffpu"" raises to 40",2026-08-29T06:40:24.469Z,178798562446900
"""Henry @ FQN9hzhzP_"" calls 10",2026-08-29T06:40:21.747Z,178798562174700
"The admin approved the player ""DK @ 6AN-TeA3Jk"" participation with a stack of 2000.",2026-08-29T06:40:13.807Z,178798561380700
"The player ""DK @ 6AN-TeA3Jk"" requested a seat.",2026-08-29T06:40:10.664Z,178798561066400
"""gurt @ gpP9uUffpu"" posts a big blind of 10",2026-08-29T06:40:04.567Z,178798560456706
"""Henry @ FQN9hzhzP_"" posts a small blind of 5",2026-08-29T06:40:04.567Z,178798560456705
"Player stacks: #1 ""Henry @ FQN9hzhzP_"" (3408) | #2 ""gurt @ gpP9uUffpu"" (2592)",2026-08-29T06:40:04.567Z,178798560456702
"-- starting hand #70 (id: yjlspgctjn4i)  No Limit Texas Hold'em (dealer: ""Henry @ FQN9hzhzP_"") --",2026-08-29T06:40:04.567Z,178798560456701
"The player ""DK @ 6AN-TeA3Jk"" quits the game with a stack of 0.",2026-08-29T06:40:04.567Z,178798560456700
"-- ending hand #69 --",2026-08-29T06:39:58.549Z,178798559854904
"""DK @ 6AN-TeA3Jk"" shows a 8♦, 5♣.",2026-08-29T06:39:58.549Z,178798559854903
"""Henry @ FQN9hzhzP_"" collected 1562 from pot with Straight, J High (combination: 7♠, 8♥, 9♦, 10♣, J♥)",2026-08-29T06:39:58.549Z,178798559854902
"""Henry @ FQN9hzhzP_"" shows a J♥, 9♦.",2026-08-29T06:39:58.549Z,178798559854901
"Uncalled bet of 1846 returned to ""Henry @ FQN9hzhzP_""",2026-08-29T06:39:58.549Z,178798559854900
"""DK @ 6AN-TeA3Jk"" calls 694 and go all in",2026-08-29T06:39:57.679Z,178798559767900
"""Henry @ FQN9hzhzP_"" raises to 2540 and go all in",2026-08-29T06:39:55.849Z,178798559584900
"""DK @ 6AN-TeA3Jk"" raises to 298",2026-08-29T06:39:52.219Z,178798559221900
"""Henry @ FQN9hzhzP_"" bets 67",2026-08-29T06:39:40.285Z,178798558028500
"River: 4♦, 7♠, 6♣, 10♣ [8♥]",2026-08-29T06:39:33.716Z,178798557371600
"""gurt @ gpP9uUffpu"" folds",2026-08-29T06:39:32.845Z,178798557284500
"""Henry @ FQN9hzhzP_"" calls 67",2026-08-29T06:39:31.494Z,178798557149400
"""DK @ 6AN-TeA3Jk"" raises to 67",2026-08-29T06:39:29.738Z,178798556973800
"""gurt @ gpP9uUffpu"" calls 10",2026-08-29T06:39:22.924Z,178798556292400
"""Henry @ FQN9hzhzP_"" bets 10",2026-08-29T06:39:21.974Z,178798556197400
"Turn: 4♦, 7♠, 6♣ [10♣]",2026-08-29T06:39:15.959Z,178798555595900
"""DK @ 6AN-TeA3Jk"" checks",2026-08-29T06:39:15.156Z,178798555515600
"""gurt @ gpP9uUffpu"" checks",2026-08-29T06:39:13.401Z,178798555340100
"""Henry @ FQN9hzhzP_"" checks",2026-08-29T06:39:11.014Z,178798555101400
"Flop:  [4♦, 7♠, 6♣]",2026-08-29T06:39:07.220Z,178798554722000
"""gurt @ gpP9uUffpu"" checks",2026-08-29T06:39:06.395Z,178798554639500
"""Henry @ FQN9hzhzP_"" calls 10",2026-08-29T06:39:05.493Z,178798554549300
"""DK @ 6AN-TeA3Jk"" calls 10",2026-08-29T06:39:03.622Z,178798554362200
"""gurt @ gpP9uUffpu"" posts a big blind of 10",2026-08-29T06:38:56.876Z,178798553687606
"""Henry @ FQN9hzhzP_"" posts a small blind of 5",2026-08-29T06:38:56.876Z,178798553687605
"Player stacks: #1 ""Henry @ FQN9hzhzP_"" (2617) | #2 ""gurt @ gpP9uUffpu"" (2612) | #10 ""DK @ 6AN-TeA3Jk"" (771)",2026-08-29T06:38:56.876Z,178798553687601
"-- starting hand #69 (id: zqw6irmwp3pa)  No Limit Texas Hold'em (dealer: ""DK @ 6AN-TeA3Jk"") --",2026-08-29T06:38:56.876Z,178798553687600
"-- ending hand #68 --",2026-08-29T06:38:48.868Z,178798552886802
"""Henry @ FQN9hzhzP_"" collected 2611 from pot with Pair, A's on the second run  (combination: 5♠, 8♥, J♠, A♣, A♦)",2026-08-29T06:38:48.868Z,178798552886801
"""gurt @ gpP9uUffpu"" collected 2612 from pot with Two Pair, 9's & 8's (combination: J♠, 8♠, 8♥, 9♠, 9♥)",2026-08-29T06:38:48.868Z,178798552886800
"River (second run): 8♥, 3♣, 5♠, J♠ [2♦]",2026-08-29T06:38:44.854Z,178798552485400
"River: 8♥, 3♣, 5♠, J♠ [9♥]",2026-08-29T06:38:40.838Z,178798552083800
"""Henry @ FQN9hzhzP_"" shows a A♣, A♦.",2026-08-29T06:38:36.782Z,178798551678201
"Uncalled bet of 6 returned to ""Henry @ FQN9hzhzP_""",2026-08-29T06:38:36.782Z,178798551678200
"""gurt @ gpP9uUffpu"" shows a 8♠, 9♠.",2026-08-29T06:38:36.389Z,178798551638900
"All players in hand choose to run it twice.",2026-08-29T06:38:35.885Z,178798551588501
"""Henry @ FQN9hzhzP_"" chooses to  run it twice.",2026-08-29T06:38:35.885Z,178798551588500
"""gurt @ gpP9uUffpu"" chooses to  run it twice.",2026-08-29T06:38:34.878Z,178798551487800
"Remaining players decide whether to run it twice.",2026-08-29T06:38:34.085Z,178798551408501
"""gurt @ gpP9uUffpu"" calls 2194 and go all in",2026-08-29T06:38:34.085Z,178798551408500
"""Henry @ FQN9hzhzP_"" bets 2200 and go all in",2026-08-29T06:38:06.349Z,178798548634900
"Turn: 8♥, 3♣, 5♠ [J♠]",2026-08-29T06:38:03.127Z,178798548312700
"""DK @ 6AN-TeA3Jk"" folds",2026-08-29T06:38:02.240Z,178798548224000
"""gurt @ gpP9uUffpu"" calls 167",2026-08-29T06:38:01.266Z,178798548126600
"""Henry @ FQN9hzhzP_"" bets 167",2026-08-29T06:37:44.551Z,178798546455100
"""DK @ 6AN-TeA3Jk"" checks",2026-08-29T06:37:42.245Z,178798546224500
"Flop:  [8♥, 3♣, 5♠]",2026-08-29T06:37:38.143Z,178798545814300
"""DK @ 6AN-TeA3Jk"" calls 167",2026-08-29T06:37:37.335Z,178798545733500
"""gurt @ gpP9uUffpu"" calls 167",2026-08-29T06:37:35.406Z,178798545540600
"""Henry @ FQN9hzhzP_"" raises to 167",2026-08-29T06:37:34.195Z,178798545419500
"""DK @ 6AN-TeA3Jk"" calls 40",2026-08-29T06:37:30.588Z,178798545058800
"""gurt @ gpP9uUffpu"" raises to 40",2026-08-29T06:37:19.814Z,178798543981400
"""Henry @ FQN9hzhzP_"" posts a big blind of 10",2026-08-29T06:37:17.177Z,178798543717706
"""DK @ 6AN-TeA3Jk"" posts a small blind of 5",2026-08-29T06:37:17.177Z,178798543717705
"Your hand is 8♠, 9♠",2026-08-29T06:37:17.177Z,178798543717703
"Player stacks: #1 ""Henry @ FQN9hzhzP_"" (2534) | #2 ""gurt @ gpP9uUffpu"" (2528) | #10 ""DK @ 6AN-TeA3Jk"" (938)",2026-08-29T06:37:17.177Z,178798543717701
"-- starting hand #68 (id: sraiagtnr0z6)  No Limit Texas Hold'em (dealer: ""gurt @ gpP9uUffpu"") --",2026-08-29T06:37:17.177Z,178798543717700
"-- ending hand #67 --",2026-08-29T06:37:11.173Z,178798543117302
"""Henry @ FQN9hzhzP_"" collected 49 from pot with Two Pair, A's & 8's (combination: Q♠, 8♣, 8♥, A♥, A♣)",2026-08-29T06:37:11.173Z,178798543117301
"""Henry @ FQN9hzhzP_"" shows a Q♠, A♥.",2026-08-29T06:37:11.173Z,178798543117300
"""DK @ 6AN-TeA3Jk"" calls 12",2026-08-29T06:37:10.360Z,178798543036000
"""Henry @ FQN9hzhzP_"" bets 12",2026-08-29T06:37:08.952Z,178798542895200
"""DK @ 6AN-TeA3Jk"" checks",2026-08-29T06:37:05.022Z,178798542502200
"River: 8♣, 6♦, A♣, 8♥ [9♦]",2026-08-29T06:37:01.725Z,178798542172500
"""Henry @ FQN9hzhzP_"" checks",2026-08-29T06:37:00.878Z,178798542087800
"""DK @ 6AN-TeA3Jk"" checks",2026-08-29T06:36:59.847Z,178798541984700
"Turn: 8♣, 6♦, A♣ [8♥]",2026-08-29T06:36:57.270Z,178798541727000
"""Henry @ FQN9hzhzP_"" checks",2026-08-29T06:36:56.401Z,178798541640100
"""DK @ 6AN-TeA3Jk"" checks",2026-08-29T06:36:53.394Z,178798541339400
"Flop:  [8♣, 6♦, A♣]",2026-08-29T06:36:51.070Z,178798541107000
"""DK @ 6AN-TeA3Jk"" checks",2026-08-29T06:36:50.229Z,178798541022900
"""gurt @ gpP9uUffpu"" folds",2026-08-29T06:36:48.327Z,178798540832700
"""Henry @ FQN9hzhzP_"" calls 10",2026-08-29T06:36:47.031Z,178798540703100
"""DK @ 6AN-TeA3Jk"" posts a big blind of 10",2026-08-29T06:36:40.059Z,178798540005906
"""gurt @ gpP9uUffpu"" posts a small blind of 5",2026-08-29T06:36:40.059Z,178798540005905
"Player stacks: #1 ""Henry @ FQN9hzhzP_"" (2507) | #2 ""gurt @ gpP9uUffpu"" (2533) | #10 ""DK @ 6AN-TeA3Jk"" (960)",2026-08-29T06:36:40.059Z,178798540005901
"-- starting hand #67 (id: x959jv1xcwzy)  No Limit Texas Hold'em (dealer: ""Henry @ FQN9hzhzP_"") --",2026-08-29T06:36:40.059Z,178798540005900
"""gurt @ gpP9uUffpu"" shows a 4♥, Q♣.",2026-08-29T06:36:37.721Z,178798539772100
"""DK @ 6AN-TeA3Jk"" shows a 2♠.",2026-08-29T06:36:36.457Z,178798539645700
"""DK @ 6AN-TeA3Jk"" shows a 6♠.",2026-08-29T06:36:36.294Z,178798539629400
"""Henry @ FQN9hzhzP_"" shows a 2♣, 7♣.",2026-08-29T06:36:33.085Z,178798539308500
"Undealt cards:  [2♦, 7♦, 9♣, 9♠, 4♣]",2026-08-29T06:36:32.592Z,178798539259200
"-- ending hand #66 --",2026-08-29T06:36:32.047Z,178798539204702
"""Henry @ FQN9hzhzP_"" collected 30 from pot",2026-08-29T06:36:32.047Z,178798539204701
"Uncalled bet of 62 returned to ""Henry @ FQN9hzhzP_""",2026-08-29T06:36:32.047Z,178798539204700
"""DK @ 6AN-TeA3Jk"" folds",2026-08-29T06:36:31.172Z,178798539117200
"""gurt @ gpP9uUffpu"" folds",2026-08-29T06:36:29.543Z,178798538954300
"""Henry @ FQN9hzhzP_"" raises to 72",2026-08-29T06:36:28.505Z,178798538850500
"""DK @ 6AN-TeA3Jk"" calls 10",2026-08-29T06:36:23.163Z,178798538316300
"""gurt @ gpP9uUffpu"" posts a big blind of 10",2026-08-29T06:36:19.643Z,178798537964306
"""Henry @ FQN9hzhzP_"" posts a small blind of 5",2026-08-29T06:36:19.643Z,178798537964305
"Your hand is 4♥, Q♣",2026-08-29T06:36:19.643Z,178798537964303
"Player stacks: #1 ""Henry @ FQN9hzhzP_"" (2487) | #2 ""gurt @ gpP9uUffpu"" (2543) | #10 ""DK @ 6AN-TeA3Jk"" (970)",2026-08-29T06:36:19.643Z,178798537964301
"-- starting hand #66 (id: b9ohiqut1mjr)  No Limit Texas Hold'em (dealer: ""DK @ 6AN-TeA3Jk"") --",2026-08-29T06:36:19.643Z,178798537964300
"""gurt @ gpP9uUffpu"" shows a 4♠, 3♠.",2026-08-29T06:36:15.088Z,178798537508800
"""DK @ 6AN-TeA3Jk"" shows a 3♥.",2026-08-29T06:36:14.603Z,178798537460300
"""DK @ 6AN-TeA3Jk"" shows a J♥.",2026-08-29T06:36:14.447Z,178798537444700
"""Henry @ FQN9hzhzP_"" shows a 4♦.",2026-08-29T06:36:12.327Z,178798537232700
"Undealt cards: 5♦, 9♦, A♦, Q♦ [5♥]",2026-08-29T06:36:11.920Z,178798537192000
"-- ending hand #65 --",2026-08-29T06:36:11.638Z,178798537163802
"""Henry @ FQN9hzhzP_"" collected 90 from pot",2026-08-29T06:36:11.638Z,178798537163801
"Uncalled bet of 36 returned to ""Henry @ FQN9hzhzP_""",2026-08-29T06:36:11.638Z,178798537163800
"""DK @ 6AN-TeA3Jk"" folds",2026-08-29T06:36:10.786Z,178798537078600
"""gurt @ gpP9uUffpu"" folds",2026-08-29T06:36:09.852Z,178798536985200
"""Henry @ FQN9hzhzP_"" bets 36",2026-08-29T06:36:08.926Z,178798536892600
"""DK @ 6AN-TeA3Jk"" checks",2026-08-29T06:36:06.006Z,178798536600600
"Turn: 5♦, 9♦, A♦ [Q♦]",2026-08-29T06:36:04.034Z,178798536403400
"""gurt @ gpP9uUffpu"" checks",2026-08-29T06:36:03.179Z,178798536317900
"""Henry @ FQN9hzhzP_"" checks",2026-08-29T06:36:01.895Z,178798536189500
"""DK @ 6AN-TeA3Jk"" checks",2026-08-29T06:35:59.422Z,178798535942200
"Flop:  [5♦, 9♦, A♦]",2026-08-29T06:35:57.276Z,178798535727600
"""Henry @ FQN9hzhzP_"" calls 30",2026-08-29T06:35:56.454Z,178798535645400
"""DK @ 6AN-TeA3Jk"" calls 30",2026-08-29T06:35:54.008Z,178798535400800
"""gurt @ gpP9uUffpu"" raises to 30",2026-08-29T06:35:49.040Z,178798534904000
"""Henry @ FQN9hzhzP_"" posts a big blind of 10",2026-08-29T06:35:46.870Z,178798534687007
"""DK @ 6AN-TeA3Jk"" posts a small blind of 5",2026-08-29T06:35:46.870Z,178798534687006
"Your hand is 4♠, 3♠",2026-08-29T06:35:46.870Z,178798534687004
"Player stacks: #1 ""Henry @ FQN9hzhzP_"" (2427) | #2 ""gurt @ gpP9uUffpu"" (2573) | #10 ""DK @ 6AN-TeA3Jk"" (1000)",2026-08-29T06:35:46.870Z,178798534687002
"-- starting hand #65 (id: uocetcjdurgg)  No Limit Texas Hold'em (dealer: ""gurt @ gpP9uUffpu"") --",2026-08-29T06:35:46.870Z,178798534687001
"The player ""DK @ 6AN-TeA3Jk"" joined the game with a stack of 1000.",2026-08-29T06:35:46.870Z,178798534687000
"""Henry @ FQN9hzhzP_"" shows a Q♥.",2026-08-29T06:35:44.596Z,178798534459600
"-- ending hand #64 --",2026-08-29T06:35:43.264Z,178798534326402
"""Henry @ FQN9hzhzP_"" collected 338 from pot",2026-08-29T06:35:43.264Z,178798534326401
"Uncalled bet of 67 returned to ""Henry @ FQN9hzhzP_""",2026-08-29T06:35:43.264Z,178798534326400
"""gurt @ gpP9uUffpu"" folds",2026-08-29T06:35:42.436Z,178798534243600
"""Henry @ FQN9hzhzP_"" bets 67",2026-08-29T06:35:40.739Z,178798534073900
"""gurt @ gpP9uUffpu"" checks",2026-08-29T06:35:38.662Z,178798533866200
"River: 3♦, 7♥, 9♠, K♥ [8♦]",2026-08-29T06:35:37.860Z,178798533786000
"""gurt @ gpP9uUffpu"" calls 67",2026-08-29T06:35:37.014Z,178798533701400
"""Henry @ FQN9hzhzP_"" bets 67",2026-08-29T06:35:36.079Z,178798533607900
"""gurt @ gpP9uUffpu"" checks",2026-08-29T06:35:33.383Z,178798533338300
"Turn: 3♦, 7♥, 9♠ [K♥]",2026-08-29T06:35:32.185Z,178798533218500
"""Henry @ FQN9hzhzP_"" checks",2026-08-29T06:35:31.356Z,178798533135600
"""gurt @ gpP9uUffpu"" checks",2026-08-29T06:35:30.418Z,178798533041800
"Flop:  [3♦, 7♥, 9♠]",2026-08-29T06:35:28.255Z,178798532825500
"""Henry @ FQN9hzhzP_"" calls 102",2026-08-29T06:35:27.388Z,178798532738800
"""gurt @ gpP9uUffpu"" raises to 102",2026-08-29T06:35:26.099Z,178798532609900
"""Henry @ FQN9hzhzP_"" raises to 36",2026-08-29T06:35:21.163Z,178798532116300
"The admin approved the player ""DK @ 6AN-TeA3Jk"" participation with a stack of 1000.",2026-08-29T06:35:20.357Z,178798532035700
"The player ""DK @ 6AN-TeA3Jk"" requested a seat.",2026-08-29T06:35:18.363Z,178798531836300
"""gurt @ gpP9uUffpu"" posts a big blind of 10",2026-08-29T06:35:13.078Z,178798531307806
"""Henry @ FQN9hzhzP_"" posts a small blind of 5",2026-08-29T06:35:13.078Z,178798531307805
"Player stacks: #1 ""Henry @ FQN9hzhzP_"" (2258) | #2 ""gurt @ gpP9uUffpu"" (2742)",2026-08-29T06:35:13.078Z,178798531307802
"-- starting hand #64 (id: ajp91nfalhmj)  No Limit Texas Hold'em (dealer: ""Henry @ FQN9hzhzP_"") --",2026-08-29T06:35:13.078Z,178798531307801
"The player ""DK @ 6AN-TeA3Jk"" quits the game with a stack of 0.",2026-08-29T06:35:13.078Z,178798531307800
"-- ending hand #63 --",2026-08-29T06:35:07.073Z,178798530707303
"""gurt @ gpP9uUffpu"" collected 105 from pot with Two Pair, 8's & 2's (combination: A♠, 2♠, 2♥, 8♠, 8♥)",2026-08-29T06:35:07.073Z,178798530707302
"""gurt @ gpP9uUffpu"" shows a 2♠, 8♠.",2026-08-29T06:35:07.073Z,178798530707301
"""Henry @ FQN9hzhzP_"" shows a 5♦, 3♥.",2026-08-29T06:35:07.073Z,178798530707300
"""gurt @ gpP9uUffpu"" checks",2026-08-29T06:35:06.231Z,178798530623100
"""Henry @ FQN9hzhzP_"" checks",2026-08-29T06:35:05.306Z,178798530530600
"River: 2♥, J♥, 8♥, 9♠ [A♠]",2026-08-29T06:35:03.535Z,178798530353500
"""gurt @ gpP9uUffpu"" checks",2026-08-29T06:35:02.697Z,178798530269700
"""Henry @ FQN9hzhzP_"" checks",2026-08-29T06:35:01.723Z,178798530172300
"Turn: 2♥, J♥, 8♥ [9♠]",2026-08-29T06:35:01.223Z,178798530122300
"""gurt @ gpP9uUffpu"" checks",2026-08-29T06:35:00.354Z,178798530035400
"""Henry @ FQN9hzhzP_"" checks",2026-08-29T06:34:59.305Z,178798529930500
"Flop:  [2♥, J♥, 8♥]",2026-08-29T06:34:56.893Z,178798529689300
"""gurt @ gpP9uUffpu"" calls 35",2026-08-29T06:34:56.028Z,178798529602800
"""Henry @ FQN9hzhzP_"" calls 35",2026-08-29T06:34:55.109Z,178798529510900
"""DK @ 6AN-TeA3Jk"" raises to 35 and go all in",2026-08-29T06:34:51.960Z,178798529196000
"""gurt @ gpP9uUffpu"" posts a big blind of 10",2026-08-29T06:34:44.134Z,178798528413406
"""Henry @ FQN9hzhzP_"" posts a small blind of 5",2026-08-29T06:34:44.134Z,178798528413405
"Your hand is 2♠, 8♠",2026-08-29T06:34:44.134Z,178798528413403
"Player stacks: #1 ""Henry @ FQN9hzhzP_"" (2293) | #2 ""gurt @ gpP9uUffpu"" (2672) | #7 ""DK @ 6AN-TeA3Jk"" (35)",2026-08-29T06:34:44.134Z,178798528413401
"-- starting hand #63 (id: j54o4azamrdq)  No Limit Texas Hold'em (dealer: ""DK @ 6AN-TeA3Jk"") --",2026-08-29T06:34:44.134Z,178798528413400
"-- ending hand #62 --",2026-08-29T06:34:38.080Z,178798527808004
"""gurt @ gpP9uUffpu"" collected 2672 from pot with Three of a Kind, 2's (combination: J♥, A♠, 2♦, 2♥, 2♣)",2026-08-29T06:34:38.080Z,178798527808003
"""gurt @ gpP9uUffpu"" shows a 2♦, 2♥.",2026-08-29T06:34:38.080Z,178798527808002
"""DK @ 6AN-TeA3Jk"" shows a 6♦, 4♦.",2026-08-29T06:34:38.080Z,178798527808001
"Uncalled bet of 35 returned to ""DK @ 6AN-TeA3Jk""",2026-08-29T06:34:38.080Z,178798527808000
"""gurt @ gpP9uUffpu"" calls 899 and go all in",2026-08-29T06:34:37.192Z,178798527719200
"""DK @ 6AN-TeA3Jk"" raises to 934 and go all in",2026-08-29T06:34:35.411Z,178798527541100
"""gurt @ gpP9uUffpu"" bets 200",2026-08-29T06:34:31.007Z,178798527100700
"""DK @ 6AN-TeA3Jk"" checks",2026-08-29T06:34:22.511Z,178798526251100
"River: 2♣, 8♦, A♠, J♥ [7♦]",2026-08-29T06:34:13.011Z,178798525301100
"""gurt @ gpP9uUffpu"" calls 262",2026-08-29T06:34:12.182Z,178798525218200
"""DK @ 6AN-TeA3Jk"" bets 262",2026-08-29T06:34:00.685Z,178798524068500
"Turn: 2♣, 8♦, A♠ [J♥]",2026-08-29T06:33:57.069Z,178798523706900
"""gurt @ gpP9uUffpu"" calls 145",2026-08-29T06:33:56.256Z,178798523625600
"""Henry @ FQN9hzhzP_"" folds",2026-08-29T06:33:45.757Z,178798522575700
"""DK @ 6AN-TeA3Jk"" raises to 145",2026-08-29T06:33:44.847Z,178798522484700
"""gurt @ gpP9uUffpu"" bets 40",2026-08-29T06:33:41.704Z,178798522170400
"""Henry @ FQN9hzhzP_"" checks",2026-08-29T06:33:39.267Z,178798521926700
"""DK @ 6AN-TeA3Jk"" checks",2026-08-29T06:33:37.458Z,178798521745800
"Flop:  [2♣, 8♦, A♠]",2026-08-29T06:33:35.649Z,178798521564900
"""gurt @ gpP9uUffpu"" calls 20",2026-08-29T06:33:34.841Z,178798521484100
"""Henry @ FQN9hzhzP_"" calls 20",2026-08-29T06:33:32.936Z,178798521293600
"""DK @ 6AN-TeA3Jk"" raises to 20",2026-08-29T06:33:30.419Z,178798521041900
"""gurt @ gpP9uUffpu"" calls 10",2026-08-29T06:33:27.591Z,178798520759100
"""Henry @ FQN9hzhzP_"" posts a big blind of 10",2026-08-29T06:33:25.782Z,178798520578206
"""DK @ 6AN-TeA3Jk"" posts a small blind of 5",2026-08-29T06:33:25.782Z,178798520578205
"Your hand is 2♦, 2♥",2026-08-29T06:33:25.782Z,178798520578203
"Player stacks: #1 ""Henry @ FQN9hzhzP_"" (2313) | #2 ""gurt @ gpP9uUffpu"" (1326) | #7 ""DK @ 6AN-TeA3Jk"" (1361)",2026-08-29T06:33:25.782Z,178798520578201
"-- starting hand #62 (id: gbj7oulj5twq)  No Limit Texas Hold'em (dealer: ""gurt @ gpP9uUffpu"") --",2026-08-29T06:33:25.782Z,178798520578200
"-- ending hand #61 --",2026-08-29T06:33:19.778Z,178798519977803
"""Henry @ FQN9hzhzP_"" collected 210 from pot with Pair, 6's (combination: J♥, Q♣, K♦, 6♦, 6♣)",2026-08-29T06:33:19.778Z,178798519977802
"""Henry @ FQN9hzhzP_"" shows a 9♦, 6♦.",2026-08-29T06:33:19.778Z,178798519977801
"""gurt @ gpP9uUffpu"" shows a 8♥, 10♣.",2026-08-29T06:33:19.778Z,178798519977800
"""Henry @ FQN9hzhzP_"" calls 60",2026-08-29T06:33:18.962Z,178798519896200
"""gurt @ gpP9uUffpu"" bets 60",2026-08-29T06:33:14.209Z,178798519420900
"River: 7♠, Q♣, K♦, J♥ [6♣]",2026-08-29T06:33:11.750Z,178798519175000
"""Henry @ FQN9hzhzP_"" checks",2026-08-29T06:33:10.915Z,178798519091500
"""gurt @ gpP9uUffpu"" checks",2026-08-29T06:33:09.716Z,178798518971600
"Turn: 7♠, Q♣, K♦ [J♥]",2026-08-29T06:33:08.349Z,178798518834900
"""Henry @ FQN9hzhzP_"" checks",2026-08-29T06:33:07.523Z,178798518752300
"""gurt @ gpP9uUffpu"" checks",2026-08-29T06:33:06.224Z,178798518622400
"Flop:  [7♠, Q♣, K♦]",2026-08-29T06:33:04.828Z,178798518482800
"""Henry @ FQN9hzhzP_"" calls 40",2026-08-29T06:33:04.026Z,178798518402600
"""DK @ 6AN-TeA3Jk"" folds",2026-08-29T06:33:02.870Z,178798518287000
"""gurt @ gpP9uUffpu"" raises to 40",2026-08-29T06:33:00.798Z,178798518079800
"""Henry @ FQN9hzhzP_"" calls 10",2026-08-29T06:32:57.909Z,178798517790900
"""DK @ 6AN-TeA3Jk"" posts a big blind of 10",2026-08-29T06:32:56.238Z,178798517623806
"""gurt @ gpP9uUffpu"" posts a small blind of 5",2026-08-29T06:32:56.238Z,178798517623805
"Your hand is 8♥, 10♣",2026-08-29T06:32:56.238Z,178798517623803
"Player stacks: #1 ""Henry @ FQN9hzhzP_"" (2203) | #2 ""gurt @ gpP9uUffpu"" (1426) | #7 ""DK @ 6AN-TeA3Jk"" (1371)",2026-08-29T06:32:56.238Z,178798517623801
"-- starting hand #61 (id: 0z9j7lngf1fm)  No Limit Texas Hold'em (dealer: ""Henry @ FQN9hzhzP_"") --",2026-08-29T06:32:56.238Z,178798517623800
"-- ending hand #60 --",2026-08-29T06:32:50.174Z,178798517017402
"""Henry @ FQN9hzhzP_"" collected 314 from pot with Two Pair, J's & 4's (combination: 10♠, 4♥, 4♠, J♣, J♠)",2026-08-29T06:32:50.174Z,178798517017401
"""Henry @ FQN9hzhzP_"" shows a J♣, 10♠.",2026-08-29T06:32:50.174Z,178798517017400
"""DK @ 6AN-TeA3Jk"" calls 67",2026-08-29T06:32:49.357Z,178798516935700
"""gurt @ gpP9uUffpu"" folds",2026-08-29T06:32:45.520Z,178798516552000
"""Henry @ FQN9hzhzP_"" bets 67",2026-08-29T06:32:41.104Z,178798516110400
"River: 4♥, 2♥, 4♠, J♠ [6♥]",2026-08-29T06:32:38.798Z,178798515879800
"""DK @ 6AN-TeA3Jk"" checks",2026-08-29T06:32:37.970Z,178798515797000
"""gurt @ gpP9uUffpu"" checks",2026-08-29T06:32:36.903Z,178798515690300
"""Henry @ FQN9hzhzP_"" checks",2026-08-29T06:32:33.340Z,178798515334000
"Turn: 4♥, 2♥, 4♠ [J♠]",2026-08-29T06:32:31.361Z,178798515136100
"""DK @ 6AN-TeA3Jk"" checks",2026-08-29T06:32:30.521Z,178798515052100
"""gurt @ gpP9uUffpu"" checks",2026-08-29T06:32:25.127Z,178798514512700
"""Henry @ FQN9hzhzP_"" checks",2026-08-29T06:32:23.379Z,178798514337900
"Flop:  [4♥, 2♥, 4♠]",2026-08-29T06:32:21.279Z,178798514127900
"""Henry @ FQN9hzhzP_"" calls 60",2026-08-29T06:32:20.436Z,178798514043600
"""DK @ 6AN-TeA3Jk"" calls 60",2026-08-29T06:32:19.047Z,178798513904700
"""gurt @ gpP9uUffpu"" raises to 60",2026-08-29T06:32:17.034Z,178798513703400
"""Henry @ FQN9hzhzP_"" calls 10",2026-08-29T06:32:12.499Z,178798513249900
"""DK @ 6AN-TeA3Jk"" calls 10",2026-08-29T06:32:06.154Z,178798512615400
"""gurt @ gpP9uUffpu"" posts a big blind of 10",2026-08-29T06:32:01.108Z,178798512110806
"""Henry @ FQN9hzhzP_"" posts a small blind of 5",2026-08-29T06:32:01.108Z,178798512110805
"Player stacks: #1 ""Henry @ FQN9hzhzP_"" (2016) | #2 ""gurt @ gpP9uUffpu"" (1486) | #7 ""DK @ 6AN-TeA3Jk"" (1498)",2026-08-29T06:32:01.108Z,178798512110801
"-- starting hand #60 (id: 9nv6uf3ytbt3)  No Limit Texas Hold'em (dealer: ""DK @ 6AN-TeA3Jk"") --",2026-08-29T06:32:01.108Z,178798512110800
"""Henry @ FQN9hzhzP_"" shows a 7♣, 7♠.",2026-08-29T06:31:59.506Z,178798511950600
"""gurt @ gpP9uUffpu"" shows a 10♥.",2026-08-29T06:31:57.444Z,178798511744400
"-- ending hand #59 --",2026-08-29T06:31:56.789Z,178798511678902
"""DK @ 6AN-TeA3Jk"" collected 250 from pot",2026-08-29T06:31:56.789Z,178798511678901
"Uncalled bet of 280 returned to ""DK @ 6AN-TeA3Jk""",2026-08-29T06:31:56.789Z,178798511678900
"""Henry @ FQN9hzhzP_"" folds",2026-08-29T06:31:55.932Z,178798511593200
"""DK @ 6AN-TeA3Jk"" bets 280",2026-08-29T06:31:54.491Z,178798511449100
"River: K♠, A♥, K♥, J♥ [5♥]",2026-08-29T06:31:45.285Z,178798510528500
"""Henry @ FQN9hzhzP_"" calls 75",2026-08-29T06:31:44.459Z,178798510445900
"""DK @ 6AN-TeA3Jk"" bets 75",2026-08-29T06:31:43.003Z,178798510300300
"Turn: K♠, A♥, K♥ [J♥]",2026-08-29T06:31:34.448Z,178798509444800
"""Henry @ FQN9hzhzP_"" checks",2026-08-29T06:31:33.612Z,178798509361200
"""DK @ 6AN-TeA3Jk"" checks",2026-08-29T06:31:32.413Z,178798509241300
"Flop:  [K♠, A♥, K♥]",2026-08-29T06:31:28.667Z,178798508866700
"""Henry @ FQN9hzhzP_"" calls 50",2026-08-29T06:31:27.842Z,178798508784200
"""DK @ 6AN-TeA3Jk"" raises to 50",2026-08-29T06:31:26.338Z,178798508633800
"""gurt @ gpP9uUffpu"" folds",2026-08-29T06:31:19.150Z,178798507915000
"""Henry @ FQN9hzhzP_"" posts a big blind of 10",2026-08-29T06:31:17.165Z,178798507716506
"""DK @ 6AN-TeA3Jk"" posts a small blind of 5",2026-08-29T06:31:17.165Z,178798507716505
"Player stacks: #1 ""Henry @ FQN9hzhzP_"" (2141) | #2 ""gurt @ gpP9uUffpu"" (1486) | #7 ""DK @ 6AN-TeA3Jk"" (1373)",2026-08-29T06:31:17.165Z,178798507716501
"-- starting hand #59 (id: cgvr2xibaqyr)  No Limit Texas Hold'em (dealer: ""gurt @ gpP9uUffpu"") --",2026-08-29T06:31:17.165Z,178798507716500
"""Henry @ FQN9hzhzP_"" shows a J♦, K♦.",2026-08-29T06:31:12.002Z,178798507200200
"-- ending hand #58 --",2026-08-29T06:31:10.577Z,178798507057702
"""DK @ 6AN-TeA3Jk"" collected 75 from pot with Pair, 2's (combination: 5♣, 8♦, Q♥, 2♣, 2♠)",2026-08-29T06:31:10.577Z,178798507057701
"""DK @ 6AN-TeA3Jk"" shows a 8♦, 2♣.",2026-08-29T06:31:10.577Z,178798507057700
"""Henry @ FQN9hzhzP_"" checks",2026-08-29T06:31:09.766Z,178798506976600
"""DK @ 6AN-TeA3Jk"" checks",2026-08-29T06:31:08.549Z,178798506854900
"River: 4♦, 2♠, Q♥, 5♣ [3♣]",2026-08-29T06:31:06.358Z,178798506635800
"""Henry @ FQN9hzhzP_"" calls 25",2026-08-29T06:31:05.457Z,178798506545700
"""DK @ 6AN-TeA3Jk"" bets 25",2026-08-29T06:31:04.451Z,178798506445100
"Turn: 4♦, 2♠, Q♥ [5♣]",2026-08-29T06:31:01.963Z,178798506196300
"""Henry @ FQN9hzhzP_"" checks",2026-08-29T06:31:01.084Z,178798506108400
"""DK @ 6AN-TeA3Jk"" checks",2026-08-29T06:30:58.709Z,178798505870900
"Flop:  [4♦, 2♠, Q♥]",2026-08-29T06:30:56.403Z,178798505640300
"""DK @ 6AN-TeA3Jk"" checks",2026-08-29T06:30:55.596Z,178798505559600
"""gurt @ gpP9uUffpu"" folds",2026-08-29T06:30:52.373Z,178798505237300
"""Henry @ FQN9hzhzP_"" calls 10",2026-08-29T06:30:21.495Z,178798502149500
"""DK @ 6AN-TeA3Jk"" posts a big blind of 10",2026-08-29T06:30:17.255Z,178798501725506
"""gurt @ gpP9uUffpu"" posts a small blind of 5",2026-08-29T06:30:17.255Z,178798501725505
"Player stacks: #1 ""Henry @ FQN9hzhzP_"" (2176) | #2 ""gurt @ gpP9uUffpu"" (1491) | #7 ""DK @ 6AN-TeA3Jk"" (1333)",2026-08-29T06:30:17.255Z,178798501725501
"-- starting hand #58 (id: ion5nr946ybo)  No Limit Texas Hold'em (dealer: ""Henry @ FQN9hzhzP_"") --",2026-08-29T06:30:17.255Z,178798501725500
"""Henry @ FQN9hzhzP_"" shows a K♠.",2026-08-29T06:30:12.890Z,178798501289000
"""DK @ 6AN-TeA3Jk"" shows a K♣.",2026-08-29T06:30:12.451Z,178798501245100
"""Henry @ FQN9hzhzP_"" shows a Q♠.",2026-08-29T06:30:10.881Z,178798501088100
"-- ending hand #57 --",2026-08-29T06:30:09.923Z,178798500992302
"""Henry @ FQN9hzhzP_"" collected 860 from pot",2026-08-29T06:30:09.923Z,178798500992301
"Uncalled bet of 430 returned to ""Henry @ FQN9hzhzP_""",2026-08-29T06:30:09.923Z,178798500992300
"""DK @ 6AN-TeA3Jk"" folds",2026-08-29T06:30:09.089Z,178798500908900
"""Henry @ FQN9hzhzP_"" bets 430",2026-08-29T06:30:02.112Z,178798500211200
"Flop:  [J♠, Q♦, 3♣]",2026-08-29T06:29:56.388Z,178798499638800
"""Henry @ FQN9hzhzP_"" calls 425",2026-08-29T06:29:55.577Z,178798499557700
"""DK @ 6AN-TeA3Jk"" raises to 425",2026-08-29T06:29:54.389Z,178798499438900
"""gurt @ gpP9uUffpu"" folds",2026-08-29T06:29:50.517Z,178798499051700
"""Henry @ FQN9hzhzP_"" raises to 167",2026-08-29T06:29:49.421Z,178798498942100
"""DK @ 6AN-TeA3Jk"" raises to 75",2026-08-29T06:29:45.830Z,178798498583000
"""gurt @ gpP9uUffpu"" posts a big blind of 10",2026-08-29T06:29:39.657Z,178798497965706
"""Henry @ FQN9hzhzP_"" posts a small blind of 5",2026-08-29T06:29:39.657Z,178798497965705
"Player stacks: #1 ""Henry @ FQN9hzhzP_"" (1741) | #2 ""gurt @ gpP9uUffpu"" (1501) | #7 ""DK @ 6AN-TeA3Jk"" (1758)",2026-08-29T06:29:39.657Z,178798497965701
"-- starting hand #57 (id: 6fojugcbvbm7)  No Limit Texas Hold'em (dealer: ""DK @ 6AN-TeA3Jk"") --",2026-08-29T06:29:39.657Z,178798497965700
"""Henry @ FQN9hzhzP_"" shows a 10♥.",2026-08-29T06:29:36.254Z,178798497625400
"Undealt cards: J♠, 10♦, J♣, 6♦ [Q♠]",2026-08-29T06:29:32.970Z,178798497297000
"""DK @ 6AN-TeA3Jk"" shows a 6♠.",2026-08-29T06:29:32.881Z,178798497288100
"-- ending hand #56 --",2026-08-29T06:29:32.271Z,178798497227102
"""Henry @ FQN9hzhzP_"" collected 1128 from pot",2026-08-29T06:29:32.271Z,178798497227101
"Uncalled bet of 613 returned to ""Henry @ FQN9hzhzP_""",2026-08-29T06:29:32.271Z,178798497227100
"""DK @ 6AN-TeA3Jk"" folds",2026-08-29T06:29:31.457Z,178798497145700
"""gurt @ gpP9uUffpu"" folds",2026-08-29T06:29:23.757Z,178798496375700
"""Henry @ FQN9hzhzP_"" raises to 962 and go all in",2026-08-29T06:29:22.822Z,178798496282200
"""DK @ 6AN-TeA3Jk"" raises to 349",2026-08-29T06:29:20.821Z,178798496082100
"""gurt @ gpP9uUffpu"" calls 67",2026-08-29T06:29:17.394Z,178798495739400
"""Henry @ FQN9hzhzP_"" bets 67",2026-08-29T06:29:15.869Z,178798495586900
"""DK @ 6AN-TeA3Jk"" checks",2026-08-29T06:29:13.320Z,178798495332000
"Turn: J♠, 10♦, J♣ [6♦]",2026-08-29T06:29:11.124Z,178798495112400
"""DK @ 6AN-TeA3Jk"" calls 36",2026-08-29T06:29:10.304Z,178798495030400
"""gurt @ gpP9uUffpu"" calls 36",2026-08-29T06:29:08.920Z,178798494892000
"""Henry @ FQN9hzhzP_"" bets 36",2026-08-29T06:29:08.010Z,178798494801000
"""DK @ 6AN-TeA3Jk"" checks",2026-08-29T06:29:04.688Z,178798494468800
"Flop:  [J♠, 10♦, J♣]",2026-08-29T06:29:02.133Z,178798494213300
"""gurt @ gpP9uUffpu"" calls 85",2026-08-29T06:29:01.298Z,178798494129800
"""Henry @ FQN9hzhzP_"" calls 85",2026-08-29T06:29:00.324Z,178798494032400
"""DK @ 6AN-TeA3Jk"" raises to 85",2026-08-29T06:28:58.767Z,178798493876700
"""gurt @ gpP9uUffpu"" raises to 40",2026-08-29T06:28:50.484Z,178798493048400
"""Henry @ FQN9hzhzP_"" posts a big blind of 10",2026-08-29T06:28:47.588Z,178798492758806
"""DK @ 6AN-TeA3Jk"" posts a small blind of 5",2026-08-29T06:28:47.588Z,178798492758805
"Player stacks: #1 ""Henry @ FQN9hzhzP_"" (1083) | #2 ""gurt @ gpP9uUffpu"" (1689) | #7 ""DK @ 6AN-TeA3Jk"" (2228)",2026-08-29T06:28:47.588Z,178798492758801
"-- starting hand #56 (id: 8zfdif5xmshk)  No Limit Texas Hold'em (dealer: ""gurt @ gpP9uUffpu"") --",2026-08-29T06:28:47.588Z,178798492758800
"""Henry @ FQN9hzhzP_"" shows a K♠, 5♦.",2026-08-29T06:28:43.741Z,178798492374100
"-- ending hand #55 --",2026-08-29T06:28:41.069Z,178798492106902
"""DK @ 6AN-TeA3Jk"" collected 224 from pot with Two Pair, A's & 3's (combination: 7♣, 3♣, 3♠, A♣, A♥)",2026-08-29T06:28:41.069Z,178798492106901
"""DK @ 6AN-TeA3Jk"" shows a A♣, 7♣.",2026-08-29T06:28:41.069Z,178798492106900
"""Henry @ FQN9hzhzP_"" checks",2026-08-29T06:28:40.254Z,178798492025400
"""DK @ 6AN-TeA3Jk"" checks",2026-08-29T06:28:39.108Z,178798491910800
"River: 3♣, 4♠, 3♠, 5♣ [A♥]",2026-08-29T06:28:37.292Z,178798491729200
"""DK @ 6AN-TeA3Jk"" calls 67",2026-08-29T06:28:36.487Z,178798491648700
"""Henry @ FQN9hzhzP_"" bets 67",2026-08-29T06:28:34.808Z,178798491480800
"""DK @ 6AN-TeA3Jk"" checks",2026-08-29T06:28:33.156Z,178798491315600
"Turn: 3♣, 4♠, 3♠ [5♣]",2026-08-29T06:28:29.368Z,178798490936800
"""Henry @ FQN9hzhzP_"" checks",2026-08-29T06:28:28.556Z,178798490855600
"""DK @ 6AN-TeA3Jk"" checks",2026-08-29T06:28:27.224Z,178798490722400
"Flop:  [3♣, 4♠, 3♠]",2026-08-29T06:28:24.878Z,178798490487800
"""gurt @ gpP9uUffpu"" folds",2026-08-29T06:28:24.061Z,178798490406100
"""Henry @ FQN9hzhzP_"" calls 40",2026-08-29T06:28:23.062Z,178798490306200
"""DK @ 6AN-TeA3Jk"" raises to 40",2026-08-29T06:28:22.079Z,178798490207900
"""gurt @ gpP9uUffpu"" calls 10",2026-08-29T06:28:16.260Z,178798489626000
"""Henry @ FQN9hzhzP_"" calls 10",2026-08-29T06:28:14.656Z,178798489465600
"""DK @ 6AN-TeA3Jk"" posts a big blind of 10",2026-08-29T06:28:12.155Z,178798489215506
"""gurt @ gpP9uUffpu"" posts a small blind of 5",2026-08-29T06:28:12.155Z,178798489215505
"Player stacks: #1 ""Henry @ FQN9hzhzP_"" (1190) | #2 ""gurt @ gpP9uUffpu"" (1699) | #7 ""DK @ 6AN-TeA3Jk"" (2111)",2026-08-29T06:28:12.155Z,178798489215501
"-- starting hand #55 (id: fgbo1vlsch62)  No Limit Texas Hold'em (dealer: ""Henry @ FQN9hzhzP_"") --",2026-08-29T06:28:12.155Z,178798489215500
"""Henry @ FQN9hzhzP_"" shows a 7♥, A♣.",2026-08-29T06:28:08.135Z,178798488813500
"""gurt @ gpP9uUffpu"" shows a 5♣.",2026-08-29T06:28:06.892Z,178798488689200
"-- ending hand #54 --",2026-08-29T06:28:05.150Z,178798488515002
"""DK @ 6AN-TeA3Jk"" collected 585 from pot with Three of a Kind, 9's (combination: 10♥, J♥, 9♥, 9♣, 9♦)",2026-08-29T06:28:05.150Z,178798488515001
"""DK @ 6AN-TeA3Jk"" shows a 9♥, 10♥.",2026-08-29T06:28:05.150Z,178798488515000
"""gurt @ gpP9uUffpu"" calls 195",2026-08-29T06:28:04.308Z,178798488430800
"""Henry @ FQN9hzhzP_"" folds",2026-08-29T06:28:03.398Z,178798488339800
"""DK @ 6AN-TeA3Jk"" bets 195",2026-08-29T06:28:00.832Z,178798488083200
"""gurt @ gpP9uUffpu"" checks",2026-08-29T06:27:53.666Z,178798487366600
"""Henry @ FQN9hzhzP_"" checks",2026-08-29T06:27:52.637Z,178798487263700
"River: J♥, 9♣, 9♦, 4♣ [5♦]",2026-08-29T06:27:49.854Z,178798486985400
"""DK @ 6AN-TeA3Jk"" checks",2026-08-29T06:27:49.051Z,178798486905100
"""gurt @ gpP9uUffpu"" checks",2026-08-29T06:27:45.739Z,178798486573900
"""Henry @ FQN9hzhzP_"" checks",2026-08-29T06:27:44.357Z,178798486435700
"Turn: J♥, 9♣, 9♦ [4♣]",2026-08-29T06:27:42.643Z,178798486264300
"""DK @ 6AN-TeA3Jk"" calls 10",2026-08-29T06:27:41.803Z,178798486180300
"""gurt @ gpP9uUffpu"" calls 10",2026-08-29T06:27:39.605Z,178798485960500
"""Henry @ FQN9hzhzP_"" bets 10",2026-08-29T06:27:38.186Z,178798485818600
"Flop:  [J♥, 9♣, 9♦]",2026-08-29T06:27:34.356Z,178798485435600
"""gurt @ gpP9uUffpu"" calls 55",2026-08-29T06:27:33.514Z,178798485351400
"""Henry @ FQN9hzhzP_"" calls 55",2026-08-29T06:27:32.574Z,178798485257400
"""DK @ 6AN-TeA3Jk"" raises to 55",2026-08-29T06:27:29.461Z,178798484946100
"""gurt @ gpP9uUffpu"" posts a big blind of 10",2026-08-29T06:27:24.413Z,178798484441306
"""Henry @ FQN9hzhzP_"" posts a small blind of 5",2026-08-29T06:27:24.413Z,178798484441305
"Player stacks: #1 ""Henry @ FQN9hzhzP_"" (1255) | #2 ""gurt @ gpP9uUffpu"" (1959) | #7 ""DK @ 6AN-TeA3Jk"" (1786)",2026-08-29T06:27:24.413Z,178798484441301
"-- starting hand #54 (id: uoqpa91iuhbq)  No Limit Texas Hold'em (dealer: ""DK @ 6AN-TeA3Jk"") --",2026-08-29T06:27:24.413Z,178798484441300
"""Henry @ FQN9hzhzP_"" shows a 8♦, J♦.",2026-08-29T06:27:20.268Z,178798484026800
"Undealt cards: J♣, 4♠, 8♠, 3♦ [8♥]",2026-08-29T06:27:18.213Z,178798483821300
"-- ending hand #53 --",2026-08-29T06:27:17.807Z,178798483780702
"""Henry @ FQN9hzhzP_"" collected 228 from pot",2026-08-29T06:27:17.807Z,178798483780701
"Uncalled bet of 167 returned to ""Henry @ FQN9hzhzP_""",2026-08-29T06:27:17.807Z,178798483780700
"""DK @ 6AN-TeA3Jk"" folds",2026-08-29T06:27:16.953Z,178798483695300
"""gurt @ gpP9uUffpu"" folds",2026-08-29T06:27:16.022Z,178798483602200
"""Henry @ FQN9hzhzP_"" bets 167",2026-08-29T06:27:15.107Z,178798483510700
"""DK @ 6AN-TeA3Jk"" checks",2026-08-29T06:27:11.569Z,178798483156900
"Turn: J♣, 4♠, 8♠ [3♦]",2026-08-29T06:27:08.200Z,178798482820000
"""DK @ 6AN-TeA3Jk"" calls 36",2026-08-29T06:27:07.358Z,178798482735800
"""gurt @ gpP9uUffpu"" calls 36",2026-08-29T06:27:06.085Z,178798482608500
"""Henry @ FQN9hzhzP_"" bets 36",2026-08-29T06:27:04.869Z,178798482486900
"""DK @ 6AN-TeA3Jk"" checks",2026-08-29T06:27:01.905Z,178798482190500
"Flop:  [J♣, 4♠, 8♠]",2026-08-29T06:26:57.602Z,178798481760200
"""Henry @ FQN9hzhzP_"" calls 40",2026-08-29T06:26:56.768Z,178798481676800
"""DK @ 6AN-TeA3Jk"" calls 40",2026-08-29T06:26:52.009Z,178798481200900
"""gurt @ gpP9uUffpu"" raises to 40",2026-08-29T06:26:50.902Z,178798481090200
"""Henry @ FQN9hzhzP_"" posts a big blind of 10",2026-08-29T06:26:49.481Z,178798480948106
"""DK @ 6AN-TeA3Jk"" posts a small blind of 5",2026-08-29T06:26:49.481Z,178798480948105
"Player stacks: #1 ""Henry @ FQN9hzhzP_"" (1103) | #2 ""gurt @ gpP9uUffpu"" (2035) | #7 ""DK @ 6AN-TeA3Jk"" (1862)",2026-08-29T06:26:49.481Z,178798480948101
"-- starting hand #53 (id: 8nnmlvftu6qn)  No Limit Texas Hold'em (dealer: ""gurt @ gpP9uUffpu"") --",2026-08-29T06:26:49.481Z,178798480948100
"""DK @ 6AN-TeA3Jk"" shows a Q♣.",2026-08-29T06:26:48.116Z,178798480811600
"""gurt @ gpP9uUffpu"" shows a 2♣, K♥.",2026-08-29T06:26:45.561Z,178798480556100
"-- ending hand #52 --",2026-08-29T06:26:42.473Z,178798480247302
"""Henry @ FQN9hzhzP_"" collected 374 from pot with Two Pair, J's & 3's (combination: A♥, 3♠, 3♦, J♠, J♥)",2026-08-29T06:26:42.473Z,178798480247301
"""Henry @ FQN9hzhzP_"" shows a 5♠, 3♠.",2026-08-29T06:26:42.473Z,178798480247300
"""DK @ 6AN-TeA3Jk"" calls 167",2026-08-29T06:26:41.617Z,178798480161700
"""gurt @ gpP9uUffpu"" folds",2026-08-29T06:26:21.648Z,178798478164800
"""Henry @ FQN9hzhzP_"" raises to 167",2026-08-29T06:26:20.598Z,178798478059800
"""DK @ 6AN-TeA3Jk"" raises to 40",2026-08-29T06:26:16.786Z,178798477678600
"""gurt @ gpP9uUffpu"" bets 10",2026-08-29T06:26:12.805Z,178798477280500
"River: 3♦, 6♥, A♥, J♠ [J♥]",2026-08-29T06:26:10.960Z,178798477096000
"""Henry @ FQN9hzhzP_"" checks",2026-08-29T06:26:10.151Z,178798477015100
"""DK @ 6AN-TeA3Jk"" checks",2026-08-29T06:26:09.170Z,178798476917000
"""gurt @ gpP9uUffpu"" checks",2026-08-29T06:26:08.094Z,178798476809400
"Turn: 3♦, 6♥, A♥ [J♠]",2026-08-29T06:26:07.154Z,178798476715400
"""Henry @ FQN9hzhzP_"" checks",2026-08-29T06:26:06.347Z,178798476634700
"""DK @ 6AN-TeA3Jk"" checks",2026-08-29T06:26:05.075Z,178798476507500
"""gurt @ gpP9uUffpu"" checks",2026-08-29T06:26:03.798Z,178798476379800
"Flop:  [3♦, 6♥, A♥]",2026-08-29T06:26:01.835Z,178798476183500
"""DK @ 6AN-TeA3Jk"" checks",2026-08-29T06:26:00.964Z,178798476096400
"""gurt @ gpP9uUffpu"" calls 10",2026-08-29T06:25:59.120Z,178798475912000
"""Henry @ FQN9hzhzP_"" calls 10",2026-08-29T06:25:58.203Z,178798475820300
"""DK @ 6AN-TeA3Jk"" posts a big blind of 10",2026-08-29T06:25:55.881Z,178798475588106
"""gurt @ gpP9uUffpu"" posts a small blind of 5",2026-08-29T06:25:55.881Z,178798475588105
"Your hand is 2♣, K♥",2026-08-29T06:25:55.881Z,178798475588103
"Player stacks: #1 ""Henry @ FQN9hzhzP_"" (906) | #2 ""gurt @ gpP9uUffpu"" (2055) | #7 ""DK @ 6AN-TeA3Jk"" (2039)",2026-08-29T06:25:55.881Z,178798475588101
"-- starting hand #52 (id: ofelgjfumwmb)  No Limit Texas Hold'em (dealer: ""Henry @ FQN9hzhzP_"") --",2026-08-29T06:25:55.881Z,178798475588100
"""DK @ 6AN-TeA3Jk"" shows a 5♠.",2026-08-29T06:25:51.354Z,178798475135400
"""Henry @ FQN9hzhzP_"" shows a 2♥, 7♦.",2026-08-29T06:25:49.292Z,178798474929200
"Undealt cards:  [5♦, 9♠, 9♥, Q♠, A♦]",2026-08-29T06:25:48.950Z,178798474895000
"-- ending hand #51 --",2026-08-29T06:25:48.550Z,178798474855002
"""Henry @ FQN9hzhzP_"" collected 30 from pot",2026-08-29T06:25:48.550Z,178798474855001
"Uncalled bet of 157 returned to ""Henry @ FQN9hzhzP_""",2026-08-29T06:25:48.550Z,178798474855000
"""DK @ 6AN-TeA3Jk"" folds",2026-08-29T06:25:47.720Z,178798474772000
"""gurt @ gpP9uUffpu"" folds",2026-08-29T06:25:46.787Z,178798474678700
"""Henry @ FQN9hzhzP_"" raises to 167",2026-08-29T06:25:45.626Z,178798474562600
"""DK @ 6AN-TeA3Jk"" calls 10",2026-08-29T06:25:43.115Z,178798474311500
"""gurt @ gpP9uUffpu"" posts a big blind of 10",2026-08-29T06:25:40.671Z,178798474067106
"""Henry @ FQN9hzhzP_"" posts a small blind of 5",2026-08-29T06:25:40.671Z,178798474067105
"Player stacks: #1 ""Henry @ FQN9hzhzP_"" (886) | #2 ""gurt @ gpP9uUffpu"" (2065) | #7 ""DK @ 6AN-TeA3Jk"" (2049)",2026-08-29T06:25:40.671Z,178798474067101
"-- starting hand #51 (id: 3e6hnuuc1eef)  No Limit Texas Hold'em (dealer: ""DK @ 6AN-TeA3Jk"") --",2026-08-29T06:25:40.671Z,178798474067100
"""Henry @ FQN9hzhzP_"" shows a 2♥.",2026-08-29T06:25:35.934Z,178798473593400
"Undealt cards: 3♠, 3♥, A♦, 8♥ [Q♦]",2026-08-29T06:25:34.320Z,178798473432000
"-- ending hand #50 --",2026-08-29T06:25:34.050Z,178798473405002
"""Henry @ FQN9hzhzP_"" collected 228 from pot",2026-08-29T06:25:34.050Z,178798473405001
"Uncalled bet of 658 returned to ""Henry @ FQN9hzhzP_""",2026-08-29T06:25:34.050Z,178798473405000
"""DK @ 6AN-TeA3Jk"" folds",2026-08-29T06:25:33.199Z,178798473319900
"""gurt @ gpP9uUffpu"" folds",2026-08-29T06:25:32.257Z,178798473225700
"""Henry @ FQN9hzhzP_"" bets 658 and go all in",2026-08-29T06:25:09.216Z,178798470921600
"""DK @ 6AN-TeA3Jk"" checks",2026-08-29T06:25:07.331Z,178798470733100
"Turn: 3♠, 3♥, A♦ [8♥]",2026-08-29T06:25:04.200Z,178798470420000
"""DK @ 6AN-TeA3Jk"" calls 36",2026-08-29T06:25:03.392Z,178798470339200
"""gurt @ gpP9uUffpu"" calls 36",2026-08-29T06:25:02.056Z,178798470205600
"""Henry @ FQN9hzhzP_"" bets 36",2026-08-29T06:25:01.008Z,178798470100800
"""DK @ 6AN-TeA3Jk"" checks",2026-08-29T06:24:57.547Z,178798469754700
"Flop:  [3♠, 3♥, A♦]",2026-08-29T06:24:54.763Z,178798469476300
"""Henry @ FQN9hzhzP_"" calls 40",2026-08-29T06:24:53.915Z,178798469391500
"""DK @ 6AN-TeA3Jk"" calls 40",2026-08-29T06:24:46.375Z,178798468637500
"""gurt @ gpP9uUffpu"" raises to 40",2026-08-29T06:24:44.704Z,178798468470400
"""Henry @ FQN9hzhzP_"" posts a big blind of 10",2026-08-29T06:24:42.675Z,178798468267506
"""DK @ 6AN-TeA3Jk"" posts a small blind of 5",2026-08-29T06:24:42.675Z,178798468267505
"Player stacks: #1 ""Henry @ FQN9hzhzP_"" (734) | #2 ""gurt @ gpP9uUffpu"" (2141) | #7 ""DK @ 6AN-TeA3Jk"" (2125)",2026-08-29T06:24:42.675Z,178798468267501
"-- starting hand #50 (id: 9wbizfjm4dit)  No Limit Texas Hold'em (dealer: ""gurt @ gpP9uUffpu"") --",2026-08-29T06:24:42.675Z,178798468267500
"-- ending hand #49 --",2026-08-29T06:24:36.599Z,178798467659903
"""Henry @ FQN9hzhzP_"" collected 360 from pot with Pair, Q's (combination: 10♠, J♣, A♦, Q♣, Q♥)",2026-08-29T06:24:36.599Z,178798467659902
"""Henry @ FQN9hzhzP_"" shows a Q♣, 4♦.",2026-08-29T06:24:36.599Z,178798467659901
"""DK @ 6AN-TeA3Jk"" shows a J♥, 2♣.",2026-08-29T06:24:36.599Z,178798467659900
"""Henry @ FQN9hzhzP_"" checks",2026-08-29T06:24:35.784Z,178798467578400
"""DK @ 6AN-TeA3Jk"" checks",2026-08-29T06:24:34.590Z,178798467459000
"River: A♦, J♣, 10♠, 3♣ [Q♥]",2026-08-29T06:24:32.565Z,178798467256500
"""gurt @ gpP9uUffpu"" folds",2026-08-29T06:24:31.725Z,178798467172500
"""Henry @ FQN9hzhzP_"" calls 120",2026-08-29T06:24:30.694Z,178798467069400
"""DK @ 6AN-TeA3Jk"" bets 120",2026-08-29T06:24:15.229Z,178798465522900
"""gurt @ gpP9uUffpu"" checks",2026-08-29T06:24:11.759Z,178798465175900
"Turn: A♦, J♣, 10♠ [3♣]",2026-08-29T06:24:10.252Z,178798465025200
"""Henry @ FQN9hzhzP_"" checks",2026-08-29T06:24:09.383Z,178798464938300
"""DK @ 6AN-TeA3Jk"" checks",2026-08-29T06:24:08.468Z,178798464846800
"""gurt @ gpP9uUffpu"" checks",2026-08-29T06:24:03.924Z,178798464392400
"Flop:  [A♦, J♣, 10♠]",2026-08-29T06:24:01.633Z,178798464163300
"""Henry @ FQN9hzhzP_"" calls 40",2026-08-29T06:24:00.769Z,178798464076900
"""DK @ 6AN-TeA3Jk"" calls 40",2026-08-29T06:23:59.445Z,178798463944500
"""gurt @ gpP9uUffpu"" raises to 40",2026-08-29T06:23:58.355Z,178798463835500
"""Henry @ FQN9hzhzP_"" calls 10",2026-08-29T06:23:56.313Z,178798463631300
"""DK @ 6AN-TeA3Jk"" posts a big blind of 10",2026-08-29T06:23:53.222Z,178798463322206
"""gurt @ gpP9uUffpu"" posts a small blind of 5",2026-08-29T06:23:53.222Z,178798463322205
"Player stacks: #1 ""Henry @ FQN9hzhzP_"" (534) | #2 ""gurt @ gpP9uUffpu"" (2181) | #7 ""DK @ 6AN-TeA3Jk"" (2285)",2026-08-29T06:23:53.222Z,178798463322201
"-- starting hand #49 (id: pgzbab259g4k)  No Limit Texas Hold'em (dealer: ""Henry @ FQN9hzhzP_"") --",2026-08-29T06:23:53.222Z,178798463322200
"""Henry @ FQN9hzhzP_"" shows a 10♣, 2♦.",2026-08-29T06:23:48.609Z,178798462860900
"Undealt cards:  [5♣, 4♥, A♠, 6♦, 8♥]",2026-08-29T06:23:46.799Z,178798462679900
"-- ending hand #48 --",2026-08-29T06:23:46.554Z,178798462655402
"""DK @ 6AN-TeA3Jk"" collected 25 from pot",2026-08-29T06:23:46.554Z,178798462655401
"Uncalled bet of 95 returned to ""DK @ 6AN-TeA3Jk""",2026-08-29T06:23:46.554Z,178798462655400
"""gurt @ gpP9uUffpu"" folds",2026-08-29T06:23:45.720Z,178798462572000
"""Henry @ FQN9hzhzP_"" folds",2026-08-29T06:23:44.801Z,178798462480100
"""DK @ 6AN-TeA3Jk"" raises to 105",2026-08-29T06:23:43.666Z,178798462366600
"""gurt @ gpP9uUffpu"" posts a big blind of 10",2026-08-29T06:23:34.257Z,178798461425706
"""Henry @ FQN9hzhzP_"" posts a small blind of 5",2026-08-29T06:23:34.257Z,178798461425705
"Player stacks: #1 ""Henry @ FQN9hzhzP_"" (539) | #2 ""gurt @ gpP9uUffpu"" (2191) | #7 ""DK @ 6AN-TeA3Jk"" (2270)",2026-08-29T06:23:34.257Z,178798461425701
"-- starting hand #48 (id: 9zdqpbrzk3t8)  No Limit Texas Hold'em (dealer: ""DK @ 6AN-TeA3Jk"") --",2026-08-29T06:23:34.257Z,178798461425700
"""Henry @ FQN9hzhzP_"" shows a Q♥, A♠.",2026-08-29T06:23:31.721Z,178798461172100
"Undealt cards:  [6♥, Q♣, K♥, J♥, J♦]",2026-08-29T06:23:28.818Z,178798460881800
"-- ending hand #47 --",2026-08-29T06:23:27.646Z,178798460764602
"""Henry @ FQN9hzhzP_"" collected 90 from pot",2026-08-29T06:23:27.646Z,178798460764601
"Uncalled bet of 449 returned to ""Henry @ FQN9hzhzP_""",2026-08-29T06:23:27.646Z,178798460764600
"""DK @ 6AN-TeA3Jk"" folds",2026-08-29T06:23:26.823Z,178798460682300
"""gurt @ gpP9uUffpu"" folds",2026-08-29T06:23:14.237Z,178798459423700
"""Henry @ FQN9hzhzP_"" raises to 479 and go all in",2026-08-29T06:23:12.141Z,178798459214100
"""DK @ 6AN-TeA3Jk"" calls 30",2026-08-29T06:23:05.411Z,178798458541100
"""gurt @ gpP9uUffpu"" raises to 30",2026-08-29T06:23:04.107Z,178798458410700
"""Henry @ FQN9hzhzP_"" posts a big blind of 10",2026-08-29T06:23:02.595Z,178798458259506
"""DK @ 6AN-TeA3Jk"" posts a small blind of 5",2026-08-29T06:23:02.595Z,178798458259505
"Player stacks: #1 ""Henry @ FQN9hzhzP_"" (479) | #2 ""gurt @ gpP9uUffpu"" (2221) | #7 ""DK @ 6AN-TeA3Jk"" (2300)",2026-08-29T06:23:02.595Z,178798458259501
"-- starting hand #47 (id: zfmyzg5icxwp)  No Limit Texas Hold'em (dealer: ""gurt @ gpP9uUffpu"") --",2026-08-29T06:23:02.595Z,178798458259500
"""Henry @ FQN9hzhzP_"" shows a 5♦, 5♥.",2026-08-29T06:22:59.225Z,178798457922500
"-- ending hand #46 --",2026-08-29T06:22:56.016Z,178798457601602
"""DK @ 6AN-TeA3Jk"" collected 970 from pot with Three of a Kind, 7's (combination: 9♣, 10♦, 7♣, 7♦, 7♠)",2026-08-29T06:22:56.016Z,178798457601601
"""DK @ 6AN-TeA3Jk"" shows a 7♣, 9♣.",2026-08-29T06:22:56.016Z,178798457601600
"""Henry @ FQN9hzhzP_"" calls 291",2026-08-29T06:22:55.186Z,178798457518600
"""DK @ 6AN-TeA3Jk"" bets 291",2026-08-29T06:22:52.807Z,178798457280700
"River: 4♣, 7♦, 7♠, 10♦ [3♦]",2026-08-29T06:22:43.939Z,178798456393900
"""DK @ 6AN-TeA3Jk"" calls 67",2026-08-29T06:22:43.115Z,178798456311500
"""Henry @ FQN9hzhzP_"" bets 67",2026-08-29T06:22:40.008Z,178798456000800
"""DK @ 6AN-TeA3Jk"" checks",2026-08-29T06:22:37.657Z,178798455765700
"Turn: 4♣, 7♦, 7♠ [10♦]",2026-08-29T06:22:34.687Z,178798455468700
"""DK @ 6AN-TeA3Jk"" calls 67",2026-08-29T06:22:33.844Z,178798455384400
"""gurt @ gpP9uUffpu"" folds",2026-08-29T06:22:30.787Z,178798455078700
"""Henry @ FQN9hzhzP_"" bets 67",2026-08-29T06:22:27.235Z,178798454723500
"""DK @ 6AN-TeA3Jk"" checks",2026-08-29T06:22:24.976Z,178798454497600
"""gurt @ gpP9uUffpu"" checks",2026-08-29T06:22:23.367Z,178798454336700
"Flop:  [4♣, 7♦, 7♠]",2026-08-29T06:22:21.970Z,178798454197000
"""Henry @ FQN9hzhzP_"" calls 40",2026-08-29T06:22:21.165Z,178798454116500
"""DK @ 6AN-TeA3Jk"" calls 40",2026-08-29T06:22:19.644Z,178798453964400
"""gurt @ gpP9uUffpu"" raises to 40",2026-08-29T06:22:18.179Z,178798453817900
"""Henry @ FQN9hzhzP_"" calls 10",2026-08-29T06:22:15.713Z,178798453571300
"""DK @ 6AN-TeA3Jk"" posts a big blind of 10",2026-08-29T06:22:10.051Z,178798453005106
"""gurt @ gpP9uUffpu"" posts a small blind of 5",2026-08-29T06:22:10.051Z,178798453005105
"Player stacks: #1 ""Henry @ FQN9hzhzP_"" (944) | #2 ""gurt @ gpP9uUffpu"" (2261) | #7 ""DK @ 6AN-TeA3Jk"" (1795)",2026-08-29T06:22:10.051Z,178798453005101
"-- starting hand #46 (id: tfbmoqyiu2ee)  No Limit Texas Hold'em (dealer: ""Henry @ FQN9hzhzP_"") --",2026-08-29T06:22:10.051Z,178798453005100
"-- ending hand #45 --",2026-08-29T06:22:03.959Z,178798452395904
"""gurt @ gpP9uUffpu"" collected 2261 from pot with Two Pair, 9's & 8's (combination: Q♣, 8♦, 8♥, 9♠, 9♣)",2026-08-29T06:22:03.959Z,178798452395903
"""gurt @ gpP9uUffpu"" shows a 9♠, 10♠.",2026-08-29T06:22:03.959Z,178798452395902
"""DK @ 6AN-TeA3Jk"" shows a 5♠, 5♣.",2026-08-29T06:22:03.959Z,178798452395901
"Uncalled bet of 47 returned to ""DK @ 6AN-TeA3Jk""",2026-08-29T06:22:03.959Z,178798452395900
"""gurt @ gpP9uUffpu"" calls 838 and go all in",2026-08-29T06:22:03.135Z,178798452313500
"""DK @ 6AN-TeA3Jk"" raises to 885",2026-08-29T06:21:40.937Z,178798450093700
"""gurt @ gpP9uUffpu"" bets 100",2026-08-29T06:21:36.913Z,178798449691300
"River: 9♣, Q♣, 8♦, 7♦ [8♥]",2026-08-29T06:21:29.327Z,178798448932700
"""DK @ 6AN-TeA3Jk"" checks",2026-08-29T06:21:28.505Z,178798448850500
"""gurt @ gpP9uUffpu"" checks",2026-08-29T06:21:27.386Z,178798448738600
"Turn: 9♣, Q♣, 8♦ [7♦]",2026-08-29T06:21:26.595Z,178798448659500
"""gurt @ gpP9uUffpu"" calls 195",2026-08-29T06:21:25.774Z,178798448577400
"""DK @ 6AN-TeA3Jk"" bets 195",2026-08-29T06:21:24.628Z,178798448462800
"""gurt @ gpP9uUffpu"" checks",2026-08-29T06:21:21.976Z,178798448197600
"""Henry @ FQN9hzhzP_"" folds",2026-08-29T06:21:20.687Z,178798448068700
"Flop:  [9♣, Q♣, 8♦]",2026-08-29T06:21:16.519Z,178798447651900
"""gurt @ gpP9uUffpu"" calls 65",2026-08-29T06:21:15.675Z,178798447567500
"""Henry @ FQN9hzhzP_"" calls 65",2026-08-29T06:21:09.938Z,178798446993800
"""DK @ 6AN-TeA3Jk"" raises to 65",2026-08-29T06:20:58.060Z,178798445806000
"""gurt @ gpP9uUffpu"" posts a big blind of 10",2026-08-29T06:20:52.758Z,178798445275806
"""Henry @ FQN9hzhzP_"" posts a small blind of 5",2026-08-29T06:20:52.758Z,178798445275805
"Your hand is 9♠, 10♠",2026-08-29T06:20:52.758Z,178798445275803
"Player stacks: #1 ""Henry @ FQN9hzhzP_"" (1009) | #2 ""gurt @ gpP9uUffpu"" (1098) | #7 ""DK @ 6AN-TeA3Jk"" (2893)",2026-08-29T06:20:52.758Z,178798445275801
"-- starting hand #45 (id: bn2vwgkrkcpr)  No Limit Texas Hold'em (dealer: ""DK @ 6AN-TeA3Jk"") --",2026-08-29T06:20:52.758Z,178798445275800
"""gurt @ gpP9uUffpu"" shows a 7♦.",2026-08-29T06:20:49.142Z,178798444914200
"-- ending hand #44 --",2026-08-29T06:20:46.197Z,178798444619702
"""DK @ 6AN-TeA3Jk"" collected 1001 from pot with Straight, A High (combination: 10♣, J♣, Q♣, K♥, A♣)",2026-08-29T06:20:46.197Z,178798444619701
"""DK @ 6AN-TeA3Jk"" shows a A♣, Q♣.",2026-08-29T06:20:46.197Z,178798444619700
"""gurt @ gpP9uUffpu"" folds",2026-08-29T06:20:45.370Z,178798444537000
"""Henry @ FQN9hzhzP_"" calls 250",2026-08-29T06:20:43.804Z,178798444380400
"""DK @ 6AN-TeA3Jk"" bets 250",2026-08-29T06:20:42.253Z,178798444225300
"River: 3♦, K♥, 7♠, J♣ [10♣]",2026-08-29T06:20:36.541Z,178798443654100
"""DK @ 6AN-TeA3Jk"" calls 67",2026-08-29T06:20:35.738Z,178798443573800
"""gurt @ gpP9uUffpu"" calls 67",2026-08-29T06:20:34.557Z,178798443455700
"""Henry @ FQN9hzhzP_"" bets 67",2026-08-29T06:20:33.139Z,178798443313900
"""DK @ 6AN-TeA3Jk"" checks",2026-08-29T06:20:30.819Z,178798443081900
"Turn: 3♦, K♥, 7♠ [J♣]",2026-08-29T06:20:26.940Z,178798442694000
"""gurt @ gpP9uUffpu"" checks",2026-08-29T06:20:26.099Z,178798442609900
"""Henry @ FQN9hzhzP_"" checks",2026-08-29T06:20:24.950Z,178798442495000
"""DK @ 6AN-TeA3Jk"" checks",2026-08-29T06:20:23.066Z,178798442306600
"Flop:  [3♦, K♥, 7♠]",2026-08-29T06:20:20.612Z,178798442061200
"""gurt @ gpP9uUffpu"" calls 100",2026-08-29T06:20:19.803Z,178798441980300
"""Henry @ FQN9hzhzP_"" calls 100",2026-08-29T06:20:17.034Z,178798441703400
"""DK @ 6AN-TeA3Jk"" raises to 100",2026-08-29T06:20:15.197Z,178798441519700
"""gurt @ gpP9uUffpu"" raises to 30",2026-08-29T06:20:04.822Z,178798440482200
"""Henry @ FQN9hzhzP_"" posts a big blind of 10",2026-08-29T06:20:02.525Z,178798440252506
"""DK @ 6AN-TeA3Jk"" posts a small blind of 5",2026-08-29T06:20:02.525Z,178798440252505
"Player stacks: #1 ""Henry @ FQN9hzhzP_"" (1426) | #2 ""gurt @ gpP9uUffpu"" (1265) | #7 ""DK @ 6AN-TeA3Jk"" (2309)",2026-08-29T06:20:02.525Z,178798440252501
"-- starting hand #44 (id: fi8mujo1l3ht)  No Limit Texas Hold'em (dealer: ""gurt @ gpP9uUffpu"") --",2026-08-29T06:20:02.525Z,178798440252500
"""Henry @ FQN9hzhzP_"" shows a A♦, J♥.",2026-08-29T06:19:57.648Z,178798439764800
"-- ending hand #43 --",2026-08-29T06:19:55.911Z,178798439591102
"""DK @ 6AN-TeA3Jk"" collected 328 from pot with Two Pair, K's & 7's (combination: 5♦, 7♠, 7♣, K♣, K♠)",2026-08-29T06:19:55.911Z,178798439591101
"""DK @ 6AN-TeA3Jk"" shows a 5♦, K♣.",2026-08-29T06:19:55.911Z,178798439591100
"""Henry @ FQN9hzhzP_"" checks",2026-08-29T06:19:55.083Z,178798439508300
"""DK @ 6AN-TeA3Jk"" checks",2026-08-29T06:19:53.217Z,178798439321700
"River: K♠, 7♠, 4♣, 4♠ [7♣]",2026-08-29T06:19:50.961Z,178798439096100
"""Henry @ FQN9hzhzP_"" calls 149",2026-08-29T06:19:50.158Z,178798439015800
"""DK @ 6AN-TeA3Jk"" raises to 149",2026-08-29T06:19:43.771Z,178798438377100
"""gurt @ gpP9uUffpu"" folds",2026-08-29T06:19:40.359Z,178798438035900
"""Henry @ FQN9hzhzP_"" raises to 67",2026-08-29T06:19:39.304Z,178798437930400
"""DK @ 6AN-TeA3Jk"" bets 30",2026-08-29T06:19:36.214Z,178798437621400
"""gurt @ gpP9uUffpu"" checks",2026-08-29T06:19:32.414Z,178798437241400
"Turn: K♠, 7♠, 4♣ [4♠]",2026-08-29T06:19:30.490Z,178798437049000
"""Henry @ FQN9hzhzP_"" checks",2026-08-29T06:19:29.659Z,178798436965900
"""DK @ 6AN-TeA3Jk"" checks",2026-08-29T06:19:28.751Z,178798436875100
"""gurt @ gpP9uUffpu"" checks",2026-08-29T06:19:26.534Z,178798436653400
"Flop:  [K♠, 7♠, 4♣]",2026-08-29T06:19:25.085Z,178798436508500
"""DK @ 6AN-TeA3Jk"" checks",2026-08-29T06:19:24.194Z,178798436419400
"""gurt @ gpP9uUffpu"" calls 10",2026-08-29T06:19:23.035Z,178798436303500
"""Henry @ FQN9hzhzP_"" calls 10",2026-08-29T06:19:21.376Z,178798436137600
"""DK @ 6AN-TeA3Jk"" posts a big blind of 10",2026-08-29T06:19:12.881Z,178798435288106
"""gurt @ gpP9uUffpu"" posts a small blind of 5",2026-08-29T06:19:12.881Z,178798435288105
"Player stacks: #1 ""Henry @ FQN9hzhzP_"" (1585) | #2 ""gurt @ gpP9uUffpu"" (1275) | #7 ""DK @ 6AN-TeA3Jk"" (2140)",2026-08-29T06:19:12.881Z,178798435288101
"-- starting hand #43 (id: 6d54wbftyq4g)  No Limit Texas Hold'em (dealer: ""Henry @ FQN9hzhzP_"") --",2026-08-29T06:19:12.881Z,178798435288100
"-- ending hand #42 --",2026-08-29T06:19:09.878Z,178798434987802
"""Henry @ FQN9hzhzP_"" collected 329 from pot",2026-08-29T06:19:09.878Z,178798434987801
"Uncalled bet of 167 returned to ""Henry @ FQN9hzhzP_""",2026-08-29T06:19:09.878Z,178798434987800
"""DK @ 6AN-TeA3Jk"" folds",2026-08-29T06:19:08.992Z,178798434899200
"""Henry @ FQN9hzhzP_"" bets 167",2026-08-29T06:19:07.772Z,178798434777200
"River: 6♦, A♣, 9♥, 4♣ [6♥]",2026-08-29T06:19:03.671Z,178798434367100
"""DK @ 6AN-TeA3Jk"" calls 67",2026-08-29T06:19:02.829Z,178798434282900
"""gurt @ gpP9uUffpu"" folds",2026-08-29T06:19:01.428Z,178798434142800
"""Henry @ FQN9hzhzP_"" bets 67",2026-08-29T06:18:57.513Z,178798433751300
"Turn: 6♦, A♣, 9♥ [4♣]",2026-08-29T06:18:50.240Z,178798433024000
"""DK @ 6AN-TeA3Jk"" checks",2026-08-29T06:18:49.409Z,178798432940900
"""gurt @ gpP9uUffpu"" checks",2026-08-29T06:18:47.880Z,178798432788000
"""Henry @ FQN9hzhzP_"" checks",2026-08-29T06:18:36.555Z,178798431655500
"Flop:  [6♦, A♣, 9♥]",2026-08-29T06:18:31.180Z,178798431118000
"""gurt @ gpP9uUffpu"" calls 65",2026-08-29T06:18:30.368Z,178798431036800
"""Henry @ FQN9hzhzP_"" calls 65",2026-08-29T06:18:28.357Z,178798430835700
"""DK @ 6AN-TeA3Jk"" raises to 65",2026-08-29T06:18:25.906Z,178798430590600
"""gurt @ gpP9uUffpu"" posts a big blind of 10",2026-08-29T06:18:17.173Z,178798429717306
"""Henry @ FQN9hzhzP_"" posts a small blind of 5",2026-08-29T06:18:17.173Z,178798429717305
"Player stacks: #1 ""Henry @ FQN9hzhzP_"" (1388) | #2 ""gurt @ gpP9uUffpu"" (1340) | #7 ""DK @ 6AN-TeA3Jk"" (2272)",2026-08-29T06:18:17.173Z,178798429717301
"-- starting hand #42 (id: ydhwcbgznylr)  No Limit Texas Hold'em (dealer: ""DK @ 6AN-TeA3Jk"") --",2026-08-29T06:18:17.173Z,178798429717300
"""Henry @ FQN9hzhzP_"" shows a K♦, Q♦.",2026-08-29T06:18:11.988Z,178798429198800
"-- ending hand #41 --",2026-08-29T06:18:10.570Z,178798429057002
"""DK @ 6AN-TeA3Jk"" collected 334 from pot with Pair, 8's (combination: 5♥, 6♦, K♥, 8♠, 8♥)",2026-08-29T06:18:10.570Z,178798429057001
"""DK @ 6AN-TeA3Jk"" shows a K♥, 8♠.",2026-08-29T06:18:10.570Z,178798429057000
"""Henry @ FQN9hzhzP_"" checks",2026-08-29T06:18:09.762Z,178798428976200
"""DK @ 6AN-TeA3Jk"" checks",2026-08-29T06:18:08.644Z,178798428864400
"River: 4♣, 6♦, 3♣, 5♥ [8♥]",2026-08-29T06:18:02.216Z,178798428221600
"""Henry @ FQN9hzhzP_"" checks",2026-08-29T06:18:01.311Z,178798428131100
"""DK @ 6AN-TeA3Jk"" checks",2026-08-29T06:18:00.099Z,178798428009900
"Turn: 4♣, 6♦, 3♣ [5♥]",2026-08-29T06:17:55.750Z,178798427575000
"""Henry @ FQN9hzhzP_"" checks",2026-08-29T06:17:54.930Z,178798427493000
"""DK @ 6AN-TeA3Jk"" checks",2026-08-29T06:17:53.911Z,178798427391100
"Flop:  [4♣, 6♦, 3♣]",2026-08-29T06:17:51.174Z,178798427117400
"""DK @ 6AN-TeA3Jk"" calls 167",2026-08-29T06:17:50.353Z,178798427035300
"""Henry @ FQN9hzhzP_"" raises to 167",2026-08-29T06:17:48.999Z,178798426899900
"""DK @ 6AN-TeA3Jk"" raises to 60",2026-08-29T06:17:47.015Z,178798426701500
"""gurt @ gpP9uUffpu"" folds",2026-08-29T06:17:43.475Z,178798426347500
"""Henry @ FQN9hzhzP_"" posts a big blind of 10",2026-08-29T06:17:42.281Z,178798426228106
"""DK @ 6AN-TeA3Jk"" posts a small blind of 5",2026-08-29T06:17:42.281Z,178798426228105
"Player stacks: #1 ""Henry @ FQN9hzhzP_"" (1555) | #2 ""gurt @ gpP9uUffpu"" (1340) | #7 ""DK @ 6AN-TeA3Jk"" (2105)",2026-08-29T06:17:42.281Z,178798426228101
"-- starting hand #41 (id: jwngsacrefs7)  No Limit Texas Hold'em (dealer: ""gurt @ gpP9uUffpu"") --",2026-08-29T06:17:42.281Z,178798426228100
"Undealt cards: 5♥, Q♣, A♥, Q♠ [J♥]",2026-08-29T06:17:36.682Z,178798425668200
"""DK @ 6AN-TeA3Jk"" shows a 8♣.",2026-08-29T06:17:36.124Z,178798425612400
"""DK @ 6AN-TeA3Jk"" shows a 3♥.",2026-08-29T06:17:35.854Z,178798425585400
"""Henry @ FQN9hzhzP_"" shows a 6♠.",2026-08-29T06:17:35.724Z,178798425572400
"-- ending hand #40 --",2026-08-29T06:17:34.865Z,178798425486502
"""DK @ 6AN-TeA3Jk"" collected 25 from pot",2026-08-29T06:17:34.865Z,178798425486501
"Uncalled bet of 55 returned to ""DK @ 6AN-TeA3Jk""",2026-08-29T06:17:34.865Z,178798425486500
"""Henry @ FQN9hzhzP_"" folds",2026-08-29T06:17:33.966Z,178798425396600
"""DK @ 6AN-TeA3Jk"" bets 55",2026-08-29T06:17:32.990Z,178798425299000
"Turn: 5♥, Q♣, A♥ [Q♠]",2026-08-29T06:17:29.063Z,178798424906300
"""Henry @ FQN9hzhzP_"" checks",2026-08-29T06:17:28.159Z,178798424815900
"""DK @ 6AN-TeA3Jk"" checks",2026-08-29T06:17:27.159Z,178798424715900
"Flop:  [5♥, Q♣, A♥]",2026-08-29T06:17:19.505Z,178798423950500
"""DK @ 6AN-TeA3Jk"" checks",2026-08-29T06:17:18.678Z,178798423867800
"""gurt @ gpP9uUffpu"" folds",2026-08-29T06:17:14.351Z,178798423435100
"""Henry @ FQN9hzhzP_"" calls 10",2026-08-29T06:17:13.443Z,178798423344300
"""DK @ 6AN-TeA3Jk"" posts a big blind of 10",2026-08-29T06:17:03.983Z,178798422398306
"""gurt @ gpP9uUffpu"" posts a small blind of 5",2026-08-29T06:17:03.983Z,178798422398305
"Player stacks: #1 ""Henry @ FQN9hzhzP_"" (1565) | #2 ""gurt @ gpP9uUffpu"" (1345) | #7 ""DK @ 6AN-TeA3Jk"" (2090)",2026-08-29T06:17:03.983Z,178798422398301
"-- starting hand #40 (id: yngpojzqczez)  No Limit Texas Hold'em (dealer: ""Henry @ FQN9hzhzP_"") --",2026-08-29T06:17:03.983Z,178798422398300
"""Henry @ FQN9hzhzP_"" shows a K♥.",2026-08-29T06:17:01.191Z,178798422119100
"-- ending hand #39 --",2026-08-29T06:17:00.375Z,178798422037502
"""Henry @ FQN9hzhzP_"" collected 360 from pot",2026-08-29T06:17:00.375Z,178798422037501
"Uncalled bet of 167 returned to ""Henry @ FQN9hzhzP_""",2026-08-29T06:17:00.375Z,178798422037500
"""gurt @ gpP9uUffpu"" folds",2026-08-29T06:16:59.505Z,178798421950500
"""Henry @ FQN9hzhzP_"" bets 167",2026-08-29T06:16:48.944Z,178798420894400
"River: 9♣, 6♦, 7♥, A♣ [5♠]",2026-08-29T06:16:43.365Z,178798420336500
"""Henry @ FQN9hzhzP_"" calls 90",2026-08-29T06:16:42.468Z,178798420246800
"""gurt @ gpP9uUffpu"" bets 90",2026-08-29T06:16:41.478Z,178798420147800
"""Henry @ FQN9hzhzP_"" checks",2026-08-29T06:16:37.813Z,178798419781300
"Turn: 9♣, 6♦, 7♥ [A♣]",2026-08-29T06:16:36.161Z,178798419616100
"""gurt @ gpP9uUffpu"" calls 45",2026-08-29T06:16:35.340Z,178798419534000
"""Henry @ FQN9hzhzP_"" bets 45",2026-08-29T06:16:34.405Z,178798419440500
"Flop:  [9♣, 6♦, 7♥]",2026-08-29T06:16:26.754Z,178798418675400
"""Henry @ FQN9hzhzP_"" calls 40",2026-08-29T06:16:25.861Z,178798418586100
"""DK @ 6AN-TeA3Jk"" folds",2026-08-29T06:16:24.940Z,178798418494000
"""gurt @ gpP9uUffpu"" raises to 40",2026-08-29T06:16:22.500Z,178798418250000
"""Henry @ FQN9hzhzP_"" calls 10",2026-08-29T06:16:20.179Z,178798418017900
"""DK @ 6AN-TeA3Jk"" calls 10",2026-08-29T06:16:10.520Z,178798417052000
"""gurt @ gpP9uUffpu"" posts a big blind of 10",2026-08-29T06:16:05.497Z,178798416549706
"""Henry @ FQN9hzhzP_"" posts a small blind of 5",2026-08-29T06:16:05.497Z,178798416549705
"Player stacks: #1 ""Henry @ FQN9hzhzP_"" (1380) | #2 ""gurt @ gpP9uUffpu"" (1520) | #7 ""DK @ 6AN-TeA3Jk"" (2100)",2026-08-29T06:16:05.497Z,178798416549701
"-- starting hand #39 (id: cidf83llvozs)  No Limit Texas Hold'em (dealer: ""DK @ 6AN-TeA3Jk"") --",2026-08-29T06:16:05.497Z,178798416549700
"""DK @ 6AN-TeA3Jk"" shows a 5♠.",2026-08-29T06:16:02.366Z,178798416236600
"""DK @ 6AN-TeA3Jk"" shows a 10♣.",2026-08-29T06:16:02.061Z,178798416206100
"""gurt @ gpP9uUffpu"" shows a 6♠.",2026-08-29T06:16:01.627Z,178798416162700
"""Henry @ FQN9hzhzP_"" shows a 6♣, 2♦.",2026-08-29T06:15:58.325Z,178798415832500
"Undealt cards:  [A♠, 7♦, 2♥, 8♥, 3♠]",2026-08-29T06:15:57.721Z,178798415772100
"-- ending hand #38 --",2026-08-29T06:15:57.482Z,178798415748202
"""Henry @ FQN9hzhzP_"" collected 120 from pot",2026-08-29T06:15:57.482Z,178798415748201
"Uncalled bet of 127 returned to ""Henry @ FQN9hzhzP_""",2026-08-29T06:15:57.482Z,178798415748200
"""DK @ 6AN-TeA3Jk"" folds",2026-08-29T06:15:56.589Z,178798415658900
"""gurt @ gpP9uUffpu"" folds",2026-08-29T06:15:55.665Z,178798415566500
"""Henry @ FQN9hzhzP_"" raises to 167",2026-08-29T06:15:49.020Z,178798414902000
"""DK @ 6AN-TeA3Jk"" calls 40",2026-08-29T06:15:45.269Z,178798414526900
"""gurt @ gpP9uUffpu"" raises to 40",2026-08-29T06:15:43.844Z,178798414384400
"""Henry @ FQN9hzhzP_"" posts a big blind of 10",2026-08-29T06:15:42.058Z,178798414205807
"""DK @ 6AN-TeA3Jk"" posts a small blind of 5",2026-08-29T06:15:42.058Z,178798414205806
"Player stacks: #1 ""Henry @ FQN9hzhzP_"" (1300) | #2 ""gurt @ gpP9uUffpu"" (1560) | #7 ""DK @ 6AN-TeA3Jk"" (2140)",2026-08-29T06:15:42.058Z,178798414205802
"-- starting hand #38 (id: ycczrvudkerb)  No Limit Texas Hold'em (dealer: ""gurt @ gpP9uUffpu"") --",2026-08-29T06:15:42.058Z,178798414205801
"The admin updated the player ""Henry @ FQN9hzhzP_"" stack from 300 to 1300.",2026-08-29T06:15:42.058Z,178798414205800
"""DK @ 6AN-TeA3Jk"" shows a 2♣.",2026-08-29T06:15:36.437Z,178798413643700
"""DK @ 6AN-TeA3Jk"" shows a 7♣.",2026-08-29T06:15:36.011Z,178798413601100
"Undealt cards: 4♥, 8♥, A♣, Q♥ [6♠]",2026-08-29T06:15:35.847Z,178798413584700
"-- ending hand #37 --",2026-08-29T06:15:35.454Z,178798413545402
"""gurt @ gpP9uUffpu"" collected 812 from pot",2026-08-29T06:15:35.454Z,178798413545401
"Uncalled bet of 294 returned to ""gurt @ gpP9uUffpu""",2026-08-29T06:15:35.454Z,178798413545400
"""DK @ 6AN-TeA3Jk"" folds",2026-08-29T06:15:34.612Z,178798413461200
"""gurt @ gpP9uUffpu"" raises to 568",2026-08-29T06:15:23.015Z,178798412301500
"""Henry @ FQN9hzhzP_"" folds",2026-08-29T06:15:20.956Z,178798412095600
"""DK @ 6AN-TeA3Jk"" bets 274",2026-08-29T06:15:20.039Z,178798412003900
"""gurt @ gpP9uUffpu"" checks",2026-08-29T06:15:15.317Z,178798411531700
"Turn: 4♥, 8♥, A♣ [Q♥]",2026-08-29T06:15:14.217Z,178798411421700
"""Henry @ FQN9hzhzP_"" checks",2026-08-29T06:15:13.335Z,178798411333500
"""DK @ 6AN-TeA3Jk"" checks",2026-08-29T06:15:12.231Z,178798411223100
"""gurt @ gpP9uUffpu"" checks",2026-08-29T06:15:11.314Z,178798411131400
"Flop:  [4♥, 8♥, A♣]",2026-08-29T06:15:09.917Z,178798410991700
"""gurt @ gpP9uUffpu"" calls 88",2026-08-29T06:15:09.069Z,178798410906900
"""Henry @ FQN9hzhzP_"" calls 88",2026-08-29T06:15:06.404Z,178798410640400
"""DK @ 6AN-TeA3Jk"" raises to 88",2026-08-29T06:15:04.296Z,178798410429600
"""gurt @ gpP9uUffpu"" calls 22",2026-08-29T06:14:55.862Z,178798409586200
"""Henry @ FQN9hzhzP_"" raises to 22",2026-08-29T06:14:54.939Z,178798409493900
"WARNING: the admin queued the stack change for the player ""Henry @ FQN9hzhzP_"" adding 1000 chips in the next hand.",2026-08-29T06:14:53.465Z,178798409346500
"""DK @ 6AN-TeA3Jk"" posts a big blind of 10",2026-08-29T06:14:45.398Z,178798408539806
"""gurt @ gpP9uUffpu"" posts a small blind of 5",2026-08-29T06:14:45.398Z,178798408539805
"Player stacks: #1 ""Henry @ FQN9hzhzP_"" (388) | #2 ""gurt @ gpP9uUffpu"" (1110) | #7 ""DK @ 6AN-TeA3Jk"" (2502)",2026-08-29T06:14:45.398Z,178798408539801
"-- starting hand #37 (id: mcajfpws32tr)  No Limit Texas Hold'em (dealer: ""Henry @ FQN9hzhzP_"") --",2026-08-29T06:14:45.398Z,178798408539800
"-- ending hand #36 --",2026-08-29T06:14:39.369Z,178798407936901
"""DK @ 6AN-TeA3Jk"" collected 2502 from pot with Straight, K High (combination: 9♠, 10♦, J♥, Q♣, K♥)",2026-08-29T06:14:39.369Z,178798407936900
"River: J♥, 6♣, K♥, 10♦ [5♦]",2026-08-29T06:14:35.303Z,178798407530300
"""DK @ 6AN-TeA3Jk"" shows a Q♣, 9♠.",2026-08-29T06:14:31.278Z,178798407127801
"""Henry @ FQN9hzhzP_"" shows a 7♠, 10♠.",2026-08-29T06:14:31.278Z,178798407127800
"Some players choose to not run it twice.",2026-08-29T06:14:30.392Z,178798407039201
"""Henry @ FQN9hzhzP_"" chooses to not run it twice.",2026-08-29T06:14:30.392Z,178798407039200
"""DK @ 6AN-TeA3Jk"" chooses to  run it twice.",2026-08-29T06:14:29.550Z,178798406955000
"Remaining players decide whether to run it twice.",2026-08-29T06:14:27.944Z,178798406794401
"""Henry @ FQN9hzhzP_"" calls 1181",2026-08-29T06:14:27.944Z,178798406794400
"""DK @ 6AN-TeA3Jk"" raises to 1181 and go all in",2026-08-29T06:13:58.992Z,178798403899200
"""Henry @ FQN9hzhzP_"" raises to 467",2026-08-29T06:13:56.007Z,178798403600700
"""DK @ 6AN-TeA3Jk"" raises to 167",2026-08-29T06:13:52.615Z,178798403261500
"""Henry @ FQN9hzhzP_"" bets 46",2026-08-29T06:13:47.036Z,178798402703600
"Turn: J♥, 6♣, K♥ [10♦]",2026-08-29T06:13:43.873Z,178798402387300
"""DK @ 6AN-TeA3Jk"" calls 10",2026-08-29T06:13:42.982Z,178798402298200
"""Henry @ FQN9hzhzP_"" bets 10",2026-08-29T06:13:41.557Z,178798402155700
"Flop:  [J♥, 6♣, K♥]",2026-08-29T06:13:37.871Z,178798401787100
"""gurt @ gpP9uUffpu"" folds",2026-08-29T06:13:37.068Z,178798401706800
"""Henry @ FQN9hzhzP_"" calls 55",2026-08-29T06:13:36.148Z,178798401614800
"""DK @ 6AN-TeA3Jk"" raises to 55",2026-08-29T06:13:34.787Z,178798401478700
"""gurt @ gpP9uUffpu"" posts a big blind of 10",2026-08-29T06:13:30.309Z,178798401030906
"""Henry @ FQN9hzhzP_"" posts a small blind of 5",2026-08-29T06:13:30.309Z,178798401030905
"Player stacks: #1 ""Henry @ FQN9hzhzP_"" (1634) | #2 ""gurt @ gpP9uUffpu"" (1120) | #7 ""DK @ 6AN-TeA3Jk"" (1246)",2026-08-29T06:13:30.309Z,178798401030901
"-- starting hand #36 (id: oj7iurkqgudi)  No Limit Texas Hold'em (dealer: ""DK @ 6AN-TeA3Jk"") --",2026-08-29T06:13:30.309Z,178798401030900
"""gurt @ gpP9uUffpu"" shows a A♠, 2♦.",2026-08-29T06:13:26.856Z,178798400685600
"""DK @ 6AN-TeA3Jk"" shows a 8♦.",2026-08-29T06:13:24.026Z,178798400402600
"""Henry @ FQN9hzhzP_"" shows a 9♦, 4♣.",2026-08-29T06:13:23.961Z,178798400396100
"Undealt cards: 4♦, J♠, 5♥, 3♣ [8♠]",2026-08-29T06:13:22.667Z,178798400266700
"-- ending hand #35 --",2026-08-29T06:13:22.261Z,178798400226102
"""gurt @ gpP9uUffpu"" collected 248 from pot",2026-08-29T06:13:22.261Z,178798400226101
"Uncalled bet of 60 returned to ""gurt @ gpP9uUffpu""",2026-08-29T06:13:22.261Z,178798400226100
"""Henry @ FQN9hzhzP_"" folds",2026-08-29T06:13:21.414Z,178798400141400
"""DK @ 6AN-TeA3Jk"" folds",2026-08-29T06:13:18.816Z,178798399881600
"""gurt @ gpP9uUffpu"" raises to 70",2026-08-29T06:13:16.881Z,178798399688100
"""Henry @ FQN9hzhzP_"" bets 10",2026-08-29T06:13:09.709Z,178798398970900
"""DK @ 6AN-TeA3Jk"" checks",2026-08-29T06:13:02.279Z,178798398227900
"Turn: 4♦, J♠, 5♥ [3♣]",2026-08-29T06:12:59.684Z,178798397968400
"""DK @ 6AN-TeA3Jk"" calls 36",2026-08-29T06:12:58.803Z,178798397880300
"""gurt @ gpP9uUffpu"" calls 36",2026-08-29T06:12:57.672Z,178798397767200
"""Henry @ FQN9hzhzP_"" bets 36",2026-08-29T06:12:56.706Z,178798397670600
"""DK @ 6AN-TeA3Jk"" checks",2026-08-29T06:12:53.432Z,178798397343200
"Flop:  [4♦, J♠, 5♥]",2026-08-29T06:12:50.148Z,178798397014800
"""Henry @ FQN9hzhzP_"" calls 40",2026-08-29T06:12:49.314Z,178798396931400
"""DK @ 6AN-TeA3Jk"" calls 40",2026-08-29T06:12:44.712Z,178798396471200
"""gurt @ gpP9uUffpu"" raises to 40",2026-08-29T06:12:41.880Z,178798396188000
"""Henry @ FQN9hzhzP_"" posts a big blind of 10",2026-08-29T06:12:39.472Z,178798395947206
"""DK @ 6AN-TeA3Jk"" posts a small blind of 5",2026-08-29T06:12:39.472Z,178798395947205
"Your hand is A♠, 2♦",2026-08-29T06:12:39.472Z,178798395947203
"Player stacks: #1 ""Henry @ FQN9hzhzP_"" (1720) | #2 ""gurt @ gpP9uUffpu"" (958) | #7 ""DK @ 6AN-TeA3Jk"" (1322)",2026-08-29T06:12:39.472Z,178798395947201
"-- starting hand #35 (id: hmovrnvojcpt)  No Limit Texas Hold'em (dealer: ""gurt @ gpP9uUffpu"") --",2026-08-29T06:12:39.472Z,178798395947200
"-- ending hand #34 --",2026-08-29T06:12:33.388Z,178798395338803
"""Henry @ FQN9hzhzP_"" collected 411 from pot with Straight, A High (combination: 10♦, J♦, Q♥, K♦, A♣)",2026-08-29T06:12:33.388Z,178798395338802
"""Henry @ FQN9hzhzP_"" shows a 10♣, A♣.",2026-08-29T06:12:33.388Z,178798395338801
"""DK @ 6AN-TeA3Jk"" shows a 4♠, Q♠.",2026-08-29T06:12:33.388Z,178798395338800
"""Henry @ FQN9hzhzP_"" checks",2026-08-29T06:12:32.585Z,178798395258500
"""DK @ 6AN-TeA3Jk"" checks",2026-08-29T06:12:31.108Z,178798395110800
"River: J♦, Q♥, 3♣, K♦ [10♦]",2026-08-29T06:12:27.268Z,178798394726800
"""DK @ 6AN-TeA3Jk"" calls 67",2026-08-29T06:12:26.411Z,178798394641100
"""Henry @ FQN9hzhzP_"" bets 67",2026-08-29T06:12:24.782Z,178798394478200
"""DK @ 6AN-TeA3Jk"" checks",2026-08-29T06:12:21.379Z,178798394137900
"Turn: J♦, Q♥, 3♣ [K♦]",2026-08-29T06:12:17.907Z,178798393790700
"""Henry @ FQN9hzhzP_"" calls 69",2026-08-29T06:12:17.091Z,178798393709100
"""DK @ 6AN-TeA3Jk"" bets 69",2026-08-29T06:12:15.799Z,178798393579900
"Flop:  [J♦, Q♥, 3♣]",2026-08-29T06:12:10.055Z,178798393005500
"""DK @ 6AN-TeA3Jk"" calls 67",2026-08-29T06:12:09.171Z,178798392917100
"""gurt @ gpP9uUffpu"" folds",2026-08-29T06:12:08.050Z,178798392805000
"""Henry @ FQN9hzhzP_"" raises to 67",2026-08-29T06:12:06.570Z,178798392657000
"""DK @ 6AN-TeA3Jk"" posts a big blind of 10",2026-08-29T06:12:03.896Z,178798392389606
"""gurt @ gpP9uUffpu"" posts a small blind of 5",2026-08-29T06:12:03.896Z,178798392389605
"Player stacks: #1 ""Henry @ FQN9hzhzP_"" (1512) | #2 ""gurt @ gpP9uUffpu"" (963) | #7 ""DK @ 6AN-TeA3Jk"" (1525)",2026-08-29T06:12:03.896Z,178798392389601
"-- starting hand #34 (id: ncrc6spebegn)  No Limit Texas Hold'em (dealer: ""Henry @ FQN9hzhzP_"") --",2026-08-29T06:12:03.896Z,178798392389600
"-- ending hand #33 --",2026-08-29T06:11:57.858Z,178798391785803
"""DK @ 6AN-TeA3Jk"" collected 366 from pot with Two Pair, 6's & 2's (combination: K♥, 2♥, 2♣, 6♣, 6♠)",2026-08-29T06:11:57.858Z,178798391785802
"""DK @ 6AN-TeA3Jk"" shows a 6♣, 6♠.",2026-08-29T06:11:57.858Z,178798391785801
"""Henry @ FQN9hzhzP_"" shows a 4♣, 3♦.",2026-08-29T06:11:57.858Z,178798391785800
"""DK @ 6AN-TeA3Jk"" calls 67",2026-08-29T06:11:57.011Z,178798391701100
"""Henry @ FQN9hzhzP_"" bets 67",2026-08-29T06:11:55.377Z,178798391537700
"River: K♥, 2♥, 2♣, 8♥ [Q♦]",2026-08-29T06:11:51.250Z,178798391125000
"""DK @ 6AN-TeA3Jk"" calls 36",2026-08-29T06:11:50.409Z,178798391040900
"""Henry @ FQN9hzhzP_"" bets 36",2026-08-29T06:11:48.178Z,178798390817800
"Turn: K♥, 2♥, 2♣ [8♥]",2026-08-29T06:11:44.901Z,178798390490100
"""DK @ 6AN-TeA3Jk"" calls 10",2026-08-29T06:11:44.057Z,178798390405700
"""Henry @ FQN9hzhzP_"" bets 10",2026-08-29T06:11:38.654Z,178798389865400
"Flop:  [K♥, 2♥, 2♣]",2026-08-29T06:11:38.293Z,178798389829300
"""gurt @ gpP9uUffpu"" folds",2026-08-29T06:11:37.395Z,178798389739500
"""Henry @ FQN9hzhzP_"" calls 65",2026-08-29T06:11:36.444Z,178798389644400
"""DK @ 6AN-TeA3Jk"" raises to 65",2026-08-29T06:11:30.823Z,178798389082300
"""gurt @ gpP9uUffpu"" posts a big blind of 10",2026-08-29T06:11:24.290Z,178798388429006
"""Henry @ FQN9hzhzP_"" posts a small blind of 5",2026-08-29T06:11:24.290Z,178798388429005
"Player stacks: #1 ""Henry @ FQN9hzhzP_"" (1690) | #2 ""gurt @ gpP9uUffpu"" (973) | #7 ""DK @ 6AN-TeA3Jk"" (1337)",2026-08-29T06:11:24.290Z,178798388429001
"-- starting hand #33 (id: 1ulnjfyfu2er)  No Limit Texas Hold'em (dealer: ""DK @ 6AN-TeA3Jk"") --",2026-08-29T06:11:24.290Z,178798388429000
"""gurt @ gpP9uUffpu"" shows a 5♥.",2026-08-29T06:11:22.037Z,178798388203700
"""Henry @ FQN9hzhzP_"" shows a J♠.",2026-08-29T06:11:21.293Z,178798388129300
"Undealt cards: 5♠, 10♦, A♦, 8♠ [4♦]",2026-08-29T06:11:18.108Z,178798387810800
"-- ending hand #32 --",2026-08-29T06:11:16.924Z,178798387692402
"""gurt @ gpP9uUffpu"" collected 200 from pot",2026-08-29T06:11:16.924Z,178798387692401
"Uncalled bet of 100 returned to ""gurt @ gpP9uUffpu""",2026-08-29T06:11:16.924Z,178798387692400
"""DK @ 6AN-TeA3Jk"" folds",2026-08-29T06:11:16.114Z,178798387611400
"""gurt @ gpP9uUffpu"" bets 100",2026-08-29T06:11:12.379Z,178798387237900
"""DK @ 6AN-TeA3Jk"" checks",2026-08-29T06:11:05.915Z,178798386591500
"Turn: 5♠, 10♦, A♦ [8♠]",2026-08-29T06:11:01.868Z,178798386186800
"""Henry @ FQN9hzhzP_"" folds",2026-08-29T06:11:00.993Z,178798386099300
"""DK @ 6AN-TeA3Jk"" calls 40",2026-08-29T06:10:55.500Z,178798385550000
"""gurt @ gpP9uUffpu"" bets 40",2026-08-29T06:10:53.875Z,178798385387500
"""Henry @ FQN9hzhzP_"" checks",2026-08-29T06:10:51.874Z,178798385187400
"""DK @ 6AN-TeA3Jk"" checks",2026-08-29T06:10:47.488Z,178798384748800
"Flop:  [5♠, 10♦, A♦]",2026-08-29T06:10:37.657Z,178798383765700
"""Henry @ FQN9hzhzP_"" calls 40",2026-08-29T06:10:36.810Z,178798383681000
"""DK @ 6AN-TeA3Jk"" calls 40",2026-08-29T06:10:32.811Z,178798383281100
"""gurt @ gpP9uUffpu"" raises to 40",2026-08-29T06:10:30.856Z,178798383085600
"""Henry @ FQN9hzhzP_"" posts a big blind of 10",2026-08-29T06:10:28.752Z,178798382875206
"""DK @ 6AN-TeA3Jk"" posts a small blind of 5",2026-08-29T06:10:28.752Z,178798382875205
"Player stacks: #1 ""Henry @ FQN9hzhzP_"" (1730) | #2 ""gurt @ gpP9uUffpu"" (853) | #7 ""DK @ 6AN-TeA3Jk"" (1417)",2026-08-29T06:10:28.752Z,178798382875201
"-- starting hand #32 (id: 3wpevfc5ddi1)  No Limit Texas Hold'em (dealer: ""gurt @ gpP9uUffpu"") --",2026-08-29T06:10:28.752Z,178798382875200
"""Henry @ FQN9hzhzP_"" shows a J♠, 4♦.",2026-08-29T06:10:25.392Z,178798382539200
"-- ending hand #31 --",2026-08-29T06:10:22.151Z,178798382215102
"""DK @ 6AN-TeA3Jk"" collected 90 from pot with Two Pair, 7's & 5's (combination: 10♣, 5♠, 5♦, 7♠, 7♣)",2026-08-29T06:10:22.151Z,178798382215101
"""DK @ 6AN-TeA3Jk"" shows a 5♠, 5♦.",2026-08-29T06:10:22.151Z,178798382215100
"""gurt @ gpP9uUffpu"" folds",2026-08-29T06:10:21.311Z,178798382131100
"""Henry @ FQN9hzhzP_"" calls 30",2026-08-29T06:10:20.267Z,178798382026700
"""DK @ 6AN-TeA3Jk"" bets 30",2026-08-29T06:10:19.293Z,178798381929300
"""gurt @ gpP9uUffpu"" checks",2026-08-29T06:10:16.323Z,178798381632300
"River: 7♠, 7♣, 2♠, 3♦ [10♣]",2026-08-29T06:10:14.347Z,178798381434700
"""Henry @ FQN9hzhzP_"" checks",2026-08-29T06:10:13.513Z,178798381351300
"""DK @ 6AN-TeA3Jk"" checks",2026-08-29T06:10:12.596Z,178798381259600
"""gurt @ gpP9uUffpu"" checks",2026-08-29T06:10:10.800Z,178798381080000
"Turn: 7♠, 7♣, 2♠ [3♦]",2026-08-29T06:10:09.745Z,178798380974500
"""Henry @ FQN9hzhzP_"" checks",2026-08-29T06:10:08.917Z,178798380891700
"""DK @ 6AN-TeA3Jk"" checks",2026-08-29T06:10:07.282Z,178798380728200
"""gurt @ gpP9uUffpu"" checks",2026-08-29T06:10:05.202Z,178798380520200
"Flop:  [7♠, 7♣, 2♠]",2026-08-29T06:10:01.334Z,178798380133400
"""DK @ 6AN-TeA3Jk"" checks",2026-08-29T06:10:00.478Z,178798380047800
"""gurt @ gpP9uUffpu"" calls 10",2026-08-29T06:09:58.116Z,178798379811600
"""Henry @ FQN9hzhzP_"" calls 10",2026-08-29T06:09:57.059Z,178798379705900
"""DK @ 6AN-TeA3Jk"" posts a big blind of 10",2026-08-29T06:09:44.252Z,178798378425206
"""gurt @ gpP9uUffpu"" posts a small blind of 5",2026-08-29T06:09:44.252Z,178798378425205
"Player stacks: #1 ""Henry @ FQN9hzhzP_"" (1770) | #2 ""gurt @ gpP9uUffpu"" (863) | #7 ""DK @ 6AN-TeA3Jk"" (1367)",2026-08-29T06:09:44.252Z,178798378425201
"-- starting hand #31 (id: najoa1kupth8)  No Limit Texas Hold'em (dealer: ""Henry @ FQN9hzhzP_"") --",2026-08-29T06:09:44.252Z,178798378425200
"""Henry @ FQN9hzhzP_"" shows a Q♠, 2♥.",2026-08-29T06:09:39.665Z,178798377966500
"""gurt @ gpP9uUffpu"" shows a Q♣, 5♠.",2026-08-29T06:09:38.689Z,178798377868900
"-- ending hand #30 --",2026-08-29T06:09:37.246Z,178798377724602
"""DK @ 6AN-TeA3Jk"" collected 1248 from pot with Two Pair, K's & Q's (combination: 6♣, Q♦, Q♥, K♠, K♣)",2026-08-29T06:09:37.246Z,178798377724601
"""DK @ 6AN-TeA3Jk"" shows a Q♦, 6♣.",2026-08-29T06:09:37.246Z,178798377724600
"""gurt @ gpP9uUffpu"" calls 355",2026-08-29T06:09:36.443Z,178798377644300
"""Henry @ FQN9hzhzP_"" calls 355",2026-08-29T06:09:24.275Z,178798376427500
"""DK @ 6AN-TeA3Jk"" raises to 355",2026-08-29T06:09:15.634Z,178798375563400
"""gurt @ gpP9uUffpu"" calls 67",2026-08-29T06:09:11.339Z,178798375133900
"""Henry @ FQN9hzhzP_"" bets 67",2026-08-29T06:09:08.594Z,178798374859400
"River: 2♠, K♠, K♣, 3♦ [Q♥]",2026-08-29T06:09:06.014Z,178798374601400
"""DK @ 6AN-TeA3Jk"" calls 36",2026-08-29T06:09:05.211Z,178798374521100
"""gurt @ gpP9uUffpu"" calls 36",2026-08-29T06:09:04.104Z,178798374410400
"""Henry @ FQN9hzhzP_"" bets 36",2026-08-29T06:09:02.455Z,178798374245500
"Turn: 2♠, K♠, K♣ [3♦]",2026-08-29T06:08:59.650Z,178798373965000
"""DK @ 6AN-TeA3Jk"" calls 15",2026-08-29T06:08:58.838Z,178798373883800
"""gurt @ gpP9uUffpu"" calls 15",2026-08-29T06:08:57.686Z,178798373768600
"""Henry @ FQN9hzhzP_"" bets 15",2026-08-29T06:08:56.505Z,178798373650500
"Flop:  [2♠, K♠, K♣]",2026-08-29T06:08:51.182Z,178798373118200
"""gurt @ gpP9uUffpu"" checks",2026-08-29T06:08:50.377Z,178798373037700
"""Henry @ FQN9hzhzP_"" calls 10",2026-08-29T06:08:49.439Z,178798372943900
"""DK @ 6AN-TeA3Jk"" calls 10",2026-08-29T06:08:42.837Z,178798372283700
"""gurt @ gpP9uUffpu"" posts a big blind of 10",2026-08-29T06:08:38.569Z,178798371856906
"""Henry @ FQN9hzhzP_"" posts a small blind of 5",2026-08-29T06:08:38.569Z,178798371856905
"Your hand is Q♣, 5♠",2026-08-29T06:08:38.569Z,178798371856903
"Player stacks: #1 ""Henry @ FQN9hzhzP_"" (2186) | #2 ""gurt @ gpP9uUffpu"" (1279) | #7 ""DK @ 6AN-TeA3Jk"" (535)",2026-08-29T06:08:38.569Z,178798371856901
"-- starting hand #30 (id: gpbmefsl0w2c)  No Limit Texas Hold'em (dealer: ""DK @ 6AN-TeA3Jk"") --",2026-08-29T06:08:38.569Z,178798371856900
"""DK @ 6AN-TeA3Jk"" shows a J♣.",2026-08-29T06:08:34.935Z,178798371493500
"-- ending hand #29 --",2026-08-29T06:08:32.016Z,178798371201603
"""Henry @ FQN9hzhzP_"" collected 301 from pot with Pair, K's (combination: J♠, Q♥, A♣, K♥, K♣)",2026-08-29T06:08:32.016Z,178798371201602
"""Henry @ FQN9hzhzP_"" shows a J♠, A♣.",2026-08-29T06:08:32.016Z,178798371201601
"""gurt @ gpP9uUffpu"" shows a 7♣, 6♥.",2026-08-29T06:08:32.016Z,178798371201600
"""Henry @ FQN9hzhzP_"" calls 50",2026-08-29T06:08:31.192Z,178798371119200
"""DK @ 6AN-TeA3Jk"" folds",2026-08-29T06:08:30.144Z,178798371014400
"""gurt @ gpP9uUffpu"" bets 50",2026-08-29T06:08:25.423Z,178798370542300
"""Henry @ FQN9hzhzP_"" checks",2026-08-29T06:08:23.145Z,178798370314500
"""DK @ 6AN-TeA3Jk"" checks",2026-08-29T06:08:21.896Z,178798370189600
"River: Q♥, K♥, 2♠, 3♠ [K♣]",2026-08-29T06:08:20.066Z,178798370006600
"""gurt @ gpP9uUffpu"" checks",2026-08-29T06:08:19.211Z,178798369921100
"""Henry @ FQN9hzhzP_"" checks",2026-08-29T06:08:16.697Z,178798369669700
"""DK @ 6AN-TeA3Jk"" checks",2026-08-29T06:08:15.522Z,178798369552200
"Turn: Q♥, K♥, 2♠ [3♠]",2026-08-29T06:08:13.710Z,178798369371000
"""gurt @ gpP9uUffpu"" checks",2026-08-29T06:08:12.875Z,178798369287500
"""Henry @ FQN9hzhzP_"" checks",2026-08-29T06:08:09.731Z,178798368973100
"""DK @ 6AN-TeA3Jk"" checks",2026-08-29T06:08:07.958Z,178798368795800
"Flop:  [Q♥, K♥, 2♠]",2026-08-29T06:08:05.195Z,178798368519500
"""DK @ 6AN-TeA3Jk"" calls 67",2026-08-29T06:08:04.380Z,178798368438000
"""gurt @ gpP9uUffpu"" calls 67",2026-08-29T06:08:03.291Z,178798368329100
"""Henry @ FQN9hzhzP_"" raises to 67",2026-08-29T06:07:59.779Z,178798367977900
"""DK @ 6AN-TeA3Jk"" calls 30",2026-08-29T06:07:55.437Z,178798367543700
"""gurt @ gpP9uUffpu"" raises to 30",2026-08-29T06:07:53.926Z,178798367392600
"""Henry @ FQN9hzhzP_"" posts a big blind of 10",2026-08-29T06:07:52.248Z,178798367224806
"""DK @ 6AN-TeA3Jk"" posts a small blind of 5",2026-08-29T06:07:52.248Z,178798367224805
"Your hand is 7♣, 6♥",2026-08-29T06:07:52.248Z,178798367224803
"Player stacks: #1 ""Henry @ FQN9hzhzP_"" (2002) | #2 ""gurt @ gpP9uUffpu"" (1396) | #7 ""DK @ 6AN-TeA3Jk"" (602)",2026-08-29T06:07:52.248Z,178798367224801
"-- starting hand #29 (id: hhbd28qhdogw)  No Limit Texas Hold'em (dealer: ""gurt @ gpP9uUffpu"") --",2026-08-29T06:07:52.248Z,178798367224800
"""gurt @ gpP9uUffpu"" shows a 7♠.",2026-08-29T06:07:47.897Z,178798366789700
"""Henry @ FQN9hzhzP_"" shows a A♦.",2026-08-29T06:07:46.969Z,178798366696900
"Undealt cards: 8♥, 10♥, 9♣, 4♦ [9♠]",2026-08-29T06:07:45.300Z,178798366530000
"-- ending hand #28 --",2026-08-29T06:07:44.841Z,178798366484102
"""Henry @ FQN9hzhzP_"" collected 139 from pot",2026-08-29T06:07:44.841Z,178798366484101
"Uncalled bet of 67 returned to ""Henry @ FQN9hzhzP_""",2026-08-29T06:07:44.841Z,178798366484100
"""DK @ 6AN-TeA3Jk"" folds",2026-08-29T06:07:43.945Z,178798366394500
"""Henry @ FQN9hzhzP_"" bets 67",2026-08-29T06:07:42.942Z,178798366294200
"""DK @ 6AN-TeA3Jk"" checks",2026-08-29T06:07:39.035Z,178798365903500
"Turn: 8♥, 10♥, 9♣ [4♦]",2026-08-29T06:07:36.641Z,178798365664100
"""Henry @ FQN9hzhzP_"" checks",2026-08-29T06:07:35.834Z,178798365583400
"""DK @ 6AN-TeA3Jk"" checks",2026-08-29T06:07:33.737Z,178798365373700
"Flop:  [8♥, 10♥, 9♣]",2026-08-29T06:07:29.523Z,178798364952300
"""DK @ 6AN-TeA3Jk"" calls 67",2026-08-29T06:07:28.703Z,178798364870300
"""gurt @ gpP9uUffpu"" folds",2026-08-29T06:07:22.211Z,178798364221100
"""Henry @ FQN9hzhzP_"" raises to 67",2026-08-29T06:07:20.898Z,178798364089800
"""DK @ 6AN-TeA3Jk"" posts a big blind of 10",2026-08-29T06:07:12.399Z,178798363239906
"""gurt @ gpP9uUffpu"" posts a small blind of 5",2026-08-29T06:07:12.399Z,178798363239905
"Player stacks: #1 ""Henry @ FQN9hzhzP_"" (1930) | #2 ""gurt @ gpP9uUffpu"" (1401) | #7 ""DK @ 6AN-TeA3Jk"" (669)",2026-08-29T06:07:12.399Z,178798363239901
"-- starting hand #28 (id: 4skqkrdnsyam)  No Limit Texas Hold'em (dealer: ""Henry @ FQN9hzhzP_"") --",2026-08-29T06:07:12.399Z,178798363239900
"-- ending hand #27 --",2026-08-29T06:07:04.392Z,178798362439202
"""Henry @ FQN9hzhzP_"" collected 965 from pot with Two Pair, A's & K's on the second run  (combination: Q♠, K♦, K♥, A♠, A♦)",2026-08-29T06:07:04.392Z,178798362439201
"""Henry @ FQN9hzhzP_"" collected 965 from pot with Two Pair, A's & K's (combination: 10♥, K♦, K♥, A♠, A♦)",2026-08-29T06:07:04.392Z,178798362439200
"River (second run): A♠, A♦, 5♠, 3♦ [Q♠]",2026-08-29T06:07:00.381Z,178798362038100
"Turn (second run): A♠, A♦, 5♠ [3♦]",2026-08-29T06:06:56.358Z,178798361635800
"River: A♠, A♦, 5♠, 7♦ [10♥]",2026-08-29T06:06:52.353Z,178798361235300
"Turn: A♠, A♦, 5♠ [7♦]",2026-08-29T06:06:48.266Z,178798360826600
"""DK @ 6AN-TeA3Jk"" shows a Q♣, 5♦.",2026-08-29T06:06:44.244Z,178798360424401
"""Henry @ FQN9hzhzP_"" shows a K♦, K♥.",2026-08-29T06:06:44.244Z,178798360424400
"All players in hand choose to run it twice.",2026-08-29T06:06:43.413Z,178798360341301
"""Henry @ FQN9hzhzP_"" chooses to  run it twice.",2026-08-29T06:06:43.413Z,178798360341300
"""DK @ 6AN-TeA3Jk"" chooses to  run it twice.",2026-08-29T06:06:42.684Z,178798360268400
"Remaining players decide whether to run it twice.",2026-08-29T06:06:41.618Z,178798360161801
"""DK @ 6AN-TeA3Jk"" calls 840",2026-08-29T06:06:41.618Z,178798360161800
"""Henry @ FQN9hzhzP_"" raises to 840 and go all in",2026-08-29T06:06:12.601Z,178798357260100
"""DK @ 6AN-TeA3Jk"" raises to 375",2026-08-29T06:06:10.302Z,178798357030200
"""Henry @ FQN9hzhzP_"" bets 125",2026-08-29T06:06:04.176Z,178798356417600
"Flop:  [A♠, A♦, 5♠]",2026-08-29T06:05:58.327Z,178798355832700
"""DK @ 6AN-TeA3Jk"" calls 120",2026-08-29T06:05:57.486Z,178798355748600
"""gurt @ gpP9uUffpu"" folds",2026-08-29T06:05:55.496Z,178798355549600
"""Henry @ FQN9hzhzP_"" raises to 120",2026-08-29T06:05:54.562Z,178798355456200
"""DK @ 6AN-TeA3Jk"" raises to 40",2026-08-29T06:05:48.590Z,178798354859000
"""gurt @ gpP9uUffpu"" posts a big blind of 10",2026-08-29T06:05:41.723Z,178798354172306
"""Henry @ FQN9hzhzP_"" posts a small blind of 5",2026-08-29T06:05:41.723Z,178798354172305
"Player stacks: #1 ""Henry @ FQN9hzhzP_"" (960) | #2 ""gurt @ gpP9uUffpu"" (1411) | #7 ""DK @ 6AN-TeA3Jk"" (1629)",2026-08-29T06:05:41.723Z,178798354172301
"-- starting hand #27 (id: 0iiq7xvzcs1y)  No Limit Texas Hold'em (dealer: ""DK @ 6AN-TeA3Jk"") --",2026-08-29T06:05:41.723Z,178798354172300
"""gurt @ gpP9uUffpu"" shows a 7♥.",2026-08-29T06:05:39.506Z,178798353950600
"""DK @ 6AN-TeA3Jk"" shows a 8♠.",2026-08-29T06:05:38.428Z,178798353842800
"""DK @ 6AN-TeA3Jk"" shows a K♥.",2026-08-29T06:05:37.996Z,178798353799600
"-- ending hand #26 --",2026-08-29T06:05:37.398Z,178798353739802
"""gurt @ gpP9uUffpu"" collected 800 from pot",2026-08-29T06:05:37.398Z,178798353739801
"Uncalled bet of 611 returned to ""gurt @ gpP9uUffpu""",2026-08-29T06:05:37.398Z,178798353739800
"""DK @ 6AN-TeA3Jk"" folds",2026-08-29T06:05:36.594Z,178798353659400
"""gurt @ gpP9uUffpu"" bets 611 and go all in",2026-08-29T06:05:20.823Z,178798352082300
"""DK @ 6AN-TeA3Jk"" checks",2026-08-29T06:05:18.822Z,178798351882200
"River: 7♣, 3♣, 2♦, K♣ [7♠]",2026-08-29T06:05:14.759Z,178798351475900
"""gurt @ gpP9uUffpu"" calls 300",2026-08-29T06:05:13.921Z,178798351392100
"""DK @ 6AN-TeA3Jk"" raises to 300",2026-08-29T06:05:12.963Z,178798351296300
"""gurt @ gpP9uUffpu"" bets 60",2026-08-29T06:05:08.721Z,178798350872100
"""DK @ 6AN-TeA3Jk"" checks",2026-08-29T06:05:06.386Z,178798350638600
"Turn: 7♣, 3♣, 2♦ [K♣]",2026-08-29T06:05:04.419Z,178798350441900
"""Henry @ FQN9hzhzP_"" folds",2026-08-29T06:05:03.600Z,178798350360000
"""DK @ 6AN-TeA3Jk"" calls 40",2026-08-29T06:05:02.506Z,178798350250600
"""gurt @ gpP9uUffpu"" bets 40",2026-08-29T06:04:57.532Z,178798349753200
"""Henry @ FQN9hzhzP_"" checks",2026-08-29T06:04:55.047Z,178798349504700
"""DK @ 6AN-TeA3Jk"" checks",2026-08-29T06:04:53.196Z,178798349319600
"Flop:  [7♣, 3♣, 2♦]",2026-08-29T06:04:51.058Z,178798349105800
"""Henry @ FQN9hzhzP_"" calls 40",2026-08-29T06:04:50.237Z,178798349023700
"""DK @ 6AN-TeA3Jk"" calls 40",2026-08-29T06:04:48.449Z,178798348844900
"""gurt @ gpP9uUffpu"" raises to 40",2026-08-29T06:04:46.552Z,178798348655200
"""Henry @ FQN9hzhzP_"" posts a big blind of 10",2026-08-29T06:04:44.711Z,178798348471107
"""DK @ 6AN-TeA3Jk"" posts a small blind of 5",2026-08-29T06:04:44.711Z,178798348471106
"Player stacks: #1 ""Henry @ FQN9hzhzP_"" (1000) | #2 ""gurt @ gpP9uUffpu"" (991) | #7 ""DK @ 6AN-TeA3Jk"" (2009)",2026-08-29T06:04:44.711Z,178798348471102
"-- starting hand #26 (id: 3ltyvvwwjbwm)  No Limit Texas Hold'em (dealer: ""gurt @ gpP9uUffpu"") --",2026-08-29T06:04:44.711Z,178798348471101
"The player ""Henry @ FQN9hzhzP_"" joined the game with a stack of 1000.",2026-08-29T06:04:44.711Z,178798348471100
"Undealt cards:  [K♠, A♠, 8♠, 5♥, K♥]",2026-08-29T06:04:39.141Z,178798347914100
"-- ending hand #25 --",2026-08-29T06:04:38.796Z,178798347879602
"""DK @ 6AN-TeA3Jk"" collected 20 from pot",2026-08-29T06:04:38.796Z,178798347879601
"Uncalled bet of 40 returned to ""DK @ 6AN-TeA3Jk""",2026-08-29T06:04:38.796Z,178798347879600
"""gurt @ gpP9uUffpu"" folds",2026-08-29T06:04:37.954Z,178798347795400
"""DK @ 6AN-TeA3Jk"" raises to 50",2026-08-29T06:04:37.044Z,178798347704400
"The admin approved the player ""Henry @ FQN9hzhzP_"" participation with a stack of 1000.",2026-08-29T06:04:35.978Z,178798347597800
"The player ""Henry @ FQN9hzhzP_"" requested a seat.",2026-08-29T06:04:32.667Z,178798347266700
"""gurt @ gpP9uUffpu"" posts a big blind of 10",2026-08-29T06:04:28.350Z,178798346835006
"""DK @ 6AN-TeA3Jk"" posts a small blind of 5",2026-08-29T06:04:28.350Z,178798346835005
"Player stacks: #2 ""gurt @ gpP9uUffpu"" (1001) | #7 ""DK @ 6AN-TeA3Jk"" (1999)",2026-08-29T06:04:28.350Z,178798346835002
"-- starting hand #25 (id: 7jwauvgx2ew9)  No Limit Texas Hold'em (dealer: ""DK @ 6AN-TeA3Jk"") --",2026-08-29T06:04:28.350Z,178798346835001
"The player ""Henry @ FQN9hzhzP_"" quits the game with a stack of 0.",2026-08-29T06:04:28.350Z,178798346835000
"-- ending hand #24 --",2026-08-29T06:04:22.323Z,178798346232301
"""DK @ 6AN-TeA3Jk"" collected 1318 from pot with Two Pair, Q's & 4's (combination: J♠, 4♥, 4♣, Q♠, Q♦)",2026-08-29T06:04:22.323Z,178798346232300
"River: 4♥, 2♣, J♠, 4♣ [10♣]",2026-08-29T06:04:18.290Z,178798345829000
"Turn: 4♥, 2♣, J♠ [4♣]",2026-08-29T06:04:14.211Z,178798345421100
"""Henry @ FQN9hzhzP_"" shows a 3♥, J♥.",2026-08-29T06:04:10.179Z,178798345017902
"""DK @ 6AN-TeA3Jk"" shows a Q♠, Q♦.",2026-08-29T06:04:10.179Z,178798345017901
"Uncalled bet of 681 returned to ""DK @ 6AN-TeA3Jk""",2026-08-29T06:04:10.179Z,178798345017900
"Some players choose to not run it twice.",2026-08-29T06:04:09.341Z,178798344934101
"""Henry @ FQN9hzhzP_"" chooses to not run it twice.",2026-08-29T06:04:09.341Z,178798344934100
"""DK @ 6AN-TeA3Jk"" chooses to  run it twice.",2026-08-29T06:04:09.043Z,178798344904300
"Remaining players decide whether to run it twice.",2026-08-29T06:04:07.945Z,178798344794501
"""Henry @ FQN9hzhzP_"" calls 551 and go all in",2026-08-29T06:04:07.945Z,178798344794500
"""DK @ 6AN-TeA3Jk"" raises to 1232 and go all in",2026-08-29T06:04:06.463Z,178798344646300
"""Henry @ FQN9hzhzP_"" raises to 367",2026-08-29T06:04:03.123Z,178798344312300
"""DK @ 6AN-TeA3Jk"" raises to 167",2026-08-29T06:04:00.812Z,178798344081200
"""Henry @ FQN9hzhzP_"" bets 67",2026-08-29T06:03:43.353Z,178798342335300
"""DK @ 6AN-TeA3Jk"" checks",2026-08-29T06:03:38.640Z,178798341864000
"Flop:  [4♥, 2♣, J♠]",2026-08-29T06:03:36.164Z,178798341616400
"""Henry @ FQN9hzhzP_"" calls 108",2026-08-29T06:03:35.293Z,178798341529300
"""DK @ 6AN-TeA3Jk"" raises to 108",2026-08-29T06:03:33.965Z,178798341396500
"""Henry @ FQN9hzhzP_"" raises to 36",2026-08-29T06:03:30.988Z,178798341098800
"""DK @ 6AN-TeA3Jk"" calls 10",2026-08-29T06:03:28.238Z,178798340823800
"""gurt @ gpP9uUffpu"" folds",2026-08-29T06:03:20.841Z,178798340084100
"""Henry @ FQN9hzhzP_"" posts a big blind of 10",2026-08-29T06:03:19.352Z,178798339935206
"""DK @ 6AN-TeA3Jk"" posts a small blind of 5",2026-08-29T06:03:19.352Z,178798339935205
"Player stacks: #2 ""gurt @ gpP9uUffpu"" (1001) | #7 ""DK @ 6AN-TeA3Jk"" (1340) | #9 ""Henry @ FQN9hzhzP_"" (659)",2026-08-29T06:03:19.352Z,178798339935201
"-- starting hand #24 (id: m379p2wpwbhv)  No Limit Texas Hold'em (dealer: ""gurt @ gpP9uUffpu"") --",2026-08-29T06:03:19.352Z,178798339935200
"""gurt @ gpP9uUffpu"" shows a J♠.",2026-08-29T06:03:15.468Z,178798339546800
"""Henry @ FQN9hzhzP_"" shows a 3♠.",2026-08-29T06:03:13.472Z,178798339347200
"""DK @ 6AN-TeA3Jk"" shows a 8♣.",2026-08-29T06:03:13.156Z,178798339315600
"Undealt cards: K♥, K♦, 6♣, 3♣ [2♣]",2026-08-29T06:03:12.656Z,178798339265600
"-- ending hand #23 --",2026-08-29T06:03:11.259Z,178798339125902
"""gurt @ gpP9uUffpu"" collected 20 from pot",2026-08-29T06:03:11.259Z,178798339125901
"Uncalled bet of 20 returned to ""gurt @ gpP9uUffpu""",2026-08-29T06:03:11.259Z,178798339125900
"""DK @ 6AN-TeA3Jk"" folds",2026-08-29T06:03:10.447Z,178798339044700
"""gurt @ gpP9uUffpu"" bets 20",2026-08-29T06:03:07.819Z,178798338781900
"Turn: K♥, K♦, 6♣ [3♣]",2026-08-29T06:03:05.426Z,178798338542600
"""DK @ 6AN-TeA3Jk"" checks",2026-08-29T06:03:04.593Z,178798338459300
"""gurt @ gpP9uUffpu"" checks",2026-08-29T06:03:02.264Z,178798338226400
"Flop:  [K♥, K♦, 6♣]",2026-08-29T06:03:00.374Z,178798338037400
"""DK @ 6AN-TeA3Jk"" checks",2026-08-29T06:02:59.546Z,178798337954600
"""gurt @ gpP9uUffpu"" calls 10",2026-08-29T06:02:57.547Z,178798337754700
"""Henry @ FQN9hzhzP_"" folds",2026-08-29T06:02:56.151Z,178798337615100
"""DK @ 6AN-TeA3Jk"" posts a big blind of 10",2026-08-29T06:02:54.120Z,178798337412006
"""gurt @ gpP9uUffpu"" posts a small blind of 5",2026-08-29T06:02:54.120Z,178798337412005
"Player stacks: #2 ""gurt @ gpP9uUffpu"" (991) | #7 ""DK @ 6AN-TeA3Jk"" (1350) | #9 ""Henry @ FQN9hzhzP_"" (659)",2026-08-29T06:02:54.120Z,178798337412001
"-- starting hand #23 (id: lsgdwhinotow)  No Limit Texas Hold'em (dealer: ""Henry @ FQN9hzhzP_"") --",2026-08-29T06:02:54.120Z,178798337412000
"Undealt cards: 2♠, K♣, 10♦ [A♠, 3♥]",2026-08-29T06:02:50.626Z,178798337062600
"""DK @ 6AN-TeA3Jk"" shows a A♥.",2026-08-29T06:02:49.960Z,178798336996000
"""Henry @ FQN9hzhzP_"" shows a 5♥, 6♣.",2026-08-29T06:02:48.335Z,178798336833500
"-- ending hand #22 --",2026-08-29T06:02:46.756Z,178798336675602
"""DK @ 6AN-TeA3Jk"" collected 140 from pot",2026-08-29T06:02:46.756Z,178798336675601
"Uncalled bet of 70 returned to ""DK @ 6AN-TeA3Jk""",2026-08-29T06:02:46.756Z,178798336675600
"""Henry @ FQN9hzhzP_"" folds",2026-08-29T06:02:45.917Z,178798336591700
"""DK @ 6AN-TeA3Jk"" bets 70",2026-08-29T06:02:44.447Z,178798336444700
"""Henry @ FQN9hzhzP_"" checks",2026-08-29T06:02:39.221Z,178798335922100
"Flop:  [2♠, K♣, 10♦]",2026-08-29T06:02:36.497Z,178798335649700
"""gurt @ gpP9uUffpu"" folds",2026-08-29T06:02:35.596Z,178798335559600
"""Henry @ FQN9hzhzP_"" calls 65",2026-08-29T06:02:34.655Z,178798335465500
"""DK @ 6AN-TeA3Jk"" raises to 65",2026-08-29T06:02:17.316Z,178798333731600
"""gurt @ gpP9uUffpu"" posts a big blind of 10",2026-08-29T06:02:07.492Z,178798332749206
"""Henry @ FQN9hzhzP_"" posts a small blind of 5",2026-08-29T06:02:07.492Z,178798332749205
"Player stacks: #2 ""gurt @ gpP9uUffpu"" (1001) | #7 ""DK @ 6AN-TeA3Jk"" (1275) | #9 ""Henry @ FQN9hzhzP_"" (724)",2026-08-29T06:02:07.492Z,178798332749201
"-- starting hand #22 (id: mqhiylxmkbrg)  No Limit Texas Hold'em (dealer: ""DK @ 6AN-TeA3Jk"") --",2026-08-29T06:02:07.492Z,178798332749200
"""Henry @ FQN9hzhzP_"" shows a 2♣, 10♥.",2026-08-29T06:02:05.129Z,178798332512900
"-- ending hand #21 --",2026-08-29T06:02:03.768Z,178798332376802
"""Henry @ FQN9hzhzP_"" collected 380 from pot",2026-08-29T06:02:03.768Z,178798332376801
"Uncalled bet of 105 returned to ""Henry @ FQN9hzhzP_""",2026-08-29T06:02:03.768Z,178798332376800
"""DK @ 6AN-TeA3Jk"" folds",2026-08-29T06:02:02.943Z,178798332294300
"""Henry @ FQN9hzhzP_"" raises to 210",2026-08-29T06:01:53.352Z,178798331335200
"""DK @ 6AN-TeA3Jk"" bets 105",2026-08-29T06:01:47.452Z,178798330745200
"River: J♣, A♣, 6♣, A♦ [4♥]",2026-08-29T06:01:39.346Z,178798329934600
"""gurt @ gpP9uUffpu"" folds",2026-08-29T06:01:38.542Z,178798329854200
"""Henry @ FQN9hzhzP_"" calls 70",2026-08-29T06:01:37.540Z,178798329754000
"""DK @ 6AN-TeA3Jk"" bets 70",2026-08-29T06:01:36.343Z,178798329634300
"Turn: J♣, A♣, 6♣ [A♦]",2026-08-29T06:01:29.144Z,178798328914400
"""gurt @ gpP9uUffpu"" checks",2026-08-29T06:01:28.282Z,178798328828200
"""Henry @ FQN9hzhzP_"" checks",2026-08-29T06:01:27.346Z,178798328734600
"""DK @ 6AN-TeA3Jk"" checks",2026-08-29T06:01:25.799Z,178798328579900
"Flop:  [J♣, A♣, 6♣]",2026-08-29T06:01:22.061Z,178798328206100
"""Henry @ FQN9hzhzP_"" checks",2026-08-29T06:01:21.198Z,178798328119800
"""DK @ 6AN-TeA3Jk"" calls 10",2026-08-29T06:01:19.457Z,178798327945700
"""gurt @ gpP9uUffpu"" calls 10",2026-08-29T06:01:17.155Z,178798327715500
"""Henry @ FQN9hzhzP_"" posts a big blind of 10",2026-08-29T06:01:15.659Z,178798327565906
"""DK @ 6AN-TeA3Jk"" posts a small blind of 5",2026-08-29T06:01:15.659Z,178798327565905
"Player stacks: #2 ""gurt @ gpP9uUffpu"" (1011) | #7 ""DK @ 6AN-TeA3Jk"" (1460) | #9 ""Henry @ FQN9hzhzP_"" (529)",2026-08-29T06:01:15.659Z,178798327565901
"-- starting hand #21 (id: rwu9ruyeoaqr)  No Limit Texas Hold'em (dealer: ""gurt @ gpP9uUffpu"") --",2026-08-29T06:01:15.659Z,178798327565900
"""Henry @ FQN9hzhzP_"" shows a 9♣.",2026-08-29T06:01:12.886Z,178798327288600
"""Henry @ FQN9hzhzP_"" shows a 7♥.",2026-08-29T06:01:12.637Z,178798327263700
"Undealt cards:  [5♣, 8♣, 4♣, 3♠, 3♦]",2026-08-29T06:01:12.171Z,178798327217100
"-- ending hand #20 --",2026-08-29T06:01:09.053Z,178798326905302
"""Henry @ FQN9hzhzP_"" collected 25 from pot",2026-08-29T06:01:09.053Z,178798326905301
"Uncalled bet of 57 returned to ""Henry @ FQN9hzhzP_""",2026-08-29T06:01:09.053Z,178798326905300
"""DK @ 6AN-TeA3Jk"" folds",2026-08-29T06:01:08.186Z,178798326818600
"""gurt @ gpP9uUffpu"" folds",2026-08-29T06:01:06.954Z,178798326695400
"""Henry @ FQN9hzhzP_"" raises to 67",2026-08-29T06:01:06.010Z,178798326601000
"""DK @ 6AN-TeA3Jk"" posts a big blind of 10",2026-08-29T06:01:01.414Z,178798326141406
"""gurt @ gpP9uUffpu"" posts a small blind of 5",2026-08-29T06:01:01.414Z,178798326141405
"Player stacks: #2 ""gurt @ gpP9uUffpu"" (1016) | #7 ""DK @ 6AN-TeA3Jk"" (1470) | #9 ""Henry @ FQN9hzhzP_"" (514)",2026-08-29T06:01:01.414Z,178798326141401
"-- starting hand #20 (id: 35ryqxumsmbn)  No Limit Texas Hold'em (dealer: ""Henry @ FQN9hzhzP_"") --",2026-08-29T06:01:01.414Z,178798326141400
"""DK @ 6AN-TeA3Jk"" shows a 4♣.",2026-08-29T06:00:57.879Z,178798325787900
"-- ending hand #19 --",2026-08-29T06:00:54.874Z,178798325487403
"""gurt @ gpP9uUffpu"" collected 150 from pot with Pair, 5's (combination: J♦, Q♦, A♠, 5♣, 5♠)",2026-08-29T06:00:54.874Z,178798325487402
"""gurt @ gpP9uUffpu"" shows a 5♣, 7♣.",2026-08-29T06:00:54.874Z,178798325487401
"""Henry @ FQN9hzhzP_"" shows a 3♣, 7♥.",2026-08-29T06:00:54.874Z,178798325487400
"""DK @ 6AN-TeA3Jk"" checks",2026-08-29T06:00:54.035Z,178798325403500
"""gurt @ gpP9uUffpu"" checks",2026-08-29T06:00:52.770Z,178798325277000
"""Henry @ FQN9hzhzP_"" checks",2026-08-29T06:00:51.783Z,178798325178300
"River: A♠, J♦, 5♠, 4♠ [Q♦]",2026-08-29T06:00:49.064Z,178798324906400
"""DK @ 6AN-TeA3Jk"" checks",2026-08-29T06:00:48.179Z,178798324817900
"""gurt @ gpP9uUffpu"" checks",2026-08-29T06:00:46.960Z,178798324696000
"""Henry @ FQN9hzhzP_"" checks",2026-08-29T06:00:45.854Z,178798324585400
"Turn: A♠, J♦, 5♠ [4♠]",2026-08-29T06:00:40.537Z,178798324053700
"""DK @ 6AN-TeA3Jk"" calls 10",2026-08-29T06:00:39.712Z,178798323971200
"""gurt @ gpP9uUffpu"" calls 10",2026-08-29T06:00:38.433Z,178798323843300
"""Henry @ FQN9hzhzP_"" bets 10",2026-08-29T06:00:36.111Z,178798323611100
"Flop:  [A♠, J♦, 5♠]",2026-08-29T06:00:29.843Z,178798322984300
"""gurt @ gpP9uUffpu"" calls 40",2026-08-29T06:00:28.937Z,178798322893700
"""Henry @ FQN9hzhzP_"" calls 40",2026-08-29T06:00:27.967Z,178798322796700
"""DK @ 6AN-TeA3Jk"" raises to 40",2026-08-29T06:00:19.694Z,178798321969400
"""gurt @ gpP9uUffpu"" posts a big blind of 10",2026-08-29T06:00:11.837Z,178798321183706
"""Henry @ FQN9hzhzP_"" posts a small blind of 5",2026-08-29T06:00:11.837Z,178798321183705
"Your hand is 5♣, 7♣",2026-08-29T06:00:11.837Z,178798321183702
"Player stacks: #2 ""gurt @ gpP9uUffpu"" (916) | #7 ""DK @ 6AN-TeA3Jk"" (1520) | #9 ""Henry @ FQN9hzhzP_"" (564)",2026-08-29T06:00:11.837Z,178798321183701
"-- starting hand #19 (id: 3cz6o8v0j6hq)  No Limit Texas Hold'em (dealer: ""DK @ 6AN-TeA3Jk"") --",2026-08-29T06:00:11.837Z,178798321183700
"""Henry @ FQN9hzhzP_"" shows a 10♣, 3♠.",2026-08-29T06:00:07.693Z,178798320769300
"-- ending hand #18 --",2026-08-29T06:00:05.258Z,178798320525802
"""DK @ 6AN-TeA3Jk"" collected 550 from pot with A High (combination: 5♠, 6♦, J♠, K♦, A♥)",2026-08-29T06:00:05.258Z,178798320525801
"""DK @ 6AN-TeA3Jk"" shows a K♦, 3♣.",2026-08-29T06:00:05.258Z,178798320525800
"""Henry @ FQN9hzhzP_"" checks",2026-08-29T06:00:04.436Z,178798320443600
"""DK @ 6AN-TeA3Jk"" checks",2026-08-29T05:59:56.204Z,178798319620400
"River: 6♦, 2♦, 5♠, A♥ [J♠]",2026-08-29T05:59:54.104Z,178798319410400
"""DK @ 6AN-TeA3Jk"" calls 67",2026-08-29T05:59:53.251Z,178798319325100
"""Henry @ FQN9hzhzP_"" bets 67",2026-08-29T05:59:51.924Z,178798319192400
"""DK @ 6AN-TeA3Jk"" checks",2026-08-29T05:59:49.154Z,178798318915400
"Turn: 6♦, 2♦, 5♠ [A♥]",2026-08-29T05:59:46.438Z,178798318643800
"""DK @ 6AN-TeA3Jk"" calls 36",2026-08-29T05:59:45.629Z,178798318562900
"""Henry @ FQN9hzhzP_"" bets 36",2026-08-29T05:59:44.217Z,178798318421700
"""DK @ 6AN-TeA3Jk"" checks",2026-08-29T05:59:40.898Z,178798318089800
"Flop:  [6♦, 2♦, 5♠]",2026-08-29T05:59:37.308Z,178798317730800
"""DK @ 6AN-TeA3Jk"" calls 167",2026-08-29T05:59:36.496Z,178798317649600
"""gurt @ gpP9uUffpu"" folds",2026-08-29T05:59:29.514Z,178798316951400
"""Henry @ FQN9hzhzP_"" raises to 167",2026-08-29T05:59:28.526Z,178798316852600
"""DK @ 6AN-TeA3Jk"" raises to 40",2026-08-29T05:59:23.853Z,178798316385300
"""gurt @ gpP9uUffpu"" calls 10",2026-08-29T05:59:19.984Z,178798315998400
"""Henry @ FQN9hzhzP_"" posts a big blind of 10",2026-08-29T05:59:18.409Z,178798315840906
"""DK @ 6AN-TeA3Jk"" posts a small blind of 5",2026-08-29T05:59:18.409Z,178798315840905
"Player stacks: #2 ""gurt @ gpP9uUffpu"" (926) | #7 ""DK @ 6AN-TeA3Jk"" (1240) | #9 ""Henry @ FQN9hzhzP_"" (834)",2026-08-29T05:59:18.409Z,178798315840901
"-- starting hand #18 (id: 7gxfavvwoxs3)  No Limit Texas Hold'em (dealer: ""gurt @ gpP9uUffpu"") --",2026-08-29T05:59:18.409Z,178798315840900
"""DK @ 6AN-TeA3Jk"" shows a Q♦.",2026-08-29T05:59:15.592Z,178798315559200
"-- ending hand #17 --",2026-08-29T05:59:11.803Z,178798315180304
"""Henry @ FQN9hzhzP_"" collected 120 from pot with Two Pair, A's & 8's (combination: K♥, 8♠, 8♣, A♠, A♣)",2026-08-29T05:59:11.803Z,178798315180303
"""gurt @ gpP9uUffpu"" collected 120 from pot with Two Pair, A's & 8's (combination: K♠, 8♠, 8♣, A♠, A♣)",2026-08-29T05:59:11.803Z,178798315180302
"""Henry @ FQN9hzhzP_"" shows a 4♠, K♥.",2026-08-29T05:59:11.803Z,178798315180301
"""gurt @ gpP9uUffpu"" shows a K♠, 10♥.",2026-08-29T05:59:11.803Z,178798315180300
"""Henry @ FQN9hzhzP_"" calls 30",2026-08-29T05:59:10.930Z,178798315093000
"""DK @ 6AN-TeA3Jk"" calls 30",2026-08-29T05:59:09.883Z,178798314988300
"""gurt @ gpP9uUffpu"" bets 30",2026-08-29T05:59:06.756Z,178798314675600
"River: 8♠, A♠, A♣, 8♣ [9♠]",2026-08-29T05:59:04.204Z,178798314420400
"""Henry @ FQN9hzhzP_"" checks",2026-08-29T05:59:03.366Z,178798314336600
"""DK @ 6AN-TeA3Jk"" checks",2026-08-29T05:59:02.032Z,178798314203200
"""gurt @ gpP9uUffpu"" checks",2026-08-29T05:59:00.588Z,178798314058800
"Turn: 8♠, A♠, A♣ [8♣]",2026-08-29T05:58:58.012Z,178798313801200
"""Henry @ FQN9hzhzP_"" checks",2026-08-29T05:58:57.203Z,178798313720300
"""DK @ 6AN-TeA3Jk"" checks",2026-08-29T05:58:56.090Z,178798313609000
"""gurt @ gpP9uUffpu"" checks",2026-08-29T05:58:54.126Z,178798313412600
"Flop:  [8♠, A♠, A♣]",2026-08-29T05:58:52.757Z,178798313275700
"""gurt @ gpP9uUffpu"" calls 50",2026-08-29T05:58:51.888Z,178798313188800
"""Henry @ FQN9hzhzP_"" calls 50",2026-08-29T05:58:50.965Z,178798313096500
"""DK @ 6AN-TeA3Jk"" raises to 50",2026-08-29T05:58:48.684Z,178798312868400
"""gurt @ gpP9uUffpu"" calls 10",2026-08-29T05:58:44.239Z,178798312423900
"""Henry @ FQN9hzhzP_"" calls 10",2026-08-29T05:58:42.026Z,178798312202600
"""DK @ 6AN-TeA3Jk"" posts a big blind of 10",2026-08-29T05:58:36.391Z,178798311639106
"""gurt @ gpP9uUffpu"" posts a small blind of 5",2026-08-29T05:58:36.391Z,178798311639105
"Your hand is K♠, 10♥",2026-08-29T05:58:36.391Z,178798311639102
"Player stacks: #2 ""gurt @ gpP9uUffpu"" (886) | #7 ""DK @ 6AN-TeA3Jk"" (1320) | #9 ""Henry @ FQN9hzhzP_"" (794)",2026-08-29T05:58:36.391Z,178798311639101
"-- starting hand #17 (id: z1zqgbbo3z9e)  No Limit Texas Hold'em (dealer: ""Henry @ FQN9hzhzP_"") --",2026-08-29T05:58:36.391Z,178798311639100
"""DK @ 6AN-TeA3Jk"" shows a 8♥.",2026-08-29T05:58:34.521Z,178798311452100
"""DK @ 6AN-TeA3Jk"" shows a 10♥.",2026-08-29T05:58:34.312Z,178798311431200
"-- ending hand #16 --",2026-08-29T05:58:32.773Z,178798311277302
"""DK @ 6AN-TeA3Jk"" collected 600 from pot",2026-08-29T05:58:32.773Z,178798311277301
"Uncalled bet of 300 returned to ""DK @ 6AN-TeA3Jk""",2026-08-29T05:58:32.773Z,178798311277300
"""gurt @ gpP9uUffpu"" folds",2026-08-29T05:58:31.953Z,178798311195300
"""DK @ 6AN-TeA3Jk"" bets 300",2026-08-29T05:58:23.968Z,178798310396800
"""gurt @ gpP9uUffpu"" checks",2026-08-29T05:58:20.602Z,178798310060200
"River: 4♦, 4♣, Q♦, 2♣ [K♣]",2026-08-29T05:58:14.788Z,178798309478800
"""gurt @ gpP9uUffpu"" calls 150",2026-08-29T05:58:13.974Z,178798309397400
"""DK @ 6AN-TeA3Jk"" bets 150",2026-08-29T05:58:12.940Z,178798309294000
"""gurt @ gpP9uUffpu"" checks",2026-08-29T05:58:09.920Z,178798308992000
"Turn: 4♦, 4♣, Q♦ [2♣]",2026-08-29T05:58:08.317Z,178798308831700
"""gurt @ gpP9uUffpu"" calls 90",2026-08-29T05:58:07.492Z,178798308749200
"""Henry @ FQN9hzhzP_"" folds",2026-08-29T05:58:06.581Z,178798308658100
"""DK @ 6AN-TeA3Jk"" bets 90",2026-08-29T05:58:05.411Z,178798308541100
"""gurt @ gpP9uUffpu"" checks",2026-08-29T05:58:02.570Z,178798308257000
"""Henry @ FQN9hzhzP_"" checks",2026-08-29T05:58:01.106Z,178798308110600
"Flop:  [4♦, 4♣, Q♦]",2026-08-29T05:57:58.255Z,178798307825500
"""gurt @ gpP9uUffpu"" calls 40",2026-08-29T05:57:57.353Z,178798307735300
"""Henry @ FQN9hzhzP_"" calls 40",2026-08-29T05:57:56.427Z,178798307642700
"""DK @ 6AN-TeA3Jk"" raises to 40",2026-08-29T05:57:54.805Z,178798307480500
"""gurt @ gpP9uUffpu"" posts a big blind of 10",2026-08-29T05:57:35.356Z,178798305535609
"""Henry @ FQN9hzhzP_"" posts a small blind of 5",2026-08-29T05:57:35.356Z,178798305535608
"Player stacks: #2 ""gurt @ gpP9uUffpu"" (1166) | #7 ""DK @ 6AN-TeA3Jk"" (1000) | #9 ""Henry @ FQN9hzhzP_"" (834)",2026-08-29T05:57:35.356Z,178798305535604
"The player ""Henry @ FQN9hzhzP_"" joined the game with a stack of 834.",2026-08-29T05:57:35.356Z,178798305535603
"The player ""DK @ 6AN-TeA3Jk"" joined the game with a stack of 1000.",2026-08-29T05:57:35.356Z,178798305535602
"The player ""gurt @ gpP9uUffpu"" joined the game with a stack of 1166.",2026-08-29T05:57:35.356Z,178798305535601
"-- starting hand #16 (id: eysue4gdm03d)  No Limit Texas Hold'em (dealer: ""DK @ 6AN-TeA3Jk"") --",2026-08-29T05:57:35.356Z,178798305535600
"""gurt @ gpP9uUffpu"" shows a 4♠, 2♣.",2026-08-29T05:57:26.852Z,178798304685200
"""Henry @ FQN9hzhzP_"" shows a K♥, 8♦.",2026-08-29T05:57:24.608Z,178798304460800
"Undealt cards: 8♥, 9♠, 8♠ [K♦, Q♠]",2026-08-29T05:57:23.180Z,178798304318000
"-- ending hand #15 --",2026-08-29T05:57:22.316Z,178798304231602
"""Henry @ FQN9hzhzP_"" collected 20 from pot",2026-08-29T05:57:22.316Z,178798304231601
"Uncalled bet of 36 returned to ""Henry @ FQN9hzhzP_""",2026-08-29T05:57:22.316Z,178798304231600
"""gurt @ gpP9uUffpu"" folds",2026-08-29T05:57:21.493Z,178798304149300
"""Henry @ FQN9hzhzP_"" bets 36",2026-08-29T05:57:20.534Z,178798304053400
"Flop:  [8♥, 9♠, 8♠]",2026-08-29T05:57:16.671Z,178798303667100
"""Henry @ FQN9hzhzP_"" checks",2026-08-29T05:57:15.867Z,178798303586700
"""gurt @ gpP9uUffpu"" calls 10",2026-08-29T05:57:11.962Z,178798303196200
"The admin ""gurt @ gpP9uUffpu"" enqueued the game stop on next hand.",2026-08-29T05:57:11.114Z,178798303111400
"The admin approved the player ""DK @ 6AN-TeA3Jk"" participation with a stack of 1000.",2026-08-29T05:57:08.440Z,178798302844000
"""Henry @ FQN9hzhzP_"" posts a big blind of 10",2026-08-29T05:57:05.443Z,178798302544305
"""gurt @ gpP9uUffpu"" posts a small blind of 5",2026-08-29T05:57:05.443Z,178798302544304
"Your hand is 4♠, 2♣",2026-08-29T05:57:05.443Z,178798302544302
"Player stacks: #1 ""gurt @ gpP9uUffpu"" (1176) | #2 ""Henry @ FQN9hzhzP_"" (824)",2026-08-29T05:57:05.443Z,178798302544301
"-- starting hand #15 (id: alhsboth2tm8)  No Limit Texas Hold'em (dealer: ""gurt @ gpP9uUffpu"") --",2026-08-29T05:57:05.443Z,178798302544300
"The player ""DK @ 6AN-TeA3Jk"" requested a seat.",2026-08-29T05:57:05.412Z,178798302541200
"Undealt cards: K♦, J♠, 5♣, 2♦ [3♣]",2026-08-29T05:56:59.907Z,178798301990700
"-- ending hand #14 --",2026-08-29T05:56:59.482Z,178798301948202
"""Henry @ FQN9hzhzP_"" collected 20 from pot",2026-08-29T05:56:59.482Z,178798301948201
"Uncalled bet of 20 returned to ""Henry @ FQN9hzhzP_""",2026-08-29T05:56:59.482Z,178798301948200
"""gurt @ gpP9uUffpu"" folds",2026-08-29T05:56:58.627Z,178798301862700
"""Henry @ FQN9hzhzP_"" bets 20",2026-08-29T05:56:52.183Z,178798301218300
"""gurt @ gpP9uUffpu"" checks",2026-08-29T05:56:41.574Z,178798300157400
"Turn: K♦, J♠, 5♣ [2♦]",2026-08-29T05:56:40.562Z,178798300056200
"""Henry @ FQN9hzhzP_"" checks",2026-08-29T05:56:39.739Z,178798299973900
"""gurt @ gpP9uUffpu"" checks",2026-08-29T05:56:23.348Z,178798298334800
"Flop:  [K♦, J♠, 5♣]",2026-08-29T05:56:21.956Z,178798298195600
"""gurt @ gpP9uUffpu"" checks",2026-08-29T05:56:21.123Z,178798298112300
"""Henry @ FQN9hzhzP_"" calls 10",2026-08-29T05:56:19.588Z,178798297958800
"""gurt @ gpP9uUffpu"" posts a big blind of 10",2026-08-29T05:56:18.372Z,178798297837205
"""Henry @ FQN9hzhzP_"" posts a small blind of 5",2026-08-29T05:56:18.372Z,178798297837204
"Player stacks: #1 ""gurt @ gpP9uUffpu"" (1186) | #2 ""Henry @ FQN9hzhzP_"" (814)",2026-08-29T05:56:18.372Z,178798297837201
"-- starting hand #14 (id: 8zezwvmfovle)  No Limit Texas Hold'em (dealer: ""Henry @ FQN9hzhzP_"") --",2026-08-29T05:56:18.372Z,178798297837200
"""Henry @ FQN9hzhzP_"" shows a 5♥.",2026-08-29T05:56:05.343Z,178798296534300
"-- ending hand #13 --",2026-08-29T05:56:04.764Z,178798296476402
"""gurt @ gpP9uUffpu"" collected 60 from pot",2026-08-29T05:56:04.764Z,178798296476401
"Uncalled bet of 20 returned to ""gurt @ gpP9uUffpu""",2026-08-29T05:56:04.764Z,178798296476400
"""Henry @ FQN9hzhzP_"" folds",2026-08-29T05:56:03.946Z,178798296394600
"""gurt @ gpP9uUffpu"" bets 20",2026-08-29T05:56:01.935Z,178798296193500
"""Henry @ FQN9hzhzP_"" checks",2026-08-29T05:56:00.282Z,178798296028200
"River: 6♦, 9♦, 2♠, 2♦ [Q♠]",2026-08-29T05:55:58.547Z,178798295854700
"""gurt @ gpP9uUffpu"" checks",2026-08-29T05:55:57.735Z,178798295773500
"""Henry @ FQN9hzhzP_"" checks",2026-08-29T05:55:56.771Z,178798295677100
"Turn: 6♦, 9♦, 2♠ [2♦]",2026-08-29T05:55:55.036Z,178798295503600
"""gurt @ gpP9uUffpu"" checks",2026-08-29T05:55:54.173Z,178798295417300
"""Henry @ FQN9hzhzP_"" checks",2026-08-29T05:55:52.910Z,178798295291000
"Flop:  [6♦, 9♦, 2♠]",2026-08-29T05:55:51.071Z,178798295107100
"""Henry @ FQN9hzhzP_"" calls 30",2026-08-29T05:55:50.229Z,178798295022900
"""gurt @ gpP9uUffpu"" raises to 30",2026-08-29T05:55:46.291Z,178798294629100
"""Henry @ FQN9hzhzP_"" posts a big blind of 10",2026-08-29T05:55:43.799Z,178798294379905
"""gurt @ gpP9uUffpu"" posts a small blind of 5",2026-08-29T05:55:43.799Z,178798294379904
"Player stacks: #1 ""gurt @ gpP9uUffpu"" (1156) | #2 ""Henry @ FQN9hzhzP_"" (844)",2026-08-29T05:55:43.799Z,178798294379901
"-- starting hand #13 (id: xtj9tnx6x2sf)  No Limit Texas Hold'em (dealer: ""gurt @ gpP9uUffpu"") --",2026-08-29T05:55:43.799Z,178798294379900
"Undealt cards:  [Q♥, 10♥, 9♠, Q♣, 8♣]",2026-08-29T05:55:38.098Z,178798293809800
"-- ending hand #12 --",2026-08-29T05:55:37.856Z,178798293785602
"""Henry @ FQN9hzhzP_"" collected 20 from pot",2026-08-29T05:55:37.856Z,178798293785601
"Uncalled bet of 57 returned to ""Henry @ FQN9hzhzP_""",2026-08-29T05:55:37.856Z,178798293785600
"""gurt @ gpP9uUffpu"" folds",2026-08-29T05:55:37.027Z,178798293702700
"""Henry @ FQN9hzhzP_"" raises to 67",2026-08-29T05:55:34.799Z,178798293479900
"""gurt @ gpP9uUffpu"" posts a big blind of 10",2026-08-29T05:55:31.593Z,178798293159305
"""Henry @ FQN9hzhzP_"" posts a small blind of 5",2026-08-29T05:55:31.593Z,178798293159304
"Player stacks: #1 ""gurt @ gpP9uUffpu"" (1166) | #2 ""Henry @ FQN9hzhzP_"" (834)",2026-08-29T05:55:31.593Z,178798293159301
"-- starting hand #12 (id: yp4oer0afovz)  No Limit Texas Hold'em (dealer: ""Henry @ FQN9hzhzP_"") --",2026-08-29T05:55:31.593Z,178798293159300
"""gurt @ gpP9uUffpu"" shows a 4♣, 2♣.",2026-08-29T05:55:30.055Z,178798293005500
"""Henry @ FQN9hzhzP_"" shows a 6♥.",2026-08-29T05:55:28.169Z,178798292816900
"-- ending hand #11 --",2026-08-29T05:55:27.248Z,178798292724802
"""gurt @ gpP9uUffpu"" collected 20 from pot",2026-08-29T05:55:27.248Z,178798292724801
"Uncalled bet of 20 returned to ""gurt @ gpP9uUffpu""",2026-08-29T05:55:27.248Z,178798292724800
"""Henry @ FQN9hzhzP_"" folds",2026-08-29T05:55:26.405Z,178798292640500
"""gurt @ gpP9uUffpu"" bets 20",2026-08-29T05:55:02.229Z,178798290222900
"""Henry @ FQN9hzhzP_"" checks",2026-08-29T05:55:00.333Z,178798290033300
"River: 3♣, 10♦, K♥, 3♦ [5♣]",2026-08-29T05:54:49.315Z,178798288931500
"""gurt @ gpP9uUffpu"" checks",2026-08-29T05:54:48.421Z,178798288842100
"""Henry @ FQN9hzhzP_"" checks",2026-08-29T05:54:39.704Z,178798287970400
"Turn: 3♣, 10♦, K♥ [3♦]",2026-08-29T05:54:27.299Z,178798286729900
"""gurt @ gpP9uUffpu"" checks",2026-08-29T05:54:26.385Z,178798286638500
"""Henry @ FQN9hzhzP_"" checks",2026-08-29T05:54:25.016Z,178798286501600
"Flop:  [3♣, 10♦, K♥]",2026-08-29T05:54:22.899Z,178798286289900
"""Henry @ FQN9hzhzP_"" checks",2026-08-29T05:54:22.081Z,178798286208100
"""gurt @ gpP9uUffpu"" calls 10",2026-08-29T05:54:18.246Z,178798285824600
"""Henry @ FQN9hzhzP_"" posts a big blind of 10",2026-08-29T05:54:17.094Z,178798285709405
"""gurt @ gpP9uUffpu"" posts a small blind of 5",2026-08-29T05:54:17.094Z,178798285709404
"Your hand is 4♣, 2♣",2026-08-29T05:54:17.094Z,178798285709402
"Player stacks: #1 ""gurt @ gpP9uUffpu"" (1156) | #2 ""Henry @ FQN9hzhzP_"" (844)",2026-08-29T05:54:17.094Z,178798285709401
"-- starting hand #11 (id: nbruz6yxp9ak)  No Limit Texas Hold'em (dealer: ""gurt @ gpP9uUffpu"") --",2026-08-29T05:54:17.094Z,178798285709400
"-- ending hand #10 --",2026-08-29T05:54:11.096Z,178798285109602
"""Henry @ FQN9hzhzP_"" collected 20 from pot",2026-08-29T05:54:11.096Z,178798285109601
"Uncalled bet of 57 returned to ""Henry @ FQN9hzhzP_""",2026-08-29T05:54:11.096Z,178798285109600
"""gurt @ gpP9uUffpu"" folds",2026-08-29T05:54:10.273Z,178798285027300
"""Henry @ FQN9hzhzP_"" raises to 67",2026-08-29T05:54:07.851Z,178798284785100
"""gurt @ gpP9uUffpu"" posts a big blind of 10",2026-08-29T05:53:47.905Z,178798282790505
"""Henry @ FQN9hzhzP_"" posts a small blind of 5",2026-08-29T05:53:47.905Z,178798282790504
"Player stacks: #1 ""gurt @ gpP9uUffpu"" (1166) | #2 ""Henry @ FQN9hzhzP_"" (834)",2026-08-29T05:53:47.905Z,178798282790501
"-- starting hand #10 (id: utslder9doeo)  No Limit Texas Hold'em (dealer: ""Henry @ FQN9hzhzP_"") --",2026-08-29T05:53:47.905Z,178798282790500
"""Henry @ FQN9hzhzP_"" shows a 8♣.",2026-08-29T05:53:43.039Z,178798282303900
"-- ending hand #9 --",2026-08-29T05:53:41.396Z,178798282139602
"""gurt @ gpP9uUffpu"" collected 224 from pot with Pair, Q's (combination: 8♥, 9♣, 10♠, Q♣, Q♦)",2026-08-29T05:53:41.396Z,178798282139601
"""gurt @ gpP9uUffpu"" shows a Q♣, 9♣.",2026-08-29T05:53:41.396Z,178798282139600
"""Henry @ FQN9hzhzP_"" calls 72",2026-08-29T05:53:40.564Z,178798282056400
"""gurt @ gpP9uUffpu"" raises to 72",2026-08-29T05:53:39.330Z,178798281933000
"""Henry @ FQN9hzhzP_"" bets 36",2026-08-29T05:53:37.187Z,178798281718700
"River: 6♥, 4♦, 10♠, Q♦ [8♥]",2026-08-29T05:53:29.104Z,178798280910400
"""gurt @ gpP9uUffpu"" checks",2026-08-29T05:53:28.297Z,178798280829700
"""Henry @ FQN9hzhzP_"" checks",2026-08-29T05:53:26.503Z,178798280650300
"Turn: 6♥, 4♦, 10♠ [Q♦]",2026-08-29T05:53:11.760Z,178798279176000
"""gurt @ gpP9uUffpu"" checks",2026-08-29T05:53:10.945Z,178798279094500
"""Henry @ FQN9hzhzP_"" checks",2026-08-29T05:53:09.973Z,178798278997300
"Flop:  [6♥, 4♦, 10♠]",2026-08-29T05:52:57.105Z,178798277710500
"""Henry @ FQN9hzhzP_"" calls 40",2026-08-29T05:52:56.288Z,178798277628800
"""gurt @ gpP9uUffpu"" raises to 40",2026-08-29T05:52:37.170Z,178798275717000
"""Henry @ FQN9hzhzP_"" posts a big blind of 10",2026-08-29T05:52:34.267Z,178798275426705
"""gurt @ gpP9uUffpu"" posts a small blind of 5",2026-08-29T05:52:34.267Z,178798275426704
"Your hand is Q♣, 9♣",2026-08-29T05:52:34.267Z,178798275426702
"Player stacks: #1 ""gurt @ gpP9uUffpu"" (1054) | #2 ""Henry @ FQN9hzhzP_"" (946)",2026-08-29T05:52:34.267Z,178798275426701
"-- starting hand #9 (id: k5pyvzmuf86a)  No Limit Texas Hold'em (dealer: ""gurt @ gpP9uUffpu"") --",2026-08-29T05:52:34.267Z,178798275426700
"""Henry @ FQN9hzhzP_"" shows a J♠, 6♦.",2026-08-29T05:52:28.978Z,178798274897800
"-- ending hand #8 --",2026-08-29T05:52:27.759Z,178798274775902
"""gurt @ gpP9uUffpu"" collected 80 from pot with Pair, A's (combination: 4♥, 8♥, 10♣, A♦, A♥)",2026-08-29T05:52:27.759Z,178798274775901
"""gurt @ gpP9uUffpu"" shows a A♦, 4♥.",2026-08-29T05:52:27.759Z,178798274775900
"""Henry @ FQN9hzhzP_"" checks",2026-08-29T05:52:26.932Z,178798274693200
"""gurt @ gpP9uUffpu"" checks",2026-08-29T05:52:25.684Z,178798274568400
"River: 10♣, 8♥, 2♠, 3♥ [A♥]",2026-08-29T05:52:24.661Z,178798274466100
"""Henry @ FQN9hzhzP_"" checks",2026-08-29T05:52:23.847Z,178798274384700
"""gurt @ gpP9uUffpu"" checks",2026-08-29T05:52:20.515Z,178798274051500
"Turn: 10♣, 8♥, 2♠ [3♥]",2026-08-29T05:52:18.858Z,178798273885800
"""Henry @ FQN9hzhzP_"" checks",2026-08-29T05:52:18.054Z,178798273805400
"""gurt @ gpP9uUffpu"" checks",2026-08-29T05:52:06.106Z,178798272610600
"Flop:  [10♣, 8♥, 2♠]",2026-08-29T05:52:04.427Z,178798272442700
"""Henry @ FQN9hzhzP_"" calls 40",2026-08-29T05:52:03.604Z,178798272360400
"""gurt @ gpP9uUffpu"" raises to 40",2026-08-29T05:52:01.986Z,178798272198600
"""Henry @ FQN9hzhzP_"" calls 10",2026-08-29T05:51:58.642Z,178798271864200
"""gurt @ gpP9uUffpu"" posts a big blind of 10",2026-08-29T05:51:48.190Z,178798270819005
"""Henry @ FQN9hzhzP_"" posts a small blind of 5",2026-08-29T05:51:48.190Z,178798270819004
"Your hand is A♦, 4♥",2026-08-29T05:51:48.190Z,178798270819002
"Player stacks: #1 ""gurt @ gpP9uUffpu"" (1014) | #2 ""Henry @ FQN9hzhzP_"" (986)",2026-08-29T05:51:48.190Z,178798270819001
"-- starting hand #8 (id: f9pdme8d3bpg)  No Limit Texas Hold'em (dealer: ""Henry @ FQN9hzhzP_"") --",2026-08-29T05:51:48.190Z,178798270819000
"Undealt cards:  [8♣, 6♦, 8♠, A♣, A♦]",2026-08-29T05:51:43.242Z,178798270324200
"-- ending hand #7 --",2026-08-29T05:51:42.282Z,178798270228202
"""Henry @ FQN9hzhzP_"" collected 10 from pot",2026-08-29T05:51:42.282Z,178798270228201
"Uncalled bet of 5 returned to ""Henry @ FQN9hzhzP_""",2026-08-29T05:51:42.282Z,178798270228200
"""gurt @ gpP9uUffpu"" folds",2026-08-29T05:51:41.390Z,178798270139000
"""Henry @ FQN9hzhzP_"" posts a big blind of 10",2026-08-29T05:51:39.981Z,178798269998105
"""gurt @ gpP9uUffpu"" posts a small blind of 5",2026-08-29T05:51:39.981Z,178798269998104
"Player stacks: #1 ""gurt @ gpP9uUffpu"" (1019) | #2 ""Henry @ FQN9hzhzP_"" (981)",2026-08-29T05:51:39.981Z,178798269998101
"-- starting hand #7 (id: gbzatguduf9z)  No Limit Texas Hold'em (dealer: ""gurt @ gpP9uUffpu"") --",2026-08-29T05:51:39.981Z,178798269998100
"""Henry @ FQN9hzhzP_"" shows a 3♥, A♣.",2026-08-29T05:51:34.670Z,178798269467000
"-- ending hand #6 --",2026-08-29T05:51:33.472Z,178798269347202
"""gurt @ gpP9uUffpu"" collected 108 from pot with Pair, 2's (combination: Q♣, K♦, A♥, 2♠, 2♥)",2026-08-29T05:51:33.472Z,178798269347201
"""gurt @ gpP9uUffpu"" shows a 2♠, A♥.",2026-08-29T05:51:33.472Z,178798269347200
"""Henry @ FQN9hzhzP_"" checks",2026-08-29T05:51:32.660Z,178798269266000
"""gurt @ gpP9uUffpu"" checks",2026-08-29T05:51:30.027Z,178798269002700
"River: 2♥, J♦, K♦, 5♠ [Q♣]",2026-08-29T05:51:29.144Z,178798268914400
"""gurt @ gpP9uUffpu"" calls 34",2026-08-29T05:51:28.314Z,178798268831400
"""Henry @ FQN9hzhzP_"" bets 34",2026-08-29T05:51:27.244Z,178798268724400
"""gurt @ gpP9uUffpu"" checks",2026-08-29T05:51:21.040Z,178798268104000
"Turn: 2♥, J♦, K♦ [5♠]",2026-08-29T05:51:20.265Z,178798268026500
"""Henry @ FQN9hzhzP_"" checks",2026-08-29T05:51:19.411Z,178798267941100
"""gurt @ gpP9uUffpu"" checks",2026-08-29T05:51:14.811Z,178798267481100
"Flop:  [2♥, J♦, K♦]",2026-08-29T05:51:13.258Z,178798267325800
"""gurt @ gpP9uUffpu"" calls 20",2026-08-29T05:51:12.407Z,178798267240700
"""Henry @ FQN9hzhzP_"" raises to 20",2026-08-29T05:51:11.473Z,178798267147300
"""gurt @ gpP9uUffpu"" posts a big blind of 10",2026-08-29T05:51:08.751Z,178798266875105
"""Henry @ FQN9hzhzP_"" posts a small blind of 5",2026-08-29T05:51:08.751Z,178798266875104
"Your hand is 2♠, A♥",2026-08-29T05:51:08.751Z,178798266875102
"Player stacks: #1 ""gurt @ gpP9uUffpu"" (965) | #2 ""Henry @ FQN9hzhzP_"" (1035)",2026-08-29T05:51:08.751Z,178798266875101
"-- starting hand #6 (id: qviqxlq5puk4)  No Limit Texas Hold'em (dealer: ""Henry @ FQN9hzhzP_"") --",2026-08-29T05:51:08.751Z,178798266875100
"""Henry @ FQN9hzhzP_"" shows a 10♠.",2026-08-29T05:51:06.372Z,178798266637200
"""Henry @ FQN9hzhzP_"" shows a 2♠.",2026-08-29T05:51:04.571Z,178798266457100
"Undealt cards:  [K♦, 6♠, 5♣, 4♥, 9♣]",2026-08-29T05:51:02.495Z,178798266249500
"-- ending hand #5 --",2026-08-29T05:51:02.134Z,178798266213402
"""Henry @ FQN9hzhzP_"" collected 10 from pot",2026-08-29T05:51:02.134Z,178798266213401
"Uncalled bet of 5 returned to ""Henry @ FQN9hzhzP_""",2026-08-29T05:51:02.134Z,178798266213400
"""gurt @ gpP9uUffpu"" folds",2026-08-29T05:51:01.238Z,178798266123800
"""Henry @ FQN9hzhzP_"" posts a big blind of 10",2026-08-29T05:50:59.957Z,178798265995705
"""gurt @ gpP9uUffpu"" posts a small blind of 5",2026-08-29T05:50:59.957Z,178798265995704
"Player stacks: #1 ""gurt @ gpP9uUffpu"" (970) | #2 ""Henry @ FQN9hzhzP_"" (1030)",2026-08-29T05:50:59.957Z,178798265995701
"-- starting hand #5 (id: l2d7x4k6p9zl)  No Limit Texas Hold'em (dealer: ""gurt @ gpP9uUffpu"") --",2026-08-29T05:50:59.957Z,178798265995700
"""Henry @ FQN9hzhzP_"" shows a J♠, Q♦.",2026-08-29T05:50:58.473Z,178798265847300
"-- ending hand #4 --",2026-08-29T05:50:56.314Z,178798265631401
"""Henry @ FQN9hzhzP_"" collected 80 from pot",2026-08-29T05:50:56.314Z,178798265631400
"""gurt @ gpP9uUffpu"" folds",2026-08-29T05:50:55.496Z,178798265549600
"River: 10♠, 9♠, 4♣, J♣ [4♥]",2026-08-29T05:50:52.271Z,178798265227100
"""gurt @ gpP9uUffpu"" calls 20",2026-08-29T05:50:51.456Z,178798265145600
"""Henry @ FQN9hzhzP_"" bets 20",2026-08-29T05:50:46.196Z,178798264619600
"""gurt @ gpP9uUffpu"" checks",2026-08-29T05:50:42.255Z,178798264225500
"Turn: 10♠, 9♠, 4♣ [J♣]",2026-08-29T05:50:40.262Z,178798264026200
"""Henry @ FQN9hzhzP_"" calls 10",2026-08-29T05:50:39.424Z,178798263942400
"""gurt @ gpP9uUffpu"" bets 10",2026-08-29T05:50:38.227Z,178798263822700
"Flop:  [10♠, 9♠, 4♣]",2026-08-29T05:50:34.658Z,178798263465800
"""gurt @ gpP9uUffpu"" checks",2026-08-29T05:50:33.833Z,178798263383300
"""Henry @ FQN9hzhzP_"" calls 10",2026-08-29T05:50:32.646Z,178798263264600
"""gurt @ gpP9uUffpu"" posts a big blind of 10",2026-08-29T05:44:49.866Z,178798228986605
"""Henry @ FQN9hzhzP_"" posts a small blind of 5",2026-08-29T05:44:49.866Z,178798228986604
"Player stacks: #1 ""gurt @ gpP9uUffpu"" (1010) | #2 ""Henry @ FQN9hzhzP_"" (990)",2026-08-29T05:44:49.866Z,178798228986601
"-- starting hand #4 (id: whvvzjfklhzv)  No Limit Texas Hold'em (dealer: ""Henry @ FQN9hzhzP_"") --",2026-08-29T05:44:49.866Z,178798228986600
"-- ending hand #3 --",2026-08-29T05:44:46.912Z,178798228691202
"""gurt @ gpP9uUffpu"" collected 20 from pot",2026-08-29T05:44:46.912Z,178798228691201
"Uncalled bet of 20 returned to ""gurt @ gpP9uUffpu""",2026-08-29T05:44:46.912Z,178798228691200
"""Henry @ FQN9hzhzP_"" folds",2026-08-29T05:44:46.063Z,178798228606300
"""gurt @ gpP9uUffpu"" raises to 30",2026-08-29T05:44:24.193Z,178798226419300
"""Henry @ FQN9hzhzP_"" posts a big blind of 10",2026-08-29T05:44:22.585Z,178798226258505
"""gurt @ gpP9uUffpu"" posts a small blind of 5",2026-08-29T05:44:22.585Z,178798226258504
"Player stacks: #1 ""gurt @ gpP9uUffpu"" (1000) | #2 ""Henry @ FQN9hzhzP_"" (1000)",2026-08-29T05:44:22.585Z,178798226258501
"-- starting hand #3 (id: 7bsovt8hiawm)  No Limit Texas Hold'em (dealer: ""gurt @ gpP9uUffpu"") --",2026-08-29T05:44:22.585Z,178798226258500
"Undealt cards:  [8♣, A♦, 6♥, 5♥, 4♦]",2026-08-29T05:44:17.559Z,178798225755900
"-- ending hand #2 --",2026-08-29T05:44:16.645Z,178798225664502
"""gurt @ gpP9uUffpu"" collected 10 from pot",2026-08-29T05:44:16.645Z,178798225664501
"Uncalled bet of 5 returned to ""gurt @ gpP9uUffpu""",2026-08-29T05:44:16.645Z,178798225664500
"""Henry @ FQN9hzhzP_"" folds",2026-08-29T05:44:15.788Z,178798225578800
"""gurt @ gpP9uUffpu"" posts a big blind of 10",2026-08-29T05:43:45.759Z,178798222575905
"""Henry @ FQN9hzhzP_"" posts a small blind of 5",2026-08-29T05:43:45.759Z,178798222575904
"Player stacks: #1 ""gurt @ gpP9uUffpu"" (995) | #2 ""Henry @ FQN9hzhzP_"" (1005)",2026-08-29T05:43:45.759Z,178798222575901
"-- starting hand #2 (id: zmwegadoqpiy)  No Limit Texas Hold'em (dealer: ""Henry @ FQN9hzhzP_"") --",2026-08-29T05:43:45.759Z,178798222575900
"Undealt cards:  [10♥, Q♥, 8♣, Q♦, 4♠]",2026-08-29T05:43:42.317Z,178798222231700
"-- ending hand #1 --",2026-08-29T05:43:39.802Z,178798221980202
"""Henry @ FQN9hzhzP_"" collected 10 from pot",2026-08-29T05:43:39.802Z,178798221980201
"Uncalled bet of 5 returned to ""Henry @ FQN9hzhzP_""",2026-08-29T05:43:39.802Z,178798221980200
"""gurt @ gpP9uUffpu"" folds",2026-08-29T05:43:38.956Z,178798221895600
"""Henry @ FQN9hzhzP_"" posts a big blind of 10",2026-08-29T05:43:37.592Z,178798221759207
"""gurt @ gpP9uUffpu"" posts a small blind of 5",2026-08-29T05:43:37.592Z,178798221759206
"Player stacks: #1 ""gurt @ gpP9uUffpu"" (1000) | #2 ""Henry @ FQN9hzhzP_"" (1000)",2026-08-29T05:43:37.592Z,178798221759203
"The player ""Henry @ FQN9hzhzP_"" joined the game with a stack of 1000.",2026-08-29T05:43:37.592Z,178798221759202
"The player ""gurt @ gpP9uUffpu"" joined the game with a stack of 1000.",2026-08-29T05:43:37.592Z,178798221759201
"-- starting hand #1 (id: oyspxmwe1lsm)  No Limit Texas Hold'em (dealer: ""gurt @ gpP9uUffpu"") --",2026-08-29T05:43:37.592Z,178798221759200
"The admin approved the player ""Henry @ FQN9hzhzP_"" participation with a stack of 1000.",2026-08-29T05:43:33.627Z,178798221362700
"The player ""Henry @ FQN9hzhzP_"" requested a seat.",2026-08-29T05:43:26.662Z,178798220666200
"Game Config Changes
* Rabbit Hunt: off » on
* Allow Run it Twice: no » ask players",2026-08-29T05:43:11.248Z,178798219124800
"The game's ante was changed from 0 to 0.",2026-08-29T05:43:07.797Z,178798218779703
"The game's big blind was changed from 20 to 10.",2026-08-29T05:43:07.797Z,178798218779702
"The game's small blind was changed from 10 to 5.",2026-08-29T05:43:07.797Z,178798218779701
"Game Config Changes
* Nit Minimum Players: off » 3
* Allow Rebuy: off » off
* Blind Schedule: L1: 10/20 » L1: 5/10
* Restart Blind Schedule at Level: none » 1",2026-08-29T05:43:07.797Z,178798218779700
"The admin approved the player ""gurt @ gpP9uUffpu"" participation with a stack of 1000.",2026-08-29T05:43:03.865Z,178798218386501
"The player ""gurt @ gpP9uUffpu"" requested a seat.",2026-08-29T05:43:03.865Z,178798218386500
