entry,at,order
"Undealt cards: 9♥, 10♥, A♠ [10♦, A♥]",2026-08-28T09:18:48.115Z,178790872811500
"""Harry = Fish @ kCN0-Qy2Mz"" shows a K♦.",2026-08-28T09:18:45.442Z,178790872544200
"""LingWae @ FQN9hzhzP_"" shows a J♦, A♣.",2026-08-28T09:18:44.346Z,178790872434600
"-- ending hand #202 --",2026-08-28T09:18:42.063Z,178790872206302
"""LingWae @ FQN9hzhzP_"" collected 20 from pot",2026-08-28T09:18:42.063Z,178790872206301
"Uncalled bet of 67 returned to ""LingWae @ FQN9hzhzP_""",2026-08-28T09:18:42.063Z,178790872206300
"""Harry = Fish @ kCN0-Qy2Mz"" folds",2026-08-28T09:18:41.222Z,178790872122200
"""LingWae @ FQN9hzhzP_"" bets 67",2026-08-28T09:18:40.315Z,178790872031500
"Flop:  [9♥, 10♥, A♠]",2026-08-28T09:18:35.060Z,178790871506000
"""LingWae @ FQN9hzhzP_"" checks",2026-08-28T09:18:34.224Z,178790871422400
"The admin ""LingWae @ FQN9hzhzP_"" enqueued the game stop on next hand.",2026-08-28T09:18:31.300Z,178790871130000
"""Harry = Fish @ kCN0-Qy2Mz"" calls 10",2026-08-28T09:18:26.401Z,178790870640100
"""LingWae @ FQN9hzhzP_"" posts a big blind of 10",2026-08-28T09:18:15.721Z,178790869572105
"""Harry = Fish @ kCN0-Qy2Mz"" posts a small blind of 5",2026-08-28T09:18:15.721Z,178790869572104
"Player stacks: #2 ""Harry = Fish @ kCN0-Qy2Mz"" (5237) | #8 ""LingWae @ FQN9hzhzP_"" (12121)",2026-08-28T09:18:15.721Z,178790869572101
"-- starting hand #202 (id: 1qj6e27tpy87)  No Limit Texas Hold'em (dealer: ""Harry = Fish @ kCN0-Qy2Mz"") --",2026-08-28T09:18:15.721Z,178790869572100
"-- ending hand #201 --",2026-08-28T09:18:09.710Z,178790868971003
"""LingWae @ FQN9hzhzP_"" collected 20 from pot with Pair, Q's (combination: 9♥, J♠, A♦, Q♥, Q♠)",2026-08-28T09:18:09.710Z,178790868971002
"""LingWae @ FQN9hzhzP_"" shows a J♠, 9♥.",2026-08-28T09:18:09.710Z,178790868971001
"""Harry = Fish @ kCN0-Qy2Mz"" shows a 6♣, J♥.",2026-08-28T09:18:09.710Z,178790868971000
"""LingWae @ FQN9hzhzP_"" checks",2026-08-28T09:18:08.829Z,178790868882900
"""Harry = Fish @ kCN0-Qy2Mz"" checks",2026-08-28T09:18:07.608Z,178790868760800
"River: Q♥, 8♣, 4♥, A♦ [Q♠]",2026-08-28T09:18:06.908Z,178790868690800
"""LingWae @ FQN9hzhzP_"" checks",2026-08-28T09:18:06.041Z,178790868604100
"""Harry = Fish @ kCN0-Qy2Mz"" checks",2026-08-28T09:18:05.115Z,178790868511500
"Turn: Q♥, 8♣, 4♥ [A♦]",2026-08-28T09:18:03.909Z,178790868390900
"""LingWae @ FQN9hzhzP_"" checks",2026-08-28T09:18:03.059Z,178790868305900
"""Harry = Fish @ kCN0-Qy2Mz"" checks",2026-08-28T09:18:00.078Z,178790868007800
"Flop:  [Q♥, 8♣, 4♥]",2026-08-28T09:17:57.581Z,178790867758100
"""Harry = Fish @ kCN0-Qy2Mz"" checks",2026-08-28T09:17:56.740Z,178790867674000
"""LingWae @ FQN9hzhzP_"" calls 10",2026-08-28T09:17:47.762Z,178790866776200
"""Harry = Fish @ kCN0-Qy2Mz"" posts a big blind of 10",2026-08-28T09:17:35.594Z,178790865559405
"""LingWae @ FQN9hzhzP_"" posts a small blind of 5",2026-08-28T09:17:35.594Z,178790865559404
"Player stacks: #2 ""Harry = Fish @ kCN0-Qy2Mz"" (5247) | #8 ""LingWae @ FQN9hzhzP_"" (12111)",2026-08-28T09:17:35.594Z,178790865559401
"-- starting hand #201 (id: d3ntax0arkup)  No Limit Texas Hold'em (dealer: ""LingWae @ FQN9hzhzP_"") --",2026-08-28T09:17:35.594Z,178790865559400
"""LingWae @ FQN9hzhzP_"" shows a K♥, A♣.",2026-08-28T09:17:32.525Z,178790865252500
"-- ending hand #200 --",2026-08-28T09:17:28.989Z,178790864898902
"""LingWae @ FQN9hzhzP_"" collected 134 from pot",2026-08-28T09:17:28.989Z,178790864898901
"Uncalled bet of 67 returned to ""LingWae @ FQN9hzhzP_""",2026-08-28T09:17:28.989Z,178790864898900
"""Harry = Fish @ kCN0-Qy2Mz"" folds",2026-08-28T09:17:28.174Z,178790864817400
"""LingWae @ FQN9hzhzP_"" bets 67",2026-08-28T09:17:12.856Z,178790863285600
"Flop:  [10♦, K♠, 7♥]",2026-08-28T09:17:07.144Z,178790862714400
"""Harry = Fish @ kCN0-Qy2Mz"" calls 67",2026-08-28T09:17:06.301Z,178790862630100
"""LingWae @ FQN9hzhzP_"" raises to 67",2026-08-28T09:17:04.676Z,178790862467600
"""Harry = Fish @ kCN0-Qy2Mz"" calls 10",2026-08-28T09:16:59.353Z,178790861935300
"""LingWae @ FQN9hzhzP_"" posts a big blind of 10",2026-08-28T09:16:55.122Z,178790861512206
"""Harry = Fish @ kCN0-Qy2Mz"" posts a small blind of 5",2026-08-28T09:16:55.122Z,178790861512205
"Player stacks: #2 ""Harry = Fish @ kCN0-Qy2Mz"" (5314) | #8 ""LingWae @ FQN9hzhzP_"" (12044)",2026-08-28T09:16:55.122Z,178790861512202
"-- starting hand #200 (id: wmzqanzkgxmo)  No Limit Texas Hold'em (dealer: ""Harry = Fish @ kCN0-Qy2Mz"") --",2026-08-28T09:16:55.122Z,178790861512201
"The player ""Harry @ Q4OMcL0rqd"" quits the game with a stack of 0.",2026-08-28T09:16:55.122Z,178790861512200
"Asking to busted players the rebuy decision.",2026-08-28T09:16:35.111Z,178790859511100
"-- ending hand #199 --",2026-08-28T09:16:29.092Z,178790858909203
"""Harry = Fish @ kCN0-Qy2Mz"" collected 2389 from pot with Two Pair, K's & 10's (combination: J♠, 10♦, 10♠, K♣, K♥)",2026-08-28T09:16:29.092Z,178790858909202
"""Harry = Fish @ kCN0-Qy2Mz"" shows a K♣, J♠.",2026-08-28T09:16:29.092Z,178790858909201
"""Harry @ Q4OMcL0rqd"" shows a J♦, 5♦.",2026-08-28T09:16:29.092Z,178790858909200
"""Harry = Fish @ kCN0-Qy2Mz"" calls 682",2026-08-28T09:16:28.274Z,178790858827400
"""Harry @ Q4OMcL0rqd"" raises to 682 and go all in",2026-08-28T09:16:27.074Z,178790858707400
"""Harry = Fish @ kCN0-Qy2Mz"" bets 278",2026-08-28T09:16:24.724Z,178790858472400
"River: 5♣, 10♦, 7♠, 10♠ [K♥]",2026-08-28T09:16:14.630Z,178790857463000
"""Harry @ Q4OMcL0rqd"" checks",2026-08-28T09:16:13.762Z,178790857376200
"""Harry = Fish @ kCN0-Qy2Mz"" checks",2026-08-28T09:16:12.428Z,178790857242800
"Turn: 5♣, 10♦, 7♠ [10♠]",2026-08-28T09:16:08.427Z,178790856842700
"""Harry = Fish @ kCN0-Qy2Mz"" calls 250",2026-08-28T09:16:07.546Z,178790856754600
"""LingWae @ FQN9hzhzP_"" folds",2026-08-28T09:16:03.962Z,178790856396200
"""Harry @ Q4OMcL0rqd"" bets 250",2026-08-28T09:16:01.597Z,178790856159700
"""Harry = Fish @ kCN0-Qy2Mz"" checks",2026-08-28T09:15:58.638Z,178790855863800
"Flop:  [5♣, 10♦, 7♠]",2026-08-28T09:15:56.145Z,178790855614500
"""LingWae @ FQN9hzhzP_"" calls 175",2026-08-28T09:15:55.335Z,178790855533500
"""Harry @ Q4OMcL0rqd"" calls 175",2026-08-28T09:15:54.426Z,178790855442600
"""Harry = Fish @ kCN0-Qy2Mz"" raises to 175",2026-08-28T09:15:51.911Z,178790855191100
"""LingWae @ FQN9hzhzP_"" raises to 67",2026-08-28T09:15:48.956Z,178790854895600
"""Harry @ Q4OMcL0rqd"" posts a big blind of 10",2026-08-28T09:15:42.596Z,178790854259606
"""Harry = Fish @ kCN0-Qy2Mz"" posts a small blind of 5",2026-08-28T09:15:42.596Z,178790854259605
"Player stacks: #2 ""Harry = Fish @ kCN0-Qy2Mz"" (4032) | #3 ""Harry @ Q4OMcL0rqd"" (1107) | #8 ""LingWae @ FQN9hzhzP_"" (12219)",2026-08-28T09:15:42.596Z,178790854259601
"-- starting hand #199 (id: 13ahglzkulr1)  No Limit Texas Hold'em (dealer: ""LingWae @ FQN9hzhzP_"") --",2026-08-28T09:15:42.596Z,178790854259600
"""Harry = Fish @ kCN0-Qy2Mz"" shows a 6♥.",2026-08-28T09:15:40.179Z,178790854017900
"""Harry @ Q4OMcL0rqd"" shows a Q♠.",2026-08-28T09:15:39.756Z,178790853975600
"""LingWae @ FQN9hzhzP_"" shows a 9♠, 8♦.",2026-08-28T09:15:38.266Z,178790853826600
"-- ending hand #198 --",2026-08-28T09:15:37.588Z,178790853758802
"""Harry @ Q4OMcL0rqd"" collected 471 from pot",2026-08-28T09:15:37.588Z,178790853758801
"Uncalled bet of 350 returned to ""Harry @ Q4OMcL0rqd""",2026-08-28T09:15:37.588Z,178790853758800
"""Harry = Fish @ kCN0-Qy2Mz"" folds",2026-08-28T09:15:36.737Z,178790853673700
"""LingWae @ FQN9hzhzP_"" folds",2026-08-28T09:15:35.827Z,178790853582700
"""Harry @ Q4OMcL0rqd"" bets 350",2026-08-28T09:15:34.370Z,178790853437000
"""Harry = Fish @ kCN0-Qy2Mz"" checks",2026-08-28T09:15:32.035Z,178790853203500
"""LingWae @ FQN9hzhzP_"" checks",2026-08-28T09:15:29.427Z,178790852942700
"River: 7♠, 4♦, 7♣, 5♠ [A♠]",2026-08-28T09:15:27.800Z,178790852780000
"""Harry @ Q4OMcL0rqd"" calls 67",2026-08-28T09:15:26.996Z,178790852699600
"""Harry = Fish @ kCN0-Qy2Mz"" calls 67",2026-08-28T09:15:25.676Z,178790852567600
"""LingWae @ FQN9hzhzP_"" bets 67",2026-08-28T09:15:24.369Z,178790852436900
"Turn: 7♠, 4♦, 7♣ [5♠]",2026-08-28T09:15:12.510Z,178790851251000
"""Harry = Fish @ kCN0-Qy2Mz"" calls 50",2026-08-28T09:15:11.615Z,178790851161500
"""LingWae @ FQN9hzhzP_"" calls 50",2026-08-28T09:15:10.153Z,178790851015300
"""Harry @ Q4OMcL0rqd"" raises to 50",2026-08-28T09:15:08.689Z,178790850868900
"""Harry = Fish @ kCN0-Qy2Mz"" calls 10",2026-08-28T09:15:06.683Z,178790850668300
"""LingWae @ FQN9hzhzP_"" bets 10",2026-08-28T09:15:02.060Z,178790850206000
"Flop:  [7♠, 4♦, 7♣]",2026-08-28T09:14:49.382Z,178790848938200
"""Harry = Fish @ kCN0-Qy2Mz"" calls 40",2026-08-28T09:14:48.486Z,178790848848600
"""LingWae @ FQN9hzhzP_"" calls 40",2026-08-28T09:14:45.604Z,178790848560400
"""Harry @ Q4OMcL0rqd"" raises to 40",2026-08-28T09:14:43.829Z,178790848382900
"""Harry = Fish @ kCN0-Qy2Mz"" posts a big blind of 10",2026-08-28T09:14:41.280Z,178790848128006
"""LingWae @ FQN9hzhzP_"" posts a small blind of 5",2026-08-28T09:14:41.280Z,178790848128005
"Player stacks: #2 ""Harry = Fish @ kCN0-Qy2Mz"" (4189) | #3 ""Harry @ Q4OMcL0rqd"" (793) | #8 ""LingWae @ FQN9hzhzP_"" (12376)",2026-08-28T09:14:41.280Z,178790848128001
"-- starting hand #198 (id: xaq7vu9bsnk3)  No Limit Texas Hold'em (dealer: ""Harry @ Q4OMcL0rqd"") --",2026-08-28T09:14:41.280Z,178790848128000
"""LingWae @ FQN9hzhzP_"" shows a 3♦, 7♦.",2026-08-28T09:14:36.710Z,178790847671000
"-- ending hand #197 --",2026-08-28T09:14:34.776Z,178790847477603
"""Harry = Fish @ kCN0-Qy2Mz"" collected 30 from pot with Two Pair, A's & 9's (combination: Q♦, 9♠, 9♥, A♣, A♦)",2026-08-28T09:14:34.776Z,178790847477602
"""Harry = Fish @ kCN0-Qy2Mz"" shows a Q♦, 9♠.",2026-08-28T09:14:34.776Z,178790847477601
"""Harry @ Q4OMcL0rqd"" shows a 10♥, 6♠.",2026-08-28T09:14:34.776Z,178790847477600
"""Harry = Fish @ kCN0-Qy2Mz"" checks",2026-08-28T09:14:33.945Z,178790847394500
"""LingWae @ FQN9hzhzP_"" checks",2026-08-28T09:14:32.664Z,178790847266400
"""Harry @ Q4OMcL0rqd"" checks",2026-08-28T09:14:27.148Z,178790846714800
"River: A♣, 2♠, J♥, A♦ [9♥]",2026-08-28T09:14:24.974Z,178790846497400
"""Harry = Fish @ kCN0-Qy2Mz"" checks",2026-08-28T09:14:24.124Z,178790846412400
"""LingWae @ FQN9hzhzP_"" checks",2026-08-28T09:14:22.581Z,178790846258100
"""Harry @ Q4OMcL0rqd"" checks",2026-08-28T09:14:21.051Z,178790846105100
"Turn: A♣, 2♠, J♥ [A♦]",2026-08-28T09:14:17.967Z,178790845796700
"""Harry = Fish @ kCN0-Qy2Mz"" checks",2026-08-28T09:14:17.136Z,178790845713600
"""LingWae @ FQN9hzhzP_"" checks",2026-08-28T09:14:15.430Z,178790845543000
"""Harry @ Q4OMcL0rqd"" checks",2026-08-28T09:14:04.971Z,178790844497100
"Flop:  [A♣, 2♠, J♥]",2026-08-28T09:14:01.322Z,178790844132200
"""LingWae @ FQN9hzhzP_"" checks",2026-08-28T09:14:00.498Z,178790844049800
"""Harry @ Q4OMcL0rqd"" calls 10",2026-08-28T09:13:49.964Z,178790842996400
"""Harry = Fish @ kCN0-Qy2Mz"" calls 10",2026-08-28T09:13:47.862Z,178790842786200
"""LingWae @ FQN9hzhzP_"" posts a big blind of 10",2026-08-28T09:13:45.186Z,178790842518606
"""Harry @ Q4OMcL0rqd"" posts a small blind of 5",2026-08-28T09:13:45.186Z,178790842518605
"Player stacks: #2 ""Harry = Fish @ kCN0-Qy2Mz"" (4169) | #3 ""Harry @ Q4OMcL0rqd"" (803) | #8 ""LingWae @ FQN9hzhzP_"" (12386)",2026-08-28T09:13:45.186Z,178790842518601
"-- starting hand #197 (id: zgya4vnm2inh)  No Limit Texas Hold'em (dealer: ""Harry = Fish @ kCN0-Qy2Mz"") --",2026-08-28T09:13:45.186Z,178790842518600
"-- ending hand #196 --",2026-08-28T09:13:39.176Z,178790841917604
"""LingWae @ FQN9hzhzP_"" collected 531 from pot with Pair, 10's (combination: 5♥, 7♥, A♥, 10♥, 10♣)",2026-08-28T09:13:39.176Z,178790841917603
"""LingWae @ FQN9hzhzP_"" shows a 7♥, 10♥.",2026-08-28T09:13:39.176Z,178790841917602
"""Harry @ Q4OMcL0rqd"" shows a J♦, 5♣.",2026-08-28T09:13:39.176Z,178790841917601
"""Harry = Fish @ kCN0-Qy2Mz"" shows a 5♦, 6♥.",2026-08-28T09:13:39.176Z,178790841917600
"""LingWae @ FQN9hzhzP_"" checks",2026-08-28T09:13:38.347Z,178790841834700
"""Harry @ Q4OMcL0rqd"" checks",2026-08-28T09:13:37.244Z,178790841724400
"""Harry = Fish @ kCN0-Qy2Mz"" checks",2026-08-28T09:13:36.085Z,178790841608500
"River: 5♥, 2♠, A♥, 10♣ [3♦]",2026-08-28T09:13:33.920Z,178790841392000
"""LingWae @ FQN9hzhzP_"" checks",2026-08-28T09:13:33.071Z,178790841307100
"""Harry @ Q4OMcL0rqd"" checks",2026-08-28T09:13:32.163Z,178790841216300
"""Harry = Fish @ kCN0-Qy2Mz"" checks",2026-08-28T09:13:30.994Z,178790841099400
"Turn: 5♥, 2♠, A♥ [10♣]",2026-08-28T09:13:29.719Z,178790840971900
"""Harry @ Q4OMcL0rqd"" calls 167",2026-08-28T09:13:28.863Z,178790840886300
"""Harry = Fish @ kCN0-Qy2Mz"" calls 167",2026-08-28T09:13:27.213Z,178790840721300
"""LingWae @ FQN9hzhzP_"" raises to 167",2026-08-28T09:13:24.256Z,178790840425600
"""Harry @ Q4OMcL0rqd"" bets 67",2026-08-28T09:13:19.076Z,178790839907600
"""Harry = Fish @ kCN0-Qy2Mz"" checks",2026-08-28T09:13:16.087Z,178790839608700
"Flop:  [5♥, 2♠, A♥]",2026-08-28T09:13:13.638Z,178790839363800
"""Harry @ Q4OMcL0rqd"" checks",2026-08-28T09:13:12.836Z,178790839283600
"""Harry = Fish @ kCN0-Qy2Mz"" calls 10",2026-08-28T09:13:09.085Z,178790838908500
"""LingWae @ FQN9hzhzP_"" calls 10",2026-08-28T09:13:06.459Z,178790838645900
"""Harry @ Q4OMcL0rqd"" posts a big blind of 10",2026-08-28T09:12:55.689Z,178790837568907
"""Harry = Fish @ kCN0-Qy2Mz"" posts a small blind of 5",2026-08-28T09:12:55.689Z,178790837568906
"Player stacks: #2 ""Harry = Fish @ kCN0-Qy2Mz"" (4346) | #3 ""Harry @ Q4OMcL0rqd"" (980) | #8 ""LingWae @ FQN9hzhzP_"" (12032)",2026-08-28T09:12:55.689Z,178790837568902
"-- starting hand #196 (id: zc3bk8k7ksu6)  No Limit Texas Hold'em (dealer: ""LingWae @ FQN9hzhzP_"") --",2026-08-28T09:12:55.689Z,178790837568901
"The player ""dick and balls @ gpP9uUffpu"" quits the game with a stack of 0.",2026-08-28T09:12:55.689Z,178790837568900
"Asking to busted players the rebuy decision.",2026-08-28T09:12:51.892Z,178790837189200
"""Harry = Fish @ kCN0-Qy2Mz"" shows a Q♠, J♣.",2026-08-28T09:12:46.426Z,178790836642600
"-- ending hand #195 --",2026-08-28T09:12:45.372Z,178790836537202
"""LingWae @ FQN9hzhzP_"" collected 734 from pot with Straight, A High (combination: 10♠, J♥, Q♣, K♠, A♦)",2026-08-28T09:12:45.372Z,178790836537201
"""LingWae @ FQN9hzhzP_"" collected 2395 from pot with Straight, A High (combination: 10♠, J♥, Q♣, K♠, A♦)",2026-08-28T09:12:45.372Z,178790836537200
"River: Q♣, 10♠, 3♦, K♠ [A♦]",2026-08-28T09:12:41.352Z,178790836135200
"""LingWae @ FQN9hzhzP_"" shows a A♥, J♥.",2026-08-28T09:12:37.287Z,178790835728701
"Uncalled bet of 8903 returned to ""LingWae @ FQN9hzhzP_""",2026-08-28T09:12:37.287Z,178790835728700
"""dick and balls @ gpP9uUffpu"" shows a 6♦, 6♠.",2026-08-28T09:12:37.025Z,178790835702500
"Some players choose to not run it twice.",2026-08-28T09:12:36.413Z,178790835641301
"""LingWae @ FQN9hzhzP_"" chooses to not run it twice.",2026-08-28T09:12:36.413Z,178790835641300
"""dick and balls @ gpP9uUffpu"" chooses to  run it twice.",2026-08-28T09:12:35.203Z,178790835520300
"Remaining players decide whether to run it twice.",2026-08-28T09:12:32.431Z,178790835243101
"""Harry = Fish @ kCN0-Qy2Mz"" folds",2026-08-28T09:12:32.431Z,178790835243100
"""LingWae @ FQN9hzhzP_"" bets 8903 and go all in",2026-08-28T09:12:19.491Z,178790833949100
"Turn: Q♣, 10♠, 3♦ [K♠]",2026-08-28T09:12:10.262Z,178790833026200
"""Harry = Fish @ kCN0-Qy2Mz"" calls 367",2026-08-28T09:12:09.392Z,178790832939200
"""LingWae @ FQN9hzhzP_"" bets 367",2026-08-28T09:12:01.666Z,178790832166600
"Flop:  [Q♣, 10♠, 3♦]",2026-08-28T09:11:45.971Z,178790830597100
"""Harry = Fish @ kCN0-Qy2Mz"" calls 795",2026-08-28T09:11:45.162Z,178790830516200
"""LingWae @ FQN9hzhzP_"" calls 795",2026-08-28T09:11:42.125Z,178790830212500
"""dick and balls @ gpP9uUffpu"" raises to 795 and go all in",2026-08-28T09:11:40.754Z,178790830075400
"""Harry @ Q4OMcL0rqd"" folds",2026-08-28T09:11:39.061Z,178790829906100
"""Harry = Fish @ kCN0-Qy2Mz"" raises to 455",2026-08-28T09:11:36.178Z,178790829617800
"""LingWae @ FQN9hzhzP_"" raises to 167",2026-08-28T09:11:33.283Z,178790829328300
"""dick and balls @ gpP9uUffpu"" raises to 40",2026-08-28T09:11:30.428Z,178790829042800
"""Harry @ Q4OMcL0rqd"" calls 10",2026-08-28T09:11:27.075Z,178790828707500
"""Harry = Fish @ kCN0-Qy2Mz"" posts a big blind of 10",2026-08-28T09:11:24.660Z,178790828466007
"""LingWae @ FQN9hzhzP_"" posts a small blind of 5",2026-08-28T09:11:24.660Z,178790828466006
"Your hand is 6♦, 6♠",2026-08-28T09:11:24.660Z,178790828466004
"Player stacks: #2 ""Harry = Fish @ kCN0-Qy2Mz"" (5508) | #3 ""Harry @ Q4OMcL0rqd"" (990) | #5 ""dick and balls @ gpP9uUffpu"" (795) | #8 ""LingWae @ FQN9hzhzP_"" (10065)",2026-08-28T09:11:24.660Z,178790828466001
"-- starting hand #195 (id: wq9mvvym2pol)  No Limit Texas Hold'em (dealer: ""dick and balls @ gpP9uUffpu"") --",2026-08-28T09:11:24.660Z,178790828466000
"""Harry @ Q4OMcL0rqd"" shows a 3♦.",2026-08-28T09:11:22.191Z,178790828219100
"""Harry = Fish @ kCN0-Qy2Mz"" shows a 10♦, 5♥.",2026-08-28T09:11:21.837Z,178790828183700
"""LingWae @ FQN9hzhzP_"" shows a 9♣, 5♣.",2026-08-28T09:11:19.959Z,178790827995900
"Undealt cards: 2♦, 8♥, 2♣ [Q♥, 8♣]",2026-08-28T09:11:17.312Z,178790827731200
"-- ending hand #194 --",2026-08-28T09:11:16.582Z,178790827658202
"""dick and balls @ gpP9uUffpu"" collected 130 from pot",2026-08-28T09:11:16.582Z,178790827658201
"Uncalled bet of 65 returned to ""dick and balls @ gpP9uUffpu""",2026-08-28T09:11:16.582Z,178790827658200
"""Harry = Fish @ kCN0-Qy2Mz"" folds",2026-08-28T09:11:15.775Z,178790827577500
"""LingWae @ FQN9hzhzP_"" folds",2026-08-28T09:11:14.884Z,178790827488400
"""dick and balls @ gpP9uUffpu"" bets 65",2026-08-28T09:11:12.669Z,178790827266900
"Flop:  [2♦, 8♥, 2♣]",2026-08-28T09:11:08.887Z,178790826888700
"""Harry @ Q4OMcL0rqd"" folds",2026-08-28T09:11:08.080Z,178790826808000
"""Harry = Fish @ kCN0-Qy2Mz"" calls 40",2026-08-28T09:11:06.161Z,178790826616100
"""LingWae @ FQN9hzhzP_"" calls 40",2026-08-28T09:11:01.285Z,178790826128500
"""dick and balls @ gpP9uUffpu"" raises to 40",2026-08-28T09:10:59.949Z,178790825994900
"""Harry @ Q4OMcL0rqd"" calls 10",2026-08-28T09:10:58.080Z,178790825808000
"""Harry = Fish @ kCN0-Qy2Mz"" calls 10",2026-08-28T09:10:51.708Z,178790825170800
"""LingWae @ FQN9hzhzP_"" posts a big blind of 10",2026-08-28T09:10:48.926Z,178790824892608
"""dick and balls @ gpP9uUffpu"" posts a small blind of 5",2026-08-28T09:10:48.926Z,178790824892607
"Player stacks: #2 ""Harry = Fish @ kCN0-Qy2Mz"" (5548) | #3 ""Harry @ Q4OMcL0rqd"" (1000) | #5 ""dick and balls @ gpP9uUffpu"" (705) | #8 ""LingWae @ FQN9hzhzP_"" (10105)",2026-08-28T09:10:48.926Z,178790824892602
"-- starting hand #194 (id: txun18q9otoy)  No Limit Texas Hold'em (dealer: ""Harry @ Q4OMcL0rqd"") --",2026-08-28T09:10:48.926Z,178790824892601
"The player ""Harry @ Q4OMcL0rqd"" rebought. New stack 1000.",2026-08-28T09:10:48.926Z,178790824892600
"Waiting for the game owner to approve or reject pending rebuy requests.",2026-08-28T09:10:43.953Z,178790824395301
"The player ""Harry @ Q4OMcL0rqd"" requested a rebuy of 1000.",2026-08-28T09:10:43.953Z,178790824395300
"""LingWae @ FQN9hzhzP_"" shows a 5♦, 8♥.",2026-08-28T09:10:39.762Z,178790823976200
"Asking to busted players the rebuy decision.",2026-08-28T09:10:31.551Z,178790823155100
"-- ending hand #193 --",2026-08-28T09:10:25.489Z,178790822548901
"""Harry = Fish @ kCN0-Qy2Mz"" collected 2090 from pot with Flush, A High (combination: 7♠, 8♠, Q♠, K♠, A♠)",2026-08-28T09:10:25.489Z,178790822548900
"River: Q♠, A♠, 8♦, 8♠ [K♠]",2026-08-28T09:10:21.449Z,178790822144900
"""Harry @ Q4OMcL0rqd"" shows a 7♥, Q♦.",2026-08-28T09:10:17.389Z,178790821738901
"""Harry = Fish @ kCN0-Qy2Mz"" shows a Q♥, 7♠.",2026-08-28T09:10:17.389Z,178790821738900
"Some players choose to not run it twice.",2026-08-28T09:10:16.520Z,178790821652001
"""Harry @ Q4OMcL0rqd"" chooses to not run it twice.",2026-08-28T09:10:16.520Z,178790821652000
"""Harry = Fish @ kCN0-Qy2Mz"" chooses to  run it twice.",2026-08-28T09:10:16.338Z,178790821633800
"Remaining players decide whether to run it twice.",2026-08-28T09:10:15.134Z,178790821513401
"""Harry = Fish @ kCN0-Qy2Mz"" calls 685",2026-08-28T09:10:15.134Z,178790821513400
"""Harry @ Q4OMcL0rqd"" raises to 685 and go all in",2026-08-28T09:10:13.096Z,178790821309600
"""Harry = Fish @ kCN0-Qy2Mz"" bets 540",2026-08-28T09:09:52.987Z,178790819298700
"""Harry @ Q4OMcL0rqd"" checks",2026-08-28T09:09:50.012Z,178790819001200
"Turn: Q♠, A♠, 8♦ [8♠]",2026-08-28T09:09:47.461Z,178790818746100
"""Harry @ Q4OMcL0rqd"" calls 270",2026-08-28T09:09:46.612Z,178790818661200
"""Harry = Fish @ kCN0-Qy2Mz"" raises to 270",2026-08-28T09:09:38.333Z,178790817833300
"""LingWae @ FQN9hzhzP_"" folds",2026-08-28T09:09:32.782Z,178790817278200
"""dick and balls @ gpP9uUffpu"" folds",2026-08-28T09:09:31.298Z,178790817129800
"""Harry @ Q4OMcL0rqd"" bets 90",2026-08-28T09:09:26.951Z,178790816695100
"Flop:  [Q♠, A♠, 8♦]",2026-08-28T09:09:22.274Z,178790816227400
"""LingWae @ FQN9hzhzP_"" calls 45",2026-08-28T09:09:21.467Z,178790816146700
"""dick and balls @ gpP9uUffpu"" calls 45",2026-08-28T09:09:18.286Z,178790815828600
"""Harry @ Q4OMcL0rqd"" calls 45",2026-08-28T09:09:16.833Z,178790815683300
"""Harry = Fish @ kCN0-Qy2Mz"" raises to 45",2026-08-28T09:09:15.679Z,178790815567900
"""LingWae @ FQN9hzhzP_"" calls 10",2026-08-28T09:09:12.761Z,178790815276100
"""dick and balls @ gpP9uUffpu"" posts a big blind of 10",2026-08-28T09:08:59.478Z,178790813947808
"""Harry @ Q4OMcL0rqd"" posts a small blind of 5",2026-08-28T09:08:59.478Z,178790813947807
"Player stacks: #2 ""Harry = Fish @ kCN0-Qy2Mz"" (4458) | #3 ""Harry @ Q4OMcL0rqd"" (1000) | #5 ""dick and balls @ gpP9uUffpu"" (750) | #8 ""LingWae @ FQN9hzhzP_"" (10150)",2026-08-28T09:08:59.478Z,178790813947802
"-- starting hand #193 (id: xop1bufcw9gi)  No Limit Texas Hold'em (dealer: ""Harry = Fish @ kCN0-Qy2Mz"") --",2026-08-28T09:08:59.478Z,178790813947801
"The player ""Harry @ Q4OMcL0rqd"" rebought. New stack 1000.",2026-08-28T09:08:59.478Z,178790813947800
"Waiting for the game owner to approve or reject pending rebuy requests.",2026-08-28T09:08:58.228Z,178790813822801
"The player ""Harry @ Q4OMcL0rqd"" requested a rebuy of 1000.",2026-08-28T09:08:58.228Z,178790813822800
"Asking to busted players the rebuy decision.",2026-08-28T09:08:54.252Z,178790813425200
"""LingWae @ FQN9hzhzP_"" shows a 3♠.",2026-08-28T09:08:49.671Z,178790812967100
"-- ending hand #192 --",2026-08-28T09:08:47.745Z,178790812774501
"""Harry = Fish @ kCN0-Qy2Mz"" collected 2120 from pot with Full House, 10's over 3's (combination: 3♦, 3♥, 10♠, 10♣, 10♥)",2026-08-28T09:08:47.745Z,178790812774500
"River: 3♦, 10♥, A♥, 3♥ [J♠]",2026-08-28T09:08:43.622Z,178790812362200
"Turn: 3♦, 10♥, A♥ [3♥]",2026-08-28T09:08:39.598Z,178790811959800
"""Harry @ Q4OMcL0rqd"" shows a 8♣, A♦.",2026-08-28T09:08:35.570Z,178790811557001
"""Harry = Fish @ kCN0-Qy2Mz"" shows a 10♠, 10♣.",2026-08-28T09:08:35.570Z,178790811557000
"Some players choose to not run it twice.",2026-08-28T09:08:34.759Z,178790811475901
"""Harry @ Q4OMcL0rqd"" chooses to not run it twice.",2026-08-28T09:08:34.759Z,178790811475900
"""Harry = Fish @ kCN0-Qy2Mz"" chooses to  run it twice.",2026-08-28T09:08:34.333Z,178790811433300
"Remaining players decide whether to run it twice.",2026-08-28T09:08:33.221Z,178790811322101
"""Harry = Fish @ kCN0-Qy2Mz"" calls 880",2026-08-28T09:08:33.221Z,178790811322100
"""Harry @ Q4OMcL0rqd"" raises to 880 and go all in",2026-08-28T09:08:32.034Z,178790811203400
"""Harry = Fish @ kCN0-Qy2Mz"" raises to 380",2026-08-28T09:08:29.167Z,178790810916700
"""LingWae @ FQN9hzhzP_"" folds",2026-08-28T09:08:25.305Z,178790810530500
"""Harry @ Q4OMcL0rqd"" bets 100",2026-08-28T09:08:23.450Z,178790810345000
"""Harry = Fish @ kCN0-Qy2Mz"" checks",2026-08-28T09:08:19.307Z,178790809930700
"Flop:  [3♦, 10♥, A♥]",2026-08-28T09:08:16.393Z,178790809639300
"""LingWae @ FQN9hzhzP_"" calls 120",2026-08-28T09:08:15.541Z,178790809554100
"""Harry @ Q4OMcL0rqd"" calls 120",2026-08-28T09:08:12.752Z,178790809275200
"""Harry = Fish @ kCN0-Qy2Mz"" raises to 120",2026-08-28T09:08:10.811Z,178790809081100
"""LingWae @ FQN9hzhzP_"" calls 10",2026-08-28T09:08:06.018Z,178790808601800
"""dick and balls @ gpP9uUffpu"" folds",2026-08-28T09:07:54.419Z,178790807441900
"""Harry @ Q4OMcL0rqd"" posts a big blind of 10",2026-08-28T09:07:53.238Z,178790807323808
"""Harry = Fish @ kCN0-Qy2Mz"" posts a small blind of 5",2026-08-28T09:07:53.238Z,178790807323807
"Player stacks: #2 ""Harry = Fish @ kCN0-Qy2Mz"" (3338) | #3 ""Harry @ Q4OMcL0rqd"" (1000) | #5 ""dick and balls @ gpP9uUffpu"" (750) | #8 ""LingWae @ FQN9hzhzP_"" (10270)",2026-08-28T09:07:53.238Z,178790807323802
"-- starting hand #192 (id: c55em9xca0z1)  No Limit Texas Hold'em (dealer: ""LingWae @ FQN9hzhzP_"") --",2026-08-28T09:07:53.238Z,178790807323801
"The player ""Harry @ Q4OMcL0rqd"" rebought. New stack 1000.",2026-08-28T09:07:53.238Z,178790807323800
"""Harry = Fish @ kCN0-Qy2Mz"" shows a J♥.",2026-08-28T09:07:51.706Z,178790807170600
"Waiting for the game owner to approve or reject pending rebuy requests.",2026-08-28T09:07:51.578Z,178790807157801
"The player ""Harry @ Q4OMcL0rqd"" requested a rebuy of 1000.",2026-08-28T09:07:51.578Z,178790807157800
"""Harry = Fish @ kCN0-Qy2Mz"" shows a K♣.",2026-08-28T09:07:51.321Z,178790807132100
"""dick and balls @ gpP9uUffpu"" shows a 5♣.",2026-08-28T09:07:48.934Z,178790806893400
"""dick and balls @ gpP9uUffpu"" shows a Q♣.",2026-08-28T09:07:48.698Z,178790806869800
"Asking to busted players the rebuy decision.",2026-08-28T09:07:47.673Z,178790806767300
"-- ending hand #191 --",2026-08-28T09:07:41.662Z,178790806166201
"""LingWae @ FQN9hzhzP_"" collected 3944 from pot with Flush, A High (combination: 4♠, 8♠, J♠, Q♠, A♠)",2026-08-28T09:07:41.662Z,178790806166200
"River: 4♠, A♠, 7♣, J♠ [8♠]",2026-08-28T09:07:37.567Z,178790805756700
"""LingWae @ FQN9hzhzP_"" shows a 10♣, Q♠.",2026-08-28T09:07:33.519Z,178790805351902
"""Harry @ Q4OMcL0rqd"" shows a Q♦, A♣.",2026-08-28T09:07:33.519Z,178790805351901
"Uncalled bet of 28 returned to ""LingWae @ FQN9hzhzP_""",2026-08-28T09:07:33.519Z,178790805351900
"Some players choose to not run it twice.",2026-08-28T09:07:32.675Z,178790805267501
"""Harry @ Q4OMcL0rqd"" chooses to not run it twice.",2026-08-28T09:07:32.675Z,178790805267500
"Remaining players decide whether to run it twice.",2026-08-28T09:07:31.338Z,178790805133801
"""Harry @ Q4OMcL0rqd"" calls 972 and go all in",2026-08-28T09:07:31.338Z,178790805133800
"""LingWae @ FQN9hzhzP_"" bets 1000",2026-08-28T09:07:14.183Z,178790803418300
"Turn: 4♠, A♠, 7♣ [J♠]",2026-08-28T09:07:06.907Z,178790802690700
"""LingWae @ FQN9hzhzP_"" calls 500",2026-08-28T09:07:06.032Z,178790802603200
"""dick and balls @ gpP9uUffpu"" folds",2026-08-28T09:06:53.249Z,178790801324900
"""Harry @ Q4OMcL0rqd"" raises to 500",2026-08-28T09:06:51.668Z,178790801166800
"""Harry = Fish @ kCN0-Qy2Mz"" folds",2026-08-28T09:06:48.120Z,178790800812000
"""LingWae @ FQN9hzhzP_"" bets 167",2026-08-28T09:06:44.831Z,178790800483100
"Flop:  [4♠, A♠, 7♣]",2026-08-28T09:06:37.372Z,178790799737200
"""LingWae @ FQN9hzhzP_"" calls 250",2026-08-28T09:06:36.533Z,178790799653300
"""dick and balls @ gpP9uUffpu"" calls 250",2026-08-28T09:06:35.601Z,178790799560100
"""Harry @ Q4OMcL0rqd"" calls 250",2026-08-28T09:06:30.579Z,178790799057900
"""Harry = Fish @ kCN0-Qy2Mz"" raises to 250",2026-08-28T09:06:28.527Z,178790798852700
"""LingWae @ FQN9hzhzP_"" calls 50",2026-08-28T09:06:25.787Z,178790798578700
"""dick and balls @ gpP9uUffpu"" calls 50",2026-08-28T09:06:23.858Z,178790798385800
"""Harry @ Q4OMcL0rqd"" raises to 50",2026-08-28T09:06:21.222Z,178790798122200
"""Harry = Fish @ kCN0-Qy2Mz"" posts a big blind of 10",2026-08-28T09:06:17.868Z,178790797786807
"""LingWae @ FQN9hzhzP_"" posts a small blind of 5",2026-08-28T09:06:17.868Z,178790797786806
"Player stacks: #2 ""Harry = Fish @ kCN0-Qy2Mz"" (3588) | #3 ""Harry @ Q4OMcL0rqd"" (1722) | #5 ""dick and balls @ gpP9uUffpu"" (1000) | #8 ""LingWae @ FQN9hzhzP_"" (8048)",2026-08-28T09:06:17.868Z,178790797786801
"-- starting hand #191 (id: doqlc68lobpv)  No Limit Texas Hold'em (dealer: ""dick and balls @ gpP9uUffpu"") --",2026-08-28T09:06:17.868Z,178790797786800
"""LingWae @ FQN9hzhzP_"" shows a 7♠.",2026-08-28T09:06:13.093Z,178790797309300
"-- ending hand #190 --",2026-08-28T09:06:11.263Z,178790797126303
"""Harry @ Q4OMcL0rqd"" collected 564 from pot with Pair, 3's (combination: 7♥, 10♣, Q♥, 3♠, 3♣)",2026-08-28T09:06:11.263Z,178790797126302
"""Harry @ Q4OMcL0rqd"" shows a 5♥, 3♠.",2026-08-28T09:06:11.263Z,178790797126301
"""Harry = Fish @ kCN0-Qy2Mz"" shows a K♣, J♥.",2026-08-28T09:06:11.263Z,178790797126300
"""Harry @ Q4OMcL0rqd"" checks",2026-08-28T09:06:10.431Z,178790797043100
"""Harry = Fish @ kCN0-Qy2Mz"" checks",2026-08-28T09:06:08.847Z,178790796884700
"River: 2♥, 10♣, 7♥, Q♥ [3♣]",2026-08-28T09:06:05.574Z,178790796557400
"""LingWae @ FQN9hzhzP_"" folds",2026-08-28T09:06:04.713Z,178790796471300
"""Harry @ Q4OMcL0rqd"" calls 188",2026-08-28T09:06:03.311Z,178790796331100
"""Harry = Fish @ kCN0-Qy2Mz"" bets 188",2026-08-28T09:05:58.250Z,178790795825000
"""LingWae @ FQN9hzhzP_"" checks",2026-08-28T09:05:53.888Z,178790795388800
"Turn: 2♥, 10♣, 7♥ [Q♥]",2026-08-28T09:05:50.698Z,178790795069800
"""dick and balls @ gpP9uUffpu"" folds",2026-08-28T09:05:49.872Z,178790794987200
"""Harry @ Q4OMcL0rqd"" calls 36",2026-08-28T09:05:48.747Z,178790794874700
"""Harry = Fish @ kCN0-Qy2Mz"" calls 36",2026-08-28T09:05:47.695Z,178790794769500
"""LingWae @ FQN9hzhzP_"" bets 36",2026-08-28T09:05:45.692Z,178790794569200
"""dick and balls @ gpP9uUffpu"" checks",2026-08-28T09:05:41.358Z,178790794135800
"Flop:  [2♥, 10♣, 7♥]",2026-08-28T09:05:39.570Z,178790793957000
"""LingWae @ FQN9hzhzP_"" calls 20",2026-08-28T09:05:38.746Z,178790793874600
"""dick and balls @ gpP9uUffpu"" calls 20",2026-08-28T09:05:37.075Z,178790793707500
"""Harry @ Q4OMcL0rqd"" calls 20",2026-08-28T09:05:35.060Z,178790793506000
"""Harry = Fish @ kCN0-Qy2Mz"" raises to 20",2026-08-28T09:05:32.803Z,178790793280300
"""LingWae @ FQN9hzhzP_"" posts a big blind of 10",2026-08-28T09:05:30.360Z,178790793036008
"""dick and balls @ gpP9uUffpu"" posts a small blind of 5",2026-08-28T09:05:30.360Z,178790793036007
"Player stacks: #2 ""Harry = Fish @ kCN0-Qy2Mz"" (3832) | #3 ""Harry @ Q4OMcL0rqd"" (1402) | #5 ""dick and balls @ gpP9uUffpu"" (1020) | #8 ""LingWae @ FQN9hzhzP_"" (8104)",2026-08-28T09:05:30.360Z,178790793036002
"-- starting hand #190 (id: u3huke71zxgx)  No Limit Texas Hold'em (dealer: ""Harry @ Q4OMcL0rqd"") --",2026-08-28T09:05:30.360Z,178790793036001
"The admin updated the player ""dick and balls @ gpP9uUffpu"" stack from 20 to 1020.",2026-08-28T09:05:30.360Z,178790793036000
"-- ending hand #189 --",2026-08-28T09:05:24.274Z,178790792427402
"""LingWae @ FQN9hzhzP_"" collected 920 from pot with Straight, 10 High (combination: 6♣, 7♦, 8♣, 9♦, 10♦)",2026-08-28T09:05:24.274Z,178790792427401
"""LingWae @ FQN9hzhzP_"" shows a 8♣, 9♦.",2026-08-28T09:05:24.274Z,178790792427400
"""dick and balls @ gpP9uUffpu"" calls 400",2026-08-28T09:05:23.379Z,178790792337900
"""LingWae @ FQN9hzhzP_"" raises to 400",2026-08-28T09:05:21.946Z,178790792194600
"""dick and balls @ gpP9uUffpu"" bets 30",2026-08-28T09:05:17.263Z,178790791726300
"River: 6♥, 6♣, 3♥, 10♦ [7♦]",2026-08-28T09:05:14.952Z,178790791495200
"""LingWae @ FQN9hzhzP_"" checks",2026-08-28T09:05:14.104Z,178790791410400
"""dick and balls @ gpP9uUffpu"" checks",2026-08-28T09:05:12.987Z,178790791298700
"Turn: 6♥, 6♣, 3♥ [10♦]",2026-08-28T09:05:12.152Z,178790791215200
"""LingWae @ FQN9hzhzP_"" checks",2026-08-28T09:05:11.338Z,178790791133800
"""dick and balls @ gpP9uUffpu"" checks",2026-08-28T09:05:10.397Z,178790791039700
"Flop:  [6♥, 6♣, 3♥]",2026-08-28T09:05:08.856Z,178790790885600
"""Harry @ Q4OMcL0rqd"" folds",2026-08-28T09:05:08.020Z,178790790802000
"""Harry = Fish @ kCN0-Qy2Mz"" folds",2026-08-28T09:05:07.030Z,178790790703000
"""LingWae @ FQN9hzhzP_"" calls 50",2026-08-28T09:05:05.637Z,178790790563700
"WARNING: the admin queued the stack change for the player ""dick and balls @ gpP9uUffpu"" adding 1000 chips in the next hand.",2026-08-28T09:05:00.975Z,178790790097500
"""dick and balls @ gpP9uUffpu"" raises to 50",2026-08-28T09:04:56.202Z,178790789620200
"""Harry @ Q4OMcL0rqd"" calls 10",2026-08-28T09:04:54.246Z,178790789424600
"""Harry = Fish @ kCN0-Qy2Mz"" calls 10",2026-08-28T09:04:52.387Z,178790789238700
"""LingWae @ FQN9hzhzP_"" calls 10",2026-08-28T09:04:50.445Z,178790789044500
"""dick and balls @ gpP9uUffpu"" posts a big blind of 10",2026-08-28T09:04:44.364Z,178790788436407
"""Harry @ Q4OMcL0rqd"" posts a small blind of 5",2026-08-28T09:04:44.364Z,178790788436406
"Player stacks: #2 ""Harry = Fish @ kCN0-Qy2Mz"" (3842) | #3 ""Harry @ Q4OMcL0rqd"" (1412) | #5 ""dick and balls @ gpP9uUffpu"" (470) | #8 ""LingWae @ FQN9hzhzP_"" (7634)",2026-08-28T09:04:44.364Z,178790788436401
"-- starting hand #189 (id: stkqrflag8m9)  No Limit Texas Hold'em (dealer: ""Harry = Fish @ kCN0-Qy2Mz"") --",2026-08-28T09:04:44.364Z,178790788436400
"""LingWae @ FQN9hzhzP_"" shows a 8♦.",2026-08-28T09:04:43.692Z,178790788369200
"-- ending hand #188 --",2026-08-28T09:04:35.790Z,178790787579002
"""Harry = Fish @ kCN0-Qy2Mz"" collected 1921 from pot with Two Pair, K's & 9's on the second run  (combination: Q♥, 9♥, 9♣, K♣, K♥)",2026-08-28T09:04:35.790Z,178790787579001
"""Harry = Fish @ kCN0-Qy2Mz"" collected 1921 from pot with Two Pair, K's & 9's (combination: Q♥, 9♥, 9♣, K♣, K♥)",2026-08-28T09:04:35.790Z,178790787579000
"River (second run): Q♥, K♥, 9♥, 9♣ [6♦]",2026-08-28T09:04:31.784Z,178790787178400
"River: Q♥, K♥, 9♥, 9♣ [10♦]",2026-08-28T09:04:27.760Z,178790786776000
"""Harry = Fish @ kCN0-Qy2Mz"" shows a K♣, 7♠.",2026-08-28T09:04:23.637Z,178790786363701
"Uncalled bet of 470 returned to ""dick and balls @ gpP9uUffpu""",2026-08-28T09:04:23.637Z,178790786363700
"""dick and balls @ gpP9uUffpu"" shows a A♥, 7♦.",2026-08-28T09:04:23.474Z,178790786347400
"All players in hand choose to run it twice.",2026-08-28T09:04:22.796Z,178790786279601
"""Harry = Fish @ kCN0-Qy2Mz"" chooses to  run it twice.",2026-08-28T09:04:22.796Z,178790786279600
"""dick and balls @ gpP9uUffpu"" chooses to  run it twice.",2026-08-28T09:04:22.724Z,178790786272400
"Remaining players decide whether to run it twice.",2026-08-28T09:04:21.611Z,178790786161101
"""Harry = Fish @ kCN0-Qy2Mz"" calls 1171 and go all in",2026-08-28T09:04:21.611Z,178790786161100
"""dick and balls @ gpP9uUffpu"" bets 1641 and go all in",2026-08-28T09:04:01.331Z,178790784133100
"""Harry = Fish @ kCN0-Qy2Mz"" checks",2026-08-28T09:03:57.800Z,178790783780000
"Turn: Q♥, K♥, 9♥ [9♣]",2026-08-28T09:03:55.543Z,178790783554300
"""LingWae @ FQN9hzhzP_"" folds",2026-08-28T09:03:54.716Z,178790783471600
"""dick and balls @ gpP9uUffpu"" calls 570",2026-08-28T09:03:53.150Z,178790783315000
"""Harry @ Q4OMcL0rqd"" folds",2026-08-28T09:03:52.153Z,178790783215300
"""Harry = Fish @ kCN0-Qy2Mz"" raises to 570",2026-08-28T09:03:50.638Z,178790783063800
"""LingWae @ FQN9hzhzP_"" calls 120",2026-08-28T09:03:45.283Z,178790782528300
"""dick and balls @ gpP9uUffpu"" bets 120",2026-08-28T09:03:38.824Z,178790781882400
"""Harry @ Q4OMcL0rqd"" checks",2026-08-28T09:03:35.831Z,178790781583100
"""Harry = Fish @ kCN0-Qy2Mz"" checks",2026-08-28T09:03:34.574Z,178790781457400
"Flop:  [Q♥, K♥, 9♥]",2026-08-28T09:03:32.200Z,178790781220000
"""Harry @ Q4OMcL0rqd"" calls 60",2026-08-28T09:03:31.339Z,178790781133900
"""Harry = Fish @ kCN0-Qy2Mz"" calls 60",2026-08-28T09:03:29.710Z,178790780971000
"""LingWae @ FQN9hzhzP_"" calls 60",2026-08-28T09:03:28.464Z,178790780846400
"""dick and balls @ gpP9uUffpu"" raises to 60",2026-08-28T09:03:20.180Z,178790780018000
"""Harry @ Q4OMcL0rqd"" posts a big blind of 10",2026-08-28T09:03:16.704Z,178790779670407
"""Harry = Fish @ kCN0-Qy2Mz"" posts a small blind of 5",2026-08-28T09:03:16.704Z,178790779670406
"Your hand is A♥, 7♦",2026-08-28T09:03:16.704Z,178790779670404
"Player stacks: #2 ""Harry = Fish @ kCN0-Qy2Mz"" (1801) | #3 ""Harry @ Q4OMcL0rqd"" (1472) | #5 ""dick and balls @ gpP9uUffpu"" (2271) | #8 ""LingWae @ FQN9hzhzP_"" (7814)",2026-08-28T09:03:16.704Z,178790779670401
"-- starting hand #188 (id: sf1wwbrypdzg)  No Limit Texas Hold'em (dealer: ""LingWae @ FQN9hzhzP_"") --",2026-08-28T09:03:16.704Z,178790779670400
"""LingWae @ FQN9hzhzP_"" shows a 2♣.",2026-08-28T09:03:13.878Z,178790779387800
"-- ending hand #187 --",2026-08-28T09:03:13.063Z,178790779306302
"""LingWae @ FQN9hzhzP_"" collected 2073 from pot",2026-08-28T09:03:13.063Z,178790779306301
"Uncalled bet of 500 returned to ""LingWae @ FQN9hzhzP_""",2026-08-28T09:03:13.063Z,178790779306300
"""Harry @ Q4OMcL0rqd"" folds",2026-08-28T09:03:12.221Z,178790779222100
"""Harry = Fish @ kCN0-Qy2Mz"" folds",2026-08-28T09:03:05.034Z,178790778503400
"""LingWae @ FQN9hzhzP_"" raises to 1000",2026-08-28T09:03:03.989Z,178790778398900
"""Harry @ Q4OMcL0rqd"" bets 500",2026-08-28T09:03:00.622Z,178790778062200
"""Harry = Fish @ kCN0-Qy2Mz"" checks",2026-08-28T09:02:57.863Z,178790777786300
"""LingWae @ FQN9hzhzP_"" checks",2026-08-28T09:02:55.946Z,178790777594600
"River: 5♠, J♦, 10♣, 9♠ [3♥]",2026-08-28T09:02:47.315Z,178790776731500
"""dick and balls @ gpP9uUffpu"" folds",2026-08-28T09:02:46.469Z,178790776646900
"""Harry @ Q4OMcL0rqd"" calls 167",2026-08-28T09:02:45.316Z,178790776531600
"""Harry = Fish @ kCN0-Qy2Mz"" calls 167",2026-08-28T09:02:43.651Z,178790776365100
"""LingWae @ FQN9hzhzP_"" bets 167",2026-08-28T09:02:41.849Z,178790776184900
"Turn: 5♠, J♦, 10♣ [9♠]",2026-08-28T09:02:36.776Z,178790775677600
"""dick and balls @ gpP9uUffpu"" calls 67",2026-08-28T09:02:35.962Z,178790775596200
"""Harry @ Q4OMcL0rqd"" calls 67",2026-08-28T09:02:34.872Z,178790775487200
"""Harry = Fish @ kCN0-Qy2Mz"" calls 67",2026-08-28T09:02:33.739Z,178790775373900
"""LingWae @ FQN9hzhzP_"" bets 67",2026-08-28T09:02:31.880Z,178790775188000
"Flop:  [5♠, J♦, 10♣]",2026-08-28T09:02:27.904Z,178790774790400
"""dick and balls @ gpP9uUffpu"" calls 76",2026-08-28T09:02:27.065Z,178790774706500
"""Harry @ Q4OMcL0rqd"" calls 76",2026-08-28T09:02:26.149Z,178790774614900
"""Harry = Fish @ kCN0-Qy2Mz"" calls 76",2026-08-28T09:02:24.038Z,178790774403800
"""LingWae @ FQN9hzhzP_"" raises to 76",2026-08-28T09:02:22.456Z,178790774245600
"""dick and balls @ gpP9uUffpu"" calls 40",2026-08-28T09:02:09.983Z,178790772998300
"""Harry @ Q4OMcL0rqd"" raises to 40",2026-08-28T09:02:09.066Z,178790772906600
"""Harry = Fish @ kCN0-Qy2Mz"" posts a big blind of 10",2026-08-28T09:02:05.880Z,178790772588007
"""LingWae @ FQN9hzhzP_"" posts a small blind of 5",2026-08-28T09:02:05.880Z,178790772588006
"Player stacks: #2 ""Harry = Fish @ kCN0-Qy2Mz"" (2111) | #3 ""Harry @ Q4OMcL0rqd"" (2282) | #5 ""dick and balls @ gpP9uUffpu"" (2414) | #8 ""LingWae @ FQN9hzhzP_"" (6551)",2026-08-28T09:02:05.880Z,178790772588001
"-- starting hand #187 (id: 6rgnngrtxcvg)  No Limit Texas Hold'em (dealer: ""dick and balls @ gpP9uUffpu"") --",2026-08-28T09:02:05.880Z,178790772588000
"""LingWae @ FQN9hzhzP_"" shows a A♣, 8♠.",2026-08-28T09:02:00.494Z,178790772049400
"""Harry @ Q4OMcL0rqd"" shows a 5♣.",2026-08-28T09:02:00.428Z,178790772042800
"""dick and balls @ gpP9uUffpu"" shows a Q♠.",2026-08-28T09:01:59.689Z,178790771968900
"Undealt cards: Q♥, 2♣, K♣, 9♦ [7♥]",2026-08-28T09:01:58.239Z,178790771823900
"-- ending hand #186 --",2026-08-28T09:01:57.824Z,178790771782402
"""Harry = Fish @ kCN0-Qy2Mz"" collected 182 from pot",2026-08-28T09:01:57.824Z,178790771782401
"Uncalled bet of 136 returned to ""Harry = Fish @ kCN0-Qy2Mz""",2026-08-28T09:01:57.824Z,178790771782400
"""LingWae @ FQN9hzhzP_"" folds",2026-08-28T09:01:57.011Z,178790771701100
"""Harry @ Q4OMcL0rqd"" folds",2026-08-28T09:01:54.443Z,178790771444300
"""Harry = Fish @ kCN0-Qy2Mz"" raises to 172",2026-08-28T09:01:53.302Z,178790771330200
"""LingWae @ FQN9hzhzP_"" bets 36",2026-08-28T09:01:50.464Z,178790771046400
"Turn: Q♥, 2♣, K♣ [9♦]",2026-08-28T09:01:47.022Z,178790770702200
"""Harry @ Q4OMcL0rqd"" checks",2026-08-28T09:01:46.216Z,178790770621600
"""Harry = Fish @ kCN0-Qy2Mz"" checks",2026-08-28T09:01:44.630Z,178790770463000
"""LingWae @ FQN9hzhzP_"" checks",2026-08-28T09:01:43.138Z,178790770313800
"Flop:  [Q♥, 2♣, K♣]",2026-08-28T09:01:38.174Z,178790769817400
"""LingWae @ FQN9hzhzP_"" calls 35",2026-08-28T09:01:37.347Z,178790769734700
"""dick and balls @ gpP9uUffpu"" folds",2026-08-28T09:01:33.864Z,178790769386400
"""Harry @ Q4OMcL0rqd"" calls 35",2026-08-28T09:01:31.279Z,178790769127900
"""Harry = Fish @ kCN0-Qy2Mz"" raises to 35",2026-08-28T09:01:29.628Z,178790768962800
"""LingWae @ FQN9hzhzP_"" posts a big blind of 10",2026-08-28T09:01:26.365Z,178790768636507
"""dick and balls @ gpP9uUffpu"" posts a small blind of 5",2026-08-28T09:01:26.365Z,178790768636506
"Player stacks: #2 ""Harry = Fish @ kCN0-Qy2Mz"" (2000) | #3 ""Harry @ Q4OMcL0rqd"" (2317) | #5 ""dick and balls @ gpP9uUffpu"" (2419) | #8 ""LingWae @ FQN9hzhzP_"" (6622)",2026-08-28T09:01:26.365Z,178790768636501
"-- starting hand #186 (id: bhd0dp1vy4ez)  No Limit Texas Hold'em (dealer: ""Harry @ Q4OMcL0rqd"") --",2026-08-28T09:01:26.365Z,178790768636500
"""LingWae @ FQN9hzhzP_"" shows a 4♠.",2026-08-28T09:01:23.609Z,178790768360900
"-- ending hand #185 --",2026-08-28T09:01:22.760Z,178790768276002
"""dick and balls @ gpP9uUffpu"" collected 210 from pot",2026-08-28T09:01:22.760Z,178790768276001
"Uncalled bet of 210 returned to ""dick and balls @ gpP9uUffpu""",2026-08-28T09:01:22.760Z,178790768276000
"""Harry @ Q4OMcL0rqd"" folds",2026-08-28T09:01:21.859Z,178790768185900
"""LingWae @ FQN9hzhzP_"" folds",2026-08-28T09:01:20.778Z,178790768077800
"""dick and balls @ gpP9uUffpu"" bets 210",2026-08-28T09:01:18.521Z,178790767852100
"""Harry @ Q4OMcL0rqd"" checks",2026-08-28T09:01:16.770Z,178790767677000
"River: K♠, 8♥, 7♦, 4♦ [Q♠]",2026-08-28T09:01:14.151Z,178790767415100
"""LingWae @ FQN9hzhzP_"" calls 60",2026-08-28T09:01:13.234Z,178790767323400
"""dick and balls @ gpP9uUffpu"" calls 60",2026-08-28T09:01:12.255Z,178790767225500
"""Harry @ Q4OMcL0rqd"" bets 60",2026-08-28T09:01:10.823Z,178790767082300
"Turn: K♠, 8♥, 7♦ [4♦]",2026-08-28T09:01:05.934Z,178790766593400
"""LingWae @ FQN9hzhzP_"" checks",2026-08-28T09:01:05.083Z,178790766508300
"""dick and balls @ gpP9uUffpu"" checks",2026-08-28T09:01:00.747Z,178790766074700
"""Harry @ Q4OMcL0rqd"" checks",2026-08-28T09:00:59.249Z,178790765924900
"Flop:  [K♠, 8♥, 7♦]",2026-08-28T09:00:57.310Z,178790765731000
"""dick and balls @ gpP9uUffpu"" checks",2026-08-28T09:00:56.506Z,178790765650600
"""Harry @ Q4OMcL0rqd"" calls 10",2026-08-28T09:00:55.571Z,178790765557100
"""Harry = Fish @ kCN0-Qy2Mz"" folds",2026-08-28T09:00:52.944Z,178790765294400
"""LingWae @ FQN9hzhzP_"" calls 10",2026-08-28T09:00:51.552Z,178790765155200
"""dick and balls @ gpP9uUffpu"" posts a big blind of 10",2026-08-28T09:00:48.536Z,178790764853608
"""Harry @ Q4OMcL0rqd"" posts a small blind of 5",2026-08-28T09:00:48.536Z,178790764853607
"Player stacks: #2 ""Harry = Fish @ kCN0-Qy2Mz"" (2000) | #3 ""Harry @ Q4OMcL0rqd"" (2387) | #5 ""dick and balls @ gpP9uUffpu"" (2279) | #8 ""LingWae @ FQN9hzhzP_"" (6692)",2026-08-28T09:00:48.536Z,178790764853602
"-- starting hand #185 (id: xc6zltw7ocqr)  No Limit Texas Hold'em (dealer: ""Harry = Fish @ kCN0-Qy2Mz"") --",2026-08-28T09:00:48.536Z,178790764853601
"The player ""Harry = Fish @ kCN0-Qy2Mz"" rebought. New stack 2000.",2026-08-28T09:00:48.536Z,178790764853600
"Waiting for the game owner to approve or reject pending rebuy requests.",2026-08-28T09:00:47.437Z,178790764743701
"The player ""Harry = Fish @ kCN0-Qy2Mz"" requested a rebuy of 2000.",2026-08-28T09:00:47.437Z,178790764743700
"Asking to busted players the rebuy decision.",2026-08-28T09:00:36.592Z,178790763659200
"-- ending hand #184 --",2026-08-28T09:00:30.585Z,178790763058501
"""LingWae @ FQN9hzhzP_"" collected 3274 from pot with Flush, Q High (combination: 4♠, 5♠, 8♠, 9♠, Q♠)",2026-08-28T09:00:30.585Z,178790763058500
"River: 5♠, J♥, 9♠, 4♠ [5♥]",2026-08-28T09:00:26.537Z,178790762653700
"""LingWae @ FQN9hzhzP_"" shows a Q♠, 8♠.",2026-08-28T09:00:22.495Z,178790762249502
"""Harry = Fish @ kCN0-Qy2Mz"" shows a J♠, A♦.",2026-08-28T09:00:22.495Z,178790762249501
"Uncalled bet of 3418 returned to ""LingWae @ FQN9hzhzP_""",2026-08-28T09:00:22.495Z,178790762249500
"Some players choose to not run it twice.",2026-08-28T09:00:21.599Z,178790762159901
"""LingWae @ FQN9hzhzP_"" chooses to not run it twice.",2026-08-28T09:00:21.599Z,178790762159900
"""Harry = Fish @ kCN0-Qy2Mz"" chooses to  run it twice.",2026-08-28T09:00:21.153Z,178790762115300
"Remaining players decide whether to run it twice.",2026-08-28T09:00:19.442Z,178790761944201
"""dick and balls @ gpP9uUffpu"" folds",2026-08-28T09:00:19.442Z,178790761944200
"""LingWae @ FQN9hzhzP_"" bets 3418 and go all in",2026-08-28T09:00:13.253Z,178790761325300
"""dick and balls @ gpP9uUffpu"" checks",2026-08-28T09:00:10.958Z,178790761095800
"Turn: 5♠, J♥, 9♠ [4♠]",2026-08-28T09:00:09.487Z,178790760948700
"""LingWae @ FQN9hzhzP_"" calls 921",2026-08-28T09:00:08.581Z,178790760858100
"""dick and balls @ gpP9uUffpu"" calls 921",2026-08-28T09:00:06.599Z,178790760659900
"""Harry = Fish @ kCN0-Qy2Mz"" raises to 921 and go all in",2026-08-28T09:00:05.580Z,178790760558000
"""LingWae @ FQN9hzhzP_"" raises to 893",2026-08-28T09:00:01.771Z,178790760177100
"""dick and balls @ gpP9uUffpu"" calls 255",2026-08-28T08:59:59.259Z,178790759925900
"""Harry = Fish @ kCN0-Qy2Mz"" bets 255",2026-08-28T08:59:52.952Z,178790759295200
"Flop:  [5♠, J♥, 9♠]",2026-08-28T08:59:48.478Z,178790758847800
"""dick and balls @ gpP9uUffpu"" calls 167",2026-08-28T08:59:47.578Z,178790758757800
"""Harry @ Q4OMcL0rqd"" folds",2026-08-28T08:59:46.632Z,178790758663200
"""Harry = Fish @ kCN0-Qy2Mz"" calls 167",2026-08-28T08:59:45.072Z,178790758507200
"""LingWae @ FQN9hzhzP_"" raises to 167",2026-08-28T08:59:43.549Z,178790758354900
"""dick and balls @ gpP9uUffpu"" raises to 60",2026-08-28T08:59:41.456Z,178790758145600
"""Harry @ Q4OMcL0rqd"" posts a big blind of 10",2026-08-28T08:59:36.970Z,178790757697007
"""Harry = Fish @ kCN0-Qy2Mz"" posts a small blind of 5",2026-08-28T08:59:36.970Z,178790757697006
"Player stacks: #2 ""Harry = Fish @ kCN0-Qy2Mz"" (1088) | #3 ""Harry @ Q4OMcL0rqd"" (2397) | #5 ""dick and balls @ gpP9uUffpu"" (3367) | #8 ""LingWae @ FQN9hzhzP_"" (4506)",2026-08-28T08:59:36.970Z,178790757697001
"-- starting hand #184 (id: wmtmsmps5iuz)  No Limit Texas Hold'em (dealer: ""LingWae @ FQN9hzhzP_"") --",2026-08-28T08:59:36.970Z,178790757697000
"""LingWae @ FQN9hzhzP_"" shows a 2♣.",2026-08-28T08:59:31.937Z,178790757193700
"-- ending hand #183 --",2026-08-28T08:59:30.453Z,178790757045302
"""Harry = Fish @ kCN0-Qy2Mz"" collected 485 from pot with Two Pair, 3's & 2's (combination: 7♥, 2♥, 2♦, 3♥, 3♦)",2026-08-28T08:59:30.453Z,178790757045301
"""Harry = Fish @ kCN0-Qy2Mz"" shows a 3♥, 5♥.",2026-08-28T08:59:30.453Z,178790757045300
"""dick and balls @ gpP9uUffpu"" checks",2026-08-28T08:59:29.623Z,178790756962300
"""Harry @ Q4OMcL0rqd"" checks",2026-08-28T08:59:28.520Z,178790756852000
"""Harry = Fish @ kCN0-Qy2Mz"" checks",2026-08-28T08:59:27.457Z,178790756745700
"River: 6♠, 7♥, 2♥, 2♦ [3♦]",2026-08-28T08:59:22.349Z,178790756234900
"""dick and balls @ gpP9uUffpu"" checks",2026-08-28T08:59:21.520Z,178790756152000
"""Harry @ Q4OMcL0rqd"" checks",2026-08-28T08:59:20.570Z,178790756057000
"""Harry = Fish @ kCN0-Qy2Mz"" checks",2026-08-28T08:59:19.291Z,178790755929100
"Turn: 6♠, 7♥, 2♥ [2♦]",2026-08-28T08:59:14.224Z,178790755422400
"""dick and balls @ gpP9uUffpu"" checks",2026-08-28T08:59:13.407Z,178790755340700
"""Harry @ Q4OMcL0rqd"" checks",2026-08-28T08:59:10.166Z,178790755016600
"""Harry = Fish @ kCN0-Qy2Mz"" checks",2026-08-28T08:59:08.672Z,178790754867200
"Flop:  [6♠, 7♥, 2♥]",2026-08-28T08:59:01.489Z,178790754148900
"""Harry @ Q4OMcL0rqd"" calls 160",2026-08-28T08:59:00.654Z,178790754065400
"""Harry = Fish @ kCN0-Qy2Mz"" calls 160",2026-08-28T08:58:59.199Z,178790753919900
"""LingWae @ FQN9hzhzP_"" folds",2026-08-28T08:58:57.720Z,178790753772000
"""dick and balls @ gpP9uUffpu"" raises to 160",2026-08-28T08:58:54.184Z,178790753418400
"""Harry @ Q4OMcL0rqd"" raises to 40",2026-08-28T08:58:50.602Z,178790753060200
"""Harry = Fish @ kCN0-Qy2Mz"" posts a big blind of 10",2026-08-28T08:58:47.334Z,178790752733407
"""LingWae @ FQN9hzhzP_"" posts a small blind of 5",2026-08-28T08:58:47.334Z,178790752733406
"Player stacks: #2 ""Harry = Fish @ kCN0-Qy2Mz"" (763) | #3 ""Harry @ Q4OMcL0rqd"" (2557) | #5 ""dick and balls @ gpP9uUffpu"" (3527) | #8 ""LingWae @ FQN9hzhzP_"" (4511)",2026-08-28T08:58:47.334Z,178790752733401
"-- starting hand #183 (id: 8cpjynmgjptr)  No Limit Texas Hold'em (dealer: ""dick and balls @ gpP9uUffpu"") --",2026-08-28T08:58:47.334Z,178790752733400
"-- ending hand #182 --",2026-08-28T08:58:41.269Z,178790752126903
"""Harry @ Q4OMcL0rqd"" collected 616 from pot with Two Pair, 10's & 8's (combination: J♥, 8♣, 8♠, 10♣, 10♦)",2026-08-28T08:58:41.269Z,178790752126902
"""Harry @ Q4OMcL0rqd"" shows a 8♣, J♥.",2026-08-28T08:58:41.269Z,178790752126901
"""LingWae @ FQN9hzhzP_"" shows a 4♦, 3♦.",2026-08-28T08:58:41.269Z,178790752126900
"""Harry @ Q4OMcL0rqd"" calls 167",2026-08-28T08:58:40.392Z,178790752039200
"""LingWae @ FQN9hzhzP_"" bets 167",2026-08-28T08:58:39.321Z,178790751932100
"River: 9♦, 10♣, 10♦, 6♥ [8♠]",2026-08-28T08:58:33.464Z,178790751346400
"""dick and balls @ gpP9uUffpu"" folds",2026-08-28T08:58:32.591Z,178790751259100
"""Harry @ Q4OMcL0rqd"" calls 67",2026-08-28T08:58:30.886Z,178790751088600
"""LingWae @ FQN9hzhzP_"" bets 67",2026-08-28T08:58:29.603Z,178790750960300
"""dick and balls @ gpP9uUffpu"" checks",2026-08-28T08:58:24.991Z,178790750499100
"Turn: 9♦, 10♣, 10♦ [6♥]",2026-08-28T08:58:24.054Z,178790750405400
"""dick and balls @ gpP9uUffpu"" calls 36",2026-08-28T08:58:23.167Z,178790750316700
"""Harry @ Q4OMcL0rqd"" calls 36",2026-08-28T08:58:22.162Z,178790750216200
"""Harry = Fish @ kCN0-Qy2Mz"" folds",2026-08-28T08:58:20.937Z,178790750093700
"""LingWae @ FQN9hzhzP_"" bets 36",2026-08-28T08:58:18.503Z,178790749850300
"""dick and balls @ gpP9uUffpu"" checks",2026-08-28T08:58:15.455Z,178790749545500
"Flop:  [9♦, 10♣, 10♦]",2026-08-28T08:58:12.756Z,178790749275600
"""LingWae @ FQN9hzhzP_"" checks",2026-08-28T08:58:11.927Z,178790749192700
"""dick and balls @ gpP9uUffpu"" calls 10",2026-08-28T08:58:10.446Z,178790749044600
"""Harry @ Q4OMcL0rqd"" calls 10",2026-08-28T08:58:09.200Z,178790748920000
"""Harry = Fish @ kCN0-Qy2Mz"" calls 10",2026-08-28T08:58:06.306Z,178790748630600
"""LingWae @ FQN9hzhzP_"" posts a big blind of 10",2026-08-28T08:58:03.625Z,178790748362507
"""dick and balls @ gpP9uUffpu"" posts a small blind of 5",2026-08-28T08:58:03.625Z,178790748362506
"Player stacks: #2 ""Harry = Fish @ kCN0-Qy2Mz"" (773) | #3 ""Harry @ Q4OMcL0rqd"" (2221) | #5 ""dick and balls @ gpP9uUffpu"" (3573) | #8 ""LingWae @ FQN9hzhzP_"" (4791)",2026-08-28T08:58:03.625Z,178790748362501
"-- starting hand #182 (id: u6nxpizmpddo)  No Limit Texas Hold'em (dealer: ""Harry @ Q4OMcL0rqd"") --",2026-08-28T08:58:03.625Z,178790748362500
"""LingWae @ FQN9hzhzP_"" shows a 2♦.",2026-08-28T08:57:59.131Z,178790747913100
"""Harry = Fish @ kCN0-Qy2Mz"" shows a 6♠.",2026-08-28T08:57:59.062Z,178790747906200
"""Harry @ Q4OMcL0rqd"" shows a 7♣.",2026-08-28T08:57:57.393Z,178790747739300
"Undealt cards: K♥, A♣, 5♠ [6♥, 10♥]",2026-08-28T08:57:56.007Z,178790747600700
"-- ending hand #181 --",2026-08-28T08:57:55.602Z,178790747560202
"""Harry @ Q4OMcL0rqd"" collected 201 from pot",2026-08-28T08:57:55.602Z,178790747560201
"Uncalled bet of 100 returned to ""Harry @ Q4OMcL0rqd""",2026-08-28T08:57:55.602Z,178790747560200
"""LingWae @ FQN9hzhzP_"" folds",2026-08-28T08:57:54.739Z,178790747473900
"""dick and balls @ gpP9uUffpu"" folds",2026-08-28T08:57:52.605Z,178790747260500
"""Harry @ Q4OMcL0rqd"" bets 100",2026-08-28T08:57:51.670Z,178790747167000
"Flop:  [K♥, A♣, 5♠]",2026-08-28T08:57:46.782Z,178790746678200
"""dick and balls @ gpP9uUffpu"" calls 67",2026-08-28T08:57:45.899Z,178790746589900
"""Harry @ Q4OMcL0rqd"" calls 67",2026-08-28T08:57:44.995Z,178790746499500
"""Harry = Fish @ kCN0-Qy2Mz"" folds",2026-08-28T08:57:41.545Z,178790746154500
"""LingWae @ FQN9hzhzP_"" raises to 67",2026-08-28T08:57:39.979Z,178790745997900
"""dick and balls @ gpP9uUffpu"" posts a big blind of 10",2026-08-28T08:57:35.371Z,178790745537107
"""Harry @ Q4OMcL0rqd"" posts a small blind of 5",2026-08-28T08:57:35.371Z,178790745537106
"Player stacks: #2 ""Harry = Fish @ kCN0-Qy2Mz"" (773) | #3 ""Harry @ Q4OMcL0rqd"" (2087) | #5 ""dick and balls @ gpP9uUffpu"" (3640) | #8 ""LingWae @ FQN9hzhzP_"" (4858)",2026-08-28T08:57:35.371Z,178790745537101
"-- starting hand #181 (id: aqhhhz2c86ey)  No Limit Texas Hold'em (dealer: ""Harry = Fish @ kCN0-Qy2Mz"") --",2026-08-28T08:57:35.371Z,178790745537100
"""Harry = Fish @ kCN0-Qy2Mz"" shows a K♠, 3♦.",2026-08-28T08:57:31.145Z,178790745114500
"""LingWae @ FQN9hzhzP_"" shows a 5♣, Q♦.",2026-08-28T08:57:30.169Z,178790745016900
"-- ending hand #180 --",2026-08-28T08:57:28.363Z,178790744836302
"""Harry @ Q4OMcL0rqd"" collected 484 from pot with Pair, 6's (combination: 8♣, K♦, A♠, 6♣, 6♠)",2026-08-28T08:57:28.363Z,178790744836301
"""Harry @ Q4OMcL0rqd"" shows a 6♣, A♠.",2026-08-28T08:57:28.363Z,178790744836300
"""LingWae @ FQN9hzhzP_"" checks",2026-08-28T08:57:27.469Z,178790744746900
"""Harry @ Q4OMcL0rqd"" checks",2026-08-28T08:57:26.236Z,178790744623600
"River: 6♠, 4♥, 8♣, 3♥ [K♦]",2026-08-28T08:57:25.162Z,178790744516200
"""LingWae @ FQN9hzhzP_"" checks",2026-08-28T08:57:24.348Z,178790744434800
"""Harry @ Q4OMcL0rqd"" checks",2026-08-28T08:57:22.225Z,178790744222500
"Turn: 6♠, 4♥, 8♣ [3♥]",2026-08-28T08:57:19.757Z,178790743975700
"""Harry @ Q4OMcL0rqd"" calls 167",2026-08-28T08:57:18.896Z,178790743889600
"""Harry = Fish @ kCN0-Qy2Mz"" folds",2026-08-28T08:57:16.644Z,178790743664400
"""LingWae @ FQN9hzhzP_"" raises to 167",2026-08-28T08:57:15.396Z,178790743539600
"""Harry @ Q4OMcL0rqd"" bets 80",2026-08-28T08:57:12.416Z,178790743241600
"""Harry = Fish @ kCN0-Qy2Mz"" checks",2026-08-28T08:57:08.758Z,178790742875800
"Flop:  [6♠, 4♥, 8♣]",2026-08-28T08:57:06.950Z,178790742695000
"""Harry = Fish @ kCN0-Qy2Mz"" calls 50",2026-08-28T08:57:06.104Z,178790742610400
"""LingWae @ FQN9hzhzP_"" calls 50",2026-08-28T08:57:04.922Z,178790742492200
"""Harry @ Q4OMcL0rqd"" raises to 50",2026-08-28T08:57:02.124Z,178790742212400
"""Harry = Fish @ kCN0-Qy2Mz"" calls 10",2026-08-28T08:56:57.972Z,178790741797200
"""LingWae @ FQN9hzhzP_"" calls 10",2026-08-28T08:56:56.242Z,178790741624200
"""dick and balls @ gpP9uUffpu"" folds",2026-08-28T08:56:51.309Z,178790741130900
"""Harry @ Q4OMcL0rqd"" posts a big blind of 10",2026-08-28T08:56:49.671Z,178790740967107
"""Harry = Fish @ kCN0-Qy2Mz"" posts a small blind of 5",2026-08-28T08:56:49.671Z,178790740967106
"Player stacks: #2 ""Harry = Fish @ kCN0-Qy2Mz"" (823) | #3 ""Harry @ Q4OMcL0rqd"" (1820) | #5 ""dick and balls @ gpP9uUffpu"" (3640) | #8 ""LingWae @ FQN9hzhzP_"" (5075)",2026-08-28T08:56:49.671Z,178790740967101
"-- starting hand #180 (id: m3x8xululfs0)  No Limit Texas Hold'em (dealer: ""LingWae @ FQN9hzhzP_"") --",2026-08-28T08:56:49.671Z,178790740967100
"Undealt cards: 9♣, A♥, K♥ [4♣, 9♠]",2026-08-28T08:56:44.073Z,178790740407300
"-- ending hand #179 --",2026-08-28T08:56:43.736Z,178790740373602
"""Harry @ Q4OMcL0rqd"" collected 960 from pot",2026-08-28T08:56:43.736Z,178790740373601
"Uncalled bet of 860 returned to ""Harry @ Q4OMcL0rqd""",2026-08-28T08:56:43.736Z,178790740373600
"""dick and balls @ gpP9uUffpu"" folds",2026-08-28T08:56:42.893Z,178790740289300
"""Harry @ Q4OMcL0rqd"" raises to 1260 and go all in",2026-08-28T08:56:41.468Z,178790740146800
"""dick and balls @ gpP9uUffpu"" raises to 400",2026-08-28T08:56:30.014Z,178790739001400
"""Harry @ Q4OMcL0rqd"" bets 80",2026-08-28T08:56:28.191Z,178790738819100
"""LingWae @ FQN9hzhzP_"" folds",2026-08-28T08:56:24.184Z,178790738418400
"Flop:  [9♣, A♥, K♥]",2026-08-28T08:56:21.125Z,178790738112500
"""Harry @ Q4OMcL0rqd"" calls 50",2026-08-28T08:56:20.278Z,178790738027800
"""Harry = Fish @ kCN0-Qy2Mz"" folds",2026-08-28T08:56:16.827Z,178790737682700
"""LingWae @ FQN9hzhzP_"" calls 50",2026-08-28T08:56:15.774Z,178790737577400
"""dick and balls @ gpP9uUffpu"" raises to 50",2026-08-28T08:56:05.600Z,178790736560000
"""Harry @ Q4OMcL0rqd"" calls 10",2026-08-28T08:56:03.396Z,178790736339600
"""Harry = Fish @ kCN0-Qy2Mz"" posts a big blind of 10",2026-08-28T08:56:00.194Z,178790736019407
"""LingWae @ FQN9hzhzP_"" posts a small blind of 5",2026-08-28T08:56:00.194Z,178790736019406
"Player stacks: #2 ""Harry = Fish @ kCN0-Qy2Mz"" (833) | #3 ""Harry @ Q4OMcL0rqd"" (1310) | #5 ""dick and balls @ gpP9uUffpu"" (4090) | #8 ""LingWae @ FQN9hzhzP_"" (5125)",2026-08-28T08:56:00.194Z,178790736019401
"-- starting hand #179 (id: i2np1yjvfdh8)  No Limit Texas Hold'em (dealer: ""dick and balls @ gpP9uUffpu"") --",2026-08-28T08:56:00.194Z,178790736019400
"""Harry = Fish @ kCN0-Qy2Mz"" shows a K♣.",2026-08-28T08:55:56.487Z,178790735648700
"Undealt cards: 5♦, 9♠, 7♣, K♦ [10♥]",2026-08-28T08:55:54.661Z,178790735466100
"""LingWae @ FQN9hzhzP_"" shows a 6♦, 8♠.",2026-08-28T08:55:53.659Z,178790735365900
"-- ending hand #178 --",2026-08-28T08:55:52.868Z,178790735286802
"""LingWae @ FQN9hzhzP_"" collected 894 from pot",2026-08-28T08:55:52.868Z,178790735286801
"Uncalled bet of 367 returned to ""LingWae @ FQN9hzhzP_""",2026-08-28T08:55:52.868Z,178790735286800
"""Harry @ Q4OMcL0rqd"" folds",2026-08-28T08:55:52.022Z,178790735202200
"""LingWae @ FQN9hzhzP_"" bets 367",2026-08-28T08:55:35.964Z,178790733596400
"Turn: 5♦, 9♠, 7♣ [K♦]",2026-08-28T08:55:29.058Z,178790732905800
"""Harry @ Q4OMcL0rqd"" calls 367",2026-08-28T08:55:28.187Z,178790732818700
"""Harry = Fish @ kCN0-Qy2Mz"" folds",2026-08-28T08:55:26.692Z,178790732669200
"""LingWae @ FQN9hzhzP_"" raises to 367",2026-08-28T08:55:15.031Z,178790731503100
"""dick and balls @ gpP9uUffpu"" folds",2026-08-28T08:55:11.866Z,178790731186600
"""Harry @ Q4OMcL0rqd"" calls 120",2026-08-28T08:55:10.911Z,178790731091100
"""Harry = Fish @ kCN0-Qy2Mz"" raises to 120",2026-08-28T08:55:06.236Z,178790730623600
"""LingWae @ FQN9hzhzP_"" bets 36",2026-08-28T08:55:02.621Z,178790730262100
"""dick and balls @ gpP9uUffpu"" checks",2026-08-28T08:54:52.321Z,178790729232100
"Flop:  [5♦, 9♠, 7♣]",2026-08-28T08:54:49.962Z,178790728996200
"""LingWae @ FQN9hzhzP_"" checks",2026-08-28T08:54:49.082Z,178790728908200
"""dick and balls @ gpP9uUffpu"" calls 10",2026-08-28T08:54:47.673Z,178790728767300
"""Harry @ Q4OMcL0rqd"" calls 10",2026-08-28T08:54:46.748Z,178790728674800
"""Harry = Fish @ kCN0-Qy2Mz"" calls 10",2026-08-28T08:54:44.404Z,178790728440400
"""LingWae @ FQN9hzhzP_"" posts a big blind of 10",2026-08-28T08:54:41.166Z,178790728116607
"""dick and balls @ gpP9uUffpu"" posts a small blind of 5",2026-08-28T08:54:41.166Z,178790728116606
"Player stacks: #2 ""Harry = Fish @ kCN0-Qy2Mz"" (963) | #3 ""Harry @ Q4OMcL0rqd"" (1687) | #5 ""dick and balls @ gpP9uUffpu"" (4100) | #8 ""LingWae @ FQN9hzhzP_"" (4608)",2026-08-28T08:54:41.166Z,178790728116601
"-- starting hand #178 (id: bpbx4uhaizxz)  No Limit Texas Hold'em (dealer: ""Harry @ Q4OMcL0rqd"") --",2026-08-28T08:54:41.166Z,178790728116600
"""Harry @ Q4OMcL0rqd"" shows a 3♠.",2026-08-28T08:54:38.421Z,178790727842100
"""Harry = Fish @ kCN0-Qy2Mz"" shows a 2♥.",2026-08-28T08:54:36.669Z,178790727666900
"""LingWae @ FQN9hzhzP_"" shows a 6♦, 7♠.",2026-08-28T08:54:36.444Z,178790727644400
"Undealt cards:  [4♥, 10♣, 2♠, 9♣, 5♣]",2026-08-28T08:54:34.273Z,178790727427300
"-- ending hand #177 --",2026-08-28T08:54:33.157Z,178790727315702
"""dick and balls @ gpP9uUffpu"" collected 160 from pot",2026-08-28T08:54:33.157Z,178790727315701
"Uncalled bet of 280 returned to ""dick and balls @ gpP9uUffpu""",2026-08-28T08:54:33.157Z,178790727315700
"""Harry @ Q4OMcL0rqd"" folds",2026-08-28T08:54:32.269Z,178790727226900
"""Harry = Fish @ kCN0-Qy2Mz"" folds",2026-08-28T08:54:31.240Z,178790727124000
"""LingWae @ FQN9hzhzP_"" folds",2026-08-28T08:54:30.269Z,178790727026900
"""dick and balls @ gpP9uUffpu"" raises to 350",2026-08-28T08:54:17.916Z,178790725791600
"""Harry @ Q4OMcL0rqd"" raises to 70",2026-08-28T08:54:13.504Z,178790725350400
"""Harry = Fish @ kCN0-Qy2Mz"" calls 10",2026-08-28T08:54:09.444Z,178790724944400
"""LingWae @ FQN9hzhzP_"" calls 10",2026-08-28T08:54:07.849Z,178790724784900
"""dick and balls @ gpP9uUffpu"" posts a big blind of 10",2026-08-28T08:53:59.759Z,178790723975907
"""Harry @ Q4OMcL0rqd"" posts a small blind of 5",2026-08-28T08:53:59.759Z,178790723975906
"Player stacks: #2 ""Harry = Fish @ kCN0-Qy2Mz"" (973) | #3 ""Harry @ Q4OMcL0rqd"" (1757) | #5 ""dick and balls @ gpP9uUffpu"" (4010) | #8 ""LingWae @ FQN9hzhzP_"" (4618)",2026-08-28T08:53:59.759Z,178790723975901
"-- starting hand #177 (id: itwxpg7ojcmz)  No Limit Texas Hold'em (dealer: ""Harry = Fish @ kCN0-Qy2Mz"") --",2026-08-28T08:53:59.759Z,178790723975900
"""LingWae @ FQN9hzhzP_"" shows a 4♠.",2026-08-28T08:53:58.438Z,178790723843800
"-- ending hand #176 --",2026-08-28T08:53:56.097Z,178790723609702
"""LingWae @ FQN9hzhzP_"" collected 736 from pot",2026-08-28T08:53:56.097Z,178790723609701
"Uncalled bet of 3882 returned to ""LingWae @ FQN9hzhzP_""",2026-08-28T08:53:56.097Z,178790723609700
"""Harry @ Q4OMcL0rqd"" folds",2026-08-28T08:53:55.280Z,178790723528000
"""LingWae @ FQN9hzhzP_"" bets 3882 and go all in",2026-08-28T08:53:53.672Z,178790723367200
"""Harry @ Q4OMcL0rqd"" checks",2026-08-28T08:53:50.469Z,178790723046900
"River: 8♦, A♥, 2♠, 8♥ [Q♦]",2026-08-28T08:53:48.850Z,178790722885000
"""Harry @ Q4OMcL0rqd"" calls 167",2026-08-28T08:53:48.027Z,178790722802700
"""LingWae @ FQN9hzhzP_"" bets 167",2026-08-28T08:53:46.848Z,178790722684800
"""Harry @ Q4OMcL0rqd"" checks",2026-08-28T08:53:44.571Z,178790722457100
"Turn: 8♦, A♥, 2♠ [8♥]",2026-08-28T08:53:41.350Z,178790722135000
"""dick and balls @ gpP9uUffpu"" folds",2026-08-28T08:53:40.476Z,178790722047600
"""Harry @ Q4OMcL0rqd"" calls 67",2026-08-28T08:53:39.267Z,178790721926700
"""Harry = Fish @ kCN0-Qy2Mz"" folds",2026-08-28T08:53:38.114Z,178790721811400
"""LingWae @ FQN9hzhzP_"" bets 67",2026-08-28T08:53:37.099Z,178790721709900
"""dick and balls @ gpP9uUffpu"" checks",2026-08-28T08:53:33.946Z,178790721394600
"""Harry @ Q4OMcL0rqd"" checks",2026-08-28T08:53:33.014Z,178790721301400
"""Harry = Fish @ kCN0-Qy2Mz"" checks",2026-08-28T08:53:31.482Z,178790721148200
"Flop:  [8♦, A♥, 2♠]",2026-08-28T08:53:29.232Z,178790720923200
"""dick and balls @ gpP9uUffpu"" calls 67",2026-08-28T08:53:28.414Z,178790720841400
"""Harry @ Q4OMcL0rqd"" calls 67",2026-08-28T08:53:27.459Z,178790720745900
"""Harry = Fish @ kCN0-Qy2Mz"" calls 67",2026-08-28T08:53:26.175Z,178790720617500
"""LingWae @ FQN9hzhzP_"" raises to 67",2026-08-28T08:53:24.171Z,178790720417100
"""dick and balls @ gpP9uUffpu"" raises to 20",2026-08-28T08:53:19.714Z,178790719971400
"""Harry @ Q4OMcL0rqd"" posts a big blind of 10",2026-08-28T08:53:18.705Z,178790719870507
"""Harry = Fish @ kCN0-Qy2Mz"" posts a small blind of 5",2026-08-28T08:53:18.705Z,178790719870506
"Player stacks: #2 ""Harry = Fish @ kCN0-Qy2Mz"" (1040) | #3 ""Harry @ Q4OMcL0rqd"" (2058) | #5 ""dick and balls @ gpP9uUffpu"" (4077) | #8 ""LingWae @ FQN9hzhzP_"" (4183)",2026-08-28T08:53:18.705Z,178790719870501
"-- starting hand #176 (id: acsw1xecmgsg)  No Limit Texas Hold'em (dealer: ""LingWae @ FQN9hzhzP_"") --",2026-08-28T08:53:18.705Z,178790719870500
"""LingWae @ FQN9hzhzP_"" shows a K♦.",2026-08-28T08:53:14.923Z,178790719492300
"""LingWae @ FQN9hzhzP_"" shows a A♥.",2026-08-28T08:53:13.157Z,178790719315700
"Undealt cards: 10♦, 9♠, A♣ [4♦, 3♣]",2026-08-28T08:53:12.404Z,178790719240400
"-- ending hand #175 --",2026-08-28T08:53:12.052Z,178790719205202
"""LingWae @ FQN9hzhzP_"" collected 1311 from pot",2026-08-28T08:53:12.052Z,178790719205201
"Uncalled bet of 655 returned to ""LingWae @ FQN9hzhzP_""",2026-08-28T08:53:12.052Z,178790719205200
"""Harry @ Q4OMcL0rqd"" folds",2026-08-28T08:53:11.230Z,178790719123000
"""LingWae @ FQN9hzhzP_"" raises to 1055",2026-08-28T08:53:02.218Z,178790718221800
"""dick and balls @ gpP9uUffpu"" folds",2026-08-28T08:52:58.374Z,178790717837400
"""Harry @ Q4OMcL0rqd"" raises to 400",2026-08-28T08:52:57.385Z,178790717738500
"""LingWae @ FQN9hzhzP_"" bets 167",2026-08-28T08:52:51.649Z,178790717164900
"Flop:  [10♦, 9♠, A♣]",2026-08-28T08:52:43.345Z,178790716334500
"""dick and balls @ gpP9uUffpu"" calls 167",2026-08-28T08:52:42.491Z,178790716249100
"""Harry @ Q4OMcL0rqd"" calls 167",2026-08-28T08:52:39.025Z,178790715902500
"""Harry = Fish @ kCN0-Qy2Mz"" folds",2026-08-28T08:52:35.251Z,178790715525100
"""LingWae @ FQN9hzhzP_"" raises to 167",2026-08-28T08:52:33.582Z,178790715358200
"""dick and balls @ gpP9uUffpu"" calls 10",2026-08-28T08:52:14.527Z,178790713452700
"""Harry @ Q4OMcL0rqd"" calls 10",2026-08-28T08:52:13.358Z,178790713335800
"""Harry = Fish @ kCN0-Qy2Mz"" posts a big blind of 10",2026-08-28T08:52:11.705Z,178790713170508
"""LingWae @ FQN9hzhzP_"" posts a small blind of 5",2026-08-28T08:52:11.705Z,178790713170507
"Player stacks: #2 ""Harry = Fish @ kCN0-Qy2Mz"" (1050) | #3 ""Harry @ Q4OMcL0rqd"" (2625) | #5 ""dick and balls @ gpP9uUffpu"" (4244) | #8 ""LingWae @ FQN9hzhzP_"" (3439)",2026-08-28T08:52:11.705Z,178790713170502
"-- starting hand #175 (id: aahbzkn4llih)  No Limit Texas Hold'em (dealer: ""dick and balls @ gpP9uUffpu"") --",2026-08-28T08:52:11.705Z,178790713170501
"The admin updated the player ""LingWae @ FQN9hzhzP_"" stack from 1439 to 3439.",2026-08-28T08:52:11.705Z,178790713170500
"-- ending hand #174 --",2026-08-28T08:52:05.700Z,178790712570002
"""Harry = Fish @ kCN0-Qy2Mz"" collected 190 from pot",2026-08-28T08:52:05.700Z,178790712570001
"Uncalled bet of 142 returned to ""Harry = Fish @ kCN0-Qy2Mz""",2026-08-28T08:52:05.700Z,178790712570000
"""LingWae @ FQN9hzhzP_"" folds",2026-08-28T08:52:04.880Z,178790712488000
"""Harry @ Q4OMcL0rqd"" folds",2026-08-28T08:52:01.420Z,178790712142000
"""Harry = Fish @ kCN0-Qy2Mz"" raises to 152",2026-08-28T08:51:59.042Z,178790711904200
"""LingWae @ FQN9hzhzP_"" bets 10",2026-08-28T08:51:55.275Z,178790711527500
"Turn: 7♦, Q♠, J♠ [6♥]",2026-08-28T08:51:45.773Z,178790710577300
"""Harry @ Q4OMcL0rqd"" checks",2026-08-28T08:51:44.885Z,178790710488500
"""Harry = Fish @ kCN0-Qy2Mz"" checks",2026-08-28T08:51:42.233Z,178790710223300
"""LingWae @ FQN9hzhzP_"" checks",2026-08-28T08:51:33.511Z,178790709351100
"Flop:  [7♦, Q♠, J♠]",2026-08-28T08:51:30.441Z,178790709044100
"""LingWae @ FQN9hzhzP_"" calls 55",2026-08-28T08:51:29.615Z,178790708961500
"WARNING: the admin queued the stack change for the player ""LingWae @ FQN9hzhzP_"" adding 2000 chips in the next hand.",2026-08-28T08:51:26.145Z,178790708614500
"""dick and balls @ gpP9uUffpu"" folds",2026-08-28T08:51:25.846Z,178790708584600
"""Harry @ Q4OMcL0rqd"" calls 55",2026-08-28T08:51:23.010Z,178790708301000
"""Harry = Fish @ kCN0-Qy2Mz"" raises to 55",2026-08-28T08:51:17.994Z,178790707799400
"""LingWae @ FQN9hzhzP_"" posts a big blind of 10",2026-08-28T08:51:14.299Z,178790707429908
"""dick and balls @ gpP9uUffpu"" posts a small blind of 5",2026-08-28T08:51:14.299Z,178790707429907
"Player stacks: #2 ""Harry = Fish @ kCN0-Qy2Mz"" (925) | #3 ""Harry @ Q4OMcL0rqd"" (2680) | #5 ""dick and balls @ gpP9uUffpu"" (4249) | #8 ""LingWae @ FQN9hzhzP_"" (1504)",2026-08-28T08:51:14.299Z,178790707429902
"-- starting hand #174 (id: ftw1hm39yfzs)  No Limit Texas Hold'em (dealer: ""Harry @ Q4OMcL0rqd"") --",2026-08-28T08:51:14.299Z,178790707429901
"The admin updated the player ""Harry @ Q4OMcL0rqd"" stack from 5180 to 2680.",2026-08-28T08:51:14.299Z,178790707429900
"""LingWae @ FQN9hzhzP_"" shows a 8♣, A♣.",2026-08-28T08:51:11.606Z,178790707160600
"-- ending hand #173 --",2026-08-28T08:51:07.786Z,178790706778602
"""dick and balls @ gpP9uUffpu"" collected 2041 from pot with Pair, 9's (combination: 5♥, 8♠, A♦, 9♣, 9♠)",2026-08-28T08:51:07.786Z,178790706778601
"""dick and balls @ gpP9uUffpu"" shows a 9♣, A♦.",2026-08-28T08:51:07.786Z,178790706778600
"""LingWae @ FQN9hzhzP_"" checks",2026-08-28T08:51:06.928Z,178790706692800
"""dick and balls @ gpP9uUffpu"" checks",2026-08-28T08:51:05.540Z,178790706554000
"River: 9♠, 4♠, 2♥, 8♠ [5♥]",2026-08-28T08:51:04.213Z,178790706421300
"""dick and balls @ gpP9uUffpu"" calls 765",2026-08-28T08:51:03.385Z,178790706338500
"""Harry = Fish @ kCN0-Qy2Mz"" folds",2026-08-28T08:51:02.014Z,178790706201400
"""LingWae @ FQN9hzhzP_"" raises to 765",2026-08-28T08:51:00.966Z,178790706096600
"""dick and balls @ gpP9uUffpu"" bets 255",2026-08-28T08:50:52.164Z,178790705216400
"Turn: 9♠, 4♠, 2♥ [8♠]",2026-08-28T08:50:48.147Z,178790704814700
"""Harry = Fish @ kCN0-Qy2Mz"" checks",2026-08-28T08:50:47.250Z,178790704725000
"""LingWae @ FQN9hzhzP_"" checks",2026-08-28T08:50:46.107Z,178790704610700
"""dick and balls @ gpP9uUffpu"" checks",2026-08-28T08:50:43.501Z,178790704350100
"Flop:  [9♠, 4♠, 2♥]",2026-08-28T08:50:39.312Z,178790703931200
"""dick and balls @ gpP9uUffpu"" calls 167",2026-08-28T08:50:38.411Z,178790703841100
"""Harry @ Q4OMcL0rqd"" folds",2026-08-28T08:50:37.388Z,178790703738800
"""Harry = Fish @ kCN0-Qy2Mz"" calls 167",2026-08-28T08:50:35.212Z,178790703521200
"""LingWae @ FQN9hzhzP_"" raises to 167",2026-08-28T08:50:33.636Z,178790703363600
"""dick and balls @ gpP9uUffpu"" raises to 40",2026-08-28T08:50:29.313Z,178790702931300
"WARNING: the admin queued the stack change for the player ""Harry @ Q4OMcL0rqd"" removing 2500 chips in the next hand.",2026-08-28T08:50:29.103Z,178790702910300
"""Harry @ Q4OMcL0rqd"" calls 10",2026-08-28T08:50:27.411Z,178790702741100
"""Harry = Fish @ kCN0-Qy2Mz"" calls 10",2026-08-28T08:50:24.006Z,178790702400600
"""LingWae @ FQN9hzhzP_"" calls 10",2026-08-28T08:50:17.948Z,178790701794800
"""dick and balls @ gpP9uUffpu"" posts a big blind of 10",2026-08-28T08:50:13.495Z,178790701349507
"""Harry @ Q4OMcL0rqd"" posts a small blind of 5",2026-08-28T08:50:13.495Z,178790701349506
"Your hand is 9♣, A♦",2026-08-28T08:50:13.495Z,178790701349504
"Player stacks: #2 ""Harry = Fish @ kCN0-Qy2Mz"" (1092) | #3 ""Harry @ Q4OMcL0rqd"" (5190) | #5 ""dick and balls @ gpP9uUffpu"" (3140) | #8 ""LingWae @ FQN9hzhzP_"" (2436)",2026-08-28T08:50:13.495Z,178790701349501
"-- starting hand #173 (id: 7ef1a1isgm1c)  No Limit Texas Hold'em (dealer: ""Harry = Fish @ kCN0-Qy2Mz"") --",2026-08-28T08:50:13.495Z,178790701349500
"""dick and balls @ gpP9uUffpu"" shows a 3♠.",2026-08-28T08:50:10.895Z,178790701089500
"-- ending hand #172 --",2026-08-28T08:50:06.886Z,178790700688601
"""Harry @ Q4OMcL0rqd"" collected 5190 from pot with Flush, K High (combination: 3♥, 9♥, 10♥, J♥, K♥)",2026-08-28T08:50:06.886Z,178790700688600
"River: K♥, 3♣, 3♥, 9♥ [4♠]",2026-08-28T08:50:02.740Z,178790700274000
"""Harry @ Q4OMcL0rqd"" shows a J♥, 10♥.",2026-08-28T08:49:58.633Z,178790699863302
"""Harry = Fish @ kCN0-Qy2Mz"" shows a 6♣.",2026-08-28T08:49:58.633Z,178790699863301
"Uncalled bet of 1092 returned to ""Harry = Fish @ kCN0-Qy2Mz""",2026-08-28T08:49:58.633Z,178790699863300
"""Harry = Fish @ kCN0-Qy2Mz"" shows a 3♦.",2026-08-28T08:49:58.168Z,178790699816800
"Some players choose to not run it twice.",2026-08-28T08:49:57.800Z,178790699780001
"""Harry @ Q4OMcL0rqd"" chooses to not run it twice.",2026-08-28T08:49:57.800Z,178790699780000
"Remaining players decide whether to run it twice.",2026-08-28T08:49:56.617Z,178790699661701
"""Harry @ Q4OMcL0rqd"" calls 2445 and go all in",2026-08-28T08:49:56.617Z,178790699661700
"""Harry = Fish @ kCN0-Qy2Mz"" raises to 3537 and go all in",2026-08-28T08:49:55.161Z,178790699516100
"""Harry @ Q4OMcL0rqd"" raises to 900",2026-08-28T08:49:48.180Z,178790698818000
"""Harry = Fish @ kCN0-Qy2Mz"" raises to 450",2026-08-28T08:49:31.653Z,178790697165300
"""LingWae @ FQN9hzhzP_"" folds",2026-08-28T08:49:18.707Z,178790695870700
"""Harry @ Q4OMcL0rqd"" bets 150",2026-08-28T08:49:15.345Z,178790695534500
"""Harry = Fish @ kCN0-Qy2Mz"" checks",2026-08-28T08:49:12.807Z,178790695280700
"Turn: K♥, 3♣, 3♥ [9♥]",2026-08-28T08:49:11.084Z,178790695108400
"""Harry = Fish @ kCN0-Qy2Mz"" calls 60",2026-08-28T08:49:10.217Z,178790695021700
"""LingWae @ FQN9hzhzP_"" calls 60",2026-08-28T08:49:07.089Z,178790694708900
"""Harry @ Q4OMcL0rqd"" bets 60",2026-08-28T08:49:02.798Z,178790694279800
"""Harry = Fish @ kCN0-Qy2Mz"" checks",2026-08-28T08:48:59.974Z,178790693997400
"Flop:  [K♥, 3♣, 3♥]",2026-08-28T08:48:57.456Z,178790693745600
"""Harry = Fish @ kCN0-Qy2Mz"" calls 40",2026-08-28T08:48:56.596Z,178790693659600
"""LingWae @ FQN9hzhzP_"" calls 40",2026-08-28T08:48:54.653Z,178790693465300
"""Harry @ Q4OMcL0rqd"" raises to 40",2026-08-28T08:48:52.235Z,178790693223500
"""Harry = Fish @ kCN0-Qy2Mz"" calls 10",2026-08-28T08:48:49.473Z,178790692947300
"""LingWae @ FQN9hzhzP_"" calls 10",2026-08-28T08:48:46.575Z,178790692657500
"""dick and balls @ gpP9uUffpu"" folds",2026-08-28T08:48:29.018Z,178790690901800
"""Harry @ Q4OMcL0rqd"" posts a big blind of 10",2026-08-28T08:48:25.277Z,178790690527707
"""Harry = Fish @ kCN0-Qy2Mz"" posts a small blind of 5",2026-08-28T08:48:25.277Z,178790690527706
"Player stacks: #2 ""Harry = Fish @ kCN0-Qy2Mz"" (3637) | #3 ""Harry @ Q4OMcL0rqd"" (2545) | #5 ""dick and balls @ gpP9uUffpu"" (3140) | #8 ""LingWae @ FQN9hzhzP_"" (2536)",2026-08-28T08:48:25.277Z,178790690527701
"-- starting hand #172 (id: z98pdoegt4fm)  No Limit Texas Hold'em (dealer: ""LingWae @ FQN9hzhzP_"") --",2026-08-28T08:48:25.277Z,178790690527700
"""Harry = Fish @ kCN0-Qy2Mz"" collected 90 from the 7-2 bounty",2026-08-28T08:48:22.349Z,178790690234903
"""Harry @ Q4OMcL0rqd"" paid 30 for the 7-2 bounty to ""Harry = Fish @ kCN0-Qy2Mz""",2026-08-28T08:48:22.349Z,178790690234902
"""dick and balls @ gpP9uUffpu"" paid 30 for the 7-2 bounty to ""Harry = Fish @ kCN0-Qy2Mz""",2026-08-28T08:48:22.349Z,178790690234901
"""LingWae @ FQN9hzhzP_"" paid 30 for the 7-2 bounty to ""Harry = Fish @ kCN0-Qy2Mz""",2026-08-28T08:48:22.349Z,178790690234900
"""Harry = Fish @ kCN0-Qy2Mz"" shows a 7♠, 2♣.",2026-08-28T08:48:16.310Z,178790689631000
"Undealt cards: J♥, A♠, 4♣ [Q♣, 5♥]",2026-08-28T08:48:15.912Z,178790689591200
"-- ending hand #171 --",2026-08-28T08:48:15.677Z,178790689567702
"""Harry = Fish @ kCN0-Qy2Mz"" collected 1998 from pot",2026-08-28T08:48:15.677Z,178790689567701
"Uncalled bet of 1549 returned to ""Harry = Fish @ kCN0-Qy2Mz""",2026-08-28T08:48:15.677Z,178790689567700
"""LingWae @ FQN9hzhzP_"" folds",2026-08-28T08:48:14.807Z,178790689480700
"""Harry = Fish @ kCN0-Qy2Mz"" raises to 2219 and go all in",2026-08-28T08:48:09.780Z,178790688978000
"""LingWae @ FQN9hzhzP_"" raises to 670",2026-08-28T08:48:06.049Z,178790688604900
"""Harry = Fish @ kCN0-Qy2Mz"" bets 329",2026-08-28T08:47:56.057Z,178790687605700
"""LingWae @ FQN9hzhzP_"" checks",2026-08-28T08:47:43.341Z,178790686334100
"Flop:  [J♥, A♠, 4♣]",2026-08-28T08:47:39.465Z,178790685946500
"""LingWae @ FQN9hzhzP_"" calls 324",2026-08-28T08:47:38.595Z,178790685859500
"""Harry @ Q4OMcL0rqd"" folds",2026-08-28T08:47:37.199Z,178790685719900
"""Harry = Fish @ kCN0-Qy2Mz"" raises to 324",2026-08-28T08:47:35.333Z,178790685533300
"""LingWae @ FQN9hzhzP_"" raises to 167",2026-08-28T08:47:25.310Z,178790684531000
"""dick and balls @ gpP9uUffpu"" folds",2026-08-28T08:47:21.268Z,178790684126800
"""Harry @ Q4OMcL0rqd"" calls 10",2026-08-28T08:47:19.281Z,178790683928100
"""Harry = Fish @ kCN0-Qy2Mz"" posts a big blind of 10",2026-08-28T08:47:16.889Z,178790683688907
"""LingWae @ FQN9hzhzP_"" posts a small blind of 5",2026-08-28T08:47:16.889Z,178790683688906
"Player stacks: #2 ""Harry = Fish @ kCN0-Qy2Mz"" (2543) | #3 ""Harry @ Q4OMcL0rqd"" (2585) | #5 ""dick and balls @ gpP9uUffpu"" (3170) | #8 ""LingWae @ FQN9hzhzP_"" (3560)",2026-08-28T08:47:16.889Z,178790683688901
"-- starting hand #171 (id: uzhx56rftkbv)  No Limit Texas Hold'em (dealer: ""dick and balls @ gpP9uUffpu"") --",2026-08-28T08:47:16.889Z,178790683688900
"""LingWae @ FQN9hzhzP_"" shows a 3♣, 2♣.",2026-08-28T08:47:13.102Z,178790683310200
"-- ending hand #170 --",2026-08-28T08:47:10.377Z,178790683037702
"""dick and balls @ gpP9uUffpu"" collected 622 from pot with Pair, 2's (combination: 10♠, K♥, A♣, 2♥, 2♦)",2026-08-28T08:47:10.377Z,178790683037701
"""dick and balls @ gpP9uUffpu"" shows a K♥, 2♥.",2026-08-28T08:47:10.377Z,178790683037700
"""LingWae @ FQN9hzhzP_"" checks",2026-08-28T08:47:09.514Z,178790682951400
"""dick and balls @ gpP9uUffpu"" checks",2026-08-28T08:47:07.017Z,178790682701700
"River: 2♦, A♣, 10♠, 4♥ [6♠]",2026-08-28T08:47:06.442Z,178790682644200
"""dick and balls @ gpP9uUffpu"" calls 67",2026-08-28T08:47:05.597Z,178790682559700
"""LingWae @ FQN9hzhzP_"" bets 67",2026-08-28T08:47:04.573Z,178790682457300
"""dick and balls @ gpP9uUffpu"" checks",2026-08-28T08:46:59.376Z,178790681937600
"Turn: 2♦, A♣, 10♠ [4♥]",2026-08-28T08:46:58.646Z,178790681864600
"""dick and balls @ gpP9uUffpu"" calls 67",2026-08-28T08:46:57.736Z,178790681773600
"""LingWae @ FQN9hzhzP_"" bets 67",2026-08-28T08:46:56.477Z,178790681647700
"""dick and balls @ gpP9uUffpu"" checks",2026-08-28T08:46:52.480Z,178790681248000
"Flop:  [2♦, A♣, 10♠]",2026-08-28T08:46:51.039Z,178790681103900
"""dick and balls @ gpP9uUffpu"" calls 167",2026-08-28T08:46:50.143Z,178790681014300
"""Harry @ Q4OMcL0rqd"" folds",2026-08-28T08:46:49.152Z,178790680915200
"""Harry = Fish @ kCN0-Qy2Mz"" folds",2026-08-28T08:46:46.717Z,178790680671700
"""LingWae @ FQN9hzhzP_"" raises to 167",2026-08-28T08:46:44.541Z,178790680454100
"""dick and balls @ gpP9uUffpu"" raises to 30",2026-08-28T08:46:41.094Z,178790680109400
"""Harry @ Q4OMcL0rqd"" calls 10",2026-08-28T08:46:39.083Z,178790679908300
"""Harry = Fish @ kCN0-Qy2Mz"" calls 10",2026-08-28T08:46:35.803Z,178790679580300
"""LingWae @ FQN9hzhzP_"" posts a big blind of 10",2026-08-28T08:46:33.021Z,178790679302107
"""dick and balls @ gpP9uUffpu"" posts a small blind of 5",2026-08-28T08:46:33.021Z,178790679302106
"Your hand is K♥, 2♥",2026-08-28T08:46:33.021Z,178790679302104
"Player stacks: #2 ""Harry = Fish @ kCN0-Qy2Mz"" (2553) | #3 ""Harry @ Q4OMcL0rqd"" (2595) | #5 ""dick and balls @ gpP9uUffpu"" (2849) | #8 ""LingWae @ FQN9hzhzP_"" (3861)",2026-08-28T08:46:33.021Z,178790679302101
"-- starting hand #170 (id: rv1nolstfnv6)  No Limit Texas Hold'em (dealer: ""Harry @ Q4OMcL0rqd"") --",2026-08-28T08:46:33.021Z,178790679302100
"-- ending hand #169 --",2026-08-28T08:46:26.871Z,178790678687103
"""dick and balls @ gpP9uUffpu"" collected 1770 from pot with Pair, Q's (combination: 8♣, K♠, A♠, Q♣, Q♦)",2026-08-28T08:46:26.871Z,178790678687102
"""dick and balls @ gpP9uUffpu"" shows a K♠, Q♣.",2026-08-28T08:46:26.871Z,178790678687101
"""Harry @ Q4OMcL0rqd"" shows a 9♥, 9♦.",2026-08-28T08:46:26.871Z,178790678687100
"""dick and balls @ gpP9uUffpu"" checks",2026-08-28T08:46:26.067Z,178790678606700
"""Harry @ Q4OMcL0rqd"" checks",2026-08-28T08:46:25.087Z,178790678508700
"River: 8♣, 6♦, Q♦, A♠ [7♥]",2026-08-28T08:46:24.065Z,178790678406500
"""dick and balls @ gpP9uUffpu"" checks",2026-08-28T08:46:23.217Z,178790678321700
"""Harry @ Q4OMcL0rqd"" checks",2026-08-28T08:46:20.347Z,178790678034700
"Turn: 8♣, 6♦, Q♦ [A♠]",2026-08-28T08:46:19.019Z,178790677901900
"""LingWae @ FQN9hzhzP_"" folds",2026-08-28T08:46:18.171Z,178790677817100
"""dick and balls @ gpP9uUffpu"" calls 400",2026-08-28T08:46:16.759Z,178790677675900
"""Harry @ Q4OMcL0rqd"" bets 400",2026-08-28T08:46:08.883Z,178790676888300
"Flop:  [8♣, 6♦, Q♦]",2026-08-28T08:46:04.758Z,178790676475800
"""LingWae @ FQN9hzhzP_"" calls 320",2026-08-28T08:46:03.845Z,178790676384500
"""dick and balls @ gpP9uUffpu"" calls 320",2026-08-28T08:46:02.271Z,178790676227100
"""Harry @ Q4OMcL0rqd"" raises to 320",2026-08-28T08:45:59.903Z,178790675990300
"""Harry = Fish @ kCN0-Qy2Mz"" folds",2026-08-28T08:45:57.062Z,178790675706200
"""LingWae @ FQN9hzhzP_"" calls 160",2026-08-28T08:45:56.134Z,178790675613400
"""dick and balls @ gpP9uUffpu"" raises to 160",2026-08-28T08:45:51.861Z,178790675186100
"""Harry @ Q4OMcL0rqd"" raises to 40",2026-08-28T08:45:48.449Z,178790674844900
"""Harry = Fish @ kCN0-Qy2Mz"" calls 10",2026-08-28T08:45:44.086Z,178790674408600
"""LingWae @ FQN9hzhzP_"" calls 10",2026-08-28T08:45:42.983Z,178790674298300
"""dick and balls @ gpP9uUffpu"" posts a big blind of 10",2026-08-28T08:45:33.987Z,178790673398707
"""Harry @ Q4OMcL0rqd"" posts a small blind of 5",2026-08-28T08:45:33.987Z,178790673398706
"Your hand is K♠, Q♣",2026-08-28T08:45:33.987Z,178790673398704
"Player stacks: #2 ""Harry = Fish @ kCN0-Qy2Mz"" (2563) | #3 ""Harry @ Q4OMcL0rqd"" (3315) | #5 ""dick and balls @ gpP9uUffpu"" (1799) | #8 ""LingWae @ FQN9hzhzP_"" (4181)",2026-08-28T08:45:33.987Z,178790673398701
"-- starting hand #169 (id: jakg6ohet8bp)  No Limit Texas Hold'em (dealer: ""Harry = Fish @ kCN0-Qy2Mz"") --",2026-08-28T08:45:33.987Z,178790673398700
"""Harry = Fish @ kCN0-Qy2Mz"" shows a 10♥, 5♦.",2026-08-28T08:45:29.976Z,178790672997600
"Undealt cards: 2♣, 10♦, 10♣ [K♥, 3♠]",2026-08-28T08:45:28.867Z,178790672886700
"-- ending hand #168 --",2026-08-28T08:45:27.351Z,178790672735102
"""Harry @ Q4OMcL0rqd"" collected 206 from pot",2026-08-28T08:45:27.351Z,178790672735101
"Uncalled bet of 150 returned to ""Harry @ Q4OMcL0rqd""",2026-08-28T08:45:27.351Z,178790672735100
"""LingWae @ FQN9hzhzP_"" folds",2026-08-28T08:45:26.539Z,178790672653900
"""dick and balls @ gpP9uUffpu"" folds",2026-08-28T08:45:04.600Z,178790670460000
"""Harry @ Q4OMcL0rqd"" bets 150",2026-08-28T08:45:03.686Z,178790670368600
"Flop:  [2♣, 10♦, 10♣]",2026-08-28T08:44:58.663Z,178790669866300
"""dick and balls @ gpP9uUffpu"" calls 67",2026-08-28T08:44:57.764Z,178790669776400
"""Harry @ Q4OMcL0rqd"" calls 67",2026-08-28T08:44:56.825Z,178790669682500
"""Harry = Fish @ kCN0-Qy2Mz"" folds",2026-08-28T08:44:52.897Z,178790669289700
"""LingWae @ FQN9hzhzP_"" raises to 67",2026-08-28T08:44:51.051Z,178790669105100
"""dick and balls @ gpP9uUffpu"" raises to 30",2026-08-28T08:44:41.807Z,178790668180700
"""Harry @ Q4OMcL0rqd"" posts a big blind of 10",2026-08-28T08:44:40.451Z,178790668045107
"""Harry = Fish @ kCN0-Qy2Mz"" posts a small blind of 5",2026-08-28T08:44:40.451Z,178790668045106
"Player stacks: #2 ""Harry = Fish @ kCN0-Qy2Mz"" (2568) | #3 ""Harry @ Q4OMcL0rqd"" (3176) | #5 ""dick and balls @ gpP9uUffpu"" (1866) | #8 ""LingWae @ FQN9hzhzP_"" (4248)",2026-08-28T08:44:40.451Z,178790668045101
"-- starting hand #168 (id: qm8nbyd1ctg3)  No Limit Texas Hold'em (dealer: ""LingWae @ FQN9hzhzP_"") --",2026-08-28T08:44:40.451Z,178790668045100
"Undealt cards: 10♣, 5♠, 6♠, 5♥ [K♣]",2026-08-28T08:44:35.098Z,178790667509800
"-- ending hand #167 --",2026-08-28T08:44:34.548Z,178790667454802
"""dick and balls @ gpP9uUffpu"" collected 540 from pot",2026-08-28T08:44:34.548Z,178790667454801
"Uncalled bet of 540 returned to ""dick and balls @ gpP9uUffpu""",2026-08-28T08:44:34.548Z,178790667454800
"""Harry = Fish @ kCN0-Qy2Mz"" folds",2026-08-28T08:44:33.696Z,178790667369600
"""dick and balls @ gpP9uUffpu"" bets 540",2026-08-28T08:44:29.336Z,178790666933600
"""Harry = Fish @ kCN0-Qy2Mz"" checks",2026-08-28T08:44:21.812Z,178790666181200
"Turn: 10♣, 5♠, 6♠ [5♥]",2026-08-28T08:44:20.340Z,178790666034000
"""Harry @ Q4OMcL0rqd"" folds",2026-08-28T08:44:19.485Z,178790665948500
"""Harry = Fish @ kCN0-Qy2Mz"" calls 210",2026-08-28T08:44:16.227Z,178790665622700
"""LingWae @ FQN9hzhzP_"" folds",2026-08-28T08:44:14.087Z,178790665408700
"""dick and balls @ gpP9uUffpu"" raises to 210",2026-08-28T08:44:12.076Z,178790665207600
"""Harry @ Q4OMcL0rqd"" calls 70",2026-08-28T08:44:08.476Z,178790664847600
"""Harry = Fish @ kCN0-Qy2Mz"" raises to 70",2026-08-28T08:44:03.945Z,178790664394500
"""LingWae @ FQN9hzhzP_"" bets 10",2026-08-28T08:43:59.958Z,178790663995800
"Flop:  [10♣, 5♠, 6♠]",2026-08-28T08:43:55.851Z,178790663585100
"""Harry = Fish @ kCN0-Qy2Mz"" checks",2026-08-28T08:43:54.988Z,178790663498800
"""LingWae @ FQN9hzhzP_"" calls 10",2026-08-28T08:43:52.328Z,178790663232800
"""dick and balls @ gpP9uUffpu"" calls 10",2026-08-28T08:43:35.457Z,178790661545700
"""Harry @ Q4OMcL0rqd"" calls 10",2026-08-28T08:43:33.326Z,178790661332600
"""Harry = Fish @ kCN0-Qy2Mz"" posts a big blind of 10",2026-08-28T08:43:31.155Z,178790661115507
"""LingWae @ FQN9hzhzP_"" posts a small blind of 5",2026-08-28T08:43:31.155Z,178790661115506
"Player stacks: #2 ""Harry = Fish @ kCN0-Qy2Mz"" (2788) | #3 ""Harry @ Q4OMcL0rqd"" (3256) | #5 ""dick and balls @ gpP9uUffpu"" (1546) | #8 ""LingWae @ FQN9hzhzP_"" (4268)",2026-08-28T08:43:31.155Z,178790661115501
"-- starting hand #167 (id: 7rpy2zu3xdmc)  No Limit Texas Hold'em (dealer: ""dick and balls @ gpP9uUffpu"") --",2026-08-28T08:43:31.155Z,178790661115500
"-- ending hand #166 --",2026-08-28T08:43:25.149Z,178790660514903
"""Harry = Fish @ kCN0-Qy2Mz"" collected 1388 from pot with Pair, 4's (combination: 8♦, J♣, A♥, 4♣, 4♠)",2026-08-28T08:43:25.149Z,178790660514902
"""Harry = Fish @ kCN0-Qy2Mz"" shows a 8♦, A♥.",2026-08-28T08:43:25.149Z,178790660514901
"""LingWae @ FQN9hzhzP_"" shows a 2♣, A♦.",2026-08-28T08:43:25.149Z,178790660514900
"""Harry @ Q4OMcL0rqd"" checks",2026-08-28T08:43:24.251Z,178790660425100
"""Harry = Fish @ kCN0-Qy2Mz"" checks",2026-08-28T08:43:23.110Z,178790660311000
"""LingWae @ FQN9hzhzP_"" checks",2026-08-28T08:43:18.649Z,178790659864900
"River: 4♣, J♣, 3♦, 7♥ [4♠]",2026-08-28T08:43:13.638Z,178790659363800
"""Harry @ Q4OMcL0rqd"" calls 167",2026-08-28T08:43:12.814Z,178790659281400
"""Harry = Fish @ kCN0-Qy2Mz"" calls 167",2026-08-28T08:43:10.967Z,178790659096700
"""LingWae @ FQN9hzhzP_"" bets 167",2026-08-28T08:43:09.369Z,178790658936900
"Turn: 4♣, J♣, 3♦ [7♥]",2026-08-28T08:43:03.638Z,178790658363800
"""Harry @ Q4OMcL0rqd"" calls 67",2026-08-28T08:43:02.743Z,178790658274300
"""Harry = Fish @ kCN0-Qy2Mz"" calls 67",2026-08-28T08:43:01.581Z,178790658158100
"""LingWae @ FQN9hzhzP_"" bets 67",2026-08-28T08:43:00.271Z,178790658027100
"Flop:  [4♣, J♣, 3♦]",2026-08-28T08:42:50.384Z,178790657038400
"""LingWae @ FQN9hzhzP_"" calls 227",2026-08-28T08:42:49.552Z,178790656955200
"""Harry @ Q4OMcL0rqd"" calls 227",2026-08-28T08:42:48.591Z,178790656859100
"""Harry = Fish @ kCN0-Qy2Mz"" raises to 227",2026-08-28T08:42:45.706Z,178790656570600
"""LingWae @ FQN9hzhzP_"" calls 90",2026-08-28T08:42:41.060Z,178790656106000
"""dick and balls @ gpP9uUffpu"" folds",2026-08-28T08:42:40.140Z,178790656014000
"""Harry @ Q4OMcL0rqd"" raises to 90",2026-08-28T08:42:37.896Z,178790655789600
"""Harry = Fish @ kCN0-Qy2Mz"" raises to 35",2026-08-28T08:42:33.207Z,178790655320700
"""LingWae @ FQN9hzhzP_"" posts a big blind of 10",2026-08-28T08:42:27.174Z,178790654717407
"""dick and balls @ gpP9uUffpu"" posts a small blind of 5",2026-08-28T08:42:27.174Z,178790654717406
"Player stacks: #2 ""Harry = Fish @ kCN0-Qy2Mz"" (1861) | #3 ""Harry @ Q4OMcL0rqd"" (3717) | #5 ""dick and balls @ gpP9uUffpu"" (1551) | #8 ""LingWae @ FQN9hzhzP_"" (4729)",2026-08-28T08:42:27.174Z,178790654717401
"-- starting hand #166 (id: a3cjhonxdzwk)  No Limit Texas Hold'em (dealer: ""Harry @ Q4OMcL0rqd"") --",2026-08-28T08:42:27.174Z,178790654717400
"Undealt cards: 4♠, 6♥, A♦, Q♦ [10♦]",2026-08-28T08:42:23.209Z,178790654320900
"""Harry = Fish @ kCN0-Qy2Mz"" shows a 2♦, 7♠.",2026-08-28T08:42:21.055Z,178790654105500
"-- ending hand #165 --",2026-08-28T08:42:20.570Z,178790654057002
"""Harry @ Q4OMcL0rqd"" collected 2440 from pot",2026-08-28T08:42:20.570Z,178790654057001
"Uncalled bet of 1277 returned to ""Harry @ Q4OMcL0rqd""",2026-08-28T08:42:20.570Z,178790654057000
"""Harry = Fish @ kCN0-Qy2Mz"" folds",2026-08-28T08:42:19.756Z,178790653975600
"""Harry @ Q4OMcL0rqd"" raises to 1887 and go all in",2026-08-28T08:42:14.286Z,178790653428600
"""Harry = Fish @ kCN0-Qy2Mz"" bets 610",2026-08-28T08:42:10.258Z,178790653025800
"""Harry @ Q4OMcL0rqd"" checks",2026-08-28T08:42:04.449Z,178790652444900
"Turn: 4♠, 6♥, A♦ [Q♦]",2026-08-28T08:42:02.655Z,178790652265500
"""Harry @ Q4OMcL0rqd"" calls 425",2026-08-28T08:42:01.810Z,178790652181000
"""Harry = Fish @ kCN0-Qy2Mz"" raises to 425",2026-08-28T08:41:57.895Z,178790651789500
"""LingWae @ FQN9hzhzP_"" folds",2026-08-28T08:41:53.271Z,178790651327100
"""Harry @ Q4OMcL0rqd"" bets 120",2026-08-28T08:41:50.154Z,178790651015400
"Flop:  [4♠, 6♥, A♦]",2026-08-28T08:41:45.068Z,178790650506800
"""LingWae @ FQN9hzhzP_"" calls 120",2026-08-28T08:41:44.225Z,178790650422500
"""dick and balls @ gpP9uUffpu"" folds",2026-08-28T08:41:43.082Z,178790650308200
"""Harry @ Q4OMcL0rqd"" calls 120",2026-08-28T08:41:41.005Z,178790650100500
"""Harry = Fish @ kCN0-Qy2Mz"" raises to 120",2026-08-28T08:41:38.341Z,178790649834100
"""LingWae @ FQN9hzhzP_"" raises to 35",2026-08-28T08:41:35.152Z,178790649515200
"""dick and balls @ gpP9uUffpu"" posts a big blind of 10",2026-08-28T08:41:26.635Z,178790648663507
"""Harry @ Q4OMcL0rqd"" posts a small blind of 5",2026-08-28T08:41:26.635Z,178790648663506
"Player stacks: #2 ""Harry = Fish @ kCN0-Qy2Mz"" (3016) | #3 ""Harry @ Q4OMcL0rqd"" (2432) | #5 ""dick and balls @ gpP9uUffpu"" (1561) | #8 ""LingWae @ FQN9hzhzP_"" (4849)",2026-08-28T08:41:26.635Z,178790648663501
"-- starting hand #165 (id: lbcgmuey7maa)  No Limit Texas Hold'em (dealer: ""Harry = Fish @ kCN0-Qy2Mz"") --",2026-08-28T08:41:26.635Z,178790648663500
"""LingWae @ FQN9hzhzP_"" shows a 4♠.",2026-08-28T08:41:22.085Z,178790648208500
"Undealt cards: 9♠, 9♥, 8♥, 4♣ [7♣]",2026-08-28T08:41:20.292Z,178790648029200
"-- ending hand #164 --",2026-08-28T08:41:19.983Z,178790647998302
"""LingWae @ FQN9hzhzP_"" collected 1404 from pot",2026-08-28T08:41:19.983Z,178790647998301
"Uncalled bet of 702 returned to ""LingWae @ FQN9hzhzP_""",2026-08-28T08:41:19.983Z,178790647998300
"""dick and balls @ gpP9uUffpu"" folds",2026-08-28T08:41:19.140Z,178790647914000
"""Harry = Fish @ kCN0-Qy2Mz"" folds",2026-08-28T08:41:10.839Z,178790647083900
"""LingWae @ FQN9hzhzP_"" raises to 1190",2026-08-28T08:41:09.010Z,178790646901000
"""dick and balls @ gpP9uUffpu"" raises to 488",2026-08-28T08:41:03.841Z,178790646384100
"""Harry = Fish @ kCN0-Qy2Mz"" calls 67",2026-08-28T08:40:59.368Z,178790645936800
"""LingWae @ FQN9hzhzP_"" bets 67",2026-08-28T08:40:58.107Z,178790645810700
"""dick and balls @ gpP9uUffpu"" checks",2026-08-28T08:40:55.053Z,178790645505300
"""Harry = Fish @ kCN0-Qy2Mz"" checks",2026-08-28T08:40:54.120Z,178790645412000
"Turn: 9♠, 9♥, 8♥ [4♣]",2026-08-28T08:40:52.602Z,178790645260200
"""Harry = Fish @ kCN0-Qy2Mz"" calls 50",2026-08-28T08:40:51.771Z,178790645177100
"""LingWae @ FQN9hzhzP_"" calls 50",2026-08-28T08:40:50.382Z,178790645038200
"""dick and balls @ gpP9uUffpu"" bets 50",2026-08-28T08:40:47.165Z,178790644716500
"""Harry = Fish @ kCN0-Qy2Mz"" checks",2026-08-28T08:40:43.987Z,178790644398700
"Flop:  [9♠, 9♥, 8♥]",2026-08-28T08:40:41.934Z,178790644193400
"""dick and balls @ gpP9uUffpu"" calls 67",2026-08-28T08:40:41.045Z,178790644104500
"""Harry @ Q4OMcL0rqd"" folds",2026-08-28T08:40:40.097Z,178790644009700
"""Harry = Fish @ kCN0-Qy2Mz"" calls 67",2026-08-28T08:40:39.087Z,178790643908700
"""LingWae @ FQN9hzhzP_"" raises to 67",2026-08-28T08:40:37.048Z,178790643704800
"""dick and balls @ gpP9uUffpu"" raises to 30",2026-08-28T08:40:23.072Z,178790642307200
"""Harry @ Q4OMcL0rqd"" posts a big blind of 10",2026-08-28T08:40:21.350Z,178790642135007
"""Harry = Fish @ kCN0-Qy2Mz"" posts a small blind of 5",2026-08-28T08:40:21.350Z,178790642135006
"Player stacks: #2 ""Harry = Fish @ kCN0-Qy2Mz"" (3200) | #3 ""Harry @ Q4OMcL0rqd"" (2442) | #5 ""dick and balls @ gpP9uUffpu"" (2166) | #8 ""LingWae @ FQN9hzhzP_"" (4050)",2026-08-28T08:40:21.350Z,178790642135001
"-- starting hand #164 (id: 3mxg4hapwnpf)  No Limit Texas Hold'em (dealer: ""LingWae @ FQN9hzhzP_"") --",2026-08-28T08:40:21.350Z,178790642135000
"""Harry = Fish @ kCN0-Qy2Mz"" shows a 3♥, 2♣.",2026-08-28T08:40:15.298Z,178790641529800
"-- ending hand #163 --",2026-08-28T08:40:14.788Z,178790641478802
"""LingWae @ FQN9hzhzP_"" collected 658 from pot with Two Pair, J's & 2's (combination: 8♣, 2♠, 2♥, J♣, J♦)",2026-08-28T08:40:14.788Z,178790641478801
"""LingWae @ FQN9hzhzP_"" shows a 7♠, J♣.",2026-08-28T08:40:14.788Z,178790641478800
"""dick and balls @ gpP9uUffpu"" calls 167",2026-08-28T08:40:13.948Z,178790641394800
"""LingWae @ FQN9hzhzP_"" bets 167",2026-08-28T08:40:12.982Z,178790641298200
"River: 2♠, 2♥, 8♣, J♦ [3♦]",2026-08-28T08:40:09.377Z,178790640937700
"""dick and balls @ gpP9uUffpu"" calls 67",2026-08-28T08:40:08.552Z,178790640855200
"""Harry @ Q4OMcL0rqd"" folds",2026-08-28T08:40:07.115Z,178790640711500
"""LingWae @ FQN9hzhzP_"" bets 67",2026-08-28T08:40:06.185Z,178790640618500
"Turn: 2♠, 2♥, 8♣ [J♦]",2026-08-28T08:40:00.480Z,178790640048000
"""dick and balls @ gpP9uUffpu"" checks",2026-08-28T08:39:59.660Z,178790639966000
"""Harry @ Q4OMcL0rqd"" checks",2026-08-28T08:39:58.739Z,178790639873900
"""LingWae @ FQN9hzhzP_"" checks",2026-08-28T08:39:57.351Z,178790639735100
"Flop:  [2♠, 2♥, 8♣]",2026-08-28T08:39:54.254Z,178790639425400
"""Harry @ Q4OMcL0rqd"" calls 60",2026-08-28T08:39:53.400Z,178790639340000
"""Harry = Fish @ kCN0-Qy2Mz"" folds",2026-08-28T08:39:51.450Z,178790639145000
"""LingWae @ FQN9hzhzP_"" calls 60",2026-08-28T08:39:44.636Z,178790638463600
"""dick and balls @ gpP9uUffpu"" raises to 60",2026-08-28T08:39:42.946Z,178790638294600
"""Harry @ Q4OMcL0rqd"" calls 10",2026-08-28T08:39:40.021Z,178790638002100
"""Harry = Fish @ kCN0-Qy2Mz"" posts a big blind of 10",2026-08-28T08:39:33.433Z,178790637343307
"""LingWae @ FQN9hzhzP_"" posts a small blind of 5",2026-08-28T08:39:33.433Z,178790637343306
"Player stacks: #2 ""Harry = Fish @ kCN0-Qy2Mz"" (3210) | #3 ""Harry @ Q4OMcL0rqd"" (2502) | #5 ""dick and balls @ gpP9uUffpu"" (2460) | #8 ""LingWae @ FQN9hzhzP_"" (3686)",2026-08-28T08:39:33.433Z,178790637343301
"-- starting hand #163 (id: ywiee2pcnz6r)  No Limit Texas Hold'em (dealer: ""dick and balls @ gpP9uUffpu"") --",2026-08-28T08:39:33.433Z,178790637343300
"""Harry = Fish @ kCN0-Qy2Mz"" shows a 5♣, Q♠.",2026-08-28T08:39:30.674Z,178790637067400
"-- ending hand #162 --",2026-08-28T08:39:29.771Z,178790636977102
"""Harry = Fish @ kCN0-Qy2Mz"" collected 500 from pot",2026-08-28T08:39:29.771Z,178790636977101
"Uncalled bet of 375 returned to ""Harry = Fish @ kCN0-Qy2Mz""",2026-08-28T08:39:29.771Z,178790636977100
"""Harry @ Q4OMcL0rqd"" folds",2026-08-28T08:39:28.954Z,178790636895400
"""Harry = Fish @ kCN0-Qy2Mz"" raises to 425",2026-08-28T08:39:20.087Z,178790636008700
"""Harry @ Q4OMcL0rqd"" bets 50",2026-08-28T08:39:17.275Z,178790635727500
"""Harry = Fish @ kCN0-Qy2Mz"" checks",2026-08-28T08:39:13.562Z,178790635356200
"River: 5♥, K♥, A♠, 9♦ [6♠]",2026-08-28T08:39:10.493Z,178790635049300
"""Harry @ Q4OMcL0rqd"" checks",2026-08-28T08:39:09.688Z,178790634968800
"""Harry = Fish @ kCN0-Qy2Mz"" checks",2026-08-28T08:39:08.409Z,178790634840900
"Turn: 5♥, K♥, A♠ [9♦]",2026-08-28T08:39:05.687Z,178790634568700
"""LingWae @ FQN9hzhzP_"" folds",2026-08-28T08:39:04.844Z,178790634484400
"""dick and balls @ gpP9uUffpu"" folds",2026-08-28T08:39:03.594Z,178790634359400
"""Harry @ Q4OMcL0rqd"" calls 120",2026-08-28T08:39:02.673Z,178790634267300
"""Harry = Fish @ kCN0-Qy2Mz"" bets 120",2026-08-28T08:39:00.600Z,178790634060000
"""LingWae @ FQN9hzhzP_"" checks",2026-08-28T08:38:57.733Z,178790633773300
"""dick and balls @ gpP9uUffpu"" checks",2026-08-28T08:38:55.271Z,178790633527100
"Flop:  [5♥, K♥, A♠]",2026-08-28T08:38:53.146Z,178790633314600
"""Harry = Fish @ kCN0-Qy2Mz"" calls 40",2026-08-28T08:38:52.339Z,178790633233900
"""LingWae @ FQN9hzhzP_"" calls 40",2026-08-28T08:38:51.256Z,178790633125600
"""dick and balls @ gpP9uUffpu"" calls 40",2026-08-28T08:38:49.187Z,178790632918700
"""Harry @ Q4OMcL0rqd"" raises to 40",2026-08-28T08:38:48.195Z,178790632819500
"""Harry = Fish @ kCN0-Qy2Mz"" calls 10",2026-08-28T08:38:45.296Z,178790632529600
"""LingWae @ FQN9hzhzP_"" posts a big blind of 10",2026-08-28T08:38:42.971Z,178790632297107
"""dick and balls @ gpP9uUffpu"" posts a small blind of 5",2026-08-28T08:38:42.971Z,178790632297106
"Player stacks: #2 ""Harry = Fish @ kCN0-Qy2Mz"" (2920) | #3 ""Harry @ Q4OMcL0rqd"" (2712) | #5 ""dick and balls @ gpP9uUffpu"" (2500) | #8 ""LingWae @ FQN9hzhzP_"" (3726)",2026-08-28T08:38:42.971Z,178790632297101
"-- starting hand #162 (id: mv6koey7lg5i)  No Limit Texas Hold'em (dealer: ""Harry @ Q4OMcL0rqd"") --",2026-08-28T08:38:42.971Z,178790632297100
"""LingWae @ FQN9hzhzP_"" shows a 10♠, Q♥.",2026-08-28T08:38:38.603Z,178790631860300
"Undealt cards: Q♣, A♦, 10♣, 3♣ [6♠]",2026-08-28T08:38:36.614Z,178790631661400
"-- ending hand #161 --",2026-08-28T08:38:36.336Z,178790631633602
"""LingWae @ FQN9hzhzP_"" collected 734 from pot",2026-08-28T08:38:36.336Z,178790631633601
"Uncalled bet of 367 returned to ""LingWae @ FQN9hzhzP_""",2026-08-28T08:38:36.336Z,178790631633600
"""dick and balls @ gpP9uUffpu"" folds",2026-08-28T08:38:35.457Z,178790631545700
"""LingWae @ FQN9hzhzP_"" bets 367",2026-08-28T08:38:21.033Z,178790630103300
"""dick and balls @ gpP9uUffpu"" checks",2026-08-28T08:38:17.625Z,178790629762500
"Turn: Q♣, A♦, 10♣ [3♣]",2026-08-28T08:38:12.514Z,178790629251400
"""dick and balls @ gpP9uUffpu"" calls 267",2026-08-28T08:38:11.699Z,178790629169900
"""Harry @ Q4OMcL0rqd"" folds",2026-08-28T08:38:10.760Z,178790629076000
"""Harry = Fish @ kCN0-Qy2Mz"" folds",2026-08-28T08:38:09.688Z,178790628968800
"""LingWae @ FQN9hzhzP_"" raises to 267",2026-08-28T08:38:08.744Z,178790628874400
"""dick and balls @ gpP9uUffpu"" raises to 90",2026-08-28T08:38:05.934Z,178790628593400
"""Harry @ Q4OMcL0rqd"" bets 20",2026-08-28T08:38:02.330Z,178790628233000
"Flop:  [Q♣, A♦, 10♣]",2026-08-28T08:37:56.777Z,178790627677700
"""LingWae @ FQN9hzhzP_"" calls 45",2026-08-28T08:37:55.908Z,178790627590800
"""dick and balls @ gpP9uUffpu"" calls 45",2026-08-28T08:37:54.483Z,178790627448300
"""Harry @ Q4OMcL0rqd"" calls 45",2026-08-28T08:37:53.411Z,178790627341100
"""Harry = Fish @ kCN0-Qy2Mz"" raises to 45",2026-08-28T08:37:52.126Z,178790627212600
"""LingWae @ FQN9hzhzP_"" calls 10",2026-08-28T08:37:47.694Z,178790626769400
"""dick and balls @ gpP9uUffpu"" posts a big blind of 10",2026-08-28T08:37:40.084Z,178790626008407
"""Harry @ Q4OMcL0rqd"" posts a small blind of 5",2026-08-28T08:37:40.084Z,178790626008406
"Player stacks: #2 ""Harry = Fish @ kCN0-Qy2Mz"" (2965) | #3 ""Harry @ Q4OMcL0rqd"" (2777) | #5 ""dick and balls @ gpP9uUffpu"" (2812) | #8 ""LingWae @ FQN9hzhzP_"" (3304)",2026-08-28T08:37:40.084Z,178790626008401
"-- starting hand #161 (id: ppjytghyswrd)  No Limit Texas Hold'em (dealer: ""Harry = Fish @ kCN0-Qy2Mz"") --",2026-08-28T08:37:40.084Z,178790626008400
"""LingWae @ FQN9hzhzP_"" shows a J♦, 7♣.",2026-08-28T08:37:37.276Z,178790625727600
"-- ending hand #160 --",2026-08-28T08:37:36.452Z,178790625645202
"""LingWae @ FQN9hzhzP_"" collected 518 from pot",2026-08-28T08:37:36.452Z,178790625645201
"Uncalled bet of 259 returned to ""LingWae @ FQN9hzhzP_""",2026-08-28T08:37:36.452Z,178790625645200
"""Harry = Fish @ kCN0-Qy2Mz"" folds",2026-08-28T08:37:35.596Z,178790625559600
"""LingWae @ FQN9hzhzP_"" bets 259",2026-08-28T08:37:31.357Z,178790625135700
"""Harry = Fish @ kCN0-Qy2Mz"" checks",2026-08-28T08:37:27.971Z,178790624797100
"River: 7♥, J♥, 7♠, Q♦ [J♣]",2026-08-28T08:37:25.249Z,178790624524900
"""Harry = Fish @ kCN0-Qy2Mz"" calls 67",2026-08-28T08:37:24.433Z,178790624443300
"""LingWae @ FQN9hzhzP_"" bets 67",2026-08-28T08:37:22.897Z,178790624289700
"""Harry = Fish @ kCN0-Qy2Mz"" checks",2026-08-28T08:37:17.917Z,178790623791700
"Turn: 7♥, J♥, 7♠ [Q♦]",2026-08-28T08:37:16.469Z,178790623646900
"""dick and balls @ gpP9uUffpu"" folds",2026-08-28T08:37:15.662Z,178790623566200
"""Harry = Fish @ kCN0-Qy2Mz"" calls 67",2026-08-28T08:37:08.844Z,178790622884400
"""LingWae @ FQN9hzhzP_"" bets 67",2026-08-28T08:37:06.771Z,178790622677100
"""dick and balls @ gpP9uUffpu"" checks",2026-08-28T08:37:02.342Z,178790622234200
"""Harry = Fish @ kCN0-Qy2Mz"" checks",2026-08-28T08:37:00.611Z,178790622061100
"Flop:  [7♥, J♥, 7♠]",2026-08-28T08:36:58.288Z,178790621828800
"""LingWae @ FQN9hzhzP_"" calls 80",2026-08-28T08:36:57.396Z,178790621739600
"""dick and balls @ gpP9uUffpu"" calls 80",2026-08-28T08:36:54.723Z,178790621472300
"""Harry @ Q4OMcL0rqd"" folds",2026-08-28T08:36:52.585Z,178790621258500
"""Harry = Fish @ kCN0-Qy2Mz"" raises to 80",2026-08-28T08:36:50.631Z,178790621063100
"""LingWae @ FQN9hzhzP_"" calls 30",2026-08-28T08:36:46.006Z,178790620600600
"""dick and balls @ gpP9uUffpu"" raises to 30",2026-08-28T08:36:43.413Z,178790620341300
"""Harry @ Q4OMcL0rqd"" posts a big blind of 10",2026-08-28T08:36:34.258Z,178790619425810
"""Harry = Fish @ kCN0-Qy2Mz"" posts a small blind of 5",2026-08-28T08:36:34.258Z,178790619425809
"Player stacks: #2 ""Harry = Fish @ kCN0-Qy2Mz"" (3179) | #3 ""Harry @ Q4OMcL0rqd"" (2787) | #5 ""dick and balls @ gpP9uUffpu"" (2892) | #8 ""LingWae @ FQN9hzhzP_"" (3000)",2026-08-28T08:36:34.258Z,178790619425804
"-- starting hand #160 (id: b31kcgooie2z)  No Limit Texas Hold'em (dead button) --",2026-08-28T08:36:34.258Z,178790619425803
"The admin updated the player ""LingWae @ FQN9hzhzP_"" stack from 2000 to 3000.",2026-08-28T08:36:34.258Z,178790619425802
"The player ""LingWae @ FQN9hzhzP_"" rebought. New stack 2000.",2026-08-28T08:36:34.258Z,178790619425801
"The player ""LingWae @ FQN9hzhzP_"" requested a rebuy of 2000.",2026-08-28T08:36:34.258Z,178790619425800
"Asking to busted players the rebuy decision.",2026-08-28T08:36:27.942Z,178790618794200
"-- ending hand #159 --",2026-08-28T08:36:21.874Z,178790618187403
"""Harry = Fish @ kCN0-Qy2Mz"" collected 2677 from pot with Three of a Kind, 10's (combination: Q♦, A♦, 10♣, 10♥, 10♠)",2026-08-28T08:36:21.874Z,178790618187402
"""Harry = Fish @ kCN0-Qy2Mz"" shows a Q♦, A♦.",2026-08-28T08:36:21.874Z,178790618187401
"""LingWae @ FQN9hzhzP_"" shows a K♣, 7♥.",2026-08-28T08:36:21.874Z,178790618187400
"""Harry = Fish @ kCN0-Qy2Mz"" calls 921",2026-08-28T08:36:21.031Z,178790618103100
"""LingWae @ FQN9hzhzP_"" bets 921 and go all in",2026-08-28T08:36:03.327Z,178790616332700
"""Harry = Fish @ kCN0-Qy2Mz"" checks",2026-08-28T08:35:58.554Z,178790615855400
"River: 10♣, 6♦, 10♥, 10♠ [2♦]",2026-08-28T08:35:56.620Z,178790615662000
"""Harry @ Q4OMcL0rqd"" folds",2026-08-28T08:35:55.796Z,178790615579600
"""Harry = Fish @ kCN0-Qy2Mz"" calls 167",2026-08-28T08:35:53.834Z,178790615383400
"""LingWae @ FQN9hzhzP_"" bets 167",2026-08-28T08:35:52.005Z,178790615200500
"""Harry @ Q4OMcL0rqd"" checks",2026-08-28T08:35:48.609Z,178790614860900
"""Harry = Fish @ kCN0-Qy2Mz"" checks",2026-08-28T08:35:47.510Z,178790614751000
"Turn: 10♣, 6♦, 10♥ [10♠]",2026-08-28T08:35:44.978Z,178790614497800
"""Harry @ Q4OMcL0rqd"" calls 67",2026-08-28T08:35:44.094Z,178790614409400
"""Harry = Fish @ kCN0-Qy2Mz"" calls 67",2026-08-28T08:35:43.024Z,178790614302400
"""LingWae @ FQN9hzhzP_"" bets 67",2026-08-28T08:35:41.209Z,178790614120900
"""Harry @ Q4OMcL0rqd"" checks",2026-08-28T08:35:38.734Z,178790613873400
"""Harry = Fish @ kCN0-Qy2Mz"" checks",2026-08-28T08:35:37.324Z,178790613732400
"Flop:  [10♣, 6♦, 10♥]",2026-08-28T08:35:34.767Z,178790613476700
"""LingWae @ FQN9hzhzP_"" calls 100",2026-08-28T08:35:33.937Z,178790613393700
"""Harry @ Q4OMcL0rqd"" calls 100",2026-08-28T08:35:32.811Z,178790613281100
"""Harry = Fish @ kCN0-Qy2Mz"" raises to 100",2026-08-28T08:35:30.451Z,178790613045100
"""LingWae @ FQN9hzhzP_"" calls 10",2026-08-28T08:35:21.050Z,178790612105000
"""dick and balls @ gpP9uUffpu"" folds",2026-08-28T08:35:20.161Z,178790612016100
"WARNING: the admin queued the stack change for the player ""LingWae @ FQN9hzhzP_"" adding 1000 chips in the next hand.",2026-08-28T08:35:19.540Z,178790611954000
"""Harry @ Q4OMcL0rqd"" calls 10",2026-08-28T08:34:49.269Z,178790608926900
"""Harry = Fish @ kCN0-Qy2Mz"" posts a big blind of 10",2026-08-28T08:34:47.465Z,178790608746509
"Dead Small Blind",2026-08-28T08:34:47.465Z,178790608746508
"Player stacks: #2 ""Harry = Fish @ kCN0-Qy2Mz"" (1757) | #3 ""Harry @ Q4OMcL0rqd"" (2954) | #5 ""dick and balls @ gpP9uUffpu"" (2892) | #8 ""LingWae @ FQN9hzhzP_"" (1255)",2026-08-28T08:34:47.465Z,178790608746503
"-- starting hand #159 (id: pwzmkb5pfbdx)  No Limit Texas Hold'em (dealer: ""LingWae @ FQN9hzhzP_"") --",2026-08-28T08:34:47.465Z,178790608746502
"The player ""jayden = fish @ d-4X_F_SSU"" quits the game with a stack of 2142.",2026-08-28T08:34:47.465Z,178790608746501
"The admin updated the player ""dick and balls @ gpP9uUffpu"" stack from 5392 to 2892.",2026-08-28T08:34:47.465Z,178790608746500
"""Harry = Fish @ kCN0-Qy2Mz"" shows a 4♥, 8♥.",2026-08-28T08:34:41.563Z,178790608156300
"-- ending hand #158 --",2026-08-28T08:34:40.778Z,178790608077802
"""Harry = Fish @ kCN0-Qy2Mz"" collected 678 from pot",2026-08-28T08:34:40.778Z,178790608077801
"Uncalled bet of 508 returned to ""Harry = Fish @ kCN0-Qy2Mz""",2026-08-28T08:34:40.778Z,178790608077800
"""LingWae @ FQN9hzhzP_"" folds",2026-08-28T08:34:39.965Z,178790607996500
"""Harry = Fish @ kCN0-Qy2Mz"" raises to 675",2026-08-28T08:34:29.155Z,178790606915500
"""LingWae @ FQN9hzhzP_"" bets 167",2026-08-28T08:34:19.544Z,178790605954400
"Turn: 4♠, Q♦, K♥ [6♦]",2026-08-28T08:34:13.154Z,178790605315400
"""Harry = Fish @ kCN0-Qy2Mz"" checks",2026-08-28T08:34:12.267Z,178790605226700
"""LingWae @ FQN9hzhzP_"" checks",2026-08-28T08:34:09.901Z,178790604990100
"WARNING: the admin queued the stack change for the player ""dick and balls @ gpP9uUffpu"" removing 2500 chips in the next hand.",2026-08-28T08:33:43.920Z,178790602392000
"Flop:  [4♠, Q♦, K♥]",2026-08-28T08:33:41.768Z,178790602176800
"""Harry = Fish @ kCN0-Qy2Mz"" calls 167",2026-08-28T08:33:40.901Z,178790602090100
"""jayden = fish @ d-4X_F_SSU"" folds",2026-08-28T08:33:37.849Z,178790601784900
"""LingWae @ FQN9hzhzP_"" raises to 167",2026-08-28T08:33:36.578Z,178790601657800
"""dick and balls @ gpP9uUffpu"" folds",2026-08-28T08:33:33.698Z,178790601369800
"""Harry @ Q4OMcL0rqd"" folds",2026-08-28T08:33:25.928Z,178790600592800
"""Harry = Fish @ kCN0-Qy2Mz"" raises to 55",2026-08-28T08:33:23.646Z,178790600364600
"""jayden = fish @ d-4X_F_SSU"" posts a big blind of 10",2026-08-28T08:33:16.875Z,178790599687508
"""LingWae @ FQN9hzhzP_"" posts a small blind of 5",2026-08-28T08:33:16.875Z,178790599687507
"Player stacks: #1 ""jayden = fish @ d-4X_F_SSU"" (2152) | #2 ""Harry = Fish @ kCN0-Qy2Mz"" (1413) | #3 ""Harry @ Q4OMcL0rqd"" (2954) | #5 ""dick and balls @ gpP9uUffpu"" (5392) | #8 ""LingWae @ FQN9hzhzP_"" (1589)",2026-08-28T08:33:16.875Z,178790599687501
"-- starting hand #158 (id: dn84byomzcbd)  No Limit Texas Hold'em (dealer: ""dick and balls @ gpP9uUffpu"") --",2026-08-28T08:33:16.875Z,178790599687500
"-- ending hand #157 --",2026-08-28T08:33:10.869Z,178790599086903
"""LingWae @ FQN9hzhzP_"" shows a 8♦, A♠.",2026-08-28T08:33:10.869Z,178790599086902
"""dick and balls @ gpP9uUffpu"" collected 5392 from pot with Straight, 9 High (combination: 5♠, 6♦, 7♣, 8♣, 9♦)",2026-08-28T08:33:10.869Z,178790599086901
"""dick and balls @ gpP9uUffpu"" shows a A♦, 6♦.",2026-08-28T08:33:10.869Z,178790599086900
"""LingWae @ FQN9hzhzP_"" calls 1154",2026-08-28T08:33:10.039Z,178790599003900
"""dick and balls @ gpP9uUffpu"" bets 1154 and go all in",2026-08-28T08:32:46.293Z,178790596629300
"River: 5♠, Q♠, 9♦, 7♣ [8♣]",2026-08-28T08:32:40.834Z,178790596083400
"""LingWae @ FQN9hzhzP_"" checks",2026-08-28T08:32:39.987Z,178790595998700
"""dick and balls @ gpP9uUffpu"" checks",2026-08-28T08:32:38.471Z,178790595847100
"Turn: 5♠, Q♠, 9♦ [7♣]",2026-08-28T08:32:30.959Z,178790595095900
"""dick and balls @ gpP9uUffpu"" calls 467",2026-08-28T08:32:30.154Z,178790595015400
"""jayden = fish @ d-4X_F_SSU"" folds",2026-08-28T08:32:28.525Z,178790594852500
"""LingWae @ FQN9hzhzP_"" bets 467",2026-08-28T08:32:16.594Z,178790593659400
"""dick and balls @ gpP9uUffpu"" checks",2026-08-28T08:32:07.129Z,178790592712900
"Flop:  [5♠, Q♠, 9♦]",2026-08-28T08:31:58.985Z,178790591898500
"""dick and balls @ gpP9uUffpu"" calls 640",2026-08-28T08:31:58.146Z,178790591814600
"""Harry @ Q4OMcL0rqd"" folds",2026-08-28T08:31:54.312Z,178790591431200
"""jayden = fish @ d-4X_F_SSU"" calls 640",2026-08-28T08:31:52.571Z,178790591257100
"""LingWae @ FQN9hzhzP_"" raises to 640",2026-08-28T08:31:49.191Z,178790590919100
"""dick and balls @ gpP9uUffpu"" calls 210",2026-08-28T08:31:45.500Z,178790590550000
"""Harry @ Q4OMcL0rqd"" calls 210",2026-08-28T08:31:42.374Z,178790590237400
"""Harry = Fish @ kCN0-Qy2Mz"" folds",2026-08-28T08:31:40.347Z,178790590034700
"""jayden = fish @ d-4X_F_SSU"" raises to 210",2026-08-28T08:31:38.801Z,178790589880100
"""LingWae @ FQN9hzhzP_"" calls 70",2026-08-28T08:31:35.605Z,178790589560500
"""dick and balls @ gpP9uUffpu"" raises to 70",2026-08-28T08:31:30.417Z,178790589041700
"""Harry @ Q4OMcL0rqd"" calls 20",2026-08-28T08:31:27.847Z,178790588784700
"""Harry = Fish @ kCN0-Qy2Mz"" calls 20",2026-08-28T08:31:26.313Z,178790588631300
"""jayden = fish @ d-4X_F_SSU"" raises to 20",2026-08-28T08:31:23.722Z,178790588372200
"""LingWae @ FQN9hzhzP_"" posts a big blind of 10",2026-08-28T08:31:21.361Z,178790588136108
"""dick and balls @ gpP9uUffpu"" posts a small blind of 5",2026-08-28T08:31:21.361Z,178790588136107
"Your hand is A♦, 6♦",2026-08-28T08:31:21.361Z,178790588136105
"Player stacks: #1 ""jayden = fish @ d-4X_F_SSU"" (2792) | #2 ""Harry = Fish @ kCN0-Qy2Mz"" (1433) | #3 ""Harry @ Q4OMcL0rqd"" (3164) | #5 ""dick and balls @ gpP9uUffpu"" (2261) | #8 ""LingWae @ FQN9hzhzP_"" (3850)",2026-08-28T08:31:21.361Z,178790588136101
"-- starting hand #157 (id: wtusvm2attt7)  No Limit Texas Hold'em (dealer: ""Harry @ Q4OMcL0rqd"") --",2026-08-28T08:31:21.361Z,178790588136100
"""jayden = fish @ d-4X_F_SSU"" shows a 8♦.",2026-08-28T08:31:17.805Z,178790587780500
"Undealt cards: 8♣, A♥, 4♣, 6♥ [K♠]",2026-08-28T08:31:16.226Z,178790587622600
"-- ending hand #156 --",2026-08-28T08:31:14.750Z,178790587475002
"""jayden = fish @ d-4X_F_SSU"" collected 991 from pot",2026-08-28T08:31:14.750Z,178790587475001
"Uncalled bet of 299 returned to ""jayden = fish @ d-4X_F_SSU""",2026-08-28T08:31:14.750Z,178790587475000
"""LingWae @ FQN9hzhzP_"" folds",2026-08-28T08:31:13.911Z,178790587391100
"""jayden = fish @ d-4X_F_SSU"" raises to 666",2026-08-28T08:31:00.290Z,178790586029000
"""LingWae @ FQN9hzhzP_"" raises to 367",2026-08-28T08:30:50.365Z,178790585036500
"""dick and balls @ gpP9uUffpu"" folds",2026-08-28T08:30:42.857Z,178790584285700
"""jayden = fish @ d-4X_F_SSU"" raises to 134",2026-08-28T08:30:41.584Z,178790584158400
"""LingWae @ FQN9hzhzP_"" bets 67",2026-08-28T08:30:39.371Z,178790583937100
"""dick and balls @ gpP9uUffpu"" checks",2026-08-28T08:30:34.780Z,178790583478000
"Turn: 8♣, A♥, 4♣ [6♥]",2026-08-28T08:30:34.004Z,178790583400400
"""dick and balls @ gpP9uUffpu"" calls 36",2026-08-28T08:30:33.178Z,178790583317800
"""Harry @ Q4OMcL0rqd"" folds",2026-08-28T08:30:32.206Z,178790583220600
"""jayden = fish @ d-4X_F_SSU"" calls 36",2026-08-28T08:30:31.170Z,178790583117000
"""LingWae @ FQN9hzhzP_"" bets 36",2026-08-28T08:30:27.197Z,178790582719700
"""dick and balls @ gpP9uUffpu"" checks",2026-08-28T08:30:24.657Z,178790582465700
"""Harry @ Q4OMcL0rqd"" checks",2026-08-28T08:30:23.729Z,178790582372900
"Flop:  [8♣, A♥, 4♣]",2026-08-28T08:30:20.663Z,178790582066300
"""dick and balls @ gpP9uUffpu"" calls 36",2026-08-28T08:30:19.846Z,178790581984600
"""Harry @ Q4OMcL0rqd"" calls 36",2026-08-28T08:30:18.917Z,178790581891700
"""Harry = Fish @ kCN0-Qy2Mz"" folds",2026-08-28T08:30:14.294Z,178790581429400
"""jayden = fish @ d-4X_F_SSU"" calls 36",2026-08-28T08:30:12.790Z,178790581279000
"""LingWae @ FQN9hzhzP_"" raises to 36",2026-08-28T08:30:11.356Z,178790581135600
"""jayden = fish @ d-4X_F_SSU"" posts a missed big blind of 10",2026-08-28T08:30:07.833Z,178790580783311
"""jayden = fish @ d-4X_F_SSU"" posts a missing small blind of 5",2026-08-28T08:30:07.833Z,178790580783310
"""dick and balls @ gpP9uUffpu"" posts a big blind of 10",2026-08-28T08:30:07.833Z,178790580783309
"""Harry @ Q4OMcL0rqd"" posts a small blind of 5",2026-08-28T08:30:07.833Z,178790580783308
"Player stacks: #1 ""jayden = fish @ d-4X_F_SSU"" (2245) | #2 ""Harry = Fish @ kCN0-Qy2Mz"" (1433) | #3 ""Harry @ Q4OMcL0rqd"" (3200) | #5 ""dick and balls @ gpP9uUffpu"" (2333) | #8 ""LingWae @ FQN9hzhzP_"" (4289)",2026-08-28T08:30:07.833Z,178790580783302
"-- starting hand #156 (id: 1l4lpijq9wzo)  No Limit Texas Hold'em (dealer: ""Harry = Fish @ kCN0-Qy2Mz"") --",2026-08-28T08:30:07.833Z,178790580783301
"The player ""jayden = fish @ d-4X_F_SSU"" joined the game with a stack of 2245.",2026-08-28T08:30:07.833Z,178790580783300
"""Harry = Fish @ kCN0-Qy2Mz"" shows a A♦.",2026-08-28T08:30:03.732Z,178790580373200
"Undealt cards: 5♣, 8♠, 7♣, 4♦ [8♣]",2026-08-28T08:30:03.345Z,178790580334500
"-- ending hand #155 --",2026-08-28T08:30:01.226Z,178790580122602
"""Harry @ Q4OMcL0rqd"" collected 1734 from pot",2026-08-28T08:30:01.226Z,178790580122601
"Uncalled bet of 500 returned to ""Harry @ Q4OMcL0rqd""",2026-08-28T08:30:01.226Z,178790580122600
"""Harry = Fish @ kCN0-Qy2Mz"" folds",2026-08-28T08:30:00.326Z,178790580032600
"""Harry @ Q4OMcL0rqd"" bets 500",2026-08-28T08:29:58.364Z,178790579836400
"""Harry = Fish @ kCN0-Qy2Mz"" checks",2026-08-28T08:29:54.980Z,178790579498000
"Turn: 5♣, 8♠, 7♣ [4♦]",2026-08-28T08:29:52.633Z,178790579263300
"""Harry @ Q4OMcL0rqd"" calls 670",2026-08-28T08:29:51.819Z,178790579181900
"""Harry = Fish @ kCN0-Qy2Mz"" raises to 670",2026-08-28T08:29:43.072Z,178790578307200
"""Harry @ Q4OMcL0rqd"" bets 150",2026-08-28T08:29:36.819Z,178790577681900
"""Harry = Fish @ kCN0-Qy2Mz"" checks",2026-08-28T08:29:34.158Z,178790577415800
"Flop:  [5♣, 8♠, 7♣]",2026-08-28T08:29:29.949Z,178790576994900
"""LingWae @ FQN9hzhzP_"" folds",2026-08-28T08:29:29.069Z,178790576906900
"""dick and balls @ gpP9uUffpu"" folds",2026-08-28T08:29:26.222Z,178790576622200
"""Harry @ Q4OMcL0rqd"" calls 167",2026-08-28T08:29:24.115Z,178790576411500
"""Harry = Fish @ kCN0-Qy2Mz"" raises to 167",2026-08-28T08:29:20.461Z,178790576046100
"""LingWae @ FQN9hzhzP_"" calls 30",2026-08-28T08:29:11.083Z,178790575108300
"""dick and balls @ gpP9uUffpu"" raises to 30",2026-08-28T08:28:56.210Z,178790573621000
"""Harry @ Q4OMcL0rqd"" posts a big blind of 10",2026-08-28T08:28:54.885Z,178790573488507
"""Harry = Fish @ kCN0-Qy2Mz"" posts a small blind of 5",2026-08-28T08:28:54.885Z,178790573488506
"Player stacks: #2 ""Harry = Fish @ kCN0-Qy2Mz"" (2270) | #3 ""Harry @ Q4OMcL0rqd"" (2303) | #5 ""dick and balls @ gpP9uUffpu"" (2363) | #8 ""LingWae @ FQN9hzhzP_"" (4319)",2026-08-28T08:28:54.885Z,178790573488501
"-- starting hand #155 (id: akyxkctoe2oc)  No Limit Texas Hold'em (dealer: ""LingWae @ FQN9hzhzP_"") --",2026-08-28T08:28:54.885Z,178790573488500
"""LingWae @ FQN9hzhzP_"" shows a 7♣, 6♣.",2026-08-28T08:28:51.453Z,178790573145300
"""dick and balls @ gpP9uUffpu"" shows a A♣.",2026-08-28T08:28:51.262Z,178790573126200
"-- ending hand #154 --",2026-08-28T08:28:50.543Z,178790573054301
"""dick and balls @ gpP9uUffpu"" collected 860 from pot",2026-08-28T08:28:50.543Z,178790573054300
"""LingWae @ FQN9hzhzP_"" folds",2026-08-28T08:28:49.683Z,178790572968300
"River: 3♥, 3♣, 5♦, 9♦ [J♥]",2026-08-28T08:28:46.583Z,178790572658300
"""dick and balls @ gpP9uUffpu"" checks",2026-08-28T08:28:45.769Z,178790572576900
"""LingWae @ FQN9hzhzP_"" checks",2026-08-28T08:28:44.509Z,178790572450900
"Turn: 3♥, 3♣, 5♦ [9♦]",2026-08-28T08:28:39.478Z,178790571947800
"""dick and balls @ gpP9uUffpu"" calls 10",2026-08-28T08:28:38.589Z,178790571858900
"""LingWae @ FQN9hzhzP_"" bets 10",2026-08-28T08:28:37.597Z,178790571759700
"Flop:  [3♥, 3♣, 5♦]",2026-08-28T08:28:33.674Z,178790571367400
"""Harry @ Q4OMcL0rqd"" folds",2026-08-28T08:28:32.828Z,178790571282800
"""Harry = Fish @ kCN0-Qy2Mz"" folds",2026-08-28T08:28:31.656Z,178790571165600
"""LingWae @ FQN9hzhzP_"" calls 350",2026-08-28T08:28:30.160Z,178790571016000
"""dick and balls @ gpP9uUffpu"" raises to 350",2026-08-28T08:28:23.038Z,178790570303800
"""Harry @ Q4OMcL0rqd"" calls 70",2026-08-28T08:28:18.510Z,178790569851000
"""Harry = Fish @ kCN0-Qy2Mz"" calls 70",2026-08-28T08:28:16.867Z,178790569686700
"""LingWae @ FQN9hzhzP_"" raises to 70",2026-08-28T08:28:15.591Z,178790569559100
"The player ""jayden = fish @ d-4X_F_SSU"" sit back with the stack of 2245.",2026-08-28T08:28:13.936Z,178790569393600
"""dick and balls @ gpP9uUffpu"" raises to 40",2026-08-28T08:28:05.645Z,178790568564500
"""Harry @ Q4OMcL0rqd"" calls 10",2026-08-28T08:28:01.905Z,178790568190500
"""Harry = Fish @ kCN0-Qy2Mz"" posts a big blind of 10",2026-08-28T08:27:59.816Z,178790567981608
"""LingWae @ FQN9hzhzP_"" posts a small blind of 5",2026-08-28T08:27:59.816Z,178790567981607
"Player stacks: #2 ""Harry = Fish @ kCN0-Qy2Mz"" (2340) | #3 ""Harry @ Q4OMcL0rqd"" (2373) | #5 ""dick and balls @ gpP9uUffpu"" (1863) | #8 ""LingWae @ FQN9hzhzP_"" (4679)",2026-08-28T08:27:59.816Z,178790567981602
"-- starting hand #154 (id: qpzcjemekeub)  No Limit Texas Hold'em (dealer: ""dick and balls @ gpP9uUffpu"") --",2026-08-28T08:27:59.816Z,178790567981601
"The player ""jayden = fish @ d-4X_F_SSU"" stand up with the stack of 2245.",2026-08-28T08:27:59.816Z,178790567981600
"-- ending hand #153 --",2026-08-28T08:27:53.804Z,178790567380403
"""LingWae @ FQN9hzhzP_"" collected 2416 from pot with Two Pair, J's & 2's (combination: 6♣, 2♥, 2♠, J♥, J♣)",2026-08-28T08:27:53.804Z,178790567380402
"""LingWae @ FQN9hzhzP_"" shows a J♥, J♣.",2026-08-28T08:27:53.804Z,178790567380401
"""dick and balls @ gpP9uUffpu"" shows a K♠, 9♠.",2026-08-28T08:27:53.804Z,178790567380400
"""LingWae @ FQN9hzhzP_"" calls 604",2026-08-28T08:27:52.926Z,178790567292600
"""dick and balls @ gpP9uUffpu"" bets 604",2026-08-28T08:27:42.276Z,178790566227600
"River: 3♠, 2♥, 2♠, 5♦ [6♣]",2026-08-28T08:27:39.073Z,178790565907300
"""LingWae @ FQN9hzhzP_"" checks",2026-08-28T08:27:38.252Z,178790565825200
"""dick and balls @ gpP9uUffpu"" checks",2026-08-28T08:27:37.222Z,178790565722200
"Turn: 3♠, 2♥, 2♠ [5♦]",2026-08-28T08:27:36.592Z,178790565659200
"""dick and balls @ gpP9uUffpu"" calls 302",2026-08-28T08:27:35.784Z,178790565578400
"""LingWae @ FQN9hzhzP_"" bets 302",2026-08-28T08:27:34.850Z,178790565485000
"""dick and balls @ gpP9uUffpu"" checks",2026-08-28T08:27:27.490Z,178790564749000
"Flop:  [3♠, 2♥, 2♠]",2026-08-28T08:27:25.988Z,178790564598800
"""dick and balls @ gpP9uUffpu"" calls 267",2026-08-28T08:27:25.110Z,178790564511000
"""Harry @ Q4OMcL0rqd"" folds",2026-08-28T08:27:24.078Z,178790564407800
"""Harry = Fish @ kCN0-Qy2Mz"" folds",2026-08-28T08:27:23.014Z,178790564301400
"""LingWae @ FQN9hzhzP_"" raises to 267",2026-08-28T08:27:17.889Z,178790563788900
"""dick and balls @ gpP9uUffpu"" raises to 100",2026-08-28T08:27:14.511Z,178790563451100
"""Harry @ Q4OMcL0rqd"" calls 35",2026-08-28T08:27:10.874Z,178790563087400
"""Harry = Fish @ kCN0-Qy2Mz"" raises to 35",2026-08-28T08:27:09.584Z,178790562958400
"""jayden = fish @ d-4X_F_SSU"" folds",2026-08-28T08:27:06.958Z,178790562695800
"""LingWae @ FQN9hzhzP_"" posts a big blind of 10",2026-08-28T08:27:04.401Z,178790562440108
"""dick and balls @ gpP9uUffpu"" posts a small blind of 5",2026-08-28T08:27:04.401Z,178790562440107
"Your hand is K♠, 9♠",2026-08-28T08:27:04.401Z,178790562440105
"Player stacks: #1 ""jayden = fish @ d-4X_F_SSU"" (2245) | #2 ""Harry = Fish @ kCN0-Qy2Mz"" (2375) | #3 ""Harry @ Q4OMcL0rqd"" (2408) | #5 ""dick and balls @ gpP9uUffpu"" (3036) | #8 ""LingWae @ FQN9hzhzP_"" (3436)",2026-08-28T08:27:04.401Z,178790562440101
"-- starting hand #153 (id: vyenhjakgr4i)  No Limit Texas Hold'em (dealer: ""Harry @ Q4OMcL0rqd"") --",2026-08-28T08:27:04.401Z,178790562440100
"""LingWae @ FQN9hzhzP_"" shows a 8♣, 2♦.",2026-08-28T08:27:00.462Z,178790562046200
"Undealt cards:  [8♦, 5♦, 9♦, K♥, 2♣]",2026-08-28T08:26:58.505Z,178790561850500
"-- ending hand #152 --",2026-08-28T08:26:57.780Z,178790561778002
"""dick and balls @ gpP9uUffpu"" collected 20 from pot",2026-08-28T08:26:57.780Z,178790561778001
"Uncalled bet of 10 returned to ""dick and balls @ gpP9uUffpu""",2026-08-28T08:26:57.780Z,178790561778000
"""Harry @ Q4OMcL0rqd"" folds",2026-08-28T08:26:56.922Z,178790561692200
"""dick and balls @ gpP9uUffpu"" raises to 20",2026-08-28T08:26:55.871Z,178790561587100
"""Harry @ Q4OMcL0rqd"" calls 10",2026-08-28T08:26:54.299Z,178790561429900
"""Harry = Fish @ kCN0-Qy2Mz"" folds",2026-08-28T08:26:49.105Z,178790560910500
"""jayden = fish @ d-4X_F_SSU"" folds",2026-08-28T08:26:33.385Z,178790559338500
"""LingWae @ FQN9hzhzP_"" folds",2026-08-28T08:26:32.434Z,178790559243400
"""dick and balls @ gpP9uUffpu"" posts a big blind of 10",2026-08-28T08:26:18.141Z,178790557814108
"""Harry @ Q4OMcL0rqd"" posts a small blind of 5",2026-08-28T08:26:18.141Z,178790557814107
"Player stacks: #1 ""jayden = fish @ d-4X_F_SSU"" (2245) | #2 ""Harry = Fish @ kCN0-Qy2Mz"" (2375) | #3 ""Harry @ Q4OMcL0rqd"" (2418) | #5 ""dick and balls @ gpP9uUffpu"" (3026) | #8 ""LingWae @ FQN9hzhzP_"" (3436)",2026-08-28T08:26:18.141Z,178790557814101
"-- starting hand #152 (id: tco7nqmpxvdb)  No Limit Texas Hold'em (dealer: ""Harry = Fish @ kCN0-Qy2Mz"") --",2026-08-28T08:26:18.141Z,178790557814100
"""LingWae @ FQN9hzhzP_"" shows a A♠.",2026-08-28T08:26:14.810Z,178790557481000
"-- ending hand #151 --",2026-08-28T08:26:11.580Z,178790557158004
"""jayden = fish @ d-4X_F_SSU"" collected 625 from pot with Pair, 9's (combination: J♦, K♠, A♦, 9♦, 9♣)",2026-08-28T08:26:11.580Z,178790557158003
"""jayden = fish @ d-4X_F_SSU"" shows a K♠, 9♦.",2026-08-28T08:26:11.580Z,178790557158002
"""Harry @ Q4OMcL0rqd"" shows a 8♣, 6♦.",2026-08-28T08:26:11.580Z,178790557158001
"""Harry = Fish @ kCN0-Qy2Mz"" shows a 10♥, 7♥.",2026-08-28T08:26:11.580Z,178790557158000
"""jayden = fish @ d-4X_F_SSU"" checks",2026-08-28T08:26:10.746Z,178790557074600
"""Harry @ Q4OMcL0rqd"" checks",2026-08-28T08:26:09.735Z,178790556973500
"""Harry = Fish @ kCN0-Qy2Mz"" checks",2026-08-28T08:26:08.423Z,178790556842300
"River: J♦, 5♠, 9♣, 6♥ [A♦]",2026-08-28T08:26:05.231Z,178790556523100
"""jayden = fish @ d-4X_F_SSU"" checks",2026-08-28T08:26:04.377Z,178790556437700
"""Harry @ Q4OMcL0rqd"" checks",2026-08-28T08:26:02.488Z,178790556248800
"""Harry = Fish @ kCN0-Qy2Mz"" checks",2026-08-28T08:26:01.156Z,178790556115600
"Turn: J♦, 5♠, 9♣ [6♥]",2026-08-28T08:25:59.106Z,178790555910600
"""LingWae @ FQN9hzhzP_"" folds",2026-08-28T08:25:58.271Z,178790555827100
"""Harry @ Q4OMcL0rqd"" calls 125",2026-08-28T08:25:55.769Z,178790555576900
"""Harry = Fish @ kCN0-Qy2Mz"" calls 125",2026-08-28T08:25:54.065Z,178790555406500
"""jayden = fish @ d-4X_F_SSU"" bets 125",2026-08-28T08:25:52.059Z,178790555205900
"""LingWae @ FQN9hzhzP_"" checks",2026-08-28T08:25:49.037Z,178790554903700
"""Harry @ Q4OMcL0rqd"" checks",2026-08-28T08:25:47.574Z,178790554757400
"""Harry = Fish @ kCN0-Qy2Mz"" checks",2026-08-28T08:25:44.958Z,178790554495800
"Flop:  [J♦, 5♠, 9♣]",2026-08-28T08:25:41.057Z,178790554105700
"""jayden = fish @ d-4X_F_SSU"" calls 60",2026-08-28T08:25:40.202Z,178790554020200
"""LingWae @ FQN9hzhzP_"" calls 60",2026-08-28T08:25:39.256Z,178790553925600
"""dick and balls @ gpP9uUffpu"" folds",2026-08-28T08:25:37.684Z,178790553768400
"""Harry @ Q4OMcL0rqd"" calls 60",2026-08-28T08:25:36.740Z,178790553674000
"""Harry = Fish @ kCN0-Qy2Mz"" raises to 60",2026-08-28T08:25:32.515Z,178790553251500
"""jayden = fish @ d-4X_F_SSU"" calls 10",2026-08-28T08:25:29.240Z,178790552924000
"""LingWae @ FQN9hzhzP_"" calls 10",2026-08-28T08:25:28.163Z,178790552816300
"""dick and balls @ gpP9uUffpu"" calls 10",2026-08-28T08:25:25.595Z,178790552559500
"""Harry @ Q4OMcL0rqd"" posts a big blind of 10",2026-08-28T08:25:23.070Z,178790552307009
"""Harry = Fish @ kCN0-Qy2Mz"" posts a small blind of 5",2026-08-28T08:25:23.070Z,178790552307008
"Player stacks: #1 ""jayden = fish @ d-4X_F_SSU"" (1805) | #2 ""Harry = Fish @ kCN0-Qy2Mz"" (2560) | #3 ""Harry @ Q4OMcL0rqd"" (2603) | #5 ""dick and balls @ gpP9uUffpu"" (3036) | #8 ""LingWae @ FQN9hzhzP_"" (3496)",2026-08-28T08:25:23.070Z,178790552307002
"-- starting hand #151 (id: jrl5vmuad3z6)  No Limit Texas Hold'em (dealer: ""jayden = fish @ d-4X_F_SSU"") --",2026-08-28T08:25:23.070Z,178790552307001
"The admin updated the player ""dick and balls @ gpP9uUffpu"" stack from 5536 to 3036.",2026-08-28T08:25:23.070Z,178790552307000
"WARNING: the admin queued the stack change for the player ""dick and balls @ gpP9uUffpu"" removing 2500 chips in the next hand.",2026-08-28T08:25:19.458Z,178790551945800
"-- ending hand #150 --",2026-08-28T08:25:17.067Z,178790551706702
"""Harry = Fish @ kCN0-Qy2Mz"" collected 1080 from pot with Straight, 10 High (combination: 6♦, 7♦, 8♠, 9♥, 10♣)",2026-08-28T08:25:17.067Z,178790551706701
"""Harry = Fish @ kCN0-Qy2Mz"" shows a 4♣, 7♦.",2026-08-28T08:25:17.067Z,178790551706700
"""Harry @ Q4OMcL0rqd"" calls 360",2026-08-28T08:25:16.252Z,178790551625200
"""Harry = Fish @ kCN0-Qy2Mz"" bets 360",2026-08-28T08:25:14.767Z,178790551476700
"River: 10♣, 8♠, 9♥, 6♦ [A♥]",2026-08-28T08:25:11.446Z,178790551144600
"""Harry @ Q4OMcL0rqd"" checks",2026-08-28T08:25:10.644Z,178790551064400
"""Harry = Fish @ kCN0-Qy2Mz"" checks",2026-08-28T08:25:07.119Z,178790550711900
"Turn: 10♣, 8♠, 9♥ [6♦]",2026-08-28T08:25:04.565Z,178790550456500
"""jayden = fish @ d-4X_F_SSU"" folds",2026-08-28T08:25:03.675Z,178790550367500
"""Harry @ Q4OMcL0rqd"" calls 120",2026-08-28T08:25:02.695Z,178790550269500
"""Harry = Fish @ kCN0-Qy2Mz"" bets 120",2026-08-28T08:25:00.944Z,178790550094400
"""jayden = fish @ d-4X_F_SSU"" checks",2026-08-28T08:24:58.432Z,178790549843200
"Flop:  [10♣, 8♠, 9♥]",2026-08-28T08:24:57.221Z,178790549722100
"""Harry = Fish @ kCN0-Qy2Mz"" calls 40",2026-08-28T08:24:56.390Z,178790549639000
"""jayden = fish @ d-4X_F_SSU"" calls 40",2026-08-28T08:24:54.350Z,178790549435000
"""LingWae @ FQN9hzhzP_"" folds",2026-08-28T08:24:52.806Z,178790549280600
"""dick and balls @ gpP9uUffpu"" folds",2026-08-28T08:24:49.399Z,178790548939900
"""Harry @ Q4OMcL0rqd"" raises to 40",2026-08-28T08:24:45.885Z,178790548588500
"""Harry = Fish @ kCN0-Qy2Mz"" posts a big blind of 10",2026-08-28T08:24:42.174Z,178790548217409
"""jayden = fish @ d-4X_F_SSU"" posts a small blind of 5",2026-08-28T08:24:42.174Z,178790548217408
"Player stacks: #1 ""jayden = fish @ d-4X_F_SSU"" (1845) | #2 ""Harry = Fish @ kCN0-Qy2Mz"" (2000) | #3 ""Harry @ Q4OMcL0rqd"" (3123) | #5 ""dick and balls @ gpP9uUffpu"" (5536) | #8 ""LingWae @ FQN9hzhzP_"" (3496)",2026-08-28T08:24:42.174Z,178790548217402
"-- starting hand #150 (id: wifhemmpww7a)  No Limit Texas Hold'em (dealer: ""LingWae @ FQN9hzhzP_"") --",2026-08-28T08:24:42.174Z,178790548217401
"The player ""Harry = Fish @ kCN0-Qy2Mz"" rebought. New stack 2000.",2026-08-28T08:24:42.174Z,178790548217400
"Waiting for the game owner to approve or reject pending rebuy requests.",2026-08-28T08:24:39.369Z,178790547936901
"The player ""Harry = Fish @ kCN0-Qy2Mz"" requested a rebuy of 2000.",2026-08-28T08:24:39.369Z,178790547936900
"Asking to busted players the rebuy decision.",2026-08-28T08:24:32.008Z,178790547200800
"-- ending hand #149 --",2026-08-28T08:24:24.002Z,178790546400202
"""dick and balls @ gpP9uUffpu"" collected 2583 from pot with Two Pair, K's & Q's on the second run  (combination: 10♣, Q♦, Q♥, K♦, K♣)",2026-08-28T08:24:24.002Z,178790546400201
"""dick and balls @ gpP9uUffpu"" collected 2584 from pot with Two Pair, K's & Q's (combination: 10♣, Q♦, Q♥, K♦, K♣)",2026-08-28T08:24:24.002Z,178790546400200
"River (second run): 10♣, 8♥, Q♥, K♣ [9♣]",2026-08-28T08:24:19.880Z,178790545988000
"River: 10♣, 8♥, Q♥, K♣ [4♣]",2026-08-28T08:24:15.870Z,178790545587000
"""Harry = Fish @ kCN0-Qy2Mz"" shows a K♥, A♠.",2026-08-28T08:24:11.866Z,178790545186601
"Uncalled bet of 369 returned to ""dick and balls @ gpP9uUffpu""",2026-08-28T08:24:11.866Z,178790545186600
"""dick and balls @ gpP9uUffpu"" shows a K♦, Q♦.",2026-08-28T08:24:11.486Z,178790545148600
"All players in hand choose to run it twice.",2026-08-28T08:24:11.004Z,178790545100401
"""Harry = Fish @ kCN0-Qy2Mz"" chooses to  run it twice.",2026-08-28T08:24:11.004Z,178790545100400
"""dick and balls @ gpP9uUffpu"" chooses to  run it twice.",2026-08-28T08:24:10.845Z,178790545084500
"Remaining players decide whether to run it twice.",2026-08-28T08:24:09.773Z,178790544977301
"""Harry = Fish @ kCN0-Qy2Mz"" calls 1919 and go all in",2026-08-28T08:24:09.773Z,178790544977300
"""dick and balls @ gpP9uUffpu"" raises to 2288 and go all in",2026-08-28T08:24:04.723Z,178790544472300
"""Harry = Fish @ kCN0-Qy2Mz"" raises to 900",2026-08-28T08:24:01.920Z,178790544192000
"""dick and balls @ gpP9uUffpu"" bets 450",2026-08-28T08:23:53.767Z,178790543376700
"""Harry = Fish @ kCN0-Qy2Mz"" checks",2026-08-28T08:23:38.793Z,178790541879300
"Turn: 10♣, 8♥, Q♥ [K♣]",2026-08-28T08:23:36.569Z,178790541656900
"""Harry = Fish @ kCN0-Qy2Mz"" calls 200",2026-08-28T08:23:35.752Z,178790541575200
"""dick and balls @ gpP9uUffpu"" bets 200",2026-08-28T08:23:24.649Z,178790540464900
"""Harry = Fish @ kCN0-Qy2Mz"" checks",2026-08-28T08:23:17.805Z,178790539780500
"Flop:  [10♣, 8♥, Q♥]",2026-08-28T08:23:14.999Z,178790539499900
"""dick and balls @ gpP9uUffpu"" calls 457",2026-08-28T08:23:14.197Z,178790539419700
"""Harry = Fish @ kCN0-Qy2Mz"" raises to 457",2026-08-28T08:23:12.680Z,178790539268000
"""jayden = fish @ d-4X_F_SSU"" folds",2026-08-28T08:23:08.077Z,178790538807700
"""LingWae @ FQN9hzhzP_"" folds",2026-08-28T08:23:07.101Z,178790538710100
"""dick and balls @ gpP9uUffpu"" raises to 225",2026-08-28T08:23:06.114Z,178790538611400
"""Harry @ Q4OMcL0rqd"" folds",2026-08-28T08:23:03.054Z,178790538305400
"""Harry = Fish @ kCN0-Qy2Mz"" raises to 75",2026-08-28T08:23:00.892Z,178790538089200
"""jayden = fish @ d-4X_F_SSU"" posts a big blind of 10",2026-08-28T08:22:55.346Z,178790537534608
"""LingWae @ FQN9hzhzP_"" posts a small blind of 5",2026-08-28T08:22:55.346Z,178790537534607
"Your hand is K♦, Q♦",2026-08-28T08:22:55.346Z,178790537534605
"Player stacks: #1 ""jayden = fish @ d-4X_F_SSU"" (1855) | #2 ""Harry = Fish @ kCN0-Qy2Mz"" (2576) | #3 ""Harry @ Q4OMcL0rqd"" (3123) | #5 ""dick and balls @ gpP9uUffpu"" (2945) | #8 ""LingWae @ FQN9hzhzP_"" (3501)",2026-08-28T08:22:55.346Z,178790537534601
"-- starting hand #149 (id: yz1mcdlqecl4)  No Limit Texas Hold'em (dealer: ""dick and balls @ gpP9uUffpu"") --",2026-08-28T08:22:55.346Z,178790537534600
"""LingWae @ FQN9hzhzP_"" shows a 9♠.",2026-08-28T08:22:52.788Z,178790537278800
"-- ending hand #148 --",2026-08-28T08:22:51.713Z,178790537171302
"""Harry = Fish @ kCN0-Qy2Mz"" collected 717 from pot",2026-08-28T08:22:51.713Z,178790537171301
"Uncalled bet of 537 returned to ""Harry = Fish @ kCN0-Qy2Mz""",2026-08-28T08:22:51.713Z,178790537171300
"""jayden = fish @ d-4X_F_SSU"" folds",2026-08-28T08:22:50.824Z,178790537082400
"""Harry @ Q4OMcL0rqd"" folds",2026-08-28T08:22:49.819Z,178790536981900
"""Harry = Fish @ kCN0-Qy2Mz"" bets 537",2026-08-28T08:22:25.526Z,178790534552600
"""jayden = fish @ d-4X_F_SSU"" checks",2026-08-28T08:22:19.749Z,178790533974900
"River: 6♥, J♣, 9♦, J♦ [A♣]",2026-08-28T08:22:18.247Z,178790533824700
"""Harry @ Q4OMcL0rqd"" checks",2026-08-28T08:22:17.409Z,178790533740900
"""Harry = Fish @ kCN0-Qy2Mz"" checks",2026-08-28T08:22:16.062Z,178790533606200
"""jayden = fish @ d-4X_F_SSU"" checks",2026-08-28T08:22:09.484Z,178790532948400
"Turn: 6♥, J♣, 9♦ [J♦]",2026-08-28T08:22:07.777Z,178790532777700
"""jayden = fish @ d-4X_F_SSU"" calls 172",2026-08-28T08:22:06.944Z,178790532694400
"""LingWae @ FQN9hzhzP_"" folds",2026-08-28T08:22:05.913Z,178790532591300
"""Harry @ Q4OMcL0rqd"" calls 172",2026-08-28T08:21:55.548Z,178790531554800
"""Harry = Fish @ kCN0-Qy2Mz"" raises to 172",2026-08-28T08:21:52.023Z,178790531202300
"""jayden = fish @ d-4X_F_SSU"" calls 36",2026-08-28T08:21:46.441Z,178790530644100
"""LingWae @ FQN9hzhzP_"" bets 36",2026-08-28T08:21:10.307Z,178790527030700
"Flop:  [6♥, J♣, 9♦]",2026-08-28T08:21:03.788Z,178790526378800
"""LingWae @ FQN9hzhzP_"" calls 40",2026-08-28T08:21:02.970Z,178790526297000
"""dick and balls @ gpP9uUffpu"" folds",2026-08-28T08:20:59.400Z,178790525940000
"""Harry @ Q4OMcL0rqd"" calls 40",2026-08-28T08:20:58.412Z,178790525841200
"""Harry = Fish @ kCN0-Qy2Mz"" calls 40",2026-08-28T08:20:56.638Z,178790525663800
"""jayden = fish @ d-4X_F_SSU"" raises to 40",2026-08-28T08:20:54.681Z,178790525468100
"""LingWae @ FQN9hzhzP_"" posts a big blind of 10",2026-08-28T08:20:52.656Z,178790525265608
"""dick and balls @ gpP9uUffpu"" posts a small blind of 5",2026-08-28T08:20:52.656Z,178790525265607
"Player stacks: #1 ""jayden = fish @ d-4X_F_SSU"" (2067) | #2 ""Harry = Fish @ kCN0-Qy2Mz"" (2071) | #3 ""Harry @ Q4OMcL0rqd"" (3335) | #5 ""dick and balls @ gpP9uUffpu"" (2950) | #8 ""LingWae @ FQN9hzhzP_"" (3577)",2026-08-28T08:20:52.656Z,178790525265601
"-- starting hand #148 (id: bxkmctkn6ysu)  No Limit Texas Hold'em (dealer: ""Harry @ Q4OMcL0rqd"") --",2026-08-28T08:20:52.656Z,178790525265600
"""jayden = fish @ d-4X_F_SSU"" shows a 10♠, K♣.",2026-08-28T08:20:49.801Z,178790524980100
"-- ending hand #147 --",2026-08-28T08:20:46.098Z,178790524609802
"""dick and balls @ gpP9uUffpu"" collected 989 from pot with Pair, K's (combination: 7♥, 8♥, J♥, K♥, K♦)",2026-08-28T08:20:46.098Z,178790524609801
"""dick and balls @ gpP9uUffpu"" shows a J♥, K♥.",2026-08-28T08:20:46.098Z,178790524609800
"""jayden = fish @ d-4X_F_SSU"" calls 247",2026-08-28T08:20:45.290Z,178790524529000
"""dick and balls @ gpP9uUffpu"" bets 247",2026-08-28T08:20:44.338Z,178790524433800
"River: 4♦, 3♣, 8♥, K♦ [7♥]",2026-08-28T08:20:41.163Z,178790524116300
"""jayden = fish @ d-4X_F_SSU"" calls 150",2026-08-28T08:20:40.302Z,178790524030200
"""dick and balls @ gpP9uUffpu"" raises to 150",2026-08-28T08:20:38.067Z,178790523806700
"""jayden = fish @ d-4X_F_SSU"" bets 50",2026-08-28T08:20:31.524Z,178790523152400
"""dick and balls @ gpP9uUffpu"" checks",2026-08-28T08:20:29.023Z,178790522902300
"Turn: 4♦, 3♣, 8♥ [K♦]",2026-08-28T08:20:27.037Z,178790522703700
"""jayden = fish @ d-4X_F_SSU"" checks",2026-08-28T08:20:26.208Z,178790522620800
"""dick and balls @ gpP9uUffpu"" checks",2026-08-28T08:20:08.428Z,178790520842800
"Flop:  [4♦, 3♣, 8♥]",2026-08-28T08:20:07.065Z,178790520706500
"""jayden = fish @ d-4X_F_SSU"" calls 90",2026-08-28T08:20:06.174Z,178790520617400
"""LingWae @ FQN9hzhzP_"" folds",2026-08-28T08:20:05.214Z,178790520521400
"""dick and balls @ gpP9uUffpu"" raises to 90",2026-08-28T08:20:00.487Z,178790520048700
"""Harry @ Q4OMcL0rqd"" folds",2026-08-28T08:19:57.697Z,178790519769700
"""Harry = Fish @ kCN0-Qy2Mz"" folds",2026-08-28T08:19:44.255Z,178790518425500
"""jayden = fish @ d-4X_F_SSU"" raises to 30",2026-08-28T08:19:42.621Z,178790518262100
"""LingWae @ FQN9hzhzP_"" calls 10",2026-08-28T08:19:39.799Z,178790517979900
"""dick and balls @ gpP9uUffpu"" posts a big blind of 10",2026-08-28T08:19:25.773Z,178790516577308
"""Harry @ Q4OMcL0rqd"" posts a small blind of 5",2026-08-28T08:19:25.773Z,178790516577307
"Your hand is J♥, K♥",2026-08-28T08:19:25.773Z,178790516577305
"Player stacks: #1 ""jayden = fish @ d-4X_F_SSU"" (2554) | #2 ""Harry = Fish @ kCN0-Qy2Mz"" (2071) | #3 ""Harry @ Q4OMcL0rqd"" (3340) | #5 ""dick and balls @ gpP9uUffpu"" (2448) | #8 ""LingWae @ FQN9hzhzP_"" (3587)",2026-08-28T08:19:25.773Z,178790516577301
"-- starting hand #147 (id: 7rou566yxwkr)  No Limit Texas Hold'em (dealer: ""Harry = Fish @ kCN0-Qy2Mz"") --",2026-08-28T08:19:25.773Z,178790516577300
"Undealt cards: 4♦, 6♣, 9♠ [Q♦, 10♥]",2026-08-28T08:19:20.053Z,178790516005300
"-- ending hand #146 --",2026-08-28T08:19:19.765Z,178790515976502
"""dick and balls @ gpP9uUffpu"" collected 1678 from pot",2026-08-28T08:19:19.765Z,178790515976501
"Uncalled bet of 770 returned to ""dick and balls @ gpP9uUffpu""",2026-08-28T08:19:19.765Z,178790515976500
"""jayden = fish @ d-4X_F_SSU"" folds",2026-08-28T08:19:18.870Z,178790515887000
"""dick and balls @ gpP9uUffpu"" bets 770 and go all in",2026-08-28T08:19:05.147Z,178790514514700
"Flop:  [4♦, 6♣, 9♠]",2026-08-28T08:19:03.162Z,178790514316200
"""LingWae @ FQN9hzhzP_"" folds",2026-08-28T08:19:02.240Z,178790514224000
"""dick and balls @ gpP9uUffpu"" calls 600",2026-08-28T08:19:00.677Z,178790514067700
"""Harry @ Q4OMcL0rqd"" folds",2026-08-28T08:18:55.783Z,178790513578300
"""Harry = Fish @ kCN0-Qy2Mz"" folds",2026-08-28T08:18:54.664Z,178790513466400
"""jayden = fish @ d-4X_F_SSU"" raises to 600",2026-08-28T08:18:49.624Z,178790512962400
"""LingWae @ FQN9hzhzP_"" calls 224",2026-08-28T08:18:45.518Z,178790512551800
"""dick and balls @ gpP9uUffpu"" raises to 224",2026-08-28T08:18:42.247Z,178790512224700
"""Harry @ Q4OMcL0rqd"" calls 127",2026-08-28T08:18:40.678Z,178790512067800
"""Harry = Fish @ kCN0-Qy2Mz"" raises to 127",2026-08-28T08:18:38.595Z,178790511859500
"""jayden = fish @ d-4X_F_SSU"" calls 30",2026-08-28T08:18:33.957Z,178790511395700
"""LingWae @ FQN9hzhzP_"" calls 30",2026-08-28T08:18:30.058Z,178790511005800
"""dick and balls @ gpP9uUffpu"" raises to 30",2026-08-28T08:18:28.096Z,178790510809600
"""Harry @ Q4OMcL0rqd"" posts a big blind of 10",2026-08-28T08:18:26.703Z,178790510670308
"""Harry = Fish @ kCN0-Qy2Mz"" posts a small blind of 5",2026-08-28T08:18:26.703Z,178790510670307
"Player stacks: #1 ""jayden = fish @ d-4X_F_SSU"" (3154) | #2 ""Harry = Fish @ kCN0-Qy2Mz"" (2198) | #3 ""Harry @ Q4OMcL0rqd"" (3467) | #5 ""dick and balls @ gpP9uUffpu"" (1370) | #8 ""LingWae @ FQN9hzhzP_"" (3811)",2026-08-28T08:18:26.703Z,178790510670301
"-- starting hand #146 (id: s36bh8vtfnmt)  No Limit Texas Hold'em (dealer: ""jayden = fish @ d-4X_F_SSU"") --",2026-08-28T08:18:26.703Z,178790510670300
"""Harry @ Q4OMcL0rqd"" shows a 4♠.",2026-08-28T08:18:22.681Z,178790510268100
"Undealt cards: 9♥, K♠, Q♠, K♣ [J♦]",2026-08-28T08:18:21.489Z,178790510148900
"""LingWae @ FQN9hzhzP_"" shows a K♥.",2026-08-28T08:18:20.060Z,178790510006000
"-- ending hand #145 --",2026-08-28T08:18:19.372Z,178790509937202
"""LingWae @ FQN9hzhzP_"" collected 701 from pot",2026-08-28T08:18:19.372Z,178790509937201
"Uncalled bet of 3110 returned to ""LingWae @ FQN9hzhzP_""",2026-08-28T08:18:19.372Z,178790509937200
"""Harry @ Q4OMcL0rqd"" folds",2026-08-28T08:18:18.538Z,178790509853800
"""Harry = Fish @ kCN0-Qy2Mz"" folds",2026-08-28T08:18:17.440Z,178790509744000
"""LingWae @ FQN9hzhzP_"" bets 3110 and go all in",2026-08-28T08:18:16.435Z,178790509643500
"""Harry @ Q4OMcL0rqd"" checks",2026-08-28T08:18:14.378Z,178790509437800
"""Harry = Fish @ kCN0-Qy2Mz"" checks",2026-08-28T08:18:10.679Z,178790509067900
"Turn: 9♥, K♠, Q♠ [K♣]",2026-08-28T08:18:08.693Z,178790508869300
"""Harry @ Q4OMcL0rqd"" calls 167",2026-08-28T08:18:07.875Z,178790508787500
"""Harry = Fish @ kCN0-Qy2Mz"" calls 167",2026-08-28T08:18:06.507Z,178790508650700
"""jayden = fish @ d-4X_F_SSU"" folds",2026-08-28T08:18:04.960Z,178790508496000
"""LingWae @ FQN9hzhzP_"" raises to 167",2026-08-28T08:18:03.313Z,178790508331300
"""dick and balls @ gpP9uUffpu"" folds",2026-08-28T08:18:00.939Z,178790508093900
"""Harry @ Q4OMcL0rqd"" bets 50",2026-08-28T08:17:59.850Z,178790507985000
"""Harry = Fish @ kCN0-Qy2Mz"" checks",2026-08-28T08:17:57.448Z,178790507744800
"""jayden = fish @ d-4X_F_SSU"" checks",2026-08-28T08:17:49.627Z,178790506962700
"Flop:  [9♥, K♠, Q♠]",2026-08-28T08:17:47.878Z,178790506787800
"""Harry = Fish @ kCN0-Qy2Mz"" calls 40",2026-08-28T08:17:47.029Z,178790506702900
"""jayden = fish @ d-4X_F_SSU"" calls 40",2026-08-28T08:17:45.713Z,178790506571300
"""LingWae @ FQN9hzhzP_"" calls 40",2026-08-28T08:17:44.713Z,178790506471300
"""dick and balls @ gpP9uUffpu"" calls 40",2026-08-28T08:17:42.377Z,178790506237700
"""Harry @ Q4OMcL0rqd"" raises to 40",2026-08-28T08:17:38.912Z,178790505891200
"""Harry = Fish @ kCN0-Qy2Mz"" posts a big blind of 10",2026-08-28T08:17:34.934Z,178790505493408
"""jayden = fish @ d-4X_F_SSU"" posts a small blind of 5",2026-08-28T08:17:34.934Z,178790505493407
"Player stacks: #1 ""jayden = fish @ d-4X_F_SSU"" (3194) | #2 ""Harry = Fish @ kCN0-Qy2Mz"" (2405) | #3 ""Harry @ Q4OMcL0rqd"" (3674) | #5 ""dick and balls @ gpP9uUffpu"" (1410) | #8 ""LingWae @ FQN9hzhzP_"" (3317)",2026-08-28T08:17:34.934Z,178790505493401
"-- starting hand #145 (id: tn2qehpkf6q0)  No Limit Texas Hold'em (dealer: ""LingWae @ FQN9hzhzP_"") --",2026-08-28T08:17:34.934Z,178790505493400
"""Harry = Fish @ kCN0-Qy2Mz"" shows a 7♦.",2026-08-28T08:17:32.521Z,178790505252100
"""Harry = Fish @ kCN0-Qy2Mz"" shows a 3♣.",2026-08-28T08:17:29.859Z,178790504985900
"-- ending hand #144 --",2026-08-28T08:17:28.392Z,178790504839202
"""LingWae @ FQN9hzhzP_"" collected 1435 from pot with Two Pair, J's & 3's (combination: K♠, 3♥, 3♠, J♣, J♠)",2026-08-28T08:17:28.392Z,178790504839201
"""LingWae @ FQN9hzhzP_"" shows a J♣, K♠.",2026-08-28T08:17:28.392Z,178790504839200
"""jayden = fish @ d-4X_F_SSU"" checks",2026-08-28T08:17:27.541Z,178790504754100
"""LingWae @ FQN9hzhzP_"" checks",2026-08-28T08:17:23.559Z,178790504355900
"River: 9♣, 3♥, 3♠, J♠ [6♣]",2026-08-28T08:17:21.062Z,178790504106200
"""Harry @ Q4OMcL0rqd"" folds",2026-08-28T08:17:20.245Z,178790504024500
"""jayden = fish @ d-4X_F_SSU"" calls 367",2026-08-28T08:17:19.020Z,178790503902000
"""LingWae @ FQN9hzhzP_"" bets 367",2026-08-28T08:17:16.960Z,178790503696000
"Turn: 9♣, 3♥, 3♠ [J♠]",2026-08-28T08:17:07.178Z,178790502717800
"""dick and balls @ gpP9uUffpu"" folds",2026-08-28T08:17:06.320Z,178790502632000
"""Harry @ Q4OMcL0rqd"" calls 167",2026-08-28T08:17:05.390Z,178790502539000
"""jayden = fish @ d-4X_F_SSU"" calls 167",2026-08-28T08:17:02.232Z,178790502223200
"""LingWae @ FQN9hzhzP_"" raises to 167",2026-08-28T08:17:00.950Z,178790502095000
"""dick and balls @ gpP9uUffpu"" calls 40",2026-08-28T08:16:55.532Z,178790501553200
"""Harry @ Q4OMcL0rqd"" calls 40",2026-08-28T08:16:54.607Z,178790501460700
"""jayden = fish @ d-4X_F_SSU"" bets 40",2026-08-28T08:16:53.344Z,178790501334400
"""LingWae @ FQN9hzhzP_"" checks",2026-08-28T08:16:51.184Z,178790501118400
"Flop:  [9♣, 3♥, 3♠]",2026-08-28T08:16:45.312Z,178790500531200
"""jayden = fish @ d-4X_F_SSU"" calls 40",2026-08-28T08:16:44.440Z,178790500444000
"""LingWae @ FQN9hzhzP_"" calls 40",2026-08-28T08:16:43.024Z,178790500302400
"""dick and balls @ gpP9uUffpu"" calls 40",2026-08-28T08:16:39.923Z,178790499992300
"""Harry @ Q4OMcL0rqd"" raises to 40",2026-08-28T08:16:37.827Z,178790499782700
"""Harry = Fish @ kCN0-Qy2Mz"" folds",2026-08-28T08:16:34.331Z,178790499433100
"""jayden = fish @ d-4X_F_SSU"" posts a big blind of 10",2026-08-28T08:16:27.128Z,178790498712808
"""LingWae @ FQN9hzhzP_"" posts a small blind of 5",2026-08-28T08:16:27.128Z,178790498712807
"Player stacks: #1 ""jayden = fish @ d-4X_F_SSU"" (3768) | #2 ""Harry = Fish @ kCN0-Qy2Mz"" (2405) | #3 ""Harry @ Q4OMcL0rqd"" (3881) | #5 ""dick and balls @ gpP9uUffpu"" (1490) | #8 ""LingWae @ FQN9hzhzP_"" (2456)",2026-08-28T08:16:27.128Z,178790498712801
"-- starting hand #144 (id: 4q7d9wf21jht)  No Limit Texas Hold'em (dealer: ""dick and balls @ gpP9uUffpu"") --",2026-08-28T08:16:27.128Z,178790498712800
"""Harry @ Q4OMcL0rqd"" shows a 4♦.",2026-08-28T08:16:24.791Z,178790498479100
"-- ending hand #143 --",2026-08-28T08:16:23.498Z,178790498349802
"""Harry @ Q4OMcL0rqd"" collected 150 from pot",2026-08-28T08:16:23.498Z,178790498349801
"Uncalled bet of 100 returned to ""Harry @ Q4OMcL0rqd""",2026-08-28T08:16:23.498Z,178790498349800
"""dick and balls @ gpP9uUffpu"" folds",2026-08-28T08:16:22.670Z,178790498267000
"""Harry @ Q4OMcL0rqd"" raises to 150",2026-08-28T08:16:03.427Z,178790496342700
"""Harry = Fish @ kCN0-Qy2Mz"" folds",2026-08-28T08:16:00.548Z,178790496054800
"""jayden = fish @ d-4X_F_SSU"" folds",2026-08-28T08:15:59.390Z,178790495939000
"""LingWae @ FQN9hzhzP_"" folds",2026-08-28T08:15:58.469Z,178790495846900
"""dick and balls @ gpP9uUffpu"" bets 50",2026-08-28T08:15:55.780Z,178790495578000
"River: 9♦, A♣, 9♥, 2♦ [Q♣]",2026-08-28T08:15:51.562Z,178790495156200
"""Harry @ Q4OMcL0rqd"" checks",2026-08-28T08:15:50.699Z,178790495069900
"""Harry = Fish @ kCN0-Qy2Mz"" checks",2026-08-28T08:15:48.749Z,178790494874900
"""jayden = fish @ d-4X_F_SSU"" checks",2026-08-28T08:15:46.883Z,178790494688300
"""LingWae @ FQN9hzhzP_"" checks",2026-08-28T08:15:45.567Z,178790494556700
"""dick and balls @ gpP9uUffpu"" checks",2026-08-28T08:15:43.796Z,178790494379600
"Turn: 9♦, A♣, 9♥ [2♦]",2026-08-28T08:15:42.680Z,178790494268000
"""Harry @ Q4OMcL0rqd"" checks",2026-08-28T08:15:41.878Z,178790494187800
"""Harry = Fish @ kCN0-Qy2Mz"" checks",2026-08-28T08:15:40.062Z,178790494006200
"""jayden = fish @ d-4X_F_SSU"" checks",2026-08-28T08:15:30.499Z,178790493049900
"""LingWae @ FQN9hzhzP_"" checks",2026-08-28T08:15:29.559Z,178790492955900
"""dick and balls @ gpP9uUffpu"" checks",2026-08-28T08:15:27.471Z,178790492747100
"Flop:  [9♦, A♣, 9♥]",2026-08-28T08:15:25.783Z,178790492578300
"""LingWae @ FQN9hzhzP_"" checks",2026-08-28T08:15:24.945Z,178790492494500
"""dick and balls @ gpP9uUffpu"" calls 10",2026-08-28T08:15:18.028Z,178790491802800
"""Harry @ Q4OMcL0rqd"" calls 10",2026-08-28T08:15:17.061Z,178790491706100
"""Harry = Fish @ kCN0-Qy2Mz"" calls 10",2026-08-28T08:15:13.637Z,178790491363700
"""jayden = fish @ d-4X_F_SSU"" calls 10",2026-08-28T08:15:06.344Z,178790490634400
"""LingWae @ FQN9hzhzP_"" posts a big blind of 10",2026-08-28T08:15:03.077Z,178790490307708
"""dick and balls @ gpP9uUffpu"" posts a small blind of 5",2026-08-28T08:15:03.077Z,178790490307707
"Player stacks: #1 ""jayden = fish @ d-4X_F_SSU"" (3778) | #2 ""Harry = Fish @ kCN0-Qy2Mz"" (2415) | #3 ""Harry @ Q4OMcL0rqd"" (3791) | #5 ""dick and balls @ gpP9uUffpu"" (1550) | #8 ""LingWae @ FQN9hzhzP_"" (2466)",2026-08-28T08:15:03.077Z,178790490307701
"-- starting hand #143 (id: 7gr5flzcyjxw)  No Limit Texas Hold'em (dealer: ""Harry @ Q4OMcL0rqd"") --",2026-08-28T08:15:03.077Z,178790490307700
"-- ending hand #142 --",2026-08-28T08:14:56.995Z,178790489699501
"""Harry @ Q4OMcL0rqd"" collected 3791 from pot with Flush, Q High (combination: 4♥, 6♥, 7♥, 10♥, Q♥)",2026-08-28T08:14:56.995Z,178790489699500
"River: 7♥, 5♦, 6♥, 7♦ [10♥]",2026-08-28T08:14:52.989Z,178790489298900
"Turn: 7♥, 5♦, 6♥ [7♦]",2026-08-28T08:14:48.985Z,178790488898500
"""Harry @ Q4OMcL0rqd"" shows a 4♥, Q♥.",2026-08-28T08:14:44.979Z,178790488497901
"""Harry = Fish @ kCN0-Qy2Mz"" shows a 5♥, 8♥.",2026-08-28T08:14:44.979Z,178790488497900
"Some players choose to not run it twice.",2026-08-28T08:14:44.060Z,178790488406001
"""Harry @ Q4OMcL0rqd"" chooses to not run it twice.",2026-08-28T08:14:44.060Z,178790488406000
"""Harry = Fish @ kCN0-Qy2Mz"" chooses to  run it twice.",2026-08-28T08:14:42.026Z,178790488202600
"Remaining players decide whether to run it twice.",2026-08-28T08:14:41.083Z,178790488108301
"""Harry = Fish @ kCN0-Qy2Mz"" calls 1672",2026-08-28T08:14:41.083Z,178790488108300
"""LingWae @ FQN9hzhzP_"" folds",2026-08-28T08:14:29.101Z,178790486910100
"""Harry @ Q4OMcL0rqd"" raises to 1672 and go all in",2026-08-28T08:14:08.367Z,178790484836700
"""Harry = Fish @ kCN0-Qy2Mz"" raises to 669",2026-08-28T08:14:04.969Z,178790484496900
"""LingWae @ FQN9hzhzP_"" raises to 267",2026-08-28T08:13:55.059Z,178790483505900
"""dick and balls @ gpP9uUffpu"" folds",2026-08-28T08:13:49.357Z,178790482935700
"""Harry @ Q4OMcL0rqd"" bets 90",2026-08-28T08:13:47.604Z,178790482760400
"Flop:  [7♥, 5♦, 6♥]",2026-08-28T08:13:42.721Z,178790482272100
"""LingWae @ FQN9hzhzP_"" calls 45",2026-08-28T08:13:41.898Z,178790482189800
"""dick and balls @ gpP9uUffpu"" calls 45",2026-08-28T08:13:39.656Z,178790481965600
"""Harry @ Q4OMcL0rqd"" calls 45",2026-08-28T08:13:38.722Z,178790481872200
"""Harry = Fish @ kCN0-Qy2Mz"" raises to 45",2026-08-28T08:13:37.453Z,178790481745300
"""jayden = fish @ d-4X_F_SSU"" folds",2026-08-28T08:13:35.063Z,178790481506300
"""LingWae @ FQN9hzhzP_"" calls 10",2026-08-28T08:13:34.139Z,178790481413900
"""dick and balls @ gpP9uUffpu"" posts a big blind of 10",2026-08-28T08:13:28.456Z,178790480845608
"""Harry @ Q4OMcL0rqd"" posts a small blind of 5",2026-08-28T08:13:28.456Z,178790480845607
"Player stacks: #1 ""jayden = fish @ d-4X_F_SSU"" (3778) | #2 ""Harry = Fish @ kCN0-Qy2Mz"" (4132) | #3 ""Harry @ Q4OMcL0rqd"" (1717) | #5 ""dick and balls @ gpP9uUffpu"" (1595) | #8 ""LingWae @ FQN9hzhzP_"" (2778)",2026-08-28T08:13:28.456Z,178790480845601
"-- starting hand #142 (id: 739xx1ge2jov)  No Limit Texas Hold'em (dealer: ""Harry = Fish @ kCN0-Qy2Mz"") --",2026-08-28T08:13:28.456Z,178790480845600
"Undealt cards: 6♠, 8♠, K♥, 8♦ [J♣]",2026-08-28T08:13:23.810Z,178790480381000
"-- ending hand #141 --",2026-08-28T08:13:22.545Z,178790480254502
"""Harry @ Q4OMcL0rqd"" collected 1214 from pot",2026-08-28T08:13:22.545Z,178790480254501
"Uncalled bet of 503 returned to ""Harry @ Q4OMcL0rqd""",2026-08-28T08:13:22.545Z,178790480254500
"""LingWae @ FQN9hzhzP_"" folds",2026-08-28T08:13:21.718Z,178790480171800
"""Harry @ Q4OMcL0rqd"" bets 503 and go all in",2026-08-28T08:13:19.277Z,178790479927700
"Turn: 6♠, 8♠, K♥ [8♦]",2026-08-28T08:13:14.943Z,178790479494300
"""Harry @ Q4OMcL0rqd"" calls 367",2026-08-28T08:13:14.134Z,178790479413400
"""Harry = Fish @ kCN0-Qy2Mz"" folds",2026-08-28T08:13:09.424Z,178790478942400
"""LingWae @ FQN9hzhzP_"" raises to 367",2026-08-28T08:13:07.397Z,178790478739700
"""dick and balls @ gpP9uUffpu"" folds",2026-08-28T08:12:57.477Z,178790477747700
"""Harry @ Q4OMcL0rqd"" bets 120",2026-08-28T08:12:55.573Z,178790477557300
"""Harry = Fish @ kCN0-Qy2Mz"" checks",2026-08-28T08:12:52.635Z,178790477263500
"Flop:  [6♠, 8♠, K♥]",2026-08-28T08:12:48.206Z,178790476820600
"""Harry = Fish @ kCN0-Qy2Mz"" calls 120",2026-08-28T08:12:47.357Z,178790476735700
"""LingWae @ FQN9hzhzP_"" calls 120",2026-08-28T08:12:45.026Z,178790476502600
"""dick and balls @ gpP9uUffpu"" calls 120",2026-08-28T08:12:38.669Z,178790475866900
"""Harry @ Q4OMcL0rqd"" raises to 120",2026-08-28T08:12:36.011Z,178790475601100
"""Harry = Fish @ kCN0-Qy2Mz"" calls 40",2026-08-28T08:12:30.464Z,178790475046400
"""jayden = fish @ d-4X_F_SSU"" folds",2026-08-28T08:12:27.659Z,178790474765900
"""LingWae @ FQN9hzhzP_"" calls 40",2026-08-28T08:12:24.783Z,178790474478300
"""dick and balls @ gpP9uUffpu"" raises to 40",2026-08-28T08:12:18.820Z,178790473882000
"""Harry @ Q4OMcL0rqd"" posts a big blind of 10",2026-08-28T08:12:16.860Z,178790473686008
"""Harry = Fish @ kCN0-Qy2Mz"" posts a small blind of 5",2026-08-28T08:12:16.860Z,178790473686007
"Player stacks: #1 ""jayden = fish @ d-4X_F_SSU"" (3778) | #2 ""Harry = Fish @ kCN0-Qy2Mz"" (4252) | #3 ""Harry @ Q4OMcL0rqd"" (990) | #5 ""dick and balls @ gpP9uUffpu"" (1715) | #8 ""LingWae @ FQN9hzhzP_"" (3265)",2026-08-28T08:12:16.860Z,178790473686001
"-- starting hand #141 (id: v1up7lhudpus)  No Limit Texas Hold'em (dealer: ""jayden = fish @ d-4X_F_SSU"") --",2026-08-28T08:12:16.860Z,178790473686000
"-- ending hand #140 --",2026-08-28T08:12:10.851Z,178790473085102
"""LingWae @ FQN9hzhzP_"" collected 689 from pot with Pair, K's (combination: 9♦, 10♣, A♥, K♠, K♥)",2026-08-28T08:12:10.851Z,178790473085101
"""LingWae @ FQN9hzhzP_"" shows a A♥, K♠.",2026-08-28T08:12:10.851Z,178790473085100
"""jayden = fish @ d-4X_F_SSU"" calls 167",2026-08-28T08:12:10.021Z,178790473002100
"""LingWae @ FQN9hzhzP_"" bets 167",2026-08-28T08:12:03.608Z,178790472360800
"""jayden = fish @ d-4X_F_SSU"" checks",2026-08-28T08:12:01.303Z,178790472130300
"River: 5♠, 6♦, 10♣, 9♦ [K♥]",2026-08-28T08:12:00.364Z,178790472036400
"""dick and balls @ gpP9uUffpu"" folds",2026-08-28T08:11:59.515Z,178790471951500
"""jayden = fish @ d-4X_F_SSU"" calls 67",2026-08-28T08:11:57.155Z,178790471715500
"""LingWae @ FQN9hzhzP_"" bets 67",2026-08-28T08:11:55.732Z,178790471573200
"""dick and balls @ gpP9uUffpu"" checks",2026-08-28T08:11:53.592Z,178790471359200
"""jayden = fish @ d-4X_F_SSU"" checks",2026-08-28T08:11:52.610Z,178790471261000
"Turn: 5♠, 6♦, 10♣ [9♦]",2026-08-28T08:11:51.092Z,178790471109200
"""LingWae @ FQN9hzhzP_"" checks",2026-08-28T08:11:50.246Z,178790471024600
"""dick and balls @ gpP9uUffpu"" checks",2026-08-28T08:11:49.079Z,178790470907900
"""jayden = fish @ d-4X_F_SSU"" checks",2026-08-28T08:11:48.150Z,178790470815000
"Flop:  [5♠, 6♦, 10♣]",2026-08-28T08:11:45.597Z,178790470559700
"""dick and balls @ gpP9uUffpu"" calls 67",2026-08-28T08:11:44.786Z,178790470478600
"""Harry @ Q4OMcL0rqd"" folds",2026-08-28T08:11:43.846Z,178790470384600
"""Harry = Fish @ kCN0-Qy2Mz"" folds",2026-08-28T08:11:42.574Z,178790470257400
"""jayden = fish @ d-4X_F_SSU"" calls 67",2026-08-28T08:11:41.642Z,178790470164200
"""LingWae @ FQN9hzhzP_"" raises to 67",2026-08-28T08:11:39.352Z,178790469935200
"""dick and balls @ gpP9uUffpu"" raises to 30",2026-08-28T08:11:32.183Z,178790469218300
"""Harry @ Q4OMcL0rqd"" calls 10",2026-08-28T08:11:29.241Z,178790468924100
"""Harry = Fish @ kCN0-Qy2Mz"" posts a big blind of 10",2026-08-28T08:11:27.578Z,178790468757809
"""jayden = fish @ d-4X_F_SSU"" posts a small blind of 5",2026-08-28T08:11:27.578Z,178790468757808
"Player stacks: #1 ""jayden = fish @ d-4X_F_SSU"" (4079) | #2 ""Harry = Fish @ kCN0-Qy2Mz"" (4262) | #3 ""Harry @ Q4OMcL0rqd"" (1000) | #5 ""dick and balls @ gpP9uUffpu"" (1782) | #8 ""LingWae @ FQN9hzhzP_"" (2877)",2026-08-28T08:11:27.578Z,178790468757802
"-- starting hand #140 (id: ncwizezw92qu)  No Limit Texas Hold'em (dealer: ""LingWae @ FQN9hzhzP_"") --",2026-08-28T08:11:27.578Z,178790468757801
"The player ""Harry @ Q4OMcL0rqd"" joined the game with a stack of 1000.",2026-08-28T08:11:27.578Z,178790468757800
"""LingWae @ FQN9hzhzP_"" shows a K♠, J♠.",2026-08-28T08:11:23.380Z,178790468338000
"""dick and balls @ gpP9uUffpu"" shows a A♣.",2026-08-28T08:11:22.367Z,178790468236700
"Undealt cards: J♥, 6♥, K♥ [10♣, Q♠]",2026-08-28T08:11:20.433Z,178790468043300
"-- ending hand #139 --",2026-08-28T08:11:20.266Z,178790468026602
"""LingWae @ FQN9hzhzP_"" collected 344 from pot",2026-08-28T08:11:20.266Z,178790468026601
"Uncalled bet of 167 returned to ""LingWae @ FQN9hzhzP_""",2026-08-28T08:11:20.266Z,178790468026600
"""dick and balls @ gpP9uUffpu"" folds",2026-08-28T08:11:19.365Z,178790467936500
"""LingWae @ FQN9hzhzP_"" bets 167",2026-08-28T08:11:16.611Z,178790467661100
"Flop:  [J♥, 6♥, K♥]",2026-08-28T08:11:09.685Z,178790466968500
"""dick and balls @ gpP9uUffpu"" calls 167",2026-08-28T08:11:08.857Z,178790466885700
"""jayden = fish @ d-4X_F_SSU"" folds",2026-08-28T08:11:07.519Z,178790466751900
"""LingWae @ FQN9hzhzP_"" raises to 167",2026-08-28T08:11:05.907Z,178790466590700
"""dick and balls @ gpP9uUffpu"" raises to 40",2026-08-28T08:11:03.490Z,178790466349000
"""Harry = Fish @ kCN0-Qy2Mz"" folds",2026-08-28T08:11:01.420Z,178790466142000
"The admin approved the player ""Harry @ Q4OMcL0rqd"" participation with a stack of 1000.",2026-08-28T08:11:00.480Z,178790466048000
"""jayden = fish @ d-4X_F_SSU"" posts a big blind of 10",2026-08-28T08:10:59.874Z,178790465987407
"""LingWae @ FQN9hzhzP_"" posts a small blind of 5",2026-08-28T08:10:59.874Z,178790465987406
"Player stacks: #1 ""jayden = fish @ d-4X_F_SSU"" (4089) | #2 ""Harry = Fish @ kCN0-Qy2Mz"" (4262) | #5 ""dick and balls @ gpP9uUffpu"" (1949) | #8 ""LingWae @ FQN9hzhzP_"" (2700)",2026-08-28T08:10:59.874Z,178790465987401
"-- starting hand #139 (id: hfwhlhdys1ks)  No Limit Texas Hold'em (dealer: ""dick and balls @ gpP9uUffpu"") --",2026-08-28T08:10:59.874Z,178790465987400
"The player ""Harry @ Q4OMcL0rqd"" requested a seat.",2026-08-28T08:10:58.889Z,178790465888900
"""LingWae @ FQN9hzhzP_"" shows a 7♣.",2026-08-28T08:10:55.246Z,178790465524600
"Undealt cards: 9♣, 8♣, 2♠, 9♠ [7♦]",2026-08-28T08:10:53.558Z,178790465355800
"-- ending hand #138 --",2026-08-28T08:10:53.269Z,178790465326902
"""Harry = Fish @ kCN0-Qy2Mz"" collected 289 from pot",2026-08-28T08:10:53.269Z,178790465326901
"Uncalled bet of 57 returned to ""Harry = Fish @ kCN0-Qy2Mz""",2026-08-28T08:10:53.269Z,178790465326900
"""LingWae @ FQN9hzhzP_"" folds",2026-08-28T08:10:52.449Z,178790465244900
"""Harry = Fish @ kCN0-Qy2Mz"" raises to 67",2026-08-28T08:10:50.691Z,178790465069100
"""LingWae @ FQN9hzhzP_"" bets 10",2026-08-28T08:10:45.717Z,178790464571700
"Turn: 9♣, 8♣, 2♠ [9♠]",2026-08-28T08:10:39.639Z,178790463963900
"""LingWae @ FQN9hzhzP_"" calls 67",2026-08-28T08:10:38.811Z,178790463881100
"""Harry = Fish @ kCN0-Qy2Mz"" bets 67",2026-08-28T08:10:36.804Z,178790463680400
"""LingWae @ FQN9hzhzP_"" checks",2026-08-28T08:10:31.647Z,178790463164700
"Flop:  [9♣, 8♣, 2♠]",2026-08-28T08:10:27.536Z,178790462753600
"""LingWae @ FQN9hzhzP_"" calls 65",2026-08-28T08:10:26.652Z,178790462665200
"""dick and balls @ gpP9uUffpu"" folds",2026-08-28T08:10:25.176Z,178790462517600
"""Harry = Fish @ kCN0-Qy2Mz"" raises to 65",2026-08-28T08:10:23.850Z,178790462385000
"""jayden = fish @ d-4X_F_SSU"" folds",2026-08-28T08:10:07.286Z,178790460728600
"""LingWae @ FQN9hzhzP_"" posts a big blind of 10",2026-08-28T08:10:05.243Z,178790460524308
"""dick and balls @ gpP9uUffpu"" posts a small blind of 5",2026-08-28T08:10:05.243Z,178790460524307
"Player stacks: #1 ""jayden = fish @ d-4X_F_SSU"" (4089) | #2 ""Harry = Fish @ kCN0-Qy2Mz"" (4115) | #5 ""dick and balls @ gpP9uUffpu"" (1954) | #8 ""LingWae @ FQN9hzhzP_"" (2842)",2026-08-28T08:10:05.243Z,178790460524302
"-- starting hand #138 (id: yyzvrwkxxytk)  No Limit Texas Hold'em (dead button) --",2026-08-28T08:10:05.243Z,178790460524301
"The player ""Harry @ Q4OMcL0rqd"" quits the game with a stack of 0.",2026-08-28T08:10:05.243Z,178790460524300
"""LingWae @ FQN9hzhzP_"" shows a 4♦, 6♥.",2026-08-28T08:10:04.992Z,178790460499200
"Asking to busted players the rebuy decision.",2026-08-28T08:10:01.986Z,178790460198600
"""dick and balls @ gpP9uUffpu"" shows a A♠.",2026-08-28T08:10:00.937Z,178790460093700
"""dick and balls @ gpP9uUffpu"" shows a Q♥.",2026-08-28T08:10:00.329Z,178790460032900
"-- ending hand #137 --",2026-08-28T08:09:55.085Z,178790459508501
"""Harry = Fish @ kCN0-Qy2Mz"" collected 3524 from pot with Flush, Q High (combination: 3♦, 7♦, 10♦, J♦, Q♦)",2026-08-28T08:09:55.085Z,178790459508500
"River: 7♦, J♦, Q♦, K♥ [4♣]",2026-08-28T08:09:50.988Z,178790459098800
"Turn: 7♦, J♦, Q♦ [K♥]",2026-08-28T08:09:46.951Z,178790458695100
"""Harry @ Q4OMcL0rqd"" shows a K♦, 7♣.",2026-08-28T08:09:42.941Z,178790458294101
"""Harry = Fish @ kCN0-Qy2Mz"" shows a 10♦, 3♦.",2026-08-28T08:09:42.941Z,178790458294100
"Some players choose to not run it twice.",2026-08-28T08:09:42.095Z,178790458209501
"""Harry @ Q4OMcL0rqd"" chooses to not run it twice.",2026-08-28T08:09:42.095Z,178790458209500
"""Harry = Fish @ kCN0-Qy2Mz"" chooses to  run it twice.",2026-08-28T08:09:40.716Z,178790458071600
"Remaining players decide whether to run it twice.",2026-08-28T08:09:39.561Z,178790457956101
"""Harry = Fish @ kCN0-Qy2Mz"" calls 1562",2026-08-28T08:09:39.561Z,178790457956100
"""dick and balls @ gpP9uUffpu"" folds",2026-08-28T08:09:28.744Z,178790456874400
"""Harry @ Q4OMcL0rqd"" raises to 1562 and go all in",2026-08-28T08:09:17.597Z,178790455759700
"""Harry = Fish @ kCN0-Qy2Mz"" raises to 600",2026-08-28T08:09:12.725Z,178790455272500
"""LingWae @ FQN9hzhzP_"" folds",2026-08-28T08:09:06.183Z,178790454618300
"""dick and balls @ gpP9uUffpu"" raises to 240",2026-08-28T08:08:54.377Z,178790453437700
"""Harry @ Q4OMcL0rqd"" bets 80",2026-08-28T08:08:51.272Z,178790453127200
"Flop:  [7♦, J♦, Q♦]",2026-08-28T08:08:46.050Z,178790452605000
"""Harry @ Q4OMcL0rqd"" calls 40",2026-08-28T08:08:45.212Z,178790452521200
"""Harry = Fish @ kCN0-Qy2Mz"" calls 40",2026-08-28T08:08:43.235Z,178790452323500
"""LingWae @ FQN9hzhzP_"" calls 40",2026-08-28T08:08:42.169Z,178790452216900
"""dick and balls @ gpP9uUffpu"" raises to 40",2026-08-28T08:08:41.028Z,178790452102800
"""Harry @ Q4OMcL0rqd"" calls 10",2026-08-28T08:08:39.351Z,178790451935100
"""Harry = Fish @ kCN0-Qy2Mz"" calls 10",2026-08-28T08:08:37.408Z,178790451740800
"""jayden = fish @ d-4X_F_SSU"" folds",2026-08-28T08:08:34.406Z,178790451440600
"""LingWae @ FQN9hzhzP_"" calls 10",2026-08-28T08:08:33.045Z,178790451304500
"""dick and balls @ gpP9uUffpu"" posts a big blind of 10",2026-08-28T08:08:25.951Z,178790450595108
"""Harry @ Q4OMcL0rqd"" posts a small blind of 5",2026-08-28T08:08:25.951Z,178790450595107
"Player stacks: #1 ""jayden = fish @ d-4X_F_SSU"" (4089) | #2 ""Harry = Fish @ kCN0-Qy2Mz"" (2193) | #3 ""Harry @ Q4OMcL0rqd"" (1602) | #5 ""dick and balls @ gpP9uUffpu"" (2234) | #8 ""LingWae @ FQN9hzhzP_"" (2882)",2026-08-28T08:08:25.951Z,178790450595101
"-- starting hand #137 (id: qzehgwc2ywan)  No Limit Texas Hold'em (dealer: ""Harry = Fish @ kCN0-Qy2Mz"") --",2026-08-28T08:08:25.951Z,178790450595100
"""LingWae @ FQN9hzhzP_"" shows a 3♠, 8♠.",2026-08-28T08:08:22.777Z,178790450277700
"""Harry = Fish @ kCN0-Qy2Mz"" shows a 5♥, A♦.",2026-08-28T08:08:19.691Z,178790449969100
"-- ending hand #136 --",2026-08-28T08:08:18.942Z,178790449894201
"""dick and balls @ gpP9uUffpu"" collected 2234 from pot with Three of a Kind, 7's (combination: K♦, A♣, 7♦, 7♣, 7♠)",2026-08-28T08:08:18.942Z,178790449894200
"River: 7♠, J♣, 3♣, K♦ [A♣]",2026-08-28T08:08:14.939Z,178790449493900
"""Harry @ Q4OMcL0rqd"" shows a 5♣, A♠.",2026-08-28T08:08:10.907Z,178790449090701
"Uncalled bet of 1602 returned to ""Harry @ Q4OMcL0rqd""",2026-08-28T08:08:10.907Z,178790449090700
"""dick and balls @ gpP9uUffpu"" shows a 7♦, 7♣.",2026-08-28T08:08:10.644Z,178790449064400
"Some players choose to not run it twice.",2026-08-28T08:08:10.079Z,178790449007901
"""Harry @ Q4OMcL0rqd"" chooses to not run it twice.",2026-08-28T08:08:10.079Z,178790449007900
"""dick and balls @ gpP9uUffpu"" chooses to  run it twice.",2026-08-28T08:08:07.294Z,178790448729400
"Remaining players decide whether to run it twice.",2026-08-28T08:08:06.358Z,178790448635801
"""dick and balls @ gpP9uUffpu"" calls 833 and go all in",2026-08-28T08:08:06.358Z,178790448635800
"""Harry @ Q4OMcL0rqd"" raises to 2435 and go all in",2026-08-28T08:08:03.028Z,178790448302800
"""LingWae @ FQN9hzhzP_"" folds",2026-08-28T08:07:53.804Z,178790447380400
"""dick and balls @ gpP9uUffpu"" bets 260",2026-08-28T08:07:52.716Z,178790447271600
"""Harry @ Q4OMcL0rqd"" checks",2026-08-28T08:07:47.983Z,178790446798300
"Turn: 7♠, J♣, 3♣ [K♦]",2026-08-28T08:07:46.514Z,178790446651400
"""Harry = Fish @ kCN0-Qy2Mz"" folds",2026-08-28T08:07:45.676Z,178790446567600
"""LingWae @ FQN9hzhzP_"" calls 100",2026-08-28T08:07:44.629Z,178790446462900
"""dick and balls @ gpP9uUffpu"" calls 100",2026-08-28T08:07:42.401Z,178790446240100
"""Harry @ Q4OMcL0rqd"" bets 100",2026-08-28T08:07:34.459Z,178790445445900
"""Harry = Fish @ kCN0-Qy2Mz"" checks",2026-08-28T08:07:31.399Z,178790445139900
"Flop:  [7♠, J♣, 3♣]",2026-08-28T08:07:27.985Z,178790444798500
"""dick and balls @ gpP9uUffpu"" calls 67",2026-08-28T08:07:27.159Z,178790444715900
"""Harry @ Q4OMcL0rqd"" calls 67",2026-08-28T08:07:26.225Z,178790444622500
"""Harry = Fish @ kCN0-Qy2Mz"" calls 67",2026-08-28T08:07:24.166Z,178790444416600
"""jayden = fish @ d-4X_F_SSU"" folds",2026-08-28T08:07:22.561Z,178790444256100
"""LingWae @ FQN9hzhzP_"" raises to 67",2026-08-28T08:07:21.645Z,178790444164500
"""dick and balls @ gpP9uUffpu"" raises to 30",2026-08-28T08:07:18.859Z,178790443885900
"""Harry @ Q4OMcL0rqd"" posts a big blind of 10",2026-08-28T08:07:17.179Z,178790443717908
"""Harry = Fish @ kCN0-Qy2Mz"" posts a small blind of 5",2026-08-28T08:07:17.179Z,178790443717907
"Your hand is 7♦, 7♣",2026-08-28T08:07:17.179Z,178790443717905
"Player stacks: #1 ""jayden = fish @ d-4X_F_SSU"" (4089) | #2 ""Harry = Fish @ kCN0-Qy2Mz"" (2260) | #3 ""Harry @ Q4OMcL0rqd"" (2602) | #5 ""dick and balls @ gpP9uUffpu"" (1000) | #8 ""LingWae @ FQN9hzhzP_"" (3049)",2026-08-28T08:07:17.179Z,178790443717901
"-- starting hand #136 (id: hgar2vj762hy)  No Limit Texas Hold'em (dealer: ""jayden = fish @ d-4X_F_SSU"") --",2026-08-28T08:07:17.179Z,178790443717900
"""Harry @ Q4OMcL0rqd"" shows a 4♥.",2026-08-28T08:07:14.970Z,178790443497000
"""jayden = fish @ d-4X_F_SSU"" shows a 5♥, J♠.",2026-08-28T08:07:12.700Z,178790443270000
"""Harry = Fish @ kCN0-Qy2Mz"" shows a J♥.",2026-08-28T08:07:11.070Z,178790443107000
"""LingWae @ FQN9hzhzP_"" shows a 10♠, 10♣.",2026-08-28T08:07:09.015Z,178790442901500
"Undealt cards:  [4♦, J♣, 4♣, 5♠, 7♠]",2026-08-28T08:07:08.698Z,178790442869800
"-- ending hand #135 --",2026-08-28T08:07:08.450Z,178790442845002
"""LingWae @ FQN9hzhzP_"" collected 95 from pot",2026-08-28T08:07:08.450Z,178790442845001
"Uncalled bet of 127 returned to ""LingWae @ FQN9hzhzP_""",2026-08-28T08:07:08.450Z,178790442845000
"""Harry @ Q4OMcL0rqd"" folds",2026-08-28T08:07:07.647Z,178790442764700
"""Harry = Fish @ kCN0-Qy2Mz"" folds",2026-08-28T08:07:04.179Z,178790442417900
"""jayden = fish @ d-4X_F_SSU"" folds",2026-08-28T08:07:03.273Z,178790442327300
"""LingWae @ FQN9hzhzP_"" raises to 167",2026-08-28T08:07:01.661Z,178790442166100
"""dick and balls @ gpP9uUffpu"" folds",2026-08-28T08:06:58.108Z,178790441810800
"""Harry @ Q4OMcL0rqd"" raises to 40",2026-08-28T08:06:57.016Z,178790441701600
"""Harry = Fish @ kCN0-Qy2Mz"" posts a big blind of 10",2026-08-28T08:06:51.754Z,178790441175408
"""jayden = fish @ d-4X_F_SSU"" posts a small blind of 5",2026-08-28T08:06:51.754Z,178790441175407
"Player stacks: #1 ""jayden = fish @ d-4X_F_SSU"" (4094) | #2 ""Harry = Fish @ kCN0-Qy2Mz"" (2270) | #3 ""Harry @ Q4OMcL0rqd"" (2642) | #5 ""dick and balls @ gpP9uUffpu"" (1000) | #8 ""LingWae @ FQN9hzhzP_"" (2994)",2026-08-28T08:06:51.754Z,178790441175401
"-- starting hand #135 (id: tbmvepbujn8v)  No Limit Texas Hold'em (dealer: ""LingWae @ FQN9hzhzP_"") --",2026-08-28T08:06:51.754Z,178790441175400
"""Harry = Fish @ kCN0-Qy2Mz"" shows a 4♠.",2026-08-28T08:06:50.043Z,178790441004300
"""LingWae @ FQN9hzhzP_"" shows a K♥.",2026-08-28T08:06:47.288Z,178790440728800
"Undealt cards: 6♦, 9♠, 9♣ [7♠, K♦]",2026-08-28T08:06:45.921Z,178790440592100
"-- ending hand #134 --",2026-08-28T08:06:44.451Z,178790440445102
"""jayden = fish @ d-4X_F_SSU"" collected 658 from pot",2026-08-28T08:06:44.451Z,178790440445101
"Uncalled bet of 329 returned to ""jayden = fish @ d-4X_F_SSU""",2026-08-28T08:06:44.451Z,178790440445100
"""LingWae @ FQN9hzhzP_"" folds",2026-08-28T08:06:43.571Z,178790440357100
"""jayden = fish @ d-4X_F_SSU"" bets 329",2026-08-28T08:06:42.038Z,178790440203800
"""LingWae @ FQN9hzhzP_"" checks",2026-08-28T08:06:36.938Z,178790439693800
"Flop:  [6♦, 9♠, 9♣]",2026-08-28T08:06:32.432Z,178790439243200
"""LingWae @ FQN9hzhzP_"" calls 324",2026-08-28T08:06:31.579Z,178790439157900
"""Harry @ Q4OMcL0rqd"" folds",2026-08-28T08:06:30.654Z,178790439065400
"""jayden = fish @ d-4X_F_SSU"" raises to 324",2026-08-28T08:06:29.378Z,178790438937800
"""LingWae @ FQN9hzhzP_"" raises to 167",2026-08-28T08:06:26.970Z,178790438697000
"""dick and balls @ gpP9uUffpu"" folds",2026-08-28T08:06:24.509Z,178790438450900
"""Harry @ Q4OMcL0rqd"" calls 10",2026-08-28T08:06:23.563Z,178790438356300
"""Harry = Fish @ kCN0-Qy2Mz"" folds",2026-08-28T08:06:20.957Z,178790438095700
"""jayden = fish @ d-4X_F_SSU"" posts a big blind of 10",2026-08-28T08:06:15.040Z,178790437504009
"""LingWae @ FQN9hzhzP_"" posts a small blind of 5",2026-08-28T08:06:15.040Z,178790437504008
"Player stacks: #1 ""jayden = fish @ d-4X_F_SSU"" (3760) | #2 ""Harry = Fish @ kCN0-Qy2Mz"" (2270) | #3 ""Harry @ Q4OMcL0rqd"" (2652) | #5 ""dick and balls @ gpP9uUffpu"" (1000) | #8 ""LingWae @ FQN9hzhzP_"" (3318)",2026-08-28T08:06:15.040Z,178790437504002
"-- starting hand #134 (id: r0a1nxergly2)  No Limit Texas Hold'em (dealer: ""dick and balls @ gpP9uUffpu"") --",2026-08-28T08:06:15.040Z,178790437504001
"The player ""dick and balls @ gpP9uUffpu"" rebought. New stack 1000.",2026-08-28T08:06:15.040Z,178790437504000
"Waiting for the game owner to approve or reject pending rebuy requests.",2026-08-28T08:06:13.841Z,178790437384101
"The player ""dick and balls @ gpP9uUffpu"" requested a rebuy of 1000.",2026-08-28T08:06:13.841Z,178790437384100
"Asking to busted players the rebuy decision.",2026-08-28T08:06:11.890Z,178790437189000
"-- ending hand #133 --",2026-08-28T08:06:05.793Z,178790436579301
"""Harry @ Q4OMcL0rqd"" collected 2068 from pot with Two Pair, 8's & 7's (combination: 6♠, 7♦, 7♠, 8♥, 8♣)",2026-08-28T08:06:05.793Z,178790436579300
"River: 8♥, 8♣, 5♦, 3♠ [7♠]",2026-08-28T08:06:01.783Z,178790436178300
"Turn: 8♥, 8♣, 5♦ [3♠]",2026-08-28T08:05:57.750Z,178790435775000
"""Harry @ Q4OMcL0rqd"" shows a 6♠, 7♦.",2026-08-28T08:05:53.737Z,178790435373700
"""dick and balls @ gpP9uUffpu"" shows a 9♣, A♦.",2026-08-28T08:05:53.345Z,178790435334500
"Some players choose to not run it twice.",2026-08-28T08:05:52.846Z,178790435284601
"""Harry @ Q4OMcL0rqd"" chooses to not run it twice.",2026-08-28T08:05:52.846Z,178790435284600
"""dick and balls @ gpP9uUffpu"" chooses to  run it twice.",2026-08-28T08:05:50.977Z,178790435097700
"Remaining players decide whether to run it twice.",2026-08-28T08:05:49.949Z,178790434994901
"""Harry @ Q4OMcL0rqd"" calls 789",2026-08-28T08:05:49.949Z,178790434994900
"""Harry = Fish @ kCN0-Qy2Mz"" folds",2026-08-28T08:05:40.393Z,178790434039300
"""jayden = fish @ d-4X_F_SSU"" folds",2026-08-28T08:05:39.436Z,178790433943600
"""dick and balls @ gpP9uUffpu"" raises to 789 and go all in",2026-08-28T08:05:37.938Z,178790433793800
"""Harry @ Q4OMcL0rqd"" bets 200",2026-08-28T08:05:35.544Z,178790433554400
"""Harry = Fish @ kCN0-Qy2Mz"" checks",2026-08-28T08:05:31.774Z,178790433177400
"""jayden = fish @ d-4X_F_SSU"" checks",2026-08-28T08:05:28.911Z,178790432891100
"""dick and balls @ gpP9uUffpu"" checks",2026-08-28T08:05:26.496Z,178790432649600
"Flop:  [8♥, 8♣, 5♦]",2026-08-28T08:05:24.893Z,178790432489300
"""Harry @ Q4OMcL0rqd"" calls 120",2026-08-28T08:05:24.025Z,178790432402500
"""Harry = Fish @ kCN0-Qy2Mz"" calls 120",2026-08-28T08:05:22.837Z,178790432283700
"""jayden = fish @ d-4X_F_SSU"" calls 120",2026-08-28T08:05:20.824Z,178790432082400
"""LingWae @ FQN9hzhzP_"" folds",2026-08-28T08:05:19.906Z,178790431990600
"""dick and balls @ gpP9uUffpu"" raises to 120",2026-08-28T08:05:17.697Z,178790431769700
"""Harry @ Q4OMcL0rqd"" raises to 40",2026-08-28T08:05:15.538Z,178790431553800
"""Harry = Fish @ kCN0-Qy2Mz"" calls 10",2026-08-28T08:05:13.610Z,178790431361000
"""jayden = fish @ d-4X_F_SSU"" calls 10",2026-08-28T08:05:11.652Z,178790431165200
"""LingWae @ FQN9hzhzP_"" posts a big blind of 10",2026-08-28T08:05:08.498Z,178790430849808
"""dick and balls @ gpP9uUffpu"" posts a small blind of 5",2026-08-28T08:05:08.498Z,178790430849807
"Your hand is 9♣, A♦",2026-08-28T08:05:08.498Z,178790430849805
"Player stacks: #1 ""jayden = fish @ d-4X_F_SSU"" (3880) | #2 ""Harry = Fish @ kCN0-Qy2Mz"" (2390) | #3 ""Harry @ Q4OMcL0rqd"" (1493) | #5 ""dick and balls @ gpP9uUffpu"" (909) | #8 ""LingWae @ FQN9hzhzP_"" (3328)",2026-08-28T08:05:08.498Z,178790430849801
"-- starting hand #133 (id: etie4hmsiyk6)  No Limit Texas Hold'em (dealer: ""Harry @ Q4OMcL0rqd"") --",2026-08-28T08:05:08.498Z,178790430849800
"""LingWae @ FQN9hzhzP_"" shows a 7♣.",2026-08-28T08:05:04.978Z,178790430497800
"""Harry = Fish @ kCN0-Qy2Mz"" shows a 4♣.",2026-08-28T08:05:04.876Z,178790430487600
"-- ending hand #132 --",2026-08-28T08:05:04.196Z,178790430419602
"""LingWae @ FQN9hzhzP_"" collected 375 from pot",2026-08-28T08:05:04.196Z,178790430419601
"Uncalled bet of 187 returned to ""LingWae @ FQN9hzhzP_""",2026-08-28T08:05:04.196Z,178790430419600
"""Harry = Fish @ kCN0-Qy2Mz"" folds",2026-08-28T08:05:03.380Z,178790430338000
"""LingWae @ FQN9hzhzP_"" bets 187",2026-08-28T08:04:51.157Z,178790429115700
"River: K♣, 5♠, A♣, J♣ [2♣]",2026-08-28T08:04:44.077Z,178790428407700
"""LingWae @ FQN9hzhzP_"" calls 135",2026-08-28T08:04:43.270Z,178790428327000
"""Harry = Fish @ kCN0-Qy2Mz"" raises to 135",2026-08-28T08:04:41.076Z,178790428107600
"""LingWae @ FQN9hzhzP_"" bets 10",2026-08-28T08:04:38.189Z,178790427818900
"Turn: K♣, 5♠, A♣ [J♣]",2026-08-28T08:04:35.071Z,178790427507100
"""Harry = Fish @ kCN0-Qy2Mz"" checks",2026-08-28T08:04:34.245Z,178790427424500
"""LingWae @ FQN9hzhzP_"" checks",2026-08-28T08:04:31.950Z,178790427195000
"Flop:  [K♣, 5♠, A♣]",2026-08-28T08:04:22.446Z,178790426244600
"""LingWae @ FQN9hzhzP_"" calls 45",2026-08-28T08:04:21.580Z,178790426158000
"""dick and balls @ gpP9uUffpu"" folds",2026-08-28T08:04:12.182Z,178790425218200
"""Harry @ Q4OMcL0rqd"" folds",2026-08-28T08:04:11.277Z,178790425127700
"""Harry = Fish @ kCN0-Qy2Mz"" raises to 45",2026-08-28T08:04:09.576Z,178790424957600
"""jayden = fish @ d-4X_F_SSU"" folds",2026-08-28T08:04:05.790Z,178790424579000
"""LingWae @ FQN9hzhzP_"" calls 10",2026-08-28T08:04:04.845Z,178790424484500
"""dick and balls @ gpP9uUffpu"" posts a big blind of 10",2026-08-28T08:03:52.652Z,178790423265208
"""Harry @ Q4OMcL0rqd"" posts a small blind of 5",2026-08-28T08:03:52.652Z,178790423265207
"Player stacks: #1 ""jayden = fish @ d-4X_F_SSU"" (3880) | #2 ""Harry = Fish @ kCN0-Qy2Mz"" (2570) | #3 ""Harry @ Q4OMcL0rqd"" (1498) | #5 ""dick and balls @ gpP9uUffpu"" (919) | #8 ""LingWae @ FQN9hzhzP_"" (3133)",2026-08-28T08:03:52.652Z,178790423265201
"-- starting hand #132 (id: gplzccakko4b)  No Limit Texas Hold'em (dealer: ""Harry = Fish @ kCN0-Qy2Mz"") --",2026-08-28T08:03:52.652Z,178790423265200
"-- ending hand #131 --",2026-08-28T08:03:46.649Z,178790422664903
"""LingWae @ FQN9hzhzP_"" collected 2149 from pot with Two Pair, 9's & 5's (combination: Q♣, 5♦, 5♥, 9♥, 9♠)",2026-08-28T08:03:46.649Z,178790422664902
"""LingWae @ FQN9hzhzP_"" shows a 10♠, 9♥.",2026-08-28T08:03:46.649Z,178790422664901
"""dick and balls @ gpP9uUffpu"" shows a 10♥, J♣.",2026-08-28T08:03:46.649Z,178790422664900
"""LingWae @ FQN9hzhzP_"" calls 200",2026-08-28T08:03:45.824Z,178790422582400
"""dick and balls @ gpP9uUffpu"" bets 200",2026-08-28T08:03:41.115Z,178790422111500
"River: Q♣, 9♠, 5♦, 5♥ [7♥]",2026-08-28T08:03:29.831Z,178790420983100
"""LingWae @ FQN9hzhzP_"" checks",2026-08-28T08:03:28.989Z,178790420898900
"""dick and balls @ gpP9uUffpu"" checks",2026-08-28T08:03:21.599Z,178790420159900
"Turn: Q♣, 9♠, 5♦ [5♥]",2026-08-28T08:03:20.360Z,178790420036000
"""dick and balls @ gpP9uUffpu"" calls 567",2026-08-28T08:03:19.522Z,178790419952200
"""Harry @ Q4OMcL0rqd"" folds",2026-08-28T08:03:18.585Z,178790419858500
"""jayden = fish @ d-4X_F_SSU"" folds",2026-08-28T08:03:12.460Z,178790419246000
"""LingWae @ FQN9hzhzP_"" raises to 567",2026-08-28T08:03:11.449Z,178790419144900
"""dick and balls @ gpP9uUffpu"" calls 130",2026-08-28T08:03:04.290Z,178790418429000
"""Harry @ Q4OMcL0rqd"" bets 130",2026-08-28T08:03:03.246Z,178790418324600
"Flop:  [Q♣, 9♠, 5♦]",2026-08-28T08:02:58.591Z,178790417859100
"""jayden = fish @ d-4X_F_SSU"" calls 120",2026-08-28T08:02:57.720Z,178790417772000
"""LingWae @ FQN9hzhzP_"" calls 120",2026-08-28T08:02:54.914Z,178790417491400
"""dick and balls @ gpP9uUffpu"" calls 120",2026-08-28T08:02:53.060Z,178790417306000
"""Harry @ Q4OMcL0rqd"" raises to 120",2026-08-28T08:02:51.801Z,178790417180100
"""Harry = Fish @ kCN0-Qy2Mz"" folds",2026-08-28T08:02:44.355Z,178790416435500
"""jayden = fish @ d-4X_F_SSU"" calls 40",2026-08-28T08:02:40.792Z,178790416079200
"""LingWae @ FQN9hzhzP_"" calls 40",2026-08-28T08:02:37.613Z,178790415761300
"""dick and balls @ gpP9uUffpu"" raises to 40",2026-08-28T08:02:25.931Z,178790414593100
"""Harry @ Q4OMcL0rqd"" posts a big blind of 10",2026-08-28T08:02:23.831Z,178790414383109
"""Harry = Fish @ kCN0-Qy2Mz"" posts a small blind of 5",2026-08-28T08:02:23.831Z,178790414383108
"Your hand is 10♥, J♣",2026-08-28T08:02:23.831Z,178790414383106
"Player stacks: #1 ""jayden = fish @ d-4X_F_SSU"" (4000) | #2 ""Harry = Fish @ kCN0-Qy2Mz"" (2575) | #3 ""Harry @ Q4OMcL0rqd"" (1748) | #5 ""dick and balls @ gpP9uUffpu"" (1806) | #8 ""LingWae @ FQN9hzhzP_"" (1871)",2026-08-28T08:02:23.831Z,178790414383102
"-- starting hand #131 (id: syfqrjrmpefy)  No Limit Texas Hold'em (dealer: ""jayden = fish @ d-4X_F_SSU"") --",2026-08-28T08:02:23.831Z,178790414383101
"The player ""jayden = fish @ d-4X_F_SSU"" rebought. New stack 4000.",2026-08-28T08:02:23.831Z,178790414383100
"Waiting for the game owner to approve or reject pending rebuy requests.",2026-08-28T08:02:21.366Z,178790414136601
"The player ""jayden = fish @ d-4X_F_SSU"" requested a rebuy of 4000.",2026-08-28T08:02:21.366Z,178790414136600
"""Harry = Fish @ kCN0-Qy2Mz"" shows a 4♣.",2026-08-28T08:02:18.796Z,178790413879600
"Asking to busted players the rebuy decision.",2026-08-28T08:02:16.747Z,178790413674700
"""LingWae @ FQN9hzhzP_"" shows a 8♦, J♦.",2026-08-28T08:02:14.359Z,178790413435900
"-- ending hand #130 --",2026-08-28T08:02:10.180Z,178790413018001
"""Harry @ Q4OMcL0rqd"" collected 922 from pot with Straight, 7 High (combination: 3♦, 4♥, 5♥, 6♦, 7♦)",2026-08-28T08:02:10.180Z,178790413018000
"River: 4♥, 5♥, 3♦, 7♥ [7♦]",2026-08-28T08:02:06.177Z,178790412617700
"""Harry @ Q4OMcL0rqd"" shows a 6♦, 4♦.",2026-08-28T08:02:02.171Z,178790412217102
"""jayden = fish @ d-4X_F_SSU"" shows a 9♣, 9♦.",2026-08-28T08:02:02.171Z,178790412217101
"Uncalled bet of 120 returned to ""Harry @ Q4OMcL0rqd""",2026-08-28T08:02:02.171Z,178790412217100
"Some players choose to not run it twice.",2026-08-28T08:02:01.351Z,178790412135101
"""Harry @ Q4OMcL0rqd"" chooses to not run it twice.",2026-08-28T08:02:01.351Z,178790412135100
"""jayden = fish @ d-4X_F_SSU"" chooses to  run it twice.",2026-08-28T08:02:00.607Z,178790412060700
"Remaining players decide whether to run it twice.",2026-08-28T08:01:58.674Z,178790411867401
"""Harry = Fish @ kCN0-Qy2Mz"" folds",2026-08-28T08:01:58.674Z,178790411867400
"""Harry @ Q4OMcL0rqd"" bets 120",2026-08-28T08:01:57.140Z,178790411714000
"""Harry = Fish @ kCN0-Qy2Mz"" checks",2026-08-28T08:01:52.549Z,178790411254900
"Turn: 4♥, 5♥, 3♦ [7♥]",2026-08-28T08:01:51.021Z,178790411102100
"""Harry @ Q4OMcL0rqd"" calls 218",2026-08-28T08:01:50.216Z,178790411021600
"""Harry = Fish @ kCN0-Qy2Mz"" calls 218",2026-08-28T08:01:47.644Z,178790410764400
"""jayden = fish @ d-4X_F_SSU"" raises to 218 and go all in",2026-08-28T08:01:40.570Z,178790410057000
"""LingWae @ FQN9hzhzP_"" folds",2026-08-28T08:01:38.149Z,178790409814900
"""Harry @ Q4OMcL0rqd"" calls 134",2026-08-28T08:01:36.565Z,178790409656500
"""Harry = Fish @ kCN0-Qy2Mz"" bets 134",2026-08-28T08:01:34.308Z,178790409430800
"""jayden = fish @ d-4X_F_SSU"" checks",2026-08-28T08:01:30.089Z,178790409008900
"Flop:  [4♥, 5♥, 3♦]",2026-08-28T08:01:28.406Z,178790408840600
"""Harry @ Q4OMcL0rqd"" calls 67",2026-08-28T08:01:27.594Z,178790408759400
"""Harry = Fish @ kCN0-Qy2Mz"" calls 67",2026-08-28T08:01:26.147Z,178790408614700
"""jayden = fish @ d-4X_F_SSU"" calls 67",2026-08-28T08:01:24.923Z,178790408492300
"""LingWae @ FQN9hzhzP_"" raises to 67",2026-08-28T08:01:23.232Z,178790408323200
"""dick and balls @ gpP9uUffpu"" folds",2026-08-28T08:01:21.019Z,178790408101900
"""Harry @ Q4OMcL0rqd"" calls 10",2026-08-28T08:01:19.030Z,178790407903000
"""Harry = Fish @ kCN0-Qy2Mz"" posts a big blind of 10",2026-08-28T08:01:17.300Z,178790407730008
"""jayden = fish @ d-4X_F_SSU"" posts a small blind of 5",2026-08-28T08:01:17.300Z,178790407730007
"Player stacks: #1 ""jayden = fish @ d-4X_F_SSU"" (285) | #2 ""Harry = Fish @ kCN0-Qy2Mz"" (2860) | #3 ""Harry @ Q4OMcL0rqd"" (1111) | #5 ""dick and balls @ gpP9uUffpu"" (1806) | #8 ""LingWae @ FQN9hzhzP_"" (1938)",2026-08-28T08:01:17.300Z,178790407730001
"-- starting hand #130 (id: ahdiz67gfdyh)  No Limit Texas Hold'em (dealer: ""LingWae @ FQN9hzhzP_"") --",2026-08-28T08:01:17.300Z,178790407730000
"""Harry @ Q4OMcL0rqd"" shows a 6♣.",2026-08-28T08:01:13.717Z,178790407371700
"""jayden = fish @ d-4X_F_SSU"" shows a 4♠.",2026-08-28T08:01:12.340Z,178790407234000
"""Harry = Fish @ kCN0-Qy2Mz"" shows a 5♥.",2026-08-28T08:01:12.053Z,178790407205300
"Undealt cards:  [8♣, 4♥, 5♠, 8♦, J♣]",2026-08-28T08:01:11.546Z,178790407154600
"""LingWae @ FQN9hzhzP_"" shows a A♥.",2026-08-28T08:01:10.818Z,178790407081800
"-- ending hand #129 --",2026-08-28T08:01:08.592Z,178790406859202
"""LingWae @ FQN9hzhzP_"" collected 30 from pot",2026-08-28T08:01:08.592Z,178790406859201
"Uncalled bet of 157 returned to ""LingWae @ FQN9hzhzP_""",2026-08-28T08:01:08.592Z,178790406859200
"""Harry @ Q4OMcL0rqd"" folds",2026-08-28T08:01:07.784Z,178790406778400
"""jayden = fish @ d-4X_F_SSU"" folds",2026-08-28T08:01:06.854Z,178790406685400
"""LingWae @ FQN9hzhzP_"" raises to 167",2026-08-28T08:01:05.477Z,178790406547700
"""dick and balls @ gpP9uUffpu"" folds",2026-08-28T08:01:02.420Z,178790406242000
"""Harry @ Q4OMcL0rqd"" calls 10",2026-08-28T08:00:59.910Z,178790405991000
"""Harry = Fish @ kCN0-Qy2Mz"" folds",2026-08-28T08:00:58.016Z,178790405801600
"""jayden = fish @ d-4X_F_SSU"" posts a big blind of 10",2026-08-28T08:00:56.685Z,178790405668508
"""LingWae @ FQN9hzhzP_"" posts a small blind of 5",2026-08-28T08:00:56.685Z,178790405668507
"Player stacks: #1 ""jayden = fish @ d-4X_F_SSU"" (295) | #2 ""Harry = Fish @ kCN0-Qy2Mz"" (2860) | #3 ""Harry @ Q4OMcL0rqd"" (1121) | #5 ""dick and balls @ gpP9uUffpu"" (1806) | #8 ""LingWae @ FQN9hzhzP_"" (1918)",2026-08-28T08:00:56.685Z,178790405668501
"-- starting hand #129 (id: 1p1v9gukzpcj)  No Limit Texas Hold'em (dealer: ""dick and balls @ gpP9uUffpu"") --",2026-08-28T08:00:56.685Z,178790405668500
"""LingWae @ FQN9hzhzP_"" shows a 5♣.",2026-08-28T08:00:51.564Z,178790405156400
"""Harry = Fish @ kCN0-Qy2Mz"" shows a 3♠.",2026-08-28T08:00:51.310Z,178790405131000
"""LingWae @ FQN9hzhzP_"" shows a 6♣.",2026-08-28T08:00:51.151Z,178790405115100
"-- ending hand #128 --",2026-08-28T08:00:49.588Z,178790404958803
"""dick and balls @ gpP9uUffpu"" collected 688 from pot with Pair, 6's (combination: 4♦, 7♠, Q♦, 6♥, 6♠)",2026-08-28T08:00:49.588Z,178790404958802
"""dick and balls @ gpP9uUffpu"" shows a 6♥, 4♦.",2026-08-28T08:00:49.588Z,178790404958801
"""Harry @ Q4OMcL0rqd"" shows a 8♥, K♣.",2026-08-28T08:00:49.588Z,178790404958800
"""Harry = Fish @ kCN0-Qy2Mz"" folds",2026-08-28T08:00:48.770Z,178790404877000
"""LingWae @ FQN9hzhzP_"" folds",2026-08-28T08:00:47.802Z,178790404780200
"""dick and balls @ gpP9uUffpu"" calls 150",2026-08-28T08:00:46.613Z,178790404661300
"""Harry @ Q4OMcL0rqd"" bets 150",2026-08-28T08:00:45.499Z,178790404549900
"""Harry = Fish @ kCN0-Qy2Mz"" checks",2026-08-28T08:00:42.292Z,178790404229200
"""LingWae @ FQN9hzhzP_"" checks",2026-08-28T08:00:40.650Z,178790404065000
"""dick and balls @ gpP9uUffpu"" checks",2026-08-28T08:00:38.593Z,178790403859300
"River: 6♠, 7♠, 2♥, Q♦ [3♦]",2026-08-28T08:00:36.177Z,178790403617700
"""Harry @ Q4OMcL0rqd"" checks",2026-08-28T08:00:35.337Z,178790403533700
"""Harry = Fish @ kCN0-Qy2Mz"" checks",2026-08-28T08:00:34.082Z,178790403408200
"""LingWae @ FQN9hzhzP_"" checks",2026-08-28T08:00:32.474Z,178790403247400
"""dick and balls @ gpP9uUffpu"" checks",2026-08-28T08:00:30.508Z,178790403050800
"Turn: 6♠, 7♠, 2♥ [Q♦]",2026-08-28T08:00:28.971Z,178790402897100
"""dick and balls @ gpP9uUffpu"" calls 67",2026-08-28T08:00:28.160Z,178790402816000
"""Harry @ Q4OMcL0rqd"" calls 67",2026-08-28T08:00:27.198Z,178790402719800
"""Harry = Fish @ kCN0-Qy2Mz"" calls 67",2026-08-28T08:00:25.663Z,178790402566300
"""LingWae @ FQN9hzhzP_"" bets 67",2026-08-28T08:00:23.165Z,178790402316500
"""dick and balls @ gpP9uUffpu"" checks",2026-08-28T08:00:20.272Z,178790402027200
"Flop:  [6♠, 7♠, 2♥]",2026-08-28T08:00:18.109Z,178790401810900
"""Harry = Fish @ kCN0-Qy2Mz"" calls 30",2026-08-28T08:00:17.301Z,178790401730100
"""LingWae @ FQN9hzhzP_"" calls 30",2026-08-28T08:00:14.448Z,178790401444800
"""dick and balls @ gpP9uUffpu"" calls 30",2026-08-28T08:00:12.669Z,178790401266900
"""Harry @ Q4OMcL0rqd"" raises to 30",2026-08-28T08:00:11.704Z,178790401170400
"""Harry = Fish @ kCN0-Qy2Mz"" calls 10",2026-08-28T08:00:09.076Z,178790400907600
"""jayden = fish @ d-4X_F_SSU"" folds",2026-08-28T08:00:06.326Z,178790400632600
"""LingWae @ FQN9hzhzP_"" posts a big blind of 10",2026-08-28T08:00:04.673Z,178790400467308
"""dick and balls @ gpP9uUffpu"" posts a small blind of 5",2026-08-28T08:00:04.673Z,178790400467307
"Your hand is 6♥, 4♦",2026-08-28T08:00:04.673Z,178790400467305
"Player stacks: #1 ""jayden = fish @ d-4X_F_SSU"" (295) | #2 ""Harry = Fish @ kCN0-Qy2Mz"" (2957) | #3 ""Harry @ Q4OMcL0rqd"" (1368) | #5 ""dick and balls @ gpP9uUffpu"" (1365) | #8 ""LingWae @ FQN9hzhzP_"" (2015)",2026-08-28T08:00:04.673Z,178790400467301
"-- starting hand #128 (id: nlqodblideqx)  No Limit Texas Hold'em (dealer: ""Harry @ Q4OMcL0rqd"") --",2026-08-28T08:00:04.673Z,178790400467300
"""LingWae @ FQN9hzhzP_"" shows a K♣.",2026-08-28T08:00:03.981Z,178790400398100
"""dick and balls @ gpP9uUffpu"" shows a 2♥.",2026-08-28T08:00:02.100Z,178790400210000
"""jayden = fish @ d-4X_F_SSU"" shows a 3♦.",2026-08-28T08:00:01.464Z,178790400146400
"""Harry @ Q4OMcL0rqd"" shows a 4♣.",2026-08-28T08:00:00.941Z,178790400094100
"""Harry = Fish @ kCN0-Qy2Mz"" shows a 3♣.",2026-08-28T07:59:59.254Z,178790399925400
"""LingWae @ FQN9hzhzP_"" shows a 6♣.",2026-08-28T07:59:58.098Z,178790399809800
"Undealt cards:  [6♦, 8♥, A♦, 3♥, 9♣]",2026-08-28T07:59:57.128Z,178790399712800
"-- ending hand #127 --",2026-08-28T07:59:55.170Z,178790399517002
"""LingWae @ FQN9hzhzP_"" collected 25 from pot",2026-08-28T07:59:55.170Z,178790399517001
"Uncalled bet of 57 returned to ""LingWae @ FQN9hzhzP_""",2026-08-28T07:59:55.170Z,178790399517000
"""dick and balls @ gpP9uUffpu"" folds",2026-08-28T07:59:54.307Z,178790399430700
"""Harry @ Q4OMcL0rqd"" folds",2026-08-28T07:59:53.328Z,178790399332800
"""Harry = Fish @ kCN0-Qy2Mz"" folds",2026-08-28T07:59:50.562Z,178790399056200
"""jayden = fish @ d-4X_F_SSU"" folds",2026-08-28T07:59:45.397Z,178790398539700
"""LingWae @ FQN9hzhzP_"" raises to 67",2026-08-28T07:59:43.509Z,178790398350900
"""dick and balls @ gpP9uUffpu"" posts a big blind of 10",2026-08-28T07:59:38.359Z,178790397835908
"""Harry @ Q4OMcL0rqd"" posts a small blind of 5",2026-08-28T07:59:38.359Z,178790397835907
"Player stacks: #1 ""jayden = fish @ d-4X_F_SSU"" (295) | #2 ""Harry = Fish @ kCN0-Qy2Mz"" (2957) | #3 ""Harry @ Q4OMcL0rqd"" (1373) | #5 ""dick and balls @ gpP9uUffpu"" (1375) | #8 ""LingWae @ FQN9hzhzP_"" (2000)",2026-08-28T07:59:38.359Z,178790397835901
"-- starting hand #127 (id: e8fxsapypsme)  No Limit Texas Hold'em (dealer: ""Harry = Fish @ kCN0-Qy2Mz"") --",2026-08-28T07:59:38.359Z,178790397835900
"""LingWae @ FQN9hzhzP_"" shows a 2♣.",2026-08-28T07:59:36.571Z,178790397657100
"""Harry @ Q4OMcL0rqd"" shows a 9♥.",2026-08-28T07:59:36.557Z,178790397655700
"""LingWae @ FQN9hzhzP_"" shows a 8♠.",2026-08-28T07:59:35.847Z,178790397584700
"""dick and balls @ gpP9uUffpu"" shows a 7♦.",2026-08-28T07:59:34.815Z,178790397481500
"""Harry = Fish @ kCN0-Qy2Mz"" shows a 8♥.",2026-08-28T07:59:33.090Z,178790397309000
"-- ending hand #126 --",2026-08-28T07:59:32.559Z,178790397255902
"""Harry @ Q4OMcL0rqd"" collected 250 from pot",2026-08-28T07:59:32.559Z,178790397255901
"Uncalled bet of 100 returned to ""Harry @ Q4OMcL0rqd""",2026-08-28T07:59:32.559Z,178790397255900
"""Harry = Fish @ kCN0-Qy2Mz"" folds",2026-08-28T07:59:31.725Z,178790397172500
"""Harry @ Q4OMcL0rqd"" bets 100",2026-08-28T07:59:30.266Z,178790397026600
"""Harry = Fish @ kCN0-Qy2Mz"" checks",2026-08-28T07:59:26.523Z,178790396652300
"River: K♥, Q♣, 7♥, 7♣ [6♦]",2026-08-28T07:59:23.582Z,178790396358200
"""Harry @ Q4OMcL0rqd"" checks",2026-08-28T07:59:22.775Z,178790396277500
"""Harry = Fish @ kCN0-Qy2Mz"" checks",2026-08-28T07:59:21.570Z,178790396157000
"Turn: K♥, Q♣, 7♥ [7♣]",2026-08-28T07:59:18.547Z,178790395854700
"""Harry @ Q4OMcL0rqd"" calls 75",2026-08-28T07:59:17.612Z,178790395761200
"""Harry = Fish @ kCN0-Qy2Mz"" bets 75",2026-08-28T07:59:14.180Z,178790395418000
"Flop:  [K♥, Q♣, 7♥]",2026-08-28T07:59:09.510Z,178790394951000
"""Harry @ Q4OMcL0rqd"" calls 50",2026-08-28T07:59:08.653Z,178790394865300
"""Harry = Fish @ kCN0-Qy2Mz"" raises to 50",2026-08-28T07:59:06.858Z,178790394685800
"""jayden = fish @ d-4X_F_SSU"" folds",2026-08-28T07:59:01.159Z,178790394115900
"""LingWae @ FQN9hzhzP_"" folds",2026-08-28T07:58:59.634Z,178790393963400
"""dick and balls @ gpP9uUffpu"" folds",2026-08-28T07:58:57.916Z,178790393791600
"""Harry @ Q4OMcL0rqd"" posts a big blind of 10",2026-08-28T07:58:56.656Z,178790393665609
"""Harry = Fish @ kCN0-Qy2Mz"" posts a small blind of 5",2026-08-28T07:58:56.656Z,178790393665608
"Player stacks: #1 ""jayden = fish @ d-4X_F_SSU"" (295) | #2 ""Harry = Fish @ kCN0-Qy2Mz"" (3082) | #3 ""Harry @ Q4OMcL0rqd"" (1248) | #5 ""dick and balls @ gpP9uUffpu"" (1375) | #8 ""LingWae @ FQN9hzhzP_"" (2000)",2026-08-28T07:58:56.656Z,178790393665602
"-- starting hand #126 (id: jx1bn4ulbon9)  No Limit Texas Hold'em (dealer: ""jayden = fish @ d-4X_F_SSU"") --",2026-08-28T07:58:56.656Z,178790393665601
"The admin updated the player ""Harry = Fish @ kCN0-Qy2Mz"" stack from 7082 to 3082.",2026-08-28T07:58:56.656Z,178790393665600
"""dick and balls @ gpP9uUffpu"" shows a A♥.",2026-08-28T07:58:53.153Z,178790393315300
"""Harry = Fish @ kCN0-Qy2Mz"" shows a 2♠, 2♦.",2026-08-28T07:58:52.905Z,178790393290500
"-- ending hand #125 --",2026-08-28T07:58:52.256Z,178790393225602
"""dick and balls @ gpP9uUffpu"" collected 625 from pot",2026-08-28T07:58:52.256Z,178790393225601
"Uncalled bet of 750 returned to ""dick and balls @ gpP9uUffpu""",2026-08-28T07:58:52.256Z,178790393225600
"""Harry @ Q4OMcL0rqd"" folds",2026-08-28T07:58:51.391Z,178790393139100
"""dick and balls @ gpP9uUffpu"" bets 750 and go all in",2026-08-28T07:58:32.700Z,178790391270000
"""Harry @ Q4OMcL0rqd"" checks",2026-08-28T07:58:29.811Z,178790390981100
"River: 6♥, 10♥, 10♠, K♦ [2♥]",2026-08-28T07:58:28.443Z,178790390844300
"""dick and balls @ gpP9uUffpu"" checks",2026-08-28T07:58:27.556Z,178790390755600
"""Harry @ Q4OMcL0rqd"" checks",2026-08-28T07:58:23.843Z,178790390384300
"Turn: 6♥, 10♥, 10♠ [K♦]",2026-08-28T07:58:22.438Z,178790390243800
"""Harry = Fish @ kCN0-Qy2Mz"" folds",2026-08-28T07:58:21.588Z,178790390158800
"""dick and balls @ gpP9uUffpu"" calls 130",2026-08-28T07:58:12.694Z,178790389269400
"""Harry @ Q4OMcL0rqd"" bets 130",2026-08-28T07:58:11.386Z,178790389138600
"""Harry = Fish @ kCN0-Qy2Mz"" checks",2026-08-28T07:58:08.080Z,178790388808000
"Flop:  [6♥, 10♥, 10♠]",2026-08-28T07:58:05.393Z,178790388539300
"""Harry @ Q4OMcL0rqd"" calls 120",2026-08-28T07:58:04.498Z,178790388449800
"""Harry = Fish @ kCN0-Qy2Mz"" calls 120",2026-08-28T07:58:00.245Z,178790388024500
"""jayden = fish @ d-4X_F_SSU"" folds",2026-08-28T07:57:57.422Z,178790387742200
"""LingWae @ FQN9hzhzP_"" folds",2026-08-28T07:57:56.479Z,178790387647900
"WARNING: the admin queued the stack change for the player ""Harry = Fish @ kCN0-Qy2Mz"" removing 4000 chips in the next hand.",2026-08-28T07:57:50.986Z,178790387098600
"""dick and balls @ gpP9uUffpu"" raises to 120",2026-08-28T07:57:39.355Z,178790385935500
"""Harry @ Q4OMcL0rqd"" raises to 40",2026-08-28T07:57:36.790Z,178790385679000
"""Harry = Fish @ kCN0-Qy2Mz"" posts a big blind of 10",2026-08-28T07:57:28.388Z,178790384838810
"""jayden = fish @ d-4X_F_SSU"" posts a small blind of 5",2026-08-28T07:57:28.388Z,178790384838809
"Player stacks: #1 ""jayden = fish @ d-4X_F_SSU"" (300) | #2 ""Harry = Fish @ kCN0-Qy2Mz"" (7202) | #3 ""Harry @ Q4OMcL0rqd"" (1498) | #5 ""dick and balls @ gpP9uUffpu"" (1000) | #8 ""LingWae @ FQN9hzhzP_"" (2000)",2026-08-28T07:57:28.388Z,178790384838803
"-- starting hand #125 (id: 52wsohxhbwzk)  No Limit Texas Hold'em (dealer: ""LingWae @ FQN9hzhzP_"") --",2026-08-28T07:57:28.388Z,178790384838802
"The player ""LingWae @ FQN9hzhzP_"" rebought. New stack 2000.",2026-08-28T07:57:28.388Z,178790384838801
"The player ""LingWae @ FQN9hzhzP_"" requested a rebuy of 2000.",2026-08-28T07:57:28.388Z,178790384838800
"Asking to busted players the rebuy decision.",2026-08-28T07:57:24.732Z,178790384473200
"-- ending hand #124 --",2026-08-28T07:57:16.691Z,178790383669102
"""Harry = Fish @ kCN0-Qy2Mz"" collected 1162 from pot with Two Pair, Q's & 3's on the second run  (combination: K♣, 3♠, 3♥, Q♠, Q♣)",2026-08-28T07:57:16.691Z,178790383669101
"""Harry = Fish @ kCN0-Qy2Mz"" collected 1163 from pot with Pair, Q's (combination: 10♥, J♥, K♣, Q♠, Q♣)",2026-08-28T07:57:16.691Z,178790383669100
"River (second run): Q♣, J♥, 3♠, 5♠ [3♥]",2026-08-28T07:57:12.683Z,178790383268300
"Turn (second run): Q♣, J♥, 3♠ [5♠]",2026-08-28T07:57:08.678Z,178790382867800
"River: Q♣, J♥, 3♠, 8♠ [10♥]",2026-08-28T07:57:04.635Z,178790382463500
"Turn: Q♣, J♥, 3♠ [8♠]",2026-08-28T07:57:00.616Z,178790382061600
"""LingWae @ FQN9hzhzP_"" shows a K♦, 10♦.",2026-08-28T07:56:56.592Z,178790381659201
"""Harry = Fish @ kCN0-Qy2Mz"" shows a Q♠, K♣.",2026-08-28T07:56:56.592Z,178790381659200
"All players in hand choose to run it twice.",2026-08-28T07:56:55.772Z,178790381577201
"""LingWae @ FQN9hzhzP_"" chooses to  run it twice.",2026-08-28T07:56:55.772Z,178790381577200
"""Harry = Fish @ kCN0-Qy2Mz"" chooses to  run it twice.",2026-08-28T07:56:55.015Z,178790381501500
"Remaining players decide whether to run it twice.",2026-08-28T07:56:53.673Z,178790381367301
"""Harry = Fish @ kCN0-Qy2Mz"" calls 734",2026-08-28T07:56:53.673Z,178790381367300
"""LingWae @ FQN9hzhzP_"" bets 734 and go all in",2026-08-28T07:56:52.582Z,178790381258200
"Flop:  [Q♣, J♥, 3♠]",2026-08-28T07:56:48.861Z,178790380886100
"""LingWae @ FQN9hzhzP_"" calls 381",2026-08-28T07:56:48.038Z,178790380803800
"""Harry @ Q4OMcL0rqd"" folds",2026-08-28T07:56:46.873Z,178790380687300
"""Harry = Fish @ kCN0-Qy2Mz"" raises to 381",2026-08-28T07:56:44.528Z,178790380452800
"""jayden = fish @ d-4X_F_SSU"" folds",2026-08-28T07:56:40.694Z,178790380069400
"""LingWae @ FQN9hzhzP_"" raises to 167",2026-08-28T07:56:39.775Z,178790379977500
"""dick and balls @ gpP9uUffpu"" folds",2026-08-28T07:56:33.815Z,178790379381500
"""Harry @ Q4OMcL0rqd"" calls 85",2026-08-28T07:56:32.905Z,178790379290500
"""Harry = Fish @ kCN0-Qy2Mz"" raises to 85",2026-08-28T07:56:29.940Z,178790378994000
"""jayden = fish @ d-4X_F_SSU"" posts a big blind of 10",2026-08-28T07:56:22.027Z,178790378202709
"""LingWae @ FQN9hzhzP_"" posts a small blind of 5",2026-08-28T07:56:22.027Z,178790378202708
"Player stacks: #1 ""jayden = fish @ d-4X_F_SSU"" (310) | #2 ""Harry = Fish @ kCN0-Qy2Mz"" (5992) | #3 ""Harry @ Q4OMcL0rqd"" (1583) | #5 ""dick and balls @ gpP9uUffpu"" (1000) | #8 ""LingWae @ FQN9hzhzP_"" (1115)",2026-08-28T07:56:22.027Z,178790378202702
"-- starting hand #124 (id: oey4hey1bte4)  No Limit Texas Hold'em (dealer: ""dick and balls @ gpP9uUffpu"") --",2026-08-28T07:56:22.027Z,178790378202701
"The player ""dick and balls @ gpP9uUffpu"" rebought. New stack 1000.",2026-08-28T07:56:22.027Z,178790378202700
"Waiting for the game owner to approve or reject pending rebuy requests.",2026-08-28T07:56:20.568Z,178790378056801
"The player ""dick and balls @ gpP9uUffpu"" requested a rebuy of 1000.",2026-08-28T07:56:20.568Z,178790378056800
"Asking to busted players the rebuy decision.",2026-08-28T07:56:18.456Z,178790377845600
"""LingWae @ FQN9hzhzP_"" shows a 10♥, J♥.",2026-08-28T07:56:12.074Z,178790377207400
"-- ending hand #123 --",2026-08-28T07:56:09.903Z,178790376990302
"""Harry = Fish @ kCN0-Qy2Mz"" collected 1597 from pot with Two Pair, A's & K's on the second run  (combination: 8♦, K♦, K♠, A♠, A♥)",2026-08-28T07:56:09.903Z,178790376990301
"""Harry = Fish @ kCN0-Qy2Mz"" collected 1598 from pot with Pair, A's (combination: 8♦, Q♥, K♦, A♠, A♥)",2026-08-28T07:56:09.903Z,178790376990300
"River (second run): 5♣, 8♦, A♥, K♠ [2♣]",2026-08-28T07:56:05.899Z,178790376589900
"Turn (second run): 5♣, 8♦, A♥ [K♠]",2026-08-28T07:56:01.859Z,178790376185900
"River: 5♣, 8♦, A♥, 2♦ [Q♥]",2026-08-28T07:55:57.750Z,178790375775000
"Turn: 5♣, 8♦, A♥ [2♦]",2026-08-28T07:55:53.706Z,178790375370600
"""Harry = Fish @ kCN0-Qy2Mz"" shows a A♠, K♦.",2026-08-28T07:55:49.701Z,178790374970101
"Uncalled bet of 1115 returned to ""Harry = Fish @ kCN0-Qy2Mz""",2026-08-28T07:55:49.701Z,178790374970100
"""dick and balls @ gpP9uUffpu"" shows a 9♦, 10♦.",2026-08-28T07:55:49.388Z,178790374938800
"All players in hand choose to run it twice.",2026-08-28T07:55:48.894Z,178790374889401
"""dick and balls @ gpP9uUffpu"" chooses to  run it twice.",2026-08-28T07:55:48.894Z,178790374889400
"""Harry = Fish @ kCN0-Qy2Mz"" chooses to  run it twice.",2026-08-28T07:55:48.277Z,178790374827700
"Remaining players decide whether to run it twice.",2026-08-28T07:55:46.047Z,178790374604701
"""LingWae @ FQN9hzhzP_"" folds",2026-08-28T07:55:46.047Z,178790374604700
"""Harry = Fish @ kCN0-Qy2Mz"" bets 1115",2026-08-28T07:55:40.230Z,178790374023000
"""LingWae @ FQN9hzhzP_"" checks",2026-08-28T07:55:28.857Z,178790372885700
"Flop:  [5♣, 8♦, A♥]",2026-08-28T07:55:22.156Z,178790372215600
"""Harry = Fish @ kCN0-Qy2Mz"" calls 990",2026-08-28T07:55:21.253Z,178790372125300
"""jayden = fish @ d-4X_F_SSU"" folds",2026-08-28T07:54:57.377Z,178790369737700
"""LingWae @ FQN9hzhzP_"" calls 990",2026-08-28T07:54:56.406Z,178790369640600
"""dick and balls @ gpP9uUffpu"" raises to 990 and go all in",2026-08-28T07:54:37.986Z,178790367798600
"""Harry @ Q4OMcL0rqd"" folds",2026-08-28T07:54:36.550Z,178790367655000
"""Harry = Fish @ kCN0-Qy2Mz"" raises to 367",2026-08-28T07:54:33.869Z,178790367386900
"""jayden = fish @ d-4X_F_SSU"" calls 150",2026-08-28T07:54:27.979Z,178790366797900
"""LingWae @ FQN9hzhzP_"" calls 150",2026-08-28T07:54:26.904Z,178790366690400
"""dick and balls @ gpP9uUffpu"" raises to 150",2026-08-28T07:54:22.118Z,178790366211800
"""Harry @ Q4OMcL0rqd"" calls 75",2026-08-28T07:54:19.784Z,178790365978400
"""Harry = Fish @ kCN0-Qy2Mz"" raises to 75",2026-08-28T07:54:18.020Z,178790365802000
"""jayden = fish @ d-4X_F_SSU"" calls 10",2026-08-28T07:54:12.887Z,178790365288700
"""LingWae @ FQN9hzhzP_"" posts a big blind of 10",2026-08-28T07:54:10.762Z,178790365076210
"""dick and balls @ gpP9uUffpu"" posts a small blind of 5",2026-08-28T07:54:10.762Z,178790365076209
"Your hand is 9♦, 10♦",2026-08-28T07:54:10.762Z,178790365076207
"Player stacks: #1 ""jayden = fish @ d-4X_F_SSU"" (460) | #2 ""Harry = Fish @ kCN0-Qy2Mz"" (3787) | #3 ""Harry @ Q4OMcL0rqd"" (1658) | #5 ""dick and balls @ gpP9uUffpu"" (990) | #8 ""LingWae @ FQN9hzhzP_"" (2105)",2026-08-28T07:54:10.762Z,178790365076203
"-- starting hand #123 (id: s8ztgtbyxmhq)  No Limit Texas Hold'em (dealer: ""Harry @ Q4OMcL0rqd"") --",2026-08-28T07:54:10.762Z,178790365076202
"The admin updated the player ""Harry = Fish @ kCN0-Qy2Mz"" stack from 6787 to 3787.",2026-08-28T07:54:10.762Z,178790365076201
"The admin updated the player ""Harry @ Q4OMcL0rqd"" stack from 3658 to 1658.",2026-08-28T07:54:10.762Z,178790365076200
"-- ending hand #122 --",2026-08-28T07:54:04.759Z,178790364475903
"""Harry = Fish @ kCN0-Qy2Mz"" collected 297 from pot with Two Pair, J's & 9's (combination: K♦, 9♥, 9♣, J♦, J♣)",2026-08-28T07:54:04.759Z,178790364475902
"""Harry = Fish @ kCN0-Qy2Mz"" shows a 9♥, K♦.",2026-08-28T07:54:04.759Z,178790364475901
"""LingWae @ FQN9hzhzP_"" shows a K♥, 8♥.",2026-08-28T07:54:04.759Z,178790364475900
"""Harry = Fish @ kCN0-Qy2Mz"" checks",2026-08-28T07:54:03.955Z,178790364395500
"""LingWae @ FQN9hzhzP_"" checks",2026-08-28T07:53:57.052Z,178790363705200
"River: 2♠, J♦, 9♣, J♣ [5♠]",2026-08-28T07:53:55.412Z,178790363541200
"""LingWae @ FQN9hzhzP_"" calls 74",2026-08-28T07:53:54.596Z,178790363459600
"WARNING: the admin queued the stack change for the player ""Harry = Fish @ kCN0-Qy2Mz"" removing 3000 chips in the next hand.",2026-08-28T07:53:48.239Z,178790362823900
"""Harry = Fish @ kCN0-Qy2Mz"" bets 74",2026-08-28T07:53:46.629Z,178790362662900
"""LingWae @ FQN9hzhzP_"" checks",2026-08-28T07:53:42.716Z,178790362271600
"Turn: 2♠, J♦, 9♣ [J♣]",2026-08-28T07:53:40.746Z,178790362074600
"""Harry = Fish @ kCN0-Qy2Mz"" checks",2026-08-28T07:53:39.931Z,178790361993100
"WARNING: the admin queued the stack change for the player ""Harry = Fish @ kCN0-Qy2Mz"" removing 2000 chips in the next hand.",2026-08-28T07:53:34.046Z,178790361404600
"WARNING: the admin queued the stack change for the player ""Harry @ Q4OMcL0rqd"" removing 2000 chips in the next hand.",2026-08-28T07:53:26.761Z,178790360676100
"""LingWae @ FQN9hzhzP_"" checks",2026-08-28T07:53:21.207Z,178790360120700
"Flop:  [2♠, J♦, 9♣]",2026-08-28T07:53:11.309Z,178790359130900
"""dick and balls @ gpP9uUffpu"" folds",2026-08-28T07:53:10.494Z,178790359049400
"""Harry @ Q4OMcL0rqd"" folds",2026-08-28T07:53:09.540Z,178790358954000
"""Harry = Fish @ kCN0-Qy2Mz"" calls 67",2026-08-28T07:53:05.696Z,178790358569600
"""jayden = fish @ d-4X_F_SSU"" folds",2026-08-28T07:53:04.408Z,178790358440800
"""LingWae @ FQN9hzhzP_"" raises to 67",2026-08-28T07:53:03.473Z,178790358347300
"""dick and balls @ gpP9uUffpu"" posts a big blind of 10",2026-08-28T07:52:55.824Z,178790357582409
"""Harry @ Q4OMcL0rqd"" posts a small blind of 5",2026-08-28T07:52:55.824Z,178790357582408
"Player stacks: #1 ""jayden = fish @ d-4X_F_SSU"" (460) | #2 ""Harry = Fish @ kCN0-Qy2Mz"" (6631) | #3 ""Harry @ Q4OMcL0rqd"" (3663) | #5 ""dick and balls @ gpP9uUffpu"" (1000) | #8 ""LingWae @ FQN9hzhzP_"" (2246)",2026-08-28T07:52:55.824Z,178790357582402
"-- starting hand #122 (id: afgcnauc8is4)  No Limit Texas Hold'em (dealer: ""Harry = Fish @ kCN0-Qy2Mz"") --",2026-08-28T07:52:55.824Z,178790357582401
"The player ""dick and balls @ gpP9uUffpu"" rebought. New stack 1000.",2026-08-28T07:52:55.824Z,178790357582400
"Waiting for the game owner to approve or reject pending rebuy requests.",2026-08-28T07:52:53.608Z,178790357360801
"The player ""dick and balls @ gpP9uUffpu"" requested a rebuy of 1000.",2026-08-28T07:52:53.608Z,178790357360800
"Asking to busted players the rebuy decision.",2026-08-28T07:52:51.446Z,178790357144600
"""jayden = fish @ d-4X_F_SSU"" shows a 5♠.",2026-08-28T07:52:49.384Z,178790356938400
"""jayden = fish @ d-4X_F_SSU"" shows a 2♦.",2026-08-28T07:52:48.628Z,178790356862800
"""Harry @ Q4OMcL0rqd"" shows a 3♦.",2026-08-28T07:52:45.264Z,178790356526400
"""LingWae @ FQN9hzhzP_"" shows a 2♣, 7♦.",2026-08-28T07:52:43.285Z,178790356328500
"-- ending hand #121 --",2026-08-28T07:52:41.918Z,178790356191802
"""Harry = Fish @ kCN0-Qy2Mz"" collected 858 from pot with Pair, Q's on the second run  (combination: 7♥, 10♦, A♥, Q♥, Q♦)",2026-08-28T07:52:41.918Z,178790356191801
"""Harry = Fish @ kCN0-Qy2Mz"" collected 859 from pot with Two Pair, A's & Q's (combination: 10♥, Q♥, Q♦, A♥, A♣)",2026-08-28T07:52:41.918Z,178790356191800
"River (second run): 3♣, Q♦, A♥, 4♥ [10♦]",2026-08-28T07:52:37.914Z,178790355791400
"Turn (second run): 3♣, Q♦, A♥ [4♥]",2026-08-28T07:52:33.901Z,178790355390100
"River: 3♣, Q♦, A♥, A♣ [10♥]",2026-08-28T07:52:29.846Z,178790354984600
"Turn: 3♣, Q♦, A♥ [A♣]",2026-08-28T07:52:25.803Z,178790354580300
"""Harry = Fish @ kCN0-Qy2Mz"" shows a Q♥, 7♥.",2026-08-28T07:52:21.776Z,178790354177600
"""dick and balls @ gpP9uUffpu"" shows a 4♦, 5♦.",2026-08-28T07:52:21.400Z,178790354140000
"All players in hand choose to run it twice.",2026-08-28T07:52:20.917Z,178790354091701
"""dick and balls @ gpP9uUffpu"" chooses to  run it twice.",2026-08-28T07:52:20.917Z,178790354091700
"""Harry = Fish @ kCN0-Qy2Mz"" chooses to  run it twice.",2026-08-28T07:52:20.765Z,178790354076500
"Remaining players decide whether to run it twice.",2026-08-28T07:52:19.455Z,178790353945501
"""Harry = Fish @ kCN0-Qy2Mz"" calls 603",2026-08-28T07:52:19.455Z,178790353945500
"""LingWae @ FQN9hzhzP_"" folds",2026-08-28T07:51:51.625Z,178790351162500
"""dick and balls @ gpP9uUffpu"" bets 603 and go all in",2026-08-28T07:51:46.252Z,178790350625200
"""Harry = Fish @ kCN0-Qy2Mz"" checks",2026-08-28T07:51:44.225Z,178790350422500
"Flop:  [3♣, Q♦, A♥]",2026-08-28T07:51:42.068Z,178790350206800
"""dick and balls @ gpP9uUffpu"" calls 167",2026-08-28T07:51:41.256Z,178790350125600
"""Harry @ Q4OMcL0rqd"" folds",2026-08-28T07:51:40.012Z,178790350001200
"""Harry = Fish @ kCN0-Qy2Mz"" calls 167",2026-08-28T07:51:38.760Z,178790349876000
"""jayden = fish @ d-4X_F_SSU"" folds",2026-08-28T07:51:32.481Z,178790349248100
"""LingWae @ FQN9hzhzP_"" raises to 167",2026-08-28T07:51:31.543Z,178790349154300
"""dick and balls @ gpP9uUffpu"" raises to 40",2026-08-28T07:51:28.846Z,178790348884600
"""Harry @ Q4OMcL0rqd"" posts a big blind of 10",2026-08-28T07:51:26.883Z,178790348688308
"""Harry = Fish @ kCN0-Qy2Mz"" posts a small blind of 5",2026-08-28T07:51:26.883Z,178790348688307
"Your hand is 4♦, 5♦",2026-08-28T07:51:26.883Z,178790348688305
"Player stacks: #1 ""jayden = fish @ d-4X_F_SSU"" (460) | #2 ""Harry = Fish @ kCN0-Qy2Mz"" (5684) | #3 ""Harry @ Q4OMcL0rqd"" (3673) | #5 ""dick and balls @ gpP9uUffpu"" (770) | #8 ""LingWae @ FQN9hzhzP_"" (2413)",2026-08-28T07:51:26.883Z,178790348688301
"-- starting hand #121 (id: swwssleivvmt)  No Limit Texas Hold'em (dealer: ""jayden = fish @ d-4X_F_SSU"") --",2026-08-28T07:51:26.883Z,178790348688300
"-- ending hand #120 --",2026-08-28T07:51:20.834Z,178790348083402
"""Harry = Fish @ kCN0-Qy2Mz"" collected 2437 from pot with Two Pair, K's & J's (combination: A♠, J♦, J♥, K♥, K♣)",2026-08-28T07:51:20.834Z,178790348083401
"""Harry = Fish @ kCN0-Qy2Mz"" shows a J♦, K♥.",2026-08-28T07:51:20.834Z,178790348083400
"""dick and balls @ gpP9uUffpu"" calls 731",2026-08-28T07:51:20.011Z,178790348001100
"""Harry = Fish @ kCN0-Qy2Mz"" bets 731",2026-08-28T07:51:19.016Z,178790347901600
"River: A♠, 6♣, J♥, K♣ [4♠]",2026-08-28T07:51:09.968Z,178790346996800
"""Harry = Fish @ kCN0-Qy2Mz"" calls 110",2026-08-28T07:51:09.157Z,178790346915700
"""dick and balls @ gpP9uUffpu"" bets 110",2026-08-28T07:51:02.778Z,178790346277800
"""Harry = Fish @ kCN0-Qy2Mz"" checks",2026-08-28T07:50:58.052Z,178790345805200
"Turn: A♠, 6♣, J♥ [K♣]",2026-08-28T07:50:56.188Z,178790345618800
"""dick and balls @ gpP9uUffpu"" calls 167",2026-08-28T07:50:55.378Z,178790345537800
"""Harry = Fish @ kCN0-Qy2Mz"" raises to 167",2026-08-28T07:50:52.981Z,178790345298100
"""jayden = fish @ d-4X_F_SSU"" folds",2026-08-28T07:50:43.345Z,178790344334500
"""dick and balls @ gpP9uUffpu"" bets 80",2026-08-28T07:50:42.405Z,178790344240500
"""Harry = Fish @ kCN0-Qy2Mz"" checks",2026-08-28T07:50:39.371Z,178790343937100
"""jayden = fish @ d-4X_F_SSU"" checks",2026-08-28T07:50:37.683Z,178790343768300
"Flop:  [A♠, 6♣, J♥]",2026-08-28T07:50:34.594Z,178790343459400
"""jayden = fish @ d-4X_F_SSU"" calls 137",2026-08-28T07:50:33.789Z,178790343378900
"""dick and balls @ gpP9uUffpu"" calls 137",2026-08-28T07:50:32.094Z,178790343209400
"""Harry @ Q4OMcL0rqd"" folds",2026-08-28T07:50:30.923Z,178790343092300
"""Harry = Fish @ kCN0-Qy2Mz"" raises to 137",2026-08-28T07:50:29.762Z,178790342976200
"""jayden = fish @ d-4X_F_SSU"" calls 40",2026-08-28T07:50:25.491Z,178790342549100
"""LingWae @ FQN9hzhzP_"" folds",2026-08-28T07:50:23.855Z,178790342385500
"""dick and balls @ gpP9uUffpu"" raises to 40",2026-08-28T07:50:22.169Z,178790342216900
"""Harry @ Q4OMcL0rqd"" calls 10",2026-08-28T07:50:19.082Z,178790341908200
"""Harry = Fish @ kCN0-Qy2Mz"" posts a big blind of 10",2026-08-28T07:50:17.557Z,178790341755708
"""jayden = fish @ d-4X_F_SSU"" posts a small blind of 5",2026-08-28T07:50:17.557Z,178790341755707
"Player stacks: #1 ""jayden = fish @ d-4X_F_SSU"" (597) | #2 ""Harry = Fish @ kCN0-Qy2Mz"" (4392) | #3 ""Harry @ Q4OMcL0rqd"" (3683) | #5 ""dick and balls @ gpP9uUffpu"" (1915) | #8 ""LingWae @ FQN9hzhzP_"" (2413)",2026-08-28T07:50:17.557Z,178790341755701
"-- starting hand #120 (id: 8pu9aiyarn0m)  No Limit Texas Hold'em (dealer: ""LingWae @ FQN9hzhzP_"") --",2026-08-28T07:50:17.557Z,178790341755700
"""dick and balls @ gpP9uUffpu"" shows a J♦.",2026-08-28T07:50:11.903Z,178790341190300
"""Harry = Fish @ kCN0-Qy2Mz"" shows a 9♣, Q♥.",2026-08-28T07:50:11.032Z,178790341103200
"Undealt cards: J♣, 10♣, 4♦, K♥ [8♦]",2026-08-28T07:50:10.463Z,178790341046300
"-- ending hand #119 --",2026-08-28T07:50:10.171Z,178790341017102
"""dick and balls @ gpP9uUffpu"" collected 775 from pot",2026-08-28T07:50:10.171Z,178790341017101
"Uncalled bet of 775 returned to ""dick and balls @ gpP9uUffpu""",2026-08-28T07:50:10.171Z,178790341017100
"""Harry @ Q4OMcL0rqd"" folds",2026-08-28T07:50:09.341Z,178790340934100
"""dick and balls @ gpP9uUffpu"" bets 775",2026-08-28T07:49:59.289Z,178790339928900
"""Harry @ Q4OMcL0rqd"" checks",2026-08-28T07:49:56.573Z,178790339657300
"Turn: J♣, 10♣, 4♦ [K♥]",2026-08-28T07:49:54.961Z,178790339496100
"""Harry = Fish @ kCN0-Qy2Mz"" folds",2026-08-28T07:49:54.106Z,178790339410600
"""dick and balls @ gpP9uUffpu"" calls 140",2026-08-28T07:49:52.644Z,178790339264400
"""Harry @ Q4OMcL0rqd"" bets 140",2026-08-28T07:49:50.816Z,178790339081600
"""Harry = Fish @ kCN0-Qy2Mz"" checks",2026-08-28T07:49:48.440Z,178790338844000
"Flop:  [J♣, 10♣, 4♦]",2026-08-28T07:49:44.594Z,178790338459400
"""Harry @ Q4OMcL0rqd"" calls 160",2026-08-28T07:49:43.750Z,178790338375000
"""Harry = Fish @ kCN0-Qy2Mz"" calls 160",2026-08-28T07:49:39.891Z,178790337989100
"""jayden = fish @ d-4X_F_SSU"" folds",2026-08-28T07:49:38.243Z,178790337824300
"""LingWae @ FQN9hzhzP_"" folds",2026-08-28T07:49:36.421Z,178790337642100
"""dick and balls @ gpP9uUffpu"" raises to 160",2026-08-28T07:49:27.536Z,178790336753600
"""Harry @ Q4OMcL0rqd"" calls 55",2026-08-28T07:49:24.684Z,178790336468400
"""Harry = Fish @ kCN0-Qy2Mz"" raises to 55",2026-08-28T07:49:22.223Z,178790336222300
"""jayden = fish @ d-4X_F_SSU"" posts a big blind of 10",2026-08-28T07:49:16.556Z,178790335655608
"""LingWae @ FQN9hzhzP_"" posts a small blind of 5",2026-08-28T07:49:16.556Z,178790335655607
"Player stacks: #1 ""jayden = fish @ d-4X_F_SSU"" (607) | #2 ""Harry = Fish @ kCN0-Qy2Mz"" (4552) | #3 ""Harry @ Q4OMcL0rqd"" (3983) | #5 ""dick and balls @ gpP9uUffpu"" (1440) | #8 ""LingWae @ FQN9hzhzP_"" (2418)",2026-08-28T07:49:16.556Z,178790335655601
"-- starting hand #119 (id: ttkvsa7ybjcd)  No Limit Texas Hold'em (dealer: ""dick and balls @ gpP9uUffpu"") --",2026-08-28T07:49:16.556Z,178790335655600
"-- ending hand #118 --",2026-08-28T07:49:10.551Z,178790335055102
"""Harry @ Q4OMcL0rqd"" collected 1988 from pot with Two Pair, A's & 4's (combination: 8♣, 4♥, 4♠, A♥, A♠)",2026-08-28T07:49:10.551Z,178790335055101
"""Harry @ Q4OMcL0rqd"" shows a 6♥, A♥.",2026-08-28T07:49:10.551Z,178790335055100
"""jayden = fish @ d-4X_F_SSU"" calls 500",2026-08-28T07:49:09.743Z,178790334974300
"""LingWae @ FQN9hzhzP_"" folds",2026-08-28T07:49:08.780Z,178790334878000
"""Harry @ Q4OMcL0rqd"" bets 500",2026-08-28T07:49:05.803Z,178790334580300
"""jayden = fish @ d-4X_F_SSU"" checks",2026-08-28T07:49:03.428Z,178790334342800
"""LingWae @ FQN9hzhzP_"" checks",2026-08-28T07:49:02.500Z,178790334250000
"River: A♠, 8♣, 4♥, 4♠ [2♣]",2026-08-28T07:48:59.275Z,178790333927500
"""Harry @ Q4OMcL0rqd"" calls 67",2026-08-28T07:48:58.367Z,178790333836700
"""jayden = fish @ d-4X_F_SSU"" calls 67",2026-08-28T07:48:57.136Z,178790333713600
"""LingWae @ FQN9hzhzP_"" bets 67",2026-08-28T07:48:55.941Z,178790333594100
"Turn: A♠, 8♣, 4♥ [4♠]",2026-08-28T07:48:53.069Z,178790333306900
"""Harry @ Q4OMcL0rqd"" calls 67",2026-08-28T07:48:52.180Z,178790333218000
"""jayden = fish @ d-4X_F_SSU"" calls 67",2026-08-28T07:48:50.641Z,178790333064100
"""LingWae @ FQN9hzhzP_"" bets 67",2026-08-28T07:48:48.869Z,178790332886900
"Flop:  [A♠, 8♣, 4♥]",2026-08-28T07:48:41.661Z,178790332166100
"""dick and balls @ gpP9uUffpu"" folds",2026-08-28T07:48:40.851Z,178790332085100
"""Harry @ Q4OMcL0rqd"" calls 167",2026-08-28T07:48:39.913Z,178790331991300
"""Harry = Fish @ kCN0-Qy2Mz"" folds",2026-08-28T07:48:38.433Z,178790331843300
"""jayden = fish @ d-4X_F_SSU"" calls 167",2026-08-28T07:48:29.581Z,178790330958100
"""LingWae @ FQN9hzhzP_"" raises to 167",2026-08-28T07:48:27.417Z,178790330741700
"""dick and balls @ gpP9uUffpu"" calls 40",2026-08-28T07:48:24.788Z,178790330478800
"""Harry @ Q4OMcL0rqd"" calls 40",2026-08-28T07:48:21.962Z,178790330196200
"""Harry = Fish @ kCN0-Qy2Mz"" calls 40",2026-08-28T07:48:20.625Z,178790330062500
"""jayden = fish @ d-4X_F_SSU"" raises to 40",2026-08-28T07:48:19.079Z,178790329907900
"""Harry = Fish @ kCN0-Qy2Mz"" posts a missed big blind of 10",2026-08-28T07:48:17.009Z,178790329700911
"""Harry = Fish @ kCN0-Qy2Mz"" posts a missing small blind of 5",2026-08-28T07:48:17.009Z,178790329700910
"""LingWae @ FQN9hzhzP_"" posts a big blind of 10",2026-08-28T07:48:17.009Z,178790329700909
"""dick and balls @ gpP9uUffpu"" posts a small blind of 5",2026-08-28T07:48:17.009Z,178790329700908
"Player stacks: #1 ""jayden = fish @ d-4X_F_SSU"" (1408) | #2 ""Harry = Fish @ kCN0-Qy2Mz"" (4597) | #3 ""Harry @ Q4OMcL0rqd"" (2796) | #5 ""dick and balls @ gpP9uUffpu"" (1480) | #8 ""LingWae @ FQN9hzhzP_"" (2719)",2026-08-28T07:48:17.009Z,178790329700902
"-- starting hand #118 (id: siez5mtuuodu)  No Limit Texas Hold'em (dealer: ""Harry @ Q4OMcL0rqd"") --",2026-08-28T07:48:17.009Z,178790329700901
"The player ""Harry = Fish @ kCN0-Qy2Mz"" joined the game with a stack of 4597.",2026-08-28T07:48:17.009Z,178790329700900
"""LingWae @ FQN9hzhzP_"" shows a 3♣.",2026-08-28T07:48:13.688Z,178790329368800
"Undealt cards: A♦, K♥, 4♦ [A♠, 5♦]",2026-08-28T07:48:10.864Z,178790329086400
"-- ending hand #117 --",2026-08-28T07:48:10.397Z,178790329039702
"""dick and balls @ gpP9uUffpu"" collected 160 from pot",2026-08-28T07:48:10.397Z,178790329039701
"Uncalled bet of 80 returned to ""dick and balls @ gpP9uUffpu""",2026-08-28T07:48:10.397Z,178790329039700
"""Harry @ Q4OMcL0rqd"" folds",2026-08-28T07:48:09.580Z,178790328958000
"""jayden = fish @ d-4X_F_SSU"" folds",2026-08-28T07:48:08.006Z,178790328800600
"""LingWae @ FQN9hzhzP_"" folds",2026-08-28T07:48:07.066Z,178790328706600
"""dick and balls @ gpP9uUffpu"" bets 80",2026-08-28T07:48:04.382Z,178790328438200
"""Harry @ Q4OMcL0rqd"" checks",2026-08-28T07:48:01.203Z,178790328120300
"Flop:  [A♦, K♥, 4♦]",2026-08-28T07:47:51.362Z,178790327136200
"""Harry @ Q4OMcL0rqd"" calls 40",2026-08-28T07:47:50.539Z,178790327053900
"""jayden = fish @ d-4X_F_SSU"" calls 40",2026-08-28T07:47:48.672Z,178790326867200
"""LingWae @ FQN9hzhzP_"" calls 40",2026-08-28T07:47:47.014Z,178790326701400
"""dick and balls @ gpP9uUffpu"" raises to 40",2026-08-28T07:47:44.128Z,178790326412800
"""Harry @ Q4OMcL0rqd"" calls 10",2026-08-28T07:47:42.414Z,178790326241400
"""jayden = fish @ d-4X_F_SSU"" calls 10",2026-08-28T07:47:37.342Z,178790325734200
"""LingWae @ FQN9hzhzP_"" calls 10",2026-08-28T07:47:32.568Z,178790325256800
"""dick and balls @ gpP9uUffpu"" posts a big blind of 10",2026-08-28T07:47:29.724Z,178790324972407
"""Harry @ Q4OMcL0rqd"" posts a small blind of 5",2026-08-28T07:47:29.724Z,178790324972406
"Player stacks: #1 ""jayden = fish @ d-4X_F_SSU"" (1448) | #3 ""Harry @ Q4OMcL0rqd"" (2836) | #5 ""dick and balls @ gpP9uUffpu"" (1360) | #8 ""LingWae @ FQN9hzhzP_"" (2759)",2026-08-28T07:47:29.724Z,178790324972401
"-- starting hand #117 (id: svdiszwyhpli)  No Limit Texas Hold'em (dealer: ""jayden = fish @ d-4X_F_SSU"") --",2026-08-28T07:47:29.724Z,178790324972400
"""LingWae @ FQN9hzhzP_"" shows a Q♥.",2026-08-28T07:47:28.129Z,178790324812900
"-- ending hand #116 --",2026-08-28T07:47:26.099Z,178790324609902
"""Harry @ Q4OMcL0rqd"" collected 490 from pot",2026-08-28T07:47:26.099Z,178790324609901
"Uncalled bet of 250 returned to ""Harry @ Q4OMcL0rqd""",2026-08-28T07:47:26.099Z,178790324609900
"""jayden = fish @ d-4X_F_SSU"" folds",2026-08-28T07:47:25.247Z,178790324524700
"""Harry @ Q4OMcL0rqd"" bets 250",2026-08-28T07:47:24.041Z,178790324404100
"""jayden = fish @ d-4X_F_SSU"" checks",2026-08-28T07:47:04.535Z,178790322453500
"The player ""Harry = Fish @ kCN0-Qy2Mz"" sit back with the stack of 4597.",2026-08-28T07:47:02.924Z,178790322292400
"River: 2♣, Q♦, 4♠, 8♥ [6♥]",2026-08-28T07:47:02.864Z,178790322286400
"""jayden = fish @ d-4X_F_SSU"" calls 120",2026-08-28T07:47:02.037Z,178790322203700
"""Harry @ Q4OMcL0rqd"" bets 120",2026-08-28T07:47:00.356Z,178790322035600
"""jayden = fish @ d-4X_F_SSU"" checks",2026-08-28T07:46:57.691Z,178790321769100
"Turn: 2♣, Q♦, 4♠ [8♥]",2026-08-28T07:46:56.421Z,178790321642100
"""Harry @ Q4OMcL0rqd"" checks",2026-08-28T07:46:55.611Z,178790321561100
"""jayden = fish @ d-4X_F_SSU"" checks",2026-08-28T07:46:54.110Z,178790321411000
"Flop:  [2♣, Q♦, 4♠]",2026-08-28T07:46:52.095Z,178790321209500
"""jayden = fish @ d-4X_F_SSU"" calls 120",2026-08-28T07:46:51.264Z,178790321126400
"""LingWae @ FQN9hzhzP_"" folds",2026-08-28T07:46:47.112Z,178790320711200
"""Harry @ Q4OMcL0rqd"" raises to 120",2026-08-28T07:46:44.336Z,178790320433600
"""jayden = fish @ d-4X_F_SSU"" raises to 40",2026-08-28T07:46:41.889Z,178790320188900
"""LingWae @ FQN9hzhzP_"" calls 10",2026-08-28T07:46:32.620Z,178790319262000
"""dick and balls @ gpP9uUffpu"" folds",2026-08-28T07:46:29.411Z,178790318941100
"""Harry @ Q4OMcL0rqd"" posts a big blind of 10",2026-08-28T07:46:27.563Z,178790318756307
"""jayden = fish @ d-4X_F_SSU"" posts a small blind of 5",2026-08-28T07:46:27.563Z,178790318756306
"Player stacks: #1 ""jayden = fish @ d-4X_F_SSU"" (1688) | #3 ""Harry @ Q4OMcL0rqd"" (2586) | #5 ""dick and balls @ gpP9uUffpu"" (1360) | #8 ""LingWae @ FQN9hzhzP_"" (2769)",2026-08-28T07:46:27.563Z,178790318756301
"-- starting hand #116 (id: 2jhs49tbhhjm)  No Limit Texas Hold'em (dealer: ""LingWae @ FQN9hzhzP_"") --",2026-08-28T07:46:27.563Z,178790318756300
"""Harry @ Q4OMcL0rqd"" shows a 8♥.",2026-08-28T07:46:26.256Z,178790318625600
"-- ending hand #115 --",2026-08-28T07:46:23.888Z,178790318388802
"""dick and balls @ gpP9uUffpu"" collected 376 from pot",2026-08-28T07:46:23.888Z,178790318388801
"Uncalled bet of 282 returned to ""dick and balls @ gpP9uUffpu""",2026-08-28T07:46:23.888Z,178790318388800
"""jayden = fish @ d-4X_F_SSU"" folds",2026-08-28T07:46:23.064Z,178790318306400
"""LingWae @ FQN9hzhzP_"" folds",2026-08-28T07:46:22.088Z,178790318208800
"""dick and balls @ gpP9uUffpu"" bets 282",2026-08-28T07:46:20.863Z,178790318086300
"""jayden = fish @ d-4X_F_SSU"" checks",2026-08-28T07:46:18.625Z,178790317862500
"""LingWae @ FQN9hzhzP_"" checks",2026-08-28T07:46:17.556Z,178790317755600
"River: K♦, 7♦, A♦, 3♥ [K♥]",2026-08-28T07:46:14.550Z,178790317455000
"""dick and balls @ gpP9uUffpu"" calls 36",2026-08-28T07:46:13.653Z,178790317365300
"""jayden = fish @ d-4X_F_SSU"" calls 36",2026-08-28T07:46:12.716Z,178790317271600
"""LingWae @ FQN9hzhzP_"" bets 36",2026-08-28T07:46:11.533Z,178790317153300
"Turn: K♦, 7♦, A♦ [3♥]",2026-08-28T07:46:07.619Z,178790316761900
"""dick and balls @ gpP9uUffpu"" calls 36",2026-08-28T07:46:06.804Z,178790316680400
"""Harry @ Q4OMcL0rqd"" folds",2026-08-28T07:46:05.895Z,178790316589500
"""jayden = fish @ d-4X_F_SSU"" calls 36",2026-08-28T07:46:04.843Z,178790316484300
"""LingWae @ FQN9hzhzP_"" bets 36",2026-08-28T07:46:03.603Z,178790316360300
"Flop:  [K♦, 7♦, A♦]",2026-08-28T07:45:58.061Z,178790315806100
"""Harry @ Q4OMcL0rqd"" calls 40",2026-08-28T07:45:57.192Z,178790315719200
"""jayden = fish @ d-4X_F_SSU"" calls 40",2026-08-28T07:45:49.007Z,178790314900700
"""LingWae @ FQN9hzhzP_"" calls 40",2026-08-28T07:45:48.085Z,178790314808500
"""dick and balls @ gpP9uUffpu"" raises to 40",2026-08-28T07:45:45.449Z,178790314544900
"""Harry @ Q4OMcL0rqd"" calls 10",2026-08-28T07:45:42.471Z,178790314247100
"""jayden = fish @ d-4X_F_SSU"" posts a big blind of 10",2026-08-28T07:45:36.270Z,178790313627007
"""LingWae @ FQN9hzhzP_"" posts a small blind of 5",2026-08-28T07:45:36.270Z,178790313627006
"Player stacks: #1 ""jayden = fish @ d-4X_F_SSU"" (1800) | #3 ""Harry @ Q4OMcL0rqd"" (2626) | #5 ""dick and balls @ gpP9uUffpu"" (1096) | #8 ""LingWae @ FQN9hzhzP_"" (2881)",2026-08-28T07:45:36.270Z,178790313627001
"-- starting hand #115 (id: bshbpvuimksz)  No Limit Texas Hold'em (dealer: ""dick and balls @ gpP9uUffpu"") --",2026-08-28T07:45:36.270Z,178790313627000
"Undealt cards: 3♠, K♣, 10♣ [7♥, 5♦]",2026-08-28T07:45:31.943Z,178790313194300
"-- ending hand #114 --",2026-08-28T07:45:30.363Z,178790313036302
"""dick and balls @ gpP9uUffpu"" collected 600 from pot",2026-08-28T07:45:30.363Z,178790313036301
"Uncalled bet of 496 returned to ""dick and balls @ gpP9uUffpu""",2026-08-28T07:45:30.363Z,178790313036300
"""Harry @ Q4OMcL0rqd"" folds",2026-08-28T07:45:29.478Z,178790312947800
"""jayden = fish @ d-4X_F_SSU"" folds",2026-08-28T07:45:26.826Z,178790312682600
"""LingWae @ FQN9hzhzP_"" folds",2026-08-28T07:45:25.343Z,178790312534300
"""dick and balls @ gpP9uUffpu"" raises to 636 and go all in",2026-08-28T07:45:23.719Z,178790312371900
"""Harry @ Q4OMcL0rqd"" bets 140",2026-08-28T07:45:20.668Z,178790312066800
"""jayden = fish @ d-4X_F_SSU"" checks",2026-08-28T07:45:17.408Z,178790311740800
"""LingWae @ FQN9hzhzP_"" checks",2026-08-28T07:45:15.477Z,178790311547700
"""dick and balls @ gpP9uUffpu"" checks",2026-08-28T07:45:13.728Z,178790311372800
"Flop:  [3♠, K♣, 10♣]",2026-08-28T07:45:11.185Z,178790311118500
"""Harry @ Q4OMcL0rqd"" calls 80",2026-08-28T07:45:10.381Z,178790311038100
"""jayden = fish @ d-4X_F_SSU"" calls 80",2026-08-28T07:45:08.712Z,178790310871200
"""LingWae @ FQN9hzhzP_"" calls 80",2026-08-28T07:45:05.061Z,178790310506100
"""dick and balls @ gpP9uUffpu"" raises to 80",2026-08-28T07:44:58.552Z,178790309855200
"""Harry @ Q4OMcL0rqd"" calls 20",2026-08-28T07:44:56.008Z,178790309600800
"""jayden = fish @ d-4X_F_SSU"" raises to 20",2026-08-28T07:44:53.017Z,178790309301700
"""LingWae @ FQN9hzhzP_"" posts a big blind of 10",2026-08-28T07:44:49.989Z,178790308998907
"""dick and balls @ gpP9uUffpu"" posts a small blind of 5",2026-08-28T07:44:49.989Z,178790308998906
"Player stacks: #1 ""jayden = fish @ d-4X_F_SSU"" (1880) | #3 ""Harry @ Q4OMcL0rqd"" (2846) | #5 ""dick and balls @ gpP9uUffpu"" (716) | #8 ""LingWae @ FQN9hzhzP_"" (2961)",2026-08-28T07:44:49.989Z,178790308998901
"-- starting hand #114 (id: hlm6kexlo2ad)  No Limit Texas Hold'em (dealer: ""Harry @ Q4OMcL0rqd"") --",2026-08-28T07:44:49.989Z,178790308998900
"""LingWae @ FQN9hzhzP_"" shows a 8♠.",2026-08-28T07:44:46.613Z,178790308661300
"-- ending hand #113 --",2026-08-28T07:44:43.385Z,178790308338502
"""LingWae @ FQN9hzhzP_"" collected 459 from pot",2026-08-28T07:44:43.385Z,178790308338501
"Uncalled bet of 167 returned to ""LingWae @ FQN9hzhzP_""",2026-08-28T07:44:43.385Z,178790308338500
"""Harry @ Q4OMcL0rqd"" folds",2026-08-28T07:44:42.578Z,178790308257800
"""LingWae @ FQN9hzhzP_"" bets 167",2026-08-28T07:44:41.597Z,178790308159700
"""Harry @ Q4OMcL0rqd"" checks",2026-08-28T07:44:38.661Z,178790307866100
"Turn: 8♥, 2♣, 3♥ [10♠]",2026-08-28T07:44:34.457Z,178790307445700
"""Harry @ Q4OMcL0rqd"" calls 167",2026-08-28T07:44:33.641Z,178790307364100
"""jayden = fish @ d-4X_F_SSU"" folds",2026-08-28T07:44:31.966Z,178790307196600
"""LingWae @ FQN9hzhzP_"" raises to 167",2026-08-28T07:44:29.837Z,178790306983700
"""dick and balls @ gpP9uUffpu"" folds",2026-08-28T07:44:27.356Z,178790306735600
"""Harry @ Q4OMcL0rqd"" bets 60",2026-08-28T07:44:24.723Z,178790306472300
"Flop:  [8♥, 2♣, 3♥]",2026-08-28T07:44:19.372Z,178790305937200
"""LingWae @ FQN9hzhzP_"" calls 30",2026-08-28T07:44:18.531Z,178790305853100
"""dick and balls @ gpP9uUffpu"" calls 30",2026-08-28T07:44:10.051Z,178790305005100
"""Harry @ Q4OMcL0rqd"" calls 30",2026-08-28T07:44:09.008Z,178790304900800
"""jayden = fish @ d-4X_F_SSU"" raises to 30",2026-08-28T07:44:02.737Z,178790304273700
"""LingWae @ FQN9hzhzP_"" checks",2026-08-28T07:43:54.869Z,178790303486900
"""LingWae @ FQN9hzhzP_"" posts a missed big blind of 10",2026-08-28T07:43:42.368Z,178790302236810
"""LingWae @ FQN9hzhzP_"" posts a missing small blind of 5",2026-08-28T07:43:42.368Z,178790302236809
"""dick and balls @ gpP9uUffpu"" posts a big blind of 10",2026-08-28T07:43:42.368Z,178790302236808
"""Harry @ Q4OMcL0rqd"" posts a small blind of 5",2026-08-28T07:43:42.368Z,178790302236807
"Player stacks: #1 ""jayden = fish @ d-4X_F_SSU"" (1910) | #3 ""Harry @ Q4OMcL0rqd"" (3043) | #5 ""dick and balls @ gpP9uUffpu"" (746) | #8 ""LingWae @ FQN9hzhzP_"" (2704)",2026-08-28T07:43:42.368Z,178790302236802
"-- starting hand #113 (id: ttfq2w3seczs)  No Limit Texas Hold'em (dead button) --",2026-08-28T07:43:42.368Z,178790302236801
"The player ""LingWae @ FQN9hzhzP_"" joined the game with a stack of 2704.",2026-08-28T07:43:42.368Z,178790302236800
"-- ending hand #112 --",2026-08-28T07:43:36.362Z,178790301636203
"""Harry @ Q4OMcL0rqd"" collected 2430 from pot with Three of a Kind, Q's (combination: 10♦, A♣, Q♠, Q♦, Q♣)",2026-08-28T07:43:36.362Z,178790301636202
"""Harry @ Q4OMcL0rqd"" shows a Q♠, 8♣.",2026-08-28T07:43:36.362Z,178790301636201
"""dick and balls @ gpP9uUffpu"" shows a J♦, 7♦.",2026-08-28T07:43:36.362Z,178790301636200
"""Harry @ Q4OMcL0rqd"" calls 1080",2026-08-28T07:43:35.510Z,178790301551000
"The player ""LingWae @ FQN9hzhzP_"" sit back with the stack of 2704.",2026-08-28T07:43:34.717Z,178790301471700
"""jayden = fish @ d-4X_F_SSU"" folds",2026-08-28T07:43:22.556Z,178790300255600
"""dick and balls @ gpP9uUffpu"" raises to 1080",2026-08-28T07:43:21.030Z,178790300103000
"""Harry @ Q4OMcL0rqd"" bets 270",2026-08-28T07:43:16.176Z,178790299617600
"""jayden = fish @ d-4X_F_SSU"" checks",2026-08-28T07:43:11.005Z,178790299100500
"River: 6♥, Q♦, Q♣, 10♦ [A♣]",2026-08-28T07:43:09.983Z,178790298998300
"""jayden = fish @ d-4X_F_SSU"" calls 50",2026-08-28T07:43:09.169Z,178790298916900
"""dick and balls @ gpP9uUffpu"" calls 50",2026-08-28T07:43:08.183Z,178790298818300
"""Harry @ Q4OMcL0rqd"" raises to 50",2026-08-28T07:43:07.238Z,178790298723800
"""jayden = fish @ d-4X_F_SSU"" bets 10",2026-08-28T07:43:02.852Z,178790298285200
"Turn: 6♥, Q♦, Q♣ [10♦]",2026-08-28T07:43:01.770Z,178790298177000
"""dick and balls @ gpP9uUffpu"" checks",2026-08-28T07:43:00.940Z,178790298094000
"""Harry @ Q4OMcL0rqd"" checks",2026-08-28T07:42:59.592Z,178790297959200
"""jayden = fish @ d-4X_F_SSU"" checks",2026-08-28T07:42:55.544Z,178790297554400
"Flop:  [6♥, Q♦, Q♣]",2026-08-28T07:42:54.141Z,178790297414100
"""Harry @ Q4OMcL0rqd"" calls 40",2026-08-28T07:42:53.306Z,178790297330600
"""jayden = fish @ d-4X_F_SSU"" calls 40",2026-08-28T07:42:51.181Z,178790297118100
"""dick and balls @ gpP9uUffpu"" raises to 40",2026-08-28T07:42:48.031Z,178790296803100
"""jayden = fish @ d-4X_F_SSU"" posts a missed big blind of 10",2026-08-28T07:42:45.587Z,178790296558709
"""Harry @ Q4OMcL0rqd"" posts a big blind of 10",2026-08-28T07:42:45.587Z,178790296558708
"Dead Small Blind",2026-08-28T07:42:45.587Z,178790296558707
"Your hand is J♦, 7♦",2026-08-28T07:42:45.587Z,178790296558706
"Player stacks: #1 ""jayden = fish @ d-4X_F_SSU"" (2000) | #3 ""Harry @ Q4OMcL0rqd"" (1783) | #5 ""dick and balls @ gpP9uUffpu"" (1916)",2026-08-28T07:42:45.587Z,178790296558703
"-- starting hand #112 (id: ydgq7vjjv4zz)  No Limit Texas Hold'em (dealer: ""dick and balls @ gpP9uUffpu"") --",2026-08-28T07:42:45.587Z,178790296558702
"The player ""jayden = fish @ d-4X_F_SSU"" joined the game with a stack of 2000.",2026-08-28T07:42:45.587Z,178790296558701
"The player ""Harry = Fish @ kCN0-Qy2Mz"" stand up with the stack of 4597.",2026-08-28T07:42:45.587Z,178790296558700
"""dick and balls @ gpP9uUffpu"" shows a J♠, 2♥.",2026-08-28T07:42:41.730Z,178790296173000
"-- ending hand #111 --",2026-08-28T07:42:39.073Z,178790295907302
"""Harry @ Q4OMcL0rqd"" collected 1230 from pot with Two Pair, K's & 8's (combination: J♥, 8♠, 8♥, K♥, K♣)",2026-08-28T07:42:39.073Z,178790295907301
"""Harry @ Q4OMcL0rqd"" shows a 8♠, K♥.",2026-08-28T07:42:39.073Z,178790295907300
"""dick and balls @ gpP9uUffpu"" calls 400",2026-08-28T07:42:38.266Z,178790295826600
"""Harry @ Q4OMcL0rqd"" raises to 400",2026-08-28T07:42:36.670Z,178790295667000
"""dick and balls @ gpP9uUffpu"" bets 110",2026-08-28T07:42:32.126Z,178790295212600
"River: 8♥, J♥, 2♣, 4♥ [K♣]",2026-08-28T07:42:29.262Z,178790294926200
"""Harry = Fish @ kCN0-Qy2Mz"" folds",2026-08-28T07:42:28.426Z,178790294842600
"""dick and balls @ gpP9uUffpu"" calls 150",2026-08-28T07:42:26.327Z,178790294632700
"""Harry @ Q4OMcL0rqd"" raises to 150",2026-08-28T07:42:24.528Z,178790294452800
"""Harry = Fish @ kCN0-Qy2Mz"" calls 40",2026-08-28T07:42:21.160Z,178790294116000
"""dick and balls @ gpP9uUffpu"" bets 40",2026-08-28T07:42:19.378Z,178790293937800
"Turn: 8♥, J♥, 2♣ [4♥]",2026-08-28T07:42:16.454Z,178790293645400
"The player ""jayden = fish @ d-4X_F_SSU"" sit back with the stack of 2000.",2026-08-28T07:42:16.324Z,178790293632400
"""Harry @ Q4OMcL0rqd"" calls 20",2026-08-28T07:42:15.625Z,178790293562500
"""Harry = Fish @ kCN0-Qy2Mz"" calls 20",2026-08-28T07:42:12.193Z,178790293219300
"""dick and balls @ gpP9uUffpu"" bets 20",2026-08-28T07:42:09.939Z,178790292993900
"Flop:  [8♥, J♥, 2♣]",2026-08-28T07:42:05.297Z,178790292529700
"""Harry = Fish @ kCN0-Qy2Mz"" checks",2026-08-28T07:42:04.461Z,178790292446100
"""dick and balls @ gpP9uUffpu"" calls 10",2026-08-28T07:42:01.424Z,178790292142400
"""Harry @ Q4OMcL0rqd"" calls 10",2026-08-28T07:41:59.873Z,178790291987300
"""Harry = Fish @ kCN0-Qy2Mz"" posts a big blind of 10",2026-08-28T07:41:56.460Z,178790291646008
"""dick and balls @ gpP9uUffpu"" posts a small blind of 5",2026-08-28T07:41:56.460Z,178790291646007
"Your hand is J♠, 2♥",2026-08-28T07:41:56.460Z,178790291646006
"Player stacks: #2 ""Harry = Fish @ kCN0-Qy2Mz"" (4667) | #3 ""Harry @ Q4OMcL0rqd"" (1133) | #5 ""dick and balls @ gpP9uUffpu"" (2496)",2026-08-28T07:41:56.460Z,178790291646003
"-- starting hand #111 (id: gvj40bwzdcpu)  No Limit Texas Hold'em (dealer: ""Harry @ Q4OMcL0rqd"") --",2026-08-28T07:41:56.460Z,178790291646002
"The player ""jayden = fish @ d-4X_F_SSU"" stand up with the stack of 2000.",2026-08-28T07:41:56.460Z,178790291646001
"The player ""LingWae @ FQN9hzhzP_"" stand up with the stack of 2704.",2026-08-28T07:41:56.460Z,178790291646000
"""Harry @ Q4OMcL0rqd"" shows a 4♥.",2026-08-28T07:41:51.852Z,178790291185200
"""dick and balls @ gpP9uUffpu"" shows a 3♠.",2026-08-28T07:41:51.375Z,178790291137500
"Undealt cards: J♠, Q♠, 7♠ [6♠, A♦]",2026-08-28T07:41:50.269Z,178790291026900
"""LingWae @ FQN9hzhzP_"" shows a K♠.",2026-08-28T07:41:48.361Z,178790290836100
"""Harry = Fish @ kCN0-Qy2Mz"" shows a 7♥.",2026-08-28T07:41:48.224Z,178790290822400
"-- ending hand #110 --",2026-08-28T07:41:47.740Z,178790290774002
"""LingWae @ FQN9hzhzP_"" collected 145 from pot",2026-08-28T07:41:47.740Z,178790290774001
"Uncalled bet of 67 returned to ""LingWae @ FQN9hzhzP_""",2026-08-28T07:41:47.740Z,178790290774000
"""Harry @ Q4OMcL0rqd"" folds",2026-08-28T07:41:46.872Z,178790290687200
"""Harry = Fish @ kCN0-Qy2Mz"" folds",2026-08-28T07:41:45.400Z,178790290540000
"""LingWae @ FQN9hzhzP_"" bets 67",2026-08-28T07:41:38.374Z,178790289837400
"""Harry @ Q4OMcL0rqd"" checks",2026-08-28T07:41:35.655Z,178790289565500
"Flop:  [J♠, Q♠, 7♠]",2026-08-28T07:41:32.503Z,178790289250300
"""LingWae @ FQN9hzhzP_"" calls 45",2026-08-28T07:41:31.675Z,178790289167500
"""dick and balls @ gpP9uUffpu"" folds",2026-08-28T07:41:29.801Z,178790288980100
"""Harry @ Q4OMcL0rqd"" calls 45",2026-08-28T07:41:28.880Z,178790288888000
"""Harry = Fish @ kCN0-Qy2Mz"" raises to 45",2026-08-28T07:41:26.650Z,178790288665000
"""jayden = fish @ d-4X_F_SSU"" folds",2026-08-28T07:41:23.486Z,178790288348600
"""LingWae @ FQN9hzhzP_"" calls 10",2026-08-28T07:41:18.791Z,178790287879100
"""dick and balls @ gpP9uUffpu"" posts a big blind of 10",2026-08-28T07:41:12.669Z,178790287266909
"""Harry @ Q4OMcL0rqd"" posts a small blind of 5",2026-08-28T07:41:12.669Z,178790287266908
"Player stacks: #1 ""jayden = fish @ d-4X_F_SSU"" (2000) | #2 ""Harry = Fish @ kCN0-Qy2Mz"" (4712) | #3 ""Harry @ Q4OMcL0rqd"" (1178) | #5 ""dick and balls @ gpP9uUffpu"" (2506) | #8 ""LingWae @ FQN9hzhzP_"" (2604)",2026-08-28T07:41:12.669Z,178790287266902
"-- starting hand #110 (id: msrtda2qrrlq)  No Limit Texas Hold'em (dealer: ""Harry = Fish @ kCN0-Qy2Mz"") --",2026-08-28T07:41:12.669Z,178790287266901
"The player ""jayden = fish @ d-4X_F_SSU"" joined the game with a stack of 2000.",2026-08-28T07:41:12.669Z,178790287266900
"""LingWae @ FQN9hzhzP_"" shows a 8♥, Q♥.",2026-08-28T07:41:08.812Z,178790286881200
"Undealt cards: 10♥, 6♦, 8♦, 3♥ [9♦]",2026-08-28T07:41:08.734Z,178790286873400
"-- ending hand #109 --",2026-08-28T07:41:06.056Z,178790286605602
"""LingWae @ FQN9hzhzP_"" collected 867 from pot",2026-08-28T07:41:06.056Z,178790286605601
"Uncalled bet of 433 returned to ""LingWae @ FQN9hzhzP_""",2026-08-28T07:41:06.056Z,178790286605600
"""Harry @ Q4OMcL0rqd"" folds",2026-08-28T07:41:05.253Z,178790286525300
"""LingWae @ FQN9hzhzP_"" bets 433",2026-08-28T07:40:47.184Z,178790284718400
"""Harry @ Q4OMcL0rqd"" checks",2026-08-28T07:40:43.321Z,178790284332100
"Turn: 10♥, 6♦, 8♦ [3♥]",2026-08-28T07:40:41.594Z,178790284159400
"""Harry @ Q4OMcL0rqd"" calls 167",2026-08-28T07:40:40.787Z,178790284078700
"""LingWae @ FQN9hzhzP_"" bets 167",2026-08-28T07:40:36.543Z,178790283654300
"""Harry @ Q4OMcL0rqd"" checks",2026-08-28T07:40:32.625Z,178790283262500
"Flop:  [10♥, 6♦, 8♦]",2026-08-28T07:40:29.267Z,178790282926700
"""Harry @ Q4OMcL0rqd"" calls 233",2026-08-28T07:40:28.420Z,178790282842000
"""Harry = Fish @ kCN0-Qy2Mz"" folds",2026-08-28T07:40:26.984Z,178790282698400
"""LingWae @ FQN9hzhzP_"" raises to 233",2026-08-28T07:40:22.264Z,178790282226400
"""Harry @ Q4OMcL0rqd"" raises to 150",2026-08-28T07:40:19.583Z,178790281958300
"""Harry = Fish @ kCN0-Qy2Mz"" calls 67",2026-08-28T07:40:17.041Z,178790281704100
"""LingWae @ FQN9hzhzP_"" raises to 67",2026-08-28T07:40:15.579Z,178790281557900
"""dick and balls @ gpP9uUffpu"" folds",2026-08-28T07:40:11.942Z,178790281194200
"""Harry @ Q4OMcL0rqd"" posts a big blind of 10",2026-08-28T07:40:09.922Z,178790280992208
"""Harry = Fish @ kCN0-Qy2Mz"" posts a small blind of 5",2026-08-28T07:40:09.922Z,178790280992207
"Player stacks: #2 ""Harry = Fish @ kCN0-Qy2Mz"" (4779) | #3 ""Harry @ Q4OMcL0rqd"" (1578) | #5 ""dick and balls @ gpP9uUffpu"" (2506) | #8 ""LingWae @ FQN9hzhzP_"" (2137)",2026-08-28T07:40:09.922Z,178790280992202
"-- starting hand #109 (id: 7q2hgsb3ppzs)  No Limit Texas Hold'em (dealer: ""LingWae @ FQN9hzhzP_"") --",2026-08-28T07:40:09.922Z,178790280992201
"The admin updated the player ""Harry = Fish @ kCN0-Qy2Mz"" stack from 6779 to 4779.",2026-08-28T07:40:09.922Z,178790280992200
"-- ending hand #108 --",2026-08-28T07:40:03.913Z,178790280391302
"""LingWae @ FQN9hzhzP_"" collected 308 from pot with Pair, 9's (combination: 4♣, 6♥, 7♦, 9♣, 9♥)",2026-08-28T07:40:03.913Z,178790280391301
"""LingWae @ FQN9hzhzP_"" shows a 6♥, 9♣.",2026-08-28T07:40:03.913Z,178790280391300
"""Harry = Fish @ kCN0-Qy2Mz"" checks",2026-08-28T07:40:03.042Z,178790280304200
"""LingWae @ FQN9hzhzP_"" checks",2026-08-28T07:40:01.180Z,178790280118000
"River: 4♣, 9♥, 3♦, 7♦ [2♥]",2026-08-28T07:39:59.672Z,178790279967200
"""Harry = Fish @ kCN0-Qy2Mz"" calls 67",2026-08-28T07:39:58.841Z,178790279884100
"""LingWae @ FQN9hzhzP_"" bets 67",2026-08-28T07:39:57.198Z,178790279719800
"Turn: 4♣, 9♥, 3♦ [7♦]",2026-08-28T07:39:53.515Z,178790279351500
"""dick and balls @ gpP9uUffpu"" folds",2026-08-28T07:39:52.670Z,178790279267000
"The admin approved the player ""jayden = fish @ d-4X_F_SSU"" participation with a stack of 2000.",2026-08-28T07:39:52.392Z,178790279239200
"""Harry @ Q4OMcL0rqd"" folds",2026-08-28T07:39:51.758Z,178790279175800
"The player ""jayden = fish @ d-4X_F_SSU"" requested a seat.",2026-08-28T07:39:51.326Z,178790279132600
"""Harry = Fish @ kCN0-Qy2Mz"" calls 67",2026-08-28T07:39:48.830Z,178790278883000
"""LingWae @ FQN9hzhzP_"" bets 67",2026-08-28T07:39:46.925Z,178790278692500
"Flop:  [4♣, 9♥, 3♦]",2026-08-28T07:39:40.052Z,178790278005200
"""Harry = Fish @ kCN0-Qy2Mz"" checks",2026-08-28T07:39:39.235Z,178790277923500
"""LingWae @ FQN9hzhzP_"" calls 10",2026-08-28T07:39:37.673Z,178790277767300
"""dick and balls @ gpP9uUffpu"" calls 10",2026-08-28T07:39:36.013Z,178790277601300
"""Harry @ Q4OMcL0rqd"" calls 10",2026-08-28T07:39:33.296Z,178790277329600
"WARNING: the admin queued the stack change for the player ""Harry = Fish @ kCN0-Qy2Mz"" removing 2000 chips in the next hand.",2026-08-28T07:39:26.015Z,178790276601500
"""Harry = Fish @ kCN0-Qy2Mz"" posts a big blind of 10",2026-08-28T07:39:25.142Z,178790276514207
"""LingWae @ FQN9hzhzP_"" posts a small blind of 5",2026-08-28T07:39:25.142Z,178790276514206
"Player stacks: #2 ""Harry = Fish @ kCN0-Qy2Mz"" (6923) | #3 ""Harry @ Q4OMcL0rqd"" (1588) | #5 ""dick and balls @ gpP9uUffpu"" (2516) | #8 ""LingWae @ FQN9hzhzP_"" (1973)",2026-08-28T07:39:25.142Z,178790276514201
"-- starting hand #108 (id: xgqvdcr3gz68)  No Limit Texas Hold'em (dealer: ""dick and balls @ gpP9uUffpu"") --",2026-08-28T07:39:25.142Z,178790276514200
"""Harry @ Q4OMcL0rqd"" shows a Q♦.",2026-08-28T07:39:23.074Z,178790276307400
"-- ending hand #107 --",2026-08-28T07:39:18.635Z,178790275863502
"""Harry = Fish @ kCN0-Qy2Mz"" collected 460 from pot with Two Pair, K's & 8's (combination: 4♣, 8♥, 8♠, K♥, K♣)",2026-08-28T07:39:18.635Z,178790275863501
"""Harry = Fish @ kCN0-Qy2Mz"" shows a 8♥, 8♠.",2026-08-28T07:39:18.635Z,178790275863500
"""Harry @ Q4OMcL0rqd"" checks",2026-08-28T07:39:17.738Z,178790275773800
"""Harry = Fish @ kCN0-Qy2Mz"" checks",2026-08-28T07:39:16.543Z,178790275654300
"River: 3♥, 2♥, K♥, 4♣ [K♣]",2026-08-28T07:39:13.632Z,178790275363200
"""Harry @ Q4OMcL0rqd"" calls 115",2026-08-28T07:39:12.792Z,178790275279200
"""Harry = Fish @ kCN0-Qy2Mz"" bets 115",2026-08-28T07:39:03.186Z,178790274318600
"Turn: 3♥, 2♥, K♥ [4♣]",2026-08-28T07:38:57.254Z,178790273725400
"""Harry @ Q4OMcL0rqd"" checks",2026-08-28T07:38:56.432Z,178790273643200
"""Harry = Fish @ kCN0-Qy2Mz"" checks",2026-08-28T07:38:54.846Z,178790273484600
"""LingWae @ FQN9hzhzP_"" folds",2026-08-28T07:38:48.439Z,178790272843900
"Flop:  [3♥, 2♥, K♥]",2026-08-28T07:38:41.749Z,178790272174900
"""LingWae @ FQN9hzhzP_"" calls 75",2026-08-28T07:38:40.879Z,178790272087900
"""dick and balls @ gpP9uUffpu"" folds",2026-08-28T07:38:39.771Z,178790271977100
"""Harry @ Q4OMcL0rqd"" calls 75",2026-08-28T07:38:38.324Z,178790271832400
"""Harry = Fish @ kCN0-Qy2Mz"" raises to 75",2026-08-28T07:38:34.821Z,178790271482100
"""LingWae @ FQN9hzhzP_"" posts a big blind of 10",2026-08-28T07:38:25.652Z,178790270565207
"""dick and balls @ gpP9uUffpu"" posts a small blind of 5",2026-08-28T07:38:25.652Z,178790270565206
"Player stacks: #2 ""Harry = Fish @ kCN0-Qy2Mz"" (6653) | #3 ""Harry @ Q4OMcL0rqd"" (1778) | #5 ""dick and balls @ gpP9uUffpu"" (2521) | #8 ""LingWae @ FQN9hzhzP_"" (2048)",2026-08-28T07:38:25.652Z,178790270565201
"-- starting hand #107 (id: ula4ggoujlbq)  No Limit Texas Hold'em (dealer: ""Harry @ Q4OMcL0rqd"") --",2026-08-28T07:38:25.652Z,178790270565200
"""Harry @ Q4OMcL0rqd"" shows a 7♥.",2026-08-28T07:38:23.284Z,178790270328400
"-- ending hand #106 --",2026-08-28T07:38:22.031Z,178790270203102
"""Harry @ Q4OMcL0rqd"" collected 960 from pot",2026-08-28T07:38:22.031Z,178790270203101
"Uncalled bet of 818 returned to ""Harry @ Q4OMcL0rqd""",2026-08-28T07:38:22.031Z,178790270203100
"""dick and balls @ gpP9uUffpu"" folds",2026-08-28T07:38:21.201Z,178790270120100
"""Harry @ Q4OMcL0rqd"" raises to 878 and go all in",2026-08-28T07:38:02.907Z,178790268290700
"""dick and balls @ gpP9uUffpu"" bets 60",2026-08-28T07:37:49.377Z,178790266937700
"""Harry @ Q4OMcL0rqd"" checks",2026-08-28T07:37:47.138Z,178790266713800
"River: 5♠, 7♠, J♠, 3♠ [A♥]",2026-08-28T07:37:44.973Z,178790266497300
"""Harry @ Q4OMcL0rqd"" calls 60",2026-08-28T07:37:44.168Z,178790266416800
"""dick and balls @ gpP9uUffpu"" bets 60",2026-08-28T07:37:40.431Z,178790266043100
"""Harry @ Q4OMcL0rqd"" checks",2026-08-28T07:37:34.271Z,178790265427100
"Turn: 5♠, 7♠, J♠ [3♠]",2026-08-28T07:37:32.254Z,178790265225400
"""Harry @ Q4OMcL0rqd"" calls 270",2026-08-28T07:37:31.428Z,178790265142800
"""Harry = Fish @ kCN0-Qy2Mz"" folds",2026-08-28T07:37:24.027Z,178790264402700
"""LingWae @ FQN9hzhzP_"" folds",2026-08-28T07:37:23.093Z,178790264309300
"""dick and balls @ gpP9uUffpu"" raises to 270",2026-08-28T07:37:21.877Z,178790264187700
"""Harry @ Q4OMcL0rqd"" bets 90",2026-08-28T07:37:18.213Z,178790263821300
"Flop:  [5♠, 7♠, J♠]",2026-08-28T07:37:12.532Z,178790263253200
"""LingWae @ FQN9hzhzP_"" calls 45",2026-08-28T07:37:11.636Z,178790263163600
"""dick and balls @ gpP9uUffpu"" calls 45",2026-08-28T07:37:10.033Z,178790263003300
"""Harry @ Q4OMcL0rqd"" calls 45",2026-08-28T07:37:09.059Z,178790262905900
"""Harry = Fish @ kCN0-Qy2Mz"" raises to 45",2026-08-28T07:37:07.468Z,178790262746800
"""LingWae @ FQN9hzhzP_"" calls 10",2026-08-28T07:37:03.667Z,178790262366700
"""dick and balls @ gpP9uUffpu"" posts a big blind of 10",2026-08-28T07:36:52.372Z,178790261237207
"""Harry @ Q4OMcL0rqd"" posts a small blind of 5",2026-08-28T07:36:52.372Z,178790261237206
"Player stacks: #2 ""Harry = Fish @ kCN0-Qy2Mz"" (6698) | #3 ""Harry @ Q4OMcL0rqd"" (1253) | #5 ""dick and balls @ gpP9uUffpu"" (2956) | #8 ""LingWae @ FQN9hzhzP_"" (2093)",2026-08-28T07:36:52.372Z,178790261237201
"-- starting hand #106 (id: lengx7pnyglm)  No Limit Texas Hold'em (dealer: ""Harry = Fish @ kCN0-Qy2Mz"") --",2026-08-28T07:36:52.372Z,178790261237200
"""Harry @ Q4OMcL0rqd"" shows a 9♣.",2026-08-28T07:36:50.751Z,178790261075100
"""LingWae @ FQN9hzhzP_"" shows a J♣, J♠.",2026-08-28T07:36:48.731Z,178790260873100
"""Harry = Fish @ kCN0-Qy2Mz"" shows a K♥.",2026-08-28T07:36:47.649Z,178790260764900
"Undealt cards: 7♣, 6♥, 8♦ [2♥, K♦]",2026-08-28T07:36:45.908Z,178790260590800
"-- ending hand #105 --",2026-08-28T07:36:44.361Z,178790260436102
"""LingWae @ FQN9hzhzP_"" collected 771 from pot",2026-08-28T07:36:44.361Z,178790260436101
"Uncalled bet of 385 returned to ""LingWae @ FQN9hzhzP_""",2026-08-28T07:36:44.361Z,178790260436100
"""Harry @ Q4OMcL0rqd"" folds",2026-08-28T07:36:43.546Z,178790260354600
"""Harry = Fish @ kCN0-Qy2Mz"" folds",2026-08-28T07:36:31.071Z,178790259107100
"""LingWae @ FQN9hzhzP_"" raises to 505",2026-08-28T07:36:29.766Z,178790258976600
"""Harry @ Q4OMcL0rqd"" bets 120",2026-08-28T07:36:26.244Z,178790258624400
"""Harry = Fish @ kCN0-Qy2Mz"" checks",2026-08-28T07:36:22.942Z,178790258294200
"Flop:  [7♣, 6♥, 8♦]",2026-08-28T07:36:20.078Z,178790258007800
"""dick and balls @ gpP9uUffpu"" folds",2026-08-28T07:36:19.249Z,178790257924900
"""Harry @ Q4OMcL0rqd"" calls 167",2026-08-28T07:36:18.340Z,178790257834000
"""Harry = Fish @ kCN0-Qy2Mz"" calls 167",2026-08-28T07:36:16.814Z,178790257681400
"""LingWae @ FQN9hzhzP_"" raises to 167",2026-08-28T07:36:14.450Z,178790257445000
"""dick and balls @ gpP9uUffpu"" raises to 30",2026-08-28T07:36:12.055Z,178790257205500
"""Harry @ Q4OMcL0rqd"" posts a big blind of 10",2026-08-28T07:36:08.272Z,178790256827207
"""Harry = Fish @ kCN0-Qy2Mz"" posts a small blind of 5",2026-08-28T07:36:08.272Z,178790256827206
"Player stacks: #2 ""Harry = Fish @ kCN0-Qy2Mz"" (6865) | #3 ""Harry @ Q4OMcL0rqd"" (1540) | #5 ""dick and balls @ gpP9uUffpu"" (2986) | #8 ""LingWae @ FQN9hzhzP_"" (1609)",2026-08-28T07:36:08.272Z,178790256827201
"-- starting hand #105 (id: 5faafoijqdhe)  No Limit Texas Hold'em (dealer: ""LingWae @ FQN9hzhzP_"") --",2026-08-28T07:36:08.272Z,178790256827200
"""LingWae @ FQN9hzhzP_"" shows a J♥.",2026-08-28T07:36:06.400Z,178790256640000
"""LingWae @ FQN9hzhzP_"" shows a 3♦.",2026-08-28T07:36:04.542Z,178790256454200
"""Harry = Fish @ kCN0-Qy2Mz"" shows a 6♦.",2026-08-28T07:36:04.352Z,178790256435200
"Undealt cards: 2♣, 8♣, 8♥ [5♣, 7♣]",2026-08-28T07:36:01.297Z,178790256129700
"-- ending hand #104 --",2026-08-28T07:36:00.891Z,178790256089102
"""Harry @ Q4OMcL0rqd"" collected 160 from pot",2026-08-28T07:36:00.891Z,178790256089101
"Uncalled bet of 160 returned to ""Harry @ Q4OMcL0rqd""",2026-08-28T07:36:00.891Z,178790256089100
"""Harry = Fish @ kCN0-Qy2Mz"" folds",2026-08-28T07:36:00.084Z,178790256008400
"""LingWae @ FQN9hzhzP_"" folds",2026-08-28T07:35:59.143Z,178790255914300
"""dick and balls @ gpP9uUffpu"" folds",2026-08-28T07:35:57.130Z,178790255713000
"""Harry @ Q4OMcL0rqd"" bets 160",2026-08-28T07:35:52.553Z,178790255255300
"""Harry = Fish @ kCN0-Qy2Mz"" checks",2026-08-28T07:35:49.529Z,178790254952900
"""LingWae @ FQN9hzhzP_"" checks",2026-08-28T07:35:47.873Z,178790254787300
"Flop:  [2♣, 8♣, 8♥]",2026-08-28T07:35:43.311Z,178790254331100
"""Harry = Fish @ kCN0-Qy2Mz"" calls 40",2026-08-28T07:35:42.464Z,178790254246400
"""LingWae @ FQN9hzhzP_"" calls 40",2026-08-28T07:35:41.020Z,178790254102000
"""dick and balls @ gpP9uUffpu"" calls 40",2026-08-28T07:35:38.994Z,178790253899400
"""Harry @ Q4OMcL0rqd"" raises to 40",2026-08-28T07:35:36.797Z,178790253679700
"""Harry = Fish @ kCN0-Qy2Mz"" posts a big blind of 10",2026-08-28T07:35:29.454Z,178790252945407
"""LingWae @ FQN9hzhzP_"" posts a small blind of 5",2026-08-28T07:35:29.454Z,178790252945406
"Player stacks: #2 ""Harry = Fish @ kCN0-Qy2Mz"" (6905) | #3 ""Harry @ Q4OMcL0rqd"" (1420) | #5 ""dick and balls @ gpP9uUffpu"" (3026) | #8 ""LingWae @ FQN9hzhzP_"" (1649)",2026-08-28T07:35:29.454Z,178790252945401
"-- starting hand #104 (id: 07p07bkju6ee)  No Limit Texas Hold'em (dealer: ""dick and balls @ gpP9uUffpu"") --",2026-08-28T07:35:29.454Z,178790252945400
"-- ending hand #103 --",2026-08-28T07:35:23.435Z,178790252343502
"""LingWae @ FQN9hzhzP_"" collected 959 from pot with Pair, K's (combination: 9♥, 10♥, Q♠, K♥, K♠)",2026-08-28T07:35:23.435Z,178790252343501
"""LingWae @ FQN9hzhzP_"" shows a K♥, Q♠.",2026-08-28T07:35:23.435Z,178790252343500
"""Harry @ Q4OMcL0rqd"" calls 167",2026-08-28T07:35:22.599Z,178790252259900
"""LingWae @ FQN9hzhzP_"" bets 167",2026-08-28T07:35:18.584Z,178790251858400
"River: K♠, 2♥, 6♦, 9♥ [10♥]",2026-08-28T07:35:11.750Z,178790251175000
"""dick and balls @ gpP9uUffpu"" folds",2026-08-28T07:35:10.910Z,178790251091000
"""Harry @ Q4OMcL0rqd"" calls 167",2026-08-28T07:35:09.952Z,178790250995200
"""LingWae @ FQN9hzhzP_"" bets 167",2026-08-28T07:35:06.094Z,178790250609400
"""dick and balls @ gpP9uUffpu"" checks",2026-08-28T07:35:02.824Z,178790250282400
"Turn: K♠, 2♥, 6♦ [9♥]",2026-08-28T07:35:01.913Z,178790250191300
"""dick and balls @ gpP9uUffpu"" calls 67",2026-08-28T07:35:00.983Z,178790250098300
"""Harry @ Q4OMcL0rqd"" calls 67",2026-08-28T07:34:59.900Z,178790249990000
"""LingWae @ FQN9hzhzP_"" bets 67",2026-08-28T07:34:56.584Z,178790249658400
"""dick and balls @ gpP9uUffpu"" checks",2026-08-28T07:34:53.151Z,178790249315100
"Flop:  [K♠, 2♥, 6♦]",2026-08-28T07:34:50.195Z,178790249019500
"""LingWae @ FQN9hzhzP_"" calls 30",2026-08-28T07:34:49.375Z,178790248937500
"""dick and balls @ gpP9uUffpu"" calls 30",2026-08-28T07:34:47.568Z,178790248756800
"""Harry @ Q4OMcL0rqd"" raises to 30",2026-08-28T07:34:46.291Z,178790248629100
"""Harry = Fish @ kCN0-Qy2Mz"" folds",2026-08-28T07:34:42.234Z,178790248223400
"""LingWae @ FQN9hzhzP_"" posts a big blind of 10",2026-08-28T07:34:40.788Z,178790248078807
"""dick and balls @ gpP9uUffpu"" posts a small blind of 5",2026-08-28T07:34:40.788Z,178790248078806
"Player stacks: #2 ""Harry = Fish @ kCN0-Qy2Mz"" (6905) | #3 ""Harry @ Q4OMcL0rqd"" (1851) | #5 ""dick and balls @ gpP9uUffpu"" (3123) | #8 ""LingWae @ FQN9hzhzP_"" (1121)",2026-08-28T07:34:40.788Z,178790248078801
"-- starting hand #103 (id: zml84qtfayzv)  No Limit Texas Hold'em (dealer: ""Harry @ Q4OMcL0rqd"") --",2026-08-28T07:34:40.788Z,178790248078800
"""LingWae @ FQN9hzhzP_"" shows a K♥.",2026-08-28T07:34:36.496Z,178790247649600
"""Harry = Fish @ kCN0-Qy2Mz"" shows a 9♦, 9♣.",2026-08-28T07:34:33.926Z,178790247392600
"Undealt cards: K♦, 5♥, A♠ [10♥, 3♠]",2026-08-28T07:34:33.760Z,178790247376000
"-- ending hand #102 --",2026-08-28T07:34:33.450Z,178790247345002
"""LingWae @ FQN9hzhzP_"" collected 428 from pot",2026-08-28T07:34:33.450Z,178790247345001
"Uncalled bet of 167 returned to ""LingWae @ FQN9hzhzP_""",2026-08-28T07:34:33.450Z,178790247345000
"""dick and balls @ gpP9uUffpu"" folds",2026-08-28T07:34:32.618Z,178790247261800
"""Harry = Fish @ kCN0-Qy2Mz"" folds",2026-08-28T07:34:31.672Z,178790247167200
"""LingWae @ FQN9hzhzP_"" bets 167",2026-08-28T07:34:29.030Z,178790246903000
"""dick and balls @ gpP9uUffpu"" checks",2026-08-28T07:34:26.327Z,178790246632700
"Flop:  [K♦, 5♥, A♠]",2026-08-28T07:34:23.359Z,178790246335900
"""LingWae @ FQN9hzhzP_"" calls 141",2026-08-28T07:34:22.519Z,178790246251900
"""dick and balls @ gpP9uUffpu"" calls 141",2026-08-28T07:34:15.998Z,178790245599800
"""Harry @ Q4OMcL0rqd"" folds",2026-08-28T07:34:15.091Z,178790245509100
"""Harry = Fish @ kCN0-Qy2Mz"" raises to 141",2026-08-28T07:34:12.074Z,178790245207400
"""LingWae @ FQN9hzhzP_"" raises to 67",2026-08-28T07:34:07.911Z,178790244791100
"""dick and balls @ gpP9uUffpu"" posts a big blind of 10",2026-08-28T07:33:58.654Z,178790243865407
"""Harry @ Q4OMcL0rqd"" posts a small blind of 5",2026-08-28T07:33:58.654Z,178790243865406
"Player stacks: #2 ""Harry = Fish @ kCN0-Qy2Mz"" (7046) | #3 ""Harry @ Q4OMcL0rqd"" (1856) | #5 ""dick and balls @ gpP9uUffpu"" (3264) | #8 ""LingWae @ FQN9hzhzP_"" (834)",2026-08-28T07:33:58.654Z,178790243865401
"-- starting hand #102 (id: cbqnevxq8pkz)  No Limit Texas Hold'em (dealer: ""Harry = Fish @ kCN0-Qy2Mz"") --",2026-08-28T07:33:58.654Z,178790243865400
"-- ending hand #101 --",2026-08-28T07:33:52.650Z,178790243265002
"""Harry = Fish @ kCN0-Qy2Mz"" collected 1500 from pot with Flush, K High (combination: 8♣, 9♣, J♣, Q♣, K♣)",2026-08-28T07:33:52.650Z,178790243265001
"""Harry = Fish @ kCN0-Qy2Mz"" shows a 9♣, Q♣.",2026-08-28T07:33:52.650Z,178790243265000
"""Harry @ Q4OMcL0rqd"" calls 450",2026-08-28T07:33:51.827Z,178790243182700
"""Harry = Fish @ kCN0-Qy2Mz"" bets 450",2026-08-28T07:33:39.385Z,178790241938500
"River: 8♣, K♠, J♣, 6♦ [K♣]",2026-08-28T07:33:29.098Z,178790240909800
"""Harry = Fish @ kCN0-Qy2Mz"" calls 120",2026-08-28T07:33:28.263Z,178790240826300
"""LingWae @ FQN9hzhzP_"" folds",2026-08-28T07:33:26.196Z,178790240619600
"""dick and balls @ gpP9uUffpu"" folds",2026-08-28T07:33:24.451Z,178790240445100
"""Harry @ Q4OMcL0rqd"" bets 120",2026-08-28T07:33:20.339Z,178790240033900
"""Harry = Fish @ kCN0-Qy2Mz"" checks",2026-08-28T07:33:11.729Z,178790239172900
"Turn: 8♣, K♠, J♣ [6♦]",2026-08-28T07:33:09.081Z,178790238908100
"""LingWae @ FQN9hzhzP_"" checks",2026-08-28T07:33:08.274Z,178790238827400
"""dick and balls @ gpP9uUffpu"" checks",2026-08-28T07:33:07.293Z,178790238729300
"""Harry @ Q4OMcL0rqd"" checks",2026-08-28T07:33:05.359Z,178790238535900
"""Harry = Fish @ kCN0-Qy2Mz"" checks",2026-08-28T07:32:59.013Z,178790237901300
"Flop:  [8♣, K♠, J♣]",2026-08-28T07:32:53.477Z,178790237347700
"""LingWae @ FQN9hzhzP_"" calls 90",2026-08-28T07:32:52.620Z,178790237262000
"""dick and balls @ gpP9uUffpu"" calls 90",2026-08-28T07:32:51.414Z,178790237141400
"""Harry @ Q4OMcL0rqd"" calls 90",2026-08-28T07:32:50.502Z,178790237050200
"""Harry = Fish @ kCN0-Qy2Mz"" raises to 90",2026-08-28T07:32:46.317Z,178790236631700
"""LingWae @ FQN9hzhzP_"" calls 20",2026-08-28T07:32:42.977Z,178790236297700
"""dick and balls @ gpP9uUffpu"" raises to 20",2026-08-28T07:32:41.945Z,178790236194500
"""Harry @ Q4OMcL0rqd"" posts a big blind of 10",2026-08-28T07:32:39.292Z,178790235929207
"""Harry = Fish @ kCN0-Qy2Mz"" posts a small blind of 5",2026-08-28T07:32:39.292Z,178790235929206
"Player stacks: #2 ""Harry = Fish @ kCN0-Qy2Mz"" (6206) | #3 ""Harry @ Q4OMcL0rqd"" (2516) | #5 ""dick and balls @ gpP9uUffpu"" (3354) | #8 ""LingWae @ FQN9hzhzP_"" (924)",2026-08-28T07:32:39.292Z,178790235929201
"-- starting hand #101 (id: iwaf3k5gdspg)  No Limit Texas Hold'em (dealer: ""LingWae @ FQN9hzhzP_"") --",2026-08-28T07:32:39.292Z,178790235929200
"""Harry = Fish @ kCN0-Qy2Mz"" shows a 3♠, 5♥.",2026-08-28T07:32:37.528Z,178790235752800
"""LingWae @ FQN9hzhzP_"" shows a 5♠, 9♥.",2026-08-28T07:32:35.563Z,178790235556300
"-- ending hand #100 --",2026-08-28T07:32:34.983Z,178790235498302
"""Harry @ Q4OMcL0rqd"" collected 288 from pot",2026-08-28T07:32:34.983Z,178790235498301
"Uncalled bet of 140 returned to ""Harry @ Q4OMcL0rqd""",2026-08-28T07:32:34.983Z,178790235498300
"""LingWae @ FQN9hzhzP_"" folds",2026-08-28T07:32:34.165Z,178790235416500
"""Harry @ Q4OMcL0rqd"" bets 140",2026-08-28T07:32:33.014Z,178790235301400
"""LingWae @ FQN9hzhzP_"" checks",2026-08-28T07:32:29.867Z,178790234986700
"River: J♠, 8♠, 7♣, A♣ [Q♦]",2026-08-28T07:32:28.179Z,178790234817900
"""LingWae @ FQN9hzhzP_"" calls 70",2026-08-28T07:32:27.331Z,178790234733100
"""dick and balls @ gpP9uUffpu"" folds",2026-08-28T07:32:25.382Z,178790234538200
"""Harry @ Q4OMcL0rqd"" bets 70",2026-08-28T07:32:20.644Z,178790234064400
"""LingWae @ FQN9hzhzP_"" checks",2026-08-28T07:32:17.194Z,178790233719400
"Turn: J♠, 8♠, 7♣ [A♣]",2026-08-28T07:32:14.563Z,178790233456300
"""dick and balls @ gpP9uUffpu"" calls 36",2026-08-28T07:32:13.750Z,178790233375000
"""Harry @ Q4OMcL0rqd"" calls 36",2026-08-28T07:32:12.783Z,178790233278300
"""Harry = Fish @ kCN0-Qy2Mz"" folds",2026-08-28T07:32:11.138Z,178790233113800
"""LingWae @ FQN9hzhzP_"" bets 36",2026-08-28T07:32:10.122Z,178790233012200
"Flop:  [J♠, 8♠, 7♣]",2026-08-28T07:31:59.239Z,178790231923900
"""Harry = Fish @ kCN0-Qy2Mz"" checks",2026-08-28T07:31:58.427Z,178790231842700
"""LingWae @ FQN9hzhzP_"" calls 10",2026-08-28T07:31:55.589Z,178790231558900
"""dick and balls @ gpP9uUffpu"" calls 10",2026-08-28T07:31:49.162Z,178790230916200
"""Harry @ Q4OMcL0rqd"" calls 10",2026-08-28T07:31:47.323Z,178790230732300
"""Harry = Fish @ kCN0-Qy2Mz"" posts a big blind of 10",2026-08-28T07:31:30.779Z,178790229077907
"""LingWae @ FQN9hzhzP_"" posts a small blind of 5",2026-08-28T07:31:30.779Z,178790229077906
"Player stacks: #2 ""Harry = Fish @ kCN0-Qy2Mz"" (6216) | #3 ""Harry @ Q4OMcL0rqd"" (2344) | #5 ""dick and balls @ gpP9uUffpu"" (3400) | #8 ""LingWae @ FQN9hzhzP_"" (1040)",2026-08-28T07:31:30.779Z,178790229077901
"-- starting hand #100 (id: jhdzknjs2pt6)  No Limit Texas Hold'em (dealer: ""dick and balls @ gpP9uUffpu"") --",2026-08-28T07:31:30.779Z,178790229077900
"""LingWae @ FQN9hzhzP_"" shows a 5♥.",2026-08-28T07:31:28.595Z,178790228859500
"Undealt cards:  [8♠, 10♦, 8♦, J♠, 6♥]",2026-08-28T07:31:24.561Z,178790228456100
"-- ending hand #99 --",2026-08-28T07:31:24.177Z,178790228417702
"""LingWae @ FQN9hzhzP_"" collected 120 from pot",2026-08-28T07:31:24.177Z,178790228417701
"Uncalled bet of 117 returned to ""LingWae @ FQN9hzhzP_""",2026-08-28T07:31:24.177Z,178790228417700
"""dick and balls @ gpP9uUffpu"" folds",2026-08-28T07:31:23.366Z,178790228336600
"""Harry @ Q4OMcL0rqd"" folds",2026-08-28T07:31:21.434Z,178790228143400
"""Harry = Fish @ kCN0-Qy2Mz"" folds",2026-08-28T07:31:04.948Z,178790226494800
"""LingWae @ FQN9hzhzP_"" raises to 167",2026-08-28T07:31:03.514Z,178790226351400
"""dick and balls @ gpP9uUffpu"" raises to 50",2026-08-28T07:31:01.403Z,178790226140300
"""Harry @ Q4OMcL0rqd"" calls 10",2026-08-28T07:30:59.519Z,178790225951900
"""Harry = Fish @ kCN0-Qy2Mz"" calls 10",2026-08-28T07:30:54.500Z,178790225450000
"""LingWae @ FQN9hzhzP_"" posts a big blind of 10",2026-08-28T07:30:52.561Z,178790225256107
"""dick and balls @ gpP9uUffpu"" posts a small blind of 5",2026-08-28T07:30:52.561Z,178790225256106
"Player stacks: #2 ""Harry = Fish @ kCN0-Qy2Mz"" (6226) | #3 ""Harry @ Q4OMcL0rqd"" (2354) | #5 ""dick and balls @ gpP9uUffpu"" (3450) | #8 ""LingWae @ FQN9hzhzP_"" (970)",2026-08-28T07:30:52.561Z,178790225256101
"-- starting hand #99 (id: 1l1m38lnxzv9)  No Limit Texas Hold'em (dealer: ""Harry @ Q4OMcL0rqd"") --",2026-08-28T07:30:52.561Z,178790225256100
"""LingWae @ FQN9hzhzP_"" shows a 10♣, 10♠.",2026-08-28T07:30:48.976Z,178790224897600
"-- ending hand #98 --",2026-08-28T07:30:46.017Z,178790224601702
"""dick and balls @ gpP9uUffpu"" collected 560 from pot with Two Pair, A's & 2's (combination: 9♦, 2♦, 2♣, A♦, A♣)",2026-08-28T07:30:46.017Z,178790224601701
"""dick and balls @ gpP9uUffpu"" shows a 3♣, A♦.",2026-08-28T07:30:46.017Z,178790224601700
"""LingWae @ FQN9hzhzP_"" calls 10",2026-08-28T07:30:45.183Z,178790224518300
"""dick and balls @ gpP9uUffpu"" bets 10",2026-08-28T07:30:43.555Z,178790224355500
"River: 2♦, 4♠, A♣, 9♦ [2♣]",2026-08-28T07:30:41.813Z,178790224181300
"""dick and balls @ gpP9uUffpu"" calls 167",2026-08-28T07:30:40.969Z,178790224096900
"""Harry = Fish @ kCN0-Qy2Mz"" folds",2026-08-28T07:30:37.699Z,178790223769900
"""LingWae @ FQN9hzhzP_"" raises to 167",2026-08-28T07:30:36.804Z,178790223680400
"""dick and balls @ gpP9uUffpu"" bets 60",2026-08-28T07:30:34.334Z,178790223433400
"Turn: 2♦, 4♠, A♣ [9♦]",2026-08-28T07:30:30.406Z,178790223040600
"""Harry = Fish @ kCN0-Qy2Mz"" checks",2026-08-28T07:30:29.571Z,178790222957100
"""LingWae @ FQN9hzhzP_"" checks",2026-08-28T07:30:28.674Z,178790222867400
"""dick and balls @ gpP9uUffpu"" checks",2026-08-28T07:30:25.697Z,178790222569700
"Flop:  [2♦, 4♠, A♣]",2026-08-28T07:30:22.799Z,178790222279900
"""dick and balls @ gpP9uUffpu"" calls 67",2026-08-28T07:30:21.914Z,178790222191400
"""Harry @ Q4OMcL0rqd"" folds",2026-08-28T07:30:18.345Z,178790221834500
"""Harry = Fish @ kCN0-Qy2Mz"" calls 67",2026-08-28T07:30:15.422Z,178790221542200
"""LingWae @ FQN9hzhzP_"" raises to 67",2026-08-28T07:30:10.591Z,178790221059100
"""dick and balls @ gpP9uUffpu"" posts a big blind of 10",2026-08-28T07:30:06.234Z,178790220623407
"""Harry @ Q4OMcL0rqd"" posts a small blind of 5",2026-08-28T07:30:06.234Z,178790220623406
"Your hand is 3♣, A♦",2026-08-28T07:30:06.234Z,178790220623404
"Player stacks: #2 ""Harry = Fish @ kCN0-Qy2Mz"" (6293) | #3 ""Harry @ Q4OMcL0rqd"" (2359) | #5 ""dick and balls @ gpP9uUffpu"" (3134) | #8 ""LingWae @ FQN9hzhzP_"" (1214)",2026-08-28T07:30:06.234Z,178790220623401
"-- starting hand #98 (id: 4ndvbgqi3jiv)  No Limit Texas Hold'em (dealer: ""Harry = Fish @ kCN0-Qy2Mz"") --",2026-08-28T07:30:06.234Z,178790220623400
"-- ending hand #97 --",2026-08-28T07:30:00.189Z,178790220018902
"""Harry @ Q4OMcL0rqd"" collected 670 from pot with Four of a Kind, 9's (combination: 4♥, 9♣, 9♦, 9♠, 9♥)",2026-08-28T07:30:00.189Z,178790220018901
"""Harry @ Q4OMcL0rqd"" shows a 4♠, 9♣.",2026-08-28T07:30:00.189Z,178790220018900
"""Harry = Fish @ kCN0-Qy2Mz"" calls 200",2026-08-28T07:29:59.349Z,178790219934900
"""Harry @ Q4OMcL0rqd"" bets 200",2026-08-28T07:29:33.441Z,178790217344100
"""Harry = Fish @ kCN0-Qy2Mz"" checks",2026-08-28T07:29:29.713Z,178790216971300
"River: 9♦, 4♦, 4♥, 9♠ [9♥]",2026-08-28T07:29:25.355Z,178790216535500
"""Harry @ Q4OMcL0rqd"" calls 120",2026-08-28T07:29:24.522Z,178790216452200
"""Harry = Fish @ kCN0-Qy2Mz"" raises to 120",2026-08-28T07:28:59.596Z,178790213959600
"""LingWae @ FQN9hzhzP_"" folds",2026-08-28T07:28:55.510Z,178790213551000
"""Harry @ Q4OMcL0rqd"" bets 30",2026-08-28T07:28:53.344Z,178790213334400
"""Harry = Fish @ kCN0-Qy2Mz"" checks",2026-08-28T07:28:51.308Z,178790213130800
"Turn: 9♦, 4♦, 4♥ [9♠]",2026-08-28T07:28:48.985Z,178790212898500
"""LingWae @ FQN9hzhzP_"" checks",2026-08-28T07:28:48.174Z,178790212817400
"""Harry @ Q4OMcL0rqd"" checks",2026-08-28T07:28:46.930Z,178790212693000
"""Harry = Fish @ kCN0-Qy2Mz"" checks",2026-08-28T07:28:45.331Z,178790212533100
"Flop:  [9♦, 4♦, 4♥]",2026-08-28T07:28:42.488Z,178790212248800
"""Harry @ Q4OMcL0rqd"" checks",2026-08-28T07:28:41.680Z,178790212168000
"""Harry = Fish @ kCN0-Qy2Mz"" calls 10",2026-08-28T07:28:40.008Z,178790212000800
"""LingWae @ FQN9hzhzP_"" calls 10",2026-08-28T07:28:38.087Z,178790211808700
"""dick and balls @ gpP9uUffpu"" folds",2026-08-28T07:28:33.407Z,178790211340700
"""Harry @ Q4OMcL0rqd"" posts a big blind of 10",2026-08-28T07:28:30.373Z,178790211037307
"""Harry = Fish @ kCN0-Qy2Mz"" posts a small blind of 5",2026-08-28T07:28:30.373Z,178790211037306
"Player stacks: #2 ""Harry = Fish @ kCN0-Qy2Mz"" (6623) | #3 ""Harry @ Q4OMcL0rqd"" (2019) | #5 ""dick and balls @ gpP9uUffpu"" (3134) | #8 ""LingWae @ FQN9hzhzP_"" (1224)",2026-08-28T07:28:30.373Z,178790211037301
"-- starting hand #97 (id: tykssxhjx0os)  No Limit Texas Hold'em (dealer: ""LingWae @ FQN9hzhzP_"") --",2026-08-28T07:28:30.373Z,178790211037300
"Undealt cards: 4♥, 4♣, 9♠ [5♥, A♠]",2026-08-28T07:28:25.440Z,178790210544000
"-- ending hand #96 --",2026-08-28T07:28:24.450Z,178790210445002
"""Harry @ Q4OMcL0rqd"" collected 155 from pot",2026-08-28T07:28:24.450Z,178790210445001
"Uncalled bet of 40 returned to ""Harry @ Q4OMcL0rqd""",2026-08-28T07:28:24.450Z,178790210445000
"""LingWae @ FQN9hzhzP_"" folds",2026-08-28T07:28:23.595Z,178790210359500
"""dick and balls @ gpP9uUffpu"" folds",2026-08-28T07:28:22.466Z,178790210246600
"""Harry @ Q4OMcL0rqd"" raises to 50",2026-08-28T07:28:21.512Z,178790210151200
"""LingWae @ FQN9hzhzP_"" bets 10",2026-08-28T07:28:19.321Z,178790209932100
"Flop:  [4♥, 4♣, 9♠]",2026-08-28T07:28:15.157Z,178790209515700
"""Harry @ Q4OMcL0rqd"" calls 40",2026-08-28T07:28:14.279Z,178790209427900
"""Harry = Fish @ kCN0-Qy2Mz"" folds",2026-08-28T07:28:12.351Z,178790209235100
"""LingWae @ FQN9hzhzP_"" calls 40",2026-08-28T07:28:11.426Z,178790209142600
"""dick and balls @ gpP9uUffpu"" raises to 40",2026-08-28T07:28:09.322Z,178790208932200
"""Harry @ Q4OMcL0rqd"" checks",2026-08-28T07:28:06.478Z,178790208647800
"""Harry @ Q4OMcL0rqd"" posts a missed big blind of 10",2026-08-28T07:27:57.882Z,178790207788210
"""Harry @ Q4OMcL0rqd"" posts a missing small blind of 5",2026-08-28T07:27:57.882Z,178790207788209
"""Harry = Fish @ kCN0-Qy2Mz"" posts a big blind of 10",2026-08-28T07:27:57.882Z,178790207788208
"""LingWae @ FQN9hzhzP_"" posts a small blind of 5",2026-08-28T07:27:57.882Z,178790207788207
"Player stacks: #2 ""Harry = Fish @ kCN0-Qy2Mz"" (6633) | #3 ""Harry @ Q4OMcL0rqd"" (1919) | #5 ""dick and balls @ gpP9uUffpu"" (3174) | #8 ""LingWae @ FQN9hzhzP_"" (1274)",2026-08-28T07:27:57.882Z,178790207788202
"-- starting hand #96 (id: 7vjzp5so4uar)  No Limit Texas Hold'em (dealer: ""dick and balls @ gpP9uUffpu"") --",2026-08-28T07:27:57.882Z,178790207788201
"The player ""Harry @ Q4OMcL0rqd"" joined the game with a stack of 1919.",2026-08-28T07:27:57.882Z,178790207788200
"The player ""Harry @ Q4OMcL0rqd"" sit back with the stack of 1919.",2026-08-28T07:27:54.937Z,178790207493700
"""LingWae @ FQN9hzhzP_"" shows a K♦, A♠.",2026-08-28T07:27:52.385Z,178790207238500
"""Harry = Fish @ kCN0-Qy2Mz"" shows a 6♥, 5♣.",2026-08-28T07:27:51.791Z,178790207179100
"-- ending hand #95 --",2026-08-28T07:27:50.848Z,178790207084802
"""dick and balls @ gpP9uUffpu"" collected 344 from pot with Pair, 4's (combination: J♥, Q♠, K♥, 4♥, 4♦)",2026-08-28T07:27:50.848Z,178790207084801
"""dick and balls @ gpP9uUffpu"" shows a 4♥, K♥.",2026-08-28T07:27:50.848Z,178790207084800
"""LingWae @ FQN9hzhzP_"" checks",2026-08-28T07:27:50.011Z,178790207001100
"""dick and balls @ gpP9uUffpu"" checks",2026-08-28T07:27:48.874Z,178790206887400
"River: 2♣, J♥, 3♠, 4♦ [Q♠]",2026-08-28T07:27:48.355Z,178790206835500
"""LingWae @ FQN9hzhzP_"" checks",2026-08-28T07:27:47.519Z,178790206751900
"""dick and balls @ gpP9uUffpu"" checks",2026-08-28T07:27:46.372Z,178790206637200
"Turn: 2♣, J♥, 3♠ [4♦]",2026-08-28T07:27:45.475Z,178790206547500
"""LingWae @ FQN9hzhzP_"" checks",2026-08-28T07:27:44.645Z,178790206464500
"""dick and balls @ gpP9uUffpu"" checks",2026-08-28T07:27:41.804Z,178790206180400
"Flop:  [2♣, J♥, 3♠]",2026-08-28T07:27:40.552Z,178790206055200
"""dick and balls @ gpP9uUffpu"" calls 167",2026-08-28T07:27:39.687Z,178790205968700
"""Harry = Fish @ kCN0-Qy2Mz"" folds",2026-08-28T07:27:38.451Z,178790205845100
"""LingWae @ FQN9hzhzP_"" raises to 167",2026-08-28T07:27:37.440Z,178790205744000
"""dick and balls @ gpP9uUffpu"" raises to 40",2026-08-28T07:27:33.504Z,178790205350400
"""Harry = Fish @ kCN0-Qy2Mz"" calls 10",2026-08-28T07:27:31.830Z,178790205183000
"""LingWae @ FQN9hzhzP_"" posts a big blind of 10",2026-08-28T07:27:29.749Z,178790204974906
"""dick and balls @ gpP9uUffpu"" posts a small blind of 5",2026-08-28T07:27:29.749Z,178790204974905
"Your hand is 4♥, K♥",2026-08-28T07:27:29.749Z,178790204974903
"Player stacks: #2 ""Harry = Fish @ kCN0-Qy2Mz"" (6643) | #5 ""dick and balls @ gpP9uUffpu"" (2997) | #8 ""LingWae @ FQN9hzhzP_"" (1441)",2026-08-28T07:27:29.749Z,178790204974901
"-- starting hand #95 (id: vdzdz5634nob)  No Limit Texas Hold'em (dealer: ""Harry = Fish @ kCN0-Qy2Mz"") --",2026-08-28T07:27:29.749Z,178790204974900
"""LingWae @ FQN9hzhzP_"" shows a Q♦.",2026-08-28T07:27:28.435Z,178790204843500
"""dick and balls @ gpP9uUffpu"" shows a K♠.",2026-08-28T07:27:27.829Z,178790204782900
"""LingWae @ FQN9hzhzP_"" shows a K♣.",2026-08-28T07:27:26.085Z,178790204608500
"""Harry = Fish @ kCN0-Qy2Mz"" shows a 4♥.",2026-08-28T07:27:22.509Z,178790204250900
"Undealt cards: 2♣, 4♠, A♦, 8♦ [A♠]",2026-08-28T07:27:22.057Z,178790204205700
"-- ending hand #94 --",2026-08-28T07:27:21.727Z,178790204172702
"""LingWae @ FQN9hzhzP_"" collected 221 from pot",2026-08-28T07:27:21.727Z,178790204172701
"Uncalled bet of 57 returned to ""LingWae @ FQN9hzhzP_""",2026-08-28T07:27:21.727Z,178790204172700
"""dick and balls @ gpP9uUffpu"" folds",2026-08-28T07:27:20.894Z,178790204089400
"""Harry = Fish @ kCN0-Qy2Mz"" folds",2026-08-28T07:27:19.942Z,178790203994200
"""LingWae @ FQN9hzhzP_"" raises to 67",2026-08-28T07:27:17.562Z,178790203756200
"""dick and balls @ gpP9uUffpu"" bets 10",2026-08-28T07:27:12.981Z,178790203298100
"""Harry = Fish @ kCN0-Qy2Mz"" checks",2026-08-28T07:27:11.151Z,178790203115100
"Turn: 2♣, 4♠, A♦ [8♦]",2026-08-28T07:27:09.187Z,178790202918700
"""LingWae @ FQN9hzhzP_"" checks",2026-08-28T07:27:08.336Z,178790202833600
"""dick and balls @ gpP9uUffpu"" checks",2026-08-28T07:27:07.298Z,178790202729800
"""Harry = Fish @ kCN0-Qy2Mz"" checks",2026-08-28T07:27:06.386Z,178790202638600
"Flop:  [2♣, 4♠, A♦]",2026-08-28T07:27:03.453Z,178790202345300
"""dick and balls @ gpP9uUffpu"" calls 67",2026-08-28T07:27:02.630Z,178790202263000
"""Harry = Fish @ kCN0-Qy2Mz"" calls 67",2026-08-28T07:27:01.347Z,178790202134700
"""LingWae @ FQN9hzhzP_"" raises to 67",2026-08-28T07:26:59.453Z,178790201945300
"""dick and balls @ gpP9uUffpu"" posts a big blind of 10",2026-08-28T07:26:56.269Z,178790201626906
"""Harry = Fish @ kCN0-Qy2Mz"" posts a small blind of 5",2026-08-28T07:26:56.269Z,178790201626905
"Player stacks: #2 ""Harry = Fish @ kCN0-Qy2Mz"" (6710) | #5 ""dick and balls @ gpP9uUffpu"" (3074) | #8 ""LingWae @ FQN9hzhzP_"" (1297)",2026-08-28T07:26:56.269Z,178790201626901
"-- starting hand #94 (id: ve0i8ojmcece)  No Limit Texas Hold'em (dealer: ""LingWae @ FQN9hzhzP_"") --",2026-08-28T07:26:56.269Z,178790201626900
"-- ending hand #93 --",2026-08-28T07:26:50.225Z,178790201022503
"""dick and balls @ gpP9uUffpu"" collected 234 from pot with Pair, K's (combination: 8♥, 10♣, Q♣, K♣, K♠)",2026-08-28T07:26:50.225Z,178790201022502
"""dick and balls @ gpP9uUffpu"" shows a 7♥, K♣.",2026-08-28T07:26:50.225Z,178790201022501
"""LingWae @ FQN9hzhzP_"" shows a 5♦, 7♣.",2026-08-28T07:26:50.225Z,178790201022500
"""dick and balls @ gpP9uUffpu"" calls 36",2026-08-28T07:26:49.365Z,178790200936500
"""LingWae @ FQN9hzhzP_"" bets 36",2026-08-28T07:26:48.428Z,178790200842800
"River: K♠, Q♣, 5♥, 8♥ [10♣]",2026-08-28T07:26:43.663Z,178790200366300
"""LingWae @ FQN9hzhzP_"" calls 10",2026-08-28T07:26:42.849Z,178790200284900
"""dick and balls @ gpP9uUffpu"" bets 10",2026-08-28T07:26:41.843Z,178790200184300
"""LingWae @ FQN9hzhzP_"" checks",2026-08-28T07:26:40.000Z,178790200000000
"Turn: K♠, Q♣, 5♥ [8♥]",2026-08-28T07:26:38.417Z,178790199841700
"""dick and balls @ gpP9uUffpu"" calls 36",2026-08-28T07:26:37.569Z,178790199756900
"""LingWae @ FQN9hzhzP_"" bets 36",2026-08-28T07:26:36.469Z,178790199646900
"Flop:  [K♠, Q♣, 5♥]",2026-08-28T07:26:32.105Z,178790199210500
"""Harry = Fish @ kCN0-Qy2Mz"" folds",2026-08-28T07:26:31.293Z,178790199129300
"""LingWae @ FQN9hzhzP_"" calls 30",2026-08-28T07:26:30.409Z,178790199040900
"""dick and balls @ gpP9uUffpu"" raises to 30",2026-08-28T07:26:28.040Z,178790198804000
"""Harry = Fish @ kCN0-Qy2Mz"" posts a big blind of 10",2026-08-28T07:26:26.805Z,178790198680506
"""LingWae @ FQN9hzhzP_"" posts a small blind of 5",2026-08-28T07:26:26.805Z,178790198680505
"Your hand is 7♥, K♣",2026-08-28T07:26:26.805Z,178790198680503
"Player stacks: #2 ""Harry = Fish @ kCN0-Qy2Mz"" (6720) | #5 ""dick and balls @ gpP9uUffpu"" (2952) | #8 ""LingWae @ FQN9hzhzP_"" (1409)",2026-08-28T07:26:26.805Z,178790198680501
"-- starting hand #93 (id: hheyoyadhmi2)  No Limit Texas Hold'em (dealer: ""dick and balls @ gpP9uUffpu"") --",2026-08-28T07:26:26.805Z,178790198680500
"""dick and balls @ gpP9uUffpu"" shows a 10♦, 2♠.",2026-08-28T07:26:23.192Z,178790198319200
"-- ending hand #92 --",2026-08-28T07:26:20.291Z,178790198029103
"""Harry = Fish @ kCN0-Qy2Mz"" collected 65 from pot with Pair, 2's (combination: 9♥, 10♣, J♥, 2♥, 2♣)",2026-08-28T07:26:20.291Z,178790198029102
"""Harry = Fish @ kCN0-Qy2Mz"" shows a 2♥, 10♣.",2026-08-28T07:26:20.291Z,178790198029101
"""LingWae @ FQN9hzhzP_"" shows a 6♠, Q♥.",2026-08-28T07:26:20.291Z,178790198029100
"""Harry = Fish @ kCN0-Qy2Mz"" calls 10",2026-08-28T07:26:19.462Z,178790197946200
"""LingWae @ FQN9hzhzP_"" bets 10",2026-08-28T07:26:18.086Z,178790197808600
"River: 3♣, 2♣, J♥, 9♥ [8♠]",2026-08-28T07:26:16.398Z,178790197639800
"""Harry = Fish @ kCN0-Qy2Mz"" calls 10",2026-08-28T07:26:15.517Z,178790197551700
"""LingWae @ FQN9hzhzP_"" bets 10",2026-08-28T07:26:13.723Z,178790197372300
"Turn: 3♣, 2♣, J♥ [9♥]",2026-08-28T07:26:11.996Z,178790197199600
"""Harry = Fish @ kCN0-Qy2Mz"" checks",2026-08-28T07:26:11.162Z,178790197116200
"""LingWae @ FQN9hzhzP_"" checks",2026-08-28T07:26:09.470Z,178790196947000
"Flop:  [3♣, 2♣, J♥]",2026-08-28T07:26:04.474Z,178790196447400
"""LingWae @ FQN9hzhzP_"" checks",2026-08-28T07:26:03.637Z,178790196363700
"""dick and balls @ gpP9uUffpu"" folds",2026-08-28T07:26:01.030Z,178790196103000
"""Harry = Fish @ kCN0-Qy2Mz"" calls 10",2026-08-28T07:25:57.669Z,178790195766900
"""LingWae @ FQN9hzhzP_"" posts a big blind of 10",2026-08-28T07:25:53.586Z,178790195358606
"""dick and balls @ gpP9uUffpu"" posts a small blind of 5",2026-08-28T07:25:53.586Z,178790195358605
"Your hand is 10♦, 2♠",2026-08-28T07:25:53.586Z,178790195358603
"Player stacks: #2 ""Harry = Fish @ kCN0-Qy2Mz"" (6685) | #5 ""dick and balls @ gpP9uUffpu"" (2957) | #8 ""LingWae @ FQN9hzhzP_"" (1439)",2026-08-28T07:25:53.586Z,178790195358601
"-- starting hand #92 (id: xpviq35tytoh)  No Limit Texas Hold'em (dealer: ""Harry = Fish @ kCN0-Qy2Mz"") --",2026-08-28T07:25:53.586Z,178790195358600
"""LingWae @ FQN9hzhzP_"" shows a 2♥.",2026-08-28T07:25:48.650Z,178790194865000
"""Harry = Fish @ kCN0-Qy2Mz"" shows a 6♠.",2026-08-28T07:25:47.526Z,178790194752600
"Undealt cards: 2♦, 6♣, 6♥, 3♣ [4♠]",2026-08-28T07:25:46.647Z,178790194664700
"-- ending hand #91 --",2026-08-28T07:25:46.235Z,178790194623502
"""dick and balls @ gpP9uUffpu"" collected 1040 from pot",2026-08-28T07:25:46.235Z,178790194623501
"Uncalled bet of 1917 returned to ""dick and balls @ gpP9uUffpu""",2026-08-28T07:25:46.235Z,178790194623500
"""LingWae @ FQN9hzhzP_"" folds",2026-08-28T07:25:45.430Z,178790194543000
"""dick and balls @ gpP9uUffpu"" raises to 2084 and go all in",2026-08-28T07:25:27.838Z,178790192783800
"""LingWae @ FQN9hzhzP_"" bets 167",2026-08-28T07:25:22.377Z,178790192237700
"""dick and balls @ gpP9uUffpu"" checks",2026-08-28T07:25:13.504Z,178790191350400
"Turn: 2♦, 6♣, 6♥ [3♣]",2026-08-28T07:25:12.657Z,178790191265700
"""dick and balls @ gpP9uUffpu"" calls 167",2026-08-28T07:25:11.811Z,178790191181100
"""LingWae @ FQN9hzhzP_"" bets 167",2026-08-28T07:25:08.249Z,178790190824900
"""dick and balls @ gpP9uUffpu"" checks",2026-08-28T07:25:04.472Z,178790190447200
"Flop:  [2♦, 6♣, 6♥]",2026-08-28T07:25:02.910Z,178790190291000
"""dick and balls @ gpP9uUffpu"" calls 168",2026-08-28T07:25:02.073Z,178790190207300
"""Harry = Fish @ kCN0-Qy2Mz"" folds",2026-08-28T07:25:00.447Z,178790190044700
"""LingWae @ FQN9hzhzP_"" raises to 168",2026-08-28T07:24:58.698Z,178790189869800
"""dick and balls @ gpP9uUffpu"" raises to 102",2026-08-28T07:24:49.421Z,178790188942100
"""Harry = Fish @ kCN0-Qy2Mz"" calls 36",2026-08-28T07:24:46.835Z,178790188683500
"""LingWae @ FQN9hzhzP_"" raises to 36",2026-08-28T07:24:44.933Z,178790188493300
"""dick and balls @ gpP9uUffpu"" posts a big blind of 10",2026-08-28T07:24:41.001Z,178790188100106
"""Harry = Fish @ kCN0-Qy2Mz"" posts a small blind of 5",2026-08-28T07:24:41.001Z,178790188100105
"Player stacks: #2 ""Harry = Fish @ kCN0-Qy2Mz"" (6721) | #5 ""dick and balls @ gpP9uUffpu"" (2419) | #8 ""LingWae @ FQN9hzhzP_"" (1941)",2026-08-28T07:24:41.001Z,178790188100101
"-- starting hand #91 (id: gutxry29kuzs)  No Limit Texas Hold'em (dealer: ""LingWae @ FQN9hzhzP_"") --",2026-08-28T07:24:41.001Z,178790188100100
"-- ending hand #90 --",2026-08-28T07:24:34.996Z,178790187499603
"""Harry = Fish @ kCN0-Qy2Mz"" collected 182 from pot with Two Pair, Q's & 7's (combination: K♦, 7♠, 7♥, Q♠, Q♦)",2026-08-28T07:24:34.996Z,178790187499602
"""Harry = Fish @ kCN0-Qy2Mz"" shows a K♦, 7♠.",2026-08-28T07:24:34.996Z,178790187499601
"""LingWae @ FQN9hzhzP_"" shows a 3♠, 2♣.",2026-08-28T07:24:34.996Z,178790187499600
"""Harry = Fish @ kCN0-Qy2Mz"" calls 10",2026-08-28T07:24:34.178Z,178790187417800
"""LingWae @ FQN9hzhzP_"" bets 10",2026-08-28T07:24:30.395Z,178790187039500
"River: Q♠, 3♥, Q♦, 9♠ [7♥]",2026-08-28T07:24:28.240Z,178790186824000
"""Harry = Fish @ kCN0-Qy2Mz"" checks",2026-08-28T07:24:27.437Z,178790186743700
"""LingWae @ FQN9hzhzP_"" checks",2026-08-28T07:24:25.499Z,178790186549900
"Turn: Q♠, 3♥, Q♦ [9♠]",2026-08-28T07:24:23.640Z,178790186364000
"""dick and balls @ gpP9uUffpu"" folds",2026-08-28T07:24:22.816Z,178790186281600
"""Harry = Fish @ kCN0-Qy2Mz"" calls 36",2026-08-28T07:24:21.769Z,178790186176900
"""LingWae @ FQN9hzhzP_"" bets 36",2026-08-28T07:24:19.284Z,178790185928400
"Flop:  [Q♠, 3♥, Q♦]",2026-08-28T07:24:04.806Z,178790184480600
"""Harry = Fish @ kCN0-Qy2Mz"" calls 30",2026-08-28T07:24:03.971Z,178790184397100
"""LingWae @ FQN9hzhzP_"" calls 30",2026-08-28T07:24:02.447Z,178790184244700
"""dick and balls @ gpP9uUffpu"" raises to 30",2026-08-28T07:23:55.258Z,178790183525800
"""Harry = Fish @ kCN0-Qy2Mz"" posts a big blind of 10",2026-08-28T07:23:52.550Z,178790183255007
"""LingWae @ FQN9hzhzP_"" posts a small blind of 5",2026-08-28T07:23:52.550Z,178790183255006
"Player stacks: #2 ""Harry = Fish @ kCN0-Qy2Mz"" (6615) | #5 ""dick and balls @ gpP9uUffpu"" (2449) | #8 ""LingWae @ FQN9hzhzP_"" (2017)",2026-08-28T07:23:52.550Z,178790183255002
"-- starting hand #90 (id: 0afcq7v9y1tw)  No Limit Texas Hold'em (dealer: ""dick and balls @ gpP9uUffpu"") --",2026-08-28T07:23:52.550Z,178790183255001
"The player ""Harry @ Q4OMcL0rqd"" stand up with the stack of 1919.",2026-08-28T07:23:52.550Z,178790183255000
"Undealt cards:  [6♣, 10♦, 7♠, 2♦, 3♣]",2026-08-28T07:23:50.252Z,178790183025200
"-- ending hand #89 --",2026-08-28T07:23:46.601Z,178790182660102
"""LingWae @ FQN9hzhzP_"" collected 10 from pot",2026-08-28T07:23:46.601Z,178790182660101
"Uncalled bet of 5 returned to ""LingWae @ FQN9hzhzP_""",2026-08-28T07:23:46.601Z,178790182660100
"""dick and balls @ gpP9uUffpu"" folds",2026-08-28T07:23:45.784Z,178790182578400
"""Harry @ Q4OMcL0rqd"" folds",2026-08-28T07:23:44.167Z,178790182416700
"""Harry = Fish @ kCN0-Qy2Mz"" folds",2026-08-28T07:23:43.339Z,178790182333900
"""LingWae @ FQN9hzhzP_"" posts a big blind of 10",2026-08-28T07:23:41.498Z,178790182149807
"""dick and balls @ gpP9uUffpu"" posts a small blind of 5",2026-08-28T07:23:41.498Z,178790182149806
"Player stacks: #2 ""Harry = Fish @ kCN0-Qy2Mz"" (6615) | #3 ""Harry @ Q4OMcL0rqd"" (1919) | #5 ""dick and balls @ gpP9uUffpu"" (2454) | #8 ""LingWae @ FQN9hzhzP_"" (2012)",2026-08-28T07:23:41.498Z,178790182149801
"-- starting hand #89 (id: b6qapyir3rnp)  No Limit Texas Hold'em (dealer: ""Harry @ Q4OMcL0rqd"") --",2026-08-28T07:23:41.498Z,178790182149800
"""LingWae @ FQN9hzhzP_"" shows a 2♦.",2026-08-28T07:23:39.498Z,178790181949800
"-- ending hand #88 --",2026-08-28T07:23:34.905Z,178790181490503
"""Harry @ Q4OMcL0rqd"" collected 1910 from pot with Two Pair, J's & 8's (combination: A♥, 8♦, 8♠, J♣, J♦)",2026-08-28T07:23:34.905Z,178790181490502
"""Harry @ Q4OMcL0rqd"" shows a A♥, J♣.",2026-08-28T07:23:34.905Z,178790181490501
"""dick and balls @ gpP9uUffpu"" shows a A♣, 10♠.",2026-08-28T07:23:34.905Z,178790181490500
"""Harry @ Q4OMcL0rqd"" calls 573",2026-08-28T07:23:34.100Z,178790181410000
"""Harry = Fish @ kCN0-Qy2Mz"" folds",2026-08-28T07:23:32.856Z,178790181285600
"""dick and balls @ gpP9uUffpu"" bets 573",2026-08-28T07:23:25.537Z,178790180553700
"""Harry @ Q4OMcL0rqd"" checks",2026-08-28T07:23:21.039Z,178790180103900
"River: Q♦, J♦, 5♣, 8♦ [8♠]",2026-08-28T07:23:18.650Z,178790179865000
"""Harry = Fish @ kCN0-Qy2Mz"" calls 120",2026-08-28T07:23:17.795Z,178790179779500
"""LingWae @ FQN9hzhzP_"" folds",2026-08-28T07:23:16.339Z,178790179633900
"""dick and balls @ gpP9uUffpu"" calls 120",2026-08-28T07:23:15.423Z,178790179542300
"""Harry @ Q4OMcL0rqd"" bets 120",2026-08-28T07:23:13.919Z,178790179391900
"Turn: Q♦, J♦, 5♣ [8♦]",2026-08-28T07:23:10.731Z,178790179073100
"""Harry = Fish @ kCN0-Qy2Mz"" checks",2026-08-28T07:23:09.882Z,178790178988200
"""LingWae @ FQN9hzhzP_"" checks",2026-08-28T07:23:08.012Z,178790178801200
"""dick and balls @ gpP9uUffpu"" checks",2026-08-28T07:23:06.792Z,178790178679200
"""Harry @ Q4OMcL0rqd"" checks",2026-08-28T07:23:05.197Z,178790178519700
"Flop:  [Q♦, J♦, 5♣]",2026-08-28T07:22:57.769Z,178790177776900
"""LingWae @ FQN9hzhzP_"" calls 101",2026-08-28T07:22:56.960Z,178790177696000
"""dick and balls @ gpP9uUffpu"" calls 101",2026-08-28T07:22:55.783Z,178790177578300
"""Harry @ Q4OMcL0rqd"" calls 101",2026-08-28T07:22:54.842Z,178790177484200
"""Harry = Fish @ kCN0-Qy2Mz"" raises to 101",2026-08-28T07:22:52.843Z,178790177284300
"""LingWae @ FQN9hzhzP_"" raises to 36",2026-08-28T07:22:49.905Z,178790176990500
"""dick and balls @ gpP9uUffpu"" posts a big blind of 10",2026-08-28T07:22:45.469Z,178790176546907
"""Harry @ Q4OMcL0rqd"" posts a small blind of 5",2026-08-28T07:22:45.469Z,178790176546906
"Your hand is A♣, 10♠",2026-08-28T07:22:45.469Z,178790176546904
"Player stacks: #2 ""Harry = Fish @ kCN0-Qy2Mz"" (6836) | #3 ""Harry @ Q4OMcL0rqd"" (803) | #5 ""dick and balls @ gpP9uUffpu"" (3248) | #8 ""LingWae @ FQN9hzhzP_"" (2113)",2026-08-28T07:22:45.469Z,178790176546901
"-- starting hand #88 (id: bzacspygs1hf)  No Limit Texas Hold'em (dealer: ""Harry = Fish @ kCN0-Qy2Mz"") --",2026-08-28T07:22:45.469Z,178790176546900
"""Harry @ Q4OMcL0rqd"" shows a Q♥.",2026-08-28T07:22:42.974Z,178790176297400
"""Harry = Fish @ kCN0-Qy2Mz"" shows a 7♠.",2026-08-28T07:22:41.202Z,178790176120200
"Undealt cards: 7♦, K♠, A♠, 2♣ [J♥]",2026-08-28T07:22:40.591Z,178790176059100
"""LingWae @ FQN9hzhzP_"" shows a A♣.",2026-08-28T07:22:37.996Z,178790175799600
"-- ending hand #87 --",2026-08-28T07:22:37.457Z,178790175745702
"""LingWae @ FQN9hzhzP_"" collected 476 from pot",2026-08-28T07:22:37.457Z,178790175745701
"Uncalled bet of 167 returned to ""LingWae @ FQN9hzhzP_""",2026-08-28T07:22:37.457Z,178790175745700
"""Harry @ Q4OMcL0rqd"" folds",2026-08-28T07:22:36.641Z,178790175664100
"""LingWae @ FQN9hzhzP_"" bets 167",2026-08-28T07:22:28.587Z,178790174858700
"""Harry @ Q4OMcL0rqd"" checks",2026-08-28T07:22:25.142Z,178790174514200
"Turn: 7♦, K♠, A♠ [2♣]",2026-08-28T07:22:19.306Z,178790173930600
"""dick and balls @ gpP9uUffpu"" folds",2026-08-28T07:22:18.449Z,178790173844900
"""Harry @ Q4OMcL0rqd"" calls 167",2026-08-28T07:22:17.531Z,178790173753100
"""LingWae @ FQN9hzhzP_"" raises to 167",2026-08-28T07:22:12.646Z,178790173264600
"""dick and balls @ gpP9uUffpu"" bets 47",2026-08-28T07:22:09.317Z,178790172931700
"""Harry @ Q4OMcL0rqd"" checks",2026-08-28T07:22:07.372Z,178790172737200
"Flop:  [7♦, K♠, A♠]",2026-08-28T07:22:01.887Z,178790172188700
"""Harry @ Q4OMcL0rqd"" calls 30",2026-08-28T07:22:00.999Z,178790172099900
"""Harry = Fish @ kCN0-Qy2Mz"" folds",2026-08-28T07:21:59.091Z,178790171909100
"""LingWae @ FQN9hzhzP_"" calls 30",2026-08-28T07:21:41.197Z,178790170119700
"""dick and balls @ gpP9uUffpu"" raises to 30",2026-08-28T07:21:35.529Z,178790169552900
"""Harry @ Q4OMcL0rqd"" posts a big blind of 10",2026-08-28T07:21:34.065Z,178790169406508
"""Harry = Fish @ kCN0-Qy2Mz"" posts a small blind of 5",2026-08-28T07:21:34.065Z,178790169406507
"Player stacks: #2 ""Harry = Fish @ kCN0-Qy2Mz"" (6841) | #3 ""Harry @ Q4OMcL0rqd"" (1000) | #5 ""dick and balls @ gpP9uUffpu"" (3325) | #8 ""LingWae @ FQN9hzhzP_"" (1834)",2026-08-28T07:21:34.065Z,178790169406502
"-- starting hand #87 (id: 42v8jg0jti70)  No Limit Texas Hold'em (dealer: ""LingWae @ FQN9hzhzP_"") --",2026-08-28T07:21:34.065Z,178790169406501
"The player ""Harry @ Q4OMcL0rqd"" joined the game with a stack of 1000.",2026-08-28T07:21:34.065Z,178790169406500
"""Harry = Fish @ kCN0-Qy2Mz"" shows a A♦, K♥.",2026-08-28T07:21:31.810Z,178790169181000
"""LingWae @ FQN9hzhzP_"" shows a Q♠, J♥.",2026-08-28T07:21:29.196Z,178790168919600
"Undealt cards: 7♠, 10♦, 5♦, 9♠ [K♦]",2026-08-28T07:21:28.848Z,178790168884800
"-- ending hand #86 --",2026-08-28T07:21:26.756Z,178790168675602
"""LingWae @ FQN9hzhzP_"" collected 840 from pot",2026-08-28T07:21:26.756Z,178790168675601
"Uncalled bet of 167 returned to ""LingWae @ FQN9hzhzP_""",2026-08-28T07:21:26.756Z,178790168675600
"""dick and balls @ gpP9uUffpu"" folds",2026-08-28T07:21:25.915Z,178790168591500
"""Harry = Fish @ kCN0-Qy2Mz"" folds",2026-08-28T07:21:24.167Z,178790168416700
"""LingWae @ FQN9hzhzP_"" bets 167",2026-08-28T07:21:18.726Z,178790167872600
"Turn: 7♠, 10♦, 5♦ [9♠]",2026-08-28T07:21:13.550Z,178790167355000
"""Harry = Fish @ kCN0-Qy2Mz"" calls 90",2026-08-28T07:21:12.691Z,178790167269100
"""LingWae @ FQN9hzhzP_"" calls 90",2026-08-28T07:21:11.454Z,178790167145400
"""dick and balls @ gpP9uUffpu"" bets 90",2026-08-28T07:21:09.522Z,178790166952200
"""Harry = Fish @ kCN0-Qy2Mz"" checks",2026-08-28T07:21:06.338Z,178790166633800
"""LingWae @ FQN9hzhzP_"" checks",2026-08-28T07:21:04.527Z,178790166452700
"Flop:  [7♠, 10♦, 5♦]",2026-08-28T07:21:01.658Z,178790166165800
"""LingWae @ FQN9hzhzP_"" calls 190",2026-08-28T07:21:00.722Z,178790166072200
"""dick and balls @ gpP9uUffpu"" calls 190",2026-08-28T07:20:58.006Z,178790165800600
"""Harry = Fish @ kCN0-Qy2Mz"" raises to 190",2026-08-28T07:20:55.209Z,178790165520900
"The admin approved the player ""Harry @ Q4OMcL0rqd"" participation with a stack of 1000.",2026-08-28T07:20:55.136Z,178790165513600
"The player ""Harry @ Q4OMcL0rqd"" requested a seat.",2026-08-28T07:20:54.017Z,178790165401700
"""LingWae @ FQN9hzhzP_"" raises to 67",2026-08-28T07:20:32.877Z,178790163287700
"""dick and balls @ gpP9uUffpu"" raises to 30",2026-08-28T07:20:25.939Z,178790162593900
"""Harry = Fish @ kCN0-Qy2Mz"" posts a big blind of 10",2026-08-28T07:20:23.119Z,178790162311907
"""LingWae @ FQN9hzhzP_"" posts a small blind of 5",2026-08-28T07:20:23.119Z,178790162311906
"Player stacks: #2 ""Harry = Fish @ kCN0-Qy2Mz"" (7121) | #5 ""dick and balls @ gpP9uUffpu"" (3605) | #8 ""LingWae @ FQN9hzhzP_"" (1274)",2026-08-28T07:20:23.119Z,178790162311902
"-- starting hand #86 (id: dd9ifx4utaab)  No Limit Texas Hold'em (dealer: ""dick and balls @ gpP9uUffpu"") --",2026-08-28T07:20:23.119Z,178790162311901
"The player ""Harry @ Q4OMcL0rqd"" quits the game with a stack of 0.",2026-08-28T07:20:23.119Z,178790162311900
"Asking to busted players the rebuy decision.",2026-08-28T07:20:21.692Z,178790162169200
"-- ending hand #85 --",2026-08-28T07:20:15.683Z,178790161568303
"""Harry = Fish @ kCN0-Qy2Mz"" collected 2922 from pot with Flush, K High (combination: 5♦, 7♦, 9♦, 10♦, K♦)",2026-08-28T07:20:15.683Z,178790161568302
"""Harry = Fish @ kCN0-Qy2Mz"" shows a 7♥, 9♦.",2026-08-28T07:20:15.683Z,178790161568301
"""Harry @ Q4OMcL0rqd"" shows a 4♠, 8♠.",2026-08-28T07:20:15.683Z,178790161568300
"""Harry = Fish @ kCN0-Qy2Mz"" calls 1251",2026-08-28T07:20:14.866Z,178790161486600
"""Harry @ Q4OMcL0rqd"" raises to 1251 and go all in",2026-08-28T07:19:50.403Z,178790159040300
"""Harry = Fish @ kCN0-Qy2Mz"" bets 420",2026-08-28T07:19:47.381Z,178790158738100
"""Harry @ Q4OMcL0rqd"" checks",2026-08-28T07:19:42.983Z,178790158298300
"River: K♦, 5♣, 7♦, 10♦ [5♦]",2026-08-28T07:19:41.729Z,178790158172900
"""Harry = Fish @ kCN0-Qy2Mz"" checks",2026-08-28T07:19:40.864Z,178790158086400
"""Harry @ Q4OMcL0rqd"" checks",2026-08-28T07:19:37.133Z,178790157713300
"Turn: K♦, 5♣, 7♦ [10♦]",2026-08-28T07:19:35.260Z,178790157526000
"""Harry @ Q4OMcL0rqd"" calls 120",2026-08-28T07:19:34.418Z,178790157441800
"""LingWae @ FQN9hzhzP_"" folds",2026-08-28T07:19:33.282Z,178790157328200
"""dick and balls @ gpP9uUffpu"" folds",2026-08-28T07:19:32.351Z,178790157235100
"""Harry = Fish @ kCN0-Qy2Mz"" raises to 120",2026-08-28T07:19:30.681Z,178790157068100
"""Harry @ Q4OMcL0rqd"" bets 40",2026-08-28T07:19:24.963Z,178790156496300
"""LingWae @ FQN9hzhzP_"" checks",2026-08-28T07:19:21.575Z,178790156157500
"""dick and balls @ gpP9uUffpu"" checks",2026-08-28T07:19:19.895Z,178790155989500
"Flop:  [K♦, 5♣, 7♦]",2026-08-28T07:19:18.051Z,178790155805100
"""Harry @ Q4OMcL0rqd"" calls 45",2026-08-28T07:19:17.197Z,178790155719700
"""LingWae @ FQN9hzhzP_"" calls 45",2026-08-28T07:19:15.887Z,178790155588700
"""dick and balls @ gpP9uUffpu"" calls 45",2026-08-28T07:19:14.352Z,178790155435200
"""Harry = Fish @ kCN0-Qy2Mz"" raises to 45",2026-08-28T07:19:13.204Z,178790155320400
"""Harry @ Q4OMcL0rqd"" calls 10",2026-08-28T07:19:10.731Z,178790155073100
"""LingWae @ FQN9hzhzP_"" posts a big blind of 10",2026-08-28T07:19:08.120Z,178790154812007
"""dick and balls @ gpP9uUffpu"" posts a small blind of 5",2026-08-28T07:19:08.120Z,178790154812006
"Player stacks: #2 ""Harry = Fish @ kCN0-Qy2Mz"" (5615) | #5 ""dick and balls @ gpP9uUffpu"" (3650) | #8 ""LingWae @ FQN9hzhzP_"" (1319) | #10 ""Harry @ Q4OMcL0rqd"" (1416)",2026-08-28T07:19:08.120Z,178790154812001
"-- starting hand #85 (id: 2xmbvxlywp3g)  No Limit Texas Hold'em (dealer: ""Harry = Fish @ kCN0-Qy2Mz"") --",2026-08-28T07:19:08.120Z,178790154812000
"Undealt cards:  [3♥, 10♥, Q♥, 9♥, 5♥]",2026-08-28T07:19:04.550Z,178790154455000
"-- ending hand #84 --",2026-08-28T07:19:02.186Z,178790154218602
"""Harry @ Q4OMcL0rqd"" collected 35 from pot",2026-08-28T07:19:02.186Z,178790154218601
"Uncalled bet of 30 returned to ""Harry @ Q4OMcL0rqd""",2026-08-28T07:19:02.186Z,178790154218600
"""LingWae @ FQN9hzhzP_"" folds",2026-08-28T07:19:01.294Z,178790154129400
"""dick and balls @ gpP9uUffpu"" folds",2026-08-28T07:18:58.481Z,178790153848100
"""Harry = Fish @ kCN0-Qy2Mz"" folds",2026-08-28T07:18:57.076Z,178790153707600
"""Harry @ Q4OMcL0rqd"" raises to 40",2026-08-28T07:18:53.063Z,178790153306300
"""LingWae @ FQN9hzhzP_"" calls 10",2026-08-28T07:18:49.695Z,178790152969500
"""dick and balls @ gpP9uUffpu"" posts a big blind of 10",2026-08-28T07:18:36.661Z,178790151666107
"""Harry = Fish @ kCN0-Qy2Mz"" posts a small blind of 5",2026-08-28T07:18:36.661Z,178790151666106
"Player stacks: #2 ""Harry = Fish @ kCN0-Qy2Mz"" (5620) | #5 ""dick and balls @ gpP9uUffpu"" (3660) | #8 ""LingWae @ FQN9hzhzP_"" (1329) | #10 ""Harry @ Q4OMcL0rqd"" (1391)",2026-08-28T07:18:36.661Z,178790151666101
"-- starting hand #84 (id: khs2iltee2zh)  No Limit Texas Hold'em (dealer: ""Harry @ Q4OMcL0rqd"") --",2026-08-28T07:18:36.661Z,178790151666100
"-- ending hand #83 --",2026-08-28T07:18:30.655Z,178790151065503
"""LingWae @ FQN9hzhzP_"" collected 593 from pot with Pair, Q's (combination: 7♥, 8♠, 10♦, Q♠, Q♦)",2026-08-28T07:18:30.655Z,178790151065502
"""LingWae @ FQN9hzhzP_"" shows a 7♥, Q♠.",2026-08-28T07:18:30.655Z,178790151065501
"""dick and balls @ gpP9uUffpu"" shows a J♣, 10♣.",2026-08-28T07:18:30.655Z,178790151065500
"""LingWae @ FQN9hzhzP_"" checks",2026-08-28T07:18:29.782Z,178790150978200
"""dick and balls @ gpP9uUffpu"" checks",2026-08-28T07:18:28.712Z,178790150871200
"River: Q♦, 10♦, 8♠, 6♣ [5♣]",2026-08-28T07:18:27.948Z,178790150794800
"""dick and balls @ gpP9uUffpu"" calls 167",2026-08-28T07:18:27.102Z,178790150710200
"""LingWae @ FQN9hzhzP_"" bets 167",2026-08-28T07:18:25.884Z,178790150588400
"""dick and balls @ gpP9uUffpu"" checks",2026-08-28T07:18:22.953Z,178790150295300
"Turn: Q♦, 10♦, 8♠ [6♣]",2026-08-28T07:18:21.647Z,178790150164700
"""dick and balls @ gpP9uUffpu"" calls 67",2026-08-28T07:18:20.746Z,178790150074600
"""Harry = Fish @ kCN0-Qy2Mz"" folds",2026-08-28T07:18:19.832Z,178790149983200
"""LingWae @ FQN9hzhzP_"" bets 67",2026-08-28T07:18:16.581Z,178790149658100
"""dick and balls @ gpP9uUffpu"" checks",2026-08-28T07:18:13.329Z,178790149332900
"""Harry = Fish @ kCN0-Qy2Mz"" checks",2026-08-28T07:18:11.183Z,178790149118300
"Flop:  [Q♦, 10♦, 8♠]",2026-08-28T07:18:08.266Z,178790148826600
"""Harry = Fish @ kCN0-Qy2Mz"" calls 40",2026-08-28T07:18:07.463Z,178790148746300
"""Harry @ Q4OMcL0rqd"" folds",2026-08-28T07:18:06.146Z,178790148614600
"""LingWae @ FQN9hzhzP_"" calls 40",2026-08-28T07:18:02.487Z,178790148248700
"""dick and balls @ gpP9uUffpu"" raises to 40",2026-08-28T07:18:00.091Z,178790148009100
"""Harry = Fish @ kCN0-Qy2Mz"" posts a big blind of 10",2026-08-28T07:17:57.163Z,178790147716307
"""Harry @ Q4OMcL0rqd"" posts a small blind of 5",2026-08-28T07:17:57.163Z,178790147716306
"Your hand is J♣, 10♣",2026-08-28T07:17:57.163Z,178790147716303
"Player stacks: #2 ""Harry = Fish @ kCN0-Qy2Mz"" (5660) | #5 ""dick and balls @ gpP9uUffpu"" (3934) | #8 ""LingWae @ FQN9hzhzP_"" (1010) | #10 ""Harry @ Q4OMcL0rqd"" (1396)",2026-08-28T07:17:57.163Z,178790147716301
"-- starting hand #83 (id: umkyv5tujjj5)  No Limit Texas Hold'em (dealer: ""LingWae @ FQN9hzhzP_"") --",2026-08-28T07:17:57.163Z,178790147716300
"""LingWae @ FQN9hzhzP_"" shows a A♥.",2026-08-28T07:17:55.646Z,178790147564600
"-- ending hand #82 --",2026-08-28T07:17:53.541Z,178790147354102
"""Harry @ Q4OMcL0rqd"" collected 769 from pot",2026-08-28T07:17:53.541Z,178790147354101
"Uncalled bet of 627 returned to ""Harry @ Q4OMcL0rqd""",2026-08-28T07:17:53.541Z,178790147354100
"""LingWae @ FQN9hzhzP_"" folds",2026-08-28T07:17:52.704Z,178790147270400
"""Harry @ Q4OMcL0rqd"" bets 627 and go all in",2026-08-28T07:17:51.124Z,178790147112400
"""LingWae @ FQN9hzhzP_"" checks",2026-08-28T07:17:47.994Z,178790146799400
"River: Q♣, 7♥, 4♦, 2♦ [7♦]",2026-08-28T07:17:44.561Z,178790146456100
"""LingWae @ FQN9hzhzP_"" calls 150",2026-08-28T07:17:43.733Z,178790146373300
"""dick and balls @ gpP9uUffpu"" folds",2026-08-28T07:17:41.884Z,178790146188400
"""Harry @ Q4OMcL0rqd"" raises to 150",2026-08-28T07:17:39.585Z,178790145958500
"""LingWae @ FQN9hzhzP_"" bets 67",2026-08-28T07:17:32.770Z,178790145277000
"Turn: Q♣, 7♥, 4♦ [2♦]",2026-08-28T07:17:23.557Z,178790144355700
"""dick and balls @ gpP9uUffpu"" calls 67",2026-08-28T07:17:22.755Z,178790144275500
"""Harry = Fish @ kCN0-Qy2Mz"" folds",2026-08-28T07:17:21.769Z,178790144176900
"""Harry @ Q4OMcL0rqd"" calls 67",2026-08-28T07:17:20.479Z,178790144047900
"""LingWae @ FQN9hzhzP_"" bets 67",2026-08-28T07:17:17.487Z,178790143748700
"Flop:  [Q♣, 7♥, 4♦]",2026-08-28T07:17:11.221Z,178790143122100
"""dick and balls @ gpP9uUffpu"" calls 67",2026-08-28T07:17:10.333Z,178790143033300
"""Harry = Fish @ kCN0-Qy2Mz"" calls 67",2026-08-28T07:17:09.296Z,178790142929600
"""Harry @ Q4OMcL0rqd"" calls 67",2026-08-28T07:17:08.087Z,178790142808700
"""LingWae @ FQN9hzhzP_"" raises to 67",2026-08-28T07:17:06.645Z,178790142664500
"""dick and balls @ gpP9uUffpu"" calls 35",2026-08-28T07:17:04.102Z,178790142410200
"""Harry = Fish @ kCN0-Qy2Mz"" raises to 35",2026-08-28T07:17:02.517Z,178790142251700
"""Harry @ Q4OMcL0rqd"" posts a big blind of 10",2026-08-28T07:16:59.908Z,178790141990807
"""LingWae @ FQN9hzhzP_"" posts a small blind of 5",2026-08-28T07:16:59.908Z,178790141990806
"Player stacks: #2 ""Harry = Fish @ kCN0-Qy2Mz"" (5727) | #5 ""dick and balls @ gpP9uUffpu"" (4068) | #8 ""LingWae @ FQN9hzhzP_"" (1294) | #10 ""Harry @ Q4OMcL0rqd"" (911)",2026-08-28T07:16:59.908Z,178790141990801
"-- starting hand #82 (id: 0sxw9ws0wewz)  No Limit Texas Hold'em (dealer: ""dick and balls @ gpP9uUffpu"") --",2026-08-28T07:16:59.908Z,178790141990800
"""Harry = Fish @ kCN0-Qy2Mz"" shows a 7♠, 10♣.",2026-08-28T07:16:56.872Z,178790141687200
"""LingWae @ FQN9hzhzP_"" shows a 9♥.",2026-08-28T07:16:56.674Z,178790141667400
"-- ending hand #81 --",2026-08-28T07:16:55.600Z,178790141560002
"""Harry @ Q4OMcL0rqd"" collected 90 from pot",2026-08-28T07:16:55.600Z,178790141560001
"Uncalled bet of 90 returned to ""Harry @ Q4OMcL0rqd""",2026-08-28T07:16:55.600Z,178790141560000
"""dick and balls @ gpP9uUffpu"" folds",2026-08-28T07:16:54.794Z,178790141479400
"""Harry @ Q4OMcL0rqd"" bets 90",2026-08-28T07:16:52.234Z,178790141223400
"""dick and balls @ gpP9uUffpu"" checks",2026-08-28T07:16:49.377Z,178790140937700
"River: A♦, 10♥, 3♥, A♥ [9♣]",2026-08-28T07:16:47.791Z,178790140779100
"""LingWae @ FQN9hzhzP_"" folds",2026-08-28T07:16:46.982Z,178790140698200
"""dick and balls @ gpP9uUffpu"" calls 30",2026-08-28T07:16:46.098Z,178790140609800
"""Harry @ Q4OMcL0rqd"" bets 30",2026-08-28T07:16:44.757Z,178790140475700
"""LingWae @ FQN9hzhzP_"" checks",2026-08-28T07:16:42.418Z,178790140241800
"""dick and balls @ gpP9uUffpu"" checks",2026-08-28T07:16:40.964Z,178790140096400
"Turn: A♦, 10♥, 3♥ [A♥]",2026-08-28T07:16:39.784Z,178790139978400
"""Harry @ Q4OMcL0rqd"" checks",2026-08-28T07:16:38.946Z,178790139894600
"""LingWae @ FQN9hzhzP_"" checks",2026-08-28T07:16:37.509Z,178790139750900
"""dick and balls @ gpP9uUffpu"" checks",2026-08-28T07:16:35.165Z,178790139516500
"Flop:  [A♦, 10♥, 3♥]",2026-08-28T07:16:32.485Z,178790139248500
"""LingWae @ FQN9hzhzP_"" checks",2026-08-28T07:16:31.648Z,178790139164800
"""dick and balls @ gpP9uUffpu"" calls 10",2026-08-28T07:16:29.276Z,178790138927600
"""Harry = Fish @ kCN0-Qy2Mz"" folds",2026-08-28T07:16:28.338Z,178790138833800
"""Harry @ Q4OMcL0rqd"" calls 10",2026-08-28T07:16:26.770Z,178790138677000
"""LingWae @ FQN9hzhzP_"" posts a big blind of 10",2026-08-28T07:16:24.978Z,178790138497807
"""dick and balls @ gpP9uUffpu"" posts a small blind of 5",2026-08-28T07:16:24.978Z,178790138497806
"Player stacks: #2 ""Harry = Fish @ kCN0-Qy2Mz"" (5727) | #5 ""dick and balls @ gpP9uUffpu"" (4108) | #8 ""LingWae @ FQN9hzhzP_"" (1304) | #10 ""Harry @ Q4OMcL0rqd"" (861)",2026-08-28T07:16:24.978Z,178790138497801
"-- starting hand #81 (id: x1e4wo5iph7u)  No Limit Texas Hold'em (dealer: ""Harry = Fish @ kCN0-Qy2Mz"") --",2026-08-28T07:16:24.978Z,178790138497800
"""LingWae @ FQN9hzhzP_"" shows a K♥.",2026-08-28T07:16:21.940Z,178790138194000
"Undealt cards: Q♥, 6♥, 4♦, 8♥ [2♣]",2026-08-28T07:16:18.619Z,178790137861900
"""Harry = Fish @ kCN0-Qy2Mz"" shows a 6♠.",2026-08-28T07:16:18.196Z,178790137819600
"-- ending hand #80 --",2026-08-28T07:16:17.629Z,178790137762902
"""LingWae @ FQN9hzhzP_"" collected 402 from pot",2026-08-28T07:16:17.629Z,178790137762901
"Uncalled bet of 902 returned to ""LingWae @ FQN9hzhzP_""",2026-08-28T07:16:17.629Z,178790137762900
"""Harry = Fish @ kCN0-Qy2Mz"" folds",2026-08-28T07:16:16.771Z,178790137677100
"""LingWae @ FQN9hzhzP_"" bets 902 and go all in",2026-08-28T07:16:15.015Z,178790137501500
"""Harry = Fish @ kCN0-Qy2Mz"" checks",2026-08-28T07:16:11.839Z,178790137183900
"Turn: Q♥, 6♥, 4♦ [8♥]",2026-08-28T07:16:09.828Z,178790136982800
"""dick and balls @ gpP9uUffpu"" folds",2026-08-28T07:16:08.992Z,178790136899200
"""Harry = Fish @ kCN0-Qy2Mz"" calls 67",2026-08-28T07:16:03.964Z,178790136396400
"""Harry @ Q4OMcL0rqd"" folds",2026-08-28T07:16:01.863Z,178790136186300
"""LingWae @ FQN9hzhzP_"" bets 67",2026-08-28T07:16:00.684Z,178790136068400
"""dick and balls @ gpP9uUffpu"" checks",2026-08-28T07:15:58.053Z,178790135805300
"""Harry = Fish @ kCN0-Qy2Mz"" checks",2026-08-28T07:15:56.788Z,178790135678800
"Flop:  [Q♥, 6♥, 4♦]",2026-08-28T07:15:54.162Z,178790135416200
"""dick and balls @ gpP9uUffpu"" calls 67",2026-08-28T07:15:53.330Z,178790135333000
"""Harry = Fish @ kCN0-Qy2Mz"" calls 67",2026-08-28T07:15:52.217Z,178790135221700
"""Harry @ Q4OMcL0rqd"" calls 67",2026-08-28T07:15:48.256Z,178790134825600
"""LingWae @ FQN9hzhzP_"" raises to 67",2026-08-28T07:15:43.101Z,178790134310100
"""dick and balls @ gpP9uUffpu"" posts a big blind of 10",2026-08-28T07:15:39.603Z,178790133960307
"""Harry = Fish @ kCN0-Qy2Mz"" posts a small blind of 5",2026-08-28T07:15:39.603Z,178790133960306
"Player stacks: #2 ""Harry = Fish @ kCN0-Qy2Mz"" (5861) | #5 ""dick and balls @ gpP9uUffpu"" (4175) | #8 ""LingWae @ FQN9hzhzP_"" (1036) | #10 ""Harry @ Q4OMcL0rqd"" (928)",2026-08-28T07:15:39.603Z,178790133960301
"-- starting hand #80 (id: ioxzacozh7c3)  No Limit Texas Hold'em (dealer: ""Harry @ Q4OMcL0rqd"") --",2026-08-28T07:15:39.603Z,178790133960300
"""LingWae @ FQN9hzhzP_"" shows a 10♠.",2026-08-28T07:15:34.662Z,178790133466200
"-- ending hand #79 --",2026-08-28T07:15:33.093Z,178790133309302
"""Harry @ Q4OMcL0rqd"" collected 928 from pot with Straight, 10 High (combination: 6♣, 7♥, 8♣, 9♦, 10♦)",2026-08-28T07:15:33.093Z,178790133309301
"""Harry @ Q4OMcL0rqd"" shows a 9♦, 10♦.",2026-08-28T07:15:33.093Z,178790133309300
"""LingWae @ FQN9hzhzP_"" checks",2026-08-28T07:15:32.246Z,178790133224600
"""dick and balls @ gpP9uUffpu"" checks",2026-08-28T07:15:30.090Z,178790133009000
"River: 8♣, 7♥, 6♣, 3♥ [K♠]",2026-08-28T07:15:27.189Z,178790132718900
"""LingWae @ FQN9hzhzP_"" calls 199",2026-08-28T07:15:26.379Z,178790132637900
"""dick and balls @ gpP9uUffpu"" calls 199",2026-08-28T07:15:19.630Z,178790131963000
"""Harry @ Q4OMcL0rqd"" raises to 199 and go all in",2026-08-28T07:15:18.483Z,178790131848300
"""LingWae @ FQN9hzhzP_"" calls 50",2026-08-28T07:15:15.834Z,178790131583400
"""dick and balls @ gpP9uUffpu"" bets 50",2026-08-28T07:15:04.422Z,178790130442200
"""Harry @ Q4OMcL0rqd"" checks",2026-08-28T07:15:00.830Z,178790130083000
"Turn: 8♣, 7♥, 6♣ [3♥]",2026-08-28T07:14:49.470Z,178790128947000
"""dick and balls @ gpP9uUffpu"" calls 67",2026-08-28T07:14:48.661Z,178790128866100
"""Harry @ Q4OMcL0rqd"" calls 67",2026-08-28T07:14:47.712Z,178790128771200
"""LingWae @ FQN9hzhzP_"" bets 67",2026-08-28T07:14:42.795Z,178790128279500
"""dick and balls @ gpP9uUffpu"" checks",2026-08-28T07:14:39.212Z,178790127921200
"""Harry @ Q4OMcL0rqd"" checks",2026-08-28T07:14:38.038Z,178790127803800
"Flop:  [8♣, 7♥, 6♣]",2026-08-28T07:14:32.814Z,178790127281400
"""Harry = Fish @ kCN0-Qy2Mz"" folds",2026-08-28T07:14:31.989Z,178790127198900
"""Harry @ Q4OMcL0rqd"" calls 40",2026-08-28T07:14:30.679Z,178790127067900
"""LingWae @ FQN9hzhzP_"" calls 40",2026-08-28T07:14:29.283Z,178790126928300
"""dick and balls @ gpP9uUffpu"" raises to 40",2026-08-28T07:14:06.648Z,178790124664800
"""Harry = Fish @ kCN0-Qy2Mz"" posts a big blind of 10",2026-08-28T07:14:01.968Z,178790124196807
"""Harry @ Q4OMcL0rqd"" posts a small blind of 5",2026-08-28T07:14:01.968Z,178790124196806
"Player stacks: #2 ""Harry = Fish @ kCN0-Qy2Mz"" (5871) | #5 ""dick and balls @ gpP9uUffpu"" (4481) | #8 ""LingWae @ FQN9hzhzP_"" (1342) | #10 ""Harry @ Q4OMcL0rqd"" (306)",2026-08-28T07:14:01.968Z,178790124196801
"-- starting hand #79 (id: ebapjjzukqyr)  No Limit Texas Hold'em (dealer: ""LingWae @ FQN9hzhzP_"") --",2026-08-28T07:14:01.968Z,178790124196800
"-- ending hand #78 --",2026-08-28T07:13:55.908Z,178790123590804
"""LingWae @ FQN9hzhzP_"" collected 1342 from pot with Full House, 5's over 3's (combination: 3♣, 3♥, 5♣, 5♦, 5♥)",2026-08-28T07:13:55.908Z,178790123590803
"""LingWae @ FQN9hzhzP_"" shows a 5♣, 4♥.",2026-08-28T07:13:55.908Z,178790123590802
"""Harry @ Q4OMcL0rqd"" shows a 3♦, J♦.",2026-08-28T07:13:55.908Z,178790123590801
"Uncalled bet of 306 returned to ""Harry @ Q4OMcL0rqd""",2026-08-28T07:13:55.908Z,178790123590800
"""LingWae @ FQN9hzhzP_"" calls 490 and go all in",2026-08-28T07:13:55.103Z,178790123510300
"""Harry @ Q4OMcL0rqd"" raises to 796 and go all in",2026-08-28T07:13:53.562Z,178790123356200
"""LingWae @ FQN9hzhzP_"" bets 271",2026-08-28T07:13:47.285Z,178790122728500
"River: 10♥, 3♣, 5♦, 3♥ [5♥]",2026-08-28T07:13:43.472Z,178790122347200
"""dick and balls @ gpP9uUffpu"" folds",2026-08-28T07:13:42.594Z,178790122259400
"""Harry @ Q4OMcL0rqd"" calls 67",2026-08-28T07:13:41.679Z,178790122167900
"""LingWae @ FQN9hzhzP_"" bets 67",2026-08-28T07:13:35.760Z,178790121576000
"Turn: 10♥, 3♣, 5♦ [3♥]",2026-08-28T07:13:30.085Z,178790121008500
"""dick and balls @ gpP9uUffpu"" calls 36",2026-08-28T07:13:29.270Z,178790120927000
"""Harry @ Q4OMcL0rqd"" calls 36",2026-08-28T07:13:28.193Z,178790120819300
"""LingWae @ FQN9hzhzP_"" bets 36",2026-08-28T07:13:26.663Z,178790120666300
"Flop:  [10♥, 3♣, 5♦]",2026-08-28T07:13:10.467Z,178790119046700
"""Harry @ Q4OMcL0rqd"" calls 40",2026-08-28T07:13:09.647Z,178790118964700
"""LingWae @ FQN9hzhzP_"" calls 40",2026-08-28T07:13:08.387Z,178790118838700
"""dick and balls @ gpP9uUffpu"" raises to 40",2026-08-28T07:13:05.115Z,178790118511500
"""Harry = Fish @ kCN0-Qy2Mz"" folds",2026-08-28T07:13:03.296Z,178790118329600
"""Harry @ Q4OMcL0rqd"" posts a big blind of 10",2026-08-28T07:12:58.525Z,178790117852507
"""LingWae @ FQN9hzhzP_"" posts a small blind of 5",2026-08-28T07:12:58.525Z,178790117852506
"Player stacks: #2 ""Harry = Fish @ kCN0-Qy2Mz"" (5871) | #5 ""dick and balls @ gpP9uUffpu"" (4557) | #8 ""LingWae @ FQN9hzhzP_"" (633) | #10 ""Harry @ Q4OMcL0rqd"" (939)",2026-08-28T07:12:58.525Z,178790117852501
"-- starting hand #78 (id: 8qau5qq4nxnz)  No Limit Texas Hold'em (dealer: ""dick and balls @ gpP9uUffpu"") --",2026-08-28T07:12:58.525Z,178790117852500
"""Harry @ Q4OMcL0rqd"" shows a 6♠.",2026-08-28T07:12:56.341Z,178790117634100
"""LingWae @ FQN9hzhzP_"" shows a 4♦.",2026-08-28T07:12:53.678Z,178790117367800
"Undealt cards: 8♥, 10♥, 5♣ [J♠, 10♣]",2026-08-28T07:12:53.082Z,178790117308200
"-- ending hand #77 --",2026-08-28T07:12:51.192Z,178790117119202
"""Harry = Fish @ kCN0-Qy2Mz"" collected 1062 from pot",2026-08-28T07:12:51.192Z,178790117119201
"Uncalled bet of 633 returned to ""Harry = Fish @ kCN0-Qy2Mz""",2026-08-28T07:12:51.192Z,178790117119200
"""LingWae @ FQN9hzhzP_"" folds",2026-08-28T07:12:50.375Z,178790117037500
"""Harry = Fish @ kCN0-Qy2Mz"" bets 633",2026-08-28T07:12:43.563Z,178790116356300
"""LingWae @ FQN9hzhzP_"" checks",2026-08-28T07:12:34.260Z,178790115426000
"Flop:  [8♥, 10♥, 5♣]",2026-08-28T07:12:30.907Z,178790115090700
"""LingWae @ FQN9hzhzP_"" calls 521",2026-08-28T07:12:30.008Z,178790115000800
"""dick and balls @ gpP9uUffpu"" folds",2026-08-28T07:12:28.407Z,178790114840700
"""Harry = Fish @ kCN0-Qy2Mz"" raises to 521",2026-08-28T07:12:27.392Z,178790114739200
"""Harry @ Q4OMcL0rqd"" folds",2026-08-28T07:12:24.295Z,178790114429500
"""LingWae @ FQN9hzhzP_"" raises to 167",2026-08-28T07:12:22.427Z,178790114242700
"""dick and balls @ gpP9uUffpu"" calls 10",2026-08-28T07:12:18.896Z,178790113889600
"""Harry = Fish @ kCN0-Qy2Mz"" calls 10",2026-08-28T07:12:17.323Z,178790113732300
"""Harry @ Q4OMcL0rqd"" calls 10",2026-08-28T07:12:14.553Z,178790113455300
"""LingWae @ FQN9hzhzP_"" posts a big blind of 10",2026-08-28T07:12:12.094Z,178790113209407
"""dick and balls @ gpP9uUffpu"" posts a small blind of 5",2026-08-28T07:12:12.094Z,178790113209406
"Player stacks: #2 ""Harry = Fish @ kCN0-Qy2Mz"" (5330) | #5 ""dick and balls @ gpP9uUffpu"" (4567) | #8 ""LingWae @ FQN9hzhzP_"" (1154) | #10 ""Harry @ Q4OMcL0rqd"" (949)",2026-08-28T07:12:12.094Z,178790113209401
"-- starting hand #77 (id: d3vnltcvjeoi)  No Limit Texas Hold'em (dealer: ""Harry = Fish @ kCN0-Qy2Mz"") --",2026-08-28T07:12:12.094Z,178790113209400
"-- ending hand #76 --",2026-08-28T07:12:09.097Z,178790112909702
"""LingWae @ FQN9hzhzP_"" collected 236 from pot",2026-08-28T07:12:09.097Z,178790112909701
"Uncalled bet of 157 returned to ""LingWae @ FQN9hzhzP_""",2026-08-28T07:12:09.097Z,178790112909700
"""dick and balls @ gpP9uUffpu"" folds",2026-08-28T07:12:08.287Z,178790112828700
"""LingWae @ FQN9hzhzP_"" raises to 167",2026-08-28T07:12:03.445Z,178790112344500
"""dick and balls @ gpP9uUffpu"" bets 10",2026-08-28T07:11:59.419Z,178790111941900
"River: 4♣, Q♠, Q♥, J♥ [7♠]",2026-08-28T07:11:58.016Z,178790111801600
"""LingWae @ FQN9hzhzP_"" checks",2026-08-28T07:11:57.208Z,178790111720800
"""dick and balls @ gpP9uUffpu"" checks",2026-08-28T07:11:55.908Z,178790111590800
"Turn: 4♣, Q♠, Q♥ [J♥]",2026-08-28T07:11:55.361Z,178790111536100
"""dick and balls @ gpP9uUffpu"" calls 36",2026-08-28T07:11:54.456Z,178790111445600
"""Harry = Fish @ kCN0-Qy2Mz"" folds",2026-08-28T07:11:53.447Z,178790111344700
"""Harry @ Q4OMcL0rqd"" folds",2026-08-28T07:11:52.547Z,178790111254700
"""LingWae @ FQN9hzhzP_"" bets 36",2026-08-28T07:11:48.918Z,178790110891800
"""dick and balls @ gpP9uUffpu"" checks",2026-08-28T07:11:46.254Z,178790110625400
"""Harry = Fish @ kCN0-Qy2Mz"" checks",2026-08-28T07:11:45.291Z,178790110529100
"Flop:  [4♣, Q♠, Q♥]",2026-08-28T07:11:41.954Z,178790110195400
"""dick and balls @ gpP9uUffpu"" calls 36",2026-08-28T07:11:41.077Z,178790110107700
"""Harry = Fish @ kCN0-Qy2Mz"" calls 36",2026-08-28T07:11:40.143Z,178790110014300
"""Harry @ Q4OMcL0rqd"" calls 36",2026-08-28T07:11:38.984Z,178790109898400
"""LingWae @ FQN9hzhzP_"" raises to 36",2026-08-28T07:11:37.204Z,178790109720400
"""dick and balls @ gpP9uUffpu"" posts a big blind of 10",2026-08-28T07:11:28.939Z,178790108893907
"""Harry = Fish @ kCN0-Qy2Mz"" posts a small blind of 5",2026-08-28T07:11:28.939Z,178790108893906
"Player stacks: #2 ""Harry = Fish @ kCN0-Qy2Mz"" (5366) | #5 ""dick and balls @ gpP9uUffpu"" (4649) | #8 ""LingWae @ FQN9hzhzP_"" (1000) | #10 ""Harry @ Q4OMcL0rqd"" (985)",2026-08-28T07:11:28.939Z,178790108893901
"-- starting hand #76 (id: r35jztjxg0bb)  No Limit Texas Hold'em (dealer: ""Harry @ Q4OMcL0rqd"") --",2026-08-28T07:11:28.939Z,178790108893900
"""LingWae @ FQN9hzhzP_"" shows a 2♣.",2026-08-28T07:11:25.205Z,178790108520500
"-- ending hand #75 --",2026-08-28T07:11:22.339Z,178790108233902
"""dick and balls @ gpP9uUffpu"" collected 261 from pot with Pair, J's (combination: 5♥, 8♠, Q♠, J♠, J♥)",2026-08-28T07:11:22.339Z,178790108233901
"""dick and balls @ gpP9uUffpu"" shows a J♠, 8♠.",2026-08-28T07:11:22.339Z,178790108233900
"""LingWae @ FQN9hzhzP_"" checks",2026-08-28T07:11:21.495Z,178790108149500
"""dick and balls @ gpP9uUffpu"" checks",2026-08-28T07:11:19.884Z,178790107988400
"River: J♥, 5♥, Q♠, 2♦ [4♥]",2026-08-28T07:11:19.138Z,178790107913800
"""dick and balls @ gpP9uUffpu"" calls 36",2026-08-28T07:11:18.272Z,178790107827200
"""LingWae @ FQN9hzhzP_"" bets 36",2026-08-28T07:11:17.367Z,178790107736700
"""dick and balls @ gpP9uUffpu"" checks",2026-08-28T07:11:14.856Z,178790107485600
"Turn: J♥, 5♥, Q♠ [2♦]",2026-08-28T07:11:13.684Z,178790107368400
"""LingWae @ FQN9hzhzP_"" checks",2026-08-28T07:11:12.779Z,178790107277900
"""dick and balls @ gpP9uUffpu"" checks",2026-08-28T07:11:11.358Z,178790107135800
"Flop:  [J♥, 5♥, Q♠]",2026-08-28T07:11:10.480Z,178790107048000
"""dick and balls @ gpP9uUffpu"" calls 87",2026-08-28T07:11:09.590Z,178790106959000
"""Harry = Fish @ kCN0-Qy2Mz"" folds",2026-08-28T07:11:08.166Z,178790106816600
"""Harry @ Q4OMcL0rqd"" folds",2026-08-28T07:11:07.245Z,178790106724500
"""LingWae @ FQN9hzhzP_"" raises to 87",2026-08-28T07:11:04.785Z,178790106478500
"""dick and balls @ gpP9uUffpu"" raises to 40",2026-08-28T07:10:58.984Z,178790105898400
"""Harry = Fish @ kCN0-Qy2Mz"" posts a big blind of 10",2026-08-28T07:10:57.618Z,178790105761807
"""Harry @ Q4OMcL0rqd"" posts a small blind of 5",2026-08-28T07:10:57.618Z,178790105761806
"Your hand is J♠, 8♠",2026-08-28T07:10:57.618Z,178790105761803
"Player stacks: #2 ""Harry = Fish @ kCN0-Qy2Mz"" (5376) | #5 ""dick and balls @ gpP9uUffpu"" (4511) | #8 ""LingWae @ FQN9hzhzP_"" (1123) | #10 ""Harry @ Q4OMcL0rqd"" (990)",2026-08-28T07:10:57.618Z,178790105761801
"-- starting hand #75 (id: tg1e2xh7rt5k)  No Limit Texas Hold'em (dealer: ""LingWae @ FQN9hzhzP_"") --",2026-08-28T07:10:57.618Z,178790105761800
"""dick and balls @ gpP9uUffpu"" shows a K♣.",2026-08-28T07:10:56.441Z,178790105644100
"""LingWae @ FQN9hzhzP_"" shows a K♥.",2026-08-28T07:10:54.041Z,178790105404100
"""Harry = Fish @ kCN0-Qy2Mz"" shows a 3♣.",2026-08-28T07:10:53.532Z,178790105353200
"""LingWae @ FQN9hzhzP_"" shows a 8♣.",2026-08-28T07:10:53.443Z,178790105344300
"Undealt cards: 7♣, 4♦, 6♦, 9♣ [3♠]",2026-08-28T07:10:50.539Z,178790105053900
"-- ending hand #74 --",2026-08-28T07:10:49.571Z,178790104957102
"""dick and balls @ gpP9uUffpu"" collected 398 from pot",2026-08-28T07:10:49.571Z,178790104957101
"Uncalled bet of 300 returned to ""dick and balls @ gpP9uUffpu""",2026-08-28T07:10:49.571Z,178790104957100
"""LingWae @ FQN9hzhzP_"" folds",2026-08-28T07:10:48.689Z,178790104868900
"""dick and balls @ gpP9uUffpu"" bets 300",2026-08-28T07:10:46.043Z,178790104604300
"""LingWae @ FQN9hzhzP_"" checks",2026-08-28T07:10:38.887Z,178790103888700
"Turn: 7♣, 4♦, 6♦ [9♣]",2026-08-28T07:10:32.350Z,178790103235000
"""LingWae @ FQN9hzhzP_"" calls 144",2026-08-28T07:10:31.506Z,178790103150600
"""dick and balls @ gpP9uUffpu"" raises to 144",2026-08-28T07:10:28.421Z,178790102842100
"""LingWae @ FQN9hzhzP_"" raises to 108",2026-08-28T07:10:24.873Z,178790102487300
"""dick and balls @ gpP9uUffpu"" raises to 72",2026-08-28T07:10:18.820Z,178790101882000
"""LingWae @ FQN9hzhzP_"" bets 36",2026-08-28T07:10:16.192Z,178790101619200
"Flop:  [7♣, 4♦, 6♦]",2026-08-28T07:10:07.129Z,178790100712900
"""Harry @ Q4OMcL0rqd"" folds",2026-08-28T07:10:06.278Z,178790100627800
"""LingWae @ FQN9hzhzP_"" calls 50",2026-08-28T07:10:04.409Z,178790100440900
"""dick and balls @ gpP9uUffpu"" raises to 50",2026-08-28T07:10:02.497Z,178790100249700
"""Harry = Fish @ kCN0-Qy2Mz"" folds",2026-08-28T07:10:00.416Z,178790100041600
"""Harry @ Q4OMcL0rqd"" posts a big blind of 10",2026-08-28T07:09:48.215Z,178790098821508
"""LingWae @ FQN9hzhzP_"" posts a small blind of 5",2026-08-28T07:09:48.215Z,178790098821507
"Player stacks: #2 ""Harry = Fish @ kCN0-Qy2Mz"" (5376) | #5 ""dick and balls @ gpP9uUffpu"" (4307) | #8 ""LingWae @ FQN9hzhzP_"" (1317) | #10 ""Harry @ Q4OMcL0rqd"" (1000)",2026-08-28T07:09:48.215Z,178790098821502
"-- starting hand #74 (id: gxfz6gk151o4)  No Limit Texas Hold'em (dealer: ""dick and balls @ gpP9uUffpu"") --",2026-08-28T07:09:48.215Z,178790098821501
"The player ""Harry @ Q4OMcL0rqd"" rebought. New stack 1000.",2026-08-28T07:09:48.215Z,178790098821500
"Waiting for the game owner to approve or reject pending rebuy requests.",2026-08-28T07:09:46.811Z,178790098681101
"The player ""Harry @ Q4OMcL0rqd"" requested a rebuy of 1000.",2026-08-28T07:09:46.811Z,178790098681100
"Asking to busted players the rebuy decision.",2026-08-28T07:09:30.169Z,178790097016900
"""Harry = Fish @ kCN0-Qy2Mz"" shows a 9♣.",2026-08-28T07:09:27.883Z,178790096788300
"""LingWae @ FQN9hzhzP_"" shows a K♣.",2026-08-28T07:09:24.407Z,178790096440700
"-- ending hand #73 --",2026-08-28T07:09:23.165Z,178790096316501
"""dick and balls @ gpP9uUffpu"" collected 3000 from pot with Pair, J's (combination: 9♥, K♠, A♦, J♦, J♠)",2026-08-28T07:09:23.165Z,178790096316500
"River: 6♣, K♠, 9♥, 4♠ [J♠]",2026-08-28T07:09:19.080Z,178790095908000
"Turn: 6♣, K♠, 9♥ [4♠]",2026-08-28T07:09:15.039Z,178790095503900
"Flop:  [6♣, K♠, 9♥]",2026-08-28T07:09:11.021Z,178790095102100
"""Harry @ Q4OMcL0rqd"" shows a A♣, 6♦.",2026-08-28T07:09:06.961Z,178790094696100
"""dick and balls @ gpP9uUffpu"" shows a A♦, J♦.",2026-08-28T07:09:06.610Z,178790094661000
"Some players choose to not run it twice.",2026-08-28T07:09:06.147Z,178790094614701
"""Harry @ Q4OMcL0rqd"" chooses to not run it twice.",2026-08-28T07:09:06.147Z,178790094614700
"""dick and balls @ gpP9uUffpu"" chooses to  run it twice.",2026-08-28T07:09:05.395Z,178790094539500
"Remaining players decide whether to run it twice.",2026-08-28T07:09:04.851Z,178790094485101
"""dick and balls @ gpP9uUffpu"" calls 1480",2026-08-28T07:09:04.851Z,178790094485100
"""Harry @ Q4OMcL0rqd"" raises to 1480 and go all in",2026-08-28T07:09:03.396Z,178790094339600
"""LingWae @ FQN9hzhzP_"" folds",2026-08-28T07:09:00.839Z,178790094083900
"""dick and balls @ gpP9uUffpu"" raises to 300",2026-08-28T07:08:59.674Z,178790093967400
"""Harry @ Q4OMcL0rqd"" raises to 120",2026-08-28T07:08:55.097Z,178790093509700
"""LingWae @ FQN9hzhzP_"" calls 40",2026-08-28T07:08:53.117Z,178790093311700
"""dick and balls @ gpP9uUffpu"" raises to 40",2026-08-28T07:08:50.400Z,178790093040000
"""Harry = Fish @ kCN0-Qy2Mz"" folds",2026-08-28T07:08:48.042Z,178790092804200
"""Harry @ Q4OMcL0rqd"" calls 10",2026-08-28T07:08:47.115Z,178790092711500
"""LingWae @ FQN9hzhzP_"" posts a big blind of 10",2026-08-28T07:08:44.702Z,178790092470207
"""dick and balls @ gpP9uUffpu"" posts a small blind of 5",2026-08-28T07:08:44.702Z,178790092470206
"Your hand is A♦, J♦",2026-08-28T07:08:44.702Z,178790092470203
"Player stacks: #2 ""Harry = Fish @ kCN0-Qy2Mz"" (5376) | #5 ""dick and balls @ gpP9uUffpu"" (2787) | #8 ""LingWae @ FQN9hzhzP_"" (1357) | #10 ""Harry @ Q4OMcL0rqd"" (1480)",2026-08-28T07:08:44.702Z,178790092470201
"-- starting hand #73 (id: rdxghelnzhqr)  No Limit Texas Hold'em (dealer: ""Harry = Fish @ kCN0-Qy2Mz"") --",2026-08-28T07:08:44.702Z,178790092470200
"""Harry = Fish @ kCN0-Qy2Mz"" shows a 8♣, 8♦.",2026-08-28T07:08:38.887Z,178790091888700
"-- ending hand #72 --",2026-08-28T07:08:38.183Z,178790091818301
"""Harry @ Q4OMcL0rqd"" collected 1480 from pot with Two Pair, 10's & 4's (combination: K♠, 4♣, 4♠, 10♦, 10♣)",2026-08-28T07:08:38.183Z,178790091818300
"River: 10♣, 4♣, 4♠, K♠ [J♠]",2026-08-28T07:08:34.180Z,178790091418000
"Turn: 10♣, 4♣, 4♠ [K♠]",2026-08-28T07:08:30.146Z,178790091014600
"""Harry @ Q4OMcL0rqd"" shows a 6♦, 10♦.",2026-08-28T07:08:26.143Z,178790090614301
"""LingWae @ FQN9hzhzP_"" shows a 7♣, Q♣.",2026-08-28T07:08:26.143Z,178790090614300
"Some players choose to not run it twice.",2026-08-28T07:08:25.297Z,178790090529701
"""LingWae @ FQN9hzhzP_"" chooses to not run it twice.",2026-08-28T07:08:25.297Z,178790090529700
"Remaining players decide whether to run it twice.",2026-08-28T07:08:24.263Z,178790090426301
"""LingWae @ FQN9hzhzP_"" calls 492",2026-08-28T07:08:24.263Z,178790090426300
"""dick and balls @ gpP9uUffpu"" folds",2026-08-28T07:08:23.242Z,178790090324200
"""Harry = Fish @ kCN0-Qy2Mz"" folds",2026-08-28T07:08:22.311Z,178790090231100
"""Harry @ Q4OMcL0rqd"" raises to 492 and go all in",2026-08-28T07:08:12.133Z,178790089213300
"""LingWae @ FQN9hzhzP_"" bets 167",2026-08-28T07:08:01.413Z,178790088141300
"""dick and balls @ gpP9uUffpu"" checks",2026-08-28T07:07:58.121Z,178790087812100
"""Harry = Fish @ kCN0-Qy2Mz"" checks",2026-08-28T07:07:57.207Z,178790087720700
"Flop:  [10♣, 4♣, 4♠]",2026-08-28T07:07:54.651Z,178790087465100
"""Harry @ Q4OMcL0rqd"" calls 124",2026-08-28T07:07:53.844Z,178790087384400
"""LingWae @ FQN9hzhzP_"" calls 124",2026-08-28T07:07:52.519Z,178790087251900
"""dick and balls @ gpP9uUffpu"" calls 124",2026-08-28T07:07:47.788Z,178790086778800
"""Harry = Fish @ kCN0-Qy2Mz"" raises to 124",2026-08-28T07:07:46.842Z,178790086684200
"""Harry @ Q4OMcL0rqd"" calls 36",2026-08-28T07:07:43.807Z,178790086380700
"""LingWae @ FQN9hzhzP_"" raises to 36",2026-08-28T07:07:41.996Z,178790086199600
"""dick and balls @ gpP9uUffpu"" posts a big blind of 10",2026-08-28T07:07:35.069Z,178790085506907
"""Harry = Fish @ kCN0-Qy2Mz"" posts a small blind of 5",2026-08-28T07:07:35.069Z,178790085506906
"Player stacks: #2 ""Harry = Fish @ kCN0-Qy2Mz"" (5500) | #5 ""dick and balls @ gpP9uUffpu"" (2911) | #8 ""LingWae @ FQN9hzhzP_"" (1973) | #10 ""Harry @ Q4OMcL0rqd"" (616)",2026-08-28T07:07:35.069Z,178790085506901
"-- starting hand #72 (id: cfpxtrj1i0ky)  No Limit Texas Hold'em (dealer: ""Harry @ Q4OMcL0rqd"") --",2026-08-28T07:07:35.069Z,178790085506900
"""LingWae @ FQN9hzhzP_"" shows a 10♣.",2026-08-28T07:07:32.023Z,178790085202300
"""LingWae @ FQN9hzhzP_"" shows a K♣.",2026-08-28T07:07:29.218Z,178790084921800
"Undealt cards: 7♣, 2♠, K♥, 5♦ [A♣]",2026-08-28T07:07:28.858Z,178790084885800
"-- ending hand #71 --",2026-08-28T07:07:28.449Z,178790084844902
"""LingWae @ FQN9hzhzP_"" collected 504 from pot",2026-08-28T07:07:28.449Z,178790084844901
"Uncalled bet of 167 returned to ""LingWae @ FQN9hzhzP_""",2026-08-28T07:07:28.449Z,178790084844900
"""Harry @ Q4OMcL0rqd"" folds",2026-08-28T07:07:27.641Z,178790084764100
"""LingWae @ FQN9hzhzP_"" bets 167",2026-08-28T07:07:23.927Z,178790084392700
"""Harry @ Q4OMcL0rqd"" checks",2026-08-28T07:07:16.833Z,178790083683300
"Turn: 7♣, 2♠, K♥ [5♦]",2026-08-28T07:07:15.307Z,178790083530700
"""dick and balls @ gpP9uUffpu"" folds",2026-08-28T07:07:14.464Z,178790083446400
"""Harry @ Q4OMcL0rqd"" calls 167",2026-08-28T07:07:12.930Z,178790083293000
"""LingWae @ FQN9hzhzP_"" raises to 167",2026-08-28T07:06:57.762Z,178790081776200
"""dick and balls @ gpP9uUffpu"" calls 40",2026-08-28T07:06:55.653Z,178790081565300
"""Harry @ Q4OMcL0rqd"" bets 40",2026-08-28T07:06:53.769Z,178790081376900
"Flop:  [7♣, 2♠, K♥]",2026-08-28T07:06:47.677Z,178790080767700
"""Harry = Fish @ kCN0-Qy2Mz"" folds",2026-08-28T07:06:46.765Z,178790080676500
"""Harry @ Q4OMcL0rqd"" calls 40",2026-08-28T07:06:45.798Z,178790080579800
"""LingWae @ FQN9hzhzP_"" calls 40",2026-08-28T07:06:44.648Z,178790080464800
"""dick and balls @ gpP9uUffpu"" raises to 40",2026-08-28T07:06:42.692Z,178790080269200
"""Harry = Fish @ kCN0-Qy2Mz"" posts a big blind of 10",2026-08-28T07:06:37.066Z,178790079706607
"""Harry @ Q4OMcL0rqd"" posts a small blind of 5",2026-08-28T07:06:37.066Z,178790079706606
"Player stacks: #2 ""Harry = Fish @ kCN0-Qy2Mz"" (5510) | #5 ""dick and balls @ gpP9uUffpu"" (2991) | #8 ""LingWae @ FQN9hzhzP_"" (1676) | #10 ""Harry @ Q4OMcL0rqd"" (823)",2026-08-28T07:06:37.066Z,178790079706601
"-- starting hand #71 (id: h8hhqh0zibpj)  No Limit Texas Hold'em (dealer: ""LingWae @ FQN9hzhzP_"") --",2026-08-28T07:06:37.066Z,178790079706600
"""LingWae @ FQN9hzhzP_"" shows a J♦.",2026-08-28T07:06:32.771Z,178790079277100
"Undealt cards: 3♦, 10♦, 2♠, 2♦ [4♣]",2026-08-28T07:06:30.631Z,178790079063100
"-- ending hand #70 --",2026-08-28T07:06:30.461Z,178790079046102
"""LingWae @ FQN9hzhzP_"" collected 1145 from pot",2026-08-28T07:06:30.461Z,178790079046101
"Uncalled bet of 531 returned to ""LingWae @ FQN9hzhzP_""",2026-08-28T07:06:30.461Z,178790079046100
"""dick and balls @ gpP9uUffpu"" folds",2026-08-28T07:06:29.568Z,178790078956800
"""LingWae @ FQN9hzhzP_"" raises to 853 and go all in",2026-08-28T07:06:28.581Z,178790078858100
"""dick and balls @ gpP9uUffpu"" raises to 322",2026-08-28T07:06:23.693Z,178790078369300
"""Harry @ Q4OMcL0rqd"" folds",2026-08-28T07:06:21.247Z,178790078124700
"""LingWae @ FQN9hzhzP_"" bets 36",2026-08-28T07:06:19.978Z,178790077997800
"Turn: 3♦, 10♦, 2♠ [2♦]",2026-08-28T07:06:15.448Z,178790077544800
"""dick and balls @ gpP9uUffpu"" checks",2026-08-28T07:06:14.621Z,178790077462100
"""Harry @ Q4OMcL0rqd"" checks",2026-08-28T07:06:13.514Z,178790077351400
"""LingWae @ FQN9hzhzP_"" checks",2026-08-28T07:06:11.777Z,178790077177700
"Flop:  [3♦, 10♦, 2♠]",2026-08-28T07:06:07.646Z,178790076764600
"""dick and balls @ gpP9uUffpu"" calls 167",2026-08-28T07:06:06.790Z,178790076679000
"""Harry @ Q4OMcL0rqd"" calls 167",2026-08-28T07:06:05.651Z,178790076565100
"""LingWae @ FQN9hzhzP_"" raises to 167",2026-08-28T07:05:59.959Z,178790075995900
"""dick and balls @ gpP9uUffpu"" raises to 40",2026-08-28T07:05:57.518Z,178790075751800
"""Harry = Fish @ kCN0-Qy2Mz"" folds",2026-08-28T07:05:54.610Z,178790075461000
"""Harry @ Q4OMcL0rqd"" posts a big blind of 10",2026-08-28T07:05:52.180Z,178790075218007
"""LingWae @ FQN9hzhzP_"" posts a small blind of 5",2026-08-28T07:05:52.180Z,178790075218006
"Player stacks: #2 ""Harry = Fish @ kCN0-Qy2Mz"" (5510) | #5 ""dick and balls @ gpP9uUffpu"" (3480) | #8 ""LingWae @ FQN9hzhzP_"" (1020) | #10 ""Harry @ Q4OMcL0rqd"" (990)",2026-08-28T07:05:52.180Z,178790075218001
"-- starting hand #70 (id: hnlnjhdn2ioc)  No Limit Texas Hold'em (dealer: ""dick and balls @ gpP9uUffpu"") --",2026-08-28T07:05:52.180Z,178790075218000
"""LingWae @ FQN9hzhzP_"" shows a A♦, Q♦.",2026-08-28T07:05:48.250Z,178790074825000
"""dick and balls @ gpP9uUffpu"" shows a 7♠.",2026-08-28T07:05:47.248Z,178790074724800
"Undealt cards:  [A♠, 7♥, K♠, Q♠, 5♠]",2026-08-28T07:05:45.150Z,178790074515000
"-- ending hand #69 --",2026-08-28T07:05:44.870Z,178790074487002
"""LingWae @ FQN9hzhzP_"" collected 30 from pot",2026-08-28T07:05:44.870Z,178790074487001
"Uncalled bet of 157 returned to ""LingWae @ FQN9hzhzP_""",2026-08-28T07:05:44.870Z,178790074487000
"""dick and balls @ gpP9uUffpu"" folds",2026-08-28T07:05:44.051Z,178790074405100
"""Harry @ Q4OMcL0rqd"" folds",2026-08-28T07:05:43.115Z,178790074311500
"""LingWae @ FQN9hzhzP_"" raises to 167",2026-08-28T07:05:41.314Z,178790074131400
"""dick and balls @ gpP9uUffpu"" calls 10",2026-08-28T07:05:36.764Z,178790073676400
"""Harry = Fish @ kCN0-Qy2Mz"" folds",2026-08-28T07:05:35.773Z,178790073577300
"""Harry @ Q4OMcL0rqd"" calls 10",2026-08-28T07:05:34.672Z,178790073467200
"""LingWae @ FQN9hzhzP_"" posts a big blind of 10",2026-08-28T07:05:26.949Z,178790072694908
"""dick and balls @ gpP9uUffpu"" posts a small blind of 5",2026-08-28T07:05:26.949Z,178790072694907
"Player stacks: #2 ""Harry = Fish @ kCN0-Qy2Mz"" (5510) | #5 ""dick and balls @ gpP9uUffpu"" (3490) | #8 ""LingWae @ FQN9hzhzP_"" (1000) | #10 ""Harry @ Q4OMcL0rqd"" (1000)",2026-08-28T07:05:26.949Z,178790072694902
"-- starting hand #69 (id: ggw7wq1tyaom)  No Limit Texas Hold'em (dealer: ""Harry = Fish @ kCN0-Qy2Mz"") --",2026-08-28T07:05:26.949Z,178790072694901
"The player ""Harry @ Q4OMcL0rqd"" rebought. New stack 1000.",2026-08-28T07:05:26.949Z,178790072694900
"Waiting for the game owner to approve or reject pending rebuy requests.",2026-08-28T07:05:23.918Z,178790072391801
"The player ""Harry @ Q4OMcL0rqd"" requested a rebuy of 1000.",2026-08-28T07:05:23.918Z,178790072391800
"""LingWae @ FQN9hzhzP_"" shows a 10♠, 3♦.",2026-08-28T07:05:21.592Z,178790072159200
"Asking to busted players the rebuy decision.",2026-08-28T07:05:17.109Z,178790071710900
"-- ending hand #68 --",2026-08-28T07:05:11.053Z,178790071105301
"""dick and balls @ gpP9uUffpu"" collected 1178 from pot with Full House, 2's over 5's (combination: 5♣, 5♥, 2♣, 2♦, 2♠)",2026-08-28T07:05:11.053Z,178790071105300
"River: 2♦, 2♠, K♠, 5♥ [J♥]",2026-08-28T07:05:07.045Z,178790070704500
"Turn: 2♦, 2♠, K♠ [5♥]",2026-08-28T07:05:02.934Z,178790070293400
"""Harry @ Q4OMcL0rqd"" shows a 9♣, Q♣.",2026-08-28T07:04:58.874Z,178790069887400
"""dick and balls @ gpP9uUffpu"" shows a 2♣, 5♣.",2026-08-28T07:04:58.516Z,178790069851600
"Some players choose to not run it twice.",2026-08-28T07:04:58.071Z,178790069807101
"""Harry @ Q4OMcL0rqd"" chooses to not run it twice.",2026-08-28T07:04:58.071Z,178790069807100
"""dick and balls @ gpP9uUffpu"" chooses to  run it twice.",2026-08-28T07:04:56.730Z,178790069673000
"Remaining players decide whether to run it twice.",2026-08-28T07:04:56.171Z,178790069617101
"""dick and balls @ gpP9uUffpu"" calls 529",2026-08-28T07:04:56.171Z,178790069617100
"""Harry = Fish @ kCN0-Qy2Mz"" folds",2026-08-28T07:04:55.226Z,178790069522600
"""Harry @ Q4OMcL0rqd"" bets 529 and go all in",2026-08-28T07:04:53.882Z,178790069388200
"""dick and balls @ gpP9uUffpu"" checks",2026-08-28T07:04:51.353Z,178790069135300
"""Harry = Fish @ kCN0-Qy2Mz"" checks",2026-08-28T07:04:49.839Z,178790068983900
"Flop:  [2♦, 2♠, K♠]",2026-08-28T07:04:47.567Z,178790068756700
"""dick and balls @ gpP9uUffpu"" calls 40",2026-08-28T07:04:46.670Z,178790068667000
"""Harry = Fish @ kCN0-Qy2Mz"" calls 40",2026-08-28T07:04:45.673Z,178790068567300
"""Harry @ Q4OMcL0rqd"" raises to 40",2026-08-28T07:04:37.064Z,178790067706400
"""LingWae @ FQN9hzhzP_"" folds",2026-08-28T07:04:34.683Z,178790067468300
"""dick and balls @ gpP9uUffpu"" posts a big blind of 10",2026-08-28T07:04:32.805Z,178790067280509
"""Harry = Fish @ kCN0-Qy2Mz"" posts a small blind of 5",2026-08-28T07:04:32.805Z,178790067280508
"Your hand is 2♣, 5♣",2026-08-28T07:04:32.805Z,178790067280505
"Player stacks: #2 ""Harry = Fish @ kCN0-Qy2Mz"" (5550) | #5 ""dick and balls @ gpP9uUffpu"" (2881) | #8 ""LingWae @ FQN9hzhzP_"" (1000) | #10 ""Harry @ Q4OMcL0rqd"" (569)",2026-08-28T07:04:32.805Z,178790067280503
"-- starting hand #68 (id: ll6wp1xizsjw)  No Limit Texas Hold'em (dealer: ""Harry @ Q4OMcL0rqd"") --",2026-08-28T07:04:32.805Z,178790067280502
"The player ""LingWae @ FQN9hzhzP_"" rebought. New stack 1000.",2026-08-28T07:04:32.805Z,178790067280501
"The player ""LingWae @ FQN9hzhzP_"" requested a rebuy of 1000.",2026-08-28T07:04:32.805Z,178790067280500
"Asking to busted players the rebuy decision.",2026-08-28T07:04:29.960Z,178790066996000
"""LingWae @ FQN9hzhzP_"" shows a 9♥, J♣.",2026-08-28T07:04:26.013Z,178790066601300
"""dick and balls @ gpP9uUffpu"" shows a 9♣.",2026-08-28T07:04:25.451Z,178790066545100
"-- ending hand #67 --",2026-08-28T07:04:22.952Z,178790066295203
"""Harry = Fish @ kCN0-Qy2Mz"" collected 454 from pot with Three of a Kind, 5's (combination: 9♠, 10♦, 5♦, 5♠, 5♣)",2026-08-28T07:04:22.952Z,178790066295202
"""Harry = Fish @ kCN0-Qy2Mz"" collected 902 from pot with Three of a Kind, 5's (combination: 9♠, 10♦, 5♦, 5♠, 5♣)",2026-08-28T07:04:22.952Z,178790066295201
"""Harry = Fish @ kCN0-Qy2Mz"" shows a 10♦, 5♦.",2026-08-28T07:04:22.952Z,178790066295200
"""dick and balls @ gpP9uUffpu"" calls 227",2026-08-28T07:04:22.136Z,178790066213600
"""Harry = Fish @ kCN0-Qy2Mz"" bets 227",2026-08-28T07:04:21.195Z,178790066119500
"River: 5♠, 9♠, 5♣, 4♦ [8♥]",2026-08-28T07:04:12.349Z,178790065234900
"""dick and balls @ gpP9uUffpu"" checks",2026-08-28T07:04:11.513Z,178790065151300
"""Harry = Fish @ kCN0-Qy2Mz"" checks",2026-08-28T07:04:10.597Z,178790065059700
"Turn: 5♠, 9♠, 5♣ [4♦]",2026-08-28T07:04:07.118Z,178790064711800
"""dick and balls @ gpP9uUffpu"" calls 234",2026-08-28T07:04:06.268Z,178790064626800
"""Harry = Fish @ kCN0-Qy2Mz"" calls 234",2026-08-28T07:04:05.355Z,178790064535500
"""Harry @ Q4OMcL0rqd"" folds",2026-08-28T07:04:03.918Z,178790064391800
"""LingWae @ FQN9hzhzP_"" raises to 234 and go all in",2026-08-28T07:04:01.700Z,178790064170000
"""dick and balls @ gpP9uUffpu"" calls 40",2026-08-28T07:03:59.682Z,178790063968200
"""Harry = Fish @ kCN0-Qy2Mz"" calls 40",2026-08-28T07:03:58.583Z,178790063858300
"""Harry @ Q4OMcL0rqd"" bets 40",2026-08-28T07:03:47.243Z,178790062724300
"Flop:  [5♠, 9♠, 5♣]",2026-08-28T07:03:40.743Z,178790062074300
"""Harry = Fish @ kCN0-Qy2Mz"" calls 40",2026-08-28T07:03:39.938Z,178790061993800
"""Harry @ Q4OMcL0rqd"" calls 40",2026-08-28T07:03:37.572Z,178790061757200
"""LingWae @ FQN9hzhzP_"" calls 40",2026-08-28T07:03:36.185Z,178790061618500
"""dick and balls @ gpP9uUffpu"" raises to 40",2026-08-28T07:03:26.955Z,178790060695500
"""Harry = Fish @ kCN0-Qy2Mz"" posts a big blind of 10",2026-08-28T07:03:24.893Z,178790060489307
"""Harry @ Q4OMcL0rqd"" posts a small blind of 5",2026-08-28T07:03:24.893Z,178790060489306
"Player stacks: #2 ""Harry = Fish @ kCN0-Qy2Mz"" (4695) | #5 ""dick and balls @ gpP9uUffpu"" (3382) | #8 ""LingWae @ FQN9hzhzP_"" (274) | #10 ""Harry @ Q4OMcL0rqd"" (649)",2026-08-28T07:03:24.893Z,178790060489301
"-- starting hand #67 (id: oaaax0gv3irw)  No Limit Texas Hold'em (dealer: ""LingWae @ FQN9hzhzP_"") --",2026-08-28T07:03:24.893Z,178790060489300
"-- ending hand #66 --",2026-08-28T07:03:18.856Z,178790059885604
"""LingWae @ FQN9hzhzP_"" collected 274 from pot with Two Pair, 5's & 2's (combination: K♠, 2♦, 2♥, 5♠, 5♦)",2026-08-28T07:03:18.856Z,178790059885603
"""Harry = Fish @ kCN0-Qy2Mz"" collected 274 from pot with Two Pair, 5's & 2's (combination: K♠, 2♦, 2♥, 5♣, 5♦)",2026-08-28T07:03:18.856Z,178790059885602
"""Harry = Fish @ kCN0-Qy2Mz"" shows a 5♣, J♥.",2026-08-28T07:03:18.856Z,178790059885601
"""LingWae @ FQN9hzhzP_"" shows a 7♣, 5♠.",2026-08-28T07:03:18.856Z,178790059885600
"""dick and balls @ gpP9uUffpu"" checks",2026-08-28T07:03:17.964Z,178790059796400
"""Harry = Fish @ kCN0-Qy2Mz"" checks",2026-08-28T07:03:16.751Z,178790059675100
"""Harry @ Q4OMcL0rqd"" checks",2026-08-28T07:03:15.273Z,178790059527300
"River: 5♦, 4♣, K♠, 2♦ [2♥]",2026-08-28T07:03:13.250Z,178790059325000
"""dick and balls @ gpP9uUffpu"" checks",2026-08-28T07:03:12.348Z,178790059234800
"""Harry = Fish @ kCN0-Qy2Mz"" checks",2026-08-28T07:03:11.330Z,178790059133000
"""Harry @ Q4OMcL0rqd"" checks",2026-08-28T07:03:08.971Z,178790058897100
"Turn: 5♦, 4♣, K♠ [2♦]",2026-08-28T07:03:07.251Z,178790058725100
"""dick and balls @ gpP9uUffpu"" calls 67",2026-08-28T07:03:06.333Z,178790058633300
"""Harry = Fish @ kCN0-Qy2Mz"" calls 67",2026-08-28T07:03:05.374Z,178790058537400
"""Harry @ Q4OMcL0rqd"" calls 67",2026-08-28T07:03:03.862Z,178790058386200
"""LingWae @ FQN9hzhzP_"" bets 67 and go all in",2026-08-28T07:03:01.386Z,178790058138600
"Flop:  [5♦, 4♣, K♠]",2026-08-28T07:02:57.801Z,178790057780100
"""Harry = Fish @ kCN0-Qy2Mz"" calls 70",2026-08-28T07:02:56.988Z,178790057698800
"""Harry @ Q4OMcL0rqd"" calls 70",2026-08-28T07:02:54.601Z,178790057460100
"""LingWae @ FQN9hzhzP_"" calls 70",2026-08-28T07:02:52.729Z,178790057272900
"""dick and balls @ gpP9uUffpu"" raises to 70",2026-08-28T07:02:49.572Z,178790056957200
"""Harry = Fish @ kCN0-Qy2Mz"" raises to 35",2026-08-28T07:02:45.561Z,178790056556100
"""Harry @ Q4OMcL0rqd"" posts a big blind of 10",2026-08-28T07:02:27.350Z,178790054735007
"""LingWae @ FQN9hzhzP_"" posts a small blind of 5",2026-08-28T07:02:27.350Z,178790054735006
"Player stacks: #2 ""Harry = Fish @ kCN0-Qy2Mz"" (4558) | #5 ""dick and balls @ gpP9uUffpu"" (3519) | #8 ""LingWae @ FQN9hzhzP_"" (137) | #10 ""Harry @ Q4OMcL0rqd"" (786)",2026-08-28T07:02:27.350Z,178790054735001
"-- starting hand #66 (id: z1jgxdcdylph)  No Limit Texas Hold'em (dealer: ""dick and balls @ gpP9uUffpu"") --",2026-08-28T07:02:27.350Z,178790054735000
"""LingWae @ FQN9hzhzP_"" shows a 4♥, 10♥.",2026-08-28T07:02:22.476Z,178790054247600
"-- ending hand #65 --",2026-08-28T07:02:20.832Z,178790054083203
"""Harry = Fish @ kCN0-Qy2Mz"" collected 4558 from pot with Four of a Kind, 5's (combination: 7♦, 5♥, 5♠, 5♦, 5♣)",2026-08-28T07:02:20.832Z,178790054083202
"""Harry = Fish @ kCN0-Qy2Mz"" shows a 5♥, 5♠.",2026-08-28T07:02:20.832Z,178790054083201
"""dick and balls @ gpP9uUffpu"" shows a Q♦, 10♦.",2026-08-28T07:02:20.832Z,178790054083200
"""LingWae @ FQN9hzhzP_"" checks",2026-08-28T07:02:20.025Z,178790054002500
"""dick and balls @ gpP9uUffpu"" checks",2026-08-28T07:02:18.151Z,178790053815100
"River: 7♦, 5♦, 6♥, 5♣ [2♠]",2026-08-28T07:02:16.937Z,178790053693700
"""LingWae @ FQN9hzhzP_"" checks",2026-08-28T07:02:16.107Z,178790053610700
"""dick and balls @ gpP9uUffpu"" checks",2026-08-28T07:02:13.349Z,178790053334900
"Turn: 7♦, 5♦, 6♥ [5♣]",2026-08-28T07:02:11.568Z,178790053156800
"""LingWae @ FQN9hzhzP_"" calls 1376",2026-08-28T07:02:10.749Z,178790053074900
"""dick and balls @ gpP9uUffpu"" calls 1376",2026-08-28T07:01:40.227Z,178790050022700
"""Harry = Fish @ kCN0-Qy2Mz"" raises to 1376 and go all in",2026-08-28T07:01:39.235Z,178790049923500
"""LingWae @ FQN9hzhzP_"" raises to 300",2026-08-28T07:01:36.393Z,178790049639300
"""dick and balls @ gpP9uUffpu"" bets 150",2026-08-28T07:01:34.115Z,178790049411500
"Flop:  [7♦, 5♦, 6♥]",2026-08-28T07:01:27.890Z,178790048789000
"""Harry = Fish @ kCN0-Qy2Mz"" calls 140",2026-08-28T07:01:27.043Z,178790048704300
"""Harry @ Q4OMcL0rqd"" folds",2026-08-28T07:01:25.812Z,178790048581200
"""LingWae @ FQN9hzhzP_"" calls 140",2026-08-28T07:01:24.392Z,178790048439200
"""dick and balls @ gpP9uUffpu"" raises to 140",2026-08-28T07:01:21.655Z,178790048165500
"""Harry = Fish @ kCN0-Qy2Mz"" raises to 75",2026-08-28T07:01:20.058Z,178790048005800
"""Harry @ Q4OMcL0rqd"" calls 10",2026-08-28T07:01:16.608Z,178790047660800
"""LingWae @ FQN9hzhzP_"" posts a big blind of 10",2026-08-28T07:01:12.330Z,178790047233007
"""dick and balls @ gpP9uUffpu"" posts a small blind of 5",2026-08-28T07:01:12.330Z,178790047233006
"Your hand is Q♦, 10♦",2026-08-28T07:01:12.330Z,178790047233003
"Player stacks: #2 ""Harry = Fish @ kCN0-Qy2Mz"" (1516) | #5 ""dick and balls @ gpP9uUffpu"" (5035) | #8 ""LingWae @ FQN9hzhzP_"" (1653) | #10 ""Harry @ Q4OMcL0rqd"" (796)",2026-08-28T07:01:12.330Z,178790047233001
"-- starting hand #65 (id: cvrco0pjq6tg)  No Limit Texas Hold'em (dealer: ""Harry = Fish @ kCN0-Qy2Mz"") --",2026-08-28T07:01:12.330Z,178790047233000
"""LingWae @ FQN9hzhzP_"" shows a J♠, 9♦.",2026-08-28T07:01:08.043Z,178790046804300
"Undealt cards:  [A♣, 6♣, J♦, 9♣, 3♠]",2026-08-28T07:01:06.299Z,178790046629900
"-- ending hand #64 --",2026-08-28T07:01:05.713Z,178790046571302
"""Harry @ Q4OMcL0rqd"" collected 87 from pot",2026-08-28T07:01:05.713Z,178790046571301
"Uncalled bet of 44 returned to ""Harry @ Q4OMcL0rqd""",2026-08-28T07:01:05.713Z,178790046571300
"""LingWae @ FQN9hzhzP_"" folds",2026-08-28T07:01:04.879Z,178790046487900
"""dick and balls @ gpP9uUffpu"" folds",2026-08-28T07:00:53.264Z,178790045326400
"""Harry = Fish @ kCN0-Qy2Mz"" folds",2026-08-28T07:00:52.303Z,178790045230300
"""Harry @ Q4OMcL0rqd"" raises to 80",2026-08-28T07:00:51.399Z,178790045139900
"""LingWae @ FQN9hzhzP_"" raises to 36",2026-08-28T07:00:47.742Z,178790044774200
"""dick and balls @ gpP9uUffpu"" posts a big blind of 10",2026-08-28T07:00:36.688Z,178790043668807
"""Harry = Fish @ kCN0-Qy2Mz"" posts a small blind of 5",2026-08-28T07:00:36.688Z,178790043668806
"Player stacks: #2 ""Harry = Fish @ kCN0-Qy2Mz"" (1521) | #5 ""dick and balls @ gpP9uUffpu"" (5045) | #8 ""LingWae @ FQN9hzhzP_"" (1689) | #10 ""Harry @ Q4OMcL0rqd"" (745)",2026-08-28T07:00:36.688Z,178790043668801
"-- starting hand #64 (id: ma0ffaqgcbdv)  No Limit Texas Hold'em (dealer: ""Harry @ Q4OMcL0rqd"") --",2026-08-28T07:00:36.688Z,178790043668800
"-- ending hand #63 --",2026-08-28T07:00:30.669Z,178790043066903
"""LingWae @ FQN9hzhzP_"" collected 221 from pot with Pair, 7's (combination: 10♦, J♦, Q♦, 7♣, 7♥)",2026-08-28T07:00:30.669Z,178790043066902
"""LingWae @ FQN9hzhzP_"" shows a 7♣, 4♣.",2026-08-28T07:00:30.669Z,178790043066901
"""dick and balls @ gpP9uUffpu"" shows a 5♦, 6♣.",2026-08-28T07:00:30.669Z,178790043066900
"""LingWae @ FQN9hzhzP_"" checks",2026-08-28T07:00:29.852Z,178790042985200
"""dick and balls @ gpP9uUffpu"" checks",2026-08-28T07:00:28.700Z,178790042870000
"River: 10♦, J♦, 7♥, 5♣ [Q♦]",2026-08-28T07:00:27.816Z,178790042781600
"""LingWae @ FQN9hzhzP_"" checks",2026-08-28T07:00:26.997Z,178790042699700
"""dick and balls @ gpP9uUffpu"" checks",2026-08-28T07:00:25.562Z,178790042556200
"Turn: 10♦, J♦, 7♥ [5♣]",2026-08-28T07:00:24.792Z,178790042479200
"""dick and balls @ gpP9uUffpu"" calls 36",2026-08-28T07:00:23.947Z,178790042394700
"""LingWae @ FQN9hzhzP_"" bets 36",2026-08-28T07:00:22.620Z,178790042262000
"""dick and balls @ gpP9uUffpu"" checks",2026-08-28T07:00:19.925Z,178790041992500
"Flop:  [10♦, J♦, 7♥]",2026-08-28T07:00:18.951Z,178790041895100
"""dick and balls @ gpP9uUffpu"" calls 67",2026-08-28T07:00:18.109Z,178790041810900
"""Harry = Fish @ kCN0-Qy2Mz"" folds",2026-08-28T07:00:17.036Z,178790041703600
"""Harry @ Q4OMcL0rqd"" folds",2026-08-28T07:00:16.111Z,178790041611100
"""LingWae @ FQN9hzhzP_"" raises to 67",2026-08-28T07:00:13.099Z,178790041309900
"""dick and balls @ gpP9uUffpu"" raises to 32",2026-08-28T07:00:10.665Z,178790041066500
"""Harry = Fish @ kCN0-Qy2Mz"" posts a big blind of 10",2026-08-28T07:00:06.342Z,178790040634207
"""Harry @ Q4OMcL0rqd"" posts a small blind of 5",2026-08-28T07:00:06.342Z,178790040634206
"Your hand is 5♦, 6♣",2026-08-28T07:00:06.342Z,178790040634203
"Player stacks: #2 ""Harry = Fish @ kCN0-Qy2Mz"" (1531) | #5 ""dick and balls @ gpP9uUffpu"" (5148) | #8 ""LingWae @ FQN9hzhzP_"" (1571) | #10 ""Harry @ Q4OMcL0rqd"" (750)",2026-08-28T07:00:06.342Z,178790040634201
"-- starting hand #63 (id: nahot9bsxm2e)  No Limit Texas Hold'em (dealer: ""LingWae @ FQN9hzhzP_"") --",2026-08-28T07:00:06.342Z,178790040634200
"""Harry = Fish @ kCN0-Qy2Mz"" shows a 5♥.",2026-08-28T07:00:04.799Z,178790040479900
"""Harry @ Q4OMcL0rqd"" shows a 4♠.",2026-08-28T07:00:03.913Z,178790040391300
"-- ending hand #62 --",2026-08-28T07:00:02.021Z,178790040202102
"""dick and balls @ gpP9uUffpu"" collected 85 from pot",2026-08-28T07:00:02.021Z,178790040202101
"Uncalled bet of 175 returned to ""dick and balls @ gpP9uUffpu""",2026-08-28T07:00:02.021Z,178790040202100
"""Harry @ Q4OMcL0rqd"" folds",2026-08-28T07:00:01.114Z,178790040111400
"""dick and balls @ gpP9uUffpu"" bets 175",2026-08-28T07:00:00.104Z,178790040010400
"""Harry @ Q4OMcL0rqd"" checks",2026-08-28T06:59:53.831Z,178790039383100
"River: 3♣, J♥, 7♠, Q♥ [10♦]",2026-08-28T06:59:52.868Z,178790039286800
"""dick and balls @ gpP9uUffpu"" checks",2026-08-28T06:59:52.055Z,178790039205500
"""Harry @ Q4OMcL0rqd"" checks",2026-08-28T06:59:50.826Z,178790039082600
"Turn: 3♣, J♥, 7♠ [Q♥]",2026-08-28T06:59:49.768Z,178790038976800
"""dick and balls @ gpP9uUffpu"" checks",2026-08-28T06:59:48.870Z,178790038887000
"""Harry @ Q4OMcL0rqd"" checks",2026-08-28T06:59:47.926Z,178790038792600
"Flop:  [3♣, J♥, 7♠]",2026-08-28T06:59:44.768Z,178790038476800
"""Harry @ Q4OMcL0rqd"" calls 40",2026-08-28T06:59:43.913Z,178790038391300
"""LingWae @ FQN9hzhzP_"" folds",2026-08-28T06:59:42.276Z,178790038227600
"""dick and balls @ gpP9uUffpu"" raises to 40",2026-08-28T06:59:39.458Z,178790037945800
"""Harry = Fish @ kCN0-Qy2Mz"" folds",2026-08-28T06:59:37.642Z,178790037764200
"""Harry @ Q4OMcL0rqd"" posts a big blind of 10",2026-08-28T06:59:33.457Z,178790037345707
"""LingWae @ FQN9hzhzP_"" posts a small blind of 5",2026-08-28T06:59:33.457Z,178790037345706
"Player stacks: #2 ""Harry = Fish @ kCN0-Qy2Mz"" (1531) | #5 ""dick and balls @ gpP9uUffpu"" (5103) | #8 ""LingWae @ FQN9hzhzP_"" (1576) | #10 ""Harry @ Q4OMcL0rqd"" (790)",2026-08-28T06:59:33.457Z,178790037345701
"-- starting hand #62 (id: fd53frnhnoy0)  No Limit Texas Hold'em (dealer: ""dick and balls @ gpP9uUffpu"") --",2026-08-28T06:59:33.457Z,178790037345700
"""LingWae @ FQN9hzhzP_"" shows a 4♥.",2026-08-28T06:59:29.901Z,178790036990100
"Undealt cards: 2♠, 5♣, 9♣ [10♥, 6♥]",2026-08-28T06:59:29.828Z,178790036982800
"-- ending hand #61 --",2026-08-28T06:59:26.851Z,178790036685102
"""Harry = Fish @ kCN0-Qy2Mz"" collected 185 from pot",2026-08-28T06:59:26.851Z,178790036685101
"Uncalled bet of 185 returned to ""Harry = Fish @ kCN0-Qy2Mz""",2026-08-28T06:59:26.851Z,178790036685100
"""LingWae @ FQN9hzhzP_"" folds",2026-08-28T06:59:26.036Z,178790036603600
"""Harry = Fish @ kCN0-Qy2Mz"" raises to 195",2026-08-28T06:59:24.542Z,178790036454200
"""LingWae @ FQN9hzhzP_"" bets 10",2026-08-28T06:59:21.310Z,178790036131000
"Flop:  [2♠, 5♣, 9♣]",2026-08-28T06:59:13.298Z,178790035329800
"""Harry @ Q4OMcL0rqd"" folds",2026-08-28T06:59:12.467Z,178790035246700
"""LingWae @ FQN9hzhzP_"" calls 75",2026-08-28T06:59:10.407Z,178790035040700
"""dick and balls @ gpP9uUffpu"" folds",2026-08-28T06:59:08.949Z,178790034894900
"""Harry = Fish @ kCN0-Qy2Mz"" raises to 75",2026-08-28T06:59:08.003Z,178790034800300
"""Harry @ Q4OMcL0rqd"" calls 10",2026-08-28T06:59:03.026Z,178790034302600
"""LingWae @ FQN9hzhzP_"" posts a big blind of 10",2026-08-28T06:59:01.136Z,178790034113607
"""dick and balls @ gpP9uUffpu"" posts a small blind of 5",2026-08-28T06:59:01.136Z,178790034113606
"Player stacks: #2 ""Harry = Fish @ kCN0-Qy2Mz"" (1431) | #5 ""dick and balls @ gpP9uUffpu"" (5108) | #8 ""LingWae @ FQN9hzhzP_"" (1661) | #10 ""Harry @ Q4OMcL0rqd"" (800)",2026-08-28T06:59:01.136Z,178790034113601
"-- starting hand #61 (id: fatwdoxjswcg)  No Limit Texas Hold'em (dealer: ""Harry = Fish @ kCN0-Qy2Mz"") --",2026-08-28T06:59:01.136Z,178790034113600
"""Harry = Fish @ kCN0-Qy2Mz"" shows a 4♣.",2026-08-28T06:58:57.536Z,178790033753600
"""LingWae @ FQN9hzhzP_"" shows a 3♥.",2026-08-28T06:58:57.522Z,178790033752200
"Undealt cards: A♥, 7♠, 2♣ [5♠, Q♦]",2026-08-28T06:58:54.700Z,178790033470000
"""LingWae @ FQN9hzhzP_"" shows a A♦.",2026-08-28T06:58:54.583Z,178790033458300
"-- ending hand #60 --",2026-08-28T06:58:53.811Z,178790033381102
"""LingWae @ FQN9hzhzP_"" collected 149 from pot",2026-08-28T06:58:53.811Z,178790033381101
"Uncalled bet of 74 returned to ""LingWae @ FQN9hzhzP_""",2026-08-28T06:58:53.811Z,178790033381100
"""Harry @ Q4OMcL0rqd"" folds",2026-08-28T06:58:52.984Z,178790033298400
"""LingWae @ FQN9hzhzP_"" bets 74",2026-08-28T06:58:52.051Z,178790033205100
"Flop:  [A♥, 7♠, 2♣]",2026-08-28T06:58:46.700Z,178790032670000
"""dick and balls @ gpP9uUffpu"" folds",2026-08-28T06:58:45.855Z,178790032585500
"""Harry = Fish @ kCN0-Qy2Mz"" folds",2026-08-28T06:58:44.904Z,178790032490400
"""Harry @ Q4OMcL0rqd"" calls 67",2026-08-28T06:58:43.993Z,178790032399300
"""LingWae @ FQN9hzhzP_"" raises to 67",2026-08-28T06:58:41.789Z,178790032178900
"""dick and balls @ gpP9uUffpu"" posts a big blind of 10",2026-08-28T06:58:37.754Z,178790031775407
"""Harry = Fish @ kCN0-Qy2Mz"" posts a small blind of 5",2026-08-28T06:58:37.754Z,178790031775406
"Player stacks: #2 ""Harry = Fish @ kCN0-Qy2Mz"" (1436) | #5 ""dick and balls @ gpP9uUffpu"" (5118) | #8 ""LingWae @ FQN9hzhzP_"" (1579) | #10 ""Harry @ Q4OMcL0rqd"" (867)",2026-08-28T06:58:37.754Z,178790031775401
"-- starting hand #60 (id: mofzenvdsdzg)  No Limit Texas Hold'em (dealer: ""Harry @ Q4OMcL0rqd"") --",2026-08-28T06:58:37.754Z,178790031775400
"-- ending hand #59 --",2026-08-28T06:58:31.749Z,178790031174903
"""LingWae @ FQN9hzhzP_"" collected 456 from pot with Pair, 3's (combination: 8♦, Q♦, A♦, 3♥, 3♦)",2026-08-28T06:58:31.749Z,178790031174902
"""LingWae @ FQN9hzhzP_"" shows a A♦, 3♥.",2026-08-28T06:58:31.749Z,178790031174901
"""Harry @ Q4OMcL0rqd"" shows a K♠, 10♠.",2026-08-28T06:58:31.749Z,178790031174900
"""LingWae @ FQN9hzhzP_"" checks",2026-08-28T06:58:30.930Z,178790031093000
"""Harry @ Q4OMcL0rqd"" checks",2026-08-28T06:58:29.080Z,178790030908000
"River: 5♠, 7♣, Q♦, 3♦ [8♦]",2026-08-28T06:58:27.598Z,178790030759800
"""Harry @ Q4OMcL0rqd"" calls 36",2026-08-28T06:58:26.770Z,178790030677000
"""LingWae @ FQN9hzhzP_"" bets 36",2026-08-28T06:58:25.372Z,178790030537200
"""Harry @ Q4OMcL0rqd"" checks",2026-08-28T06:58:22.702Z,178790030270200
"Turn: 5♠, 7♣, Q♦ [3♦]",2026-08-28T06:58:21.339Z,178790030133900
"""LingWae @ FQN9hzhzP_"" checks",2026-08-28T06:58:20.523Z,178790030052300
"""Harry @ Q4OMcL0rqd"" checks",2026-08-28T06:58:19.396Z,178790029939600
"Flop:  [5♠, 7♣, Q♦]",2026-08-28T06:58:15.865Z,178790029586500
"""dick and balls @ gpP9uUffpu"" folds",2026-08-28T06:58:15.043Z,178790029504300
"""Harry = Fish @ kCN0-Qy2Mz"" folds",2026-08-28T06:58:14.119Z,178790029411900
"""Harry @ Q4OMcL0rqd"" calls 167",2026-08-28T06:58:13.187Z,178790029318700
"""LingWae @ FQN9hzhzP_"" raises to 167",2026-08-28T06:58:08.734Z,178790028873400
"""dick and balls @ gpP9uUffpu"" raises to 40",2026-08-28T06:58:01.358Z,178790028135800
"""Harry = Fish @ kCN0-Qy2Mz"" posts a big blind of 10",2026-08-28T06:57:58.854Z,178790027885407
"""Harry @ Q4OMcL0rqd"" posts a small blind of 5",2026-08-28T06:57:58.854Z,178790027885406
"Player stacks: #2 ""Harry = Fish @ kCN0-Qy2Mz"" (1446) | #5 ""dick and balls @ gpP9uUffpu"" (5158) | #8 ""LingWae @ FQN9hzhzP_"" (1326) | #10 ""Harry @ Q4OMcL0rqd"" (1070)",2026-08-28T06:57:58.854Z,178790027885401
"-- starting hand #59 (id: jvqu5j7tsc75)  No Limit Texas Hold'em (dealer: ""LingWae @ FQN9hzhzP_"") --",2026-08-28T06:57:58.854Z,178790027885400
"""Harry = Fish @ kCN0-Qy2Mz"" shows a 8♥.",2026-08-28T06:57:56.544Z,178790027654400
"-- ending hand #58 --",2026-08-28T06:57:52.329Z,178790027232901
"""LingWae @ FQN9hzhzP_"" collected 1326 from pot with Pair, A's (combination: 7♣, 8♣, J♦, A♠, A♦)",2026-08-28T06:57:52.329Z,178790027232900
"River: A♦, 8♣, 6♥, J♦ [5♥]",2026-08-28T06:57:48.324Z,178790026832400
"Turn: A♦, 8♣, 6♥ [J♦]",2026-08-28T06:57:44.286Z,178790026428600
"""LingWae @ FQN9hzhzP_"" shows a 7♣, A♠.",2026-08-28T06:57:40.281Z,178790026028101
"Uncalled bet of 54 returned to ""dick and balls @ gpP9uUffpu""",2026-08-28T06:57:40.281Z,178790026028100
"""dick and balls @ gpP9uUffpu"" shows a 10♠, 3♣.",2026-08-28T06:57:39.855Z,178790025985500
"Some players choose to not run it twice.",2026-08-28T06:57:39.414Z,178790025941401
"""LingWae @ FQN9hzhzP_"" chooses to not run it twice.",2026-08-28T06:57:39.414Z,178790025941400
"""dick and balls @ gpP9uUffpu"" chooses to  run it twice.",2026-08-28T06:57:38.705Z,178790025870500
"Remaining players decide whether to run it twice.",2026-08-28T06:57:37.692Z,178790025769201
"""LingWae @ FQN9hzhzP_"" calls 491 and go all in",2026-08-28T06:57:37.692Z,178790025769200
"""dick and balls @ gpP9uUffpu"" raises to 545",2026-08-28T06:57:32.590Z,178790025259000
"""LingWae @ FQN9hzhzP_"" bets 67",2026-08-28T06:57:29.844Z,178790024984400
"Flop:  [A♦, 8♣, 6♥]",2026-08-28T06:57:23.512Z,178790024351200
"""dick and balls @ gpP9uUffpu"" calls 167",2026-08-28T06:57:22.671Z,178790024267100
"""Harry @ Q4OMcL0rqd"" folds",2026-08-28T06:57:19.615Z,178790023961500
"""LingWae @ FQN9hzhzP_"" raises to 167",2026-08-28T06:57:17.835Z,178790023783500
"""dick and balls @ gpP9uUffpu"" raises to 40",2026-08-28T06:57:15.197Z,178790023519700
"""Harry = Fish @ kCN0-Qy2Mz"" folds",2026-08-28T06:57:12.934Z,178790023293400
"""Harry @ Q4OMcL0rqd"" posts a big blind of 10",2026-08-28T06:57:11.197Z,178790023119707
"""LingWae @ FQN9hzhzP_"" posts a small blind of 5",2026-08-28T06:57:11.197Z,178790023119706
"Your hand is 10♠, 3♣",2026-08-28T06:57:11.197Z,178790023119703
"Player stacks: #2 ""Harry = Fish @ kCN0-Qy2Mz"" (1446) | #5 ""dick and balls @ gpP9uUffpu"" (5816) | #8 ""LingWae @ FQN9hzhzP_"" (658) | #10 ""Harry @ Q4OMcL0rqd"" (1080)",2026-08-28T06:57:11.197Z,178790023119701
"-- starting hand #58 (id: rdsnj6rrci3j)  No Limit Texas Hold'em (dealer: ""dick and balls @ gpP9uUffpu"") --",2026-08-28T06:57:11.197Z,178790023119700
"""Harry = Fish @ kCN0-Qy2Mz"" shows a 2♦.",2026-08-28T06:57:07.709Z,178790022770900
"Undealt cards: 4♥, 3♠, 6♠ [J♦, J♣]",2026-08-28T06:57:05.609Z,178790022560900
"-- ending hand #57 --",2026-08-28T06:57:04.594Z,178790022459402
"""Harry @ Q4OMcL0rqd"" collected 120 from pot",2026-08-28T06:57:04.594Z,178790022459401
"Uncalled bet of 40 returned to ""Harry @ Q4OMcL0rqd""",2026-08-28T06:57:04.594Z,178790022459400
"""LingWae @ FQN9hzhzP_"" folds",2026-08-28T06:57:03.776Z,178790022377600
"""dick and balls @ gpP9uUffpu"" folds",2026-08-28T06:56:56.877Z,178790021687700
"""Harry @ Q4OMcL0rqd"" bets 40",2026-08-28T06:56:54.478Z,178790021447800
"""LingWae @ FQN9hzhzP_"" checks",2026-08-28T06:56:51.093Z,178790021109300
"""dick and balls @ gpP9uUffpu"" checks",2026-08-28T06:56:48.956Z,178790020895600
"Flop:  [4♥, 3♠, 6♠]",2026-08-28T06:56:47.073Z,178790020707300
"""Harry @ Q4OMcL0rqd"" calls 40",2026-08-28T06:56:46.226Z,178790020622600
"""LingWae @ FQN9hzhzP_"" calls 40",2026-08-28T06:56:42.590Z,178790020259000
"""dick and balls @ gpP9uUffpu"" raises to 40",2026-08-28T06:56:40.627Z,178790020062700
"""Harry = Fish @ kCN0-Qy2Mz"" folds",2026-08-28T06:56:38.767Z,178790019876700
"""Harry @ Q4OMcL0rqd"" calls 10",2026-08-28T06:56:20.383Z,178790018038300
"""LingWae @ FQN9hzhzP_"" posts a big blind of 10",2026-08-28T06:56:17.088Z,178790017708808
"""dick and balls @ gpP9uUffpu"" posts a small blind of 5",2026-08-28T06:56:17.088Z,178790017708807
"Player stacks: #2 ""Harry = Fish @ kCN0-Qy2Mz"" (1446) | #5 ""dick and balls @ gpP9uUffpu"" (5856) | #8 ""LingWae @ FQN9hzhzP_"" (698) | #10 ""Harry @ Q4OMcL0rqd"" (1000)",2026-08-28T06:56:17.088Z,178790017708802
"-- starting hand #57 (id: khts6lpi24xt)  No Limit Texas Hold'em (dealer: ""Harry = Fish @ kCN0-Qy2Mz"") --",2026-08-28T06:56:17.088Z,178790017708801
"The player ""Harry @ Q4OMcL0rqd"" rebought. New stack 1000.",2026-08-28T06:56:17.088Z,178790017708800
"Waiting for the game owner to approve or reject pending rebuy requests.",2026-08-28T06:56:16.095Z,178790017609501
"The player ""Harry @ Q4OMcL0rqd"" requested a rebuy of 1000.",2026-08-28T06:56:16.095Z,178790017609500
"""LingWae @ FQN9hzhzP_"" shows a 2♦, 5♥.",2026-08-28T06:56:13.361Z,178790017336100
"Asking to busted players the rebuy decision.",2026-08-28T06:55:58.513Z,178790015851300
"-- ending hand #56 --",2026-08-28T06:55:52.496Z,178790015249601
"""dick and balls @ gpP9uUffpu"" collected 1732 from pot with Pair, K's (combination: 7♥, J♦, A♠, K♣, K♠)",2026-08-28T06:55:52.496Z,178790015249600
"River: 6♦, 4♣, 7♥, A♠ [K♠]",2026-08-28T06:55:48.477Z,178790014847700
"""Harry @ Q4OMcL0rqd"" shows a 7♣, 10♦.",2026-08-28T06:55:44.382Z,178790014438201
"Uncalled bet of 4124 returned to ""dick and balls @ gpP9uUffpu""",2026-08-28T06:55:44.382Z,178790014438200
"""dick and balls @ gpP9uUffpu"" shows a J♦, K♣.",2026-08-28T06:55:43.996Z,178790014399600
"Some players choose to not run it twice.",2026-08-28T06:55:43.500Z,178790014350001
"""Harry @ Q4OMcL0rqd"" chooses to not run it twice.",2026-08-28T06:55:43.500Z,178790014350000
"""dick and balls @ gpP9uUffpu"" chooses to  run it twice.",2026-08-28T06:55:43.227Z,178790014322700
"Remaining players decide whether to run it twice.",2026-08-28T06:55:42.273Z,178790014227301
"""Harry @ Q4OMcL0rqd"" calls 806 and go all in",2026-08-28T06:55:42.273Z,178790014227300
"""dick and balls @ gpP9uUffpu"" raises to 4930 and go all in",2026-08-28T06:55:37.784Z,178790013778400
"""Harry @ Q4OMcL0rqd"" raises to 540",2026-08-28T06:55:35.761Z,178790013576100
"""dick and balls @ gpP9uUffpu"" raises to 180",2026-08-28T06:55:31.535Z,178790013153500
"""Harry = Fish @ kCN0-Qy2Mz"" folds",2026-08-28T06:55:29.191Z,178790012919100
"""Harry @ Q4OMcL0rqd"" bets 60",2026-08-28T06:55:27.910Z,178790012791000
"""dick and balls @ gpP9uUffpu"" checks",2026-08-28T06:55:25.723Z,178790012572300
"""Harry = Fish @ kCN0-Qy2Mz"" checks",2026-08-28T06:55:24.259Z,178790012425900
"Turn: 6♦, 4♣, 7♥ [A♠]",2026-08-28T06:55:21.572Z,178790012157200
"""Harry @ Q4OMcL0rqd"" checks",2026-08-28T06:55:20.694Z,178790012069400
"""dick and balls @ gpP9uUffpu"" checks",2026-08-28T06:55:18.927Z,178790011892700
"""Harry = Fish @ kCN0-Qy2Mz"" checks",2026-08-28T06:55:17.326Z,178790011732600
"Flop:  [6♦, 4♣, 7♥]",2026-08-28T06:55:15.393Z,178790011539300
"""Harry @ Q4OMcL0rqd"" calls 40",2026-08-28T06:55:14.568Z,178790011456800
"""dick and balls @ gpP9uUffpu"" calls 40",2026-08-28T06:55:10.984Z,178790011098400
"""Harry = Fish @ kCN0-Qy2Mz"" raises to 40",2026-08-28T06:55:09.621Z,178790010962100
"""Harry @ Q4OMcL0rqd"" calls 10",2026-08-28T06:55:04.651Z,178790010465100
"""LingWae @ FQN9hzhzP_"" folds",2026-08-28T06:55:01.994Z,178790010199400
"""dick and balls @ gpP9uUffpu"" posts a big blind of 10",2026-08-28T06:55:00.208Z,178790010020807
"""Harry = Fish @ kCN0-Qy2Mz"" posts a small blind of 5",2026-08-28T06:55:00.208Z,178790010020806
"Your hand is J♦, K♣",2026-08-28T06:55:00.208Z,178790010020803
"Player stacks: #2 ""Harry = Fish @ kCN0-Qy2Mz"" (1486) | #5 ""dick and balls @ gpP9uUffpu"" (4970) | #8 ""LingWae @ FQN9hzhzP_"" (698) | #10 ""Harry @ Q4OMcL0rqd"" (846)",2026-08-28T06:55:00.208Z,178790010020801
"-- starting hand #56 (id: tho10czsaonz)  No Limit Texas Hold'em (dealer: ""Harry @ Q4OMcL0rqd"") --",2026-08-28T06:55:00.208Z,178790010020800
"""LingWae @ FQN9hzhzP_"" shows a 2♠.",2026-08-28T06:54:55.399Z,178790009539900
"-- ending hand #55 --",2026-08-28T06:54:53.680Z,178790009368002
"""dick and balls @ gpP9uUffpu"" collected 537 from pot with Pair, Q's (combination: 7♣, 9♥, 10♠, Q♥, Q♦)",2026-08-28T06:54:53.680Z,178790009368001
"""dick and balls @ gpP9uUffpu"" shows a 9♥, Q♥.",2026-08-28T06:54:53.680Z,178790009368000
"""LingWae @ FQN9hzhzP_"" calls 90",2026-08-28T06:54:52.828Z,178790009282800
"""dick and balls @ gpP9uUffpu"" bets 90",2026-08-28T06:54:51.717Z,178790009171700
"River: Q♦, 5♥, 10♠, 7♣ [2♣]",2026-08-28T06:54:48.296Z,178790008829600
"""LingWae @ FQN9hzhzP_"" calls 60",2026-08-28T06:54:47.477Z,178790008747700
"""dick and balls @ gpP9uUffpu"" bets 60",2026-08-28T06:54:37.574Z,178790007757400
"Turn: Q♦, 5♥, 10♠ [7♣]",2026-08-28T06:54:32.557Z,178790007255700
"""LingWae @ FQN9hzhzP_"" checks",2026-08-28T06:54:31.728Z,178790007172800
"""dick and balls @ gpP9uUffpu"" checks",2026-08-28T06:54:30.732Z,178790007073200
"Flop:  [Q♦, 5♥, 10♠]",2026-08-28T06:54:28.557Z,178790006855700
"""dick and balls @ gpP9uUffpu"" calls 111",2026-08-28T06:54:27.666Z,178790006766600
"""Harry = Fish @ kCN0-Qy2Mz"" folds",2026-08-28T06:54:26.676Z,178790006667600
"""Harry @ Q4OMcL0rqd"" folds",2026-08-28T06:54:25.111Z,178790006511100
"""LingWae @ FQN9hzhzP_"" raises to 111",2026-08-28T06:54:22.782Z,178790006278200
"""dick and balls @ gpP9uUffpu"" raises to 40",2026-08-28T06:54:19.099Z,178790005909900
"""Harry = Fish @ kCN0-Qy2Mz"" posts a big blind of 10",2026-08-28T06:54:17.561Z,178790005756107
"""Harry @ Q4OMcL0rqd"" posts a small blind of 5",2026-08-28T06:54:17.561Z,178790005756106
"Your hand is 9♥, Q♥",2026-08-28T06:54:17.561Z,178790005756103
"Player stacks: #2 ""Harry = Fish @ kCN0-Qy2Mz"" (1496) | #5 ""dick and balls @ gpP9uUffpu"" (4694) | #8 ""LingWae @ FQN9hzhzP_"" (959) | #10 ""Harry @ Q4OMcL0rqd"" (851)",2026-08-28T06:54:17.561Z,178790005756101
"-- starting hand #55 (id: busddsc63pla)  No Limit Texas Hold'em (dealer: ""LingWae @ FQN9hzhzP_"") --",2026-08-28T06:54:17.561Z,178790005756100
"""LingWae @ FQN9hzhzP_"" shows a J♠.",2026-08-28T06:54:14.453Z,178790005445300
"Undealt cards: A♣, A♥, 3♥, 5♣ [9♥]",2026-08-28T06:54:12.028Z,178790005202800
"""Harry = Fish @ kCN0-Qy2Mz"" shows a 10♦, J♥.",2026-08-28T06:54:11.522Z,178790005152200
"-- ending hand #54 --",2026-08-28T06:54:10.252Z,178790005025202
"""Harry = Fish @ kCN0-Qy2Mz"" collected 947 from pot",2026-08-28T06:54:10.252Z,178790005025201
"Uncalled bet of 549 returned to ""Harry = Fish @ kCN0-Qy2Mz""",2026-08-28T06:54:10.252Z,178790005025200
"""LingWae @ FQN9hzhzP_"" folds",2026-08-28T06:54:09.421Z,178790004942100
"""Harry = Fish @ kCN0-Qy2Mz"" bets 549 and go all in",2026-08-28T06:54:08.297Z,178790004829700
"""LingWae @ FQN9hzhzP_"" checks",2026-08-28T06:54:05.243Z,178790004524300
"Turn: A♣, A♥, 3♥ [5♣]",2026-08-28T06:54:03.178Z,178790004317800
"""LingWae @ FQN9hzhzP_"" calls 284",2026-08-28T06:54:02.287Z,178790004228700
"""Harry = Fish @ kCN0-Qy2Mz"" bets 284",2026-08-28T06:53:53.355Z,178790003335500
"""LingWae @ FQN9hzhzP_"" checks",2026-08-28T06:53:49.536Z,178790002953600
"Flop:  [A♣, A♥, 3♥]",2026-08-28T06:53:45.808Z,178790002580800
"""dick and balls @ gpP9uUffpu"" folds",2026-08-28T06:53:44.977Z,178790002497700
"""Harry = Fish @ kCN0-Qy2Mz"" calls 167",2026-08-28T06:53:43.963Z,178790002396300
"""Harry @ Q4OMcL0rqd"" folds",2026-08-28T06:53:36.677Z,178790001667700
"""LingWae @ FQN9hzhzP_"" raises to 167",2026-08-28T06:53:34.795Z,178790001479500
"""dick and balls @ gpP9uUffpu"" calls 35",2026-08-28T06:53:32.279Z,178790001227900
"""Harry = Fish @ kCN0-Qy2Mz"" raises to 35",2026-08-28T06:53:30.997Z,178790001099700
"""Harry @ Q4OMcL0rqd"" posts a big blind of 10",2026-08-28T06:53:27.828Z,178790000782808
"""LingWae @ FQN9hzhzP_"" posts a small blind of 5",2026-08-28T06:53:27.828Z,178790000782807
"Player stacks: #2 ""Harry = Fish @ kCN0-Qy2Mz"" (1000) | #5 ""dick and balls @ gpP9uUffpu"" (4729) | #8 ""LingWae @ FQN9hzhzP_"" (1410) | #10 ""Harry @ Q4OMcL0rqd"" (861)",2026-08-28T06:53:27.828Z,178790000782802
"-- starting hand #54 (id: a3csjcxle84m)  No Limit Texas Hold'em (dealer: ""dick and balls @ gpP9uUffpu"") --",2026-08-28T06:53:27.828Z,178790000782801
"The player ""Harry = Fish @ kCN0-Qy2Mz"" rebought. New stack 1000.",2026-08-28T06:53:27.828Z,178790000782800
"Waiting for the game owner to approve or reject pending rebuy requests.",2026-08-28T06:53:26.524Z,178790000652401
"The player ""Harry = Fish @ kCN0-Qy2Mz"" requested a rebuy of 1000.",2026-08-28T06:53:26.524Z,178790000652400
"Asking to busted players the rebuy decision.",2026-08-28T06:53:23.177Z,178790000317700
"""LingWae @ FQN9hzhzP_"" shows a 9♥, 2♠.",2026-08-28T06:53:16.906Z,178789999690600
"""Harry @ Q4OMcL0rqd"" shows a 10♥.",2026-08-28T06:53:16.637Z,178789999663700
"-- ending hand #53 --",2026-08-28T06:53:14.164Z,178789999416402
"""dick and balls @ gpP9uUffpu"" collected 438 from pot with Full House, 3's over K's on the second run  (combination: K♥, K♣, 3♥, 3♠, 3♦)",2026-08-28T06:53:14.164Z,178789999416401
"""dick and balls @ gpP9uUffpu"" collected 438 from pot with Two Pair, K's & 8's (combination: 10♣, 8♦, 8♥, K♥, K♣)",2026-08-28T06:53:14.164Z,178789999416400
"River (second run): 4♦, 3♥, 2♣, 3♠ [3♦]",2026-08-28T06:53:10.143Z,178789999014300
"Turn (second run): 4♦, 3♥, 2♣ [3♠]",2026-08-28T06:53:06.138Z,178789998613800
"Flop (second run):  [4♦, 3♥, 2♣]",2026-08-28T06:53:02.083Z,178789998208300
"River: 9♦, 8♦, 10♣, 8♥ [7♦]",2026-08-28T06:52:58.068Z,178789997806800
"Turn: 9♦, 8♦, 10♣ [8♥]",2026-08-28T06:52:54.059Z,178789997405900
"Flop:  [9♦, 8♦, 10♣]",2026-08-28T06:52:50.051Z,178789997005100
"""Harry = Fish @ kCN0-Qy2Mz"" shows a A♥, K♠.",2026-08-28T06:52:45.959Z,178789996595900
"""dick and balls @ gpP9uUffpu"" shows a K♥, K♣.",2026-08-28T06:52:45.661Z,178789996566100
"All players in hand choose to run it twice.",2026-08-28T06:52:45.131Z,178789996513101
"""Harry = Fish @ kCN0-Qy2Mz"" chooses to  run it twice.",2026-08-28T06:52:45.131Z,178789996513100
"""dick and balls @ gpP9uUffpu"" chooses to  run it twice.",2026-08-28T06:52:43.105Z,178789996310500
"Remaining players decide whether to run it twice.",2026-08-28T06:52:42.549Z,178789996254901
"""dick and balls @ gpP9uUffpu"" calls 418",2026-08-28T06:52:42.549Z,178789996254900
"""Harry = Fish @ kCN0-Qy2Mz"" raises to 418 and go all in",2026-08-28T06:52:41.593Z,178789996159300
"""Harry @ Q4OMcL0rqd"" folds",2026-08-28T06:52:38.710Z,178789995871000
"""LingWae @ FQN9hzhzP_"" folds",2026-08-28T06:52:35.583Z,178789995558300
"""dick and balls @ gpP9uUffpu"" raises to 350",2026-08-28T06:52:34.096Z,178789995409600
"""Harry = Fish @ kCN0-Qy2Mz"" raises to 105",2026-08-28T06:52:29.891Z,178789994989100
"""Harry @ Q4OMcL0rqd"" raises to 30",2026-08-28T06:52:26.163Z,178789994616300
"""LingWae @ FQN9hzhzP_"" posts a big blind of 10",2026-08-28T06:52:18.606Z,178789993860607
"""dick and balls @ gpP9uUffpu"" posts a small blind of 5",2026-08-28T06:52:18.606Z,178789993860606
"Your hand is K♥, K♣",2026-08-28T06:52:18.606Z,178789993860603
"Player stacks: #2 ""Harry = Fish @ kCN0-Qy2Mz"" (418) | #5 ""dick and balls @ gpP9uUffpu"" (4271) | #8 ""LingWae @ FQN9hzhzP_"" (1420) | #10 ""Harry @ Q4OMcL0rqd"" (891)",2026-08-28T06:52:18.606Z,178789993860601
"-- starting hand #53 (id: ololg5ws6uhw)  No Limit Texas Hold'em (dealer: ""Harry = Fish @ kCN0-Qy2Mz"") --",2026-08-28T06:52:18.606Z,178789993860600
"""Harry @ Q4OMcL0rqd"" shows a 9♠.",2026-08-28T06:52:16.597Z,178789993659700
"""LingWae @ FQN9hzhzP_"" shows a A♠, J♦.",2026-08-28T06:52:15.099Z,178789993509900
"-- ending hand #52 --",2026-08-28T06:52:14.277Z,178789993427702
"""Harry @ Q4OMcL0rqd"" collected 422 from pot",2026-08-28T06:52:14.277Z,178789993427701
"Uncalled bet of 114 returned to ""Harry @ Q4OMcL0rqd""",2026-08-28T06:52:14.277Z,178789993427700
"""LingWae @ FQN9hzhzP_"" folds",2026-08-28T06:52:13.442Z,178789993344200
"""Harry @ Q4OMcL0rqd"" raises to 150",2026-08-28T06:52:10.704Z,178789993070400
"""LingWae @ FQN9hzhzP_"" bets 36",2026-08-28T06:52:05.704Z,178789992570400
"River: 10♣, 2♥, 10♠, Q♥ [10♥]",2026-08-28T06:51:58.240Z,178789991824000
"""Harry @ Q4OMcL0rqd"" calls 67",2026-08-28T06:51:57.386Z,178789991738600
"""LingWae @ FQN9hzhzP_"" bets 67",2026-08-28T06:51:52.756Z,178789991275600
"Turn: 10♣, 2♥, 10♠ [Q♥]",2026-08-28T06:51:48.549Z,178789990854900
"""dick and balls @ gpP9uUffpu"" folds",2026-08-28T06:51:47.672Z,178789990767200
"""Harry = Fish @ kCN0-Qy2Mz"" folds",2026-08-28T06:51:46.751Z,178789990675100
"""Harry @ Q4OMcL0rqd"" calls 36",2026-08-28T06:51:45.616Z,178789990561600
"""LingWae @ FQN9hzhzP_"" bets 36",2026-08-28T06:51:42.727Z,178789990272700
"""dick and balls @ gpP9uUffpu"" checks",2026-08-28T06:51:40.070Z,178789990007000
"""Harry = Fish @ kCN0-Qy2Mz"" checks",2026-08-28T06:51:39.142Z,178789989914200
"Flop:  [10♣, 2♥, 10♠]",2026-08-28T06:51:36.367Z,178789989636700
"""dick and balls @ gpP9uUffpu"" calls 36",2026-08-28T06:51:35.542Z,178789989554200
"""Harry = Fish @ kCN0-Qy2Mz"" calls 36",2026-08-28T06:51:34.609Z,178789989460900
"""Harry @ Q4OMcL0rqd"" calls 36",2026-08-28T06:51:33.064Z,178789989306400
"""LingWae @ FQN9hzhzP_"" raises to 36",2026-08-28T06:51:30.348Z,178789989034800
"""dick and balls @ gpP9uUffpu"" posts a big blind of 10",2026-08-28T06:51:25.550Z,178789988555007
"""Harry = Fish @ kCN0-Qy2Mz"" posts a small blind of 5",2026-08-28T06:51:25.550Z,178789988555006
"Player stacks: #2 ""Harry = Fish @ kCN0-Qy2Mz"" (454) | #5 ""dick and balls @ gpP9uUffpu"" (4307) | #8 ""LingWae @ FQN9hzhzP_"" (1595) | #10 ""Harry @ Q4OMcL0rqd"" (644)",2026-08-28T06:51:25.550Z,178789988555001
"-- starting hand #52 (id: 9mh4d2akej1o)  No Limit Texas Hold'em (dealer: ""Harry @ Q4OMcL0rqd"") --",2026-08-28T06:51:25.550Z,178789988555000
"""Harry = Fish @ kCN0-Qy2Mz"" shows a 5♠, 2♥.",2026-08-28T06:51:22.553Z,178789988255300
"""LingWae @ FQN9hzhzP_"" shows a J♦.",2026-08-28T06:51:21.939Z,178789988193900
"-- ending hand #51 --",2026-08-28T06:51:18.499Z,178789987849903
"""dick and balls @ gpP9uUffpu"" collected 170 from pot with A High (combination: 6♥, 10♠, Q♣, K♥, A♦)",2026-08-28T06:51:18.499Z,178789987849902
"""dick and balls @ gpP9uUffpu"" shows a K♥, 10♠.",2026-08-28T06:51:18.499Z,178789987849901
"""Harry @ Q4OMcL0rqd"" shows a 10♦, 7♠.",2026-08-28T06:51:18.499Z,178789987849900
"""dick and balls @ gpP9uUffpu"" checks",2026-08-28T06:51:17.682Z,178789987768200
"""Harry @ Q4OMcL0rqd"" checks",2026-08-28T06:51:15.672Z,178789987567200
"River: 5♦, A♦, Q♣, 6♥ [2♠]",2026-08-28T06:51:14.614Z,178789987461400
"""LingWae @ FQN9hzhzP_"" folds",2026-08-28T06:51:13.809Z,178789987380900
"""dick and balls @ gpP9uUffpu"" calls 20",2026-08-28T06:51:11.649Z,178789987164900
"""Harry @ Q4OMcL0rqd"" bets 20",2026-08-28T06:51:10.310Z,178789987031000
"Turn: 5♦, A♦, Q♣ [6♥]",2026-08-28T06:51:05.894Z,178789986589400
"""LingWae @ FQN9hzhzP_"" checks",2026-08-28T06:51:05.017Z,178789986501700
"""dick and balls @ gpP9uUffpu"" checks",2026-08-28T06:51:02.212Z,178789986221200
"""Harry @ Q4OMcL0rqd"" checks",2026-08-28T06:51:01.230Z,178789986123000
"Flop:  [5♦, A♦, Q♣]",2026-08-28T06:50:58.066Z,178789985806600
"""Harry = Fish @ kCN0-Qy2Mz"" folds",2026-08-28T06:50:57.152Z,178789985715200
"""Harry @ Q4OMcL0rqd"" calls 40",2026-08-28T06:50:56.224Z,178789985622400
"""LingWae @ FQN9hzhzP_"" calls 40",2026-08-28T06:50:53.704Z,178789985370400
"""dick and balls @ gpP9uUffpu"" raises to 40",2026-08-28T06:50:44.373Z,178789984437300
"""Harry = Fish @ kCN0-Qy2Mz"" posts a big blind of 10",2026-08-28T06:50:42.895Z,178789984289507
"""Harry @ Q4OMcL0rqd"" posts a small blind of 5",2026-08-28T06:50:42.895Z,178789984289506
"Your hand is K♥, 10♠",2026-08-28T06:50:42.895Z,178789984289503
"Player stacks: #2 ""Harry = Fish @ kCN0-Qy2Mz"" (464) | #5 ""dick and balls @ gpP9uUffpu"" (4197) | #8 ""LingWae @ FQN9hzhzP_"" (1635) | #10 ""Harry @ Q4OMcL0rqd"" (704)",2026-08-28T06:50:42.895Z,178789984289501
"-- starting hand #51 (id: b7tdutxfq0mb)  No Limit Texas Hold'em (dealer: ""LingWae @ FQN9hzhzP_"") --",2026-08-28T06:50:42.895Z,178789984289500
"""LingWae @ FQN9hzhzP_"" shows a K♦, Q♣.",2026-08-28T06:50:36.992Z,178789983699200
"Undealt cards: J♠, A♦, K♣ [K♠, 4♠]",2026-08-28T06:50:36.981Z,178789983698100
"-- ending hand #50 --",2026-08-28T06:50:36.251Z,178789983625102
"""LingWae @ FQN9hzhzP_"" collected 374 from pot",2026-08-28T06:50:36.251Z,178789983625101
"Uncalled bet of 187 returned to ""LingWae @ FQN9hzhzP_""",2026-08-28T06:50:36.251Z,178789983625100
"""Harry @ Q4OMcL0rqd"" folds",2026-08-28T06:50:35.432Z,178789983543200
"""LingWae @ FQN9hzhzP_"" bets 187",2026-08-28T06:50:34.481Z,178789983448100
"Flop:  [J♠, A♦, K♣]",2026-08-28T06:50:26.661Z,178789982666100
"""dick and balls @ gpP9uUffpu"" folds",2026-08-28T06:50:25.841Z,178789982584100
"""Harry @ Q4OMcL0rqd"" calls 167",2026-08-28T06:50:24.879Z,178789982487900
"""LingWae @ FQN9hzhzP_"" raises to 167",2026-08-28T06:50:17.878Z,178789981787800
"""dick and balls @ gpP9uUffpu"" raises to 40",2026-08-28T06:50:14.829Z,178789981482900
"""Harry = Fish @ kCN0-Qy2Mz"" folds",2026-08-28T06:50:11.993Z,178789981199300
"""Harry @ Q4OMcL0rqd"" posts a big blind of 10",2026-08-28T06:50:10.448Z,178789981044807
"""LingWae @ FQN9hzhzP_"" posts a small blind of 5",2026-08-28T06:50:10.448Z,178789981044806
"Player stacks: #2 ""Harry = Fish @ kCN0-Qy2Mz"" (464) | #5 ""dick and balls @ gpP9uUffpu"" (4237) | #8 ""LingWae @ FQN9hzhzP_"" (1428) | #10 ""Harry @ Q4OMcL0rqd"" (871)",2026-08-28T06:50:10.448Z,178789981044801
"-- starting hand #50 (id: u26mf6we6inq)  No Limit Texas Hold'em (dealer: ""dick and balls @ gpP9uUffpu"") --",2026-08-28T06:50:10.448Z,178789981044800
"""Harry @ Q4OMcL0rqd"" shows a 2♠.",2026-08-28T06:50:07.339Z,178789980733900
"""Harry = Fish @ kCN0-Qy2Mz"" shows a 5♥, 3♠.",2026-08-28T06:50:07.278Z,178789980727800
"""LingWae @ FQN9hzhzP_"" shows a 7♠.",2026-08-28T06:50:07.186Z,178789980718600
"-- ending hand #49 --",2026-08-28T06:50:05.444Z,178789980544402
"""dick and balls @ gpP9uUffpu"" collected 72 from pot",2026-08-28T06:50:05.444Z,178789980544401
"Uncalled bet of 182 returned to ""dick and balls @ gpP9uUffpu""",2026-08-28T06:50:05.444Z,178789980544400
"""LingWae @ FQN9hzhzP_"" folds",2026-08-28T06:50:04.613Z,178789980461300
"""dick and balls @ gpP9uUffpu"" bets 182",2026-08-28T06:50:03.520Z,178789980352000
"River: Q♦, Q♣, 3♥, A♠ [8♠]",2026-08-28T06:50:00.564Z,178789980056400
"""LingWae @ FQN9hzhzP_"" checks",2026-08-28T06:49:59.748Z,178789979974800
"""dick and balls @ gpP9uUffpu"" checks",2026-08-28T06:49:58.789Z,178789979878900
"Turn: Q♦, Q♣, 3♥ [A♠]",2026-08-28T06:49:57.933Z,178789979793300
"""LingWae @ FQN9hzhzP_"" checks",2026-08-28T06:49:57.115Z,178789979711500
"""dick and balls @ gpP9uUffpu"" checks",2026-08-28T06:49:56.114Z,178789979611400
"Flop:  [Q♦, Q♣, 3♥]",2026-08-28T06:49:54.678Z,178789979467800
"""dick and balls @ gpP9uUffpu"" calls 36",2026-08-28T06:49:53.864Z,178789979386400
"""LingWae @ FQN9hzhzP_"" raises to 36",2026-08-28T06:49:51.824Z,178789979182400
"""dick and balls @ gpP9uUffpu"" calls 10",2026-08-28T06:49:48.390Z,178789978839000
"""Harry = Fish @ kCN0-Qy2Mz"" folds",2026-08-28T06:49:45.686Z,178789978568600
"""Harry @ Q4OMcL0rqd"" folds",2026-08-28T06:49:44.110Z,178789978411000
"""LingWae @ FQN9hzhzP_"" posts a big blind of 10",2026-08-28T06:49:34.919Z,178789977491907
"""dick and balls @ gpP9uUffpu"" posts a small blind of 5",2026-08-28T06:49:34.919Z,178789977491906
"Player stacks: #2 ""Harry = Fish @ kCN0-Qy2Mz"" (464) | #5 ""dick and balls @ gpP9uUffpu"" (4201) | #8 ""LingWae @ FQN9hzhzP_"" (1464) | #10 ""Harry @ Q4OMcL0rqd"" (871)",2026-08-28T06:49:34.919Z,178789977491901
"-- starting hand #49 (id: rxfjqqj58w5f)  No Limit Texas Hold'em (dealer: ""Harry = Fish @ kCN0-Qy2Mz"") --",2026-08-28T06:49:34.919Z,178789977491900
"""dick and balls @ gpP9uUffpu"" shows a K♠.",2026-08-28T06:49:29.944Z,178789976994400
"Undealt cards: 4♣, 6♦, 10♥ [K♥, K♦]",2026-08-28T06:49:28.378Z,178789976837800
"""LingWae @ FQN9hzhzP_"" shows a 10♣.",2026-08-28T06:49:28.017Z,178789976801700
"""Harry = Fish @ kCN0-Qy2Mz"" shows a 2♥, 7♣.",2026-08-28T06:49:27.484Z,178789976748400
"-- ending hand #48 --",2026-08-28T06:49:26.914Z,178789976691402
"""dick and balls @ gpP9uUffpu"" collected 408 from pot",2026-08-28T06:49:26.914Z,178789976691401
"Uncalled bet of 125 returned to ""dick and balls @ gpP9uUffpu""",2026-08-28T06:49:26.914Z,178789976691400
"""Harry = Fish @ kCN0-Qy2Mz"" folds",2026-08-28T06:49:26.097Z,178789976609700
"""Harry @ Q4OMcL0rqd"" folds",2026-08-28T06:49:13.393Z,178789975339300
"""dick and balls @ gpP9uUffpu"" bets 125",2026-08-28T06:49:10.405Z,178789975040500
"""Harry = Fish @ kCN0-Qy2Mz"" checks",2026-08-28T06:49:04.036Z,178789974403600
"Flop:  [4♣, 6♦, 10♥]",2026-08-28T06:49:00.578Z,178789974057800
"""Harry @ Q4OMcL0rqd"" calls 124",2026-08-28T06:48:59.766Z,178789973976600
"""LingWae @ FQN9hzhzP_"" folds",2026-08-28T06:48:58.302Z,178789973830200
"""dick and balls @ gpP9uUffpu"" calls 124",2026-08-28T06:48:56.201Z,178789973620100
"""Harry = Fish @ kCN0-Qy2Mz"" raises to 124",2026-08-28T06:48:52.907Z,178789973290700
"""Harry @ Q4OMcL0rqd"" calls 36",2026-08-28T06:48:49.974Z,178789972997400
"""LingWae @ FQN9hzhzP_"" raises to 36",2026-08-28T06:48:47.678Z,178789972767800
"""dick and balls @ gpP9uUffpu"" posts a big blind of 10",2026-08-28T06:48:38.360Z,178789971836007
"""Harry = Fish @ kCN0-Qy2Mz"" posts a small blind of 5",2026-08-28T06:48:38.360Z,178789971836006
"Player stacks: #2 ""Harry = Fish @ kCN0-Qy2Mz"" (588) | #5 ""dick and balls @ gpP9uUffpu"" (3917) | #8 ""LingWae @ FQN9hzhzP_"" (1500) | #10 ""Harry @ Q4OMcL0rqd"" (995)",2026-08-28T06:48:38.360Z,178789971836001
"-- starting hand #48 (id: kpovc3ddszxz)  No Limit Texas Hold'em (dealer: ""Harry @ Q4OMcL0rqd"") --",2026-08-28T06:48:38.360Z,178789971836000
"""LingWae @ FQN9hzhzP_"" shows a Q♥.",2026-08-28T06:48:32.482Z,178789971248200
"Undealt cards: Q♣, A♣, Q♠, 7♣ [4♦]",2026-08-28T06:48:32.063Z,178789971206300
"-- ending hand #47 --",2026-08-28T06:48:31.747Z,178789971174702
"""LingWae @ FQN9hzhzP_"" collected 75 from pot",2026-08-28T06:48:31.747Z,178789971174701
"Uncalled bet of 36 returned to ""LingWae @ FQN9hzhzP_""",2026-08-28T06:48:31.747Z,178789971174700
"""dick and balls @ gpP9uUffpu"" folds",2026-08-28T06:48:30.918Z,178789971091800
"""LingWae @ FQN9hzhzP_"" bets 36",2026-08-28T06:48:29.946Z,178789970994600
"""dick and balls @ gpP9uUffpu"" checks",2026-08-28T06:48:26.624Z,178789970662400
"Turn: Q♣, A♣, Q♠ [7♣]",2026-08-28T06:48:25.615Z,178789970561500
"""LingWae @ FQN9hzhzP_"" checks",2026-08-28T06:48:24.791Z,178789970479100
"""dick and balls @ gpP9uUffpu"" checks",2026-08-28T06:48:18.470Z,178789969847000
"Flop:  [Q♣, A♣, Q♠]",2026-08-28T06:48:15.851Z,178789969585100
"""Harry = Fish @ kCN0-Qy2Mz"" folds",2026-08-28T06:48:15.028Z,178789969502800
"""Harry @ Q4OMcL0rqd"" folds",2026-08-28T06:48:14.067Z,178789969406700
"""LingWae @ FQN9hzhzP_"" calls 30",2026-08-28T06:48:10.571Z,178789969057100
"""dick and balls @ gpP9uUffpu"" raises to 30",2026-08-28T06:48:05.289Z,178789968528900
"""Harry = Fish @ kCN0-Qy2Mz"" posts a big blind of 10",2026-08-28T06:48:02.900Z,178789968290008
"""Harry @ Q4OMcL0rqd"" posts a small blind of 5",2026-08-28T06:48:02.900Z,178789968290007
"Player stacks: #2 ""Harry = Fish @ kCN0-Qy2Mz"" (598) | #5 ""dick and balls @ gpP9uUffpu"" (3947) | #8 ""LingWae @ FQN9hzhzP_"" (1455) | #10 ""Harry @ Q4OMcL0rqd"" (1000)",2026-08-28T06:48:02.900Z,178789968290002
"-- starting hand #47 (id: 3j1waxqdqfhi)  No Limit Texas Hold'em (dealer: ""LingWae @ FQN9hzhzP_"") --",2026-08-28T06:48:02.900Z,178789968290001
"The player ""Harry @ Q4OMcL0rqd"" rebought. New stack 1000.",2026-08-28T06:48:02.900Z,178789968290000
"Waiting for the game owner to approve or reject pending rebuy requests.",2026-08-28T06:48:01.310Z,178789968131001
"The player ""Harry @ Q4OMcL0rqd"" requested a rebuy of 1000.",2026-08-28T06:48:01.310Z,178789968131000
"Asking to busted players the rebuy decision.",2026-08-28T06:47:49.084Z,178789966908400
"-- ending hand #46 --",2026-08-28T06:47:43.067Z,178789966306701
"""dick and balls @ gpP9uUffpu"" collected 2472 from pot with Full House, 9's over J's (combination: J♥, J♠, 9♥, 9♠, 9♣)",2026-08-28T06:47:43.067Z,178789966306700
"River: 9♥, 9♠, 9♣, J♠ [6♠]",2026-08-28T06:47:39.062Z,178789965906200
"""Harry @ Q4OMcL0rqd"" shows a K♠, 8♥.",2026-08-28T06:47:35.026Z,178789965502600
"""dick and balls @ gpP9uUffpu"" shows a J♥, Q♠.",2026-08-28T06:47:34.666Z,178789965466600
"Some players choose to not run it twice.",2026-08-28T06:47:34.217Z,178789965421701
"""Harry @ Q4OMcL0rqd"" chooses to not run it twice.",2026-08-28T06:47:34.217Z,178789965421700
"""dick and balls @ gpP9uUffpu"" chooses to  run it twice.",2026-08-28T06:47:31.644Z,178789965164400
"Remaining players decide whether to run it twice.",2026-08-28T06:47:30.985Z,178789965098501
"""dick and balls @ gpP9uUffpu"" calls 1096",2026-08-28T06:47:30.985Z,178789965098500
"""Harry @ Q4OMcL0rqd"" raises to 1096 and go all in",2026-08-28T06:47:29.011Z,178789964901100
"""dick and balls @ gpP9uUffpu"" raises to 160",2026-08-28T06:47:26.625Z,178789964662500
"""Harry @ Q4OMcL0rqd"" bets 40",2026-08-28T06:47:23.258Z,178789964325800
"Turn: 9♥, 9♠, 9♣ [J♠]",2026-08-28T06:47:20.249Z,178789964024900
"""dick and balls @ gpP9uUffpu"" checks",2026-08-28T06:47:19.430Z,178789963943000
"""Harry @ Q4OMcL0rqd"" checks",2026-08-28T06:47:17.395Z,178789963739500
"Flop:  [9♥, 9♠, 9♣]",2026-08-28T06:47:15.539Z,178789963553900
"""LingWae @ FQN9hzhzP_"" folds",2026-08-28T06:47:14.704Z,178789963470400
"""dick and balls @ gpP9uUffpu"" calls 120",2026-08-28T06:47:10.982Z,178789963098200
"""Harry @ Q4OMcL0rqd"" raises to 120",2026-08-28T06:47:08.209Z,178789962820900
"""LingWae @ FQN9hzhzP_"" calls 40",2026-08-28T06:47:06.017Z,178789962601700
"""dick and balls @ gpP9uUffpu"" raises to 40",2026-08-28T06:46:58.060Z,178789961806000
"""Harry = Fish @ kCN0-Qy2Mz"" folds",2026-08-28T06:46:54.773Z,178789961477300
"""Harry @ Q4OMcL0rqd"" posts a big blind of 10",2026-08-28T06:46:50.797Z,178789961079707
"""LingWae @ FQN9hzhzP_"" posts a small blind of 5",2026-08-28T06:46:50.797Z,178789961079706
"Your hand is J♥, Q♠",2026-08-28T06:46:50.797Z,178789961079703
"Player stacks: #2 ""Harry = Fish @ kCN0-Qy2Mz"" (598) | #5 ""dick and balls @ gpP9uUffpu"" (2691) | #8 ""LingWae @ FQN9hzhzP_"" (1495) | #10 ""Harry @ Q4OMcL0rqd"" (1216)",2026-08-28T06:46:50.797Z,178789961079701
"-- starting hand #46 (id: df9hqkndch6f)  No Limit Texas Hold'em (dealer: ""dick and balls @ gpP9uUffpu"") --",2026-08-28T06:46:50.797Z,178789961079700
"Undealt cards: J♥, 6♦, 4♠, K♣ [6♣]",2026-08-28T06:46:46.888Z,178789960688800
"""LingWae @ FQN9hzhzP_"" shows a 9♠, J♣.",2026-08-28T06:46:46.355Z,178789960635500
"""Harry = Fish @ kCN0-Qy2Mz"" shows a A♣, J♦.",2026-08-28T06:46:44.213Z,178789960421300
"-- ending hand #45 --",2026-08-28T06:46:43.472Z,178789960347202
"""LingWae @ FQN9hzhzP_"" collected 914 from pot",2026-08-28T06:46:43.472Z,178789960347201
"Uncalled bet of 581 returned to ""LingWae @ FQN9hzhzP_""",2026-08-28T06:46:43.472Z,178789960347200
"""Harry = Fish @ kCN0-Qy2Mz"" folds",2026-08-28T06:46:42.635Z,178789960263500
"""LingWae @ FQN9hzhzP_"" bets 581 and go all in",2026-08-28T06:46:26.128Z,178789958612800
"Turn: J♥, 6♦, 4♠ [K♣]",2026-08-28T06:46:21.354Z,178789958135400
"""Harry = Fish @ kCN0-Qy2Mz"" calls 432",2026-08-28T06:46:20.451Z,178789958045100
"""LingWae @ FQN9hzhzP_"" raises to 432",2026-08-28T06:46:18.857Z,178789957885700
"""dick and balls @ gpP9uUffpu"" folds",2026-08-28T06:46:15.259Z,178789957525900
"""Harry = Fish @ kCN0-Qy2Mz"" raises to 158",2026-08-28T06:46:14.271Z,178789957427100
"""Harry @ Q4OMcL0rqd"" folds",2026-08-28T06:46:11.534Z,178789957153400
"""LingWae @ FQN9hzhzP_"" raises to 36",2026-08-28T06:46:10.390Z,178789957039000
"""dick and balls @ gpP9uUffpu"" bets 10",2026-08-28T06:46:07.955Z,178789956795500
"Flop:  [J♥, 6♦, 4♠]",2026-08-28T06:46:06.150Z,178789956615000
"""LingWae @ FQN9hzhzP_"" checks",2026-08-28T06:46:05.340Z,178789956534000
"""dick and balls @ gpP9uUffpu"" calls 10",2026-08-28T06:45:53.184Z,178789955318400
"""Harry = Fish @ kCN0-Qy2Mz"" calls 10",2026-08-28T06:45:51.737Z,178789955173700
"""Harry @ Q4OMcL0rqd"" calls 10",2026-08-28T06:45:48.418Z,178789954841800
"""LingWae @ FQN9hzhzP_"" posts a big blind of 10",2026-08-28T06:45:44.090Z,178789954409007
"""dick and balls @ gpP9uUffpu"" posts a small blind of 5",2026-08-28T06:45:44.090Z,178789954409006
"Player stacks: #2 ""Harry = Fish @ kCN0-Qy2Mz"" (1040) | #5 ""dick and balls @ gpP9uUffpu"" (2711) | #8 ""LingWae @ FQN9hzhzP_"" (1023) | #10 ""Harry @ Q4OMcL0rqd"" (1226)",2026-08-28T06:45:44.090Z,178789954409001
"-- starting hand #45 (id: rjtl7kxesoe0)  No Limit Texas Hold'em (dealer: ""Harry = Fish @ kCN0-Qy2Mz"") --",2026-08-28T06:45:44.090Z,178789954409000
"""LingWae @ FQN9hzhzP_"" shows a 3♣.",2026-08-28T06:45:41.561Z,178789954156100
"-- ending hand #44 --",2026-08-28T06:45:40.484Z,178789954048402
"""LingWae @ FQN9hzhzP_"" collected 381 from pot",2026-08-28T06:45:40.484Z,178789954048401
"Uncalled bet of 642 returned to ""LingWae @ FQN9hzhzP_""",2026-08-28T06:45:40.484Z,178789954048400
"""dick and balls @ gpP9uUffpu"" folds",2026-08-28T06:45:39.659Z,178789953965900
"""LingWae @ FQN9hzhzP_"" bets 642 and go all in",2026-08-28T06:45:17.607Z,178789951760700
"""dick and balls @ gpP9uUffpu"" checks",2026-08-28T06:45:15.600Z,178789951560000
"River: 6♦, J♣, 3♥, 3♦ [8♦]",2026-08-28T06:45:12.868Z,178789951286800
"""dick and balls @ gpP9uUffpu"" calls 67",2026-08-28T06:45:12.047Z,178789951204700
"""LingWae @ FQN9hzhzP_"" bets 67",2026-08-28T06:45:10.068Z,178789951006800
"""dick and balls @ gpP9uUffpu"" checks",2026-08-28T06:45:04.137Z,178789950413700
"Turn: 6♦, J♣, 3♥ [3♦]",2026-08-28T06:45:03.286Z,178789950328600
"""dick and balls @ gpP9uUffpu"" calls 67",2026-08-28T06:45:02.465Z,178789950246500
"""Harry @ Q4OMcL0rqd"" folds",2026-08-28T06:45:00.587Z,178789950058700
"""LingWae @ FQN9hzhzP_"" bets 67",2026-08-28T06:44:59.242Z,178789949924200
"""dick and balls @ gpP9uUffpu"" checks",2026-08-28T06:44:56.073Z,178789949607300
"Flop:  [6♦, J♣, 3♥]",2026-08-28T06:44:49.760Z,178789948976000
"""dick and balls @ gpP9uUffpu"" calls 36",2026-08-28T06:44:48.898Z,178789948889800
"""Harry = Fish @ kCN0-Qy2Mz"" folds",2026-08-28T06:44:47.976Z,178789948797600
"""Harry @ Q4OMcL0rqd"" calls 36",2026-08-28T06:44:46.512Z,178789948651200
"""LingWae @ FQN9hzhzP_"" raises to 36",2026-08-28T06:44:44.644Z,178789948464400
"""dick and balls @ gpP9uUffpu"" posts a big blind of 10",2026-08-28T06:44:39.842Z,178789947984207
"""Harry = Fish @ kCN0-Qy2Mz"" posts a small blind of 5",2026-08-28T06:44:39.842Z,178789947984206
"Player stacks: #2 ""Harry = Fish @ kCN0-Qy2Mz"" (1045) | #5 ""dick and balls @ gpP9uUffpu"" (2881) | #8 ""LingWae @ FQN9hzhzP_"" (812) | #10 ""Harry @ Q4OMcL0rqd"" (1262)",2026-08-28T06:44:39.842Z,178789947984201
"-- starting hand #44 (id: ydv7ftt3raif)  No Limit Texas Hold'em (dealer: ""Harry @ Q4OMcL0rqd"") --",2026-08-28T06:44:39.842Z,178789947984200
"-- ending hand #43 --",2026-08-28T06:44:33.837Z,178789947383702
"""dick and balls @ gpP9uUffpu"" collected 215 from pot with Flush, Q High (combination: 6♠, 9♠, 10♠, J♠, Q♠)",2026-08-28T06:44:33.837Z,178789947383701
"""dick and balls @ gpP9uUffpu"" shows a 5♥, 6♠.",2026-08-28T06:44:33.837Z,178789947383700
"""Harry = Fish @ kCN0-Qy2Mz"" calls 10",2026-08-28T06:44:32.997Z,178789947299700
"""dick and balls @ gpP9uUffpu"" bets 10",2026-08-28T06:44:31.122Z,178789947112200
"""Harry = Fish @ kCN0-Qy2Mz"" checks",2026-08-28T06:44:29.190Z,178789946919000
"River: 2♠, Q♠, 9♠, 10♠ [J♠]",2026-08-28T06:44:21.982Z,178789946198200
"""dick and balls @ gpP9uUffpu"" checks",2026-08-28T06:44:21.173Z,178789946117300
"""Harry = Fish @ kCN0-Qy2Mz"" checks",2026-08-28T06:44:20.235Z,178789946023500
"Turn: 2♠, Q♠, 9♠ [10♠]",2026-08-28T06:44:17.828Z,178789945782800
"""dick and balls @ gpP9uUffpu"" checks",2026-08-28T06:44:17.002Z,178789945700200
"""Harry = Fish @ kCN0-Qy2Mz"" checks",2026-08-28T06:44:16.077Z,178789945607700
"Flop:  [2♠, Q♠, 9♠]",2026-08-28T06:44:13.383Z,178789945338300
"""dick and balls @ gpP9uUffpu"" calls 95",2026-08-28T06:44:12.515Z,178789945251500
"""Harry = Fish @ kCN0-Qy2Mz"" raises to 95",2026-08-28T06:44:11.432Z,178789945143200
"""Harry @ Q4OMcL0rqd"" folds",2026-08-28T06:44:07.706Z,178789944770600
"""LingWae @ FQN9hzhzP_"" folds",2026-08-28T06:44:04.815Z,178789944481500
"""dick and balls @ gpP9uUffpu"" raises to 30",2026-08-28T06:44:02.606Z,178789944260600
"""Harry = Fish @ kCN0-Qy2Mz"" posts a big blind of 10",2026-08-28T06:44:00.768Z,178789944076807
"""Harry @ Q4OMcL0rqd"" posts a small blind of 5",2026-08-28T06:44:00.768Z,178789944076806
"Your hand is 5♥, 6♠",2026-08-28T06:44:00.768Z,178789944076803
"Player stacks: #2 ""Harry = Fish @ kCN0-Qy2Mz"" (1150) | #5 ""dick and balls @ gpP9uUffpu"" (2771) | #8 ""LingWae @ FQN9hzhzP_"" (812) | #10 ""Harry @ Q4OMcL0rqd"" (1267)",2026-08-28T06:44:00.768Z,178789944076801
"-- starting hand #43 (id: xof3pi5sph5a)  No Limit Texas Hold'em (dealer: ""LingWae @ FQN9hzhzP_"") --",2026-08-28T06:44:00.768Z,178789944076800
"""LingWae @ FQN9hzhzP_"" shows a A♦.",2026-08-28T06:43:56.006Z,178789943600600
"Undealt cards: 10♥, 3♥, 7♥, J♥ [7♣]",2026-08-28T06:43:55.912Z,178789943591200
"""Harry = Fish @ kCN0-Qy2Mz"" shows a 4♥.",2026-08-28T06:43:55.601Z,178789943560100
"-- ending hand #42 --",2026-08-28T06:43:53.366Z,178789943336602
"""Harry @ Q4OMcL0rqd"" collected 350 from pot",2026-08-28T06:43:53.366Z,178789943336601
"Uncalled bet of 44 returned to ""Harry @ Q4OMcL0rqd""",2026-08-28T06:43:53.366Z,178789943336600
"""LingWae @ FQN9hzhzP_"" folds",2026-08-28T06:43:52.506Z,178789943250600
"""Harry @ Q4OMcL0rqd"" raises to 80",2026-08-28T06:43:50.988Z,178789943098800
"""LingWae @ FQN9hzhzP_"" bets 36",2026-08-28T06:43:47.399Z,178789942739900
"Turn: 10♥, 3♥, 7♥ [J♥]",2026-08-28T06:43:40.556Z,178789942055600
"""Harry @ Q4OMcL0rqd"" calls 10",2026-08-28T06:43:39.653Z,178789941965300
"""LingWae @ FQN9hzhzP_"" bets 10",2026-08-28T06:43:38.458Z,178789941845800
"Flop:  [10♥, 3♥, 7♥]",2026-08-28T06:43:32.214Z,178789941221400
"""LingWae @ FQN9hzhzP_"" calls 124",2026-08-28T06:43:31.402Z,178789941140200
"""dick and balls @ gpP9uUffpu"" folds",2026-08-28T06:43:30.272Z,178789941027200
"""Harry @ Q4OMcL0rqd"" raises to 124",2026-08-28T06:43:29.356Z,178789940935600
"""LingWae @ FQN9hzhzP_"" raises to 67",2026-08-28T06:43:21.825Z,178789940182500
"""dick and balls @ gpP9uUffpu"" calls 10",2026-08-28T06:43:19.180Z,178789939918000
"""Harry = Fish @ kCN0-Qy2Mz"" folds",2026-08-28T06:43:18.057Z,178789939805700
"""Harry @ Q4OMcL0rqd"" posts a big blind of 10",2026-08-28T06:43:10.931Z,178789939093107
"""LingWae @ FQN9hzhzP_"" posts a small blind of 5",2026-08-28T06:43:10.931Z,178789939093106
"Player stacks: #2 ""Harry = Fish @ kCN0-Qy2Mz"" (1150) | #5 ""dick and balls @ gpP9uUffpu"" (2781) | #8 ""LingWae @ FQN9hzhzP_"" (982) | #10 ""Harry @ Q4OMcL0rqd"" (1087)",2026-08-28T06:43:10.931Z,178789939093101
"-- starting hand #42 (id: 3waochlayzlj)  No Limit Texas Hold'em (dealer: ""dick and balls @ gpP9uUffpu"") --",2026-08-28T06:43:10.931Z,178789939093100
"-- ending hand #41 --",2026-08-28T06:43:04.888Z,178789938488803
"""dick and balls @ gpP9uUffpu"" collected 500 from pot with Pair, K's (combination: 9♥, J♣, A♥, K♠, K♦)",2026-08-28T06:43:04.888Z,178789938488802
"""dick and balls @ gpP9uUffpu"" shows a 9♥, K♠.",2026-08-28T06:43:04.888Z,178789938488801
"""Harry @ Q4OMcL0rqd"" shows a 8♠, 3♥.",2026-08-28T06:43:04.888Z,178789938488800
"""dick and balls @ gpP9uUffpu"" calls 125",2026-08-28T06:43:04.051Z,178789938405100
"""Harry @ Q4OMcL0rqd"" bets 125",2026-08-28T06:43:03.106Z,178789938310600
"""dick and balls @ gpP9uUffpu"" checks",2026-08-28T06:43:00.428Z,178789938042800
"River: J♣, A♥, K♦, 7♥ [5♥]",2026-08-28T06:42:59.587Z,178789937958700
"""dick and balls @ gpP9uUffpu"" calls 50",2026-08-28T06:42:58.686Z,178789937868600
"""Harry @ Q4OMcL0rqd"" raises to 50",2026-08-28T06:42:57.682Z,178789937768200
"""dick and balls @ gpP9uUffpu"" bets 10",2026-08-28T06:42:55.292Z,178789937529200
"Turn: J♣, A♥, K♦ [7♥]",2026-08-28T06:42:54.395Z,178789937439500
"""Harry @ Q4OMcL0rqd"" checks",2026-08-28T06:42:53.547Z,178789937354700
"""dick and balls @ gpP9uUffpu"" checks",2026-08-28T06:42:52.475Z,178789937247500
"Flop:  [J♣, A♥, K♦]",2026-08-28T06:42:50.784Z,178789937078400
"""LingWae @ FQN9hzhzP_"" folds",2026-08-28T06:42:49.942Z,178789936994200
"""dick and balls @ gpP9uUffpu"" calls 70",2026-08-28T06:42:49.015Z,178789936901500
"""Harry = Fish @ kCN0-Qy2Mz"" folds",2026-08-28T06:42:47.921Z,178789936792100
"""Harry @ Q4OMcL0rqd"" raises to 70",2026-08-28T06:42:46.931Z,178789936693100
"""LingWae @ FQN9hzhzP_"" posts a big blind of 10",2026-08-28T06:42:41.051Z,178789936105107
"""dick and balls @ gpP9uUffpu"" posts a small blind of 5",2026-08-28T06:42:41.051Z,178789936105106
"Your hand is 9♥, K♠",2026-08-28T06:42:41.051Z,178789936105103
"Player stacks: #2 ""Harry = Fish @ kCN0-Qy2Mz"" (1150) | #5 ""dick and balls @ gpP9uUffpu"" (2526) | #8 ""LingWae @ FQN9hzhzP_"" (992) | #10 ""Harry @ Q4OMcL0rqd"" (1332)",2026-08-28T06:42:41.051Z,178789936105101
"-- starting hand #41 (id: onetltfnoezt)  No Limit Texas Hold'em (dealer: ""Harry = Fish @ kCN0-Qy2Mz"") --",2026-08-28T06:42:41.051Z,178789936105100
"""Harry @ Q4OMcL0rqd"" shows a 4♦.",2026-08-28T06:42:37.963Z,178789935796300
"""Harry = Fish @ kCN0-Qy2Mz"" shows a 8♠.",2026-08-28T06:42:37.225Z,178789935722500
"""LingWae @ FQN9hzhzP_"" shows a A♥.",2026-08-28T06:42:34.341Z,178789935434100
"Undealt cards: A♣, 8♣, J♠ [6♥, 10♠]",2026-08-28T06:42:33.299Z,178789935329900
"-- ending hand #40 --",2026-08-28T06:42:33.045Z,178789935304502
"""LingWae @ FQN9hzhzP_"" collected 139 from pot",2026-08-28T06:42:33.045Z,178789935304501
"Uncalled bet of 67 returned to ""LingWae @ FQN9hzhzP_""",2026-08-28T06:42:33.045Z,178789935304500
"""dick and balls @ gpP9uUffpu"" folds",2026-08-28T06:42:32.234Z,178789935223400
"""LingWae @ FQN9hzhzP_"" bets 67",2026-08-28T06:42:29.582Z,178789934958200
"""dick and balls @ gpP9uUffpu"" checks",2026-08-28T06:42:26.813Z,178789934681300
"Flop:  [A♣, 8♣, J♠]",2026-08-28T06:42:25.168Z,178789934516800
"""dick and balls @ gpP9uUffpu"" calls 67",2026-08-28T06:42:24.279Z,178789934427900
"""Harry = Fish @ kCN0-Qy2Mz"" folds",2026-08-28T06:42:23.238Z,178789934323800
"""Harry @ Q4OMcL0rqd"" folds",2026-08-28T06:42:22.336Z,178789934233600
"""LingWae @ FQN9hzhzP_"" raises to 67",2026-08-28T06:42:17.753Z,178789933775300
"""dick and balls @ gpP9uUffpu"" posts a big blind of 10",2026-08-28T06:42:13.148Z,178789933314807
"""Harry = Fish @ kCN0-Qy2Mz"" posts a small blind of 5",2026-08-28T06:42:13.148Z,178789933314806
"Player stacks: #2 ""Harry = Fish @ kCN0-Qy2Mz"" (1155) | #5 ""dick and balls @ gpP9uUffpu"" (2593) | #8 ""LingWae @ FQN9hzhzP_"" (920) | #10 ""Harry @ Q4OMcL0rqd"" (1332)",2026-08-28T06:42:13.148Z,178789933314801
"-- starting hand #40 (id: 69z5ktequrlb)  No Limit Texas Hold'em (dealer: ""Harry @ Q4OMcL0rqd"") --",2026-08-28T06:42:13.148Z,178789933314800
"""LingWae @ FQN9hzhzP_"" shows a Q♦, A♦.",2026-08-28T06:42:08.628Z,178789932862800
"Undealt cards: A♣, 2♣, 2♥ [8♣, J♠]",2026-08-28T06:42:06.833Z,178789932683300
"-- ending hand #39 --",2026-08-28T06:42:06.526Z,178789932652602
"""LingWae @ FQN9hzhzP_"" collected 509 from pot",2026-08-28T06:42:06.526Z,178789932652601
"Uncalled bet of 411 returned to ""LingWae @ FQN9hzhzP_""",2026-08-28T06:42:06.526Z,178789932652600
"""dick and balls @ gpP9uUffpu"" folds",2026-08-28T06:42:05.694Z,178789932569400
"""LingWae @ FQN9hzhzP_"" raises to 538 and go all in",2026-08-28T06:42:04.244Z,178789932424400
"""dick and balls @ gpP9uUffpu"" bets 127",2026-08-28T06:42:01.545Z,178789932154500
"Flop:  [A♣, 2♣, 2♥]",2026-08-28T06:41:57.965Z,178789931796500
"""dick and balls @ gpP9uUffpu"" calls 120",2026-08-28T06:41:57.141Z,178789931714100
"""Harry = Fish @ kCN0-Qy2Mz"" folds",2026-08-28T06:41:53.268Z,178789931326800
"""Harry @ Q4OMcL0rqd"" folds",2026-08-28T06:41:50.652Z,178789931065200
"""LingWae @ FQN9hzhzP_"" raises to 120",2026-08-28T06:41:48.780Z,178789930878000
"""dick and balls @ gpP9uUffpu"" raises to 30",2026-08-28T06:41:43.109Z,178789930310900
"""Harry = Fish @ kCN0-Qy2Mz"" posts a big blind of 10",2026-08-28T06:41:40.351Z,178789930035107
"""Harry @ Q4OMcL0rqd"" posts a small blind of 5",2026-08-28T06:41:40.351Z,178789930035106
"Player stacks: #2 ""Harry = Fish @ kCN0-Qy2Mz"" (1165) | #5 ""dick and balls @ gpP9uUffpu"" (2840) | #8 ""LingWae @ FQN9hzhzP_"" (658) | #10 ""Harry @ Q4OMcL0rqd"" (1337)",2026-08-28T06:41:40.351Z,178789930035101
"-- starting hand #39 (id: pwdz2sv6igm3)  No Limit Texas Hold'em (dealer: ""LingWae @ FQN9hzhzP_"") --",2026-08-28T06:41:40.351Z,178789930035100
"-- ending hand #38 --",2026-08-28T06:41:34.308Z,178789929430801
"""Harry = Fish @ kCN0-Qy2Mz"" collected 1165 from pot with Straight, 9 High (combination: 5♠, 6♠, 7♦, 8♠, 9♣)",2026-08-28T06:41:34.308Z,178789929430800
"River: 7♦, J♥, 6♠, 9♣ [5♠]",2026-08-28T06:41:30.258Z,178789929025800
"Turn: 7♦, J♥, 6♠ [9♣]",2026-08-28T06:41:26.188Z,178789928618800
"""LingWae @ FQN9hzhzP_"" shows a J♦, K♣.",2026-08-28T06:41:22.185Z,178789928218501
"""Harry = Fish @ kCN0-Qy2Mz"" shows a A♣, 8♠.",2026-08-28T06:41:22.185Z,178789928218500
"Some players choose to not run it twice.",2026-08-28T06:41:21.343Z,178789928134301
"""LingWae @ FQN9hzhzP_"" chooses to not run it twice.",2026-08-28T06:41:21.343Z,178789928134300
"Remaining players decide whether to run it twice.",2026-08-28T06:41:20.302Z,178789928030201
"""LingWae @ FQN9hzhzP_"" calls 393",2026-08-28T06:41:20.302Z,178789928030200
"""Harry = Fish @ kCN0-Qy2Mz"" raises to 393 and go all in",2026-08-28T06:41:18.905Z,178789927890500
"""LingWae @ FQN9hzhzP_"" bets 167",2026-08-28T06:41:09.478Z,178789926947800
"Flop:  [7♦, J♥, 6♠]",2026-08-28T06:41:02.829Z,178789926282900
"""dick and balls @ gpP9uUffpu"" folds",2026-08-28T06:41:02.013Z,178789926201300
"""Harry = Fish @ kCN0-Qy2Mz"" calls 167",2026-08-28T06:41:01.059Z,178789926105900
"""Harry @ Q4OMcL0rqd"" folds",2026-08-28T06:40:58.978Z,178789925897800
"""LingWae @ FQN9hzhzP_"" raises to 167",2026-08-28T06:40:56.154Z,178789925615400
"""dick and balls @ gpP9uUffpu"" calls 35",2026-08-28T06:40:52.479Z,178789925247900
"""Harry = Fish @ kCN0-Qy2Mz"" raises to 35",2026-08-28T06:40:51.230Z,178789925123000
"""Harry @ Q4OMcL0rqd"" posts a big blind of 10",2026-08-28T06:40:48.679Z,178789924867907
"""LingWae @ FQN9hzhzP_"" posts a small blind of 5",2026-08-28T06:40:48.679Z,178789924867906
"Player stacks: #2 ""Harry = Fish @ kCN0-Qy2Mz"" (560) | #5 ""dick and balls @ gpP9uUffpu"" (2875) | #8 ""LingWae @ FQN9hzhzP_"" (1218) | #10 ""Harry @ Q4OMcL0rqd"" (1347)",2026-08-28T06:40:48.679Z,178789924867901
"-- starting hand #38 (id: mpxw2doy6q41)  No Limit Texas Hold'em (dealer: ""dick and balls @ gpP9uUffpu"") --",2026-08-28T06:40:48.679Z,178789924867900
"""Harry @ Q4OMcL0rqd"" shows a 9♦.",2026-08-28T06:40:46.206Z,178789924620600
"""Harry = Fish @ kCN0-Qy2Mz"" shows a 4♥, 2♣.",2026-08-28T06:40:45.525Z,178789924552500
"""LingWae @ FQN9hzhzP_"" shows a Q♠, 6♥.",2026-08-28T06:40:45.268Z,178789924526800
"-- ending hand #37 --",2026-08-28T06:40:43.672Z,178789924367202
"""Harry @ Q4OMcL0rqd"" collected 180 from pot",2026-08-28T06:40:43.672Z,178789924367201
"Uncalled bet of 90 returned to ""Harry @ Q4OMcL0rqd""",2026-08-28T06:40:43.672Z,178789924367200
"""dick and balls @ gpP9uUffpu"" folds",2026-08-28T06:40:42.821Z,178789924282100
"""Harry @ Q4OMcL0rqd"" bets 90",2026-08-28T06:40:32.525Z,178789923252500
"""dick and balls @ gpP9uUffpu"" checks",2026-08-28T06:40:29.082Z,178789922908200
"River: K♣, 8♦, 2♥, 3♣ [8♠]",2026-08-28T06:40:27.146Z,178789922714600
"""LingWae @ FQN9hzhzP_"" folds",2026-08-28T06:40:26.271Z,178789922627100
"""dick and balls @ gpP9uUffpu"" calls 60",2026-08-28T06:40:24.868Z,178789922486800
"""Harry @ Q4OMcL0rqd"" bets 60",2026-08-28T06:40:23.358Z,178789922335800
"""LingWae @ FQN9hzhzP_"" checks",2026-08-28T06:40:21.122Z,178789922112200
"""dick and balls @ gpP9uUffpu"" checks",2026-08-28T06:40:18.689Z,178789921868900
"Turn: K♣, 8♦, 2♥ [3♣]",2026-08-28T06:40:17.737Z,178789921773700
"""dick and balls @ gpP9uUffpu"" calls 10",2026-08-28T06:40:16.838Z,178789921683800
"""Harry @ Q4OMcL0rqd"" calls 10",2026-08-28T06:40:15.893Z,178789921589300
"""LingWae @ FQN9hzhzP_"" bets 10",2026-08-28T06:40:09.835Z,178789920983500
"""dick and balls @ gpP9uUffpu"" checks",2026-08-28T06:40:07.728Z,178789920772800
"Flop:  [K♣, 8♦, 2♥]",2026-08-28T06:40:05.749Z,178789920574900
"""LingWae @ FQN9hzhzP_"" checks",2026-08-28T06:40:04.946Z,178789920494600
"""dick and balls @ gpP9uUffpu"" calls 10",2026-08-28T06:40:02.647Z,178789920264700
"""Harry = Fish @ kCN0-Qy2Mz"" folds",2026-08-28T06:40:01.648Z,178789920164800
"""Harry @ Q4OMcL0rqd"" calls 10",2026-08-28T06:39:59.829Z,178789919982900
"""LingWae @ FQN9hzhzP_"" posts a big blind of 10",2026-08-28T06:39:56.479Z,178789919647907
"""dick and balls @ gpP9uUffpu"" posts a small blind of 5",2026-08-28T06:39:56.479Z,178789919647906
"Player stacks: #2 ""Harry = Fish @ kCN0-Qy2Mz"" (560) | #5 ""dick and balls @ gpP9uUffpu"" (2955) | #8 ""LingWae @ FQN9hzhzP_"" (1238) | #10 ""Harry @ Q4OMcL0rqd"" (1247)",2026-08-28T06:39:56.479Z,178789919647901
"-- starting hand #37 (id: ejuuasz9fxyz)  No Limit Texas Hold'em (dealer: ""Harry = Fish @ kCN0-Qy2Mz"") --",2026-08-28T06:39:56.479Z,178789919647900
"""Harry = Fish @ kCN0-Qy2Mz"" shows a 5♥.",2026-08-28T06:39:52.522Z,178789919252200
"""LingWae @ FQN9hzhzP_"" shows a 2♠.",2026-08-28T06:39:52.416Z,178789919241600
"Undealt cards:  [10♥, J♠, 2♦, 5♠, 8♦]",2026-08-28T06:39:49.356Z,178789918935600
"-- ending hand #36 --",2026-08-28T06:39:49.132Z,178789918913202
"""Harry @ Q4OMcL0rqd"" collected 130 from pot",2026-08-28T06:39:49.132Z,178789918913201
"Uncalled bet of 80 returned to ""Harry @ Q4OMcL0rqd""",2026-08-28T06:39:49.132Z,178789918913200
"""LingWae @ FQN9hzhzP_"" folds",2026-08-28T06:39:48.302Z,178789918830200
"""dick and balls @ gpP9uUffpu"" folds",2026-08-28T06:39:46.046Z,178789918604600
"""Harry = Fish @ kCN0-Qy2Mz"" folds",2026-08-28T06:39:44.884Z,178789918488400
"""Harry @ Q4OMcL0rqd"" raises to 120",2026-08-28T06:39:43.207Z,178789918320700
"""LingWae @ FQN9hzhzP_"" calls 40",2026-08-28T06:39:40.236Z,178789918023600
"""dick and balls @ gpP9uUffpu"" raises to 40",2026-08-28T06:39:36.580Z,178789917658000
"""Harry = Fish @ kCN0-Qy2Mz"" calls 10",2026-08-28T06:39:34.835Z,178789917483500
"""Harry @ Q4OMcL0rqd"" calls 10",2026-08-28T06:39:31.544Z,178789917154400
"""LingWae @ FQN9hzhzP_"" calls 10",2026-08-28T06:39:29.158Z,178789916915800
"""dick and balls @ gpP9uUffpu"" posts a big blind of 10",2026-08-28T06:39:24.799Z,178789916479907
"""Harry = Fish @ kCN0-Qy2Mz"" posts a small blind of 5",2026-08-28T06:39:24.799Z,178789916479906
"Player stacks: #2 ""Harry = Fish @ kCN0-Qy2Mz"" (570) | #5 ""dick and balls @ gpP9uUffpu"" (2995) | #8 ""LingWae @ FQN9hzhzP_"" (1278) | #10 ""Harry @ Q4OMcL0rqd"" (1157)",2026-08-28T06:39:24.799Z,178789916479901
"-- starting hand #36 (id: jeodn6xg8gea)  No Limit Texas Hold'em (dealer: ""Harry @ Q4OMcL0rqd"") --",2026-08-28T06:39:24.799Z,178789916479900
"""dick and balls @ gpP9uUffpu"" collected 90 from the 7-2 bounty",2026-08-28T06:39:21.860Z,178789916186003
"""Harry @ Q4OMcL0rqd"" paid 30 for the 7-2 bounty to ""dick and balls @ gpP9uUffpu""",2026-08-28T06:39:21.860Z,178789916186002
"""Harry = Fish @ kCN0-Qy2Mz"" paid 30 for the 7-2 bounty to ""dick and balls @ gpP9uUffpu""",2026-08-28T06:39:21.860Z,178789916186001
"""LingWae @ FQN9hzhzP_"" paid 30 for the 7-2 bounty to ""dick and balls @ gpP9uUffpu""",2026-08-28T06:39:21.860Z,178789916186000
"""dick and balls @ gpP9uUffpu"" shows a 7♦, 2♥.",2026-08-28T06:39:16.447Z,178789915644700
"Undealt cards: K♣, 4♥, J♠ [7♣, 6♠]",2026-08-28T06:39:15.513Z,178789915551300
"-- ending hand #35 --",2026-08-28T06:39:15.254Z,178789915525402
"""dick and balls @ gpP9uUffpu"" collected 95 from pot",2026-08-28T06:39:15.254Z,178789915525401
"Uncalled bet of 40 returned to ""dick and balls @ gpP9uUffpu""",2026-08-28T06:39:15.254Z,178789915525400
"""LingWae @ FQN9hzhzP_"" folds",2026-08-28T06:39:14.450Z,178789915445000
"""dick and balls @ gpP9uUffpu"" bets 40",2026-08-28T06:39:12.676Z,178789915267600
"Flop:  [K♣, 4♥, J♠]",2026-08-28T06:39:10.513Z,178789915051300
"""Harry = Fish @ kCN0-Qy2Mz"" folds",2026-08-28T06:39:09.651Z,178789914965100
"""Harry @ Q4OMcL0rqd"" folds",2026-08-28T06:39:07.645Z,178789914764500
"""LingWae @ FQN9hzhzP_"" calls 40",2026-08-28T06:39:04.898Z,178789914489800
"""dick and balls @ gpP9uUffpu"" raises to 40",2026-08-28T06:39:03.051Z,178789914305100
"""Harry = Fish @ kCN0-Qy2Mz"" posts a big blind of 10",2026-08-28T06:38:59.251Z,178789913925107
"""Harry @ Q4OMcL0rqd"" posts a small blind of 5",2026-08-28T06:38:59.251Z,178789913925106
"Your hand is 7♦, 2♥",2026-08-28T06:38:59.251Z,178789913925103
"Player stacks: #2 ""Harry = Fish @ kCN0-Qy2Mz"" (610) | #5 ""dick and balls @ gpP9uUffpu"" (2850) | #8 ""LingWae @ FQN9hzhzP_"" (1348) | #10 ""Harry @ Q4OMcL0rqd"" (1192)",2026-08-28T06:38:59.251Z,178789913925101
"-- starting hand #35 (id: e1u7zgor5upv)  No Limit Texas Hold'em (dealer: ""LingWae @ FQN9hzhzP_"") --",2026-08-28T06:38:59.251Z,178789913925100
"""Harry = Fish @ kCN0-Qy2Mz"" shows a 3♣.",2026-08-28T06:38:57.658Z,178789913765800
"""LingWae @ FQN9hzhzP_"" shows a 2♣, J♠.",2026-08-28T06:38:54.233Z,178789913423300
"-- ending hand #34 --",2026-08-28T06:38:52.245Z,178789913224501
"""Harry @ Q4OMcL0rqd"" collected 1192 from pot with Two Pair, A's & 9's (combination: K♦, 9♦, 9♣, A♠, A♦)",2026-08-28T06:38:52.245Z,178789913224500
"River: K♦, 3♠, 9♦, A♦ [9♣]",2026-08-28T06:38:48.169Z,178789912816900
"Turn: K♦, 3♠, 9♦ [A♦]",2026-08-28T06:38:44.124Z,178789912412400
"Flop:  [K♦, 3♠, 9♦]",2026-08-28T06:38:40.120Z,178789912012000
"""Harry @ Q4OMcL0rqd"" shows a A♠, Q♠.",2026-08-28T06:38:36.082Z,178789911608200
"""dick and balls @ gpP9uUffpu"" shows a J♥, 10♥.",2026-08-28T06:38:35.700Z,178789911570000
"Some players choose to not run it twice.",2026-08-28T06:38:35.248Z,178789911524801
"""Harry @ Q4OMcL0rqd"" chooses to not run it twice.",2026-08-28T06:38:35.248Z,178789911524800
"""dick and balls @ gpP9uUffpu"" chooses to  run it twice.",2026-08-28T06:38:34.155Z,178789911415500
"Remaining players decide whether to run it twice.",2026-08-28T06:38:33.465Z,178789911346501
"""dick and balls @ gpP9uUffpu"" calls 571",2026-08-28T06:38:33.465Z,178789911346500
"""Harry @ Q4OMcL0rqd"" raises to 571 and go all in",2026-08-28T06:38:32.560Z,178789911256000
"""LingWae @ FQN9hzhzP_"" folds",2026-08-28T06:38:29.757Z,178789910975700
"""dick and balls @ gpP9uUffpu"" raises to 265",2026-08-28T06:38:28.472Z,178789910847200
"""Harry = Fish @ kCN0-Qy2Mz"" folds",2026-08-28T06:38:23.886Z,178789910388600
"""Harry @ Q4OMcL0rqd"" raises to 120",2026-08-28T06:38:22.471Z,178789910247100
"""LingWae @ FQN9hzhzP_"" calls 40",2026-08-28T06:38:19.950Z,178789909995000
"""dick and balls @ gpP9uUffpu"" raises to 40",2026-08-28T06:38:11.344Z,178789909134400
"""Harry = Fish @ kCN0-Qy2Mz"" calls 10",2026-08-28T06:38:07.580Z,178789908758000
"""Harry @ Q4OMcL0rqd"" posts a big blind of 10",2026-08-28T06:38:02.860Z,178789908286007
"""LingWae @ FQN9hzhzP_"" posts a small blind of 5",2026-08-28T06:38:02.860Z,178789908286006
"Your hand is J♥, 10♥",2026-08-28T06:38:02.860Z,178789908286003
"Player stacks: #2 ""Harry = Fish @ kCN0-Qy2Mz"" (620) | #5 ""dick and balls @ gpP9uUffpu"" (3421) | #8 ""LingWae @ FQN9hzhzP_"" (1388) | #10 ""Harry @ Q4OMcL0rqd"" (571)",2026-08-28T06:38:02.860Z,178789908286001
"-- starting hand #34 (id: wblwkdmull0f)  No Limit Texas Hold'em (dealer: ""dick and balls @ gpP9uUffpu"") --",2026-08-28T06:38:02.860Z,178789908286000
"""LingWae @ FQN9hzhzP_"" shows a J♣.",2026-08-28T06:37:59.907Z,178789907990700
"-- ending hand #33 --",2026-08-28T06:37:59.186Z,178789907918602
"""dick and balls @ gpP9uUffpu"" collected 216 from pot",2026-08-28T06:37:59.186Z,178789907918601
"Uncalled bet of 162 returned to ""dick and balls @ gpP9uUffpu""",2026-08-28T06:37:59.186Z,178789907918600
"""LingWae @ FQN9hzhzP_"" folds",2026-08-28T06:37:58.334Z,178789907833400
"""dick and balls @ gpP9uUffpu"" bets 162",2026-08-28T06:37:57.183Z,178789907718300
"River: 8♥, 10♥, 4♠, 7♦ [8♣]",2026-08-28T06:37:55.087Z,178789907508700
"""LingWae @ FQN9hzhzP_"" checks",2026-08-28T06:37:54.285Z,178789907428500
"""dick and balls @ gpP9uUffpu"" checks",2026-08-28T06:37:52.141Z,178789907214100
"Turn: 8♥, 10♥, 4♠ [7♦]",2026-08-28T06:37:51.447Z,178789907144700
"""dick and balls @ gpP9uUffpu"" calls 36",2026-08-28T06:37:50.603Z,178789907060300
"""LingWae @ FQN9hzhzP_"" bets 36",2026-08-28T06:37:49.273Z,178789906927300
"""dick and balls @ gpP9uUffpu"" checks",2026-08-28T06:37:45.923Z,178789906592300
"Flop:  [8♥, 10♥, 4♠]",2026-08-28T06:37:44.276Z,178789906427600
"""dick and balls @ gpP9uUffpu"" calls 67",2026-08-28T06:37:43.462Z,178789906346200
"""Harry @ Q4OMcL0rqd"" folds",2026-08-28T06:37:42.511Z,178789906251100
"""LingWae @ FQN9hzhzP_"" raises to 67",2026-08-28T06:37:40.886Z,178789906088600
"""dick and balls @ gpP9uUffpu"" calls 10",2026-08-28T06:37:36.552Z,178789905655200
"""Harry = Fish @ kCN0-Qy2Mz"" folds",2026-08-28T06:37:35.640Z,178789905564000
"""Harry @ Q4OMcL0rqd"" calls 10",2026-08-28T06:37:31.709Z,178789905170900
"""LingWae @ FQN9hzhzP_"" posts a big blind of 10",2026-08-28T06:37:29.106Z,178789904910607
"""dick and balls @ gpP9uUffpu"" posts a small blind of 5",2026-08-28T06:37:29.106Z,178789904910606
"Player stacks: #2 ""Harry = Fish @ kCN0-Qy2Mz"" (620) | #5 ""dick and balls @ gpP9uUffpu"" (3308) | #8 ""LingWae @ FQN9hzhzP_"" (1491) | #10 ""Harry @ Q4OMcL0rqd"" (581)",2026-08-28T06:37:29.106Z,178789904910601
"-- starting hand #33 (id: qilbyzmf23av)  No Limit Texas Hold'em (dealer: ""Harry = Fish @ kCN0-Qy2Mz"") --",2026-08-28T06:37:29.106Z,178789904910600
"""LingWae @ FQN9hzhzP_"" shows a 4♠, Q♦.",2026-08-28T06:37:24.828Z,178789904482800
"-- ending hand #32 --",2026-08-28T06:37:22.594Z,178789904259402
"""Harry = Fish @ kCN0-Qy2Mz"" collected 120 from pot with A High (combination: 8♦, J♣, Q♠, K♣, A♥)",2026-08-28T06:37:22.594Z,178789904259401
"""Harry = Fish @ kCN0-Qy2Mz"" shows a Q♠, K♣.",2026-08-28T06:37:22.594Z,178789904259400
"""LingWae @ FQN9hzhzP_"" checks",2026-08-28T06:37:21.721Z,178789904172100
"""Harry = Fish @ kCN0-Qy2Mz"" checks",2026-08-28T06:37:20.666Z,178789904066600
"River: A♥, 2♣, 6♦, 8♦ [J♣]",2026-08-28T06:37:17.101Z,178789903710100
"""LingWae @ FQN9hzhzP_"" checks",2026-08-28T06:37:16.260Z,178789903626000
"""Harry = Fish @ kCN0-Qy2Mz"" checks",2026-08-28T06:37:14.701Z,178789903470100
"Turn: A♥, 2♣, 6♦ [8♦]",2026-08-28T06:37:10.101Z,178789903010100
"""LingWae @ FQN9hzhzP_"" checks",2026-08-28T06:37:09.293Z,178789902929300
"""Harry = Fish @ kCN0-Qy2Mz"" checks",2026-08-28T06:37:08.332Z,178789902833200
"Flop:  [A♥, 2♣, 6♦]",2026-08-28T06:36:58.954Z,178789901895400
"""Harry @ Q4OMcL0rqd"" folds",2026-08-28T06:36:58.068Z,178789901806800
"""LingWae @ FQN9hzhzP_"" calls 50",2026-08-28T06:36:55.325Z,178789901532500
"""dick and balls @ gpP9uUffpu"" folds",2026-08-28T06:36:53.033Z,178789901303300
"""Harry = Fish @ kCN0-Qy2Mz"" raises to 50",2026-08-28T06:36:51.228Z,178789901122800
"""Harry @ Q4OMcL0rqd"" calls 10",2026-08-28T06:36:47.870Z,178789900787000
"""LingWae @ FQN9hzhzP_"" calls 10",2026-08-28T06:36:46.418Z,178789900641800
"""dick and balls @ gpP9uUffpu"" posts a big blind of 10",2026-08-28T06:36:35.964Z,178789899596407
"""Harry = Fish @ kCN0-Qy2Mz"" posts a small blind of 5",2026-08-28T06:36:35.964Z,178789899596406
"Player stacks: #2 ""Harry = Fish @ kCN0-Qy2Mz"" (550) | #5 ""dick and balls @ gpP9uUffpu"" (3318) | #8 ""LingWae @ FQN9hzhzP_"" (1541) | #10 ""Harry @ Q4OMcL0rqd"" (591)",2026-08-28T06:36:35.964Z,178789899596401
"-- starting hand #32 (id: sp1ayng9nyw4)  No Limit Texas Hold'em (dealer: ""Harry @ Q4OMcL0rqd"") --",2026-08-28T06:36:35.964Z,178789899596400
"""LingWae @ FQN9hzhzP_"" shows a 8♦, 8♠.",2026-08-28T06:36:31.816Z,178789899181600
"-- ending hand #31 --",2026-08-28T06:36:29.451Z,178789898945104
"""dick and balls @ gpP9uUffpu"" collected 203 from pot with Pair, A's (combination: 9♣, J♠, K♣, A♥, A♦)",2026-08-28T06:36:29.451Z,178789898945103
"""Harry = Fish @ kCN0-Qy2Mz"" collected 204 from pot with Pair, A's (combination: 9♣, J♠, K♣, A♣, A♦)",2026-08-28T06:36:29.451Z,178789898945102
"""dick and balls @ gpP9uUffpu"" shows a A♥, 6♥.",2026-08-28T06:36:29.451Z,178789898945101
"""Harry = Fish @ kCN0-Qy2Mz"" shows a A♣, 5♣.",2026-08-28T06:36:29.451Z,178789898945100
"""LingWae @ FQN9hzhzP_"" checks",2026-08-28T06:36:28.610Z,178789898861000
"""dick and balls @ gpP9uUffpu"" checks",2026-08-28T06:36:27.653Z,178789898765300
"""Harry = Fish @ kCN0-Qy2Mz"" checks",2026-08-28T06:36:25.032Z,178789898503200
"River: A♦, 9♣, 2♦, J♠ [K♣]",2026-08-28T06:36:22.226Z,178789898222600
"""LingWae @ FQN9hzhzP_"" checks",2026-08-28T06:36:21.411Z,178789898141100
"""dick and balls @ gpP9uUffpu"" checks",2026-08-28T06:36:20.417Z,178789898041700
"""Harry = Fish @ kCN0-Qy2Mz"" checks",2026-08-28T06:36:19.328Z,178789897932800
"Turn: A♦, 9♣, 2♦ [J♠]",2026-08-28T06:36:16.424Z,178789897642400
"""dick and balls @ gpP9uUffpu"" calls 67",2026-08-28T06:36:15.588Z,178789897558800
"""Harry = Fish @ kCN0-Qy2Mz"" calls 67",2026-08-28T06:36:14.469Z,178789897446900
"""LingWae @ FQN9hzhzP_"" bets 67",2026-08-28T06:36:11.080Z,178789897108000
"""dick and balls @ gpP9uUffpu"" checks",2026-08-28T06:36:08.324Z,178789896832400
"""Harry = Fish @ kCN0-Qy2Mz"" checks",2026-08-28T06:36:07.404Z,178789896740400
"Flop:  [A♦, 9♣, 2♦]",2026-08-28T06:36:00.262Z,178789896026200
"""dick and balls @ gpP9uUffpu"" calls 67",2026-08-28T06:35:59.393Z,178789895939300
"""Harry = Fish @ kCN0-Qy2Mz"" calls 67",2026-08-28T06:35:58.128Z,178789895812800
"""Harry @ Q4OMcL0rqd"" folds",2026-08-28T06:35:41.368Z,178789894136800
"""LingWae @ FQN9hzhzP_"" raises to 67",2026-08-28T06:35:39.488Z,178789893948800
"""dick and balls @ gpP9uUffpu"" raises to 30",2026-08-28T06:35:29.427Z,178789892942700
"""Harry = Fish @ kCN0-Qy2Mz"" posts a big blind of 10",2026-08-28T06:35:28.051Z,178789892805107
"""Harry @ Q4OMcL0rqd"" posts a small blind of 5",2026-08-28T06:35:28.051Z,178789892805106
"Your hand is A♥, 6♥",2026-08-28T06:35:28.051Z,178789892805103
"Player stacks: #2 ""Harry = Fish @ kCN0-Qy2Mz"" (480) | #5 ""dick and balls @ gpP9uUffpu"" (3249) | #8 ""LingWae @ FQN9hzhzP_"" (1675) | #10 ""Harry @ Q4OMcL0rqd"" (596)",2026-08-28T06:35:28.051Z,178789892805101
"-- starting hand #31 (id: usuhgyog6sk5)  No Limit Texas Hold'em (dealer: ""LingWae @ FQN9hzhzP_"") --",2026-08-28T06:35:28.051Z,178789892805100
"""Harry = Fish @ kCN0-Qy2Mz"" shows a Q♣, 8♦.",2026-08-28T06:35:23.251Z,178789892325100
"Undealt cards: 8♥, Q♦, 9♣, J♦ [9♠]",2026-08-28T06:35:22.218Z,178789892221800
"""dick and balls @ gpP9uUffpu"" shows a 10♦, 10♠.",2026-08-28T06:35:21.284Z,178789892128400
"-- ending hand #30 --",2026-08-28T06:35:20.731Z,178789892073101
"""dick and balls @ gpP9uUffpu"" collected 285 from pot",2026-08-28T06:35:20.731Z,178789892073100
"""LingWae @ FQN9hzhzP_"" folds",2026-08-28T06:35:19.913Z,178789891991300
"Turn: 8♥, Q♦, 9♣ [J♦]",2026-08-28T06:35:17.622Z,178789891762200
"""dick and balls @ gpP9uUffpu"" checks",2026-08-28T06:35:16.812Z,178789891681200
"""LingWae @ FQN9hzhzP_"" checks",2026-08-28T06:35:15.649Z,178789891564900
"Flop:  [8♥, Q♦, 9♣]",2026-08-28T06:35:13.022Z,178789891302200
"""Harry = Fish @ kCN0-Qy2Mz"" folds",2026-08-28T06:35:12.166Z,178789891216600
"""Harry @ Q4OMcL0rqd"" folds",2026-08-28T06:35:08.393Z,178789890839300
"""LingWae @ FQN9hzhzP_"" calls 120",2026-08-28T06:35:07.161Z,178789890716100
"""dick and balls @ gpP9uUffpu"" raises to 120",2026-08-28T06:34:54.650Z,178789889465000
"""Harry = Fish @ kCN0-Qy2Mz"" raises to 35",2026-08-28T06:34:51.100Z,178789889110000
"""Harry @ Q4OMcL0rqd"" posts a big blind of 10",2026-08-28T06:34:45.081Z,178789888508107
"""LingWae @ FQN9hzhzP_"" posts a small blind of 5",2026-08-28T06:34:45.081Z,178789888508106
"Your hand is 10♦, 10♠",2026-08-28T06:34:45.081Z,178789888508103
"Player stacks: #2 ""Harry = Fish @ kCN0-Qy2Mz"" (515) | #5 ""dick and balls @ gpP9uUffpu"" (3084) | #8 ""LingWae @ FQN9hzhzP_"" (1795) | #10 ""Harry @ Q4OMcL0rqd"" (606)",2026-08-28T06:34:45.081Z,178789888508101
"-- starting hand #30 (id: rymfxk4pjzbg)  No Limit Texas Hold'em (dealer: ""dick and balls @ gpP9uUffpu"") --",2026-08-28T06:34:45.081Z,178789888508100
"""LingWae @ FQN9hzhzP_"" shows a 4♣, 7♥.",2026-08-28T06:34:40.272Z,178789888027200
"Undealt cards: 3♣, 9♥, 6♦ [3♠, K♣]",2026-08-28T06:34:39.326Z,178789887932600
"-- ending hand #29 --",2026-08-28T06:34:38.463Z,178789887846302
"""dick and balls @ gpP9uUffpu"" collected 624 from pot",2026-08-28T06:34:38.463Z,178789887846301
"Uncalled bet of 624 returned to ""dick and balls @ gpP9uUffpu""",2026-08-28T06:34:38.463Z,178789887846300
"""Harry = Fish @ kCN0-Qy2Mz"" folds",2026-08-28T06:34:37.618Z,178789887761800
"""Harry @ Q4OMcL0rqd"" folds",2026-08-28T06:34:28.485Z,178789886848500
"""LingWae @ FQN9hzhzP_"" folds",2026-08-28T06:34:27.196Z,178789886719600
"""dick and balls @ gpP9uUffpu"" raises to 660",2026-08-28T06:34:19.850Z,178789885985000
"""Harry = Fish @ kCN0-Qy2Mz"" calls 36",2026-08-28T06:34:17.952Z,178789885795200
"""Harry @ Q4OMcL0rqd"" calls 36",2026-08-28T06:34:16.525Z,178789885652500
"""LingWae @ FQN9hzhzP_"" bets 36",2026-08-28T06:34:14.930Z,178789885493000
"""dick and balls @ gpP9uUffpu"" checks",2026-08-28T06:34:08.467Z,178789884846700
"Flop:  [3♣, 9♥, 6♦]",2026-08-28T06:34:05.766Z,178789884576600
"""LingWae @ FQN9hzhzP_"" calls 120",2026-08-28T06:34:04.892Z,178789884489200
"""dick and balls @ gpP9uUffpu"" calls 120",2026-08-28T06:34:03.234Z,178789884323400
"""Harry = Fish @ kCN0-Qy2Mz"" calls 120",2026-08-28T06:34:02.096Z,178789884209600
"""Harry @ Q4OMcL0rqd"" raises to 120",2026-08-28T06:33:59.801Z,178789883980100
"""LingWae @ FQN9hzhzP_"" calls 45",2026-08-28T06:33:56.767Z,178789883676700
"""dick and balls @ gpP9uUffpu"" calls 45",2026-08-28T06:33:54.542Z,178789883454200
"""Harry = Fish @ kCN0-Qy2Mz"" raises to 45",2026-08-28T06:33:52.866Z,178789883286600
"""Harry @ Q4OMcL0rqd"" calls 10",2026-08-28T06:33:50.583Z,178789883058300
"""LingWae @ FQN9hzhzP_"" posts a big blind of 10",2026-08-28T06:33:47.599Z,178789882759907
"""dick and balls @ gpP9uUffpu"" posts a small blind of 5",2026-08-28T06:33:47.599Z,178789882759906
"Player stacks: #2 ""Harry = Fish @ kCN0-Qy2Mz"" (671) | #5 ""dick and balls @ gpP9uUffpu"" (2616) | #8 ""LingWae @ FQN9hzhzP_"" (1951) | #10 ""Harry @ Q4OMcL0rqd"" (762)",2026-08-28T06:33:47.599Z,178789882759901
"-- starting hand #29 (id: no3fnckctmae)  No Limit Texas Hold'em (dealer: ""Harry = Fish @ kCN0-Qy2Mz"") --",2026-08-28T06:33:47.599Z,178789882759900
"""LingWae @ FQN9hzhzP_"" shows a 9♠.",2026-08-28T06:33:44.058Z,178789882405800
"""Harry = Fish @ kCN0-Qy2Mz"" shows a 4♥, 5♣.",2026-08-28T06:33:43.990Z,178789882399000
"-- ending hand #28 --",2026-08-28T06:33:43.289Z,178789882328902
"""dick and balls @ gpP9uUffpu"" collected 243 from pot",2026-08-28T06:33:43.289Z,178789882328901
"Uncalled bet of 243 returned to ""dick and balls @ gpP9uUffpu""",2026-08-28T06:33:43.289Z,178789882328900
"""LingWae @ FQN9hzhzP_"" folds",2026-08-28T06:33:42.453Z,178789882245300
"""dick and balls @ gpP9uUffpu"" bets 243",2026-08-28T06:33:39.955Z,178789881995500
"River: 6♣, 2♣, 8♠, 10♠ [5♥]",2026-08-28T06:33:36.587Z,178789881658700
"""LingWae @ FQN9hzhzP_"" checks",2026-08-28T06:33:35.776Z,178789881577600
"""dick and balls @ gpP9uUffpu"" checks",2026-08-28T06:33:34.475Z,178789881447500
"Turn: 6♣, 2♣, 8♠ [10♠]",2026-08-28T06:33:32.552Z,178789881255200
"""Harry @ Q4OMcL0rqd"" folds",2026-08-28T06:33:31.716Z,178789881171600
"""LingWae @ FQN9hzhzP_"" calls 60",2026-08-28T06:33:28.743Z,178789880874300
"""dick and balls @ gpP9uUffpu"" raises to 60",2026-08-28T06:33:26.119Z,178789880611900
"""Harry @ Q4OMcL0rqd"" calls 10",2026-08-28T06:33:20.450Z,178789880045000
"""LingWae @ FQN9hzhzP_"" bets 10",2026-08-28T06:33:19.209Z,178789879920900
"""dick and balls @ gpP9uUffpu"" checks",2026-08-28T06:33:17.590Z,178789879759000
"Flop:  [6♣, 2♣, 8♠]",2026-08-28T06:33:15.071Z,178789879507100
"""dick and balls @ gpP9uUffpu"" calls 36",2026-08-28T06:33:14.221Z,178789879422100
"""Harry = Fish @ kCN0-Qy2Mz"" folds",2026-08-28T06:33:13.273Z,178789879327300
"""Harry @ Q4OMcL0rqd"" calls 36",2026-08-28T06:33:11.445Z,178789879144500
"""LingWae @ FQN9hzhzP_"" raises to 36",2026-08-28T06:33:09.913Z,178789878991300
"""dick and balls @ gpP9uUffpu"" posts a big blind of 10",2026-08-28T06:33:04.066Z,178789878406607
"""Harry = Fish @ kCN0-Qy2Mz"" posts a small blind of 5",2026-08-28T06:33:04.066Z,178789878406606
"Player stacks: #2 ""Harry = Fish @ kCN0-Qy2Mz"" (676) | #5 ""dick and balls @ gpP9uUffpu"" (2469) | #8 ""LingWae @ FQN9hzhzP_"" (2047) | #10 ""Harry @ Q4OMcL0rqd"" (808)",2026-08-28T06:33:04.066Z,178789878406601
"-- starting hand #28 (id: 01df0peom0gb)  No Limit Texas Hold'em (dealer: ""Harry @ Q4OMcL0rqd"") --",2026-08-28T06:33:04.066Z,178789878406600
"Undealt cards: 7♦, K♦, 2♠, 2♣ [9♣]",2026-08-28T06:32:59.633Z,178789877963300
"-- ending hand #27 --",2026-08-28T06:32:58.134Z,178789877813402
"""dick and balls @ gpP9uUffpu"" collected 239 from pot",2026-08-28T06:32:58.134Z,178789877813401
"Uncalled bet of 722 returned to ""dick and balls @ gpP9uUffpu""",2026-08-28T06:32:58.134Z,178789877813400
"""Harry = Fish @ kCN0-Qy2Mz"" folds",2026-08-28T06:32:57.319Z,178789877731900
"""dick and balls @ gpP9uUffpu"" bets 722",2026-08-28T06:32:54.919Z,178789877491900
"""Harry = Fish @ kCN0-Qy2Mz"" checks",2026-08-28T06:32:51.870Z,178789877187000
"Turn: 7♦, K♦, 2♠ [2♣]",2026-08-28T06:32:49.250Z,178789876925000
"""Harry = Fish @ kCN0-Qy2Mz"" calls 72",2026-08-28T06:32:48.436Z,178789876843600
"""LingWae @ FQN9hzhzP_"" folds",2026-08-28T06:32:46.538Z,178789876653800
"""dick and balls @ gpP9uUffpu"" bets 72",2026-08-28T06:32:45.608Z,178789876560800
"""Harry = Fish @ kCN0-Qy2Mz"" checks",2026-08-28T06:32:40.668Z,178789876066800
"Flop:  [7♦, K♦, 2♠]",2026-08-28T06:32:37.623Z,178789875762300
"""Harry = Fish @ kCN0-Qy2Mz"" calls 30",2026-08-28T06:32:36.817Z,178789875681700
"""Harry @ Q4OMcL0rqd"" folds",2026-08-28T06:32:35.689Z,178789875568900
"""LingWae @ FQN9hzhzP_"" calls 30",2026-08-28T06:32:33.277Z,178789875327700
"""dick and balls @ gpP9uUffpu"" raises to 30",2026-08-28T06:32:30.971Z,178789875097100
"""Harry = Fish @ kCN0-Qy2Mz"" posts a big blind of 10",2026-08-28T06:32:26.900Z,178789874690007
"""Harry @ Q4OMcL0rqd"" posts a small blind of 5",2026-08-28T06:32:26.900Z,178789874690006
"Player stacks: #2 ""Harry = Fish @ kCN0-Qy2Mz"" (778) | #5 ""dick and balls @ gpP9uUffpu"" (2332) | #8 ""LingWae @ FQN9hzhzP_"" (2077) | #10 ""Harry @ Q4OMcL0rqd"" (813)",2026-08-28T06:32:26.900Z,178789874690001
"-- starting hand #27 (id: ps2c9jm6opmf)  No Limit Texas Hold'em (dealer: ""LingWae @ FQN9hzhzP_"") --",2026-08-28T06:32:26.900Z,178789874690000
"""dick and balls @ gpP9uUffpu"" shows a J♥.",2026-08-28T06:32:24.988Z,178789874498800
"""LingWae @ FQN9hzhzP_"" shows a 9♣, Q♦.",2026-08-28T06:32:23.245Z,178789874324500
"-- ending hand #26 --",2026-08-28T06:32:22.587Z,178789874258701
"""dick and balls @ gpP9uUffpu"" collected 212 from pot",2026-08-28T06:32:22.587Z,178789874258700
"""LingWae @ FQN9hzhzP_"" folds",2026-08-28T06:32:21.738Z,178789874173800
"River: 4♣, J♣, K♠, A♠ [4♠]",2026-08-28T06:32:16.785Z,178789873678500
"""dick and balls @ gpP9uUffpu"" calls 10",2026-08-28T06:32:15.906Z,178789873590600
"""LingWae @ FQN9hzhzP_"" bets 10",2026-08-28T06:32:13.259Z,178789873325900
"Turn: 4♣, J♣, K♠ [A♠]",2026-08-28T06:32:07.373Z,178789872737300
"""dick and balls @ gpP9uUffpu"" calls 36",2026-08-28T06:32:06.506Z,178789872650600
"""Harry @ Q4OMcL0rqd"" folds",2026-08-28T06:32:05.599Z,178789872559900
"""LingWae @ FQN9hzhzP_"" bets 36",2026-08-28T06:32:03.997Z,178789872399700
"Flop:  [4♣, J♣, K♠]",2026-08-28T06:31:51.829Z,178789871182900
"""Harry @ Q4OMcL0rqd"" calls 40",2026-08-28T06:31:51.016Z,178789871101600
"""LingWae @ FQN9hzhzP_"" calls 40",2026-08-28T06:31:48.844Z,178789870884400
"""dick and balls @ gpP9uUffpu"" raises to 40",2026-08-28T06:31:42.782Z,178789870278200
"""Harry = Fish @ kCN0-Qy2Mz"" folds",2026-08-28T06:31:40.538Z,178789870053800
"""Harry @ Q4OMcL0rqd"" posts a big blind of 10",2026-08-28T06:31:39.346Z,178789869934607
"""LingWae @ FQN9hzhzP_"" posts a small blind of 5",2026-08-28T06:31:39.346Z,178789869934606
"Player stacks: #2 ""Harry = Fish @ kCN0-Qy2Mz"" (778) | #5 ""dick and balls @ gpP9uUffpu"" (2206) | #8 ""LingWae @ FQN9hzhzP_"" (2163) | #10 ""Harry @ Q4OMcL0rqd"" (853)",2026-08-28T06:31:39.346Z,178789869934601
"-- starting hand #26 (id: wg4aui5ghgzd)  No Limit Texas Hold'em (dealer: ""dick and balls @ gpP9uUffpu"") --",2026-08-28T06:31:39.346Z,178789869934600
"""Harry = Fish @ kCN0-Qy2Mz"" shows a 3♦.",2026-08-28T06:31:35.806Z,178789869580600
"Undealt cards: K♥, 9♥, Q♦ [3♣, A♦]",2026-08-28T06:31:35.245Z,178789869524500
"""LingWae @ FQN9hzhzP_"" shows a J♠, 10♠.",2026-08-28T06:31:32.547Z,178789869254700
"-- ending hand #25 --",2026-08-28T06:31:31.942Z,178789869194202
"""LingWae @ FQN9hzhzP_"" collected 379 from pot",2026-08-28T06:31:31.942Z,178789869194201
"Uncalled bet of 167 returned to ""LingWae @ FQN9hzhzP_""",2026-08-28T06:31:31.942Z,178789869194200
"""Harry @ Q4OMcL0rqd"" folds",2026-08-28T06:31:31.100Z,178789869110000
"""LingWae @ FQN9hzhzP_"" bets 167",2026-08-28T06:31:21.675Z,178789868167500
"Flop:  [K♥, 9♥, Q♦]",2026-08-28T06:30:57.270Z,178789865727000
"""Harry = Fish @ kCN0-Qy2Mz"" folds",2026-08-28T06:30:56.459Z,178789865645900
"""Harry @ Q4OMcL0rqd"" calls 167",2026-08-28T06:30:52.428Z,178789865242800
"""LingWae @ FQN9hzhzP_"" raises to 167",2026-08-28T06:30:46.141Z,178789864614100
"""dick and balls @ gpP9uUffpu"" folds",2026-08-28T06:30:40.957Z,178789864095700
"""Harry = Fish @ kCN0-Qy2Mz"" calls 40",2026-08-28T06:30:40.021Z,178789864002100
"""Harry @ Q4OMcL0rqd"" raises to 40",2026-08-28T06:30:38.677Z,178789863867700
"""LingWae @ FQN9hzhzP_"" posts a big blind of 10",2026-08-28T06:30:35.451Z,178789863545107
"""dick and balls @ gpP9uUffpu"" posts a small blind of 5",2026-08-28T06:30:35.451Z,178789863545106
"Player stacks: #2 ""Harry = Fish @ kCN0-Qy2Mz"" (818) | #5 ""dick and balls @ gpP9uUffpu"" (2211) | #8 ""LingWae @ FQN9hzhzP_"" (1951) | #10 ""Harry @ Q4OMcL0rqd"" (1020)",2026-08-28T06:30:35.451Z,178789863545101
"-- starting hand #25 (id: 16ec2iirtk8u)  No Limit Texas Hold'em (dealer: ""Harry = Fish @ kCN0-Qy2Mz"") --",2026-08-28T06:30:35.451Z,178789863545100
"""LingWae @ FQN9hzhzP_"" shows a 3♠, 6♣.",2026-08-28T06:30:33.176Z,178789863317600
"-- ending hand #24 --",2026-08-28T06:30:28.848Z,178789862884802
"""dick and balls @ gpP9uUffpu"" collected 95 from pot with Three of a Kind, 7's (combination: Q♣, K♥, 7♥, 7♠, 7♣)",2026-08-28T06:30:28.848Z,178789862884801
"""dick and balls @ gpP9uUffpu"" shows a 7♥, 9♣.",2026-08-28T06:30:28.848Z,178789862884800
"""Harry @ Q4OMcL0rqd"" checks",2026-08-28T06:30:27.980Z,178789862798000
"""dick and balls @ gpP9uUffpu"" checks",2026-08-28T06:30:27.059Z,178789862705900
"River: 7♠, Q♣, K♥, 2♥ [7♣]",2026-08-28T06:30:25.439Z,178789862543900
"""LingWae @ FQN9hzhzP_"" folds",2026-08-28T06:30:24.577Z,178789862457700
"""dick and balls @ gpP9uUffpu"" calls 30",2026-08-28T06:30:23.116Z,178789862311600
"""Harry @ Q4OMcL0rqd"" bets 30",2026-08-28T06:30:21.991Z,178789862199100
"""LingWae @ FQN9hzhzP_"" checks",2026-08-28T06:30:19.920Z,178789861992000
"""dick and balls @ gpP9uUffpu"" checks",2026-08-28T06:30:13.935Z,178789861393500
"Turn: 7♠, Q♣, K♥ [2♥]",2026-08-28T06:30:12.830Z,178789861283000
"""Harry @ Q4OMcL0rqd"" checks",2026-08-28T06:30:11.990Z,178789861199000
"""LingWae @ FQN9hzhzP_"" checks",2026-08-28T06:30:09.749Z,178789860974900
"""dick and balls @ gpP9uUffpu"" checks",2026-08-28T06:30:04.595Z,178789860459500
"Flop:  [7♠, Q♣, K♥]",2026-08-28T06:30:03.424Z,178789860342400
"""dick and balls @ gpP9uUffpu"" checks",2026-08-28T06:30:01.763Z,178789860176300
"""Harry = Fish @ kCN0-Qy2Mz"" folds",2026-08-28T06:30:00.251Z,178789860025100
"""Harry @ Q4OMcL0rqd"" calls 10",2026-08-28T06:29:59.245Z,178789859924500
"""LingWae @ FQN9hzhzP_"" calls 10",2026-08-28T06:29:57.096Z,178789859709600
"""dick and balls @ gpP9uUffpu"" posts a big blind of 10",2026-08-28T06:29:42.069Z,178789858206907
"""Harry = Fish @ kCN0-Qy2Mz"" posts a small blind of 5",2026-08-28T06:29:42.069Z,178789858206906
"Your hand is 7♥, 9♣",2026-08-28T06:29:42.069Z,178789858206903
"Player stacks: #2 ""Harry = Fish @ kCN0-Qy2Mz"" (823) | #5 ""dick and balls @ gpP9uUffpu"" (2156) | #8 ""LingWae @ FQN9hzhzP_"" (1961) | #10 ""Harry @ Q4OMcL0rqd"" (1060)",2026-08-28T06:29:42.069Z,178789858206901
"-- starting hand #24 (id: 3zx1gudqlad3)  No Limit Texas Hold'em (dealer: ""Harry @ Q4OMcL0rqd"") --",2026-08-28T06:29:42.069Z,178789858206900
"""LingWae @ FQN9hzhzP_"" shows a 8♣, J♥.",2026-08-28T06:29:36.170Z,178789857617000
"Undealt cards: 3♠, 9♥, 10♣, 6♥ [5♣]",2026-08-28T06:29:35.585Z,178789857558500
"""Harry = Fish @ kCN0-Qy2Mz"" shows a 10♠, K♦.",2026-08-28T06:29:35.309Z,178789857530900
"-- ending hand #23 --",2026-08-28T06:29:34.762Z,178789857476202
"""LingWae @ FQN9hzhzP_"" collected 900 from pot",2026-08-28T06:29:34.762Z,178789857476201
"Uncalled bet of 167 returned to ""LingWae @ FQN9hzhzP_""",2026-08-28T06:29:34.762Z,178789857476200
"""Harry = Fish @ kCN0-Qy2Mz"" folds",2026-08-28T06:29:33.945Z,178789857394500
"""LingWae @ FQN9hzhzP_"" bets 167",2026-08-28T06:29:23.321Z,178789856332100
"""Harry = Fish @ kCN0-Qy2Mz"" checks",2026-08-28T06:29:14.171Z,178789855417100
"Turn: 3♠, 9♥, 10♣ [6♥]",2026-08-28T06:29:09.571Z,178789854957100
"""LingWae @ FQN9hzhzP_"" calls 405",2026-08-28T06:29:08.763Z,178789854876300
"""Harry = Fish @ kCN0-Qy2Mz"" raises to 405",2026-08-28T06:29:07.441Z,178789854744100
"""LingWae @ FQN9hzhzP_"" raises to 180",2026-08-28T06:29:00.824Z,178789854082400
"""Harry = Fish @ kCN0-Qy2Mz"" bets 90",2026-08-28T06:28:58.661Z,178789853866100
"Flop:  [3♠, 9♥, 10♣]",2026-08-28T06:28:53.697Z,178789853369700
"""Harry @ Q4OMcL0rqd"" folds",2026-08-28T06:28:52.816Z,178789853281600
"""LingWae @ FQN9hzhzP_"" calls 40",2026-08-28T06:28:51.052Z,178789853105200
"""Harry = Fish @ kCN0-Qy2Mz"" raises to 40",2026-08-28T06:28:48.577Z,178789852857700
"""Harry @ Q4OMcL0rqd"" calls 10",2026-08-28T06:28:45.683Z,178789852568300
"""LingWae @ FQN9hzhzP_"" calls 10",2026-08-28T06:28:44.208Z,178789852420800
"""dick and balls @ gpP9uUffpu"" folds",2026-08-28T06:28:32.821Z,178789851282100
"""Harry = Fish @ kCN0-Qy2Mz"" posts a big blind of 10",2026-08-28T06:28:31.877Z,178789851187707
"""Harry @ Q4OMcL0rqd"" posts a small blind of 5",2026-08-28T06:28:31.877Z,178789851187706
"Player stacks: #2 ""Harry = Fish @ kCN0-Qy2Mz"" (1268) | #5 ""dick and balls @ gpP9uUffpu"" (2156) | #8 ""LingWae @ FQN9hzhzP_"" (1506) | #10 ""Harry @ Q4OMcL0rqd"" (1070)",2026-08-28T06:28:31.877Z,178789851187701
"-- starting hand #23 (id: tfk5qwi0psfu)  No Limit Texas Hold'em (dealer: ""LingWae @ FQN9hzhzP_"") --",2026-08-28T06:28:31.877Z,178789851187700
"""LingWae @ FQN9hzhzP_"" shows a 7♠.",2026-08-28T06:28:27.747Z,178789850774700
"""LingWae @ FQN9hzhzP_"" shows a 9♦.",2026-08-28T06:28:27.198Z,178789850719800
"Undealt cards: 7♣, 3♥, K♥, 3♦ [9♠]",2026-08-28T06:28:26.780Z,178789850678000
"-- ending hand #22 --",2026-08-28T06:28:25.266Z,178789850526602
"""dick and balls @ gpP9uUffpu"" collected 346 from pot",2026-08-28T06:28:25.266Z,178789850526601
"Uncalled bet of 173 returned to ""dick and balls @ gpP9uUffpu""",2026-08-28T06:28:25.266Z,178789850526600
"""LingWae @ FQN9hzhzP_"" folds",2026-08-28T06:28:24.455Z,178789850445500
"""dick and balls @ gpP9uUffpu"" raises to 209",2026-08-28T06:28:17.054Z,178789849705400
"""LingWae @ FQN9hzhzP_"" bets 36",2026-08-28T06:28:13.794Z,178789849379400
"Turn: 7♣, 3♥, K♥ [3♦]",2026-08-28T06:28:08.564Z,178789848856400
"""dick and balls @ gpP9uUffpu"" calls 67",2026-08-28T06:28:07.750Z,178789848775000
"""Harry = Fish @ kCN0-Qy2Mz"" folds",2026-08-28T06:28:03.397Z,178789848339700
"""Harry @ Q4OMcL0rqd"" folds",2026-08-28T06:28:02.448Z,178789848244800
"""LingWae @ FQN9hzhzP_"" bets 67",2026-08-28T06:28:01.103Z,178789848110300
"Flop:  [7♣, 3♥, K♥]",2026-08-28T06:27:55.797Z,178789847579700
"""Harry @ Q4OMcL0rqd"" calls 35",2026-08-28T06:27:54.991Z,178789847499100
"""LingWae @ FQN9hzhzP_"" calls 35",2026-08-28T06:27:53.670Z,178789847367000
"""dick and balls @ gpP9uUffpu"" calls 35",2026-08-28T06:27:52.189Z,178789847218900
"""Harry = Fish @ kCN0-Qy2Mz"" raises to 35",2026-08-28T06:27:50.439Z,178789847043900
"""Harry @ Q4OMcL0rqd"" posts a big blind of 10",2026-08-28T06:27:47.188Z,178789846718807
"""LingWae @ FQN9hzhzP_"" posts a small blind of 5",2026-08-28T06:27:47.188Z,178789846718806
"Player stacks: #2 ""Harry = Fish @ kCN0-Qy2Mz"" (1303) | #5 ""dick and balls @ gpP9uUffpu"" (1948) | #8 ""LingWae @ FQN9hzhzP_"" (1644) | #10 ""Harry @ Q4OMcL0rqd"" (1105)",2026-08-28T06:27:47.188Z,178789846718801
"-- starting hand #22 (id: wgngafomftf1)  No Limit Texas Hold'em (dealer: ""dick and balls @ gpP9uUffpu"") --",2026-08-28T06:27:47.188Z,178789846718800
"Undealt cards: 5♣, 7♣, 3♦ [2♥, A♠]",2026-08-28T06:27:42.621Z,178789846262100
"-- ending hand #21 --",2026-08-28T06:27:41.282Z,178789846128202
"""Harry @ Q4OMcL0rqd"" collected 195 from pot",2026-08-28T06:27:41.282Z,178789846128201
"Uncalled bet of 910 returned to ""Harry @ Q4OMcL0rqd""",2026-08-28T06:27:41.282Z,178789846128200
"""Harry = Fish @ kCN0-Qy2Mz"" folds",2026-08-28T06:27:40.460Z,178789846046000
"""Harry @ Q4OMcL0rqd"" bets 910 and go all in",2026-08-28T06:27:22.263Z,178789844226300
"Flop:  [5♣, 7♣, 3♦]",2026-08-28T06:27:17.969Z,178789843796900
"""Harry = Fish @ kCN0-Qy2Mz"" calls 90",2026-08-28T06:27:17.136Z,178789843713600
"""Harry @ Q4OMcL0rqd"" raises to 90",2026-08-28T06:27:14.896Z,178789843489600
"""LingWae @ FQN9hzhzP_"" folds",2026-08-28T06:27:12.015Z,178789843201500
"""dick and balls @ gpP9uUffpu"" folds",2026-08-28T06:27:08.802Z,178789842880200
"""Harry = Fish @ kCN0-Qy2Mz"" raises to 45",2026-08-28T06:27:07.738Z,178789842773800
"""Harry @ Q4OMcL0rqd"" calls 10",2026-08-28T06:27:05.055Z,178789842505500
"""LingWae @ FQN9hzhzP_"" posts a big blind of 10",2026-08-28T06:27:02.092Z,178789842209208
"""dick and balls @ gpP9uUffpu"" posts a small blind of 5",2026-08-28T06:27:02.092Z,178789842209207
"Player stacks: #2 ""Harry = Fish @ kCN0-Qy2Mz"" (1393) | #5 ""dick and balls @ gpP9uUffpu"" (1953) | #8 ""LingWae @ FQN9hzhzP_"" (1654) | #10 ""Harry @ Q4OMcL0rqd"" (1000)",2026-08-28T06:27:02.092Z,178789842209202
"-- starting hand #21 (id: 5acswqouiglf)  No Limit Texas Hold'em (dealer: ""Harry = Fish @ kCN0-Qy2Mz"") --",2026-08-28T06:27:02.092Z,178789842209201
"The player ""Harry @ Q4OMcL0rqd"" rebought. New stack 1000.",2026-08-28T06:27:02.092Z,178789842209200
"Waiting for the game owner to approve or reject pending rebuy requests.",2026-08-28T06:27:00.266Z,178789842026601
"The player ""Harry @ Q4OMcL0rqd"" requested a rebuy of 1000.",2026-08-28T06:27:00.266Z,178789842026600
"Asking to busted players the rebuy decision.",2026-08-28T06:26:41.305Z,178789840130500
"""LingWae @ FQN9hzhzP_"" shows a Q♣, J♣.",2026-08-28T06:26:40.672Z,178789840067200
"""Harry = Fish @ kCN0-Qy2Mz"" shows a 10♠, A♦.",2026-08-28T06:26:32.941Z,178789839294100
"-- ending hand #20 --",2026-08-28T06:26:32.292Z,178789839229202
"""dick and balls @ gpP9uUffpu"" collected 573 from pot with Pair, 9's on the second run  (combination: 10♦, K♣, A♣, 9♠, 9♦)",2026-08-28T06:26:32.292Z,178789839229201
"""dick and balls @ gpP9uUffpu"" collected 573 from pot with Two Pair, K's & 10's (combination: 9♠, 10♦, 10♥, K♣, K♠)",2026-08-28T06:26:32.292Z,178789839229200
"River (second run): 9♠, 2♠, 5♥, 9♦ [A♣]",2026-08-28T06:26:28.273Z,178789838827300
"Turn (second run): 9♠, 2♠, 5♥ [9♦]",2026-08-28T06:26:24.267Z,178789838426700
"River: 9♠, 2♠, 5♥, K♠ [10♥]",2026-08-28T06:26:20.236Z,178789838023600
"Turn: 9♠, 2♠, 5♥ [K♠]",2026-08-28T06:26:16.217Z,178789837621700
"""Harry @ Q4OMcL0rqd"" shows a K♥, 6♣.",2026-08-28T06:26:12.202Z,178789837220200
"""dick and balls @ gpP9uUffpu"" shows a K♣, 10♦.",2026-08-28T06:26:11.764Z,178789837176400
"All players in hand choose to run it twice.",2026-08-28T06:26:11.287Z,178789837128701
"""Harry @ Q4OMcL0rqd"" chooses to  run it twice.",2026-08-28T06:26:11.287Z,178789837128700
"""dick and balls @ gpP9uUffpu"" chooses to  run it twice.",2026-08-28T06:26:10.242Z,178789837024200
"Remaining players decide whether to run it twice.",2026-08-28T06:26:09.451Z,178789836945101
"""LingWae @ FQN9hzhzP_"" folds",2026-08-28T06:26:09.451Z,178789836945100
"""dick and balls @ gpP9uUffpu"" calls 439",2026-08-28T06:26:05.647Z,178789836564700
"""Harry = Fish @ kCN0-Qy2Mz"" folds",2026-08-28T06:26:04.185Z,178789836418500
"""Harry @ Q4OMcL0rqd"" bets 439 and go all in",2026-08-28T06:25:58.092Z,178789835809200
"""LingWae @ FQN9hzhzP_"" checks",2026-08-28T06:25:55.251Z,178789835525100
"""dick and balls @ gpP9uUffpu"" checks",2026-08-28T06:25:54.253Z,178789835425300
"""Harry = Fish @ kCN0-Qy2Mz"" checks",2026-08-28T06:25:53.341Z,178789835334100
"Flop:  [9♠, 2♠, 5♥]",2026-08-28T06:25:50.952Z,178789835095200
"""dick and balls @ gpP9uUffpu"" calls 67",2026-08-28T06:25:50.103Z,178789835010300
"""Harry = Fish @ kCN0-Qy2Mz"" calls 67",2026-08-28T06:25:49.109Z,178789834910900
"""Harry @ Q4OMcL0rqd"" calls 67",2026-08-28T06:25:45.385Z,178789834538500
"""LingWae @ FQN9hzhzP_"" raises to 67",2026-08-28T06:25:41.485Z,178789834148500
"""dick and balls @ gpP9uUffpu"" posts a big blind of 10",2026-08-28T06:25:36.478Z,178789833647807
"""Harry = Fish @ kCN0-Qy2Mz"" posts a small blind of 5",2026-08-28T06:25:36.478Z,178789833647806
"Your hand is K♣, 10♦",2026-08-28T06:25:36.478Z,178789833647803
"Player stacks: #2 ""Harry = Fish @ kCN0-Qy2Mz"" (1460) | #5 ""dick and balls @ gpP9uUffpu"" (1313) | #8 ""LingWae @ FQN9hzhzP_"" (1721) | #10 ""Harry @ Q4OMcL0rqd"" (506)",2026-08-28T06:25:36.478Z,178789833647801
"-- starting hand #20 (id: yvlccqnh9ekc)  No Limit Texas Hold'em (dealer: ""Harry @ Q4OMcL0rqd"") --",2026-08-28T06:25:36.478Z,178789833647800
"""Harry = Fish @ kCN0-Qy2Mz"" shows a K♣.",2026-08-28T06:25:34.409Z,178789833440900
"Undealt cards: 8♦, J♥, 7♦, 4♠ [K♥]",2026-08-28T06:25:30.089Z,178789833008900
"-- ending hand #19 --",2026-08-28T06:25:29.871Z,178789832987102
"""dick and balls @ gpP9uUffpu"" collected 420 from pot",2026-08-28T06:25:29.871Z,178789832987101
"Uncalled bet of 893 returned to ""dick and balls @ gpP9uUffpu""",2026-08-28T06:25:29.871Z,178789832987100
"""Harry @ Q4OMcL0rqd"" folds",2026-08-28T06:25:29.013Z,178789832901300
"""dick and balls @ gpP9uUffpu"" bets 893 and go all in",2026-08-28T06:25:25.798Z,178789832579800
"""Harry @ Q4OMcL0rqd"" checks",2026-08-28T06:25:24.340Z,178789832434000
"Turn: 8♦, J♥, 7♦ [4♠]",2026-08-28T06:25:22.465Z,178789832246500
"""Harry @ Q4OMcL0rqd"" calls 120",2026-08-28T06:25:21.584Z,178789832158400
"""dick and balls @ gpP9uUffpu"" raises to 120",2026-08-28T06:25:20.074Z,178789832007400
"""Harry = Fish @ kCN0-Qy2Mz"" folds",2026-08-28T06:25:18.057Z,178789831805700
"""Harry @ Q4OMcL0rqd"" bets 40",2026-08-28T06:25:10.299Z,178789831029900
"Flop:  [8♦, J♥, 7♦]",2026-08-28T06:25:06.150Z,178789830615000
"""dick and balls @ gpP9uUffpu"" calls 60",2026-08-28T06:25:05.299Z,178789830529900
"""Harry = Fish @ kCN0-Qy2Mz"" calls 60",2026-08-28T06:25:03.787Z,178789830378700
"""Harry @ Q4OMcL0rqd"" raises to 60",2026-08-28T06:24:53.070Z,178789829307000
"""LingWae @ FQN9hzhzP_"" folds",2026-08-28T06:24:48.785Z,178789828878500
"""dick and balls @ gpP9uUffpu"" raises to 20",2026-08-28T06:24:46.706Z,178789828670600
"""Harry = Fish @ kCN0-Qy2Mz"" posts a big blind of 10",2026-08-28T06:24:44.793Z,178789828479307
"""Harry @ Q4OMcL0rqd"" posts a small blind of 5",2026-08-28T06:24:44.793Z,178789828479306
"Player stacks: #2 ""Harry = Fish @ kCN0-Qy2Mz"" (1520) | #5 ""dick and balls @ gpP9uUffpu"" (1073) | #8 ""LingWae @ FQN9hzhzP_"" (1721) | #10 ""Harry @ Q4OMcL0rqd"" (686)",2026-08-28T06:24:44.793Z,178789828479301
"-- starting hand #19 (id: icvmbzwawh9i)  No Limit Texas Hold'em (dealer: ""LingWae @ FQN9hzhzP_"") --",2026-08-28T06:24:44.793Z,178789828479300
"""Harry = Fish @ kCN0-Qy2Mz"" shows a 2♣.",2026-08-28T06:24:43.122Z,178789828312200
"""LingWae @ FQN9hzhzP_"" shows a 6♠.",2026-08-28T06:24:41.285Z,178789828128500
"-- ending hand #18 --",2026-08-28T06:24:40.475Z,178789828047502
"""dick and balls @ gpP9uUffpu"" collected 192 from pot",2026-08-28T06:24:40.475Z,178789828047501
"Uncalled bet of 222 returned to ""dick and balls @ gpP9uUffpu""",2026-08-28T06:24:40.475Z,178789828047500
"""LingWae @ FQN9hzhzP_"" folds",2026-08-28T06:24:39.609Z,178789827960900
"""dick and balls @ gpP9uUffpu"" bets 222",2026-08-28T06:24:37.920Z,178789827792000
"""LingWae @ FQN9hzhzP_"" checks",2026-08-28T06:24:32.226Z,178789827222600
"River: 4♣, 6♣, Q♦, 2♥ [5♥]",2026-08-28T06:24:26.950Z,178789826695000
"""dick and balls @ gpP9uUffpu"" checks",2026-08-28T06:24:26.134Z,178789826613400
"""LingWae @ FQN9hzhzP_"" checks",2026-08-28T06:24:25.169Z,178789826516900
"Turn: 4♣, 6♣, Q♦ [2♥]",2026-08-28T06:24:23.520Z,178789826352000
"""dick and balls @ gpP9uUffpu"" calls 36",2026-08-28T06:24:22.679Z,178789826267900
"""Harry @ Q4OMcL0rqd"" folds",2026-08-28T06:24:21.750Z,178789826175000
"""LingWae @ FQN9hzhzP_"" bets 36",2026-08-28T06:24:18.702Z,178789825870200
"Flop:  [4♣, 6♣, Q♦]",2026-08-28T06:24:12.657Z,178789825265700
"""Harry @ Q4OMcL0rqd"" calls 40",2026-08-28T06:24:11.786Z,178789825178600
"""LingWae @ FQN9hzhzP_"" calls 40",2026-08-28T06:24:09.828Z,178789824982800
"""dick and balls @ gpP9uUffpu"" raises to 40",2026-08-28T06:24:06.602Z,178789824660200
"""Harry = Fish @ kCN0-Qy2Mz"" folds",2026-08-28T06:24:03.424Z,178789824342400
"""Harry @ Q4OMcL0rqd"" posts a big blind of 10",2026-08-28T06:24:01.203Z,178789824120307
"""LingWae @ FQN9hzhzP_"" posts a small blind of 5",2026-08-28T06:24:01.203Z,178789824120306
"Player stacks: #2 ""Harry = Fish @ kCN0-Qy2Mz"" (1520) | #5 ""dick and balls @ gpP9uUffpu"" (957) | #8 ""LingWae @ FQN9hzhzP_"" (1797) | #10 ""Harry @ Q4OMcL0rqd"" (726)",2026-08-28T06:24:01.203Z,178789824120301
"-- starting hand #18 (id: fars8hxbiagy)  No Limit Texas Hold'em (dealer: ""dick and balls @ gpP9uUffpu"") --",2026-08-28T06:24:01.203Z,178789824120300
"-- ending hand #17 --",2026-08-28T06:23:55.143Z,178789823514302
"""LingWae @ FQN9hzhzP_"" collected 862 from pot with Pair, 10's (combination: 7♠, 8♦, 9♣, 10♦, 10♥)",2026-08-28T06:23:55.143Z,178789823514301
"""LingWae @ FQN9hzhzP_"" shows a 10♦, 8♦.",2026-08-28T06:23:55.143Z,178789823514300
"""Harry = Fish @ kCN0-Qy2Mz"" checks",2026-08-28T06:23:54.319Z,178789823431900
"""Harry @ Q4OMcL0rqd"" checks",2026-08-28T06:23:51.447Z,178789823144700
"""LingWae @ FQN9hzhzP_"" checks",2026-08-28T06:23:50.195Z,178789823019500
"River: 10♥, 2♠, 7♠, 4♠ [9♣]",2026-08-28T06:23:48.193Z,178789822819300
"""Harry = Fish @ kCN0-Qy2Mz"" calls 167",2026-08-28T06:23:47.384Z,178789822738400
"""Harry @ Q4OMcL0rqd"" calls 167",2026-08-28T06:23:43.535Z,178789822353500
"""LingWae @ FQN9hzhzP_"" bets 167",2026-08-28T06:23:41.752Z,178789822175200
"Turn: 10♥, 2♠, 7♠ [4♠]",2026-08-28T06:23:34.090Z,178789821409000
"""dick and balls @ gpP9uUffpu"" folds",2026-08-28T06:23:33.278Z,178789821327800
"""Harry = Fish @ kCN0-Qy2Mz"" calls 67",2026-08-28T06:23:31.185Z,178789821118500
"""Harry @ Q4OMcL0rqd"" calls 67",2026-08-28T06:23:28.843Z,178789820884300
"""LingWae @ FQN9hzhzP_"" bets 67",2026-08-28T06:23:27.001Z,178789820700100
"""dick and balls @ gpP9uUffpu"" checks",2026-08-28T06:23:22.734Z,178789820273400
"Flop:  [10♥, 2♠, 7♠]",2026-08-28T06:23:20.731Z,178789820073100
"""LingWae @ FQN9hzhzP_"" calls 40",2026-08-28T06:23:19.882Z,178789819988200
"""dick and balls @ gpP9uUffpu"" calls 40",2026-08-28T06:23:14.427Z,178789819442700
"""Harry = Fish @ kCN0-Qy2Mz"" calls 40",2026-08-28T06:23:13.461Z,178789819346100
"""Harry @ Q4OMcL0rqd"" raises to 40",2026-08-28T06:23:09.502Z,178789818950200
"""LingWae @ FQN9hzhzP_"" posts a big blind of 10",2026-08-28T06:22:56.344Z,178789817634408
"""dick and balls @ gpP9uUffpu"" posts a small blind of 5",2026-08-28T06:22:56.344Z,178789817634407
"Player stacks: #2 ""Harry = Fish @ kCN0-Qy2Mz"" (1794) | #5 ""dick and balls @ gpP9uUffpu"" (997) | #8 ""LingWae @ FQN9hzhzP_"" (1209) | #10 ""Harry @ Q4OMcL0rqd"" (1000)",2026-08-28T06:22:56.344Z,178789817634402
"-- starting hand #17 (id: 8blwedtyeasv)  No Limit Texas Hold'em (dealer: ""Harry = Fish @ kCN0-Qy2Mz"") --",2026-08-28T06:22:56.344Z,178789817634401
"The player ""Harry @ Q4OMcL0rqd"" rebought. New stack 1000.",2026-08-28T06:22:56.344Z,178789817634400
"Waiting for the game owner to approve or reject pending rebuy requests.",2026-08-28T06:22:54.683Z,178789817468301
"The player ""Harry @ Q4OMcL0rqd"" requested a rebuy of 1000.",2026-08-28T06:22:54.683Z,178789817468300
"Asking to busted players the rebuy decision.",2026-08-28T06:22:49.210Z,178789816921000
"""dick and balls @ gpP9uUffpu"" shows a 4♣, 9♠.",2026-08-28T06:22:44.090Z,178789816409000
"""LingWae @ FQN9hzhzP_"" shows a 7♠, K♠.",2026-08-28T06:22:43.492Z,178789816349200
"-- ending hand #16 --",2026-08-28T06:22:42.203Z,178789816220301
"""Harry = Fish @ kCN0-Qy2Mz"" collected 992 from pot with Pair, A's (combination: 8♣, 9♦, Q♠, A♥, A♠)",2026-08-28T06:22:42.203Z,178789816220300
"River: A♠, 2♠, 4♥, 8♣ [9♦]",2026-08-28T06:22:38.158Z,178789815815800
"Turn: A♠, 2♠, 4♥ [8♣]",2026-08-28T06:22:34.086Z,178789815408600
"Flop:  [A♠, 2♠, 4♥]",2026-08-28T06:22:30.063Z,178789815006300
"""Harry @ Q4OMcL0rqd"" shows a 3♠, 3♣.",2026-08-28T06:22:26.039Z,178789814603901
"""Harry = Fish @ kCN0-Qy2Mz"" shows a A♥, Q♠.",2026-08-28T06:22:26.039Z,178789814603900
"Some players choose to not run it twice.",2026-08-28T06:22:25.195Z,178789814519501
"""Harry @ Q4OMcL0rqd"" chooses to not run it twice.",2026-08-28T06:22:25.195Z,178789814519500
"Remaining players decide whether to run it twice.",2026-08-28T06:22:23.382Z,178789814338201
"""LingWae @ FQN9hzhzP_"" folds",2026-08-28T06:22:23.382Z,178789814338200
"""Harry = Fish @ kCN0-Qy2Mz"" calls 436",2026-08-28T06:22:20.720Z,178789814072000
"""Harry @ Q4OMcL0rqd"" raises to 436 and go all in",2026-08-28T06:22:12.975Z,178789813297500
"""LingWae @ FQN9hzhzP_"" calls 110",2026-08-28T06:22:09.539Z,178789812953900
"""dick and balls @ gpP9uUffpu"" folds",2026-08-28T06:22:06.109Z,178789812610900
"""Harry = Fish @ kCN0-Qy2Mz"" raises to 110",2026-08-28T06:22:05.199Z,178789812519900
"""Harry @ Q4OMcL0rqd"" raises to 30",2026-08-28T06:22:02.389Z,178789812238900
"""LingWae @ FQN9hzhzP_"" calls 10",2026-08-28T06:21:57.553Z,178789811755300
"""dick and balls @ gpP9uUffpu"" posts a big blind of 10",2026-08-28T06:21:52.972Z,178789811297207
"""Harry = Fish @ kCN0-Qy2Mz"" posts a small blind of 5",2026-08-28T06:21:52.972Z,178789811297206
"Your hand is 4♣, 9♠",2026-08-28T06:21:52.972Z,178789811297203
"Player stacks: #2 ""Harry = Fish @ kCN0-Qy2Mz"" (1238) | #5 ""dick and balls @ gpP9uUffpu"" (1007) | #8 ""LingWae @ FQN9hzhzP_"" (1319) | #10 ""Harry @ Q4OMcL0rqd"" (436)",2026-08-28T06:21:52.972Z,178789811297201
"-- starting hand #16 (id: yozcracn87so)  No Limit Texas Hold'em (dealer: ""Harry @ Q4OMcL0rqd"") --",2026-08-28T06:21:52.972Z,178789811297200
"""Harry @ Q4OMcL0rqd"" shows a 3♣.",2026-08-28T06:21:50.763Z,178789811076300
"""LingWae @ FQN9hzhzP_"" shows a K♠, 10♠.",2026-08-28T06:21:49.107Z,178789810910700
"""Harry = Fish @ kCN0-Qy2Mz"" shows a 9♣.",2026-08-28T06:21:47.927Z,178789810792700
"Undealt cards:  [8♣, 7♣, 8♦, J♦, 7♦]",2026-08-28T06:21:46.401Z,178789810640100
"-- ending hand #15 --",2026-08-28T06:21:44.892Z,178789810489202
"""LingWae @ FQN9hzhzP_"" collected 75 from pot",2026-08-28T06:21:44.892Z,178789810489201
"Uncalled bet of 90 returned to ""LingWae @ FQN9hzhzP_""",2026-08-28T06:21:44.892Z,178789810489200
"""dick and balls @ gpP9uUffpu"" folds",2026-08-28T06:21:44.087Z,178789810408700
"""Harry = Fish @ kCN0-Qy2Mz"" folds",2026-08-28T06:21:40.983Z,178789810098300
"""Harry @ Q4OMcL0rqd"" folds",2026-08-28T06:21:35.356Z,178789809535600
"""LingWae @ FQN9hzhzP_"" raises to 120",2026-08-28T06:21:31.723Z,178789809172300
"""dick and balls @ gpP9uUffpu"" raises to 30",2026-08-28T06:21:26.784Z,178789808678400
"""Harry = Fish @ kCN0-Qy2Mz"" posts a big blind of 10",2026-08-28T06:21:24.177Z,178789808417707
"""Harry @ Q4OMcL0rqd"" posts a small blind of 5",2026-08-28T06:21:24.177Z,178789808417706
"Player stacks: #2 ""Harry = Fish @ kCN0-Qy2Mz"" (1248) | #5 ""dick and balls @ gpP9uUffpu"" (1037) | #8 ""LingWae @ FQN9hzhzP_"" (1274) | #10 ""Harry @ Q4OMcL0rqd"" (441)",2026-08-28T06:21:24.177Z,178789808417701
"-- starting hand #15 (id: molrbzsmdbzz)  No Limit Texas Hold'em (dealer: ""LingWae @ FQN9hzhzP_"") --",2026-08-28T06:21:24.177Z,178789808417700
"""Harry = Fish @ kCN0-Qy2Mz"" shows a 2♠.",2026-08-28T06:21:21.279Z,178789808127900
"""LingWae @ FQN9hzhzP_"" shows a 3♦.",2026-08-28T06:21:20.049Z,178789808004900
"Undealt cards: J♦, 9♠, Q♠, 7♥ [A♦]",2026-08-28T06:21:17.037Z,178789807703700
"-- ending hand #14 --",2026-08-28T06:21:16.833Z,178789807683302
"""dick and balls @ gpP9uUffpu"" collected 216 from pot",2026-08-28T06:21:16.833Z,178789807683301
"Uncalled bet of 108 returned to ""dick and balls @ gpP9uUffpu""",2026-08-28T06:21:16.833Z,178789807683300
"""LingWae @ FQN9hzhzP_"" folds",2026-08-28T06:21:15.993Z,178789807599300
"""dick and balls @ gpP9uUffpu"" bets 108",2026-08-28T06:21:14.747Z,178789807474700
"""LingWae @ FQN9hzhzP_"" checks",2026-08-28T06:21:12.217Z,178789807221700
"Turn: J♦, 9♠, Q♠ [7♥]",2026-08-28T06:21:09.558Z,178789806955800
"""dick and balls @ gpP9uUffpu"" calls 36",2026-08-28T06:21:08.744Z,178789806874400
"""LingWae @ FQN9hzhzP_"" bets 36",2026-08-28T06:21:07.146Z,178789806714600
"Flop:  [J♦, 9♠, Q♠]",2026-08-28T06:20:59.623Z,178789805962300
"""dick and balls @ gpP9uUffpu"" calls 67",2026-08-28T06:20:58.820Z,178789805882000
"""Harry @ Q4OMcL0rqd"" folds",2026-08-28T06:20:56.892Z,178789805689200
"""LingWae @ FQN9hzhzP_"" raises to 67",2026-08-28T06:20:55.550Z,178789805555000
"""dick and balls @ gpP9uUffpu"" raises to 30",2026-08-28T06:20:53.489Z,178789805348900
"""Harry = Fish @ kCN0-Qy2Mz"" folds",2026-08-28T06:20:51.143Z,178789805114300
"""Harry @ Q4OMcL0rqd"" posts a big blind of 10",2026-08-28T06:20:47.876Z,178789804787607
"""LingWae @ FQN9hzhzP_"" posts a small blind of 5",2026-08-28T06:20:47.876Z,178789804787606
"Player stacks: #2 ""Harry = Fish @ kCN0-Qy2Mz"" (1248) | #5 ""dick and balls @ gpP9uUffpu"" (924) | #8 ""LingWae @ FQN9hzhzP_"" (1377) | #10 ""Harry @ Q4OMcL0rqd"" (451)",2026-08-28T06:20:47.876Z,178789804787601
"-- starting hand #14 (id: qnhlmbop71wx)  No Limit Texas Hold'em (dealer: ""dick and balls @ gpP9uUffpu"") --",2026-08-28T06:20:47.876Z,178789804787600
"""LingWae @ FQN9hzhzP_"" shows a J♥, 2♦.",2026-08-28T06:20:44.749Z,178789804474900
"-- ending hand #13 --",2026-08-28T06:20:41.350Z,178789804135003
"""Harry = Fish @ kCN0-Qy2Mz"" collected 245 from pot with Pair, 8's (combination: 7♥, 10♥, A♠, 8♦, 8♠)",2026-08-28T06:20:41.350Z,178789804135002
"""Harry = Fish @ kCN0-Qy2Mz"" shows a 8♦, 8♠.",2026-08-28T06:20:41.350Z,178789804135001
"""dick and balls @ gpP9uUffpu"" shows a K♣, Q♠.",2026-08-28T06:20:41.350Z,178789804135000
"""Harry = Fish @ kCN0-Qy2Mz"" calls 40",2026-08-28T06:20:40.488Z,178789804048800
"""dick and balls @ gpP9uUffpu"" bets 40",2026-08-28T06:20:37.268Z,178789803726800
"River: 10♥, A♠, 6♠, 7♥ [4♣]",2026-08-28T06:20:31.269Z,178789803126900
"""Harry = Fish @ kCN0-Qy2Mz"" calls 10",2026-08-28T06:20:30.447Z,178789803044700
"""LingWae @ FQN9hzhzP_"" folds",2026-08-28T06:20:29.232Z,178789802923200
"""dick and balls @ gpP9uUffpu"" bets 10",2026-08-28T06:20:27.652Z,178789802765200
"Turn: 10♥, A♠, 6♠ [7♥]",2026-08-28T06:20:25.937Z,178789802593700
"""Harry = Fish @ kCN0-Qy2Mz"" checks",2026-08-28T06:20:25.122Z,178789802512200
"""LingWae @ FQN9hzhzP_"" checks",2026-08-28T06:20:23.050Z,178789802305000
"""dick and balls @ gpP9uUffpu"" checks",2026-08-28T06:20:20.806Z,178789802080600
"Flop:  [10♥, A♠, 6♠]",2026-08-28T06:20:18.860Z,178789801886000
"""Harry @ Q4OMcL0rqd"" folds",2026-08-28T06:20:18.026Z,178789801802600
"""LingWae @ FQN9hzhzP_"" calls 45",2026-08-28T06:20:15.142Z,178789801514200
"""dick and balls @ gpP9uUffpu"" calls 45",2026-08-28T06:20:13.728Z,178789801372800
"""Harry = Fish @ kCN0-Qy2Mz"" raises to 45",2026-08-28T06:20:12.231Z,178789801223100
"""Harry @ Q4OMcL0rqd"" calls 10",2026-08-28T06:20:08.054Z,178789800805400
"""LingWae @ FQN9hzhzP_"" posts a big blind of 10",2026-08-28T06:20:05.628Z,178789800562807
"""dick and balls @ gpP9uUffpu"" posts a small blind of 5",2026-08-28T06:20:05.628Z,178789800562806
"Your hand is K♣, Q♠",2026-08-28T06:20:05.628Z,178789800562803
"Player stacks: #2 ""Harry = Fish @ kCN0-Qy2Mz"" (1098) | #5 ""dick and balls @ gpP9uUffpu"" (1019) | #8 ""LingWae @ FQN9hzhzP_"" (1422) | #10 ""Harry @ Q4OMcL0rqd"" (461)",2026-08-28T06:20:05.628Z,178789800562801
"-- starting hand #13 (id: gq2bzylpbgkj)  No Limit Texas Hold'em (dealer: ""Harry = Fish @ kCN0-Qy2Mz"") --",2026-08-28T06:20:05.628Z,178789800562800
"-- ending hand #12 --",2026-08-28T06:20:02.706Z,178789800270602
"""Harry = Fish @ kCN0-Qy2Mz"" collected 900 from pot",2026-08-28T06:20:02.706Z,178789800270601
"Uncalled bet of 198 returned to ""Harry = Fish @ kCN0-Qy2Mz""",2026-08-28T06:20:02.706Z,178789800270600
"""Harry @ Q4OMcL0rqd"" folds",2026-08-28T06:20:01.017Z,178789800101700
"""Harry = Fish @ kCN0-Qy2Mz"" raises to 558 and go all in",2026-08-28T06:19:51.145Z,178789799114500
"""Harry @ Q4OMcL0rqd"" raises to 360",2026-08-28T06:19:46.591Z,178789798659100
"""Harry = Fish @ kCN0-Qy2Mz"" bets 180",2026-08-28T06:19:41.805Z,178789798180500
"River: 2♣, 8♥, 10♦, 3♠ [Q♠]",2026-08-28T06:19:33.968Z,178789797396800
"""Harry @ Q4OMcL0rqd"" checks",2026-08-28T06:19:33.163Z,178789797316300
"""Harry = Fish @ kCN0-Qy2Mz"" checks",2026-08-28T06:19:31.804Z,178789797180400
"Turn: 2♣, 8♥, 10♦ [3♠]",2026-08-28T06:19:29.853Z,178789796985300
"""Harry @ Q4OMcL0rqd"" calls 75",2026-08-28T06:19:29.030Z,178789796903000
"""dick and balls @ gpP9uUffpu"" folds",2026-08-28T06:19:27.775Z,178789796777500
"""Harry = Fish @ kCN0-Qy2Mz"" raises to 75",2026-08-28T06:19:26.411Z,178789796641100
"""Harry @ Q4OMcL0rqd"" bets 30",2026-08-28T06:19:22.581Z,178789796258100
"""dick and balls @ gpP9uUffpu"" checks",2026-08-28T06:19:20.293Z,178789796029300
"""Harry = Fish @ kCN0-Qy2Mz"" checks",2026-08-28T06:19:18.908Z,178789795890800
"Flop:  [2♣, 8♥, 10♦]",2026-08-28T06:19:14.811Z,178789795481100
"""dick and balls @ gpP9uUffpu"" checks",2026-08-28T06:19:13.971Z,178789795397100
"""Harry = Fish @ kCN0-Qy2Mz"" calls 10",2026-08-28T06:19:11.956Z,178789795195600
"""Harry @ Q4OMcL0rqd"" calls 10",2026-08-28T06:19:07.951Z,178789794795100
"""LingWae @ FQN9hzhzP_"" folds",2026-08-28T06:19:04.864Z,178789794486400
"""dick and balls @ gpP9uUffpu"" posts a big blind of 10",2026-08-28T06:18:55.571Z,178789793557107
"""Harry = Fish @ kCN0-Qy2Mz"" posts a small blind of 5",2026-08-28T06:18:55.571Z,178789793557106
"Player stacks: #2 ""Harry = Fish @ kCN0-Qy2Mz"" (643) | #5 ""dick and balls @ gpP9uUffpu"" (1029) | #8 ""LingWae @ FQN9hzhzP_"" (1422) | #10 ""Harry @ Q4OMcL0rqd"" (906)",2026-08-28T06:18:55.571Z,178789793557101
"-- starting hand #12 (id: hkw4bmkakhhl)  No Limit Texas Hold'em (dealer: ""Harry @ Q4OMcL0rqd"") --",2026-08-28T06:18:55.571Z,178789793557100
"-- ending hand #11 --",2026-08-28T06:18:49.558Z,178789792955803
"""Harry = Fish @ kCN0-Qy2Mz"" collected 215 from pot with Pair, J's (combination: 5♣, 9♥, A♥, J♠, J♦)",2026-08-28T06:18:49.558Z,178789792955802
"""Harry = Fish @ kCN0-Qy2Mz"" shows a A♥, 3♠.",2026-08-28T06:18:49.558Z,178789792955801
"""Harry @ Q4OMcL0rqd"" shows a 10♦, 7♥.",2026-08-28T06:18:49.558Z,178789792955800
"""LingWae @ FQN9hzhzP_"" folds",2026-08-28T06:18:48.733Z,178789792873300
"""Harry = Fish @ kCN0-Qy2Mz"" calls 40",2026-08-28T06:18:45.924Z,178789792592400
"""Harry @ Q4OMcL0rqd"" bets 40",2026-08-28T06:18:40.398Z,178789792039800
"River: 9♥, 5♣, J♠, 2♣ [J♦]",2026-08-28T06:18:37.695Z,178789791769500
"""Harry = Fish @ kCN0-Qy2Mz"" calls 10",2026-08-28T06:18:36.880Z,178789791688000
"""Harry @ Q4OMcL0rqd"" calls 10",2026-08-28T06:18:35.688Z,178789791568800
"""LingWae @ FQN9hzhzP_"" bets 10",2026-08-28T06:18:34.176Z,178789791417600
"""Harry = Fish @ kCN0-Qy2Mz"" checks",2026-08-28T06:18:30.063Z,178789791006300
"""Harry @ Q4OMcL0rqd"" checks",2026-08-28T06:18:27.585Z,178789790758500
"Turn: 9♥, 5♣, J♠ [2♣]",2026-08-28T06:18:26.460Z,178789790646000
"""LingWae @ FQN9hzhzP_"" checks",2026-08-28T06:18:25.649Z,178789790564900
"""Harry = Fish @ kCN0-Qy2Mz"" checks",2026-08-28T06:18:24.425Z,178789790442500
"""Harry @ Q4OMcL0rqd"" checks",2026-08-28T06:18:22.161Z,178789790216100
"Flop:  [9♥, 5♣, J♠]",2026-08-28T06:18:18.032Z,178789789803200
"""Harry = Fish @ kCN0-Qy2Mz"" calls 35",2026-08-28T06:18:17.120Z,178789789712000
"""Harry @ Q4OMcL0rqd"" calls 35",2026-08-28T06:18:15.232Z,178789789523200
"""LingWae @ FQN9hzhzP_"" raises to 35",2026-08-28T06:18:10.388Z,178789789038800
"""dick and balls @ gpP9uUffpu"" folds",2026-08-28T06:18:02.723Z,178789788272300
"""Harry = Fish @ kCN0-Qy2Mz"" posts a big blind of 10",2026-08-28T06:18:01.663Z,178789788166307
"""Harry @ Q4OMcL0rqd"" posts a small blind of 5",2026-08-28T06:18:01.663Z,178789788166306
"Player stacks: #2 ""Harry = Fish @ kCN0-Qy2Mz"" (513) | #5 ""dick and balls @ gpP9uUffpu"" (1029) | #8 ""LingWae @ FQN9hzhzP_"" (1467) | #10 ""Harry @ Q4OMcL0rqd"" (991)",2026-08-28T06:18:01.663Z,178789788166301
"-- starting hand #11 (id: 8rkcryrmhucp)  No Limit Texas Hold'em (dealer: ""LingWae @ FQN9hzhzP_"") --",2026-08-28T06:18:01.663Z,178789788166300
"""dick and balls @ gpP9uUffpu"" shows a 10♠.",2026-08-28T06:17:58.675Z,178789787867500
"""Harry @ Q4OMcL0rqd"" shows a 8♠.",2026-08-28T06:17:57.533Z,178789787753300
"Undealt cards: 7♦, A♣, 3♥, K♣ [J♥]",2026-08-28T06:17:56.193Z,178789787619300
"""Harry = Fish @ kCN0-Qy2Mz"" shows a 10♦, 10♥.",2026-08-28T06:17:54.125Z,178789787412500
"-- ending hand #10 --",2026-08-28T06:17:53.557Z,178789787355702
"""Harry @ Q4OMcL0rqd"" collected 675 from pot",2026-08-28T06:17:53.557Z,178789787355701
"Uncalled bet of 316 returned to ""Harry @ Q4OMcL0rqd""",2026-08-28T06:17:53.557Z,178789787355700
"""Harry = Fish @ kCN0-Qy2Mz"" folds",2026-08-28T06:17:52.724Z,178789787272400
"""Harry @ Q4OMcL0rqd"" raises to 541 and go all in",2026-08-28T06:17:41.874Z,178789786187400
"""Harry = Fish @ kCN0-Qy2Mz"" bets 225",2026-08-28T06:17:38.383Z,178789785838300
"""Harry @ Q4OMcL0rqd"" checks",2026-08-28T06:17:34.234Z,178789785423400
"Turn: 7♦, A♣, 3♥ [K♣]",2026-08-28T06:17:32.789Z,178789785278900
"""Harry @ Q4OMcL0rqd"" calls 75",2026-08-28T06:17:31.963Z,178789785196300
"""Harry = Fish @ kCN0-Qy2Mz"" bets 75",2026-08-28T06:17:30.668Z,178789785066800
"""Harry @ Q4OMcL0rqd"" checks",2026-08-28T06:17:25.572Z,178789784557200
"Flop:  [7♦, A♣, 3♥]",2026-08-28T06:17:22.249Z,178789784224900
"""Harry @ Q4OMcL0rqd"" calls 35",2026-08-28T06:17:21.426Z,178789784142600
"""LingWae @ FQN9hzhzP_"" folds",2026-08-28T06:17:19.590Z,178789783959000
"""dick and balls @ gpP9uUffpu"" folds",2026-08-28T06:17:16.765Z,178789783676500
"""Harry = Fish @ kCN0-Qy2Mz"" raises to 35",2026-08-28T06:17:15.109Z,178789783510900
"""Harry @ Q4OMcL0rqd"" posts a big blind of 10",2026-08-28T06:17:11.764Z,178789783176407
"""LingWae @ FQN9hzhzP_"" posts a small blind of 5",2026-08-28T06:17:11.764Z,178789783176406
"Player stacks: #2 ""Harry = Fish @ kCN0-Qy2Mz"" (848) | #5 ""dick and balls @ gpP9uUffpu"" (1029) | #8 ""LingWae @ FQN9hzhzP_"" (1472) | #10 ""Harry @ Q4OMcL0rqd"" (651)",2026-08-28T06:17:11.764Z,178789783176401
"-- starting hand #10 (id: apqvcmdwvxlj)  No Limit Texas Hold'em (dealer: ""dick and balls @ gpP9uUffpu"") --",2026-08-28T06:17:11.764Z,178789783176400
"""LingWae @ FQN9hzhzP_"" shows a 10♦, A♥.",2026-08-28T06:17:07.012Z,178789782701200
"Undealt cards:  [A♦, 3♦, 8♦, 9♣, 10♥]",2026-08-28T06:17:05.354Z,178789782535400
"-- ending hand #9 --",2026-08-28T06:17:05.159Z,178789782515902
"""dick and balls @ gpP9uUffpu"" collected 389 from pot",2026-08-28T06:17:05.159Z,178789782515901
"Uncalled bet of 640 returned to ""dick and balls @ gpP9uUffpu""",2026-08-28T06:17:05.159Z,178789782515900
"""LingWae @ FQN9hzhzP_"" folds",2026-08-28T06:17:04.327Z,178789782432700
"""dick and balls @ gpP9uUffpu"" raises to 807 and go all in",2026-08-28T06:16:34.149Z,178789779414900
"""Harry = Fish @ kCN0-Qy2Mz"" folds",2026-08-28T06:16:32.314Z,178789779231400
"""Harry @ Q4OMcL0rqd"" folds",2026-08-28T06:16:24.602Z,178789778460200
"""LingWae @ FQN9hzhzP_"" raises to 167",2026-08-28T06:16:16.881Z,178789777688100
"""dick and balls @ gpP9uUffpu"" calls 45",2026-08-28T06:16:06.805Z,178789776680500
"""Harry = Fish @ kCN0-Qy2Mz"" raises to 45",2026-08-28T06:16:05.790Z,178789776579000
"""Harry @ Q4OMcL0rqd"" calls 10",2026-08-28T06:16:02.778Z,178789776277800
"""LingWae @ FQN9hzhzP_"" posts a big blind of 10",2026-08-28T06:15:58.165Z,178789775816507
"""dick and balls @ gpP9uUffpu"" posts a small blind of 5",2026-08-28T06:15:58.165Z,178789775816506
"Player stacks: #2 ""Harry = Fish @ kCN0-Qy2Mz"" (893) | #5 ""dick and balls @ gpP9uUffpu"" (807) | #8 ""LingWae @ FQN9hzhzP_"" (1639) | #10 ""Harry @ Q4OMcL0rqd"" (661)",2026-08-28T06:15:58.165Z,178789775816501
"-- starting hand #9 (id: ibccfjwwvsfd)  No Limit Texas Hold'em (dealer: ""Harry = Fish @ kCN0-Qy2Mz"") --",2026-08-28T06:15:58.165Z,178789775816500
"""LingWae @ FQN9hzhzP_"" shows a A♥, Q♠.",2026-08-28T06:15:52.894Z,178789775289400
"Undealt cards: 2♠, 8♥, J♦ [Q♣, J♠]",2026-08-28T06:15:52.237Z,178789775223700
"-- ending hand #8 --",2026-08-28T06:15:51.560Z,178789775156002
"""LingWae @ FQN9hzhzP_"" collected 275 from pot",2026-08-28T06:15:51.560Z,178789775156001
"Uncalled bet of 117 returned to ""LingWae @ FQN9hzhzP_""",2026-08-28T06:15:51.560Z,178789775156000
"""Harry @ Q4OMcL0rqd"" folds",2026-08-28T06:15:50.698Z,178789775069800
"""LingWae @ FQN9hzhzP_"" raises to 167",2026-08-28T06:15:40.295Z,178789774029500
"""Harry @ Q4OMcL0rqd"" raises to 50",2026-08-28T06:15:33.879Z,178789773387900
"""LingWae @ FQN9hzhzP_"" bets 10",2026-08-28T06:15:29.169Z,178789772916900
"Flop:  [2♠, 8♥, J♦]",2026-08-28T06:15:25.357Z,178789772535700
"""LingWae @ FQN9hzhzP_"" calls 80",2026-08-28T06:15:24.490Z,178789772449000
"""dick and balls @ gpP9uUffpu"" folds",2026-08-28T06:15:23.251Z,178789772325100
"""Harry = Fish @ kCN0-Qy2Mz"" folds",2026-08-28T06:15:22.309Z,178789772230900
"""Harry @ Q4OMcL0rqd"" raises to 80",2026-08-28T06:15:21.382Z,178789772138200
"""LingWae @ FQN9hzhzP_"" raises to 36",2026-08-28T06:15:16.292Z,178789771629200
"""dick and balls @ gpP9uUffpu"" posts a big blind of 10",2026-08-28T06:15:06.100Z,178789770610007
"""Harry = Fish @ kCN0-Qy2Mz"" posts a small blind of 5",2026-08-28T06:15:06.100Z,178789770610006
"Player stacks: #2 ""Harry = Fish @ kCN0-Qy2Mz"" (898) | #5 ""dick and balls @ gpP9uUffpu"" (817) | #8 ""LingWae @ FQN9hzhzP_"" (1494) | #10 ""Harry @ Q4OMcL0rqd"" (791)",2026-08-28T06:15:06.100Z,178789770610001
"-- starting hand #8 (id: wwkj6nwaf4rm)  No Limit Texas Hold'em (dealer: ""Harry @ Q4OMcL0rqd"") --",2026-08-28T06:15:06.100Z,178789770610000
"""LingWae @ FQN9hzhzP_"" shows a 8♣, 7♦.",2026-08-28T06:15:03.080Z,178789770308000
"-- ending hand #7 --",2026-08-28T06:15:02.385Z,178789770238502
"""Harry @ Q4OMcL0rqd"" collected 282 from pot",2026-08-28T06:15:02.385Z,178789770238501
"Uncalled bet of 100 returned to ""Harry @ Q4OMcL0rqd""",2026-08-28T06:15:02.385Z,178789770238500
"""LingWae @ FQN9hzhzP_"" folds",2026-08-28T06:15:01.483Z,178789770148300
"""Harry @ Q4OMcL0rqd"" bets 100",2026-08-28T06:14:59.429Z,178789769942900
"River: 9♦, 10♥, 2♠, 9♣ [A♠]",2026-08-28T06:14:55.275Z,178789769527500
"""dick and balls @ gpP9uUffpu"" folds",2026-08-28T06:14:54.401Z,178789769440100
"""Harry @ Q4OMcL0rqd"" calls 67",2026-08-28T06:14:52.565Z,178789769256500
"""LingWae @ FQN9hzhzP_"" bets 67",2026-08-28T06:14:45.822Z,178789768582200
"""dick and balls @ gpP9uUffpu"" checks",2026-08-28T06:14:43.075Z,178789768307500
"""Harry @ Q4OMcL0rqd"" checks",2026-08-28T06:14:42.144Z,178789768214400
"Turn: 9♦, 10♥, 2♠ [9♣]",2026-08-28T06:14:37.462Z,178789767746200
"""dick and balls @ gpP9uUffpu"" calls 36",2026-08-28T06:14:36.618Z,178789767661800
"""Harry = Fish @ kCN0-Qy2Mz"" folds",2026-08-28T06:14:35.659Z,178789767565900
"""Harry @ Q4OMcL0rqd"" calls 36",2026-08-28T06:14:34.350Z,178789767435000
"""LingWae @ FQN9hzhzP_"" bets 36",2026-08-28T06:14:29.785Z,178789766978500
"""dick and balls @ gpP9uUffpu"" checks",2026-08-28T06:14:24.093Z,178789766409300
"""Harry = Fish @ kCN0-Qy2Mz"" checks",2026-08-28T06:14:23.186Z,178789766318600
"""Harry @ Q4OMcL0rqd"" checks",2026-08-28T06:14:20.461Z,178789766046100
"Flop:  [9♦, 10♥, 2♠]",2026-08-28T06:14:17.512Z,178789765751200
"""Harry = Fish @ kCN0-Qy2Mz"" checks",2026-08-28T06:14:16.702Z,178789765670200
"""Harry @ Q4OMcL0rqd"" calls 10",2026-08-28T06:14:15.174Z,178789765517400
"""LingWae @ FQN9hzhzP_"" calls 10",2026-08-28T06:14:10.052Z,178789765005200
"""dick and balls @ gpP9uUffpu"" calls 10",2026-08-28T06:14:08.921Z,178789764892100
"""Harry = Fish @ kCN0-Qy2Mz"" posts a big blind of 10",2026-08-28T06:14:07.103Z,178789764710307
"""Harry @ Q4OMcL0rqd"" posts a small blind of 5",2026-08-28T06:14:07.103Z,178789764710306
"Player stacks: #2 ""Harry = Fish @ kCN0-Qy2Mz"" (908) | #5 ""dick and balls @ gpP9uUffpu"" (863) | #8 ""LingWae @ FQN9hzhzP_"" (1607) | #10 ""Harry @ Q4OMcL0rqd"" (622)",2026-08-28T06:14:07.103Z,178789764710301
"-- starting hand #7 (id: cih2lsykyiks)  No Limit Texas Hold'em (dealer: ""LingWae @ FQN9hzhzP_"") --",2026-08-28T06:14:07.103Z,178789764710300
"""Harry @ Q4OMcL0rqd"" shows a 3♠.",2026-08-28T06:14:04.169Z,178789764416900
"""Harry = Fish @ kCN0-Qy2Mz"" shows a J♣.",2026-08-28T06:14:02.402Z,178789764240200
"""LingWae @ FQN9hzhzP_"" shows a 8♦.",2026-08-28T06:14:02.097Z,178789764209700
"Undealt cards: 7♣, 5♥, 7♠, 2♣ [8♠]",2026-08-28T06:13:59.317Z,178789763931700
"-- ending hand #6 --",2026-08-28T06:13:59.074Z,178789763907402
"""Harry @ Q4OMcL0rqd"" collected 300 from pot",2026-08-28T06:13:59.074Z,178789763907401
"Uncalled bet of 100 returned to ""Harry @ Q4OMcL0rqd""",2026-08-28T06:13:59.074Z,178789763907400
"""dick and balls @ gpP9uUffpu"" folds",2026-08-28T06:13:58.169Z,178789763816900
"""Harry @ Q4OMcL0rqd"" bets 100",2026-08-28T06:13:56.247Z,178789763624700
"Turn: 7♣, 5♥, 7♠ [2♣]",2026-08-28T06:13:51.867Z,178789763186700
"""Harry = Fish @ kCN0-Qy2Mz"" folds",2026-08-28T06:13:50.984Z,178789763098400
"""Harry @ Q4OMcL0rqd"" calls 70",2026-08-28T06:13:49.455Z,178789762945500
"""LingWae @ FQN9hzhzP_"" folds",2026-08-28T06:13:44.636Z,178789762463600
"""dick and balls @ gpP9uUffpu"" raises to 70",2026-08-28T06:13:41.900Z,178789762190000
"""Harry = Fish @ kCN0-Qy2Mz"" calls 10",2026-08-28T06:13:39.269Z,178789761926900
"""Harry @ Q4OMcL0rqd"" calls 10",2026-08-28T06:13:37.877Z,178789761787700
"""LingWae @ FQN9hzhzP_"" bets 10",2026-08-28T06:13:34.139Z,178789761413900
"Flop:  [7♣, 5♥, 7♠]",2026-08-28T06:13:29.919Z,178789760991900
"""Harry @ Q4OMcL0rqd"" calls 35",2026-08-28T06:13:29.076Z,178789760907600
"""LingWae @ FQN9hzhzP_"" calls 35",2026-08-28T06:13:24.886Z,178789760488600
"""dick and balls @ gpP9uUffpu"" calls 35",2026-08-28T06:13:20.224Z,178789760022400
"""Harry = Fish @ kCN0-Qy2Mz"" raises to 35",2026-08-28T06:13:18.704Z,178789759870400
"""Harry @ Q4OMcL0rqd"" posts a big blind of 10",2026-08-28T06:13:13.654Z,178789759365407
"""LingWae @ FQN9hzhzP_"" posts a small blind of 5",2026-08-28T06:13:13.654Z,178789759365406
"Player stacks: #2 ""Harry = Fish @ kCN0-Qy2Mz"" (953) | #5 ""dick and balls @ gpP9uUffpu"" (968) | #8 ""LingWae @ FQN9hzhzP_"" (1652) | #10 ""Harry @ Q4OMcL0rqd"" (427)",2026-08-28T06:13:13.654Z,178789759365401
"-- starting hand #6 (id: eqiqnj66iefu)  No Limit Texas Hold'em (dealer: ""dick and balls @ gpP9uUffpu"") --",2026-08-28T06:13:13.654Z,178789759365400
"""Harry = Fish @ kCN0-Qy2Mz"" shows a 5♥.",2026-08-28T06:13:09.958Z,178789758995800
"Undealt cards:  [J♣, 4♥, 7♥, 5♦, 5♣]",2026-08-28T06:13:07.378Z,178789758737800
"-- ending hand #5 --",2026-08-28T06:13:06.994Z,178789758699402
"""LingWae @ FQN9hzhzP_"" collected 10 from pot",2026-08-28T06:13:06.994Z,178789758699401
"Uncalled bet of 5 returned to ""LingWae @ FQN9hzhzP_""",2026-08-28T06:13:06.994Z,178789758699400
"""dick and balls @ gpP9uUffpu"" folds",2026-08-28T06:13:06.170Z,178789758617000
"""Harry = Fish @ kCN0-Qy2Mz"" folds",2026-08-28T06:13:02.067Z,178789758206700
"""Harry @ Q4OMcL0rqd"" folds",2026-08-28T06:12:57.586Z,178789757758600
"""LingWae @ FQN9hzhzP_"" posts a big blind of 10",2026-08-28T06:12:50.231Z,178789757023107
"""dick and balls @ gpP9uUffpu"" posts a small blind of 5",2026-08-28T06:12:50.231Z,178789757023106
"Player stacks: #2 ""Harry = Fish @ kCN0-Qy2Mz"" (953) | #5 ""dick and balls @ gpP9uUffpu"" (973) | #8 ""LingWae @ FQN9hzhzP_"" (1647) | #10 ""Harry @ Q4OMcL0rqd"" (427)",2026-08-28T06:12:50.231Z,178789757023101
"-- starting hand #5 (id: 79udqno9gq9t)  No Limit Texas Hold'em (dealer: ""Harry = Fish @ kCN0-Qy2Mz"") --",2026-08-28T06:12:50.231Z,178789757023100
"-- ending hand #4 --",2026-08-28T06:12:44.172Z,178789756417204
"""LingWae @ FQN9hzhzP_"" collected 1647 from pot with Straight, 5 High (combination: A♥, 2♦, 3♠, 4♠, 5♦)",2026-08-28T06:12:44.172Z,178789756417203
"""LingWae @ FQN9hzhzP_"" shows a A♥, 4♠.",2026-08-28T06:12:44.172Z,178789756417202
"""Harry @ Q4OMcL0rqd"" shows a 9♠, 5♣.",2026-08-28T06:12:44.172Z,178789756417201
"Uncalled bet of 427 returned to ""Harry @ Q4OMcL0rqd""",2026-08-28T06:12:44.172Z,178789756417200
"""LingWae @ FQN9hzhzP_"" calls 563 and go all in",2026-08-28T06:12:43.274Z,178789756327400
"""Harry @ Q4OMcL0rqd"" raises to 990 and go all in",2026-08-28T06:12:38.753Z,178789755875300
"""LingWae @ FQN9hzhzP_"" bets 390",2026-08-28T06:12:35.302Z,178789755530200
"River: 7♦, 5♦, 3♠, 2♦ [9♥]",2026-08-28T06:12:31.164Z,178789755116400
"""Harry @ Q4OMcL0rqd"" calls 156",2026-08-28T06:12:30.352Z,178789755035200
"""LingWae @ FQN9hzhzP_"" bets 156",2026-08-28T06:12:07.496Z,178789752749600
"Turn: 7♦, 5♦, 3♠ [2♦]",2026-08-28T06:12:01.094Z,178789752109400
"""Harry @ Q4OMcL0rqd"" calls 67",2026-08-28T06:12:00.258Z,178789752025800
"""LingWae @ FQN9hzhzP_"" bets 67",2026-08-28T06:11:56.624Z,178789751662400
"Flop:  [7♦, 5♦, 3♠]",2026-08-28T06:11:48.170Z,178789750817000
"""LingWae @ FQN9hzhzP_"" calls 30",2026-08-28T06:11:47.312Z,178789750731200
"""dick and balls @ gpP9uUffpu"" folds",2026-08-28T06:11:44.944Z,178789750494400
"""Harry = Fish @ kCN0-Qy2Mz"" folds",2026-08-28T06:11:43.078Z,178789750307800
"""Harry @ Q4OMcL0rqd"" raises to 30",2026-08-28T06:11:41.866Z,178789750186600
"""LingWae @ FQN9hzhzP_"" calls 10",2026-08-28T06:11:34.772Z,178789749477200
"""dick and balls @ gpP9uUffpu"" posts a big blind of 10",2026-08-28T06:11:28.680Z,178789748868007
"""Harry = Fish @ kCN0-Qy2Mz"" posts a small blind of 5",2026-08-28T06:11:28.680Z,178789748868006
"Player stacks: #2 ""Harry = Fish @ kCN0-Qy2Mz"" (958) | #5 ""dick and balls @ gpP9uUffpu"" (983) | #8 ""LingWae @ FQN9hzhzP_"" (816) | #10 ""Harry @ Q4OMcL0rqd"" (1243)",2026-08-28T06:11:28.680Z,178789748868001
"-- starting hand #4 (id: gvoqczk7jnru)  No Limit Texas Hold'em (dealer: ""Harry @ Q4OMcL0rqd"") --",2026-08-28T06:11:28.680Z,178789748868000
"""Harry = Fish @ kCN0-Qy2Mz"" shows a 5♦.",2026-08-28T06:11:27.551Z,178789748755100
"-- ending hand #3 --",2026-08-28T06:11:25.061Z,178789748506102
"""dick and balls @ gpP9uUffpu"" collected 402 from pot",2026-08-28T06:11:25.061Z,178789748506101
"Uncalled bet of 581 returned to ""dick and balls @ gpP9uUffpu""",2026-08-28T06:11:25.061Z,178789748506100
"""LingWae @ FQN9hzhzP_"" folds",2026-08-28T06:11:24.176Z,178789748417600
"""dick and balls @ gpP9uUffpu"" bets 581 and go all in",2026-08-28T06:11:22.350Z,178789748235000
"River: 7♥, 2♦, 4♣, Q♦ [10♠]",2026-08-28T06:11:20.556Z,178789748055600
"""LingWae @ FQN9hzhzP_"" checks",2026-08-28T06:11:19.702Z,178789747970200
"""dick and balls @ gpP9uUffpu"" checks",2026-08-28T06:11:17.126Z,178789747712600
"Turn: 7♥, 2♦, 4♣ [Q♦]",2026-08-28T06:11:15.953Z,178789747595300
"""dick and balls @ gpP9uUffpu"" calls 67",2026-08-28T06:11:15.109Z,178789747510900
"""Harry = Fish @ kCN0-Qy2Mz"" folds",2026-08-28T06:11:13.238Z,178789747323800
"""Harry @ Q4OMcL0rqd"" folds",2026-08-28T06:11:11.934Z,178789747193400
"""LingWae @ FQN9hzhzP_"" bets 67",2026-08-28T06:11:09.582Z,178789746958200
"""dick and balls @ gpP9uUffpu"" checks",2026-08-28T06:11:05.478Z,178789746547800
"""Harry = Fish @ kCN0-Qy2Mz"" checks",2026-08-28T06:11:03.583Z,178789746358300
"""Harry @ Q4OMcL0rqd"" checks",2026-08-28T06:11:01.953Z,178789746195300
"Flop:  [7♥, 2♦, 4♣]",2026-08-28T06:10:57.081Z,178789745708100
"""dick and balls @ gpP9uUffpu"" calls 67",2026-08-28T06:10:56.191Z,178789745619100
"""Harry = Fish @ kCN0-Qy2Mz"" calls 67",2026-08-28T06:10:55.239Z,178789745523900
"""Harry @ Q4OMcL0rqd"" calls 67",2026-08-28T06:10:52.228Z,178789745222800
"""LingWae @ FQN9hzhzP_"" raises to 67",2026-08-28T06:10:46.865Z,178789744686500
"""dick and balls @ gpP9uUffpu"" raises to 30",2026-08-28T06:10:40.010Z,178789744001000
"""Harry = Fish @ kCN0-Qy2Mz"" posts a big blind of 10",2026-08-28T06:10:37.294Z,178789743729407
"""Harry @ Q4OMcL0rqd"" posts a small blind of 5",2026-08-28T06:10:37.294Z,178789743729406
"Player stacks: #2 ""Harry = Fish @ kCN0-Qy2Mz"" (1025) | #5 ""dick and balls @ gpP9uUffpu"" (715) | #8 ""LingWae @ FQN9hzhzP_"" (950) | #10 ""Harry @ Q4OMcL0rqd"" (1310)",2026-08-28T06:10:37.294Z,178789743729401
"-- starting hand #3 (id: mv9kotxmfrdl)  No Limit Texas Hold'em (dealer: ""LingWae @ FQN9hzhzP_"") --",2026-08-28T06:10:37.294Z,178789743729400
"-- ending hand #2 --",2026-08-28T06:10:31.266Z,178789743126603
"""Harry @ Q4OMcL0rqd"" collected 600 from pot with Two Pair, A's & K's (combination: 10♥, K♥, K♦, A♣, A♠)",2026-08-28T06:10:31.266Z,178789743126602
"""Harry @ Q4OMcL0rqd"" shows a 8♦, A♣.",2026-08-28T06:10:31.266Z,178789743126601
"""dick and balls @ gpP9uUffpu"" shows a 2♥, 9♥.",2026-08-28T06:10:31.266Z,178789743126600
"""Harry @ Q4OMcL0rqd"" calls 90",2026-08-28T06:10:30.425Z,178789743042500
"""dick and balls @ gpP9uUffpu"" bets 90",2026-08-28T06:10:16.198Z,178789741619800
"""Harry @ Q4OMcL0rqd"" checks",2026-08-28T06:10:13.295Z,178789741329500
"River: K♥, K♦, A♠, 10♥ [4♠]",2026-08-28T06:10:11.650Z,178789741165000
"""dick and balls @ gpP9uUffpu"" calls 70",2026-08-28T06:10:10.805Z,178789741080500
"""Harry @ Q4OMcL0rqd"" bets 70",2026-08-28T06:10:09.846Z,178789740984600
"Turn: K♥, K♦, A♠ [10♥]",2026-08-28T06:10:02.535Z,178789740253500
"""Harry @ Q4OMcL0rqd"" calls 90",2026-08-28T06:10:01.462Z,178789740146200
"""LingWae @ FQN9hzhzP_"" folds",2026-08-28T06:09:54.881Z,178789739488100
"""dick and balls @ gpP9uUffpu"" raises to 90",2026-08-28T06:09:53.331Z,178789739333100
"""Harry @ Q4OMcL0rqd"" raises to 30",2026-08-28T06:09:50.621Z,178789739062100
"""LingWae @ FQN9hzhzP_"" bets 10",2026-08-28T06:09:45.615Z,178789738561500
"Flop:  [K♥, K♦, A♠]",2026-08-28T06:09:40.674Z,178789738067400
"""Harry @ Q4OMcL0rqd"" calls 30",2026-08-28T06:09:39.845Z,178789737984500
"""LingWae @ FQN9hzhzP_"" calls 30",2026-08-28T06:09:29.684Z,178789736968400
"""dick and balls @ gpP9uUffpu"" raises to 30",2026-08-28T06:09:27.929Z,178789736792900
"""Harry = Fish @ kCN0-Qy2Mz"" folds",2026-08-28T06:09:25.999Z,178789736599900
"""Harry @ Q4OMcL0rqd"" posts a big blind of 10",2026-08-28T06:09:23.401Z,178789736340107
"""LingWae @ FQN9hzhzP_"" posts a small blind of 5",2026-08-28T06:09:23.401Z,178789736340106
"Your hand is 2♥, 9♥",2026-08-28T06:09:23.401Z,178789736340103
"Player stacks: #2 ""Harry = Fish @ kCN0-Qy2Mz"" (1025) | #5 ""dick and balls @ gpP9uUffpu"" (995) | #8 ""LingWae @ FQN9hzhzP_"" (990) | #10 ""Harry @ Q4OMcL0rqd"" (990)",2026-08-28T06:09:23.401Z,178789736340101
"-- starting hand #2 (id: xnnx4siyabul)  No Limit Texas Hold'em (dealer: ""dick and balls @ gpP9uUffpu"") --",2026-08-28T06:09:23.401Z,178789736340100
"""Harry = Fish @ kCN0-Qy2Mz"" shows a K♥.",2026-08-28T06:09:21.771Z,178789736177100
"""Harry @ Q4OMcL0rqd"" shows a 2♠.",2026-08-28T06:09:20.162Z,178789736016200
"""LingWae @ FQN9hzhzP_"" shows a 9♦, 5♣.",2026-08-28T06:09:19.223Z,178789735922300
"Undealt cards:  [J♥, 8♦, 6♣, 5♥, J♠]",2026-08-28T06:09:16.996Z,178789735699600
"-- ending hand #1 --",2026-08-28T06:09:15.387Z,178789735538702
"""Harry = Fish @ kCN0-Qy2Mz"" collected 35 from pot",2026-08-28T06:09:15.387Z,178789735538701
"Uncalled bet of 26 returned to ""Harry = Fish @ kCN0-Qy2Mz""",2026-08-28T06:09:15.387Z,178789735538700
"""Harry @ Q4OMcL0rqd"" folds",2026-08-28T06:09:14.503Z,178789735450300
"""LingWae @ FQN9hzhzP_"" folds",2026-08-28T06:09:13.324Z,178789735332400
"""dick and balls @ gpP9uUffpu"" folds",2026-08-28T06:09:06.768Z,178789734676800
"""Harry = Fish @ kCN0-Qy2Mz"" raises to 36",2026-08-28T06:09:05.740Z,178789734574000
"""Harry @ Q4OMcL0rqd"" calls 10",2026-08-28T06:08:59.537Z,178789733953700
"""LingWae @ FQN9hzhzP_"" posts a big blind of 10",2026-08-28T06:08:55.556Z,178789733555611
"""dick and balls @ gpP9uUffpu"" posts a small blind of 5",2026-08-28T06:08:55.556Z,178789733555610
"Player stacks: #2 ""Harry = Fish @ kCN0-Qy2Mz"" (1000) | #5 ""dick and balls @ gpP9uUffpu"" (1000) | #8 ""LingWae @ FQN9hzhzP_"" (1000) | #10 ""Harry @ Q4OMcL0rqd"" (1000)",2026-08-28T06:08:55.556Z,178789733555605
"The player ""Harry @ Q4OMcL0rqd"" joined the game with a stack of 1000.",2026-08-28T06:08:55.556Z,178789733555604
"The player ""LingWae @ FQN9hzhzP_"" joined the game with a stack of 1000.",2026-08-28T06:08:55.556Z,178789733555603
"The player ""dick and balls @ gpP9uUffpu"" joined the game with a stack of 1000.",2026-08-28T06:08:55.556Z,178789733555602
"The player ""Harry = Fish @ kCN0-Qy2Mz"" joined the game with a stack of 1000.",2026-08-28T06:08:55.556Z,178789733555601
"-- starting hand #1 (id: 1arrcq8dwnse)  No Limit Texas Hold'em (dealer: ""Harry = Fish @ kCN0-Qy2Mz"") --",2026-08-28T06:08:55.556Z,178789733555600
"The game's big blind was changed from 20 to 10.",2026-08-28T06:08:46.672Z,178789732667201
"Game Config Changes
* Blind Schedule: L1: 5/20 » L1: 5/10
* Restart Blind Schedule at Level: none » 1",2026-08-28T06:08:46.672Z,178789732667200
"The game's ante was changed from 0 to 0.",2026-08-28T06:08:43.975Z,178789732397502
"The game's small blind was changed from 10 to 5.",2026-08-28T06:08:43.975Z,178789732397501
"Game Config Changes
* Blind Schedule: L1: 10/20 » L1: 5/20
* Restart Blind Schedule at Level: none » 1",2026-08-28T06:08:43.975Z,178789732397500
"Game Config Changes
* Allow Rebuy: off » on",2026-08-28T06:08:35.523Z,178789731552300
"Game Config Changes
* 7-2 bounty: 50 » 30",2026-08-28T06:08:26.456Z,178789730645600
"Game Config Changes
* 7-2 bounty: 100 » 50",2026-08-28T06:08:06.054Z,178789728605400
"Game Config Changes
* Allow Straddle: off » on
* Nit Minimum Players: off » 3
* Allow Rebuy: off » off
* Rabbit Hunt: off » on
* Allow Run it Twice: no » ask players
* 7-2 bounty: off » 100",2026-08-28T06:07:52.508Z,178789727250800
"The admin approved the player ""dick and balls @ gpP9uUffpu"" participation with a stack of 1000.",2026-08-28T06:06:31.245Z,178789719124500
"The player ""dick and balls @ gpP9uUffpu"" requested a seat.",2026-08-28T06:06:29.725Z,178789718972500
"The admin approved the player ""Harry @ Q4OMcL0rqd"" participation with a stack of 1000.",2026-08-28T06:05:52.606Z,178789715260600
"The admin approved the player ""Harry = Fish @ kCN0-Qy2Mz"" participation with a stack of 1000.",2026-08-28T06:05:49.524Z,178789714952400
"The player ""Harry @ Q4OMcL0rqd"" requested a seat.",2026-08-28T06:05:40.312Z,178789714031200
"The player ""Harry = Fish @ kCN0-Qy2Mz"" requested a seat.",2026-08-28T06:05:37.819Z,178789713781900
"The admin approved the player ""LingWae @ FQN9hzhzP_"" participation with a stack of 1000.",2026-08-28T06:05:02.310Z,178789710231001
"The player ""LingWae @ FQN9hzhzP_"" requested a seat.",2026-08-28T06:05:02.310Z,178789710231000
